cnpj_basico,cnpj_ordem,matriz_filial,nome_fantasia,situacao,data_situacao,data_inicio,uf,municipio_codigo
13741054,0001,1,KORU PILATES,02,20110527,20110527,SP,7107
16101143,0001,1,STUDIO VIS,08,20170306,20120704,SC,8105
08289341,0002,2,ACADEMIA FEMALE,08,20140115,20120604,GO,9373
07681692,0002,2,ACADEMIA HOTACAO,08,20210503,20120709,PE,2443
16384639,0001,1,ESTACAO MED FITNESS,02,20120702,20120702,MA,0733
10547949,0001,1,CARDIO TRAINING,04,20260526,20081218,SP,6469
16435314,0001,1,ACADEMIA VALTER FITNESS,08,20180726,20120702,SP,6403
16445436,0001,1,,08,20170731,20120712,RS,8845
16493674,0001,1,ACADEMIA BEM ESTAR,08,20191101,20120716,SP,7151
16499441,0001,1,MEDIDA CERTA,08,20180727,20120614,MG,4123
16502477,0001,1,GF PERSONAL TRAINER,08,20140429,20120717,MG,4123
16505643,0001,1,,04,20240808,20120618,PR,7535
16513831,0001,1,BIOLAB,08,20211001,20120717,RJ,6001
16514782,0001,1,,08,20180328,20120718,SP,6621
16527024,0001,1,PLENY SAUDE INTEGRATIVA,02,20250218,20120719,AM,0255
16529603,0001,1,ACADEMIA ESPACO CORPORAL,02,20120719,20120719,PE,2457
16530530,0001,1,HIDRO SOLAR,02,20120719,20120719,MG,4989
16541219,0001,1,TEDY FITNESS & CIA,04,20220607,20120720,BA,3413
10910478,0001,1,CAPAO FIT,04,20190301,20090601,SP,7107
16575711,0001,1,ESPACO EXCLUSIVE,08,20190424,20120726,SP,6547
16577019,0001,1,ACADEMIA CORPO E MENTE,08,20210208,20120725,AL,2741
16577380,0001,1,,08,20151130,20120726,MG,4625
16579801,0001,1,,08,20180327,20120726,SP,6251
13870685,0002,2,ACADEMIA BOA FORMA,08,20230307,20120720,MT,9067
16584602,0001,1,STUDIO PERSONAL I9,04,20260515,20120726,BA,3781
16613815,0001,1,,04,20181205,20120801,RO,0003
16615956,0001,1,,02,20120713,20120713,SP,6821
16616579,0001,1,RAZAO DO CORPO,02,20120801,20120801,MG,4133
16628782,0001,1,,02,20120801,20120801,ES,5625
16636801,0001,1,PRIME LIFE GESTAO EM SAUDE E BEM ESTAR,08,20220805,20120805,SP,7107
16644964,0001,1,ACADEMIA KORMANN FITNESS,02,20120730,20120730,MT,9067
16650944,0001,1,ACADEMIA VASCO NETO,02,20120801,20120801,DF,9701
16538978,0001,1,ACADEMIA ATP ESPORTES,08,20250603,20120720,GO,9221
16661085,0001,1,,08,20150925,20120808,SP,6619
16675467,0001,1,,02,20120810,20120810,SP,6291
16685982,0001,1,ACADEMIA VIKING,04,20180904,20120813,MG,4123
16690649,0001,1,PODHIUM ESTETICA E FITINESS,08,20250324,20120814,PE,2531
13281107,0001,1,ACADEMIA PRIMEIRA OPCAO,08,20251008,20110120,SP,6921
16715018,0001,1,STUDIO PERSONAL,04,20210406,20120809,SP,6241
16716170,0001,1,GARDENFIT ACADEMIA MORATO LTDA - ME,04,20190227,20120727,SP,6427
16717310,0001,1,,02,20120817,20120817,BA,3849
12964690,0001,1,DARLLY SPORT FITNESS,04,20190326,20101206,RN,1761
16722660,0001,1,,08,20160801,20120820,MS,9073
16724872,0001,1,FFS ACADEMIA,02,20241206,20120725,SP,6377
16725635,0001,1,A & D FISIOTERAPIA E EDUCACAO FISICA,03,20150126,20120723,RN,1761
16732031,0001,1,DYNAMIC TEAM,02,20120821,20120821,PR,7691
08663334,0001,1,,08,20130829,20070206,RS,8577
08691637,0001,1,ACADEMIA OURO PRETO FITNESS,08,20220330,20070215,MG,4123
08698593,0001,1,ACADEMIA COLISEU,08,20170901,20070308,SE,3105
10901129,0001,1,,02,20090515,20090515,RS,8785
16763703,0001,1,,04,20260512,20120827,CE,1569
12071527,0001,1,,08,20120320,20100610,SP,7097
10237958,0001,1,,02,20080611,20080611,SP,7107
08730128,0001,1,ESPACO MANIA,02,20070321,20070321,MG,4123
16763917,0001,1,,08,20160817,20120827,SP,7089
12112359,0001,1,,02,20100621,20100621,MG,5419
08765728,0001,1,EQUIPE - ACADEMIA,08,20150209,20070321,RS,8791
13419705,0001,1,ALLGYM SERVICOS EM GINASTICA,08,20170426,20110325,SC,8091
14620993,0001,1,STUDIO PRO-SAUDE FITNESS,02,20111026,20111026,RS,8541
10368167,0001,1,ACADEMIA PHD,08,20230223,20080904,SP,6221
14760547,0001,1,ACADEMIA WORKING,08,20230104,20111213,MS,9051
13649378,0001,1,,08,20150401,20110516,RS,8801
12431296,0001,1,CROSS KIDS E TEENS,02,20100823,20100823,PI,1219
11140475,0001,1,WENDELL FORM,08,20240429,20090915,SE,3103
12475316,0001,1,ACADEMIA HULK,04,20210407,20100901,BA,3849
16710904,0001,1,ESPACO PILATES,08,20221117,20120816,BA,3901
12536704,0001,1,REFORCE FITNESS ACADEMIA,02,20100915,20100915,RS,8785
08946056,0001,1,POWER FIT,04,20260513,20070717,RS,8877
11192649,0001,1,ACADEMIA FEMINA,08,20130426,20091002,GO,9373
08979286,0001,1,ACADEMIA LS,08,20150528,20070726,RS,8801
08997692,0001,1,COMMANDO FITNESS IV,08,20160530,20070518,SP,7107
20467187,0001,1,FIT TOP ACADEMIA,08,20150820,20140313,SC,8233
15403633,0001,1,ACADEMIA SPACE CORPUS,08,20191219,20120420,MG,4865
12908205,0001,1,ACADEMIA SUPER TREINO,08,20120322,20101122,MG,4123
10620280,0001,1,,08,20230103,20090123,SP,7107
09195734,0001,1,PLANETA CORPO ACADEMIA DE MUSCULACAO LTDA,04,20181030,20071025,RS,8801
09219801,0001,1,,08,20090903,20071031,SP,7099
11572293,0001,1,PERFORMANCE AVALIACAO FISICA E TREINAMENTO,08,20220707,20100212,PI,1219
11609232,0001,1,ACADEMIA ALTERNATIVA,08,20130326,20100217,SP,6221
09247632,0001,1,ACADEMIA DU CORPO,02,20071210,20071210,RJ,5829
09268720,0001,1,ACADEMIA BRASIL FITNESS,04,20190321,20071218,PR,7667
10788940,0001,1,ACADEMIA L1,04,20181025,20090427,PE,2531
10804424,0001,1,NEW FORM'S ACADEMIA,08,20171121,20090507,GO,9373
09315951,0001,1,,08,20140321,20080122,RS,8801
10853642,0001,1,SPORT SAUDE,08,20190718,20090518,RJ,5817
11868243,0001,1,ACADEMIA BIOCORPUS,08,20260219,20100427,MG,5415
09455675,0001,1,IMPACTO ACADEMIA,08,20110303,20080331,SP,6277
08408219,0001,1,ORIENTE ACADEMIA ARTES MARCIAIS,08,20090828,20061031,RS,8801
08587085,0001,1,,02,20061221,20061221,RJ,6001
09591704,0001,1,BIOLABOR,08,20160412,20080603,BA,3849
16769753,0001,1,ACADEMIA ATENAS,04,20210223,20120828,RO,0009
16777221,0001,1,MOVIMENTACAO,08,20150209,20120821,SE,3135
08439842,0001,1,,08,20110824,20061106,SP,6271
13160341,0002,2,VADICO SCIPIONI PILATES,08,20200819,20120625,SP,6203
16807522,0001,1,,02,20120830,20120830,SP,6219
16807663,0001,1,NEW FITNESS ACADEMIA,02,20120905,20120905,SP,7183
16812244,0001,1,TOP SHAPE FITNESS ACADEMIA,08,20250318,20120906,MG,4601
16825350,0001,1,,08,20180228,20120910,BA,3359
16826493,0001,1,AUTHENTIC,08,20200619,20120911,MG,4123
08726868,0001,1,ESPACO QUALIVIDA,02,20070323,20070323,SP,7107
16828757,0001,1,ACADEMIA CUNHA FITNESS,08,20180706,20120904,DF,9701
16834960,0001,1,,08,20160630,20120725,SP,7075
16835042,0001,1,,04,20210416,20120912,MG,4123
16836588,0001,1,EMPORIO DO CORPO,08,20230712,20120912,MS,9057
16843791,0001,1,,08,20150401,20120913,RJ,0786
10472913,0001,1,,08,20180425,20081103,SP,7145
16852018,0001,1,START FITNESS NATAL,08,20210713,20120914,RN,1761
10653047,0002,2,,08,20220912,20120911,SP,7089
16852904,0001,1,STUDIO CLAFA PILATES,02,20120831,20120831,SP,7121
16860729,0001,1,CORPO & CIA EVOLUTION,04,20260518,20120913,RJ,6001
16868865,0001,1,ACADEMIA CORPO E FORMA,04,20190125,20120918,RO,0047
16873498,0001,1,,08,20141205,20120919,SC,8105
95143020,0002,2,CENTRO FISICO CORPUS,08,20150702,20120919,RS,8683
13919827,0001,1,ACADEMIA SPORTS,08,20231023,20110630,MG,4031
16886452,0001,1,TOP FITINESS,08,20141029,20120906,SE,3105
16888817,0001,1,REFISIO REABILITACAO FISIOTERAPEUTICA,04,20260526,20120920,PB,2051
16891563,0001,1,ACADEMIA SENA,08,20190212,20120921,MT,9083
16891578,0001,1,PILATES DANUZA MONTORO,08,20260428,20120913,SP,7107
16896484,0001,1,LIVRE ESPOTE,02,20120924,20120924,PE,2457
11738389,0001,1,CARLA B STUDIO DE PILATES E FISIOTERAPIA,04,20260526,20100322,SP,7057
16898083,0001,1,IMPACTO CROSS,02,20120914,20120914,SP,6619
16901095,0001,1,EXPLODE,08,20220523,20120924,RN,1681
06964296,0002,2,COLISEU SOCCER,04,20260514,20120925,PA,0427
16906696,0001,1,CENTRO DE ATIVIDADES FISICAS,02,20120925,20120925,PB,1965
16907629,0001,1,ACADEMIA TOP GYM,02,20120914,20120914,SP,6249
16804575,0001,1,KI ESPORTES,08,20180827,20120808,SP,7075
12433482,0001,1,ACADEMIA OLIMPIA,02,20100824,20100824,GO,9373
16914799,0001,1,SAVIO ACADEMIA,08,20180316,20120914,CE,1389
11349025,0001,1,,08,20120926,20091110,SP,7107
16933862,0001,1,HIGH,02,20120928,20120928,RO,0003
11553301,0001,1,VIVA ACADEMIA,08,20190812,20100210,MG,4889
16940567,0001,1,PERSONAL LIFE,02,20121002,20121002,MG,4917
16948942,0001,1,POSTURE STUDIO PILATES,04,20210225,20120917,RS,8791
16960980,0001,1,RIO FIT WELLNESS CENTER,02,20120830,20120830,RJ,6001
16962379,0001,1,,08,20151223,20120928,SP,7145
07037136,0002,2,JH - FLASH,02,20121001,20121001,SE,3105
16965369,0001,1,ACADEMIA OPCAO,04,20181107,20121004,RN,1761
16975940,0001,1,,02,20121008,20121008,PR,7571
16982379,0001,1,CALI'S ACADEMIA,02,20120924,20120924,SP,6477
16982756,0001,1,ESPACO NEO,08,20170629,20121009,MG,4123
13098960,0002,2,STUDIO PILATES CORPO & SAUDE,08,20180627,20120926,RS,8801
16987074,0001,1,ACADEMIA CORPO EM MOVIMENTO,08,20211005,20121010,SE,3195
11187633,0001,1,ACADEMIA BIG FORM,02,20240830,20090928,SP,7149
16993538,0001,1,,08,20250117,20120910,SP,6619
16993621,0001,1,,02,20121011,20121011,RJ,6001
16995436,0001,1,BEM ESTAR ACADEMIA,04,20210326,20121002,SP,7151
17001151,0001,1,,08,20170526,20121015,MG,4387
17001734,0001,1,ACADEMIA BEM ESTAR,04,20231110,20121011,BA,3637
17002449,0001,1,,08,20201119,20120808,SP,7071
06893178,0002,2,ACADEMIA DE HIDROGINASTICA E NATACAO SPEED POWER'S,02,20121005,20121005,MG,4815
17005056,0001,1,CWB DEFENSE,02,20120903,20120903,PR,7535
17005917,0001,1,EVOLUTION ACADEMIA,04,20260519,20121015,MG,4857
10890103,0001,1,,08,20200730,20090605,PR,7535
16814957,0001,1,,08,20220204,20120820,SP,6875
17028541,0001,1,HYDROFITNES,02,20121005,20121005,MT,8985
17033050,0001,1,FATHA ASSESSORIA,08,20141013,20120928,SP,7071
17036653,0001,1,MG ACADEMIA,02,20121019,20121019,CE,1389
17044113,0001,1,MOVIMENTO E SAUDE,04,20210407,20121022,BA,3397
17048482,0001,1,ACADEMIA TOTAL FITNESS,04,20260515,20121023,BA,3573
17050502,0001,1,ACADEMIA BACURAU,08,20141117,20121001,SP,6477
17057400,0001,1,ESPACO CORPO EM MOVIMENTO,02,20121011,20121011,MA,0757
17061863,0001,1,ESPACO EQUILIBRIO,02,20121022,20121022,PR,7971
20529456,0001,1,,08,20170207,20140701,PR,7701
17063123,0001,1,,08,20200316,20121001,PR,7513
17075509,0001,1,,04,20220208,20121026,RO,0006
17086721,0001,1,,08,20180201,20121030,SP,7273
17087923,0001,1,ARTE SUAVE FITNESS,08,20161206,20121030,SE,3105
06201566,0002,2,R M SANTOS SOUSA,08,20151125,20121030,PI,1219
17091736,0001,1,ESSENCIAL STUDIO PILATES,08,20171201,20121029,MG,4865
17093805,0001,1,,08,20140409,20121002,RS,8815
17097406,0001,1,DUARTE FITNESS,08,20131106,20120827,CE,1405
17104422,0001,1,VICTOR S FORMA,08,20200901,20121101,PB,2051
17110179,0001,1,STUDIO DE ATIVIDADES FISICAS BETELI,08,20130321,20121005,SP,6619
17112650,0001,1,AKEMI TERAPIAS ALTERNATIVAS,08,20160719,20121101,RS,8801
17047522,0002,2,ACADEMIAS TOP LIFE,08,20150618,20121022,AM,0255
16738149,0003,2,,02,20121025,20121025,SP,6219
17130528,0001,1,ACADEMIA MEGA FITNESS,08,20240221,20121107,BA,3887
17033274,0001,1,ACADEMIA BRAVUS FITNESS,08,20121106,20121011,GO,1066
17143738,0001,1,ACADEMIA DE HIDROGINASTICA E NATACAO ZAMBELLI,08,20140902,20121108,ES,5699
17145270,0001,1,RW ASSESSORIA DE CORRIDA,04,20260528,20121109,SP,6589
17148170,0001,1,STUDIO TREINO 1,08,20150224,20121109,CE,1447
17163256,0001,1,ARENA EQUADOR,02,20121114,20121114,PE,2531
17166698,0001,1,,02,20210811,20121112,SP,6795
17166964,0001,1,FITNESS CLUB,08,20170706,20121113,ES,5663
17168509,0001,1,BIO HARMONY STUDIO,02,20121010,20121010,SP,7107
17171337,0001,1,CESAR AUGUSTO BARCELLOS RODRIGUES,08,20190107,20120531,RS,8791
17177995,0001,1,,08,20150826,20121119,RN,1761
12551199,0001,1,,08,20141111,20100917,MG,4123
17183722,0001,1,NATHALIA ERVELYN STUDIO PILATES,02,20121113,20121113,MA,0879
17192919,0001,1,,02,20220509,20121121,MA,0921
17193438,0001,1,AC FITNESS,08,20160406,20121120,AL,2785
17200115,0001,1,,08,20140604,20121122,SP,7107
17200382,0001,1,PEDRO LOPES PERSONAL TRAINING,02,20121122,20121122,SP,7107
17210128,0001,1,SUPER TREINO ACADEMIA,02,20121109,20121109,PI,1219
17210780,0001,1,ACADEMIA BOA FORMA,08,20230814,20121122,RN,1671
08723671,0002,2,,02,20140616,20140616,RJ,6001
17227041,0001,1,RESPIRE PILATES,02,20121108,20121108,RS,8801
17234338,0001,1,MOTRIS STUDIO DE PILATES,08,20190214,20121130,SC,8071
17236455,0001,1,PERFORMANCE ACADEMIA,08,20140618,20121122,CE,1367
17237416,0001,1,HM. ACADEMIA,08,20220606,20121108,SP,7107
12443896,0001,1,UNBOX SOLUCOES EM SAUDE,02,20100826,20100826,MG,4123
17261053,0001,1,TERAPIAS ALTERNATIVAS INTEGRATIVAS,04,20210316,20121205,RJ,5867
16953065,0001,1,GYM EXTREME,04,20210415,20120924,SP,6969
16631576,0001,1,PRIME FITNESS,08,20150612,20120803,GO,9373
17263192,0001,1,,04,20201029,20121029,RJ,6001
17264695,0001,1,ACADEMIA FORMA FISICA,08,20230203,20121113,SE,3131
16562341,0001,1,,02,20260226,20120724,MG,4321
11462655,0001,1,RUNNER NATAL,04,20210423,20091229,RN,1761
17289576,0001,1,,04,20190104,20121207,SP,7113
17293041,0001,1,SOLLOS FITINESS,08,20190318,20121212,GO,9373
17294645,0001,1,ESPACO CORPORAL,08,20160725,20121211,RS,8967
17296267,0001,1,,08,20191203,20121211,SP,7145
17296837,0001,1,ACADEMIA RADAN II,08,20200921,20121101,SP,7107
12140311,0002,1,,02,20121210,20121210,SP,6867
17301843,0001,1,CTF BIOLIFE,04,20260528,20121210,SP,6945
17309662,0001,1,CORPO EM HARMONIA,02,20121217,20121217,MG,5413
17310986,0001,1,ACADEMIA PAIS E FILHAS,04,20231107,20121212,RN,1681
14598821,0002,2,STUDIO WELLNESS FIT PILATES & PERSONAL,08,20140227,20120224,DF,9701
17319008,0001,1,ACADEMIA MAIS SAUDE,08,20241216,20121217,BA,3487
17325842,0001,1,,08,20160609,20121128,SP,6475
17326768,0001,1,,08,20201008,20121126,SP,7107
17336424,0001,1,,02,20121206,20121206,SP,7107
17339352,0001,1,CRIS MELO ACADEMIA,08,20191205,20121214,PI,1219
17341432,0001,1,ACADEMIA HARDCORE FITNESS,08,20240313,20121227,AM,0255
17346068,0001,1,CROSS VALENTE,08,20211026,20121229,BA,3965
17348885,0001,1,,08,20171019,20121212,RJ,6001
17352166,0001,1,NEW FIT PILATES E ESTETICA,02,20130103,20130103,MG,5401
17354098,0001,1,ESTUDIO SIMAO,08,20170215,20130103,MG,5403
17359543,0001,1,ACADEMIA ATHLETIC,04,20260513,20130103,MA,0769
16920893,0002,2,,04,20210224,20130104,PE,2401
17368403,0001,1,ACADEMIA MOVIMENTO EM VIDA.,08,20191220,20121122,SP,7107
17369397,0001,1,UM. PERSONAL STUDIO,02,20130108,20130108,SP,6175
17370525,0001,1,PERSONAL FITNESS ACADEMIA,08,20140902,20121227,RS,8689
17373906,0001,1,ESPACO QUALIVITA,08,20201204,20130107,RS,8801
17382062,0001,1,QUARTETO ACADEMIA,04,20190116,20121227,PB,2103
17384102,0001,1,UP FOR YOU,08,20181128,20121212,SP,7107
17392866,0001,1,PELIGRINELLI FITNESS,08,20250106,20121130,SP,7107
17394280,0001,1,ACADEMIA SPORT FITNESS,02,20121218,20121218,RN,1639
17399351,0001,1,,08,20180828,20121220,SP,6291
17400098,0001,1,ACADEMIA TRANSFORMAR,08,20170316,20130114,BA,3651
17405558,0001,1,,08,20140820,20121221,SP,6101
17423110,0001,1,SQUAT ACADEMY,04,20190117,20130114,CE,1585
17424727,0001,1,POWER FITNESS,04,20210408,20130117,RJ,5825
17426021,0001,1,ACADEMIA FEMININE,02,20130111,20130111,SP,7149
17429966,0001,1,ACADEMIA CORPO EM MOVIMENTO,08,20200825,20130117,GO,9227
17431162,0001,1,ACADEMIA SPORT LIFE,04,20210218,20130118,MS,9757
17440328,0001,1,FIT COMPANY ACADEMIA,08,20171129,20121214,SP,7107
17441462,0001,1,ACADEMIA ESPACO SAUDE,02,20130121,20130121,PE,2435
17452975,0001,1,,08,20190606,20130122,MG,4733
17461838,0001,1,SPAZIO,04,20260512,20130123,ES,5705
07594978,0041,2,SMART FIT,02,20130104,20130104,MA,0921
17466015,0001,1,STUDIO DE POSTURA BARROSO,02,20130109,20130109,PI,1159
17466480,0001,1,WELL FITNESS ACADEMIA,08,20210423,20121024,SP,6477
17467483,0001,1,,08,20181022,20130114,SP,7071
17467930,0001,1,FISIOFORM,02,20130121,20130121,PI,1159
17480936,0001,1,,08,20141124,20130128,MG,0626
17481784,0001,1,CORPO & FIT,08,20201214,20121226,RJ,5833
17486562,0001,1,ALFREDO LUIZ GUMS JUNIOR,04,20210323,20130128,SC,8047
17489604,0001,1,,02,20130117,20130117,PR,7691
17490040,0001,1,LIFE FITNESS,04,20220609,20130129,MG,0604
17490625,0001,1,,08,20250915,20130128,RS,8801
17494719,0001,1,,04,20210226,20130103,SP,7107
17495595,0001,1,BEM ESTAR ACADEMIA DE GINASTICA,04,20181211,20130118,MT,9067
17511427,0001,1,,02,20130123,20130123,PR,7691
17518280,0001,1,ACADEMIA CECAF,02,20130130,20130130,DF,9701
17528624,0001,1,ACADEMIA DE GINASTICA EQUILIBRIUM,08,20140717,20130204,BA,3687
17534386,0001,1,ARENA COLISEU,02,20260605,20130204,TO,9643
17536536,0001,1,ACADEMIA BODY GYM,08,20171129,20130205,MG,4123
17537097,0001,1,ACADEMIA TIGRE DE ARTES MARCIAIS,02,20130205,20130205,SC,8057
17546150,0001,1,MARCIO SANTOS STUDIO PERSONAL,02,20241021,20130205,BA,3863
15869956,0001,1,CENTRAL FITNES,04,20260513,20120622,DF,9701
12754296,0001,1,,04,20181030,20100930,RS,8801
17561386,0001,1,DESTAK FITNESS,04,20181123,20130208,SC,8267
17567521,0001,1,,04,20260513,20130207,RS,8801
17570106,0001,1,,02,20130214,20130214,RS,8669
17480777,0001,1,PRACA DA VIDA,08,20180509,20130128,MT,8985
17571636,0001,1,ACADEMIA PERSONAL FIT,08,20220809,20130208,RS,8589
17579722,0001,1,,02,20130205,20130205,SP,7057
17580030,0001,1,ACADEMIA R R,08,20171218,20130129,SP,7151
17587465,0001,1,UNUM FITNESS,02,20130218,20130218,MG,5407
17593081,0001,1,DETUS,08,20141125,20130218,MT,9067
15079675,0001,1,,08,20170612,20120223,MS,9057
17598121,0001,1,O2 ACADEMIA,08,20181214,20130121,SP,6163
13422531,0001,1,HARPIA ATIVIDADES FISICAS INTEGRADAS,04,20210408,20110326,RJ,2921
17603264,0001,1,,08,20160119,20130131,RS,8801
17604922,0001,1,ACADEMIA EQUILIBRIUM,04,20210416,20130220,SE,3169
17604977,0001,1,,08,20181218,20130220,SC,8113
17605461,0001,1,ACADEMIA ADRENALINA FITNESS,02,20130131,20130131,RN,1847
17608602,0001,1,ACADEMIA AUTO EVOLUCAO,04,20240826,20130220,BA,3883
17613815,0001,1,CONRADO FITINESS,04,20201023,20130220,RO,0003
17620590,0001,1,ACADEMIA CORPO E IMAGEM,02,20220112,20130221,PA,0427
17628508,0001,1,METODO MOVIMENTE POR TAIS CAMPOS,02,20130223,20130223,MG,5403
15271763,0001,1,MP CENTRO DE TREINAMENTO,02,20120322,20120322,RS,8771
17640703,0001,1,ACADEMIA PEFORMANCE & FITNESS,04,20181121,20130226,SE,3105
17642276,0001,1,FORCA & EQUILIBRIO FITNESS E BEM ESTAR,08,20150126,20130226,MS,9051
17643767,0001,1,STUDIO DOSCH,08,20141223,20130226,MG,4123
17644434,0001,1,,04,20210413,20130226,MG,0750
17645350,0001,1,ONEBODY - ACADEMIA,08,20260311,20130131,SP,7107
11462100,0002,2,,08,20200505,20130225,MG,4123
17655725,0001,1,FAST FITNESS,04,20220607,20130213,SP,7107
13557902,0002,2,,02,20130205,20130205,SP,7107
17656697,0001,1,TOP FITNESS ACADEMIA,04,20210223,20130227,PA,0048
17660976,0001,1,,02,20130227,20130227,RS,8791
17664045,0001,1,ACADEMIA ACTION FITNESS,08,20160726,20130228,CE,1389
17666281,0001,1,QUALLIVIDA,08,20210505,20130129,SP,6213
17666716,0001,1,PERSONAL COMPANY ASSESSORIA EM ATIVIDADES FISICA,04,20181016,20130219,SP,7107
17669421,0001,1,,04,20210310,20130225,SP,7159
17670061,0001,1,THE FORCE ACADEMIA,08,20210226,20130227,RS,8841
17688108,0001,1,CORPO E VIDA FITTNES,08,20181210,20130301,BA,3883
17689214,0001,1,FR ACADEMIA,08,20190530,20130305,PE,2419
17693708,0001,1,YURIWARSZAWSKI07435220795,08,20180621,20130305,SP,7107
17696954,0001,1,NITRO PEN ACADEMIA,08,20191112,20130225,SP,6921
07737623,0031,2,,02,20130204,20130204,RJ,6001
17720633,0001,1,SAMUEL RABELO TREINAMENTO PERSONALIZADO,02,20130310,20130310,SC,8105
17721052,0001,1,SIMETRIA FITTNNESS,08,20220824,20130308,BA,3849
17724546,0001,1,,02,20130311,20130311,SP,6549
17728773,0001,1,GRACIELA ALVES PERSONAL,02,20130311,20130311,MG,5241
17735397,0001,1,FIT CLUB ACADEMIA,02,20130312,20130312,BA,3313
17738024,0001,1,ACADEMIA ACQUAFITNESS,04,20220607,20130312,GO,9625
17739033,0001,1,,08,20141127,20130311,RS,8791
17742114,0001,1,CENTRO DE TREINAMENTO LEAO DE JUDA,02,20130313,20130313,GO,1052
17745831,0001,1,ACADEMIA GSM,08,20150518,20130225,PR,7751
17746222,0001,1,,08,20180419,20120806,PR,7535
17754673,0001,1,ASSOCIACAO UM COM ELES,08,20180315,20130308,PB,1981
17758438,0001,1,ACADEMIA DOS IMPARAVEIS,02,20130315,20130315,SP,6835
17763647,0001,1,ACADEMIA NEW LIFE PRIME,02,20130318,20130318,PE,2573
17763704,0001,1,,04,20210401,20130315,CE,1389
13589179,0002,2,,04,20190301,20110426,SP,7107
17766889,0001,1,TOP TRAINER,08,20140515,20130315,SC,8327
17768208,0001,1,,08,20200728,20130318,SP,7107
17773865,0001,1,BIOFIT,08,20190916,20130319,SE,3157
17774489,0001,1,KL FITNESS ACADEMIA,04,20181026,20130319,AM,0255
17776306,0001,1,ACADEMIA BOA FORMA,04,20210401,20130318,MA,0769
17777052,0001,1,ACADEMIA CORPO ATIVO,02,20130125,20130125,PI,1093
17785042,0001,1,PILATESAUDE,08,20180301,20130320,PB,2051
17790040,0001,1,RENAN ARNONI - STUDIO PERSONAL,02,20130321,20130321,MG,4365
17795679,0001,1,,02,20130318,20130318,SC,8039
17800684,0001,1,ACADEMIA TOP FITNESS,02,20130319,20130319,RS,8791
17804817,0001,1,,08,20200923,20130306,SP,6155
17806138,0001,1,REHABILITER ACQUA FITNESS,08,20250207,20130322,MA,0957
17808318,0001,1,TOP FITNESS ACADEMIA,08,20210507,20130319,SE,3105
17819072,0001,1,STUDIO BE LEV,02,20130325,20130325,SP,7107
17831700,0001,1,,02,20230609,20130327,RS,8651
17832025,0001,1,MIGUEL GONCALVES GARCIA JUNIOR,02,20130218,20130218,MS,9053
17844649,0001,1,,08,20210805,20130401,SP,6545
10605240,0001,1,ACADEMIA FORCA E VIGOR,08,20130315,20090113,BA,3751
17848676,0001,1,FITNESS,02,20130221,20130221,SP,6607
17852256,0001,1,CENTRO DE TREINAMENTO SUPERACAO - CTS,02,20130401,20130401,BA,3949
17855593,0001,1,ESPACO VIVER,08,20160826,20130401,ES,5705
17856404,0001,1,MM FITNESS,02,20260518,20130326,MT,9067
13839072,0001,1,FOUR LIFE FITNESS,08,20211008,20110621,GO,9373
17861612,0001,1,ACADEMIA VIVA BEM,08,20140520,20130326,RS,8791
17871262,0001,1,R & J FITNESS,02,20130404,20130404,RJ,5869
17871345,0001,1,ACADEMIA CORPO EM CONSTRUCAO,04,20220609,20130404,MG,5401
17871512,0001,1,BOA FORMA FITNESS ACADEMIA,08,20170627,20130403,MG,4223
17877761,0001,1,BIO FITNESS,02,20130405,20130405,BA,3865
17881888,0001,1,OFICINA DO CORPO PILATES,08,20160113,20130402,SC,8105
17890712,0001,1,,08,20190215,20130408,SP,6291
17893828,0001,1,GM FITNES,08,20180201,20130409,CE,1569
17896827,0001,1,,08,20170105,20130409,SP,7071
17903918,0001,1,CORPO E MENTE,02,20130410,20130410,SP,6929
17907877,0001,1,,08,20160810,20130411,MG,5427
17921686,0001,1,CONEP,08,20141013,20130208,TO,0100
17927881,0001,1,POINT DA MALHACAO,04,20231106,20130412,BA,3515
17932628,0001,1,STUDIO V CENTRO DE BEM-ESTAR E SAUDE,08,20161222,20130408,RS,8791
17934015,0001,1,SBRAGIA PREPARACAO FISICA,02,20130415,20130415,SP,6851
17935281,0001,1,,02,20130415,20130415,MA,0955
17953848,0001,1,ACADEMIA POWER FITNESS,08,20240503,20130417,CE,1509
17955047,0001,1,MOVIMENTO FITNESS,04,20260526,20130417,SE,3105
17965066,0001,1,POLICLINICA REABILITAR,08,20170303,20130419,PE,2571
17965748,0001,1,ACADEMIA LIFE FITNESS,02,20190410,20130419,GO,9221
17966244,0001,1,KADAS FITNESS,02,20130418,20130418,MS,9051
17968100,0001,1,,08,20190801,20130405,CE,1457
17968364,0001,1,,08,20210112,20130419,SP,6125
17969878,0001,1,ACADEMIA FENIX SPORT,08,20190117,20130419,SP,6291
17975872,0001,1,ACADEMIA STATUS,08,20160728,20130419,SP,7107
09479391,0001,1,UBATUBA OUTDOOR FITNESS,02,20080307,20080307,SP,7209
17979172,0001,1,ERHUS EVOLUTION FITNESS,04,20210226,20130422,SP,7107
17984164,0001,1,,08,20240426,20130423,MG,4647
17986279,0001,1,BEDESTA,02,20220210,20130423,MA,0949
17996312,0001,1,ACADEMIA INTENSE,08,20251217,20130424,PR,7507
18002302,0001,1,FIT ACADEMIA,08,20160225,20130425,SP,7075
18004798,0001,1,SAMUEL CAMPOS BARBOSA ACADEMIA,08,20180223,20130419,MS,9051
18006939,0001,1,PERSONAL LIFE,08,20150602,20130425,MG,5403
18009192,0001,1,ACADEMIA FORCA E SAUDE,08,20241206,20130408,CE,1389
13332075,0002,2,,04,20210406,20130426,SP,6671
18018397,0001,1,METAL GYM ACADEMIA,08,20210203,20130425,RS,8511
18019063,0001,1,,08,20150831,20130426,RS,8637
18020705,0001,1,FOR LIFE ACADEMIA,02,20130429,20130429,GO,9571
18022396,0001,1,FAMILY'S STUDIO,08,20140516,20130429,RJ,6001
18024837,0001,1,KM FITNESS,08,20240327,20130429,SP,7151
18033543,0001,1,IN LIFESTYLE CORPO E MENTE EM EQUILIBRIO,02,20130502,20130502,SP,7107
18036290,0001,1,MAGNA DIA DECORACOES,08,20170219,20130502,RS,8625
18037601,0001,1,BEM ESTAR,08,20230331,20130425,RS,8857
18040925,0001,1,BELLA FIT,04,20260526,20130219,SP,7149
11234667,0002,2,ACADEMIA ESPAO E SAUDE,08,20170425,20130429,DF,9701
18048190,0001,1,MECCA FITNESS CLUB,02,20240115,20130502,RS,8683
16812569,0002,2,,08,20191007,20130430,PR,7435
18076458,0001,1,,08,20160404,20130508,SP,6589
18082030,0001,1,MOVE ESTUDIO,02,20130509,20130509,SP,7107
18082902,0001,1,ULTRA ACADEMIA VICENTE PIRES,02,20130508,20130508,DF,9701
18085017,0001,1,PERFORMANCE ACADEMIA,08,20210219,20130509,MG,5253
18088060,0001,1,CORPO EM MOVIMENTO,08,20210303,20130510,MS,9051
18089976,0001,1,VITALITY STUDIO DE PILATES,04,20180828,20130506,DF,9701
18097251,0001,1,STUDIO PERSONAL,08,20160912,20130510,SP,7107
18107733,0001,1,,08,20180219,20130514,SP,7107
15489359,0003,2,ACADEMIA PERFORMANCE,02,20130515,20130515,MS,9051
18116766,0001,1,ACADEMIA BIO HEALTH LTDA,08,20200602,20130515,SP,6673
18119413,0001,1,MAROMBA FITNESS,02,20220204,20130515,MG,4759
18124692,0001,1,ACADEMIA TREINNER GYM,04,20260528,20130516,SP,7075
18127590,0001,1,ACADEMIA MAIS SAUDE,08,20220620,20130516,PE,2405
18133144,0001,1,LADY GYM BRASIL FITNESS,08,20151105,20130517,SC,8221
18142974,0001,1,ACADEMIA FISICO & FORMA,08,20160222,20130516,ES,5611
18144173,0001,1,MS FITNESS,04,20210422,20130520,BA,3873
18159441,0001,1,ACADEMIA POWER GYM,08,20190813,20130521,SP,7099
18164226,0001,1,F.C PILATES,03,20140613,20130517,RJ,6001
10747407,0001,1,VITTA FITNESS,04,20231030,20090406,RS,8963
18180642,0001,1,QUANTA ACADEMIA,08,20160311,20130523,BA,3849
18183356,0001,1,,04,20260519,20130524,MG,4359
18194448,0001,1,S W FITNEES,08,20170815,20130527,SP,7107
18194872,0001,1,FITNESS FIGHT ACADEMY,08,20170623,20130522,MT,9167
18208238,0001,1,,08,20250505,20130528,PB,2051
18222099,0001,1,,04,20210422,20130529,BA,3799
17811508,0002,2,,08,20190912,20130524,RJ,5865
18224230,0001,1,STUDIUM PILATES,08,20210804,20130603,SE,3105
18225330,0001,1,INSTITUTO PILATES,08,20201203,20130529,SE,3105
17812857,0001,1,META ASSESSORIA ESPORTIVA,08,20150630,20130325,PR,7667
18227840,0001,1,,02,20130528,20130528,SP,7107
18242311,0001,1,ACADEMIA ITARARE,08,20170605,20130605,SP,7121
18250631,0001,1,CROSSFIT GLADIUS,03,20260219,20130605,DF,9701
16371413,0001,1,MD VALET,08,20180510,20120709,PB,2051
18272102,0001,1,SCORYN ACADEMIA,04,20190116,20130610,PE,2381
03321664,0002,2,COMPANHIA BEM ESTAR,08,20250528,20130610,SP,6149
18274876,0001,1,CENTRO DE TREINAMENTOS VINICIUS BRANDAO,04,20180904,20130611,MG,4123
18276243,0001,1,ACADEMIA CORPO MALHADO,02,20130422,20130422,CE,1401
08397126,0001,1,NATURAL FITNESS ACADEMIA,02,20061020,20061020,SC,8111
08599088,0001,1,,08,20090914,20070110,SP,7107
08659380,0001,1,ONELIFE FITNESS,02,20070206,20070206,RS,8801
08781455,0001,1,,04,20210316,20070319,RJ,6001
20471577,0001,1,ROMULONANDES,08,20180201,20140619,RJ,6001
08840665,0001,1,O2PERSONAL,02,20070517,20070517,SP,6219
20471711,0001,1,DUHMANA ACADEMIA,08,20150404,20140619,BA,3937
08895345,0001,1,PRO FIGHT,08,20171011,20070614,ES,5703
08983477,0001,1,ACADEMIA FITNESS CENTER,04,20210212,20070813,GO,9227
09013944,0001,1,THAIS ARTE & MOVIMENTO,08,20080418,20070821,SE,3239
09070147,0001,1,ACADEMIA CATEDRAL DA MUSCULACAO,08,20100806,20070919,GO,9373
09247640,0001,1,ACADEMIA DE MUSCULACAO CORPO EM PERFEICAO,04,20181026,20071210,CE,1389
09274859,0001,1,STUDIO DANNIELA FURLANETO,08,20210301,20071212,PR,7471
09295177,0001,1,MAR&ACAO ACADEMIA,04,20190322,20071213,RS,8935
09385719,0001,1,FISIOLIFE,02,20080215,20080215,SP,6863
09392734,0001,1,,02,20080114,20080114,PR,7535
09399580,0001,1,TOP FITNESS ACADEMIA,04,20260515,20080222,BA,3993
09421099,0001,1,THE CLUB,02,20080313,20080313,MA,0921
09477513,0001,1,,08,20170829,20071210,SP,7107
09570775,0001,1,SPORT FITNESS,02,20080507,20080507,MG,4799
09581050,0001,1,OFICINA DO CORPO,04,20201023,20080430,SP,6369
20474022,0001,1,,08,20161214,20140620,SP,7157
20474215,0001,1,STUDIO ZUMBA,08,20190107,20140618,PB,2117
10174714,0001,1,,08,20240503,20080716,MG,4211
10212600,0001,1,CLINICA PERSONAL,08,20110802,20080725,GO,9645
10237670,0001,1,ACADEMIA ALFA ESPACO SAUDE,02,20080710,20080710,PR,7667
20476006,0001,1,HANYOU CENTRO DE SAUDE,08,20180201,20140620,PE,2531
10356189,0001,1,ESTILO DE VIDA,08,20210622,20080922,BA,3413
10368525,0001,1,JULIANA ODILON DA SILVA,04,20260515,20080912,SC,8055
10395870,0001,1,NILDETE ACADEMIA,04,20181107,20081006,PI,1219
10502750,0001,1,RAIA 4 SANTA FE,08,20140225,20081117,SP,7033
20476523,0001,1,,04,20201023,20140620,SP,6969
10531013,0001,1,,08,20190617,20081203,SP,6639
10683984,0001,1,,04,20210331,20090310,MG,4111
10749175,0001,1,ABSOLUTE RUN,02,20090407,20090407,BA,3849
10864259,0001,1,ACADEMIA IMPACTO,02,20220622,20090528,MT,9195
10882453,0001,1,,08,20240711,20090601,PE,2629
11000399,0001,1,ONE WAY ACADEMIA,04,20210305,20090714,SP,7107
11198530,0001,1,AQUA MINAS,02,20091002,20091002,MG,4081
11232548,0001,1,R F RIMAR SAUDE COLETIVA,08,20190903,20090618,RJ,6001
11247021,0001,1,,04,20260513,20091020,RS,8901
11289888,0001,1,ACADEMIA CENA,08,20110304,20091103,AL,2785
11322031,0001,1,ACADEMIA ALVO FITNESS,04,20210224,20091109,CE,1389
11402503,0001,1,,04,20210303,20091208,CE,1329
11408806,0001,1,,08,20241220,20091216,PE,2457
11768938,0001,1,,02,20100330,20100330,SC,8047
11786847,0001,1,CORPUS ACADEMIA,04,20260512,20100322,RJ,5839
11852698,0001,1,ACADEMIA GOLD,08,20120911,20100422,SC,8179
11934901,0001,1,V I E . TRAINER,08,20150615,20100511,RR,0301
12089093,0001,1,HORUS GYM,02,20100615,20100615,PR,7563
12257594,0001,1,ESSENCIALLY PILATES,08,20130322,20100630,SP,7107
08174977,0002,2,JORGE PAULO PEREIRA,08,20130306,20100811,MS,9051
12380969,0001,1,START PERFORMANCE,02,20100816,20100816,SP,7145
12392081,0001,1,OLIMPIKUS ACADEMIA,08,20120911,20100816,PE,2381
12396729,0001,1,,08,20170324,20100818,SP,6575
12494948,0001,1,ENJOY FITNESS,08,20171221,20100831,SP,6507
12651753,0001,1,ESTUDIO THAI-KICK,08,20131113,20101011,MS,9063
12691901,0001,1,,04,20210210,20101019,DF,9701
12888037,0001,1,ACADEMIA STYLLUS,08,20120613,20101104,AL,2727
12945898,0001,1,,04,20210316,20101117,RJ,5897
13052497,0001,1,,02,20101222,20101222,PE,2477
13127369,0001,1,TEACHERS CLUBE,02,20240118,20110111,SP,6313
13208940,0001,1,,04,20210309,20110205,PR,7445
13260811,0001,1,ENLEVO PILATES,02,20110216,20110216,RJ,5833
13305908,0001,1,,02,20110223,20110223,ES,5699
13349603,0001,1,ACADEMIA BEM ESTAR,08,20210209,20110303,PE,2311
13361473,0001,1,ACADEMIA BIO-FORMA,04,20260526,20110216,SP,7265
13364788,0001,1,ESCOLA DE POSTURA BRASIL,04,20220608,20110222,PI,1219
13437351,0001,1,FORMA E SAUDE ACADEMIA,08,20170526,20110329,MG,5441
13509820,0001,1,ACADEMIA ATHLETICS,08,20130304,20110412,DF,9701
13523346,0001,1,WIBBI FIT,02,20110404,20110404,SP,7107
07146800,0002,2,CICLOS ACADEMIAS,04,20210225,20110602,RS,8801
13778207,0001,1,MALHACAO FITNESS,08,20220718,20110530,RN,1761
13938720,0001,1,CORPO PERFEITO ACADEMIA,08,20190425,20110705,RO,0003
20485539,0001,1,,08,20151228,20140624,SP,6875
13953527,0001,1,ALFA ACADEMIA,08,20140602,20110701,MG,4865
13985458,0001,1,CULTURA FISICA FITNESS,04,20231026,20110719,MT,9067
13987424,0001,1,SPORT LIFE,04,20210219,20110719,PA,0471
14073818,0001,1,,08,20121128,20110805,RJ,5925
14210837,0001,1,STUDIO FITNESS,04,20190301,20110818,SP,6361
14221791,0001,1,ACADEMIA PLENA FORMA,08,20180320,20110824,CE,1585
14256833,0001,1,,04,20240823,20110908,MG,4865
07048029,0002,2,UNNICA ACADEMIA,08,20170119,20110919,MS,9123
18282021,0001,1,7 CARES TREINAMENTO PERSONALIZADO,08,20251121,20130612,CE,1389
18287577,0001,1,STUDIO PILATES MICHELLE LOUZADA,08,20180314,20130612,ES,5615
14501655,0001,1,,08,20230703,20111022,MG,4997
14545585,0001,1,FENIX ACADEMIA,04,20210330,20111025,MG,4365
14735032,0001,1,,08,20240326,20111207,PB,1967
14772861,0001,1,LABORAL SYSTEM,04,20181106,20110926,PA,0427
20487762,0001,1,,04,20260601,20140624,SP,7107
14900828,0001,1,DI NUCCI & CANHOTO,04,20190110,20110815,SP,6979
15012455,0001,1,COMPANHIA ATHLETICA,02,20120203,20120203,PE,2531
15018208,0001,1,LC ASSESSORIA ESPORTIVA,02,20120111,20120111,RJ,6001
15018929,0001,1,INSTITUTO MOVIE,08,20130625,20120203,MG,4079
15056784,0001,1,FOCUS ACADEMIA,04,20210413,20120125,SP,7121
15268142,0001,1,AIR FITNESS,04,20181220,20120223,SP,6689
15307043,0001,1,LA-FITNESS,04,20260520,20120402,GO,9475
15313536,0001,1,ACADEMIA SUPER ACAO,08,20141119,20120306,SP,6789
15580734,0001,1,MR FITNESS ACESSORIA ESPORTIVA,08,20200702,20120523,RJ,5863
15871984,0001,1,STEP - STUDIO DE TREINAMENTO ESPECIALIZADO,02,20120703,20120703,BA,3597
16503276,0001,1,ESPACO FLOR DA PELE,08,20221005,20120717,RS,9827
11446896,0003,2,,08,20150723,20140624,SP,7057
16555828,0001,1,,02,20120703,20120703,RS,8801
16599404,0001,1,,08,20260305,20120706,SP,6361
16792600,0001,1,FORMA E SAUDE,02,20120817,20120817,SP,6137
16797933,0001,1,,04,20210203,20120903,MG,4865
16819467,0001,1,RUNTRI ASSESSORIA ESPORTIVA,02,20120831,20120831,CE,1389
16934288,0001,1,BELLA FITNESS,04,20210224,20120905,RR,0301
17043727,0001,1,,08,20140430,20121022,DF,9701
17188003,0001,1,,08,20150601,20121120,MG,4371
15095688,0002,2,,08,20130805,20121211,MG,4123
17442216,0001,1,,08,20160512,20130121,BA,3573
17499225,0001,1,COMPASSFIT,08,20201223,20130121,SP,6589
17526684,0001,1,,08,20210331,20130131,MA,0961
12529414,0002,2,FORTE ACADEMIA DE GINASTICA,08,20180914,20130218,SP,6137
17652622,0001,1,,04,20210401,20130226,MA,0875
17678850,0001,1,,08,20221206,20130220,SP,7107
17770784,0001,1,SPORT LIFFE ACADEMIA,08,20170223,20130207,GO,9639
17931624,0001,1,KI FITNESS,08,20180227,20130415,MG,4895
18034232,0001,1,,08,20230710,20130502,SP,6929
18152190,0001,1,ACADEMIA NOBRE ESTILO,02,20231119,20130520,BA,3087
07737623,0037,2,,02,20130523,20130523,SP,7107
18204884,0001,1,,08,20181123,20130528,SP,6581
09375712,0003,2,USINA DO CORPO,08,20150507,20130614,RS,8683
18211373,0001,1,PRO-FITNESS ACADEMIA,08,20190926,20130524,RR,0301
18290384,0001,1,TOP 10 FITNESS,08,20210205,20130610,AL,2779
18291134,0001,1,GALPAO X,08,20230320,20130613,PE,2357
18219250,0001,1,A & AF CONSULTORIA ESPORTIVA,04,20260526,20130531,SE,3105
18293826,0001,1,I9 FITNESS ACADEMIA EIRELI,02,20220330,20130613,SP,7107
18303870,0001,1,,02,20130614,20130614,RJ,5877
18308234,0001,1,VIVERE BENE,02,20130425,20130425,PR,7535
14296329,0001,1,,08,20120919,20110704,SP,7107
18317324,0001,1,ESPACO TOTAL FITNESS,08,20161128,20130613,RS,8943
18321725,0001,1,ARACATI FITNESS,08,20140724,20130612,CE,1321
18323027,0001,1,ACADEMIA CESAR CAMPOS,08,20191108,20130618,PA,0443
18323471,0001,1,TEAM NOGUEIRA RIBEIRAO,02,20130618,20130618,SP,6969
18328424,0001,1,RM FITNESS,02,20130619,20130619,SP,7107
18329030,0001,1,BULL TERRIE ACADEMIA,04,20210326,20130619,SP,6415
18342132,0001,1,STUDIO PILATES CONFISIO,08,20190122,20130620,AP,0605
16499814,0001,1,FUSION TRAINER ACADEMIA RAIZ,02,20120717,20120717,MG,4859
11186192,0004,2,CORPUS ACADEMIA,08,20160502,20130610,MG,5401
18346827,0001,1,,08,20200911,20130621,SP,7097
13356215,0004,2,,08,20170612,20140813,SE,3105
14109181,0001,1,P3 FITNESS,08,20241205,20110804,CE,1389
18359270,0001,1,ACADEMIA SUMMER,08,20210104,20130521,AL,2785
04642530,0002,2,,08,20251125,20130624,RS,8801
18246700,0001,1,IMPERIO GYM,02,20130605,20130605,MG,4407
18369120,0001,1,FITINESS MAXIMUS,04,20181026,20120606,CE,1389
18371142,0001,1,ACQUA FITNESS BR,04,20260518,20130625,RJ,2909
18372459,0001,1,SHAPE WOMEN,08,20141224,20130624,SC,8105
18373768,0001,1,RAZOES DO CORPO ACADEMIA,02,20130621,20130621,ES,5699
18375168,0001,1,,02,20130627,20130627,PR,7527
18376748,0001,1,,08,20171227,20130627,SP,7075
18390844,0001,1,AC ACADEMIA,04,20181026,20130628,CE,1389
18391712,0001,1,PLANET FITNESS,08,20140106,20130701,SE,3157
18392996,0001,1,IDEA FITNESS E EVENTOS ESPORTIVOS,08,20161228,20130628,GO,9221
18393356,0001,1,DIFERENCIAL ACADEMIA,02,20130701,20130701,SP,6345
18393585,0001,1,I9 FITNESS,08,20140210,20130626,TO,9241
18394129,0001,1,NEW FITNESS,08,20190903,20130701,RN,1761
18402253,0001,1,FORMULA,08,20160430,20130627,RJ,6001
18402747,0001,1,ACADEMIA COMPANHIA DO CORPO,08,20190411,20130408,PR,7535
18403136,0001,1,,02,20130702,20130702,SP,6969
18404167,0001,1,PLENA FORMA,02,20130702,20130702,PB,2175
18405265,0001,1,COMBAT TOTAL,02,20130702,20130702,PE,2381
18419936,0001,1,HEALTH INSTITUTO DE SAUDE INTEGRADA,02,20130703,20130703,SP,6975
18431358,0001,1,,02,20130705,20130705,SP,7209
17839334,0001,1,,04,20260528,20130328,SP,7107
18442984,0001,1,ZS FIGHT TEAM,08,20210420,20130708,SC,8233
18444080,0001,1,KINGS FITNESS,02,20130708,20130708,GO,9373
18445747,0001,1,TOP TRAINNER FITNESS,02,20130708,20130708,RJ,2913
18450050,0001,1,EUFIT ACADEMIA,02,20130709,20130709,PI,1219
18450129,0001,1,PORTO PHYSICAL ACADEMIA,02,20130703,20130703,PI,1089
18453792,0001,1,REDE LAN NET,08,20220602,20130709,BA,3849
17374452,0002,2,,08,20150505,20130708,SP,6411
18467681,0001,1,VOLTZ ACADEMIA,04,20210324,20130711,SP,7077
18468993,0001,1,,08,20151203,20130529,PR,7407
18471692,0001,1,ACADEMIA PLANETA FISIO,02,20130711,20130711,CE,1319
18482517,0001,1,BF ACADEMIA,08,20251223,20130710,DF,9701
10850005,0001,1,,04,20260514,20090527,MG,4733
18490826,0001,1,STUDIO PILATES ZANON,04,20210407,20130715,BA,3413
18491394,0001,1,ACADEMIA AVANTE FITNESS,04,20181106,20130711,PA,0427
18493599,0001,1,SAUDE ATIVA,02,20130716,20130716,SP,7107
18494538,0001,1,CORE PILATES,08,20131216,20130710,RS,8901
02788684,0002,2,TEMPUS ACADEMIA,08,20170824,20130716,SC,8291
18499250,0001,1,PIMENTEL FITNESS,02,20130717,20130717,RJ,5873
18500764,0001,1,,02,20130708,20130708,RS,8651
18502747,0001,1,,08,20170523,20130712,SC,8179
18502812,0001,1,,02,20130716,20130716,RS,8691
18505790,0001,1,BAD BOY ACADEMIA,08,20230323,20130716,MA,0867
18509425,0001,1,ACADEMIA ZEUS FITNESS CENTER,08,20180404,20130718,RJ,5869
18509533,0001,1,DINAMICA DO CORPO,04,20260512,20130717,CE,1389
18516738,0001,1,NORDESTE FITNESS,02,20130718,20130718,BA,3849
18518549,0001,1,CORPO E SAUDE,02,20130719,20130719,SP,6453
07243828,0002,2,,08,20160928,20130527,SP,6969
18522601,0001,1,PERSONALFIT ACADEMIA,08,20201105,20130712,GO,9371
18526476,0001,1,ESTACAO FITNES,02,20130712,20130712,RS,8903
18532548,0001,1,,02,20130719,20130719,PR,7583
18541766,0001,1,BELLAS ACADEMIA,08,20190806,20130723,BA,3849
18543361,0001,1,ACADEMIA POWER LIFE,02,20130723,20130723,SP,6477
18544272,0001,1,URBAN CENTRO DE MUSCULACAO,08,20150929,20130723,SP,6475
12564933,0001,1,SAUDAVEL,08,20191211,20100921,MG,4123
18551859,0001,1,ALEGRA CLINICA DE FISIOTERAPIA,02,20130717,20130717,PR,7583
18554306,0001,1,FISIOCORPO STUDIO PILATES,04,20240807,20130724,RO,0003
18554505,0001,1,PRIME FIT,08,20260325,20130725,PI,1023
18568249,0001,1,,04,20210309,20130724,PR,7723
18569155,0001,1,LONGE VITTA,04,20210225,20130725,RS,8915
18572286,0001,1,ACADEMIA AEROBIC TRAINNER,08,20200625,20130724,ES,5603
18573794,0001,1,ACADEMIA ATLETIC CENTER,08,20230411,20130729,PE,2395
18582639,0001,1,BIO POINT ACADEMIA,08,20231027,20130730,GO,9221
18583165,0001,1,ACADEMIA ADRENALINE,02,20130717,20130717,RS,8649
18586414,0001,1,FITNESS CENTER,02,20130731,20130731,RJ,5819
18587198,0001,1,,08,20210121,20130723,SP,7107
18590012,0001,1,STUDIO MOVIMENTE,08,20250728,20130731,SC,8053
18596539,0001,1,ACADEMIA OFICINA DO CORPO,02,20130731,20130731,RO,0017
18598873,0001,1,CROSSFIT GADE,08,20250610,20130801,AM,0255
18605098,0001,1,CASA DO CORPO,08,20241008,20130802,SP,7107
18606809,0001,1,CORE PILATES,08,20180725,20130802,ES,5705
18612232,0001,1,FIT FORCE MILENA LEMES,02,20130805,20130805,GO,9403
18618356,0001,1,ACADEMIA PERSONAL SHAPE,04,20210318,20130802,SC,8105
11941097,0001,1,PERFECT FITNESS ACADEMIA PERSONALIZA,08,20200302,20100506,RJ,5897
18627405,0001,1,BETA STUDIO FITNESS E QUALIDADE DE VIDA,02,20130806,20130806,MG,4939
11098912,0002,2,ARTE FITNESS ACADEMIA,04,20190329,20130801,RS,8785
18631502,0001,1,,08,20240319,20130807,MG,5401
18632774,0001,1,SUELLEN CAMARGO,08,20180201,20130807,PR,7535
18632799,0001,1,DANYEL SALUSTYNO GUEDES DA SILVA,08,20210510,20130807,PB,2051
18634001,0001,1,TITANIUM ACADEMIA,02,20130807,20130807,GO,9373
18640195,0001,1,EXPERT GYM,08,20240126,20130806,DF,9701
18640600,0001,1,ACADEMIA SAUDE EM FOCO,04,20210210,20130808,GO,1052
18650794,0001,1,ACADEMIA PERFOMACE,04,20210401,20130808,MA,0719
18652127,0001,1,ESPACO A,02,20130809,20130809,SP,6251
18657234,0001,1,'' ARENA ESPORTES '',04,20181016,20130809,SP,7107
18657658,0001,1,,08,20191220,20130809,SP,7099
18677077,0001,1,ACADEMIA TOP FITNESS,08,20170313,20130814,PE,2569
18687140,0001,1,SVC PRODUCOES,04,20231116,20130815,SP,6271
18693345,0001,1,BODY FIT BRASIL,08,20250331,20130722,GO,9433
07594978,0058,2,,02,20130816,20130816,SP,7107
07594978,0060,2,,02,20130816,20130816,SP,6789
18695804,0001,1,NUNO COBRA SAUDE,02,20130816,20130816,SP,7107
18696629,0001,1,MAX GOLD ACADEMIA,08,20190517,20130816,SP,7245
13439026,0002,2,EQUILIBRIO ESTUDIO PILATES II,08,20260316,20130816,MT,9151
18701200,0001,1,A FABRICA ACADEMIA,08,20190611,20130819,SP,6713
18704357,0001,1,ACADEMIA FORMAS,08,20190130,20130819,RJ,5869
72652043,0002,2,,08,20140508,20130815,DF,9701
18716695,0001,1,V4 ACADEMIA,02,20130821,20130821,SP,7107
11343739,0001,1,,04,20210323,20091125,SC,8187
18728815,0001,1,ACADEMIA ZOE,02,20260127,20130822,AM,0255
14443420,0001,1,ACADEMIA CORPO EM FORMA,04,20210210,20111011,DF,9701
18736747,0001,1,METODO PILATES ESTUDIO BARONESA,08,20171227,20130819,RS,8791
18747753,0001,1,ACADEMIA PIRAMIDE,02,20130826,20130826,BA,3545
18748432,0001,1,ACADEMIA OTIMIZE,02,20130826,20130826,RJ,5877
15178822,0002,2,BHFITNESS,08,20200128,20130827,MG,4123
18760258,0001,1,365,02,20130826,20130826,TO,9519
18760752,0001,1,ACADEMIA DEZ A ZERO FITNESS,08,20220527,20130827,MG,4603
18774617,0001,1,PRIME ACADEMIA,02,20130828,20130828,GO,9221
18776234,0001,1,MEGA FORCE,04,20180828,20130829,GO,9577
18777968,0001,1,MINAS PILATES E DANCA,08,20160315,20130829,SC,8093
07594978,0071,2,SMARTFIT,08,20211029,20130816,CE,1389
18779872,0001,1,ACADEMIA HARD CORE,08,20260304,20130807,GO,0077
18786940,0001,1,GYM ON MOTION - CENTRO DE EMAGRECIMENTO E TREINAMENTO,08,20160329,20130829,RS,8771
18788411,0001,1,GAMA FITINESS,04,20210407,20130830,BA,3849
18788435,0001,1,ACADEMIA MDF,04,20190320,20130830,SP,6291
18788476,0001,1,,04,20260515,20130830,SC,8089
18794374,0001,1,,02,20130830,20130830,SP,7107
18794708,0001,1,RC WELLNESS ACADEMIA,02,20130902,20130902,PE,2381
18795936,0001,1,HC FITNESS,08,20220127,20130823,RN,1759
18798084,0001,1,,08,20150608,20130902,SP,6219
18801077,0001,1,4 YOU FITNESS,08,20240229,20130902,SP,6477
18804626,0001,1,,08,20151201,20130903,SP,7183
18804696,0001,1,ACADEMIA YAKSHA,04,20241127,20130828,MT,9925
18806937,0001,1,SIL TAORMINA,08,20180201,20130903,SP,7121
18816057,0001,1,FISIKIKORP,08,20170612,20130904,RJ,6001
18816479,0001,1,ESPACO FITNESS ACADEMIA,02,20130905,20130905,SC,8205
18818758,0001,1,BEM ESTAR FITNESS,02,20130905,20130905,AL,2713
18820149,0001,1,ACADEMIA DIEGO GAMA PERSONAL TRAINER,04,20210319,20130628,RJ,5819
18821930,0001,1,EVA FITNESS ACADEMIA FEMININA,08,20161214,20130902,PR,7667
18826145,0001,1,ACADEMIA DESAFIO,02,20130906,20130906,BA,3457
16548951,0001,1,O2 FITNESS ACADEMIA,04,20260512,20120713,ES,5625
18829435,0001,1,TEAM NOGUEIRA SP ZO,02,20130906,20130906,SP,7107
18833157,0001,1,ACADEMIA GOLD FITNESS,04,20210422,20130906,BA,3071
18836504,0001,1,FUSIONFIT,02,20130909,20130909,SP,6847
18840670,0001,1,IMPACTO GESTAO ESPORTIVA,08,20150413,20130906,RN,1779
18841610,0001,1,CENTRO DE TREINAMENTO - CT 320,04,20210224,20130829,RR,0301
18845722,0001,1,CROSS TRAINER,08,20151126,20130902,GO,9301
18855677,0001,1,STUDIO THIAGO CAMPOS,08,20190610,20130910,BA,3597
18859798,0001,1,ACADEMIA VIVA VIDA,08,20170317,20130911,SP,6589
18860620,0001,1,HARDCORE ACADEMIA - EIRELI,04,20241127,20130828,RN,1779
18860837,0001,1,,04,20181024,20130910,RJ,5869
18874540,0001,1,TRIBHECA NATACAO E FITNESS,02,20130913,20130913,MG,4123
06866204,0003,2,CIA DO CORPO ACADEMIA,08,20230706,20130912,ES,5705
18885499,0001,1,PERSONAL ENERGY,08,20171004,20130912,RS,8791
18885560,0001,1,VIDA ATIVA ESPORTE E SAUDE,08,20201216,20130916,RS,8613
07737623,0041,2,,02,20130917,20130917,RJ,6001
18894804,0001,1,,08,20201202,20130917,RJ,5877
18899770,0001,1,CAMILA FITNESS,08,20240313,20130918,MG,0594
18900078,0001,1,ACADEMIA JUNGLE FITNESS,02,20200616,20130917,AM,0255
18900561,0001,1,,08,20221216,20130917,CE,1261
18901683,0001,1,M4 ACADEMIA FITNESS,02,20240116,20130909,RN,1651
18905173,0001,1,NATURALFIT,04,20220209,20130918,SP,7107
18906205,0001,1,ESTUDIO BIOFTNESS,02,20130918,20130918,MG,4179
18906604,0001,1,,08,20160412,20130918,SP,6291
07594978,0073,2,SMARTFIT,08,20210825,20130919,SP,7107
07594978,0077,2,SMARTFIT,02,20130919,20130919,SP,7107
18927033,0001,1,LIDIA SMITH ESPACO TERAPEUTICO,02,20170515,20130920,MA,0921
18927359,0001,1,FOUR FIT ACADEMIA,02,20130921,20130921,RJ,6001
18930133,0001,1,ACADEMIA PHYSICAL2,08,20160905,20130923,SP,7121
18930675,0001,1,ACADEMIA SPAZIO DOM PEDRO,08,20250313,20130923,AM,0255
18938037,0001,1,CLUBE BEM ESTAR F2,02,20130924,20130924,AL,2853
18938162,0001,1,CKC ACADEMIA,08,20161003,20130909,ES,5697
18939663,0001,1,KINGS ACADEMIA,08,20170117,20130916,AC,0105
14992448,0002,2,,08,20150330,20130924,SP,7041
18949197,0001,1,ACADEMIA ESTACAO DO CORPO,08,20190904,20130925,PE,2415
18748116,0001,1,JB PROMOCOES E EVENTOS LTDA,08,20160715,20130801,RN,1761
18963208,0001,1,ACADEMIA BELA FORMA,08,20170524,20130926,AL,2739
18965893,0001,1,THERESINA FITNESS ACADEMIA,02,20130927,20130927,PI,1219
18967015,0001,1,DNA ACADEMIA,02,20130927,20130927,SP,7017
18970642,0001,1,TOTAL FIT,02,20130924,20130924,RJ,5851
18976199,0001,1,ACADEMIA EVOLUCAO FITNESS,02,20130930,20130930,SP,7057
18978743,0001,1,TRIBO ATIVA,04,20180828,20130930,SC,8089
18986849,0001,1,HIDROLIFE ACADEMIA,02,20131001,20131001,SC,8089
18991665,0001,1,CM ACADEMIA,04,20240813,20131001,PA,0427
18996268,0001,1,RALD SPORT,02,20250128,20131002,CE,1389
18997790,0001,1,BELFORT GYM,02,20131001,20131001,RJ,6001
19001777,0001,1,,08,20180820,20131001,RJ,6001
19004755,0001,1,,08,20190826,20131002,SC,8183
19006628,0001,1,CORPORE STUDIO DE PILATES,08,20170802,20130926,PR,7691
19009071,0001,1,RSOCCER ATIVIDADES DESPORTIVAS II,08,20240425,20131003,SP,7107
19010848,0001,1,ACADEMIRA RIO FITNESS,04,20181106,20131003,GO,9571
19011526,0001,1,ADRENALINA FITNESS,08,20161031,20131004,MG,5371
19013016,0001,1,RADICAL,04,20210210,20131004,GO,9437
19016637,0001,1,,08,20210920,20131006,SP,6137
19020847,0001,1,ACADEMIA SUNFIT,02,20130930,20130930,CE,1373
19028021,0001,1,,08,20160617,20131008,SP,6415
19037867,0001,1,SPORT CENTER,08,20240227,20130923,ES,5727
19037887,0001,1,J.C.L. ACADEMIA,02,20130924,20130924,CE,1269
19038499,0001,1,LIFE CONSULTORIA E ASSESSORIA ESPORTIVA,04,20240807,20131009,SP,7107
19039357,0001,1,ACADEMIA SUPERACAO,08,20220315,20131009,PB,1939
11228268,0002,2,QUALIDADE DE VIDA ACADEMIA DE GINASTICA,08,20180719,20131009,SP,7107
15864111,0001,1,FLORIDA FITNESS,08,20180402,20120524,SP,7107
19049134,0001,1,,02,20131010,20131010,SP,7097
19053914,0001,1,CARVALHO BASTOS SAUDE E SEGURANCA DO TRABALHO ( CBSST),04,20220126,20131011,SE,3105
19056916,0001,1,,08,20230106,20131011,SP,6137
19067738,0001,1,FIT ART,08,20160523,20131001,DF,9701
19073066,0001,1,,08,20171122,20131014,RS,8839
19076469,0001,1,R B FITNESS,02,20131016,20131016,RJ,5887
19081370,0001,1,ACADEMIA EVOLUCAO FITNESS,04,20210303,20131015,MA,0895
19082661,0001,1,SAUDE DO CORPO,08,20180118,20131016,MG,5105
19083052,0001,1,ACADEMIA NEW BODY,02,20131016,20131016,SC,8327
04340434,0002,2,CENTRO DE TREINAMENTOS FISICO ESPARTA,08,20240731,20131014,RJ,2921
19092624,0001,1,LIKE ACQUA ACADEMIA,02,20131017,20131017,SC,8117
19097976,0001,1,ACADEMIA DA N ATIVIDADE FITNESS,02,20240322,20131016,BA,3849
12762981,0001,1,AUGUSTOS ESPORTES,02,20100915,20100915,SP,7107
19124667,0001,1,ACADEMIA TRANSFORMA,08,20180504,20131023,PE,2603
19129574,0001,1,ESPACO FITNESS NURIA MACELE,04,20210209,20131023,ES,5625
05769446,0003,2,,08,20201228,20131024,RS,8801
19132708,0001,1,MULT PILATES,08,20260611,20131022,DF,9701
19136611,0001,1,REABILIT STUDIO DE PILATES,08,20200916,20131024,PA,0595
12064854,0001,1,,02,20250121,20100610,SP,7107
19141943,0001,1,ACADEMIA VIVER BEM,08,20240723,20131025,MG,4133
19143693,0001,1,ACADEMIA K2 TRAINNER,04,20201027,20131025,PE,2457
19145393,0001,1,ASSESSORIA MULTI ESPORTES,04,20210318,20131027,SC,8179
19151918,0001,1,ESTACAO FITNESS,04,20260519,20131024,PR,7931
19152604,0001,1,ESPACO PERSONAL,08,20171114,20131023,RS,8831
19152915,0001,1,STUDIO PERSONAL PRO LIFE,08,20250606,20130926,PR,7535
19153075,0001,1,NAFAMA FITNESS,02,20131029,20131029,SP,6149
19153276,0001,1,ACADEMIA SPORT FIT,02,20131029,20131029,MG,4961
19153384,0001,1,,08,20161013,20131029,MG,4123
19153965,0001,1,NEW WINNER ACADEMIA,08,20190129,20131029,SE,3105
19156184,0001,1,CORPO BELLO,04,20210330,20131029,MG,4133
19163846,0001,1,ACADEMIA SBELT FITNESS,04,20210407,20131030,BA,3849
19164172,0001,1,ACADEMIA BIO FITNESS,04,20240819,20131029,CE,1347
19165657,0001,1,QUEEN,04,20210318,20131030,SC,8039
19174412,0001,1,DIANA PERSONAL,08,20220623,20131031,PE,2531
19178246,0001,1,REABILITE,04,20210422,20131031,BA,3593
19179036,0001,1,BODY HEALTH ACADEMICA,02,20131101,20131101,MG,4647
19187873,0001,1,,02,20130829,20130829,SP,7135
19188618,0001,1,CENTRO DE ORGANIZACAO DO CORPO,02,20131101,20131101,SE,3105
19189766,0001,1,ACADEMIA E M A SPORT FITNESS,04,20210423,20131104,RN,1751
19192454,0001,1,SOLLUS FIT ACADEMIA,02,20131101,20131101,GO,9439
19196589,0001,1,M H ACADEMIA,02,20131030,20131030,PR,7419
19197028,0001,1,,04,20180828,20131105,SC,1194
17755818,0002,2,UNITRAINNER - ACADEMIA DE GINASTICA,02,20131104,20131104,PB,2225
19200887,0001,1,,08,20220628,20131105,MG,4365
19207410,0001,1,JHENYSSON TRAINER,08,20180201,20131106,GO,9373
19212945,0001,1,STUDIO A FITNESS,02,20131106,20131106,RJ,5873
19215784,0001,1,MAXXFIT ACADEMIA,04,20260525,20131015,RN,1761
19221494,0001,1,ESPACO MULHER FITNESS,08,20240618,20131106,PR,7607
19222057,0001,1,,08,20210713,20131108,SP,7131
19226981,0001,1,,04,20210310,20131108,SP,6291
19232243,0001,1,ACADEMIA ARENA FITNESS,04,20190226,20131108,GO,9227
15278891,0002,2,,08,20240206,20131111,SP,7103
19232532,0001,1,BIOFITNESS,08,20131223,20131111,MG,4865
19235235,0001,1,ACADEMIA CHUTE BOXE LONDRINA,04,20220107,20131106,PR,7667
19246102,0001,1,ACADEMIA CORPO,08,20200318,20131113,MG,4417
19257032,0001,1,PHYSICAL CORPUS,04,20210407,20131113,BA,3849
19258683,0001,1,PHYSICAL FITNESS,08,20210105,20131114,SP,7107
19259414,0001,1,MAIS FIT,08,20210323,20131114,PR,7535
19259678,0001,1,,04,20210226,20131114,SP,7107
10389939,0002,2,,08,20170815,20131118,SP,6477
19264195,0001,1,HARMONIA FITNESS,04,20240815,20131114,RJ,6001
19265247,0001,1,CENTRAL FITNESS,08,20180201,20131118,SP,7107
19276536,0001,1,ACADEMIA BIOFORMA,02,20131118,20131118,TO,9385
19276761,0001,1,R1 FITNESS,08,20140911,20131106,CE,1463
19280796,0001,1,ALINHAR STUDIO DE PILATES E FISIOTERAPIA,02,20131120,20131120,MG,4431
19282902,0001,1,NEW FITNESS,02,20131120,20131120,RO,0017
19284004,0001,1,,02,20131114,20131114,PR,7493
19292970,0001,1,STUDIO VITTA PERSONAL TRAINER,08,20180321,20131120,GO,9395
19296157,0001,1,ACADEMIA DA MULHER BELLA FORMA,08,20141024,20131121,RJ,5819
19323446,0001,1,ACADEMIA ESPACO FITNESS,02,20131127,20131127,BA,3905
19328318,0001,1,ESBELTY FIT,02,20131114,20131114,DF,9701
07594978,0089,2,,02,20131128,20131128,SP,7099
19331951,0001,1,MAURICIO - SOLUCOES EM VESTUARIO E GINASTICA,08,20180108,20131128,PR,7535
19332184,0001,1,DUARTE FITNESS,08,20150205,20131023,CE,1405
19335387,0001,1,SANTO FORTE FITNESS,02,20131128,20131128,RS,8801
19336596,0001,1,ESTACAO SAUDE,08,20151230,20131128,RJ,5901
18840529,0001,1,,04,20190329,20130905,RS,8815
19344629,0001,1,,08,20140829,20131202,SP,6323
19349098,0001,1,ACADEMIA ALMADA FITNNES,04,20210219,20131202,PA,0427
19354898,0001,1,,02,20131203,20131203,MG,4123
19359657,0001,1,REABILITAR FITNESS,08,20151127,20131127,PR,7749
19360244,0001,1,VIDATIVA,02,20131129,20131129,RS,8883
19361041,0001,1,,04,20180913,20131203,RS,8801
19362091,0001,1,,04,20260518,20131203,RJ,6001
19364119,0001,1,TOP FITNESS,08,20180823,20131204,MG,4767
19371161,0001,1,,04,20220607,20131205,BA,3515
19371197,0001,1,,08,20220803,20131205,SP,7099
19373266,0001,1,FIT COMPANY,02,20131129,20131129,PR,7885
19373347,0001,1,RA FITNESS,02,20131205,20131205,RJ,5923
07737623,0044,2,,08,20190827,20131206,SP,7107
19377757,0001,1,,08,20140724,20131206,MG,4263
19387801,0001,1,ACADAMIA PHYSICAL SPACE,04,20260518,20131210,RJ,5807
19397333,0001,1,ACADEMIA FITNESS,02,20131211,20131211,PE,2513
18973960,0002,2,ACADEMIA EVOLUTION,08,20171221,20131211,RO,0005
19400439,0001,1,NUCLEO DE ATIVIDADES DINAMICA,02,20260603,20131212,MG,4045
19405805,0001,1,LEV - GESTAO ESPORTIVA PARA CONDOMINIOS,08,20250114,20131129,PR,7535
19408975,0001,1,BY FITNESS,08,20150625,20131213,MG,4083
19409962,0001,1,,08,20180103,20131213,MG,4123
19413575,0001,1,ACADEMIA STYLLO FITNESS,08,20190628,20131216,PE,2413
19414270,0001,1,FUSION FITNESS,08,20161215,20131213,PA,0054
19414526,0001,1,CLUBFIT ACADEMIA FUNCIONAL,08,20250514,20131213,SE,3105
12111482,0001,1,,04,20210310,20100222,SP,7149
19421248,0001,1,S.M.A.R.T TEAM - MUDANCA DE COMPORTAMENTO INTELIGENTE,08,20150724,20131217,SP,7107
19422642,0001,1,G FITNESS GYM,02,20131216,20131216,PB,0468
19425694,0001,1,W FIT,08,20180906,20131217,GO,9373
19431037,0001,1,ACADEMIA WOMAN FITNESS,08,20140611,20131219,SP,6861
19446461,0001,1,FITWAY EXERCICIO ORIENTADO,02,20131216,20131216,PR,7667
19447073,0001,1,POWER FITNESS,02,20131226,20131226,MG,4229
19451801,0001,1,,02,20250325,20131227,SP,7107
17739101,0001,1,ACADEMIA VIDA ATIVA,08,20200204,20130313,MT,0119
16992140,0001,1,APOLLU S FITNESS CENTER,08,20161220,20121009,RN,1779
19458338,0001,1,ACADEMIA FENIX,08,20240111,20140102,PE,2633
19464648,0001,1,BODY WORK ACADEMIA,08,20161024,20140103,MG,5403
19465611,0001,1,,02,20260609,20131226,MT,9871
19468138,0001,1,ACADEMIA VIGOR,04,20210407,20140103,BA,3849
19490752,0001,1,STUDIO R FITENESS ACADEMIA,02,20131113,20131113,RJ,5871
19052569,0001,1,A3 SYSTEM,08,20150602,20131011,SP,6789
13475866,0018,2,FORMULA,08,20141130,20140109,RJ,6001
19501435,0001,1,,08,20201222,20140109,RJ,6001
19505693,0001,1,MOVE UP FITNESS,08,20180201,20140111,MG,4625
19509667,0001,1,COACH CASAGRANDE CENTRO DE TREINAMENTO,02,20140113,20140113,ES,5703
19511803,0001,1,ACADEMIA STUDIO CORPPU'S,02,20140113,20140113,SC,8329
19515856,0001,1,RIZZOLI TINAMENTO PERSONALIZADO,08,20240506,20140114,PR,7985
19522441,0001,1,EVOLUCAO JIU-JITSU FIGHT,04,20181213,20140113,MT,1046
19532143,0001,1,ACADEMIA ONIX,08,20220826,20140116,SP,6511
19543861,0001,1,CFIT CENTRO FISICO DE TREINAMENTO,02,20140117,20140117,PB,2051
19547466,0001,1,ACADEMIA CORPO FITNESS,08,20180201,20140119,MS,9073
10792068,0003,2,,08,20180403,20140120,SP,7145
19554194,0001,1,ACADEMIA VIDA E SAUDE,02,20140120,20140120,BA,3595
19557714,0001,1,,08,20240711,20140117,SP,7107
19562879,0001,1,STUDIO CONCEITO,08,20211103,20140121,MG,4371
19564519,0001,1,,08,20201214,20131205,CE,0989
19569116,0001,1,ACADEMIA SPA FITNESS,04,20210422,20140121,BA,3855
19575796,0001,1,ACADEMIA SPORT CENTER,04,20181120,20140123,MS,1196
12610033,0001,1,,02,20100915,20100915,SP,7117
19585699,0001,1,WALLACE PERSONAL TRAINER,04,20240813,20140124,PA,0427
19594541,0001,1,LOTUS ESTUDIO DE PILATES,04,20190115,20140124,RJ,6001
19597179,0001,1,ASSOCIACAO ANASTACIANA DE JIU-JITSU,08,20230206,20131213,SP,7055
19600346,0001,1,ACADEMIA YOU FIT,02,20220205,20140127,RR,0036
19604374,0001,1,FM SPORTS,08,20180319,20140128,SP,6179
10603119,0004,2,STEPHEN AIRES PERSONAL TRAINER,08,20251029,20140127,BA,3363
19609497,0001,1,PHISICAL FORM,02,20140123,20140123,RJ,5883
19612521,0001,1,EXPLOSAO ACADEMIA,08,20241018,20140121,RJ,0786
19613982,0001,1,STUDIO LAFIT,02,20140124,20140124,DF,9701
19618505,0001,1,ACADEMIA CORPOS ESCULTURAIS,08,20211111,20140129,GO,9227
19620445,0001,1,SILVAKLEBER,08,20180201,20140130,SP,6511
19620861,0001,1,NEW FORMULA FITNESS ACADEMIA,08,20190513,20140130,SC,8027
19620995,0001,1,ACADEMIA FB FITNESS,02,20140129,20140129,CE,1389
19621345,0001,1,SUPERE ACADEMIA,02,20140130,20140130,PA,0483
19625556,0001,1,..,02,20140130,20140130,SP,7145
19630729,0001,1,ACADEMIA VAL FITNESS,08,20240222,20140130,RJ,6001
19631482,0001,1,VIDATIVA GYM,02,20140131,20140131,RJ,6001
19642096,0001,1,LEANDRO MAGNO ACADEMIA,02,20210408,20140203,PI,1023
16970910,0002,2,,08,20200113,20140127,PI,1113
19650970,0001,1,STUDIO CORPO PERSONAL TRAINER,02,20140204,20140204,SP,6583
19651060,0001,1,TOP POINT,08,20160307,20140204,SP,6425
19657982,0001,1,,02,20140205,20140205,MG,4587
19665935,0001,1,SUPERACAO ACADEMIA PERSONALIZADA,08,20240315,20140203,PR,7493
19667753,0001,1,ACADEMIA BELLA FORMA,08,20161027,20140129,MT,1032
19670294,0001,1,,02,20230125,20140206,SP,6681
19672293,0001,1,DEEP WATER RUNNING PROF. ED,02,20140206,20140206,DF,9701
19674938,0001,1,IRON FITNESS,04,20190129,20140205,CE,1487
19676940,0001,1,,08,20200929,20140207,SP,7145
19683982,0001,1,VERSIANI ESPORTES,08,20241212,20140209,MG,4123
19687566,0001,1,ACADEMIA FIT4LIFE,02,20140210,20140210,CE,1389
19688094,0001,1,UPPER STUDIO DE PILATES LTDA,02,20140207,20140207,SP,7107
19690087,0001,1,STUDIO DO CORPO,02,20140207,20140207,RS,8899
19691397,0001,1,ESPACO SAO FRANCISCO,08,20180314,20140211,CE,1455
19692632,0001,1,,08,20230801,20140210,RS,8877
19694083,0001,1,CORE PLUS,02,20140210,20140210,SP,7107
17100461,0001,1,ESTUDIO DE PILATES PATRICIA AZEREDO LTDA,08,20150630,20121009,RS,8801
19694696,0001,1,,08,20200904,20140210,MG,4277
19703273,0001,1,SLIM PILATES STUDIO,02,20140212,20140212,SP,7107
19705105,0001,1,ESTUDIO CRAVOROSA,02,20140212,20140212,BA,3685
10656828,0002,2,ATHENTIC POINT,08,20230813,20140130,PR,7667
19711723,0001,1,TIME ACADEMIAS PLANALTO,08,20181001,20140213,MG,5403
19712103,0001,1,GROPPO FITNESS,02,20140211,20140211,RJ,2913
19713042,0001,1,FITCORE,08,20190923,20140211,RS,8801
19714110,0001,1,KAWAII & HARMONIA,08,20170609,20140213,PR,7535
19719728,0001,1,DELFIT,02,20140214,20140214,MG,5249
19720496,0001,1,FEMININA ACADEMIA,08,20200317,20140214,MG,5249
14872228,0001,1,PLAYFIT PERSONAL STUDIO,02,20120112,20120112,MS,9787
19731346,0001,1,TOP FITNESS,08,20171026,20140217,SP,7075
19739270,0001,1,JOSE ALEXANDRE FILHO,02,20201210,20140218,SP,7107
19741189,0001,1,,08,20141216,20140218,SP,6861
19747993,0001,1,VIDA ATIVA E SAUDE,08,20180122,20140219,ES,5653
19749181,0001,1,FABIO TORRES DE SOUZA,08,20141203,20140213,PR,7493
19749335,0001,1,BELA'S ACADEMIA,08,20210210,20140219,RS,8945
19751303,0001,1,FORCA EM MOVIMENTO,04,20220608,20140219,AL,2871
19757184,0001,1,,08,20140514,20140220,SP,6689
19767035,0001,1,,02,20140221,20140221,CE,1389
19770190,0001,1,GO RIGHT,04,20240807,20140220,SP,7107
19776245,0001,1,GET FIT SLZ,08,20160203,20140220,MA,0921
19777321,0001,1,4J CENTRO DE TREINAMENTO,08,20180201,20140224,SP,7149
19777597,0001,1,DUO TRAINING,04,20181107,20140224,BA,3849
19780826,0001,1,ACADEMIA CORPO FITNESS,02,20140221,20140221,BA,3521
19781010,0001,1,SUPERACAO ACADEMIA,08,20210930,20140224,MG,4111
19782719,0001,1,CHOSEN FIGHT TEAM,08,20180301,20140224,SC,8041
19784853,0001,1,BORA !,02,20140224,20140224,RJ,5897
19790075,0001,1,,04,20210203,20140225,SP,6249
16604606,0001,1,,08,20130830,20120731,MG,4371
19792247,0001,1,ACADEMIA TOP GYM,02,20140225,20140225,SC,8057
19793305,0001,1,BIO FITNESS PERSONAL TRAINER,08,20161215,20140221,PR,7483
12910228,0001,1,,08,20130528,20100928,SP,6229
19807603,0001,1,NINJA FITNESS CENTER,08,20190516,20140227,SP,6191
19814152,0001,1,IDEAL FITNESS,08,20150325,20140228,SP,7107
19817227,0001,1,CAROL COSTAH,08,20150506,20140302,MT,9777
19817382,0001,1,LVX,02,20231117,20140303,SP,6969
19817539,0001,1,,08,20190814,20140303,SP,6597
19820578,0001,1,TEMPLO FISICO,04,20240823,20140305,PB,2051
09623291,0001,1,MOVIMENTO FITNESS,08,20220214,20080613,MT,9151
19824633,0001,1,,08,20250117,20140306,SP,7115
19828476,0001,1,THAIS BARBOSA - GINASTICA LABORAL,08,20180201,20140306,PR,7691
19831801,0001,1,ACTIVITE PE,08,20200408,20140307,PE,2513
19832855,0001,1,CARLESSO TREINAMENTO FUNCIONAL,02,20140307,20140307,SC,8057
19833339,0001,1,AERO FORMA ACADEMIA,02,20140307,20140307,CE,1265
19833737,0001,1,ACADEMIA BOA FORMA,04,20231027,20140307,SE,3129
19561129,0001,1,FITNESS CLUB SPORTS LAZER E SAUDE MELHOR PERFORMANCE 23,04,20181212,20140120,TO,0191
19834784,0001,1,ACADEMIA MOVEMENT,08,20170315,20140307,RS,8877
19835151,0001,1,ESPACO PILATES,08,20210921,20140307,SP,6843
19835470,0001,1,EFRAIN/J.A.SPORT,08,20210208,20140307,PR,7553
19836367,0001,1,DELFOS ACADEMIA,02,20140307,20140307,GO,9307
19838674,0001,1,ACADEMIA FISIOFITNESS,08,20180327,20140308,GO,9201
19838828,0001,1,BEBEL FERREIRA FITNESS CLUB,08,20221103,20140308,MG,4669
19839713,0001,1,,04,20210323,20140309,SC,8047
19840452,0001,1,ACADEMIA CELOS,08,20140414,20140307,AL,2785
19842615,0001,1,CENTRO DE TREINAMENTO BETTERLIFE,04,20190201,20140227,PI,1043
19843532,0001,1,CORPUS ACADEMIA,02,20140310,20140310,SE,3105
19844065,0001,1,ACADEMIA L.A FITNESS,04,20231030,20140310,GO,0077
19848380,0001,1,A J FITNESS,08,20190212,20140310,RN,1761
19849871,0001,1,ACADEMIA KADOSH,04,20260518,20140121,RJ,6001
19850786,0001,1,ACADEMIA BMR,02,20140311,20140311,SP,6553
19852240,0001,1,,08,20220826,20140311,RS,8813
19854277,0001,1,ACADEMIA ATOMICA,02,20140311,20140311,SC,8219
19854287,0001,1,PERSONALIZE ACADEMIA,02,20140311,20140311,MG,4341
19857869,0001,1,CHILDERICO ROBSON ACADEMIA,08,20220413,20140312,PI,1219
19863389,0001,1,ACADEMIA ULTRA,02,20140312,20140312,GO,9221
19868724,0001,1,JADERSON,08,20180201,20140313,RS,8841
19868896,0001,1,NILTON PERSONAL,08,20210607,20140313,PR,7493
19870202,0001,1,GYM MEGA FORM,08,20230223,20140313,RJ,2909
15458440,0002,2,GW ACADEMIA,08,20160608,20140224,CE,1411
19873383,0001,1,ACADEMIA IMPACTUS,08,20230721,20140313,SP,2965
19876805,0001,1,,08,20190225,20140314,SP,6323
19878035,0001,1,ATHLETIC FIT,08,20180201,20140314,RN,1779
19880751,0001,1,VITA CORPUS STUDIO PILATES,08,20210505,20140314,SP,6921
19889091,0001,1,ESPACO ZEN,08,20161130,20140317,MG,5397
19890488,0001,1,ACADEMIA MEGA CORPO,08,20211210,20140313,RS,8751
19892939,0001,1,TATO ACADEMIA,08,20210211,20140317,PR,7749
13226966,0001,1,PROEVOLUTION PERSONAL TRAINING & PILATES,02,20110209,20110209,SP,6511
19897789,0001,1,,02,20140318,20140318,RJ,5925
19898202,0001,1,,02,20140317,20140317,SP,6163
19899607,0001,1,POWER FITNESS,02,20140318,20140318,MG,5441
19903348,0001,1,ESPORTE FITNESS,02,20140318,20140318,RN,1643
19907317,0001,1,ANA CLARA DA SILVA PERSONAL,08,20140627,20140319,MG,4123
18486278,0001,1,FORMA E FORMAS ACADEMIA,04,20240807,20130710,SC,8233
19916467,0001,1,DANIEL PERSONAL,08,20240812,20140320,SP,7107
19921722,0001,1,,08,20150922,20140321,SC,8105
19927727,0001,1,,08,20190711,20140321,SP,6291
19928045,0001,1,2ENHANCE,08,20140521,20140321,SP,7107
19933645,0001,1,,04,20220608,20140227,MA,0803
19944512,0001,1,,02,20140325,20140325,RS,8729
19945174,0001,1,RAMFIT PERSONAL TRAINER,02,20140325,20140325,SP,7107
19947786,0001,1,RICARDO ENNES,04,20210318,20140325,SC,8073
19948407,0001,1,SPORTFIT,02,20140325,20140325,PA,0427
19353537,0001,1,LIFE STYLE EFFORT,08,20200929,20131202,SP,6415
19951125,0001,1,ACADEMIA DINAMICA,04,20210304,20140326,RS,8669
19955520,0001,1,TIME4FIT ACADEMIA,08,20160229,20140326,PE,2531
19960866,0001,1,HENRIQUE NEU PERSONAL TRAINER,08,20170103,20140327,SC,8105
19961376,0001,1,TIAGO RETZLAFF NUNES COACH TRAINING,08,20181204,20140327,RS,8801
11135814,0029,2,SMART FIT,08,20190708,20140327,RJ,6001
19970914,0001,1,EDIVIVERBEM,08,20160819,20140328,PR,0842
19977095,0001,1,LEO TRAINER,08,20180201,20140330,MG,4733
19977416,0001,1,ACADEMIA PERFORMANCE,08,20180201,20140330,SP,7083
19977678,0001,1,DUMITH ESTUDIO E ACADEMIA,02,20191001,20140325,RS,8587
19979002,0001,1,,04,20220608,20140325,RS,8963
19979645,0001,1,SMART FIT FLORIANOPOLIS,08,20211230,20140331,SC,8105
19986943,0001,1,ACADEMIA ESPACO FITNESS,04,20190130,20140401,PE,2583
19987374,0001,1,,08,20180201,20140401,RS,8585
26436410,0002,2,FILIAL CRUZEIRO,03,20260522,20140328,DF,9701
19991383,0001,1,ACADEMIA PONTANI FITNESS,08,20190812,20140401,SP,6755
19992541,0001,1,ACADEMIA MEDIDA CERTA,08,20150122,20140401,SP,6875
07594978,0096,2,SMARTFIT,02,20140401,20140401,SP,7107
19996811,0001,1,STUDIO PERSONAL TRAINER FATIMA SCHMULLER,08,20190429,20140401,SC,8047
19998484,0001,1,AG FITNES,02,20140402,20140402,MA,0154
19999203,0001,1,ESPACO BEM ESTAR FITNESS,08,20161231,20140402,SC,5561
20000861,0001,1,D' FITNESS ACADEMIA,08,20230131,20140402,MG,0618
20001203,0001,1,BIO STUDIO PERSONALIZADO - UNIDADE 1,02,20140402,20140402,SP,6231
10511552,0001,1,PRIORITY STUDIO FITNESS,04,20260529,20081121,TO,9733
20002565,0001,1,,04,20210212,20140402,GO,0051
20006500,0001,1,H7 FITNESS CLUB,02,20140401,20140401,CE,1389
20006801,0001,1,CARLA RUBIANA BASILIO ME,08,20140618,20140402,SP,7107
20007532,0001,1,ELIGUEDES PERSONAL,04,20240902,20140402,SP,7057
20008144,0001,1,STREET GARRA,08,20191017,20140403,RN,1863
20011020,0001,1,MARCELO,08,20180125,20140403,MG,4865
20019812,0001,1,ACADEMIA TOP MASTER,04,20210407,20140403,BA,3849
20020080,0001,1,,08,20160211,20140403,RS,8625
20022541,0001,1,SAUDE HIPERATIVA ACADEMIA DE GINASTICA,08,20141117,20140404,PE,2381
20025117,0001,1,ALEGRE SPORT CENTER,02,20140403,20140403,ES,5603
19585867,0001,1,ESPACO YUJIN,08,20180613,20140108,GO,9373
20035205,0001,1,ACADEMIA FORCA PLENA,08,20240527,20140404,CE,1569
10496932,0012,2,SMARTFIT,08,20150417,20140407,SP,7057
20038218,0001,1,,08,20140925,20140407,BA,3573
20040782,0001,1,ROCKS FIT ACADEMIA,02,20140402,20140402,RN,1761
20041908,0001,1,,08,20220822,20140224,PR,7691
20046027,0001,1,STUDIO IBALANCE PILATES E ESTETICA,02,20140408,20140408,SP,7107
20046712,0001,1,ACADEMIA DEDOS CENTER,04,20210409,20140408,PE,2357
20052150,0001,1,BREDA KIDS LTDA,02,20140409,20140409,GO,9373
09557354,0002,2,CORPO MAIS,08,20221215,20140407,DF,9701
20053333,0001,1,,02,20140409,20140409,MG,4895
20053646,0001,1,STUDIO FUNCIONAL,08,20180308,20140409,SP,6553
20054036,0001,1,ACADEMIA DO CHINA,04,20210416,20140409,MG,4895
20055277,0001,1,BETO ALCANTARA,04,20210309,20140409,PR,7667
20055830,0001,1,ACADEMIA DE GINASTICA,04,20210419,20140409,SP,5447
20055932,0001,1,ELO CONDICIONAMENTO FISICO,02,20140409,20140409,CE,1389
20057570,0001,1,AFS TREINAMENTO FUNCIONAL,08,20180201,20140410,PE,2457
20058131,0001,1,XPORTS CLUB,02,20140409,20140409,RJ,6001
20059626,0001,1,CTJEAN LIMA,02,20220328,20140410,AL,2785
13475866,0021,2,,08,20141130,20140410,SP,7107
20064411,0001,1,STUDIO IMPERIO BRASIL,08,20220708,20140410,RS,8951
20067214,0001,1,DROP7 ACADEMIA,08,20140903,20140411,SP,6311
20067389,0001,1,SPA DUNAS ACADEMIA,08,20210812,20140411,CE,1319
20070271,0001,1,ACADEMIA SHOW FITNESS,08,20170317,20140410,GO,9373
20072885,0001,1,,08,20141030,20140411,SP,6549
20076738,0001,1,,04,20210419,20140414,SP,6713
20077956,0001,1,MARCELO AUGUSTO TORRES MUNHOZ,08,20210320,20140414,MG,4123
20082561,0001,1,BOX PUIATI,02,20140414,20140414,MG,4111
20082637,0001,1,ESPACO FITNESS TOTAL,08,20150312,20140414,RJ,5801
20082892,0001,1,OXXY,08,20160913,20140411,SC,8027
20083385,0001,1,R2,08,20220524,20140414,SP,7233
20083635,0001,1,X-PLOUD ACADEMIA,08,20180201,20140414,PA,0627
20084061,0001,1,ESPACO MULTIVITAL,08,20170828,20140414,RJ,6001
20084642,0001,1,,04,20260515,20140409,CE,1499
20085384,0001,1,STUDIO MAYKA PILATES CLINICA DE FISIOTERAPIA,08,20160913,20140415,CE,1389
12661941,0001,1,ACADEMIA AREA VIP FRG,08,20240802,20100928,PR,9983
20089987,0001,1,,02,20140415,20140415,SP,6291
20096317,0001,1,STUDIO MR,08,20210129,20140416,MG,4123
20098310,0001,1,TEAMCHICO ACADEMIA,04,20260601,20140416,SP,7107
20098830,0001,1,,08,20150609,20140416,SP,6689
20100180,0001,1,ACADEMIA FHISICOOL,08,20140715,20140416,RJ,5865
20106925,0001,1,LUNA TREINAMENTO PERSONALIZADO,08,20150606,20140418,SP,6979
20112400,0001,1,,02,20140422,20140422,SP,3065
17074161,0001,1,ACADEMIA VIDA ATIVA,04,20210218,20121026,MT,9887
20118640,0001,1,,04,20210304,20140423,RS,8541
20118990,0001,1,,08,20181031,20140423,SP,7107
20121551,0001,1,XTREME,08,20191107,20140422,ES,5603
20128789,0001,1,ACADEMIA RM,02,20140424,20140424,GO,9221
20130022,0001,1,ACTION 360,08,20190916,20140424,SP,7107
20133066,0001,1,ELITE FITNESS CENTER,02,20140414,20140414,ES,5629
20146826,0001,1,PROFIT ACADEMIA,08,20140609,20140428,SC,8373
20149005,0001,1,ACADEMIA CLIMA 3,02,20140319,20140319,RJ,5857
20149751,0001,1,SU FITNESS ACADEMIA,02,20140428,20140428,PA,0415
20150284,0001,1,PRATIQUE PILATES,08,20140611,20140428,SP,7107
20153751,0001,1,LU PERSONAL TRAINER,08,20231128,20140428,DF,9701
20154203,0001,1,LEANDRO LEITE MEI,08,20171218,20140428,SP,7107
20156541,0001,1,ACADEMIA BODY FITNESS,08,20160229,20140429,MG,5347
20161096,0001,1,ACADEMIA O2,08,20171221,20140429,PR,5487
19382697,0001,1,ORSI ACADEMIA,02,20131205,20131205,SC,8117
20162209,0001,1,ANDY FITNESS,04,20210406,20140429,SP,7075
20166226,0001,1,,08,20141230,20140430,SP,6979
14619369,0001,1,TXB ACADEMIA,04,20240813,20111110,MG,4445
20168210,0001,1,ESPACO VIDA DE YOGA,04,20210406,20140430,SP,7075
20169699,0001,1,,08,20150327,20140430,SP,6163
20171470,0001,1,TITI PERSONAL,08,20210909,20140501,SP,7107
20172791,0001,1,ACADEMIA CORPO E AGUA,08,20150408,20140501,PE,2337
20176751,0001,1,ACADEMIA PERSONAL FITNESS,02,20140502,20140502,RN,1787
20177522,0001,1,R C FITNESS,08,20240624,20140502,MA,0769
20178550,0001,1,ANELIM,08,20220114,20140503,SP,7107
20180847,0001,1,ACADEMIA DO LENO,02,20140429,20140429,BA,3849
20182505,0001,1,,02,20140505,20140505,SP,7107
17353401,0001,1,CONTORNO DO CORPO,02,20130103,20130103,MG,4123
20189929,0001,1,ACADEMIA HAJIME,08,20190422,20140506,SC,8055
20154780,0001,1,ANDRES,08,20170906,20140429,SP,7121
20196839,0001,1,,08,20180207,20140506,PR,7667
20197482,0001,1,TREINE O RITMO-TREINAMENTO ESPORTIVO,08,20180201,20140506,SP,7107
20197724,0001,1,EDY PERSONAL,08,20190521,20140506,PB,2051
20199122,0001,1,CIA DA SAUDE,08,20161018,20140507,PE,2531
20200178,0001,1,CT-FITNES STUDIO PERSONAL TRAINER,08,20170330,20140507,PA,0475
20200387,0001,1,,02,20140505,20140505,RS,8651
20204309,0001,1,JO FIT ACADEMIA,08,20220131,20140507,MT,9831
20207918,0001,1,ACADEMIA IMPERIUM GYM,08,20171009,20140507,AL,2719
20210442,0001,1,SAMUEL CAETANO TREINAMENTO PERSONALIZADO,04,20210224,20140508,CE,1389
07594978,0081,2,,02,20131128,20131128,CE,1389
20217395,0001,1,VORAZ,08,20150122,20140509,DF,9701
20495614,0001,1,ESTUDIO NEW LIFE,02,20140620,20140620,PB,1981
20497499,0001,1,MAXIMIZE,08,20140917,20140625,MG,4865
20498774,0001,1,,02,20140625,20140625,MG,4733
20498984,0001,1,JULIANA SOARES SANTOS AMANCIO CONDICIONAMENTO FISICO,08,20231009,20140625,PB,1981
20501734,0001,1,CRIATIVA SPORT,08,20180201,20140625,ES,5705
20503338,0001,1,ACADEMIA ESTILO DO CORPO,04,20210423,20140623,RN,1603
20503968,0001,1,ACADEMIA ATHLETIC CENTER CAICARA,08,20230925,20140626,MG,4123
20505147,0001,1,STUDIO HERCULES,04,20210224,20140626,RR,0301
20515301,0001,1,ESCOLA DE RITIMOS - AMANTES DA DANCA,04,20190117,20140627,BA,3573
20517938,0001,1,,08,20241002,20140628,SP,6769
20522944,0001,1,WELLNESS STUDIO,08,20190613,20140630,RS,8599
20523550,0001,1,ROUND1,02,20140630,20140630,SP,7107
20523805,0001,1,ADRIELE RIBEIRO RA,08,20170811,20140630,SP,6553
20525262,0001,1,,08,20210823,20140630,RJ,5807
20526946,0001,1,PROFESSOR DANIEL SERENO,08,20140822,20140630,RJ,6001
20527950,0001,1,ESPACO SUPERACAO,08,20141119,20140630,SP,7075
20533191,0001,1,ESTUDIO MOVIMENTO PILATES E FITNESS,08,20181023,20140701,MG,5249
20533917,0001,1,ALVARO BARROS TREINAMENTO PERSONALIZADO,08,20151207,20140701,PE,2531
20534362,0001,1,MB RUNNERS ASSESSORIA ESPORTIVA,02,20140701,20140701,RJ,6001
20537454,0001,1,TARSIO LUIS CARDOSO DA SILVEIRA,08,20161111,20140702,MG,5111
20540362,0001,1,ACADEMIA FORCA BRUTA,08,20141104,20140630,RS,8791
20541359,0001,1,KARITA MATOS PILATES E CIA,08,20150121,20140702,MG,4539
20545302,0001,1,ALEXFITNESS,08,20180201,20140702,AM,0255
20545952,0001,1,HENRIQUE LELIS,08,20161120,20140702,RJ,6001
20550843,0001,1,CENTRO DE TREINAMENTO DHULK TEAM,04,20220610,20140703,SP,6597
20551055,0001,1,,08,20141111,20140703,SP,6219
20552146,0001,1,PONTO FITNESS,04,20260512,20140703,ES,5647
20555065,0001,1,RITMO & SAUDE FITNESS,08,20180807,20140704,SP,6291
20556465,0001,1,ESTUDIO PILATES FABIANA RODRIGUES,08,20190701,20140704,MG,4959
20558683,0001,1,GOOD SHAPE,02,20140704,20140704,PA,0595
20582176,0001,1,BIOSTUDIO PILATES E TREINAMENTO FUNCIONAL,02,20140706,20140706,RS,8801
20584292,0001,1,FREE LIFE FITNESS,08,20200213,20140704,SP,6163
20588441,0001,1,A,08,20140917,20140707,RN,1761
20594358,0001,1,STRONGER SPORTS,02,20220308,20140708,SP,7135
20594856,0001,1,ACADEMIA FITNESS E SAUDE,08,20190729,20140708,RS,8535
20595041,0001,1,A FORMULA,02,20140703,20140703,AL,2705
20596673,0001,1,TOP FIT TRAINING CENTER,02,20140708,20140708,SC,8055
20596852,0001,1,BOO ACADEMIA,08,20220209,20140703,SC,8047
20598552,0001,1,GALPAO FITNESS,04,20210408,20140708,RJ,5877
20600074,0001,1,ACADEMIA CLFN,02,20140709,20140709,SE,3105
20602311,0001,1,ESPACO LIFE PILATES,08,20211015,20140704,RS,8801
20603052,0001,1,CRISTHOFENES PERSONAL,08,20180827,20140709,PB,2051
20611577,0001,1,ACADEMIA SPORT FITNESS,08,20180205,20140710,MG,4347
20613293,0001,1,HALTERNATIVA,02,20140710,20140710,RJ,5897
20614776,0001,1,ARTE FISIO,08,20210223,20140710,MG,4123
20616576,0001,1,,08,20161006,20140711,MG,5047
20618342,0001,1,VITAL ESTUDIO DE PILATES,08,20180201,20140711,ES,5705
20618749,0001,1,OLD SCHOOL GYM,04,20260601,20140711,SP,7107
20620156,0001,1,LUCFITNESS,04,20210304,20140711,RS,8599
20620421,0001,1,ACADEMIA PHYSICAL,02,20140711,20140711,MG,4191
20623851,0001,1,CENTRAL FITNESS,08,20161222,20140712,MG,4023
20624471,0001,1,MARINA,08,20170327,20140713,SP,6295
20625040,0001,1,FARTURA ESPORTE;FITNESS;LAZER&EVENTO,08,20170912,20140713,RJ,6001
20633620,0001,1,ACADEMIA SPORT FITNESS,02,20140714,20140714,BA,3971
20633789,0001,1,"NF ASSSESSORIA ESPORTIVA, PERFORMANCE E SAUDE",08,20180201,20140714,SP,7107
20636009,0001,1,PROGRESSO FITNESS,02,20140714,20140714,RJ,6001
20636955,0001,1,LUPA EMPORIO DO FITNESS,08,20230707,20140715,SP,6595
20639295,0001,1,,04,20181016,20140715,SP,7107
20640092,0001,1,,08,20160530,20140715,SP,6639
20644492,0001,1,EMOM FITNESS,08,20150826,20140716,SP,6643
20649473,0001,1,SANTA ANA ACADEMIA,08,20161206,20140716,SP,6213
20652532,0001,1,MUARA,08,20220402,20140717,SE,3233
20654761,0001,1,CONSCIENCIA CORPORAL,04,20210316,20140717,RJ,5867
20657526,0001,1,MARCELA PAULINO PILATES E FISIOTERAPIA,08,20180201,20140717,PR,7557
20661380,0001,1,LUCIANO INACIO,08,20180201,20140718,SP,7077
20663010,0001,1,FIT POINT,08,20190531,20140701,SP,7107
20663542,0001,1,FLOW ACADEMIA,08,20160309,20140718,MG,4865
20670652,0001,1,A S PERSONAL,04,20210219,20140720,PA,0427
20672271,0001,1,,02,20140718,20140718,SP,6101
20673616,0001,1,REBECA DE OLIVEIRA - PERSONAL,08,20190703,20140721,PR,7691
20678160,0001,1,ERIK PERSONAL,08,20170518,20140721,MG,4123
20679040,0001,1,,02,20140717,20140717,SC,8047
20679853,0001,1,DAIANA FITNESS,04,20210407,20140721,BA,3413
20680869,0001,1,,08,20200204,20140722,SC,8291
20681966,0001,1,,08,20150910,20140722,SP,6133
20684863,0001,1,,08,20160830,20140722,MG,4123
20685460,0001,1,DON DIAS ACADEMIA,04,20260601,20140722,SP,6713
07382667,0002,2,MUSCLE PRIME JUVEVE,02,20140609,20140609,PR,7535
20694353,0001,1,ASSESSORIA E SAUDE CM,08,20160122,20140723,SP,6291
20617348,0001,1,BERG CAPOEIRA E ATIVIDADES ESPORTIVAS,08,20141209,20140711,BA,3849
20705389,0001,1,PERSONAL STUDIO,02,20211202,20140724,GO,9221
20705683,0001,1,LOTUS ACADEMIA FEMININA,04,20210212,20140722,MT,9151
20712860,0001,1,ACADEMIA TABOATE,04,20231026,20140724,CE,1343
20715996,0001,1,MARIANA ROCHA DINIZ,04,20260519,20140727,MG,4895
20716019,0001,1,ESPACO REABILITAR,08,20151222,20140728,RJ,6001
20716591,0001,1,EMANUEL PERSONAL,08,20220713,20140728,PR,7667
20717217,0001,1,BENICIA CARVALHO PERSONAL TRAINER,08,20180201,20140728,SP,7107
20718294,0001,1,ESTUDIO CORPO E MENTE EM MOVIMENTO,08,20180514,20140728,SP,6629
15689461,0003,2,NEW RANKING,08,20150202,20140728,MG,5091
20723127,0001,1,FLAVIA G VAZ NUTRICAO E PERSONAL TRAINER,08,20180201,20140728,RJ,5867
20727761,0001,1,TATI FOR WOMAN,08,20210428,20140729,RS,8697
20731987,0001,1,AMANDA DE LIMA PERSONAL TRAINING FOR WOMEN,08,20150423,20140729,SP,7107
20734393,0001,1,SHEID FERNANDES DE OLIVEIRA,08,20160825,20140729,SP,6969
20738147,0001,1,STABILIZE,08,20190314,20140730,RS,8729
20739966,0001,1,CROSS FIT Z,08,20190226,20140730,SP,7135
20741330,0001,1,,02,20140730,20140730,SP,7107
20743633,0001,1,PRIME SAUDE ESPORTE ARTE E LAZER,02,20230127,20140730,GO,9227
20749640,0001,1,SALLA SAUDE INTEGRATIVA,02,20140731,20140731,SP,6291
20754960,0001,1,ACADEMIA STUDIO CORPO RENATA VIANA,02,20140716,20140716,RJ,5917
20758583,0001,1,,08,20150122,20140801,SP,6547
20760579,0001,1,JONESPORTS,02,20140802,20140802,SP,7107
20764335,0001,1,ACADEMIA FITNESS,08,20180525,20140804,MG,4945
20768822,0001,1,,08,20161205,20140804,SP,6929
20768975,0001,1,,08,20140926,20140804,SC,8175
20772262,0001,1,,08,20141008,20140805,SP,6537
20772557,0001,1,ATITUDE FIT,02,20140805,20140805,PE,2629
20775121,0001,1,ESPACO SHIVA,08,20160503,20140805,SP,6269
20775816,0001,1,LIFE GYM,02,20140805,20140805,MG,5009
20775857,0001,1,,08,20200306,20140801,RS,8915
20779884,0001,1,TRAINER,08,20150909,20140805,SC,8105
20781385,0001,1,,02,20140806,20140806,SP,7097
20782292,0001,1,,08,20200901,20140806,SP,6589
20786378,0001,1,PERSONAL AZEVEDO,08,20191212,20140806,PR,7667
20789023,0001,1,MARTIN,08,20180827,20140807,RS,8845
20790575,0001,1,PERSONAL S F FITNESS,04,20210406,20140807,SP,7017
20793385,0001,1,,04,20210311,20140807,RJ,6001
20797942,0001,1,PERSONAL FELIPE,08,20180201,20140807,RJ,6001
20799131,0001,1,DIAMOND GYM,08,20210129,20140808,SP,7107
20799405,0001,1,CORPO & MOVIMENTO,08,20150422,20140625,PR,7535
20799514,0001,1,COMPLEXO ARENA INIVA,04,20260515,20140808,CE,1389
20802235,0001,1,SPA FISIO AGUIAR,04,20210331,20140808,MG,4905
20802388,0001,1,FITNESS ACADEMIA,08,20260119,20140808,GO,9301
20803644,0001,1,MIX ACADEMIA,04,20210304,20140808,RS,8589
20803964,0001,1,ACADEMIA FORCA BRUTA,02,20230704,20140807,RS,8791
20804025,0001,1,CENTRO DE ARTES MARCIAIS MISTA,08,20180201,20140808,MS,9051
20804750,0001,1,VINICIUS ANDRADE TEAM,08,20150930,20140808,PR,7535
20810181,0001,1,ACADEMIA BIOFITNESS,08,20210211,20140811,PE,2521
20813405,0001,1,,02,20140811,20140811,SP,6291
20815243,0001,1,ACADEMIA CENTRAL FITNESS,02,20230213,20140812,SP,6579
20815651,0001,1,NO2,02,20140812,20140812,SP,6713
20816170,0001,1,CROSSFIT AJU,08,20190228,20140812,SE,3105
11514542,0002,2,ACADEMIA ESPACO CORPORE,02,20260525,20140812,PA,0641
20820632,0001,1,HB ESTUDIO FITNESS,04,20181120,20140811,PB,2051
20823541,0001,1,SL ASSESSORIA HB,08,20180201,20140812,MG,4895
20823694,0001,1,"SALUTE TREINAMENTOS, PALESTRAS E GINASTICA LABORAL",08,20160913,20140812,MT,9167
20825227,0001,1,,08,20160519,20140813,PR,7535
20827723,0001,1,,08,20141008,20140813,SC,8177
20829766,0001,1,,08,20220225,20140813,MG,5385
20830312,0001,1,ACADEMIA BEM ESTAR,08,20180201,20140813,TO,9733
20836379,0001,1,MATURIVITTA - ATIVIDADES FISICAS,08,20190125,20140812,RS,8801
20837206,0001,1,DORNELES FITNESS,08,20141216,20140814,RS,8557
20837905,0001,1,YAMASAKI,04,20260601,20140814,SP,7107
20838927,0001,1,ACADEMIA R1 FITNESS,04,20210210,20140811,DF,9701
20841225,0001,1,,08,20170714,20140814,SP,6219
20845862,0001,1,ESTUDIO PERSONAL 360 GRAUS,04,20210317,20140815,PR,7535
20846866,0001,1,ESTACAO SAUDE,08,20160921,20140812,SC,8105
20847339,0001,1,CROSSFIT IG,08,20230213,20140815,RJ,6001
20849044,0001,1,,08,20170705,20140815,SP,6163
20851175,0001,1,ACADEMIA REVIVA,08,20141006,20140817,SP,6291
20853539,0001,1,SWA AQUATICA,02,20240918,20140818,GO,9227
20864384,0001,1,,08,20200106,20140819,PE,2397
20791387,0001,1,,02,20140807,20140807,SP,6375
20745752,0001,1,MOTA HANDEBOL CLUBE,08,20141124,20140731,PE,2519
20883729,0001,1,PP,08,20230911,20140821,SP,7107
20886951,0001,1,NICOLLY,08,20150220,20140821,PE,2513
20887820,0001,1,VIP TRAINER,08,20181219,20140821,MA,0921
20889577,0001,1,EQUILIBRIO FISICO E MENTAL,08,20160211,20140822,PR,7535
20889914,0001,1,,04,20210304,20140822,RS,8785
20891429,0001,1,TADEU PERSONAL,08,20180201,20140822,RJ,6001
07594978,0101,2,SMARTFIT,02,20140822,20140822,SP,7107
07594978,0104,2,SMARTFIT,02,20140822,20140822,MG,4123
14884968,0002,2,ACADEMIA PRO FITNESS,08,20200820,20140822,GO,9221
20896227,0001,1,ESTUDIO PILATES ANA PAULA ELIAS,08,20251003,20140825,SP,7071
20899682,0001,1,ACADEMIA PERSONAL,08,20180320,20140825,RJ,6001
20904253,0001,1,LA SPORTS14,08,20180201,20140825,RJ,6001
20907715,0001,1,PRINCIPAL FITNESS,02,20140825,20140825,SE,3105
20908811,0001,1,FITPRO,08,20180131,20140826,SC,8147
20908988,0001,1,ESPACO VILA DA SERRA,08,20221221,20140826,MG,4895
20909622,0001,1,LABORVIDA,08,20150701,20140826,PE,2457
20912154,0001,1,QUEEN FITNESS,08,20150803,20140826,PR,7459
20914128,0001,1,,08,20210629,20140826,SP,7107
20918275,0001,1,STUDIO DE PILATES E ACADEMIA FENIX,02,20140827,20140827,SP,7087
20920514,0001,1,ACADEMIA IMPACTO FITNESS,02,20140827,20140827,SP,7057
20920645,0001,1,ESPACO MIX VANIA,08,20161129,20140724,PR,7535
20921012,0001,1,,02,20210927,20140827,RS,8589
20921257,0001,1,TOP PHYSICAL ACADEMIA,08,20170420,20140827,PE,2529
20927924,0001,1,OLIVEIRA PERSONAL,04,20210226,20140828,SP,7107
20928760,0001,1,,02,20230920,20140827,PA,0427
20929500,0001,1,ACADEMIA BODY SHAPE,04,20180828,20140828,GO,9373
20934370,0001,1,START LIFE ACADEMIA,02,20140828,20140828,GO,9625
20935619,0001,1,ACADEMIA SPACO DA MULHER E FAMILIA,08,20250116,20140829,CE,1549
20937672,0001,1,JW TREINAMENTOS,08,20180201,20140829,RJ,6001
20939064,0001,1,CORPO EM FORMA ACADEMIA,08,20161128,20140815,RJ,5875
20939299,0001,1,,02,20140120,20140120,PR,7535
20888534,0003,2,ACADEMIA CORPORE FITNESS,08,20191010,20140821,TO,9733
20946271,0001,1,STUDIO VIP,04,20210413,20140901,SP,6475
20947551,0001,1,COMPLEXO US3,08,20150225,20140829,PB,1981
20948242,0001,1,KAREN SULFIATO,08,20180130,20140901,SP,7097
20949100,0001,1,THIAGO ALAN CONSULTORIA ESPORTIVA,08,20210521,20140901,MG,4123
20959197,0001,1,XTREME COMBAT BOXE CLUBE,08,20180704,20140902,SP,7227
20959350,0001,1,JAQUELINE GRANDO ESTUDIO DE PILATES,08,20170628,20140826,PR,7947
20959851,0001,1,BODY & MOTION PILATES STUDIO,02,20190226,20140902,SP,6181
20963025,0001,1,ADA VASCONCELOS,08,20210210,20140903,CE,1389
20965051,0001,1,BIO SHAPE MENDES,08,20250116,20140902,PA,0427
20969857,0001,1,FRANCINEI FARINAZO TEAM,04,20210319,20140903,RJ,5819
20970256,0001,1,ELIVAFITNESS,08,20150312,20140903,BA,3907
20975372,0001,1,ACADEMIA FLYPPER,08,20220513,20140904,MS,9051
20977300,0001,1,KIDS EMAGRECA COMENDO CENTRO DE ATIV FISICA E RECREACAO,08,20150717,20140904,MG,4865
20979058,0001,1,TALITA AMATO SAUDE EM MOVIMENTO,08,20180511,20140904,SP,6619
20980657,0001,1,BODY BUILDING,04,20260514,20140904,PA,0427
16738149,0011,2,,08,20210512,20140905,SP,6313
20985004,0001,1,APES ACADEMIA,08,20220726,20140905,BA,3363
20829105,0001,1,,02,20140813,20140813,SP,6477
20987656,0001,1,ARI PERSONAL TRAINER,04,20210317,20140906,PR,7691
20987787,0001,1,JKM,08,20180201,20140906,SP,7145
20991344,0001,1,STUDIO FLEX TREINAMENTO FUNCIONAL,08,20160225,20140908,GO,9301
20995419,0001,1,CORPO PERFEITO FITNESS,08,20210524,20140908,MG,4595
21006790,0001,1,MYUKI LIMA PERSONAL TRAINER,08,20180614,20140910,SP,6313
21008664,0001,1,ACADEMIA NEW PHISICUS,02,20140908,20140908,RN,1857
21010682,0001,1,DANI,08,20200921,20140910,SP,7107
21012097,0001,1,TATIANA GOES E CIA DE DANCA,02,20140910,20140910,SP,2951
21021603,0001,1,NOVA FITNESS,08,20161202,20140911,RS,1006
21024462,0001,1,ACADEMIA ATHENAS SPORT FITNESS,02,20140912,20140912,MG,5199
21027030,0001,1,ELO FITNESS,08,20180201,20140912,BA,3429
21027520,0001,1,BODY LIFE,04,20210408,20140912,RJ,5877
21027843,0001,1,,08,20141010,20140912,MS,9113
21033970,0001,1,PREMIUM STUDIO PERSONAL,08,20170302,20140912,BA,1112
21036096,0001,1,A H 2 O ACADEMIA E MODA FITNESS,08,20160524,20140912,DF,9701
21036848,0001,1,,08,20170822,20140915,SP,6475
21039518,0001,1,,08,20150416,20140916,SP,6635
21039993,0001,1,,08,20200729,20140915,PR,7563
21040060,0001,1,M10,02,20140825,20140825,PR,7535
21045064,0001,1,MISTER GREEN,08,20180424,20140916,SP,6559
21049925,0001,1,,08,20161027,20140917,SP,6341
21057223,0001,1,ACADEMIA MOVIMENTO SAUDE LTDA,04,20210309,20140917,PR,9981
21057488,0001,1,PERSONALITE FITNESS,08,20170807,20140917,SP,6141
08048950,0002,2,,02,20140917,20140917,SP,6179
21061314,0001,1,ACADEMIA MEGA FITNESS,08,20190122,20140916,DF,9701
21065689,0001,1,ACADEMIA ORION,08,20180201,20140918,MG,4431
21067034,0001,1,DANIEL PERSONAL,08,20160710,20140918,SP,7149
21072603,0001,1,EVOLUTO,02,20140918,20140918,RS,8599
21077939,0001,1,ACADEMIA DE GINASTICA AEROBICA,08,20180201,20140921,MG,4409
21082865,0001,1,,08,20170430,20140922,RS,8599
21082924,0001,1,ESPACO EQUILIBRIUM,02,20140922,20140922,SP,7107
21085945,0001,1,,08,20200313,20140922,SP,6119
21087628,0001,1,TKO SOCCER,08,20180201,20140922,RJ,5807
21088346,0001,1,NEW FIT ACADEMIA,02,20241205,20140923,MG,4733
21090601,0001,1,ACADEMIA P5,08,20160628,20140507,CE,1389
21093148,0001,1,PROJETO FUTURO,08,20180911,20140923,GO,9375
21096089,0001,1,ESPACO FITNESS,02,20140923,20140923,TO,9311
21104962,0001,1,BODY STRONG FITNESS,02,20140924,20140924,SP,7237
21108585,0001,1,CENTRO DE TREINAMENTO BLESS,02,20140925,20140925,MG,4767
21109417,0001,1,ANDRE LIMA TREINAMENTO ESPORTIVO,08,20180201,20140925,CE,1389
21109807,0001,1,CAINARA PERSONAL,04,20220208,20140925,RJ,6001
21111296,0001,1,WORLD FITNESS,08,20160803,20140925,MG,4447
21113101,0001,1,,04,20210331,20140925,MG,4211
12634771,0002,2,CLUBE 4 - ACADEMIA,04,20210226,20140925,SP,6563
20766631,0001,1,EQUILIBRIO ACADEMIA,08,20230828,20140804,SP,6689
21117904,0001,1,,02,20140926,20140926,RS,8841
21118694,0001,1,MOVIMENTS BRAZIL,08,20151019,20140926,SP,6477
21119361,0001,1,IATP ACADEMIA,08,20150528,20140926,GO,9373
21121951,0001,1,MEIRE VALENTINI PERSONAL TRAINER,08,20150611,20140926,PR,7505
21123474,0001,1,INSTRUTOR THIAGO ARAUJO,08,20180201,20140927,SP,6929
21124229,0001,1,RAMON PECANHA,02,20140927,20140927,RJ,6001
21124833,0001,1,NVA CONSULTORIA E ASSESSORIA ESPORTIVA,08,20140928,20140928,MG,5257
21126864,0001,1,ACADEMIA DE GINASTICA AEROBICA,02,20140929,20140929,PI,1045
21129558,0001,1,FOTO AVENTURA BRASIL,08,20210628,20140929,PB,2051
21131603,0001,1,,08,20160128,20140929,RS,8637
21134859,0001,1,MOVIMENTO,08,20170530,20140930,SP,6163
21134917,0001,1,ACADEMIA NOVA GERACAO II,04,20220209,20140930,SP,7107
21135104,0001,1,GOOD LIFE FITNESS,04,20201029,20140929,BA,3661
21135453,0001,1,HALTH FITNESS,08,20180201,20140930,AL,2855
21137486,0001,1,GN FITNESS ACADEMIA,04,20190530,20140929,RJ,5897
21137527,0001,1,ROMARIZ BIKE STUDIO,08,20241206,20140929,RJ,6001
21138494,0001,1,,08,20141112,20140930,SP,7107
21139447,0001,1,,04,20220126,20140930,SP,6875
21141185,0001,1,W. FORTE,08,20170628,20140923,PR,7687
21142316,0001,1,MILENA VASCONCELOS TREINAMENTO PERSONALIZADO,04,20210407,20140930,BA,3685
21145280,0001,1,GIOVANNI MATOS PERSONAL TRAINER,04,20260515,20141001,BA,3515
21146195,0001,1,PERSONAL M LASAGNO,08,20160818,20141001,SP,7107
21147816,0001,1,SELF IT ACADEMIAS,08,20200504,20141001,PB,2051
21152906,0001,1,,04,20210331,20141002,SP,6843
21153557,0001,1,MULTITRAINING,08,20180313,20141002,PR,7427
21154078,0001,1,CLASS FIT ACADEMIA E ESTUDIO DE PILATES,08,20160406,20141002,PR,7827
21154089,0001,1,,08,20160331,20141002,RJ,5925
21157033,0001,1,,02,20210616,20141002,MG,4123
21166135,0001,1,DANIEL VIDINHA DA SILVA,08,20160328,20141003,RS,8791
08233618,0002,2,BOX A & P,02,20141003,20141003,PA,0427
21172177,0001,1,AWP TREINAMENTOS,02,20141006,20141006,SP,6209
21178748,0001,1,LUCAS ALBUQUERQUE,08,20190523,20141007,PB,2051
21180094,0001,1,CENTRUM PILATES,08,20170905,20141007,DF,9701
21180564,0001,1,FALCON ACADEMIA,08,20220302,20141007,PE,2301
21180964,0001,1,ALEX SANTOS CORRIDA,08,20180201,20141007,SP,6361
21181252,0001,1,TW AUTHENTIC FITNESS,04,20240813,20141004,PA,0427
21183265,0001,1,RESSALVE,08,20160804,20141007,MG,4123
21184243,0001,1,BRUNO PESSOA,08,20180201,20141007,BA,3413
21184371,0001,1,CAROL MALHEIROS PERSONAL TRAINER,08,20180201,20141007,RS,8561
21185101,0001,1,,08,20150122,20141007,RS,8879
21186321,0001,1,FABRICIO HUDSON COIMBRA,08,20210820,20141008,MG,4123
21186680,0001,1,ESPACO PILATES & FITNESS,08,20190424,20141008,RS,8543
21189262,0001,1,MARILIA PERSONAL,04,20210210,20141008,DF,9701
21189389,0001,1,,04,20260605,20141008,SP,6291
21192074,0001,1,,08,20141021,20141008,PR,7535
21192796,0001,1,JM ACADEMIA,04,20190116,20141008,CE,1389
21195518,0001,1,R.M.S PERSONAL FITNESS,08,20180315,20141009,RJ,6001
21195768,0001,1,BEL FIT - ESPACO DE BELEZA,08,20170823,20141008,AL,2785
21196925,0001,1,ACADEMIA BODY VISION,04,20190115,20140929,RJ,6001
21197312,0001,1,STUDIO FITDOLLS DANCE,08,20180622,20141009,MG,4365
21199681,0001,1,ASSESSORIA CORPO EM MOVIMENTO,08,20171219,20141009,RJ,6001
21201121,0001,1,SUPERIOGA,02,20141009,20141009,SP,7107
21202094,0001,1,,08,20151211,20141010,MG,5373
21202453,0001,1,EXTREME FITNESS,08,20160308,20140925,PR,7407
21204017,0001,1,ESPACO UNIAO E SAUDE,02,20141010,20141010,RJ,5865
21206238,0001,1,STUDIO DE PILATES MOVEMENT,08,20180208,20141010,MG,4123
21209602,0001,1,ESPACO ZUM! DANCE,04,20210212,20141011,GO,9227
21213668,0001,1,,04,20220609,20141008,PR,7471
21217966,0001,1,PAULISTA FITNESS,04,20240830,20141014,BA,3621
21222580,0001,1,ACADEMIA NINJA DE ARTES MARCIAIS,04,20210407,20141014,BA,3849
21227565,0001,1,ACADEMIA LIMA FITNESS,04,20181121,20141014,SE,3165
21231312,0001,1,,08,20190330,20141015,SP,6165
21231399,0001,1,,08,20190529,20141015,SP,6979
21237313,0001,1,ANTONIO STUDIO BAMBERG,02,20231023,20141015,BA,3901
21239836,0001,1,HOME TRAINER ASSESSORIA ESPORTIVA,08,20180201,20141016,RJ,6001
21242024,0001,1,STUDIO COACH PERSONAL TRAINER,02,20141013,20141013,PR,7749
21242605,0001,1,CROSSZANCA,02,20260521,20141013,MT,9067
21244226,0001,1,GYM FOR MONSTERS SUPLEMENTOS ALIMENTARES,04,20240807,20141017,SP,7107
21249546,0001,1,EVOLUCAO ACADEMIA,02,20141017,20141017,BA,3791
21250169,0001,1,,04,20210226,20141017,SP,7107
21254121,0001,1,VIVENCE,08,20150330,20141020,GO,9571
21254970,0001,1,RIO FIT BANGU,08,20181004,20141017,RJ,6001
21255801,0001,1,ACADEMIA IMPERIO FITNESS,08,20161229,20141020,SE,3105
21259427,0001,1,ACADEMIA VIDA SAUDAVEL,08,20180307,20141020,RR,0309
21269966,0001,1,ACADEMIA FENIX TAE-BO,04,20210309,20141022,PR,7767
21271142,0001,1,SPEED FORM ACADEMIA,08,20161212,20141022,PR,7885
21271880,0001,1,,08,20190702,20141022,SP,6929
21273938,0001,1,,08,20210809,20141022,RS,8511
21276325,0001,1,R B S ACADEMIA,08,20150120,20141023,SP,7107
21278912,0001,1,VITAL ACADEMIA,02,20141022,20141022,SC,8335
21279530,0001,1,TRITON ACADEMIA,08,20220829,20141021,ES,5699
21280137,0001,1,DJAVAN SUPLEMENTOS,08,20180201,20141023,SP,6291
21282297,0001,1,ICE MUAYTHAI,04,20260518,20141023,RJ,6001
21286545,0001,1,VIP FORCE,02,20141016,20141016,PR,5453
21288448,0001,1,JLRFISICAL,08,20161230,20141024,MG,4309
21290339,0001,1,B23 PERSONAL TRAINER,08,20230209,20141024,PA,0427
21290529,0001,1,PRO TRAINING - ASSESSORIA ESPORTIVA,08,20150618,20141024,RJ,6001
21290553,0001,1,ANDRESSAFITNESS,04,20220127,20141024,RJ,5803
21295646,0001,1,,02,20141024,20141024,SP,7107
21297383,0001,1,BRISAFITNESS,02,20141027,20141027,SC,8185
21306167,0001,1,,08,20210507,20141029,RS,8685
20698240,0001,1,,08,20141029,20140723,SP,7071
21311903,0001,1,EM PLENA FORMA,08,20141106,20141029,AC,0153
21315588,0001,1,KIMURA MACAIBA,04,20210423,20141030,RN,1741
21318957,0001,1,QUALIFIQUE+,08,20180201,20141030,RS,8801
18973960,0003,2,ACADEMIA EVOLUTION,08,20171221,20141030,RO,0019
21324030,0001,1,SCORPION FIT,02,20210716,20141031,AL,2705
21331322,0001,1,SAUDE SUL,08,20150325,20141103,RS,8729
21332794,0001,1,ANDERSON COELHO,08,20180405,20141103,RS,8599
21333088,0001,1,THALITA RIBELA FITNESS,04,20210413,20141103,MG,5401
21333195,0001,1,,04,20260519,20141103,PR,7535
21333839,0001,1,SPACO AQUATICO,02,20141103,20141103,RJ,5921
21336652,0001,1,ACADEMIA THEREE FITNESS,08,20240802,20141103,RS,8511
21337169,0001,1,ATLAS ACADEMIA,02,20141104,20141104,SP,6749
21338528,0001,1,RUDEMAR BQ,08,20150703,20141104,SC,8105
21339740,0001,1,G FITNESS ACADEMIA,02,20210412,20141014,PI,1219
21341069,0001,1,LETS FIT ASSESSORIA ESPORTIVA,08,20151103,20141104,PE,2531
21343120,0001,1,FABRICIO SORRISO,04,20210304,20141105,RS,8869
21347239,0001,1,BIOMETA ACADEMIA,04,20260525,20141105,PE,2605
21282038,0001,1,BRUNO BRAND PERSONAL TRAINER,08,20180709,20141023,RJ,5853
21352222,0001,1,GILINICK FITNESS LAZER E EDUCACAO,02,20141106,20141106,SP,6477
21352640,0001,1,,04,20260519,20141104,RS,8935
21357136,0001,1,ACADEMIA RT FITNESS,08,20201017,20141106,PR,7835
21357551,0001,1,SG FITNESS,02,20141106,20141106,PA,0523
21361495,0001,1,ACADEMIA GERACAO SAUDE FITNESS,08,20210621,20141105,DF,9701
21362079,0001,1,ACADEMIA BOA FORMA,08,20150723,20141106,ES,5699
21363945,0001,1,LETS FIT ASSESSORIA ESPORTIVA,08,20160727,20141107,PE,2531
21366155,0001,1,ACADEMIA DE MUSCULACAO MOVIMENTO FITNESS,08,20190225,20141107,PE,2345
21368926,0001,1,,08,20151021,20141110,MG,4301
14591312,0002,2,EQUILIBRIUM STUDIO FITNESS,08,20160105,20141106,ES,5649
21373723,0001,1,MAX FIT,04,20210224,20141110,CE,1389
21374183,0001,1,ACADEMIA PERFORMANCE,08,20180424,20141110,RS,5993
21375625,0001,1,JULIANO ARRIADA PERSONAL,04,20220208,20141110,SC,8105
21379299,0001,1,COMPANHIA FITNESS,02,20141110,20141110,GO,9609
21385014,0001,1,MAROMBA ACADEMIA,04,20210310,20141111,SP,6291
21391067,0001,1,ATTIVA+,08,20150429,20141112,SC,8047
21392262,0001,1,TINA SPORT & FITNESS,04,20210401,20141112,PA,0443
21395384,0001,1,FABIOLA SAMPAIO,02,20240312,20141112,RJ,6001
09231371,0002,2,ESPACO VITAL,08,20160512,20141113,MG,4133
21407229,0001,1,TRAINER ACADEMIA,08,20180608,20141114,SC,8055
21408370,0001,1,JANA LOVE,08,20161004,20141114,PR,7535
21409991,0001,1,ACADEMIA MOREIRA,08,20141230,20141114,MG,4123
21410933,0001,1,EQUIPE MARCELO BATISTA,08,20210429,20141114,RS,8589
21419778,0001,1,LONG LIFE,02,20141114,20141114,ES,5701
12113251,0002,2,,08,20200206,20141117,PE,2381
21424297,0001,1,STUDIO R13,02,20141117,20141117,RJ,5849
18027855,0002,2,ZN FITNESS,08,20230215,20141117,AM,0255
21425139,0001,1,MENDES & MENDES,08,20160414,20141118,MS,9051
21427250,0001,1,VITAL FITNESS,08,20180201,20141118,RJ,6001
21428231,0001,1,SEVEN ACADEMIA,02,20141117,20141117,BA,3849
21130706,0001,1,ATIVA SPORT CENTER,08,20210714,20140929,SP,6579
21437123,0001,1,,02,20230416,20141119,RS,8773
07485602,0002,2,,08,20160217,20141119,SP,7079
21438035,0001,1,ESPACO SUPERACAO,08,20180201,20141119,SP,7075
21438425,0001,1,ACADEMIA O CHICO,08,20201111,20141119,CE,1389
21441296,0001,1,,02,20141120,20141120,MG,0666
21444932,0001,1,QUALIVIDA - ESTUDIO PERSONAL,04,20210223,20141120,AM,0255
21446215,0001,1,PRO SAUDE ACADEMIA,08,20190329,20141121,SP,6725
21460762,0001,1,RFM - PERSONAL,08,20160906,20141124,GO,9227
21464407,0001,1,EXTREME GYM,02,20141125,20141125,MG,4031
21468378,0001,1,VALE SPORTS,02,20141125,20141125,MA,0921
21470495,0001,1,PRO ATIVIDADE,08,20150728,20141126,PR,7535
21470787,0001,1,NEW STRONG GYM,04,20210325,20141113,RJ,5833
21470929,0001,1,STUDIO JULIAN BERNARDINI,02,20141126,20141126,PR,7937
21474772,0001,1,GEISON SCHMIDT SOARES,04,20210317,20141126,PR,7691
21476264,0001,1,MARCELO CORDEIRO DA SILVA,08,20180201,20141126,RJ,2909
21479623,0001,1,ACADEMIA MUSCULACAO EFATA,08,20230410,20141126,BA,3849
21479927,0001,1,LION AND FIT ACADEMIA LTDA,02,20210415,20141127,SP,6213
21481115,0001,1,,08,20151105,20141127,SP,6345
21483384,0001,1,ACADEMIA MC EIRELI,02,20141127,20141127,PR,7481
21488104,0001,1,MC ACQUA FITNESS,08,20150831,20141128,MS,9051
21488454,0001,1,FISIOCORPO,02,20141030,20141030,MA,0875
21488753,0001,1,BODY SPACE FITNESS,02,20141127,20141127,PA,0427
21492635,0001,1,ACADEMIA SENNA FITNESS,08,20211223,20141129,BA,3511
21496473,0001,1,UNIVERSIDADE DO ESPORTE,04,20201027,20141201,CE,1355
21501982,0001,1,ANDRE PERSONAL,04,20220128,20141201,CE,1389
21502930,0001,1,,04,20220608,20140401,RN,1741
21505308,0001,1,,08,20151014,20141202,RN,1761
21506694,0001,1,,04,20260519,20141202,PR,7471
21513047,0001,1,ACADEMIA FITNESS LEONI,08,20220524,20141202,BA,3879
21516111,0001,1,IMPACT FITNESS CENTER,08,20160803,20141202,SC,8105
21522398,0001,1,MASTER FIT TREINAMENTO PERSONALIZADO,08,20161125,20141204,MG,5433
21528025,0001,1,,08,20150227,20141205,ES,5705
21408164,0001,1,,08,20180517,20141114,SP,6477
21531927,0001,1,ESBELT,02,20231020,20141207,SP,6715
21532852,0001,1,ACADEMIA BOA FORMA,08,20180201,20141208,RO,0022
21533150,0001,1,BIO FITNESS,02,20141208,20141208,MG,4049
21534790,0001,1,,02,20141205,20141205,PR,7917
21537689,0001,1,,08,20170626,20141209,SP,7075
21541311,0001,1,NOGUCHI 5,04,20220208,20141209,PR,7821
21541601,0001,1,ESPACO UP PILATES,08,20260227,20141209,SC,8327
21542712,0001,1,VIDA SAUDAVEL,04,20210209,20141209,ES,5705
21545631,0001,1,ADRENALINE FITNESS,08,20190328,20141204,MT,9067
13918690,0002,2,MOOVE ESPCO DESPORTIVO,08,20240103,20130405,MG,4445
10496932,0017,2,SMARTFIT,08,20150417,20141211,SP,7107
21555168,0001,1,STUDIO FITNESS MAGNO OLIVEIRA,08,20190528,20141211,MS,9173
21557603,0001,1,TALITA,08,20240802,20141212,RJ,6001
21558548,0001,1,,08,20180131,20141212,MG,5403
21561321,0001,1,ACADEMIA OLYMPIA,08,20200331,20141212,MS,9051
21562086,0001,1,ACADEMIA DO CHINES,04,20220128,20141213,RS,8801
21569073,0001,1,PERSONAL RAFAEL KALED,04,20210225,20141215,RS,8791
21571317,0001,1,HOME FIT,08,20200820,20141212,RN,1761
21571952,0001,1,MARCELO FITNESS,04,20210407,20141215,BA,3849
21572569,0001,1,ACADEMIA HULK,04,20260605,20141216,SP,6149
21572582,0001,1,MODELLE PILATES,08,20190703,20141216,PE,2491
21576239,0001,1,PEIXARIA R C,08,20180201,20141216,BA,3073
21363471,0003,2,YES FITNESS,08,20180108,20141107,PE,2457
21585513,0001,1,DANIELLE FREICHO,08,20150223,20141218,ES,5705
21585797,0001,1,,08,20180201,20141218,CE,1389
10496932,0020,2,,08,20150417,20141218,SP,7107
21587182,0001,1,ESPACO VITA ACADEMIA,08,20170802,20141218,RS,8599
21588069,0001,1,STUDIO MOVIMENTE - SE,04,20181213,20141218,PA,0587
21590313,0001,1,SANTE,08,20201221,20141219,MG,5343
21591566,0001,1,DUDA MONTURIL,08,20180201,20141219,GO,9633
21597975,0001,1,KEILISTON FITNESS,04,20260515,20141219,CE,1387
21598196,0001,1,PRO TRAINING STUDIO,08,20170221,20141222,MG,4733
21599414,0001,1,PLAY BT,04,20210316,20141222,RJ,6001
21608972,0001,1,,04,20210310,20141223,SP,6291
21609602,0001,1,TECH FIT,02,20141229,20141229,PE,2491
21612886,0001,1,ACADEMIA GET FIT,08,20210901,20141218,PB,2175
21613151,0001,1,PREMIUM FITNESS,04,20201022,20141223,DF,9701
21617004,0001,1,L&A ASSESSORIA ESPORTIVA,02,20251211,20150105,SP,7075
21617381,0001,1,STUDIO VIDATIVA,02,20150105,20150105,MG,4281
21620206,0001,1,CONDICIONAMENTO&SAUDE,04,20210311,20150105,RJ,6001
21622008,0001,1,ALEXANDRE CAMPANELLI PERSONAL TRAINER,04,20210311,20150106,RJ,6001
21622651,0001,1,RENATA MARQUES GET FIT,08,20180319,20150106,PR,7673
21197798,0001,1,,04,20210413,20141009,MG,4079
21625126,0001,1,DEBORA PERSONAL,08,20180201,20150106,PA,0535
21628489,0001,1,CAROLINE GONCALVES PERSONAL STUDIO,02,20150106,20150106,PR,7571
21499954,0001,1,,02,20141201,20141201,RJ,6001
20503542,0001,1,M.V. SALUTES ACADEMIA,04,20210226,20140626,SP,7107
21631810,0001,1,VIEIRA SUPPLEMENTS,04,20260526,20150107,PI,1139
21633142,0001,1,POWER WORD GYM,02,20200402,20150107,PE,2379
21634959,0001,1,ACADEMIA VIVA BEM FITNS,04,20260515,20150107,BA,3259
21638661,0001,1,LWR-CONSULTORIA ESPORTIVA & QUALIDADE DE VIDA & SAUDE.,04,20210415,20150108,SP,6269
21641365,0001,1,BURN ACADEMIA,08,20180201,20150108,RJ,5867
21641446,0001,1,CT MOOVE,02,20150107,20150107,BA,3541
21623395,0001,1,ESPACO HOLISTICO SER ZEN,02,20150106,20150106,MG,4647
21649107,0001,1,AMS PERSONAL,08,20210127,20150109,MG,4123
21654501,0001,1,JR TREINAMENTO PERSONALIZADO,08,20160918,20150110,CE,1389
21656563,0001,1,ACADEMIA MR OLYMPIA,04,20210331,20150112,MG,5397
21659142,0001,1,STUDIO PILATES THAIS FRANCO,02,20150112,20150112,MG,4209
21659995,0001,1,PEDRO VITOR DE FREITAS,08,20150331,20150112,BA,3849
21660954,0001,1,BODY PHISICAL FITNESS,04,20210325,20150112,RJ,5833
21662246,0001,1,MIKE SIQUEIRA LTDA,08,20180201,20150112,SP,6645
21669979,0001,1,,08,20180202,20150113,MG,4763
21670380,0001,1,CENTRO DE TREINAMENTO DE KARATE RENATA SILVA,08,20180201,20150113,BA,3965
21672207,0001,1,TLC FITNESS,02,20150113,20150113,SP,7107
21673916,0001,1,,02,20220314,20150114,RS,8541
21676722,0001,1,DANI RAVASIO,04,20210318,20150114,SC,8105
21677964,0001,1,HEXATHON ACADEMIA DE MUSCULACAO E GINASTICA,04,20231026,20150113,AC,0139
21680955,0001,1,,04,20180913,20150114,RS,8801
11055935,0003,2,STUDIO PERFIL,04,20220104,20150115,GO,9361
21682924,0001,1,J K FITNESS,08,20251112,20150115,SP,6313
21683501,0001,1,DMR ASSESSORIA ESPORTIVA,08,20170711,20150115,ES,5705
21684508,0001,1,,08,20171213,20150115,MG,4683
21690584,0001,1,IMPERIUM FITNESS,04,20210310,20150116,ES,5685
21692410,0001,1,,02,20220919,20150116,BA,3849
21694803,0001,1,LIG PERSONAL,02,20211007,20150116,SP,7121
21695087,0001,1,THIAGO DONIZETI PINTO,08,20180201,20150116,SP,6865
21697770,0001,1,,04,20210212,20150119,GO,9473
21698643,0001,1,ACADEMIA DE MUSCULACAO SOBRAL,02,20150116,20150116,SE,3195
21699445,0001,1,STUDIO PILATES FERNANDA CASTRO,08,20260521,20150119,PE,2457
21700373,0001,1,PERFORMANCE TREINAMENTOS PERSONALIZADOS,02,20150119,20150119,GO,9397
21703967,0001,1,WISEMOVE PERSONAL STUDIO,02,20150119,20150119,SC,8081
21707671,0001,1,ACADEMIA STRENGTH FITNESS,08,20240624,20150120,RS,7333
21710210,0001,1,,02,20141223,20141223,SP,6239
21710555,0001,1,WESPORTES,08,20160608,20150120,ES,5705
21715340,0001,1,CENTER FISICO,08,20160112,20150121,MG,4145
21718616,0001,1,ADRENALINA 100%,08,20170331,20150121,SP,7107
21719128,0001,1,WALTYN FIGHT,08,20160223,20150121,RO,0003
21722437,0001,1,CARPE DIEM FIT,02,20150121,20150121,RS,8703
21723926,0001,1,MARCIA OLIVEIRA PILATES E TREINO FUNCIONAL,02,20150122,20150122,RS,8433
21724192,0001,1,ACADEMIA MASTER FITNESS,08,20150420,20150122,PR,9913
21726992,0001,1,CIA ATLETICA,08,20150610,20150121,MT,9067
21729262,0001,1,ELIZ PERSONAL,08,20170103,20150122,TO,9733
21730392,0001,1,ACADEMIA ZION,04,20210422,20150122,BA,3673
21731568,0001,1,EQUILIBRIO DANCA E FITNESS,08,20220331,20150122,SP,6219
21732492,0001,1,SAUDE PRA MOVER,08,20180104,20150122,SP,7107
21736497,0001,1,YURI,08,20150509,20150123,SP,6969
21737685,0001,1,WNS FIT,02,20150123,20150123,MG,5403
21738536,0001,1,IN CORPORE,08,20160519,20150123,SP,6583
21742935,0001,1,B.L - SPORTS CONSULTING,08,20171109,20150125,PE,2531
21743373,0001,1,RED HULK,04,20190327,20150126,MG,4123
21752903,0001,1,IMPULSE ACADEMIA E DISTRIBUIDORA TEXTIL,02,20150123,20150123,SP,6493
21753869,0001,1,,08,20161118,20150127,SP,6583
21755393,0001,1,PATRICIA ROSSI ANDRION,08,20230104,20150127,SP,6969
21755931,0001,1,LUIZ C.SANTOS PERSONAL,08,20251230,20150127,MG,4123
21739128,0001,1,DTL,08,20150127,20150123,RS,8749
21761949,0001,1,MOVIMENTO E VIDA ASSESSORIA ESPORTIVA,04,20210210,20150128,DF,9701
21764558,0001,1,APOLO FITNESS,08,20170901,20150128,PR,7493
13877631,0003,2,LION FITNESS,02,20150128,20150128,BA,3849
21769308,0001,1,POLLY DANCE ACQUA,02,20150119,20150119,MT,9185
21771562,0001,1,,08,20171127,20150129,PR,7683
21771930,0001,1,,08,20231219,20150129,SP,7107
21773085,0001,1,FOCU'S FIT,02,20150129,20150129,SP,7151
21775065,0001,1,ATITUDE,04,20210422,20150129,BA,3807
21776219,0001,1,ACADEMIA CORPO E MOVIMENTO,04,20190117,20150129,MG,5119
21782009,0001,1,AG SPORTS,04,20210415,20150130,SP,7135
21783141,0001,1,STAR FIT,08,20221220,20150130,RJ,5887
21783343,0001,1,E.J. PHOENIX,08,20250310,20150130,SP,6563
21783721,0001,1,EBATECA,02,20150128,20150128,BA,3515
21784835,0001,1,ACADEMIA IMPACTO,08,20171009,20150130,GO,9473
21786015,0001,1,ROBINSON GIRALDI DOS SANTOS,08,20180115,20150130,RS,8931
21786429,0001,1,ANF PERSONAL,04,20210203,20150130,SP,7099
21788706,0001,1,MARAJO FITNESS,02,20260129,20150131,PA,0525
21789721,0001,1,ROSINATY,04,20210330,20150131,MG,4675
21792097,0001,1,ACADEMIA VIDATTIVA ESPORTE E NUTRICAO,08,20180814,20150202,PR,7829
21795446,0001,1,STUDIO INOVE,02,20150202,20150202,SP,2959
21796304,0001,1,PERSONAL TRAINER FERNANDO COSTA,04,20210415,20150202,SP,6969
21798415,0001,1,QUERCOMPRE.COM,04,20181221,20150202,SP,7099
21800998,0001,1,ESPACO THAI D2,08,20200615,20150203,PA,0447
21802671,0001,1,,02,20150203,20150203,PR,7503
21803164,0001,1,ROGERIO JUNIOR PERSONAL TRAINER,08,20180120,20150203,MG,5427
21804334,0001,1,EIBS FITNESS,02,20150203,20150203,SC,8159
21804897,0001,1,JOHNNIE RUNNER EVENTOS ESPORTIVOS,08,20260505,20150203,RJ,6001
21805252,0001,1,ACADEMIA FUN&WELLNESS,04,20210317,20150129,PR,7535
21807741,0001,1,MUAY THAI FUNCIONAL EQUIPE DOUGLAS DOS SANTOS,08,20171219,20150203,RS,8791
21808195,0001,1,CENTRAL FITNESS,08,20180515,20150203,BA,3849
21808700,0001,1,EMR,04,20210316,20150203,RJ,6001
21809250,0001,1,COACH PILATES E FITNESS,08,20190116,20150204,SC,8179
21809894,0001,1,ESPARTA ACADEMIA,02,20150204,20150204,GO,9555
21809915,0001,1,TKS FITNESS,08,20231221,20150203,BA,3579
21811381,0001,1,STUDIO CORPO FITNESS,02,20150204,20150204,MG,5387
20928619,0001,1,,04,20210419,20140828,MG,4305
21821292,0001,1,JUST HEALT,08,20170713,20150205,SP,6293
21821423,0001,1,CAMILA,08,20190426,20150205,SP,7099
21825167,0001,1,,08,20251010,20150205,BA,3849
21825206,0001,1,,04,20210203,20150205,SP,7175
21828111,0001,1,LUCAS PERSONAL,08,20180430,20150206,BA,3849
21829562,0001,1,META SAUDE,08,20220805,20150206,RN,1761
21830590,0001,1,GREMIO TRAINNER,08,20180131,20150206,MT,8985
21830867,0001,1,JF PERSONAL,08,20210303,20150206,MG,4031
21831429,0001,1,CLARA BARBALHO PERSONAL,04,20210423,20150206,RN,1761
21832805,0001,1,DIEGO FELYPE,02,20260603,20150206,SP,6311
21841914,0001,1,POSTURAL PILATES,02,20150209,20150209,SP,7107
21842153,0001,1,ACADEMIA BOA FORMA,08,20220518,20150209,GO,9497
18510741,0002,2,EXCLUSIVE WELLNESS CLUB,04,20190329,20150206,RJ,6001
21843030,0001,1,,02,20150209,20150209,MG,4367
21843808,0001,1,,02,20150209,20150209,RS,8729
21847046,0001,1,CARLOS MAKIUCHI TM,08,20251003,20150210,SP,7107
21849386,0001,1,ESPACO M&V,08,20170131,20150210,RJ,5865
21849837,0001,1,AL FITNESS 17,04,20260525,20150209,DF,9701
14474602,0002,2,FLOW STUDIO FITNESS,02,20150205,20150205,SC,8105
21853347,0001,1,,08,20170523,20150210,RS,0974
21860154,0001,1,EXERCICIO SAUDE,04,20210311,20150211,RJ,6001
21431039,0001,1,SAUDE PLENA CONSULTORIA EM QUALIDADE DE VIDA,08,20150211,20141118,RS,8599
21860547,0001,1,VIVER BEM CONSULTORIA EM QUALIDADE DE VIDA,04,20210304,20150211,RS,8599
21861850,0001,1,NUCLEO DE DANCA DAMIANE RAQUELI,02,20150211,20150211,SP,6905
21863554,0001,1,MOVE - CENTRO DE TREINAMENTO,08,20180727,20150211,MG,4733
21868093,0001,1,KM FITNESS,08,20151230,20150212,SP,7157
21870974,0001,1,M3 ACADEMIA,08,20210329,20150212,BA,3849
21871202,0001,1,ACADEMIA ASPECTO,08,20230927,20150212,MG,5091
21872978,0001,1,,08,20160324,20150212,SP,6569
21880193,0001,1,SBS FIT ACADEMIA,08,20180613,20150213,GO,9373
21882437,0001,1,LCN ASSESSORIA ESPORTIVA,08,20180116,20150214,SP,6589
21882792,0001,1,PERSONAL TRAINER JULIANO NUNES,08,20150304,20150214,SP,6639
21885440,0001,1,,08,20150329,20150217,SP,7057
21885596,0001,1,INSPIRE STUDIO DE PILATES,04,20210218,20150217,MT,8985
21889513,0001,1,,04,20210226,20150218,SP,7107
21893518,0001,1,CROSSFIT TRES LAGOAS,08,20160412,20150219,MS,9165
21893572,0001,1,ACADEMIA FISIOFORMA,08,20210608,20150219,SE,3157
10217646,0002,2,ENERGY FITNESS ACADEMIA,08,20191025,20150219,SP,6601
21895507,0001,1,ACADEMIA STRICKERS - UNIDADE II,02,20150219,20150219,SP,6241
12388795,0002,2,ESPARTA ACADEMIA,08,20170427,20150220,PE,2531
21899772,0001,1,STUDIO T4,08,20260410,20150220,SC,8047
21902355,0001,1,CORPORE VIDA EM MOVIMENTO,08,20161216,20150220,MG,5049
21905562,0001,1,STUDIO FITNESS CENTER,08,20170929,20150220,SP,6717
21905747,0001,1,STYLO FITNESS,08,20210423,20150213,AC,0139
21906885,0001,1,,08,20190120,20150221,RS,8839
21907146,0001,1,ACADEMIA FEMENINA ESTACAO FITNESS,08,20230403,20150221,SP,6469
21908350,0001,1,ROBENIR ASSUMPCAO TREINAMENTO PERSONALIZADO,02,20240828,20150222,SP,6915
21908385,0001,1,GYNASIO DREAM,04,20210223,20150222,AM,0255
21911194,0001,1,ALCANTARA DISTRIBUICAO EVENTOS E SERVICOS,08,20211116,20150223,GO,9601
21912017,0001,1,P2 ASSESSORIA ESPORTIVA,08,20190506,20150223,SP,6291
21914344,0001,1,ACADEMIA TRAINING FUNCIONAL,08,20150227,20150223,MA,0763
21913518,0001,1,REAB FISIO CENTER,04,20210209,20150223,ES,5705
21918568,0001,1,CT ALANA RIBEIRO,02,20150224,20150224,PA,0561
21920396,0001,1,CCTREINO,02,20220429,20150224,SP,7077
12859655,0001,1,,02,20101116,20101116,RJ,6001
21924051,0001,1,ANA CARLA FITNESS,04,20210309,20150224,PR,7937
21928950,0001,1,ACADEMIA CROSS EXPERIENCE,02,20241220,20150225,PA,0427
21930024,0001,1,,02,20150225,20150225,SP,7107
21930337,0001,1,ACADEMIA DI CORPO & ALMA,08,20181017,20150225,MG,4209
21932151,0001,1,JUNIOR MENESES PERSONAL TRAINER E MASSAGEM,08,20170408,20150225,PB,2051
21932531,0001,1,IRON MAN ACADEMIA,08,20160721,20150225,MG,5401
21932712,0001,1,JMFFITNESS,08,20210921,20150225,RJ,6001
21934052,0001,1,,08,20250201,20150225,RS,8705
19349099,0001,1,COLISEUM GYN,04,20240808,20131127,MT,9067
21937316,0001,1,,08,20171019,20150226,MG,5343
21940235,0001,1,ROS7PERSONALTRAINER,08,20210714,20150226,SP,7107
21941680,0001,1,LIGA RIOSTRENSE DE MUAY THAI,08,20180131,20150226,RJ,2921
21947835,0001,1,ACADEMIA DEUS E A FORCA,04,20210407,20150226,BA,3849
21951056,0001,1,GABRIELA ABREU STUDIO FITNESS,02,20150227,20150227,MG,5425
21952376,0001,1,LF FITNESS,08,20180411,20150227,MT,9199
21954745,0001,1,MEGA FITNESS,08,20250221,20150228,PA,0567
12555507,0001,1,PERSONAL,08,20150228,20100920,BA,3849
21956709,0001,1,,02,20150302,20150302,SP,6875
21957930,0001,1,FABIO ROSAN,04,20210226,20150302,SP,7107
21962793,0001,1,SPORT CENTER SMART,04,20220128,20150302,MS,9019
21963227,0001,1,ESPACO ARTE NATACAO.,02,20250131,20150302,PE,2477
21964254,0001,1,HAMA STUDIO DE PILATES E NEOPILATES,08,20150918,20150302,PR,7535
21965880,0001,1,MALHACAO,04,20210309,20150303,PR,7433
21967055,0001,1,,08,20210802,20150303,PR,7535
21971441,0001,1,MHC CONSULTORIA EM COND. FISICO E BEM ESTAR NO TRABALHO,08,20170426,20150303,MG,4787
21971919,0001,1,,02,20150303,20150303,RS,8941
21973496,0001,1,FELLIPPA TEAM,08,20180121,20150303,RJ,6001
21975730,0001,1,LM FITNESS,08,20150603,20150304,BA,3849
21977481,0001,1,ARZO,02,20150303,20150303,RS,8801
21977506,0001,1,IMPULSE,08,20201007,20150226,RJ,6001
21978215,0001,1,STUDIO VIVER MELHOR,08,20170110,20150304,MG,4743
21979055,0001,1,KAROL PERSONAL TRAINER,08,20180206,20150304,MG,4865
21981046,0001,1,LBL TRINAMENTO PERSONALIZADO,08,20171218,20150304,RS,8801
21985278,0001,1,,08,20220419,20150305,PR,5491
21985465,0001,1,COACH THIAGO VAZ,04,20210311,20150305,RJ,6001
21991053,0001,1,TOP FITNESS EXTREME,08,20260205,20150304,RS,8963
20440223,0002,2,LEMOS ALVES ACADEMIA,08,20151218,20150305,SC,8183
21994352,0001,1,ASL TEAM MMA,02,20150306,20150306,MG,4133
21994802,0001,1,LIFE MOVIMENT,04,20210219,20150306,TO,9733
21995512,0001,1,STUDIO JK FITNESS PERSONAL E FUNCIONAL,08,20161118,20150306,PI,1153
21998187,0001,1,ESPACO LAS CHICAS,08,20210215,20150306,SP,6629
19922172,0001,1,,08,20181205,20140321,SP,7107
22000496,0001,1,CULTURA FISICA,08,20190315,20150306,SP,7107
22005964,0001,1,,02,20150309,20150309,SP,7151
22013464,0001,1,ZOOM FITNESS,08,20160301,20150310,SP,7107
20625716,0001,1,ACADEMIA MADUREIRA,08,20231220,20140714,PR,7667
22016470,0001,1,UN DO - ATIVIDADES FISICAS E MASSAGEM,08,20230512,20150310,SP,6311
22017546,0001,1,ITAMAR ALMEIDA PERSONAL TRAINER,08,20150923,20150310,BA,3849
22018013,0001,1,BOX FD FITPRO,08,20200214,20150310,CE,1507
22019514,0001,1,D & S PHYSIOFITINES,02,20150310,20150310,SP,6887
22019716,0001,1,,02,20150205,20150205,SP,7107
08133260,0002,2,,02,20150310,20150310,SP,6137
22021073,0001,1,XGYM FITNESS,08,20220324,20150310,SP,6291
22022329,0001,1,RIACORPO WS ASSESSORIA ESPORTIVA,04,20210210,20150311,DF,9701
15580147,0001,1,CORPORIUM MODA FITNESS,08,20170327,20120523,TO,9733
22030663,0001,1,ELEV FITNESS,08,20220128,20150311,SP,7107
22031277,0001,1,,04,20210406,20150311,SP,6455
22034451,0001,1,,08,20191004,20150312,SP,7071
22034926,0001,1,HATO PERSONAL TRAINER,08,20180124,20150312,MG,4625
22037277,0001,1,ESTUDIO EQUILIBRIO E MOVIMENTO,02,20150312,20150312,SC,8105
22037631,0001,1,CASA DA CRIANCA,08,20200605,20150312,BA,3849
17198306,0001,1,,08,20150312,20121119,RS,8801
22047440,0001,1,CENTRO DE TREINAMENTO UNIAO,08,20220427,20150313,MG,4387
22047795,0001,1,CONTOURS,04,20241127,20150313,SP,7107
22048471,0001,1,+ SAUDE,02,20220928,20150313,PA,0409
22049261,0001,1,RICK FITNESS,08,20250401,20150314,BA,3965
22052183,0001,1,TRAINING SAUDE,02,20150316,20150316,SP,6505
22054766,0001,1,GF FIT,04,20210423,20150316,PE,2487
22056298,0001,1,CAMILA ORTIGARA BIRK - TREINAMENTO PERSONALIZADO,08,20180914,20150316,RS,8637
22056474,0001,1,EU TREINO DIFERENTE STUDIO & PERSONAL TRAINING,04,20210407,20150316,BA,3849
22056513,0001,1,,08,20230125,20150316,PR,7493
22058196,0001,1,FREERUN,08,20160217,20150316,SP,7057
22058563,0001,1,,08,20160725,20150316,PR,7667
22063608,0001,1,ESTUDIO CARLOS ROBERTO PEREIRA - TREINADOR FISICO PESSO,02,20150316,20150316,SP,7107
22063687,0001,1,VIVER PILATES,02,20150317,20150317,SP,7107
22063792,0001,1,ACADEMIA DRAGON FITNESS,08,20160707,20150317,MG,4431
22064759,0001,1,,04,20210317,20150317,PR,7535
22066209,0001,1,LABORAL CENTER MEDINA,04,20231027,20150317,SP,7107
22066324,0001,1,,08,20250226,20150317,CE,1389
22066488,0001,1,DOUG PERSONAL TRAINER,08,20180201,20150317,PR,7667
22066588,0001,1,GUILHERME CAETANO ASSESSORIA ESPORTIVA E COMERCIO,08,20171205,20150317,DF,9701
22067981,0001,1,ACADEMIA VIP,04,20210224,20150317,CE,1327
22069571,0001,1,ACADEMIA VIDA ATIVA,08,20161031,20150317,SC,8127
22069805,0001,1,FORTES ACADEMIA,02,20150317,20150317,SC,8143
22072762,0001,1,,08,20201123,20150318,MG,4445
22073512,0001,1,SPA URBANO VANESSA BAGGIO,02,20150318,20150318,SP,7107
22079106,0001,1,ACADEMIA PERSONALITE,08,20250307,20150318,PR,7749
22080546,0001,1,,08,20220502,20150319,PE,2373
22081034,0001,1,TOP FIT ACADEMIA,02,20150318,20150318,RS,8697
22086871,0001,1,CALIFORNIA PARQUE SANTO ANTONIO,02,20150319,20150319,SP,7107
22087972,0001,1,CENTRO DE REFERENCIA CORPORAL,02,20150319,20150319,MG,4689
22090511,0001,1,PILATES SIMONY ROMANUK,08,20181121,20150320,PR,7535
22093257,0001,1,FITNESS MULHER,08,20180412,20150320,SC,8327
22096780,0001,1,ANA LUISA MARCAL LACERDA FONSECA,08,20151205,20150320,MG,4123
22098631,0001,1,IAFF IMBITUBA,08,20180222,20150322,SC,8143
22100795,0001,1,,02,20150323,20150323,PE,2491
20825185,0001,1,ALESSANDRO GUERRA D'AVILA,08,20150514,20140813,RS,8919
22102369,0001,1,ACADEMIA PRATIQUE FITNESS,02,20150323,20150323,MG,4123
22102642,0001,1,ACADEMIA WINNER FITNESS,08,20200115,20150323,PA,0401
22102760,0001,1,,08,20230324,20150323,SP,6681
22103494,0001,1,ACADEMIA VIDA E SAUDE,08,20170113,20150323,PR,7515
22104502,0001,1,MILANI FITNESS ACADEMIA DE GINASTICA,08,20230403,20150323,SP,6391
22104597,0001,1,PERSONAL TRAINER,08,20210503,20150323,AM,0255
22104942,0001,1,BIO FITNESS,04,20231116,20150323,BA,3255
22108586,0001,1,,08,20161201,20150324,PE,2419
22112625,0001,1,G.E.O,08,20150526,20150324,SP,6181
22115378,0001,1,,08,20180125,20150324,SP,7097
22116667,0001,1,HANS FITNESS,08,20160920,20150324,SC,5737
22128897,0001,1,+ ACAO ASSESSORIA ESPORTIVA,08,20180130,20150326,CE,1389
22131104,0001,1,MARILIA DOS SANTOS DE CAMPOS,08,20180312,20150326,SP,6579
22133421,0001,1,PROGRID,08,20200505,20150326,PR,7535
22134521,0001,1,,08,20160621,20150326,MG,4123
22136595,0001,1,ESSENCIAL PILATES,08,20180124,20150326,SC,8105
22136917,0001,1,FELIPE,04,20220209,20150326,SP,7145
22137697,0001,1,BOULEVARD PLAY,02,20150327,20150327,PE,2629
22139294,0001,1,INSTITUTO RT12,04,20240819,20150327,PR,7915
22141756,0001,1,MARIO RUNNERS ACADEMIA & ASSESSORIA ESPORTIVA,02,20150327,20150327,AM,0255
22146234,0001,1,ANDRE CHALLAS,08,20191021,20150328,SP,6291
20165497,0001,1,PULINHA ATIVIDADES FISICA,08,20150330,20140430,RS,8841
22149400,0001,1,,08,20180124,20150330,MG,4123
22149939,0001,1,ACADEMIA GARRA FITNESS,04,20240902,20150330,SP,6689
22151759,0001,1,GIL ACADEMIA,02,20190218,20150330,PE,2345
22154509,0001,1,AFT ACADEMIA E CT,08,20191217,20150323,PR,7535
22155676,0001,1,CENTRO DE TREINAMENTO WFM,08,20250201,20150330,SC,8029
22155820,0001,1,,02,20150330,20150330,SP,6249
22156067,0001,1,,04,20210212,20150330,GO,9373
22157650,0001,1,STUDIO BESTSHAPE,04,20220128,20150330,PI,1109
22158803,0001,1,BALLET CRISTINA SALAMANKA,08,20210413,20150331,PE,2531
22160164,0001,1,3I,08,20150505,20150331,SP,7107
22164351,0001,1,KNT SPORTS TRAINING,04,20210318,20150331,SC,8161
22166119,0001,1,EFICIENCE ASSESSORIA ESPORTIVA,08,20161229,20150331,SP,7115
22171312,0001,1,GAMA SPORT,08,20161031,20150401,SP,6789
22171709,0001,1,DOS SANTOS CONSULTORIA ESPORTIVA,08,20161105,20150401,BA,3965
22172693,0001,1,DOCTOR GYM,08,20201112,20150401,PR,7535
22173338,0001,1,ACADEMIA MIX FIGHTERS,04,20210226,20150401,SP,7107
22176244,0001,1,VITA SALUTE,02,20240618,20150401,BA,3849
22177324,0001,1,STUDIO REAL PILATES,02,20150402,20150402,RJ,0780
22182644,0001,1,ACADEMIA SAUDE 10,02,20150402,20150402,MG,4887
22183686,0001,1,,08,20150424,20150402,RS,8511
22187084,0001,1,FABIANA MARQUES MARTINS VITORIANO,08,20230323,20150405,SP,6377
22193427,0001,1,MOUNT OLYMPUS ACADEMIA,02,20150406,20150406,MG,4217
22193702,0001,1,,08,20180214,20150406,MG,4445
22197013,0001,1,ACADEMIA AGUIA FITNESS,08,20150918,20150407,MG,4715
22189783,0001,1,,08,20190102,20150406,SC,8177
22200767,0001,1,ESPACO FITNESS,02,20150407,20150407,MG,4763
22201159,0001,1,AERO FITNESS,04,20210218,20150407,ES,5655
22201900,0001,1,,08,20180417,20150407,SP,6929
22206110,0001,1,,08,20180328,20150408,RS,8785
22209821,0001,1,,08,20160502,20150408,RJ,6001
22210049,0001,1,WLAFA ESPORTE EM ACAO ARBITRAGEM E MEDIACAO JURIDICA,04,20210226,20150408,SP,7107
22212449,0001,1,MIRABELE,08,20150826,20150406,SP,7099
22213537,0001,1,ACADEMIA MDGYM,02,20150408,20150408,AL,2793
22214495,0001,1,PODIUM FITNESS ACADEMIA,08,20190916,20150409,MG,4123
22218203,0001,1,ACADEMIA PRO 3,02,20150409,20150409,SP,7107
22232312,0001,1,,08,20170825,20150412,RJ,6001
22232350,0001,1,,08,20160429,20150412,RJ,6001
22232707,0001,1,,08,20230426,20150412,RJ,6001
22235836,0001,1,MILLEPERSONAL STUDIO,08,20170714,20150413,BA,3849
22236463,0001,1,,04,20210223,20150413,AM,0255
22238578,0001,1,ACADEMIA E STUDIO VIDA ATIVA,08,20180928,20150413,BA,3541
22239474,0001,1,ANDERSON PERSONAL,08,20250729,20150413,PR,7535
21381230,0001,1,ACADEMIA DADILA RODRIGUES,08,20150413,20141111,GO,9289
22243407,0001,1,MANO TENNIS,08,20171124,20150414,RS,8801
22249118,0001,1,ROSANA,08,20180518,20150414,SP,6565
22251734,0001,1,BEM ESTAR STUDIO DE TREINAMENTO PERSONALIZADO,08,20160414,20150414,MG,5049
22254040,0001,1,,04,20210311,20150415,RJ,6001
22255864,0001,1,BOXX FIT,02,20150415,20150415,AL,2785
22256014,0001,1,ACADEMIA ESPORT CLUB,02,20260612,20150415,MG,4123
22259437,0001,1,FN ESPORTE&SAUDE,08,20211001,20150415,RJ,6001
22259740,0001,1,BUANNA FITNESS,08,20180115,20150415,MG,4133
22260755,0001,1,,02,20150415,20150415,PR,7915
22261795,0001,1,CIA. DE DANCA JK,08,20181130,20150415,SP,7017
22261869,0001,1,STUDIO ATUS,08,20180809,20150415,SP,7107
22264913,0001,1,ITIUBA FITNESS,08,20160414,20150416,BA,3641
22264938,0001,1,,08,20160121,20150416,MG,5397
22265316,0001,1,ESPACO PILATES,02,20210514,20150408,MA,0921
22272185,0001,1,CROSSFIT 035,02,20150416,20150416,MG,5049
22275601,0001,1,,08,20210923,20150417,MT,8985
22275725,0001,1,,04,20210323,20150417,SC,8055
22277476,0001,1,,02,20150417,20150417,SP,7107
22278619,0001,1,,08,20151106,20150417,SP,6181
10496932,0022,2,SMARTFIT,08,20150417,20141230,CE,1389
22286871,0001,1,ARI ADLER PERSONAL,08,20150809,20150419,BA,3849
22292745,0001,1,,08,20251016,20150420,BA,3515
22294937,0001,1,,08,20190109,20150421,RJ,5867
22295693,0001,1,,08,20191003,20150422,PB,2085
22298199,0001,1,SOFIT ACADEMIA,08,20180529,20150422,SP,7107
22301215,0001,1,IMPACTO FITNESS,04,20210311,20150422,RJ,6001
22306359,0001,1,,04,20210304,20150423,RS,8599
22307464,0001,1,STUDIO FIGHT FITNESS,08,20180126,20150423,BA,3849
22307981,0001,1,TONY ROBERTO,04,20260515,20150423,BA,3849
22308389,0001,1,DC STUDIO FITNESS,02,20150423,20150423,BA,3751
22309175,0001,1,ROBERTO RIVELINO PERSONAL TRAINER,02,20251007,20150423,PR,7513
22311604,0001,1,OGROS CROSSFIT,04,20260514,20150423,PA,0411
22316874,0001,1,ACADEMIA BIO FITNESS,08,20230830,20150408,CE,1275
22317869,0001,1,REINO FIT ROUPAS LTDA,08,20190103,20150424,BA,3849
22319920,0001,1,RJR FITNESS,08,20171106,20150424,BA,3849
22321902,0001,1,SAUDE ESPORTE E LAZER,08,20240130,20150424,GO,9503
21336957,0001,1,STUDIO ROYAL FITNESS,02,20141103,20141103,GO,9361
22141283,0001,1,CELERIS FIT,08,20190524,20150325,BA,3515
22324803,0001,1,TIAGO AMENO TREINAMENTO PERSONALIZADO,08,20190425,20150426,BA,3849
22325171,0001,1,NARGELA TREINAMENTOS ESPECIALIZADOS,08,20210609,20150426,RJ,6001
22327857,0001,1,CORPOFIS,08,20200626,20150427,SP,6311
22329704,0001,1,ATRIUM FITNESS,08,20170503,20150427,MG,5037
22329845,0001,1,FISIO FIT,08,20181026,20150427,PA,0595
22331054,0001,1,GO TRAINING - TREINAMENTOS PERSONALIZADOS,08,20191030,20150427,CE,1355
22331141,0001,1,PAULA ISSA,08,20160430,20150427,SC,8105
22336222,0001,1,ROUTE CENTRO DE TREINAMENTO INTEGRADO,02,20150428,20150428,BA,3597
22336472,0001,1,CIA DO CORPO,04,20210226,20150428,SP,7107
22336984,0001,1,ACADEMIA FEMININA ESPACO DELLA'S,08,20180403,20150428,MG,4371
22338458,0001,1,ACADEMIA ESTACAO FITNESS,03,20241028,20150428,GO,9433
13010055,0002,2,FISICO TOTAL,08,20240613,20150428,SP,6785
08700838,0003,2,CROSSFIT VARGINHA,08,20170406,20150428,MG,5413
22342542,0001,1,EQUIPE NILSON TAVARES,04,20210409,20150428,PE,2531
22345967,0001,1,HK PERSONAL TRAINER,08,20200528,20150429,SC,8047
22346457,0001,1,MTPILATES,08,20180131,20150429,SP,7115
22347621,0001,1,A & K FITNESS,08,20200915,20150428,RN,1765
22347807,0001,1,ACADEMIA BIOSHAPE FITNESS MANAUS,08,20190930,20150429,AM,0255
22350072,0001,1,ACADEMIA ATTITUDE,02,20150428,20150428,RJ,5869
22350978,0001,1,,08,20160226,20150429,PR,7563
22353473,0001,1,PFLCONSULTORIA,08,20190517,20150429,BA,3849
22354506,0001,1,ACADEMIA VILLA ATLHETICA,04,20210422,20150430,BA,3965
22354636,0001,1,PERSONAL RENATO SALES,02,20150430,20150430,MG,5343
22358179,0001,1,LARISSA LIMA,08,20240110,20150430,PR,7535
22358852,0001,1,TNT TRAINING,08,20160204,20150430,CE,1559
22362884,0001,1,TITANIUM ASSESSORIA ESPORTIVA,08,20200216,20150501,SP,7107
22367731,0001,1,VIDA ATIVA ACADEMIA,08,20160617,20150504,MG,4589
22368162,0001,1,,08,20160512,20150504,SP,7099
21525069,0001,1,ACADEMIA LC BODY FITNESS,08,20160608,20141126,DF,9701
22369780,0001,1,CICLO VITAL,04,20210226,20150504,SP,7107
22370104,0001,1,SPACE FIT,04,20210323,20150430,SC,8117
22370744,0001,1,DEBORA F ALMEIDA,04,20210304,20150504,RS,8705
22370967,0001,1,,08,20221018,20150504,SP,7181
22371347,0001,1,BRUNO BRUSIN PERSONAL,08,20170925,20150504,SP,7107
22372172,0001,1,PROGRESSIVE ACADEMIA,02,20150504,20150504,PB,2051
22375705,0001,1,,02,20150504,20150504,CE,1419
22376238,0001,1,ESPACO PHYSIO FLEX,08,20250815,20150504,RJ,5897
22378973,0001,1,FLASH FITNESS ACADEMIA,08,20151006,20150505,RN,1779
22381462,0001,1,ACTIVE ACADEMIA,08,20200828,20150505,GO,9227
22381746,0001,1,CENTRO DE TREINAMENTO 300 CROSSFIT SA,02,20150505,20150505,SP,7057
22383039,0001,1,,08,20180514,20150505,SC,8105
22383824,0001,1,EDUARDO PERSONAL TREINER,04,20210413,20150505,MG,4589
22387573,0001,1,GUEGOL A.C. ESCOLINHA DE FUTSAL,04,20210323,20150506,SC,8357
22388497,0001,1,MS PERSONAL TRAINER,08,20180124,20150506,SP,6219
22390095,0001,1,,08,20161103,20150506,RS,8599
22391609,0001,1,JAPERI FIGHT,04,20220208,20150506,RJ,2911
22392543,0001,1,RESPIRE PILATES,08,20191122,20150506,SP,7017
22401180,0001,1,ISI - IMBROISI SAUDE INTEGRADA,08,20150824,20150507,DF,9701
22402300,0001,1,,08,20180626,20150507,GO,9473
22402982,0001,1,ACADEMIA ESPARTANOS,02,20150507,20150507,PE,2457
22406945,0001,1,,04,20220128,20150508,PA,0427
22408466,0001,1,,02,20150508,20150508,SP,7107
22408550,0001,1,CORPO & ACAO PERSONAL TRAINER,08,20180711,20150508,SP,7099
22409195,0001,1,CT FREIS,08,20181220,20150508,SP,7107
22415895,0001,1,,08,20240123,20150511,ES,5699
22420602,0001,1,JCL RUN PERFORMANCE,08,20170110,20150511,SP,7107
22424296,0001,1,,04,20231107,20150429,MA,0833
22426990,0001,1,,08,20150907,20150512,SP,7017
22431487,0001,1,,08,20210827,20150512,SP,7021
22435448,0001,1,,02,20150512,20150512,PR,7667
07594978,0112,2,SMARTFIT,08,20190201,20150513,SP,6969
07594978,0116,2,SMARTFIT,02,20150513,20150513,SC,8179
07594978,0117,2,SMARTFIT,02,20150513,20150513,SP,7107
07594978,0122,2,SMARTFIT,02,20150513,20150513,SP,7107
07594978,0123,2,SMARTFIT,02,20150513,20150513,SP,7107
07594978,0129,2,SMARTFIT,02,20150513,20150513,SP,7107
22439575,0001,1,ATRIO SPORT ACADEMIA,04,20210224,20150513,CE,1389
22440837,0001,1,STUDIO DE PILATES,08,20150710,20150513,SP,6681
22441978,0001,1,MAYARA MARTINS CHABA,08,20170113,20150513,MT,9067
22443213,0001,1,ATIVA ACADEMIA,08,20150916,20150514,PR,7463
22444211,0001,1,,02,20150514,20150514,PR,7493
21735800,0001,1,PERSONAL TRAINER RINALDO,04,20220124,20150123,SP,6619
22446740,0001,1,KODOSHI FITNESS,08,20170207,20150514,SP,6285
22446950,0001,1,ORQUIDEAS FITNESS,08,20180129,20150514,SP,7141
22444524,0001,1,CORPU'S FITNESS ACADEMIA,08,20250320,20150514,MA,0943
22455739,0001,1,,08,20250325,20150422,RS,8841
22456670,0001,1,REMAKE STUDIO PERSONAL,04,20220608,20150514,DF,9701
22459698,0001,1,,08,20180306,20150515,RJ,5925
22461128,0001,1,XPOWER ACADEMIA,02,20150516,20150516,PA,0539
22467087,0001,1,VIGOR ESPACO TERAPEUTICO,02,20150518,20150518,RN,1759
22468329,0001,1,COXA GYM,08,20150806,20150518,RJ,5801
22469674,0001,1,ACADEMIA DE GINASTICA CORPO&AGUA,08,20200303,20150518,CE,1389
22470153,0001,1,ACADEMIA CORPO & MOVIMENTO,08,20180315,20150518,MG,0688
22471133,0001,1,CORPO E MENTE PILATES,08,20150521,20150518,SP,6569
22474246,0001,1,ESCOLINHA ATLETAS DE OURO,08,20201014,20150519,SC,8339
22476474,0001,1,JVZAMPA TREINAMENTO FUNCIONAL,08,20210526,20150519,MG,5107
22476849,0001,1,ACADEMIA OPCAO FITNESS,08,20210420,20150519,SP,6415
22481604,0001,1,VERONICA ZAFANELI,08,20160502,20150519,RS,8791
22481847,0001,1,FELIPE ACADEMIA,04,20220128,20150519,PA,0457
22489232,0001,1,,08,20210929,20150520,SP,7107
22497969,0001,1,ATIVA STUDIO PERSONAL,08,20220329,20150521,SC,8333
22498335,0001,1,LANCE LIVRE EC,08,20210920,20150521,MG,4123
22499223,0001,1,,08,20220208,20150521,SP,6549
22500438,0001,1,LIFE FITNESS,02,20150520,20150520,RJ,6001
22513101,0001,1,VERENA REIS,08,20260402,20150524,SP,6469
22513450,0001,1,ANA FITNESS,02,20150522,20150522,PA,0415
22514964,0001,1,STUDIOALINHARFORTALECIMENTOEPO,08,20160515,20150525,RJ,5869
22517520,0001,1,ACADEMIA LASER FITNESS,02,20150525,20150525,BA,3703
22518362,0001,1,RENATA RIBEIRO PILATES STUDIO,04,20210407,20150525,BA,3849
22518423,0001,1,SAUDE&MOVIMENTO,02,20260210,20150525,MG,4625
22523173,0001,1,AMBIENTAFIT PERSONAL TRAINER E ASSESSORIA ESPORTIVA,08,20170307,20150526,PR,9983
22525204,0001,1,CONDICIONE 'MENTE E CORPO',04,20210219,20150526,PA,0427
22526549,0001,1,,08,20230613,20150526,PA,0427
22526956,0001,1,ACADEMIA AGFITNESS,08,20230217,20150526,AM,0255
22530524,0001,1,THAIS REIA,08,20180122,20150526,SP,6903
22537507,0001,1,JOAO CANTIDIO PERSONAL,04,20220124,20150527,RN,1761
22544073,0001,1,FABIO BANDEIRA,08,20150716,20150528,PR,7535
22549104,0001,1,CORPORE SANO,04,20210422,20150528,BA,3723
22549490,0001,1,DOUGLAS FISIO,08,20190430,20150528,SC,8105
22553048,0001,1,G.TROBIA PERSONAL TRAINER,08,20150601,20150529,PR,7777
22553828,0001,1,,08,20180131,20150529,SP,6969
22555006,0001,1,,08,20201116,20150528,AC,0139
22562355,0001,1,A3 TRAINING BOX,02,20150529,20150529,SP,7099
22566417,0001,1,TEAM MACEDO STUDIO,02,20150601,20150601,RJ,6001
22568680,0001,1,ESTACAO FITNESS,03,20241028,20150601,GO,9433
22572400,0001,1,ANANDA RUCATTI PILATES,08,20220323,20150602,RS,8801
22575048,0001,1,TREINO ACADEMIA,08,20170208,20150601,PI,1005
00564352,0002,2,ACADEMIA MADUREIRA DE MUSCULACAO E ATIVIDADES FISICAS,08,20211025,20150406,PR,7667
22577934,0001,1,,02,20250827,20150603,RJ,6001
22578864,0001,1,ACADEMIA WORLD FITNESS,08,20160120,20150603,SP,7087
22585734,0001,1,TOP TEAM ACADEMIA,04,20210423,20150603,RN,1613
22586535,0001,1,HELP FITNESS,04,20181025,20150604,PE,2573
22587288,0001,1,,04,20210311,20150604,RJ,6001
22587392,0001,1,AD FITNESS,08,20200115,20150604,RJ,5871
22587543,0001,1,STUDIO PILATES,08,20220607,20150604,PA,0531
22587903,0001,1,ALINETRAINER,04,20220128,20150605,PI,1219
22589396,0001,1,GESTAO AQUA MIX,04,20240827,20150605,CE,1389
22589620,0001,1,ACADEMIA PROJETO A,04,20210226,20150605,SP,7107
22590185,0001,1,PRO-FORMA PILATES,08,20180704,20150605,SP,6953
22595461,0001,1,PERSONAL MAYARA RAMOS,08,20180313,20150608,SP,2951
22598116,0001,1,SAITHAMA DOJO,04,20210330,20150608,MG,4743
22598407,0001,1,ITAFITNESS ACADEMIA,04,20181026,20150608,CE,1389
22607080,0001,1,ACADEMIA TOP GYM,04,20210223,20150609,AP,0605
22609216,0001,1,ACADEMIA OLLIVER FITNES,08,20190322,20150609,MG,4659
22613256,0001,1,,04,20260515,20150602,CE,1337
22614805,0001,1,CT TITA,02,20150610,20150610,PB,1981
22615569,0001,1,PILATES ENERGIA SAUDE,02,20150610,20150610,BA,3849
22617648,0001,1,HARDCORE ACADEMIA,02,20150610,20150610,MA,0937
22627330,0001,1,FUNCIONAL TRAINER,04,20220208,20150611,SP,6493
22627953,0001,1,ACADEMIA ELITE,08,20210726,20150611,SP,7107
22628219,0001,1,LUIZ FELIPE OSTROVSKI PERSONAL TRAINER,08,20200130,20150611,PR,7535
22629047,0001,1,,08,20200228,20150611,PR,7777
22629938,0001,1,ACADEMIA ATLETICA DE BORBOREMA,04,20210426,20150611,PB,1955
22631505,0001,1,PAULO HENRIQUE PAULI,08,20180301,20150611,PR,7583
22636786,0001,1,IPI,02,20230531,20150612,RJ,6001
22639845,0001,1,EQUIPE LIFE'S,02,20240411,20150612,RJ,6001
22642634,0001,1,BIORITMO,08,20180226,20150612,SE,3105
22643491,0001,1,CONEXAO BEM ESTAR,08,20150831,20150615,SP,7107
22644570,0001,1,,02,20150615,20150615,SP,6181
22646609,0001,1,CLUBE CONDICAO FUTURO - CCF,02,20150508,20150508,SE,3105
22649229,0001,1,ALEX LEITE PERSONAL,08,20161020,20150615,DF,9701
22655017,0001,1,REFEA CENTER,08,20240229,20150615,BA,3669
22655311,0001,1,,08,20231219,20150616,PR,7503
22655657,0001,1,LAUANA LIMA,08,20211230,20150616,SP,6861
22656180,0001,1,LUANA DIAS,08,20161027,20150616,MG,4371
22656262,0001,1,MAIS VIDA FITNESS INTELIGENTE,08,20180308,20150616,MG,4625
22665337,0001,1,ESCOLA DE JUDO BUSHI,04,20210318,20150617,SC,8179
22670662,0001,1,ACADEMIA BRASIL LIFE FITNESS,08,20200220,20150611,SC,8319
22674449,0001,1,,08,20210628,20150618,RJ,5907
22675644,0001,1,ACADEMIA SPACE FITNESS,02,20150618,20150618,RR,0301
22682416,0001,1,ACADEMIA GANKAKU,04,20220125,20150619,BA,3477
22684704,0001,1,,08,20260107,20150619,GO,9227
22686165,0001,1,MP FIT,02,20150619,20150619,SP,6789
22686967,0001,1,,04,20210309,20150619,PR,7667
21024462,0002,2,ACADEMIA ATHENAS SPORT FITNESS,08,20190325,20150618,MG,4029
22690677,0001,1,DV PERSONAL,02,20150622,20150622,SP,6887
22693087,0001,1,,08,20171214,20150622,SP,7151
22697146,0001,1,MARRA TREINAMENTO PERSONALIZADO,08,20240325,20150622,DF,9701
22703134,0001,1,,02,20240802,20150623,SP,7107
22703244,0001,1,STUDIO FITNESS BEM ESTAR,08,20260311,20150623,DF,9701
22703885,0001,1,,08,20160923,20150623,SC,8179
22705351,0001,1,STUDIO KIKOS,08,20220712,20150623,MS,9051
22706090,0001,1,ALEXIS HARITOFF,08,20180119,20150623,SC,8179
22710052,0001,1,ESPACO FIT,08,20150802,20150623,SP,7057
22711027,0001,1,SPACO PILATES,02,20150623,20150623,TO,9559
22712436,0001,1,ASSESSORIA ESPORTIVA PRO-VIDA,02,20250430,20150624,SP,7107
19799094,0001,1,CN FITNESS,04,20210413,20140226,SP,6723
22720538,0001,1,,08,20190923,20150625,CE,1389
22721066,0001,1,MOVITH - EXCELENCIA EM QUALIDADE DE VIDA,02,20240517,20150625,SP,7145
22723432,0001,1,YOGASPA - SAUDE E CULTURA INDIANA,08,20190515,20150625,SC,8039
22724915,0001,1,,08,20190528,20150625,BA,3685
22725401,0001,1,ACADEMIA IMPROVING MUSCLE SHAPE,04,20231116,20150625,PR,0834
22725805,0001,1,,02,20150625,20150625,PR,7535
20030459,0001,1,WT FITNESS & CONSULTORIA,08,20180201,20140406,RJ,2921
22606838,0001,1,ACADEMIA VISUAL,04,20260514,20150609,PA,0443
22729523,0001,1,OMJPERSONALTRAINER,04,20220609,20150626,PR,7735
22732070,0001,1,STUDIO FITNESS TREINAMENTO FUNCIONAL,04,20210323,20150625,RS,8737
22736057,0001,1,CLFIT,08,20160119,20150626,ES,5655
22736723,0001,1,,08,20211001,20150627,SP,7107
22737165,0001,1,JEAN MONTENEGRO PERSONAL TRIANER,04,20210225,20150627,RS,8801
22739104,0001,1,ACADEMIA CORPO BELLO,02,20150626,20150626,BA,3467
22740995,0001,1,,04,20210318,20150629,SC,8105
22741610,0001,1,,04,20210407,20150629,BA,3849
22743102,0001,1,GYMGARAGE,03,20250402,20150629,PR,7537
22743754,0001,1,ACADEMIA ESPARTA,02,20150629,20150629,SP,7107
22744207,0001,1,,02,20150629,20150629,MG,5115
22745443,0001,1,PERSONAL CLUB,02,20150629,20150629,SP,7071
22747486,0001,1,CAMILA PERSONAL CENTER,08,20160113,20150629,RS,8683
22748084,0001,1,STUDIO IVANA ALMEIDA -PILATES E TREINAMENTO FUNCIONAL,08,20200424,20150626,SP,6163
22749572,0001,1,OP,02,20150630,20150630,SP,7107
22751009,0001,1,ACADEMIA FENIX,08,20220523,20150630,BA,3441
22752456,0001,1,STUDIO LIFE PERSONAL PILATES,04,20220126,20150630,SP,6629
22752643,0001,1,,02,20220221,20150630,SP,7089
22753793,0001,1,,02,20150630,20150630,SP,7057
12512978,0002,2,ACADEMIA PRO-SAUDE FINESS,08,20180206,20150629,RS,8629
22758531,0001,1,ACADEMIA L M FITNESS LIFE IN MOTION,08,20250731,20150630,RJ,5901
22763473,0001,1,ACADEMIA DE JIU JITSU OSCARADAGATO,04,20210218,20150701,MS,9111
22765024,0001,1,MARLON,08,20180131,20150701,SP,6425
22765734,0001,1,STATERA STUDIO DE PILATES,08,20190228,20150701,SC,8029
22768190,0001,1,ANDRE OTAVIANO PREPARADOR FISICO,04,20210423,20150702,RN,1779
20446744,0002,2,STUDIO DE GINASTICA SAPERE,08,20160810,20150702,SP,7115
22770801,0001,1,STUDIO DUELLUS,02,20221221,20150702,PI,1219
22771303,0001,1,HENRIQUE MEIRELES FITNESS,08,20150914,20150702,RJ,6001
22772027,0001,1,ON TRAINING,04,20260515,20150630,SC,8105
22773945,0001,1,PARTENON NUCLEO DE TREINAMENTO,04,20220124,20150702,PB,2051
22776924,0001,1,GYM CUP ACADEMIA,04,20210423,20150703,PB,2051
22783810,0001,1,FRIDA,08,20160727,20150703,SP,7149
22788851,0001,1,BETH PERSONAL,08,20180131,20150706,PR,7691
22789966,0001,1,MILLER PERSONAL,08,20160904,20150706,PR,7649
22790308,0001,1,D FITNESS,02,20150706,20150706,CE,1271
22790594,0001,1,VINI PERSONAL,08,20220516,20150706,MG,4371
22791844,0001,1,STUDIO T PILATES,08,20220119,20150706,SP,6291
22792106,0001,1,,08,20191111,20150706,CE,1559
10226155,0002,2,,02,20150706,20150706,SP,7097
22794841,0001,1,,04,20220208,20150706,RJ,6001
22798381,0001,1,STUDIO R2 PILATES & FUNCIONAL,02,20150706,20150706,RJ,5865
22798823,0001,1,A PRATICA DO EMAGRECIMENTO,02,20210616,20150707,SP,7107
22799320,0001,1,YAM ARTE EM TRES,08,20170523,20150707,RJ,2921
22801469,0001,1,,08,20170911,20150707,SP,6849
12957467,0002,2,JP ESPACO FITNESS,08,20170123,20150707,MG,4129
22804966,0001,1,ACADEMIA ADRENALINE,08,20190130,20150707,SP,6229
22811813,0001,1,O2 ESTUDIO FUNCIONAL,08,20230921,20150708,BA,3637
18679004,0002,2,RUN FIT ACADEMIA,02,20150708,20150708,MT,9907
22814475,0001,1,XTRAINER,04,20210311,20150708,RJ,6001
22817384,0001,1,WM BEM ESTAR FITNESS,08,20200522,20150709,SE,3129
22822402,0001,1,VENCA SEUS LIMITES.,04,20210415,20150710,SP,6547
22825711,0001,1,DEBORA JATI STUDIO PILATES,08,20160804,20150710,PA,0447
22827532,0001,1,TRAINING FIT,04,20260514,20150710,PA,0483
22828573,0001,1,JF SPORTS FIT CLUB,08,20210812,20150710,RJ,5915
22829534,0001,1,REGINASTICA,04,20210218,20150713,MT,9067
22831757,0001,1,ONE TO ONE FITNESS,08,20180717,20150710,PA,0427
22833415,0001,1,,08,20210628,20150713,PR,8461
22839192,0001,1,CONSULTORIO DE FISIOTERAPIA,08,20180815,20150714,MG,4285
22839397,0001,1,JAKELINE RITIMOS,08,20150812,20150714,GO,9473
22839630,0001,1,,04,20210226,20150714,SP,7107
22840793,0001,1,BODYFIT STUDIO - TREINAMENTO PERSONALIZADO,08,20160216,20150714,SC,8179
22841664,0001,1,SAUDE PLENA ACADEMIA,02,20260520,20150714,MG,4553
22841744,0001,1,,08,20250306,20150714,PR,7535
22844398,0001,1,ACADEMIA SCORPIONS,08,20240201,20150714,MA,0807
22845061,0001,1,BRUNA CAPELLI DOS ANJOS,08,20200104,20150714,SP,6429
22845443,0001,1,EXTREME ACADEMIA,04,20210406,20150714,SP,7075
22845472,0001,1,,04,20210415,20150714,SP,7145
22846798,0001,1,ESPACO CLEAN CORPO & MENTE,04,20220209,20150714,RJ,6001
22850289,0001,1,SIGMA TREINAMENTO FUNCIONAL,08,20150825,20150715,SP,6689
22852353,0001,1,RAFAEL DIAS DE OLIVEIRA,08,20180405,20150715,SC,8047
22854812,0001,1,MOMENTO FITNESS,08,20190213,20150715,RS,8685
22855203,0001,1,,08,20220105,20150714,RS,8801
22856403,0001,1,,04,20210407,20150715,BA,3849
22858511,0001,1,QUEOPS SERVICOS LTDA,08,20160328,20150715,RJ,6001
22868548,0001,1,,04,20210226,20150717,SP,7107
22869418,0001,1,UPPER FITNESS,04,20210303,20150706,MA,0889
22870499,0001,1,STANFOCA FITNESS,08,20170905,20150717,SP,6979
21632222,0002,2,GOLD FITNESS,08,20160801,20150717,PE,2357
22871127,0001,1,CROSSFIT SAUDE,02,20150716,20150716,SP,7107
22871262,0001,1,,02,20150716,20150716,RJ,6001
22872734,0001,1,CENTRAL FITNESS,08,20170309,20150717,RS,8939
22874042,0001,1,STUDIO Z BY VAN PEREIRA,08,20180207,20150717,SC,8179
22877031,0001,1,ESPACO CORPO E VIDA,08,20161027,20150718,PR,7909
22877132,0001,1,MCA TREINAMENTO FUNCIONAL,04,20210223,20150718,AM,0255
22878027,0001,1,ATK RUNNING,08,20190214,20150719,SP,7107
22878590,0001,1,LUDIMILA MARA PERSONAL TRAINER,08,20241227,20150719,MG,5091
22881275,0001,1,TM PERSONAL TRAINER,08,20170111,20150720,PE,2373
07594978,0141,2,SMARTFIT,02,20150720,20150720,SP,7107
22885181,0001,1,FERNANDO ANDRE RIBEIRO DA MATTA CAMARINHA ORTIZ,04,20210226,20150720,SP,7107
22886961,0001,1,ACQUATICA,02,20150720,20150720,MT,9929
22887144,0001,1,,08,20240603,20150720,TO,9241
22894909,0001,1,BIO COMPANY,08,20241031,20150721,SP,6853
22895648,0001,1,,08,20160630,20150721,SP,7107
22898778,0001,1,FISIO PILATES,08,20170509,20150722,MG,4773
22901155,0001,1,,08,20181210,20150722,MG,4123
22904077,0001,1,BELLA VITA PILATES E ACUPUNTURA,08,20190905,20150717,DF,9701
22904637,0001,1,FITNESS CENTER LAGES,04,20210318,20150722,SC,8183
22908341,0001,1,ESTUDIO CORE PILATES,08,20190904,20150723,PE,2531
22908541,0001,1,ESTACAO VITAL,08,20180221,20150723,RJ,5865
01228216,0003,2,CTO FISIOFITNESS,08,20180522,20150708,BA,3873
22912597,0001,1,,08,20200703,20150723,SE,3105
22914078,0001,1,,02,20240318,20150723,SE,3105
09613155,0002,2,S B QUALIDADE DE VIDA,08,20160629,20150619,SP,7175
22917762,0001,1,JAMAICA FITNNES,08,20220523,20150723,MS,9051
22918469,0001,1,CAL STUDIO FUNCIONAL,08,20201221,20150723,CE,1373
22919330,0001,1,FLORESTA FITNESS,04,20190328,20150724,MG,4481
22920007,0001,1,KAR FIT,04,20210226,20150724,SP,7107
22920233,0001,1,CLINICA FITNESS,08,20170203,20150724,RS,7309
22921942,0001,1,,08,20260212,20150724,SP,6435
22922044,0001,1,LIZA LOPES,08,20220124,20150724,RS,8801
22922102,0001,1,KAIO SOUZA,04,20210218,20150724,MT,9067
22925898,0001,1,OZ PILATES E SAUDE,02,20220524,20150725,SP,2951
22926806,0001,1,NAFT,08,20200415,20150725,MG,4123
22764487,0001,1,PONTO FITNESS ACADEMIA,08,20191223,20150701,TO,9733
22927805,0001,1,RUNNING FAMILY,08,20150726,20150726,PR,5453
22933007,0001,1,CENTRO DE TREINAMENTO EM ATIVIDADES FISICAS E SAUDE,04,20210319,20150727,RJ,5903
17496773,0002,2,,08,20191106,20150727,PE,2411
22938432,0001,1,ACADEMIA FENIX,04,20181026,20150728,AM,0207
22939733,0001,1,ELLAS FITNESS ACADEMIA,02,20150728,20150728,SP,6779
22941076,0001,1,ACADEMIA GARRA FITNESS,02,20220802,20150728,AL,2749
22945910,0001,1,,08,20160216,20150729,RJ,5921
22949443,0001,1,ESPACO TERAPEUTICO YOGA ZEN,04,20210319,20150729,RJ,5819
22949876,0001,1,DAVID,08,20151111,20150729,SE,3105
22955641,0001,1,MS ESPORTES,08,20170621,20150730,SP,7151
22960735,0001,1,ESPACO ATIVA STUDIO PILATES,08,20160302,20150730,SP,6477
22961010,0001,1,SMASH ACADEMIA DE TENIS,08,20210611,20150730,MS,9051
17864303,0001,1,W SPORTS ACADEMIA,02,20130403,20130403,MG,5091
22968565,0001,1,PILATES GABRIELE TEIXEIRA,08,20181113,20150731,PB,2117
22970798,0001,1,,08,20230206,20150731,AM,0255
22970984,0001,1,ESPACO PERSONAL,02,20150731,20150731,RO,0025
22971606,0001,1,BLESS7,08,20161207,20150731,SP,7107
22973792,0001,1,WOMANFIT,08,20150817,20150802,SP,7157
22976094,0001,1,FLAVIANA CAMPOS,08,20170716,20150803,MG,4123
22985118,0001,1,,08,20250522,20150804,SP,6131
22986720,0001,1,,02,20150804,20150804,MG,4123
22988252,0001,1,,02,20150804,20150804,SE,3105
22988427,0001,1,MOVIMENTE PILATES,08,20210106,20150804,PE,2457
22990591,0001,1,BOA FORMA,08,20180223,20150804,MG,4647
22993743,0001,1,DUAL FITNESS,08,20171227,20150804,PR,7493
22996963,0001,1,ACADEMIA CORPO ONLINE,02,20150805,20150805,BA,3007
22998417,0001,1,ACADEMIA BOA FORMA,08,20160927,20150805,CE,1365
23000480,0001,1,,08,20230509,20150805,SP,7107
23004200,0001,1,RLCOACH,08,20171026,20150806,RJ,6001
23006163,0001,1,ZEN-DO ACADEMIA E ARTES MARCIAIS,08,20180504,20150806,SP,6285
23008661,0001,1,RAFA ESPORTES,08,20190125,20150806,MG,4123
23008711,0001,1,M7 EVENTOS ESPORTIVOS,04,20220208,20150806,RJ,5915
13453240,0002,2,ACADEMIA PROSAUDE,08,20211124,20150806,SC,8211
23012551,0001,1,FOCO TREINAMENTO FISICO PERSONALIZADO,08,20180123,20150806,RS,8879
23013112,0001,1,ANNA PATRICIA ESTUDIO DE PILATES,04,20260527,20150806,GO,9379
23017543,0001,1,C F FITNESS,02,20150807,20150807,MG,4877
23018843,0001,1,PERSONAL AMAURI,08,20201126,20150807,SP,6163
23021628,0001,1,CONEJO TRAINER,08,20190207,20150808,SP,7097
23023238,0001,1,,08,20160630,20150809,CE,1385
23024948,0001,1,,08,20160405,20150810,SP,6191
23028949,0001,1,IMPACTO FITNESS,08,20160714,20150810,MG,4309
23029280,0001,1,ACADEMIA PRO-SAUDE,04,20210423,20150810,PB,2051
23037028,0001,1,,04,20210415,20150811,SP,7145
23037648,0001,1,FFFORTINI,04,20210406,20150811,SP,6251
23041339,0001,1,PERSONAL TRAINNER PATRICIA BERCOT,08,20230911,20150811,RJ,6001
23044228,0001,1,QG ACADEMIA VIRGOLINO,02,20240830,20150812,PE,2301
23045007,0001,1,ANDERSON COWBOY STUDIO DE DANCA,02,20231214,20150812,SP,7047
23045676,0001,1,,08,20170811,20150812,MG,5217
23049940,0001,1,,08,20180202,20150812,RS,8559
23053415,0001,1,IRON CROSSFIT,02,20150813,20150813,ES,5699
23059021,0001,1,ACADEMIA TEAM SPARTAN,08,20170921,20150813,BA,3563
23060231,0001,1,ACADEMIA MOVIMENTE-SE,02,20150813,20150813,RN,1641
23061578,0001,1,LEVITA ESTUDIO PILATES E RPG,08,20151214,20150813,SP,6921
23062404,0001,1,,08,20240926,20150813,RJ,5819
23062596,0001,1,,08,20180108,20150814,SP,6219
23065070,0001,1,BRUNO SOUZA COACH,04,20260518,20150814,RJ,5869
23068730,0001,1,VALHALLA,08,20180405,20150814,SC,8081
23070837,0001,1,JOSE PERSONAL,08,20190402,20150815,PR,7535
23071658,0001,1,TREINADOR BRENO REIS,08,20190909,20150816,MG,4123
23072921,0001,1,,08,20160816,20150817,MG,5403
23079505,0001,1,ATACADAO E SUPERMERCADO MARTINS BUGIA,08,20240119,20150817,BA,3341
23088754,0001,1,RM FITNESS,08,20210211,20150818,PE,2379
23096240,0001,1,ACADEMIA SUPERACAO FITNESS,08,20160406,20150819,SP,6689
23096508,0001,1,SKY GYM,02,20150818,20150818,RS,8619
23096750,0001,1,,02,20220818,20150819,CE,1389
23098019,0001,1,TROPICALIA,08,20160623,20150819,ES,5705
23101291,0001,1,FST BRASIL - F SPORTS TRAINER,04,20210209,20150819,ES,5705
23102249,0001,1,DIVAS FITNESS,08,20170710,20150820,MG,4633
23104178,0001,1,NAIANNE QUEIROZ - GOLD STUDIO PILATES,02,20150819,20150819,BA,3807
23106815,0001,1,MATHIAS METODO FITNESS,02,20150820,20150820,RS,8683
23109418,0001,1,,08,20221121,20150821,BA,3597
23110418,0001,1,ACADEMIA SAUDE EM MOVIMENTO,08,20170607,20150820,RJ,5869
23116060,0001,1,B.BARROS LTDA,08,20161024,20150822,DF,9701
20901729,0001,1,ACADEMIA ARTE PURA,08,20210304,20140825,PA,0463
23118921,0001,1,PATRICIA BERTONCELLO - PERSONAL,08,20180208,20150824,PR,7691
17506273,0001,1,,08,20191220,20130130,RS,8569
23119486,0001,1,,08,20180316,20150824,MG,4123
23121529,0001,1,TRINITY ACADEMIA,04,20190125,20150824,AM,0247
23123152,0001,1,,08,20180801,20150824,SP,6875
23127009,0001,1,ESTUDIO FLUIR PILATES EM MOVIMENTO,08,20160413,20150824,SC,8179
23139829,0001,1,UP FITNESS ACADEMIA,08,20160606,20150825,RS,8637
23141326,0001,1,JM ACADEMIA,02,20150820,20150820,RJ,6001
23142534,0001,1,SAUDE EM MOVIMENTO,08,20210504,20150825,MG,4671
23143873,0001,1,JULIANA ROSA,08,20150827,20150825,SP,6281
23148202,0001,1,S.F. STUDIO,02,20150826,20150826,PB,2169
23149944,0001,1,ACADEMIA MORMAII FITNESS,08,20170419,20150826,PA,0535
23150277,0001,1,ACADEMIA EQUILIBRIO,02,20150826,20150826,SE,3105
23151226,0001,1,UP! FITNESS,08,20170310,20150826,RN,1761
23155610,0001,1,,08,20200728,20150826,PE,2441
08710179,0003,2,ACADEMIA COMBAT III,04,20231026,20150825,MS,9051
23158351,0001,1,ACADEMIA FLEX FORM,08,20221025,20150827,PB,2143
23158845,0001,1,REINALDO - AULAS DE TENIS,04,20210416,20150827,MG,4123
23160339,0001,1,,02,20150827,20150827,MG,5403
23164497,0001,1,,02,20150827,20150827,MT,8985
23167040,0001,1,ALPHA X ACADEMIA,08,20220404,20150827,PI,1195
23169156,0001,1,BRUNA ROCHA ACADEMIA,02,20150828,20150828,PI,1219
23170648,0001,1,,08,20170107,20150828,SP,7107
23171205,0001,1,AA PERSONAL TRAINER,08,20211022,20150828,SC,8233
23128439,0001,1,MOVIMENTO HARMONICO,08,20160110,20150824,BA,3849
23173706,0001,1,SPINAFIT,08,20151214,20150828,SP,7107
23174274,0001,1,,08,20171018,20150829,PB,2117
23175919,0001,1,,02,20241107,20150830,RJ,6001
23178277,0001,1,LIFE FITNESS,02,20150828,20150828,GO,9429
23179590,0001,1,ACADEMIA MUNDIAL FITNESS,08,20190225,20150831,MG,4445
23182864,0001,1,VO2 CONSULTORIAS E TREINAMENTOS,04,20210209,20150831,ES,5647
23185102,0001,1,ROMANHOLI PERSONAL TRAINER,08,20161226,20150831,SP,6219
23186016,0001,1,VINICIUS SILVA,08,20170424,20150901,SP,7099
23188101,0001,1,ACADEMIA VIDA ATIVA,04,20210317,20150901,PR,7587
23191823,0001,1,DH SPORTS & ENTERTAINMENT INTERNATIONAL,04,20210226,20150901,SP,7107
23193156,0001,1,,08,20170522,20150901,PR,7691
23196384,0001,1,,08,20170102,20150902,SP,7241
23196814,0001,1,,08,20160404,20150824,RJ,5897
23197794,0001,1,,08,20180301,20150902,PR,7691
23198110,0001,1,,04,20210408,20150902,SP,7071
23198444,0001,1,ESPACO UNIK,08,20240923,20150902,PE,2531
23209028,0001,1,THIAGO,04,20210317,20150903,PR,7535
23209057,0001,1,PILATES - CONTROLE E MOVIMENTO,04,20181004,20150903,SP,7107
23210935,0001,1,,04,20210225,20150903,RS,8963
23211259,0001,1,RANIELE SOARES,04,20210311,20150903,RJ,6001
23215689,0001,1,IMPERIO FITNESS,08,20170130,20150903,BA,3837
23217070,0001,1,EVOLUTION ACADEMIA,02,20150904,20150904,MG,5165
23217421,0001,1,PERFIT ACADEMIA DE GINASTICA,08,20190606,20150904,RS,8817
23221511,0001,1,STUDIO + SAUDE,02,20150903,20150903,BA,3545
23223375,0001,1,CRISTIANO ARAUJO PILATES,08,20181018,20150905,SP,7107
23223412,0001,1,,04,20231107,20150905,RJ,6001
23225257,0001,1,GEO GYM,08,20180509,20150907,RS,8717
23229754,0001,1,,04,20210309,20150908,PR,7885
23233902,0001,1,MENDES TREINAMENTO FUNCIONAL,04,20210226,20150908,SP,7107
23234356,0001,1,,08,20160810,20150909,SP,6131
23236153,0001,1,ESPACO PILATES ELDORADO,08,20191210,20150909,MG,4371
23236682,0001,1,DEMELLO FITNESS & ASSESSORIA,02,20150909,20150909,PE,2627
23242037,0001,1,HENRIQUETA AZEVEDO MACHADO FERREIRA,08,20150915,20150909,PR,7667
22649567,0001,1,STUDIO DE PILATES FLAVIA LAGE,08,20160630,20150615,MG,4305
23245572,0001,1,,08,20151231,20150910,SP,6635
23248845,0001,1,CROSSFIT BLUMENAU I,02,20150910,20150910,SC,8047
23248916,0001,1,ACADEMIA TOP FITNESS,08,20170419,20150910,PA,0579
23251524,0001,1,F3 STUDIO,02,20150910,20150910,SP,6475
19973840,0001,1,FISICOL PERSONAL TRAINER,02,20140328,20140328,PR,7935
23257364,0001,1,FR PILATES,08,20190228,20150911,RJ,6001
23257711,0001,1,PP FITNESS,08,20220913,20150911,RJ,6001
23259448,0001,1,CASSIA W. F. JORGE,08,20200207,20150911,SP,6291
23262103,0001,1,JR FITNESS TREINO,08,20160127,20150913,CE,1389
23263689,0001,1,W8 ACADEMIA,08,20180404,20150911,GO,9373
23266212,0001,1,ACADEMIA POWERFIT,02,20190506,20150911,RR,0301
23269233,0001,1,ARENA MV,08,20170717,20150914,PE,2531
23269270,0001,1,FABIO NEGRAO PERSONAL TRAINER,08,20211027,20150914,SP,7057
23270795,0001,1,GRUPO DRAGOES ARTES MARCIAIS,02,20250120,20150914,SP,7107
23196814,0004,2,,08,20160404,20150914,RJ,5897
23273262,0001,1,STUDIO DOMINUS,02,20150915,20150915,SP,7107
23274890,0001,1,CLUBE DE CORRIDA FORMACCO,08,20180425,20150915,SC,8105
23275646,0001,1,LLFAC ARBITRAGEM E EVENTOS,02,20260527,20150915,RJ,5865
23277008,0001,1,LUCAS BELTRAME,04,20210304,20150915,RS,8589
23277671,0001,1,,08,20190430,20150915,RJ,5905
23279265,0001,1,J. D. ACADEMIA,02,20150915,20150915,PE,2403
23279343,0001,1,,08,20150916,20150915,MG,4881
23281836,0001,1,STUDIO CARMADELLI TRAINING,02,20210531,20150915,BA,3957
23283009,0001,1,ACADEMIA MEGA FITNESS,08,20160414,20150915,GO,1052
23287510,0001,1,CLS TREINAMENTO FISICO,08,20220518,20150916,MG,4123
23288307,0001,1,VIDA E SAUDE,04,20210318,20150916,SC,8027
23290352,0001,1,FISIOCENTER,08,20190405,20150916,ES,5693
23293280,0001,1,MAESTRI ASSESSORIA ESPORTIVA,04,20220608,20150917,SC,8105
23293972,0001,1,LIDI ROSA EVENTOS,04,20210311,20150917,RJ,6001
23296929,0001,1,ACADEMIA F3 FITNESS,02,20150917,20150917,PE,2323
21822363,0002,2,SMARTFIT,08,20241107,20150918,AL,2785
23306360,0001,1,ACADEMIA CRISTAL,02,20150918,20150918,SP,7107
23306577,0001,1,ACADEMIA JEFFAO TREINAMENTO FUNCIONAL,04,20240822,20150918,BA,3793
23313793,0001,1,LUIZ FELIPE PERSONAL TRAINER,04,20210419,20150921,MG,4733
23315094,0001,1,,08,20230403,20150921,SP,7145
23316387,0001,1,RAQUEL WALLY,08,20211026,20150921,RS,8791
09395164,0002,2,TITANIUM ACADEMIA,08,20210614,20150916,PA,0535
23319407,0001,1,ACADEMIA AQUA MIX,02,20230617,20150922,GO,9373
23319581,0001,1,,08,20160407,20150922,AL,2785
23320067,0001,1,,08,20220921,20150922,SP,7107
23323474,0001,1,VEIO BARRELA,08,20210607,20150922,MT,8985
23328182,0001,1,TOP CENTER ACADEMIA,02,20150923,20150923,MG,4995
23328679,0001,1,LA PHYSIQUE,04,20240820,20150923,RS,8877
23332020,0001,1,ACADEMIA GUIMARAES TOP FITNESS,04,20260514,20150923,PA,0523
23332358,0001,1,ACADEMIADEGINASTICAPROFKUKI PROFESSOR10 COM BR,08,20210308,20150923,RS,8801
23334057,0001,1,ATIVA REFORMER PILATES,02,20221213,20150923,DF,9701
23336767,0001,1,GRACIE BARRA,04,20210331,20150923,MG,4877
23339629,0001,1,,08,20191223,20150924,RS,8729
23341242,0001,1,VO2 PERFORMANCE,08,20160223,20150924,BA,3849
23341858,0001,1,GO ON FITNESS,08,20241113,20150922,GO,9373
23342010,0001,1,RB FISIOTERAPIA,08,20180515,20150924,MG,4123
23344355,0001,1,ESPACO EXCLUSIVE,08,20180205,20150924,SP,6549
23349545,0001,1,VITALITY FIT,08,20161127,20150925,DF,9701
23351031,0001,1,ANDRE ALVES,08,20151210,20150925,SP,6795
23351632,0001,1,ESPACO LURVIDA,02,20150925,20150925,AL,2785
23064830,0001,1,STRONG STUDIO FUNCIONAL,08,20241025,20150814,PB,2051
23357075,0001,1,PRATICK SAUDE ESPORTE ENTRETENIMENTO,04,20210319,20150927,RJ,5869
23357530,0001,1,JACQUELINE DIAS PERSONAL SYSTEMS,08,20180404,20150928,PR,7583
23360277,0001,1,ESPACO SATYA,08,20210514,20150928,SP,6969
23363083,0001,1,,04,20220209,20150928,SP,7099
23367838,0001,1,,08,20240312,20150929,BA,3849
23371428,0001,1,ACADEMIA LOPES SPORTS,04,20210305,20150929,SP,7107
23371729,0001,1,,04,20210310,20150929,SP,7149
23374922,0001,1,,08,20180904,20150928,RS,8801
23376540,0001,1,AMP,04,20260520,20150929,GO,9373
23377205,0001,1,,08,20170317,20150930,SP,6295
23379512,0001,1,STUDIO ONE,08,20180115,20150930,RN,1761
23381389,0001,1,RICARDO TEIXEIRA,08,20180207,20150930,MG,5035
23381672,0001,1,ESPACO FUNCIONAL J CORTES,04,20210330,20150930,MG,5343
23386778,0001,1,,04,20210419,20151001,SP,6349
23388884,0001,1,,08,20160113,20150422,PR,7535
23393313,0001,1,STUDIO X,04,20231113,20151001,RJ,5897
23393559,0001,1,ROX FITNESS,02,20151001,20151001,SC,8105
23396217,0001,1,STUDIO LIBERTY GINASTICA E DANCA,08,20160504,20151002,BA,3363
23401036,0001,1,ACADEMIA ARMARIO,02,20151002,20151002,RS,8901
23403419,0001,1,ATS/TFT DRACON ARTES MARCIAIS,08,20160125,20151003,SP,7001
23405405,0001,1,STUDIO PILATES,08,20210303,20151004,SP,6711
23405519,0001,1,A.J CONSULTORIA E DESENVOLVIMENTO ESPORTIVO,02,20220301,20151004,SP,6477
23407691,0001,1,,08,20170512,20151005,RJ,5863
23410752,0001,1,CT FUNCTIONAL COACHES,08,20171101,20151005,MS,9051
23410775,0001,1,F2 HEALTH CARE,08,20160211,20151005,SC,8105
23120170,0002,2,,08,20191010,20150824,MG,4371
23420530,0001,1,,08,20180130,20151006,RS,8637
10560087,0003,2,STUDIO BIO FORMA PERSONAL TRAINER,08,20200707,20151005,SC,8161
23422228,0001,1,,04,20210224,20151006,CE,1389
23425782,0001,1,ACADEMIA PRATIQUE FITNESS,02,20151007,20151007,MG,4123
23432336,0001,1,STUDIO VITALIS,08,20161004,20151007,MG,4123
23435034,0001,1,STUDIO WORLD FITNESS,08,20160304,20151008,SP,7083
18926911,0002,2,OSY FIT ACADEMIA 2,08,20231126,20151008,PR,7513
23437586,0001,1,SPARTA CROSS,08,20190329,20151008,MG,4575
23438717,0001,1,,08,20151111,20151008,SP,6361
23440094,0001,1,UNIVERSO FITT,04,20210419,20151008,SP,6713
23440791,0001,1,,08,20230523,20151008,RS,8801
23442020,0001,1,ACADEMIA ARTE E FORCA,04,20210310,20151008,SP,6831
23445483,0001,1,ACADEMIA MASTER FITNESS,02,20151009,20151009,MG,5403
23448192,0001,1,STUDIO INOVA,08,20190606,20151009,RS,8637
09641676,0002,2,STUDIO FITNESS L & F,08,20161027,20151009,MG,4123
23450725,0001,1,,04,20210326,20151009,SP,6477
23452169,0001,1,DIEGO FERREIRA PILATES E FITNESS,02,20220801,20151011,SP,7119
23452837,0001,1,STUDIO FITNESS TORRES,08,20180227,20151012,RS,8933
23454396,0001,1,CLINICA FATIMA LOPES,08,20221222,20151013,RJ,6001
23455969,0001,1,,08,20180613,20151013,PR,7535
23456730,0001,1,IGOR PROVENZANO ASSESSORIA ESPORTIVA,08,20170518,20151013,RJ,6001
23460321,0001,1,AIRTON QUEIROZ PERSONAL TRAINER,02,20250128,20151013,PB,2051
17683447,0002,2,NG ACADEMIA ESPORTIVA,04,20210407,20151009,BA,3849
15719287,0004,2,ACADEMIA 38 GRAUS,08,20190118,20151013,RN,1837
23460701,0001,1,CENTRO DE TREIN. ESPEC. EM FISIOLOGIA DO EXERC. CLINICO,08,20190809,20151013,MG,4625
23373468,0001,1,,08,20151013,20150929,PE,2631
23467323,0001,1,,08,20210608,20151014,SP,7005
23468607,0001,1,,08,20161213,20151013,RS,5785
23469850,0001,1,STEPH BE FITNESS,08,20180628,20151014,SP,6897
23470050,0001,1,CJS PERSONAL,08,20220405,20151014,TO,9733
23472361,0001,1,SPORT HOME,08,20170306,20151015,RJ,5805
23231254,0001,1,,02,20150908,20150908,MG,4733
15067191,0003,2,ACADEMIA QUALIDADE E VIDA LTDA ME,08,20250512,20151016,SP,7195
23483537,0001,1,,08,20180225,20151016,PR,0844
23485107,0001,1,ESTUDIO LIRIOS PILATES E DANCA,08,20170127,20151016,SC,8327
23485194,0001,1,,08,20240722,20151002,CE,1559
23485929,0001,1,MEDRE ASSESSORIA,08,20200221,20151016,GO,9221
23487521,0001,1,CLUBE BREDER JIU-JITSU,08,20170321,20151016,RJ,5913
23490195,0001,1,HELLEN BITTENCOURT KUNHAVALIK PERSONAL TRAINER,08,20180214,20151018,PR,7885
23490569,0001,1,,04,20210426,20151019,AL,2785
23491524,0001,1,METODO TRANSFORME-SE DEISE AZZOLIN,02,20151019,20151019,RS,8785
23495355,0001,1,,02,20151019,20151019,MG,5427
23499161,0001,1,SOUTO ADVENTURE,04,20210311,20151019,RJ,6001
23500170,0001,1,G.ANDRADE STUDIO PILATES,08,20210419,20151020,SP,6511
23501280,0001,1,MUNDOMETA,08,20151221,20151020,BA,3599
23501819,0001,1,FLEX LABOR ASSESSORIA,02,20241031,20151020,GO,9373
23503697,0001,1,*******,08,20180131,20151020,SP,6519
23505874,0001,1,LOSS ACADEMIA,02,20151016,20151016,SC,8179
23509044,0001,1,,02,20150818,20150818,PR,7535
23509139,0001,1,D2 FITNESS,02,20151021,20151021,GO,9753
23510268,0001,1,EQUILIBRIUS,08,20160825,20151021,ES,5713
23513466,0001,1,STUDIO FABI DE PERSONAL TRAINER,08,20250801,20151021,RJ,2921
23524008,0001,1,CRIS DIAS FITNESS & PERSONAL,02,20151022,20151022,SC,8073
23526827,0001,1,CLINICA QUEINA ATAIDE,08,20250915,20151006,DF,9701
23528606,0001,1,TIME ACADEMIAS VIA CENTRO,03,20210305,20151023,MG,5403
23528934,0001,1,TRIBO FITNESS,02,20250508,20151022,RO,0003
23532541,0001,1,IC ESPORTE E SAUDE,08,20170712,20151023,MG,4387
23536100,0001,1,ACADEMIA DOIS IRMAOS,08,20220215,20151025,RN,1615
23536977,0001,1,,08,20191128,20151026,CE,1589
23538284,0001,1,AMERICA FUTEBOL CLUBE OFICIAL DIVINOPOLIS MG,04,20210330,20151026,MG,4445
23546219,0001,1,CLINICA CORPUS,02,20220510,20151027,MG,5401
20342570,0001,1,PRATTO FITNESS,08,20180618,20140529,MG,4123
21773561,0002,2,ACADEMIA UNIVERSITARIA ANDAIA,08,20180606,20151027,BA,3873
23551754,0001,1,BENEFIT PILATES STUDIO,08,20211026,20151027,RJ,6001
23551945,0001,1,,02,20151027,20151027,SP,6291
23557107,0001,1,,02,20151028,20151028,PR,7667
19812563,0001,1,BEM 360 ACADEMIA,02,20140228,20140228,MG,4877
23564819,0001,1,,04,20210317,20151028,PR,7535
23566864,0001,1,SAUDESUL,08,20160808,20151029,RS,8729
23567494,0001,1,A3 TRAINING,08,20210720,20151029,SP,6177
23574436,0001,1,URB FITNESS BELA VISTA,02,20151029,20151029,SP,7107
23574936,0001,1,,08,20180629,20151030,SP,6619
23576296,0001,1,TRANSFORMERS STUDIO PERSONAL,08,20160721,20151030,MG,4055
23576894,0001,1,INOVA FITNESS,08,20160504,20151030,RJ,5801
23580650,0001,1,PERSONAL COACH,08,20200603,20151101,SP,7107
23581857,0001,1,ROBSON SILVA,08,20231113,20151102,SP,7107
23587890,0001,1,,04,20210209,20151103,ES,5703
23588266,0001,1,,08,20190214,20151103,SP,7017
23589747,0001,1,,08,20210827,20151103,SP,6905
23591329,0001,1,,08,20180603,20151103,RJ,6001
23597622,0001,1,SOUL PILATES E BEM ESTAR,08,20180130,20151104,SC,8055
23601952,0001,1,STUDIO PILATES FUNCIONAL,08,20210408,20151105,SP,6259
23602714,0001,1,ACADEMIA BOA FORMA,04,20210422,20151105,BA,3375
23609461,0001,1,TC MOVIMENTO,04,20260520,20151105,GO,9373
23615021,0001,1,HAURELIO'S DANCE FIT,08,20211015,20151106,RJ,5921
23616526,0001,1,X GYM FITNESS ACADEMIA,08,20161219,20151106,SP,7209
23617523,0001,1,SAUDE E MOVIMENTO,08,20151108,20151106,MG,4123
23620124,0001,1,READY PERSONAL TRAINERS,02,20151108,20151108,SC,8367
14651149,0001,1,FITCLUB ACADEMIA,08,20190320,20111121,MG,4123
23623936,0001,1,VINICIUS MARCONI CIRCUITO DE PRAIA,08,20160104,20151109,RJ,5865
23625364,0001,1,TIGER FITNESS,02,20250918,20151109,MG,5049
22321420,0001,1,CENTRO DE CAPACITACAO FISICA VAGNER RIESCO,04,20240828,20150424,SP,2965
23629787,0001,1,FIX RUN,08,20180831,20151109,PR,7535
23630878,0001,1,OVERALL ACADEMIA,08,20161206,20151110,SP,6697
23632056,0001,1,DS FITNESS CLUB,08,20231222,20151110,CE,1559
23632860,0001,1,FISIO LABORAL,04,20210212,20151110,GO,9227
16819202,0002,2,ROYAL FITNESS,04,20201022,20151109,DF,9701
23639959,0001,1,CT FIGHTING TRAINING,08,20160229,20151111,SP,6377
23640422,0001,1,BODY FIT,08,20180328,20151109,GO,9373
23645962,0001,1,POWER FITNESS PERSONAL,08,20190515,20151111,RS,8531
23646290,0001,1,,08,20180629,20151111,ES,5625
23651923,0001,1,LEO FITNESS ACADEMIA,04,20181026,20151112,AM,0255
23653526,0001,1,,04,20210413,20151112,MG,5403
23654495,0001,1,,08,20171114,20151112,SP,6217
23656265,0001,1,BOX CROSSCERRADO,08,20230721,20151112,TO,9733
23657824,0001,1,BY GRACE,08,20160530,20151113,AM,0255
23659297,0001,1,,08,20210401,20151113,RS,8633
23660326,0001,1,NEW BODY FITNESS,02,20151111,20151111,DF,9701
23660694,0001,1,LET'S GO,02,20240202,20151113,CE,1455
23660754,0001,1,STUDIO ARTFISIO PILATES,08,20260305,20151113,AP,0605
23664968,0001,1,SLIMFIT STUDIO,02,20151113,20151113,DF,9701
23666914,0001,1,STUDIO FEMINI,08,20171212,20151115,MG,5359
23683131,0001,1,NOVA SIDER,08,20190723,20151117,RJ,5925
23685594,0001,1,JOLIE ESPACO DE VIDA,08,20160205,20151117,RS,8801
20163862,0001,1,TOP HIIT ACADEMIA,02,20140430,20140430,RS,0962
23687385,0001,1,ACADEMIA PERFORMANCE,08,20191009,20151118,PR,7885
23688018,0001,1,PERSONAL MOVING,08,20161013,20151118,RS,8637
23691643,0001,1,LETSGO TRAINING,08,20170309,20151118,CE,1389
23694016,0001,1,,02,20151118,20151118,GO,9549
23701431,0001,1,ACADEMIA MAXIMUS BY FITNESS CLUBE,04,20210311,20151119,RJ,6001
23702032,0001,1,CROSSFITITAIPAVA,08,20171226,20151119,RJ,5877
23702972,0001,1,STUDIO G. M. FITNESS,08,20161212,20151119,SP,7213
23703196,0001,1,BIO GYM ACADEMIA,04,20220608,20151119,SC,8137
23703254,0001,1,MAURICIO ATIVIDADES ESPORTIVAS,04,20210423,20151119,PB,2051
23703363,0001,1,CENTRO DE PREPARO FISICO E TREINAMENTO MOTA GOMES,08,20161128,20151119,AM,0255
23703631,0001,1,MOVIMENTO SAUDE STUDIO PILATES,08,20220201,20151119,MG,5397
23707233,0001,1,CROSSFIT CAMALEAO,08,20250319,20151119,DF,9701
23708667,0001,1,ACTION GESTAO ESPORTIVA,08,20160421,20151120,RJ,6001
23710893,0001,1,MAX,08,20191205,20151122,MG,4941
23718097,0001,1,,08,20170518,20151123,PE,2543
23719338,0001,1,PROJETO VEJO UMA VIDA,04,20210219,20151123,PA,0427
23720375,0001,1,ON PERSONAL CLUB,08,20160715,20151124,BA,3849
23721788,0001,1,MONT ROYAL TREINAMENTO FISICO PERSONALIZADO,04,20210225,20151124,RS,8801
23722970,0001,1,SILVA SANTOS TRAINING,08,20160427,20151124,PR,7721
23724572,0001,1,SPORTS CENTER CENTRO DE ATIVIDADES FISICAS,08,20170531,20151123,MS,9051
23726956,0001,1,STUDIO CIRCUIT TRAINING,08,20220729,20151124,SP,7151
23728594,0001,1,FLAVIAPERSON,08,20220620,20151124,GO,9373
23728619,0001,1,ANDRE PRADO ASSESSORIA ESPORTIVA,08,20230125,20151124,SP,7099
23729057,0001,1,MANARL FITNESS,08,20220722,20151125,RJ,6001
23733147,0001,1,,08,20160923,20151125,SP,7097
23734891,0001,1,A FITNESS PENHA,08,20180620,20151124,SC,8245
23734992,0001,1,ATIVA CORPO,04,20210226,20151125,SP,7107
23650571,0001,1,ACADEMIA GYM PRIME,08,20201103,20151112,PE,2625
23738745,0001,1,KOMPILATES - RAFAEL ANDRADE BARBOZA,08,20160201,20151126,RS,8901
23739878,0001,1,PERSONNALITE STUDIO ADELSON SOUSA,04,20260608,20151126,GO,9361
23740748,0001,1,MAVANIER ACADEMIA,08,20161207,20151126,PI,1199
23742840,0001,1,R&F TAVARES,02,20151126,20151126,SP,7107
23749456,0001,1,,08,20250211,20151127,MG,4123
23749578,0001,1,MIX ACADEMIA - UND. II,08,20170517,20151127,RO,0003
23750200,0001,1,,02,20151127,20151127,SP,7077
23751026,0001,1,ALCAFITNESS,02,20230523,20151127,CE,1309
23751375,0001,1,PROJETO FACA A DIFERENCA,08,20160517,20151127,SP,6511
23751566,0001,1,,08,20220214,20151127,SP,6291
23755496,0001,1,FRAN,08,20160706,20151129,SP,6547
23755851,0001,1,PRIME LIFE GESTAO EM SAUDE E BEM ESTAR,08,20220913,20151111,SP,7107
23759126,0001,1,,08,20191210,20151130,MG,4779
23760927,0001,1,STUDIO DE PILATES ANNE MELO,02,20151130,20151130,CE,1389
23761401,0001,1,ACQA-FITNSS,08,20151201,20151130,AL,2725
23763074,0001,1,APOLO - ATIVIDADES FISICAS EM CONDOMINIOS,08,20180523,20151130,RJ,6001
23765022,0001,1,ESPACO CULTURA FISICA,02,20151201,20151201,SP,6249
23766250,0001,1,CORPUS PILATES,08,20260223,20151201,MA,0921
23767101,0001,1,PJR,08,20160121,20151201,PA,0509
23767376,0001,1,HIGH PERFORMANCE,04,20231027,20151130,SE,3169
23770471,0001,1,ACADEMIA NACAO FITNESS,08,20191217,20151201,SP,6929
23773100,0001,1,,02,20151202,20151202,SP,7097
23773596,0001,1,,08,20260320,20151202,SP,6271
23775084,0001,1,D.J LOPES VIP TRAINER,04,20210223,20151202,AP,0605
23775227,0001,1,ACADEMIA UMBURANAS FITNESS,04,20210422,20151202,BA,3047
23775428,0001,1,IRACEMA FREITAS/ PERSONAL TRAINER,08,20170308,20151202,MG,4123
23780165,0001,1,ELIOMAR FONSECA NERI DE SOUZA,04,20220607,20151202,BA,3849
23780450,0001,1,SUZANA FERNANDES,08,20220208,20151202,DF,9701
21922503,0001,1,ACADEMIA SPACO FITNESS,08,20231207,20150220,DF,9701
23181165,0001,1,SHARK GYM,02,20150831,20150831,MG,5407
23783356,0001,1,CPFITNESS PERSONAL STUDIO,08,20170123,20151203,SP,7107
23795169,0001,1,,08,20171201,20151204,AL,2705
23797425,0001,1,ESPACO EQUILIBRIUM,08,20190531,20151207,SP,6369
23798326,0001,1,STUDIO POWER ACADEMIA,08,20250903,20151207,MA,0803
23802607,0001,1,SHOKUKAN KARATE-DO BRASIL,08,20171130,20151207,RJ,5809
23803052,0001,1,FORTFIT,02,20151207,20151207,AL,2785
23805268,0001,1,MARCELO GV,08,20210527,20151208,GO,9289
23807263,0001,1,ARENA TOP FITNES ACADEMIA,08,20220922,20151208,GO,1058
23808197,0001,1,VIVER MAIS ACADEMIA FEMININA,08,20190416,20151208,MS,9051
23809822,0001,1,SPORT FITNESS,08,20180301,20151208,MG,4309
23812110,0001,1,TUBARAO GYM,02,20151208,20151208,RJ,6001
23812121,0001,1,,02,20151209,20151209,PR,7927
23813946,0001,1,,04,20210326,20151209,SP,6875
23814129,0001,1,INFINITY FITNESS ACADEMIA,08,20180615,20151209,SP,6789
23814143,0001,1,,02,20151209,20151209,SP,7107
23814192,0001,1,CR7 FIT TREINO FUNCIONAL,04,20210323,20151209,RS,8927
23818120,0001,1,RLS FITNESS,08,20160529,20151209,BA,3041
23823349,0001,1,ESTUDIO PERSONAL GEORGE SANTOS,04,20220208,20151210,RJ,5925
23828787,0001,1,,02,20151211,20151211,SP,7057
23829175,0001,1,GLADY,08,20210506,20151211,CE,1389
23832396,0001,1,RVP,08,20180803,20151212,MG,5387
23835746,0001,1,7 COMUNICACAO EM SAUDE,04,20210311,20151214,RJ,6001
23835855,0001,1,INNOVE FIT,08,20250218,20151214,PE,2531
23836971,0001,1,ACADEMIA SAUDE E MOVIMENTO,02,20151214,20151214,GO,9221
23837954,0001,1,DESI WINGERT,08,20160919,20151214,RS,8877
23838864,0001,1,RN ASSESSORIA ESPORTIVA,08,20160520,20151214,PI,1153
21153106,0001,1,CROSSFIT LINHARES,04,20240820,20140926,ES,5663
23855733,0001,1,HSN PERSONAL TRAINING,08,20170927,20151217,SP,7075
23856999,0001,1,,08,20161129,20151217,RS,9823
23006549,0001,1,ALESSANDRO OLIVEIRA ME,08,20151217,20150806,MG,4371
23858535,0001,1,,02,20151217,20151217,SP,6687
23859381,0001,1,RECREAFEST,08,20160218,20151217,MG,4763
23860152,0001,1,TAMIRES ARAUJO DE SOUZA,08,20230529,20151217,MG,4633
23862068,0001,1,RAFAELI GOMES,08,20160610,20151217,SC,8179
23866100,0001,1,ESPACO SAUDE E VIDA,08,20170719,20151218,RJ,5807
23866145,0001,1,,08,20240513,20151218,SP,6857
23874463,0001,1,RAFAEL DE ARAUJO PEREIRA ESPORTES,04,20210226,20151221,SP,7107
23874821,0001,1,JUDO YAMARASHI,04,20210303,20151221,RO,0003
23880752,0001,1,TOP FITNESS,02,20151222,20151222,BA,3661
23881746,0001,1,ACTIO RIO,08,20170330,20151222,RJ,6001
23883079,0001,1,CONTABILFL@GMAIL.COM,08,20180618,20151223,SP,6451
23885828,0001,1,GET AVALIACAO FISICA,08,20160229,20151226,PR,7535
23886756,0001,1,ACADEMIA PLENA FORMA,08,20181226,20151227,PE,2531
23888568,0001,1,ACADEMIA D+ FITNESS,02,20151228,20151228,SP,7107
23891932,0001,1,MONTANHA TEAM BH,04,20210416,20151229,MG,4123
23895013,0001,1,,08,20180725,20151230,MG,4123
21530120,0001,1,NEW CORPUS,02,20141205,20141205,SC,8089
19055531,0001,1,ACADEMIA UPGRADE FITNESS,04,20181009,20131011,RJ,5897
15012539,0001,1,ACADEMIA PERFORMACE FITNESS,04,20181002,20120206,BA,3769
11533853,0001,1,STELLAMARIS,04,20210423,20091230,RN,3003
23899072,0001,1,PERSONAL TOGETHER,04,20220209,20160103,SP,7107
23899167,0001,1,PROMOVA CURSOS,08,20260317,20160103,RJ,5901
23899399,0001,1,PRISCILA PIN RONDAO,08,20181026,20160103,SP,7057
23899760,0001,1,JESSICA PERSONAL TRAINER,08,20170522,20160104,MG,4133
23903429,0001,1,TULIPAS PILATES,08,20210415,20160104,GO,9373
23908895,0001,1,GABRIEL SILVA SANTOS CARVALHO FILHO,08,20160214,20160105,BA,3849
23909538,0001,1,VITA E SALUTE,02,20160105,20160105,SP,7107
23911867,0001,1,,08,20240318,20160105,SP,6249
23912586,0001,1,PLANETA FITNESS,02,20160105,20160105,SC,8371
23913535,0001,1,JULIANA ROSA FITNESS&ADVENTURE,08,20171212,20160105,SP,6281
23914710,0001,1,PHENIX ASSESSORIA ESPORTIVA,04,20220209,20160105,SP,6361
23919239,0001,1,PRO-FITNNS,04,20190228,20160106,CE,1355
23922324,0001,1,LGYM WELFARE,04,20210311,20160106,RJ,6001
21470944,0001,1,OVER LIMITS,08,20180904,20141126,RS,6041
23922714,0001,1,,02,20160107,20160107,MG,4553
15750564,0001,1,,08,20190311,20120621,RJ,5879
23924651,0001,1,,02,20160107,20160107,SP,7107
23926437,0001,1,SUPER ACAO 4,08,20170427,20160107,SP,6155
23926741,0001,1,GRAEBIN FITNESS,08,20180126,20160107,RS,8785
23927951,0001,1,ATLANTIS,02,20160105,20160105,MT,0125
23928383,0001,1,BIA CORPUS,04,20210324,20160107,SP,6105
23931722,0001,1,V.F SOCCER COACH,08,20180313,20160108,RJ,6001
23932328,0001,1,MJ FITNNES,08,20241101,20160108,SP,6281
23934115,0001,1,CENTRO DE TREINAMENTO RAMIREZ PALA,02,20160108,20160108,RJ,6001
23934794,0001,1,LP ALPHA TEAM,02,20160108,20160108,RJ,6001
19437643,0001,1,STUDIO MFM2 TREINAMENTO FUNCIONAL,02,20131220,20131220,SC,8183
23940710,0001,1,FELIPE NATAN,04,20210203,20160110,SP,6113
23944645,0001,1,MUV TREINO,08,20160318,20160111,PB,2051
23945916,0001,1,,02,20160111,20160111,SP,7107
23947071,0001,1,CORPO E SAUDE,08,20200113,20160111,RS,8433
23947181,0001,1,,08,20240305,20160111,RJ,6001
23947688,0001,1,RC SPORTS,08,20170213,20160111,DF,9701
23950887,0001,1,THAI BRASIL,08,20250121,20150923,PR,7535
23957883,0001,1,POWER HOUSE,02,20160112,20160112,PE,2531
23960634,0001,1,,08,20171024,20160113,RS,8853
23960809,0001,1,FISIOINTEGRAL,08,20210524,20160113,DF,9701
23962845,0001,1,JP TREINAMENTO PERSONALIZADO,04,20210225,20160113,RS,8791
23964889,0001,1,"DISCOBOLU'S CONSULTORIA, SERVICOS E ACESSORIOS.",08,20220208,20160113,RJ,5835
23965117,0001,1,RAYSSA,08,20170814,20160113,MG,5427
23966140,0001,1,ALEX SORROCHE TREINAMENTO PERSONALIDADO,04,20210203,20160113,SP,6219
23968751,0001,1,,08,20260408,20160113,SP,6221
23972596,0001,1,JD TEAM,02,20210903,20160114,SP,7107
23973686,0001,1,,08,20160513,20160114,MG,5407
23975893,0001,1,STUDIO INCORPORE,08,20180827,20160114,MG,5343
23978140,0001,1,GA FITTRAINER,08,20160913,20160114,RS,8801
23982084,0001,1,,08,20181122,20160115,SP,7241
23984113,0001,1,MILO DE CRETA ASSESSORIA ESORTIVA,08,20170103,20160115,GO,9221
23985147,0001,1,ACADEMIA CORPOS NEW,04,20240820,20160115,RN,1781
23988500,0001,1,ESPORTE MS,04,20210224,20160117,CE,1389
23988614,0001,1,STUDIO 145 TREINAMENTO PERSONALIZADO,02,20160118,20160118,SP,6579
23988878,0001,1,,08,20210618,20160118,MG,4123
23989638,0001,1,,08,20171222,20160118,SP,6411
23989652,0001,1,WR CONSULTORIA ESPORTIVA E NUTRICIONAL,08,20170602,20160118,SP,6361
23989855,0001,1,PRO-FITNESS,08,20190422,20160118,SC,8385
23991603,0001,1,,04,20210224,20160118,CE,1389
23995024,0001,1,RC MUAY THAI,04,20210323,20160118,RS,8633
23996894,0001,1,FUNFIT STUDIO,08,20170609,20160118,SP,6111
23998129,0001,1,X SUPLEMENTOS MARINGA,08,20170517,20160118,PR,7691
24001178,0001,1,,08,20200206,20160119,SP,7145
24001330,0001,1,EVOLUCAO FITNESS,04,20260519,20160119,RS,1174
24001879,0001,1,ACADEMIA RAMIRO SOUZA,08,20180201,20160119,PE,2531
24004508,0001,1,,08,20160428,20160119,SC,8179
24004846,0001,1,,08,20260427,20160119,SP,6929
24005847,0001,1,ESTUDIO PERSONAL BODYCENTER,08,20161026,20160119,MG,5397
24013214,0001,1,ESPACO VIVER BEM,08,20201203,20160120,RS,8637
24016893,0001,1,CTF ANTUNES,04,20220208,20160120,RJ,6001
24024768,0001,1,W.F. SAUDE E LAZER,08,20260427,20160121,RJ,5897
24026724,0001,1,PERFORMANCE COACH,08,20220330,20160121,SP,6213
24028555,0001,1,NAYARA ROZENO,08,20180502,20160122,SP,6323
24030379,0001,1,MBESSON,08,20190205,20160122,SP,6969
24031417,0001,1,MERCEARIA NOVINHO,08,20260210,20160122,SP,7107
24031543,0001,1,STETIC PRIME,02,20160122,20160122,PA,0483
24032011,0001,1,,08,20210625,20160122,MG,5375
24032990,0001,1,,08,20260522,20160122,SP,7145
24034235,0001,1,PROFIT ACADEMIA,02,20160122,20160122,BA,3363
24034295,0001,1,ESTELA CLEMER,08,20210222,20160122,TO,9733
24036559,0001,1,ANDRESSA ROSSI FISIOTERAPIA E PILATES,08,20260522,20160123,SP,7079
24042829,0001,1,ARTHUR MAGRI,08,20180130,20160125,SP,6249
23799285,0001,1,,04,20210426,20151207,PB,1975
23933375,0001,1,VIVA SAUDE PILATES,02,20160108,20160108,SP,7107
24049521,0001,1,STILLU'S ACADEMIA,08,20161201,20160126,SP,2979
24049761,0001,1,ESCOLA DE NATACAO PEIXINHO VIVO,04,20220610,20160126,RJ,6001
24050414,0001,1,ASS. SABESP FITNESS,08,20160706,20160126,SP,6425
24050519,0001,1,,08,20170119,20160126,SP,6905
24051527,0001,1,PEDROREALL FITNESS,04,20210426,20160126,BA,3927
24051594,0001,1,BEAGARRA,02,20160126,20160126,MG,4123
24051835,0001,1,UP SPORTS,04,20260605,20160126,SP,7107
24053330,0001,1,,02,20260606,20160126,MG,4733
24054951,0001,1,,04,20220209,20160126,SP,6875
24055018,0001,1,,04,20210303,20160126,CE,1393
24058648,0001,1,,08,20230301,20160127,SC,8327
24059878,0001,1,ACADEMIA FORCA E MENTE,02,20230117,20160126,BA,3781
24060591,0001,1,ACADEMIA A3 FITNESS,02,20160126,20160126,SE,3105
24062197,0001,1,SPORT LIFE ACADEMIA,08,20250605,20160127,SP,6865
24063392,0001,1,ROGERIO VIEIRA DE SALES,08,20180104,20160127,PR,7427
24072973,0001,1,JOANNA CARVALHO PERSONAL TRAINER,08,20240902,20160128,SC,8105
24073503,0001,1,,02,20160128,20160128,MG,4959
24078288,0001,1,CENTRO DE TREINAMENTO DINGO FIGHT,04,20210325,20160129,RJ,5925
24079108,0001,1,WOLF GYM,04,20210310,20160129,SP,6291
24079871,0001,1,ATHLETIC FIT,04,20210309,20160129,PR,7765
24080741,0001,1,AP FITNESS,04,20220208,20160129,PI,1219
22005774,0001,1,FIT BODY ACADEMIA,08,20161121,20150309,AM,0255
24081210,0001,1,WOMAN FITNESS,08,20160901,20160129,PR,7535
24081389,0001,1,KRD PERSONAL,04,20210223,20160129,AM,0261
24082262,0001,1,,02,20160129,20160129,SP,7107
24082321,0001,1,J C PIERRE,02,20230126,20160129,SP,6291
24083298,0001,1,HIAGO DIAS,08,20170711,20160129,MT,9831
24084325,0001,1,ABA FITNESS,08,20160510,20160129,RJ,6001
24085083,0001,1,DERICK PASSOS DA INVENCAO,08,20160129,20160129,SE,3105
24086174,0001,1,IMPETUS - CENTRO DE TREINAMENTO INTELIGENTE,08,20190214,20160130,RJ,6001
24087095,0001,1,,04,20210309,20160130,PR,7667
24088415,0001,1,CRYSTOPHER VERBISKI,08,20231123,20160131,PR,7535
24092986,0001,1,DFZ FITNESS,02,20160201,20160201,MG,4553
14456119,0001,1,,08,20160201,20111014,PR,7889
24097972,0001,1,GYM-ART,02,20210709,20160201,SP,7107
24099838,0001,1,MARIO SILVA,08,20180111,20160202,MT,9007
24100278,0001,1,ACADEMIA FITSFORMAR,04,20210422,20160202,BA,9859
24100310,0001,1,HARD TEAM - MMA,08,20170726,20151110,PR,7535
24101937,0001,1,ROBSON SANTANA,08,20210215,20160202,BA,3849
24101994,0001,1,AKONA FIT CROSS TRAINING,02,20160202,20160202,MG,4541
19020559,0002,2,,08,20181018,20160202,SP,7107
24106808,0001,1,MM FITNESS ACADEMIA,08,20170509,20160203,PA,0427
24107238,0001,1,,02,20160203,20160203,SP,7107
24109104,0001,1,ACADEMIA PROVIGOR,02,20160203,20160203,GO,1052
15767632,0003,2,EVOLVTION ACADEMIA,08,20190311,20160203,SP,6535
24113251,0001,1,APICE ACADEMIA,02,20160203,20160203,SP,7145
24113303,0001,1,ESPORTE CENTER,08,20260429,20160203,GO,1056
24114113,0001,1,MILTON TANK,08,20170612,20160203,MG,4349
24116574,0001,1,PRO FITNERS,04,20260521,20160204,MG,5401
24120385,0001,1,PROPULSEBH,02,20160204,20160204,MG,4123
24121445,0001,1,STUDIO I9,08,20231208,20160204,SP,6285
24124063,0001,1,GGT,08,20190430,20160204,SP,7107
24126010,0001,1,ZUMBA LIDI GOMES,08,20200113,20160205,RJ,5869
24127171,0001,1,TRAINING CAMP - TREINAMENTO FUCIONAL,08,20190905,20160205,ES,5699
24127529,0001,1,ESTUDIO PRI COSTA,08,20200508,20160205,SC,9941
24128170,0001,1,SUPER FITNESS,02,20160203,20160203,GO,9539
24130477,0001,1,MUSCLE-MOTION,08,20200722,20160204,SP,0798
24130877,0001,1,KARINA LIMA,08,20240102,20160205,PE,2457
24131720,0001,1,ACADEMIA OFICINA DO CORPO,04,20210223,20160205,MG,4657
24134787,0001,1,RENATO ANDRADE,08,20160705,20160208,SC,8179
24136873,0001,1,MIRIA ALVINO,04,20210317,20160209,PR,7535
24138070,0001,1,JUNIOR TILLMANN PERSONAL TRAINER,08,20180118,20160210,PR,7691
24139498,0001,1,MAURICIOMZANETTI@GMAIL.COM,08,20190912,20160210,SP,7077
24142858,0001,1,ESPACO SUL FITNESS,08,20181011,20160211,RS,8801
24145912,0001,1,MAIS ESTUDIO DE PILATES,02,20160211,20160211,BA,3849
24148477,0001,1,,02,20160211,20160211,SP,6101
24149357,0001,1,YES ATIVIDADE FISICA PERSONALIZADA,04,20210210,20160211,DF,9701
24150659,0001,1,ATIVIDADE FISICA E SAUDE,04,20210422,20160211,BA,3787
24150923,0001,1,MARI MAGLIANO STUDIO,08,20180904,20160212,PE,2629
24153502,0001,1,,08,20210209,20160212,DF,9701
24155599,0001,1,DEBORA LIMA CONSULTORA EM EDUCACAO FISICA,04,20190301,20160212,SP,7107
24157549,0001,1,ESTUDIO & PILATES PURA VIDA,02,20160212,20160212,SC,8221
24158364,0001,1,CARMEN LUCIA,08,20260203,20160212,RJ,6001
24161794,0001,1,NLB SUPLEMENTOS E TREINAMENTOS ESPORTIVOS,08,20161216,20160214,SC,8003
24162099,0001,1,PERSONAL GALVAO,08,20160417,20160214,ES,5699
24163722,0001,1,GUI,08,20200521,20160215,SP,7145
24164770,0001,1,W FITNESS,08,20250314,20160215,SP,6545
24174288,0001,1,ACADEMIA DE MUSCULACAO MOVIMENTO,04,20210415,20160216,SP,6859
24174769,0001,1,VICENTE KALBUSCH PERSONAL,08,20180220,20160216,SC,8105
24175068,0001,1,,08,20180105,20160216,SP,6705
24177541,0001,1,RM TREINAMENTO FUNCIONAL,04,20210209,20160216,ES,5705
23034144,0001,1,,08,20160216,20150811,RS,8801
24184606,0001,1,,08,20170215,20160217,SP,6181
24185770,0001,1,,08,20161213,20160217,SC,8291
24189993,0001,1,ACADEMIA MOVIMENTOS,02,20160217,20160217,BA,3943
24190309,0001,1,HOMEOSTASE CENTRO DE TREINAMENTO FUNCIONAL,02,20160217,20160217,SP,7095
24190968,0001,1,FITTFUN CLUB,02,20160217,20160217,DF,9701
24192848,0001,1,STUDIO GHEGAMA PILATES,08,20160223,20160217,RJ,6001
24193283,0001,1,CAMELLO NATACAO MASTER,08,20230123,20160217,PE,2531
24196213,0001,1,AMS CONSULTORIAS,04,20210419,20160218,PE,2513
24196375,0001,1,ESPACO FUNCIONAL,08,20181013,20160218,SP,6451
24196557,0001,1,ACADEMIA CORPUS DANCE,04,20210223,20160218,PA,0052
24198767,0001,1,STUDIO DE PILATES JOICE FEIJO,02,20160218,20160218,RS,8901
24203162,0001,1,LUCASPERSONAL,08,20181024,20160218,ES,5705
24203199,0001,1,RMARTINS,08,20191009,20160218,MG,4123
24204279,0001,1,DURBANO ACESSORIA ESPORTIVA,04,20210419,20160219,SP,6401
24204354,0001,1,STUDIO BELA DANCA,08,20210518,20160219,SP,6377
24205720,0001,1,JC PRATICAS AQUATICAS,08,20220516,20160219,BA,3685
24207849,0001,1,CENTRO DE TREINAMENTO POWER SPORT,04,20210212,20160219,GO,9221
15917499,0001,1,TOP FITNESS & WELLNESS,03,20260210,20120705,AL,2785
24211404,0001,1,,08,20180126,20160219,MG,4123
24212858,0001,1,SILVA PILATES,08,20230620,20160220,MG,4123
22613070,0001,1,BIO MOVE,02,20150610,20150610,AL,2785
24214808,0001,1,JOAO BOSCO JR FIGHT CENTER,08,20190809,20160221,BA,3781
24214893,0001,1,SPIN.IN BIKE INDOOR,02,20160222,20160222,SP,7107
24216866,0001,1,NADO & CIA,08,20171218,20160219,MT,9067
24218741,0001,1,FRANCA FITNESS,08,20170805,20160222,ES,5615
24224124,0001,1,ACADEMIA FORMA FIT,02,20160222,20160222,AL,2705
24229769,0001,1,,08,20210503,20160223,MT,9047
24233563,0001,1,RC ESPORTES,08,20220712,20160223,SP,7107
18635882,0001,1,GAVP- GRUPO AMIGOS DO VOLEI DE PRAIA,02,20210920,20130807,RJ,5865
24234287,0001,1,STUDIO DE PILATES ELLEN CINTRA,02,20160223,20160223,SP,7075
24238798,0001,1,,08,20160519,20160224,SC,8047
24239650,0001,1,CODBARZ STREET WORKOUT,04,20201029,20160120,MG,4133
24240420,0001,1,QUALI FIT,04,20220127,20160224,RJ,5837
00318069,0014,2,BIO RITMO,02,20160224,20160224,SP,7107
24241720,0001,1,,08,20160509,20160224,SP,6203
24244104,0001,1,NIUARA PEREIRA,08,20180424,20160224,MT,9167
24247862,0001,1,LF PERSONAL TRAINER,08,20190723,20160225,ES,5629
13204845,0003,2,ACADEMIA NOVA GERACAO,02,20160225,20160225,SP,7107
24250309,0001,1,,08,20181106,20160224,CE,1569
24251895,0001,1,,04,20210309,20160225,PR,7471
24252003,0001,1,NEW WAY ACADEMIA,02,20160224,20160224,SC,8267
24252756,0001,1,ACADEMIA MALHACAO,04,20210223,20160225,PA,0483
24253633,0001,1,,08,20210514,20160225,SP,7107
24254087,0001,1,FABRICA DE ATLETAS ASSESSORIA ESPORTIVA,04,20210225,20160225,RS,8815
24254283,0001,1,FELICITE STUDIO,08,20180305,20160225,SP,6713
24114223,0001,1,,02,20160203,20160203,MG,4305
24257861,0001,1,JR SPORTS,08,20170503,20160225,SP,2941
24258991,0001,1,,08,20190314,20160226,SP,6795
24259078,0001,1,,02,20160226,20160226,RJ,5843
24259693,0001,1,FORMA PERSONAL STUDIO E PILATES,08,20170704,20160226,ES,5699
24259890,0001,1,WELFARE ASSESSORIA ESPORTIVA,08,20200318,20160226,SP,7107
24261707,0001,1,FC TRAINER,08,20180111,20160226,BA,3465
24262653,0001,1,,04,20210224,20160226,CE,1389
24266459,0001,1,VARELA ESPORTES ASSESSORIA ESPORTIVA,02,20160227,20160227,PR,7583
08808783,0003,2,,02,20160211,20160211,PI,1153
24270490,0001,1,,08,20190321,20160229,PR,0844
24270538,0001,1,FISIO GYM,04,20210426,20160229,PB,1957
24271236,0001,1,,08,20210510,20160229,MG,4911
24271770,0001,1,JABYAN TRAINING,08,20170821,20150901,RJ,6001
24272945,0001,1,ENIALE DIAS MENEZES DOS SANTOS,08,20170529,20160229,MG,5403
24273347,0001,1,JR ASSESSORIA ESPORTIVA,08,20160628,20160229,SP,6473
24278856,0001,1,MUSCULACAO SENZALA,02,20160301,20160301,MG,5397
24284099,0001,1,JULIA PIMENTA SALAZAR,08,20180110,20160301,SP,6569
24284171,0001,1,JARDIM DO YOGA,08,20160812,20160301,PR,7667
24284575,0001,1,CACA SPORTS,08,20220119,20160301,PE,2531
24284661,0001,1,SUPER ACAO ACADEMIA,08,20180315,20160301,ES,5699
24284974,0001,1,,08,20190404,20160301,SP,6291
24285657,0001,1,JADER CASARTELLI PERSONAL TRAINER,04,20210311,20160301,RJ,6001
24288454,0001,1,ATLETICA FITNESS CENTER,08,20161120,20160301,SP,6737
24289078,0001,1,ACADEMIA FELTENSGYM,08,20240307,20160301,RS,8773
24292957,0001,1,ACADEMIA DE BOXE GERACAO FORTE,04,20210415,20160302,SP,6603
24295914,0001,1,MULTICORE 95,08,20170103,20160302,RN,0424
24296425,0001,1,A L F PERSONAL,08,20200120,20160302,SP,6875
24298445,0001,1,,02,20160302,20160302,SP,6875
24300541,0001,1,ACADEMIA DE ARTES MARCIAIS DOITSUGO- KAN,08,20190416,20160303,GO,1052
24300962,0001,1,,08,20210702,20160303,RJ,5803
24301249,0001,1,MAXIMUS ACADEMIA,08,20190826,20160303,SP,6921
24301777,0001,1,K-2 FIT CENTER,02,20160303,20160303,RJ,5877
24304907,0001,1,,04,20210318,20160303,SC,8039
24305405,0001,1,ACADEMIA COLLISION FIGHT,02,20220210,20160303,RS,8591
24306617,0001,1,AURE AMARINHOS,08,20260415,20160303,DF,9701
24307473,0001,1,CLINICA COLUNAS,08,20180127,20160303,TO,9733
24307496,0001,1,RUNNING FREE,02,20160303,20160303,RJ,5897
24308269,0001,1,BT PERSONAL,08,20180102,20160303,CE,1389
24308674,0001,1,GATE YOGA,08,20180823,20160303,RJ,6001
24310281,0001,1,STUDIO FISIOFORM,08,20180911,20160304,PE,2531
24312602,0001,1,MS SUPLEMENTOS ALIMENTAR,08,20220307,20160304,PI,1219
24313311,0001,1,ACADEMIA 1 RM,08,20190219,20160304,RN,1761
24313895,0001,1,STUDIO PEDROSA FITNESS,02,20160304,20160304,DF,9701
24314772,0001,1,HAJAR COACH,08,20160620,20160304,RS,8713
24316753,0001,1,FIT.COM,02,20160304,20160304,PA,0427
24319912,0001,1,MAURO ALVES PERSONAL,08,20160822,20160306,SP,6401
24320084,0001,1,SUPERATYS,08,20190730,20160307,MA,0803
24323014,0001,1,ACADEMIA HERCULES,08,20230510,20160307,CE,1495
24325087,0001,1,RAFAEL AUGUSTO TREINAMENTO PESSOAL,08,20210512,20160307,SP,6571
24328045,0001,1,NEW KIDS FUTSAL,08,20180123,20160307,MS,9051
24328641,0001,1,MOVIMENT PERSONAL TRAINER,08,20190102,20160307,PR,7823
24330705,0001,1,,08,20170215,20160308,DF,9701
24333628,0001,1,SALUTAR,08,20231019,20160308,CE,1389
24336096,0001,1,,08,20161216,20160308,MT,1046
24338791,0001,1,,08,20171231,20160308,SP,6219
24339545,0001,1,FERRAZ TRAINING,02,20160309,20160309,MG,4365
24340650,0001,1,,02,20260608,20160309,PR,7963
24340790,0001,1,ELITE GYM ACADEMIA,08,20170411,20160308,RS,8963
24342243,0001,1,ESCOLINHA DE FUTEBOL TALENTOS DA BOLA,04,20210423,20160309,PE,2521
24342483,0001,1,,04,20220208,20160309,SP,6155
24343366,0001,1,,08,20210225,20160309,SP,7107
24347264,0001,1,ACADEMIA CARIOCA DE FUTEBOL,04,20210311,20160309,RJ,6001
24352308,0001,1,ANA KAREN COSTA GOULART,08,20180503,20160310,MT,9167
24353133,0001,1,MIRRA FITNESS CLUB,08,20230413,20160310,BA,3377
24356274,0001,1,ALTIUS RUN,08,20200116,20160310,SP,7115
24356675,0001,1,STUDIO INTEGRACAO PILATES E ESTETICA,08,20180411,20160310,SP,6639
24357178,0001,1,MOVING TREINAMENTO FISICO,02,20160310,20160310,RS,8537
24358451,0001,1,TEKALISA,08,20160427,20160310,RJ,5843
24362111,0001,1,,08,20160519,20160311,SP,6789
24364921,0001,1,CROSSFIT VK,02,20160311,20160311,RJ,6001
24368786,0001,1,ANASTACIO JUNIOR TREINAMENTO INDIVIDUALIZADO,04,20210303,20160312,CE,1481
24368956,0001,1,DULCE FITNESS,04,20240820,20160312,MA,0921
24371843,0001,1,VITOR PERSONAL TRAINER,08,20181122,20160314,SP,6835
24375952,0001,1,STUDIO THIAGO ALEX,08,20221018,20160314,RJ,5883
24377583,0001,1,,04,20210423,20160314,RN,1615
24379657,0001,1,CENTRO DE AVALIACAO FISICA VANDILSON ALVES,08,20180503,20160314,BA,3403
24379716,0001,1,UNIVERSO LIFE FITNESS,02,20160314,20160314,RJ,5833
24380060,0001,1,,08,20170525,20160314,RJ,5813
24383320,0001,1,ACADEMIA Z TREINAMENTOS,02,20160315,20160315,PR,7825
24383679,0001,1,,08,20170529,20160315,SE,3105
24386403,0001,1,STUDIO PRIME PILATES,02,20160315,20160315,MS,9165
24393015,0001,1,ACADEMIA GEMEOS FITNESS,08,20210623,20160316,CE,1571
24393458,0001,1,ACADEMIA IMPERIO,02,20160316,20160316,SP,7107
24394596,0001,1,IURI FITNESS,08,20171018,20160316,BA,3849
24396381,0001,1,GARTEN - ESTUDIO DE PILATES E TREINAMENTO FUNCIONAL,02,20160315,20160315,SC,8271
13954692,0001,1,ARENA FITNESS,04,20210223,20110715,AC,0657
24399988,0001,1,ESTRATEGIA FITNESS,08,20170403,20160316,SP,6861
24401847,0001,1,ERICK DA SILVA ROSARIO,08,20170505,20160316,SP,7107
24402643,0001,1,FISIOSHAPE FITNNES & MUSCULACAO,08,20250528,20160317,SC,8231
24402899,0001,1,CROSS FIT SAGRADO,08,20210525,20160317,BA,3647
24403145,0001,1,PRISCILA SANTOS,08,20180108,20160317,PE,2513
24405547,0001,1,NATALIA MARCELLINO PERSONAL TRAINER,08,20190807,20160317,MG,4123
24408509,0001,1,ELAINE SOUZA - PERSONAL E CONSULTORIA,08,20160921,20160317,SC,8161
24411818,0001,1,CLAYSON JR JIU-JITSU,08,20200407,20160318,MG,5035
24413709,0001,1,ACADEMIA TOP SPIN FIT,02,20160302,20160302,CE,1389
24414102,0001,1,FLOW CYCLING,04,20210316,20160318,RJ,6001
24414424,0001,1,OVERALL,08,20241122,20160318,AM,0255
24415109,0001,1,STUDIO PILATES,08,20230131,20160318,SP,7107
24415327,0001,1,EVERYBODY PILATES,08,20180105,20160318,PR,7535
24418349,0001,1,,08,20220330,20160318,SP,6389
23400717,0001,1,LILIA ENGELHARDT PERSONAL TRAINER,04,20210209,20151002,ES,5703
20284577,0001,1,,08,20160321,20140520,SP,6897
24425994,0001,1,ACADEMIA G3 FITNESS,02,20160321,20160321,PE,2585
24428071,0001,1,STRONGER,08,20170410,20160321,PR,7823
24429155,0001,1,TITANIUM PRO - ACADEMIA,02,20160317,20160317,GO,9373
24434914,0001,1,ACADEMIA 300,02,20160322,20160322,SP,7107
24435367,0001,1,TOP FITNESS,04,20220607,20160322,PA,0529
24437130,0001,1,ROSA'S FITNESS,08,20220218,20160322,SP,7057
24437318,0001,1,BODY LIFE ACADEMIA,02,20160322,20160322,MG,4607
24438599,0001,1,,08,20220801,20160322,SP,7031
24441216,0001,1,EDY TREINAMENTO,04,20220208,20160322,SC,8081
23028132,0001,1,HOUSE GYM ACADEMIA,08,20160323,20150810,RS,8771
24445675,0001,1,T F STUDIO,08,20161028,20160323,CE,1527
24447836,0001,1,TIME ACADEMIAS TERRA NOVA,08,20190509,20160323,MG,5403
24447982,0001,1,ACADEMIA OURO FITNESS,08,20171018,20160323,AL,2821
24448034,0001,1,,08,20181105,20160323,RJ,5821
24449899,0001,1,ACADEMIA ARTE E MUSCULOS,04,20220208,20160323,BA,3689
24450705,0001,1,FLEX LIFE,02,20160323,20160323,RJ,5813
24451062,0001,1,,08,20180608,20160323,PR,9983
24454276,0001,1,,08,20160408,20160324,CE,1389
24454693,0001,1,,08,20220830,20160324,PR,7667
24454799,0001,1,VINICIUS MARTINS TREINADOR PESSOAL,08,20180118,20160324,MG,4733
24456061,0001,1,MAD & MASS PILATES,02,20160324,20160324,PR,7505
24458031,0001,1,,08,20210422,20160324,RS,8791
24458496,0001,1,PERSONAL & CONSULTORIA FISICA,08,20260121,20160325,RJ,0774
24460087,0001,1,MOVEMENT G.V,08,20160429,20160326,SP,6477
24460714,0001,1,MULTIFITNESS,04,20210407,20160327,BA,3413
19596172,0002,2,ACADEMIA TOP PHYSICAL,08,20221226,20160328,SE,3195
24464217,0001,1,ONE,02,20220103,20160323,CE,1527
24464261,0001,1,INTENSIFIT,08,20180220,20160328,MS,9147
24464340,0001,1,,08,20180801,20160328,SC,8083
24464416,0001,1,FISIO VIDA E GINASTICA LABORAL E ARTIGOS DE VESTUARIO,08,20200212,20160328,AL,2785
24467626,0001,1,,08,20161108,20160328,SP,7107
24471003,0001,1,MTR PERSONAL TRAINER,04,20210326,20160329,SP,6477
24472358,0001,1,BEM ESTAR ACADEMIA,02,20160329,20160329,RS,8963
24474410,0001,1,ESPACO GANESHAA,08,20171212,20160329,SP,7107
24476495,0001,1,ACADEMIA DO SAMANGO,02,20160329,20160329,MT,9195
24476839,0001,1,DAVID BITELLO PATINACAO ARTISTICA,08,20231123,20160329,RS,8899
24478983,0001,1,,08,20170411,20160329,RS,8801
24482293,0001,1,,08,20211004,20160330,MG,5403
24483955,0001,1,FISIO & SAUDE,02,20241223,20160330,SP,7227
24484410,0001,1,WORK BODY,08,20160516,20160330,SP,6435
24484777,0001,1,MARI DE PAULA,08,20250306,20160330,SP,6713
24489241,0001,1,GERSON DIEGO,08,20161010,20160330,SP,6181
17213088,0003,2,FITNESS CLUB,02,20160330,20160330,MA,0921
21115477,0001,1,,08,20161222,20140925,PE,2499
24494041,0001,1,PHYSICAL FORM,08,20220110,20160331,CE,1247
24498451,0001,1,CENTRO DE TREINAMENTO OLIMPO FITNESS,08,20170906,20160331,RN,1779
24502605,0001,1,M & S FITNESS,02,20160401,20160401,SE,3105
24503115,0001,1,EQUILIBRIUM PILATES,08,20210602,20160401,SC,8105
24508014,0001,1,STUDIO TALITA MULLER JOSLIN,04,20240815,20160401,PR,7525
24511367,0001,1,CORPO ACADEMIA,08,20160405,20160404,RS,8953
24513142,0001,1,BRUNO SARAIVA,08,20190228,20160404,CE,1389
24514451,0001,1,JOB - TREINAMENTO PERSONALIZADO,08,20190531,20160404,SC,8105
24514916,0001,1,PERFORME TREINAMENTO FISICO FUNCIONAL,08,20170607,20160404,SC,8327
24515879,0001,1,TAVARES SPORTS,08,20160824,20160404,PR,0870
24518283,0001,1,ACADEMIA GLOBAL FITNESS,04,20201027,20160404,MA,0849
24439532,0001,1,,04,20240820,20160322,RN,1761
20301852,0001,1,CROSSFIT BEBEDOURO,02,20140522,20140522,SP,6221
24528611,0001,1,EDMILSON PIRES TACKWONDO,08,20180709,20160405,RS,8773
24529504,0001,1,THIAGO ROCHA FIT,04,20210426,20160405,BA,3471
24530318,0001,1,STUDIO 2D FITNESS,08,20220629,20160405,PE,2531
24532956,0001,1,DEBMED HEALTH & FITNESS,08,20191113,20160406,SP,6897
24534442,0001,1,AERO FITNESS,04,20220125,20160406,PE,2531
24538131,0001,1,RITMO E FORMA,08,20160810,20160406,RN,1759
24540583,0001,1,STUDIO WORLD FITNESS,08,20180123,20160407,SP,7083
24542304,0001,1,MOSSORO COMBATE,08,20170726,20160407,RN,1759
24549533,0001,1,VIDA POSTURAL,04,20220608,20160407,TO,9627
24554421,0001,1,AQUABOOM FITNESS - HIDROGINASTICA E NATACAO,08,20210104,20160408,PE,2543
24556559,0001,1,COACH_ABREU,08,20160509,20160408,MA,0921
24556611,0001,1,GFPERSONAL,08,20220824,20160408,ES,5705
24558625,0001,1,INFINITY WAY,02,20160409,20160409,SP,7107
24559716,0001,1,ADRIEL PERSONAL,08,20171214,20160409,SC,8179
24560277,0001,1,FITNESS POINT,04,20210331,20160410,MG,4233
24562226,0001,1,,08,20201028,20160408,SP,7107
24562784,0001,1,SALUTTE PILATES & PERSONAL TRAINER,04,20220209,20160411,SP,7107
24563939,0001,1,SAGAZ,08,20160831,20160411,PR,7997
24566956,0001,1,PROFESSOR CRESO ALMEIDA,08,20171019,20160411,RJ,5867
24567361,0001,1,ACADEMIA MOVIMENTO FIT,08,20250901,20160411,BA,3721
24570684,0001,1,ESPACO VITALIDADE,08,20160511,20160411,MG,4733
24572561,0001,1,,04,20210309,20160412,PR,7493
24574630,0001,1,NAMASTE,08,20200128,20160412,SP,6179
24574896,0001,1,LEVE ESTUDIO DE PILATES,02,20160408,20160408,RJ,6001
24576734,0001,1,EVANDRO GAZOLA TREINAMENTO PERSONALIZADO,08,20190612,20160412,SC,8105
24581660,0001,1,,08,20160720,20160413,PR,7445
24583816,0001,1,CT ERIC BRUNO,04,20240821,20160413,MG,5373
24585158,0001,1,CADETE SAUDE OCUPACIONAL,08,20200615,20160413,SP,7107
24585386,0001,1,STUDIO ELIZANGELA ARAGAO,08,20260328,20160413,PA,0427
24587605,0001,1,GRECOS,08,20240327,20160413,RN,1661
24592416,0001,1,MAGALI PETTER PILATES STUDIO,02,20220408,20160414,RS,8653
24302603,0001,1,ACADEMIA SPARTAN CROSS,08,20240521,20160303,DF,9701
24594678,0001,1,RAYME SOUZA TREINAMENTO PERSONALIZADO,08,20160926,20160414,CE,1389
24598977,0001,1,O2 STUDIO FUNCIONAL,08,20171229,20160414,PB,2051
24602066,0001,1,GRUPO INFINIT ACADEMIA,04,20210304,20160414,RS,8589
24604728,0001,1,LUCAS NOVAIS,08,20161028,20160415,SP,7107
24607031,0001,1,INSTRUTOR,08,20180510,20160415,RS,8705
24608802,0001,1,VITOR CASTRO PERSONAL,08,20200130,20160415,RJ,2909
24609733,0001,1,,08,20190206,20160416,SC,8081
24610360,0001,1,GABI CARDOSO ASSESSORIA ESPORTIVA,08,20180202,20160416,SP,6477
24611213,0001,1,BODY CENTER PILATES,08,20250820,20160417,PE,2531
24611387,0001,1,DANI COELHO PERSONAL TRAINER,08,20181203,20160417,SC,8045
24612666,0001,1,ACADEMIA MOMENTO SAUDE,08,20181213,20160418,RS,8839
24620839,0001,1,PEDRO SILVEIRA,08,20220105,20160418,RJ,6001
24621551,0001,1,RL PERSONAL TRAINER,08,20180611,20160418,ES,5705
24624688,0001,1,ACADEMIA CT COMBAT,04,20210212,20160419,GO,9289
24625792,0001,1,ARENA X-TREME,02,20160418,20160418,SP,7099
24626296,0001,1,STUDIO 10 FITNESS,04,20210223,20160419,AM,0255
24626489,0001,1,RIO FIGHT 21,08,20200504,20160414,RJ,6001
21881957,0001,1,ACADEMIA FIT BRASIL,08,20200929,20150213,MG,5385
24631568,0001,1,SID & TON,08,20160420,20160419,SP,6545
24631656,0001,1,DY LA FUENTE PERSONAL TRAINER,08,20230511,20160419,DF,9701
24632755,0001,1,ACADEMIA OVERALL,02,20160420,20160420,CE,1389
24640103,0001,1,,02,20250217,20160420,SP,7107
24641341,0001,1,EVOLUTY GESTAO ESPORTIVA,08,20161128,20160421,SP,7075
24643757,0001,1,ESTUDIO E ACADEMIA FORCA E ACAO,08,20181220,20160422,PR,7501
24645877,0001,1,ESTUDIO CROSSFIT,02,20160422,20160422,BA,3849
24646844,0001,1,PERSONAL TOP FITNESS,04,20210319,20160422,RJ,5869
24647730,0001,1,PERSONAL TRAINING AZARIAS,08,20180302,20160423,PR,7493
24648265,0001,1,,08,20210917,20160423,RJ,5867
24656768,0001,1,POWER GYM,08,20170321,20160425,RS,8791
24562619,0001,1,COLISEU ACADEMIA,04,20210318,20160411,SC,8061
24659366,0001,1,TEAM RODRIGO VIANA,04,20220112,20160426,RJ,5925
18329062,0002,2,FITNESS CORPPUS,08,20171204,20160426,RS,8423
24661539,0001,1,ACADEMIA SAN DIEGO,08,20180226,20160426,RR,0032
24663571,0001,1,ACADEMIA EQUILIBRIO,04,20260521,20160426,MG,4097
24663663,0001,1,FISIOPILATES,08,20180802,20160426,BA,3849
24665505,0001,1,CORPU'S ACADEMIA,08,20230427,20160426,MT,9195
24669989,0001,1,CORPUS FISIO E FITNESS,08,20251017,20160427,PI,1039
24670052,0001,1,SHAPE FITNESS,04,20190329,20160426,RS,8785
20767329,0001,1,ACADEMIA REACAO EM CADEIA,08,20160427,20140804,CE,1327
24671945,0001,1,RICARDO ACADEMIA,08,20250804,20160427,AC,0139
24673308,0001,1,BIA BEM ESTAR,04,20210419,20160427,SP,6401
24673326,0001,1,ESPACO FISIOPILATES,08,20160829,20160427,ES,5699
24675905,0001,1,PERSONAL ASSOCIADOS & CONSULTORIA,04,20210311,20160427,RJ,6001
24681202,0001,1,PROFESSORA MARY VICENTE,04,20220127,20160428,RJ,0770
24681261,0001,1,GARPOWER,08,20200602,20160428,SP,7145
24681723,0001,1,,08,20181206,20160428,SP,6563
24682087,0001,1,XPLOUD STUDIUM,04,20240819,20160428,PR,7541
24685318,0001,1,PINK FIT,02,20160427,20160427,SP,7107
24686808,0001,1,ESPACO IMPETUS,08,20240429,20160428,SP,7057
24686912,0001,1,BETAFITNESS,08,20210122,20160428,RS,8801
24687149,0001,1,MARI MOREIRA FISIOTERAPIA,08,20160616,20160428,SP,6213
24688225,0001,1,MONTE FITNESS JACUIPE,04,20190327,20160428,BA,3413
24689113,0001,1,RESENDE EVENTOS E ASSESSORIA ESPORTIVA,08,20240227,20160429,MG,5403
24689407,0001,1,STUDIO VIVER,04,20210330,20160429,MG,4669
24691256,0001,1,GABRIELA ROSA,08,20180515,20160429,SP,7071
24693034,0001,1,CAIO SEIXAS TREINAMENTO FISICO INDIVIDUALIZADO,08,20210902,20160429,BA,3849
24695824,0001,1,PERSONAL TRAINER CARLOS HENRIQUE,08,20180419,20160430,MG,4123
24701267,0001,1,,04,20220208,20160502,SC,8179
24701603,0001,1,ENDORFINA FUTEVOLEI,08,20250811,20160502,BA,3849
24029400,0001,1,AQUA FIT,04,20210331,20160122,MG,4267
24718166,0001,1,,08,20220114,20160503,BA,3515
24718241,0001,1,GLAUCE DARUG CASAGRANDE,08,20190228,20160503,SP,7107
24718523,0001,1,TOLENTINO PERSONAL,08,20210423,20160503,MG,4123
24718833,0001,1,RODRIGO BUENO,08,20230505,20160503,RJ,6001
13829618,0001,1,SAUDE PLENA ACADEMIA,04,20260514,20110620,MG,4553
24720634,0001,1,MULTIARENA,08,20180126,20160504,ES,5663
24721507,0001,1,FITDANCE FITNESS E FUN PARA MULHERES,08,20190228,20160426,PR,7535
24723241,0001,1,ESPACO DRA. HELAYNE ALMEIDA,08,20190508,20160504,RN,1759
24724043,0001,1,POLO FITNESS LTDA,08,20231020,20160504,RN,1761
24725929,0001,1,FORMA FITNESS,08,20160621,20160504,GO,9325
24726038,0001,1,EVOLUCAO FITNESS ACADEMIA,02,20160504,20160504,AL,2779
24728667,0001,1,MARCUS-PERSONAL,04,20210416,20160504,MG,4123
24729216,0001,1,,08,20220513,20160504,SP,7071
24729883,0001,1,TGTRAINER,08,20170311,20160504,SP,7107
24730218,0001,1,HELIO PERSONAL TRAINNER,08,20200318,20160505,CE,1389
24734961,0001,1,SISTEMA 30X30,04,20210218,20160505,MT,9067
24736956,0001,1,ENDURANCE PILATES,08,20250710,20160505,SP,6291
24739063,0001,1,CAMILA,04,20210210,20160505,DF,9701
24741931,0001,1,FRAN,08,20210108,20160506,MG,4123
24742068,0001,1,FITNESS FOR LIFE,08,20180117,20160506,RJ,6001
24742999,0001,1,,08,20160915,20160506,SP,6477
24743145,0001,1,,04,20210316,20160506,RJ,6001
24745563,0001,1,,04,20210225,20160506,RS,8561
24746888,0001,1,,08,20160512,20160506,SC,8279
24748925,0001,1,ACADEMIA S2FIT,08,20190121,20160507,RN,1761
24751692,0001,1,ACADEMIA RF FITNESS,08,20180802,20160509,AL,2791
24752820,0001,1,,08,20180118,20160509,RS,8655
24755359,0001,1,SAUDE LABORAL CARINE GIANEZINI,08,20170309,20160509,PR,7739
24756326,0001,1,PRSPPERSONAL,08,20180606,20160509,RJ,6001
24756999,0001,1,,04,20220208,20160509,RJ,5863
24757022,0001,1,PHYSICUS ACADEMIA,08,20170821,20160504,CE,1419
24758387,0001,1,STAR FITNESS,08,20201114,20160509,BA,3909
24767126,0001,1,CORPO & RITMO,08,20181018,20131209,RN,1759
24769170,0001,1,JL CONSULTORIA E FITNESS,08,20221214,20160510,GO,9373
24771619,0001,1,SALUTTE PILATES E FISIOTERAPIA,08,20180108,20160511,RS,8737
24773630,0001,1,RENE MISTURA BRASIL FITNESS,04,20240822,20160511,BA,3957
24775163,0001,1,BEST SHAPE FITNESS,02,20160511,20160511,PA,0427
24775679,0001,1,NUTRI EVA,04,20210407,20160511,BA,3849
24776728,0001,1,,08,20221006,20160511,PR,7667
24779017,0001,1,CROSS TRAINING,02,20160511,20160511,SP,6239
24779599,0001,1,,04,20260521,20160511,MG,4123
24780401,0001,1,HOMEFIT,04,20210416,20160511,SE,3105
24781204,0001,1,ACADEMIA JS FITNESS,08,20160730,20160512,CE,1389
24791407,0001,1,ACADEMIA TROYA,08,20180622,20160513,CE,1373
24794061,0001,1,ROBERIO ALBUQUERQUE TREINAMENTO FUNCIONAL,08,20171013,20160513,CE,1389
24794578,0001,1,TAIS NICOLAU PERSONAL TRAINER,04,20210324,20160513,SP,6635
24794938,0001,1,DRAGON KOMBAT,04,20210224,20160513,CE,1389
24795491,0001,1,ACADEMIA SUNSHINE,02,20160513,20160513,SC,9945
24798106,0001,1,JACK GYM,08,20251205,20160513,SC,8267
24798168,0001,1,FERRARESI PILATES,08,20170201,20160513,SP,7075
24798669,0001,1,MFPERSONAL,08,20160513,20160513,MG,4123
24800297,0001,1,DMB FIT - ASSESSORIA ESPORTIVA & SAUDE,08,20210202,20160514,SP,7057
24800459,0001,1,AGIT@CAO,04,20210209,20160514,ES,5679
24800486,0001,1,SEGFIS,04,20210408,20160514,RJ,2923
24801308,0001,1,CENTRO DE TREINAMENTO E PERFORMANCE GABRIEL OLIVEIRA,04,20210415,20160515,SP,6163
24802189,0001,1,ACADEMIA STUDIO FIT,02,20160516,20160516,CE,1481
24807387,0001,1,,08,20190111,20160516,PR,7953
24807815,0001,1,ACADEMIA DISCIPULOS TREINOS ESPORTIVOS,04,20190320,20160516,CE,1447
24808648,0001,1,MERENCIO ESPACO FITNESS,08,20190312,20160516,RS,7313
24809044,0001,1,,04,20210326,20160516,SP,6875
24809325,0001,1,FELIPE AUGUSTO SCHIMIDT,04,20210317,20160516,PR,7691
24811901,0001,1,THIAGO NOGUEIRA BRAZILIAN JIU-JITSU,08,20160908,20160517,CE,1389
24819415,0001,1,STUDIO LIA PEDROSO,02,20160517,20160517,SP,6291
24821491,0001,1,,02,20160518,20160518,MG,4029
24824186,0001,1,ACADEMIA PERSONAL FITNESS,02,20160518,20160518,MG,4495
24832375,0001,1,ACADEMIA SAUDE FITNESS,08,20160630,20160519,BA,3641
24832626,0001,1,PERSOFITNESS,04,20210226,20160519,SP,7107
24832779,0001,1,LAINE SILVA,08,20170309,20160519,SP,6219
24834000,0001,1,TEAM DURAES,04,20210203,20160519,MG,4703
24835889,0001,1,CT MOVE TREINAMENTO FUNCIONAL,02,20160519,20160519,SP,7075
24842454,0001,1,PROFESSORA ANGELICA,08,20210512,20160520,RJ,5925
24844531,0001,1,KELLY TOZATO,04,20220128,20160520,CE,1389
24845410,0001,1,EVOLUTION ACADEMIA,02,20160520,20160520,SP,7075
24845508,0001,1,,02,20251118,20160520,SP,7107
24845677,0001,1,ACADEMIDA DE GINASTICA ARTISTICA VIDA ATIVA,08,20170718,20160520,RJ,0778
24845742,0001,1,RENAN NOGUEIRA,08,20160721,20160520,RJ,6001
24847705,0001,1,LIFE GYM ACADEMIA,02,20160520,20160520,SC,8175
24848237,0001,1,PERSONAL FLAVIA,08,20180131,20160520,PE,2521
24848674,0001,1,IMPERIO FITNES,08,20170502,20160520,PB,1981
24851702,0001,1,LUISA JAMMAL PERSONAL TRAINNER,08,20190321,20160522,PE,2457
24852181,0001,1,PERSONAL MUV,08,20180404,20160522,RJ,6001
24852396,0001,1,ACADEMIA LIFE CENTER,08,20200825,20160523,MG,4231
24853224,0001,1,FISIOFLEX STUDIO PILATES,08,20180124,20160523,SC,8175
24858118,0001,1,,08,20200818,20160523,SP,7107
24859401,0001,1,ACADEMIA SAUDE E BELEZA FEMININA,02,20160523,20160523,GO,9379
24860234,0001,1,ASSESSORIA ESPORTIVA VIDA EM FORMA,08,20220325,20160523,CE,1389
24864989,0001,1,,08,20180129,20160524,PR,7777
24865567,0001,1,,08,20220925,20160524,SP,7121
24866366,0001,1,,02,20160524,20160524,SP,6715
24870476,0001,1,DANIELA GRUTT FISITERAPIA & TERAPIA OCUPACIONAL,08,20220926,20160524,RN,1761
24876231,0001,1,,04,20210426,20160525,AL,2785
24877559,0001,1,PERSONAL TRAINER EDSON LEOPOLDINO,08,20160801,20160525,MG,4123
18125392,0001,1,ACADEMIA SPACE FITNESS,08,20200605,20130516,MG,5143
24879547,0001,1,,08,20210816,20160525,SP,7209
24880944,0001,1,DIOGO IKI PERSONAL,08,20250915,20160526,SP,7107
24882940,0001,1,,04,20210225,20160527,RS,8511
24884691,0001,1,PERSONAL MANAUS,04,20220128,20160527,AM,0255
24889591,0001,1,,04,20210318,20160530,SC,8039
24891090,0001,1,ESPACO DO MOVIMENTO,08,20180418,20160530,RS,8685
24897820,0001,1,MARCOS,08,20190831,20160530,SP,7099
21212062,0001,1,PHYSIO PILATES,08,20170526,20141013,ES,5639
24906003,0001,1,,08,20171206,20160531,SP,7225
24912369,0001,1,,08,20180411,20160601,BA,3807
24912618,0001,1,FERNANDA SILVA,04,20260519,20160601,MG,4133
24915363,0001,1,CLAUDIA WERMUTH,08,20210330,20160601,RS,8899
24915772,0001,1,JL BRASIL SPORTS,04,20210311,20160601,RJ,6001
24917812,0001,1,BMK FST,04,20210416,20160601,MG,4123
24919713,0001,1,,02,20160602,20160602,SP,6133
24923835,0001,1,ACADEMIA CULTURA FISICA,02,20160602,20160602,MS,9051
24928520,0001,1,CBB ASSESSORIA ESPORTIVA E ENTRETENIMENTO,02,20160603,20160603,SP,6361
24931330,0001,1,,04,20190321,20160524,SP,6689
24932831,0001,1,ACADEMIA NOVA ERA,04,20260519,20160603,RS,8953
24933313,0001,1,STUDIO LIFE FITNESS,08,20190410,20160603,MG,4903
24933998,0001,1,ACADEMIA VOLTA DO MUNDO,08,20160621,20160603,SP,7057
24937429,0001,1,VIVI,08,20170314,20160604,DF,9701
24938252,0001,1,JOYPILATES,08,20160719,20160605,SP,7075
24941774,0001,1,,08,20230210,20160606,RS,8837
24944083,0001,1,LUCAS DE LIMA,08,20220614,20160606,SP,6789
24945520,0001,1,FLIC,04,20210419,20160606,SP,6551
24947073,0001,1,ACADEMIA ARENA FITNESS,08,20180405,20160607,RS,8589
24950705,0001,1,MARCELO HENRIQUE PERSONAL,08,20161215,20160607,MG,4123
24953563,0001,1,MG PERSONAL,08,20170126,20160607,SP,7107
24954217,0001,1,ADRENALINA FITNESS,08,20190816,20160607,GO,9301
24954797,0001,1,ATHLETIC LIFE,08,20220223,20160607,MA,0849
24956566,0001,1,SEDREZ,08,20190424,20160607,RS,8801
24956801,0001,1,SIDNEY PERSONAL,08,20160912,20160607,AL,2785
24957450,0001,1,EXCLUSIVA FIT,08,20220119,20160608,MT,9195
24958005,0001,1,STUDIO MOVIMENTO IDEAL,02,20160608,20160608,SP,6853
24962387,0001,1,BELLA FITNESS,08,20190207,20160608,SP,6589
24962791,0001,1,RENAN CRUZ PERSONAL TRAINER,08,20170223,20160608,MG,5273
24965817,0001,1,TOM TOP TEAM - CENTRO DE TREINAMENTO DE LUTAS,08,20190626,20160608,MS,9149
24971041,0001,1,GREMIO ESPORTIVO E RECREATIVO VILA RICA,02,20250430,20160609,SP,7107
24971345,0001,1,ELITE ACADEMIA,04,20260515,20160609,CE,1389
24972790,0001,1,,08,20190430,20160609,PR,7563
24975596,0001,1,AJOTA PERSONAL,08,20161116,20160609,AM,0255
24981901,0001,1,CALIBRE88ELITEFITNES,08,20230207,20160610,SP,6163
24981980,0001,1,,08,20170628,20160610,SP,7157
24985102,0001,1,ACADEMIA DE JUDO TEAM YUSA,08,20161209,20160612,RJ,5839
24985504,0001,1,LD TRAINNING,08,20161019,20160612,SP,7107
24989290,0001,1,BTNFITNESS,04,20210226,20160613,SP,7107
24993813,0001,1,,08,20210413,20160613,CE,1551
24994135,0001,1,MAIS VO 2,08,20210319,20160614,MG,5437
24994481,0001,1,ESPACO EQUILIBRIO ACUPUNTURA E TERAPIAS NATURAIS,08,20160701,20160614,SP,7181
24994975,0001,1,SEVEN FIT,02,20160613,20160613,SC,8053
24995310,0001,1,RL SAUDE BOA FORMA,04,20210223,20160614,AM,0255
24998695,0001,1,START FIT,02,20160614,20160614,MG,4541
24999835,0001,1,LUCIANE HIASA- CENTRO DE TREINAMENTOS PARA MULHERES,04,20240904,20160615,SP,7209
25000170,0001,1,,08,20180623,20160615,SC,8179
25001426,0001,1,JOSIMAR BARBOSA DOS SANTOS,08,20211014,20160615,SP,6861
24320443,0001,1,EVERTON CARVALHO DOS SANTOS,08,20160727,20160307,PR,5525
25003652,0001,1,SAVAGE ATHLETICS,04,20210316,20160602,RJ,6001
25005440,0001,1,,08,20180117,20160615,SP,6579
25006897,0001,1,GIMENES ARTES MARCIAIS,08,20210721,20160615,RJ,0786
25009075,0001,1,ACADEMIA FEMININA GYM GOLD,08,20200129,20160615,BA,3515
25010418,0001,1,DENISE SOUZA,04,20210318,20160615,SC,8105
25011224,0001,1,PROGYMFITNESS,04,20210416,20160615,MG,4123
24765530,0001,1,UP FITNESS ACADEMIA,02,20160510,20160510,RS,8637
15176788,0001,1,CORPUS ACADEMIA,02,20120312,20120312,MG,4787
25012926,0001,1,INSPIRE CENTRO FITNESS,04,20220208,20160616,SP,7135
25016770,0001,1,ACADEMIA ELITE FITNESS,02,20160616,20160616,SP,6543
25017037,0001,1,PHYSICAL FITNESS,08,20240117,20160610,CE,1547
25018061,0001,1,MONSTER SHAPE,02,20160616,20160616,SP,6235
25022406,0001,1,AGRESTE CROSSTRAINING,02,20160617,20160617,BA,3685
25024896,0001,1,,08,20230331,20160617,SP,7107
25025988,0001,1,LEANDRO FIUSA,08,20180710,20160617,SC,8143
25035591,0001,1,ALLAN CAMAROV,08,20170508,20160620,RJ,6001
25036887,0001,1,,08,20230329,20160620,RJ,6001
25039398,0001,1,FELIPE SIMOES PERSONAL,02,20250514,20160620,RJ,5865
25040194,0001,1,IRIS MORAES DA SILVA,08,20180504,20160620,MS,9051
25044171,0001,1,,08,20240226,20160621,BA,3849
25046276,0001,1,STUDIO FLEX SAUDE E BEM ESTAR,02,20160621,20160621,GO,9301
25046834,0001,1,ESCOLINHA DO AMPARO,04,20210212,20160621,MT,9151
25047147,0001,1,EQUILIBBRIUM FITNESS,04,20240822,20160621,SP,7133
25048127,0001,1,FISIO & FORMA PERSONAL,02,20160621,20160621,PR,7645
25050328,0001,1,FMBUSINESS,08,20161004,20160622,SP,6619
25050661,0001,1,ACADEMIA ESTACAO DO CORPO,02,20220321,20160622,BA,3883
25050794,0001,1,ESTUDIO BLACK BELT ARTES MARCIAIS & FUNCIONAL.,02,20220325,20160622,SP,6789
25051138,0001,1,,02,20160622,20160622,MG,4595
25052817,0001,1,GEORGIA FITNESS,02,20160622,20160622,PI,1069
25060223,0001,1,BEDRAN PERSONAL,02,20240503,20160622,RJ,6001
25060282,0001,1,SABRINA DORNELLES,08,20170620,20160622,RS,8589
25060490,0001,1,AMMON FITNESS,08,20180620,20160622,RJ,5883
25061761,0001,1,ACADEMIA DE DANCA FITNESS,08,20230327,20160623,RS,8623
25064427,0001,1,FONTES PILATES,08,20180115,20160623,SP,6291
25065126,0001,1,WEBER MATIAS,08,20210727,20160623,SP,7107
25071970,0001,1,FITNESS R.A,08,20190217,20160624,SC,8327
25072063,0001,1,SPARTA FITNESS,08,20160830,20160624,RN,1661
25073098,0001,1,ASS ESPORTES E EVENTOS,04,20210316,20160624,RJ,6001
25073266,0001,1,****,08,20221201,20160624,SP,6137
25073787,0001,1,ACADEMIA URANIO,02,20160624,20160624,SP,6625
25076215,0001,1,PERSONALFABIOLUZ,02,20250404,20160624,RJ,6001
25076633,0001,1,RAFAEL E SILVA CARVALHO,04,20210409,20160625,PI,1219
25076645,0001,1,CLAUDIA FERNANDA SAUDE E QUALIDADE DE VIDA,04,20210311,20160625,RJ,6001
25084697,0001,1,MI' SBRUZZI ESPORTE & DANCA,08,20170109,20160628,RS,8801
25090706,0001,1,ALEXANDRA THOMAZINI,08,20180131,20160628,ES,5705
25095637,0001,1,ANGELICA TESSILLA,08,20161120,20160628,SP,7145
25102805,0001,1,,08,20171213,20160629,SP,6929
25108030,0001,1,,08,20160912,20160630,CE,1389
25108276,0001,1,,04,20220208,20160630,PR,7535
25108417,0001,1,MAGIX FITNESS,02,20250806,20160615,RJ,6001
25110877,0001,1,FIT TRANING,02,20250201,20160629,RS,5785
25112496,0001,1,,08,20220509,20160630,PB,2225
25113851,0001,1,STUDIO DE TREINAMENTO FUNCIONAL VANDERLEIA CARVALHO,04,20260526,20160630,PI,0999
25113975,0001,1,EQUILIBRIO MASSOTERAPIA,08,20220809,20160630,SP,6619
25121614,0001,1,,08,20180201,20160702,RJ,6001
25123160,0001,1,ESTER SANT ANNA,08,20170321,20160703,RJ,6001
12556234,0001,1,COMPANIA DO CORPO,02,20100914,20100914,SP,6101
25129477,0001,1,,04,20220209,20160704,SP,6477
25129822,0001,1,SPINO FITNESS,02,20160630,20160630,ES,5629
25130726,0001,1,,04,20190327,20160704,MG,5397
25131507,0001,1,IAGO,08,20210208,20160704,RJ,5829
25133861,0001,1,STUDIO DE PILATES DIEGO SANTOS,08,20190111,20160704,SP,6589
25134025,0001,1,LANA,08,20170314,20160704,BA,3849
25134294,0001,1,DYNAMUS FITNESS,02,20160621,20160621,RJ,6001
25137287,0001,1,VIVA + SAUDE TREINAMENTO PERSONALIZADO,02,20160705,20160705,PR,7493
25139995,0001,1,INSANOFIT ESTUDIO DE TREINAMENTO FUNCIONAL,04,20210212,20160706,GO,9373
25144443,0001,1,ANDREA FADEL,08,20160816,20160706,RJ,6001
25146723,0001,1,,02,20160706,20160706,RS,8937
25147118,0001,1,,02,20160706,20160706,PR,7691
25147178,0001,1,CURVILINEA,02,20160706,20160706,PR,7535
25148441,0001,1,ACADEMIA GYM,04,20231114,20160706,BA,3363
25151353,0001,1,SANI - CONDICIONAMENTO FISICO E DANCA,08,20190110,20160707,SP,7107
25151438,0001,1,NEI CARDOSO PERSONAL,08,20180607,20160707,BA,3849
25151964,0001,1,ACADEMIA ESPACO FITNES,02,20160707,20160707,MG,4111
25155543,0001,1,STUDIO BOXE,04,20220127,20160707,SP,6273
25155724,0001,1,STUDIO DANIELLE ARAUJO,04,20240820,20160707,PI,1219
25156640,0001,1,,08,20160822,20160707,PR,7535
25156802,0001,1,PROF. DANIEL CARVALHO - CONSULTORIA ESPORTIVA E FITNESS,04,20210316,20160707,RJ,6001
25157334,0001,1,MARCO TULIO - PERSONAL TRAINER,08,20170106,20160707,RJ,6001
25161034,0001,1,LAM PERSONAL,08,20191023,20160707,CE,1389
25161949,0001,1,ACADEMIA CORPO EM MOVIMENTO,08,20170929,20160708,MG,4231
20709528,0001,1,JPZ PERSONAL TRAINER,08,20160708,20140725,SP,6969
25162307,0001,1,PLENNA FORMA,08,20180319,20160708,PA,0591
25163633,0001,1,BODY FIT,04,20220608,20160708,PI,1037
25163670,0001,1,SLIM FIT,02,20160708,20160708,SP,7107
25165020,0001,1,GLOBAL TRAINESS,08,20180115,20160708,SP,6163
25165431,0001,1,PEDRO FERNANDES,08,20161003,20160708,SP,7107
25167398,0001,1,MOVE FOR FIT,08,20171228,20160707,RS,8801
25167749,0001,1,,08,20161027,20160708,SP,6529
25168289,0001,1,,08,20190828,20160708,PA,0509
25170299,0001,1,VITOR MAICHAKI,08,20170905,20160709,SP,6875
25171954,0001,1,PAULO KALABAR,08,20210128,20160710,RJ,6001
22466092,0001,1,STUDIO BIKE INDOOR,08,20251114,20150518,SP,6831
25177348,0001,1,,08,20241024,20160711,SP,6323
25180676,0001,1,,08,20220801,20160711,CE,1573
25181010,0001,1,CORECOPS,08,20180710,20160711,PB,2155
25186294,0001,1,,02,20160712,20160712,SP,7107
24874041,0002,2,,08,20180717,20160712,SP,7107
25186915,0001,1,,08,20180115,20160712,PR,7535
25187387,0001,1,FIT HAPPY ACADEMIA DE MUSCULACAO,04,20210317,20160712,PR,9983
25188641,0001,1,THAIS MEDEIROS DOS SANTOS,08,20170127,20160712,SP,7071
25190362,0001,1,,08,20170216,20160712,DF,9701
25190374,0001,1,PERSONAL TRAINER THAYS SANTOS,08,20170221,20160712,SP,6219
25193485,0001,1,EVOLUTE ACADEMIA,02,20160712,20160712,BA,3849
25196612,0001,1,,08,20180720,20160713,SP,7183
25199849,0001,1,ACADEMIA PERSONAL FITNESS,08,20190427,20160713,MT,9151
20925870,0001,1,ACADEMIA NW,08,20240129,20140828,SP,7243
25204121,0001,1,ACADEMIA GERACAO SAUDE,02,20160714,20160714,GO,9515
25207109,0001,1,FORCA E FORMA ACADEMIA,04,20210223,20160714,PA,0561
17613586,0001,1,ANDRE FITNESS ACADEMIA RD,04,20181017,20130219,DF,9701
25219061,0001,1,,08,20160808,20160715,SP,6219
25220840,0001,1,JONATHAS PERSONAL TRAINER,02,20231117,20160715,DF,9701
25223141,0001,1,JEFERSON SANTOS,08,20180810,20160717,MT,9067
25231883,0001,1,MOVIMENTO,08,20180227,20160718,RS,8801
25232551,0001,1,CECILIA BEDIN PAIXAO,08,20190117,20160718,MG,4733
25233175,0001,1,CESINHA BH,04,20210416,20160718,MG,4123
25233201,0001,1,ESTAR FIT PR,08,20210616,20160718,SP,7075
25235539,0001,1,WAR TRAINING,08,20170127,20160719,ES,5699
25236697,0001,1,IRS,04,20210226,20160719,SP,7107
25239122,0001,1,ESPACO FITNESS,08,20160815,20160719,ES,5727
25240861,0001,1,ACADEMIA FITNESS.M,08,20171109,20160719,PB,2175
25241268,0001,1,ACADEMIA SHARK,08,20181008,20160719,SP,7107
25243944,0001,1,,08,20170131,20160720,SC,5589
23220785,0001,1,WOMANS FIT MESSEJANA,08,20160715,20150904,CE,1389
25071681,0001,1,,08,20160720,20160624,SP,7107
25252631,0001,1,SPACE GYM SP,02,20160720,20160720,SP,7107
25254725,0001,1,JOHNNY SENA,08,20180730,20160721,SP,6563
25260584,0001,1,ESPORTE MAIS,02,20160721,20160721,GO,9227
25262181,0001,1,AARON ACADEMIA,02,20160721,20160721,SC,5737
25266645,0001,1,STUDIO PERSONAL D MIRANDA,08,20170126,20160722,SP,6331
25267070,0001,1,WENDELLINO,04,20210330,20160722,MG,5091
25269492,0001,1,TIAGO SOUZA,02,20220524,20160722,CE,1389
25271864,0001,1,EDSON TRAINER,08,20220328,20160723,BA,3849
25278874,0001,1,MUAY THAI BODY FIT,08,20160817,20160725,RJ,5837
25281642,0001,1,GLEZIA GOMES,08,20230201,20160725,GO,9221
25282311,0001,1,,08,20170707,20160725,RS,8801
25284278,0001,1,JAIRO ALMEIDA FRAGA,04,20210422,20160726,BA,3391
25288696,0001,1,SOBRAL SPORT,08,20170220,20160726,SP,7071
25292310,0001,1,ZEUZ ACADEMIA,08,20200917,20160726,SP,7107
25293144,0001,1,,08,20230404,20160726,CE,1389
25293273,0001,1,COACH TCHELO,08,20161005,20160726,SP,7107
25294434,0001,1,GUSTAVO TEIXEIRA TEAM - PERSONAL TRAINER,08,20180501,20160726,SP,6291
25295308,0001,1,METAFISIO STUDIO,02,20160727,20160727,SP,6425
07594978,0155,2,SMARTFIT,02,20160727,20160727,SP,6477
23867123,0001,1,FRED PERSONAL,08,20160727,20151218,GO,9373
25296174,0001,1,SOL PILATES DE SOLO,08,20210426,20160727,PE,2531
25298723,0001,1,,08,20170108,20160727,PR,7535
25301196,0001,1,LIMA FITNESS,04,20210309,20160727,PR,7427
25301828,0001,1,,04,20201029,20160629,RJ,5897
25302547,0001,1,SUELY PERSONAL DANCE,08,20171010,20160727,BA,3411
25303375,0001,1,BRENO FERREIRA AUGUSTO DOS SANTOS,08,20171024,20160727,MG,4123
25306894,0001,1,PRO-SAUDE TREINO FUNCIONAL E LUTAS,08,20180302,20160728,PR,7819
25308309,0001,1,STUDIO CORPORIS,02,20160728,20160728,RS,8877
25310527,0001,1,ACADEMIA ECO FIT,08,20200529,20160728,MG,4179
25318661,0001,1,ACAO SAUDE,02,20160729,20160729,SP,6177
25320279,0001,1,,08,20260211,20160729,PR,7583
25321519,0001,1,BSC SAUDE,08,20210111,20160729,RJ,5833
25322778,0001,1,GABI ATTILIO FITNESS,08,20180111,20160729,RJ,6001
25323356,0001,1,FL FITNESS,04,20240808,20160729,RJ,6001
25324738,0001,1,PERSONAL TRAINER SUZAN RAMAYANNA,08,20180105,20160729,AM,0255
25328607,0001,1,,08,20220913,20160801,SP,7047
25328632,0001,1,BRAJU HOME TRAINING,08,20170418,20160801,SE,3105
25330305,0001,1,LIVE CORE,04,20210423,20160801,PE,2521
25342694,0001,1,,04,20210330,20160802,MG,4359
25343276,0001,1,,08,20180423,20160802,ES,5705
25346760,0001,1,,08,20180130,20160802,MG,4051
25349870,0001,1,GROFF TRAINER,08,20210414,20160802,SP,7107
25351151,0001,1,STUDIO DOCTORFIT - TREZE DE MAIO (SC),02,20160802,20160802,SC,8361
25355293,0001,1,BLACK FIT ACADEMIA,02,20160803,20160803,SP,6769
25356011,0001,1,INES FREITAS FREITAS,04,20210311,20160803,RJ,6001
25378387,0001,1,,08,20180316,20160804,RS,8801
25382468,0001,1,INSTITUTO GLORIA LINS,02,20160805,20160805,PE,2531
25384583,0001,1,CARLOS ANDRE ASSESSORIA,04,20210408,20160805,SP,7071
25386179,0001,1,,08,20180103,20160805,SP,6689
25398069,0001,1,DEIVINHO ZUMBA,04,20210409,20160806,PE,2457
25398910,0001,1,SMV EVENTOS ESPORTIVOS,04,20210310,20160806,SP,6291
25402433,0001,1,CF VEDAN,02,20160808,20160808,MG,4371
25405452,0001,1,ACADEMIA CT2,04,20260521,20160808,PA,0427
25405640,0001,1,,08,20160809,20160808,SC,8089
25405771,0001,1,Z4 ACADEMIA,08,20180410,20160808,RN,1761
25143068,0001,1,4LIFE WELLNESS,04,20210224,20160706,CE,1389
25424104,0001,1,,08,20171230,20160809,PI,1077
25432290,0001,1,F D TRAINING,04,20220128,20160809,BA,3685
25432312,0001,1,,08,20180226,20160809,SC,8183
25446483,0001,1,ESPACO FITNESS,08,20180110,20160809,SP,6593
25447712,0001,1,USINA DO CORPO,08,20220621,20160809,RS,8877
25448681,0001,1,ACADEMIA KENKO FITNESS,04,20210303,20160810,MA,0921
25449930,0001,1,PERSONAL TRAINER RICARDO DAL PIVA,08,20220719,20160810,PR,7493
25450874,0001,1,,04,20210331,20160810,MG,4625
25450971,0001,1,ESPACO AFTEAM,08,20210714,20160810,PE,2531
25454510,0001,1,,02,20160809,20160809,SP,7107
25461527,0001,1,SERGINHO PELLETTI ASSESSORIA ESPORTIVA,08,20180119,20160811,RS,8589
25461725,0001,1,CENTRO DE SAUDE E PERFORMANCE HUMANA LEO DE PAIVA,08,20170325,20160811,RJ,5865
25464881,0001,1,RASTER STUDIO,04,20210326,20160811,RJ,5851
25512936,0001,1,STUDIO DE PILATES,02,20250404,20160811,SC,8333
25527130,0001,1,SIMONE ALVES,08,20170606,20160811,MG,4123
25530146,0001,1,ESPACO RIBEIRO,08,20161213,20160812,SP,6291
25532685,0001,1,ESTILO FITNESS ACADEMIA,08,20180601,20160812,PR,7479
25533922,0001,1,LUCAS DUBIELLA,04,20220124,20160812,SP,6619
25681447,0001,1,ESPACO PILATES,08,20180612,20160815,MG,4371
25682730,0001,1,HANDS ON - YOGA E TERAPIAS MANUAIS,04,20210318,20160815,SC,8105
25696274,0001,1,EDERSON PERSONAL,02,20220620,20160815,SP,7107
10973689,0001,1,,08,20160809,20090508,RJ,6001
13154456,0002,2,ACADEMIA LIFE ENERGY,02,20140815,20140815,PR,7535
23250362,0001,1,ESPACO DUE,08,20160831,20150910,MG,5049
11410998,0001,1,,08,20160902,20091209,PR,7691
22867194,0001,1,ESPACO FITNESS,08,20160912,20150716,RJ,6001
23445946,0001,1,JOSI STAR MOVIMENTOS,08,20160920,20151009,MG,4625
17641083,0001,1,,08,20160930,20130226,SP,7061
11897324,0001,1,IMPACTO ACADEMIA,08,20170920,20100505,SP,6109
22790878,0001,1,GRACIE BARRA PINHAIS,08,20161013,20150706,PR,5453
25082910,0001,1,ELITE JIU-JITSU,02,20160627,20160627,SP,6619
21750834,0001,1,KAISER PERSONAL LTDA,08,20170911,20150126,ES,5703
24335146,0001,1,ESPACO FCK ACQUA E FITNESS,02,20160308,20160308,SP,7145
18996615,0001,1,STUDIO PERSONAL AMANDA AMORIM,02,20131002,20131002,BA,1112
21774136,0001,1,,02,20150129,20150129,PR,7493
12877091,0002,2,STUDIO TREINAMENTO FUNCIONAL CORE TRAINING,08,20170105,20130322,RS,8589
21658967,0001,1,ACADEMIA AGILE,04,20210210,20150108,DF,9701
14724712,0001,1,VITALYTTA STUDIO DE PILATES,08,20200825,20111206,RS,8903
19670434,0001,1,FLY FITNESS ACADEMIA,08,20230911,20140206,SP,6131
13851031,0001,1,FENIX ACADEMIA,04,20201022,20110614,TO,9241
14681775,0001,1,CLENAK FITNESS ASSESSORIA ESPORTIVA,04,20190227,20111019,SP,6545
23811835,0001,1,GL FIT ACADEMIA,02,20151209,20151209,PA,0427
17316038,0001,1,BETTER LIFE,08,20200811,20121218,AL,2705
24345253,0001,1,CORE BALANCE,08,20170109,20160309,SP,7107
24878251,0001,1,,02,20160525,20160525,MG,4123
22946648,0001,1,KALUP FITNESS PILATES,08,20170411,20150729,SP,6751
20749886,0001,1,STUDIO POWER FIT,08,20190206,20140731,SP,6275
21540812,0001,1,CROSSFIT TERMINAL1,02,20141205,20141205,PI,1219
21856480,0001,1,PERSONAL SEVEN,08,20170127,20150210,GO,9797
24468728,0001,1,SANDRA REGINA PEREIRA,08,20180628,20160328,SP,6333
17316190,0001,1,ACADEMIA BIO ATIVIDADE,08,20190328,20121218,SE,3105
21025637,0001,1,VIVANT ACADEMIA,02,20140911,20140911,RS,8801
23160085,0001,1,REIS ACADEMIA,08,20230110,20150826,RJ,5853
25357859,0001,1,NOVO ENGENHO ACADEMIA,04,20201023,20160803,PA,0483
21648823,0001,1,DEO FIGHT TEAM,08,20190723,20150109,MS,9175
14003306,0001,1,LRM ASSESSORIA ESPORTIVA,08,20170214,20110725,PR,7535
14244652,0001,1,DE BEM COM A BALANCA,08,20180201,20110906,RJ,5883
23681697,0001,1,,08,20170217,20151117,SC,8055
25238603,0001,1,,08,20170217,20160719,SP,7145
24944559,0001,1,RC TREINAMENTO ESPORTIVO E ARBITRAGEM,08,20170223,20160606,SC,1192
24432678,0001,1,HUDSON AZEVEDO PERSONAL,08,20170226,20160321,ES,5703
10948223,0001,1,VS STUDIO,08,20260206,20090626,CE,1389
21263841,0001,1,CENTRO DE TREINAMENTO CENTURIAO,08,20210914,20141021,PR,7623
24337534,0001,1,VANDERSON PERSONAL TRAINER,08,20170314,20160308,SP,6689
11888403,0001,1,KUMOGAKURE KOGA RYU,02,20190409,20100427,PR,7935
19428856,0001,1,BODY WAY ACADEMIA,02,20131213,20131213,RJ,6001
16861499,0001,1,IBITI MONTANHISMO E ESCALADA,08,20181023,20120910,DF,9701
20053871,0001,1,CAMILLA FITNESS,04,20210203,20140409,SP,6219
23000894,0001,1,CORPORACAO SAUDE,08,20170421,20150805,SP,7095
17392756,0001,1,NUMBER ONE,08,20180912,20121214,SP,6145
24712847,0001,1,UNIVERSO FITNESS,04,20210218,20160503,MT,9047
19352770,0001,1,,08,20170614,20131202,RS,8637
22560195,0001,1,,08,20180216,20150530,MS,9051
22092627,0001,1,ESPACO SAUDE - FISIOTERAPIA & PILATES,02,20150313,20150313,MA,0921
24193034,0001,1,ARENA,08,20190809,20160217,GO,9221
24997890,0001,1,CENTRO DE TREINAMENTO VIVA MELHOR,08,20180131,20160614,ES,5703
19374097,0001,1,,08,20170623,20131206,MG,4865
25528955,0001,1,POWER FITNESS,08,20170614,20160812,SP,6415
23923021,0001,1,ACADEMIA STAR FITNESS,04,20210423,20160107,PE,2551
24386020,0001,1,ALIVE SPORTS CLUB,03,20220906,20160315,MG,5403
10301151,0001,1,ATITUDE ACADEMIA,02,20080813,20080813,SC,8047
18133866,0001,1,CTF VIVAZ,04,20260526,20130517,SP,6921
11271867,0001,1,,02,20091022,20091022,ES,5699
15669679,0001,1,PERSONALLE ACADEMIA FITNESS,08,20180125,20120606,RS,8801
24340153,0001,1,,08,20170717,20160309,PR,7493
25073193,0001,1,CROSSFIT TATUI,02,20160624,20160624,SP,7181
12950761,0001,1,DUOFIT,08,20190513,20101202,SP,6425
15385100,0001,1,,08,20170725,20120418,RO,0003
13982124,0001,1,ANB - ASSOCIACAO NACIONAL DE BOXE,08,20180201,20110721,BA,3849
13487322,0001,1,MEGA ACADEMIA,02,20110407,20110407,SC,8161
14803523,0001,1,,02,20111226,20111226,MG,4123
19753202,0001,1,ABAMM/RJ,02,20190225,20140219,RJ,6001
21558652,0001,1,GOLFINHO FITNESS,08,20170901,20141211,BA,3855
16783570,0001,1,ANDRE_ARELLARO@HOTMAIL.COM,08,20211105,20120831,SP,6213
21030446,0001,1,,04,20240823,20140913,PB,2147
22286248,0001,1,,02,20150418,20150418,AL,2785
23517271,0001,1,MARCELA'S FITNESS,02,20260326,20151021,RJ,5871
20750957,0001,1,THAISBAILLO,04,20210203,20140731,SP,7099
22837691,0001,1,STUDIO VIVA MAIS PILATES,02,20150713,20150713,MG,4733
24039538,0001,1,ON FITNESS CENTRO FISICO CULTURAL,02,20160125,20160125,MG,4959
23013797,0001,1,ACADEMIA CORPO PARA A VIDA FITNESS,08,20171106,20150806,CE,1373
20044231,0001,1,MAIS PILATES,02,20140407,20140407,DF,9701
97543835,0001,1,ESPACO DE MASSOTERAPIA E GINASTICA,08,20190130,20110713,SE,3105
19939988,0001,1,BODY HEALTH,02,20140321,20140321,GO,9373
23979647,0001,1,CORPO E MENTE PILATES,08,20171128,20160115,SP,6181
24483297,0001,1,CROSS BENTO,02,20160329,20160329,RS,8541
13598526,0001,1,,02,20110505,20110505,SP,6131
17658802,0001,1,G & M PERSONAL TRAINNING,02,20130225,20130225,PR,7733
23606144,0001,1,MARCOS FITNESS,08,20171208,20151105,RS,8801
11522142,0001,1,SCALA ACADEMIA,02,20100208,20100208,MS,9113
23976864,0001,1,SABRINA,08,20171215,20160114,PR,7571
19909775,0001,1,,08,20171220,20140319,SP,6681
23233105,0001,1,,08,20171222,20150908,SC,8047
22012419,0001,1,EMAR TREINAMENTO INTEGRADO,08,20171226,20150309,RN,1603
24143313,0001,1,,08,20171229,20160211,SP,6457
11228858,0001,1,,04,20190321,20091008,PR,7563
14413378,0001,1,FYTSPA,04,20210309,20110929,PR,7701
21970218,0001,1,PROJECT FIT,08,20180323,20150303,MA,0921
17472401,0001,1,OLIMPICOS CLINICA DE EXERCICIOS,02,20130117,20130117,MT,9907
15152881,0001,1,PERFORMANCE TRAINING,02,20120307,20120307,MG,4445
20804210,0001,1,ACADEMIA PHYSICUS,02,20210726,20140808,TO,9213
10619495,0001,1,EQUILIBRIUM ACADEMIA,08,20200210,20090127,SP,6717
14737232,0001,1,,04,20201029,20111027,RJ,6001
24563877,0001,1,NEW XTREME CT,02,20190517,20160411,PB,2117
18238478,0001,1,WC CENTRO DE TREINAMENTO ESPORTIVO PERSONALIZADO,08,20180208,20130527,MT,9167
21065090,0001,1,,08,20180116,20140918,SC,8179
24624790,0001,1,DANNILO,08,20180117,20160419,DF,9701
24538651,0001,1,LEANDRO MOREIRA - PERSONAL TRAINER,08,20180118,20160406,PR,7667
23259095,0001,1,CAMILA WFJ,08,20180122,20150911,SP,6291
10997738,0001,1,QUALITY LIFE,02,20090729,20090729,MG,4723
13395945,0001,1,ON FITNESS,02,20230718,20110321,RJ,5809
22094457,0001,1,CAMILA PAVOWSKI SILVESTRE,08,20180131,20150320,PR,7887
18991518,0001,1,ALA SPORTS - ASSESSORIA E EVENTOS ESPORTIVOS,08,20180201,20131002,SP,7107
19165048,0001,1,ACADEMIA REACAO GYM MUSCULACAO,08,20180201,20131030,SC,8045
19878702,0001,1,,08,20180201,20140314,RJ,5893
20109200,0001,1,VITAL CORE STUDIO PERSONAL,08,20180201,20140421,MG,4123
20117105,0001,1,BRUNA COSTA,08,20180201,20140422,AM,0255
20410998,0001,1,CORPO OBRA ACAO,08,20180201,20140609,RJ,6001
20634885,0001,1,RONALDO BAGGI,08,20180201,20140715,SP,6875
20773580,0001,1,TREINAMENTO FEMININO - ASSESSORIA E CONSULTORIA EM T.F.,08,20180201,20140805,SC,8105
20898323,0001,1,ACADEMIA ESPACO AEROBICO,08,20180201,20140825,AM,0255
21196889,0001,1,RM PERSONAL TRAINER,08,20180201,20141009,SP,7107
21478970,0001,1,STEEL FITNESS,08,20180201,20141127,SC,1192
20340211,0001,1,VIPS ACADEMIA,08,20180201,20140528,CE,1351
20493005,0001,1,ACADEMIA QUALISPORT,08,20180201,20140624,SP,7107
16808658,0001,1,ACADEMIA META FISICA,08,20180521,20120905,MG,4123
15556718,0001,1,,02,20120518,20120518,SP,6179
15397138,0001,1,,08,20180405,20120419,SP,6205
09054620,0001,1,FIQUE IN FORM ACADEMIA,04,20260526,20070813,SP,6969
09233269,0001,1,AQUA-FISIO,04,20260526,20071108,SP,6969
11471576,0001,1,,02,20091222,20091222,SP,7145
20319784,0001,1,IDEAL FORMA ACADEMIA,08,20160105,20140526,PB,2051
20345976,0001,1,ACADEMIA ELITE,02,20140529,20140529,SP,7057
20389317,0001,1,ACADEMIA INFINITY,04,20260514,20140502,PA,0427
14085168,0001,1,,04,20260512,20110808,RJ,6001
12892179,0001,1,ACADEMIA TRAINING,04,20181017,20101118,DF,9701
21877440,0001,1,CORPO EM MOVIMENTO,08,20180221,20150213,SE,3159
16779537,0001,1,EQUILIBRARE,02,20120830,20120830,MG,4137
16821277,0001,1,O2 FITNESS,08,20150407,20120910,RN,1779
16949256,0001,1,MICHELL IZIDRO TREINAMENTO PERSONALIZADOS,02,20120928,20120928,PB,1981
17114258,0001,1,ACADEMIA FATOR FIT,04,20210305,20121011,SP,7107
17121899,0001,1,EUSEBIO,08,20181211,20120914,CE,1247
17189547,0001,1,ACADEMIA BOA FORMA,02,20121120,20121120,RS,8637
17610096,0001,1,APOLO FITNESS,02,20130213,20130213,SP,6531
17448907,0001,1,ENVOLVE FITNESS,02,20130122,20130122,MG,4625
17818997,0001,1,,04,20240807,20130307,SP,7107
17991377,0001,1,FIT ATIVIDADE FISICA PARA MULHERES,04,20181030,20130423,RS,8841
18000584,0001,1,ACADEMIA ESTILO DE VIDA,02,20130424,20130424,RJ,5897
18251653,0001,1,STYLUS FITNESS,04,20260515,20130605,BA,3953
13627424,0001,1,,04,20210226,20110429,SP,7107
15246677,0001,1,ACADEMIA FABIA FITNESS SHALON,02,20120316,20120316,SP,7231
18467840,0001,1,STUDIO FLEX PILATES,08,20150126,20130708,DF,9701
18475878,0001,1,ATIVA FITNESS,08,20180402,20130710,SC,8105
13245371,0001,1,VF SPORTS,02,20110207,20110207,SP,7107
18793461,0001,1,COACHING,02,20250711,20130902,PA,0595
18862322,0001,1,ACADEMIA CORPO E MENTE,02,20130909,20130909,ES,5697
19152556,0001,1,,08,20171128,20131029,SP,7107
19166985,0001,1,ACADEMIA MOOVE FITNESS,08,20180117,20131030,MG,4123
19265017,0001,1,,04,20210423,20131104,RN,1787
19687834,0001,1,,08,20170317,20140210,SP,7107
19831848,0001,1,,02,20140227,20140227,RS,8649
19877775,0001,1,EQUILIBRE,08,20151126,20140313,GO,9373
19961322,0001,1,,08,20210812,20140327,SE,3127
19971107,0001,1,ASKAPE,08,20251117,20140328,PE,2521
20085947,0001,1,ACADEMIA MOVIMENTTUS,02,20140410,20140410,PI,0352
20605993,0001,1,ENERGY FIT 9,08,20200720,20140709,RO,0003
21099222,0001,1,,02,20140924,20140924,SP,7107
21164320,0001,1,ACADEMIA ESPACO FITNESS E SAUDE,02,20141003,20141003,MA,0861
21281166,0001,1,ACADEMIA SMART,02,20210714,20141023,AL,2705
21319430,0001,1,MAIA SPORTS,08,20220531,20141030,SC,8379
21514045,0001,1,BLACK BULL FITNESS,08,20220804,20141202,RS,8801
21893554,0001,1,ESPACO LIFE ACADEMIA,02,20150219,20150219,CE,1389
22921976,0001,1,ACADEMIA TOP FITNESS,04,20260515,20150724,CE,1389
23009349,0001,1,ATITUDE FITNESS,02,20150806,20150806,CE,0985
23243875,0001,1,KEEP FIT ACADEMIA,04,20241127,20150909,MS,9051
23324186,0001,1,TAMMY FITINESS,04,20210419,20150922,SP,6713
24004667,0001,1,N & P ACADEMIAS,04,20201027,20160119,PE,2629
24142373,0001,1,P2 ACADEMIA,04,20240823,20160112,PI,1157
24240701,0001,1,DAY4FIT ACADEMIA,08,20231018,20160224,PE,2531
25113062,0001,1,MILA ACADEMIA FEMININA,08,20231226,20160630,PA,0447
25177176,0001,1,ANIMA SP PILATES,08,20210803,20160711,SP,7107
25420839,0001,1,L L - ACADEMIA DE GINASTICA LTDA,08,20180315,20160809,PR,7493
23893550,0001,1,,08,20180305,20151230,SP,6209
23920216,0001,1,,08,20180314,20160106,MG,5343
11164375,0001,1,ACADEMIA MAIS,02,20090921,20090921,MG,5371
22463057,0001,1,MF CONFECCOES,02,20150517,20150517,SP,6605
20110621,0001,1,TRAINNING ACADEMIA,02,20250207,20140422,SP,6177
22365766,0001,1,VILA FIT,02,20150430,20150430,ES,5703
16672052,0001,1,,08,20180427,20120809,RJ,5867
14794734,0001,1,BODY SCULP ACADEMIA,02,20190114,20111214,SP,7273
23620142,0001,1,STUDIO SATORI DE KARATE,08,20250312,20151108,MG,4365
08305155,0001,1,,08,20190527,20060828,SP,6779
08706465,0001,1,TRAINER CLUB,04,20260518,20070312,SP,6163
08278768,0001,1,,08,20080227,20060830,MG,4371
23011584,0001,1,PRESTES TREINAMENTOS PERSONALIZADOS,08,20180612,20150806,RS,8841
24211055,0001,1,,08,20180515,20160219,SE,3105
20358498,0001,1,4BRAVE ACADEMIA,02,20140219,20140219,PR,7535
23800397,0001,1,POTIGUAR TEAM JIU JITSU,08,20180528,20151207,RN,1613
23273236,0001,1,ACADEMIA IMPACTO,08,20200915,20150915,SP,7183
24286162,0001,1,,08,20180607,20160301,SP,6887
23935065,0001,1,,08,20180611,20160108,SP,7107
20927366,0001,1,ACQUA DOIS IRMAOS,08,20210301,20140828,MG,5403
25264252,0001,1,STUDIO VITAE PILATES E CENTRO DE TREINAMENTOS,02,20160722,20160722,PB,1981
18550100,0001,1,,02,20130717,20130717,PR,7985
22070739,0001,1,ISABELA CARDOSO PERSONAL,04,20210218,20150318,MS,9051
11462670,0001,1,ACADEMIA VIDA ATIVA,08,20180711,20100114,TO,9519
19824621,0001,1,ACADEMIA BIO FITNESS,04,20201023,20140228,AP,0605
20830441,0001,1,ACADEMIA BRUTAL FORCE FITNESS,08,20180724,20140813,GO,9301
20389182,0001,1,,08,20210415,20140605,SP,6511
20377229,0001,1,ESTACAO SAUDE ACADEMIA,08,20180807,20140603,PA,0399
11874992,0001,1,TREINANDO ONLINE,02,20100416,20100416,SP,6547
17660340,0001,1,,02,20130221,20130221,SP,6579
14048199,0001,1,ACADEMIA FORMA E SAUDE,04,20260513,20110718,PE,2357
12197780,0001,1,ACADEMIA SHOTOKAN,08,20180831,20100708,GO,9575
10489129,0001,1,CLUBE DA ENDORFINA,02,20181009,20081118,RS,8801
24653893,0001,1,FUNCIONAL DAIANA RODRIGUES,02,20160425,20160425,MG,5241
10235272,0001,1,JJ CONDICIONAMENTO FISICO E ENTRETENIMENTO.,08,20180913,20080724,DF,9701
22671679,0001,1,,08,20180914,20150617,RS,8901
23953874,0001,1,BEAR FIT,04,20260601,20160112,BA,3581
21476453,0001,1,FER FREITAS PRIME PERSONAL,02,20141126,20141126,SP,6113
25027761,0001,1,ACADEMIA CAPITAL FIT,04,20240807,20160617,DF,9701
21075572,0001,1,ACADEMIA ELITE GYM,08,20220815,20140917,ES,5623
12667529,0001,1,ACADEMIA ARENA FITNESS,08,20181002,20101013,BA,3515
17667327,0001,1,SMART CURVES,08,20220811,20130216,AP,0609
12942679,0001,1,ESTACAO FITNESS ACADEMIA,02,20101123,20101123,CE,1361
13873619,0001,1,,04,20181011,20110225,RJ,6001
18396252,0001,1,CENTRAL FIT,02,20211015,20130619,RN,1739
10499037,0001,1,SPORT FITNESS,04,20181016,20081023,SP,7107
18332362,0001,1,****,08,20250818,20130619,SP,7107
21602325,0001,1,ACADEMIA PHYSICAL LIFE,02,20141219,20141219,SP,7099
10597978,0001,1,ACADEMIA MAIS,04,20181018,20090127,GO,9373
23867202,0001,1,ACADEMIA SPORTS CENTER,08,20201023,20151215,MT,9129
24272293,0001,1,VOI FIT,02,20160229,20160229,SP,6213
22296422,0001,1,ASTRAL,08,20210805,20150422,SP,7189
21247251,0001,1,PHISICAL TREINER,04,20181025,20141017,PE,2531
19390233,0001,1,ACADEMIA MOVIMENTE-SE,02,20131206,20131206,ES,2931
20985504,0001,1,EXTREME FORCE,04,20210406,20140905,SP,6181
16744715,0001,1,ACADEMIA SEMPRE ATIVA,04,20210326,20120730,SP,7151
12300261,0001,1,G1 FITNESS,08,20190130,20100722,RN,1761
11555241,0001,1,ACADEMIA MOVIMENTO,08,20191015,20100212,RS,9825
13869869,0001,1,FISICO ACADEMIA,04,20260526,20110628,PB,2051
22635166,0001,1,LADIES FITNESS,02,20150612,20150612,MG,4573
17851318,0001,1,FISICAL - PONTA BEM ESTAR QUALIDADE DE VIDA,08,20190521,20130402,MS,9131
24099207,0001,1,CROSS LIFE VELOSO,02,20160202,20160202,SP,6789
14765965,0001,1,,02,20190114,20110714,SP,7107
19663538,0001,1,BEM ESTAR ACADEMIA,08,20181217,20140131,PR,7749
09279562,0001,1,,02,20071212,20071212,RJ,6001
14580035,0001,1,VIVA LEVE PILATES E FISIOTERAPIA,08,20181113,20111014,SP,7107
25159995,0001,1,,08,20181207,20160707,SC,8251
09042895,0001,1,TUBARAO,04,20260529,20070831,TO,9733
09019610,0001,1,ACADEMIA JUMP,02,0,20070823,SP,7243
21533832,0001,1,,08,20231124,20141205,SP,6477
21000613,0001,1,,02,20140908,20140908,RJ,6001
18880728,0001,1,MOVERE FITNESS,08,20201224,20130913,RS,8801
22812191,0001,1,,02,20150708,20150708,MG,4865
17949894,0001,1,,04,20190111,20130327,RJ,5819
20347542,0001,1,CAF CENTRO DE ATIVIDADE FISICA,08,20211207,20140529,MG,5397
13785630,0001,1,BELLA FITNESS ACADEMIA,08,20190328,20110607,AC,0139
11230269,0001,1,ACADEMIA NEVES,04,20260515,20090930,BA,3957
15760849,0001,1,,04,20231110,20120622,MG,4939
22227395,0001,1,NOUS FITNESS,02,20150410,20150410,BA,3911
22713289,0001,1,STUDIO DE PILATES FORCA E EQUILIBRIO,08,20190128,20150624,MG,4111
24094003,0001,1,ESPACO FITNESS,02,20160201,20160201,PE,2591
10327135,0001,1,PROH MED HIGIENE E SAUDE,02,20080902,20080902,BA,3565
17309860,0001,1,FUNFITNESS ACADEMIA,08,20240923,20121217,PI,1219
25221807,0001,1,JOVINO'S RUNNERS,08,20220314,20160716,SP,7107
16659350,0001,1,D VITALE ACADEMIA LTDA - ME,08,20190322,20120727,SP,6429
25407728,0001,1,ACADEMIA CIA DO CORPO,08,20190212,20160808,RS,7313
18665441,0001,1,,08,20190214,20130813,RJ,5879
23423201,0001,1,MARCELA DADA,08,20190215,20151006,SP,7057
13133299,0001,1,SAUDE LABORAL,08,20221201,20110120,GO,9373
97547834,0001,1,ACADEMIA FORCA TOTAL,08,20190222,20110713,SP,6789
09158037,0001,1,V MAX ESPORTES,08,20211111,20071023,DF,9701
09591672,0001,1,BODY FITNESS CLUB,08,20260227,20080530,DF,9701
17308083,0001,1,,04,20190301,20121128,SP,7107
25684190,0001,1,PILATES STUDIO SPINE,08,20190301,20160815,SP,7075
23490875,0001,1,VANESSAKSTUDIO,08,20190307,20151019,RJ,6001
23302221,0001,1,SANTE ESPACO E SAUDE,02,20150918,20150918,RJ,5925
10282058,0001,1,ACADEMIA ATIVA SPORT CENTER,02,20080811,20080811,ES,5703
23202480,0001,1,,08,20200729,20150902,PR,7691
22478704,0001,1,DOCTOR FIT STUDIO BLUMENAU,02,20150518,20150518,SC,8047
21511297,0001,1,TAMIRES BIAO STUDIO PILATES,08,20240206,20141128,BA,3515
24059279,0001,1,,08,20190422,20160127,SP,6209
20549097,0001,1,,08,20190717,20140702,SP,6681
24896523,0001,1,PERSONAL LIFE,08,20190513,20160530,RS,8909
19450382,0001,1,ACADEMIA NOVA GERACAO,08,20220216,20131227,MG,2681
21525186,0001,1,FUTURE VITAE QUALIDADE DE VIDA,08,20190521,20141205,SP,7107
20199304,0001,1,FLEX ACADEMIA,02,20140507,20140507,PE,2531
22358031,0001,1,STUDIO PILATES PRISCILA FRANCO,02,20150430,20150430,PR,7777
17817049,0001,1,CENTRO DE TREINAMENTO HARD THAY,02,20130325,20130325,PR,7633
24231907,0001,1,,08,20190708,20160223,SP,6577
15293659,0001,1,D & A - ATELIE DO CORPO,08,20200311,20120330,MS,9073
23872184,0001,1,,08,20190809,20151221,RJ,5915
22011715,0001,1,AR ESPORTES,08,20200806,20150309,PR,7535
20367526,0001,1,STUDIO Z FITNESS,08,20260525,20140602,RJ,5897
14768209,0001,1,PHISICAL,08,20190821,20111025,RS,5763
17480668,0001,1,VIDATIVA,02,20130118,20130118,SP,6595
23562243,0001,1,FORTY FITNESS,08,20190826,20151028,GO,9337
22462314,0001,1,MM BOXE,08,20191114,20150517,SP,6979
22187784,0001,1,ACADEMIA BODY CLUB,08,20260116,20150406,GO,9625
15840404,0002,2,ACADEMIA ESPACO FITNESS,08,20190909,20160627,CE,1537
14070410,0001,1,EQUIPE BOA FORMA,08,20260507,20110805,CE,1389
24855014,0001,1,APRIMORAR SOCCER,04,20260519,20160519,RS,8801
10214002,0001,1,,08,20191001,20080718,SP,7115
22603162,0001,1,STUDIO GT FITNESS,08,20191001,20150603,PB,2109
22969926,0001,1,PRATIQUE MOVIMENTO,02,20150730,20150730,DF,9701
22784800,0001,1,JACK PERSONAL TRAINER,08,20191015,20150704,SC,8327
17829944,0002,2,VIVA STUDIO PILATES,08,20160512,20160125,PE,2629
19395571,0001,1,KING FITNESS,02,20220701,20131211,SP,7107
23485103,0001,1,EQUILIBRIUM STUDIO DE PILATES E FISIOTERAPIA,08,20201119,20151015,ES,5699
24310649,0001,1,BODY TRAINING,02,20210304,20160304,ES,5711
10428051,0001,1,S3 STUDIO ACADEMIA,08,20210414,20081003,SP,6425
17888234,0001,1,,02,20130408,20130408,RJ,5807
21728300,0001,1,CENTRO DE TREINAMENTO ITIKAWA,02,20150122,20150122,PR,7529
20136620,0001,1,THOR ACADEMIA,04,20210305,20140425,SP,7107
14740076,0001,1,,08,20200211,20111129,SP,6607
19460276,0001,1,EXCLUSIVA ACADEMIA FEMININA,08,20230914,20140102,MG,4521
24648239,0001,1,RANGEL SPORTS,08,20200114,20160423,RS,8915
20702307,0001,1,,02,20140724,20140724,SP,7107
19920467,0001,1,,08,20200123,20140320,DF,9701
20858190,0001,1,FG ASSESSORIA ESPORTIVA,08,20220117,20140818,MT,9067
25217455,0001,1,RSPORTS,08,20200212,20160715,SP,7107
21896754,0001,1,FORCA E MOVIMENTO,08,20200319,20150219,SP,7119
23201830,0001,1,MADATENIS,04,20220607,20150902,PR,7535
17422343,0001,1,TOP FITNESS,08,20200415,20130117,MT,9897
24713835,0001,1,,02,20160502,20160502,SC,8179
20277325,0001,1,KORPEN ACADEMIA,02,20140519,20140519,SP,6549
10940991,0001,1,2 FIT CENTER FITNESS,02,20090702,20090702,MG,5319
11909806,0001,1,INFANTE CENTRO DE TREINAMENTO,08,20260313,20100408,RJ,6001
08985299,0001,1,CINESYOGA - TECNICAS DE YOGA,08,20200619,20070806,SP,7075
11770584,0001,1,ACQUA NATACAO,02,20100329,20100329,MT,9779
24804963,0001,1,RESPIRAR PILATES E FISIOTERAPIA,08,20200626,20160516,BA,3597
12444765,0001,1,SANTA FORMA,08,20200706,20100819,PR,7425
20525021,0001,1,ACADEMIA ATHLETICA,02,20240311,20140630,PA,0483
21643222,0001,1,ALIADOS CROSSFIT,08,20200708,20150108,PR,7937
20386019,0001,1,CROSSFIT TITANIO,08,20200702,20140604,SP,7075
21223266,0001,1,Y2 FITNESS,08,20171026,20141014,RO,0027
21694995,0001,1,,02,20150116,20150116,SP,7079
22483268,0001,1,ACADEMIA BOA FORMA,08,20171213,20150519,CE,1453
19409946,0001,1,,08,20180418,20131127,CE,1559
13534157,0001,1,,04,20210319,20110331,RJ,5819
21802003,0001,1,MARIA BONITA FITNESS,08,20150828,20150203,CE,0985
23163055,0001,1,EMANOEL DOS SANTOS PICANCO JUNIOR PERSONAL,02,20220929,20150827,SP,6213
22035282,0001,1,TOP FITNES ACADEMIA,04,20181128,20150311,ES,5699
19204840,0001,1,NEW FITNESS PRODUTOS E SERVICOS,02,20131104,20131104,PE,2385
14643539,0001,1,ANIMUS ACADEMIA,02,20111005,20111005,SP,7183
24996093,0001,1,VENICIUS PERSONAL TRAINER,08,20190812,20160614,SP,6369
25201758,0001,1,BORA ASSESSORIA ESPORTIVA,08,20230929,20160713,MG,4445
20236403,0001,1,SHEKINAH TRAINING ACADEMIA,08,20230104,20140506,RN,1665
21165067,0001,1,,08,20240206,20141003,SP,6861
22213039,0001,1,,08,20190711,20150408,RS,8927
09177151,0001,1,DIVULGUE BRINDES,04,20181009,20071025,MG,4701
10777115,0001,1,ACADEMIA GARCIA FITINESS,04,20181204,20090422,BA,3595
25406309,0001,1,,02,20160808,20160808,BA,3595
10281041,0001,1,ACADEMIA CORPO ATIVO,02,20080818,20080818,SP,6179
24842219,0001,1,FIDALGO TREINAMENTO PERSONALIZADO,02,20160520,20160520,SP,6811
21072414,0001,1,CASSIA REGINA ALVES,08,20200730,20140919,SP,7169
08793716,0001,1,,08,20200809,20070413,PR,7667
09284396,0001,1,WANDERLEY DE PAULA TREINAMENTO PERSONALIZADO,02,20071206,20071206,MG,4079
19997293,0001,1,STUDIO THE ONE BH,02,20140402,20140402,MG,4123
17042824,0001,1,,08,20201016,20121005,SP,6921
21060172,0001,1,ONG BA E YOGA PARA TODOS SEJA BEM VINDO,04,20260525,20110829,DF,9701
11500431,0001,1,ACADEMIA PREMIUM FITNSS,08,20201006,20100114,PE,2381
24307992,0001,1,PES DESCALCOS PILATES,08,20201013,20160303,SP,6713
21499328,0001,1,ESPACO FISICO BEM ESTAR,08,20250606,20141201,RJ,5901
10208592,0001,1,ACADEMIA SPORT LIFE,04,20201023,20080509,PA,0427
20256405,0001,1,PERSONAL BRUNO DINIZ,08,20140721,20140515,RO,0003
10978158,0001,1,BAHIA BOOTCAMP LTDA,08,20160909,20090721,BA,3849
12144102,0001,1,,08,20150121,20100617,SP,6535
16620556,0001,1,MJ FIT,02,20240625,20120731,RN,1761
15635005,0001,1,SERIE A CADEMIA,08,20220919,20120330,AL,2785
19499591,0001,1,GIANT'S NUTRITION,08,20210505,20131220,PR,7535
18457403,0001,1,ESPACO MARISA COSTA,08,20170504,20130710,GO,9373
19916730,0001,1,PUSHUP CENTRO DE PILATES,08,20151229,20140320,PB,2051
20078498,0001,1,EQUIPE TAFF ASSESSORIA ESPORTIVA,08,20160804,20140414,RJ,6001
20481312,0001,1,,08,20220218,20140623,SP,6547
21068805,0001,1,3P - BODY DESIGNER,08,20160423,20140918,RJ,0778
21180305,0001,1,VO2PRO TREINAMENTO ESPORTIVO,08,20171108,20141007,SP,7107
21561484,0001,1,SLACKLINE,08,20170531,20141212,RJ,5867
21733783,0001,1,NIELY FITNESS,08,20160825,20150123,PI,1043
22165913,0001,1,,08,20160420,20150331,MG,5413
22293488,0001,1,NUTRI & FITNESS,08,20180105,20150421,SP,7107
22587993,0001,1,ACADEMIA K2 NITRO,08,20170427,20150605,SP,7107
23325752,0001,1,VIDA EM HARMONIA,08,20161005,20150922,RJ,2921
23451771,0001,1,,08,20160602,20151010,SP,7075
23476105,0001,1,EQUILIBRIO DO CORPO,08,20170707,20151015,MG,0738
23841945,0001,1,BELLA FITNESS,08,20160204,20151215,TO,9241
23950830,0001,1,KARINA SANTOS,08,20160224,20160112,SP,6601
24060839,0001,1,O.M.F,08,20170425,20160127,AM,0255
24296275,0001,1,STUDIO MEXA-SE PILATES,08,20170327,20160302,SP,7107
24548937,0001,1,,08,20180115,20160407,ES,5647
25089972,0001,1,MUAY THAI ALEXANDRE BORGES,08,20170828,20160628,MG,5403
21994225,0001,1,,04,20220608,20150306,SC,8177
21660970,0001,1,DANILO DE MOURA DIAS CARNEIRO,04,20220610,20150112,RJ,6001
23976428,0001,1,CENTRO DE TREINAMENTO PERCY MELO,08,20201106,20160114,MG,4111
09599258,0001,1,PHYSICAL BOX,08,20220121,20080407,MG,5343
18369228,0001,1,MALUI DE OLIVEIRA,02,20130626,20130626,SP,7107
24294638,0001,1,EVOLUTIONS,08,20201207,20160302,PR,5473
15622696,0001,1,SAUDE E BELEZA,02,20120528,20120528,RO,0013
25242537,0001,1,ACADEMIA ARENA CROSS,02,20160712,20160712,MT,8985
09247732,0001,1,ACQUA FORMA,08,20210122,20071112,SP,7027
24572871,0001,1,CCN,02,20160412,20160412,SC,8055
24135079,0001,1,SAUDE EM 3D,04,20210210,20160208,DF,9701
24820725,0001,1,CLINICA EVOLUIR,04,20210210,20160517,DF,9701
15404079,0001,1,FINITS CENTRO DE TREINAMENTOS E ARTIGOS ESPORTIVOS,08,20240614,20120420,MA,0921
13054703,0001,1,ACADEMIA STYLLUS,04,20260513,20101230,GO,9221
19552604,0001,1,ACADEMIA FORCA EVOLUCAO,04,20210212,20140116,GO,9595
13390183,0001,1,MARAVILHA FITNESS,02,20210312,20110317,RJ,6001
24140166,0001,1,,08,20210216,20160210,PR,7665
22466302,0001,1,ASSESSORIA ESPORTIVA,02,20230531,20150518,MT,9067
24116849,0001,1,ACADEMIA MEGA,08,20240625,20160204,MT,9167
48600886,0003,2,ATLANTIS NATACION INSTITUTE S/S LTDA,02,20160728,20160728,SP,7075
22544801,0001,1,SERLEVFISIO,02,20150528,20150528,CE,1247
21205286,0001,1,POWER FITNESS,04,20210224,20141010,CE,1389
23936221,0001,1,ESPACO TERAPEUTICO PONTO DE EQUILIBRIO,04,20210224,20160108,CE,1389
21569995,0001,1,ACADEMIA EVOLUTION,04,20210224,20141215,CE,1279
17398160,0001,1,ACADEMIA ILHA FITNESS,04,20210225,20121122,RS,8801
23428719,0001,1,LEAL SPORTS TRAINING,04,20210226,20151007,SP,7107
21397414,0001,1,ACADEMIA PESO LIVRE,04,20210303,20141113,CE,1373
19630834,0001,1,ACADEMIA NATURAL FORMA,04,20210303,20140107,MA,0895
24014652,0001,1,,04,20210304,20160120,RS,8853
18080894,0001,1,STUDIO TAIS ARIADNE PILATES,04,20240807,20130430,SP,7107
21978540,0001,1,LIFE TEAM,02,20241210,20150304,PR,7425
12424157,0001,1,MAXIMU'S FITNESS CLUB,04,20210310,20100816,ES,5705
16964675,0001,1,,02,20250729,20121001,SP,6291
17394071,0001,1,EFUNCIONAL TREINAMENTO,08,20220215,20130111,SP,7149
13599635,0001,1,BAHAL ACADEMIA,02,20110505,20110505,MG,4117
22726747,0001,1,DJRS FITNESS,04,20210311,20150625,RJ,6001
24303119,0001,1,HD FORTALECIMENTO MUSCULAR,04,20210311,20160303,RJ,6001
24713452,0001,1,ACADEMIA MV FITNESS/MV FITNESS LANCHES,04,20210316,20160503,RJ,5897
17402001,0001,1,WVERAS CORPO E MENTE,04,20210316,20121221,RJ,6001
24359764,0001,1,,08,20220628,20160311,PR,7535
23609422,0001,1,JFBB ATIVIDADE FISICA,08,20210511,20151105,PR,7691
24464423,0001,1,,04,20210323,20160328,SP,6209
23611769,0001,1,CIDPERSONALTRAINER,04,20210324,20151106,SP,6689
20984873,0001,1,,08,20250512,20140905,SP,7077
25313689,0001,1,COMPANHIA DO TREINO,08,20210811,20160728,MG,4595
25091818,0001,1,,04,20210331,20160628,MG,5413
11001833,0002,2,BIO FITNEFSS ACADEMIA,02,20260303,20140220,PI,1107
13084818,0001,1,FN ESPORTES,04,20210408,20110110,SP,6371
22529600,0001,1,STUDIO DE PILATES E BEM ESTAR,08,20260316,20150526,SP,7071
20404746,0001,1,ACADEMIA BRENDA CORPUS,08,20210923,20140606,PE,2317
21198869,0001,1,,08,20210412,20141009,RJ,6001
24645642,0001,1,ANGELA ACADEMIA,04,20240821,20160422,PA,0415
24730565,0001,1,LAMONATO ASSESSORIA ESPORTIVA,04,20210415,20160505,SP,6969
23022167,0001,1,EQUILIBRIO ESTUDIO DE PILATES,02,20150808,20150808,MG,5223
17101810,0002,2,PRO GENETICA,02,20150417,20150417,SP,7145
15652727,0001,1,ACADEMIA PODIUM,02,20220908,20120601,BA,3917
22228120,0001,1,ACADEMIA DE MUSCULACAO PREMIUM 1,04,20210422,20150409,BA,3807
19431239,0001,1,ACADEMIA CORPO E ACAO,04,20210423,20131211,RN,1741
23771146,0001,1,STUDIO TEAMRAFIT,04,20240822,20151201,BA,3763
18108153,0001,1,IR STUDIO FITNES,08,20210511,20130513,RJ,6001
12579275,0001,1,,08,20210511,20100924,BA,3849
19354717,0001,1,STUDIO PERSONAL FIT,02,20131202,20131202,TO,9733
17711456,0001,1,SUPERANDO TREINOS E EVENTOS,02,20130307,20130307,SP,6155
21841989,0001,1,FOCO & EQUILIBRIO,02,20150209,20150209,SP,7107
21180917,0001,1,,02,20141006,20141006,ES,5705
23101673,0001,1,ACN PERSONAL TRAINER,08,20240408,20150819,PR,7667
23221300,0001,1,,08,20170414,20150904,RN,1761
17933528,0001,1,ACADEMIA V02 MAX,04,20180828,20130415,SP,6435
13475866,0022,2,,08,20141130,20140529,MG,4123
18021804,0001,1,,04,20210323,20130429,SP,6575
23605449,0001,1,ESTUDIO CELTA,02,20151105,20151105,SP,6411
20354687,0001,1,,08,20160306,20140530,RN,1761
23645370,0001,1,GT-TRAINING FUNCIONAL,08,20160531,20151111,DF,9701
12977014,0001,1,GH ACADEMIA,04,20260512,20101207,CE,1389
23689446,0001,1,RENATO PERSONAL,04,20210426,20151118,PB,2117
08605957,0001,1,ACADEMIA ESPACO SAUDE,04,20181220,20070125,SP,7075
23810408,0001,1,"FOCO PILATES, TREINAMENTO FUNCIONAL E AVALIACAO FISICA",08,20180223,20151208,PR,7467
23888257,0001,1,ANDREA DOS SANTOS,08,20160113,20151228,CE,1389
20364723,0001,1,XXXX,08,20180201,20140602,PR,7589
23896290,0001,1,,08,20180129,20151231,MG,4961
23930914,0001,1,BIA SIMOES PERSONAL TRAINER,08,20190109,20160108,SP,7099
23981346,0001,1,,02,20160115,20160115,SP,6619
24054968,0001,1,,08,20170222,20160126,SP,7029
17514052,0002,2,DMIX FITNESS,08,20201229,20160216,SP,7107
24180779,0001,1,JULIANA LOREGIAN TREINAMENTO PERSONALIZADO E PILATES,02,20160216,20160216,SC,8383
24230422,0001,1,PERSONAL SILVA,08,20220928,20160223,SP,6475
24237119,0001,1,,08,20180117,20160224,SP,7107
24275507,0001,1,PERSONAL MOVIMENTO & SAUDE,08,20250407,20160229,SP,6969
24282538,0001,1,JULIO PERSONAL TRAINER,08,20160329,20160301,RJ,0778
24295643,0001,1,THAMARA KRISTINE PACHECO,08,20160411,20160302,PR,7535
24307352,0001,1,KRAV MAGA FORCE,08,20210318,20160303,MS,9143
24319335,0001,1,LB FITNESS,08,20180112,20160306,RJ,6001
24334565,0001,1,STUDIO FABIO RAMALHO,02,20160308,20160308,RN,1619
13757344,0001,1,,04,20260526,20110606,SP,7107
13848177,0001,1,PHYSICUS ACADEMIA,02,20110622,20110622,MG,5049
18422640,0001,1,CORPUS ACADEMIA,08,20170712,20130702,SC,8113
24490116,0001,1,STUDIO B PILATES & CIA,08,20210325,20160330,RJ,5833
20389792,0001,1,SCORPIONS FITNESS,04,20210406,20140605,SP,6377
18532381,0001,1,VIDATIVALABORAL,08,20230616,20130722,PR,7535
18551570,0001,1,ISMAEL JUNIOR FITNESS,04,20210311,20130725,RJ,6001
18648900,0001,1,,04,20210408,20130809,RJ,5879
24750953,0001,1,EMANUEL MENDES PERSONAL,04,20220128,20160509,DF,9701
07594978,0072,2,SMARTFIT,02,20130816,20130816,CE,1389
24892177,0001,1,LIFE FITNESS,04,20210303,20160530,RO,0977
14392296,0001,1,DELLAS CENTER,08,20180201,20111003,MG,4355
24927514,0001,1,INSPIRE PILATES,08,20230821,20160602,RS,8577
24937271,0001,1,ESCOLA DE CIRCO FELIZ IDADE,08,20160704,20160604,SP,6589
24945262,0001,1,W&L ASSESSORIA ESPORTIVA,04,20210311,20160606,RJ,6001
24994194,0001,1,,08,20160818,20160614,DF,9701
19050521,0001,1,ESPACO FITNESS,08,20180418,20131010,MG,4123
25176342,0001,1,ESPACO FITNESS,02,20210513,20160711,PE,2531
25178064,0001,1,,08,20161005,20160711,MG,4575
14707435,0001,1,ACADEMIA GREEN HOUSE,08,20181112,20111117,SP,7107
14760998,0001,1,STUDIO G3+,08,20220203,20111214,RJ,5803
19312668,0001,1,,02,20120816,20120816,PR,7535
19414015,0001,1,STARFIT,08,20170117,20131212,SP,7107
15340056,0001,1,,08,20190925,20120409,TO,9441
19728325,0001,1,ACADEMIA VIVERE,04,20210401,20140214,DF,9701
22849452,0001,1,ACADEMIA BODYSHAPE TREINAMENTO FUNCIONAL E LUTAS,08,20170502,20150715,BA,3901
04700567,0003,2,,08,20170911,20140120,RS,8791
19909346,0001,1,CK FITNESS,02,20140319,20140319,SP,7107
19929771,0001,1,PAULA FITNESS,02,20230317,20140322,SP,6715
20001805,0001,1,TXR,04,20260528,20140402,RJ,6001
20018889,0001,1,,02,20140404,20140404,ES,5703
20027282,0001,1,PROJETOS E EVENTOS TUTU,08,20180201,20140404,RJ,6001
11362410,0001,1,,04,20260518,20091117,SP,7121
20058732,0001,1,ACADEMIA SO PARA MULHERES,08,20180201,20140410,PA,0625
20110795,0001,1,,08,20220318,20140422,SP,6643
20655935,0001,1,,08,20161215,20140717,RJ,5877
20690005,0001,1,ACADEMIA LIFE UP,02,20220518,20140723,RS,8701
15311424,0001,1,,08,20180912,20120326,RS,8559
24232547,0001,1,EVERTON LOCATELLI - TREINAMENTO FISICO FUNCIONAL,08,20181206,20160223,SC,8177
20672271,0002,2,,08,20161005,20140814,SP,6517
15468378,0001,1,,08,20180516,20120503,MG,4625
20991916,0001,1,ANDRE BAPTISTON PERSONAL,08,20180201,20140908,PR,7427
10524546,0001,1,ACTOS FITNESS STUDIO,08,20200820,20081210,GO,9373
21059416,0001,1,CAF ESPACO ATIVO,08,20250205,20140917,RJ,5877
15670966,0001,1,ACADEMIA ESPACO DO CORPO,08,20180423,20120606,RS,8619
22914466,0001,1,,08,20200417,20150723,SE,3105
23307357,0001,1,MOVI.MENTE,02,20150918,20150918,PR,7535
21148490,0001,1,,08,20180201,20141001,SP,6713
15759735,0001,1,,02,20120531,20120531,SP,6901
21196091,0001,1,ACADEMIA DRAGOES,08,20160218,20141008,RN,1729
21443823,0001,1,ESTUDIO DE TREINAMENTO PERSONALIZADO,08,20150220,20141120,RS,8693
21718730,0001,1,MOZIONE,08,20190312,20150121,RJ,6001
21785094,0001,1,STUDIO DE PILATES MELINA FLORA SILVEIRA,08,20180430,20150130,MG,4167
21877320,0001,1,PLAY FITNESS,02,20150209,20150209,PR,9983
21939014,0001,1,VIDA FUNCIONAL,08,20150306,20150226,RS,8683
21975245,0001,1,EQUIPE VAS,08,20190312,20150304,SC,8047
22177144,0001,1,BIO DINAMICA STUDIO PERSONAL,08,20160419,20150402,SP,6689
22184702,0001,1,RUN4LIFE ASSESSORIA ESPORTIVA,04,20210413,20150403,MG,5403
22196171,0001,1,HYATYARA - ATIVIDADES FISICAS,04,20210224,20150406,CE,1389
22291666,0001,1,BEM ESTAR FITNESS,04,20220607,20150420,CE,1389
16880778,0001,1,ACADEMIA B4FITNESS,08,20250120,20120919,CE,1389
22379076,0001,1,,08,20180118,20150505,MG,4799
16999837,0001,1,BRAZUCA FX MMA E FITNESS,08,20160821,20121014,SC,8103
22567920,0001,1,PROFITNESS ACADEMIA,04,20210409,20150601,PI,2279
17285007,0001,1,R.L.RIBEIRO - FITNESS,08,20160505,20121123,SP,6291
22772901,0001,1,,04,20190322,20150702,SC,8355
22934841,0001,1,MULTIFITNESS,04,20190131,20150727,PB,2225
17464123,0001,1,,08,20240604,20130121,SP,6649
17499190,0001,1,CROSSFIT MAKOU,02,20130130,20130130,CE,1389
17551660,0001,1,ESTUDIO PILATOS,08,20160303,20130207,GO,9571
08302555,0001,1,+ VOCE FITNESS CLUBS,08,20201215,20060920,MG,4123
08867168,0001,1,ACADEMIA BOA FORMA,08,20190313,20070529,MG,4305
08827082,0001,1,ESCOLA DE NATACAO ENERGIA,02,20070504,20070504,RS,8815
09576130,0001,1,TITAN SPORTS TRAINING,02,20080423,20080423,SP,7079
10421781,0001,1,ACADEMIA PERFORMANCE,04,20260522,20081002,SP,7195
10538956,0001,1,PERMORMANCE ACADEMIA,08,20141015,20081203,BA,3403
10896190,0001,1,PE DE PATO ATIVIDADES ESPORTIVAS,08,20230828,20090602,SP,6337
20288856,0001,1,,04,20190206,20140519,SP,6213
10983652,0001,1,ACADEMIA AEROFITNESS,08,20120822,20090706,RS,7383
11132199,0001,1,ACADEMIA SOLE,04,20201022,20090910,RS,8651
11274847,0001,1,ACADEMIA ROMI,08,20210520,20090923,RJ,6001
11540037,0001,1,,08,20140723,20100210,SP,6229
11770231,0001,1,CHIDANANDA ACADEMIA,08,20120920,20100324,SP,7107
12220551,0001,1,VIVACE,08,20150527,20100614,DF,9701
17131617,0001,1,HONEI PEDROSO BEJES,08,20210524,20121108,PR,7535
11493365,0001,1,ACADEMIA PANITZ GYM,02,20100105,20100105,RS,8801
16871703,0001,1,ACADEMIA WINNER,08,20210617,20120831,PE,2531
22117503,0001,1,EXERCITE ASSESSORIA FITNESS,08,20210621,20150324,PA,0427
25157153,0001,1,MOVE 2 GO,02,20160707,20160707,SP,7107
24038995,0001,1,MOVEMENT ACADEMIA,02,20160125,20160125,MG,4623
15220103,0001,1,STUDIO FIT - TREINAMENTO PERSONALIZADO,02,20120307,20120307,GO,9301
22932080,0001,1,,02,20240925,20150727,MG,4787
14313011,0001,1,,02,20260610,20110902,SP,7107
23474952,0001,1,DSA ASSESSORIA ESPORTIVA,08,20230119,20151015,SP,7047
25320775,0001,1,BOA FORMA ACADEMIA FEMININA,02,20160729,20160729,MG,4743
25226842,0001,1,LIVE ACADEMIA,02,20160718,20160718,AM,0255
21739059,0001,1,ACADEMIA ESTILO DE VIDA,02,20150123,20150123,MG,4647
15677409,0001,1,BOX MAMUTE,08,20230331,20120608,CE,1389
22815280,0001,1,ACADEMIA BODY COMPANY,02,20150707,20150707,RS,8801
16733603,0001,1,,02,20120821,20120821,RJ,6001
14375008,0001,1,HAPPYFIT CLUB,02,20110928,20110928,BA,3467
23714200,0001,1,ACADEMIA BELA FORMA,08,20210920,20151123,PA,0501
24883851,0001,1,VENON SUPLEMENTOS,08,20210922,20160527,MG,4371
23651245,0001,1,FLAVIA FIT,02,20260204,20151112,PE,2633
24941341,0001,1,CENTRO DE TREINAMENTO ANDRADE,08,20251021,20160603,RS,8791
18939427,0001,1,,02,20130924,20130924,SP,6219
19843926,0001,1,SALES BRANDAO MENTE E CORPO,04,20260520,20140306,GO,9289
14757296,0001,1,ESTACAO FITNESS,02,20111205,20111205,PR,7679
17618239,0001,1,CENTRO DE TREINAMENTO GARDEN,08,20220809,20130221,RN,1837
22519320,0001,1,UP PARK ACADEMIA,02,20260612,20150525,MG,2673
11506322,0001,1,ACADEMIA MEDITERRANEO,08,20211112,20100113,CE,1389
24187795,0001,1,INTENSE TREINAMENTO FISICO E PERSONAL,02,20160217,20160217,MG,4743
21807469,0001,1,SEJA YOGA,04,20210226,20150203,SP,7107
19933411,0001,1,FITNESS FEMI,02,20140324,20140324,CE,1537
21729176,0001,1,VIVA PERSONAL E FITNESS,08,20211210,20150122,PR,7791
13316412,0001,1,STUDIO LIRIA PILATES E EMAGRECIMENTO,02,20210809,20110218,GO,9373
23586770,0001,1,UPTECH FITNESS,02,20151103,20151103,MG,4625
24050326,0001,1,MAX BOXE,04,20210401,20160126,PI,1053
24008382,0001,1,ESPACO ESSENCE,08,20220106,20160120,PB,1905
09106909,0001,1,,02,20070926,20070926,PR,7751
24874340,0001,1,JOSUE PITBULL,04,20260521,20160525,PA,0415
24305126,0001,1,,04,20220128,20160303,CE,1389
22099518,0001,1,,04,20220128,20150322,RS,8635
22787504,0001,1,CHICO MALHACAO,08,20220128,20150706,BA,3573
20230142,0001,1,,04,20240816,20140508,RS,8915
24274559,0001,1,DREER STUDIO,08,20220204,20160229,SP,7057
22680478,0001,1,PERSONALFITNES,04,20220208,20150618,MG,5077
23344142,0001,1,JULIANA ANTUNES PERSONAL,08,20240315,20150924,RJ,6001
20063205,0001,1,,02,20240826,20140410,SP,6475
24931488,0001,1,MAIS VIDA E SAUDE ACADEMIA,04,20220208,20160603,SP,6425
22670880,0001,1,KG SPORT ART,08,20230927,20150617,SP,7107
16826030,0001,1,WORLD FITNESS ACADEMIA,02,20120911,20120911,SP,6581
19644071,0001,1,,02,20140203,20140203,RN,1609
21662636,0001,1,ACADEMIA PERFORMANCE DE CACU,02,20150112,20150112,GO,9285
19951388,0001,1,,08,20220224,20140326,RS,8621
24762068,0001,1,ACADEMIA ONE FITNESS,02,20160505,20160505,MT,8985
12269675,0001,1,PERSONAL TREINAMENTOS PERSONALIZADOS,02,20210702,20100722,MG,4751
11831169,0001,1,,02,20100406,20100406,SP,7107
12039310,0001,1,,08,20220408,20100601,SP,7079
10639560,0001,1,CENTRO DE YOGA PURA LUZ,08,20230925,20090216,SC,8383
24481304,0001,1,MARCELO PIRES PERSONAL DE GOLEIROS,08,20220425,20160330,RJ,6001
22204810,0001,1,STUDIO A+,08,20230703,20150407,PR,7535
20186958,0001,1,,08,20251112,20140505,SP,6889
18024561,0001,1,EQUILIBRIUM STUDIO,02,20130430,20130430,MG,4953
21617038,0001,1,CENTER FITNESS ACADEMIA,02,20150105,20150105,MG,4229
20203863,0001,1,KADU ACADEMIA,02,20140507,20140507,RN,1807
11358233,0001,1,FABIANA CAXIAS STUDIO FITNESS,02,20190903,20091130,PE,2427
09128639,0001,1,,02,20070928,20070928,SP,6619
24816619,0001,1,CENTRO DE TREINAMENTO MARIO GOMES,08,20240701,20160517,MG,4917
18515586,0001,1,TEMPLARIOS CROSS,08,20230109,20130718,RJ,5853
17020764,0001,1,VIDA ATIVA ACADEMIA,08,20220525,20121015,PR,7483
18600506,0001,1,MARX2FITNESS,02,20130801,20130801,BA,3515
13377079,0001,1,ACADEMIA KORIO BRASIL,02,20230102,20110317,MG,4111
21534543,0001,1,POWER FEMININE,08,20220614,20141208,RJ,5919
13698833,0001,1,,02,20110519,20110519,RJ,5897
14944898,0001,1,,02,20120117,20120117,SP,7099
23984494,0001,1,ESPACO SAUDE E MOVIMENTO,02,20160115,20160115,PR,7733
19323147,0001,1,ANDRESSA VARA FISIOTERAPIA E PILATES,08,20220809,20131126,RS,8801
19373124,0001,1,CORPO & CIA,02,20131206,20131206,MS,9041
09021523,0001,1,ACADEMIA CORPO LIVRE,02,20070711,20070711,MG,5385
23103134,0001,1,POWER FITNESS ARAPORA,02,20220120,20150820,MG,2903
23120917,0001,1,,08,20220921,20150824,SP,7071
22974549,0001,1,FUNCIONAL STUDIO VIP,02,20150802,20150802,SP,7113
20587640,0001,1,UPFIT ACADEMIA,02,20140707,20140707,RS,8877
13253537,0001,1,ACQUA LIVE,02,20110211,20110211,DF,9701
18160573,0001,1,ACADEMIA EVOLUTION SPORT CENTER,02,20130514,20130514,ES,5625
22602998,0001,1,MAXIMIZE FIT,02,20150608,20150608,PE,2513
19917505,0001,1,GABRIEL PAIVA PERSONAL,04,20260512,20140320,ES,5667
22328212,0002,2,CONDE FITNESS,08,20221018,20160426,SP,6313
20259707,0001,1,,08,20221024,20140515,MG,4123
25205228,0001,1,CORPO & SAUDE ACADEMIA,02,20160711,20160711,RJ,2909
10955419,0001,1,ACADEMIA DE MUSCALACAO CORPUS,02,20090713,20090713,TO,9241
16880915,0001,1,EQUILIBRIUM,02,20120919,20120919,BA,3849
22307379,0001,1,OFICINA DO CORPO,02,20240723,20150422,GO,9325
21339208,0001,1,CAMARDA TREINAMENTO ESPORTIVO,08,20221223,20141104,SP,6875
24883268,0001,1,ESPACO FITNESS,02,20160527,20160527,PR,7767
20983556,0001,1,VMG ACADEMIA,08,20230105,20140905,SP,7107
18373806,0001,1,,08,20230123,20130627,SP,6769
97552941,0001,1,,02,20110705,20110705,SP,6875
11942129,0001,1,ACADEMIA FITNESS FLASH,04,20260525,20100426,RN,1837
22090936,0001,1,ESPACO CULTURAL ABADA-CAPOEIRA PETROPOLIS-RJ,02,20150320,20150320,RJ,5877
13879377,0001,1,GISELE MUKAI,02,20110616,20110616,SP,7107
18083207,0001,1,L.A. FITNESS,02,20130507,20130507,SC,8197
15483805,0001,1,IRON FITNESS,04,20260514,20120507,PA,0595
23477340,0001,1,ACADEMIA HIDROCOQUEIRAL,02,20151009,20151009,RJ,5803
23971794,0001,1,STUDIO TREINER LUCIO FLAVIO,02,20160114,20160114,CE,1341
24543907,0001,1,PAULA FITNESS,08,20230522,20160407,MS,9061
21506088,0001,1,HOLLYWOOD FITNESS,02,20141202,20141202,AM,0255
19154969,0001,1,TEAM SP,02,20131029,20131029,SP,7107
09573840,0001,1,,08,20230526,20071018,RN,1761
15790443,0001,1,SEVEN SHAPE,02,20120627,20120627,RS,8941
13836851,0001,1,ELO CROSSFIT,02,20110616,20110616,RS,8801
22281474,0001,1,SPORTS TRAINING TREINAMENTO FISICO FUNCIONAL,02,20150417,20150417,RS,8599
12273324,0001,1,KOMODO CROSSFIT,08,20230629,20100720,DF,9701
10355796,0001,1,CENTRO DE TREINAMENTO LELES,08,20230706,20080922,PB,2079
24238284,0001,1,ARENA FITNESS PIRACICABA,02,20160224,20160224,SP,6875
23835817,0001,1,SUELLEN COSTA - PILATES,08,20240131,20151209,RR,0301
22559283,0001,1,BARUCH STUDIO DE PILATES,02,20150529,20150529,SP,7075
13584448,0001,1,LIGA FITNESS,02,20110503,20110503,SP,6291
24963710,0001,1,VOI FIT,02,20160608,20160608,SP,7107
09257900,0001,1,AKONFLU,04,20260512,20071211,RJ,5819
14781073,0001,1,ATP ACADEMIA DE TREINAMENTO PERSONALIZADO,02,20111216,20111216,SC,8179
23697690,0001,1,,02,20151119,20151119,SP,7209
21838181,0001,1,CFN GYM,02,20150206,20150206,RJ,5863
24152222,0001,1,STUDIO K FITNESS DANCE,02,20160212,20160212,SP,6967
23920798,0001,1,KEURYFIT ACADEMIA,04,20260526,20160106,PI,1219
09204175,0001,1,ZAS SAUDE E ESPORTES,02,20071008,20071008,SP,7057
22688103,0001,1,,02,20240620,20150615,PR,7777
10672166,0006,2,ACADEMIA REVANCHE FITNESS,04,20240807,20130712,SP,7107
10943954,0001,1,PHISICOS ACADEMIA,04,20240821,20090706,CE,1385
15025199,0001,1,STUDIO SERGIO ALVES,04,20260528,20120102,SP,7107
17676659,0001,1,FISIOESTETIC URSULA ANDRYS,08,20240916,20130215,CE,1389
23625499,0001,1,PROJETO MENINO DE RUA,02,20151109,20151109,MG,5413
11653363,0001,1,,02,20100304,20100304,SP,6221
20395227,0001,1,BRONX'S PEREQUE,04,20220208,20140605,SP,6475
11253122,0001,1,AMPERE ARARAQUARA,02,20091020,20091020,SP,6163
14046175,0001,1,,02,20110802,20110802,MG,4223
21964229,0001,1,UPPERLIFE TRAINING,04,20210409,20150302,PE,2491
11053838,0001,1,,02,20260519,20090817,MG,5095
09271606,0001,1,ACADEMIA FITNESS EXCLUSIVE,02,20071213,20071213,PE,2321
21155741,0001,1,SHAPE BODY CONCEPT,02,20141002,20141002,MG,4733
13271322,0001,1,UNIVERSO SAUDE,08,20180503,20110210,SP,6291
18704162,0001,1,ACADEMIA CORPO D'OURO,08,20260410,20130814,RS,8937
13436145,0001,1,HC FITNESS,02,20110329,20110329,PE,2443
12227631,0001,1,,02,20100714,20100714,RJ,5879
24336256,0001,1,,08,20250522,20160308,SP,6861
17335168,0001,1,ACADEMIA FOX,02,20121224,20121224,PA,0483
23568784,0001,1,AIR FIT,02,20151029,20151029,RJ,5829
11047515,0001,1,EVOLUTION,08,20250625,20090616,PR,7535
24289841,0001,1,VILA FITNESS,08,20250701,20160302,ES,5611
16782077,0001,1,BIG FIT UN 1,02,20120821,20120821,SP,6769
11881600,0001,1,ACADEMIA COPA FITNESS,08,20250806,20100430,SC,8183
09383534,0001,1,ACADEMIA CIA DO CORPO,02,20080220,20080220,PR,7695
20291350,0001,1,ACADEMIA TEAM DARE,08,20250822,20140516,ES,5699
20365725,0001,1,BODY COMPANY,08,20250918,20140602,SC,8081
13818581,0001,1,,02,20110602,20110602,SP,6477
23703216,0001,1,ATHOM FIT,08,20251106,20151119,RN,1761
10285133,0001,1,LABOR E FITNESS,08,20100915,20080820,CE,1389
11354151,0001,1,,02,20091123,20091123,SP,7029
17505985,0001,1,,04,20210401,20130115,PI,2285
22077180,0001,1,ACADEMIA FENIX,02,20150317,20150317,MT,9033
22839830,0001,1,ENERGY FIT,02,20150714,20150714,MG,4277
24630304,0001,1,STUDIO DE PILATES THAYS BARRETO,08,20170417,20160419,BA,3849
25240411,0001,1,ESPACO MULHER FIT,02,20160712,20160712,RJ,6001
08264642,0001,1,GAVA FITNESS,02,20060817,20060817,PR,7535
24720529,0001,1,DS EVOLUTION FITNESS,08,20240612,20160504,SP,7107
09544813,0001,1,,08,20220707,20080423,SP,7107
10900814,0001,1,SPRINT SAUDE E ESPORTE LTDA,08,20210212,20090528,RS,8791
10980128,0001,1,,08,20250929,20090722,PI,1219
11276331,0001,1,ACADEMIA MILENIUM FITNESS,02,20091016,20091016,PA,0054
11579213,0001,1,VIVAVIDA FITNESS,08,20200824,20100201,SP,7107
12529172,0001,1,ACADEMIA FABY ESPORTE FITNESS,08,20160630,20100818,RS,8963
13588217,0001,1,ACADEMIA PRATIK,08,20160614,20110420,PB,2117
13716722,0001,1,ESTACAO FITNESS,08,20191004,20110516,GO,9373
20381177,0001,1,ACADEMIA OLIVER FITNESS,02,20140603,20140603,BA,3781
08982223,0001,1,ACADEMIA BODY GYM,08,20171204,20070723,MG,4123
14572478,0001,1,ACADEMIA VIDA ATIVA,02,20240208,20111104,PB,1905
14956339,0001,1,,04,20210219,20120128,PA,0427
15298204,0001,1,PERSONAL E CONSULTOR ESPORTIVO RENATO OLIVEIRA,08,20180201,20120401,SP,7107
20434314,0001,1,ACADEMIA TOP FITNESS,02,20140611,20140611,MA,0945
12003677,0001,1,BATE BOLA,02,20100527,20100527,MG,4219
05470079,0002,2,VIA CORPO,08,20130614,20101026,RS,8801
16886413,0001,1,MOBY FITNESS,02,20120824,20120824,SP,6475
17401116,0001,1,,08,20151109,20130102,SP,6137
17765826,0001,1,ACADEMIA E CIA.,04,20210422,20130315,BA,3803
18691259,0001,1,,08,20190531,20130816,SP,6715
14824261,0002,2,12/8,08,20181206,20130918,PE,2513
18926627,0001,1,,08,20150311,20130916,SP,6681
19204801,0001,1,CENTRO DE TREINAMENTO FUNCIONAL JULIANO SILVA,02,20131106,20131106,SP,6931
15012543,0001,1,STUDIO MOVE,02,20120207,20120207,PR,7525
19233445,0001,1,CLUB,08,20241014,20131111,PE,2531
18640377,0001,1,STUDIO HUELTON FARIAS,02,20130808,20130808,SC,8293
20025275,0001,1,PERSONAL4S,08,20160227,20140404,SP,6921
20526256,0001,1,ST7 FITNESS,08,20180625,20140630,SP,6291
20714819,0001,1,,04,20210319,20140725,RJ,5803
20893216,0001,1,,08,20180201,20140822,PE,2513
21009278,0001,1,ACADEMIA SAO FRANCISCO - ESPORT FITNESS,02,20240513,20140909,MA,0921
21041593,0001,1,COSTA PERSONAL TRAINER,04,20201029,20140916,BA,3573
21131371,0001,1,ACADEMIA DO BAIRRO,08,20210609,20140925,RS,8791
07737623,0073,2,,08,20220526,20141021,SC,8047
21479383,0001,1,ESCOLINHA DE FUTEBOL NASCER DE NOVO,08,20180201,20141127,CE,1527
22064206,0001,1,PHYISICAL FITNESS CENTER,02,20210401,20150317,MS,9063
22391305,0001,1,,08,20150706,20150506,SC,8175
22515796,0001,1,ACADEMIA MAIS SAUDE,04,20210303,20150522,MA,0921
22654759,0001,1,ACADEMIA D K S FITNESS,02,20150616,20150616,SE,3105
22865819,0001,1,ACADEMIA ADAMS,02,20150716,20150716,BA,3849
23192035,0001,1,STUDIO PERSONAL WDSON COSTA,02,20150901,20150901,SP,7265
23254605,0001,1,METAFIT ACADEMIA,02,20150910,20150910,SP,6897
23408377,0001,1,CYNTHIA RESENDE,04,20210413,20151005,MG,5403
23616455,0001,1,CROSSFIT IRON FOX,02,20151106,20151106,SP,6219
23725209,0001,1,STILO CORPORAL PILATES,08,20220131,20151123,DF,9701
24047689,0001,1,ESTUDIO FUNCIONAL BOA FORMA,03,20221116,20160126,MA,0867
24104644,0001,1,CONECT,08,20190903,20160202,SP,2965
24552661,0001,1,EQUIPE FELIPE CRUZ,04,20210408,20160408,RJ,5911
24619486,0001,1,PERFORMANCE FIT,08,20231030,20160418,SP,7177
24757975,0001,1,ACADEMIA DE DANCA MISTURA QUENTE,04,20210330,20160509,MG,5425
24787346,0001,1,PHYSICAL FORM CENTRO DE RESULTADOS E SAUDE,02,20160512,20160512,MG,4573
25145833,0001,1,,02,20160706,20160706,BA,3613
25302754,0001,1,LC SWIMMING,04,20220124,20160727,PB,2051
17863047,0001,1,ANDERSON ELEUTERIO DA SILVA,08,20180201,20130403,MG,4371
09181617,0001,1,STUDIO VALENTE FITNESS,02,20071008,20071008,SP,6317
15081522,0001,1,ACADEMIA BOA FORMA,08,20171213,20120214,AL,2825
11019738,0001,1,,02,20090730,20090730,RJ,5819
11919340,0001,1,ACADEMIA LETS FIT,02,20100427,20100427,SP,6511
22445574,0001,1,ESPACO SAUDE E LAZER,08,20260212,20150514,RJ,5801
18201810,0001,1,GIRAO SPORT CENTER,02,20221020,20130523,RS,8791
09609283,0001,1,,02,20080606,20080606,SP,6165
15174086,0001,1,MAESTRO TREINAMENTOS,02,20251002,20120312,BA,3849
08940304,0001,1,ACADEMIA EQUILIBRIO DO CORPO,02,20070719,20070719,PB,2027
24940096,0001,1,BRAZ POWER ACADEMIA,02,20160606,20160606,MG,4747
22590752,0001,1,BIO FITNESS ACADEMIA,02,20150605,20150605,RS,8507
24626069,0001,1,BODY TEEN,02,20160419,20160419,PA,0415
24250945,0001,1,FORMAFIT ACADEMIA,02,20160225,20160225,RS,5969
23299156,0001,1,PROLONGAR - SAUDE INTEGRATIVA,02,20260424,20150918,SP,7113
11698150,0001,1,STUDIO JOSI LEAL PILATES,02,20260415,20100317,SC,8221
09605681,0001,1,SUPERACAO,04,20260512,20080327,RJ,2909
12838550,0001,1,FANFA FITNESS,04,20260526,20101028,AL,2871
12072498,0001,1,CAMARGO ESTUDIO FUNCIONAL,04,20260526,20100524,SP,6645
25892733,0001,1,GOOD LIFE,08,20161220,20160815,BA,3849
25958178,0001,1,CROSSHIT 300,08,20180831,20160816,SP,6865
25961011,0001,1,,08,20230808,20160816,SP,6403
25967257,0001,1,GLZ ESPORTES SAUDE E BEM ESTAR,04,20210318,20160817,PR,7823
25967822,0001,1,RODRIGO LOPES ASSESSORIA ESPORTIVA,02,20230209,20160817,AM,0255
25969789,0001,1,,08,20230725,20160817,SP,7107
25970844,0001,1,,08,20210202,20160817,PA,0415
25972257,0001,1,ARCA GOLEIROS,04,20220208,20160817,SP,2951
25976575,0001,1,ACADEMIA JR FITNESS,02,20160818,20160818,GO,9221
25982128,0001,1,CENTRO DE EXERCICIOS PERFORMANCE,08,20180424,20160818,PR,7623
25988146,0001,1,SPRINT ASSESSORIA ESPORTIVA,08,20200115,20160819,BA,3965
25996812,0001,1,MARCIO SANTOS MF RUNNING,08,20161229,20160820,MG,4123
25997948,0001,1,RAFARUN,08,20231211,20160821,SP,7107
25998330,0001,1,PRO ASSESSORIA ESPORTIVA,08,20201013,20160821,SP,6291
25999270,0001,1,PATRICIA AZER,04,20210419,20160822,SP,6361
26002669,0001,1,TAO VITAL ESPACO SAUDE,08,20230914,20160822,SC,8105
26003695,0001,1,,08,20200207,20160822,SP,7095
26004232,0001,1,,08,20170720,20160822,SP,7107
26004707,0001,1,BRUNO PEREIRA OLIVEIRA,08,20240923,20160822,SP,6861
26005400,0001,1,FORCE TREINAMENTO FISICO FUNCIONAL,02,20160822,20160822,SC,8163
26011401,0001,1,M10 ACADEMIA,02,20160823,20160823,PB,2117
26011543,0001,1,,04,20210331,20160823,MG,4885
26012093,0001,1,,08,20170620,20160823,SP,6861
26012238,0001,1,VITALE CENTRO DE TREINAMENTO PERSONALIZADO,04,20210212,20160823,GO,9373
26013793,0001,1,,08,20180413,20160823,MG,4479
26015717,0001,1,,08,20171219,20160823,RS,8541
26015896,0001,1,MARCO PEDROSA ASSESSORIA ESPORTIVA,04,20210224,20160823,CE,1389
26016398,0001,1,,08,20160831,20160823,GO,9221
26018500,0001,1,ATLETICA FITNESS,08,20180117,20160824,SP,6737
26022055,0001,1,ARENA FITNESS,08,20211229,20160824,MG,5085
26025496,0001,1,CRISTIANO ANDRADE DE OLIVEIRA TREVELINO,02,20260407,20160824,SP,7107
26028916,0001,1,SPARTAN ACADEMIA,08,20250414,20160825,SP,6155
26031114,0001,1,ESTUDIO CORE FITNESS,04,20210223,20160825,MG,4657
26035172,0001,1,ESTUDIO DE MUSCULACAO MB FITNESS,08,20170121,20160825,SC,8327
26038210,0001,1,PROFIT STUDIO,02,20160706,20160706,PR,7535
26038379,0001,1,,04,20210331,20160826,MG,4309
26040715,0001,1,NSNPERSONAL,08,20210629,20160826,PE,2531
26043266,0001,1,KAROL DIAS PERSONAL TRAINER,08,20220810,20160826,SP,7107
26044132,0001,1,MGM PROFISSIONAL DE EDUCACAO FISICA,08,20250110,20160826,SC,8325
26046554,0001,1,ROMANOS ESPORTE E FITNESS,08,20170525,20160827,MG,4675
26049256,0001,1,WANESSA STREETS,08,20190529,20160829,TO,9733
26050413,0001,1,ACADEMIA FIT CLUB,08,20210325,20160829,PR,7921
26051275,0001,1,ACADEMIA BOA FORMA,04,20210407,20160829,BA,3889
26051727,0001,1,CROSSFIT BLENNER,02,20240606,20160829,CE,1389
26056155,0001,1,,08,20220325,20160829,SP,6795
26062241,0001,1,STUDIO K PILATES,02,20160830,20160830,SP,6921
26063264,0001,1,ACADEMIA PRATIQUE,08,20170807,20160812,GO,1052
26066422,0001,1,,02,20160830,20160830,SP,7107
26067953,0001,1,RAMON SERVICOS PERSONALIZADOS,04,20210407,20160830,BA,3849
26068893,0001,1,NOVA ERA FITNESS,08,20210317,20160831,PE,2357
26074356,0001,1,PUPO PILATES,02,20241016,20160831,SP,7107
26075665,0001,1,RD TRAINING,02,20210523,20160831,AM,0255
26079003,0001,1,,08,20190813,20160817,RS,8589
26079456,0001,1,CT AMIGOS DA BOLA,08,20181009,20160901,RS,8877
26079957,0001,1,CROSSFIT M96,02,20160901,20160901,AP,0605
26080233,0001,1,EMCFLY,04,20210406,20160901,SP,2957
26080885,0001,1,PRAIA FITNESS ACADEMIA,08,20180201,20160901,PB,1965
26081351,0001,1,ACADEMIA FURIA FIGHT,08,20180605,20160901,RS,8593
26084047,0001,1,CIA. DE DANCA JK,08,20170427,20160901,SP,7017
26085287,0001,1,ACADEMIA DO CORPO,02,20160901,20160901,CE,1427
26085780,0001,1,,08,20190315,20160901,RS,8963
26087040,0001,1,FISIORE,04,20210311,20160901,RJ,6001
26095537,0001,1,DIVAS QUE TREINAM,08,20170214,20160902,SP,7047
26095859,0001,1,GAMAFISIO,04,20210422,20160902,BA,3021
26096066,0001,1,ENJOY PILATES,08,20181228,20160902,PR,7535
26112172,0001,1,STUDIO PILATES MARINA TERENCIO,02,20160906,20160906,MG,4749
26116672,0001,1,HERCULES GYM,08,20170328,20160906,MT,9789
26118245,0001,1,J. REGINA S. L.,08,20220512,20160906,PA,0427
26120817,0001,1,ANGELICA CHAPLA,08,20170821,20160907,PR,8461
26123972,0001,1,CLAYTON ANTONIO AULETTA,02,20220221,20160908,SP,7225
26124012,0001,1,SB PERSONAL,04,20210416,20160908,MG,4123
26124256,0001,1,ESSENCIAL FIT,02,20160906,20160906,RJ,5847
26124356,0001,1,ACADEMIA PLANETA ACQUA FITNESS,02,20160908,20160908,BA,3397
26125367,0001,1,,08,20180405,20160908,SP,7007
26130326,0001,1,,02,20210719,20160908,PR,7777
26134980,0001,1,,08,20170530,20160909,MG,4305
26139314,0001,1,ST4ST,08,20180308,20160910,BA,3849
26141425,0001,1,LC.ESPORTES,08,20190421,20160911,RJ,6001
20439969,0002,2,,08,20190426,20160910,RS,8959
26146147,0001,1,,08,20190911,20160912,SP,6619
26147800,0001,1,,02,20160819,20160819,SP,6165
26148085,0001,1,STUDIO PILATES FIT,02,20160912,20160912,RJ,6001
26149487,0001,1,,08,20180919,20160912,RO,0003
26152481,0001,1,VIDA ATIVA - CENTRO DE SAUDE E BEM ESTAR,08,20171227,20160913,SC,8395
26158959,0001,1,,08,20170328,20160913,RS,8869
26159986,0001,1,ACQUAVIDA,04,20210311,20160901,RJ,6001
26161518,0001,1,CENTRO DE TREINAMENTO SAULO SERRAO,02,20250129,20160914,AM,0255
26162211,0001,1,STUDIO ARTE E FITNESS,08,20191209,20160914,RS,8649
26162714,0001,1,,08,20190401,20160914,SP,6587
26165649,0001,1,ACESSO FIT,08,20220714,20160914,MS,9051
26167052,0001,1,,08,20190819,20160914,MG,4123
26168987,0001,1,CAROL PILATES,08,20190409,20160914,SP,6875
26174158,0001,1,CHELI BARBIERI,08,20170210,20160915,RJ,6001
26174673,0001,1,GUSTAVO MELLO,08,20161026,20160915,SP,6619
26175421,0001,1,BOX MUFASA,08,20230509,20160915,CE,1389
21822363,0007,2,SMARTFIT,08,20250627,20160915,RN,1761
26181794,0001,1,ALAN ROCHA EMPREENDIMENTOS,04,20220125,20160916,PE,2627
26182952,0001,1,WILKINS OLIVEIRA PERSONAL,08,20170314,20160916,AM,0255
26183359,0001,1,"EVOLUCAO, CENTRO DE PERFORMANCE, PREVENCAO E REABILITAC",08,20200806,20160914,SC,8105
26192885,0001,1,VIVA ATIVIDADE FISICA,04,20210409,20160919,PE,2531
26193174,0001,1,FUNCIONAL TRAINING BLACK MAMBA,02,20160919,20160919,SP,6361
26196359,0001,1,,02,20160919,20160919,SP,6969
26196902,0001,1,,08,20161108,20160919,SC,8083
26199371,0001,1,STUDIO MERAKI,08,20190205,20160920,SP,7107
26201022,0001,1,,02,20160920,20160920,SP,6101
26202278,0001,1,,04,20220209,20160920,RJ,6001
26202385,0001,1,ACADEMIA STRONG HOUSE,08,20180417,20160920,CE,1389
26204043,0001,1,,08,20240311,20160920,ES,5633
26204443,0001,1,,08,20210712,20160920,SP,6131
26205992,0001,1,,08,20240219,20160920,RJ,6001
26206218,0001,1,,04,20210331,20160920,MG,4387
26207072,0001,1,LABORAL FIT (GINASTICA LABORAL),04,20210416,20160920,SE,3105
26207152,0001,1,TIAGO PERSONAL TRAINER,08,20200615,20160920,SP,7099
26208461,0001,1,MOITINHO PERSONAL,08,20230112,20160921,BA,3849
26210253,0001,1,ACADEMIA BODY WELLNESS,08,20180126,20160921,RN,1859
26211684,0001,1,TEAM TALLES FUNCIONAL,08,20170808,20160921,RJ,6001
26212024,0001,1,DENI REFLEXOLOGIA,04,20210209,20160921,ES,5703
26212952,0001,1,SAMURAI SPORTS,08,20181025,20160921,SP,7107
26213530,0001,1,,04,20210409,20160921,PE,2531
26218118,0001,1,,08,20250128,20160922,RS,8771
26218936,0001,1,CARLADECIAM@HOTMAIL.COM,08,20170329,20160922,RS,8789
26219615,0001,1,,04,20260521,20160922,MG,5293
26223072,0001,1,ACADEMIA ATLETICA IPERO,08,20211108,20160922,SP,6521
26227052,0001,1,ACADEMIA AQUARIO,02,20160923,20160923,MG,5403
26228683,0001,1,FUNCIOCROSS,08,20170920,20160923,MA,0921
26230159,0001,1,RAFAEL SOUSA PERSONAL,08,20170802,20160923,SP,7107
26230172,0001,1,,04,20210419,20160923,SP,6717
26231916,0001,1,CONSCIENTIZE PILATES E FISIOTERAPIA,08,20180124,20160923,DF,9701
26234894,0001,1,STRONGER - TREINAMENTO FISICO FUNCIONAL,08,20170119,20160926,RS,8841
26237782,0001,1,,02,20220720,20160926,SP,6581
26238583,0001,1,FITNESS CLUB,02,20160926,20160926,MA,0921
26239234,0001,1,,08,20170603,20160926,SP,7221
26239530,0001,1,,02,20160923,20160923,RJ,2909
26241362,0001,1,FISIOSALVADOR,08,20180825,20160926,BA,3849
26241442,0001,1,BALNEARIO SAO FRANCISCO,08,20210507,20160926,PE,2629
26244098,0001,1,,08,20171129,20160927,SP,7107
26247939,0001,1,,08,20180111,20160927,SP,6687
26249937,0001,1,ESTACAO SAUDE,08,20210903,20160927,SC,8161
26250125,0001,1,GUNAS,04,20210316,20160927,RJ,6001
26250916,0001,1,JHE PERSONAL TRAINER,04,20210326,20160927,RJ,5839
26254773,0001,1,ESTUDIO DE PILATES CRIS SOARES,08,20161024,20160928,SE,3141
26255647,0001,1,LUCIANO DE PAULA PERSONAL TRAINER,08,20180108,20160928,PR,7535
26257233,0001,1,,08,20180514,20160928,GO,9373
26257343,0001,1,BRUNO SERAFINI PERSONAL TRAINER,08,20260507,20160928,PR,7407
26258304,0001,1,,08,20170531,20160928,PR,7535
26259100,0001,1,PERSONAL VIP,04,20210423,20160928,RN,1761
26260288,0001,1,MANDARINO FITNESS,08,20170406,20160928,RJ,6001
26261252,0001,1,TRANSFORMERS ACADEMIA,08,20170828,20160929,PI,1167
26262157,0001,1,,08,20230313,20160929,SP,6511
26269940,0001,1,DANVIDA - DANCA TRANSFORMANDO VIDA,04,20210223,20160930,AM,0255
26270062,0001,1,,04,20210226,20160930,SP,7107
26272033,0001,1,ANDREA DAL CASTEL,08,20220419,20160930,RJ,6001
26273432,0001,1,POWER CROSS,04,20210212,20160930,GO,9373
26278785,0001,1,URIAS SPORTS & HEALTH,02,20230925,20161003,SP,7107
26281130,0001,1,ASTRA FIGHT TEAM RAFAEL MORCEGO,04,20240807,20161003,SC,8061
26286975,0001,1,HIG STUDIO DE PILATES,08,20220321,20161004,CE,1389
26288658,0001,1,VANIA MIGUEL PERSONAL TRAINER,08,20180216,20161004,RJ,6001
26289591,0001,1,,08,20180207,20161004,MG,4733
26290094,0001,1,ACADEMIA MOVIMENTO FITNESS,02,20161004,20161004,AL,2845
26292768,0001,1,ESPACO SER VIVO,08,20170713,20161004,SP,7071
26294279,0001,1,MOVE UP ACADEMIA INTEGRADA,02,20161004,20161004,BA,3661
26295630,0001,1,LT ACADEMIA,02,20220106,20161004,RJ,6001
26296206,0001,1,ESCOLA DE GOLEIROS MURALHAS12,04,20210326,20161005,SP,6789
26298388,0001,1,TEKSTUDIO,08,20241107,20160929,DF,9701
26299940,0001,1,STUDIO TOTAL FITNESS,08,20161027,20161005,SP,6915
26301450,0001,1,PROJETO EDUCAR,04,20220208,20161005,PR,7669
26301660,0001,1,,04,20210225,20161005,RS,8801
26159729,0001,1,ACADEMIA GO HEALTH,02,20160913,20160913,RJ,6001
26305705,0001,1,CARLA QUINTANILHA,04,20210303,20161006,MA,0921
26306088,0001,1,REFORCE,02,20161006,20161006,BA,3515
26316682,0001,1,KEVIN PAIM FRANZEN,08,20220322,20161007,RS,8561
26317038,0001,1,,08,20210330,20161007,SP,6887
26317092,0001,1,EDUCADOR FISICO JRS,04,20210331,20161007,MG,4257
26320320,0001,1,CASCFUT,04,20210210,20161008,DF,9701
26321666,0001,1,K.HIROSHY,08,20220208,20161009,SP,7107
26324363,0001,1,ACADEMIA MEGA FITNESS,04,20190402,20161010,MG,5413
26325798,0001,1,WILL PERSONAL,08,20221212,20161010,BA,3849
26325948,0001,1,IDEAL FITNESS,08,20180910,20161010,SP,6619
26329272,0001,1,,04,20260609,20161010,SP,6681
26331021,0001,1,ISABEL SPARTA,08,20210528,20161011,RS,8801
26332124,0001,1,VANESSA PERSONAL,08,20180124,20161011,SP,6217
26332175,0001,1,ACADEMIA VIN DIESEL,08,20171218,20161011,SP,6371
26333470,0001,1,KASARAO PILATES,08,20210504,20161011,MG,4123
26334182,0001,1,STUDIO DE PILATES ANA CLAUDIA GEISS,08,20250827,20161011,PR,7493
26335329,0001,1,KUNDALINI FORCE,08,20190719,20161011,MG,5401
26336341,0001,1,ACADEMIA 24HORAS,02,20221014,20161011,MG,4133
26338044,0001,1,C. F. M CENTRO DE FORTALECIMENTO MUSCULAR,02,20161011,20161011,SP,7145
26340936,0001,1,HRIBEIRO,08,20240702,20161013,MT,9067
26341985,0001,1,ACADEMIA DE ESPORTES,02,20161013,20161013,RJ,6001
26342880,0001,1,TEAM KRATOS,08,20171226,20161013,SP,6315
26343241,0001,1,,08,20200803,20161013,RJ,6001
26347287,0001,1,ANDRESSA RANKEL DUMS,08,20180801,20161013,PR,7823
26362215,0001,1,STUDIO CRIS,08,20240809,20161017,CE,1453
26363324,0001,1,CT8,08,20181011,20161017,SP,7107
26367097,0001,1,IDEAL PILATES,02,20161017,20161017,SP,7107
26372285,0001,1,,04,20210409,20161018,PI,1219
26374817,0001,1,BIA PERSONAL,08,20191113,20161018,SP,7005
26376331,0001,1,SUBAFITNESS,04,20210426,20161018,BA,3509
26379343,0001,1,THE BODY FIT,08,20200115,20161019,RJ,6001
26391385,0001,1,ADLER,04,20210226,20161020,SP,7107
26393410,0001,1,LAENY FISIO,08,20250519,20161020,GO,9221
26398707,0001,1,ARTE SUAVE,08,20190614,20161021,RJ,5877
26399874,0001,1,ANANDA ESPACO YOGA,08,20170217,20161021,RS,8841
26406392,0001,1,HIT FITNESS,08,20190506,20161024,SP,6639
26409134,0001,1,2A TREINAMENTO ESPORTIVO,02,20161024,20161024,SC,8161
26409332,0001,1,STUDIO PILATES SUZANA COSTA,04,20240819,20161024,RJ,2909
26409876,0001,1,MANCHA STUDIO FITNESS,04,20210304,20161024,RS,8507
26410205,0001,1,R2 ESPORTE,08,20230117,20161024,RJ,6001
26412169,0001,1,BELLA FITNESS,08,20190116,20161024,RS,8681
26412310,0001,1,RONALDO ALVES,08,20180822,20161024,RJ,2909
26415648,0001,1,CAMILA MONTEIRO,04,20210210,20161025,DF,9701
26416356,0001,1,ALESSANDRA SANTOS FERREIRA,08,20170215,20161025,MG,4903
26418209,0001,1,TITAS FIGHT,08,20170315,20161025,SP,6477
26418704,0001,1,WI FIT TREINAMENTOS,02,20230519,20161025,PA,0477
26426271,0001,1,,04,20220607,20161026,MG,4123
26427597,0001,1,STREET THAI MUAY THAI,08,20170411,20161026,SP,7107
26430623,0001,1,AGUALIFE,08,20240112,20161026,BA,3597
07594978,0161,2,SMARTFIT,02,20161026,20161026,GO,9227
26434060,0001,1,STUDIO CYCLE,08,20200729,20161017,PR,7535
26437900,0001,1,,04,20210311,20161027,RJ,6001
26438619,0001,1,,08,20180810,20161027,MG,4031
26439658,0001,1,COACH LUIS CLAUDIO S JR,08,20250901,20161027,MG,5403
26443933,0001,1,ACADEMIA WF,08,20190816,20161028,CE,1387
26445126,0001,1,MTOR,04,20210413,20161028,SP,7097
26445267,0001,1,MTOR,04,20210413,20161028,SP,7097
26445331,0001,1,LIFESTYLE ESTUDIO DE TREINAMENTO FUNCIONAL,08,20161214,20161028,SP,6789
26446400,0001,1,ROBSON DE SOUZA MARQUES,08,20240705,20161028,SP,6411
26454139,0001,1,STUDIO X TREINAMENTO FUNCIONAL,02,20161031,20161031,AC,0139
26454974,0001,1,PODEROSO FITNESS,04,20210413,20161031,SP,6921
26461017,0001,1,,08,20180219,20161101,MG,4733
26462609,0001,1,TF STUDIO TREINAMENTO FISICO FUNCIONAL,08,20190531,20161101,CE,1527
26468526,0001,1,ACADEMIA UP,08,20190825,20161102,RS,8791
26469855,0001,1,RJ CONSULTORIA,04,20210413,20161103,SP,7121
26472116,0001,1,RRM FITNESS E ASSESSORIA ESPORTIVA,04,20210419,20161103,SP,6361
26474074,0001,1,MEDITERRANEE,04,20210415,20161103,SP,6153
26474622,0001,1,LYON FITNESS,04,20210407,20161103,BA,3849
26475505,0001,1,MEGA FISIO,04,20190326,20161103,BA,3515
26479273,0001,1,COMUNIDADE FITNESS OITO SETE,02,20161104,20161104,PE,2521
26485660,0001,1,PERSONAL JUNIOR QUEIROZ,04,20210223,20161105,AP,0605
26487957,0001,1,DENIS TREINAMENTO PERSONALIZADO,08,20180601,20161106,RS,8801
26490059,0001,1,JULIANA ABREU,08,20161130,20161107,MG,4123
26491244,0001,1,ACADEMIA ESTACAO DO CORPO,02,20161107,20161107,MG,4123
26494368,0001,1,ACADEMIA DEFINE CORPUS,02,20161107,20161107,PI,1113
26494887,0001,1,STUDIO PHYSICUS,02,20161107,20161107,MG,4831
26496035,0001,1,ACADEMIA AQUA BRASIL,08,20191112,20161107,MS,9051
26497273,0001,1,ALEXYOGA,04,20210415,20161107,SP,6969
26497810,0001,1,FALCON,02,20251105,20160801,RN,1621
24027165,0002,2,ACADEMIA ALEXANDRE BONINI I,02,20161108,20161108,SP,6779
26502030,0001,1,MARCIO CONCEICAO SANTOS,08,20230228,20161108,SP,6789
26502092,0001,1,,02,20161108,20161108,SP,7107
26502619,0001,1,KAUE TREVELATO - CONDICIONAMENTO FISICO,02,20230814,20161108,SP,7107
26504143,0001,1,FISION FISIOTERAPIA E PILATES,08,20250318,20161108,BA,3515
26504383,0001,1,J-T FITNESS,04,20210226,20161108,SP,7107
26508798,0001,1,AEROBICA SPORT FITNESS,08,20201022,20161109,MG,4003
26509357,0001,1,HEALTHY LIVING,02,20161109,20161109,SP,7107
26509425,0001,1,STAGIO E STAGIO,08,20171214,20161108,RS,8729
26510992,0001,1,,04,20210415,20161109,SP,6969
26511156,0001,1,CORPO LEVE ESPACO FITNESS,08,20180530,20161109,SP,6583
26512042,0001,1,,08,20170904,20161109,RJ,0774
26514220,0001,1,,08,20251009,20161109,RJ,6001
26517313,0001,1,MR FIT,02,20161109,20161109,RJ,5801
26522865,0001,1,,08,20171114,20161110,RN,1761
26527008,0001,1,ACADEMIA 4 P'S,08,20220308,20161111,BA,3761
26527772,0001,1,MONSTER ACADEMIA,04,20260526,20161111,MG,4787
26530180,0001,1,MELLO CONSULTORIA ESPORTIVA,08,20190328,20161111,SC,8089
26532236,0001,1,SCHILD PERSONAL TRAINER,08,20171219,20161112,SC,8081
26195858,0001,1,,08,20210113,20160919,MG,5041
26544771,0001,1,NILDA PERSONAL,08,20240115,20161116,SP,7107
26545516,0001,1,FISICO EM ACAO,08,20170731,20161116,RJ,5853
26546869,0001,1,,08,20180226,20161116,DF,9701
26550874,0001,1,,02,20161111,20161111,RJ,6001
26552266,0001,1,BELA FORMA ACADEMIA,08,20180118,20161117,MG,4371
26555837,0001,1,,08,20170720,20161117,CE,1389
26556862,0001,1,CROSS UNBROKEN ACADEMIA,04,20260526,20161117,PB,2051
26557482,0001,1,ESTUDIO DA MULHER,08,20240520,20161117,BA,3849
26559460,0001,1,BRADHON,02,20161117,20161117,SP,6163
26560537,0001,1,ACADEMIA OLIMPIA,02,20161117,20161117,DF,9701
26561815,0001,1,,04,20210330,20161118,MG,4107
26317523,0001,1,ACADEMIA NEW LIFE FITNESS,08,20171206,20161007,GO,9227
26564601,0001,1,,02,20161118,20161118,SP,6969
26565006,0001,1,MOVE 365 / APAIXONADOS POR DOCES,08,20220107,20161118,PI,1219
26566585,0001,1,CHARLES JOSE SAMPAIO,04,20240819,20161119,RJ,5877
26572210,0001,1,PERSONAL GLAUCIA LEAO,08,20220131,20161121,SP,7071
26572312,0001,1,PATRICIA LIESENFELD SOLUCOES EM CONDICIONAMENTO FISICO,08,20170302,20161121,RS,8585
26580164,0001,1,ACADEMIA SUPERACAO,02,20161121,20161121,SP,7115
26581370,0001,1,,08,20230405,20161122,PR,7691
26583319,0001,1,,08,20171219,20161122,SP,6969
26584285,0001,1,ACADEMIA DO RUBENS,02,20161122,20161122,MG,0650
26584922,0001,1,JP - ESPORTE E SAUDE,08,20180130,20161122,PR,7859
26588751,0001,1,,08,20170209,20161123,RN,1759
26593030,0001,1,IDEAL CONSTRUCOES,08,20230228,20161123,ES,5625
26594381,0001,1,ACADEMIA MOVIMENTO,02,20161123,20161123,SC,8259
26597461,0001,1,CT WEST BORDER,04,20190329,20160304,RS,8713
26598781,0001,1,,04,20220208,20161124,SP,6363
26605362,0001,1,,08,20210611,20161125,MG,5249
26607954,0001,1,,04,20210407,20161125,BA,3849
26611218,0001,1,PILATES BUENO,02,20161125,20161125,GO,9373
26614421,0001,1,,04,20210304,20161128,RS,8541
26616507,0001,1,STUDIO MERAKI PERSONAL,08,20190205,20161128,SP,7107
26627021,0001,1,ACADEMIA FORCA E EQUILIBRIO,04,20210324,20161129,SP,7057
26627530,0001,1,FLEX ASSESSORIA ESPORTIVA,02,20161129,20161129,CE,1389
26629617,0001,1,G FIT STUDIO PERSONAL,02,20161129,20161129,MS,9055
26630965,0001,1,MIX VANIA TREINAMENTO PERSONALIZADO,08,20190131,20161130,PR,7535
26634695,0001,1,ADRENALINE HARDCORE,08,20190103,20161130,MG,5371
17785633,0002,2,VITALUX PILATES,02,20161130,20161130,SP,7057
26636466,0001,1,HGR FITNESS,02,20161130,20161130,CE,1547
26645030,0001,1,CARLINHOS INDIO,08,20200331,20161201,RJ,5813
26646234,0001,1,REAL MULTIMARCAS,08,20170323,20161201,PE,2619
26647385,0001,1,LIV - FISIOTERAPIA E PILATES,04,20210407,20161201,BA,3849
26647802,0001,1,STILLU'S ACADEMIA,08,20170831,20161202,SP,2979
26650255,0001,1,ART FITNESS ACADEMIA,04,20210415,20161202,SP,6969
26651093,0001,1,STUDIO PERFORMANCE,08,20180129,20161202,ES,5677
26655516,0001,1,,08,20180703,20161204,SP,7107
26658759,0001,1,LION FITNESS,04,20260526,20161205,RO,0013
26659887,0001,1,UP FITNESS,04,20210210,20161205,GO,9425
26659984,0001,1,BACKSTAGE,02,20161202,20161202,MT,9937
26661999,0001,1,STABILITA STUDIO DE PILATES,08,20241008,20161205,RS,8577
26663470,0001,1,X FITNESS ACADEMIA,02,20161205,20161205,MG,4893
26668791,0001,1,,08,20170531,20161206,SP,6589
26668803,0001,1,,02,20161206,20161206,RN,1779
26338464,0001,1,TRINDADE,08,20170906,20161011,MT,9129
26681979,0001,1,,02,20161208,20161208,RJ,6001
24921465,0006,2,,02,20161208,20161208,SP,7107
26683160,0001,1,NEW LIFE GYM,08,20171009,20161208,RS,8709
26684273,0001,1,TIGER-GYM,02,20161208,20161208,ES,0760
26685854,0001,1,JANETE DE OLIVEIRA BRITO,08,20190426,20161208,SP,7151
26688172,0001,1,CT TEAM CARA DE COBRA,08,20220304,20161209,SP,7107
26691441,0001,1,,08,20230712,20161209,SP,7057
26692985,0001,1,AM FITNESS ASSESSORIA,08,20180102,20161210,CE,1305
26697463,0001,1,,08,20170511,20161212,DF,9701
26697634,0001,1,ACADEMIA CAPITAL FIT,08,20210916,20161212,DF,9701
26697761,0001,1,EXERCITUS TRAINING,04,20260521,20161212,PA,0447
26701400,0001,1,MGFITNESS,04,20210408,20161212,RJ,5877
26701866,0001,1,EWERTON MANOEL SANTANA DA SILVA,08,20161214,20161212,PE,2589
26702154,0001,1,MOVEMENT ASSESSORIA ESPORTIVA,08,20180131,20161212,DF,9701
26703458,0001,1,STUDIO VITA,02,20161213,20161213,SP,6323
26704394,0001,1,ACADEMIA IMPACTO II,08,20201216,20161208,BA,3781
26705494,0001,1,STRONG GYM,02,20161213,20161213,PB,1937
26708286,0001,1,ACADEMIA TOTAL COMBAT,08,20210628,20161213,CE,1389
26709302,0001,1,,08,20180903,20161213,SC,8179
26711265,0001,1,,08,20190211,20161214,MG,4365
26714313,0001,1,,08,20180928,20161214,SP,6681
26714419,0001,1,THREE FITNESS,08,20190903,20161214,PA,0529
26715121,0001,1,ACADEMIA SPORT LIFE,02,20161214,20161214,MA,0757
26718183,0001,1,HARMONIA DO CORPO,03,20260220,20161215,MG,4123
26720564,0001,1,ACADEMIA SUPER ACAO,08,20180830,20161215,PR,7425
26726777,0001,1,BOX 828,02,20161216,20161216,SP,7145
26727079,0001,1,JC CONSULTORIA,04,20210326,20161216,SP,6789
26727811,0001,1,Z3 FITNESS,02,20161216,20161216,SP,6213
26730504,0001,1,,08,20181109,20161217,PR,7445
26731898,0001,1,MOVA-SE COM CAROL IVANTES LTDA,02,20161218,20161218,RJ,6001
26366223,0001,1,PANOBIANCOS ACADEMIA,02,20161017,20161017,SP,6291
26734383,0001,1,MK STUDIO DE PILATES,08,20181105,20161219,SP,7107
26739808,0001,1,YOGINAPP,02,20161220,20161220,SP,7107
26744426,0001,1,AQUALINS FISIO FITNESS,04,20210318,20161220,SC,8359
26745498,0001,1,ESTACAO FIT ACADEMIA,08,20170119,20161220,PA,0427
26746973,0001,1,AR GYM ACADEMIA,08,20250823,20161221,PI,1007
26747724,0001,1,YOGA MUNDI,08,20170814,20161221,SP,7107
26748005,0001,1,,04,20220208,20161221,RS,8773
26748083,0001,1,,04,20220208,20161221,ES,5703
26750393,0001,1,,08,20170720,20161221,SC,8179
26750538,0001,1,,04,20210316,20161221,RJ,6001
26750647,0001,1,PERSONAL SAUDE - ASSESSORIA ESPORTIVA,08,20210407,20161222,PA,0561
26750930,0001,1,,08,20210714,20161222,GO,9373
26753011,0001,1,M.I.B. FITNESS,08,20230602,20161222,AM,9843
26755472,0001,1,BARROS,08,20170424,20161222,SP,6475
26756514,0001,1,STUDIO ANNE FITNESS,08,20170301,20161223,CE,1475
26757133,0001,1,EQUILIBRIO STUDIO DE PILATES,08,20240219,20161223,PE,2381
26758475,0001,1,,08,20240610,20161223,SP,6681
26759291,0001,1,RM PRO FIT,02,20211227,20161225,RS,8855
26761976,0001,1,BLACK FIT ACADEMIA,08,20220303,20161226,MT,9151
26763176,0001,1,ACADEMIA ESPORTE +,08,20180306,20161222,GO,9373
26776085,0001,1,FISIODOMICILIO,08,20190226,20161229,PA,0411
26777026,0001,1,EGV PHYSICAL,04,20210224,20161230,CE,1389
26779379,0001,1,FILIPERSONAL,08,20170517,20170101,SP,7107
26779432,0001,1,LUAN SANTOS PERSONAL TRAINER,08,20180319,20170101,RJ,6001
26781043,0001,1,DOJO DRAGAO YURI,08,20180124,20170102,GO,0085
26788328,0001,1,UNIVERSO FEMININO,02,20170103,20170103,RJ,5915
26788403,0001,1,GERSON PACHECO PERSONAL,04,20210416,20170103,MG,4123
26791179,0001,1,MVJ ASSESSORIA ESPORTIVA,08,20240914,20170103,CE,1389
26791204,0001,1,REGIANE MARQUES,08,20180518,20170103,SP,6595
26791445,0001,1,JHONY ANJUSS FITNESS,08,20190424,20170103,PR,7657
26798685,0001,1,AB FIT ACADEMIA,04,20190514,20170104,CE,1389
26799389,0001,1,,08,20190131,20170104,SP,6875
26803420,0001,1,PERFORMANCE ACADEMIA,08,20190314,20170105,SP,7215
26804988,0001,1,,04,20210408,20170105,SP,7071
26808276,0001,1,STUDIO PLUS,08,20201013,20170105,GO,9373
26808838,0001,1,ACADEMIA CORPO SAO MENTE SA,08,20170127,20170105,MA,0713
26810446,0001,1,PAULO HENRIQUE,08,20171121,20170105,BA,3849
26811965,0001,1,MR ESPORTE FITNESS,08,20191104,20170106,MG,4371
26813655,0001,1,,08,20230808,20170106,DF,9701
26814355,0001,1,,08,20190214,20170106,SP,7107
26818365,0001,1,CFSAME,02,20170107,20170107,GO,9269
26818408,0001,1,MARQUINHOS,04,20210219,20170107,PA,0427
26820003,0001,1,"RAPHAEL TIN ""SAUDE E FITNESS""",08,20180531,20170108,SP,7107
26822557,0001,1,ROBFITTNESS,08,20180515,20170109,SP,6415
26824212,0001,1,CENTRO DE TREINAMENTO ZANETTI,02,20170109,20170109,SP,6321
26824291,0001,1,,08,20170206,20170109,SC,8179
26825041,0001,1,ACADEMIA PAQUETA,08,20181130,20170109,SP,6547
26825641,0001,1,PSOBREIRA CONSULTORIA ESPORTIVA,04,20210330,20170109,MG,4917
26825793,0001,1,MARIO YADA,08,20210416,20170109,SP,7107
26826170,0001,1,FARA WELLNESS,08,20180703,20170109,MG,4123
26826332,0001,1,ESPACO MAIS VOCE,08,20201013,20170109,PR,0884
26828357,0001,1,CROSSFIT,04,20220607,20170109,BA,3515
26836350,0001,1,ACTIVE FITNESS,04,20231030,20170110,AL,2737
26841084,0001,1,RAPHAEL PERSONAL TRAINER,04,20220209,20170111,SP,7099
26844335,0001,1,ARTHUR,08,20170111,20170111,RS,8801
26845134,0001,1,CROSSGYM,04,20210304,20170111,RS,8687
26854297,0001,1,WE CAN CHANGE,08,20180301,20170112,SP,6291
26855129,0001,1,FIT TRAINER,08,20180406,20170112,MG,4675
26855267,0001,1,LAIS ALO,04,20210316,20170112,RJ,6001
26855396,0001,1,ESPACO CORPO E MENTE,08,20190315,20170112,PA,0058
26857130,0001,1,ANDRE SERTAO,04,20210407,20170112,BA,3849
26808255,0001,1,LARI,04,20210310,20170105,ES,5705
26858756,0001,1,GALIZZI NUTRICAO,08,20190115,20170112,GO,9373
26858847,0001,1,RAFAEL TANAKA PERSONAL TRAINER,08,20180327,20170112,SP,7107
26859064,0001,1,ACSC ASSESSORIA ESPORTIVA,08,20200813,20170112,MT,9067
26859985,0001,1,"CORPO, SAUDE E RESPEITO",02,20170113,20170113,SP,7107
26860492,0001,1,,08,20190115,20170113,RJ,5801
26860785,0001,1,ALINE TERTO,08,20190228,20170113,GO,9373
26862804,0001,1,ACADEMIA PEFORMACE VISUAL,08,20180411,20170113,CE,1455
26865893,0001,1,TOTAL FIT ACADEMIA,02,20250701,20170113,MA,0743
26866678,0001,1,,08,20180205,20170113,RJ,2909
26870155,0001,1,BRUM FITNESS,08,20250127,20170115,ES,5703
26870219,0001,1,ACADEMIA GRACIE HUMAITA,02,20250822,20170115,RJ,6001
26870257,0001,1,,08,20190809,20170115,MS,9051
26876519,0001,1,MANOBRANDO COM BLACK,04,20210408,20170116,SP,6897
26876886,0001,1,BF TREINAMENTO PERSONALIZADO,08,20170314,20170116,SP,7107
26878030,0001,1,,08,20170424,20170116,SP,6921
26882419,0001,1,LIGEIRO TEAM/ROOTS CAPOEIRA TEAM/PERSONAL FIGHT,04,20210226,20170117,SP,7107
26882918,0001,1,SKYWAY EDUCACAO FISICA,08,20170124,20170117,SP,7107
26885543,0001,1,NOVA GERACAO,02,20211011,20170117,RJ,6001
26888442,0001,1,AQUAVIDA,02,20170117,20170117,PA,0415
26893419,0001,1,CTIB,08,20220919,20170118,SP,7169
26894500,0001,1,,04,20260521,20170118,MG,4733
26898443,0001,1,IMPACTO TREINAMENTO FUNCIONAL,08,20180528,20170118,PR,5503
26899957,0001,1,,04,20220208,20170118,RS,8791
26900805,0001,1,ROBERTA BAYER - TREINAMENTO DESPORTIVO,08,20170628,20170118,RS,8801
26904001,0001,1,PEDRO LUCAS XAVIER,08,20170926,20170119,RS,8801
26904327,0001,1,,02,20170119,20170119,SP,7107
26906323,0001,1,,04,20210409,20170119,PI,1219
26909717,0001,1,STUDIO LV FITNESS,02,20170119,20170119,PA,0471
26915162,0001,1,ATHLETIC CENTER,08,20180430,20170120,RS,8771
26916933,0001,1,CORPO E MENTE ACADEMIA,08,20220221,20170120,GO,9373
26924302,0001,1,,08,20211007,20170123,SP,6969
26924713,0001,1,ESPACO FITNESS,02,20170123,20170123,MG,4165
26925079,0001,1,ACADEMIA FORMULA FITNESS,08,20171129,20170123,MG,4683
26931174,0001,1,ACADEMIA CORPO EM FORMA,08,20180130,20170123,SC,8021
26933768,0001,1,,08,20210719,20170123,PR,7513
26937072,0001,1,STUDIO CAMOBI PILATES,02,20170124,20170124,RS,8841
26937713,0001,1,,08,20200601,20170124,PI,1219
26937812,0001,1,CENTRO DE TREINAMENTO LOBOS,02,20170124,20170124,PI,1037
26939576,0001,1,GOLFINHO NATACAO E EVENTOS,02,20170124,20170124,BA,3849
26943426,0001,1,DIAMOND PERSONAL,08,20170321,20170124,DF,9701
26943807,0001,1,CONRADO PERSONAL,08,20260110,20170124,MA,0849
26944286,0001,1,A J ASSESSORIA ESPORTIVA,08,20180111,20170124,PA,0483
26944362,0001,1,VIVA SPORT TRAINING,08,20190503,20170124,PR,7937
26950919,0001,1,ACADEMIA K9,02,20170125,20170125,PE,2457
26953716,0001,1,KRANOS CROSSFIT,08,20190823,20170125,BA,3685
26844502,0001,1,,08,20240909,20170111,BA,3391
26957922,0001,1,SPORTIF TRAINNING CLUB,02,20170126,20170126,CE,1389
26960756,0001,1,,08,20210805,20170126,RS,8587
26961053,0001,1,DAN FRANCISCO,08,20220705,20170126,SP,7145
26962088,0001,1,RODRIGO BUBLITZ PERSONAL TRAINER,08,20180215,20170126,SC,8223
26962256,0001,1,STUDIO PILATES ANDREIA COUTEIRO,08,20170202,20170126,RJ,5813
26962578,0001,1,NATHY FITNESS,08,20180807,20170126,RJ,5901
26964696,0001,1,RL,08,20180713,20170126,PA,0427
26965812,0001,1,,08,20180130,20170127,PR,7935
26965864,0001,1,ENVOLVER - ESPACO INTEGRADO DE SAUDE,02,20170127,20170127,RS,8681
26970009,0001,1,ESCOLINHA DE FUTEBOL,08,20211201,20170127,MG,0742
26970696,0001,1,ITAMARA ROSS,08,20170307,20170127,RJ,6001
26970986,0001,1,FUSION TRAINING ACADEMIA,02,20170127,20170127,MG,4821
26971177,0001,1,FABRICIO LOUREIRO GOMES,08,20200128,20170127,RS,8801
26971995,0001,1,COACH THOMAZ CASTILHO,08,20190729,20170127,SP,6291
26972076,0001,1,JULIANO FONSECA COUTO,08,20170809,20170127,ES,5705
26972841,0001,1,BLACK FIT ACADEMIA,02,20170127,20170127,SP,6451
26973091,0001,1,ACADEMIA BEM ESTAR,02,20170127,20170127,PR,7965
26976668,0001,1,TEAM HEY ACADEMIA,08,20210622,20170129,PR,7777
26976913,0001,1,SALUD FISIO,08,20170406,20170129,RJ,6001
26977262,0001,1,,08,20220309,20170129,ES,5705
26977614,0001,1,GR PERSONAL TRAINER E ASSESSORIA ESPORTIVA,04,20210212,20170129,GO,9373
26977903,0001,1,HAULY COMBAT TEAM,08,20191007,20170130,PR,7471
26978217,0001,1,ARENA AUTENTICA FITNESS,02,20241119,20170130,MG,4895
26980625,0001,1,,08,20170306,20170130,SP,6197
26983363,0001,1,HERBERT EIRELLI MEI,08,20171013,20170130,MT,9067
26985803,0001,1,KENIA FISIO,08,20190415,20170130,MG,5155
26986385,0001,1,,08,20200420,20170130,PR,7935
26988003,0001,1,REGINA HELENA PERSONAL TRAINER,08,20210616,20170130,MG,4123
26989056,0001,1,BOLACHA RIBEIRO PERSONAL,04,20210212,20170131,GO,9373
26989203,0001,1,,08,20200102,20170131,RS,8871
26993883,0001,1,VINYASA JARDIM,08,20241210,20170131,GO,9373
26994923,0001,1,VIDA FIT ACADEMIA DE GINASTICA,02,20170131,20170131,BA,3913
26996123,0001,1,VANESSA RODRIGUES STUDIO DANCE,08,20180130,20170131,PR,7855
27000266,0001,1,,08,20220728,20170201,SC,8357
27000602,0001,1,ADES ESPORTES,08,20210503,20170119,PR,7535
27000662,0001,1,SILVANA RODRIGUES DOS SANTOS,08,20180115,20170201,SP,7107
27000711,0001,1,,08,20180313,20170201,SP,6875
27002508,0001,1,ENIGMA ACADEMIA,02,20200121,20170131,RS,8511
27007610,0001,1,CECILIA FRIACA,04,20210330,20170201,MG,4371
27010282,0001,1,PERSONAL ROGERIO,08,20221216,20170201,SP,7075
27010522,0001,1,ESPACO CORPO,02,20170201,20170201,CE,1389
27013785,0001,1,STUDIO BODY UP,08,20200122,20170202,RJ,5871
27016040,0001,1,RAFAEL FRANCA,08,20170419,20170202,SP,7183
27017596,0001,1,ATIVA NUCLEO PERSONALIZADO DE EXERCICIOS FISICOS,08,20180130,20170202,SC,8027
27020691,0001,1,DREAM TEAM ATIVIDADES E EVENTOS ESPORTIVOS,08,20240903,20170202,SP,6477
27024159,0001,1,UNIVERSO FITNESS,08,20180612,20170203,MG,0582
27028921,0001,1,,08,20200307,20170203,PR,7533
27030780,0001,1,BRUNA FERNANDA NASCIMENTO GREGORIO,08,20180116,20170204,MG,4123
27031016,0001,1,TREINADOR RAMON FERNANDES,08,20180129,20170204,PE,2531
27033127,0001,1,FRANK DOUGLAS TOURINO,08,20170222,20170205,MG,4123
27033603,0001,1,PERSONAL TRAINER NATHALIA MIRANDA,08,20180127,20170206,MG,5413
27033928,0001,1,FISIOELI,08,20210831,20170206,RS,8649
27035331,0001,1,,08,20200904,20170206,PR,7535
27036525,0001,1,MAKE CLEAN,08,20210604,20170206,SP,7107
27038467,0001,1,ACADEMIA PERFORMANCI,08,20170516,20170206,PB,2229
27038556,0001,1,C.I.A POWER FITNESS,02,20210520,20170206,SP,6289
27039876,0001,1,RLIFE MOVE ON,04,20210401,20170206,DF,9701
27041646,0001,1,ACADEMIA CORPO EM ARTE,08,20240809,20170206,PE,2491
27044712,0001,1,CRUSH CONSULTORIA ESPORTIVA,04,20210226,20170207,SP,7107
27047710,0001,1,,08,20170327,20170207,SC,8199
27047867,0001,1,CHRISTIANO MEDEIROS PEREIRA,08,20170213,20170207,RJ,6001
27049556,0001,1,IRON TRAINER,08,20190517,20170207,MS,9051
27057661,0001,1,IRON COMPANY,08,20190206,20170208,PR,7407
27058937,0001,1,APOLUS ACADEMIA,02,20170208,20170208,MS,9051
27063081,0001,1,,08,20180327,20170208,MG,4123
27063719,0001,1,IRON GYM,04,20220609,20170207,RJ,5869
27064273,0001,1,CARLOS SANTANA,04,20210413,20170208,SP,6567
27065229,0001,1,GARRIDO VOLEI,04,20210311,20170208,RJ,6001
27066142,0001,1,JOSE ROBERTO PERSONAL,08,20180723,20170209,MG,4123
27066886,0001,1,VAGNER SAMPAIO TREINADOR PESSOAL,08,20210330,20170209,RS,8791
27069373,0001,1,STUDIO VR,08,20180130,20170209,PR,7471
21362638,0002,2,,08,20210323,20170209,PE,2531
27077118,0001,1,,08,20220926,20170210,PR,7667
27077961,0001,1,ACADEMIA BORJAO FITNESS,08,20180102,20170210,MG,4001
27078318,0001,1,,08,20180425,20170210,SP,6979
27078623,0001,1,,08,20191113,20170210,PR,7743
27081773,0001,1,MARCIO COSTA CONSULTORIA ESPORTIVA E PRODUCOES CONVITES,08,20170823,20170210,MG,4733
27081980,0001,1,,08,20250318,20170210,SP,6687
27082377,0001,1,WESLLEY FIT CONSULTORIA DESPORTIVA,08,20200629,20170210,MG,0648
27082856,0001,1,MOOVE FITNESS,08,20190423,20170210,SP,7107
27083144,0001,1,STUDIO ESSENCIAL - MOVIMENTO EM EQUILIBRIO,02,20170210,20170210,SP,6915
27083523,0001,1,STUDIO DE PILATES CARLA PORTELA,02,20170210,20170210,PR,7417
27085933,0001,1,TAMIRES BEZERRA PERSONAL TRAINER E CONSULTORIA,04,20210324,20170210,SP,6689
27089552,0001,1,DANCE STUDIO,08,20171011,20170213,GO,9293
27089609,0001,1,STUDIO LUCIANA TOTTI,08,20180205,20170213,SP,6713
27090219,0001,1,PAULO RIGONI - PERSONAL TRAINER,08,20180822,20170213,PR,7535
27091059,0001,1,,04,20210210,20170213,DF,9701
25288441,0002,2,FUNCIONAL SPARTANO,04,20190320,20170210,AC,0139
27097893,0001,1,JONATAN DE OLIVEIRA,08,20190104,20170213,RS,8801
27097943,0001,1,,08,20181031,20170213,RS,8683
27098172,0001,1,RC PERSONAL,04,20210210,20170213,DF,9701
27100691,0001,1,,08,20180629,20170214,MG,4147
27101528,0001,1,BEMFITNESS,08,20210908,20170214,BA,3495
27103017,0001,1,HALTERGYM,02,20170214,20170214,MS,9051
27104391,0001,1,BAJ,04,20210408,20170214,RJ,5843
27108269,0001,1,,04,20210226,20170214,SP,7107
27110728,0001,1,EMERSON,04,20260527,20170214,GO,9425
27112588,0001,1,,08,20210510,20170215,SP,6109
27114564,0001,1,ACADEMIA CORPPUS,08,20180129,20170215,PR,7969
27115090,0001,1,DUA TERAPIA MANUAL E ESTETICA,04,20260515,20170215,BA,3849
27115814,0001,1,ESPACO REGINA ALENCAR,08,20180411,20170215,AM,0255
27116962,0001,1,,08,20170215,20170215,RS,8589
27117911,0001,1,ESTACAO FITNESS E WELLNESS,08,20180517,20170215,PR,7565
27120345,0001,1,FRAGOSO TREINAMENTO FISICO,08,20190418,20170215,RS,8801
27123366,0001,1,STUDIO DE PILATES MOVERE,08,20190412,20170216,GO,9373
27129417,0001,1,,02,20170216,20170216,MG,5343
27131488,0001,1,ANL PHYSICAL FIT,08,20170328,20170216,RJ,6001
27136139,0001,1,PERSONAL FIT,08,20190121,20170217,SP,7107
27137502,0001,1,PHILLIPE TREINAMENTOS PERSONALIZADOS,08,20190308,20170217,MG,4123
27141140,0001,1,STUDIO A,04,20190515,20170203,RJ,5807
27144863,0001,1,IDEALE VITA,08,20241125,20170219,BA,3849
27145470,0001,1,,04,20210203,20170220,SP,7115
27149936,0001,1,4 HEALTH ASSESSORIA ESPORTIVA,04,20210401,20170220,GO,9373
27150011,0001,1,,02,20170220,20170220,RS,8761
27154711,0001,1,,08,20180605,20170220,RJ,6001
27156077,0001,1,LUANA SANTOS,08,20180228,20170221,AL,2785
27156584,0001,1,,08,20170919,20170216,PE,2369
27156787,0001,1,,08,20190125,20170221,PE,2445
24921465,0010,2,,02,20170221,20170221,SP,7107
27165264,0001,1,VILAFLGHTMMA,08,20260114,20170221,GO,9433
27169599,0001,1,,02,20170221,20170221,ES,5663
27173155,0001,1,CRISTINA PONTES SQUASH,08,20170815,20170222,DF,9701
27175964,0001,1,MOVE GYM BRASIL,08,20240509,20170222,SP,7057
27180210,0001,1,K2 NITRO,02,20220317,20170223,SP,7107
27181539,0001,1,,02,20170222,20170222,SP,6589
27183569,0001,1,,08,20220916,20170223,RS,8859
27190486,0001,1,ACADEMIA COLISEU SEU MELHOR MOVIMENTO,02,20170224,20170224,SE,3105
27193014,0001,1,ACADEMIA FIT,04,20210203,20170224,MG,4253
27193495,0001,1,TOTAL FITNESS ACADEMIA,02,20170221,20170221,MT,9027
27194624,0001,1,COACH SILVA,04,20220208,20170224,PE,2531
27199787,0001,1,HELENA BEATRIZ,08,20210219,20170301,SP,7107
27202626,0001,1,ANDES PERSONAL TRAINER,04,20220208,20170301,RJ,6001
27204980,0001,1,LUIS PAULO,08,20230719,20170301,RJ,5805
27212340,0001,1,BASE ACADEMIA PINHEIRA,02,20170302,20170302,SC,8233
27212697,0001,1,ROGERIO PERSONAL,08,20180104,20170302,SP,7107
27213260,0001,1,FORT'S FITNESS,02,20170302,20170302,SP,7003
27214340,0001,1,BODY DREAM,02,20170302,20170302,MA,0889
27215462,0001,1,,04,20210316,20170303,RJ,6001
27216992,0001,1,WALAZASA,08,20170622,20170303,SP,7107
27217016,0001,1,GRUPO W-FITNESS & X-FITNESS,04,20210408,20170303,SP,6179
27218406,0001,1,,08,20230117,20170303,RS,8693
27221246,0001,1,,08,20241126,20170303,MG,4079
27221323,0001,1,,08,20200717,20170303,SP,6497
27223838,0001,1,STUDIO PASSOS PILATES,02,20170304,20170304,RJ,5837
27224969,0001,1,INVERT POLE & FIT,02,20251202,20170304,SP,7107
27225688,0001,1,NATALIA LEITE PERSONAL TRAINER,08,20171114,20170305,SP,6361
27227596,0001,1,VEGA FITNNES,04,20210316,20170306,RJ,6001
13676670,0002,2,BOLT,08,20180510,20170306,SP,6229
27232746,0001,1,,08,20191212,20170306,MG,4133
27233018,0001,1,AKADEMIA SPARTA,02,20210804,20170306,SP,6545
27235554,0001,1,NEW FITNESS ACADEMIA,08,20190827,20170306,GO,9595
27237690,0001,1,,08,20260608,20170307,GO,9539
27240331,0001,1,BODY FITNESS,04,20260521,20170307,MG,4629
27240961,0001,1,TOP FITNESS,08,20190130,20170307,BA,3991
27244072,0001,1,STUDIO DE PILATES ELISANDRA SILVEIRA,04,20210219,20170307,TO,9241
27246209,0001,1,CORPO FITNNES,08,20190321,20170307,TO,9733
27247039,0001,1,ANDRE ALMEIDA,08,20190626,20170307,SP,6483
27248711,0001,1,STUDIO VIP VINCENZI & FERREIRA FITNESS,08,20190523,20170214,PR,7535
27248892,0001,1,,08,20180326,20170308,PR,7691
27250143,0001,1,BRUNA GUARDIANO DE ANDRADE,08,20250221,20170308,MS,9051
27251169,0001,1,A&D FITNESS,02,20170308,20170308,MA,0921
27253076,0001,1,UM4ZERO,02,20170308,20170308,ES,5663
27253455,0001,1,PATY GOMES PERSONAL,08,20250806,20170308,SP,7107
27256286,0001,1,KJC FISIO,08,20210127,20170308,GO,9369
27258783,0001,1,FELIPE PERSONAL TRAINER,04,20210406,20170309,SP,6257
27259496,0001,1,JULIANA BITENCOURT,04,20210304,20170309,RS,8817
27261995,0001,1,MONSTER GYM,08,20170817,20170309,GO,9625
27266472,0001,1,,08,20170406,20170309,SP,6475
27267330,0001,1,MARINA LIMA,08,20220725,20170309,RS,8801
27140835,0001,1,,04,20210326,20170217,SP,6415
27283776,0001,1,ALE GRIMALDI,08,20171124,20170313,RJ,6001
27286506,0001,1,MS FITNESS,08,20171207,20170313,BA,3573
27286771,0001,1,,08,20210817,20170313,MT,9067
27287107,0001,1,VO2 FITNESS,02,20170313,20170313,GO,9373
27289200,0001,1,FERNANDO SEGURA PERSONAL,08,20191031,20170313,SP,7107
27290242,0001,1,GYM BOX,08,20180111,20170313,PR,7885
27291070,0001,1,,08,20210531,20170313,RS,8801
27291436,0001,1,IBSEN BRASIL,08,20170323,20170314,BA,3849
27292764,0001,1,,08,20170417,20170314,SP,7107
27293202,0001,1,INSIDE SILVIO SANTANA,08,20190718,20170314,SP,6179
27295660,0001,1,RAFAEL RONCOLI,04,20210225,20170314,RS,8801
27296010,0001,1,,08,20220713,20170314,SP,7099
27297810,0001,1,,04,20260515,20170314,CE,1389
27301926,0001,1,STRONG TRAINING - TREINAMENTO FUNCIONAL,04,20210317,20170314,PR,7535
27304408,0001,1,NATALIA LOURENCO STUDIO PERSONAL,08,20211208,20170315,PB,2051
27308591,0001,1,RENOVE STUDIO DE PILATES,02,20170315,20170315,BA,3313
27309560,0001,1,VANESSA DUARTE TREINAMENTO INDIVIDUALIZADO,08,20180425,20170315,MA,0921
27311880,0001,1,EVOLUIR RUN ASSESSORIA ESPORTIVA,08,20240416,20170315,AL,2785
27313594,0001,1,,08,20171130,20170316,RS,8729
27315462,0001,1,ACTION +,02,20170316,20170316,PE,2381
27316398,0001,1,ATELIE PILATES,02,20170316,20170316,SP,7107
24802495,0006,2,,02,20170316,20170316,RR,0301
27320725,0001,1,AQUARIO ACADEMIA,02,20170316,20170316,ES,5697
27321296,0001,1,,08,20180406,20170316,SP,6687
27322909,0001,1,GABRIELA EDUCADORA FISICA,08,20210901,20170316,RJ,6001
27324739,0001,1,ESTUDIO DE PILATES ANA CRISTINA,02,20170316,20170316,BA,3965
27325195,0001,1,GTHAI CAMP MUAY THAI,04,20210416,20170317,MG,4799
27327597,0001,1,BIRNFELD,08,20180829,20170317,RS,8801
27331444,0001,1,BARRA FITNESS,04,20190514,20170317,BA,3357
27333906,0001,1,YEDA VASCONCELLOS PERSONAL,08,20190321,20170318,RJ,6001
26328485,0001,1,ACADEMIA SKYFIT PEDRA BRANCA,08,20260413,20161010,SC,8233
27334436,0001,1,,08,20201019,20170319,MG,4751
27334590,0001,1,ACADEMIA SMASH FITNESS LTDA,04,20210406,20170319,SP,6619
27335505,0001,1,SUELLEN MOREIRA ALVES,08,20230727,20170319,SP,7107
27335790,0001,1,SPORT ARREY ACADEMIA,08,20200909,20170320,PI,1219
27345520,0001,1,JULIANO BECARI,08,20170619,20170320,SP,6293
27345630,0001,1,YURI RIBEIRO 39341034809,08,20170525,20170320,SP,7107
27347118,0001,1,ACADEMIA MARALEMA,08,20190522,20170321,SP,6607
11408857,0002,2,SUPER SERIE FITNESS,02,20170321,20170321,BA,3849
27356290,0001,1,GOFIT STUDIO,08,20210408,20170321,ES,5627
27356430,0001,1,ACADEMIA TRAINNER SYSTEM,02,20170321,20170321,SP,6155
27357115,0001,1,POWER GYM,08,20191113,20170321,RS,8791
27357258,0001,1,NOVA GERACAO SAUDE,08,20180725,20170321,MG,4787
27358127,0001,1,,08,20180910,20170322,SP,7099
27359531,0001,1,TOP TRAINNER,08,20180220,20170322,PE,2491
27359883,0001,1,ACADEMIA FITNESS,04,20220208,20170322,PA,0401
27360610,0001,1,JACARE,08,20210111,20170322,SE,3157
27361378,0001,1,LIFEUP STUDIO DE PERSONAL,08,20211005,20170322,RS,8585
27363220,0001,1,ACADEMIA AQUILLES FILNNES,04,20190514,20170322,MA,0757
27363874,0001,1,SPARTA FITNESS,04,20190514,20170322,RN,1661
27369207,0001,1,,04,20210409,20170323,PE,2483
27371929,0001,1,,08,20180910,20170323,SP,7099
27373502,0001,1,,04,20210415,20170323,SP,6731
27378164,0001,1,CENTRO DE TREINAMENTO COMBATE TEAM,04,20210226,20170323,SP,7107
27379744,0001,1,LK TREINAMENTO PERSONALIZADO,08,20170901,20170324,RJ,5897
27383939,0001,1,GRAN VILLE ACADEMIA,02,20170324,20170324,RJ,5925
27385431,0001,1,,08,20200401,20170324,SC,8117
27385520,0001,1,CENTRO DE TREINAMENTO R.M,02,20170324,20170324,MG,5029
27386008,0001,1,PLANET FITNESS,08,20250712,20170324,ES,5703
27386329,0001,1,LIFE PILATES,08,20180629,20170324,RS,8589
27388241,0001,1,BARBARA FONTANA,08,20180131,20170325,RS,8853
27389418,0001,1,ESTUDIO O2,02,20170327,20170327,MG,4733
27389558,0001,1,,08,20220705,20170307,SP,7107
27393190,0001,1,,04,20210225,20170327,RS,8801
27393721,0001,1,CENTRO DE TREINAMENTO INTEGRADO FUNCIONAL CROSS,02,20220214,20170327,CE,1465
27393778,0001,1,STUDIO K PILATES,08,20170329,20170327,SP,6219
27395163,0001,1,LET'S FISIO E SAUDE,08,20200515,20170328,SP,6369
27398430,0001,1,WEIDER WELLNESS E FITNESS,04,20210317,20170328,PR,9983
27399140,0001,1,,08,20170508,20170328,RJ,6001
27404147,0001,1,J VALERIA PERSONAL,08,20170401,20170328,SP,7107
27406029,0001,1,,08,20200120,20170328,SP,6163
27406573,0001,1,ATRIUMFISIO,08,20190703,20170328,RN,1761
27406885,0001,1,FISIO MOVE,08,20180131,20170328,SC,8109
27408281,0001,1,,08,20240912,20170329,MG,4083
27410429,0001,1,VANESSA PILATES,04,20210210,20170329,GO,9301
27414419,0001,1,,08,20181026,20170329,MG,4733
27414881,0001,1,MARACAJA SAUDE,04,20210409,20170329,PE,2457
27415120,0001,1,R.O. ASSESSORIA ESPORTIVA,08,20200102,20170329,SP,7107
27417796,0001,1,R V FITNESS,08,20240710,20170329,SP,6249
27421728,0001,1,ETHOS TEAM,08,20181122,20170330,DF,9701
27421846,0001,1,,08,20180629,20170330,PR,9983
27422802,0001,1,RED GYM ACADEMIA,08,20220815,20170330,PB,2051
27424455,0001,1,ACADEMIA VIP,02,20260611,20170329,SC,8039
27424703,0001,1,,08,20220411,20170330,RJ,6001
27424848,0001,1,PILATES IN LINE,02,20251208,20170330,BA,3849
27424935,0001,1,,08,20190326,20170330,MG,4799
27425947,0001,1,GYM FIT,02,20170330,20170330,PE,2457
27426893,0001,1,RAFAEL AMARAL BARLEZE,08,20180208,20170330,RS,8801
27430780,0001,1,IGOR RAMALHO CAVALCANTE,08,20170621,20170330,BA,3741
27434084,0001,1,STUDIO TOP FITNESS,08,20220328,20170331,MG,5441
27436758,0001,1,MK FITNESS,08,20180926,20170331,SP,6377
27441493,0001,1,,08,20190731,20170401,MG,4123
27445623,0001,1,ACADEMIA TERAS FIT,04,20220608,20170403,MS,9051
27446302,0001,1,PHTREINADOR,04,20210409,20170403,PE,2531
27447221,0001,1,PORTAL FIT,02,20170403,20170403,PE,2323
27452434,0001,1,J.S CLUB TRAINER,02,20170403,20170403,MG,5403
27453484,0001,1,SERAPHYS BEM SAUDE INTEGRADA,04,20260519,20170403,PR,7535
27454847,0001,1,LICENCA POETICA,08,20200124,20170404,GO,9373
27455743,0001,1,CENTRO DE TREINAMENTO TWO BROTHERS,08,20180607,20170404,MT,9191
27455845,0001,1,ACADEMIA TOP FITNESS,08,20171127,20170404,PE,2591
27456160,0001,1,,08,20220111,20170404,MG,4133
27460704,0001,1,OLYMPO FITNESS,08,20171227,20170404,BA,3515
27463676,0001,1,DEYLLA ESPORTE,08,20170518,20170404,MG,2699
27464116,0001,1,ESTUDIO BRAGA FITNESS,08,20220613,20170404,RJ,5877
27465423,0001,1,DR7 DOUGLAS PERSONAL TRAINER,08,20210830,20170405,SP,7107
27468744,0001,1,,04,20210317,20170405,PR,7535
27468987,0001,1,GARTS STUDIO,08,20180131,20170405,SC,8179
27469845,0001,1,ACADEMIA FABIO LIMA FITNESS CLUB,08,20170602,20170405,PI,1219
27470446,0001,1,,02,20170405,20170405,SP,6789
12240670,0002,2,DAY FIT,08,20230131,20170405,SP,6887
27084298,0001,1,NOVUM ACADEMIA,02,20170210,20170210,SP,7107
27476229,0001,1,CENTRO DE ESTUDOS FENIX DE ARTES MARCIAIS,08,20171109,20170406,MG,4179
27477241,0001,1,LPP PERSONAL TRAINNER,08,20220325,20170406,SP,7097
27479205,0001,1,MIKA EMPREENDIMENTOS,04,20210407,20170406,BA,3849
27481797,0001,1,V.L FIT,08,20210219,20170406,SP,6131
27485652,0001,1,CORPO & FORMA,04,20210311,20170406,RJ,6001
27486677,0001,1,,08,20191029,20170407,RJ,5883
27486740,0001,1,SAMBASOULFITNES,08,20181121,20170407,MG,4733
27486983,0001,1,,08,20180316,20170407,SP,7075
27491957,0001,1,,04,20210309,20170407,PR,7503
27493969,0001,1,,08,20190114,20170407,SP,7017
27494827,0001,1,ATIVA FITNESS,02,20170407,20170407,PB,1901
27500994,0001,1,STUDIO C TREINAMENTO FUNCIONAL,08,20250813,20170410,SP,2951
27502185,0001,1,,04,20210203,20170410,SP,6559
27502321,0001,1,NUCLEO DE TREINAMENTO SEU FUTURO ATLETA,08,20210702,20170410,DF,9701
27511307,0001,1,MUYLART TERAPAIAS ALTERNATIVAS,08,20170712,20170411,RJ,5865
27513254,0001,1,GOOD SHAPE- BOA FORMA,08,20180130,20170411,RS,8903
27513897,0001,1,ESTUDIO FITNESS,02,20170411,20170411,MG,5199
27514063,0001,1,,02,20170411,20170411,SP,7107
27514128,0001,1,FECLAMESP,04,20190531,20170411,SP,7107
27515454,0001,1,INSPIRE PILATES STUDIO,02,20170411,20170411,MG,4123
20470718,0002,2,INSTITUTO DO MOVIMENTO,08,20250415,20170412,PE,2531
27521703,0001,1,NOOVA STORE ACADEMIA,02,20170412,20170412,RN,1777
27529483,0001,1,ACADEMIA ZEUS,04,20220127,20170413,MG,5091
27529952,0001,1,LENNY,04,20210317,20170413,PR,7535
27533097,0001,1,STRIKE THAI,04,20210203,20170413,SP,6249
27533137,0001,1,CASAGRANDE,08,20210806,20170413,SC,8105
27534309,0001,1,THAYS SOARES PERSONAL TRAINER,08,20210314,20170414,DF,9701
27544986,0001,1,ACADEMIA ARENA TRAINING,08,20170927,20170417,PB,2235
27548336,0001,1,ACADEMIA PERFORMA,02,20170418,20170418,PA,0443
27549263,0001,1,MW FITNESS ACADEMIA,02,20170418,20170418,MA,0921
27551929,0001,1,MOVIMENTUS ASSESSORIA ESPORTIVA,08,20180509,20170419,DF,9701
27553823,0001,1,FS FITNESS,08,20250416,20170419,RJ,5865
07594978,0174,2,SMARTFIT,02,20170420,20170420,SP,6619
27565784,0001,1,ESTUDIO LILIANE BRUM PERSONAL TRAINER,08,20190829,20170420,SC,8185
27569239,0001,1,MARA SERVICOS DE CONDICIONAMENTO,08,20181126,20170420,SP,7107
27572268,0001,1,CENTRO DE TREINAMENTO FISICO QUEBRANDO LIMITE,04,20260601,20170420,RJ,2907
27574734,0001,1,CENTRO DE TREINAMENTO ALAN SOARES,08,20180130,20170421,RJ,6001
27577120,0001,1,ESCOLA DE ESPORTES BRENDA TERENZI,04,20210416,20170422,MG,4123
27578105,0001,1,CORPO EM ACAO,08,20180113,20170423,CE,1389
27578926,0001,1,LUA BENTIVI,04,20210210,20170423,DF,9701
27579625,0001,1,STUDIO FITNESS,04,20260521,20170424,MG,4633
27581213,0001,1,CORPO & MOVIMENTO,08,20201216,20170424,MG,4981
18073963,0002,2,SPAZO CENTRO DE FORMACAO,08,20220324,20170420,RJ,5865
27582914,0001,1,DNA GYN,02,20170424,20170424,PB,2027
27585724,0001,1,ACADEMIA PRO LIFE,04,20210225,20170424,RS,8791
27586842,0001,1,JONATAS GONDASKI PERSONAL TRAIRNER,08,20230615,20170424,PR,7565
27587274,0001,1,ACADEMIA PRIDE,04,20210212,20170424,GO,9367
27587828,0001,1,CAC,08,20210409,20170424,MG,4123
27588281,0001,1,SEG ASSESSORIA ESPORTIVA,08,20170522,20170424,SP,6285
27589919,0001,1,VICTOR TORRES SOUZA,08,20170802,20170425,SP,7107
27590765,0001,1,ASSOCIACAO DE ARTES MARCIAIS G1 DE MACEIO/AL,04,20220608,20170310,AL,2785
27593220,0001,1,CT TREINAMENTO FUNCIONAL,02,20170425,20170425,SC,8039
27594864,0001,1,EVERSONPERSONAL,08,20230410,20170425,MG,4895
27595448,0001,1,TEAM DARWIN FALCAO BJJ,04,20210311,20170425,RJ,6001
27597463,0001,1,STUDIO PILATES CORPORE CENTER,02,20170425,20170425,AL,2785
27598700,0001,1,ESPACO SAUDE E BELEZA,02,20240316,20170425,SP,7107
27598855,0001,1,LC ALENCAR TRAINING,08,20190126,20170425,RJ,5803
27601391,0001,1,SPACO MULHER ACADEMIA,08,20190503,20170426,SP,2943
27593353,0001,1,FORMA FITNESS,02,20170425,20170425,PR,7607
27605234,0001,1,IMPACTO VIDA SAUDAVEL,04,20210212,20170426,MT,9035
27605741,0001,1,,08,20180426,20170426,SP,6979
27619325,0001,1,MOINHOS FITNESS,08,20220511,20170427,RS,8801
27619497,0001,1,GO FITNESS,08,20171229,20170428,MG,5117
27620156,0001,1,TRIBE-FIT ACADEMIA,02,20170428,20170428,PB,1981
27621362,0001,1,JESSICA SOARES,08,20210222,20170428,MG,4371
27621983,0001,1,,02,20170428,20170428,SP,7107
27623077,0001,1,,08,20251201,20170428,SP,6131
27624532,0001,1,STUDIO PERSONAL TRAINER FIDELES,04,20220125,20170428,MG,5255
27626111,0001,1,STUDIO - VRV,08,20190326,20170429,SC,8105
27628675,0001,1,FITCORE VG,08,20220217,20170501,MT,9167
27629529,0001,1,SIM - SAUDE INTEGRADA AO MOVIMENTO,08,20180128,20170502,MG,4123
27631441,0001,1,,04,20210330,20170502,MG,4551
27631763,0001,1,ARENA FITNESS,04,20210223,20170502,PA,0533
27632346,0001,1,POSTURE STUDIO DE PILATES,08,20180208,20170502,SP,7097
27635361,0001,1,DIEGO OLIVEIRA COACH,08,20171027,20170502,MG,4219
27637551,0001,1,CROSSFIT TORNADO,08,20240917,20170502,SP,6131
27641314,0001,1,DANCE MINAS,02,20170503,20170503,MG,5407
27643070,0001,1,,08,20220829,20170503,SC,8129
27646821,0001,1,,08,20180202,20170503,PR,7535
27649919,0001,1,IMPACTO STUDIO PERSONAL TRAINER,08,20250526,20170503,MG,4105
27650891,0001,1,FRAN FITNESS,08,20180316,20170504,MG,4079
27652210,0001,1,,08,20180119,20170504,RS,8769
27656949,0001,1,,02,20170504,20170504,PB,2117
27658144,0001,1,FELIPE LIMA TRAINER,08,20190520,20170504,RJ,6001
27659534,0001,1,,08,20181219,20170504,SP,7107
27659675,0001,1,MIVIDA ESPACO FITNESS,08,20170524,20170504,SP,6637
27665680,0001,1,ATIVIDADE E BEM ESTAR,08,20190513,20170505,MG,4123
27666803,0001,1,VERTICAL,02,20220215,20170504,RJ,6001
27669382,0001,1,,02,20170505,20170505,SP,7107
27672945,0001,1,AV PERSONAL,08,20210630,20170508,SP,6897
27674634,0001,1,L.P. FITNESS,02,20170508,20170508,SP,7107
27675018,0001,1,KAIQUE MTHAI,04,20210317,20170508,PR,7535
27676487,0001,1,PROFESSOR COREOGRAFO,08,20180906,20170508,SP,6831
27676512,0001,1,STUDIO LUCAS PIGNATTA PERSONAL TRAINER,02,20170508,20170508,SP,6727
27685691,0001,1,ESCOLINHA DE FUTEBOL RF,08,20200117,20170509,PR,7591
27686275,0001,1,JL FIT ACADEMIA,02,20170509,20170509,SE,3219
27686321,0001,1,BIO FITNESS ACADEMIA,08,20170516,20170509,PB,2107
27687406,0001,1,HAMMER FIT,02,20170509,20170509,DF,9701
27687663,0001,1,MEGA FITNESS,02,20170509,20170509,SP,7151
27688071,0001,1,,04,20220208,20170509,SC,8105
27688663,0001,1,JP ROCHA TREINAMENTO FISICO,08,20211104,20170509,RS,8801
27689374,0001,1,KETSUI,08,20200716,20170509,SP,7107
27692158,0001,1,PILATES PATRICIA ESTEVES,02,20170509,20170509,SP,6361
27697197,0001,1,FIT MAES,08,20190207,20170510,SC,8055
27699178,0001,1,MUITO MAIS SAUDE,08,20180127,20170510,PR,7535
27702764,0001,1,,08,20191021,20170510,SP,7107
27703217,0001,1,BODY & SOUL,02,20170510,20170510,ES,5703
27705695,0001,1,CROSSAJU,08,20250702,20170511,SE,3105
27706354,0001,1,DIDI DURAES,08,20250414,20170511,SP,7107
27706499,0001,1,MAIS SAUDE FITNESS,08,20170728,20170511,RN,1837
27709742,0001,1,PLANETA AGUA,08,20171030,20170511,SP,6681
27710588,0001,1,THIAGO MELO PERSONAL TRAINER,04,20210426,20170511,PB,2175
27712540,0001,1,ACADEMIA TOP FITNESS,08,20180717,20170511,PE,2453
27713526,0001,1,,08,20171226,20170511,BA,3515
27715604,0001,1,"ANYNHALEAL PERSONAL, EVENTOS E AFINS",08,20220721,20170511,PB,2051
27719346,0001,1,DIEGO NUNES ASSESSORIA ESPORTIVA,08,20190218,20170512,SP,7107
27727164,0001,1,JRANDRADE PERSONAL TRAINNER,08,20171214,20170514,RN,1761
27727540,0001,1,STUDIO ARENA FITNESS,08,20230123,20170514,CE,1555
27727805,0001,1,LORENA,08,20180221,20170514,SP,7107
27730693,0001,1,SSA ATIVIDADE FISICA,08,20190221,20170515,SP,6789
27730955,0001,1,PERSONAL TRAINER KARINA DE OLIVEIRA,04,20210309,20170515,PR,7927
27730978,0001,1,ESPACO FITNESS ERICSON JUNIOR,08,20190104,20170515,ES,5605
27733424,0001,1,FABINHO TORRES,04,20210415,20170515,SP,7031
27735092,0001,1,ACADEMIA UNIVERSITARIA,04,20260529,20170515,TO,9559
27735764,0001,1,DAGMA ARAUJO TREINADORA PESSOAL,08,20210610,20170515,GO,9301
27736329,0001,1,,02,20220228,20170515,RJ,6001
27736943,0001,1,ELEMENTS YOGA,08,20210819,20170515,SP,7107
27737445,0001,1,VIVA ESTUDIO ACADEMIA DE MUSCULACAO,02,20170515,20170515,SC,8089
27381784,0001,1,ACADEMIA MOOVE,02,20170323,20170323,RS,8569
27742415,0001,1,PAULISTA BJJ,04,20220128,20170516,RS,8683
27742896,0001,1,TORUS BRAZILIAN JIU JITSU ACADEMY,04,20210408,20170516,RJ,5805
27746872,0001,1,,08,20260131,20170516,SP,6681
27753747,0001,1,,08,20190219,20170517,SP,7107
27753923,0001,1,BIO GYM,02,20170517,20170517,PE,2381
27755226,0001,1,,08,20190618,20170517,RJ,5865
27756603,0001,1,,08,20180216,20170517,PR,7927
27757127,0001,1,,04,20210318,20170517,SC,8179
27758141,0001,1,,04,20210413,20170517,SP,6921
27759970,0001,1,LYRA,08,20181128,20170517,RS,8847
27761102,0001,1,ATHLETICA ACADEMIA,08,20180628,20170518,BA,3539
27762390,0001,1,THE BOX CROSS TRAINING & NUTRITION,08,20200320,20170518,SP,6619
27764175,0001,1,BOA FORMA NUTRE,02,20170518,20170518,PA,0427
27765046,0001,1,KARLPERSONAL,08,20260429,20170518,AL,2785
27768056,0001,1,JOAO MANOEL MUAY THAI BFF,02,20260121,20170518,SP,6469
27769982,0001,1,DANIELLE DE AMORIM,08,20190102,20170518,RJ,6001
27770034,0001,1,IGOR PROVENZANO TREINAMENTO DESPORTIVO,04,20210316,20170518,RJ,6001
27771069,0001,1,INOVARE FITNESS,08,20240625,20170519,SP,7097
18377400,0002,2,EQUILIBRIUM MASSAGE,08,20210930,20170519,SP,7057
27771177,0001,1,SD GYM,08,20180116,20170519,PR,7535
27771766,0001,1,GINASIO DA MUSCULACAO,04,20190531,20170519,PR,7683
27763813,0001,1,MEL DOCKHORN STUDIO KANGOO,08,20170519,20170518,RS,8939
27779103,0001,1,AERO TRAINING ARENA DE EMAGRECIMENTO,04,20210309,20170519,PR,7885
27780528,0001,1,CT PERFORMANCE,08,20170613,20170520,RS,8963
27781025,0001,1,CT RED RHINO,02,20170521,20170521,RS,8593
27792725,0001,1,ACADEMIA MAROLLA FITNESS,08,20181031,20170522,PR,0856
27794129,0001,1,ALAN CRISTIAN BERTOLDO,04,20220607,20170523,PR,7535
27796867,0001,1,LISIANE ROMARIZ,08,20260429,20170523,AL,2785
27797009,0001,1,,02,20170523,20170523,RJ,6001
27798000,0001,1,,08,20180129,20170523,RS,8637
27799141,0001,1,UP SPORTS,04,20210210,20170523,DF,9701
27808056,0001,1,LEILA SIQUEIRA,02,20220609,20170524,RJ,6001
27813100,0001,1,IZABELLA PERSONAL,08,20170605,20170524,MG,4387
27814903,0001,1,ACADEMIA EVOLUTION FITNESS,02,20170525,20170525,MG,5155
27816224,0001,1,,08,20181218,20170525,MG,5371
27821797,0001,1,SIMONE ALMEIDA,08,20221205,20170525,RJ,6001
27822460,0001,1,BEM ESTAR,08,20190816,20170525,PR,7667
27823153,0001,1,LAUANE LACERDA,08,20181121,20170525,GO,9373
27824095,0001,1,ANDRE PERSONAL 77,04,20210316,20170525,RJ,6001
27829228,0001,1,,02,20250812,20170526,RJ,6001
27830505,0001,1,RICARDO'S FITNESS,04,20210422,20170526,BA,3727
27832931,0001,1,GOLD ACADEMIA,02,20170526,20170526,SP,6715
27839698,0001,1,BRENO MONTEIRO PERSONAL,08,20230622,20170529,RJ,5865
27840513,0001,1,ACADEMIA TOP FITNESS,08,20170622,20170529,PR,7659
27847749,0001,1,AZ STUDIO,02,20170530,20170530,SP,7245
27849196,0001,1,ARENA FITNESS CLUB,02,20170530,20170530,BA,3957
27853161,0001,1,ACADEMIA POMPEO,04,20210415,20170530,SP,6779
27853776,0001,1,,08,20251031,20170530,PR,7557
27854366,0001,1,DC ACESSORIA ESPORTIVA,08,20231122,20170530,SP,6789
27854640,0001,1,BROOKLYN MASMORRA,02,20170530,20170530,MG,4733
27866983,0001,1,HFTEAM,02,20170531,20170531,BA,3849
27867247,0001,1,CARLOS JUNIOR PERSONAL TRAINER,08,20240528,20170531,SP,6377
27870409,0001,1,PHYSICUS ACADEMIA,04,20210426,20170601,PB,1999
27872942,0001,1,ACADEMIA CORPORI,08,20210128,20170601,PB,2035
27875367,0001,1,TOP FITNESS,02,20170601,20170601,RJ,5803
27878080,0001,1,PERSONAL RC,08,20220317,20170601,RJ,6001
27880702,0001,1,X COUT FIT ACADEMIA,08,20201117,20170602,SP,6715
27881252,0001,1,EVANDRO GUARNIERI PERSONAL,04,20240812,20170602,SP,7107
27882846,0001,1,TAILA PERSONAL,08,20171031,20170602,PR,7771
27889820,0001,1,ROBERTA GUERRA,04,20210409,20170604,PE,2531
27892204,0001,1,,04,20210426,20170605,BA,3515
27898975,0001,1,RAFAEL SANTANA,08,20180804,20170605,RJ,5869
27900878,0001,1,RSB - FISIOTERAPEUTA,08,20180529,20170605,SP,6969
27906443,0001,1,GABRIELA DOMINGUES PERSONAL TRAINER,04,20210304,20170606,RS,8589
27907123,0001,1,MARILIA PILATES,04,20210209,20170606,ES,5705
27912486,0001,1,BOX FIT,08,20181119,20170607,SP,6511
27914857,0001,1,ACADEMIA BIO FIT,08,20260327,20170607,BA,3363
27916185,0001,1,,08,20180103,20170607,SP,6687
27917069,0001,1,ESPACO NUTRI FITNESS,04,20210303,20170607,CE,1525
27921859,0001,1,,04,20231121,20170607,SP,7071
27922438,0001,1,CLUBE DO FERRO,08,20181222,20170608,PA,0561
27924258,0001,1,,08,20180508,20170608,MG,4733
27926285,0001,1,STUDIO P4 - TREINAMENTO PERSONALIZADO,02,20170608,20170608,RO,0003
27927031,0001,1,ALEX SERVICOS,08,20200106,20170608,GO,0085
27932560,0001,1,STUDIO FITNESS,08,20200812,20170609,SP,6635
27935389,0001,1,ACADEMIA NOVA ONDA,04,20260515,20170609,BA,3807
27939042,0001,1,VINICIUS TRESSE GESTAO ESPORTIVA,04,20210311,20170609,RJ,6001
27939080,0001,1,,08,20180223,20170609,SP,6619
27944067,0001,1,LONGEVITY,02,20170612,20170612,SP,7007
27952240,0001,1,ESTUDIO VIDANSE,04,20210415,20170612,SP,7145
27953070,0001,1,ACADEMIA BOA FORMA,08,20200819,20170612,BA,3725
27961278,0001,1,,08,20181122,20170613,RS,8629
27965903,0001,1,,02,20170614,20170614,PR,7427
27973299,0001,1,VAC ASSESSORIA,08,20170726,20170615,SP,6137
27975591,0001,1,,02,20170616,20170616,DF,9701
27976009,0001,1,LAMEGO SAUDE E BEM ESTAR,08,20170801,20170616,RJ,6001
27976129,0001,1,BRUNODUARTEPERSONAL,08,20180510,20170616,MG,4123
27977330,0001,1,,02,20170616,20170616,SP,7145
27980035,0001,1,ESPACO DE YOGA HELENA LIMA E SILVA,08,20210406,20170617,RS,8651
27981519,0001,1,OSTERKAMP,08,20180125,20170618,RS,8801
27981618,0001,1,NATI LIZZI,08,20190511,20170618,SP,7107
26959055,0001,1,CAIXOTH MACAPA,02,20170126,20170126,AP,0605
27990372,0001,1,ACADEMIA ROUTE FITNESS,04,20190530,20170619,GO,9221
27990858,0001,1,,08,20180412,20170619,PR,7535
24921465,0014,2,,02,20170620,20170620,SP,7107
28001787,0001,1,,08,20180126,20170620,SC,8179
27821857,0001,1,ACADEMIA CIA DO MUSCULO,04,20210212,20170525,GO,9303
28007038,0001,1,ACADEMIA ITS TIME,08,20171209,20170621,RS,8577
28011878,0001,1,PERSONAL PILATES,08,20170701,20170621,MG,5403
28012988,0001,1,,08,20180907,20170621,PR,7691
28013911,0001,1,JUNIOR PERSONAL,04,20210310,20170621,SP,7011
28023971,0001,1,SILVIA GUIMARAES FISIOTERAPIA E PILATES,08,20170709,20170622,RJ,5915
28024089,0001,1,,02,20241120,20170622,SP,7107
28026622,0001,1,ALINE MONTEIRO,08,20181130,20170623,CE,1455
17829784,0004,2,SPARTAN LADY,08,20181003,20170623,RS,8655
28028572,0001,1,BOX NUTRITION VINHEDO,08,20180725,20170623,SP,7237
28029731,0001,1,STUDIO ESTETICA E BEM ESTAR,08,20191010,20170623,SP,7107
27855994,0002,2,I9 ACADEMIA,08,20180822,20170526,MT,9047
28031446,0001,1,,08,20180130,20170623,SP,7017
28035019,0001,1,VCDOMINGUES ACADEMIA,02,20170625,20170625,MT,9007
28041993,0001,1,ACADEMIA REIS,02,20170627,20170627,PI,1209
28046148,0001,1,IVAM WESLEY,08,20230521,20170627,SP,6967
28051496,0001,1,BCF EVENTOS ESPORTIVOS,04,20210316,20170627,RJ,6001
28055899,0001,1,TEAM BOVERA,08,20251007,20170628,SP,7107
28058232,0001,1,ANDERSON GOMES TREINAMENTO DESPORTIVO,08,20190426,20170628,PR,7731
28059278,0001,1,,02,20240906,20170628,SP,7107
28061565,0001,1,PRO FITNESS,04,20210203,20170628,SP,6607
28065307,0001,1,ACADEMIA CAMPO GRANDE,02,20170629,20170629,SP,6291
27786796,0001,1,STUDIO KANGOO MEL DOCKHORN,04,20210304,20170522,RS,8939
27788498,0001,1,INSTITUTO DE PILATES E AEROPILATES PRISCILLA RABELLO,08,20170719,20170522,SP,6789
28073041,0001,1,'CIPO FIT ACADEMIA',02,20260601,20170629,MG,5179
28075048,0001,1,RSS -,04,20210226,20170630,SP,7107
28076431,0001,1,SPORTS REFEREE TEAM,08,20190513,20170630,RS,8801
28078610,0001,1,RENATO MEDEIROS PERSONAL,08,20180919,20170630,PE,2531
27420357,0001,1,,08,20170828,20170330,MG,4903
26849578,0001,1,VITOR ROSARIO,08,20170630,20170111,ES,5699
28084161,0001,1,WENDY LEE,04,20210210,20170701,DF,9701
28084593,0001,1,TRB - ASSESSORIA E TREINAMENTO,08,20250129,20170701,BA,3849
28085700,0001,1,BEM ESTAR STUDIO DE PILATES,08,20210112,20170702,BA,3849
28088088,0001,1,DIVAS ACADEMIA,04,20240821,20170703,CE,9857
28090605,0001,1,,04,20210210,20170703,DF,9701
28090826,0001,1,,02,20170703,20170703,SC,8115
28091421,0001,1,,04,20210423,20170703,RN,1779
28091468,0001,1,MRM ASSESSORIA ESPORTIVA,08,20230508,20170703,PE,2531
28093537,0001,1,STUDIO DE TREINAMENTO KL FITNESS,08,20171119,20170703,AL,2785
28095943,0001,1,,08,20190207,20170703,RJ,5883
28098410,0001,1,CORPO EM MOVIMENTO,08,20190227,20170704,RS,8485
28101446,0001,1,URBAN STORE,04,20210416,20170704,MG,4123
28103512,0001,1,GARAGE FITNESSRAUM,08,20180124,20170704,SC,8363
28103929,0001,1,ACQUAIMPACTO,08,20190719,20170704,SP,6969
26769906,0001,1,ROOTS CONDICIONAMENTO FISICO,02,20161228,20161228,PA,0427
28104657,0001,1,FOCUS FITNESS ACADEMIA,08,20240515,20170704,MA,0957
28106203,0001,1,,02,20170704,20170704,RJ,6001
28107668,0001,1,HGPERSONAL TRAINER,08,20180430,20170704,CE,1453
28107931,0001,1,M.S. PERSONAL TRAINER,04,20210223,20170705,AM,0255
28108939,0001,1,ESPACO TERAPEUTICO,08,20171005,20170705,MG,5403
28109864,0001,1,REVITALY STUDIO PILATES,02,20170705,20170705,SP,6835
28110295,0001,1,PRIME FIT ACADEMIA,02,20170705,20170705,BA,3117
28110669,0001,1,ACADEMIA TOP_ FITNESS,08,20200804,20170705,RN,1755
28110704,0001,1,CPN ACADEMIA,02,20170705,20170705,SP,7107
28111692,0001,1,ESPACO DELAS,02,20170705,20170705,MG,5343
24921465,0017,2,,02,20170705,20170705,SP,7107
28114573,0001,1,KARLINE PERSONAL TRAINER,08,20190128,20170705,PR,7487
28114815,0001,1,,08,20170814,20170705,SP,6979
28121136,0001,1,WANDERSON MIRANDA,04,20210413,20170706,SP,2965
27426962,0001,1,KEEP MOVE,08,20190222,20170330,SP,6929
28128774,0001,1,NAKAGYM ACADEMIA E SUPLEMENTOS,02,20170707,20170707,SP,6587
28133572,0001,1,VARGASLIRAACADEMIA,04,20240902,20170707,SP,7057
28134528,0001,1,KARINA CALEGARI,08,20210902,20170707,SP,7107
28138884,0001,1,FILIPE CAMPOS PERSONAL TRAINER,04,20210226,20170709,SP,7107
28141861,0001,1,ORION FUNCIONAL FIGHTER,08,20200127,20170710,MG,4445
28142684,0001,1,REARTE FITNESS E SAUDE,02,20170710,20170710,RS,8769
28147840,0001,1,MEU MOMENTO PILATES,02,20210715,20170710,SP,6789
28149428,0001,1,PERSONAL MAYKON,08,20180307,20170710,MG,4959
28153025,0001,1,,08,20180403,20170711,SP,2951
28154827,0001,1,C N FITNESS,04,20210303,20170711,MA,0889
28155895,0001,1,BETTER LIFE,04,20210319,20170711,RJ,2909
28158104,0001,1,,02,20170711,20170711,MG,4123
28159428,0001,1,,08,20181024,20170711,RJ,6001
28160211,0001,1,DAVID SARTORI PERSONAL TRAINER,08,20171219,20170711,SC,8105
28160490,0001,1,TODO ATLETA ASSESSORIA,08,20180707,20170711,RJ,6001
28162963,0001,1,LUCAS GET TRAINER,08,20180129,20170712,RS,8637
28164306,0001,1,ACADEMIA EVOLUCAO,08,20190724,20170707,RS,8791
28167455,0001,1,TEAM RAFA INDIO,04,20210325,20170712,RJ,5833
28174004,0001,1,STRIKER TOP TEAM,08,20220812,20170713,RJ,6001
28174473,0001,1,MG PILATES,02,20170713,20170713,SP,7077
28177308,0001,1,RAFAEL DA SILVA VIGARANI,04,20210406,20170713,SP,6999
28177646,0001,1,DC PERSONALIZADO,08,20180626,20170713,PR,7691
28179199,0001,1,HOUSE FITNESS,02,20250515,20170713,SP,6787
28179658,0001,1,BOLA CROSS ACADEMIA,08,20230526,20170713,SP,7107
28184731,0001,1,ACADEMIA KELLEN MARIANO,08,20200316,20170714,GO,9617
28184858,0001,1,,08,20171117,20170714,RJ,6001
28190649,0001,1,ACADEMIA SAUDE E VIGOR,08,20240510,20170715,PE,2449
28191370,0001,1,BELLI YOGA,08,20220907,20170715,PR,7535
27943625,0001,1,,08,20200911,20170612,DF,9701
28197733,0001,1,CARANDA FITNESS,02,20170717,20170717,MS,9051
28205999,0001,1,MARIANA J KRAUTLER,08,20191120,20170718,SC,8327
28206760,0001,1,YANNA CARVALHO SERVICOS PERSONALIZADOS,08,20171108,20170718,BA,3515
28207158,0001,1,IGOR FILIPE,08,20180327,20170718,MG,4161
28208711,0001,1,ACADEMIA IMPERIUM,02,20170718,20170718,AL,2719
28212012,0001,1,ONE ACADEMIA,08,20171130,20170718,ES,5703
28214253,0001,1,,08,20200115,20170719,ES,5627
28214908,0001,1,,02,20210908,20170719,RJ,5877
28216464,0001,1,,04,20210203,20170719,SP,6645
28217692,0001,1,ATHLETIC FITNESS,04,20260521,20170719,MA,0849
28225156,0001,1,CENTRO HIPICO 3 MARIAS - EQUOTERAPIA,02,20250715,20170720,RS,8809
28226008,0001,1,LAPIDARE,02,20170720,20170720,PR,7413
28226083,0001,1,VIDA E MOVIMENTO,08,20180129,20170720,RS,8637
28227116,0001,1,TOP FITNESS ACADEMIA,04,20210224,20170720,CE,1383
28229515,0001,1,COURO ACADEMIA,02,20170720,20170720,SP,6699
28230125,0001,1,LIVE FIT,02,20170720,20170720,SP,7107
28230706,0001,1,PAULO PERSONAL,08,20180627,20170720,DF,9701
28232664,0001,1,KARINA,08,20180110,20170720,MG,4123
28233257,0001,1,,02,20170720,20170720,SP,6639
28235447,0001,1,SILVIA BARBOSA PIMENTA,08,20180828,20170721,SP,6189
28237864,0001,1,MARCELO SCHOFFEN PERSONAL TRAINER,08,20180131,20170721,RS,8773
28239142,0001,1,MUV FITNESS,02,20170721,20170721,BA,3849
28240285,0001,1,MEGA FITNESS,04,20231031,20170721,SP,7107
28242319,0001,1,,04,20210406,20170721,SP,7075
27124275,0001,1,PREPARACAO FISICA NAKAMURA,04,20210311,20170216,RJ,6001
28245084,0001,1,,08,20230307,20170723,SP,6573
28245218,0001,1,AZUMA,08,20230602,20170723,SP,7107
28246966,0001,1,,08,20200416,20170724,RS,8877
28250584,0001,1,STUDIO ELLO PILATES,08,20181023,20170724,SP,6897
28254618,0001,1,BOX NUTRITION CENTRO SALTO,08,20180118,20170725,SP,7005
28259070,0001,1,ACADEMIA WJ,08,20180131,20170726,SC,8297
28263765,0001,1,ACADEMIA MONSTER SILVA,02,20220726,20170726,RJ,6001
28268460,0001,1,MIOLA PERFORMANCE,02,20170706,20170706,PR,7535
28269430,0001,1,PAULO SILVESTRE PERSONAL TRAINER,08,20220524,20170726,MG,4031
28270006,0001,1,MARCELLA FILGUEIRAS STUDIO DE PILATES,08,20190311,20170726,PE,2513
28270331,0001,1,,08,20200826,20170726,SP,6291
28273400,0001,1,,08,20180216,20170727,MG,4123
28275624,0001,1,SIMONE RODRIGUES,08,20180808,20170727,SP,6219
28277088,0001,1,BJ ASSESSORIA ESPORTIVA MEI,02,20240223,20170727,GO,9373
28278038,0001,1,ATRAFIT ACADEMIA,08,20230727,20170727,RN,0428
28278376,0001,1,STUDIO EMERSON SILVA,08,20191125,20170727,RN,1761
28280541,0001,1,CT BOXE,04,20210407,20170727,BA,3849
28281156,0001,1,POWERFIT ACADEMIA,02,20170727,20170727,AL,2743
28281271,0001,1,EVOLUTION,08,20230522,20170727,SP,7173
28281668,0001,1,LOBO PERFORMANCE E SAUDE,02,20170727,20170727,RN,1779
28282385,0001,1,ACADEMIA TOP SHAPE FITNESS,08,20250506,20170727,RS,8791
28284994,0001,1,B8 ACADEMIA,08,20170821,20170728,PE,2577
28285157,0001,1,ASSOCIACAO VILA LOBOS,04,20190402,20160517,RS,8877
28287594,0001,1,TIME FIT,08,20170908,20170728,RJ,5807
28288401,0001,1,,08,20180111,20170728,SP,6619
28289059,0001,1,ACADEMIA TROIA,08,20250717,20170727,RS,8841
28291346,0001,1,TH FITNESS,02,20170728,20170728,RJ,5923
28293880,0001,1,FULL LIFE PILATES & ESTETICA,04,20210316,20170729,RJ,5865
28295264,0001,1,,08,20211006,20170730,SC,8039
28295545,0001,1,LUANA PERSONAL TREINER E MASSAGISTA,04,20210323,20170731,SC,8047
28297126,0001,1,PRATICAS SAUDAVEIS,08,20210426,20170731,RJ,6001
28298296,0001,1,GINASIO 17,02,20210811,20170731,RJ,5805
28299406,0001,1,CROSSFIT GADE 1,04,20210223,20170731,AM,0255
28299431,0001,1,ACADEMIA F 3,02,20170728,20170728,SP,6897
28299969,0001,1,,04,20220209,20170731,SP,7107
28301147,0001,1,DFT,04,20210218,20170731,MS,9063
28301534,0001,1,WL FITNESS,08,20190521,20170731,PR,7535
28301632,0001,1,,04,20210319,20170731,RJ,5813
28304211,0001,1,MANAUS CENTRO DE TREINAMENTO,02,20170731,20170731,AM,0255
28306035,0001,1,BRUNO SANTOS COACH,08,20170821,20170731,SP,6729
28310024,0001,1,C K. PERSONAL,08,20170802,20170801,RN,1761
06696735,0002,2,ACADEMIA F1 PRIME,08,20210717,20170801,CE,1389
28313412,0001,1,ACADEMIA CONQUISTA,08,20200213,20170801,DF,9701
28317385,0001,1,LARISSA PRADO,08,20190621,20170801,RJ,6001
28318741,0001,1,COACH JESSICA - PERSONAL TRAINER,08,20180924,20170802,PR,7427
28319209,0001,1,JOSIANE NOGUEIRA SANTOS,04,20260520,20170802,BA,3597
28319524,0001,1,BUTKD,04,20210203,20170802,SP,6469
28236165,0001,1,MAT PILATES JESSICA CARVALHO,08,20170802,20170721,GO,9433
28321540,0001,1,FORCA FITNESS ACADEMIA,08,20190826,20170802,SP,6827
28322141,0001,1,NEWMOVE GESTAO ESPORTIVA,08,20171108,20170802,SP,2951
28322761,0001,1,CT PINHA,04,20231026,20170802,CE,1247
28327836,0001,1,,08,20180321,20170802,SP,6901
28331341,0001,1,,02,20170802,20170802,RJ,6001
28331653,0001,1,FRANCA CAIADO,08,20181205,20170803,SP,7075
28333040,0001,1,INCORPORE,08,20200812,20170803,PR,7481
28335713,0001,1,ACADEMIA HIPER FITNESS,08,20191202,20170803,CE,1581
28336081,0001,1,SABINE BRETON PILATES E TREINAMENTO FUNCIONAL,08,20190424,20170803,RS,8801
28336260,0001,1,RHENAN RACHID PERSONAL TRAINER,08,20171221,20170803,SP,6969
28338421,0001,1,,08,20171222,20170803,BA,3885
28342040,0001,1,,08,20180831,20170804,MG,4245
28346486,0001,1,,08,20170912,20170804,PR,7583
26814253,0001,1,KARINE,08,20171206,20170106,SP,7107
28351127,0001,1,CTX EMPREENDIMENTOS,08,20190221,20170806,RJ,5897
28351167,0001,1,ACADEMIA STUDIO LIFE FIT,04,20210419,20170806,PE,2513
28351586,0001,1,,04,20220128,20170806,DF,9701
28358606,0001,1,MARCIA SANT'ANNA,04,20210226,20170807,SP,7107
28359972,0001,1,,08,20180321,20170807,RJ,5915
28362489,0001,1,PRI BASSO PERSONAL TRAINER,04,20210413,20170808,SP,7097
28363917,0001,1,MELIGASWIM,04,20210311,20170808,RJ,6001
18083760,0002,2,WORKOUT CLUB,08,20180803,20170808,GO,9301
28365414,0001,1,C M S FITNESS,08,20180807,20170808,AL,2747
28367899,0001,1,SIQUEIRA FITNESS,08,20170810,20170808,DF,9701
28371349,0001,1,ESPACO FITNESS ACADEMIA,02,20170808,20170808,GO,9295
28371749,0001,1,WORKOUT FIT PAMPULHA,02,20170808,20170808,MG,4123
28372496,0001,1,DBG ESPORTE E SAUDE,08,20190110,20170808,BA,3849
28374152,0001,1,,08,20190204,20170809,SP,7225
28374369,0001,1,ACADEMIA MONSTER'S GYM,08,20180802,20170809,PB,2141
28374484,0001,1,CORPOLUZ,08,20221003,20170809,PB,2051
28375305,0001,1,PURE PILATES SAO MIGUEL PAULISTA,02,20170809,20170809,SP,7107
28375494,0001,1,,08,20181004,20170809,SP,7237
28376706,0001,1,HELENA BENOSKI PERSONAL,08,20180308,20170809,SP,7107
28378223,0001,1,ACADEMIA M&C ESPORTE CENTER,08,20230112,20170809,MG,0648
28378918,0001,1,ESPACO FITNESS,08,20180125,20170809,ES,5703
28379219,0001,1,,08,20171129,20170809,GO,9563
28379305,0001,1,SPARTACUS CENTRO DE TREINAMENTO FISICO,02,20170809,20170809,RS,5781
28380519,0001,1,RODRIGO DE LIMA - PERSONAL TRAINER,08,20191126,20170809,DF,9701
28381912,0001,1,,08,20170825,20170809,SP,6165
28382827,0001,1,,08,20180123,20170809,RJ,6001
28383796,0001,1,LEO RUZ PERSONAL,08,20190711,20170809,SC,8105
28390991,0001,1,PERSONAL TRAINING ANDRE MELLO,08,20211217,20170810,RJ,6001
27955787,0001,1,,08,20180516,20170613,RJ,6001
28398704,0001,1,,04,20220208,20170811,RJ,6001
28398989,0001,1,ACADEMIA TOP CLASS,04,20210303,20170811,MA,0921
28399326,0001,1,CENTRO DE TREINAMENTO EVOLUCAO,08,20241001,20170811,BA,3515
28401898,0001,1,"""STUDIO PERSONAL""",08,20190321,20170811,SP,6727
28402729,0001,1,OTEMIR JUNIOR PERSONAL TRAINER,08,20260330,20170811,PR,7691
28403401,0001,1,OPEN FIT,08,20170926,20170811,SP,7107
28404056,0001,1,ACADEMIA BOA FORMA,02,20170811,20170811,ES,5655
28405719,0001,1,FISICO COM SAUDE,04,20260526,20170812,AL,2785
28408251,0001,1,CICLERUN,08,20181010,20170814,BA,3849
28412794,0001,1,GUSTAVO SILVA REGIS,08,20240522,20170814,ES,5625
28414020,0001,1,ACADEMIA CENTRAL FITNESS,02,20170814,20170814,BA,3959
28415778,0001,1,PILATES STUDIO ORTOPHISIO,08,20220113,20170814,MG,4787
28417276,0001,1,,04,20210419,20170814,SP,7157
28419928,0001,1,MOVEMENT ESPACO FITNESS,04,20210203,20170815,SP,6509
28421762,0001,1,J.P. SAUDE FITNESS,08,20180420,20170815,SP,6637
28422315,0001,1,J.P. SAUDE FITNESS,08,20180420,20170815,SP,6637
28422801,0001,1,ATLETTIC ACADEMIA,08,20250128,20170810,MT,9067
28425719,0001,1,,08,20171212,20170815,SP,7107
28430391,0001,1,,08,20250210,20170816,MG,4083
28430723,0001,1,HERO FITNESS,08,20180712,20170816,PR,7563
28433416,0001,1,MMA TEAM CAVEIRA,08,20180530,20170816,BA,3849
28434327,0001,1,UP LIFE,08,20170827,20170816,CE,1389
28434340,0001,1,RENATA NOGUEIRA,08,20180115,20170816,PR,7623
28434361,0001,1,ESTUDIO DE MUSCULACAO MENEZES FITNESS,04,20210422,20170816,BA,3993
28435897,0001,1,COMERCIAL ESPORTE CLUBE PEIXOTO,04,20260514,20170814,MT,9891
28437438,0001,1,STUDIO PILATES VITALIDADE & HABILIDADE,08,20180213,20170816,MG,4123
28437740,0001,1,STUDIO B3,02,20170816,20170816,RS,8951
28444426,0001,1,MONTEIRO TREINAMENTOS E CONSULTORIAS,08,20180220,20170817,GO,9373
28445535,0001,1,,04,20210415,20170817,SP,6133
28446035,0001,1,ACADEMIA DE PREPARACAO FISICA MILITAR,04,20210303,20170817,MA,0869
28456115,0001,1,OVER FIT,02,20170818,20170818,RS,8841
28459699,0001,1,RENATO ARAUJO NOBREGA,08,20190614,20170820,PR,7691
28460456,0001,1,SAUDE E EQUILIBRIO,02,20230112,20170820,SP,7107
28464418,0001,1,EDUARDO M DE OLIVEIRA,04,20210210,20170821,DF,9701
28468401,0001,1,RENATA ALMEIDA,02,20170821,20170821,RJ,6001
28470085,0001,1,THAYNAPERSONAL,08,20180218,20170821,GO,9373
28470395,0001,1,,02,20170821,20170821,SP,6291
28472200,0001,1,FITNESS CLUB,02,20220303,20170821,RJ,5819
28476978,0001,1,,08,20171002,20170822,PR,7791
28481542,0001,1,GISLAINY MELO SERVICOS LTDA,08,20170913,20170823,RN,1779
28484679,0001,1,,08,20250114,20170823,RS,8915
28485474,0001,1,INBALANCE,08,20180221,20170823,MG,4123
28486908,0001,1,RB RAZOES DISTRIBUIDORA,08,20210312,20170823,RJ,5877
28494428,0001,1,CYPA FUTEBOL,08,20240306,20170824,RJ,6001
28497333,0001,1,ANA PAULA ROCHA STUDIO PILATES,02,20170824,20170824,MG,5111
28498441,0001,1,,04,20210419,20170824,MG,4733
28501642,0001,1,PATIM ESPORTES,08,20180703,20170825,SP,7097
28502897,0001,1,KVE6 FITNESS,02,20170825,20170825,MG,4763
28504524,0001,1,KELY PERSONAL 16,04,20220208,20170825,RJ,6001
28507399,0001,1,PRO LIFE,02,20170825,20170825,ES,5703
28507436,0001,1,BARBOZA PERSONAL,08,20190523,20170825,RJ,6001
28508949,0001,1,MAURICIO PEREIRA SALES,08,20180326,20170825,MG,4945
28509303,0001,1,,08,20180207,20170825,SP,6231
27902952,0001,1,SHJ FITNESS,02,20170530,20170530,RJ,5833
28511344,0001,1,1000TON SPORTS AULAS E ACESSORIA ESPORTIVA,02,20250729,20170826,SP,6213
28512753,0001,1,LEILA FRAGOSO,08,20200330,20170827,PE,2531
26490385,0001,1,ARENA FITNESS,08,20170828,20161107,GO,9677
28514559,0001,1,LEO PERSONAL TRAINER,02,20220304,20170828,RJ,5865
28515418,0001,1,ACADEMIA + SAUDE,04,20240807,20170828,GO,9373
28515900,0001,1,MG FITNESS,08,20250703,20170828,RJ,5897
28517246,0001,1,LUCIANO PERSONAL,08,20180327,20170828,SP,6213
28519634,0001,1,DIET BOX,08,20210323,20170828,MG,5403
28519898,0001,1,BERIMBAL PREPARADOR FISICO,08,20190531,20170828,SP,7107
28520191,0001,1,,02,20170828,20170828,SP,7005
28521131,0001,1,DANIELE AGUIAR,08,20180219,20170828,SP,6789
28522486,0001,1,ESPACO BUSNELLO ESTETICA E FITNESS,04,20210226,20170828,SP,7107
28524465,0001,1,NINA,04,20210318,20170829,SC,8183
28525398,0001,1,WR GYM,02,20221213,20170829,SP,7107
28526106,0001,1,,08,20220202,20170829,SP,6929
28528424,0001,1,,02,20170829,20170829,SP,6179
28530143,0001,1,EWERTON RIBEIRO PEREIRA,04,20210226,20170829,SP,7107
28531559,0001,1,MD SPORTS,02,20170829,20170829,MA,0803
28532909,0001,1,A PILATES STUDIO,04,20220209,20170829,SP,7107
28534597,0001,1,PERSONAL TRAINER JEANE PEREIRA,08,20200106,20170830,RJ,5865
28534836,0001,1,MOBILIZE,08,20180201,20170830,GO,9459
22902694,0028,2,SELF IT ACADEMIAS,02,20170829,20170829,BA,3685
28535196,0001,1,ACADEMIA CORPO IDEAL,08,20181025,20170830,CE,1361
28537727,0001,1,PERFORMANCE ACADEMIA,08,20180130,20170830,RO,0009
28540097,0001,1,ESPACO FREEDOM,08,20180607,20170830,MG,4863
28542920,0001,1,ACADEMIA RILION GRAICE,04,20210318,20170830,SC,8227
28545579,0001,1,,02,20230916,20170831,SP,7107
28551354,0001,1,STUDIO MOVIMENTO DO CORPO,08,20210224,20170831,BA,3849
28551452,0001,1,SATTVA ESPACO INTEGRATIVO E YOGA,08,20221026,20170831,TO,9385
28551722,0001,1,D A SPORTS,04,20220127,20170831,RJ,5865
28552326,0001,1,,08,20201211,20170831,PR,7569
28552708,0001,1,ELIANA DOS SANTOS,08,20180918,20170831,SP,6177
28553806,0001,1,IMC,04,20210309,20170831,PR,7493
28554821,0001,1,ACADEMIA SAUDE FITNESS,08,20170919,20170831,MG,4595
28565785,0001,1,ESPACO FUNCIONAL,08,20170930,20170903,PE,2381
28572905,0001,1,BOX 300,02,20220811,20170901,SP,7237
28573766,0001,1,RPG ACADEMIA,08,20230323,20170904,CE,1389
28575898,0001,1,IKE MASTERS,08,20180525,20170904,SP,6213
26618246,0001,1,POWERFIT CENTRO DE ATIVIDADES ESPORTIVAS 2,04,20210416,20161128,MG,4521
28581629,0001,1,ADRIANA P XAVIER,08,20171231,20170905,ES,5615
28583600,0001,1,,04,20210318,20170905,SC,8327
28588659,0001,1,ERIVAN REIS,08,20181119,20170906,GO,9373
28590296,0001,1,SANTE ESTUDIO DE PILATES,08,20180207,20170906,RS,8771
28590882,0001,1,,08,20180102,20170906,PR,7439
28591373,0001,1,ESCOLINHA DE FUTSAL TOQUE DE BOLA,08,20190109,20170906,RS,8431
28595174,0001,1,UAI FIT GYM,02,20170906,20170906,MG,4501
28599521,0001,1,ACADEMIA EQUILIBRIO,08,20170911,20170908,PB,0500
28601448,0001,1,PARK SAUDE,02,20170908,20170908,DF,9701
28602502,0001,1,,08,20210416,20170908,SP,6913
28433901,0001,1,WAGNER PEREIRA PERSONAL TRAINER,08,20180828,20170816,RS,8801
28606673,0001,1,,08,20230207,20170911,MG,4649
28607078,0001,1,,04,20210226,20170911,SP,7107
22433257,0002,2,,08,20210113,20170906,SP,7209
28608175,0001,1,ESPACO CARIOCA,08,20220831,20170904,RJ,6001
28608274,0001,1,EVOLUCAO FIT,08,20180122,20170911,SC,8081
28609424,0001,1,FABREGAS MOVIMENTO,04,20210226,20170911,SP,7107
28609673,0001,1,,08,20180306,20170911,SP,7157
28610643,0001,1,LUIZA SERRACHIOLI,08,20191125,20170911,SP,7071
05239361,0003,2,,08,20230119,20170911,SP,7107
28612330,0001,1,,02,20250724,20170911,SP,6713
28621505,0001,1,J & A FITNESS,08,20211216,20170912,RN,1881
28621995,0001,1,,08,20200214,20170912,MG,4705
28622451,0001,1,COLISEU ON CROSS,04,20220127,20170912,MG,4445
28626329,0001,1,TECFIT BRASIL,08,20250910,20170912,RS,8801
28636085,0001,1,ACADEMIAS GERACAO FITNES,08,20250512,20170913,AL,2763
28636935,0001,1,AFITNESS,02,20170914,20170914,SC,8105
28637012,0001,1,STUDIO MPA,08,20180829,20170914,SP,6379
28637655,0001,1,STUDIO DINEI PEREIRA,02,20170914,20170914,RJ,2921
28638599,0001,1,SONALE STUDIO PILATES,02,20170913,20170913,BA,3965
28638996,0001,1,LEANDRO FARIAS PERSONAL TRAINER,08,20180615,20170914,SC,8105
28640327,0001,1,,08,20200131,20170914,SP,7107
28644376,0001,1,STRIKER FORCE,08,20230529,20170914,PR,7859
28644601,0001,1,DANILO CRISCUOLO,08,20200916,20170914,SP,6313
28646853,0001,1,UP PERSONAL,08,20180426,20170914,MG,4123
28648082,0001,1,PILATES,08,20180315,20170915,GO,9595
28651063,0001,1,,08,20200727,20170915,SP,6789
28652363,0001,1,BLACK CROSS FUNCIONAL,02,20170915,20170915,SP,7107
28652984,0001,1,ACADEMIA IMPERIO FITNESS,08,20190122,20170915,PB,0452
28653677,0001,1,ACADEMIA MOVIMENT,02,20170915,20170915,PB,2047
86400710,0006,2,ACADEMIA ATLETICA,08,20190617,20170915,MG,4309
28655489,0001,1,S.M.STUDIO DE TREINAMENTO FUNCIONAL,08,20170919,20170915,SP,7149
28655610,0001,1,,04,20210225,20170915,RS,8531
28657171,0001,1,GUI ANNIBAL PERSONAL TRAINER & CONSULTING,08,20180305,20170916,SP,6875
28657264,0001,1,FABIANO ANTUNES ALVES BARBOSA,08,20180416,20170916,SP,7107
28658735,0001,1,KETRYN VIEGAS DE MELO,08,20220927,20170917,RJ,5909
28659709,0001,1,ESTUDIO LG PESONAL,02,20170918,20170918,PB,2011
28660505,0001,1,STRONGMAN INVICTOS,08,20180428,20170918,GO,9373
28663685,0001,1,FLEX GYM FITNESS,02,20170918,20170918,RJ,5847
28664008,0001,1,CONEXAO BEM ESTAR,02,20170918,20170918,SP,7107
28666357,0001,1,,08,20180404,20170918,SC,8105
28667326,0001,1,FITNESS MUNDIAL,02,20260525,20170918,BA,3721
28668053,0001,1,ARCADE BOX,04,20210224,20170918,CE,1389
28669113,0001,1,TRANSFORMANDO SAUDE E CORPO,08,20230802,20170918,RJ,6001
28672803,0001,1,MARIANA SIMOES FONTANA,08,20180315,20170919,SP,6581
28675035,0001,1,,04,20260519,20170919,PR,7925
28679098,0001,1,,08,20260108,20170919,RS,8785
28683122,0001,1,GILDO RIBEIRO,08,20210416,20170920,SP,6789
28689268,0001,1,,04,20210415,20170920,SP,6913
28689813,0001,1,FREDY ANDRADE PERSONAL/PREPARADOR FISICO,08,20190226,20170920,SP,6689
28690039,0001,1,HUGO LEONARDO PEREIRA ROCHA,08,20180228,20170920,MG,4123
28692129,0001,1,,04,20220127,20170921,SP,7099
28695447,0001,1,VAL - SPORTS,08,20210205,20170921,RJ,6001
28696990,0001,1,MONICA COSTA STUDIO FITNESS,02,20221108,20170921,MG,4091
28699769,0001,1,ACADEMIA FORCA TOTAL FITNESS,04,20210210,20170921,GO,9445
28702362,0001,1,,08,20200605,20170922,SP,6511
07594978,0186,2,SMARTFIT,02,20170921,20170921,SP,7107
28704521,0001,1,CRICIUMA FITNESS CENTER,02,20170922,20170922,SC,8089
28706798,0001,1,HERLAN GONCALVES,08,20260423,20170922,MS,9051
28716841,0001,1,2BEFIT,08,20221117,20170925,SP,6291
28717485,0001,1,NATTY PERSONAL,04,20210330,20170925,MG,4371
28720247,0001,1,BETO JR. ASSESSORIA ESPORTIVA,08,20220505,20170925,AM,0255
28720819,0001,1,,08,20180117,20170925,SP,7107
28722667,0001,1,FABIO MANGA,04,20210311,20170925,RJ,6001
28722876,0001,1,PH FITNESS,04,20210226,20170925,SP,7107
28728845,0001,1,ACADEMIA LA VITTA,08,20191213,20170825,PR,7535
28730050,0001,1,RAVANA HERRERA PERSONAL TRAINER,08,20240827,20170926,MG,4123
28733930,0001,1,BONATTI PERSONAL,08,20180510,20170926,SP,6579
28735941,0001,1,,02,20170926,20170926,RS,8915
28737986,0001,1,MELBFIT,08,20220427,20170927,PR,7535
28738715,0001,1,JB ESPORTES E ATIVIDADES FISICAS,08,20240523,20170927,SP,7107
28741144,0001,1,ACADEMIA BIOFITNESS,08,20200129,20170927,BA,3813
19871781,0002,2,CROSSFIT BLACK ORANGE,08,20200221,20170927,SC,8027
28743423,0001,1,PERSONAL TRAINER NATHAN DORNELLAS,08,20230607,20170927,RJ,5877
28746714,0001,1,NILTON,08,20260129,20170928,RJ,6001
28753919,0001,1,DQ SOCCER,08,20180130,20170928,SP,6361
28754748,0001,1,O LAPIDADOR DE SONHOS,04,20260522,20170928,SP,6703
28756020,0001,1,PERSONAL CAIO DOVIGO,08,20180208,20170929,SP,7149
28758786,0001,1,,04,20220209,20170929,MG,4701
28761190,0001,1,LEANDRO SERAFIM,08,20171227,20170929,RJ,6001
28762499,0001,1,WK SUPLEMENTOS,04,20210423,20170929,RN,1761
28766421,0001,1,,04,20210319,20171001,RJ,5901
28769501,0001,1,,04,20210413,20171002,MG,5407
28774136,0001,1,MOITA TEAM,04,20210223,20171002,AM,0255
28774730,0001,1,STUDIO MIX,08,20190526,20171002,MG,5201
28775710,0001,1,BASTOS PERSONAL TRAINER,08,20241129,20171002,SP,7107
28776215,0001,1,LORENA LIMA NUTRICAO E SERVICO SOCIAL,08,20190103,20171003,BA,3685
28776269,0001,1,VITA CORPUS ACADEMIA,02,20171003,20171003,SC,8349
28777073,0001,1,FMP PERSONAL TRAINER,08,20180916,20171003,RJ,5809
28777370,0001,1,CROSSFIT BABU,04,20260515,20171003,CE,1389
28778956,0001,1,UPLEVEL FLOW,02,20171003,20171003,DF,9701
27168651,0002,2,DR FITNESS,02,20171002,20171002,RJ,5843
28782315,0001,1,RRI CASCAVEL ACADEMIA DE GINASTICA LTDA,02,20171003,20171003,PR,7493
28782359,0001,1,,02,20171003,20171003,RS,8801
28785362,0001,1,COACHING E CONSULTING,08,20180207,20171003,GO,9373
28791052,0001,1,D K ACADEMIA,08,20260327,20171004,SP,7107
28794912,0001,1,ZANON SOLUCOES EM QUALIDADE DE VIDA,08,20180313,20171004,SP,7107
28797904,0001,1,,08,20190329,20171005,RJ,5877
28798397,0001,1,KELSON PERSONAL BOXE,04,20210407,20171005,BA,3849
28800184,0001,1,STUDIO MICAELE OLIVEIRA,02,20171005,20171005,BA,3309
28800478,0001,1,WIN SPORTS,02,20171005,20171005,RJ,5847
28802028,0001,1,MATEUS GOMES ASSESSORIA ESPORTIVA,04,20210407,20171005,BA,3849
28802897,0001,1,FOCCUS,08,20190209,20171005,PR,7885
28810099,0001,1,MARCIO HENRIQUE,04,20210223,20171006,AM,0255
28810900,0001,1,,04,20190531,20171005,RS,8771
28814968,0001,1,EDYPERSONALL,04,20240827,20171006,CE,1389
28816368,0001,1,ELIEL PERSONAL E CONSULTORIA,04,20210409,20171007,PE,2531
28817090,0001,1,MM INDIVIDUAL,08,20171110,20171008,CE,1389
28817547,0001,1,MIOFIBRA ACADEMIA,08,20200824,20171008,PB,2051
28818234,0001,1,,08,20201027,20171009,SP,6383
28819905,0001,1,,08,20180510,20171009,SP,7133
28821281,0001,1,MOVIMENTO EM ACAO,08,20230417,20171009,SP,6415
28825274,0001,1,,04,20210309,20171009,PR,7859
28827915,0001,1,,04,20210426,20171009,BA,3515
28828058,0001,1,MULTISPORT - TREINAMENTO FUNCIONAL,08,20191107,20171009,RS,8599
28832916,0001,1,PILATES CARLA PEZZI,02,20171010,20171010,PR,7667
28833183,0001,1,SMART FIT,02,20171009,20171009,RJ,5925
28842419,0001,1,FORMA FIT,04,20210326,20171011,SP,6477
09047141,0002,2,A10 ACADEMIA,08,20230705,20171011,AL,2705
28844380,0001,1,,08,20260612,20171011,SP,7107
28847023,0001,1,,04,20210224,20171011,CE,1389
28851040,0001,1,BOX CROSSFIT,02,20171013,20171013,AM,0255
28853238,0001,1,NUTRITION PERFORMANCE,08,20171016,20171013,AM,0255
28854034,0001,1,PERSONAL DAGNER GANDUR,08,20240209,20171014,SP,6477
28861951,0001,1,ACADEMIA EQUIPE 3,02,20171016,20171016,BA,3849
28863386,0001,1,BODY MOVING FITNESS,04,20210423,20171016,RN,1761
28864047,0001,1,PLANETA FITNESS,08,20180410,20171016,MS,9051
28864680,0001,1,,08,20180618,20171016,SP,6587
28865339,0001,1,JF PERSONAL TRAINER,08,20210709,20171016,PR,7667
28870763,0001,1,IMPACTUS EVENTOS,02,20171017,20171017,RS,8543
28872801,0001,1,JF PERFORMANCE ATIVIDADES ESPORTIVAS,04,20220209,20171017,RJ,6001
28875432,0001,1,SUELLEN FAVARO,04,20210226,20171017,SP,7107
28878351,0001,1,TRAINING FIT - CONSULTORIAS E EVENTOS ESPORTIVOS,04,20210419,20171018,SP,6361
28878790,0001,1,"SOULFIT PILATES, FUNCIONAL & TRAINING",02,20171018,20171018,ES,5705
28878945,0001,1,ACADEMIA BETTER LIFE,04,20210210,20171018,GO,9573
28879854,0001,1,,08,20180315,20171018,SP,7145
28884018,0001,1,ACADEMIA MUCHAGATA,04,20210317,20171018,PR,7535
28885930,0001,1,DFIT STUDIO,02,20220317,20171018,BA,3565
28832562,0001,1,11 ELEVEN MATERIAIS ESPORTIVOS,08,20200427,20171010,MG,5201
28890817,0001,1,PULSAR CROSSFIT,02,20171019,20171019,BA,3849
28891568,0001,1,ACADEMIA OPTIMUS,08,20180906,20171019,BA,3849
27365939,0001,1,MENTORIA OVERALL,08,20240910,20170322,RN,1761
28898786,0001,1,J F FITNESS,08,20190128,20170925,RJ,5819
28900250,0001,1,R1 ACADEMIA,08,20220627,20171020,PB,1981
28900274,0001,1,,04,20220126,20171020,SP,6427
11135814,0053,2,SMARTFIT,08,20190708,20171020,RJ,6001
13738986,0006,2,ACADEMIA PRORITMO,04,20210330,20171020,MG,5091
28904335,0001,1,S SIMAS CONDICIONAMENTO FISICO,08,20180117,20171020,SP,7225
28906785,0001,1,BOX INTENSITY,08,20211110,20171020,RJ,5815
28909627,0001,1,IGOR BATISTA ASSESSORIA E TREINAMENTO ESPORTIVO,08,20180104,20171022,RJ,6001
28909777,0001,1,PALERMO FUTEBOL CLUBE,04,20210225,20171022,RS,8801
28910619,0001,1,CARIOCA FITNESS,08,20180302,20171023,SP,7099
28911800,0001,1,,08,20171214,20171023,SC,8357
28912977,0001,1,CHARLES DELMAN PEREIRA MACHADO,08,20171215,20171023,BA,3363
28913579,0001,1,LAURO MEYER TREINAMENTO PERSONALIZADO,08,20190906,20171023,PR,7535
28918719,0001,1,,02,20171023,20171023,SP,6229
28923823,0001,1,D N CONDICIONAMENTO FISICO,08,20180125,20171024,SP,7225
28924605,0001,1,,08,20231129,20171024,DF,9701
11135814,0059,2,SMARTFIT,08,20190708,20171024,RJ,6001
28926379,0001,1,TMF ASSESSORIA ESPORTIVA,08,20190201,20171024,RS,8801
28928963,0001,1,POLITI PERSONAL,04,20220208,20171024,RJ,6001
28932565,0001,1,PRO MOUVE,08,20210701,20171024,MG,4123
26137969,0001,1,THIAGOAUGUSTOPERSONAL,08,20180910,20160909,DF,9701
28941521,0001,1,,02,20171026,20171026,MG,4365
28944720,0001,1,FUNCIONAL FIT,08,20210615,20171026,ES,5659
28944872,0001,1,RAQUIEL PAZETO PERSONAL TRAINER,08,20180419,20171026,MS,9011
28945445,0001,1,GO JUMP COREOGRAFIAS,04,20210304,20171027,RS,8599
28952394,0001,1,ACADEMIA PERFORMANCE,08,20240612,20171027,PB,1953
28952880,0001,1,ACADEMIA LIFE FITNESS,04,20220127,20171027,RJ,2915
28953486,0001,1,GRACIE BARRA,08,20200303,20171027,SP,6579
28957794,0001,1,CT AMANDA MARQUES,02,20171029,20171029,AL,2785
28957925,0001,1,TALITA SACRAMENTO,04,20210409,20171029,PE,2531
28960208,0001,1,MAIS CROSSFIT,04,20210219,20171027,PA,0535
28965032,0001,1,CHANGE IWM ACADEMIA DE GINASTICA,02,20171030,20171030,SP,6291
28969719,0001,1,ACADEMIA DEUS DA FORCA,02,20171030,20171030,PI,1117
28970795,0001,1,DALMIR TREINADOR DE GOLEIROS,04,20210224,20171031,CE,1389
28970840,0001,1,BIG FIT UN 2,02,20171031,20171031,SP,6569
28972877,0001,1,ACADEMIA ADRENALINA,08,20190502,20171031,MG,4621
28542829,0001,1,ACADEMIA ALL FITNESS,08,20171031,20170830,SC,8047
28981098,0001,1,FROES PERSONAL TRAINER,04,20210415,20171031,SP,6969
28982257,0001,1,INNER STUDIO,08,20190820,20171101,SP,7107
28983726,0001,1,,08,20181019,20171101,SP,6163
28984139,0001,1,STUDIO JAM PILATES,08,20191104,20171101,MG,5343
28985049,0001,1,GA PILATES,02,20171101,20171101,SP,7107
28985535,0001,1,,08,20210604,20171101,SP,7107
28990953,0001,1,PAULA PEDROSA PERSONAL TRAINER,08,20180309,20171101,MG,4371
28992335,0001,1,ANANDA YOGA,08,20220105,20171102,RJ,6001
28997072,0001,1,TATIANA RIBEIRO PILATES,02,20171103,20171103,PB,2051
29000032,0001,1,,02,20171106,20171106,MG,5385
29000984,0001,1,OTHON CAPDEVILLE,04,20210416,20171106,MG,4123
29001422,0001,1,,04,20231108,20171106,MG,4069
12214968,0003,2,AJA MAIS SAUDE ACADEMIA,08,20250425,20171106,BA,3685
29003970,0001,1,RENATO JUNIOR,04,20210423,20171106,RN,1761
29006698,0001,1,RB TERAPIAS ALTERNATIVAS,08,20211122,20171106,SP,7107
29008817,0001,1,,08,20180413,20171106,BA,3849
29009703,0001,1,CORPUS FITNESS ACADEMY,02,20171107,20171107,CE,1507
29009741,0001,1,M D STUDIO ACADEMIA,08,20171228,20171107,MG,4611
29010073,0001,1,JULLIANO VOLPATO CONSULTORIA FITNESS,08,20180530,20171107,SC,8105
29010406,0001,1,CCAF - CENTRO DE CONDICIONAMENTO E ATENCAO FISICA,02,20220914,20171107,SC,8367
29014996,0001,1,VIDA SAUDAVEL,04,20210226,20171107,SP,7107
29016131,0001,1,,02,20171107,20171107,SP,7107
29017021,0001,1,TREINO & COMPANHIA ACADEMIA,02,20171107,20171107,SP,6221
29017755,0001,1,ACADEMIA CORPO EM MOVIMENTO,08,20210528,20171107,RS,8531
29018086,0001,1,,08,20180111,20171107,SP,7097
29020185,0001,1,ACADEMIA ALTA PERFORMANCE,04,20220128,20171107,CE,1385
29021097,0001,1,,08,20180123,20171108,SP,7107
29023915,0001,1,NOVA FIT,02,20171108,20171108,SP,7157
29030928,0001,1,STUDIO LEILA OLIVEIRA,08,20180411,20171108,SP,7107
29034131,0001,1,RICARDO LIMA PERSONAL,04,20210423,20171109,RN,1761
29036393,0001,1,CROSS JL TRAINER,04,20220608,20171109,RO,0005
29036486,0001,1,,04,20210406,20171109,SP,6251
29038029,0001,1,,08,20171208,20171109,RN,1779
29042180,0001,1,PERSONAL SAFIRA NERI,08,20180111,20171109,PA,0509
29042607,0001,1,EDUCADORA FISICA BRUNA CARVALHO,08,20180226,20171109,SP,3061
29046573,0001,1,FIT LIFE ACADEMIA,04,20260525,20171110,RS,8791
29052500,0001,1,MP FITNESS & WELLNESS,04,20220126,20171111,AL,2825
29053059,0001,1,PERSONAL ALMIR RAMOS,02,20171111,20171111,SP,7107
29053860,0001,1,CENTRO DE TREINAMEMTO ENZO NOGUEIRA,04,20210324,20171112,SP,7057
29054298,0001,1,MONICA PERSONAL TRAINER,08,20250819,20171112,SP,6921
29056134,0001,1,,08,20180605,20171113,MG,4301
29057949,0001,1,FITNESS SHOY,02,20211227,20171113,SP,7107
29058103,0001,1,FIQUE FINO,04,20260526,20171113,SE,3233
29062747,0001,1,STARTFIT,02,20171113,20171113,SC,8221
29064406,0001,1,,08,20180125,20171113,MG,4123
29064528,0001,1,THALLITA SCHEFFER,04,20210225,20171113,RS,8915
29074923,0001,1,CORPUS ACADEMIA,08,20180219,20171115,MS,9075
29076762,0001,1,,08,20210210,20171115,ES,5705
29085349,0001,1,VIANA ACADEMIA FITNESS,08,20230831,20171116,MA,0949
29087035,0001,1,ESTABILIZE PILATES E ESTETICA,08,20190103,20171117,GO,9373
29087597,0001,1,ALEXANDRE MOREIRA,08,20180507,20171117,SP,7099
29093856,0001,1,NEY PERSONAL,08,20180618,20171117,SP,6645
29094008,0001,1,,08,20180118,20171117,SP,6849
29094302,0001,1,C.T W ACADEMIA,02,20171117,20171117,GO,9373
29096700,0001,1,THE TAO STUDIO,04,20210210,20171118,DF,9701
29097297,0001,1,STUDIO DE TREINAMENTO KL FITNESS,08,20180321,20171119,AL,2785
29100301,0001,1,ARENA FIT ACADEMIA,08,20190827,20171120,MG,4485
29100565,0001,1,PERSONAL ANDERSON OLIVEIRA,08,20190226,20171120,MG,4123
29105398,0001,1,,08,20241202,20171120,RS,8841
29107223,0001,1,,08,20220512,20171121,PR,7917
29109870,0001,1,,08,20180717,20171121,SP,7107
29111181,0001,1,ACADEMIA IMPACTO FITNESS,08,20231124,20171121,MG,4031
29113068,0001,1,,02,20250814,20171121,PR,7751
29113260,0001,1,ESPACO PRIORI PILATES E ESTETICA,08,20180125,20171121,SP,6887
29115498,0001,1,,04,20210218,20171121,MT,9047
29116011,0001,1,JA ESPORTE E LAZER,08,20190725,20171121,ES,5703
29118993,0001,1,CENTRO DE TREINAMENTO TEAM SUBTIL,08,20210301,20171122,ES,5701
29119266,0001,1,,08,20180224,20171122,SP,7099
26111098,0002,2,,02,20171122,20171122,MG,4553
29120265,0001,1,CROSS-FITNESS,08,20221125,20171122,SP,6757
29124755,0001,1,GRACIE BARRA FONTE,04,20210303,20171122,MA,0921
29126599,0001,1,XTREME FIT ACADEMIA DE MUSCULACAO,02,20171123,20171123,GO,9379
29128925,0001,1,,08,20180102,20171123,RJ,5867
29133892,0001,1,,08,20180831,20171123,SP,6495
29137539,0001,1,,02,20171124,20171124,RS,8801
29140709,0001,1,CROSS LIFE NUTRITION CENTER JEANS,04,20260612,20171124,SP,6511
29141448,0001,1,ACADEMIA EXPRESSAO ATIVA,08,20200820,20171124,RS,0966
29143314,0001,1,,08,20181231,20171124,GO,9473
29148803,0001,1,ACADEMIA GOLDEN FIT,02,20171127,20171127,SP,6427
29150419,0001,1,PERSONALFIT,04,20210415,20171127,SP,6727
29150795,0001,1,,08,20230601,20171127,PE,2531
29153076,0001,1,ACADEMIA E CENTRO DE ESTETICA MODELO,08,20240718,20171124,MT,9151
29154717,0001,1,ERGOQUALYTA - QUALIDADE DE VIDA NO TRABALHO,08,20220530,20171127,SP,6291
29154795,0001,1,GUARANHA ASSESSORIA ESPORTIVA,04,20231122,20171127,SP,6713
29158225,0001,1,ALINNE GONZAGA SERVICOS DE RECREACAO,08,20190924,20171128,SP,6551
29165459,0001,1,DANIO KRYPSY ENTRETENIMENTO & FITNESS,04,20210303,20171128,CE,1559
29166131,0001,1,,02,20171128,20171128,PI,1153
29166230,0001,1,ACADEMIA PRO-FITT,08,20180509,20171128,PR,7889
29168339,0001,1,,08,20181227,20171129,SP,6411
29168696,0001,1,ACADEMIA POWER FITNESS,02,20171129,20171129,PR,7885
29172143,0001,1,TAMARA RAQUEL SCHONS SCHNEIDER,08,20190131,20171129,RS,8617
29174718,0001,1,ATIVO TRAINING,08,20260122,20171129,PE,2491
29175354,0001,1,EQUIPE FUNCIONAL TNT BLACKOUT,08,20200715,20171129,BA,3849
29176049,0001,1,MELLO PERSONAL,04,20210310,20171129,SP,6291
29176200,0001,1,WOD 360O,08,20180530,20171129,SP,7097
29180931,0001,1,MORUNBI ACADEMIA,08,20201120,20171130,BA,3015
29181314,0001,1,,02,20171130,20171130,DF,9701
29183908,0001,1,FIVE ACADEMIA,08,20180531,20171130,PE,2491
29193005,0001,1,ACADEMIA MOVEMENT FIT,08,20210913,20171201,GO,1052
29196446,0001,1,BRUNOCARMINATTIPERSONAL,08,20180123,20171204,RS,8785
29199415,0001,1,,04,20260609,20171204,SP,6291
29209968,0001,1,MY POWER NOW,02,20171205,20171205,SP,6293
29211038,0001,1,G FITNESS,02,20171205,20171205,SC,8233
29216046,0001,1,CT ATIVIDADES FISICAS,02,20171206,20171206,PR,7937
29217058,0001,1,ASSESSORIA ESPORTIVA RAPHAEL BITTENCOURT,08,20180123,20171206,MS,9051
29219901,0001,1,4FITGYM ACADEMIA,02,20171206,20171206,RS,8839
28448631,0001,1,ESPACO OM YOGA E TERAPIAS,08,20170818,20170818,SP,6281
29222444,0001,1,,08,20171218,20171206,RN,1761
29223326,0001,1,FR14,08,20190219,20171206,PB,1937
29224376,0001,1,,04,20220208,20171207,RJ,6001
29224465,0001,1,,04,20210419,20171207,MG,4733
29226350,0001,1,,02,20171207,20171207,RJ,6001
29231731,0001,1,ESTUDIO NAMASTE,08,20180117,20171207,GO,9563
29026872,0001,1,PILATES AND SHIATSU FOR MEN,08,20181210,20171108,DF,9701
29237956,0001,1,RC ESPORTIVA E EVENTOS MOTIVACIONAL,08,20230404,20171208,DF,9701
29238996,0001,1,VINICIUS CARVALHO - PERSONAL TRAINER,04,20210323,20171209,PR,7917
29240639,0001,1,,04,20210310,20171211,SP,2951
29240925,0001,1,,08,20190311,20171211,ES,5727
29243689,0001,1,PERSONAL DAVID ROBSON,04,20210419,20171211,MG,4733
29248957,0001,1,ACADEMIA LU AZEVEDO,08,20240208,20171212,PA,0427
29250315,0001,1,FOUR ACADEMIA,08,20171219,20171212,RJ,5897
29252653,0001,1,GOLD FIT,02,20171212,20171212,AL,2785
29254165,0001,1,FUNCIONAL PAPA-LEGUAS,04,20210426,20171212,BA,3515
28409986,0002,2,STUDIO GIL LUZ,08,20200911,20171212,MA,0921
29260021,0001,1,,04,20260520,20171213,BA,3827
29263483,0001,1,,04,20210406,20171213,SP,6213
29264105,0001,1,DVK ASSESSORIA ESPORTIVA,08,20180129,20171213,PR,7535
29264812,0001,1,VID'ATIVA,08,20210414,20171213,RS,8489
29266776,0001,1,,04,20210415,20171214,SP,7145
29267806,0001,1,RB ACADEMIA,02,20171214,20171214,AL,2779
29270509,0001,1,ZEN HAUS ALPHAVILLE,08,20230823,20171214,SP,6213
20916884,0002,2,,08,20201110,20171214,SP,7099
29275300,0001,1,NOVA RADAN,02,20250129,20171215,SP,7107
29279956,0001,1,ACADEMIA HIPER FITNESS,08,20251216,20171215,BA,3849
28943604,0002,2,STUDIO DANIELA POLETTO,02,20171215,20171215,SC,8105
29282872,0001,1,BURPPEE,08,20190208,20171217,SP,7181
29287884,0001,1,PHYSIO ESPACO PILATES,04,20210416,20171218,MG,5155
29292351,0001,1,,08,20240909,20171219,SP,6179
29292494,0001,1,NAIFIT,02,20171219,20171219,SP,7107
29294476,0001,1,TACIANO MAGALHAES,04,20210303,20171219,CE,1447
29295500,0001,1,CAIO NEVES PERSONAL TRAINER,08,20181230,20171219,MG,5373
29295582,0001,1,PERFORMANCE TREINAMENTO E AVALIACAO,08,20190110,20171219,GO,9395
29295630,0001,1,CHRISTIAN F CHAVES,08,20180321,20171219,PR,7535
29295901,0001,1,CLINICA DANIEL RODRIGUES FISIOTERAPIA E PILATES,02,20220726,20171219,BA,3463
28351212,0001,1,COMPLEXO SPORT,02,20170806,20170806,CE,1251
29298298,0001,1,TRANSFORMERS LIFE,08,20200205,20171219,PR,7433
29298853,0001,1,CHURRASQUINHO E PETISCO NA GARAGEM,08,20250227,20171220,RJ,5813
29299139,0001,1,STUDIO BODYTIME,08,20230621,20171220,PE,2531
29299581,0001,1,ASSINTASAP,04,20181212,20070518,MS,9063
29300574,0001,1,,08,20260610,20171220,BA,3849
29301891,0001,1,JOAO VIEIRA PERSONAL TRAINER,04,20210309,20171220,PR,7667
29302622,0001,1,FIT DAY,08,20210928,20171220,BA,3515
29305881,0001,1,BIOFIT ACADEMIA,02,20171221,20171221,MG,4147
29306160,0001,1,,04,20210218,20171221,ES,0760
29310495,0001,1,COACH DERIK,04,20210317,20171221,PR,7535
29311593,0001,1,BVS RECIFE,02,20190604,20171221,PE,2531
29317783,0001,1,ERREJOTA TRAINING,08,20180511,20171223,RJ,6001
29321237,0001,1,,02,20220209,20171226,RJ,6001
29321337,0001,1,THOMAS PERSONAL,04,20220209,20171226,RJ,6001
29323097,0001,1,BS PERSONAL,08,20181015,20171226,SP,7075
29326860,0001,1,,02,20171227,20171227,SP,6291
26761807,0003,2,FIT PLAY,04,20231030,20171227,BA,3849
29327711,0001,1,FERNANDA SA,08,20180515,20171227,SP,7107
29331926,0001,1,ORCELIANA SOUZA,08,20260520,20171228,GO,9473
29332718,0001,1,MY BOX PLANALTO,08,20190823,20171228,SP,6155
26793775,0001,1,STUDIO BODY FIT,08,20180304,20170104,MS,9125
29338023,0001,1,BOX TS,02,20180102,20180102,SP,6543
29339647,0001,1,,08,20200206,20180102,PR,5531
29356173,0001,1,FIVE ACADEMIA,02,20180104,20180104,PE,2491
29363312,0001,1,,04,20240830,20180105,SP,7151
29369288,0001,1,SENTIDO UNICO,04,20260515,20180105,CE,1389
29376500,0001,1,,02,20210504,20170816,PR,7535
29376700,0001,1,M2 FTNESS,08,20231124,20180108,AL,2785
29377424,0001,1,MOVIMENTUM PILATES,04,20210120,20180108,AP,0609
29390392,0001,1,AEROFITNESS,08,20210728,20180109,BA,3669
29391849,0001,1,LIV PILATES E MASSOTERAPIA,08,20211118,20180109,SC,8047
29393209,0001,1,UP TREINAMENTO FISICO,08,20200925,20180109,MG,5049
29395436,0001,1,ACADEMIA MOVIMENT FITNES,02,20180109,20180109,PB,2175
29396542,0001,1,ACADEMIA NEW CONCEPT,08,20230223,20180110,GO,9221
29397797,0001,1,CORPO LIVRE MULTIESPORTES,02,20180110,20180110,MG,5035
29402861,0001,1,ERICA PILATES,02,20180110,20180110,MG,4763
29408128,0001,1,,08,20180406,20180110,SP,7183
29412923,0001,1,FIT 21,02,20180111,20180111,BA,3515
17683447,0005,2,FIT PLAY BRASIL PAU MIUDO,08,20190409,20180112,BA,3849
29427084,0001,1,SMART FIT FORMOSA,08,20190624,20180112,PA,0415
26929386,0001,1,ROOTS TRAINING,08,20180307,20170123,AL,2785
29432261,0001,1,ACADEMIA SPORT FITNESS,02,20180115,20180115,PR,7541
29434869,0001,1,RHINO FIT STUDIO,08,20260121,20180115,PA,0427
29457654,0001,1,CORPO & SAUDE ACADEMIA,02,20180117,20180117,PR,7423
28136191,0001,1,PAULA MINELLI STUDIO E PERSONAL TRAINER,02,20170707,20170707,SP,6969
29462212,0001,1,FAMILY BJJ STORE,08,20250310,20180117,PR,7923
29479559,0001,1,ARENA PRIME,08,20190213,20180119,AL,2871
29481708,0001,1,STUDIO CORPO E SAUDE,02,20180119,20180119,PR,7469
29483420,0001,1,AR FITNESS ACADEMIA,04,20260521,20180119,MA,0226
29497158,0001,1,CF LIONS,02,20180122,20180122,GO,9373
29498621,0001,1,FUNCIONAL VANESSA ROCHA,02,20180122,20180122,SP,6233
29505429,0001,1,EQUIPE PLX,02,20180123,20180123,RS,8801
29510061,0001,1,,02,20180123,20180123,SP,6875
26904693,0001,1,STUDIO DAMASCENO,02,20170119,20170119,MS,9079
29531536,0001,1,ACADEMIA DNA STUDIO FITNESS,02,20180125,20180125,RN,1867
29532464,0001,1,CIA DO CORPO CENTRO DE ARTES,02,20180125,20180125,PR,7563
29533117,0001,1,,02,20171205,20171205,PR,7535
29537293,0001,1,,08,20250825,20180126,SP,6895
29539594,0001,1,SPACO FITNESS,08,20230427,20180126,GO,9735
29546161,0001,1,,02,20180127,20180127,SP,6313
29553599,0001,1,MAGNUS FITNESS,08,20211108,20180129,DF,9701
29554112,0001,1,GINASIO COLISEU,08,20210310,20180129,PR,7943
29557830,0001,1,MANZI,02,20180129,20180129,GO,9373
29563179,0001,1,ZONA FIT,02,20180130,20180130,PI,1167
29578046,0001,1,MEGA FORMA,04,20201027,20180131,PB,2051
29578084,0001,1,IMPERIO ACADEMIA,08,20200723,20180131,PA,0483
27043126,0001,1,PERSONAL TABATA MOURA,08,20180131,20170206,SP,6969
29595798,0001,1,ACADEMIA BEST FIT,08,20220925,20180201,SP,7107
27282531,0001,1,LG SERVICOS ESPORTIVOS,08,20180201,20170313,PE,2531
29600677,0001,1,CF4018,02,20180201,20180201,RJ,5869
29605434,0001,1,,08,20240323,20180202,RS,8599
29614734,0001,1,STUDIO PRIMU S FITNESS,08,20200617,20180205,SP,6929
29617204,0001,1,ESTACAO FITNESS ACADEMIA,02,20180205,20180205,PA,0427
29300228,0001,1,,08,20180215,20171220,SP,6979
29632289,0001,1,,08,20260406,20180206,RS,8541
23004472,0002,2,STUDIO TRIO FIT,08,20251119,20180206,SC,8031
29634075,0001,1,,08,20180903,20180206,PB,2117
28949589,0001,1,FULL GYM,08,20180207,20171027,MG,5403
29645129,0001,1,SKULL BOX,08,20181107,20180207,MG,5343
29645641,0001,1,ORTIZ FITNESS,08,20200127,20180205,MT,9067
29650950,0001,1,ACADEMIA SUPERACAO FITNESS,08,20221222,20180208,RO,0033
29651952,0001,1,ACADEMIA CORPO IDEAL,02,20180208,20180208,RS,8955
29657339,0001,1,POWER FITNESS,08,20200113,20180208,PR,8451
29666772,0001,1,EQUILIBRIUM ACADEMIA,02,20180209,20180209,PB,1965
29667282,0001,1,FORMULA DO CORPO,02,20180209,20180209,MG,4133
29687554,0001,1,SPARTA GYM ACADEMIA,02,20180215,20180215,PA,0571
29694704,0001,1,CROSSFIT,02,20180216,20180216,SP,6619
29696944,0001,1,VIDA ATIVA ACADEMIA,02,20180216,20180216,TO,9355
29707752,0001,1,ESTADIO3,08,20230325,20180219,SE,3157
29712552,0001,1,,02,20180219,20180219,SP,7107
29713688,0001,1,CTI ACADEMIA,02,20180219,20180219,SP,6511
29716994,0001,1,ACADEMIA CULTURAL FITNESS,02,20180219,20180219,SC,8357
29722085,0001,1,,08,20220621,20180220,RS,8801
29735047,0001,1,,02,20180221,20180221,RS,8599
29737422,0001,1,PHYSICUS STUDIO,02,20180221,20180221,MG,4917
29750139,0001,1,,08,20240313,20180221,RJ,6001
29753646,0001,1,ACADEMIA SPORT FITNESS,02,20180222,20180222,MA,0957
28736661,0001,1,DIEGO ALVES COACH,08,20180222,20170927,PE,2531
29764854,0001,1,SPORT FIT ACADEMIA,02,20180223,20180223,PB,2151
29765845,0001,1,ISE TREINAMENTO MULTIFUNCIONAL,02,20180223,20180223,SP,6707
26077377,0001,1,ACADEMIA E FIT,04,20260528,20160829,RJ,5869
26095157,0001,1,HORUS ACADEMIA,02,20160902,20160902,PR,7553
26292200,0001,1,MOOVIN,02,20161004,20161004,PR,7493
26640686,0001,1,STUDIO PRIME PILATES,02,20161130,20161130,RJ,6001
27482820,0001,1,OPTIMUS FIT,08,20210909,20170406,SP,6737
28279812,0001,1,ACTION FORCE ACADEMIA,02,20211209,20170727,PB,2175
29003814,0001,1,ACADEMIA 12 / 8,04,20220607,20171106,PE,2513
29129890,0001,1,,02,20171123,20171123,SP,6477
29779412,0001,1,,02,20180226,20180226,RN,1759
29783091,0001,1,CROSSFIT RIO DO SUL,08,20200811,20180226,SC,8291
29788065,0001,1,CORPUS ACADEMIA,08,20220131,20180227,MS,9075
29789703,0001,1,CLUB FIT 83,02,20180227,20180227,PB,2225
29790751,0001,1,ACADEMIA TEMPLUM,04,20201027,20180227,PI,1219
07594978,0195,2,SMARTFIT,02,20180227,20180227,RJ,6001
29792148,0001,1,BOX NUTRITION ITATIBA,08,20200601,20180227,SP,6569
29796756,0001,1,VIGORE PILATES,04,20201029,20180227,BA,3363
29316240,0002,2,FD GINASTICA,02,20220712,20180227,SP,7107
29811180,0001,1,,02,20180228,20180228,RS,8847
29812552,0001,1,MAR FIT FUNCIONAL,02,20180227,20180227,SP,6175
29814844,0001,1,MIXFIT STUDIO DE TREINAMENTO,04,20210419,20180301,MG,4733
29815629,0001,1,FUNCIONALIZE,02,20180301,20180301,SC,8333
26733784,0001,1,MOVIMENTE-SE!,04,20220209,20161219,RJ,6001
29817713,0001,1,,08,20250314,20180301,RS,6029
29825484,0001,1,,08,20191211,20180222,PR,7535
29825597,0001,1,,08,20211027,20180228,RJ,6001
29827473,0001,1,ESTUDIO G,08,20250218,20180302,PR,7791
16851803,0002,2,D FIGHT,02,20250115,20180302,PR,7667
29842398,0001,1,BP91 CONDICIONAMENTO E PERFORMANCE,04,20260521,20180305,PA,0427
29842966,0001,1,SPORT LIFE,04,20210219,20180305,PA,0471
29856546,0001,1,,02,20180306,20180306,RS,9821
29866820,0001,1,,02,20180307,20180307,MG,5371
29868036,0001,1,MONSTER GYM,08,20190711,20180307,PR,7667
29875404,0001,1,GADU STUDIO FITNESS,02,20180307,20180307,SC,8179
29876997,0001,1,THE TRAINING HOUSE BY FERNANDA MARANHA,02,20170731,20170731,PR,7535
29880819,0001,1,TOP FITNESS,08,20200116,20180308,MS,9073
29695078,0002,2,,08,20210702,20180308,PR,5487
29881800,0001,1,,02,20180308,20180308,RS,8853
29882365,0001,1,,08,20230906,20180307,RJ,6001
29886053,0001,1,,02,20180308,20180308,SP,7107
29890608,0001,1,MONSTER FIT CLUB,08,20230503,20180309,CE,1395
29893295,0001,1,,08,20200625,20180309,SP,7097
29596931,0002,2,FEMALE FITNESS,02,20180309,20180309,BA,3449
29167382,0001,1,GEORGE SANTANA,08,20191126,20171129,MS,9051
27912556,0001,1,SUPERWOD,08,20251228,20170607,AM,0255
29906723,0001,1,PERFECT BODY,04,20220607,20180309,RJ,6001
29915215,0001,1,CENTRO DE TREINAMENTO COWORKOUT ONE,02,20251210,20180313,DF,9701
29932078,0001,1,THE POWER ACADEMIA,02,20180314,20180314,BA,3383
27683881,0001,1,ACADEMIA BOA FORMA,02,20170509,20170509,MG,5073
13084344,0002,2,MELISSA FITNESS ACADEMIA,02,20180315,20180315,MG,4953
29949398,0001,1,SPEED + STUDIO FUNCIONAL,02,20180315,20180315,SC,9967
29951566,0001,1,ACADEMIA REVANCHE,08,20180724,20180315,MT,9777
29971070,0001,1,STUDIO PERSONA,04,20240812,20180319,GO,9445
29972133,0001,1,VILLAFIT ACADEMIA,02,20180319,20180319,ES,2935
10412346,0003,2,ACADEMIA ESTACAO A,08,20190719,20180319,SP,7181
29979056,0001,1,ARENA FITNESS,08,20240529,20180320,AP,0611
26193572,0001,1,PLAY ACADEMIA,02,20160919,20160919,SP,6425
29987926,0001,1,ACADEMIA SPORT VIDA,02,20180320,20180320,PR,7777
29989849,0001,1,FG LAVRATTI,02,20180320,20180320,MT,9833
29995208,0001,1,ACADEMINA SAUDE EM FORMA,08,20200519,20180321,MG,4187
29997931,0001,1,,08,20210726,20180321,SP,6407
30002650,0001,1,INTEGRAFIT,02,20180321,20180321,RJ,5909
30006471,0001,1,ACADEMIA ENTRE ELAS,02,20170526,20170526,PR,7535
30007293,0001,1,ACADEMIA POWER JYM,02,20180322,20180322,MG,5053
30017464,0001,1,FENIX ESPACO FITNESS,08,20200127,20180323,MG,4521
00318069,0020,2,BIORITMO,02,20180323,20180323,SP,7107
30024655,0001,1,PRIME PERFORMANCE,08,20240401,20180323,SP,7107
30031291,0001,1,,02,20220516,20180326,SP,7107
30031584,0001,1,ACADEMIA ELITE,02,20180326,20180326,SP,6761
30033797,0001,1,AR + ZEN,02,20180326,20180326,CE,1389
30038979,0001,1,BIOX SUPLEMENTOS,02,20220225,20180326,SP,6601
30041005,0001,1,,08,20211210,20180326,SP,6249
27506924,0001,1,LUCIANA FAGUNDES TERAPIA CORPORAL,08,20180326,20170410,SP,7237
30046674,0001,1,CORPU'S FITNESS ACADEMIA,04,20260528,20180327,MG,5229
30053703,0001,1,BR FLY CLUB FITNESS,08,20191014,20180327,SP,7145
30054238,0001,1,BMK TRAINING,08,20241125,20180327,MT,9067
30056078,0001,1,CONEXAO FIT ACADEMIA,08,20250130,20180327,SE,3105
30058401,0001,1,FUSION FITNESS,04,20210408,20180327,RJ,5885
17902104,0002,2,,08,20190906,20180328,PR,7923
30068293,0001,1,,08,20250630,20180329,SP,7135
30068481,0001,1,BSB CENTRO DE TREINAMENTO,08,20190802,20180329,DF,9701
27997475,0001,1,,08,20180329,20170620,SP,6635
30008602,0002,2,LADIES TRAINING,08,20190723,20180322,RS,8599
26309156,0001,1,ACADEMIA MEL FITNESS,02,20240416,20161006,BA,3687
30079633,0001,1,HYPER,02,20180402,20180402,PR,7657
30080852,0001,1,ZINGA CROSSFIT,02,20241028,20180402,SC,8105
30084706,0001,1,CENTRO DE TREINAMENTO INTEGRADO,02,20180402,20180402,CE,1505
14775510,0003,2,GYNASIUM FITNESS TRITON,02,20230331,20180402,GO,9227
00461479,0083,2,PREVENT QUALITY,08,20180917,20180403,SP,7107
30096596,0001,1,ACADEMIA IMPERIO FITNESS,08,20200629,20180403,RO,0027
30097050,0001,1,,08,20200708,20180403,SP,7107
30105486,0001,1,,02,20180404,20180404,SP,7079
26480581,0001,1,DC CONSULTORIAS,08,20180404,20161103,RS,8801
30115617,0001,1,TOP STUDIO,08,20200203,20180405,MG,4997
29823041,0005,2,,08,20190219,20180405,MG,4123
30116454,0001,1,ATR ACADEMIA,04,20210409,20180405,PI,1159
30117045,0001,1,PULSE EMS,08,20210826,20180405,PR,7667
30118349,0001,1,ARENA FITNESS ACADEMIA,04,20220609,20180405,BA,3573
30118438,0001,1,ESF,08,20190807,20180403,RJ,6001
30119678,0001,1,ESTUDIO MARIANA SILVA,08,20210415,20180405,MG,4959
30131504,0001,1,CLASSICAL PILATES STUDIO,08,20260406,20180406,PE,2531
30133198,0001,1,MASTER VIBE FITNESS,02,20180406,20180406,RJ,5925
30139797,0001,1,ACADEMIA FORMAS FIT,04,20210303,20180408,CE,1385
30162496,0001,1,ESSENCIAL ASSESSORIA ESPORTIVA,08,20200512,20180410,SP,6595
30162684,0001,1,ESSENCE STUDIO DE PILATES,02,20180410,20180410,PR,7929
30167279,0001,1,MOOVE CROSS,02,20180411,20180411,PA,0427
30168091,0001,1,ACADEMIA NEW WORD FITNESS,08,20230227,20180411,SE,3195
30168888,0001,1,PREVEN-CARDIO ACADEMIA,08,20240618,20180411,MG,5029
30171256,0001,1,ARES ACADEMIA,08,20240430,20180411,SP,7075
30179638,0001,1,MAIS ACADEMIA,02,20180412,20180412,MG,4911
27558191,0001,1,ACADEMIA MUSCULO E SAUDE,02,20170419,20170419,MG,4379
30195741,0001,1,,08,20220317,20180413,RS,8677
30206415,0001,1,C & N NATACAO,08,20230109,20180416,SC,8183
30213899,0001,1,STUDIO Q TRAINING,08,20180912,20180417,SP,7145
30214222,0001,1,,02,20180417,20180417,PR,7667
30221933,0001,1,CROSS LIFE PROENCA,08,20241216,20180417,SP,6291
30224387,0001,1,MIDIA FITNESS ACADEMIA,02,20201104,20180417,MT,9167
30224675,0001,1,TOP TRAINING,08,20180814,20180417,PE,2531
30228896,0001,1,VITALFIT,02,20230609,20180418,MS,9159
27941659,0001,1,PCTRAINING,08,20180418,20170610,GO,9373
26752961,0001,1,TULIO FLORES ASSESSORIA ESPORTIVA,08,20180418,20161222,RS,8801
30243866,0001,1,BRAVO ACADEMIA,04,20210226,20180417,SP,7107
30248403,0001,1,BALLANCE PILATES E FITNESS,02,20180419,20180419,PA,0535
30254427,0001,1,ACADEMIA UP TRAINING,02,20180419,20180419,BA,3849
30260252,0001,1,,04,20210316,20180420,RJ,5815
30262607,0001,1,,02,20180420,20180420,SP,6713
27849874,0001,1,PILATES ADRIANA TAVARES,08,20180421,20170530,PE,2401
30264640,0001,1,FUSION MULHER FITNESS,08,20250522,20180420,MG,4123
30287085,0001,1,ACADEMIA JOE MUSCLE,04,20231030,20180424,GO,9227
30287709,0001,1,MATEUS PETITTO PERSONAL,02,20180424,20180424,DF,9701
30301510,0001,1,ESPACO EVOLUIR - CENTRO DE ATIVIDADES FISICAS,02,20180425,20180425,SP,7075
30302034,0001,1,HIIT BOX,02,20180425,20180425,MG,4123
22132743,0002,2,,08,20211129,20180426,SP,6241
30150855,0001,1,CHARLES NICHELLE,08,20190213,20180409,PR,7751
30308297,0001,1,,02,20180426,20180426,SP,6553
30312804,0001,1,VIP BOX,08,20250414,20180426,SP,7097
28314118,0001,1,RFITNES,08,20180426,20170801,MT,9167
30313594,0001,1,ACADEMIA BLACK BULL FIT,02,20180309,20180309,PR,7535
30324699,0001,1,POWER 7 FITNESS,08,20200619,20180427,MG,5343
30336620,0001,1,INVENTIVA 8,02,20180501,20180501,SC,8185
30338301,0001,1,,04,20220609,20180502,SP,7107
30342761,0001,1,TECFIT IPANEMA I,08,20210831,20180502,RJ,6001
30355715,0001,1,,08,20200827,20180503,SP,7107
30361051,0001,1,CATTO SAUDE E BEM ESTAR,08,20260202,20180503,SP,6875
30361761,0001,1,MAIS FITNESS,04,20260527,20180503,GO,9289
30365220,0001,1,ALTO NIVEL CLUBE FITNESS,08,20240527,20180504,DF,9701
30368523,0001,1,ACADEMIA EVOLUCAO FIT,08,20190724,20180504,SC,8081
30383556,0001,1,ESTUDIO EVOLUTION,02,20180507,20180507,PR,7771
30387813,0001,1,TOP LIFE CROSSFIT,08,20190711,20180507,DF,9701
30390930,0001,1,EXCLUSIVA FITNESS ACADEMIA ROSA,04,20210426,20180507,BA,3909
30391035,0001,1,ACADEMIA DOIS IRMAOS,04,20201027,20180502,CE,1475
30392510,0001,1,STRONG CROSS BOX 21 - CENTRO DE TREINAMENTO FITNESS,08,20221215,20180508,GO,9373
30394452,0001,1,MY BOX BANDEIRAS,08,20190509,20180508,SP,6291
30394702,0001,1,MY BOX,04,20240826,20180508,SP,7149
27393300,0001,1,KFITNESS,08,20180508,20170327,MG,4755
30405622,0001,1,ACADEMIA OLIMPIA TJ,02,20180509,20180509,SC,8355
30405665,0001,1,X1 SPORTS,02,20210827,20180509,SP,7097
30406420,0001,1,IMPERIUM ACADEMIA,02,20210301,20180509,SP,7107
30407659,0001,1,,02,20180509,20180509,SP,7107
19903348,0002,2,OX ACADEMIA,02,20180509,20180509,RN,1795
30410173,0001,1,MARASO ACADEMIA,08,20200122,20180509,BA,3849
30421245,0001,1,CELULA,02,20210222,20180510,MA,0921
30422498,0001,1,BOX FOZ DO IGUACU JD. TAROBA,08,20200818,20180510,PR,7563
30423080,0001,1,TET FISIOTERAPIA,02,20180510,20180510,SP,7107
30423493,0001,1,COQ ACADEMIA,02,20210922,20180510,SC,8105
30429828,0001,1,EMDORFINE CLUB,08,20201110,20180511,SP,6619
30431294,0001,1,FITNESS SPORT,08,20240606,20180511,SP,7017
30442285,0001,1,,08,20200617,20180514,SP,6713
30033704,0001,1,,02,20180326,20180326,SP,7107
30446393,0001,1,ACADEMIA SHALOM,08,20241126,20180514,AL,2729
30447179,0001,1,CENTRO DE TREINAMENTO FUNCTIONAL SPARTANS,02,20180514,20180514,CE,1385
09570775,0002,2,EXCLUSIVA ACADEMIA FEMININA,02,20180514,20180514,MG,4799
30450023,0001,1,TRINDADE FITNESS,08,20220413,20180514,BA,3313
30462462,0001,1,BABY GYM,08,20210209,20180515,RJ,6001
30467341,0001,1,MONSTER FIT ACADEMIA,08,20240112,20180516,MG,4285
28982584,0001,1,,08,20180516,20171101,SP,7007
27348203,0001,1,TEAM ASSESSORIA ESPORTIVA,08,20180516,20170321,MG,4895
30476837,0001,1,ACADEMIA STRONG FITNESS,02,20260227,20180516,RJ,0772
30477401,0001,1,EVOLKE PERSONAL STUDIO,08,20200515,20180516,SC,8233
30479041,0001,1,PERFORMANCE VISUAL,02,20180517,20180517,CE,1455
24921465,0027,2,,02,20180517,20180517,RJ,6001
30497268,0001,1,LEX PELACHIM,08,20210419,20180518,MT,9067
30497601,0001,1,MEGA SAUDE,04,20210210,20180518,DF,9701
30507977,0001,1,TABUBA FITNESS,08,20240517,20180521,CE,1373
30515871,0001,1,WOW FITNESS,04,20210212,20180521,GO,0053
30518541,0001,1,FENIX - STUDIO DE TREINAMENTO FUNCIONAL PERSONALIZADO,02,20180522,20180522,SE,3105
30520442,0001,1,V FITNESS,02,20180522,20180522,CE,1259
28335717,0001,1,HEALTH BOX NUTRITION,08,20211217,20170803,SP,6681
30548264,0001,1,ACADEMIA MEGA CORPO,02,20180524,20180524,MA,0827
30550409,0001,1,ACADEMIA M@K2,08,20241127,20180524,SP,7107
30555712,0001,1,ACADEMIA HOUSE MONSTER,04,20201022,20180525,RS,8875
26418990,0001,1,,02,20160701,20160701,PR,7535
30576271,0001,1,3C FORCE STUDIO PERSONAL,02,20180529,20180529,MG,4617
30579324,0001,1,ACTIVE GYM TRAINING,02,20210907,20180529,PE,2627
30592597,0001,1,ACADEMIA PUNHOS DE FERRO,08,20191119,20180530,SP,2965
30598934,0001,1,RF FITNESS,04,20210426,20180601,AL,2793
30607530,0001,1,DESAFIO CROSSBOX,04,20260609,20180604,MS,9051
30629420,0001,1,CROSS VIKINGS,02,20180606,20180606,ES,5645
30631124,0001,1,ENERGY CROSS FIT,08,20200504,20180606,MG,4123
30632257,0001,1,OLD GYM ACADEMIA DE GINASTICA E MUSCULACAO LTDA,02,20180606,20180606,PR,7425
12419512,0002,2,ACADEMIA R.M. FTNESS II,08,20190516,20180606,SP,6477
30643607,0001,1,PLATOONGYM,04,20210309,20180607,PR,7583
30648788,0001,1,PONTO SPORTS,02,20180607,20180607,ES,5703
30653461,0001,1,ACADEMIA FILADELFIA,08,20190613,20180608,AP,0605
30653958,0001,1,ACADEMIA MUSCLE POWER,08,20190510,20180608,SE,3169
30655502,0001,1,SEVEN LABS,08,20221104,20180608,SP,6619
30656168,0001,1,FABIANA FANTINI PILATES E FISIOTERAPIA PELVICA,08,20251210,20180608,MG,4637
30658417,0001,1,,02,20180608,20180608,ES,5629
30668234,0001,1,FITNESS PRIME,02,20250528,20180611,PI,1219
30680507,0001,1,BOX VILA SONIA,08,20191211,20180612,SP,6875
30682911,0001,1,BRASBOL STUDIO & FITNESS,02,20180612,20180612,PR,7619
30686750,0001,1,TOP GYM ACADEMIA,02,20180612,20180612,RJ,5885
30691952,0001,1,CROSS LIFE PIRITUBA,02,20180613,20180613,SP,7107
30694119,0001,1,ACADEMIA CORPO & VIDA,02,20180613,20180613,MT,9925
30694264,0001,1,AM FITNESS,04,20210212,20180613,GO,9227
30700545,0001,1,STUDIO DE PILATES TAMARA RIBEIRO,08,20231219,20180614,BA,3873
18799323,0002,2,ESTACAO FIT,02,20180614,20180614,PE,2581
30702289,0001,1,STARFIT,02,20180614,20180614,CE,1355
30705340,0001,1,ACADEMIA NOVA TRIBO,02,20180614,20180614,RS,8773
30711101,0001,1,SMARTFIT JUVEVE,02,20180530,20180530,PR,7535
30711366,0001,1,PRO MONKEY,02,20180613,20180613,MS,9113
30713668,0001,1,PILATES PEDRA BRANCA,02,20180615,20180615,SC,8233
30724072,0001,1,ACADEMIA NEW LIFE,02,20180618,20180618,MG,4959
30736824,0001,1,INVICTUS CROSS,04,20240821,20180619,MG,2673
30743513,0001,1,FLAVIA MUNIZ BEACH TENNIS TRAINING,02,20180620,20180620,RJ,6001
30746909,0001,1,BOX 071 TREINAMENTO FUNCIONAL,08,20210924,20180620,BA,3849
30748109,0001,1,BOX D' CASTRO,08,20250925,20180620,MG,4079
30750267,0001,1,,08,20210122,20180620,SP,6291
30755757,0001,1,ACADEMIA PRO-FIT,08,20191021,20180621,PR,7889
30765830,0001,1,HIDROESPORTE,08,20200203,20180622,RN,1761
25987337,0002,2,STUDIO K2 PERSONAL TRAINING,08,20230424,20180622,SC,8105
29119190,0001,1,,08,20231124,20171122,SP,6477
30779067,0001,1,,08,20201015,20180625,SP,7107
30786715,0001,1,PILATERIA,02,20180626,20180626,SP,6301
30792546,0001,1,ACADEMIA ATIVA,08,20200608,20180626,SP,6379
30798301,0001,1,LETS WOD FITNESS,08,20250528,20180627,SP,7145
13410786,0002,2,FORMA ACADEMIA,02,20180627,20180627,MG,4245
30804456,0001,1,ESCOLA CORPO SAO,02,20180628,20180628,AL,2785
30804743,0001,1,CELESTE YUMI STUDIO DE PILATES,02,20180424,20180424,PR,7535
24571525,0004,2,GRECO FORMA,04,20260521,20180628,PA,0415
30812088,0001,1,TRIBO FITNESS VIDEIRA,08,20191025,20180628,SC,8379
30815689,0001,1,CASAGRANDE STUDIO,02,20180629,20180629,MG,4123
30816378,0001,1,STUDIO ZERO 99,08,20210707,20180629,MA,0919
30819560,0001,1,ESTACAO BOX,08,20180831,20180629,SP,7107
30827493,0001,1,GO FIT ACADEMIA,02,20180702,20180702,PR,7885
30828098,0001,1,BOOX4,08,20200601,20180702,MG,4211
30830530,0001,1,BR FITNESS,02,20180702,20180702,SP,7075
30841495,0001,1,,08,20231218,20180703,RS,8801
30846314,0001,1,,08,20210503,20180704,RS,8677
30851670,0001,1,AVANTE FITNESS,08,20260514,20180704,RJ,5883
21586504,0003,2,LIVE ACADEMIA,02,20180705,20180705,AM,0255
30861259,0001,1,ACADEMYA FJ7,08,20231129,20180705,MG,4141
27552830,0002,2,ACADEMIA OLIMPO,02,20230323,20180706,AM,0255
30880950,0001,1,ACADEMIA MANIA FITNESS,02,20180709,20180709,ES,5605
30894467,0001,1,ESTUDIO PILATES,02,20180710,20180710,CE,1389
30898681,0001,1,,08,20210120,20180521,PR,7535
30902287,0001,1,ACADEMIA TOP FITNESS,04,20210219,20180711,PA,0433
30912336,0001,1,,08,20211210,20180712,RS,8801
30915420,0001,1,F. G. ACADEMIA,08,20230324,20180712,SP,7243
30921060,0001,1,ARENA ADVENTURE TEAM,04,20220609,20180713,PR,7563
30287406,0002,2,BLUEFIT AGUAS CLARAS,02,20180713,20180713,DF,9701
30924517,0001,1,RIDARCK FITNESS,02,20180713,20180713,SP,6477
30925477,0001,1,SPARTACUS FITNESS,02,20180713,20180713,GO,0049
30927806,0001,1,JUNIOR ACADEMIA,04,20231108,20180713,SC,8319
30928879,0001,1,CF APOLLO,08,20250714,20180713,MG,4123
30937021,0001,1,STUDIO EQUILIBRIO CENTRO DE REABILITACAO ESPORTIVA,02,20180716,20180716,MG,5273
27560883,0001,1,SCI FIT PERSONAL,02,20210929,20170419,PB,2051
30939567,0001,1,TOP FITNESS,08,20251001,20180716,GO,9371
30946950,0001,1,,02,20180717,20180717,SP,6227
30949987,0001,1,BOX SUZANO,08,20181219,20180717,SP,7151
30951391,0001,1,ARMOR FIT,08,20200710,20180717,RS,8841
30960631,0001,1,JHOW FITNESS ACADEMIA,02,20180718,20180718,MA,0937
30965844,0001,1,REDADE,08,20200108,20180718,SP,7107
30969295,0001,1,P&B FITNESS,02,20180719,20180719,SP,7107
30978856,0001,1,,08,20210427,20180719,DF,9701
30981466,0001,1,LIKEFIT STUDIO,02,20180720,20180720,DF,9701
30993545,0001,1,ATITUDE FITNESS,08,20191126,20180723,AL,2747
30994110,0001,1,FLEXIBILITY PILATES,02,20180723,20180723,CE,1569
31001987,0001,1,RIOFIT ACADEMIA,02,20180723,20180723,SP,6715
31007025,0001,1,JF SMART FITNESS,04,20231026,20180724,TO,0331
31015409,0001,1,LION FITTNES,08,20220718,20180724,PE,2347
26808201,0001,1,FG TRAINER,08,20220824,20170105,SP,7107
31023032,0001,1,STUDIO BM,02,20180725,20180725,PE,2543
31029656,0001,1,YOU FIT ACADEMIA,04,20210317,20180530,PR,7535
31033253,0001,1,TRANSPORTES BARBIERI,02,20180726,20180726,RS,8539
31043800,0001,1,,08,20220418,20180727,RJ,6001
31048281,0001,1,AUDAZ ESTUDIO DE TREINAMENTO,02,20180727,20180727,SP,6639
22902694,0037,2,,02,20180730,20180730,CE,1389
31069092,0001,1,BONECA DE ACO,02,20180731,20180731,MT,8987
31069142,0001,1,K2 STUDIO FITNESS,02,20180731,20180731,RS,8723
31071675,0001,1,NEW HOUSE,08,20190607,20180731,RS,8685
31073089,0001,1,SO PARA ELAS ESPACO FEMININO,02,20180731,20180731,MS,9051
31079633,0001,1,ESPACO FITNESS,08,20230206,20180801,PI,0354
30938472,0001,1,,04,20231101,20180710,PR,7535
29903422,0002,2,POWER FITNESS,08,20210506,20180802,MS,9051
31104882,0001,1,KAZAN CROSS,02,20180803,20180803,CE,1569
31111824,0001,1,EQUILIBRIO STUDIO FITNESS,04,20210210,20180803,DF,9701
31136207,0001,1,POWER NUTRITION TRAINER,02,20240822,20180807,GO,9375
31136965,0001,1,CORPO & SAUDE ACADEMIA,02,20180807,20180807,MG,5375
31137624,0001,1,KORPER ACADEMIA,02,20180807,20180807,RJ,5877
31138531,0001,1,BOA FORMA ACADEMIA,02,20180807,20180807,CE,1571
31139075,0001,1,WORLD FITNESS,02,20180807,20180807,ES,5699
31146307,0001,1,ACADEMIA O FIRE,04,20201023,20180808,AM,0255
31154969,0001,1,STUDIO BRUNA ROCHA,02,20180808,20180808,RS,8901
31159847,0001,1,FORMUS ACADEMIA,02,20180809,20180809,RS,8785
31163597,0001,1,FIT POINT,08,20181109,20180809,DF,9701
29733247,0002,2,REDE ATIVE,08,20190715,20180810,CE,1389
31172735,0001,1,ACADEMIA VIVA SPORTS,02,20180810,20180810,SP,6619
31174291,0001,1,BOX 12 POR 8,04,20210309,20180810,PR,7499
31186613,0001,1,CLASSIC FITNESS BRASIL,08,20220722,20180813,MG,4123
30565896,0001,1,ACADEMIA MULTI FITNESS,02,20180524,20180524,MG,5425
31210953,0001,1,AXIS PILATES E ESTUDIO,02,20180814,20180814,PR,7535
31232810,0001,1,CARLA BARBOZA - CTF 79,04,20231117,20180815,RJ,5909
31233177,0001,1,,02,20180815,20180815,SP,7149
24229101,0002,2,MUNDO FITNESS FILIAL,08,20200122,20180808,CE,1439
28328239,0002,2,,08,20220721,20180816,MG,5385
31254779,0001,1,ACADEMIA CORPO PERFEITO,08,20250807,20180816,RN,1651
31260964,0001,1,ACADEMIA DO LEO,02,20180817,20180817,RS,8855
15319664,0003,2,EURO FITNESS,08,20190822,20180820,MG,5403
31274439,0001,1,STUDIO R12 PILATES,02,20180820,20180820,DF,9701
31281621,0001,1,E-QUILIBRIUM,08,20181017,20180820,SP,7107
31283060,0001,1,**,02,20180820,20180820,SP,7143
31289691,0001,1,,02,20180821,20180821,SP,7107
31290689,0001,1,,02,20180821,20180821,RJ,5925
31294500,0001,1,M D FITNSS,02,20211028,20180821,PA,0457
27832596,0001,1,,08,20180824,20170526,PR,7493
31330766,0001,1,ACADEMIA POWER FITNESS,08,20200302,20180824,PE,2415
31351624,0001,1,ACUPUNTURA MAIS SAUDE,02,20180828,20180828,MG,4123
31351959,0001,1,DIAL FIT,02,20180828,20180828,CE,1447
31356847,0001,1,STUDIO TATIANE DRUZIAN,08,20181207,20180828,RO,0015
31362002,0001,1,LIFE FITNESS ACADEMIA,04,20260526,20180828,SE,3165
31364454,0001,1,,02,20180828,20180828,SP,6361
24552175,0002,2,MAX TRAINING,02,20180829,20180829,PI,1159
31373548,0001,1,,02,20180829,20180829,SP,6969
31374662,0001,1,ACADEMIA SPORT FIT,08,20210319,20180829,PR,7535
31380036,0001,1,4T CROSSFIT,02,20180830,20180830,SP,6921
31380365,0001,1,POWER FIT,02,20210929,20180830,PE,2491
31385724,0001,1,,02,20180830,20180830,RS,8729
31388559,0001,1,,08,20211020,20180803,DF,9701
31389145,0001,1,BOX D-15,02,20180717,20180717,PR,7535
31389282,0001,1,JONATASFILIPE@PROFESSOR,08,20230426,20180831,BA,3849
31402749,0001,1,JALES FITNESS E AQUATICA,08,20220113,20180903,PB,1915
31404352,0001,1,ACADEMIA DA VILA,02,20180903,20180903,RJ,6001
31404425,0001,1,RODRIGO PONCE PREPARADOR FISICO,02,20180903,20180903,SP,7071
31410874,0001,1,ACADEMIAZEUS,02,20180903,20180903,SP,7107
31420529,0001,1,,08,20250203,20180904,MG,5347
31431602,0001,1,ACADEMIA SERRA FITNESS,02,20240828,20180905,BA,3933
31434390,0001,1,SOL ACADEMIA FUNCIONAL,08,20201123,20180905,SC,8179
31295292,0001,1,ACADEMIA HULK FITNESS LTDA,04,20210423,20180821,RN,1761
31447698,0001,1,DOCTOR FIT,08,20260422,20180906,RJ,6001
28547664,0001,1,KARATECA,08,20180910,20170831,SP,6213
31473710,0001,1,CARBON CENTRO DE TREINAMENTO,02,20180911,20180911,GO,9399
31475176,0001,1,PILATES PERSONALIZADO PROFESSORA FATIMA FRADE,02,20180911,20180911,SP,6181
31479943,0001,1,LINE ATHLETIC ACADEMIA,02,20180912,20180912,PI,1219
31481537,0001,1,DMP TREINAMENTO PERSONALIZADO,02,20180912,20180912,RJ,6007
29262850,0001,1,ACADEMIA COMBATE,02,20171213,20171213,MA,0921
31485391,0001,1,JOE STUDIO PILATES,08,20200108,20180912,RN,1881
31487567,0001,1,FITKORPUS,08,20201014,20180912,PB,2193
28701919,0001,1,LATTINO DANCE AND SPORTS,08,20180913,20170921,SP,7107
31510429,0001,1,ACADEMIA FORCA DE VONTADE,02,20180914,20180914,PB,1933
27411449,0001,1,XP FIGHT JIU JITSU,08,20190308,20170329,RJ,5869
28686486,0001,1,LUCAS FELIPE DOS SANTOS,08,20180917,20170920,SP,7107
31518156,0001,1,ATENAS ACADEMIA,04,20260526,20180917,MG,4743
31539823,0001,1,INSPIRAR,02,20180918,20180918,PB,1981
30600060,0001,1,FABRICIO BRUM TREINAMENTO PERSONALIZADO,04,20260605,20180601,RS,8531
31546698,0001,1,OASIS BEM ESTAR & QUALIDADE DE VIDA,02,20180919,20180919,RJ,6001
24773630,0002,2,RENE MISTURA BRASIL FITNESS,04,20240822,20180919,BA,3849
31556884,0001,1,,04,20240808,20180920,ES,5705
31561901,0001,1,SPORTS - PERFORMANCE & SAUDE,08,20211130,20180920,SP,6221
31562055,0001,1,FS ESPORTE FINTINESS,04,20201023,20180920,SP,7157
31571339,0001,1,FORTIORI PIEDADE,08,20240527,20180921,CE,1389
31575637,0001,1,ACADEMIA FORTTFIT,08,20200923,20180921,PR,7535
31582223,0001,1,STUDIO VIDA SAUDAVEL - TREINAMENTO FUNCIONAL,08,20260513,20180924,MS,9073
31596771,0001,1,ACADEMIA NEW FITNESS,02,20180925,20180925,PR,5477
31602785,0001,1,STUDIO RANGE,02,20180925,20180925,MG,4123
31607191,0001,1,MAMUTE ACADEMIA,08,20200407,20180926,SE,3129
31343352,0001,1,ESPACO SAUDE BEM ESTAR E QUALIDADE DE VIDA,02,20180827,20180827,RS,8841
31614059,0001,1,CROSS LIFE LOUVEIRA,08,20230901,20180926,SP,6647
31617262,0001,1,CROSS LIFE JOAO XXIII,08,20200917,20180926,MG,4865
28070669,0001,1,VG STUDIO POWER HOUSE,08,20180927,20170629,SP,6669
31622647,0001,1,MONSTER FIT ACADEMIA,08,20230724,20180925,SP,6281
31629070,0001,1,FR FITNES,08,20210312,20180927,RN,1759
31635095,0001,1,ACADEMIA TOP FORMA,08,20181126,20180928,SE,3195
31638293,0001,1,ESPACO NAMASTE PILATES E YOGA,02,20180928,20180928,MG,5273
31640157,0001,1,EDIVALDO FISIOTERAPIA E PILATS,02,20180928,20180928,SP,7107
31641321,0001,1,PLAYBOY PERFORMANCE,02,20230509,20180929,PA,0393
31648691,0001,1,PILATES FERNANDA CALDERARO,02,20181001,20181001,DF,9701
31659967,0001,1,PRIME GYM,02,20181002,20181002,BA,3849
31664585,0001,1,SUPERACAO FITNESS,08,20260325,20181002,MG,4123
31666017,0001,1,LOVATTO FIT,02,20181002,20181002,RS,8839
31676939,0001,1,CENTRAL GYM,02,20181003,20181003,SC,8047
31678637,0001,1,TOP TEAM ACADEMIA,02,20181003,20181003,RS,7325
27107033,0001,1,LUIZ HENRIQUE DA SILVA,08,20181004,20170214,SP,7107
31686673,0001,1,COMMANDO BARBELL CLUB,02,20181004,20181004,RS,8801
31699271,0001,1,,02,20181005,20181005,SP,7145
31699584,0001,1,FORZA TRAINING ESTUDIO,02,20181005,20181005,SC,8227
31703386,0001,1,STUDIO DE PERSONAL MARIELLA,02,20181005,20181005,GO,0077
31709010,0001,1,,04,20240828,20181008,SP,6591
31710350,0001,1,BOX TRIBO JD CARVALHO,02,20181008,20181008,PR,7777
31710827,0001,1,ACADEMIA FISIOFITNESS,08,20200210,20181008,MG,4371
26245831,0001,1,LABORALSH,02,20160927,20160927,SP,7149
31716953,0001,1,SAUDE.COM,08,20190827,20181008,DF,9701
30112887,0001,1,PHYSIOHOME LTDA,02,20180404,20180404,SC,8183
31731901,0001,1,SPORT LIFE VICTOR RIBEIRO,02,20260611,20181010,MG,5343
31733038,0001,1,GUEPARDO KARIRI,04,20210303,20181010,CE,1447
31743254,0001,1,J. CARDOSO TREINAMENTO,08,20190614,20181011,SP,6619
31744732,0001,1,+ ATIVA ACADEMIA,02,20181011,20181011,MA,0961
31746231,0001,1,MY BOX ACADEMIA SAO JOSE DOS PINHAIS,02,20181011,20181011,PR,7885
31746444,0001,1,ASHTANGA YOGA FORTALEZA,04,20231026,20181011,CE,1389
31751188,0001,1,ACADEMIA OLIVEIRA,08,20220124,20181011,RJ,6001
31756864,0001,1,SB FIT ACADEMIA 020 LTDA,02,20181014,20181014,MT,9067
13796957,0003,2,AEROFIT ACADEMIA,02,20181015,20181015,AL,2785
31794192,0001,1,STREET FITNESS ACADEMIA,08,20210427,20181018,GO,9227
31794344,0001,1,PRIORITY CROSS TRAINEE,08,20200211,20181018,TO,9733
31795007,0001,1,FITSCLUB - VIDA E SAUDE EM MOVIMENTO,08,20210226,20181018,RS,8801
31796578,0001,1,FUT & PLAY EDUCACAO LTDA,02,20250410,20181018,PR,7535
31798618,0001,1,OXYGEN FITNESS,02,20181018,20181018,SP,7115
31800029,0001,1,TREINART ACADEMIA,08,20220222,20181018,CE,1447
31809594,0001,1,,02,20181019,20181019,BA,3391
31811015,0001,1,FORTEATIVO TREINAMENTO FUNCIONAL,02,20181019,20181019,SP,6867
31819644,0001,1,K10 ACADEMIA,02,20230516,20181022,MS,9073
31819699,0001,1,DANIELA ZENDRON PERON STUDIO DE PILATES,02,20181022,20181022,SC,8055
31846475,0001,1,,08,20200306,20181024,CE,1369
31846802,0001,1,,02,20181024,20181024,MG,5083
31851114,0001,1,CENTER FIT,02,20181024,20181024,RS,8657
31859696,0001,1,NATURAL LIFE CENTRO DE TREINAMENTO,02,20241223,20181025,BA,3391
31865073,0001,1,R3 FITNESS,02,20181025,20181025,GO,9373
31875285,0001,1,STUDIO PILATES PITTER ISIDORIO,02,20181026,20181026,RJ,5837
31896404,0001,1,DECISIONFIT SERVICOS DE ACADEMIA E MODA FITNESS,02,20181030,20181030,SP,7107
31905791,0001,1,RC FIT ACADEMIA,02,20181031,20181031,PB,1975
31907057,0001,1,FITZONE ACADEMIA,08,20190211,20181031,PB,1981
31907098,0001,1,FERNANDA BRAGA ACADEMIA,02,20250317,20181031,RJ,5871
31907599,0001,1,CROSS LIFE SANTO ELIAS,08,20201019,20181031,SP,7107
31909204,0001,1,,08,20200521,20181031,SP,6181
31923179,0001,1,CAMILA ARAUJO FITNESS,04,20260528,20181101,MG,4917
31939339,0001,1,ACADEMIA FUNCIONAL PAULA BATISTA,04,20260527,20181105,DF,9701
31808004,0001,1,SPORT ELITE FITNESS,02,20181019,20181019,AL,2785
31943835,0001,1,,08,20191031,20181106,SP,7107
31951851,0001,1,HUNTER TRAINING,02,20181106,20181106,MG,4123
31968608,0001,1,,02,20181108,20181108,RS,8599
31969431,0001,1,ACADEMIA PAULAO &CIA,08,20220113,20181108,MG,5155
31975647,0001,1,FREES UP ACADEMIA E LUTAS,02,20181108,20181108,SC,8047
31976726,0001,1,JF ACADEMIA,02,20181108,20181108,PE,2343
31978102,0001,1,UP CROSS TRAINING,02,20181108,20181108,PE,2531
31980449,0001,1,,04,20210305,20181109,SP,7107
31982905,0001,1,PERSONAL CLINIC TRAINING,02,20181109,20181109,AM,0255
31985483,0001,1,QUALITY ACADEMIA GRS,08,20230523,20181109,SP,6477
32003514,0001,1,ACADEMIA ATHLETICA,02,20181112,20181112,SP,7061
26850619,0001,1,STUDIO VIP MOVIMENTE,02,20170112,20170112,MG,4737
32022841,0001,1,VERONICA ANDRADE - ACADEMIA PARA MULHERES,02,20221123,20181114,RJ,5803
32026904,0001,1,W.I VIP,08,20251229,20181114,PA,0411
32027375,0001,1,,08,20191217,20181114,PR,7603
31722875,0001,1,BOX AX,02,20181009,20181009,RS,8553
31934682,0001,1,ACADEMIA TRIBO FITNESS,02,20181105,20181105,PE,2595
32040393,0001,1,VINTE 21 CROSSFIT,08,20221222,20181116,PR,7777
23217525,0002,2,ACADEMIA 4X4,08,20210201,20181119,RS,8801
32054386,0001,1,,04,20260515,20181120,CE,1349
32055728,0001,1,SPORT FITNESS ACADEMIA,04,20220609,20181120,BA,3993
32063743,0001,1,POINT CROSS TRAINING,02,20181121,20181121,RJ,6001
32063852,0001,1,CROSS LIFE TIJUCA,08,20230712,20181121,RJ,6001
32073639,0001,1,ACADEMIA STRONGS,04,20201023,20181122,SP,7075
32078698,0001,1,IMPERIO ACADEMIA,04,20220127,20181122,MG,4371
32079269,0001,1,INOVACAO FITNESS,08,20211203,20181122,SP,6629
32079380,0001,1,ACADEMIA SERIDO FITNESS,02,20181122,20181122,RN,1639
32085450,0001,1,CIGAGYM,02,20181123,20181123,SP,7075
29574666,0003,2,SMART FIT,02,20181123,20181123,BA,3965
32091544,0001,1,SUPERFITNESS ACADEMIA,02,20181123,20181123,ES,5629
32097939,0001,1,ITA FITNESS,02,20181126,20181126,CE,0991
10498252,0004,2,RUBEL UNIDADE I,02,20181126,20181126,SP,7107
32129178,0001,1,ACADEMIA OXYGEN FITNESS,04,20210218,20181128,MT,9067
32135693,0001,1,,02,20181129,20181129,RS,8683
32135784,0001,1,RENAN DE OLIVEIRA LIMA,02,20181129,20181129,SP,6713
32141552,0001,1,,02,20181129,20181129,SC,8373
32143046,0001,1,CROSS EXPERIENCE JANAUBA,08,20220118,20181130,MG,4701
32143537,0001,1,,08,20190423,20181130,PR,7919
32149928,0001,1,,02,20181130,20181130,PR,7495
32150835,0001,1,CROSSFIT GASPAR,02,20181130,20181130,SC,8117
32156368,0001,1,KORU CORPO E MENTE,02,20181203,20181203,SP,7107
32159255,0001,1,STUDIO F,04,20240827,20181203,PE,2499
32159289,0001,1,TOP FITNESS,08,20190918,20181203,BA,3313
24921465,0032,2,,02,20181203,20181203,SP,7107
32175540,0001,1,VIVA MAIS ACADEMIA,02,20181204,20181204,SC,9957
32183853,0001,1,,08,20230728,20181205,RS,8853
32184247,0001,1,STUDIO BOOX,08,20211108,20181205,SP,7107
32188381,0001,1,ACADEMIA IRON FIT,02,20181205,20181205,RJ,6001
32190333,0001,1,BODDY FITNESS,04,20231108,20181206,GO,9289
32194192,0001,1,ACADEMIA COMPANY,02,20181206,20181206,CE,1447
32203751,0001,1,,02,20181207,20181207,RJ,5833
32203944,0001,1,MAXXFIT ACADEMIA,02,20181207,20181207,BA,3901
32219708,0001,1,DILOBOGYM,08,20220915,20181210,CE,1389
32222658,0001,1,,04,20240816,20181205,RS,8591
31446540,0002,2,,02,20181211,20181211,SP,6831
28911528,0001,1,,08,20190107,20171023,SP,7077
32230866,0001,1,ALAMEDA SOCIETY,02,20181211,20181211,RS,8541
32234107,0001,1,PLAY FIT BH,08,20250710,20181212,MG,4123
32234402,0001,1,ACADEMIA CHARLES GRACIE,04,20220608,20181212,DF,9701
18179922,0002,2,,08,20240823,20181213,RJ,5819
32246964,0001,1,,08,20260105,20181213,RS,8587
32248892,0001,1,ACADEMIA VIDA E SAUDE,02,20181213,20181213,RS,1026
32252562,0001,1,BOX POA,02,20181214,20181214,SP,6897
08353829,0003,2,ACUAS FITNESS,02,20181214,20181214,DF,9701
32255588,0001,1,,04,20220609,20181214,SP,6271
07594978,0234,2,SMARTFIT,02,20181214,20181214,SP,7107
32257467,0001,1,GARRA PERSONAL STUDIO,02,20181214,20181214,RS,8853
32265798,0001,1,,08,20240824,20181217,MG,4371
32266768,0001,1,ZEROHUM CROSSFIT LTDA,02,20181217,20181217,RJ,5849
32275209,0001,1,Premium Tres Figueiras,02,20181218,20181218,RS,8801
32282781,0001,1,MANGUSSI FITNESS,02,20181219,20181219,MG,5401
32285115,0001,1,,02,20181219,20181219,SP,6475
32304726,0001,1,CENTRO DE TREINAMENTO CARVALHO COSTA,02,20201130,20181221,CE,1559
32310308,0001,1,ECOPILATES,02,20181226,20181226,DF,9701
32316230,0001,1,STRONG FITNESS,08,20250829,20181227,MG,0730
32318247,0001,1,TOP FIT PRIME ACADEMIA,04,20210409,20181227,PI,1219
27987953,0001,1,DANIELA GUERRA ESPACO FITNESS,08,20181230,20170619,SC,8039
32330598,0001,1,,08,20200211,20190101,MS,9113
32332941,0001,1,SATORI DOJO,08,20221229,20190102,MG,4365
22902694,0049,2,,02,20190103,20190103,SP,7097
32350732,0001,1,,02,20190104,20190104,SP,6331
32350853,0001,1,ACADEMIA CM FITNESS,02,20190104,20190104,MG,4633
32355254,0001,1,FERNANDA SANCHOTENE PILATES E TREINAMENTO FUNCIONAL,02,20260122,20190104,SC,8105
32304576,0001,1,ATHLETICA STRONG,02,20181221,20181221,RJ,2921
32367813,0001,1,TITANS CROSS,08,20210527,20190107,PI,1165
32385014,0001,1,DIVINOPOLIS ACADEMIA P12,08,20210429,20190108,MG,4445
32393022,0001,1,ESPACO SAUDE,08,20190307,20190109,PI,1081
32398846,0001,1,,02,20190109,20190109,SP,6545
32402384,0001,1,EVOQUE FITNESS,02,20190110,20190110,SC,8327
32409190,0001,1,AB SAUDE +,08,20250618,20190110,SP,6271
32425305,0001,1,SPORT FITNESS ACADEMIA,08,20210204,20190111,MT,9831
32439845,0001,1,FOKUS,02,20240104,20190114,RJ,5877
19657982,0002,2,IMPACTO ACADEMIA,08,20190114,20180309,MG,4587
07594978,0245,2,SMARTFIT,02,20190115,20190115,RJ,6001
07594978,0254,2,SMARTFIT,02,20190115,20190115,RJ,6001
07594978,0262,2,SMARTFIT,02,20190115,20190115,RJ,6001
07594978,0271,2,SMARTFIT,02,20190115,20190115,RJ,6001
32455993,0001,1,CF STRONG,02,20190115,20190115,SP,7245
32467259,0001,1,CF BLACK BULLS,08,20210311,20190116,PR,7493
29033777,0001,1,,08,20191011,20171109,RS,8869
32471954,0001,1,STUDIO EVOLUA FIT,02,20190116,20190116,ES,5663
32473683,0001,1,FT ACADEMIA,08,20221111,20190117,SP,7107
32476417,0001,1,,08,20200810,20190117,SP,7107
32484696,0001,1,STUDIO MOBILIZE,04,20260609,20190117,MS,9051
32484954,0001,1,STUDIO BIO VITTA,02,20260606,20190117,RS,8541
32489401,0001,1,AGAPHE STUDIO FITNESS,08,20220113,20190118,PA,0625
32495565,0001,1,STUDIO INVICTUS,08,20200403,20190118,MG,4129
29294815,0001,1,EQUIPE MALU COELHO,02,20171219,20171219,SP,7047
32505515,0001,1,BRUNA MASSAROTO,02,20190121,20190121,SP,7107
29069999,0001,1,PRO SHAPE ACADEMIA,08,20190121,20171114,RS,5757
32521368,0001,1,EVOLUTION FIT,02,20190122,20190122,DF,9701
32521751,0001,1,PRO ACTION ACADEMIA,08,20240320,20190122,SP,6477
24905995,0002,2,,02,20190123,20190123,MG,4123
32545411,0001,1,CROSS LIFE VILA AYROSA,08,20240724,20190124,SP,6789
28603762,0001,1,JOCELIO RODRIGUES DE MESQUITA,08,20190124,20170909,CE,1585
32556380,0001,1,,04,20210407,20190124,BA,3849
32562598,0001,1,ACADEMIA POWER FIT,02,20190125,20190125,PI,1159
32563459,0001,1,STAR FITNESS,02,20190125,20190125,RS,8781
32563996,0001,1,,04,20240815,20190125,PR,7667
28822272,0001,1,ACADEMIA EQUILIBRIO,08,20190410,20171006,RS,8749
32462832,0001,1,R.P.K. - ACADEMIA,08,20210727,20190116,PR,7471
32574553,0001,1,BODYBOX GYM,02,20190128,20190128,MG,4895
21011905,0002,2,,08,20191004,20190128,SP,7097
32585173,0001,1,ATP GYM,04,20231117,20190128,RJ,5853
32591405,0001,1,ACADEMIA PRO FITNESS,08,20220623,20190129,SP,6663
32592031,0001,1,STUDIO ACAO,02,20231101,20190129,PI,1153
32596343,0001,1,ACADEMIA CASARINI,04,20220610,20190129,SP,6713
32596515,0001,1,MOVMENT,08,20191025,20190129,RJ,5825
07594978,0285,2,SMARTFIT,02,20190130,20190130,RJ,6001
07594978,0293,2,SMARTFIT,02,20190130,20190130,RJ,6001
32608241,0001,1,CENTRO DE TREINAMENTO MY FITNESS,02,20190130,20190130,PR,7633
32618652,0001,1,,08,20191209,20190131,SP,7107
32620410,0001,1,CIRCUITO DE TREINAMENTO,02,20190131,20190131,MA,0937
32621394,0001,1,,08,20190705,20190131,RS,8819
32626378,0001,1,STOPFIT,02,20190131,20190131,PB,2117
32627274,0001,1,,02,20190131,20190131,SP,7107
32631263,0001,1,SUPERAR STUDIO PILATES E FUNCIONAL,02,20190201,20190201,MG,4895
32636782,0001,1,OXIGYM,08,20220321,20190201,GO,9227
32650698,0001,1,ACADEMIA STUDIO FITNESS,02,20190204,20190204,PA,0399
32653281,0001,1,FOCO ACADEMIA,02,20190204,20190204,RS,8747
32654264,0001,1,TFA SPORST,08,20210208,20190204,PR,7481
32658732,0001,1,FIT TIME TREINAMENTO FISICO PERSONALIZADO,02,20190204,20190204,SP,6131
32664604,0001,1,,02,20190205,20190205,MG,4167
32664822,0001,1,ACADEMIA BROTHERS,02,20241106,20190205,CE,0987
27751044,0001,1,ACADEMIA WEIDER GYM,08,20190205,20170517,PB,1981
32257624,0001,1,CROSSFIT X-FORCE,08,20230428,20181214,SP,2951
32676743,0001,1,STUDIO TRAINER,02,20190206,20190206,MG,0594
32680832,0001,1,ICARUS ACADEMIA,02,20190206,20190206,ES,5705
32711597,0001,1,S W FISIOTERAPIA E BEM ESTAR,08,20220624,20190208,PR,7583
32723119,0001,1,,02,20190211,20190211,RS,8801
31884557,0001,1,ARENA,08,20220908,20181029,MG,4123
23486447,0002,2,CROSSFIT PORAO,02,20260520,20190211,CE,1389
32461210,0001,1,CROSSFIT CADMO,02,20190116,20190116,SP,6547
29150374,0001,1,ARA WA TREINAMENTO PERSONALIZADO,04,20210401,20171127,DF,9701
32751963,0001,1,ELITE CLUB,02,20190213,20190213,SP,6883
32754191,0001,1,ACADEMIA LIVE FIT,08,20220120,20190213,RS,8683
32756965,0001,1,PRETA REIS,02,20190213,20190213,SP,7107
32759511,0001,1,ESPACO 8M - TREINAMENTO PARA MULHERES,02,20190213,20190213,SP,6929
26318235,0001,1,VAPP CENTRO DE ORIENTACAO FISICA,02,20161007,20161007,RS,7305
32787130,0001,1,,02,20190215,20190215,PR,7691
32804174,0001,1,STUDIO A PERSONAL FITNESS,08,20210830,20190218,SP,7005
32807171,0001,1,LAFIT,02,20210521,20190218,BA,3515
28922578,0001,1,,04,20190515,20171023,RJ,5915
32814236,0001,1,,02,20190219,20190219,MG,4123
32819327,0001,1,CAIO BERREDO,02,20190219,20190219,TO,9733
32821193,0001,1,GRAW CROSSFIT,02,20190219,20190219,RS,8589
32822459,0001,1,ACADEMIA POWER FIT,02,20190219,20190219,DF,9701
32830602,0001,1,NAYARA YESKA PILATES,08,20200623,20190220,DF,9701
32833591,0001,1,EPERSONAL,08,20200117,20190220,RJ,5925
32833815,0001,1,CONTROL PILATES & FISIOTERAPIA,02,20190220,20190220,MG,4371
32834949,0001,1,,02,20190219,20190219,PR,7427
32844432,0001,1,,02,20190220,20190220,SC,8055
32847419,0001,1,ACADEMIA TANAKA,02,20190221,20190221,MT,9925
32854197,0001,1,IMPERIO FITNESS,02,20260608,20190222,MG,4855
32854666,0001,1,ACADEMIA JV SPORT CENTER,02,20241223,20190222,SE,3153
32856769,0001,1,,02,20190222,20190222,PR,7667
32858038,0001,1,SERTAO FITNESS,08,20240821,20190222,PE,2521
32862227,0001,1,SAMARA MOREIRA TREINAMENTO FUNCIONAL,02,20190222,20190222,SC,5543
32875326,0001,1,W R SAUDE E PERFORMANCE,02,20190225,20190225,RJ,6001
32877454,0001,1,RED SEALS BOX TRAINING,02,20190225,20190225,RS,8681
32878335,0001,1,STAFF PILATES,02,20190225,20190225,SP,7107
19412214,0002,2,TOPAZIO CROSS,08,20210205,20190225,MG,4123
32882288,0001,1,BRAVUS FITNESS,02,20190225,20190225,SP,6789
32889848,0001,1,ACADEMIA IMPULSE,02,20190226,20190226,PR,8457
32904894,0001,1,ACADEMIA MAX FITNESS,08,20240619,20190227,RS,8935
32907419,0001,1,BE STRONG FLORIPA,02,20190227,20190227,SC,8105
32908393,0001,1,ACADEMIA HAMMER FITNESS,02,20210330,20190227,SC,8057
32911259,0001,1,,02,20190228,20190228,ES,5705
32915465,0001,1,,02,20190228,20190228,SP,6969
32917649,0001,1,SAUDE & PERFORMANCE TREINO PERSONALIZADO,04,20220607,20190228,MG,5403
32930041,0001,1,ACADEMIA NATURAL FIT,02,20210527,20190301,SP,6987
32946135,0001,1,ACADEMIA ELITE,08,20250502,20190306,SC,8137
27239093,0001,1,STUDIO LEH PILATES ESPACO LETICIA XOTESLEM,08,20190306,20170307,PR,7535
32948158,0001,1,ACADEMIA FERRUS,02,20190306,20190306,SC,8309
32948613,0001,1,STUDIO EVOLUTION FITNESS CENTER,02,20190306,20190306,SP,6595
32950613,0001,1,VIDA E SAUDE,02,20190307,20190307,RS,8901
32951927,0001,1,AR JUNIOR TREINAMENTOS ESPORTIVOS,02,20190307,20190307,SP,7107
32952470,0001,1,,02,20190307,20190307,SC,8055
32952568,0001,1,CENTRO DE TREINAMENTO AR40,08,20211201,20190307,SP,7151
32952901,0001,1,JADERSON FITNESS COACH,02,20190307,20190307,MG,4779
32958231,0001,1,,02,20190307,20190307,PR,7535
32960549,0001,1,ACADEMIA TRANSFORMAR,02,20190307,20190307,SP,6249
32966785,0001,1,CENTRAL GYM,08,20230322,20190308,PB,1959
32969217,0001,1,STUDIO IMPULSE,02,20190308,20190308,SC,8061
32972617,0001,1,CROSS VIKINGS,03,20241205,20190308,SC,8233
32973684,0001,1,STUDIO PERSONAL L. A. MUSCULACAO PARA MULHERES,02,20190308,20190308,TO,9385
32980050,0001,1,CENTRO DE TREINAMENTO FUNCIONAL,02,20190311,20190311,MG,4371
32983623,0001,1,,04,20210225,20190311,RS,8685
32984725,0001,1,ACADEMIA NIVEL 1,02,20190311,20190311,SP,6177
33002065,0001,1,INTENSIVE ACADEMIA,02,20190312,20190312,PR,7417
33005650,0001,1,BOX CAMPESTRE,08,20201030,20190312,SP,6875
33011957,0001,1,EXPERIENCE FITNESS,02,20190313,20190313,RJ,6001
33016194,0001,1,,02,20190313,20190313,DF,9701
33023762,0001,1,,08,20210625,20190314,PR,7535
33024717,0001,1,MOVE A DOIS,02,20190314,20190314,PA,0533
33039129,0001,1,SOUZA E SILVA FIT ACADEMIA,02,20210505,20190315,SP,6477
33045561,0001,1,POWER BOX NUTRITION,08,20210819,20190315,GO,9375
33062599,0001,1,SORRISO FIT ACADEMIA,02,20190318,20190318,MT,9907
33069799,0001,1,FOKUS,08,20210802,20190319,PE,2381
33077442,0001,1,FORTALEZA ACADEMIA,02,20190319,20190319,MA,0765
31691939,0001,1,IF FITNES,02,20181004,20181004,RN,1637
33092356,0001,1,,02,20190320,20190320,ES,5705
33094208,0001,1,FOLLEGO FITNESS ACADEMIA,02,20210625,20190320,SP,6689
33095940,0001,1,FACCHINI NATACAO,02,20240215,20190320,SC,8161
33101770,0001,1,MUGO CROSS FIT,04,20240813,20190321,PA,0427
33102546,0001,1,ACADEMIA COLISEU,08,20200713,20190321,PA,0040
33112099,0001,1,BEM STAR PILATES,08,20190807,20190322,MG,4603
33113563,0001,1,,02,20190321,20190321,SC,8105
33119005,0001,1,ESPACO SAUDE ACADEMIA,04,20231107,20190322,RN,1833
33120659,0001,1,,08,20250704,20190322,RS,8815
33129064,0001,1,ART MUSCLE ACADEMIA,02,20190325,20190325,PE,2549
33130961,0001,1,,02,20190325,20190325,RS,8561
33131885,0001,1,ACADEMIA VASCO FITNESS,08,20200302,20190325,BA,3849
32668399,0001,1,X FITNESS,02,20190205,20190205,PR,7903
33143974,0001,1,CROSS EXPERIENCE PG,08,20230330,20190326,PR,7777
33146773,0001,1,PILATEAR,02,20190326,20190326,BA,3413
33153401,0001,1,STUDIO LINIER ROLIM,02,20190326,20190326,PB,1975
33167274,0001,1,STUDIO SPARTANO,08,20200520,20190327,BA,3401
33171755,0001,1,MAGNIFIQUE,08,20220816,20190328,SP,6713
33176883,0001,1,MULTISPORTS,08,20200914,20190328,RN,1779
33185046,0001,1,ACADEMIA L GYM,02,20190329,20190329,MA,0765
27778473,0001,1,,08,20190329,20170519,PR,7535
33193588,0001,1,WEEK FIT AEROPORTO,02,20190329,20190329,MG,5049
33211404,0001,1,DARK BULLS TRAINER,08,20191211,20190401,RJ,5847
33225762,0001,1,BOX FIT,08,20200309,20190402,ES,5703
33236565,0001,1,PILATES FAZ BEM ESTAR BEM,02,20190403,20190403,SP,7107
33249272,0001,1,STUDIO FEMME FITNESS DE CONDICIONAMENTO FISICO,08,20220222,20190404,RR,0034
33250045,0001,1,ROSARIO FIT ACADEMIA,04,20260520,20190404,BA,3485
33258292,0001,1,ACADEMIA NOVA FITNESS,02,20190404,20190404,SC,8233
33264163,0001,1,FJ ATIVIDADES FISICAS,08,20230522,20190405,DF,9701
33267689,0001,1,CORPO SER,08,20240711,20190405,SP,7107
33284888,0001,1,SPAZIO,04,20220127,20190408,RJ,5813
25226842,0004,2,LIVE ACADEMIA,08,20250218,20190409,AM,0255
27013668,0001,1,ACADEMIA NG FITNESS,02,20170202,20170202,RN,1723
33323217,0001,1,ACADEMIA I9,02,20190411,20190411,MG,5341
33332591,0001,1,ACTIVE LIFE,04,20210304,20190411,RS,6073
33341742,0001,1,HIGH PERFORMACE,08,20210715,20190412,SE,3169
33357345,0001,1,ATHLETIC SPORTS,02,20190415,20190415,PR,7735
33358275,0001,1,STUDIO MEXA-SE RMV,08,20211217,20190415,MT,8987
33358356,0001,1,,02,20190415,20190415,SC,8175
33364529,0001,1,,08,20200511,20190415,SP,7231
28624752,0002,2,ACADEMIA BIOTECH PLANALTO,02,20190415,20190415,MG,5403
33365906,0001,1,ESPACO DONA FIT,02,20190415,20190415,SC,8137
33374889,0001,1,SPARTA ACADEMIA,04,20210401,20190416,MA,0809
33377164,0001,1,ACADEMIA NEW LINE,02,20190416,20190416,MG,4625
33387224,0001,1,SC FITNESS,02,20190417,20190417,BA,3849
33394828,0001,1,CROSSHOPE - BOX TRAINING,02,20190417,20190417,SP,6313
33401110,0001,1,CROSS TRIBUS,02,20190418,20190418,ES,5703
33404027,0001,1,CROSSZANCA,02,20190418,20190418,MT,9067
33417079,0001,1,,08,20191113,20190422,SP,7071
33442119,0001,1,,04,20210423,20190424,RN,1687
21015803,0003,2,,08,20240529,20190424,SP,7245
33454431,0001,1,ARENA FITNESS,04,20210423,20190425,RN,1761
33455457,0001,1,STUDIO PILATES ANDRESSA SCHMITZ,02,20190425,20190425,RO,0013
33476014,0001,1,UP ACADEMIA,04,20260520,20190426,BA,3691
33498103,0001,1,ACADEMIA TONS,02,20190430,20190430,RS,8963
33498863,0001,1,BEM ESTAR - STUDIO DE PILATES E MASSOTERAPIA,02,20190430,20190430,PR,7763
33499517,0001,1,SOUL FITNESS,04,20260527,20190430,GO,9373
27100342,0001,1,CROSSFIT SAO LUCAS,08,20211217,20170210,SP,7107
33503995,0001,1,CENTRO DE PERFORMACE HUMANA THALISSON FAGUNDES,08,20231122,20190502,MG,5403
33507624,0001,1,ACADEMIA ATITUDE FEMININA,02,20190502,20190502,RJ,2921
33511168,0001,1,STUDIO SAUDE,08,20200703,20190502,BA,3413
33516660,0001,1,ACADEMIA MASTER FIT,08,20211213,20190503,RN,1661
33546310,0001,1,,02,20190507,20190507,RS,8651
33550224,0001,1,GLOW ACADEMIA FEMININA & AFF ENGENHARIA SOLUCOES,02,20190507,20190507,SP,6141
33551175,0001,1,BOX TRAINNING PORQUE DAS NACOES,08,20220629,20190507,SP,7057
33553727,0001,1,LIFE COMPANY,02,20210302,20190507,RS,8683
33555586,0001,1,,02,20190507,20190507,SP,7145
33557048,0001,1,MUSCLE FIT,08,20220913,20190508,SP,6323
33557316,0001,1,,08,20251009,20190508,MG,5387
33563486,0001,1,,04,20210423,20190508,RN,1779
33568043,0001,1,VALLA FITNESS,02,20190508,20190508,SC,8089
33582904,0001,1,,02,20190510,20190510,SP,7107
07633593,0002,2,CT PHANTUS,08,20200227,20190510,RS,8801
33595831,0001,1,ACADEMIA INTEGRA VITTA,02,20190513,20190513,SP,6239
23237511,0002,2,,08,20200902,20190513,RS,8599
33601124,0001,1,FLOOW PILATES E COREALIGN,02,20190511,20190511,PR,7667
33601239,0001,1,CENTRO DE TREINAMENTO INTEGRADO,04,20231101,20190513,BA,3849
33612252,0001,1,DU CROSS TRAINING,02,20190514,20190514,SP,6969
33613691,0001,1,EXITUS FIT,02,20190514,20190514,PA,0447
33614252,0001,1,GREENLIFE PARQUELANDIA,02,20190514,20190514,CE,1389
33631940,0001,1,ESTUDIO K,02,20190515,20190515,MG,4193
33638273,0001,1,FORERO BOUTIQUE - PILATES & SAUDE,04,20240812,20190516,SP,7107
33646141,0001,1,CROSSFIT BRAVERY,02,20190516,20190516,MG,5343
33649323,0001,1,ST FITNESS,08,20230125,20190517,PB,2177
33650093,0001,1,SPARTAN FITNESS,02,20190517,20190517,BA,3957
33651804,0001,1,WAY UP CENTRO DE TREINAMENTO,08,20241003,20190517,SC,8105
33661416,0001,1,ACADEMIA VIDA ATIVA,02,20190520,20190520,BA,3445
33662680,0001,1,DH-BOX,08,20260220,20190520,CE,1389
33676959,0001,1,ESPACO HFIT,04,20260515,20190521,CE,1389
33682091,0001,1,,08,20200819,20190521,CE,1385
33688298,0001,1,ESPACO BIOFIT,02,20190522,20190522,MG,4331
33692002,0001,1,,02,20190522,20190522,SP,6969
33697759,0001,1,CROSS EXPERIENCE PORTEIRINHA,08,20201005,20190522,MG,5043
33705042,0001,1,PHYSICS EXTREME ACADEMIA,08,20231127,20190523,SP,7079
33709137,0001,1,MAX FORMA ACADEMIA,04,20240820,20190523,PI,1031
33710170,0001,1,RV ACADEMIA,04,20210426,20190523,AL,2785
30676088,0001,1,ACADEMIA UNIVERSITARIA FORMOSO,02,20250128,20180612,TO,9365
33720987,0001,1,STARKPHISICAL ACADEMIA,02,20190524,20190524,BA,3391
33734036,0001,1,BOX PONTAL,08,20230705,20190523,PR,0870
33745549,0001,1,STUDIO PILATES MAIS,04,20260527,20190528,GO,9373
33752340,0001,1,NEW ATLETIC CENTER,02,20190528,20190528,BA,3833
33758092,0001,1,ACADEMIA DOS BROTHERS,02,20250623,20190529,AP,0663
33762985,0001,1,ACADEMIA FORCA & SAUDE,08,20260302,20190529,PI,1005
33765486,0001,1,,04,20260603,20190529,MG,4857
33765831,0001,1,IMPERIO ACADEMIA,08,20231103,20190529,SC,8071
33770492,0001,1,ELOTRAINING,08,20210120,20190530,MG,4633
33780978,0001,1,BOX MOCOCA,08,20250701,20190530,SP,6711
33783007,0001,1,ESTUDIO FORCE'NGO!,02,20190530,20190530,SP,7107
27655435,0001,1,AFFEW ASSESSORIA ESPORTIVA,08,20230426,20170504,SP,7107
26868270,0001,1,CENTRO DE TREINAMENTO HIIT FIT FUNCIONAL CROSS FITNESS,08,20190603,20170114,SP,7173
33803673,0001,1,,08,20230209,20190603,MG,4445
33803857,0001,1,FALCAO CROSS,02,20190603,20190603,SP,6875
21643222,0003,2,,08,20200708,20190603,PR,7937
12957849,0002,2,QUALI VIDA,08,20260430,20190604,ES,5705
33821142,0001,1,TOP FITNESS,08,20190808,20190604,CE,1365
27436299,0001,1,POWER LIFE FITNESS ACADEMIA,02,20170331,20170331,RN,1761
33833763,0001,1,BIO FIT ACADEMIA,02,20190605,20190605,PI,0280
33249325,0001,1,COMERCIAL ALMEIDA,08,20231121,20190404,BA,3781
33839285,0001,1,RB CHAMPS,02,20190605,20190605,SP,7107
33843678,0001,1,,08,20220426,20190605,SP,7107
33851235,0001,1,CENTRO DE PILATES & BEM ESTAR,02,20190606,20190606,GO,9373
29410911,0001,1,THE ROCK FITNESS,08,20190606,20180111,BA,3849
33859906,0001,1,MK FIT ACADEMIA,02,20190607,20190607,MG,2699
33863746,0001,1,ACADEMIA K FITNESS,04,20231121,20190607,SP,7265
33863793,0001,1,FRONT FUNCIONAL,02,20190607,20190607,MA,0921
33863884,0001,1,ACADEMIA ADRIANO GYM,02,20190607,20190607,MA,0773
33865682,0001,1,OH9 FIT ACADEMIA,02,20190607,20190607,GO,9381
33866843,0001,1,,08,20250117,20190607,SP,6219
33873402,0001,1,,02,20190610,20190610,SP,6713
26061407,0002,2,ALFA ACADEMIA,08,20240223,20190610,PR,7691
33885265,0001,1,GOLFIT,04,20260527,20190610,DF,9701
33887874,0001,1,,08,20191025,20190611,SP,6547
33888026,0001,1,,02,20190611,20190611,PR,7535
33895513,0001,1,BETO COACHING,02,20190611,20190611,RJ,6001
33902399,0001,1,CIA DO CORPO,08,20250516,20190612,MS,9057
33902671,0001,1,PERFORMANCE PRIME,08,20201222,20190612,AM,0255
33905293,0001,1,ARTERIAL FITNESS ACADEMIA,02,20190612,20190612,PA,0415
33907284,0001,1,FITNESS W,04,20210426,20190612,PB,2095
33917507,0001,1,ACADEMIA ATHELTIC FITNESS,08,20250128,20190613,RS,8507
33921614,0001,1,LIVE FITNESS,02,20190613,20190613,PR,7887
33924586,0001,1,BLACKFIT,02,20190613,20190613,SP,7107
33929010,0001,1,BLKOUT GYM,02,20190614,20190614,SP,6595
33932568,0001,1,ACADEMIA SPORT TRAINING,02,20190614,20190614,RN,1837
33937767,0001,1,,02,20190614,20190614,RS,5797
33941849,0001,1,,04,20220609,20190617,SP,7047
27804900,0001,1,STUDIO PERSONAL,08,20190617,20170524,TO,9685
33959382,0001,1,VIVER BEM PILATES FISIOTERAPIA,08,20201209,20190618,BA,3379
33973589,0001,1,GM FIT,08,20191212,20190619,SP,6181
33974927,0001,1,"ACADEMIA WANDERSON TIGRE, EQUIPE WANDERSON TIGRE",04,20220608,20190619,MS,9051
33975546,0001,1,STARS BOX CROSSMA,08,20230223,20190619,SP,6739
33975668,0001,1,JHONY GARCIA PERSONAL STUDIO,02,20190619,20190619,GO,9425
08837532,0002,2,ACADEMIA AREA ATHLETICA,02,20190619,20190619,MG,4917
27893097,0001,1,,08,20190624,20170605,PR,7965
34002975,0001,1,TRAINING CENTER PAVAO,04,20231113,20190624,PR,7841
34003612,0001,1,GENESIS ACADEMIA,04,20240813,20190624,AM,0255
34005592,0001,1,BOX LIFE,04,20231109,20190624,CE,1453
34008182,0001,1,IRON TECH GYM,02,20190624,20190624,RJ,6001
34046446,0001,1,ACADEMIA CORPORE FITNESS,08,20211206,20190627,TO,9733
07594978,0325,2,,02,20190627,20190627,SP,7107
34052634,0001,1,ACADEMIA HIT'S,02,20190627,20190627,RN,1761
34059640,0001,1,,08,20241204,20190628,RS,8801
34060613,0001,1,,02,20190628,20190628,RS,8423
34063557,0001,1,,02,20190628,20190628,SP,6607
34084487,0001,1,KA2 FIT ACADEMIA,02,20190702,20190702,SP,7075
34086168,0001,1,,02,20190619,20190619,SP,7107
34090402,0001,1,VIP FITNESS,04,20210331,20190702,MG,4215
34098363,0001,1,COMPLETA FITNESS,02,20190703,20190703,MG,4123
26266864,0001,1,ACADEMIA PROFESSIONAL DE JIUJITSU,08,20190703,20160930,SP,7145
28797936,0001,1,ESPACO FUNCIONAL DEYVID LENK,02,20171005,20171005,ES,5657
30010057,0001,1,ARENA PUNK,08,20240123,20180322,PA,0447
34117209,0001,1,RGL PROMOCOES,08,20250909,20190704,RN,1787
34128065,0001,1,INSTITUTO PERFORMANCE DE GINASTICA E MUSCULACAO,04,20240808,20190705,MS,9051
26023848,0001,1,INSERTION X,08,20190705,20160824,CE,1389
34130174,0001,1,CROSS EXPERIENCE CACHOEIRA DE MINAS,02,20190705,20190705,MG,4193
34131121,0001,1,ALVO ASSESSORIA ESPORTIVA,02,20190705,20190705,SP,7107
27682849,0005,2,AQUARIUS,04,20240904,20190705,SP,7099
34134697,0001,1,STUDIO RICARDO REIS,02,20190705,20190705,SC,8319
33904040,0001,1,PRIME FITNESS CN,02,20190612,20190612,SC,8069
34138178,0001,1,CROSS EXPERIENCE FATIMA,08,20230726,20190707,MG,5049
34142213,0001,1,GOLD PRO GYM,08,20240711,20190708,CE,1549
33129326,0001,1,ACADEMIA ESTACAO FITNESS,08,20250502,20190325,GO,9595
34144349,0001,1,ACADEMIA PARAISO FITNESS,02,20190708,20190708,MG,4945
07594978,0331,2,,02,20190708,20190708,BA,3849
34152471,0001,1,ACADEMIA ADRENALINA,04,20220609,20190709,MG,4621
34164258,0001,1,ACADEMIA SANTHIAGO,02,20190710,20190710,PE,2631
34167021,0001,1,STUDIO DANCE,02,20190710,20190710,CE,1337
27281019,0001,1,,04,20210203,20170313,SP,7183
34169501,0001,1,,02,20190710,20190710,MG,4595
34171480,0001,1,PILATES CLINICAL,08,20191212,20190710,SP,7107
34176154,0001,1,BRAAVOS INDOOR,02,20190711,20190711,MT,9067
34176655,0001,1,STUDIO WORKOUT,08,20190918,20190711,DF,9701
34182116,0001,1,M2 GYM,08,20250609,20190711,MG,4085
34196957,0001,1,,08,20220804,20190712,RJ,5883
34197477,0001,1,CROSS LIFE,02,20190712,20190712,SP,6969
34200712,0001,1,BOX CROTON,08,20260311,20190712,CE,1389
34211376,0001,1,APPLE PILATES,08,20200206,20190715,BA,3849
34217028,0001,1,CROSS EXPERIENCE JACUPIRANGA,02,20190715,20190715,SP,6593
34223631,0001,1,FITNESS CENTER,04,20240830,20190716,BA,3807
34228362,0001,1,TECFIT ALTO DE PINHEIROS I,02,20190716,20190716,SP,7107
34229796,0001,1,MCM FITNESS,02,20190716,20190716,SC,8161
34234599,0001,1,PLACE FIT L22,08,20220404,20190716,PE,2589
34237565,0001,1,CT - MP2,02,20190717,20190717,SP,7151
34238323,0001,1,ACADEMIA NEW STYLE,08,20220517,20190717,MT,9921
34242165,0001,1,STUDIO BEM ESTAR,02,20190717,20190717,SC,0900
34243146,0001,1,CT FORTI VERISSIMO,02,20190717,20190717,SP,6981
34245904,0001,1,FIT WOMEN SL,08,20200820,20190717,DF,9701
34249652,0001,1,,02,20190718,20190718,RS,8577
34252052,0001,1,WIDE FITNESS,08,20210106,20190718,PR,7471
34257459,0001,1,ACADEMIA FENIX,02,20190718,20190718,RN,1653
30194316,0001,1,STAR FITNESS,02,20180413,20180413,ES,5613
34265308,0001,1,DG CROSS,02,20190719,20190719,AL,2747
34269741,0001,1,MODALI,04,20260525,20190719,PE,2627
34275530,0001,1,SIMON GYM,02,20190722,20190722,PR,7667
34276385,0001,1,DS FIT TRAINER,02,20190722,20190722,MG,5401
34278082,0001,1,SYNC EXERCICIO E MEDITACAO INTEGRADOS,08,20221107,20190722,SP,7107
34284854,0001,1,J S FITNESS,02,20230914,20190722,RN,1723
30342805,0001,1,MY BOX ACADEMIA FUNCIONAL,03,20260121,20180502,GO,9375
34165012,0001,1,ACADEMIA PHYSICUS,08,20241125,20190710,PE,2481
34133118,0001,1,MJ TREINAMENTO PERSONALIZADO,02,20190705,20190705,MG,5427
34330081,0001,1,STRONG FIT ACADEMIA,02,20190726,20190726,MG,4123
34331763,0001,1,PRO FITNESS ACADEMIA,08,20200729,20190726,SE,3159
34348299,0001,1,ACADEMIA MAXIMMUS,04,20210419,20190729,PE,2435
34356492,0001,1,BUILDER FIT,08,20230711,20190729,MG,4123
34381184,0001,1,ACADEMIA ARENA FITNESS,08,20200302,20190731,MG,2893
34389481,0001,1,BR CROSS,02,20190801,20190801,PI,1159
34390357,0001,1,,08,20250430,20190801,SP,7097
18588645,0002,2,ACADEMIA DO FLAMENGO,04,20240815,20190731,RJ,6001
34400574,0001,1,ACADEMIA TH FITNESS,04,20210423,20190801,RN,1761
34409014,0001,1,STUDIO LIFE STYLE,02,20190802,20190802,BA,3685
34409442,0001,1,,02,20210915,20190802,MG,4865
34410232,0001,1,CROSS LIFE MBOI MIRIM,08,20250606,20190802,SP,7107
34425944,0001,1,ACADEMIA FORMULA FITNESS,08,20240925,20190805,RN,1893
07594978,0336,2,,02,20190805,20190805,SP,7107
34430493,0001,1,,02,20230131,20190805,ES,5629
34441630,0001,1,KENKO ACADEMIA,08,20260609,20190806,SP,6669
34441640,0001,1,STUDIO BRABAA'S,08,20260504,20190806,SP,7181
34449011,0001,1,,02,20190806,20190806,PR,7535
34457018,0001,1,ACADEMIA MASTER FITNESS,04,20210223,20190807,AM,0251
34459736,0001,1,ACADEMIA ESTACAO TRAINING,02,20190807,20190807,MG,4705
34460099,0001,1,YOUP TRAINING,02,20190719,20190719,SP,7047
34461212,0001,1,STUDIO CORPUS,02,20190807,20190807,PA,0465
28996540,0002,2,,08,20260521,20190808,PR,7927
34466082,0001,1,CROSSFIT ZERO,08,20251002,20180727,PR,7535
07594978,0340,2,,02,20190809,20190809,SP,7145
30720154,0001,1,,02,20180618,20180618,RJ,5877
34501897,0001,1,,02,20190812,20190812,SP,7075
26732229,0001,1,ACADEMIA COMPETITION GYM,04,20210218,20161216,MS,9073
34523765,0001,1,ACADEMIA QUALITY LIFE LTDA,02,20190813,20190813,SC,8103
34534029,0001,1,ACADEMIA DE GINASTICA SOU MAIS FIT LTDA,04,20210401,20190814,PA,0427
15216210,0002,2,STYLLO ACADEMIA,08,20200709,20190815,SP,7107
34549490,0001,1,ACADEMIA ARENA GARRA FITNESS,08,20220914,20190815,RN,1837
34564444,0001,1,NANDA AMORIM FITNESS,02,20190816,20190816,BA,3429
34574183,0001,1,MAIS FITNESS,08,20250725,20190819,MG,4123
34577574,0001,1,FC LIFE SPORT FITNESS,08,20231006,20190819,RN,1761
34584125,0001,1,O2: TREINAMENTO FISICO,02,20190819,20190819,MG,4573
34598554,0001,1,LIFE FITNESS,02,20240802,20190820,RN,1753
34615696,0001,1,REBECA CANDIDO FITNESS & NUTRICAO,02,20190821,20190821,SP,7107
34620364,0001,1,CROSS ACADEMIA,08,20201230,20190822,ES,5697
07594978,0345,2,,02,20190821,20190821,MG,4123
34636490,0001,1,ATIVIDADES CORPORAIS RAFAEL,04,20260605,20190823,RS,8801
34637526,0001,1,BEL PILATES,02,20190823,20190823,SP,7071
32469452,0001,1,INTENSE ACADEMIA,02,20190116,20190116,SC,8081
34661431,0001,1,CROSS TAMOKO RUDGE,08,20210621,20190826,SP,7075
34667056,0001,1,ACADEMIA SUPERACAO,02,20190827,20190827,SP,6375
34696824,0001,1,SPARTA CENTRO DE TREINAMENTO,02,20190829,20190829,RS,8841
34698152,0001,1,VISUAL GYM,02,20240812,20190829,ES,5703
34711593,0001,1,,08,20221212,20190830,SP,6969
34715687,0001,1,ACADEMIA EQUILIBRIO DO CORPO,02,20231211,20190830,RR,0301
34739099,0001,1,GUGU FIT,02,20250108,20190830,BA,3651
34743061,0001,1,TEAM 80,02,20190829,20190829,PR,7691
34744975,0001,1,MONSTER GYM ZONA NORTE,08,20231107,20190903,AP,0605
34748952,0001,1,ACADEMIA CHERNOBYL,08,20220222,20190831,PR,7733
34751749,0001,1,D FITNESS ACADEMIA,02,20190903,20190903,PE,2363
33898684,0002,2,BF FITNESS ESCOLA DE GINASTICA E DANCA,02,20190903,20190903,CE,1559
34758404,0001,1,BOX RIO GRANDE DA SERRA,08,20240715,20190904,SP,6983
34760115,0001,1,ESPACO CULTURAL KAILASH,08,20251002,20190904,PE,2577
34769206,0001,1,SHOW FITNESS,02,20190904,20190904,MT,9167
34049717,0002,2,MARRA FIT,04,20231116,20190905,SP,6713
34781619,0001,1,ESPACO MERAKI,02,20190905,20190905,SP,6619
34789530,0001,1,BLACK FITNESS,08,20241105,20190906,SP,6983
07594978,0354,2,,02,20190909,20190909,SP,7107
34800911,0001,1,CROSSFIT MANADA CONDICIONAMENTO FISICO,08,20221218,20190909,RS,8801
34801133,0001,1,TRIBUS ACADEMIA,02,20190909,20190909,RS,8939
34801642,0001,1,PHP PRO HEALTH AND PERFORMANCE,02,20190909,20190909,RJ,6001
34806668,0001,1,ACADEMIA CAVERNA FITNESS,02,20190909,20190909,PB,2095
34809742,0001,1,SLIM FIT ASA NORTE,02,20190909,20190909,DF,9701
34814539,0001,1,FERFIT PILATES E FUNCIONAL,02,20190910,20190910,MG,5387
34817444,0001,1,,02,20190910,20190910,MS,9073
34819827,0001,1,ESCOLA DE KARATE - DOJO BIAZON,02,20210419,20190909,PR,7691
34832228,0001,1,ACADEMIA POWER FIT,02,20220801,20190911,SP,7107
34838973,0001,1,C R A FITNESS,04,20210224,20190911,CE,1321
34858889,0001,1,CENTRO DE TREINAMENTO MUCIO TEIXEIRA,02,20190913,20190913,RS,8801
34864402,0001,1,GARRA FITNESS,04,20220608,20190913,RN,1899
34868624,0001,1,,02,20190913,20190913,MT,9067
34877880,0001,1,,02,20190916,20190916,RJ,5869
34883952,0001,1,WOLF BUSINESS,02,20190916,20190916,MG,4123
34885687,0001,1,ASSOCIACAO LEAO GUERREIRO,02,20210722,20190619,SP,7079
34895833,0001,1,CROSSFIT SAURUS POMPEIA,08,20240918,20190917,SP,7107
34897792,0001,1,,08,20200730,20190917,SP,7107
26336948,0001,1,CASTELO BRANCO FUNCIONAL,08,20190917,20161011,BA,3849
34898317,0001,1,ACADEMIA BIOTECH,02,20190917,20190917,SP,6425
33101997,0001,1,CENTRO DE TREINAMENTO E SAUDE FLORIANOPOLIS,08,20250404,20190321,SC,8105
34910867,0001,1,HEALTH FIT,04,20240808,20190918,RJ,6001
30328333,0001,1,ESTACAO ATIVA - ARENA CLUBE,02,20180429,20180429,RJ,5819
27565776,0001,1,ESTUDIO VEN,02,20170420,20170420,RS,8667
34933538,0001,1,FIT MODE,02,20251105,20190919,RR,0301
34938007,0001,1,POWER FLEX ACADEMIA,02,20190920,20190920,GO,9227
28944011,0001,1,FITNESS BRASIL,08,20190920,20171026,PB,2019
34951016,0001,1,ERGONOMIKA SAUDE E BEM ESTAR,02,20190922,20190922,SP,7075
34970056,0001,1,ACADEMIA LEVE FITNESS,02,20190924,20190924,SC,8291
14825147,0002,2,CORPO SAUDE ACADEMIA,02,20190924,20190924,TO,9613
14013608,0002,2,,02,20190925,20190925,RS,8725
34987276,0001,1,JF ACADEMIA,08,20240523,20190925,PE,2327
26115355,0001,1,,08,20190925,20160906,RJ,5925
26815519,0001,1,FREERUN SPORTS,08,20190925,20170106,SP,7057
34807140,0001,1,FOCUS SPORTS CLUB,02,20190909,20190909,SP,6639
22902694,0073,2,,02,20190926,20190926,MA,0921
35002180,0001,1,,08,20210517,20190926,PR,5489
35018877,0001,1,,08,20260126,20190927,SP,6249
35030395,0001,1,,02,20190930,20190930,RN,1627
33648843,0001,1,STUDIO DE PILATES E FUNCIONAL CECILIA NASCIMENTO,02,20190516,20190516,MG,5391
35040970,0001,1,PILATES CONCEPT,02,20191001,20191001,PR,7691
35045740,0001,1,ACADEMIA ESPACO FITNESS,08,20200602,20191001,ES,5647
35053838,0001,1,BODY FIT,02,20210604,20191002,GO,9487
35055009,0001,1,ACADEMIA BODY FITNESS,02,20191002,20191002,PE,2531
33158865,0002,2,ACADEMIA TRIPLO XXX 2,02,20191002,20191002,SP,7131
31911495,0002,2,,02,20191002,20191002,RJ,5833
35060991,0001,1,EQUILIBRIUM,02,20191002,20191002,RJ,6001
35067699,0001,1,VIDA & SAUDE,02,20250130,20191003,MG,4305
35068490,0001,1,ACADEMIA FIVE FITNESS & SUPLEMENTARIA PRINCIPAL,08,20220811,20191003,SP,6549
35071480,0001,1,R RAMOS ESPORTES,02,20191003,20191003,SP,7107
35080148,0001,1,OHANA STUDIO PILATES,02,20191004,20191004,SP,7107
35081580,0001,1,XTREME FIT STUDIO DE CONDICIONAMENTO FISICO LTDA,02,20191004,20191004,PE,2301
35087208,0001,1,ACADEMIA EQUILIBRIO & MOVIMENTO,02,20191004,20191004,SP,7019
35088916,0001,1,,02,20191004,20191004,RS,8727
34969478,0001,1,,04,20210210,20190924,DF,9701
35093656,0001,1,OXY FITNES,08,20191205,20191007,AL,2853
35095699,0001,1,,02,20230619,20191007,PE,2347
35107126,0001,1,C.T EVOLUTION,04,20260520,20191008,BA,3661
35119590,0001,1,LUTA FUNCIONAL,08,20230824,20191008,MG,4733
35120720,0001,1,,02,20191008,20191008,SP,6917
35133497,0001,1,JEFFERSON PAIVA PERSONAL TRAINER,02,20191009,20191009,DF,9701
35138057,0001,1,,02,20191009,20191009,MT,9871
35144217,0001,1,STUDIO PRIME PILATES,02,20191010,20191010,SP,7077
35144975,0001,1,OXYFIT,02,20230301,20191010,PE,2381
35154501,0001,1,IN PULSE CENTRO DE TREINAMENTO INTEGRADO,02,20211206,20191010,MG,4067
35162678,0001,1,PILATES & POWER PLATE,08,20210609,20191011,SC,8105
35173767,0001,1,PERFECTUS ACADEMIA,08,20250310,20191014,PB,2051
35183130,0001,1,GOLD GYM,08,20201109,20191014,SP,6189
35185136,0001,1,LIFE FIT ACADEMIA,02,20251127,20191015,PA,0040
35189102,0001,1,ROMANUS ACADEMIA,04,20240822,20191015,SP,7143
35192174,0001,1,RIO TINTO FITNESS,08,20220802,20191015,PB,2159
35199630,0001,1,THE BODY ACADEMIA STORE FITNESS,08,20220428,20191016,SP,7107
35201487,0001,1,,02,20220808,20191016,CE,1439
35201989,0001,1,NEO FITNESS INTELIGENTE,02,20191016,20191016,PR,7425
35205110,0001,1,FITNESS EVOLUTION,02,20191016,20191016,CE,1389
35207217,0001,1,ACADEMIA EVIDENCIA FITNESS,02,20191016,20191016,SP,6597
35213593,0001,1,,02,20191016,20191016,RJ,6001
35220822,0001,1,BOX PARDUS,08,20231011,20191017,RN,1759
35222688,0001,1,,02,20191017,20191017,CE,1559
35230005,0001,1,RP1 ACADEMIA,02,20191018,20191018,RS,8845
35233459,0001,1,,04,20260605,20191018,RS,8531
21552796,0002,2,BODYFIT TREINAMENTO FUNCIONAL,08,20191018,20170331,SC,8327
35235876,0001,1,STUDIO PLENNA,08,20210702,20191018,MG,4865
35237447,0001,1,LK TRAINER,08,20230124,20191018,PR,7535
35237914,0001,1,UP FITNESS ACADEMIA,04,20260515,20191018,CE,1389
35240127,0001,1,BELA FITINESS,02,20191018,20191018,MA,0945
27282142,0001,1,,02,20170313,20170313,SP,7057
35246959,0001,1,ARENA FUNCIONAL P1,04,20240822,20191021,MA,0723
35248826,0001,1,STUDIO E P J,02,20191021,20191021,SP,6875
35255781,0001,1,FRALEON ESPORTES ASSESSORIA ESPORTIVA,02,20191021,20191021,MG,4941
35267536,0001,1,LONGA FITNESS ACADEMIA,08,20260113,20191021,PI,1027
35270013,0001,1,MAXIMUS GYM,02,20191022,20191022,SP,6969
28568340,0001,1,TOP FITNESS ACADEMIA,02,20170904,20170904,MG,4069
35272532,0001,1,SPOX,02,20191022,20191022,DF,9701
35276284,0001,1,COACHING ELAINE,08,20260409,20191022,SE,3157
35280414,0001,1,UP SPORTS,02,20191023,20191023,PR,7733
35281747,0001,1,EURO FIT,08,20210615,20191023,GO,9319
35290491,0001,1,MOVIMENTE STUDIO DE PILATES,08,20240611,20191023,SC,8157
35294950,0001,1,Luana B Wood Personal Trainer,02,20191024,20191024,PR,7535
07594978,0362,2,,02,20191024,20191024,SP,7057
35333518,0001,1,+ FIT STUDIO DE TREINAMENTO MULTIFUNCIONAL,08,20191217,20191029,PB,2179
35338574,0001,1,STUDIO DE PILATES SOUZA,02,20191029,20191029,PA,0535
35341608,0001,1,GOFIT,02,20191029,20191029,AL,2785
35348396,0001,1,CROSSTRAINING VALENTIM,04,20210423,20191030,PE,2323
07594978,0363,2,,02,20191030,20191030,SP,7107
35360311,0001,1,,02,20191030,20191030,SP,6131
35366359,0001,1,PERFORMANCE ACADEMIA,08,20251126,20191031,PE,2511
35371677,0001,1,FORCA VITAL FITNESS,02,20191031,20191031,RJ,6001
35374435,0001,1,SHEILA & CARLOS ACADEMIA E ALIMENTACAO SAUDAVEL,08,20200624,20191031,SP,7075
35374754,0001,1,TEAM67 TRAINING CENTER,02,20191031,20191031,MS,9165
35379364,0001,1,RONDA,02,20191101,20191101,RS,8655
22902694,0076,2,,02,20191101,20191101,MT,9067
35386357,0001,1,,02,20191101,20191101,PR,7905
35388043,0001,1,FIT LIFE ACADEMIA,02,20210322,20191101,SC,8327
35389693,0001,1,TEAM GORILLA CROSS TRAINING,02,20241018,20191102,MA,0921
35419624,0001,1,ACADEMIA G R FITNESS,04,20210401,20191105,PA,0427
35424517,0001,1,ASSOCIACAO DOS CORREDORES DE RUA DE CODO MA - ACRCMA,02,20251118,20191024,MA,0763
35426108,0001,1,,02,20191106,20191106,SP,6969
35426901,0001,1,CROSS LIFE CIDADE SAUDE,02,20191106,20191106,SP,6551
35428727,0001,1,ALAN LIFE ACADEMIA,08,20220610,20191106,MA,0803
35442294,0001,1,,02,20240123,20191107,SP,6371
35448040,0001,1,,02,20191107,20191107,PB,1987
35448593,0001,1,INVICTUS,08,20210118,20191107,RJ,5839
35449819,0001,1,ACADENIA ARENA UNIDADE SANO AFONSO,08,20251029,20191107,RS,8771
35454969,0001,1,Star Fit,02,20220720,20191108,SP,7107
35458653,0001,1,GO VILAS CROSSFIT,02,20191108,20191108,BA,3685
35458684,0001,1,,02,20191108,20191108,SP,7103
31191690,0001,1,PARANHO FITNESS ACADEMIA,08,20191108,20180813,RO,0007
35470185,0001,1,A FABRICA MUSCULACAO E ARTES MARCIAIS,02,20191111,20191111,PR,7777
35477267,0001,1,,08,20250415,20191111,SP,6131
35491955,0001,1,ACADEMIA ESTACAO CORPO E SAUDE,02,20191112,20191112,CE,1389
35493765,0001,1,EVOLUA,02,20191112,20191112,SC,8089
35505824,0001,1,STEEL BULL CROSSFIT,08,20240625,20191113,RS,8737
35521826,0001,1,ACADEMIA ARENA FITNESS PARIS,02,20191114,20191114,BA,3777
24600799,0002,2,,02,20191114,20191114,RS,8561
35568119,0001,1,,02,20230116,20191120,MG,4031
31310825,0001,1,ARTES LIVRES,02,20180822,20180822,RS,8633
35574155,0001,1,HOT SPORTS ACADEMIA,02,20191121,20191121,GO,9511
35580918,0001,1,ESPACO BLUE,02,20191121,20191121,RJ,6001
35582142,0001,1,HARTFIT,04,20240814,20191121,SP,7107
35589678,0001,1,ACADEMIA ROBSON BROTHERS KARATE SHUBU-DO,08,20200924,20191122,PR,7521
35592325,0001,1,KIDS ACADEMIA,02,20191122,20191122,MG,4957
29447288,0001,1,BOX VIDA SAUDAVEL,08,20191122,20180115,SC,8327
35603766,0001,1,ACADEMIA LIFE GYM,02,20191125,20191125,MG,5403
35607653,0001,1,CROSS EXPERIENCE TANCREDO NEVES,08,20240704,20191125,RR,0301
35608924,0001,1,CENTRAL FIT,08,20191227,20191125,MG,4123
35629646,0001,1,BODY&MIND GYM,04,20260515,20191127,CE,1389
35633076,0001,1,GARAGEM FITCROSS,02,20191127,20191127,SP,6815
35633218,0001,1,ACADEMIA BEM ESTAR FITNESS,02,20191127,20191127,RN,1709
35637754,0001,1,CORPORION FITNESS,02,20191127,20191127,SP,7107
35640255,0001,1,MOINHOS FITNESS,04,20260605,20191127,RS,8801
35641467,0001,1,GAPP,02,20191029,20191029,SP,7107
35643710,0001,1,STUDIO ADRIANO SILVA,02,20191128,20191128,PA,0401
35340917,0001,1,IMPERIUM FITNESS,08,20191128,20191029,RS,8655
35657643,0001,1,ACADEMIA PHYSICAL PERFORMANCE,02,20191129,20191129,PB,2175
34406319,0001,1,IRON GYM ACADEMIA,08,20240819,20190802,SP,6815
35660573,0001,1,CAVALEIROS CF,02,20191129,20191129,RJ,5813
35660892,0001,1,ARENA CFSP,02,20191129,20191129,MA,0921
35676588,0001,1,BORA CROSS,08,20200910,20191202,MA,0921
35678543,0001,1,ALDOSENA SAUDE E PERFORMANCE,02,20220722,20191202,RJ,5883
35684309,0001,1,ACADEMIA POWER FIT,02,20191203,20191203,MG,4123
35690661,0001,1,,02,20191203,20191203,RJ,5869
35702835,0001,1,,02,20191204,20191204,MG,5137
35703052,0001,1,REBEL FUNCTIONAL FITNESS,02,20191204,20191204,PR,7535
35727719,0001,1,CENTRO DE FISIOTERAPIA BIANCA DE CASTRO,02,20191206,20191206,SP,6737
35729309,0001,1,STUDIO PERSONAL LIVIA PESSANHA,02,20191206,20191206,RJ,5895
35732298,0001,1,DUO PILATES,02,20191207,20191207,ES,5703
35736023,0001,1,EXCLUSIVA CT,02,20191209,20191209,RS,8915
35737349,0001,1,TREINO INTEGRADO VILA NOVA CONCEICAO,02,20191209,20191209,SP,7107
35750055,0001,1,BRUTUS CROSS TRAINING,02,20231128,20191210,RJ,2927
35753004,0001,1,ACADEMIA MOVIMENT FIT PIQUETE LTDA,02,20191210,20191210,SP,6871
35756571,0001,1,MOMMENTO FISIOTERAPIA E SAUDE INTEGRADA,02,20191210,20191210,SC,8039
35759631,0001,1,L C DE SOUZA CARVALHO PERSONAL TRAINER,08,20220428,20191211,GO,9445
35765616,0001,1,GIRUS PRO-SAUDE,08,20240207,20191211,PE,2513
35767274,0001,1,CORREMANA,08,20200107,20191211,SP,7107
35769609,0001,1,CROSS BAIXADA DO SOL,02,20191211,20191211,AC,0139
35772203,0001,1,ACADEMIA CORPO ATIVO,02,20191212,20191212,PI,2249
35779264,0001,1,MVN PERSONAL STUDIO,02,20191212,20191212,MG,4733
35779387,0001,1,JUAN MALASPINA,02,20191212,20191212,SP,7107
35786678,0001,1,+3 FIT ACADEMIA,02,20191213,20191213,MG,4393
35787737,0001,1,ART FIT ACADEMIA,02,20191213,20191213,RJ,5909
35793882,0001,1,CROSSEXPERIENCE JEQUIE,08,20220208,20191216,BA,3661
35796405,0001,1,+ FIT ACADEMIA,02,20191216,20191216,RN,1837
32140538,0001,1,ACQUA MEL,08,20191219,20181129,RS,0954
35798030,0001,1,MOVIMENTA MAIS PILATES E FUNCIONAL,08,20210414,20191216,RS,8729
35810890,0001,1,ACADEMIA IMPACTO GYM,02,20220218,20191217,SP,7107
35815911,0001,1,PWERGYN,04,20260527,20191218,BA,3515
35817742,0001,1,GUEZZO FIT CLUBE,02,20191218,20191218,BA,3495
35818851,0001,1,CENTURION,08,20220222,20191218,RJ,5903
35821991,0001,1,CT 26 - CENTRO DE TREINAMENTO DA 26 DE SETEMBRO,08,20240808,20191219,DF,9701
35826017,0001,1,,08,20221215,20191219,PA,0509
35830573,0001,1,RED FITNESS BARUERI EIRELI,08,20221103,20191220,SP,6213
35831909,0001,1,STUDIO ALEX PEDRA,02,20191220,20191220,RJ,5819
31316505,0001,1,STEP FORM ACADEMIA,04,20260527,20180823,GO,9373
35840012,0001,1,PRIME STUDIO FITNESS,02,20191223,20191223,MT,9035
35842929,0001,1,OSCAR,02,20220427,20191223,PE,2549
35844440,0001,1,,02,20191224,20191224,RN,1645
28634172,0001,1,LAURILIO SERGIO BARBOSA,04,20210423,20170913,RN,1837
35850838,0001,1,CROSSHOME,02,20220527,20191226,SP,6401
24389834,0003,2,ARA PIRITUBA,02,20191226,20191226,SP,7107
07594978,0316,2,SMARTFIT COSTA AZUL,02,20190517,20190517,BA,3849
07594978,0373,2,,02,20191227,20191227,SP,7107
08941091,0006,2,,08,20201228,20200102,PE,2531
35874112,0001,1,CHEERS PILATES,04,20220128,20200102,AP,0605
35883804,0001,1,,02,20200103,20200103,RN,1747
35885824,0001,1,MONSTER GYM 2,08,20201002,20200103,SP,6425
35889190,0001,1,L N FITNESS ACADEMIA,02,20200103,20200103,CE,1337
35911600,0001,1,MUVE FITNESS,02,20200107,20200107,BA,3849
35927057,0001,1,CROSS EXPERIENCE UNAI,08,20260527,20200108,MG,5407
35927804,0001,1,A MELHOR ACADEMIA,02,20200108,20200108,SP,7107
35930104,0001,1,PLANA - PERFORMANCE E TREINAMENTO ESPORTIVO,08,20230816,20200108,RJ,6001
35940944,0001,1,ACADEMIA A&M INOVACAO FITNESS,02,20200109,20200109,SP,6629
35943136,0001,1,BLUEFIT ROMA,08,20201014,20200109,BA,3849
32760387,0001,1,PACO ACADEMIA ALL SPORT,08,20200109,20190213,MG,4951
35955424,0001,1,,08,20210419,20200110,MG,4763
35956951,0001,1,CROSS MM,02,20200110,20200110,PR,7771
35959248,0001,1,,08,20221026,20200110,PR,7667
35965973,0001,1,JR FITNESS ACADEMIA,08,20210602,20200110,MA,0921
35980035,0001,1,ACADEMIA HIPERFITNESS,03,20200828,20200113,PB,2065
35990820,0001,1,ESPACO FITNESS,02,20200114,20200114,MG,5119
07594978,0382,2,,02,20200114,20200114,RJ,6001
36005800,0001,1,ACADEMIA BIG LIFE,02,20200114,20200114,PR,7633
36017988,0001,1,PANELLA PERSONAL,02,20200115,20200115,SP,7107
36019470,0001,1,ACADEMIA JP,08,20251029,20200115,MG,4947
36033434,0001,1,BODY TEC,02,20200116,20200116,MG,4917
36034071,0001,1,PURE PILATES OSASCO - BELA VISTA,02,20200116,20200116,SP,6789
36037099,0001,1,A2 CORPO E SAUDE,02,20200117,20200117,MG,4939
27176980,0001,1,VIBE FITNESS ACADEMIA,08,20200117,20170222,CE,0985
36038243,0001,1,FULL TREINNERS,02,20200117,20200117,SP,7183
28550881,0001,1,,04,20260519,20170831,SC,8179
36056268,0001,1,E2 ACADEMIA,02,20200120,20200120,AL,2707
36061557,0001,1,LIFE PREMIUM ACADEMIA,02,20200120,20200120,PR,7777
36061744,0001,1,,08,20250606,20200120,SP,7201
36073234,0001,1,MOVERE,02,20200121,20200121,RS,8801
36073322,0001,1,STAR FIT ACADEMIA & PENELOPE SUPLEMENTO,02,20200121,20200121,PA,0415
36077694,0001,1,,02,20220613,20200121,SP,7273
36084406,0001,1,STUDIOFISIO,08,20201130,20200121,MG,4133
36097374,0001,1,ACROSSBOX,02,20200122,20200122,PE,2403
36100251,0001,1,,08,20211220,20200122,SP,7107
36101378,0001,1,CENTRO CROSSFIT,08,20230613,20200122,SC,8047
01034997,0002,2,,02,20200123,20200123,PB,2143
36111908,0001,1,BIANCA TOMAZELLI,02,20200123,20200123,PR,7569
31762226,0001,1,SB FIT ACADEMIA 019 LTDA,02,20181015,20181015,MT,9067
36118343,0001,1,MAIS FIT,02,20200123,20200123,SE,3169
36120001,0001,1,CROSS EXPERIENCE MONSENHOR PAULO,02,20200124,20200124,MG,4851
36125468,0001,1,,08,20221025,20200124,SP,6257
36128778,0001,1,,08,20210212,20200124,MG,4123
36130978,0001,1,,02,20200124,20200124,SP,6219
36137994,0001,1,EL CROSS ARROIO GRANDE,02,20200127,20200127,RS,8839
36141352,0001,1,LIPOROBOTICA CAMPO GRANDE,08,20220406,20200127,RJ,6001
36146661,0001,1,MARCOS PROMOCOES E EVENTOS LTDA,02,20200127,20200127,SP,7107
36146997,0001,1,,02,20200127,20200127,SP,7107
36154874,0001,1,VT FITNESS,04,20220208,20200128,PR,7777
36155983,0001,1,,02,20200128,20200128,RS,8705
36158802,0001,1,WHITE CORPORATION,02,20200128,20200128,SP,7107
36162273,0001,1,ACADEMIA URSO POLAR,02,20200128,20200128,PI,1211
32623281,0001,1,SLIM ACADEMIA FEMININA,02,20190131,20190131,SC,8383
36175769,0001,1,ACADEMIA FITNESS,08,20230316,20200129,PE,2511
36177698,0001,1,AYSHA FITNESS,08,20250423,20200129,SP,7107
36180294,0001,1,BLACK GYM ACADEMIA,02,20200129,20200129,PR,7535
36188244,0001,1,ENGENHARIA DO CORPO,02,20200130,20200130,SC,8089
36194202,0001,1,,02,20200130,20200130,SP,6771
36208038,0001,1,B1 ACADEMIA,02,20240711,20200131,PE,2607
36209191,0001,1,CONCEPT GYMBOX,02,20200131,20200131,GO,9371
36211232,0001,1,,02,20200131,20200131,RS,8661
22902694,0081,2,,02,20200203,20200203,CE,1389
36237157,0001,1,ACADEMIA CORPUS FITNES FABRICA DE MONSTROS,08,20241107,20200204,CE,1537
36239752,0001,1,INSPIRE PILATES,02,20200204,20200204,BA,3087
36240481,0001,1,ACADEMIA TEAM VIEIRA,08,20250721,20200204,AM,0255
36259983,0001,1,SUZIANE VENTURA PERSONAL TRAINER,02,20200205,20200205,PR,7535
36269842,0001,1,ELITE ACADEMIA,08,20220802,20200205,BA,3849
36272103,0001,1,STUDIO FIT,02,20200206,20200206,MA,0921
36277373,0001,1,BEAUTY ACADEMIA,08,20221013,20200206,PR,7667
36286405,0001,1,BRUNA ACADEMIA,02,20200207,20200207,CE,1417
36290395,0001,1,EDOS FIT,02,20200207,20200207,SP,6475
36292173,0001,1,ACTIVE PULSE,08,20210524,20200207,RJ,5865
36292780,0001,1,CENTRO DE TREINAMENTO YAGURA,04,20220610,20200207,SP,6477
36294467,0001,1,MOVE+ STUDIO DE PILATES,02,20200207,20200207,RN,1759
36297508,0001,1,VIP ACADEMIA,02,20200207,20200207,BA,3531
36306977,0001,1,,02,20200210,20200210,PR,7493
36307039,0001,1,STUDIO PILATES ANA FLAVIA RAVANELLI,02,20200210,20200210,GO,9373
36310132,0001,1,BOX DA VILA,08,20200818,20200210,SP,6789
36311383,0001,1,ACADEMIA DNA,02,20200210,20200210,ES,5647
36315256,0001,1,CENTRO DE TREINAMENTO DELTA 87,08,20210528,20200210,MA,0867
36318455,0001,1,CENTRO DE TREINAMENTO PERSONALIZADO M H,02,20200210,20200210,PE,2341
36321746,0001,1,30M TREINAMENTO PERSONALIZADO,08,20230104,20200211,SC,8089
36327461,0001,1,,02,20200211,20200211,CE,0987
36331673,0001,1,BOX PRO EVOLUTION ACADEMIA,08,20200707,20200211,MG,4733
36345636,0001,1,FT CROSS TRAINING,02,20200212,20200212,MG,4445
36346285,0001,1,BIOFUNCIONAL,08,20250123,20200212,CE,1493
36356441,0001,1,INFINITY360 PILATES,08,20200817,20200213,SP,7107
36356998,0001,1,BODYMIND ACADEMIA,02,20200213,20200213,SP,7057
36357074,0001,1,ACADEMIA COELHO DA ROCHA,02,20200213,20200213,RJ,5901
36358003,0001,1,GOLDEN PHYSIC ACADEMIA,08,20200731,20200213,MG,5403
36368741,0001,1,ACADEMIA CORPO E SAUDE,02,20200213,20200213,DF,9701
26836431,0001,1,ECC - ESPACO CARINA CURY,02,20170110,20170110,MG,4003
36374330,0001,1,CROSSFORCE,08,20200424,20200214,MS,9051
36379400,0001,1,SOARES CONDICIONAMENTO FISICO,08,20230828,20200214,RN,1761
36379887,0001,1,SAMADHI,08,20221014,20200214,CE,1389
36382949,0001,1,SUL FIT ACADEMIA,04,20220610,20200214,RS,8877
36389280,0001,1,JC CONSULTORIA ESPORTIVA,02,20200216,20200216,SE,3105
28155138,0002,2,ACADEMIA LIBRA,02,20200217,20200217,RN,1761
36403198,0001,1,MOV CLUBE FITNESS,08,20260225,20200217,SC,8183
36406222,0001,1,WSFIT ACADEMIA,02,20200217,20200217,PA,0595
36410679,0001,1,VOLL PILATES STUDIOS,08,20230713,20200218,RJ,5865
27029908,0001,1,DAMASCNO TREINAMENTO PERSONALIZADO,08,20200218,20170203,MG,4123
36413922,0001,1,ITALO COSTA CENTRO DE TREINAMENTO,08,20240228,20200218,PB,1911
36419347,0001,1,,02,20200218,20200218,SP,6861
32053766,0001,1,MONSTER GYM,02,20210623,20181120,PE,2457
26229789,0001,1,CM MOVIMENTOS CORPORAIS,08,20200219,20160923,SE,3105
36434042,0001,1,HAKA SPORT CENTER,02,20200219,20200219,CE,1389
36441192,0001,1,IN FOCCO ACADEMIA,04,20220609,20200220,SP,6789
33834741,0002,2,ACADEMIA USINA VIP,08,20240626,20200220,PR,7583
36443980,0001,1,SPORTIF TRAINING CENTER,02,20200220,20200220,CE,1389
36444763,0001,1,ACADEMIA LFITNESS CLUB,02,20200220,20200220,SP,6291
36444810,0001,1,,02,20200220,20200220,PR,7885
36445855,0001,1,IR ACADEMIA,04,20240812,20200220,DF,9701
36448406,0001,1,,02,20200221,20200221,SP,6875
36450270,0001,1,ESPACO PL,02,20200221,20200221,PE,0544
36479888,0001,1,,02,20200227,20200227,MG,4309
36483367,0001,1,ACADEMIA FIT MONSTER,08,20200318,20200227,SP,6671
36487645,0001,1,DOCTOR FIT,02,20200227,20200227,RS,8921
36487824,0001,1,PUNK CROSSFIT,02,20200227,20200227,GO,9373
36489260,0001,1,CROSS LIFE JARINU,08,20221107,20200227,SP,6605
36491061,0001,1,POINT TRAINING,08,20210517,20200227,SP,7107
36491796,0001,1,CROSS LIFE PEREIRA BARRETO,08,20200624,20200227,SP,7057
36501694,0001,1,EVOLUA TREINAMENTO FUNCIONAL & CORRIDA,02,20200228,20200228,SC,8047
36515618,0001,1,,02,20200302,20200302,SP,7099
36517080,0001,1,,02,20220620,20200302,GO,9221
36519456,0001,1,2B ATIVIDADES DE CONDICIONAMENTO FISICO,02,20200302,20200302,SP,7107
36527009,0001,1,ACADEMIA BIOFITNESS,02,20200303,20200303,PR,0836
36527625,0001,1,SAVAGE PERFORMANCE ESPORTIVA,02,20200303,20200303,RS,8651
31891264,0001,1,ACQUAZERO,02,20181029,20181029,SP,6377
36553661,0001,1,,02,20200304,20200304,SP,6271
36555354,0001,1,LEELA YOGA,08,20220720,20200304,SP,7107
36555497,0001,1,ACADEMIA BE FIT,02,20200304,20200304,SP,6315
36561601,0001,1,JSG OSTEOPATIA E FISIOTERAPIA,08,20200610,20200305,PR,7535
36570192,0001,1,W-BRASIL ACADEMIA,02,20200305,20200305,SP,7107
36583285,0001,1,ACADEMIA GR FITNESS,02,20200306,20200306,MG,5215
36583621,0001,1,,08,20230426,20200306,RN,1761
36584413,0001,1,KM FITNESS,04,20220607,20200306,CE,9917
36584836,0001,1,BOX SPARTANOS,02,20200306,20200306,CE,1373
36588353,0001,1,FIT ACADEMIA,02,20220713,20200306,RJ,5877
29729650,0001,1,CENTRO DE TREINAMENTO ARMY FIVE,02,20180220,20180220,RN,1761
36594609,0001,1,RD FITNESS,02,20200308,20200308,CE,1389
36616600,0001,1,ACADEMIA CORPO EM FORMA,02,20220817,20200310,SC,8021
36631023,0001,1,HW FITNESS,02,20221025,20200311,CE,1389
36635227,0001,1,ACADEMIA ALTA PERFORMANCE,02,20200311,20200311,RN,1605
36639308,0001,1,N & N MULTFORMA,02,20260609,20200311,BA,3967
07594978,0399,2,,02,20200312,20200312,MG,4123
36649718,0001,1,,08,20220222,20200312,PE,2415
36650840,0001,1,ACADEMIA CORPO ATIVO,02,20200312,20200312,MG,5373
36652367,0001,1,ACADEMIA LANDER FIT,08,20210705,20200312,SP,6477
36663346,0001,1,ESPACO FITNESS,08,20201113,20200313,PE,2615
36664586,0001,1,,08,20220725,20200313,SP,6897
36667412,0001,1,ACADEMIA DA SAGRADA FAMILIA,08,20240130,20200313,AL,2785
36667702,0001,1,TG PERFORMANCE,02,20200313,20200313,RJ,5821
36669016,0001,1,ADA ASSESSORIA ESPORTIVA,02,20200313,20200313,SP,7107
36671426,0001,1,ZYON STUDIO FITNESS,08,20250121,20200313,PR,0844
23018404,0002,2,,02,20200313,20200313,SP,6929
36691356,0001,1,STEEL ACADEMIA E FITNESS & LABPICS/ITECNA,08,20251007,20200316,RS,8495
36693113,0001,1,ACADEMIA LIFE FIT,04,20220607,20200316,PA,0040
36697767,0001,1,,08,20210525,20200317,SP,6789
36704201,0001,1,,08,20201215,20200317,SP,6373
36704557,0001,1,F2 PERSONAL TRAINER,08,20210921,20200317,SP,7107
36705468,0001,1,,02,20200317,20200317,SP,6589
36711310,0001,1,CATERSTUDIO PILATES,04,20260612,20200318,SP,6291
27955088,0001,1,XLIMIT ACADEMIA,08,20200318,20170613,PB,1981
36714789,0001,1,CROSS PIPA,02,20200318,20200318,RN,1881
36725021,0001,1,JN FITNESS,08,20241202,20200319,MS,9051
36729000,0001,1,WP ESPACO FITNESS,08,20210208,20200319,MA,0921
36732734,0001,1,EURO CROSSFIT,08,20260603,20200319,PA,0415
28941521,0003,2,,02,20200323,20200323,MG,4365
36470751,0001,1,SELVA TEAM,02,20200226,20200226,MT,9067
36682446,0001,1,CROSS EXPERIENCE PARAGUACU,08,20231121,20200316,MG,4943
36837378,0001,1,LUANA PECH PERSONAL TRAINING,02,20200401,20200401,SC,8055
36842008,0001,1,,02,20200401,20200401,SC,8105
27552347,0001,1,,02,20170419,20170419,PR,7825
36905721,0001,1,,02,20200409,20200409,MG,4031
36911754,0001,1,JO FITNESS,02,20240515,20200410,PA,0595
36911991,0001,1,,08,20251112,20200410,PR,9983
36924069,0001,1,STUDIO PERSONAL ANTONIO GOMES,02,20200413,20200413,MG,4083
36928515,0001,1,ACADEMIA POWER TRAINING,04,20240816,20200414,RS,8801
36614875,0002,2,STUDIO BIO FORMA PERSONAL TRAINER,02,20200414,20200414,SC,8161
36930792,0001,1,,02,20200414,20200414,SP,6249
36758689,0001,1,CROSS EXPERIENCE ALVORADA,08,20240529,20200324,RR,0301
36960824,0001,1,ESTUDIO FENIX PILATES & MUSCULACAO,02,20200418,20200418,DF,9701
36967598,0001,1,ESPACO DO MOVIMENTO,08,20210112,20200420,SE,3105
36981051,0001,1,SU.A ASSESSORIA ESPORTIVA,02,20200422,20200422,GO,9373
36982476,0001,1,,02,20200422,20200422,RS,8531
36982503,0001,1,STUDIONE,03,20260327,20200422,SP,6969
36992066,0001,1,,02,20200423,20200423,RS,8687
36996720,0001,1,,02,20200424,20200424,PB,2141
36997865,0001,1,ACADEMIA GRACIE BARRA BRODOWSKI,02,20200424,20200424,SP,6257
34030662,0001,1,ACADEMIA PERFORMACE,02,20190626,20190626,RS,8601
22902694,0093,2,,02,20200428,20200428,AM,0255
37018944,0001,1,ABBA BOX CROSSFIT,02,20200428,20200428,RS,8593
37027480,0001,1,ACADEMIA TOTAL FITNESS,02,20200429,20200429,MA,0240
37038492,0001,1,ACADEMIA STILL FIT,02,20200430,20200430,RJ,5833
32882288,0002,2,BRAVUS ACADEMIA II,02,20200430,20200430,SP,6789
26399559,0001,1,,08,20200502,20161021,MG,4123
37069353,0001,1,MAD GYM,02,20200505,20200505,SC,8163
37069550,0001,1,AQUA ANGEL NATACAO E HIDRO,02,20200505,20200505,CE,1373
37082551,0001,1,,02,20200507,20200507,SP,6875
37098400,0001,1,,02,20200508,20200508,SP,7107
37123621,0001,1,EVOLVE GYMBOX,08,20240522,20200512,DF,9701
34001346,0001,1,AGNUS PERSONAL STUDIO,02,20190624,20190624,SC,8233
37138299,0001,1,DOCTOR GINASIUM,08,20230512,20200514,RS,8953
37139473,0001,1,STUDIO KAIROS,02,20200514,20200514,PR,7535
37146960,0001,1,MONSTER CLASS ACADEMIA,04,20220608,20200514,SC,8057
37164986,0001,1,JEWEL COACH FITNESS,02,20200518,20200518,SC,8039
37181148,0001,1,CROSS EXPERIENCE CAMPOS GERAIS,08,20240201,20200519,MG,4231
37181309,0001,1,,02,20200519,20200519,PI,1019
37187681,0001,1,MASTER FITNESS,02,20200520,20200520,ES,5623
37190905,0001,1,ESCOLA DE VOLEI SETPOINT,02,20200520,20200520,PB,2051
26493675,0001,1,ESPACO ALINHAR,08,20200521,20161107,MA,0921
28700325,0001,1,DOJO CINTRA,08,20200521,20170921,GO,9227
22575486,0002,2,********,08,20230208,20200526,SC,8295
37243035,0001,1,ACADEMIA PREMIER FITNESS,02,20200527,20200527,MT,1096
37245627,0001,1,CENTER FITNESS,08,20210618,20200527,MG,5049
37247880,0001,1,,02,20200527,20200527,SP,6689
28301830,0001,1,PHISYCUS,08,20200602,20170731,MG,0756
19917950,0002,2,GREEN LIFE ACADEMIAS,08,20210825,20200529,CE,1389
37285598,0001,1,,02,20200601,20200601,RJ,6001
37289418,0001,1,ACADEMIA COWBOY TEAM MUSCLE,04,20231116,20200601,PR,7927
37297060,0001,1,PHYSICAL BODY ACADEMIA,08,20230228,20200602,MG,5273
37303857,0001,1,ACADEMIA START FIT,02,20200602,20200602,MG,5197
26863055,0001,1,PRO-FIT,08,20200609,20170113,RO,0007
37327478,0001,1,CENTER FITNESS ACADEMIA,08,20210901,20200604,MT,9889
37332250,0001,1,,02,20200605,20200605,MG,4349
28019287,0002,2,STUDIO JO FITNESS,08,20250829,20200605,MG,4501
37348707,0001,1,ACADEMIA PLAYFIT,04,20231030,20200608,MT,9819
37363846,0001,1,,02,20200609,20200609,RN,1641
37374013,0001,1,CF VOLT,08,20250918,20200610,MG,4123
32894054,0001,1,TECFIT CAMPO BELO I,02,20190226,20190226,SP,7107
07594978,0408,2,,02,20200610,20200610,GO,9373
29795720,0001,1,,02,20180227,20180227,PB,1981
37429509,0001,1,ARENA MEGA SPORTS,02,20200616,20200616,SP,7107
37436674,0001,1,,08,20230713,20200617,RS,8801
37439616,0001,1,MOVING SPORTS,02,20200617,20200617,SP,7107
37441635,0001,1,BN STUDIO PERSONAL,02,20230215,20200617,PA,0503
33093872,0002,2,,08,20220816,20200622,PR,7583
37495539,0001,1,ESPACO FITNESS,02,20200623,20200623,MG,4799
37496713,0001,1,ACADEMIA ESPACO SAUDE,08,20250401,20200623,RJ,5885
37513729,0001,1,FORCA FITNESS,04,20260522,20200624,RJ,5853
37523114,0001,1,TREINO 541,02,20200625,20200625,PR,7777
30544516,0001,1,ACADEMIA F DOURADO,02,20180524,20180524,MA,0258
37543463,0001,1,B-LIFE PERFORMANCE,02,20200626,20200626,MG,4123
37552472,0001,1,BESSA FITNESS,04,20240821,20200629,PA,0415
37565714,0001,1,ACADEMIA R-FITNESS,08,20210720,20200630,SP,6511
37567722,0001,1,CASA KAJU,08,20210525,20200630,SP,7107
37576926,0001,1,EVOLUTION ACADEMIA,02,20200701,20200701,RS,8919
37589120,0001,1,ACADEMIA TYTAN PERSONAL FITNESS,02,20200702,20200702,RN,1779
36650808,0001,1,FORCA VITAL CENTRO DE TREINAMENTO,04,20260527,20200311,BA,3965
35603926,0001,1,IN BOX CROSS TRAINING,08,20221014,20191125,DF,9701
37629331,0001,1,,02,20200706,20200706,SP,6803
37638480,0001,1,MOINHOS FITNESS,02,20200707,20200707,RS,8589
37642174,0001,1,ATENAS EXPRESS,02,20220321,20200707,AM,0255
37642673,0001,1,STUDIO PERSONAL VIP,02,20200707,20200707,GO,9595
37646321,0001,1,ACADEMIA EVOLUCAO,02,20200707,20200707,SP,6673
37659728,0001,1,UPGRADE FITNESS CENTER,02,20200708,20200708,RJ,5813
32206380,0001,1,BELLA EM MOVIMENTO,08,20231106,20181207,SC,5541
37664383,0001,1,CENTER FITNESS,02,20200709,20200709,MG,0650
37706749,0001,1,ALPHA TRAINING MUSCULACAO E FUNCIONAL,08,20210408,20200713,GO,9289
37735553,0001,1,,02,20200715,20200715,PR,7845
37746725,0001,1,PERSONNALITE ACADEMIA,02,20200716,20200716,RJ,6001
37753693,0001,1,ALLMA PILATES,02,20200716,20200716,RS,8801
36444906,0001,1,TOP LIFE ACADEMIA,08,20230821,20200220,ES,5699
37763928,0001,1,PSICOPILATES CLINICA INTEGRADA,08,20231222,20200717,RS,8575
37765217,0001,1,,04,20240826,20200717,SP,6291
37766306,0001,1,,02,20200717,20200717,SP,6219
37804054,0001,1,STUDIO PRIME,02,20200721,20200721,GO,9361
37806535,0001,1,JDB SPORTS GROUP,02,20200721,20200721,MG,4123
37806755,0001,1,DAVI DIAS PERSONAL,02,20200721,20200721,SP,6477
37821722,0001,1,BLACK FITNESS ACADEMIA,02,20200722,20200722,SC,8179
37827746,0001,1,STARTFIT E PANTHERA ACADEMIA,02,20200723,20200723,MA,0921
33598797,0003,2,MONSTER GYM TREM,08,20231205,20200723,AP,0605
37846181,0001,1,CENTRO DE TREINAMENTO GFITNESS,02,20200724,20200724,SP,6219
37850037,0001,1,MS SOCCER ACADEMY,08,20210129,20200724,SC,8233
37853369,0001,1,ACADEMIA BRACO FORTE,02,20200724,20200724,PR,7657
30611489,0001,1,STUDIO FUSION FITNESS,02,20180604,20180604,RO,0020
26095358,0001,1,,08,20220725,20160902,SP,7079
33086996,0001,1,ACADEMIA MOVE LIFE,02,20190320,20190320,CE,1253
27252835,0001,1,FABIANA VEIGA DOS SANTOS,08,20180311,20170308,SP,6213
32694116,0001,1,FORMULA FITNESS,08,20220822,20190207,MG,4079
33837633,0001,1,SPACE FIT,02,20190605,20190605,RN,1759
27078945,0001,1,STUDIO DE PILATES VANESSA MOLINA,02,20170209,20170209,SP,6469
35625176,0001,1,POWER FIT +,02,20191126,20191126,RS,8877
33932445,0001,1,HOUSE ACADEMIA,02,20190614,20190614,PB,1975
31838706,0001,1,CTCA,02,20181023,20181023,SP,7105
37860109,0001,1,IAG PERFORMANCE,02,20200727,20200727,PI,1023
37871675,0001,1,,02,20200727,20200727,PR,7513
37881759,0001,1,,02,20200728,20200728,SC,8161
37882577,0001,1,POWER MAX ACADEMIA,08,20220309,20200728,ES,5623
37883591,0001,1,STUDIO AGATHE,02,20200728,20200728,RS,8801
37911171,0001,1,PRIMAL ESTUDIO,02,20200730,20200730,PE,2547
32397968,0001,1,IMPACTO-TREINAMENTO PERSONALIZADO,02,20190109,20190109,SC,8165
37923436,0001,1,PRIME FIT ACADEMIA,08,20211123,20200731,CE,1271
37925936,0001,1,TO MOVE CENTRO DE TREINAMENTO,02,20200731,20200731,SP,6131
37929777,0001,1,VIVER EM MOVIMENTO,02,20200731,20200731,RJ,6001
37950354,0001,1,,02,20200803,20200803,SP,7107
37951061,0001,1,ALTUS CROSS TRAINING,02,20200803,20200803,SP,6251
37952394,0001,1,MR ACADEMIA,02,20200803,20200803,MG,5273
34500416,0001,1,ALOHA PILATES,02,20190812,20190812,SE,3105
37960412,0001,1,ALINHA STUDIO DE PILATES,02,20200804,20200804,SP,7075
37969197,0001,1,,02,20200804,20200804,RS,8523
37971188,0001,1,CR SOBMEDIDA,02,20200804,20200804,PR,7667
08781652,0002,2,FISIO & SAUDE,08,20220317,20200804,PR,7563
37979117,0001,1,LION FITNESS ACADEMIA,02,20200805,20200805,MA,0963
37985633,0001,1,,02,20200805,20200805,SP,6713
34320257,0002,2,ACT LIFE,08,20240711,20200805,SP,6181
37988733,0001,1,CROSS EXPERIENCE GUAXUPE,08,20250327,20200805,MG,4573
37990925,0001,1,GARDS FITNESS,02,20200806,20200806,SP,7107
37994777,0001,1,ACADEMIA PLENITUDE DO CORPO,08,20260310,20200806,MA,0889
37999640,0001,1,POSTURAL,08,20230418,20200806,RS,8777
38000979,0001,1,BEM MAIS SAUDE,02,20200806,20200806,ES,5629
33205213,0001,1,THANOS ACADEMIA,02,20190401,20190401,AM,0255
38009840,0001,1,ACTION ASSESSORIA DE CORRIDA,02,20260528,20200807,BA,3515
30311145,0001,1,ESPACO VITORIA REGIA,02,20180426,20180426,PB,2051
35633142,0001,1,ACADEMIA MARTAN'S,02,20191127,20191127,RJ,6001
38016632,0001,1,,02,20200807,20200807,RS,8519
38036005,0001,1,MAIS VIDA SAUDE E BEM ESTAR,08,20220816,20200810,PR,7477
38039896,0001,1,,08,20210331,20200811,PR,7535
38043052,0001,1,ARENACROSS TANGARA DA SERRA,04,20260525,20200811,MT,9185
38043467,0001,1,,08,20241209,20200811,SP,7107
38045841,0001,1,ALFA ACADEMIA,02,20200811,20200811,AC,0155
38058486,0001,1,INSTITUTO REGENERA,02,20200812,20200812,MG,4051
38058937,0001,1,STUDIO MARCIO MORENO,04,20220610,20200812,RJ,6001
30039624,0002,2,MAXIMUS ACADEMIA,08,20240205,20200812,MA,0188
38097129,0001,1,MD FITNESS ACADEMIA,04,20240823,20200814,CE,1411
38099261,0001,1,CENTER FIT ACADEMIA,04,20260605,20200814,TO,9713
38101281,0001,1,GANNIKOS TRAINING,04,20260515,20200814,CE,1389
38109694,0001,1,AQUA FISIO,02,20200817,20200817,GO,9489
38109798,0001,1,INSTITUTO REGIANE BUENO,02,20200817,20200817,PR,7667
32536280,0001,1,TG FITNESS,02,20220224,20190123,SP,6817
38118846,0001,1,CT MF TEAM,08,20221031,20200817,RS,8771
38134627,0001,1,CENTRO DE TREINAMENTO FUNCIONAL DOS CAVEIRA DE ACO,08,20230803,20200818,AM,0253
38137365,0001,1,,02,20200818,20200818,RS,8593
38137719,0001,1,,02,20200818,20200818,SP,7107
38143922,0001,1,LIFE FIT ACADEMIA,02,20200819,20200819,SP,2951
38159466,0001,1,,04,20260610,20200820,MG,4123
33434995,0001,1,ACADEMIA BRADDOCKS,04,20260603,20190423,SC,8081
38167900,0001,1,GO FITNESS,02,20240125,20200820,RN,1875
38175452,0001,1,CORPUS ASSESSORIA,02,20200821,20200821,SP,6717
38196043,0001,1,ACADEMIA GAVIOES,02,20200824,20200824,SP,7107
38196196,0001,1,,08,20260114,20200824,RS,8667
38201597,0001,1,SHAPE ACADEMIA,02,20200824,20200824,GO,9277
38208578,0001,1,PHYSICUS ACADEMIA,08,20210604,20200824,CE,0989
38214717,0001,1,CONSULTORIA ESPORTIVA OLIVEIRA,02,20240923,20200825,BA,3661
38029220,0001,1,,02,20200810,20200810,SP,7107
38229345,0001,1,ACADEMIA WFIT,02,20200826,20200826,SC,0888
38234010,0001,1,,02,20200826,20200826,MG,4733
38234575,0001,1,BOA FORMA FITNESS,02,20200826,20200826,MA,0228
34704332,0001,1,MOVIMENTO FITNESS ACADEMIA,02,20190829,20190829,RO,0004
35180837,0001,1,ATIVA STUDIO DE PILATES,04,20260527,20191014,GO,9373
38243907,0001,1,ACADEMIA DOM FIT,04,20231106,20200827,PR,7535
26173121,0001,1,MUGO CROSSFIT,08,20200827,20160914,PA,0427
38260123,0001,1,LEV PILATES,08,20220223,20200828,PR,7777
38265954,0001,1,RF CROSS TRAINING,08,20260123,20200828,MS,9107
38269406,0001,1,CROSS CLUB GBI,02,20200828,20200828,BA,3533
38277938,0001,1,STAR PILATES: SAUDE E ESTETICA,02,20200831,20200831,GO,9571
38281590,0001,1,LB FITNESS,02,20200831,20200831,RJ,6001
38302738,0001,1,ACADEMIA DALLAS,02,20200901,20200901,SP,6689
38305072,0001,1,,02,20200901,20200901,SP,6131
33713640,0001,1,ARENA FIT,02,20190523,20190523,SP,6177
38329841,0001,1,ACADEMIA GALLINA,02,20200901,20200901,RS,5967
38339937,0001,1,I9 FITNESS ITAC,04,20220609,20200903,RJ,5851
38343119,0001,1,GT STUDIO,02,20200904,20200904,DF,9701
38363680,0001,1,,02,20200907,20200907,MG,4349
38374308,0001,1,N1 BOX,02,20200908,20200908,MG,5403
38389533,0001,1,BODY STUDIO,02,20200909,20200909,RJ,6001
38393577,0001,1,MOVIN' STUDIO FITNESS,02,20230524,20200909,BA,1112
38393953,0001,1,STUDIO LIFE FIT,02,20200909,20200909,MG,4799
10722082,0002,2,ACADEMIA TOTAL MOVIMENTO,02,20200910,20200910,CE,1403
38402177,0001,1,ALINE BECKER,02,20200909,20200909,RJ,6001
38405966,0001,1,STUDIO E ACADEMIA PERFORMANCE FITNESS,02,20200910,20200910,CE,1597
38423351,0001,1,,08,20230719,20200911,SP,7075
38423435,0001,1,ACADEMIA ESPACO FITNESS - BRAGA TRAINER,08,20230809,20200911,TO,9241
38426184,0001,1,CHRONUS CENTRO DE TREINAMENTO,02,20200911,20200911,RJ,0774
34821046,0001,1,RAFFA FIT,08,20241213,20190910,RN,1761
38470947,0001,1,SPARTA TREINAMENTOS LTDA,02,20200915,20200915,SP,6229
38475339,0001,1,CW FIT,02,20200916,20200916,MG,4267
38481632,0001,1,,04,20240909,20200916,SP,6477
38493216,0001,1,CROSS LIFE,04,20240814,20200917,GO,9563
38496954,0001,1,BOND FITNESS ACADEMIA,02,20200917,20200917,MG,4945
38499769,0001,1,,04,20231109,20200917,RN,1613
38504808,0001,1,CT FORCE,08,20210823,20200917,GO,9373
38537985,0001,1,ACADEMIA RESTITUICAO,02,20200918,20200918,PA,0621
38541398,0001,1,,02,20220705,20200917,PR,7535
38545511,0001,1,F7 ACADEMIA,02,20200918,20200918,SE,3105
38561123,0001,1,BELO MOVIMENTO STUDIO,02,20200918,20200918,SC,8225
38570476,0001,1,STUDIO MEGAFITESS,02,20250801,20200918,RS,8801
38578359,0001,1,,02,20200919,20200919,SC,8179
33270508,0001,1,BOX CENTENARIO ACADEMIA,08,20200930,20190405,SP,7225
38708185,0001,1,TPM ALE PERSONAL,02,20200923,20200923,SP,7079
38708887,0001,1,SONNER FIT,02,20200923,20200923,SP,6177
26809220,0001,1,CROSS RK,02,20170105,20170105,SP,6293
38711175,0001,1,XFITINESS,04,20231103,20200923,AL,2827
38778261,0001,1,,08,20250507,20200923,SC,8047
38824823,0001,1,CT COUTO,02,20200924,20200924,MG,4371
38828716,0001,1,IVOYOGA BJJ,08,20210520,20200924,SP,7107
27200764,0001,1,WORKOUT LAB,02,20170301,20170301,SP,6787
38925190,0001,1,ACADEMIA 1000 GRAUS,02,20200925,20200925,AL,2725
38946969,0001,1,NITROBOX,02,20200925,20200925,SP,7107
38947193,0001,1,ACADEMIA DOS MAIAS,08,20210105,20200925,RS,8801
38948004,0001,1,ESPACO FITNESS,04,20260522,20200925,SP,6183
39141583,0001,1,,02,20200926,20200926,RJ,6001
39144973,0001,1,,02,20200928,20200928,MG,4445
39146848,0001,1,ACADEMIA VITTAL ENERGY,02,20200928,20200928,BA,3735
39150961,0001,1,MOVING,02,20200928,20200928,GO,9403
39155646,0001,1,STUDIO FITNESS ACADEMIA,02,20200928,20200928,SP,7107
39157651,0001,1,OPEN BEACH POA,02,20200928,20200928,RS,8801
39167379,0001,1,ARENA CRISTO,02,20200928,20200928,PB,2051
36248260,0001,1,OFICINA DO CORPO PG,02,20200204,20200204,PR,7777
39228063,0001,1,,02,20200929,20200929,SP,7107
39230634,0001,1,HTON FITNESS,02,20200929,20200929,MG,4123
39233388,0001,1,STUDIO MAX TRAINER,08,20211221,20200929,PA,0447
39238002,0001,1,SUL FORCE,02,20200929,20200929,RS,8785
39253056,0001,1,,02,20200930,20200930,PR,7687
22902694,0102,2,,02,20200930,20200930,MA,0921
39259420,0001,1,ACADEMIA PERFORMANCE,04,20260518,20200930,CE,1411
39259631,0001,1,,02,20200930,20200930,MS,9051
39264405,0001,1,ACADEMIA MULLER FIT,02,20201001,20201001,PA,0487
39276489,0001,1,,08,20210929,20201001,SC,8089
39278407,0001,1,AIR ACADEMIA,02,20201001,20201001,RJ,5867
39280171,0001,1,,02,20201001,20201001,MG,4075
10322927,0002,2,ACADEMIA SAUDE E CIA,08,20210615,20201002,GO,9489
39284202,0001,1,BODYBUILDER GYM,02,20201002,20201002,SE,3159
39305869,0001,1,UP FITNESS ASSESSORIA ESPORTIVA,08,20241213,20201005,SP,7107
39306119,0001,1,ALTO FITNESS ACADEMIA,02,20201005,20201005,PE,2381
39311434,0001,1,SERRINHA CROSS,08,20210420,20201005,BA,3467
39317582,0001,1,MUNDO FTNESS,02,20201005,20201005,PA,0395
27181558,0001,1,PHYSICAL GYM,08,20201015,20170222,SP,6271
39330471,0001,1,,02,20201006,20201006,SP,7107
39333099,0001,1,GUDOLLE STUDIO PILATES,02,20201006,20201006,RS,8589
39337505,0001,1,TOP FIT,02,20201007,20201007,MG,4737
39352865,0001,1,ACADEMIA FISION FIT,02,20201007,20201007,MG,4787
39358399,0001,1,,04,20260610,20201008,MG,4865
39379802,0001,1,ENERGHY FIT LTDA,02,20201009,20201009,RJ,6001
39380532,0001,1,ACADEMIA CORPORY CENTER,02,20201009,20201009,ES,5699
39381375,0001,1,LET S UP,08,20251213,20201009,SC,8113
39395393,0001,1,CROSS EXPERIENCE,08,20211111,20201013,MT,8985
39398275,0001,1,RL GINASTICA LABORA,04,20231031,20201013,AM,0255
39400820,0001,1,CLINICA DE FISIOTERAPIA E PILATES MOBILIZAR,02,20201013,20201013,RS,8849
39407467,0001,1,HC PERSONAL TRAINERS,02,20201013,20201013,AL,2785
39424561,0001,1,V4 FITNESS CENTER,02,20201014,20201014,ES,5705
39428808,0001,1,IMPERIO CROSS,02,20201015,20201015,MA,0921
39433731,0001,1,AGUIAR PHYSICAL CENTER,02,20201015,20201015,PA,0533
39446624,0001,1,ACADEMIA SAUDE TOTAL FITNESS,02,20201016,20201016,RJ,5869
39452344,0001,1,RG TRAINING PERFORMANCE E FUNCIONAL,02,20201016,20201016,SC,8061
39456158,0001,1,CULTIVO CCMLJ,02,20220909,20201016,SP,7107
28632324,0001,1,AEP PERSONAL E EVENTOS,08,20201019,20170913,SP,7107
39479039,0001,1,ACADEMIA WF,02,20201019,20201019,PB,2117
39482777,0001,1,ARENA FITNESS,02,20201019,20201019,GO,9303
39491408,0001,1,STUDIO SETE,08,20250616,20201020,MA,0128
39493658,0001,1,ESPACO FOCO ACADEMIA PERSONAL E DE TERAPIAS CORPO E MEN,02,20201020,20201020,PR,7535
39510460,0001,1,CROSS EXPERIENCE SAO LUIS,08,20250403,20201021,MA,0921
39519651,0001,1,,02,20201022,20201022,SP,7097
39523219,0001,1,STUDIO PERFORMANCE,02,20260105,20201022,RO,0013
39524037,0001,1,+ATTO SAUDE E BEM ESTAR,02,20201022,20201022,GO,9373
39538114,0001,1,BOX PERFORMANCE,02,20201023,20201023,ES,5699
39543959,0001,1,,02,20201023,20201023,SP,6131
39560333,0001,1,DOCTOR FIT SANTA RITA,02,20201026,20201026,PB,2175
39561077,0001,1,EU SOU VITRUZ,02,20201026,20201026,AL,2785
39563487,0001,1,STUDIO RAIA ELITE,08,20211230,20201026,MG,5403
39565878,0001,1,GRUPO GYM & PILATES,08,20240623,20201026,SP,7075
39567103,0001,1,WT FITNESS,02,20201026,20201026,RN,1687
39576497,0001,1,P.G.TREINAMENTOS,02,20201027,20201027,PR,7691
39578549,0001,1,ADEGA DOS ALIADOS,02,20201027,20201027,SP,7107
39579861,0001,1,,02,20201027,20201027,RS,8703
39590445,0001,1,CT FOCO,02,20201028,20201028,BA,3597
39590850,0001,1,BALLET & GYM,08,20210311,20201028,MG,4123
39594423,0001,1,SG LIFE ESTETICA E PILATES,08,20220829,20201028,BA,3849
39602212,0001,1,IMPERIUM FITNESS,08,20221213,20201028,BA,3515
39603187,0001,1,STUDIO SUPERIOGA VILA NOVA,02,20201028,20201028,SP,7107
39610958,0001,1,CENTRO DE TREINAMENTO FUNCIONAL EXTREME,02,20250110,20201029,PA,0545
39629255,0001,1,ACADEMIA FERREIRA GYM,02,20201030,20201030,MA,0921
26869093,0001,1,MOVE SPORT RIO,08,20170520,20170114,RJ,6001
27150621,0001,1,FACTORY 1,08,20180108,20170220,RS,8785
27327080,0001,1,MAX PRO ACADEMIA,08,20170801,20170317,PI,1219
28324340,0001,1,ACADEMIA PHYSICAL FITNESS,08,20171009,20170802,GO,9633
28484630,0001,1,,08,20180125,20170823,SC,8291
39636680,0001,1,,02,20201101,20201101,MG,4123
39642666,0001,1,CF CALIDO,02,20201103,20201103,SP,7145
39650396,0001,1,NEESC NUCLEO DE EMAGRECIMENTO ESTETICA SILAS CARNEIRO,02,20201103,20201103,BA,3901
39670113,0001,1,,02,20201104,20201104,SP,7065
39670859,0001,1,RHINO FIT,02,20201104,20201104,MG,4083
39693184,0001,1,FOGUETE ULTRA,02,20201106,20201106,AL,2785
39695024,0001,1,S.P. ASSESSORIA ESPORTIVA,02,20201106,20201106,PA,0447
39701603,0001,1,TH FUNCIONAL,02,20230404,20201106,AM,0255
39704667,0001,1,DEYSALINE ALMEIDA ESTUDIO DE PILATES,02,20201107,20201107,MG,4723
39711845,0001,1,BELLA ESPACO FITNESS,08,20210623,20201109,MT,9151
39719731,0001,1,INVICTO C.T,08,20220608,20201109,RS,8577
38261563,0004,2,,08,20211130,20201110,SP,7107
38261563,0008,2,,08,20211130,20201110,SP,7107
39733805,0001,1,STUDIO MIQUELOF,02,20201110,20201110,SP,7037
38183473,0001,1,,02,20200821,20200821,RJ,6001
39758900,0001,1,,02,20201112,20201112,RO,0003
14902941,0002,2,ZEUS ACADEMIA,08,20230309,20201111,PE,2623
39773454,0001,1,INTENSE ACADEMIA,02,20201113,20201113,PB,2061
39774972,0001,1,LIFEFIT ACADEMIA,08,20230926,20201113,CE,1389
39581594,0001,1,,04,20240821,20201027,CE,1567
39793412,0001,1,ACADEMIA LIBER FIT,02,20201116,20201116,SP,7099
39800175,0001,1,RZ CENTRO DE TREINAMENTO & PERSONAL,02,20201116,20201116,SP,2951
39800458,0001,1,REPUBLIC BOX,08,20240105,20201116,PE,2549
39805347,0001,1,POWER GYM ACADEMIA,08,20240226,20201117,PR,7821
39806433,0001,1,GYM PRIME,08,20220617,20201117,RS,8589
39822916,0001,1,ACADEMIA CORPO IDEAL,02,20201118,20201118,SE,3105
39828449,0001,1,ACADEMIA EXTREME FITNESS,02,20201118,20201118,PB,2051
39834181,0001,1,PRIORE SAUDE FITNESS,08,20210716,20201118,MG,4553
39838415,0001,1,SPACE FIT,02,20201119,20201119,MG,4037
39858914,0001,1,,02,20201120,20201120,RN,1761
39875912,0001,1,VERITAS KIDS,08,20210413,20201118,DF,9701
39885198,0001,1,ACADEMIA BRASS FIT,02,20201123,20201123,PI,2273
39886043,0001,1,BRB ESPORTE E LAZER,04,20260610,20201124,MG,4123
39889765,0001,1,BOX KAIROS,08,20251211,20201124,CE,1389
39894124,0001,1,ACADEMIA MOVIMENT FIT,08,20250509,20201124,SP,7183
39908232,0001,1,G1 ACADEMIA,08,20231023,20201125,RN,1761
39910048,0001,1,COACH RAUL,02,20201125,20201125,SP,7083
39522392,0001,1,PRO ATIVA GYM,02,20201022,20201022,MS,9073
39925479,0001,1,ACADEMIA NEW MASTER,08,20230126,20201126,SE,3105
39927608,0001,1,ACADEMIA BIODINAMICA,08,20220329,20201126,PR,7527
39929750,0001,1,CF.SANTA CRUZ,02,20201126,20201126,RJ,6001
39940080,0001,1,CENTRO DE TREINAMENTO WOD,02,20201127,20201127,MS,9165
37149099,0001,1,M-FITNESS,02,20200514,20200514,PR,7597
39940928,0001,1,LIFE STILLUS ACADEMIA,02,20220209,20201127,MG,4123
39944042,0001,1,CTM-PILATES E FISIOTERAPIA,08,20210426,20201127,ES,5703
39951549,0001,1,ACADEMIA ALFA FITNESS,02,20241002,20201127,BA,3661
39952755,0001,1,BOX ALVORADA,04,20240819,20201130,PR,7565
39955461,0001,1,ACADEMIA R1,08,20220517,20201130,ES,5625
39960105,0001,1,EMV TREINAMENTO FUNCIONAL,02,20201130,20201130,SP,6251
39964877,0001,1,ALEFIT ACADEMIA,02,20201130,20201130,RN,1761
39978329,0001,1,SPINNING IN HOUSE,02,20201201,20201201,RJ,6001
26502092,0002,2,,02,20201207,20201207,SP,7107
40033206,0001,1,FLOR DO SOL SAUDE E BEM ESTAR,02,20201207,20201207,SP,7107
40036525,0001,1,REVIVA ESTUDIO FITNESS,02,20201207,20201207,AP,0615
40053790,0001,1,FOX ACADEMIA,02,20201208,20201208,SC,8105
40056439,0001,1,,08,20231223,20201208,ES,5623
40065270,0001,1,DH FITNESS,02,20201209,20201209,SP,7107
40085558,0001,1,BARRA FITNESS ACADEMIA,08,20201228,20201211,MG,4303
40090732,0001,1,PILATES PLATFORM,08,20211110,20201211,MG,5403
40091119,0001,1,THE BOX,08,20230324,20201211,RJ,5869
40091513,0001,1,RRFIT,02,20201211,20201211,SP,7077
33713821,0001,1,ACADEMIA EXTREME TEAM,08,20241023,20190523,PR,7535
40103310,0001,1,ACADEMIA FITNESS STTAR,02,20201214,20201214,CE,1515
40113583,0001,1,ADRENALINE FITNESS,08,20230327,20201215,GO,9373
40114584,0001,1,AMAPAFIT,08,20211124,20201215,AP,0601
40120597,0001,1,CENTER FITNESS ACADEMIA,08,20220602,20201215,MG,5049
33621153,0001,1,PULSAR TREINAMENTO FISICO,02,20190514,20190514,SC,8137
40132032,0001,1,STUDIO MARQUES,02,20201216,20201216,SP,7009
40132832,0001,1,MAC FIT ACADEMIA,02,20201216,20201216,SP,6697
40134575,0001,1,,08,20250916,20201216,MG,4123
40139205,0001,1,ACADEMIA DO FITNESS CENTER,02,20201217,20201217,SE,3105
40141661,0001,1,STUDIO MARCELO CRUZ,02,20201217,20201217,RS,8801
40142864,0001,1,E + C EXERCICIO E CIENCIA LTDA,02,20201217,20201217,SP,7107
40149561,0001,1,JM ASSESSORIA ESPORTIVA,08,20230801,20201217,SP,6401
40151550,0001,1,ACADEMIA MOVIMENTO E SAUDE,08,20220420,20201218,BA,3629
27939771,0001,1,ACADEMIA E BOX CROSS TRAINING 1RM,02,20170609,20170609,SP,6913
40153941,0001,1,,04,20260527,20201218,BA,3579
40155024,0001,1,LION FORCE CROSS LTDA,02,20201218,20201218,SP,7107
40157526,0001,1,CYBORG,04,20220610,20201218,SP,6477
28555749,0001,1,ACADEMIA BEM ESTAR,08,20210505,20170901,RS,8505
40171513,0001,1,,02,20201221,20201221,SP,6849
40180688,0001,1,ESPACO GERACAO SAUDE,02,20201222,20201222,RJ,5909
40181842,0001,1,MUNDUS FITNESS LTDA,02,20201222,20201222,RJ,5867
40183249,0001,1,ARENA BOX PZO,02,20201222,20201222,SC,8253
40191693,0001,1,VIP ACADEMIA,02,20201223,20201223,ES,5693
40196011,0001,1,TOP FIT ATIVIDADES FISICAS,02,20201224,20201224,MS,9165
40209335,0001,1,BODY FIT DE AUSTIN,02,20201228,20201228,RJ,5869
33248197,0001,1,SETTE CLUB,02,20190404,20190404,PE,2427
40216106,0001,1,,02,20201229,20201229,MG,4387
40222449,0001,1,PURE PILATES,02,20201230,20201230,SP,7107
26225428,0001,1,MTH CROSS TRAINING E PILATES,08,20230130,20160923,PE,2531
40252543,0001,1,CROSS EXPERIENCE BELA VISTA,08,20240109,20210104,BA,3993
40262425,0001,1,CHARRUA BARBELL & FITNESS - CENTRO,02,20210105,20210105,RS,8589
40280138,0001,1,STUDIO MOVER,08,20250205,20210106,MG,4133
40288861,0001,1,SARAH NASCIMENTO STUDIO PILATES,08,20210804,20210106,BA,3573
40305079,0001,1,FISICO E FORMA,02,20210107,20210107,AP,0609
40305594,0001,1,V F STUDIO,02,20210108,20210108,ES,5623
40305613,0001,1,TRIBO CROSSFIT,02,20210108,20210108,SP,6715
40307341,0001,1,DISTRITO FITNESS,08,20220106,20210108,PR,7749
40313332,0001,1,HANDFIT ACADEMIA,08,20210323,20210108,TO,9519
33661549,0001,1,COMPADEL,02,20190520,20190520,RS,8559
40317942,0001,1,4LIFE ACADEMIA FEMININA,02,20210108,20210108,PR,7885
40320155,0001,1,STUDIO LIFE,08,20240826,20210108,SP,6639
40330710,0001,1,CROSSFIT IRON,08,20250331,20210108,BA,3467
27912447,0001,1,ACADEMIA FENIX FIT,08,20250527,20170607,SC,8221
40364346,0001,1,,02,20210112,20210112,ES,5699
40365057,0001,1,RIOSFIT ACADEMIA,02,20210112,20210112,PR,7535
40370671,0001,1,MOVIMENTE ACADEMIA,08,20260226,20210113,MG,4055
40371052,0001,1,ACADEMIA BOA VIDA,08,20231027,20210112,BA,3849
38261563,0029,2,,08,20211130,20210113,CE,1389
40375173,0001,1,THALITA GS,08,20241017,20210113,SP,6291
40381619,0001,1,LIBERTY CROSS,04,20260515,20210113,ES,5703
40390092,0001,1,ACADEMIA TRAINNER FIT,02,20210114,20210114,RO,0025
40393049,0001,1,ZEUS FIT,02,20210114,20210114,TO,9733
33786929,0001,1,TREINACO,08,20210114,20190531,RS,8771
40394803,0001,1,SUSI MODAS FITNESS,02,20240701,20210114,SP,7107
33628029,0001,1,ARENA GFC ESCOLINHA DE FUTEBOL,02,20260527,20190515,MT,9067
31132689,0003,2,,02,20210115,20210115,SC,8055
40424766,0001,1,ACADEMIA FEMININA VITALITY,02,20210116,20210116,SE,3187
40425680,0001,1,ATITUDE BOX,02,20210116,20210116,ES,5703
40432673,0001,1,JR STUDIO PERSONALIZADO,02,20210118,20210118,PR,7809
40443216,0001,1,CROSS EXPERIENCE VILA FURLAN,08,20250423,20210118,SP,6511
34445805,0001,1,CT ESPARTA,02,20190806,20190806,SC,8205
29022443,0001,1,LYON'S CROSS,02,20171108,20171108,MG,4371
40464357,0001,1,,02,20210119,20210119,RJ,6001
40469311,0001,1,LUKAS DANRLEY TREINAMENTO FUNCIONAL,04,20240816,20210119,AL,2789
40479558,0001,1,,02,20210120,20210120,SP,6425
40483062,0001,1,BARAO ACADEMIA EIRELI,02,20210120,20210120,SP,7107
40487617,0001,1,ACADEMIA RUNNING,04,20260603,20210120,MG,4751
40497327,0001,1,ACADEMIA DIA A DIA,08,20220303,20210121,SP,6495
31540924,0001,1,D' ZIMBA ACADEMIA,02,20180918,20180918,SC,8143
40505347,0001,1,RIO BEACH SPORTS,02,20210121,20210121,PR,7667
40513972,0001,1,ACADEMIA ARTFIT EVOLUTION,02,20210122,20210122,PR,7417
40520669,0001,1,FENIX ACADEMIA,08,20251015,20210122,PA,0401
40541711,0001,1,OLIMPO ACADEMIA,02,20210125,20210125,SP,6549
40547600,0001,1,STUDIO ELIANE OLIVEIRA,02,20210125,20210125,SC,8291
40554682,0001,1,TL FITNESS,08,20210705,20210125,RS,8839
40557229,0001,1,ENGENHARIA DO CORPO,02,20210126,20210126,PE,2521
40557918,0001,1,SOUL PERSONAL STUDIO,02,20210126,20210126,SP,6713
40558725,0001,1,VIKINGS ACADEMIA,08,20241224,20210126,SC,8089
34679468,0001,1,ACADEMIA DEFINI SPORT,02,20190827,20190827,PB,1937
40565824,0001,1,GOFIT,02,20210126,20210126,ES,2933
40570480,0001,1,THE HOUSE GYM,02,20240903,20210126,CE,1389
40582990,0001,1,VIDATIVA,02,20210127,20210127,MT,9779
36551093,0001,1,,02,20200304,20200304,SP,6717
40584263,0001,1,MOVEFIT,02,20210127,20210127,RJ,5865
40584306,0001,1,,02,20210127,20210127,SP,7107
40591879,0001,1,AQUARIUS WATER SPORTS,02,20210127,20210127,BA,3849
40600563,0001,1,A FITNESS WELLNESS EXPERIENCE,02,20210128,20210128,RS,8591
40602180,0001,1,CROSSCITY17,02,20210128,20210128,MA,0889
40602631,0001,1,FIT VILA BASTOS,02,20210128,20210128,SP,7057
40621452,0001,1,ACADEMIA CORPO MAIS,08,20230412,20210129,PR,7535
40630707,0001,1,STUDIO R.R. TEAM - TREINAMENTOS PERSONALIZADOS,04,20260609,20210129,MS,9065
40633250,0001,1,,02,20210129,20210129,SC,8179
40646869,0001,1,,02,20210201,20210201,SP,6789
40650529,0001,1,MOV STUDIO,02,20210201,20210201,MG,5403
40650617,0001,1,MOVESET PERFORMANCE,02,20210201,20210201,SP,7107
40654830,0001,1,STUDIO ONE FITNESS,02,20210201,20210201,RJ,5821
40674021,0001,1,,08,20220106,20210202,SP,7079
40674892,0001,1,,02,20240520,20210202,SP,6477
40678993,0001,1,TEAM MAURI PIARDI,02,20210202,20210202,RS,8953
40679207,0001,1,,08,20220705,20210202,SC,8179
40687172,0001,1,STUDIO MOBIFIT,02,20210203,20210203,PR,0844
40689573,0001,1,FABYFITNESS,02,20210203,20210203,PI,1117
40709173,0001,1,ACADEMIA MOTRIZ,08,20260415,20210204,PB,2051
40711077,0001,1,BOX CROSSOVER,02,20210204,20210204,RN,1759
40142758,0001,1,ESSENCIA FISICA,02,20201217,20201217,MG,4371
40741127,0001,1,VIP ACADEMIA,02,20240417,20210206,PA,0561
40752652,0001,1,,02,20210208,20210208,ES,5705
40757532,0001,1,OFICINA DE BEM ESTAR,08,20210312,20210208,MG,4133
40763134,0001,1,LIVE TRAINING,02,20210208,20210208,SE,3105
40763297,0001,1,MAIS ACTION,08,20210525,20210208,SE,3105
39556917,0001,1,,02,20201026,20201026,RS,8801
40776388,0001,1,ACADEMIA EUROTREINO,02,20210209,20210209,SP,6681
40782439,0001,1,CREMMA CAFE DARK BULLS,02,20210209,20210209,RJ,2921
40785405,0001,1,ACADEMIA BEM BEM ESTAR E MOVIMENTO,02,20210209,20210209,BA,3669
26000317,0001,1,,08,20260402,20160822,DF,9701
40789163,0001,1,BOX ACLIMACAO,02,20210210,20210210,SP,7057
40798206,0001,1,ACADEMIA UNIVERSE FITNESS,02,20210210,20210210,MS,9051
40799340,0001,1,,02,20210210,20210210,RN,1761
40803211,0001,1,KIKO PRATICAS AQUATICAS,02,20210210,20210210,BA,3849
40805014,0001,1,BIOFIT TREINAMENTO FUNCIONAL,02,20210210,20210210,RS,8959
40813331,0001,1,ACADEMIA AVANTE,02,20210211,20210211,RN,1865
40817825,0001,1,,02,20210211,20210211,PR,7549
40822121,0001,1,IMPACOT FITNESS,04,20231122,20210211,SP,7181
27502062,0001,1,GUSTAVO ALMEIDA FUTEBOL E FUNCIONAL,04,20210212,20170410,GO,9373
27251095,0001,1,BEN 10 MOTOS E ATLETISMO,08,20230524,20170308,MT,9077
40832409,0001,1,,02,20210212,20210212,SC,8183
40833111,0001,1,START ACADEMIA,02,20210212,20210212,SC,8083
40837584,0001,1,PRO SAUDE STUDIO FITNESS,08,20260506,20210212,MG,4733
40838162,0001,1,MAXIMUM FIT,02,20210212,20210212,SP,6503
40841889,0001,1,,02,20210212,20210212,SC,8033
40851509,0001,1,ACADEMIA TOTAL FITNESS,02,20210215,20210215,MG,5351
40853430,0001,1,PRIME ACADEMIA,02,20210215,20210215,MG,4439
40858791,0001,1,FK ACADEMIA,02,20210215,20210215,MG,4079
27414381,0001,1,UP FIT ACADEMIA - GURUPA,02,20170329,20170329,PA,0461
40864599,0001,1,STUDIO PERSONAL D-FITNESS,02,20210216,20210216,MT,9911
40865168,0001,1,SPARTAN BOX CROSS TRAINING & FUNCIONAL,02,20210216,20210216,SP,7203
40876790,0001,1,BODYSHAPE,08,20220623,20210217,SP,6425
40878872,0001,1,JEFF STUDIO TRAINNING,02,20210217,20210217,SC,8105
40881966,0001,1,FUTVALE,02,20210217,20210217,RS,8547
40903384,0001,1,MOVE TREINAMENTO FUNCIONAL,02,20210218,20210218,SP,7007
40904953,0001,1,MOWI CENTRO DE TREINAMENTO,02,20210218,20210218,RS,8543
31693805,0001,1,ACADEMIA PROFIT,04,20210219,20181004,PA,0447
40909147,0001,1,DS FITNESS ELITE DO CORPO,02,20210219,20210219,PR,7667
28410575,0001,1,LUANA SONAGERE,08,20210304,20170814,SP,7183
40912330,0001,1,ACADEMIA RANK,02,20210219,20210219,MT,9905
40915382,0001,1,GR FIT ACADEMIA,02,20210219,20210219,PE,2521
40919711,0001,1,STUDIO GYMTEC,02,20210219,20210219,MG,4959
40933438,0001,1,STUDIO VELOCITY BRASILIA,08,20251218,20210222,DF,9701
40957483,0001,1,BEM ESTAR STUDIO DE PILATES,02,20210223,20210223,SE,3105
29175839,0001,1,EUDESTEAM ASSESSORIA ESPORTIVA,08,20220316,20171129,CE,1389
40968173,0001,1,HEALTH & FITNESS,08,20211021,20210224,PR,9913
40979688,0001,1,THE FORCE GYM,02,20210224,20210224,RS,8677
28062179,0001,1,JEFERSON LOPES ASSESSORIA ESPORTIVA,08,20250402,20170628,RS,8801
30741247,0001,1,BODY FITNESS,08,20220725,20180619,PA,0529
40992705,0001,1,CRISCARLOTTO PILATES,08,20250923,20210225,PR,7751
40993458,0001,1,,04,20260608,20210225,AM,0255
40999508,0001,1,CORE ACADEMIA,02,20210225,20210225,PA,0401
41003142,0001,1,AF FITNESS,08,20210929,20210225,MG,5017
26068136,0001,1,WA MARMITAS FITNESS,02,20210422,20160831,SP,7107
28222573,0001,1,,02,20230918,20170719,SP,7107
41006664,0001,1,BARROS ACADEMIA,02,20210226,20210226,PE,2379
34414115,0001,1,SCORPION CROSS TRAINING,02,20190802,20190802,SP,6291
41039107,0001,1,,02,20210301,20210301,SP,6429
41055821,0001,1,LLSPORTS,02,20210302,20210302,SP,7107
41068943,0001,1,ACADEMIA INFINITY MUSCLE,08,20210616,20210303,SP,6969
41074524,0001,1,CLINICA FISIOCORPORE,02,20210303,20210303,MA,0921
30287406,0016,2,BLUEFIT PARANOA,02,20210217,20210217,DF,9701
41079143,0001,1,LDR CENTRO DE TREINAMENTO,02,20210303,20210303,SP,7145
27530428,0001,1,,04,20210304,20170413,RS,9823
41085834,0001,1,SAUDE EM FOCO,08,20220217,20210304,PR,7853
41092675,0001,1,FIT ACADEMIA,02,20210304,20210304,SP,6669
41099462,0001,1,JOHN JOHN TEAM,02,20210304,20210304,RJ,5803
35679910,0001,1,MAXIMUS ACADEMIA,08,20230517,20191202,SP,7107
41105089,0001,1,AD FITNESS ACADEMIA,02,20210305,20210305,PE,2337
27750177,0001,1,,08,20210305,20170517,RJ,5903
41113623,0001,1,ESPACO INTEGRATIVO CAMELIA ROSA,02,20210305,20210305,SC,8039
41118924,0001,1,LUANA BEATRIZ STUDIO PILATES,02,20210306,20210306,SC,8161
41125897,0001,1,ESTUDIO DE TREINAMENTO NEGGAO SOUZA,02,20210308,20210308,AM,0241
27919825,0002,2,SPIN FLIP,08,20240613,20210308,PR,7535
39978008,0001,1,ESSENTIAL,02,20201201,20201201,PR,7565
41131378,0001,1,TATIANA BOTELHO SPACO DE TREINAMENTO INTEGRADO A SAUDE,02,20210308,20210308,BA,3965
27045655,0001,1,,04,20210309,20170207,PR,7667
41141056,0001,1,WAR FITNESS GYM,02,20210309,20210309,MG,0656
28156777,0001,1,JS ACADEMIA,02,20170711,20170711,PE,2479
41148660,0001,1,BRESCIANI FIGHT CLUB,02,20210309,20210309,SP,6291
32979769,0001,1,ACADEMIA DIVAS,08,20250108,20190311,MG,4633
41159713,0001,1,BELLA FITNESS CENTER,08,20220502,20210310,MG,5261
41159939,0001,1,ESPACO FITNES CORPO E MENTE,02,20210310,20210310,BA,3293
41162197,0001,1,TMARQUES CORPO E MOVIMENTO,02,20231110,20210310,RJ,6001
41163465,0001,1,,02,20210310,20210310,BA,3771
29100952,0001,1,STUDIO PEQUIM FITNESS,08,20220816,20171120,RJ,6001
41171784,0001,1,COTIDIANO S&P,04,20260610,20210311,MG,4123
41177187,0001,1,PABLO TORRES SALES STUDIO FITNESS,02,20210311,20210311,ES,5623
41179176,0001,1,STUDIO CRIS WAN-DALL CENTRO DE TREINAMENTO FEMININO,02,20210311,20210311,SC,8221
41184877,0001,1,ASFFIT,02,20240920,20210311,RN,1621
27798676,0001,1,HEALTHY POMOCAO DE QUALIDADE DE VIDA E LAZER,04,20210312,20170523,SP,7107
41189011,0001,1,CTF - CENTRO DE TREINAMENTO FUNCIONAL,02,20210312,20210312,PI,1225
41210904,0001,1,,04,20240814,20210315,DF,9701
27918231,0001,1,TOPFITNESS,08,20210315,20170607,TO,9385
41213981,0001,1,ESTACAO MOVIMENTO FITNESS,08,20250320,20210315,SP,6429
41215895,0001,1,STUDIO FOCO,08,20210706,20210315,GO,1066
41216990,0001,1,,02,20210315,20210315,RS,8831
41074801,0001,1,ARENA FITNESS CTF,02,20210303,20210303,SC,8185
41229032,0001,1,CROSS EXPERIENCE BELA VISTA,08,20230120,20210316,MG,4957
41229724,0001,1,SERRINHA FIT ACADEMIA,08,20250213,20210316,RN,1837
40189273,0001,1,NEW FITNESS,08,20210316,20201223,RN,0434
41247927,0001,1,MURUMBI ACADEMIA,02,20210317,20210317,BA,3015
36283762,0001,1,ACADEMIA CORPO E SAUDE,02,20200206,20200206,DF,9701
41251029,0001,1,PITBOX CROSSTRAINING,02,20210317,20210317,RJ,6001
41259660,0001,1,,08,20260307,20210317,SP,7109
28173494,0001,1,LAIANA BALBINOTI LEMOS,04,20210318,20170713,SC,8179
26783210,0001,1,PERSONAL TRAINNING & CONDICIONAMENTO FISICO BASTOS,04,20210319,20170102,RJ,5803
30400339,0001,1,ACADEMIA GUTO FITNESS,04,20240821,20180508,RJ,5903
41276382,0001,1,ACADEMIA PLANETA CORPO,08,20240308,20210319,GO,9513
41297548,0001,1,STUDIO INSPIRE ROSANA DE OLIVEIRA,02,20210322,20210322,PR,7493
41300174,0001,1,MEGA FITNESS,02,20210322,20210322,RR,0301
41315374,0001,1,CF TROIANOS,08,20230110,20210323,RJ,6001
41321513,0001,1,KONTRAINER STUDIO PERSONAL,02,20210323,20210323,SP,6929
28386629,0001,1,MARBLE PRO STUDIO,02,20170725,20170725,PR,7535
41325826,0001,1,ZEI MAZI FITNESS,04,20231103,20210323,CE,1247
41328404,0001,1,,02,20210323,20210323,PR,7885
41341325,0001,1,STUDIO FITNESS SR. E SRA. SOUZA,02,20210324,20210324,GO,0073
41345490,0001,1,MGOLD,08,20240103,20210324,PA,0427
34117623,0001,1,INOVAFITNESS,04,20240823,20190704,RJ,5833
33855034,0001,1,ACADEMIA DO CONTORNO,08,20220822,20190606,RJ,5925
41354478,0001,1,CALDANCE ACADEMIA,02,20210325,20210325,MS,9107
32314652,0001,1,NEW CHAMPIONS - CENTRO DE TREINAMENTO,08,20250214,20181226,SP,6597
41381950,0001,1,ALPHA FITNESS,02,20210329,20210329,PA,0567
41387529,0001,1,ACADEMIA ESPACO FITNESS,02,20250312,20210329,AL,2703
41399368,0001,1,BM PERFORMANCE & CONDITIONING,02,20210330,20210330,PI,1219
41401458,0001,1,,08,20210915,20210330,MG,4595
41405643,0001,1,HIDROFISIO ACADEMIA E FISIOTERAPIA,02,20210330,20210330,MS,9051
28347545,0001,1,VP FITNESS,02,20170804,20170804,RJ,6001
27395244,0001,1,ESTILO ACADEMIA,04,20210331,20170328,MG,4033
41428201,0001,1,,02,20210401,20210401,RJ,5909
41431368,0001,1,,02,20210401,20210401,MG,4123
41447359,0001,1,CROSS FIT PERFORMANCE,02,20231221,20210405,RJ,5897
41459753,0001,1,,02,20210405,20210405,PE,2531
41463537,0001,1,ACADEMIA ELITE,08,20231117,20210406,MG,4591
41467658,0001,1,WEST CROSS,02,20210406,20210406,SP,7107
40968408,0002,2,,08,20230503,20210407,GO,9373
41497905,0001,1,,08,20240206,20210408,SP,6451
41506947,0001,1,POSTO 012 ESPORTE E BAR,02,20210408,20210408,SP,7099
41507905,0001,1,BRANDAO PERSONAL TRAINER,04,20260608,20210408,GO,9749
41517614,0001,1,,02,20210409,20210409,MG,4123
41517978,0001,1,YOU FITNESS SL,02,20210409,20210409,MG,4941
36726908,0002,2,ACADEMIA PERFORMANCE,08,20220504,20210409,RS,8531
41522527,0001,1,ACADEMIA IMPACTUS FITNESS,02,20260601,20210409,CE,1429
41547448,0001,1,SPORT LIFE GYM,02,20210412,20210412,MT,9937
28025123,0001,1,SERGIO RODRIGUES PERSONAL TRAINER,04,20210413,20170623,MG,5401
41549562,0001,1,GEPERSONAL,04,20260610,20210413,MG,5413
41559192,0001,1,PRADO TREINAMENTOS,02,20210413,20210413,SP,7107
41567908,0001,1,ALCHIMIA,02,20210414,20210414,MA,0921
36334243,0001,1,ACADEMIA FORTIUS BOX CAXIAS,02,20200211,20200211,MA,0757
41576871,0001,1,START FIT BELA PARNAMIRIM,08,20240620,20210414,RN,1779
26928643,0001,1,DAIANE LIMA PERSONAL TRAINER,04,20210415,20170123,SP,6163
27782081,0001,1,,04,20210415,20170521,SP,7079
41587059,0001,1,ACADEMIA MAIS FITNESS,02,20210415,20210415,RN,1759
26270839,0001,1,ANA CLAUDIA FIDELIS COSTA,08,20210713,20160930,MG,4123
41599106,0001,1,CRIS LIMA ESTUDIO DE PILATES,02,20210416,20210416,SP,6131
41604905,0001,1,HORSE GYM CENTRO SUL,02,20210416,20210416,RS,8853
41606191,0001,1,,02,20210416,20210416,SP,6969
41608380,0001,1,CENTRO INTEGRAL DE SAUDE - CIS,02,20210416,20210416,RS,8593
41609829,0001,1,CF VIKINGS,08,20240110,20210416,RS,8801
41619419,0001,1,LIFE STYLE ACADEMIA,02,20210419,20210419,CE,1529
41620418,0001,1,STUDIO ANDRE TRIBUZIO STRONGER FITNESS,08,20230405,20210419,AM,0253
41620515,0001,1,DNA ACADEMIA FITNESS,02,20210419,20210419,MG,4895
41636780,0001,1,ACADENIA BRAGA,02,20210420,20210420,BA,3325
41640474,0001,1,CENTAURUS CROSSFIT,02,20210420,20210420,DF,9701
41644901,0001,1,,02,20210420,20210420,SP,7097
41646964,0001,1,PROFIT,02,20210420,20210420,PR,7535
31074023,0001,1,,08,20210420,20180731,PR,7623
41671072,0001,1,BEEFIT ACADEMIA INFANTIL,02,20210422,20210422,SC,8089
32902300,0001,1,ESPACO VAL FITNESS,04,20210423,20190227,PE,2521
28118804,0001,1,R3 TREINAMENTO FUNCIONAL,04,20210423,20170706,RN,1761
34211861,0001,1,ESPACO MULTSERVICOS,04,20210423,20190715,RN,1635
27679519,0001,1,,04,20210423,20170508,RN,1661
41675327,0001,1,EXPLOUD GYM,02,20210423,20210423,SP,6831
41683356,0001,1,GIRL POWER ACADEMIA,04,20231114,20210423,PE,2403
32234068,0001,1,CLINICA DE SAUDE LUMIERE,02,20181212,20181212,MG,4865
39650396,0002,2,,02,20210423,20210423,BA,3255
28712445,0001,1,ERIK MENGER ASSESSORIA FISICA E ESPORTIVA,08,20210518,20170923,RS,8683
28319139,0001,1,ACADEMIA CABUCU,04,20210426,20170802,BA,3037
41534263,0001,1,ACADEMIA WOLF,08,20251202,20210412,PE,2309
41699442,0001,1,DUO CENTRO DE TREINAMENTO INTEGRADO,02,20210426,20210426,SP,7107
29183186,0001,1,ACADEMIA ESTILO,04,20260520,20171130,BA,3669
41705288,0001,1,DIGITAL TRAINING,02,20210426,20210426,RS,8559
41709856,0001,1,PRO-ENERGY ACADEMIA,02,20210426,20210426,RS,8801
41718292,0001,1,,02,20210427,20210427,PB,2119
41721411,0001,1,LE PARC ACADEMIA,02,20210427,20210427,RS,8599
41731355,0001,1,ACADEMIA GYM FIT,08,20240705,20210428,CE,1389
41736580,0001,1,CT MORALGYM,02,20210428,20210428,RN,1865
41738414,0001,1,PERSONAL ANGELA MOLETA,02,20210428,20210428,PR,7621
41745843,0001,1,STROG LIFFER,02,20210428,20210428,PI,1219
26551024,0001,1,ACADEMIA BIOFITNES,08,20210429,20161117,MT,1088
41768872,0001,1,CROSSFIT ARMCTR TREINAMENTO E REABILITACAO,02,20210430,20210430,PB,1981
41776455,0001,1,,02,20210430,20210430,PR,7825
41808253,0001,1,CAIO MAGALHAES ROCHA,08,20260428,20210504,BA,3575
41809017,0001,1,ACADEMIA ARTE LIVRE,02,20210504,20210504,SP,6887
41815024,0001,1,,02,20210504,20210504,SP,6979
41834570,0001,1,,02,20210505,20210505,GO,9233
41836815,0001,1,MARI FITNESS,02,20210505,20210505,MA,0897
41749522,0001,1,TM TREINOS PERSONALIZADOS,08,20250529,20210429,MG,4821
41841863,0001,1,,02,20210506,20210506,RS,8713
41842558,0001,1,FOUR HEALTH,02,20210506,20210506,RJ,5915
41847783,0001,1,IRON KINGDOM,02,20210506,20210506,SP,6361
41851374,0001,1,STUDIO PILATES NANCYMARA ROCHA,08,20210818,20210506,MG,4111
32683776,0001,1,LEAL FIT,02,20190206,20190206,SP,7197
26191949,0001,1,PORTO FITNESS,02,20190917,20160919,RO,0003
41863646,0001,1,DOCTORFIT,02,20210507,20210507,RS,8589
41868517,0001,1,CLINICA INTEGRATIVA D2 IMPACTO,08,20260126,20210507,SC,8047
41871298,0001,1,,02,20210508,20210508,SP,6377
27819158,0001,1,STUDIO MOVICORPUS2,02,20170525,20170525,RJ,5901
41902734,0001,1,SPIDERKICK SILVA JARDIM,02,20210511,20210511,PR,7535
41903746,0001,1,COMPLEXO PJ47,02,20210511,20210511,BA,3281
41215495,0002,2,E-BODY CAMPO BELO,08,20220426,20210511,SP,7107
41913221,0001,1,STUDIO DE ESTETICA E SAUDE GESIELE ANGER,08,20220407,20210512,RJ,5867
41918796,0001,1,HAPPY STUDIO DE PILATES E FISIOTERAPIA,08,20211220,20210512,SP,6875
41919186,0001,1,OXY7,08,20230322,20210512,PE,2381
41924066,0001,1,ENGENHARIA DO CORPO,02,20210512,20210512,MT,9067
41930319,0001,1,FIT SENIOR,02,20210513,20210513,SP,6897
41930353,0001,1,SPACO PERFORMANCE,02,20210513,20210513,MG,4483
41932522,0001,1,TECFIT VIEIRALVES,02,20210513,20210513,AM,0255
41934655,0001,1,TKF SAUDE & BEM-ESTAR,02,20210513,20210513,SC,8257
41934709,0001,1,ACADEMIA SUPER FIT,02,20210513,20210513,SP,6477
41939723,0001,1,VILLA CLASS,02,20210513,20210513,SP,6219
41951566,0001,1,STUDIOF97 FITNESS,02,20210514,20210514,SP,7203
33134468,0001,1,ZEUS ACADEMIA,02,20190325,20190325,SP,6595
33349187,0001,1,ACADEMIA BEM ESTAR,02,20190413,20190413,MG,4763
33510891,0001,1,PHISICUS,02,20190502,20190502,SP,6723
33561603,0001,1,BODY MOVING FITNESS,04,20231107,20190508,RN,1761
33625790,0001,1,STUDIO FRAN YOGINI,02,20190515,20190515,PR,7751
27585544,0001,1,JP TENIS,08,20190107,20170424,MS,9123
27599441,0001,1,FH SAUDE E ALTO RENDIMENTO,02,20170426,20170426,SP,7107
33764231,0001,1,HIDROLIPO,02,20220819,20190529,RR,0301
34057907,0001,1,PURE PILATES ITAQUERA,02,20190628,20190628,SP,7107
34136505,0001,1,ACADEMIA SHAPE EM DIA,02,20190706,20190706,MG,4865
34859814,0001,1,ACADEMIA EXTREME LIFE,02,20190913,20190913,AM,0241
34960910,0001,1,ACADEMIA BOX COLATINA,08,20200522,20190923,ES,5629
27834275,0001,1,PLENUS ASSESSORIA,08,20250426,20170527,CE,1389
32692835,0001,1,ACADEMIA MOTIVACAO,08,20191125,20190207,PB,2051
27075762,0001,1,GW ACADEMIA,08,20200103,20170209,MG,4213
36021144,0001,1,STUDIO VIVA MAIS,02,20200116,20200116,RS,8921
36030066,0001,1,THE ROCK,08,20210108,20200116,BA,3515
36333270,0001,1,CROSS2P,08,20210104,20200211,RJ,5867
36357282,0001,1,ACADEMIA ESPACO FITNESS,08,20200729,20200213,MA,0889
28030502,0001,1,RENAN SANTOS PERSONAL TRAINER,04,20220208,20170623,ES,5703
36719642,0001,1,,02,20200318,20200318,RS,8599
37062442,0001,1,DUTRA & LACERDA,02,20200505,20200505,SC,8163
37143374,0001,1,ZICO ACADEMIA,02,20200514,20200514,SC,5545
25966073,0001,1,FREQUENCIA POSITIVA,08,20220606,20160817,CE,1389
28329659,0001,1,STUDIO PILATES KAREN VIOLADA,02,20260603,20170803,PR,7505
28393244,0001,1,VITALITY ESPACO FUNCIONAL,08,20190522,20170810,RS,8683
26131167,0001,1,ACADEMIA MEGA FITNESS,04,20190327,20160909,SE,3205
28408999,0001,1,,08,20210210,20170814,PR,7563
16884159,0002,2,HIPERATIVA ACADEMIA MOTORSPORT,08,20200608,20160914,SP,6715
37548783,0001,1,ESTUDIO ARTE DO CORPO,08,20250212,20200627,GO,9373
26243606,0001,1,,08,20171110,20160927,PB,2051
28479995,0001,1,,08,20171218,20170823,SP,7245
28532652,0001,1,,08,20180321,20170829,DF,9701
26623779,0001,1,SUELEN FISIOTERAPIA,08,20231010,20161129,DF,9701
26625383,0001,1,SMART FIT ACADEMIA,02,20161129,20161129,SP,6619
28680423,0001,1,MBLAAUW CONSULTORIA,08,20220408,20170919,SP,6291
26927130,0001,1,ACADEMIA PERSONALIZADA,04,20220209,20170123,SP,7083
26987445,0001,1,SAMIR SABADIN,08,20181212,20170130,PR,7535
26988189,0001,1,BODY FIT ACADEMIA,08,20170308,20170130,RJ,5925
28789977,0001,1,CT CR9,02,20191126,20171004,RJ,5833
27046393,0001,1,CENTRO DE TREINAMENTO DE MUAY THAI MAFRA,04,20210318,20170207,SC,8199
27137935,0001,1,R11 ATIVIDADES ESPORTIVAS E MARKETING,08,20170223,20170217,RJ,5877
27267757,0001,1,ZENAIDE PERSONAL TRAINER,08,20210602,20170309,PR,7927
27330172,0001,1,ACADEMIA MAROMBA FITNESS,04,20190530,20170313,MT,1046
27355420,0001,1,ACADEMIA I9,02,20170321,20170321,BA,3085
27408304,0001,1,ACADEMIA POWER BODY FACTORY,02,20170329,20170329,MG,4787
27449632,0001,1,ATLETICA FITNESS,04,20220208,20170403,RS,8815
27457991,0001,1,ACADEMIA DE MUSCULACAO STRONGER,02,20170404,20170404,PR,7823
27496094,0001,1,CONCEPTION PILATES,04,20220609,20170408,SP,7107
27496524,0001,1,BEM ESTAR FITNESS,04,20210419,20170409,SP,6551
28928496,0001,1,BODYDANCE,04,20190531,20171024,SC,8327
39778429,0001,1,CENTRO DE PERFORMANCE EM SAUDE VITOR ANGARTEN,02,20201113,20201113,SP,6511
29029333,0001,1,JULIANA MARIA CORREA MEI,08,20180105,20171108,RS,8683
29042068,0001,1,PERSONAL GABRIEL,08,20180404,20171109,PA,0509
39854592,0001,1,FEMEFIT ACADEMIA,02,20201120,20201120,CE,1447
29066988,0001,1,STRONG FITINESS,08,20171123,20171114,RJ,5807
29076081,0001,1,JPP,04,20210324,20171115,SP,7057
08177980,0002,2,START FIT,08,20240909,20171129,CE,1373
29307358,0001,1,JW TREINAMENTO PERSONALIZADO,02,20240305,20171221,RJ,5897
29331201,0001,1,PERSONAL PEDRO LEONARDO,08,20190307,20171228,MA,0921
40452951,0001,1,ESPACO PILATES,08,20210223,20210119,PR,7525
40610474,0001,1,SILVER FIT PERSONAL STUDIO,02,20210128,20210128,SP,6323
29997356,0001,1,2KCROSSGYM,08,20250321,20180321,PB,1975
41007516,0001,1,CROSS EXPERIENCE JD CALIFORNIA,02,20210225,20210225,SP,7183
41150942,0001,1,CAIQUE JYK,02,20210309,20210309,MG,4123
30681869,0001,1,PERFORMANCE,02,20180612,20180612,BA,3515
41421251,0001,1,EGAMA FIT,02,20210331,20210331,SP,7107
31147334,0001,1,CENTRAL FITNESS,02,20180808,20180808,MT,9819
31167824,0001,1,TANIGUCHI CONDICIONAMENTO FISICO,08,20220128,20180809,SP,7107
31266581,0001,1,CT POWER MOVE,02,20180817,20180817,PB,2021
23349466,0003,2,SHANTI YOGA,08,20231030,20180820,MS,9051
04788358,0002,2,ACADEMIA PETUNIA,02,20210427,20210427,RO,0009
31300013,0001,1,ESTUDIO DE PILATES E MASSAGEM AMANDA RHEIN,02,20180822,20180822,SP,7057
41888097,0001,1,,08,20241113,20210510,SP,7107
41955269,0001,1,PERFECT FITNESS,02,20210514,20210514,RJ,5897
31796084,0001,1,STUDIO AERO FITNESS,08,20190920,20181018,PB,2019
31858753,0001,1,CORTEZ FITNESS,02,20181025,20181025,PE,2357
32703313,0001,1,GC HEALTH CARE,08,20240606,20190207,SP,6401
32994370,0001,1,CLINICA LUNES,02,20190312,20190312,SP,7107
32618250,0001,1,,02,20190131,20190131,TO,9559
41963713,0001,1,STUDIO CROSS SAUDE,08,20220909,20210517,MG,4403
41975026,0001,1,SAO BENTO PILATES,08,20240415,20210517,GO,9325
41980291,0001,1,,02,20210517,20210517,PR,7415
29245489,0001,1,,04,20231103,20171211,SP,6477
41989020,0001,1,IKIGAI RAZAO DE SER,02,20260612,20210518,BA,3515
42000428,0001,1,COLISEU - BOX DE TREINAMENTO FISICO,08,20250612,20210519,RS,8687
42004624,0001,1,GO FIT STUDIO,02,20210519,20210519,MG,4601
42004873,0001,1,ACADEMIA BODYBUILDING - RR,02,20241113,20210519,RR,0301
42007426,0001,1,,02,20210519,20210519,RS,8653
42012687,0001,1,,02,20210519,20210519,PR,7471
29859773,0001,1,CENTRO DE TREINAMENTO JC,02,20180306,20180306,RS,8903
42029565,0001,1,JULIO CHAVES FITNESS,02,20210520,20210520,ES,5629
33295292,0001,1,LUNA FITNESS ACADEMIA,02,20190409,20190409,PR,8459
42037974,0001,1,ACADEMIA CTC - CENTRO DE TREINAMENTO DE CAMPEOES,08,20260603,20210521,RN,1761
42062603,0001,1,MOVERE SPORTS,08,20220602,20210524,PR,7667
42064441,0001,1,PRISCILA FITNESS,02,20210524,20210524,RN,1713
42074705,0001,1,TOP FITNSS ACADEMIA,02,20210525,20210525,PA,0585
42083132,0001,1,,08,20241007,20210525,SP,7057
28064927,0001,1,MOVE BEAT ACADEMIA,02,20170629,20170629,SP,7107
42094271,0001,1,CHAMPS BOX,08,20230118,20210526,AM,0255
42094351,0001,1,,02,20210526,20210526,MG,4945
31164285,0001,1,MEGA FITNESS,08,20210527,20180809,MG,4865
26008968,0002,2,SAO PAULO TOP TEAM,02,20210527,20210527,SP,6361
42115286,0001,1,MOVE BEAT ACADEMIA,08,20230223,20210527,SP,7107
42127010,0001,1,AM FIT ACADEMIA,02,20210528,20210528,PI,2275
42135963,0001,1,STUDIO OCEAN TREINAMENTO PERSONALIZADO,02,20210529,20210529,SC,8039
42150700,0001,1,,02,20210531,20210531,PR,7535
42153246,0001,1,PAOLA ESCOBAR TREINAMENTO FISICO,02,20210531,20210531,RS,8963
42155095,0001,1,CORPS TRAINING ACADEMIA,02,20210531,20210531,SP,6875
42158929,0001,1,BOX VILA NOVA,02,20210601,20210601,RS,8771
42168301,0001,1,ACADEMIA VIVAFIT MUSCULACAO,02,20210601,20210601,MT,9167
42170387,0001,1,ACADEMIA STRONG,02,20210601,20210601,RS,8801
42184236,0001,1,,02,20210602,20210602,RS,8801
42201528,0001,1,BE MORE CENTRO DE TREINAMENTO ESPORTIVO,02,20210604,20210604,SP,7057
42204200,0001,1,MAMUTE CT,08,20220920,20210604,MG,4373
41514781,0001,1,CROSS EXPERIENCE PARIQUERA ACU,02,20210409,20210409,SP,6825
42225802,0001,1,CROSS EXPERIENCE GARCIA FILHO,08,20240625,20210607,MG,5387
42229586,0001,1,SUPREMA PHYSIO,08,20250811,20210607,PA,0595
42238021,0001,1,STAR.FIT ACADEMIA,02,20210608,20210608,PA,0411
42239339,0001,1,,08,20230427,20210608,RJ,6001
42241702,0001,1,ELEMENTO FIT ACADEMIA,02,20210608,20210608,SC,5537
42249377,0001,1,NEW LIFE FITNESS,02,20210608,20210608,CE,1377
42252519,0001,1,HS GYM,08,20220107,20210609,CE,1495
42253806,0001,1,GOLD GYM,08,20240613,20210609,MG,5403
42255804,0001,1,CROSSLIFE SAO JOAO,08,20220718,20210609,SC,8161
42257222,0001,1,BOX AO LIMITE - ESPACO DE CROSS TRAINER,02,20210609,20210609,ES,5663
42264299,0001,1,,02,20210609,20210609,SP,6969
42269570,0001,1,STUDIO DAVID BARROS,02,20210610,20210610,AL,2785
42274721,0001,1,ALAN GUSMAO HOME FIT BOUTIQUE,04,20231110,20210610,BA,3965
42279744,0001,1,COLISEU GYM,08,20231128,20210610,SP,6157
42289312,0001,1,CT MARCELO SCHOFFEN,02,20210611,20210611,RS,8773
42289950,0001,1,,08,20220125,20210611,MG,5079
42290078,0001,1,PABLO PEREIRA PERSONAL STUDIO,02,20210611,20210611,MG,4111
42297292,0001,1,ATHLETE FIT ACADEMIA,02,20210611,20210611,PR,7649
42299409,0001,1,CT DO LAGO,08,20240325,20210611,MT,9871
42301021,0001,1,VOOFIT,02,20210612,20210612,GO,9425
42309857,0001,1,CT THE BRAVUS,02,20210614,20210614,SP,6213
42314988,0001,1,,08,20211022,20210614,PR,7535
42315191,0001,1,NILBOX ACADEMIA,02,20210614,20210614,CE,1427
42318223,0001,1,L G TRAINING,02,20210614,20210614,SP,6311
42324412,0001,1,PHYSIOFIT ACADEMIA,02,20210615,20210615,RJ,5843
42331734,0001,1,HPA FITNESS,02,20210615,20210615,RJ,6001
42334784,0001,1,THOMAZ JUNIOR,02,20210615,20210615,SP,7071
42342891,0001,1,PREPARADOR FISICO RAFAEL JESUS,02,20210616,20210616,RJ,6001
42347081,0001,1,ACADEMIA FITNESS HOUSE,02,20210616,20210616,GO,9373
42352761,0001,1,STUDIO VOLL,08,20221130,20210616,PR,7535
42356249,0001,1,,02,20210616,20210616,MG,4123
42357182,0001,1,ENGENHARIA DO CORPO,02,20210616,20210616,SC,8047
42359867,0001,1,,02,20210617,20210617,SC,8179
42362618,0001,1,SUPER NOVA PILATES,02,20210617,20210617,BA,1112
28410299,0001,1,,08,20210617,20170814,RS,8801
28280491,0002,2,STUDIO BODY EVOLUTION,08,20230616,20210617,SC,8343
42373805,0001,1,ENGENHARIA DO CORPO,02,20210617,20210617,SC,8233
42378126,0001,1,C. F. ATENA,08,20220310,20210618,MA,0921
42379253,0001,1,TOP TRAINING TREINAMENTO FUNCIONAL E PERSONAL,02,20210618,20210618,ES,5603
42385297,0001,1,ACADEMIA AVANTE FIGHTER FITNNES,02,20210618,20210618,MG,4445
42386972,0001,1,SPARTANS FITNESS,02,20240405,20210618,SE,3195
42387646,0001,1,ONFIRE,02,20210618,20210618,SC,8185
42406225,0001,1,ESTABILIZE FISIO E PILATES,02,20210621,20210621,SP,7145
42408642,0001,1,CORPUS FITNESS,02,20210621,20210621,BA,3543
42427274,0001,1,PERSONALCARDIO,02,20210622,20210622,SP,7071
42427694,0001,1,NATURALIS CENTRO DE TERAPIAS INTEGRATIVAS,08,20221208,20210622,GO,9595
42431743,0001,1,BIOTIPO SLZ,02,20210622,20210622,MA,0921
42438576,0001,1,UP FITNESS,08,20230906,20210623,MG,5213
42446181,0001,1,,02,20210623,20210623,RS,8625
42451386,0001,1,CAVEIRA HARD CORE 2,02,20210624,20210624,AP,0615
42463225,0001,1,,02,20210624,20210624,RS,8847
42471915,0001,1,BODYLIFE STUDIO FTINESS,02,20210625,20210625,TO,9733
42474433,0001,1,CYBORG,02,20210625,20210625,SP,6477
19852108,0006,2,ELLA 26,08,20231114,20210625,RS,8769
42489322,0001,1,,04,20240819,20210628,PR,7777
42489503,0001,1,POWER HOUSE ESTUDIO PERSONAL,02,20210628,20210628,RJ,5867
42490571,0001,1,ACADEMIA STETICA,04,20231117,20210628,PR,7569
42497215,0001,1,,02,20210628,20210628,MG,4959
42499331,0001,1,,02,20210628,20210628,RJ,6001
34383439,0001,1,CROSS XXI,02,20190730,20190730,PR,7493
27859563,0001,1,ARENA TREINAMENTOS,02,20170530,20170530,RS,8785
42506275,0001,1,PERSONAL STUDIO WILL TREVISAN,02,20210629,20210629,BA,3403
42507778,0001,1,PERFORMANCE ACADEMIA,02,20210629,20210629,MG,4019
42512381,0001,1,HUMAN TRAINING,02,20210629,20210629,MG,4029
42515359,0001,1,RELVA CROSSFIT,02,20210629,20210629,GO,9753
42516734,0001,1,,02,20210629,20210629,SP,7107
42518706,0001,1,MONTESE BOX,08,20250618,20210629,CE,1389
42519490,0001,1,TSK ACADEMIA,02,20210629,20210629,RS,8749
11073980,0004,2,ACADEMIA SPORT EXTREMA,02,20210629,20210629,MG,4501
42528592,0001,1,ACADEMIA SUPERACAO,08,20260406,20210630,RS,5983
42529462,0001,1,ACADEMIA FORCA E FORMA,02,20210630,20210630,PE,2381
42531329,0001,1,ACADEMIA START NOW,02,20210630,20210630,AM,0255
42533358,0001,1,,02,20240410,20210630,RJ,5909
42543065,0001,1,BOX OLIMPO CROSS TRAINING,04,20240827,20210701,CE,1389
42561759,0001,1,VITAL TRAINER,02,20210702,20210702,RR,0301
42562953,0001,1,G.D. TREINAMENTO ESPORTIVO,08,20220324,20210702,GO,9221
42566302,0001,1,ELITE FITNESS,02,20210702,20210702,SC,8159
42568027,0001,1,KM CLUB,02,20210702,20210702,GO,9617
42571065,0001,1,PERSONAL ESTUDIO,02,20210702,20210702,PA,0511
42571466,0001,1,,03,20260424,20210702,MG,4123
42571668,0001,1,,02,20210702,20210702,SP,7107
42582771,0001,1,NIKITA MENDES TREINAMENTO PERSONALIZADO,08,20241104,20210705,GO,9373
24921465,0054,2,,02,20210705,20210705,CE,1389
37841308,0001,1,IPC FITNESS,04,20240827,20200723,CE,1389
42590714,0001,1,STUDIO ARMADA,02,20210705,20210705,RJ,6001
42591492,0001,1,ONEBODYCENTER,02,20210705,20210705,GO,9431
42592636,0001,1,IRON FIT,02,20210705,20210705,SP,6853
42601456,0001,1,RACA BANDEIRANTES,02,20210706,20210706,MS,9051
42608977,0001,1,JP TRAINING,08,20260430,20210706,SC,8327
42611282,0001,1,,02,20210706,20210706,SP,7077
31329971,0001,1,,02,20210329,20180824,PR,7535
42627006,0001,1,TALITA CAMACHO,08,20240705,20210707,PR,7535
27304115,0001,1,EXERCICIO INTUITIVO TREINAMENTOS LTDA,02,20170315,20170315,SP,7107
42635554,0001,1,CROSS EXPERIENCE,02,20210708,20210708,AM,0255
42637205,0001,1,GLOBAL VILLAGE,04,20231106,20210708,GO,9227
42641281,0001,1,,02,20210708,20210708,RS,8585
42643641,0001,1,PROJETO SANA,02,20210708,20210708,SP,7107
42644845,0001,1,TRIFOCO CROSS PILATES,02,20210708,20210708,DF,9701
30624466,0001,1,H R SERVICOS,04,20260529,20180605,AM,0255
39778060,0001,1,,08,20240813,20201113,SC,8047
42651008,0001,1,CT DO JOAO,08,20230504,20210709,RJ,6001
42651429,0001,1,,04,20231121,20210709,BA,3849
42659384,0001,1,CROSSRUN FITNESS STORE,08,20220615,20210709,BA,3573
25557221,0002,2,,02,20210712,20210712,MT,9185
42668314,0001,1,DM DANCA E MOVIMENTO,02,20210712,20210712,SP,7107
42668810,0001,1,LP FITNESS ACADEMIA,02,20210712,20210712,SP,6637
42671544,0001,1,UNIVERSO FIT,02,20210712,20210712,SC,8373
42675321,0001,1,ACADEMIA AQUILES,02,20210712,20210712,BA,3021
39498730,0001,1,ROOSEVELT JUNIOR - CENTRO DE TREINAMENTO,02,20260603,20201020,GO,9373
42677734,0001,1,ACADEMIA CHAMPION GYM,02,20210712,20210712,SP,7161
42679812,0001,1,WORLD FITNESS ACADEMIA LTDA,02,20210712,20210712,SP,6477
42688738,0001,1,TOP FITNESS ACADEMIA,02,20210713,20210713,RO,0009
42697051,0001,1,TORKE FIT,08,20240127,20210713,RS,8555
42697773,0001,1,LEAD ACADEMIA,02,20210713,20210713,SC,8383
42699406,0001,1,STUDIO POWER LIFE,08,20260209,20210713,MG,4643
42705413,0001,1,OLIMPO GYM,02,20210714,20210714,SP,6969
42705437,0001,1,MASTER FIT ACADEMIA LTDA,02,20210714,20210714,PE,2491
42716585,0001,1,POWER FITNESS ACADEMIA,02,20210714,20210714,SC,8147
42730000,0001,1,OP. PERSONALL,08,20250416,20210715,SP,7107
42730232,0001,1,CROSS POWER,08,20220131,20210715,ES,5697
29885513,0001,1,BRENDA ROSA STUDIO DE PILATES E FISIOTERAPIA,02,20180308,20180308,BA,3597
42744390,0001,1,PREMIUM FIT,02,20210716,20210716,TO,9219
42751741,0001,1,KINGS CROSS JARAGUA,02,20210716,20210716,AL,2785
42752695,0001,1,TOP GIL,02,20210716,20210716,ES,5701
29612904,0001,1,HAKA FUNCIONAL,08,20210719,20180205,SP,7107
42767253,0001,1,DFFIT STUDIO FITNESS,04,20260610,20210719,MG,5091
42768189,0001,1,ACADEMIA CENTER FITNESS,02,20210719,20210719,SP,6897
42781912,0001,1,ACADEMIA DE LUTAS CHAMPIONS CATANDUVA,02,20210720,20210720,SP,6323
26253176,0002,2,,02,20260608,20210721,SP,6637
42810701,0001,1,YICHAN,02,20210721,20210721,SP,6403
30714012,0001,1,ACADEMIA DISTRIT FITNESS,08,20231004,20180615,GO,1070
42837048,0001,1,ACADEMIA RESULT FIT,02,20210723,20210723,PR,7565
42847030,0001,1,,04,20260529,20210723,PR,7535
42856024,0001,1,ACADEMIA FITCONNECT,04,20260603,20210726,SC,8233
42856816,0001,1,CENTRO TREINAMENTOS B2,02,20210726,20210726,SC,8061
42864126,0001,1,DIARIO DO CULTURISMO,02,20210726,20210726,SP,6731
42869565,0001,1,SOU MAIS STUDIO DE PILATES,02,20210726,20210726,SP,6291
42877081,0001,1,LIFE STYLE ACADEMIA E STUDIO FITNESS,02,20210727,20210727,AL,2837
42885952,0001,1,UP FIT,02,20210727,20210727,PE,2457
42886444,0001,1,FLEX GYM,02,20210727,20210727,MG,5081
40423748,0001,1,MIX ACADEMIA,02,20210115,20210115,CE,1389
42917726,0001,1,ACADEMIA AEROFITNESS,02,20210729,20210729,SE,3105
42926194,0001,1,TUPA BOX ACADEMIA LTDA,04,20260522,20210730,RJ,5897
34626926,0001,1,CROSS EXPERIENCE MANOEL HONORIO,02,20190822,20190822,MG,4733
42943252,0001,1,TIO WILL NATACAO,02,20210801,20210801,PB,2051
38244435,0001,1,,08,20260209,20200827,SP,6323
42948594,0001,1,WORLD FIT,04,20231108,20210802,MG,4553
42956826,0001,1,ACADEMY SOCCER STUDIO,02,20210802,20210802,SP,6849
42957766,0001,1,POWER FIT ACADEMIA,02,20210802,20210802,RJ,5925
42963820,0001,1,STUDIO VOLL,02,20210802,20210802,BA,3965
42970333,0001,1,IRON GYM,08,20240503,20210803,PR,7859
42972755,0001,1,ONESTUDIOP.A.,02,20210803,20210803,PR,7781
42972931,0001,1,L.DSTUDIO,02,20210803,20210803,DF,9701
42974300,0001,1,BOX HAMMER,02,20210803,20210803,CE,1373
32043646,0001,1,BODYFIT CROSS,08,20220808,20181119,SP,6289
42984350,0001,1,ACADEMIA PRATIQUE FITNESS,02,20210804,20210804,MG,4371
42994837,0001,1,ACADEMIA NEW BODY FITNESS,08,20220317,20210804,RN,1759
42998605,0001,1,SANTEFIT,02,20210804,20210804,PE,2531
31316387,0003,2,TREINO FITNESS ACADEMIA,02,20210805,20210805,PI,1005
43002436,0001,1,STUDIO FIT,02,20210805,20210805,PE,2551
43009829,0001,1,WA FITNESS,02,20210805,20210805,PB,1975
43014757,0001,1,KFITNESS STUDIO SUAR SORRINDO,08,20210806,20210805,MG,4565
43020332,0001,1,STUDIO MARIANA LEME,02,20210806,20210806,SP,6565
43028282,0001,1,ACADEMIA TOP,04,20260522,20210805,BA,3849
43028630,0001,1,TOCA DO MONSTRO,08,20240222,20210806,BA,3849
41706832,0002,2,ACADEMIA NEW LIFE,02,20210809,20210809,BA,3849
43051130,0001,1,POSITIVE FITNESS,02,20210809,20210809,RN,1747
43062698,0001,1,,02,20210810,20210810,RS,8701
41004431,0001,1,ACADEMIA SINECOFI FITNESS,08,20230824,20210225,PR,7563
43083399,0001,1,,02,20210811,20210811,RJ,5865
33188895,0001,1,TOP 1,02,20190329,20190329,RS,8685
43084660,0001,1,ACADEMIA VIDA FITNESS,02,20210811,20210811,MG,4481
43085580,0001,1,ESCOLINHA FLAVIA ALVES,02,20210811,20210811,RR,0301
43086350,0001,1,CENTRO FITNESS,02,20210811,20210811,MA,0921
43086774,0001,1,,02,20210811,20210811,RJ,5865
43095228,0001,1,REGIBOX,02,20250325,20210812,PE,2381
43095518,0001,1,ACADEMIA LIFE FITNESS,02,20210812,20210812,MG,4553
43102632,0001,1,YOU FIT,02,20210812,20210812,GO,0069
43106276,0001,1,FUNCIONAL TRAINING,02,20210812,20210812,RS,8869
43108445,0001,1,,02,20210812,20210812,PR,0842
43118351,0001,1,BELLA FORMA ACADEMIA,02,20210813,20210813,PI,1021
42946359,0001,1,,02,20210802,20210802,SP,7057
43132437,0001,1,A V BOX TRAINING,08,20240430,20210816,RO,0003
43135462,0001,1,CENTRO DE TREINAMENTO ALDILENE ARAUJO,02,20210816,20210816,PB,0526
43135830,0001,1,ACADEMIA TRIBO FITNESS,02,20210816,20210816,SP,6911
43137214,0001,1,MOVIMENTE-SE,02,20210816,20210816,MG,5035
43139022,0001,1,CT DUNAMIS,02,20210816,20210816,RJ,6001
40209052,0001,1,CROSSEXPERIENCE IBICOARA,08,20210818,20201228,BA,3543
43142222,0001,1,CROSS X BOTELHOS,08,20221104,20210816,MG,4167
43146198,0001,1,BEM ESTAR TREINAMENTO,02,20210816,20210816,RS,8637
43152372,0001,1,,02,20210817,20210817,SP,7113
43153875,0001,1,ENERGIA ACADEMIA,02,20210817,20210817,MG,4703
43154593,0001,1,MOVE FITNESS,02,20210817,20210817,PA,0509
43156765,0001,1,,08,20210908,20210817,RS,8625
43156778,0001,1,,02,20210817,20210817,PB,2051
43161150,0001,1,CROSS EXPERIENCE LIQUINHA SILVEIRA,08,20230715,20210817,MG,4957
43178574,0001,1,INSPIRE PILATES STUDIO,02,20210818,20210818,SP,7057
43181804,0001,1,STUDIO TEMPLO FITNESS,02,20210818,20210818,SP,6639
43188437,0001,1,ACADEMIA SUPERACAO,08,20251028,20210819,SE,3221
43197826,0001,1,,02,20210819,20210819,MG,4123
43207725,0001,1,FLORIZ ACADEMIA PARA MULHERES LTDA,02,20210820,20210820,DF,9701
43216569,0001,1,LOBO GYM,08,20230125,20210820,MT,1186
43241187,0001,1,ARENA COLINAS,02,20210823,20210823,SP,7099
43249310,0001,1,AC ARTIGOS ESPORTIVOS,02,20210824,20210824,RN,1787
43252355,0001,1,ESTACAO FIT,02,20210824,20210824,DF,9701
43252909,0001,1,LIFE FIT PRO,02,20210824,20210824,PR,7543
43254204,0001,1,MAGISTRAL FITNESS,02,20210824,20210824,MT,9151
43258258,0001,1,ACADEMIA ALTERNATIVA FITNESS,08,20240422,20210824,RS,8587
43259406,0001,1,LIFE FITNESS,04,20260522,20210824,SP,6249
43263212,0001,1,CENTER FITINESS,02,20240228,20210824,GO,9373
43267538,0001,1,CROSS EXPERIENCE,02,20210824,20210824,BA,3965
43272078,0001,1,BODYFIT,02,20210825,20210825,CE,1447
26484989,0001,1,HULK ACADEMIA,02,20220420,20161104,RO,0019
43274988,0001,1,ACADEMIA PERSONAL FIT,02,20210825,20210825,CE,1351
43276347,0001,1,CT FITNESS,08,20240116,20210825,RN,1713
43280215,0001,1,SAUDE+FOCO,02,20210825,20210825,SP,6415
43280595,0001,1,PANOBIANCO SOMENZARI,02,20210825,20210825,SP,6681
07594978,0438,2,,02,20210826,20210826,MG,4133
07594978,0439,2,,02,20210826,20210826,SP,7107
43291684,0001,1,,02,20210826,20210826,RJ,6001
43294109,0001,1,MOVIMENTO FIT,02,20210826,20210826,AC,0139
43297766,0001,1,MOOVMENT ACADEMIA,08,20220908,20210826,RS,8841
43301138,0001,1,,02,20210826,20210826,SP,6213
28738345,0001,1,F TRAINING - CENTRO DE TREINAMENTO INTEGRADO,08,20210826,20170927,SP,7057
43305056,0001,1,,02,20210827,20210827,RJ,5847
43305258,0001,1,,02,20210827,20210827,RJ,6001
43308219,0001,1,,02,20210827,20210827,CE,1389
43308608,0001,1,STUDIO MAYCON DIEGO PERSONAL TRAINER,08,20220607,20210827,PR,7751
43309995,0001,1,FOCO FITNESS ACADEMIA,04,20240827,20210827,PE,2491
38232983,0001,1,ACADEMIA DRAGO MUTANTE MUSCLE ARENA,02,20200826,20200826,SP,6789
43333118,0001,1,ARENA CROSS,04,20240830,20210830,SP,7231
43338700,0001,1,ELITE FITNESS,04,20260608,20210830,GO,9509
43345179,0001,1,EASE.U FITNESS,08,20260128,20210831,MG,5385
43346506,0001,1,ACADEMIA FORCA FITNESS,02,20210831,20210831,SP,7107
43362050,0001,1,LET'S GO,02,20210901,20210901,CE,1389
43362566,0001,1,IMPULSE FITNESS LTDA,02,20210901,20210901,MG,4389
38008037,0002,2,,02,20210901,20210901,RJ,6001
43376062,0001,1,THUNDER BOX,02,20210901,20210901,SP,7145
43379765,0001,1,ACADEMIA CAPITAL FIT,08,20250718,20210901,DF,9701
43382008,0001,1,ACADEMIA OLYMPO FITNESS MML,02,20240320,20210902,RN,1837
33565107,0001,1,STUDIO XTREME,08,20240507,20190508,SC,8161
07594978,0441,2,,02,20210902,20210902,SP,7107
43391924,0001,1,STUDIO TREINO EM FOCO,02,20210902,20210902,RS,8831
41238877,0001,1,DINIZ TRAINING,02,20210316,20210316,RO,0017
43396874,0001,1,LION PERSONAL STUDIO,02,20210902,20210902,SC,8233
43399853,0001,1,FORMS EVOLUTION,02,20210903,20210903,MG,5027
43408066,0001,1,,02,20210903,20210903,MG,4445
27575462,0001,1,LEANDRO EMPREENDIMENTOS,08,20210903,20170421,DF,9701
43427595,0001,1,STUDIO PERSONAL CARLOS DA MATA,02,20210906,20210906,ES,5623
41882472,0003,2,,08,20240122,20210907,RS,8773
18035078,0002,2,,02,20210907,20210907,CE,1577
43434773,0001,1,,04,20240830,20210908,SP,6477
43445053,0001,1,ENGENHARIA DO CORPO,02,20210908,20210908,CE,1389
43447816,0001,1,,02,20210908,20210908,MA,0801
43447845,0001,1,,02,20210908,20210908,MG,4445
43451206,0001,1,ACADEMIA VIDATIVA,08,20260409,20210909,RS,8599
43460503,0001,1,CROSS TRAINING GLADIADORES,02,20241119,20210909,RJ,6001
43466518,0001,1,STUDIO FITNESS PHG,02,20210910,20210910,MG,5387
43468522,0001,1,CROSSFIT MONSTROS & PERFORMANCE CENTER,02,20210910,20210910,SC,8221
28009735,0003,2,TECFIT ICARAI,02,20210910,20210910,RJ,5865
43473342,0001,1,ESPACO 360 GRAUS,02,20210910,20210910,PR,7701
43476898,0001,1,CIA DO CORPO,02,20210910,20210910,SP,7107
43489622,0001,1,SALLUS CENTRO DE TREINAMENTO,02,20210913,20210913,SC,0888
43489788,0001,1,MERAKI STUDIO DE PILATES E FISIOTERAPIA,02,20210913,20210913,RS,8841
43500688,0001,1,D1UP,08,20230425,20210913,SP,7107
43507093,0001,1,,02,20210914,20210914,CE,1541
43517345,0001,1,,08,20220511,20210914,SC,8083
29207901,0002,2,AWAKEN BEACH,02,20210914,20210914,PE,2531
43530034,0001,1,STRONG CROSS TRAINING,02,20210915,20210915,SC,8179
43537029,0001,1,JOE'S PILATES,02,20210916,20210916,MG,4123
43543046,0001,1,SPORT FIT,04,20231122,20210916,BA,3913
43545591,0001,1,ACADEMIA CIA DO CORPO,02,20210916,20210916,GO,9395
43553939,0001,1,ACADEMIA PERFORMANCE,02,20210917,20210917,MG,4997
43555454,0001,1,SKYFIT SBO,02,20210917,20210917,SP,7017
43565036,0001,1,,02,20210917,20210917,GO,9373
21745756,0002,2,PROFIT ACADEMIA,02,20210920,20210920,BA,3909
43589047,0001,1,IN.PLACE ACADEMIA,02,20210921,20210921,MG,4123
43589346,0001,1,,02,20210921,20210921,PR,7541
43593801,0001,1,,02,20210921,20210921,MA,0869
26999894,0001,1,BEM ESTAR CENTRO DE SAUDE E QUALIDADE DE VIDA,08,20210921,20170201,RS,1134
43596025,0001,1,,02,20210921,20210921,SP,7107
43609401,0001,1,SPARTAN ACADEMIA,02,20210922,20210922,MT,9185
43609946,0001,1,ACADEMIA IRON 7,08,20250519,20210922,SP,6179
18310522,0002,2,ACADEMIA CORPO PERFEITO GINASTICA E DANCA LTDA,02,20210922,20210922,SP,6213
43623294,0001,1,CT SARA TELLES,04,20240823,20210923,PI,1139
43625460,0001,1,,08,20220902,20210923,MG,4865
43626009,0001,1,ACADEMIA LIFE FITNESS,02,20210923,20210923,RJ,2915
43628021,0001,1,ELITE BOX,02,20210923,20210923,MG,4799
43630917,0001,1,STFITNESS ACADEMIA,02,20210923,20210923,RN,1877
43638785,0001,1,BLACK GYM,08,20230111,20210923,MG,4865
34383187,0001,1,PRIME FIT CLUB ACADEMIA,02,20260610,20190731,BA,3293
24921465,0058,2,,08,20220304,20210924,SP,7183
43643507,0001,1,J S TREINAMENTOS FISICOS,08,20211123,20210924,GO,9297
43672135,0001,1,ACADEMIA NEW SHAPE,02,20210927,20210927,PR,7709
37470265,0001,1,TRIATON,08,20210927,20200619,TO,9733
43678368,0001,1,,02,20260521,20210928,CE,1385
43701264,0001,1,,08,20220701,20210929,BA,3417
43702191,0001,1,ESPACO FEMININO BEMESTAR,08,20250603,20210929,BA,3813
07594978,0450,2,,02,20210929,20210929,RJ,6001
34285762,0001,1,B3 BOX ACADEMIA,02,20190722,20190722,SP,6929
43720138,0001,1,DN TEAM,04,20260610,20210930,MG,4133
43728352,0001,1,CT FITNESS,02,20211001,20211001,CE,1389
43734329,0001,1,MAX PERSONAL,08,20250609,20211001,PE,2531
43736686,0001,1,R.FIT PERSONAL STUDIO,02,20211001,20211001,GO,9225
43741001,0001,1,,02,20211001,20211001,SC,8199
30810590,0001,1,,02,20180628,20180628,SC,8199
20470718,0003,2,INSTITUTO DO MOVIMENTO,08,20250415,20211004,PE,2531
43772096,0001,1,,02,20211005,20211005,PR,7691
43785991,0001,1,SAO FRANCISCO FITNESS,02,20211006,20211006,SP,7107
43787443,0001,1,CF CANAL ZERO LTDA,02,20211006,20211006,SP,7071
43790472,0001,1,,02,20211006,20211006,SP,6475
43791197,0001,1,GYM GOLD,02,20211006,20211006,BA,3515
43808700,0001,1,MAXFORMA PRIME ACADEMIAS,02,20211007,20211007,CE,1247
43809288,0001,1,,02,20211007,20211007,MG,4733
43810336,0001,1,,02,20211007,20211007,MG,4633
43813224,0001,1,,02,20211007,20211007,RJ,6001
43816787,0001,1,POWER ACADEMIA DE MUSCULACAO,08,20230821,20211008,PR,7483
43816939,0001,1,STUDIO E ACADEMIA WIN,02,20211008,20211008,PR,7913
43823291,0001,1,PULTRINI E KIKUCHI LTDA,08,20230306,20211008,SP,6651
43826030,0001,1,START CENTRO DE TREINAMENTO,02,20211008,20211008,SC,8241
42974909,0001,1,ESPACO SAUDE ITAPEMA,02,20210803,20210803,SC,8163
43651809,0001,1,MONSTER GYM,02,20210924,20210924,MT,8987
34283594,0001,1,STUDIO PERFORMANCE,02,20190722,20190722,SP,6547
27066509,0001,1,JT FITNESS,02,20170209,20170209,RS,8801
28036532,0004,2,POWER FITNESS,08,20211125,20201105,DF,9701
31373569,0001,1,ACADEMIA EXTREME,02,20180829,20180829,SP,6729
34900141,0001,1,DALMEET KAUR YOGA & TERAPIAS,02,20190917,20190917,PR,7535
35085983,0001,1,ACADEMIA BEM ESTAR,02,20191004,20191004,SP,7097
28972712,0001,1,,08,20211207,20171031,SP,6477
37611231,0001,1,HABITUS STUDIO PILATES,08,20211213,20200703,ES,5705
29752718,0001,1,ESPACO FITNESS,08,20211221,20180222,MG,4045
29738163,0001,1,,02,20180221,20180221,MG,4123
38259105,0001,1,CROSS LIFE MARAJOARA,02,20200828,20200828,SP,7107
43048204,0001,1,MAIS MOTRIZ,02,20210809,20210809,SE,3105
33071109,0001,1,FORMACAO ATIVIDADE FISICA ORIENTADA,02,20190319,20190319,DF,9701
36123445,0001,1,TRAINING FEET,04,20240807,20200124,SC,8105
33102228,0001,1,ACADEMIA ESPACO SAUDE,02,20240621,20190321,PE,2629
30901990,0001,1,CROSSRUNNER CENTRO DE FITNESS,08,20240815,20180711,AL,2793
31245978,0001,1,BODY FITNESS,02,20180816,20180816,MG,4961
35997191,0001,1,STUDIO ZEN PILATES,02,20200114,20200114,SP,6601
40001413,0001,1,LIONFIT,02,20201203,20201203,CE,1475
29709647,0001,1,BLACKACTION ACADEMIA,08,20250218,20180219,PE,2419
28550488,0001,1,BARBARA COSTA,08,20240411,20170831,BA,3849
26086790,0001,1,ESPACO FIT,08,20220207,20160901,MG,4309
33002157,0001,1,CROSS X PA,08,20230118,20190312,MG,5049
36232342,0001,1,ESPACO MARIA'S,02,20200203,20200203,TO,9241
27121648,0001,1,LARISSA PILATES,08,20250224,20170215,BA,3849
28310793,0001,1,THE ONE CENTRO DE TREINAMENTO,04,20220208,20170801,RJ,6001
28294546,0001,1,PRISCILLA PELICERI,04,20220208,20170730,SP,6163
26174553,0001,1,PERSONALISSIMA,02,20260114,20160915,PR,7535
29015706,0001,1,ACADEMIA CHUTE BOXE BALNEARIO PICARRAS,04,20220208,20171107,SC,8251
26325138,0001,1,,02,20250205,20161010,SP,7107
24921465,0044,2,,02,20200909,20200909,SP,6475
28327832,0001,1,STUDIO GAIA DE TERAPIA INTEGRATIVA,02,20250109,20170802,RJ,6001
40316472,0001,1,ACADEMIA FITNESS BREAK,02,20210108,20210108,GO,9445
34050712,0001,1,CROSS EXPERIENCE CAMPO BELO,08,20250925,20190627,MG,4223
36342180,0001,1,ACADEMIA CORPO E SAUDE,02,20200212,20200212,DF,9701
41211735,0001,1,PROFITNESS,02,20210315,20210315,MG,5385
39844815,0001,1,CROSS TRAINING VILA BELMIRO,02,20201119,20201119,SP,7071
42823910,0001,1,MERUDHARMA,02,20210722,20210722,PR,7535
26608122,0001,1,GUGO VEIGA PERSONAL TRAINER,08,20201203,20161125,RS,8637
33810055,0001,1,FORMA FITNESS,08,20260324,20190603,GO,9473
38660180,0001,1,ARENA VICTOR'S LIFE,02,20200922,20200922,PB,2051
34553730,0001,1,ELITE BOX,02,20190815,20190815,GO,9565
26848665,0001,1,EXTREME FITNESS,02,20170111,20170111,MG,4239
39771872,0001,1,,08,20251003,20201112,SC,8081
38655949,0001,1,STUDIO SAUDE PLENA,08,20220505,20200922,AL,2785
29745818,0001,1,TRIBOFIT,02,20220426,20180222,GO,9995
35917362,0001,1,ESTUDIO DE PILATES O MUNDO NOS PES,02,20200107,20200107,MG,4217
37943175,0001,1,,02,20200803,20200803,SC,8027
33548224,0001,1,MONCORVO CENTRO DE TREINAMENTO,02,20190507,20190507,MG,4365
40740756,0001,1,KINGS GARAGE BOX,08,20220516,20210206,AL,2785
41195820,0001,1,MOVIMENT KIDS,08,20251107,20210312,PB,2117
39284694,0001,1,VIDA FITNES ACADEMIA,02,20220713,20201002,RS,1118
37182082,0001,1,ARFIT ACADEMIA,02,20200519,20200519,PI,0356
40066027,0001,1,RENASCER FITNESS,02,20201209,20201209,GO,9737
38404818,0001,1,,02,20200910,20200910,SP,6969
27871073,0001,1,NOVA MULHER - ACADEMIA FEMININA,02,20170601,20170601,AL,2785
41207094,0001,1,COBRA CROSSFIT,08,20230315,20210314,MG,4123
27479383,0001,1,NAUFIT,08,20220705,20170406,SP,7107
32162442,0001,1,KIYOLIFE,08,20220711,20181203,SP,7145
28004209,0001,1,STUDIO SPRINTERS - TREINAMENTO E PERFORMANCE,08,20250311,20170620,RS,8801
26582061,0001,1,POWER FIT ACADEMIA,02,20161122,20161122,ES,0758
36240432,0001,1,BOX BRADDOCK SAO ROQUE,08,20220726,20200204,SP,7113
42672762,0001,1,ACADEMIA STILLO SAUDE,02,20210712,20210712,SP,6271
32114588,0001,1,THAYZE MARINHO PERSONAL COACH,02,20181127,20181127,SP,7075
37634274,0001,1,PWR SOCCER,02,20240820,20200706,DF,9701
33907936,0002,2,PLANK PILATES,08,20220808,20211001,SC,8161
39855702,0001,1,CHRONOS FITNESS,02,20201120,20201120,SE,3241
28206248,0001,1,CRONOS GYM,04,20260519,20170607,PR,7535
37233918,0001,1,,02,20200526,20200526,SP,6713
42087701,0001,1,ESPORTANCIA APTIDAO FISICA & SAUDE,02,20210526,20210526,SP,7107
34979614,0001,1,ESPACO CROSS BOX,04,20260528,20190924,MG,4003
37329928,0001,1,MAMUTE CT,08,20231030,20200604,MG,4373
41685386,0001,1,,02,20210423,20210423,SP,6969
42310788,0001,1,,02,20210614,20210614,ES,5611
38080868,0001,1,SD FIT ACADEMIA,08,20240216,20200813,PR,7513
37814826,0001,1,ACADEMIA OLIMPO,02,20200722,20200722,BA,3253
43187803,0001,1,STUDIO MARINARO FITNESS,08,20231031,20210819,MG,5035
32247076,0001,1,CROSS LIFE SANTO AMARO,08,20221018,20181213,SP,7107
36439418,0001,1,JMFIT MARMITAS FITNESS,02,20200220,20200220,SP,6637
32345350,0001,1,,02,20190103,20190103,PR,5453
39349655,0001,1,STUDIO YAN PASSAMANI,02,20201007,20201007,ES,5705
33440499,0001,1,,08,20221121,20190424,PR,7919
29414858,0001,1,,02,20180111,20180111,RS,8599
27369737,0001,1,L&C FITNESS ACADEMIA,02,20170323,20170323,CE,1389
30117962,0001,1,LIDY PERSONAL ACADEMIA,02,20180405,20180405,PE,2399
29359309,0001,1,ACADEMIA POWER FIT,02,20180104,20180104,MA,0919
34017136,0001,1,CORPO ATIVO,02,20190625,20190625,MG,4031
34861801,0001,1,,02,20190913,20190913,MG,4553
37745518,0001,1,BW STUDIO FITNESS,02,20200716,20200716,DF,9701
39682613,0001,1,BODY HEALTH,02,20201105,20201105,SC,8321
42478783,0001,1,,02,20210625,20210625,RJ,1116
26220329,0001,1,ASSERTIVA CONSULTORIA,02,20160922,20160922,SP,7107
34386378,0001,1,***************,08,20240215,20190731,SP,7107
34710925,0001,1,SUPERACAO FITNESS,02,20250611,20190830,GO,0067
32007399,0001,1,BOX 027,08,20250423,20181113,ES,5699
32076343,0001,1,ESTACAO SAUDE ACADEMIA,02,20210518,20181122,BA,3117
43537355,0001,1,STUDIO KASSIO PEDRA D'AGUA TREINAMENTO FUNCIONAL,02,20210916,20210916,ES,5697
26531263,0001,1,GUICCO FITNESS,02,20221215,20161109,RJ,2911
39892379,0001,1,IMPERIO FITNESS,02,20201124,20201124,PA,0517
34140270,0001,1,STUDIO FORMA,02,20190708,20190708,RJ,5881
40168848,0001,1,,02,20201221,20201221,PR,7667
26324682,0001,1,CT MARCIO MEDEIROS,02,20230112,20161010,MS,9165
32056542,0001,1,USINA GYM,02,20181120,20181120,RS,8771
36686805,0001,1,CROSS TRAINING PIZA,02,20200316,20200316,PR,7667
35349587,0001,1,CORPOS FITNESS,02,20191030,20191030,GO,9373
37232085,0001,1,SOLARIUM ACADEMIA,04,20260515,20200526,ES,5699
39870467,0001,1,,02,20201123,20201123,SP,7097
34330400,0001,1,STUDIO DE PERSONAL K1,02,20190726,20190726,SC,8047
36064933,0001,1,,02,20200120,20200120,SP,7107
39336976,0001,1,ACADEMIA MAROMBAS LTDA,08,20230313,20200928,MG,4371
30486382,0001,1,A+ ACADEMIA E STUDIO PERSONAL,02,20180517,20180517,PB,2235
28184611,0001,1,START C.A.F,02,20170714,20170714,RS,8487
32328729,0001,1,,02,20230310,20181230,RJ,6001
36911362,0001,1,VILA NAMASTE - YOGA E BEM ESTAR,02,20200410,20200410,PA,0425
40961745,0001,1,,08,20230412,20210223,MG,5379
36602207,0001,1,ACADEMIA INTEGRAR,08,20250604,20200309,MS,9051
41981151,0001,1,EAGLE CROSS,02,20210518,20210518,SC,8327
38615527,0001,1,CORPUS ACADEMIA,02,20200921,20200921,PB,2117
42013724,0001,1,"PATRICIA BAUMANN - PILATES, SAUDE E BEM ESTAR",02,20210519,20210519,SC,8175
40583685,0001,1,,02,20210127,20210127,SP,7107
42873658,0001,1,ACADEMIA POWER FITNESS & GYM,02,20210727,20210727,MS,9757
39717514,0001,1,ACADEMIA IMPERIO FITNESS,02,20201109,20201109,MT,9119
34391743,0001,1,,02,20190801,20190801,RS,8637
38235755,0001,1,RFREITAS SERVICOS,02,20200826,20200826,BA,3313
27411021,0001,1,VIDEIRA ABAETETUBA,08,20240228,20170329,PA,0401
41655641,0001,1,TRAINER RENATA LICKER,04,20260522,20210421,RJ,5853
34908441,0001,1,YOLO PILATES STUDIO,04,20240812,20190918,SP,7107
37599142,0001,1,,02,20200702,20200702,ES,5681
42537943,0001,1,BIO FITNESS ACADEMIA,02,20210630,20210630,SE,3165
43643226,0001,1,CLASSFIT ACADEMIA,08,20250724,20210924,CE,1251
42538780,0001,1,UNITED BOX,02,20210630,20210630,MT,9069
29953119,0001,1,LION GYM & BOX,02,20180315,20180315,SP,6329
30377066,0001,1,SAMARIA SILVA PERSONAL TRAINER,04,20260527,20180506,DF,9701
35069950,0001,1,,08,20230705,20191003,RS,9825
36477961,0001,1,ACADEMIA POWER FIT,08,20240416,20200226,BA,3613
41239058,0001,1,,02,20210316,20210316,SP,6713
37510048,0001,1,,02,20200624,20200624,RS,8755
43105483,0001,1,,02,20210812,20210812,SP,6645
35913741,0001,1,COREFIT,02,20200107,20200107,SC,8105
34496986,0001,1,Nathy_Professora/Treinadora,02,20190812,20190812,SP,6555
43152448,0001,1,ACADEMIA PINK FORCE,02,20210817,20210817,PR,7849
42783537,0001,1,FITNESS SERVICE,02,20210720,20210720,RS,8877
30246329,0001,1,CROSS LIFE PEDRO PINHO,04,20240902,20180419,SP,6789
42724132,0001,1,LS ASSESSORIA,02,20210715,20210715,GO,9227
37558470,0001,1,PROVIBE TREINAMENTO PERSONALIZADO,02,20200629,20200629,RS,8847
34239686,0001,1,R1 BODY CENTER,02,20190717,20190717,PB,1989
35776326,0001,1,MOVE ACADEMY,02,20191212,20191212,PR,7663
35083531,0001,1,THAIS BRIGIDO PERSONAL,02,20191004,20191004,MG,4637
36062328,0001,1,JUMPER CT,02,20200120,20200120,PR,7583
35521804,0001,1,,02,20191114,20191114,SP,6179
40623494,0001,1,EVANDRO FITNESS,02,20210129,20210129,SE,3169
29805896,0001,1,BIG THREE SPORT TRAINING,02,20180228,20180228,MG,4733
38197615,0001,1,FIGHT CLUB,02,20200824,20200824,PA,0445
43584352,0001,1,STUDIO ZION FUNCIONAL,02,20210920,20210920,RJ,5833
40392549,0001,1,CLINICA VIANA DE REABILITACAO E ATIVIDADE FISICA,02,20210114,20210114,SP,7107
40493299,0001,1,,02,20210121,20210121,MG,4245
27674959,0001,1,MASTER FIT ACADEMIA,02,20170508,20170508,PA,0435
34196178,0001,1,HOUSE FITNESS,02,20220815,20190712,RN,1829
41767660,0001,1,,02,20210430,20210430,MG,4683
34928401,0001,1,UES CORRIDA E TREINAMENTO ESPORTIVO,02,20190919,20190919,BA,3363
28932187,0001,1,SUPLE 1000 FIT,08,20241108,20171025,GO,9373
36017247,0001,1,,02,20200115,20200115,MG,4387
32671734,0001,1,GS ACADEMIA CORPORE FITNESS,04,20240822,20190205,SP,6861
39912809,0001,1,BOX ESPACO FIT MAIS,02,20201125,20201125,MG,4957
41799445,0001,1,FUNCIONAL BOX CENTER,02,20210503,20210503,SP,7057
30069931,0001,1,,02,20180326,20180326,SP,6681
37457888,0001,1,GOLD'S GYM ESTUDIO PERSONAL,02,20200618,20200618,SC,8151
27202058,0001,1,GAMP TREINAMENTO E DESENVOLVIMENTO,02,20170301,20170301,SP,6291
41928305,0001,1,FISIOMED PILATES,02,20240130,20210513,BA,3811
43053923,0001,1,CLINICA MAIS SAUDE,04,20260608,20210810,AM,0217
42366847,0001,1,GP TRAINER STUDIO FITNESS LTDA,02,20210617,20210617,PR,7535
42544206,0001,1,URSUS FUNCIONAL CROSS TRAINING,08,20241220,20210701,SC,8061
29267775,0001,1,LOCKER CROSSFIT,08,20250321,20171214,SC,8089
32171626,0001,1,KB CENTRO DE TREINAMENTO,02,20210513,20181204,AL,2885
30499717,0001,1,OLYMPIA GYM,02,20180518,20180518,PB,2175
33563287,0001,1,CENTRO DE TREINAMENTO FORCA DA ARTE,04,20260520,20190508,BA,3849
28840432,0001,1,ESCOLA DE NATACAO GOLFINHO,02,20171010,20171010,SP,6369
39541968,0001,1,,02,20201023,20201023,MG,4051
43646119,0001,1,ACADEMIA RR,02,20260612,20210924,CE,1393
40255318,0001,1,,02,20210105,20210105,RJ,5915
41990574,0001,1,EMERSON SAGRADIN SAUDE E PERFORMANCE,02,20210518,20210518,MG,4867
31001742,0001,1,OLDSKULL GYM,02,20180723,20180723,SP,7183
27525813,0001,1,ACADEMIA +FITNESS,02,20170412,20170412,PA,0395
30909884,0001,1,,02,20180712,20180712,SC,8055
28876392,0001,1,G M PERSONAL STUDIO,02,20171017,20171017,MT,9067
27621753,0001,1,,02,20170428,20170428,SP,7107
28102125,0001,1,,08,20250529,20170628,RJ,5837
38328109,0001,1,,02,20200903,20200903,SP,6769
43774327,0001,1,STUDIO FABIO SILVA,02,20211005,20211005,MG,5403
41400341,0001,1,TEAM OLIVEIRA,02,20210330,20210330,AM,0255
34437646,0001,1,EVOLUTION,02,20190806,20190806,AP,0615
36283908,0001,1,ACADEMIA CORPO E SAUDE,02,20200206,20200206,DF,9701
41770152,0001,1,WAFITBLUB,02,20210430,20210430,PB,1907
40994439,0001,1,GEMINIS,04,20260529,20210225,GO,9221
40657448,0001,1,,08,20260326,20210201,RJ,5837
43514271,0001,1,SAUDE E FORMA ACADEMIA,02,20210914,20210914,MG,4521
41195250,0001,1,DG CROSSTRAINIG,04,20260608,20210312,GO,9753
41630012,0001,1,CORPO E SAUDE ACADEMIA,02,20210419,20210419,MT,0093
40659470,0001,1,ACADEMIA FRANCISCO FILHO,08,20251021,20210201,BA,3897
26864253,0001,1,AV STUDIO PILATES,02,20210722,20170112,RJ,5833
32033643,0001,1,XTREME ACADEMIA,02,20181116,20181116,RJ,6001
39847958,0001,1,ENGENHARIA DO CORPO,04,20260605,20201119,DF,9701
41182443,0001,1,2A ACADEMIA,02,20210311,20210311,GO,9625
32722660,0001,1,,02,20190211,20190211,PR,7667
34046419,0001,1,CROSSFIT 1200,02,20190627,20190627,SP,6979
43382116,0001,1,,02,20210902,20210902,SP,6979
26365472,0001,1,LW FITNESS,02,20240311,20161017,RN,1779
41259133,0001,1,,02,20250207,20210317,RJ,6001
35491900,0001,1,LIDER ACADEMIA,02,20191112,20191112,PB,2051
39321521,0001,1,STARK FORCE,02,20201006,20201006,SP,6291
30928067,0001,1,BODHI SANKALPA,02,20180713,20180713,SP,6887
27192649,0001,1,VOLL PILATES JANDIRA,02,20170224,20170224,SP,6601
27863135,0001,1,MB TREINAMENTO DESPORTIVO,04,20210311,20170531,RJ,6001
28779896,0001,1,TEAM CORPOS COMPLETOS,02,20210721,20171003,RJ,6001
29955467,0001,1,D'AQUA BELLA,02,20180316,20180316,RS,8833
31740367,0001,1,,04,20260515,20181010,ES,5699
35947580,0001,1,FORCA E MOVIMENTO PERSONAL TRAINING STUDIO,02,20200109,20200109,DF,9701
40144315,0001,1,HIT CYCLE,08,20210409,20201217,SP,6213
43158307,0001,1,PROPULSE WELLNESS CENTER,02,20210817,20210817,MG,4123
27090270,0001,1,RAPHAEL LIMA PERSONAL,02,20170213,20170213,DF,9701
26662438,0001,1,A.S. ESPORTES,08,20201118,20161205,SP,7157
27124871,0001,1,STUDIO VIVA FLORES PILATES,08,20260331,20170216,MG,4733
27172427,0001,1,NUMERO 1 ASSESSORIA ESPORTIVA,08,20180329,20170222,GO,9373
27552830,0001,1,ACADEMIA OLIMPO,02,20230323,20170419,AM,0255
27962129,0001,1,FUTEVOLEI PORTUGUESA,08,20180629,20170613,DF,9701
28056840,0001,1,BANDEIRA TRAINER,08,20230315,20170628,BA,3849
28096870,0001,1,FITMETA CONSULTORIA,08,20171030,20170703,SP,6969
26645706,0001,1,SUL FITNESS SM ACADEMIA,02,20161201,20161201,RS,8841
29124242,0001,1,ACADEMIA FEMININA DIVAS FITNESS,04,20210423,20171122,PE,2341
07594978,0205,2,SMARTFIT,02,20180328,20180328,SP,7107
31260574,0001,1,RF FITNESS ACADEMIA,08,20211117,20180817,AL,2791
31814562,0001,1,UP FITNESS,02,20181019,20181019,RN,1761
32205709,0001,1,,08,20210112,20181207,SP,7075
33726438,0001,1,MUNDO SHAPE,04,20220607,20190524,RJ,6001
33752358,0001,1,ACADEMIA HERCULES GARCEZ,04,20220208,20190528,MA,0921
33878197,0001,1,L1 FIT,02,20190610,20190610,MG,4371
35824186,0001,1,ARENA ATLETICA,02,20191219,20191219,PE,2333
36356914,0001,1,ON FIT,02,20200213,20200213,GO,9753
33191533,0001,1,CENTRO DE TREINAMENTO FISICO E DANCA MAGNIFICAT,02,20190329,20190329,RS,8791
36930975,0001,1,STUDIO BELLAFIT,02,20200414,20200414,MT,1182
37680863,0001,1,ACADEMIA SPARTA,02,20220627,20200710,RJ,5813
37788092,0001,1,,02,20200720,20200720,SP,6163
28072521,0001,1,ACADEMIA ESPACO FITNESS,04,20220208,20170629,MG,4921
38222855,0001,1,O2 STUDIO FITNESS,02,20200825,20200825,MG,4763
40005836,0001,1,FITNESS FOR LIFE,08,20210318,20201203,BA,3901
40076161,0001,1,BLUEFIT,08,20240319,20201210,AM,0255
40226630,0001,1,CRISTO REI,08,20221206,20201230,PE,2531
40830175,0001,1,ACADEMIA C.A,02,20210212,20210212,MG,5407
34137038,0002,2,SAFE - CENTRO DE SAUDE INTEGRADO,02,20210225,20210225,SC,8253
42292863,0001,1,SPORT ACADEMIA,02,20210611,20210611,PI,2271
40355522,0001,1,ACADEMIA MONSTER,02,20210112,20210112,PR,7807
17974904,0002,2,D'SENA ACADEMIA,02,20180829,20180829,RO,0003
35046618,0001,1,RONDINA STUDIO DE PILATES,02,20191001,20191001,MS,9089
32271665,0001,1,POUAKA CROSSFIT,08,20251201,20181217,MG,5403
30521347,0001,1,,04,20260609,20180522,SP,6291
38339163,0001,1,,02,20200903,20200903,SC,8015
28339708,0001,1,PERSONAL GREGGIO,08,20260413,20170803,SP,7149
42071730,0001,1,PHD ESPORTES ALTO BOQUEIRAO,02,20210525,20210525,PR,7535
43616872,0001,1,FLAVIA GONCALVES PERSONAL TRAINER,02,20210922,20210922,MG,4211
33537990,0001,1,,02,20190506,20190506,PR,9913
29304294,0001,1,GP FITNESS,04,20260601,20171220,RJ,6001
26013430,0001,1,PARAIBA FUTSAL SUL,08,20260316,20160823,RJ,5873
36833637,0001,1,ACADEMIA CORPO EM FORMA,02,20200401,20200401,MA,0148
26440778,0001,1,DODOPERSONAL,02,20161027,20161027,SP,7107
35725008,0001,1,,02,20191206,20191206,RJ,5901
37917685,0001,1,,02,20200730,20200730,SP,6131
38057361,0001,1,NC FIT CORPO SAUDAVEL,02,20200812,20200812,GO,9425
33439419,0001,1,COACH WELLNESS CENTER,04,20231031,20190424,CE,1389
28768469,0001,1,,01,20171002,20171002,RS,8531
36567293,0001,1,RTRAINERS,02,20200305,20200305,DF,9701
31020461,0001,1,ACADEMIA BIOFITNESS,02,20180725,20180725,CE,1595
31390294,0001,1,STUDIO FITNESS - FELIPE PRECOMA,02,20180831,20180831,PR,7953
37694506,0001,1,BOX VALE ENCANTADO,04,20231031,20200711,ES,5703
35754124,0001,1,MECANISMO CORPORAL,02,20191210,20191210,SP,7047
31009351,0001,1,,02,20180724,20180724,SP,6639
33924709,0001,1,BE LIFE SAUDE E BEM-ESTAR,02,20190613,20190613,SP,6595
35848273,0001,1,A C A D E M I A - E L I T E,02,20210728,20191226,SP,6619
40937883,0001,1,,02,20210222,20210222,PR,7535
42269083,0001,1,PHD SPORTS VILA SAO JOAO IRATI,02,20210610,20210610,PR,7607
40194966,0001,1,ACADEMIA WORKOUT FITNESS,02,20201224,20201224,PR,7535
39549037,0001,1,V & D FITNESS,04,20260515,20201024,CE,1571
26193301,0001,1,,04,20260515,20160919,BA,3993
40182901,0001,1,JF STUDIO FITNESS,08,20260518,20201222,DF,9701
31907980,0001,1,F.B SUPLEMENTOS,04,20260520,20181031,BA,3871
36446124,0001,1,,02,20200220,20200220,SP,7107
36039117,0001,1,IRON GYM,04,20260522,20200117,PR,7477
34308117,0001,1,POWER FIT ACADEMIA,02,20260602,20190724,GO,9211
39568775,0001,1,INTENSEFIT ACADEMIA,02,20201026,20201026,SC,8025
31276423,0001,1,,04,20260601,20180820,BA,3913
36588568,0001,1,ACADEMIA DE GINASTICA VR FITNESS,02,20260609,20200306,ES,5713
43827079,0001,1,RISE MUSCULACAO,02,20211008,20211008,SP,7071
43828256,0001,1,SELFIT SERRA TALHADA,02,20211008,20211008,PE,2577
43845334,0001,1,BARRA FITNESS,08,20251111,20211012,PI,0288
43854055,0001,1,,02,20211013,20211013,SC,8061
43862013,0001,1,ACADEMIA PONTO DE EQUILIBRIO,04,20260518,20211013,CE,1467
20705178,0002,2,XO CALOR SORVETES,02,20211014,20211014,PI,1087
22696425,0003,2,MOVA-SE ACADEMIA,08,20220530,20211015,AC,0139
35688173,0002,2,,02,20211015,20211015,MT,9871
43901922,0001,1,4FITNESSJF,02,20211017,20211017,MG,4733
43904353,0001,1,STUDIO FOR LIFE,08,20230317,20211018,SC,8179
35314510,0002,2,VIDA FITNESS,08,20221228,20211018,MG,4221
43925487,0001,1,JEAN OLIVEIRA PILATES STUDIO,02,20211019,20211019,SP,6979
43936225,0001,1,ACADEMIA ECKERFIT,02,20211019,20211019,SP,7107
43941857,0001,1,JK FITNESS,02,20211020,20211020,BA,3659
43945157,0001,1,,02,20211020,20211020,BA,3849
43951586,0001,1,AMERICAN FIT,02,20211021,20211021,MG,5401
43959466,0001,1,STUDIO ALFA TREINAMENTO PERSONALIZADO,02,20211021,20211021,SC,8027
43969944,0001,1,POSITIVA AQUA,02,20211021,20211021,ES,5699
43973033,0001,1,ACADEMIA POWER GYM,02,20211022,20211022,SE,3127
43973415,0001,1,ECO STUDIO,02,20211022,20211022,GO,9395
43982725,0001,1,ADAPT-FREE,04,20260603,20211022,PR,7535
43985709,0001,1,INSTITUTO WASHINGTON CAVALCANTE,02,20211022,20211022,MS,9051
43996542,0001,1,FIRE TEAM ASSESSORIA ESPORTIVA,02,20211025,20211025,PE,2491
44002142,0001,1,CT DE TREINAMENTO L SANTOS,02,20211025,20211025,RJ,5825
44006709,0001,1,ACADEMIA BROTHERS GYM & SUPLEMENTOS,02,20231115,20211025,PR,7535
24128968,0002,2,,08,20231026,20211025,RS,1018
44013168,0001,1,,02,20211026,20211026,MG,5395
44013959,0001,1,,02,20211026,20211026,RJ,6001
44015066,0001,1,PERFECT BODY,02,20211025,20211025,RJ,6001
44016388,0001,1,AF TRAINNING,08,20240319,20211026,RJ,6001
44016847,0001,1,SANTANTONIO PERSONAL,02,20211026,20211026,PR,7667
44027386,0001,1,CAMILA RAQUEL STUDIO PILATES E PERFORMANCE,08,20240119,20211026,MG,4157
44034442,0001,1,STUDIO NEXT,02,20211027,20211027,BA,3965
07594978,0457,2,,02,20211027,20211027,RJ,6001
44038223,0001,1,THE VINCI GYM,02,20211027,20211027,SP,6875
44050056,0001,1,,02,20211028,20211028,RJ,6001
44050095,0001,1,VELOCITY PINHEIROS,02,20211028,20211028,SP,7107
44052662,0001,1,E. STUDIO FIT,02,20211028,20211028,MG,5035
44056758,0001,1,CROSSLIFE IRAJUBA,08,20250702,20211028,RJ,6001
44057566,0001,1,ACADEMIA BEM ESTAR,08,20231222,20211028,PE,2591
44078119,0001,1,SELECT FITNESS,02,20250605,20211029,GO,9595
44085596,0001,1,ELITE STUDIO,02,20211101,20211101,SC,8163
44091278,0001,1,CROSS LIFE RODAGEM,08,20240416,20211101,PA,0535
44091459,0001,1,DIVA ACADEMIA - BODYBUILDER,02,20211101,20211101,PA,0415
44099838,0001,1,CMG SPORTS & WELLNESS,02,20211103,20211103,RJ,5897
44106389,0001,1,,02,20211103,20211103,SP,7099
44107866,0001,1,STUDIO MULLER,02,20211103,20211103,SP,6475
44113687,0001,1,VIDA ATIVA,08,20240313,20211104,MG,4341
44124447,0001,1,JOM MELHORIA DE VIDA,02,20211104,20211104,GO,9625
44125925,0001,1,FATIMA GORZA STUDIO PILATES,08,20220411,20211104,ES,5649
44130905,0001,1,,02,20211105,20211105,MG,5441
44134600,0001,1,ACADEMIA ALEGRIA,02,20211105,20211105,MS,9051
44138652,0001,1,,02,20211105,20211105,BA,3579
44142546,0001,1,FOCO FITNESS,02,20211105,20211105,GO,9361
44145161,0001,1,INSTITUTO SINGULAR ESPORTES,08,20221216,20211106,SP,7107
44161393,0001,1,ESSENCE FISIOTERAPIA,02,20211108,20211108,RJ,5819
44164346,0001,1,ACADEMIA SUPER FIT,02,20211108,20211108,MG,5401
44165792,0001,1,GARAGE BOX TIAGO CRUZ,08,20231211,20211108,SC,8105
44167250,0001,1,UP FITNESS,08,20231023,20211109,PE,2627
44169184,0001,1,STUDIO RUBENS,08,20220316,20211109,GO,9373
44175513,0001,1,PRIMEFIT ACADEMIA,02,20211109,20211109,PB,2167
44178174,0001,1,EXPERIENCE - CENTRO DE TREINAMENTO,02,20211109,20211109,MG,4877
44181497,0001,1,CROSS BRAVUS,02,20211109,20211109,SC,8105
44186076,0001,1,CENTRO DE TREINAMENTO SELVA,04,20260608,20211109,BA,3807
44188532,0001,1,TOP CENTER ACADEMIA,08,20260325,20211110,MG,4995
44200985,0001,1,FISIO & FUNCIONAL,02,20211110,20211110,SP,7209
44215442,0001,1,HIITEMCASA,08,20230621,20211111,PR,7807
44221987,0001,1,HONOR PILATES,02,20250910,20211111,PE,2323
44223128,0001,1,ACADEMIA IRON GIANTS,02,20211112,20211112,PR,7535
44246266,0001,1,EVOLUTION ACADEMIA- CROSS TRAINING,08,20230412,20211116,PE,2381
44251102,0001,1,POWERFIT,04,20231114,20211116,PE,2403
44251246,0001,1,STUDIO LE' LEVEN,02,20211116,20211116,RO,0029
44251574,0001,1,HEALTH BOX TRAINING,02,20211116,20211116,MG,4929
44257215,0001,1,ACADEMIA KORPUS FIT,02,20211116,20211116,ES,5697
44259128,0001,1,MUVY - CLUBE DO MOVIMENTO,02,20211116,20211116,SC,8081
44263189,0001,1,BRAVE CLUB,02,20211117,20211117,RS,8637
44267329,0001,1,THE BOX CROSSTRAINING,02,20211117,20211117,MG,4661
44273048,0001,1,,02,20240131,20211117,ES,5625
44286320,0001,1,ACADEMIA VALDIR CRUZ,02,20211118,20211118,DF,9701
44291621,0001,1,PITTY ACADEMIA,02,20211118,20211118,SP,7107
44292228,0001,1,BULL CROSS TRAINING,02,20211118,20211118,SC,5545
44300872,0001,1,CLUBE SINAI,02,20211119,20211119,BA,3849
44307517,0001,1,ACADEMIA BS FITNESS,02,20211119,20211119,AL,2793
44309047,0001,1,ELITE FITNESS,02,20211119,20211119,RN,1729
44311622,0001,1,STAY FIT ACADEMIA,02,20211120,20211120,PE,2367
44318545,0001,1,DN ESPORTES,02,20211122,20211122,AM,0255
44324400,0001,1,SUBVERSIVA CENTRO DE TREINAMENTO,02,20211122,20211122,TO,9385
42295556,0002,2,ACADEMIA L13,02,20211123,20211123,SE,3105
44337074,0001,1,REPUBLICA DOS MACACOS,02,20240909,20211123,SP,7107
44340167,0001,1,JOAO V S DE CASTRO PERSONAL TRAINER,08,20240722,20211123,SP,7107
44346465,0001,1,,02,20211123,20211123,MG,4733
44363720,0001,1,INSTITUTO AVANTE,02,20211124,20211124,DF,9701
44369293,0001,1,FCT ACADEMIA,08,20250204,20211125,DF,9701
44370090,0001,1,,02,20211125,20211125,MG,4891
44378987,0001,1,CT FIT ACADEMIA,02,20211125,20211125,MG,4431
44391378,0001,1,ACADEMIA PERFECT BODY BOX,02,20211126,20211126,RN,1847
44408734,0001,1,ARENA 021 BEACH SPORTS,02,20211129,20211129,RJ,5807
44422678,0001,1,ACADEMIA UP GYM,08,20241002,20211130,RS,0952
44428607,0001,1,NOGUEIRA FITNESS,04,20260608,20211130,AM,0255
44436157,0001,1,BRANCHES STUDIO PILATES,02,20211130,20211130,PA,0535
44437581,0001,1,CF MANDALA,02,20211201,20211201,MG,5343
44447010,0001,1,PRO PERFORM,02,20211201,20211201,BA,3595
44451124,0001,1,,02,20211201,20211201,SC,8327
44452848,0001,1,TH CENTRO DE TREINAMENTO,04,20260610,20211201,BA,3871
44455173,0001,1,J. F. ACADEMIA,02,20211202,20211202,MT,9129
44460115,0001,1,SAUDE E INVESTIMENTO,08,20250128,20211202,DF,9701
44468169,0001,1,,02,20211202,20211202,PE,2531
44472614,0001,1,ACADEMIA ESPARTA FIT,02,20211203,20211203,RS,8767
44474214,0001,1,EQUALIS TREINAMENTO E MOTRICIDADE,02,20211203,20211203,RJ,5867
44480236,0001,1,MAURAT ESTUDIO PERSONAL,02,20211203,20211203,RJ,5915
44481605,0001,1,CROSS PRIME BOX,02,20211203,20211203,PE,2381
44483407,0001,1,SUH SOUZA PERSONAL TRAINER,08,20250915,20211204,DF,9701
44178134,0001,1,STUDIO NEW SHAPE,02,20211109,20211109,RR,0301
44324251,0001,1,MFIT,02,20211122,20211122,CE,1385
44497959,0001,1,ACADEMIA PRATIQUE FITNESS,02,20211206,20211206,MG,5091
12578669,0002,2,ACADEMIA ATIVU'S,02,20211207,20211207,AL,2727
28187618,0002,2,,08,20220722,20211207,RS,8755
44522401,0001,1,ACADEMIA TRANSFORMACAO,02,20211208,20211208,SP,7181
44534604,0001,1,CT ALAN OLIVEIRA,08,20220623,20211209,MG,4079
44540574,0001,1,GYM PREMIUM 9086,02,20211209,20211209,MT,9907
44541685,0001,1,FLEX PILATES AEREO,02,20211209,20211209,MG,4553
44552708,0001,1,ESTUDIO ORIGEM,02,20211210,20211210,CE,1389
44555698,0001,1,VIDA FIT ACADEMIA,02,20211210,20211210,PR,7833
44564447,0001,1,,02,20211213,20211213,RJ,2909
44566979,0001,1,THUNDER CENTRO DE TREINAMENTOS,02,20211213,20211213,PR,7821
44570008,0001,1,STUDIO VOLL,02,20211213,20211213,RS,8801
44570078,0001,1,COACH EMPREENDIMENTOS,08,20240718,20211213,DF,9701
44570199,0001,1,POWER BLACK FIT,02,20211213,20211213,SP,6789
44575642,0001,1,COMPANY FITNESS,02,20211213,20211213,PE,2567
44577315,0001,1,FORT FIT,02,20211214,20211214,GO,9227
44578662,0001,1,CIBELE BAENA PEREIRA PERSONAL TRAINER,08,20250129,20211214,DF,9701
44595889,0001,1,TK FITNESS,02,20211215,20211215,PA,0589
44596553,0001,1,ELITE CENTER FITNESS LTDA,08,20220331,20211215,MG,4941
44601341,0001,1,META FITNESS,04,20231110,20211215,GO,9221
44602620,0001,1,STUDIO ALIVE SEMINARIO,02,20211215,20211215,SC,8081
44602667,0001,1,,08,20230804,20211215,MG,4073
44229108,0001,1,ACADEMIA MOVEMENT,02,20211112,20211112,RJ,5867
44608885,0001,1,ACADEMIA MAIS FITNESS,02,20211216,20211216,PB,1953
44612478,0001,1,LB GYM,02,20211216,20211216,SP,7115
44619570,0001,1,,02,20211217,20211217,PR,7777
44622356,0001,1,VIDA FITNESS,08,20220216,20211217,SP,7057
44623077,0001,1,ACADEMIA FRANCISCO CARVALHO,02,20211217,20211217,PI,1219
44623209,0001,1,IRON SKULL GYM,02,20251128,20211217,SP,6477
44625022,0001,1,LA CASA PERSONAL & GYM,02,20211217,20211217,RJ,5847
41779709,0002,2,ACADEMIA JHON FITNESS,02,20211217,20211217,PE,2413
44644913,0001,1,ACTIVITY HEALTH CONSULTORIA,02,20211220,20211220,RS,8423
44646486,0001,1,M2 PILATES,02,20211221,20211221,RN,1761
44654623,0001,1,,02,20211221,20211221,SC,8083
44657631,0001,1,,08,20260331,20211222,RJ,6001
44659737,0001,1,ACADEMIA EVOLUCAO CORPORAL II,02,20240221,20211222,RS,8541
44661380,0001,1,ACADEMIA MOVIMENT FIT,02,20211222,20211222,SP,7209
44665064,0001,1,STUDIO DE PILATES THAIS ALMEIDA,02,20211222,20211222,PR,7953
44670773,0001,1,FACURY ACADEMIA,02,20211223,20211223,SP,6425
44522810,0001,1,R2 TREINAMENTO FISICO,08,20250804,20211208,RS,8801
44678427,0001,1,GRANFIT ACADEMIA,02,20211227,20211227,CE,1475
44680955,0001,1,CROSSFIT SIMBA SAO FRANCISCO DE ITABAPOANA,02,20211227,20211227,RJ,0782
44681538,0001,1,,08,20240321,20211227,SE,3105
44682994,0001,1,,02,20211227,20211227,RJ,5877
44685262,0001,1,,08,20220527,20211227,PR,7563
44686069,0001,1,ACADEMIA KSS FITNESS,08,20251024,20211228,PE,2577
44686638,0001,1,,02,20211228,20211228,PE,2477
44687795,0001,1,ACADEMIA CORPO E MOVIMENTO,02,20211228,20211228,SP,6477
44687919,0001,1,ACADEMIA COLISEU,08,20230118,20211228,AL,2705
44691557,0001,1,RB PERFORMANCE,02,20211228,20211228,SP,6311
44693233,0001,1,,02,20211228,20211228,SC,8105
44702858,0001,1,STUDIO FEMININO JOSI FITNESS,08,20240115,20211230,MG,5425
44705909,0001,1,,02,20211230,20211230,SP,7085
44715805,0001,1,VAN STUDIO BODY MOVE,02,20211217,20211217,SP,6789
44717278,0001,1,ACADEMIA RTL HOUSE,02,20220103,20220103,RN,1837
44728157,0001,1,,08,20260602,20220104,DF,9701
44738769,0001,1,STUDIO L F TRAINING,02,20220104,20220104,SP,6953
44743080,0001,1,,02,20220105,20220105,MG,4133
44758085,0001,1,,02,20220105,20220105,AM,0255
44764247,0001,1,ACADEMIA PIMENTEL,02,20220106,20220106,RJ,5919
05291196,0002,2,UP FITNESS,08,20240516,20220106,PE,2333
44771217,0001,1,JOSUE RICARDO PERSONAL,02,20220106,20220106,SC,8105
44786304,0001,1,HYPEFUL H9 BC,02,20220107,20220107,SC,8039
44795831,0001,1,,02,20220110,20220110,MG,5413
44799507,0001,1,ENGENHARIA DO CORPO,02,20220110,20220110,ES,5703
44809750,0001,1,NOUS PILATES E SAUDE INTEGRATIVA,02,20220110,20220110,PR,7535
44831199,0001,1,PRO TRAINER ACADEMIA,02,20220112,20220112,PR,7851
44835517,0001,1,ESTUDIO + SAUDE,02,20220112,20220112,AP,0605
44844246,0001,1,ACADEMIA IMPACTO FITNESS,02,20220112,20220112,SP,7107
44853233,0001,1,MFIT STUDIO,02,20220113,20220113,PA,0463
44858038,0001,1,ACADEMIA HARDCORE FITNESS,08,20251203,20220113,PB,1939
44860952,0001,1,,02,20220113,20220113,RJ,6001
44874211,0001,1,ELEVE STUDIO FUNCIONAL,08,20260204,20220114,SC,8233
44875229,0001,1,,04,20260608,20220114,GO,9571
44878675,0001,1,VIBRAFIT ACADEMIA,02,20220114,20220114,PE,2381
44897234,0001,1,IDEAL STUDIO CROSS TRAINING,02,20220117,20220117,MG,5043
44904799,0001,1,CENTER FITNESS STRONG,08,20220606,20220118,RS,8863
44905345,0001,1,CROSS EXPERIENCE UBERABA MG,02,20220118,20220118,MG,5401
32167596,0002,2,CROSSTAINER,02,20220118,20220118,SC,8105
44908956,0001,1,VITRINE - CONEXAO ENTRE PERSONAL E ALUNO,02,20220118,20220118,SP,7107
44913005,0001,1,ST FITNESS STUDIO,08,20260611,20220118,MG,4031
44913027,0001,1,,02,20220118,20220118,RJ,5897
44925624,0001,1,,02,20220119,20220119,MG,5027
44929132,0001,1,BENSTAR,02,20220119,20220119,RJ,6001
44933532,0001,1,KANTAMA PILATES,02,20220119,20220119,SC,8089
44939077,0001,1,LM PERSONAL STUDIO,02,20220120,20220120,GO,9641
44943311,0001,1,STUDIO LE THOLL KANGOO E FUNCIONAL,08,20240417,20220120,SC,8175
44956445,0001,1,STUDIO WELLNESS,02,20220121,20220121,SP,6929
44962167,0001,1,STUDIO VOLL GOVERNADOR VALADARES,08,20240709,20220121,MG,4553
44967445,0001,1,XTREME FITNESS 3,02,20220121,20220121,PE,2399
44985882,0001,1,CENTRO DE TREINAMENTO TOP GYM,02,20220124,20220124,SP,6795
44988106,0001,1,ACADEMIA NUTRY SPORT,08,20230731,20220124,SC,8267
44989492,0001,1,AMERICA TOP TEAM ACADEMIA,02,20220124,20220124,PI,1219
44989526,0001,1,NO RUNNING,02,20220124,20220124,PA,0427
44989752,0001,1,ACQUA FIT,02,20220124,20220124,RJ,6001
45003243,0001,1,POWER FIT ACADEMIA E PERSONAL,08,20231121,20220125,RS,1162
45003793,0001,1,START UP,08,20220805,20220125,GO,9477
45004615,0001,1,IMPERIO FIT ACADEMIA DE GINASTICA E DANCA,02,20220125,20220125,BA,3849
35591041,0002,2,CLINICA MUVI,02,20220125,20220125,SC,5737
45007110,0001,1,ESPACO FIT,02,20220125,20220125,RS,7379
45008073,0001,1,,02,20220125,20220125,SP,6389
45009078,0001,1,ENGENHARIA DO CORPO,02,20220125,20220125,RS,8599
45010720,0001,1,TOP UP FITNESS,02,20220125,20220125,CE,1389
44862452,0001,1,,02,20220113,20220113,PR,7513
45014781,0001,1,MULHERES FIT STUDIO,02,20220126,20220126,PR,7513
45014843,0001,1,,02,20220126,20220126,MG,5091
45016903,0001,1,TITANIUM ACADEMIA,02,20220126,20220126,MG,5241
45022796,0001,1,,02,20220126,20220126,SP,7107
45024170,0001,1,ACADEMIA CRUZ TRIVELATO ORION FITNESS,08,20220525,20220126,SP,6291
45025217,0001,1,,02,20220126,20220126,MG,4819
45040794,0001,1,TMP SAUDE E SOLUCOES,08,20250519,20220127,GO,0067
45042281,0001,1,ACADEMIA ESPACO FITNESS,02,20220127,20220127,SE,3245
45050920,0001,1,DI CORPORE STUDIO DE PILATES,02,20220128,20220128,CE,1373
45052502,0001,1,QUALYVITA SERVICOS EDUCACIONAIS,02,20220128,20220128,PA,0427
45061535,0001,1,DOM PILATES,02,20220128,20220128,RO,0005
45079003,0001,1,CENTRO DE TREINAMENTO OXE BOX,02,20220131,20220131,AL,2785
45094157,0001,1,V3 STUDIO,02,20220201,20220201,RS,8853
45108509,0001,1,ACADEMIA TOPGYM,02,20220201,20220201,MT,0123
45122937,0001,1,STUDIO MF TRAINING,02,20220202,20220202,MG,4819
45132241,0001,1,STUDIO OFICIAL FITNESS,02,20220203,20220203,TO,9525
45132640,0001,1,ACADEMIA PK,04,20260605,20220203,TO,9629
45138983,0001,1,TR GYM,02,20220203,20220203,RJ,5849
45140713,0001,1,PROMOVEMENT PREPARACAO FISICA FUNCIONAL,02,20220203,20220203,SC,8105
45145336,0001,1,,02,20220203,20220203,MG,5397
45148724,0001,1,BLACKFIT TERRITORIO FITNESS,02,20220203,20220203,PA,0483
45151993,0001,1,MEGA ACADEMIA,02,20220204,20220204,MG,5217
45172412,0001,1,ISRAEL MEDEIROS,02,20220206,20220206,SC,8105
24389834,0007,2,ARA JAGUARE,02,20220207,20220207,SP,7107
45179589,0001,1,UNITA,02,20220207,20220207,GO,9221
45182689,0001,1,,08,20220601,20220207,DF,9701
45186463,0001,1,BRAVOS CT,02,20220207,20220207,RO,0029
45194050,0001,1,TOPFIT GYM,02,20220208,20220208,MG,4957
45204954,0001,1,VIANA CROSS,02,20240919,20220208,BA,3965
45208144,0001,1,BLAST GYM,02,20220208,20220208,SP,6875
45214854,0001,1,OXYGYM ACADEMIA,02,20220209,20220209,SC,8311
45219900,0001,1,CROSS LIFE VILA MANGALOT,02,20220209,20220209,SP,7107
45220322,0001,1,L C FITNESS,02,20220209,20220209,CE,1511
45220701,0001,1,HIFT ACADEMIA,02,20220209,20220209,PE,2457
45222800,0001,1,ROOTS CROSSTRAINING,02,20220209,20220209,MG,4123
45227900,0001,1,PROFIT - PERFORMANCE E SAUDE,04,20240821,20220209,PA,0447
45235492,0001,1,,02,20220210,20220210,RS,8841
44749357,0001,1,ACADEMIA CONEXAO,08,20220210,20220105,RS,8837
45239131,0001,1,ACADEMIA FIBRA FITNESS,02,20250221,20220210,PA,0054
45239490,0001,1,,02,20220210,20220210,CE,1243
45249005,0001,1,ANA PORTO PERSONAL,08,20231026,20220211,MG,4123
36726601,0002,2,BOX CITY CROSS TRAINING,08,20231024,20220211,MG,4123
45250740,0001,1,CT 89,02,20220211,20220211,GO,9433
45251561,0001,1,ACADEMIA POWER FITNESS,08,20250723,20220211,DF,9701
45262100,0001,1,F&M MOVIMENTOS,02,20250117,20220211,SP,7107
45283865,0001,1,ACADEMIA SPORT FITNESS,02,20220214,20220214,PI,1153
45284985,0001,1,ACTA TREINAMENTO PERSONALIZADO,02,20220214,20220214,RS,8801
12567188,0002,2,ARENA SMASH,02,20220214,20220214,SC,8321
45293160,0001,1,FISIOFIT,02,20220215,20220215,BA,3917
45300813,0001,1,MONSTER GYM AND SUPPLEMENTS,02,20220215,20220215,SC,8127
45316964,0001,1,ACADEMIA MAXFIT,02,20220216,20220216,PE,2627
45319154,0001,1,STUDIO DE PILATES CORPUS,02,20220216,20220216,BA,3837
45323617,0001,1,BELAFIT,02,20220216,20220216,MA,0727
45328347,0001,1,CONCEITO PILATES E FISIOTERAPIA,02,20220217,20220217,GO,9373
45328737,0001,1,GRUPO A&E ESPACO BELEZA,02,20220217,20220217,SP,6947
45328866,0001,1,,02,20220217,20220217,MT,9871
45338549,0001,1,EKO ACADEMIA - VIDA EM MOVIMENTO,02,20220217,20220217,SP,6589
45344562,0001,1,IMPACTO LIFE FITNESS,02,20220217,20220217,SP,6689
30506396,0002,2,HORA FITNESS ACADEMIA,08,20221227,20220218,MG,5371
45363364,0001,1,,02,20220218,20220218,TO,9241
45368151,0001,1,CLUB FIT ACADEMIA,02,20220220,20220220,PA,0427
45374455,0001,1,MEGA STUDIO ACADEMIA,02,20220221,20220221,BA,3363
45388355,0001,1,ESPACO DE SAUDE ACQUA MAIS,02,20220221,20220221,MG,4733
45392648,0001,1,,02,20220222,20220222,PR,7659
45396171,0001,1,HP FITNESS,02,20220222,20220222,SP,7033
45408447,0001,1,TERRA FIT ACADEMIA,08,20231214,20220222,MT,9167
45412478,0001,1,GARAGYM STUDIO FITNESS,08,20241122,20220222,MS,9165
45413543,0001,1,ARAGON ENDURANCE,02,20220223,20220223,SP,6875
45414551,0001,1,CORRA ORIENTADO,02,20250411,20220223,SP,6213
45419065,0001,1,MOVIMENTE PILATES E TREINAMENTO FUNCIONAL,02,20220223,20220223,RS,8531
12084152,0004,2,HELLEN MADEIRA FITNESS,08,20230313,20220223,ES,5705
45428472,0001,1,SKY FIT,02,20220223,20220223,SP,6551
45437363,0001,1,CROSS EXPERIENCE,02,20220224,20220224,SP,6713
45440875,0001,1,BULLBOX FIT,02,20220224,20220224,RJ,5865
45442151,0001,1,CENTRO DE TREINAMENTO FP TEAM FIGHT,08,20240117,20220224,PR,7571
45444953,0001,1,,02,20220224,20220224,SP,7107
45446015,0001,1,VERA FITNESS ACADEMIA,02,20220224,20220224,PA,0581
45448998,0001,1,JOHN WORLD FITNESS,02,20220225,20220225,GO,9227
45451433,0001,1,FA FABIANA ARAUJO TREINAMENTO,02,20220225,20220225,SC,8371
45471796,0001,1,BRENO FIEL,02,20220228,20220228,PA,0427
45472351,0001,1,META FIT ACADEMIA,02,20220228,20220228,PE,2467
45473044,0001,1,ALB1TRAINING,02,20220228,20220228,SP,7107
45482639,0001,1,,02,20220301,20220301,PR,7721
45494172,0001,1,CT BLUE ZONES,02,20220302,20220302,SC,8073
45497290,0001,1,MAXIMUS ACADEMIA,02,20220302,20220302,PE,2369
45502988,0001,1,TEAM TAKA ACADEMIA PERSONALIZADA,02,20220303,20220303,SP,6859
45511245,0001,1,NATY REIS - STUDIO DE TREINAMENTO PERSONALIZADO,02,20220303,20220303,PR,7663
45515125,0001,1,,08,20250821,20220303,MG,4123
45523302,0001,1,DK EVENTOS,08,20240523,20220304,AL,2785
45529763,0001,1,,02,20220304,20220304,PR,7535
45539412,0001,1,LIFE CYCLE- LIFE FIT,02,20220307,20220307,SP,6503
45540064,0001,1,ESPACO GAYATRI,02,20220307,20220307,SP,6509
45545801,0001,1,RAFAEL CAFU E FELIPINHO FUTSAL E FUTEBOL,02,20220307,20220307,SP,7145
45550673,0001,1,META TREINAMENTO PERSONALIZADO,02,20220307,20220307,SC,8233
45559868,0001,1,ACADEMIA ABSOLUTE GYM,08,20250602,20220308,ES,5699
45562846,0001,1,SOUL FIT,08,20260312,20220308,MG,5035
45564344,0001,1,STUDIO MOVIMENTE,02,20220308,20220308,SP,6913
45573720,0001,1,VBOX CROSS CT,02,20220309,20220309,PE,2421
45574759,0001,1,HEROES CROSS,08,20260427,20220309,RJ,6001
45578161,0001,1,JP ASSESSORIA ESPORTIVA,02,20220309,20220309,PB,2051
45578233,0001,1,IRONCORE TREINAMENTO,08,20220930,20220309,SP,7057
45585576,0001,1,,02,20220309,20220309,RS,8801
45596018,0001,1,HR STUDIO FITNESS,02,20260611,20220310,TO,9243
45597651,0001,1,ACADEMIA MAX FITNESS,08,20240215,20220310,PI,1039
45610614,0001,1,TAVARESCOACH TRAINING CENTER,02,20220311,20220311,RJ,6001
44760256,0001,1,INSPIRAR FISIOTERAPIA E PILATES,08,20220314,20220106,MA,0729
45638662,0001,1,BRAVASFITNESS,02,20220314,20220314,PA,0377
45670766,0001,1,JOVIAL FORMULA,02,20220316,20220316,SP,6505
45678401,0001,1,,02,20260128,20220316,SP,6345
45685675,0001,1,OVERALL GUARUJA,02,20220317,20220317,MG,4865
45687223,0001,1,ACADEMIA ARENA FITNESS,02,20220317,20220317,GO,9617
45694895,0001,1,ACADEMIA ABSURDA,08,20241105,20220317,SP,7115
45698893,0001,1,CT MAROMBA,02,20220318,20220318,PB,1939
45705377,0001,1,,02,20220318,20220318,SP,6639
45707898,0001,1,ALFA CTF,08,20240906,20220318,SC,5545
45733150,0001,1,BIO FITNESS,02,20220322,20220322,MG,5325
45735133,0001,1,DP TRAINNING ACADEMIA,02,20220322,20220322,PE,2479
45742072,0001,1,MTOR,02,20220322,20220322,RJ,5801
45742189,0001,1,SUPER FIT ACADEMIA,08,20240223,20220322,MA,0807
45754871,0001,1,GERACAO FITNESS,08,20220927,20220323,GO,1052
45776281,0001,1,AERIALLAND STUDIO,02,20220324,20220324,PR,7435
45779319,0001,1,EG FITNESS,02,20250510,20220324,PE,2413
45785023,0001,1,FIT STUDIO TRAINER,02,20220325,20220325,MG,4953
45785910,0001,1,ACADEMIA TAINA FITNESS,08,20251017,20220325,MT,9741
34383439,0002,2,CROSS XXI,08,20251105,20220325,PR,7493
45803388,0001,1,F3 ACADEMY,02,20220328,20220328,SP,6291
45808237,0001,1,ACADEMIA EMPIRE,08,20240923,20220328,DF,9701
45811606,0001,1,WILL PERSONAL,02,20220328,20220328,MG,5013
45814401,0001,1,MZ FITNESS,02,20220328,20220328,MA,0889
45816526,0001,1,GUI FREITAS PERSONAL,08,20220711,20220328,SC,8233
45820228,0001,1,FFTRAINER,02,20220329,20220329,SP,7107
45827200,0001,1,TUCUJU360,02,20220329,20220329,AP,0605
45326967,0001,1,CROSS LION,02,20220216,20220216,PA,0509
45834762,0001,1,ESPACO LANNE CAMPOS PILATES E BEM ESTAR,02,20220329,20220329,RO,0007
45839356,0001,1,UP FOR YOU CROSS TRAINING,02,20220330,20220330,SP,6713
45843229,0001,1,FLUIR STUDIO MUSCULACAO PERSONALIZADA,08,20250131,20220330,PR,7493
45847561,0001,1,SINGULAR PILATES,08,20251022,20220330,BA,3685
45847708,0001,1,ORION FIT,02,20220330,20220330,MG,4471
45855348,0001,1,MARJO STUDIO DE PILATES,02,20220331,20220331,RS,8953
45856695,0001,1,STRAAL FIT,02,20220331,20220331,PR,7527
45865753,0001,1,MOOVE CENTRO DE TREINAMENTO ESPORTIVO,04,20260609,20220331,MT,9925
45866255,0001,1,DEMA SPORTS,02,20220331,20220331,PR,7535
45895575,0001,1,,02,20220404,20220404,SP,7107
45895833,0001,1,HEALTH,08,20221019,20220404,SP,7107
45900245,0001,1,,02,20220404,20220404,SC,8205
45906706,0001,1,,02,20220405,20220405,PR,5479
45907549,0001,1,ACADEMIA ESPACO FITNESS,02,20220405,20220405,PI,0406
44645199,0001,1,MICHEL DAVID ACADEMIA,02,20211220,20211220,CE,1333
45917475,0001,1,STUDIO DE PILATES VIVER MELHOR,08,20250918,20220405,BA,3477
45642554,0001,1,INDIVIDUALE ESPACO DE SAUDE,02,20220314,20220314,RS,8541
45595754,0001,1,BRANDAO C.F,02,20220310,20220310,MG,4123
45923965,0001,1,SILVANY PILATES,02,20220406,20220406,GO,9753
44185482,0001,1,ACADEMIA MOVIMENTOS,02,20211110,20211110,MG,4733
45932315,0001,1,LIFE STUDIO,08,20230614,20220406,DF,9701
45936871,0001,1,QUALIVITA,04,20260601,20220406,BA,3669
45942177,0001,1,CROSS EXPERIENCE FEITOSA,02,20220407,20220407,AL,2785
45946782,0001,1,ACADEMIA PERFORMANCE,02,20220407,20220407,BA,3781
45954782,0001,1,,02,20220407,20220407,SP,7107
45959644,0001,1,PS FIT ACADEMIA,02,20220408,20220408,PI,1159
45959936,0001,1,ORION STUDIO FITNESS,02,20220408,20220408,MT,8993
45962827,0001,1,CROSS NUTRITION BOX RECIFE,02,20220408,20220408,PE,2531
10750260,0003,2,ACADEMIA EQUILIBRIO,02,20220408,20220408,SP,6249
45969295,0001,1,GO NOW CAMPO BELO,02,20220408,20220408,SP,7107
45987568,0001,1,,02,20220411,20220411,SP,7107
45989706,0001,1,,08,20220519,20220411,MG,4723
46008634,0001,1,HAKKA CROSS TRAINING,02,20220412,20220412,GO,9221
46012253,0001,1,STUDIO REVITALIZE,02,20220412,20220412,ES,5717
34214311,0002,2,WAY CROSSFIT,02,20220413,20220413,PE,2531
45218198,0001,1,FORMAFIT,08,20230321,20220209,PI,1133
46033038,0001,1,ACADEMIA VIDA E SAUDE,02,20220414,20220414,RS,1164
46037423,0001,1,AVANCE STUDIO TREINAMENTO FISICO,02,20220414,20220414,SP,6949
46037668,0001,1,ARENA FIT BUK,02,20220414,20220414,BA,3899
45768248,0001,1,STUDIO RK,02,20220324,20220324,ES,5705
46057984,0001,1,CROSS VIDA,02,20220418,20220418,BA,3661
46060619,0001,1,LION FITNESS,02,20250607,20220418,CE,1239
46060709,0001,1,TOP TRANING,02,20220418,20220418,SP,7109
46071421,0001,1,,02,20220419,20220419,MG,4371
46074959,0001,1,WL FUNCIONAL,02,20220419,20220419,PA,0427
46079325,0001,1,MOVEMENT FITNESS,04,20240823,20220419,PB,2117
46082309,0001,1,ATITUDE FITNESS,08,20260402,20220419,MG,4445
46093508,0001,1,ACADEMIA PRATA ROB OLD SCHOOL,02,20220420,20220420,SP,6107
46111538,0001,1,VILA BOX,02,20220422,20220422,PA,0425
46116010,0001,1,ACADEMIA VENCERFIT,02,20250225,20220422,MG,4417
46124121,0001,1,FL TREINAMENTO,02,20220425,20220425,MG,4305
46124523,0001,1,CF BAEPENDI,02,20220425,20220425,MG,4097
46131699,0001,1,EVOLUTIONGYM,08,20260116,20220425,PB,2221
46132204,0001,1,,02,20220425,20220425,SP,6681
46133863,0001,1,,02,20220425,20220425,SP,6969
46135229,0001,1,STUDIO SOUZA E LIMA,08,20221107,20220425,BA,3515
46140416,0001,1,A3 CENTRO DE TREINAMENTO,02,20220425,20220425,PE,2627
46142518,0001,1,ACADEMIA FISIO FITNESS,04,20240813,20220426,MG,4107
46142843,0001,1,PROFESSOR ARNALDO,02,20220425,20220425,PR,7777
46146962,0001,1,2RL A FORMULA DO MOVIMENTO,02,20220426,20220426,RJ,5925
07594978,0484,2,,02,20220426,20220426,CE,1389
46153042,0001,1,STUDIO DENIS MOREIRA LTDA,02,20220426,20220426,RJ,5865
21401007,0003,2,,08,20221130,20220427,MG,4521
46167315,0001,1,CROSS EXPERIENCE JEQUIE LTDA,02,20220427,20220427,BA,3661
07594978,0485,2,,02,20220428,20220428,CE,1389
46186715,0001,1,,02,20220428,20220428,SP,6639
46190215,0001,1,XTREME FITNESS CENTER,02,20220428,20220428,GO,9373
46196634,0001,1,,02,20220429,20220429,MG,4863
46203945,0001,1,CAPITAL MOVE FITNESS E BEM-ESTAR,02,20220429,20220429,DF,9701
46204389,0001,1,,02,20220429,20220429,SP,7225
46228696,0001,1,ACADEMIA RIBEIRO,02,20220502,20220502,GO,9221
46229561,0001,1,ESSENCIAL FITNESS,04,20240819,20220502,RJ,5863
46238108,0001,1,RUN TIME,02,20220503,20220503,PI,1219
46238619,0001,1,,02,20220503,20220503,MG,4123
46239122,0001,1,,02,20220503,20220503,RS,8819
46239813,0001,1,ACQUA MOVE,02,20220503,20220503,PE,2427
46242960,0001,1,CX NOVO MUNDO,08,20260311,20220503,MG,5403
46245479,0001,1,CT ELAINE PERSONAL TL,02,20220503,20220503,MS,9165
46246343,0001,1,STUDIO TREINAMENTO FUNCIONAL E MUSCULACAO,02,20220503,20220503,ES,5663
46247260,0001,1,CROSS EXPERIANCE ARAXA,02,20220503,20220503,MG,4079
46247683,0001,1,SUMMER FIT ACADEMIA,02,20220503,20220503,SP,7151
46259402,0001,1,,02,20220504,20220504,MG,4371
46262233,0001,1,WORKOUT BALASSO,02,20220504,20220504,TO,9241
46267254,0001,1,,02,20220504,20220504,RS,8585
46272255,0001,1,JOCELIO TEAM,02,20220505,20220505,CE,1247
46274600,0001,1,+ SAUDE TRAINING CLUB - VGP,02,20220505,20220505,SP,7273
46279461,0001,1,"FISIOTRATA PILATES, SAUDE E BEM ESTAR",08,20251003,20220505,CE,1389
46286419,0001,1,ACADEMIA MAIS MULHER,02,20220505,20220505,PR,7749
46293325,0001,1,MUNDO FITNESS ACADEMIA,02,20220506,20220506,TO,9519
46293335,0001,1,STRONG FITNESS,02,20220506,20220506,PR,7883
46295438,0001,1,ATEM GYM,02,20220506,20220506,CE,1389
46298359,0001,1,HULK FITNESS ACADEMIA,02,20220506,20220506,SP,6789
46308957,0001,1,+ TREINAMENTO STUDIO,02,20220509,20220509,GO,9403
46309600,0001,1,LA CONSULTORIA ESPORTIVA,02,20250710,20220509,SP,7107
46312533,0001,1,,02,20220509,20220509,MG,5343
46317316,0001,1,,02,20220509,20220509,SP,6701
46318110,0001,1,,02,20260518,20220509,ES,5701
46320343,0001,1,,02,20220509,20220509,SP,6171
46323025,0001,1,BOX 237 FITNESS,02,20220509,20220509,PE,2491
46325983,0001,1,ALFA ACADEMIA,04,20260609,20220510,GO,9671
46340470,0001,1,CT_LEOMT,04,20260612,20220510,MG,4123
46347536,0001,1,,02,20220511,20220511,RS,8655
46363233,0001,1,SPARTA CALISTENIA E CROSSTRAINING,02,20220512,20220512,SC,8179
46364054,0001,1,CIA DO CORPO,02,20220512,20220512,MG,5223
21810530,0002,2,,02,20220512,20220512,SP,6109
46370958,0001,1,RPASCOAL TREINAMENTOS,02,20220512,20220512,SP,6401
46372120,0001,1,ACADEMIA LIFE FITNESS,02,20220512,20220512,CE,1511
46378499,0001,1,W FITNESS ACADEMIA,02,20220513,20220513,PE,2455
46381583,0001,1,UPGRADE ESPACO FITNESS,02,20220513,20220513,BA,3819
46382536,0001,1,STUDIO FERNANDO LOPES,02,20220513,20220513,RN,1719
46382759,0001,1,,02,20220513,20220513,RJ,5843
46384742,0001,1,,02,20220513,20220513,RJ,6001
46389454,0001,1,OVERAL TRAINER,02,20220513,20220513,MT,9151
46389848,0001,1,CAIO SPORTS,02,20220513,20220513,MG,5113
31936671,0010,2,,02,20220513,20220513,SC,8327
46392479,0001,1,,08,20220902,20220513,ES,5703
46392586,0001,1,,08,20250228,20220513,SP,7121
43890271,0002,2,SOLUFITNESS,02,20220516,20220516,SP,7107
46410149,0001,1,CORPO IN FOCO PILATES,02,20220516,20220516,SP,6323
46410287,0001,1,,02,20220516,20220516,RJ,6001
46414349,0001,1,TERRACO PILATES,02,20220516,20220516,SP,7107
46414733,0001,1,STP ACADEMIA,02,20220516,20220516,SP,7013
46415335,0001,1,CENTRO DE TREINAMENTO BISAO,02,20220516,20220516,PA,0483
46433107,0001,1,ADCORE PILATES,02,20220517,20220517,SP,7107
46436377,0001,1,NOVA ERA FITNESS,02,20220518,20220518,PE,2531
46437378,0001,1,STUDIO LION PERFOMANCE LTDA,02,20220518,20220518,SP,7145
46438557,0001,1,ACADEMIA BODYBUILDER FIT,02,20241113,20220518,SC,8073
46443215,0001,1,W BOX TOP SHAPE,02,20220518,20220518,PA,0429
46448491,0001,1,ACADEMIA DO JORGE,02,20220518,20220518,ES,5631
46448766,0001,1,KIRRA FIGHT,08,20230222,20220518,RS,8933
46465599,0001,1,,02,20220519,20220519,MG,4213
46471663,0001,1,,02,20220520,20220520,CE,1561
46484451,0001,1,ACADEMIA PERFORMANCE FITNES,02,20220521,20220521,MA,0136
44384110,0001,1,INFINITTY ACADEMIA,02,20211126,20211126,PI,1219
46501897,0001,1,,08,20240222,20220523,SP,6181
46504214,0001,1,ACADEMIA VITAL PRO,02,20220523,20220523,RS,8591
46504447,0001,1,FOR FITNESS,04,20260609,20220523,MT,9167
46518992,0001,1,SOARES FIT ACADEMIA,02,20220524,20220524,PE,2511
46525633,0001,1,,02,20220524,20220524,PE,2457
46527161,0001,1,,02,20220525,20220525,RJ,6001
46528450,0001,1,PRATIQUE FITNESS,02,20220525,20220525,MG,4595
46529753,0001,1,NEW ON FITNESS,02,20220525,20220525,SP,7181
46543152,0001,1,LIONS FITNESS,08,20251022,20220525,PE,2381
46248320,0001,1,STUDIO SOUL,02,20220503,20220503,MG,5427
46095489,0001,1,STUDIO XFIT,04,20260609,20220420,PR,7535
46128800,0001,1,CT MIRAMOTO,02,20220425,20220425,SP,7071
46387588,0001,1,BODY FIX,02,20220513,20220513,RJ,6001
46558006,0001,1,ARENA FITNESS,02,20220526,20220526,MT,9885
46565191,0001,1,FIT LIFE,02,20220527,20220527,CE,1267
46567292,0001,1,ACADEMIA STRONG POWER,02,20220527,20220527,GO,1052
46567797,0001,1,LONG LIFE ACADEMIA,02,20220527,20220527,SC,8221
46571662,0001,1,ELEMENTS CLUB,02,20220527,20220527,RJ,6001
46573396,0001,1,ROLL PILATES STUDIO MORUMBI,02,20220527,20220527,SP,7107
46573491,0001,1,ELITE ACADEMIA,02,20220527,20220527,SP,7017
46600085,0001,1,ACADEMIA COMPASSFIT,08,20230307,20220531,SP,6589
46606143,0001,1,DNA FITNESS,04,20240816,20220531,RS,8705
46621457,0001,1,,02,20220601,20220601,SP,6969
46622741,0001,1,JS STUDIO TREINAMENTO PERSONALIZADO,02,20220601,20220601,RJ,5865
46630058,0001,1,,02,20220601,20220601,SP,7107
46641860,0001,1,NS STUDIO FITNESS,02,20220602,20220602,SC,8379
15134843,0002,2,TOP TRAINER FITNESS PERFORMANCE,02,20220602,20220602,CE,1585
46647929,0001,1,TOP FITNESS,02,20220603,20220603,AL,2853
46649413,0001,1,HARPIA CENTRO DE TREINAMENTO,08,20230420,20220603,RJ,5897
40272539,0002,2,,02,20220603,20220603,SP,7107
46656402,0001,1,HIGYE WORKOUT,02,20220603,20220603,SP,6775
46660362,0001,1,STUDIO KA PILATES E FISIOTERAPIA,02,20220603,20220603,SP,7107
46660570,0001,1,ACADEMIA ARENA FITNESS,02,20220603,20220603,TO,9559
46678878,0001,1,BEN FITNESS,02,20220606,20220606,MT,9151
46681040,0001,1,CLASSIC FITNESS,02,20220606,20220606,PI,1219
46686678,0001,1,LET' S GO GYM,02,20220606,20220606,PA,0627
46687639,0001,1,PERSONAL PILATES STUDIO,02,20220607,20220607,PA,0427
46690879,0001,1,MONSTER FIT ACADEMIA,02,20220607,20220607,CE,1427
46692846,0001,1,MOOVE ACADEMIA FUNCIONAL,02,20220607,20220607,BA,3583
46693188,0001,1,,08,20240724,20220607,SP,6953
46694540,0001,1,TOP SHAPE FITNESS ACADEMIA,08,20240702,20220607,MG,4601
46697699,0001,1,ESTUDIO ALZETE PAZ PILATES E FUNCIONAL,08,20250213,20220607,PA,0483
46699865,0001,1,,02,20220607,20220607,SP,6671
46704507,0001,1,CT JU ROCHA,08,20250114,20220608,GO,9221
46711971,0001,1,EVOLVE,02,20260611,20220608,GO,1052
46723577,0001,1,ACADEMIA BRASIL,02,20220609,20220609,PI,1161
11076883,0002,2,,02,20220609,20220609,SP,7107
46727264,0001,1,,02,20220609,20220609,RJ,5883
46736399,0001,1,PARADISE GYM,02,20220610,20220610,SC,8089
46738531,0001,1,,02,20220610,20220610,PR,9983
40741127,0003,2,OLIMPUS ACADEMIA,02,20240417,20220610,PA,0561
46741818,0001,1,POWER FITINESS,02,20220610,20220610,SP,7121
07594978,0495,2,,02,20220610,20220610,ES,5705
46744748,0001,1,STUDIO TREINAMENTO PERSONALIZADO GABRIEL ALARCAO,02,20220610,20220610,GO,9361
46747760,0001,1,PHD SPORTS BOQUEIRAO,02,20220610,20220610,PR,7535
27188194,0002,2,,08,20240215,20220613,SC,8089
46767171,0001,1,STUDIOPEN,02,20220613,20220613,RJ,5877
46768671,0001,1,ALPHA SPORT,04,20240902,20220613,SP,6689
46768709,0001,1,BOX DALACQUA,02,20220613,20220613,PR,7469
46770062,0001,1,T N FABRI TREINAMENTOS,02,20220613,20220613,SP,6241
46777670,0001,1,STUDIO MICHELE PERSONAL TRAINER,08,20230828,20220614,MG,4945
46786120,0001,1,CROSSFIT LEOES,02,20220614,20220614,SP,6569
46791707,0001,1,MP ESPACO ZEN,02,20220615,20220615,RJ,5901
46795185,0001,1,GARDI ACADEMIA,02,20220615,20220615,PI,1003
46801002,0001,1,FRAN FITNESS,02,20220615,20220615,MS,9051
46801118,0001,1,ACADEMIA TENTACULOS,02,20220615,20220615,RJ,2909
46804849,0001,1,,02,20220615,20220615,SP,7149
46824154,0001,1,ACADEMIA THIAGO MIRANDA,02,20220618,20220618,PA,0435
46827742,0001,1,FITNESS QUINTANILHA,08,20221228,20220620,RJ,5897
46828889,0001,1,,02,20220620,20220620,SP,6579
46828900,0001,1,ARENA CT E BEM ESTAR,02,20220620,20220620,CE,1389
46830061,0001,1,VITAL FISIOTERAPIA,02,20220620,20220620,RS,8801
46830933,0001,1,M.F.S - MULTIFUNCIONAL STUDIO PERSONAL,08,20221212,20220620,RJ,5869
46832128,0001,1,,02,20220620,20220620,SP,7105
46838804,0001,1,PRATIQUE FITNESS,02,20220620,20220620,MG,4123
46847261,0001,1,,02,20220621,20220621,PR,7749
46862080,0001,1,,04,20260609,20220621,MT,9907
46873912,0001,1,ACADEMIA COLACO,02,20220622,20220622,PA,0559
46874430,0001,1,,02,20260124,20220622,RN,1761
46876846,0001,1,,02,20220622,20220622,SC,8327
46879845,0001,1,VALTER COSTA STUDIO,02,20220622,20220622,SP,7209
46895742,0001,1,,02,20220623,20220623,MS,9051
46898769,0001,1,ESPACO FIT,04,20240820,20220624,AM,0255
46907591,0001,1,CROSS LIFE PROGRESSO,08,20230620,20220624,SP,6619
46920660,0001,1,PACE SPORT ASSESSORIA ESPORTIVA,02,20220627,20220627,PB,2051
46926840,0001,1,ESPACO FITNESS ACADEMIA,02,20220627,20220627,ES,5663
46932908,0001,1,STUDIO LUIZINHO TEAM,04,20260608,20220627,BA,3647
46934150,0001,1,STUDIO BODY ACTION,02,20220628,20220628,BA,3807
46934454,0001,1,,02,20220628,20220628,MA,0863
46935238,0001,1,ESPACO CORE FIT HELIENE MOTA,02,20220628,20220628,MG,4699
46939843,0001,1,AQUABRINK,02,20220628,20220628,MS,9051
43590107,0002,2,BOX DS,02,20220629,20220629,MG,4045
46962287,0001,1,RXFIT,02,20220629,20220629,MG,4675
44072766,0001,1,M & M STUDIO,02,20211029,20211029,SP,6731
46973234,0001,1,SAUDE VITAL,02,20220630,20220630,SP,7057
46977038,0001,1,ACADEMIA AGUA DOCE,02,20220630,20220630,SP,6291
46977661,0001,1,,04,20240820,20220630,SP,7107
46987717,0001,1,INOVE SAUDE ACADEMIA,02,20220701,20220701,MG,4523
46991338,0001,1,,02,20220701,20220701,PR,7513
46992843,0001,1,K+ PILATES E FISIOTERAPIA LTDA,08,20241021,20220701,PR,7535
46993326,0001,1,ALPHAHIT ACADEMIA,08,20260127,20220701,ES,5601
46993970,0001,1,STUDIO ANE COSTA,02,20260612,20220701,BA,3909
46994717,0001,1,,02,20220701,20220701,SP,7107
46996521,0001,1,META FIT ACADEMIA,02,20220701,20220701,BA,3965
47007773,0001,1,ACADEMIA ANATOMY,08,20250826,20220704,RJ,5877
07594978,0497,2,,02,20220704,20220704,RN,1761
47036307,0001,1,BILLY TREINAMENTO FUNCIONAL E FITNESS,08,20250717,20220705,SP,7107
47037302,0001,1,,08,20250923,20220705,SP,6969
31988669,0003,2,ACADEMIA STAR III,08,20220920,20220706,SC,8175
13435498,0002,2,,08,20230725,20220706,MG,4751
47066407,0001,1,,02,20220707,20220707,ES,5699
47066637,0001,1,CHRONOS SAUDE CORPORAL,02,20220707,20220707,MG,4749
47070979,0001,1,PLANET ACADEMIA,02,20220707,20220707,SP,6377
47071751,0001,1,,08,20231025,20220707,SC,8105
47073695,0001,1,MONSTER FITNESS,02,20220708,20220708,MG,4341
47076002,0001,1,M FITNESS ACADEMIA,02,20220708,20220708,RJ,5815
47081665,0001,1,,02,20220708,20220708,MG,4865
47082876,0001,1,UNDER MOVE,02,20220708,20220708,SP,6511
47087966,0001,1,MONSTER ACADEMIA OLDSCHOOL,04,20240823,20220709,PI,1153
47094414,0001,1,TRAINER FIT,02,20220711,20220711,PE,2379
47130080,0001,1,,02,20220713,20220713,MG,4797
47130724,0001,1,STUDIO TOP 10,08,20221026,20220713,PB,2117
47133842,0001,1,MAXX FITNESS ESPORTES,02,20220713,20220713,CE,1389
47135951,0001,1,,02,20220713,20220713,SP,6213
47139202,0001,1,TROMANO TREINADORA,02,20220713,20220713,PR,7667
47159156,0001,1,SHAPE FIT ACADEMIA,08,20240618,20220714,CE,1389
47159825,0001,1,IRON GYN,02,20220714,20220714,PA,0571
47161855,0001,1,CF KAIROS FITNESS,02,20220715,20220715,RJ,5869
47163516,0001,1,ESPACO ELITE,08,20241206,20220715,RS,1016
47167449,0001,1,THREE LIONS,02,20220715,20220715,SC,8329
47181101,0001,1,DNT ATIVIDADES FISICAS,02,20220718,20220718,MG,5397
47185726,0001,1,,08,20240603,20220718,RJ,5877
47188817,0001,1,,02,20220718,20220718,MG,4387
47209569,0001,1,3F CENTRO DE TREINAMENTO,02,20220719,20220719,SP,6249
47209579,0001,1,X1 ACADEMIA,02,20220719,20220719,PI,0384
47212433,0001,1,SUMMER FITNESS,02,20220719,20220719,BA,3413
47216201,0001,1,,02,20220720,20220720,SP,6165
47217644,0001,1,ACADEMIA HIPERFORMANSE,02,20220720,20220720,PB,2057
47232048,0001,1,ACADEMIA IVAS FITNESS,02,20220721,20220721,CE,1389
47232778,0001,1,,08,20220916,20220721,PR,7825
41918071,0002,2,BLACK GYM- FITNESS STUDIO,02,20220121,20220121,MS,9073
47237713,0001,1,BF SAUDE NA AGUA,02,20220721,20220721,SC,8047
47241085,0001,1,,02,20220721,20220721,PR,7407
47241175,0001,1,ACADEMIA PRATIQUE FITNESS,02,20220721,20220721,SC,8045
47251511,0001,1,FERNANDA MAIA FISIOTERAPIA & PILATES,02,20220722,20220722,AL,2787
47254808,0001,1,DOYA FITNESS ACADEMIA,02,20220722,20220722,PI,1219
44861191,0001,1,VALHALLA,02,20220113,20220113,ES,5703
47278690,0001,1,MORAES,02,20220725,20220725,SP,6271
46494802,0001,1,BOX TRIUMPHUS,02,20220523,20220523,CE,1439
47122174,0001,1,,08,20240214,20220712,PR,7667
47311045,0001,1,FOX GYM FITNESS,02,20220727,20220727,PA,0591
47313348,0001,1,MBA PILATES,02,20220727,20220727,RS,8973
47315164,0001,1,D19 ACADEMIA,02,20220727,20220727,RS,8801
47315835,0001,1,R TRAINING STUDIO,02,20220727,20220727,RJ,5867
47318262,0001,1,CENTRO DE TREINAMENTO PERSONALIZADO NO LIMITE,02,20220727,20220727,MG,4371
47334456,0001,1,GO FITNESS,02,20220728,20220728,PR,7701
47341445,0001,1,COMPLEXO ESPORTIVO ISABELLA MAGALHAES,02,20220729,20220729,CE,1515
47342749,0001,1,,02,20220729,20220729,SC,8179
47343976,0001,1,CENTRAL ACADEMIA NOVA CORUMBA,02,20220729,20220729,MS,9063
47349654,0001,1,NUCLEO DE TREINAMENTO FISICO SILVA TELES,02,20220729,20220729,RJ,6001
47351973,0001,1,EFEITO FITNESS,02,20220729,20220729,PE,2357
47371691,0001,1,,02,20220801,20220801,MG,4123
47372166,0001,1,ELLAS ACADEMIA,02,20220801,20220801,SC,8163
47377524,0001,1,ACADEMIA TOP GYM I,08,20230818,20220802,AM,0255
47396237,0001,1,PHD SPORTS MENONITAS,02,20220803,20220803,PR,7535
47397287,0001,1,RENAN COSTA,02,20220803,20220803,MA,0921
47401787,0001,1,DEL_PERSONAL TRAINER,02,20220803,20220803,SP,6377
47411861,0001,1,CELINA SANTOS STUDIO PERSONAL,02,20220803,20220803,SP,7107
47416563,0001,1,STUDIO FITNESS PRYSCYLLA BARBOSA,02,20220804,20220804,CE,1447
47421539,0001,1,FIT PATOS STUDIO,02,20220804,20220804,MG,4959
43976936,0001,1,POWERFIT ACADEMIA,08,20251208,20211022,GO,9571
04328700,0005,2,,02,20220805,20220805,SP,6221
47442846,0001,1,ACADEMIA MUNDO FITNESS,02,20220805,20220805,PA,0433
47443644,0001,1,DESPERTAR PILATES E YOGA,02,20220805,20220805,MA,0921
44133543,0001,1,STUDIO MOBI,02,20211105,20211105,BA,3849
47462738,0001,1,ACADEMIA BODY TIME,02,20220808,20220808,MT,9035
45611748,0001,1,ACADEMIA ARTE AQUATICA,02,20220311,20220311,MG,4123
47480324,0001,1,CROSS EXPERIENCE CONTAGEM,02,20220809,20220809,MG,4371
47487162,0001,1,HENRIQUE SANTANA PERSONAL TRAINER,02,20220809,20220809,SP,7107
47488778,0001,1,CF BEE,02,20220809,20220809,SP,6831
47494365,0001,1,FOCUS FUNCIONAL,02,20220809,20220809,SP,6509
47502551,0001,1,ALAMANDAS COMERCIAL,02,20220810,20220810,SP,7107
47530843,0001,1,MOVE FIT,02,20220811,20220811,SC,8175
47532469,0001,1,STUDIO GAIA,08,20220919,20220811,MG,4217
47535531,0001,1,ACADAMIA R 10,02,20240917,20220811,PE,2423
47539539,0001,1,L CROSS,02,20220812,20220812,GO,9403
26401757,0002,2,CROSS CURICICA,04,20260528,20220812,RJ,6001
47557106,0001,1,AFIPE,02,20220813,20220813,SP,7075
47567546,0001,1,ACADEMIA R C FIT,02,20220815,20220815,AL,2705
47577452,0001,1,NOVA ERA STUDIO DE PILATES,02,20220815,20220815,SC,8047
47583649,0001,1,LOOP MUSCULACAO TERAPEUTICA,02,20220816,20220816,SC,8105
47584708,0001,1,STUDIO FITNESS BY KARINA JORGE,02,20220816,20220816,SP,6815
47586769,0001,1,STUDIO MARA CALVET,02,20220816,20220816,MA,0921
47595987,0001,1,ACADEMIA RH FITNESS,04,20240816,20220816,DF,9701
47597015,0001,1,URUZ FIT,02,20220816,20220816,PA,0567
47597135,0001,1,BIO + STUDIO,02,20220816,20220816,CE,1447
47603277,0001,1,FENIX FIT,02,20220817,20220817,CE,1385
47608622,0001,1,FANFIT ACADEMIA,02,20220817,20220817,AL,2865
47613774,0001,1,SAUDE EM SENNA,02,20220817,20220817,MG,5155
47620782,0001,1,BROTHERS FIT,02,20220818,20220818,RS,8901
47624867,0001,1,,02,20220818,20220818,SC,8105
47633238,0001,1,,02,20220818,20220818,SP,6377
47513772,0002,2,REVIGORE STUDIO II,08,20231127,20220819,MS,9051
47643557,0001,1,DOCTOR FIT,02,20220819,20220819,PR,7493
47657131,0001,1,V2 ACADEMIA,02,20220822,20220822,CE,0991
47658007,0001,1,,02,20220822,20220822,SP,6865
47669173,0001,1,ELITE CROSS TRAINNING,02,20220822,20220822,SP,6155
47682998,0001,1,ACADEMIA VENANCIO FITNESS,02,20220823,20220823,PI,1111
47684207,0001,1,CROSS LIFE PINDA,02,20220823,20220823,SP,6861
41346146,0002,2,GO CROSS,02,20220824,20220824,MG,4133
47697192,0001,1,,02,20220824,20220824,RJ,6001
47703208,0001,1,FISIOCLINICA PASSO A PASSO,02,20220824,20220824,PR,7917
47714984,0001,1,INTENSEFIT ACADEMIA,02,20220825,20220825,RN,1759
47726594,0001,1,FOCO FIT ACADEMIA,08,20250203,20220826,MG,4357
47731750,0001,1,,02,20220826,20220826,RJ,6001
47736042,0001,1,CROSS 883,02,20220826,20220826,MG,5403
47765012,0001,1,STUDIO PERSONAL EVOLUTION,02,20220830,20220830,PI,1199
47786929,0001,1,IRON SHAPE,02,20220831,20220831,PE,2539
47788893,0001,1,DIVERTIDAMENTE CIRCO UNIDADE JACAREI,02,20220831,20220831,SP,6589
47790385,0001,1,BOX 93,02,20220831,20220831,PI,1061
47800968,0001,1,FORCAFIT,02,20250507,20220901,MG,4473
47806860,0001,1,CAMILA RACHELLE PERSONAL TRAINING,02,20220901,20220901,RS,8637
47808060,0001,1,,02,20220901,20220901,SC,8047
47808178,0001,1,,02,20220901,20220901,PR,7751
47809465,0001,1,STOP CENTRO DE TREINAMENTO,02,20220901,20220901,RJ,5901
47819926,0001,1,"ACADEMIA SUPER LIFE ,SUA SAUDE EM PRIMEIRO LUGAR",08,20260219,20220902,PA,0415
19300535,0002,2,CIA DO CORPO,02,20220905,20220905,MG,0694
07594978,0501,2,,02,20220905,20220905,SP,7107
47521428,0001,1,MS TRAINING CENTRO DE TREINAMENTO E REABILITACAO FUNCIO,08,20241016,20220811,PB,2103
47852851,0001,1,TATIANA PEREIRA ALVES LTDA,02,20220906,20220906,SP,7107
47873547,0001,1,DOMINIO PILATES E FISIOTERAPIA,02,20220908,20220908,CE,1389
47874152,0001,1,CB PRIMEFIT,02,20220908,20220908,BA,3727
47880212,0001,1,DIVI CROSS,02,20220908,20220908,MG,4445
47894322,0001,1,STUDIO PILATES INSPIRACAO,02,20220909,20220909,PR,7927
47897059,0001,1,STEEL ACADEMIA,02,20220909,20220909,PI,1219
47898319,0001,1,G.T.A.F.,02,20220909,20220909,SP,6789
47909868,0001,1,ACADEMIA FORMA FITNESS,02,20220912,20220912,SE,2647
47910842,0001,1,SPACE FITNESS,02,20220912,20220912,MA,0803
47914169,0001,1,DS ACADEMIA,02,20250321,20220912,SP,6713
47917213,0001,1,FRANCO'S FITNESS,02,20241022,20220912,PR,7561
47924772,0001,1,STUDIO LEVY NETO,02,20220913,20220913,RJ,5849
24902076,0002,2,ANIMALE ACADEMIA,08,20251209,20220913,SC,8151
47935027,0001,1,,02,20220913,20220913,PR,7915
47937228,0001,1,STUDIO MOVIMENTO E BEM ESTAR,08,20250910,20220913,SC,0900
47959818,0001,1,TRIO CENTRO DE TREINAMENTO,02,20220915,20220915,SP,7135
47968307,0001,1,IN PERSONAL TRAINER,02,20220915,20220915,PA,0559
47969421,0001,1,JUNGLE FITNESS PREMIUM,02,20220915,20220915,SC,8045
47784151,0001,1,BULK FIT 5 ACADEMIA,02,20220831,20220831,MG,5403
46222409,0001,1,FAMILIA DA LUTA,04,20240820,20220502,SP,7107
47975152,0001,1,FITPRO ACADEMIA PERSONALIZADA E INTEGRADA,02,20220916,20220916,PR,7493
47978314,0001,1,STUDIO FITNESS RENATA PERES,02,20220916,20220916,AM,0269
47981976,0001,1,STUDIO VIDA ATIVA,02,20220916,20220916,MG,4069
48009162,0001,1,,02,20220920,20220920,SP,6969
48014968,0001,1,I. TREINO,02,20220920,20220920,ES,5699
24339925,0003,2,,02,20220920,20220920,PR,7535
48018901,0001,1,,02,20220920,20220920,SP,7107
48026222,0001,1,,02,20220921,20220921,ES,5601
48028960,0001,1,ACADEMIA GOODLIFE,02,20220921,20220921,CE,1385
48030397,0001,1,PRIME CT PERSONALIZADO,02,20220921,20220921,PE,2313
48030445,0001,1,ARENA PREMIUM GOLDEN,02,20220921,20220921,MA,0921
48043941,0001,1,DAIANE LIMA PERSONAL TRAINER,02,20220922,20220922,SP,6789
48045465,0001,1,DM FIT,02,20220922,20220922,CE,1411
28195090,0003,2,,02,20220922,20220922,GO,9227
48051564,0001,1,RAFAEL ROCHA TREINAMENTO FISICO,08,20230523,20220922,SC,8105
48055630,0001,1,A.R SAUDE E BEM ESTAR,08,20231204,20220922,SP,7107
37263268,0002,2,ACADEMIA BRUTAMONSTRO,08,20250811,20220923,CE,1341
48065662,0001,1,ONE FIT ACADEMIA,02,20220923,20220923,CE,1389
47893890,0001,1,KINGS MMA BRASILIA,08,20250826,20220909,DF,9701
48093406,0001,1,STUDIO FEMININO ELINEI,02,20220926,20220926,MT,9059
48093670,0001,1,,02,20220927,20220927,MG,5413
21050040,0011,2,LENON FIT,04,20260605,20220927,SP,6477
48097445,0001,1,BOX SP FITNESS,02,20220927,20220927,MG,5385
17247100,0002,2,,02,20220927,20220927,SP,6137
48105476,0001,1,VIANA SERVICOS,02,20220927,20220927,RJ,5865
48116310,0001,1,K - ACADEMIA,02,20220928,20220928,PA,0447
45364078,0001,1,IRON BACK,02,20220219,20220219,MG,5047
48123403,0001,1,IRON WOLF,02,20220928,20220928,PA,0395
48126628,0001,1,STUDIO FLUIR FISIOTERAPIA E PILATES,02,20220929,20220929,RJ,5849
48126929,0001,1,B K FITNESS,08,20250924,20220929,CE,1585
48131278,0001,1,,02,20220929,20220929,RJ,6001
48137565,0001,1,,02,20220929,20220929,MG,5027
48146284,0001,1,ACADEMIA SPARTA,04,20260608,20220930,BA,3459
48150416,0001,1,R9 TREINAMENTO FUNCIONAL,02,20220930,20220930,RS,8899
48163870,0001,1,TREINART,08,20250919,20221003,CE,1455
48172196,0001,1,EQUILIBRIO ESPACO TERAPEUTICO E ESTETICA,02,20221003,20221003,MG,4529
48173844,0001,1,SKYFIT ACADEMIA UNIDADE RIO DE JANEIRO,02,20221004,20221004,RJ,6001
48181631,0001,1,LAGOART ACADEMIA,02,20221004,20221004,RJ,5897
48183611,0001,1,RHUAN PERSONAL,02,20221004,20221004,GO,9625
48184249,0001,1,TOP FIT FUNCIONAL,02,20221004,20221004,CE,1411
48188520,0001,1,STUDIO FITNESS ACADEMIA,02,20221005,20221005,AL,2875
13396172,0009,2,,02,20221005,20221005,RS,8839
48194295,0001,1,ACADEMIA BOA FORMA,02,20221005,20221005,GO,9407
48204017,0001,1,IRON ONE TRAINING CENTER,02,20221006,20221006,SC,8053
48208368,0001,1,ARENA FITNESS,08,20240514,20221006,PA,0591
48208776,0001,1,CHAMPION SPORTS ACADEMIA,08,20230811,20221006,MG,5403
48216229,0001,1,,02,20221006,20221006,MG,4133
48222544,0001,1,FIT TRAINING ACADEMIA,08,20230626,20221007,RJ,5903
24921465,0063,2,,02,20221007,20221007,SP,7057
48229401,0001,1,PRIME FITNESS ACADEMIA,02,20221007,20221007,PE,2415
48231524,0001,1,ACADEMIA MOVIMENTO,02,20221008,20221008,SE,3103
48252497,0001,1,ARENA SOLFIT ACADEMIAS,02,20221011,20221011,BA,3653
48261567,0001,1,EVOLVE,02,20221011,20221011,DF,9701
48282332,0001,1,FIT HOUSE,02,20221014,20221014,SP,3067
48296153,0001,1,IFITNESS,02,20221015,20221015,PI,1165
48300813,0001,1,CINTIA MOTTA - DOJO E FITNESS,02,20221016,20221016,DF,9701
48308163,0001,1,,02,20221017,20221017,MG,5091
31810656,0002,2,EVOLUTION BIKE,08,20240911,20221018,SP,6291
23566434,0005,2,,02,20221019,20221019,SC,8183
48346657,0001,1,NUME PILATES,02,20221019,20221019,SP,6291
48352472,0001,1,Z3 GYM,08,20230420,20221020,CE,1389
48354664,0001,1,HOPE FIT STUDIO,08,20240109,20221020,GO,9595
48359725,0001,1,ACADEMIA FIT PARK,02,20221020,20221020,MG,5403
48361910,0001,1,NEW LIFE ACADEMIA A&C,02,20221020,20221020,SC,8055
48362045,0001,1,C.T. PILAR DO SUL,02,20221020,20221020,SP,6859
48370903,0001,1,GREENFIT ACADEMIA,02,20221021,20221021,PI,1219
48375772,0001,1,JJ ACADEMIA,02,20221021,20221021,PA,0445
48376261,0001,1,ATLETICA ACADEMIA DE MUSCULACAO,02,20250225,20221021,GO,9425
48397066,0001,1,NOW ASSESSORIA FITNESS,08,20240223,20221025,SP,6689
48231524,0002,2,ACADEMIA BELLA FITNSS,08,20250206,20221026,SE,3131
48415787,0001,1,GAIA CENTRO DE TREINAMENTO,08,20260413,20221026,RS,8801
48424868,0001,1,ACADEMIA CORPO & IMAGEM,02,20221026,20221026,PA,0427
48433226,0001,1,PB HALL ONE ACADEMIA DE GINASTICA,02,20221027,20221027,SP,7107
48434433,0001,1,3B CROSSTRAINING,02,20221027,20221027,AC,0107
48443736,0001,1,,02,20221028,20221028,SC,8333
48445256,0001,1,UAL LABORAL,02,20221028,20221028,SP,6595
48450102,0001,1,,02,20221028,20221028,PE,2531
48460225,0001,1,,02,20221031,20221031,SP,6291
48464976,0001,1,ACADEMIA DO JUIZ,02,20221031,20221031,SP,7107
48467598,0001,1,CT IMPERIO FITNESS,02,20221031,20221031,RS,8963
45916984,0001,1,KINGDOM SOLUTIONS,08,20221103,20220405,MG,5403
48469157,0001,1,TOP 4 FITNESS,02,20221031,20221031,RJ,6001
46072429,0001,1,,02,20220419,20220419,MG,4123
48481996,0001,1,STUDIO 47 PILATES,02,20221101,20221101,CE,1515
48496399,0001,1,,02,20221103,20221103,SP,6929
48502178,0001,1,ACADEMIA GAM FITNESS,02,20221103,20221103,MA,0961
22570491,0002,2,ARENA BEACH HOUSE,08,20251002,20221104,SC,8183
48508895,0001,1,PROFIT SANTANA DO LIVRAMENTO,02,20221104,20221104,RS,8845
48514419,0001,1,TERRA DA ALEGRIA,02,20221104,20221104,SP,7107
47365190,0002,2,ACADEMIA CIA DO CORPO SAO GONCALO,08,20240509,20221104,PE,2521
34352982,0002,2,TS ESTUDIO UNIDADE 2,08,20240821,20221104,SP,6589
36999010,0002,2,E-500 CENTRO DE TREINAMENTO,08,20260226,20221107,SP,6241
48533709,0001,1,RFM SPORTS,02,20221107,20221107,SP,7107
48547704,0001,1,TOA ESPORTES,08,20231108,20221108,PB,2051
48551656,0001,1,,02,20221108,20221108,SP,6249
48558722,0001,1,FALCAO PERSONAL,02,20221109,20221109,PB,1937
48559636,0001,1,SPARTA FIT,04,20240819,20221109,MG,4521
48562092,0001,1,AS ACADEMIA,02,20241001,20221109,BA,3661
48564834,0001,1,B S ACADEMIA,08,20240205,20221109,SP,6563
48565809,0001,1,STUDIO PRIME JP,02,20221109,20221109,SC,8379
48567647,0001,1,CENTRO DE TREINAMENTO DOIS CORREGOS,02,20221109,20221109,SP,6383
48577328,0001,1,ACADEMIA PRIME FIT,02,20221110,20221110,TO,9685
48586339,0001,1,DAYANA LEITE PERSONAL TRAINER,08,20240515,20221110,SC,8233
48588497,0001,1,QUALITY COACH,02,20221111,20221111,SP,7107
48588901,0001,1,BETTER LIFE ACADEMIA,02,20221111,20221111,GO,9375
48591284,0001,1,,02,20221111,20221111,SP,6619
48595406,0001,1,STUDIO METTA FITNESS SANDRO NASCIMENTO,02,20221111,20221111,RJ,5849
48609681,0001,1,STUDIO GYM JACKELINE PANCERI,08,20221221,20221114,SC,8031
48626359,0001,1,ESTUDIO PILATES,08,20230109,20221116,RS,8771
48627789,0001,1,LTFITNES,08,20230124,20221116,CE,1389
48633837,0001,1,,02,20221117,20221117,RS,8781
44987092,0001,1,,02,20220124,20220124,MG,4133
48639390,0001,1,GYM FENIX,02,20221117,20221117,PE,2397
48641093,0001,1,MA PERSONAL TRAINER,02,20221117,20221117,SP,6789
48642676,0001,1,JEAN LUCAS SPORTS,08,20250904,20221117,MS,9051
48651741,0001,1,CROSS EXPERIENCE DOM PEDRITO,02,20221118,20221118,RS,8629
48654357,0001,1,,02,20221118,20221118,SP,6191
48669086,0001,1,,02,20221121,20221121,PR,7535
48695920,0001,1,JULIANA CARVALHO ESPACO FITNESS,08,20230323,20221122,SE,3105
48697517,0001,1,STUDIO PERSONA FITNESS,02,20221123,20221123,MG,5235
48706413,0001,1,,02,20241008,20221123,PR,7535
48714784,0001,1,,02,20221124,20221124,SC,8229
48717950,0001,1,,02,20221124,20221124,SP,6373
48724105,0001,1,LIDIANY CARVALHO STUDIO PERSONAL,02,20221125,20221125,AL,2825
48726166,0001,1,CENTRO INTEGRADO DE TREINAMENTO E REABILITACAO,08,20230425,20221125,RJ,5801
48726743,0001,1,FORMA ACADEMIA,02,20221125,20221125,AL,2705
48728192,0001,1,,08,20250320,20221125,MT,9193
48745760,0001,1,LIVING PILATES E TERAPIAS INTEGRADAS,02,20221128,20221128,SP,6291
48762545,0001,1,GR ACADEMIA,02,20221130,20221130,PB,1965
48763491,0001,1,VILLA ESPORTES,02,20221130,20221130,SP,7107
48768459,0001,1,CHARRUA BARBEL & FITNES - NITEROI,02,20221130,20221130,RS,8589
48771958,0001,1,ON MOTION CENTRO DE TREINAMENTO E SAUDE,08,20231120,20221130,BA,3849
48778759,0001,1,IRON BEACH FITNESS,02,20221201,20221201,SP,6921
45643774,0002,2,,02,20221201,20221201,SC,8175
48785465,0001,1,,02,20221201,20221201,SP,6789
43949462,0001,1,GARAGECROSS,08,20250722,20211020,PE,2323
48786862,0001,1,,02,20221201,20221201,SP,7243
48803865,0001,1,ACADEMIA CORPO EM MOVIMENTO,02,20221205,20221205,PB,1993
48805497,0001,1,13:5 STUDIO,08,20251217,20221205,SC,8143
07571520,0003,2,NV GYM,08,20240819,20221206,AP,0605
48813146,0001,1,TERRITORIO FITNESS,02,20221206,20221206,ES,5675
48820912,0001,1,CHAPADA CENTRO DE FUNCTIONAL FITNESS,08,20240223,20221206,GO,9211
40698099,0002,2,ACADEMIA ONLINE,02,20221207,20221207,PR,7535
48826427,0001,1,Z3 TRAINING METODOLOGIA FLAVIO ANDRADE,02,20221207,20221207,SC,8105
48829450,0001,1,SPACE FITNESS,02,20221207,20221207,MA,0803
48833119,0001,1,,02,20221207,20221207,PR,7565
48845302,0001,1,D T ESTUDIO FEMININO,02,20221208,20221208,RJ,2921
48851024,0001,1,SUPREME GYM,02,20221209,20221209,BA,3515
48853039,0001,1,DPJ CONSULTORIA ESPORTIVA,02,20221209,20221209,SP,7079
48858473,0001,1,FIT APP,02,20221212,20221212,GO,9595
48860069,0001,1,ACADEMIA GRID,02,20221212,20221212,SC,8179
48871169,0001,1,FISIOFIT RIO GRANDE,02,20221213,20221213,PI,1179
48881910,0001,1,C4 ACADEMIA,02,20221213,20221213,SP,6581
47426921,0001,1,LIFEFIT ACADEMIA,08,20241002,20220804,SE,3213
48894458,0001,1,AA ESPACO FITNESS,02,20221214,20221214,SE,3105
21102316,0003,2,MR MOVE,02,20221215,20221215,MG,4625
48897874,0001,1,HOPE CROSS TRAINING,02,20221215,20221215,PB,2021
48902674,0001,1,EZ CALISTENIA APLICADA,02,20221215,20221215,PR,7535
48908947,0001,1,FORMA CERTA FITNESS,08,20260126,20221216,PE,2381
48910157,0001,1,CF1050,04,20240822,20221216,RN,1761
48911018,0001,1,STYLLUS FITNESS,02,20240910,20221216,BA,3599
46971181,0002,2,,08,20240228,20221216,CE,1345
48912041,0001,1,ACADEMIA HULK MONSTER GYM,08,20250131,20221216,RS,8493
48913731,0001,1,SKYFIT UNIDADE TREMEMBE,02,20221216,20221216,SP,7107
48921723,0001,1,WGYM,02,20221219,20221219,PE,2491
48923297,0001,1,ACADEMIA FITNESS MBCH,02,20221219,20221219,CE,1373
48924730,0001,1,,02,20221219,20221219,RS,8815
48925128,0001,1,STUDIO FIRE,02,20221219,20221219,SP,6619
48929173,0001,1,,02,20221219,20221219,PR,7535
48929952,0001,1,RENOVE,02,20221219,20221219,MG,5403
48933806,0001,1,W. CT ACADEMIA E EVENTOS ESPORTIVOS,08,20240821,20221220,PR,7689
48933937,0001,1,TROPA DE FERRO,02,20221220,20221220,RR,0034
37967078,0002,2,,02,20221220,20221220,CE,1493
48934900,0001,1,CF 1530,02,20221220,20221220,PR,7777
44941510,0001,1,NEW HERA,08,20230511,20220120,RS,8507
47215661,0002,2,,02,20221220,20221220,SC,5749
48942094,0001,1,KELY REIS STUDIO DE PILATES,02,20221220,20221220,SP,7107
48945598,0001,1,,08,20230718,20221221,PR,7401
48949180,0001,1,,02,20221221,20221221,SP,6177
48957194,0001,1,IRON HOUSE,02,20221222,20221222,CE,1389
48958548,0001,1,HARPIA CROSS TRAINING,08,20240808,20221222,CE,1389
48959469,0001,1,MAXFORMA PRIME ACADEMIAS,02,20221222,20221222,CE,1247
48965390,0001,1,ACADEMIA TOP FIT,02,20221223,20221223,PI,1183
48966080,0001,1,MARA LIMA STUDIO DE PLILATES,02,20221223,20221223,GO,9571
47234909,0002,2,,02,20221223,20221223,SP,7107
48967122,0001,1,FOCO FUNCIONAL TRAINING,02,20221223,20221223,MG,4111
48967164,0001,1,BOMBA CROSS TRAINING,02,20221223,20221223,MS,9073
45793279,0001,1,GYM THAFF,02,20220325,20220325,MA,0903
48970409,0001,1,COELHOS GYM,02,20221223,20221223,PB,2169
48981644,0001,1,,02,20221227,20221227,SP,7107
48982095,0001,1,,02,20221227,20221227,RJ,6001
48985538,0001,1,FIT MAY,02,20221227,20221227,DF,9701
48992284,0001,1,CENTRO DE TREINAMENTO F SANTOS,02,20221228,20221228,PE,2627
48993082,0001,1,ACADEMIA ZERO UM FIT,02,20221228,20221228,SE,3195
48999360,0001,1,SAMANTHA ANTUNES TREINAMENTO FISICO,02,20221229,20221229,RS,8801
49001732,0001,1,FS21 TREINO FISICO FUNCIONAL,02,20221229,20221229,SP,6131
49002284,0001,1,ATP FITNESS & WELLNESS,02,20221229,20221229,AL,2785
49007224,0001,1,BIO HEALTH,02,20221229,20221229,PE,2491
49014957,0001,1,PERFORMANCE FITNESS,02,20230102,20230102,MA,0933
49023578,0001,1,RES ASSESSORIA ESPORTIVA,02,20230102,20230102,MG,4123
49036735,0001,1,LIVING FOR CROSS,02,20230103,20230103,PE,2491
49052473,0001,1,CROSS EXPERIENCE,02,20230104,20230104,BA,3965
49070860,0001,1,SELFIT,02,20230105,20230105,AL,2705
49074910,0001,1,MOVIMENTACAO- AVALIACOES BIOMECANICAS LTDA,02,20230105,20230105,RS,8801
49075497,0001,1,CENTRO DE TREINAMENTO COLISEUM,08,20260215,20230105,BA,3597
49075780,0001,1,ACADEMIA GAVIOES,02,20230105,20230105,SP,7107
49080725,0001,1,,02,20230106,20230106,SP,6291
49080851,0001,1,,02,20230106,20230106,SP,7079
49081905,0001,1,ACADEMIA ESPACO SAUDE FEMMINI,02,20230106,20230106,PR,7563
49087289,0001,1,,02,20230106,20230106,RJ,5865
49095301,0001,1,STUDIO DE TREINAMENTO MONICA FERRAO,02,20230107,20230107,ES,5699
49101296,0001,1,BRONCOS CROSS TRAINING,08,20250131,20230109,MA,0921
47345813,0001,1,ESPACO BEM ESTAR,02,20220729,20220729,SP,7107
49121941,0001,1,ACADEMIA MUTANTE GYM,02,20230110,20230110,SP,6713
49130949,0001,1,ACADEMIA FORCA E VIDA,02,20230110,20230110,MT,8993
49140539,0001,1,JN TREINAMENTOS,02,20230111,20230111,SC,8105
20659690,0002,2,CROSSTPF,02,20231115,20230111,CE,1583
39857203,0002,2,ACADEMIA FIC FIT,08,20231219,20230111,MG,5035
49149919,0001,1,,02,20230111,20230111,MG,5275
49155959,0001,1,POWER FIT,02,20230112,20230112,MG,5313
49164313,0001,1,GUILHERME GALELLI PERSONAL STUDIO,02,20230112,20230112,RS,8903
49166714,0001,1,EVOLUEFIT,02,20230112,20230112,CE,1363
49171857,0001,1,CT FITNESS ACADEMIA,02,20230113,20230113,MG,4317
49173241,0001,1,CLASSIC CT,02,20230113,20230113,AM,0255
49175257,0001,1,BODYRIT,02,20230113,20230113,PR,9983
49177735,0001,1,IRONFIT ACADEMIA,08,20240320,20230113,MG,4903
49187002,0001,1,PERFORMANCE ACADEMIA,02,20230114,20230114,MA,0961
48867152,0001,1,OPTA PILATES,02,20221212,20221212,PR,7667
49193968,0001,1,MARI FISIO STUDIO,02,20230116,20230116,AP,0605
49198801,0001,1,,02,20230116,20230116,MT,9871
49211463,0001,1,ACADEMIA ORION GYM,02,20230117,20230117,MG,5203
49212890,0001,1,DRA GABILLY PLATNER,04,20260609,20230117,PR,7501
49218547,0001,1,"ESPACO BEM ESTAR - FISIOTERAPIA, REABILITACAO E TREINO",02,20230117,20230117,PR,7493
49232609,0001,1,LOADING ACADEMIA,08,20241227,20230118,RJ,5877
49236852,0001,1,ACADEMIA FORCE E FITNESS,02,20230118,20230118,AL,2705
49237430,0001,1,ANA SIERRA CONSULTORIA EM CARDIO CLINICA MED ESPORTIVA,02,20230118,20230118,SP,7107
49247094,0001,1,IMPERIO LAFIT,02,20230119,20230119,MG,4157
49247189,0001,1,INTENSITY,08,20260224,20230119,MG,4123
49253314,0001,1,ACQUA SAN PELEGRINO,02,20230119,20230119,RS,8599
49258246,0001,1,ESPACO PILATES FERNANDA MELLO,02,20230119,20230119,SP,6935
49263646,0001,1,,02,20230119,20230119,SC,0922
49275130,0001,1,ACADEMIA FENIX,02,20230120,20230120,PE,2435
49286668,0001,1,PERFORMANCE,02,20230123,20230123,RS,8427
49303386,0001,1,MP FIT,02,20230123,20230123,PE,2357
49308345,0001,1,ESPACO FUNCIONAL LOUISE SALES,02,20230124,20230124,SE,3105
49311858,0001,1,MAXIMUS CT,08,20230613,20230124,PR,5497
49314409,0001,1,,02,20230124,20230124,MG,4445
49314688,0001,1,MIND FIT,02,20230124,20230124,SP,7107
49315415,0001,1,STUDIO CONTROLE CORPO E MENTE,02,20230124,20230124,SP,6179
49328390,0001,1,VIVI GLEICE,02,20230125,20230125,SP,6425
49071646,0001,1,D W FIT ACADEMIA,02,20230105,20230105,RN,1765
49345454,0001,1,,02,20230126,20230126,PR,7425
49351627,0001,1,ACADEMIA PROFORMA,02,20230126,20230126,CE,1347
49355008,0001,1,HEALTHE & LIFE ON THE GO,02,20230126,20230126,SP,7107
49356255,0001,1,CENTRO DE TREINAMENTO MARA BITTENCOURT,02,20230126,20230126,BA,3965
49357466,0001,1,MAXX EFFORT ACADEMIA,02,20230127,20230127,PR,7635
36603294,0002,2,,02,20230127,20230127,SP,6921
45915673,0001,1,KT FITNESS,08,20240828,20220405,SP,7107
49380160,0001,1,SC STUDIO FITNESS,02,20230130,20230130,MG,5013
49382613,0001,1,WOLFITNESS ACADEMIA,02,20230130,20230130,MG,4779
40169325,0002,2,ACADEMIA WM FITNES,04,20260608,20230130,AM,9835
49383948,0001,1,S2 TREINOS PERSONALIZADOS,02,20230130,20230130,SP,7135
49388995,0001,1,ESPACO VITALLE,02,20230130,20230130,RJ,5801
49389903,0001,1,COLISEU OLD GYM,02,20230130,20230130,RS,8717
49391489,0001,1,ACADEMIA PRIME GYM,02,20230130,20230130,RS,8771
13396172,0012,2,,02,20230131,20230131,SC,8177
49412081,0001,1,GRV-3 FITNESS ACADEMIA,02,20230131,20230131,SP,6361
33834741,0008,2,ACADEMIA USINA TREND,08,20240625,20230201,PR,7583
49421871,0001,1,SELETTUS CENTRO DE TREINAMENTO,02,20230201,20230201,SC,8143
49430825,0001,1,STUDIO PERSONAL BODY SPACE,02,20230201,20230201,PA,0427
49436400,0001,1,MUNDO ACQUA E FITNESS,02,20230202,20230202,SP,7145
49444509,0001,1,J.U ALVES STUDIO,02,20230202,20230202,RJ,5849
49447318,0001,1,DYNAMIC FITNESS ACADEMIA,02,20230202,20230202,PA,0427
49466398,0001,1,STUDIO FELIPE FREITAS ARAUJO,08,20230816,20230203,RS,8637
49478727,0001,1,,02,20230206,20230206,MG,4123
49482800,0001,1,BOX AMRAP,08,20240625,20230206,AM,0255
49491548,0001,1,ESPACO FRAN BECKER,08,20260214,20230206,PR,7745
49496514,0001,1,ESTACAO FITNES,08,20251229,20230207,MG,4865
49497942,0001,1,GAROTA FITNESS,02,20230207,20230207,SC,8291
49501678,0001,1,,02,20230207,20230207,RJ,5925
49519771,0001,1,ACADEMIA ROBERTA CANEDO,02,20230208,20230208,RJ,6005
49524575,0001,1,FORTY FOUR FIT,02,20230208,20230208,SP,7143
49528911,0001,1,,02,20230208,20230208,SC,8137
49531322,0001,1,TEAMHOLANDA,02,20230209,20230209,SP,7107
49534067,0001,1,OLIMPICROSS POWERED BY 94 - PIRITUBA,02,20230209,20230209,SP,7107
44985395,0001,1,CROSS LIFE BELA VISTA,02,20220124,20220124,SC,8081
49536783,0001,1,IRON FIT,08,20240402,20230209,SP,6181
49550682,0001,1,DIAMOND HEALTH,02,20230210,20230210,MG,4371
49576070,0001,1,PANOBIANCO ACADEMIA - UNIDADE SANTA MENA,02,20230213,20230213,SP,6477
48960558,0001,1,HAMMER MARINGA,02,20221222,20221222,PR,7691
49587995,0001,1,ESPACO FITNESS ACADEMIA,02,20230214,20230214,MA,0793
49588325,0001,1,VIMEK GYM,02,20230213,20230213,AL,0971
49601382,0001,1,BRITO CONDICIONAMENTO FISICO,02,20230214,20230214,SP,6401
49601458,0001,1,CORPO EM MOVIMENTO,02,20230214,20230214,SP,6295
49601680,0001,1,FABIANA SANTORO ATIVIDADE FISICA E BEM-ESTAR,02,20230214,20230214,SP,7107
49607331,0001,1,LAIS DRACENA PERSONAL,02,20230215,20230215,MS,9165
49615569,0001,1,TERRITORIO FIT,04,20260612,20230215,MG,5155
49620406,0001,1,EXCALIBUR CROSS TRAINING,02,20230215,20230215,PA,0397
49625154,0001,1,POWER MT,02,20230216,20230216,RS,8687
49633567,0001,1,SKY FIT - VASCO DA GAMA,02,20230216,20230216,BA,3849
20465075,0002,2,ACADEMIAS GREENLIFE EUSEBIO,08,20230810,20230217,CE,1247
49649145,0001,1,MONSTER ACADEMY,02,20230217,20230217,SP,7101
49658580,0001,1,BRAVA GYM,02,20230220,20230220,RS,8801
49672062,0001,1,ARENA FOCUS MAC,02,20230222,20230222,CE,1331
49679849,0001,1,IRON FORCE GYM,02,20230223,20230223,AM,0255
49685113,0001,1,CT RODRIGO ET,02,20230223,20230223,RJ,6001
49685659,0001,1,,02,20230223,20230223,SP,6929
49687984,0001,1,CENTRO DE TREINAMENTO MARIO CARVALHO LTDA,02,20230223,20230223,MG,4815
49691343,0001,1,ESPACO SALUS,02,20230223,20230223,SP,7107
49696759,0001,1,STUDIO WLOPES,02,20230224,20230224,MT,9059
49697128,0001,1,TEAMSOL ACADEMIA,02,20230224,20230224,TO,9521
49698849,0001,1,,02,20230224,20230224,MG,4359
49699055,0001,1,MAIS FIT,08,20260320,20230224,CE,1521
48882558,0001,1,CT GLADIADOR,02,20221213,20221213,ES,5625
49707476,0001,1,TREINO COM CORTEZ,08,20231003,20230224,DF,9701
49707966,0001,1,PRAXI'S YOGA,02,20230224,20230224,PR,7535
48984722,0001,1,,02,20221227,20221227,SP,7121
49720369,0001,1,ED_TRAINNER,02,20230227,20230227,SP,7107
49720489,0001,1,STUDIO JULIANO PEREIRA PERSONAL TRAINER,02,20230227,20230227,MG,5385
49723494,0001,1,ACADEMIA GYN XPLOUD,08,20251031,20230227,AL,2845
49724457,0001,1,TREINADOR GUIGA,02,20230227,20230227,SP,6477
49725479,0001,1,STUDIO INSPIRAR PILATES E FISIOTERAPIA,02,20230227,20230227,SP,6397
49725520,0001,1,VIDA ATIVA ACADEMIA,02,20230227,20230227,RS,6077
49729804,0001,1,ONE FIT ACADEMIA,02,20230227,20230227,SP,6551
49730758,0001,1,CTM F F,08,20260211,20230227,DF,9701
49731272,0001,1,,02,20230227,20230227,SP,7107
49732735,0001,1,,02,20230227,20230227,SC,8129
49735167,0001,1,,02,20230227,20230227,MG,4553
49750118,0001,1,DIAMONDS GYM,02,20230228,20230228,MG,5403
49369972,0001,1,BEAR BOX,02,20230127,20230127,SP,7099
49762682,0001,1,AQUILA NATACAO E HIDROGINASTICA,02,20230301,20230301,RS,8801
49767948,0001,1,STUDIO INTENSIVE CONSTRUINDO RESULTADOS,02,20230301,20230301,PA,0427
49781050,0001,1,ACADEMIA BOA FORMA,02,20230302,20230302,GO,9413
49781543,0001,1,PROTREINO,02,20230302,20230302,AL,2877
49792428,0001,1,POWER FITNESS,02,20230303,20230303,SE,3157
49795391,0001,1,NS ACQUA FIT,02,20230303,20230303,MG,4641
49799862,0001,1,,02,20230303,20230303,SC,8039
49799983,0001,1,POWERFIT ACADEMIA LTDA,02,20230303,20230303,PA,0483
49804483,0001,1,,08,20250128,20230303,SP,6969
49650227,0001,1,ACADEMIA PIRAMIDES,08,20230321,20230217,SP,7107
49311176,0001,1,ESPACO ESTAR DE BEM,02,20230124,20230124,PB,1981
49826984,0001,1,ACADEMIA BOA FORMA,02,20230306,20230306,MS,9113
49834398,0001,1,LION FITNESS ACADEMIA,08,20260529,20230307,TO,0072
49836272,0001,1,ARENA CENTERFIT,02,20230307,20230307,PB,2187
49842853,0001,1,ACADEMIA TELES FITNESS,02,20230307,20230307,MG,5371
49847555,0001,1,STORM X CT,02,20230308,20230308,BA,3685
35521826,0002,2,ACADEMIA ARENA FITNESS PARIS,02,20230308,20230308,BA,3777
49856258,0001,1,STUDIO DE PILATES E FISIOTERAPIA FERNANDA ARAUJO,02,20230308,20230308,SP,6477
30351898,0002,2,ACADEMIA LIFE FITNESS,02,20230309,20230309,SC,8319
49865039,0001,1,,02,20230309,20230309,SP,6291
49865308,0001,1,FIT HOUSE ACADEMIA,02,20230309,20230309,SP,2951
49866201,0001,1,ACADEMIA LIFE FITNESS RIO BRANCO,08,20240304,20230309,PR,0880
34006667,0002,2,TOP FITNESS,02,20230309,20230309,CE,1385
07594978,0524,2,,08,20230719,20230309,MG,4123
49869269,0001,1,EVOLUTIONFIT,02,20230309,20230309,MG,5403
49871423,0001,1,CENTRO DE TREINAMENTO FPI,02,20230309,20230309,MG,0688
49874820,0001,1,PERFORMA ACADEMIA,08,20260203,20230309,SP,6579
49886430,0001,1,ACADEMIA ARTE LIVRE LEME,02,20230310,20230310,SP,6635
49887817,0001,1,STUDIO CH,02,20230310,20230310,PE,2357
49904245,0001,1,,02,20230312,20230312,MG,5191
49913804,0001,1,LIDIA CARDAMONI PRATICAS GINASTICAS,02,20230313,20230313,SP,7183
49923575,0001,1,STUDIO ARNALDO JUNIOR,02,20230314,20230314,MG,4959
49924002,0001,1,VIRTU STUDIO,02,20230314,20230314,RS,8561
49932237,0001,1,FITNESS PLUSS LTDA,02,20230314,20230314,PR,7477
49950100,0001,1,PARADOX,02,20230315,20230315,RS,8927
49950268,0001,1,ULTIMAFORMA FITNESS,02,20230315,20230315,RJ,5839
49953775,0001,1,ACADEMIA BOA FORMA LIFESTYLE AND FITNESS,08,20241109,20230315,AM,0255
49961225,0001,1,JV TREINAMENTO FISICO,02,20230316,20230316,PB,2051
49961878,0001,1,ESPACO FITNESS ACADEMIA,02,20230316,20230316,SP,6715
36411620,0002,2,,08,20240118,20230316,PB,2067
12084152,0005,2,HELLEN MADEIRA FITNESS,08,20230317,20220524,ES,5703
49974756,0001,1,,08,20260305,20230317,SP,7069
40989898,0002,2,G. POWER,08,20260316,20230317,PR,7559
49977799,0001,1,JT FITNESS ACADEMIA,02,20230317,20230317,CE,1463
49979170,0001,1,GYM GINASTICAS,02,20230317,20230317,SP,7183
49980019,0001,1,ACADEMIA CORPO EM FORMA FG,02,20230317,20230317,MG,5149
49996223,0001,1,MOLINA STUDIO PERSONAL COQUEIRAL,02,20230320,20230320,ES,5611
49997742,0001,1,XGYM,02,20230320,20230320,BA,3827
50000723,0001,1,BOX 52,04,20260521,20230320,CE,1585
50016084,0001,1,SPARTAN FIT SZL,02,20230321,20230321,PA,0555
50016962,0001,1,,02,20230321,20230321,CE,1389
50026755,0001,1,,02,20230322,20230322,PR,5453
50027128,0001,1,,02,20230322,20230322,RS,8915
50034965,0001,1,EVOLUTION PRO ACADEMIA,02,20230322,20230322,RS,8805
50037317,0001,1,,02,20230322,20230322,SC,8175
50040073,0001,1,FORMFIT ACADEMIA,02,20230322,20230322,SP,6831
50042854,0001,1,GH BODY ACADEMIA PRIME,08,20240324,20230322,PB,2051
50046327,0001,1,X FIT MAIS ACADEMIA,02,20230323,20230323,RS,8901
50047165,0001,1,VR FITNESS ACADEMIA,02,20230323,20230323,PE,2323
50056425,0001,1,BARRACAO INSANO GARAGEM TRAINING,02,20230323,20230323,SP,7265
50060777,0001,1,STUDIO MARIANA AZEVEDO,02,20230323,20230323,BA,3533
50061499,0001,1,CENTRO DE TREINAMENTO FLAVIO SOUZA,02,20230323,20230323,BA,3777
50064271,0001,1,FOCUS ACADEMIA,02,20230324,20230324,MG,5035
50066557,0001,1,STUDIO VIVER + PILATES,02,20230324,20230324,SP,7107
24395830,0009,2,FORCE ONE ACADEMIA,02,20230324,20230324,PR,7691
50069146,0001,1,,02,20230324,20230324,MG,4673
50070220,0001,1,MM FUNCIONAL,02,20230324,20230324,SP,6653
50073506,0001,1,BJ FITNESS,02,20230324,20230324,PE,2333
50079689,0001,1,GFIT MODA FITNESS & SUPLEMENTOS,02,20230325,20230325,PI,1045
50089575,0001,1,,08,20260310,20230327,SP,7107
50090069,0001,1,,02,20230327,20230327,SP,7181
46737087,0001,1,FOUR FIT CROSS,02,20220610,20220610,PA,0427
50095401,0001,1,ALEGRIFES,02,20230327,20230327,DF,9701
50101116,0001,1,RENZULLI SPORTS,02,20230327,20230327,SP,6291
50109890,0001,1,MALIBU EXCLUSIVE ACADEMIA,02,20230328,20230328,SP,6155
50115213,0001,1,,08,20250616,20230328,SP,6875
42414225,0002,2,PODIUM BEACH SPORTS,02,20230328,20230328,CE,1567
47673068,0001,1,OLIMPO FIT,02,20220823,20220823,PB,0456
50124970,0001,1,ACADEMIA KELL FITNESS LTDA,02,20230329,20230329,MA,0723
45097025,0001,1,ACADEMIA DO GUTAO,02,20220201,20220201,MG,5239
50126654,0001,1,POWER LIFE,02,20230329,20230329,MG,5133
50134272,0001,1,ACADEMIA LOTUS,02,20230329,20230329,MT,9047
50134539,0001,1,ALFA GYM RED,02,20230329,20230329,CE,1253
50141562,0001,1,GLOBAL FITNESS,02,20230330,20230330,PI,0364
50151873,0001,1,CT BORY SOUL,02,20230330,20230330,PR,7609
50153520,0001,1,CENTRO DE TREINAMENTO FUNCIONAL LIFE FIT,02,20230330,20230330,PE,2381
50154249,0001,1,POWER FIT,04,20260609,20230330,SP,6249
50156277,0001,1,LS ACADEMIA,02,20230331,20230331,PI,1155
50158786,0001,1,ARENA SLIM CENTRO DE TREINAMENTO,02,20230331,20230331,SP,7183
50169213,0001,1,CORPO FUNCIONAL CROSS TRAINING,08,20240402,20230331,DF,9701
50180822,0001,1,BECA FIT,02,20230403,20230403,BA,3477
45578744,0001,1,CROSS EXPERIENCE CAMARU,02,20220309,20220309,MG,5403
50184150,0001,1,LIFE ACADEMIA,02,20230403,20230403,MG,5301
50185816,0001,1,DA CONSULTORIA,02,20230403,20230403,RN,1759
50196438,0001,1,POWER FITNESS,02,20230404,20230404,MG,0722
50197336,0001,1,ESPACO TRANSFORMACAO,02,20230404,20230404,MG,4123
50204778,0001,1,,02,20230404,20230404,PR,7565
50205487,0001,1,AD ACADEMIA LTDA,02,20230404,20230404,CE,1397
50206980,0001,1,ONE NUCLEO DE TREINAMENTO,02,20230404,20230404,SC,8373
50223565,0001,1,LIKE A MACHINE CT (CENTRO DE TREINAMENTO),02,20230405,20230405,RJ,6007
50226219,0001,1,VITA CENTER,02,20230405,20230405,MA,0723
50226581,0001,1,GARAGEM GYM,02,20230405,20230405,PE,2351
50233661,0001,1,ACADEMIA SAUDE JA,02,20230406,20230406,RS,6081
50237974,0001,1,ACADEMIA GNONEY,02,20230406,20230406,BA,3661
50247571,0001,1,BOX BULLS COMMUNITY,02,20230410,20230410,MG,4255
50250674,0001,1,BLUEFIT VILA REZENDE,02,20230410,20230410,SP,6875
50259701,0001,1,ACADEMIA MAIS VIDA,02,20230410,20230410,RO,0002
50266486,0001,1,STUDIO ANINHA PERSONAL,02,20230411,20230411,RJ,5895
50271687,0001,1,STUDIO FLUIR,02,20230411,20230411,GO,9373
50274468,0001,1,INMOVE FITNESS,02,20230411,20230411,MT,9067
50284194,0001,1,CENTRO DE TREINAMENTO FUNCIONAL P3,02,20230412,20230412,PR,7549
47209165,0001,1,SATTELES WINNERS,02,20220719,20220719,BA,1112
50288994,0001,1,,02,20230412,20230412,RS,8659
50294400,0001,1,,02,20230412,20230412,PR,8479
50299636,0001,1,,02,20230413,20230413,MG,4733
50311040,0001,1,RINCO ESTUDIO FUNCIONAL,08,20250909,20230413,MG,4733
50318249,0001,1,X1 FITNESS,02,20230414,20230414,PE,2531
50320550,0001,1,STAR FITNESS,02,20230414,20230414,RN,1761
50323766,0001,1,ACADEMIA PHYSICAL FITNESS,02,20230414,20230414,SP,6935
50327726,0001,1,ATTACK FIT,02,20230414,20230414,SP,6291
50337160,0001,1,ACADEMIA MONSTER FITNESS,08,20260401,20230417,MG,5091
50339469,0001,1,COMPLEXO SAUDE ACADEMIC,08,20240307,20230417,CE,1381
50346371,0001,1,STUDIO DE PILATES BARBARA ACCIOLY,02,20230417,20230417,PE,2531
50348605,0001,1,,02,20230417,20230417,BA,3849
50355975,0001,1,LIFE FIT GYM,02,20230418,20230418,PE,2381
50356033,0001,1,RCL TRAINER,02,20230418,20230418,PB,2179
50357171,0001,1,,02,20230418,20230418,SP,7107
50365623,0001,1,CROSS LIFE CENTRO ITUPEVA,02,20230418,20230418,SP,6581
50369042,0001,1,*****,02,20230418,20230418,SP,7107
50374963,0001,1,YAMADA SPORTS,02,20230419,20230419,SP,7107
48361910,0002,2,NEW LIFE ACADEMIA A&C,08,20230511,20230419,SC,8117
50385816,0001,1,IRS TRAINING,02,20230419,20230419,PA,0401
50387571,0001,1,TMI ESPACO MOVERSE,02,20230420,20230420,RJ,6001
50390420,0001,1,VIVER BEM PILATES,02,20230420,20230420,MG,4445
08808783,0005,2,ACADEMIA RITMUS,02,20230420,20230420,PI,1153
50393417,0001,1,00643869964,02,20230420,20230420,PR,7667
50398206,0001,1,,02,20230420,20230420,PR,7417
50399382,0001,1,IRONBERG SANTOS,02,20230420,20230420,SP,7071
50413401,0001,1,JM PERSONAL TRAINER,02,20230424,20230424,SP,7201
50429720,0001,1,QUIROPRAXIA ADSON MORAIS,02,20230425,20230425,PE,2531
50430851,0001,1,DALLAS ACADEMIA,02,20230425,20230425,PA,0443
50433384,0001,1,STUDIO FIT GUSTAVO GERVASIO,02,20230425,20230425,MG,4771
50433833,0001,1,SOLAR FIT,02,20230425,20230425,AL,0560
50438388,0001,1,GARAGE FIT ACADEMIA LTDA,02,20230425,20230425,MG,4005
50438861,0001,1,MS MASSOTERAPEUTA E PERSONAL,02,20230425,20230425,MS,9107
50446091,0001,1,COMPANHIA FIT BELEM ACADEMIA,02,20230425,20230425,PA,0427
49962576,0001,1,MASTER FITNESS,08,20230707,20230316,TO,9213
50454812,0001,1,STUDIO PERSONAL POLI RAMPANI,02,20230426,20230426,PR,7687
50458996,0001,1,ACADEMIA BIO FORMA FITNESS,02,20230426,20230426,SE,3209
50461715,0001,1,FITCLIN CLINICA INTEGRADA,02,20230426,20230426,SC,8251
50466241,0001,1,DGYM FITNESS,02,20230427,20230427,PI,1037
50467443,0001,1,HELIO CONSULTORIA ONLINE,02,20230427,20230427,PE,2531
50468178,0001,1,IRON FIT,02,20230427,20230427,MG,4865
50475472,0001,1,ACADEMIA UP COMPLEX,08,20250911,20230427,RS,8935
50483477,0001,1,,02,20230428,20230428,SP,6467
50484565,0001,1,DANIELE SILVA PERSONAL E PILATES,02,20230428,20230428,SC,8195
50484585,0001,1,,02,20230428,20230428,SP,6291
50509344,0001,1,,02,20230502,20230502,SP,7149
50510870,0001,1,M&B AUGUSTO LIMA EXTREME FIT.,02,20230502,20230502,PA,0048
50511957,0001,1,STUDIO FICAFITV2,02,20230502,20230502,MG,4123
50523866,0001,1,SPORT AMIM ACADEMIA,02,20230503,20230503,RJ,5865
50527759,0001,1,KAUANE ALMEIDA FITNESS,02,20230503,20230503,BA,3849
50534869,0001,1,FLY NOW ACADEMIA,02,20230503,20230503,SP,6769
29720973,0002,2,UB FITNESS PRIME,02,20230503,20230503,PE,2531
50546405,0001,1,,02,20230504,20230504,RS,0984
50550152,0001,1,ACADEMIA G FITNESS,08,20250811,20230504,CE,1469
50558503,0001,1,GORILA CROSS,02,20230505,20230505,PE,2419
50566458,0001,1,BIAH ATENDIMENTOS,02,20230505,20230505,PA,0427
50569210,0001,1,,08,20260609,20230505,MG,4371
50570441,0001,1,ACADEMIA EXPRESSAO FIT,08,20250429,20230505,GO,9425
50571252,0001,1,,02,20230505,20230505,SP,6639
50591065,0001,1,,02,20230508,20230508,SP,7177
50593274,0001,1,FORCEX CROSS TRAINING,02,20230508,20230508,SC,8175
46052233,0001,1,ACADEMIA STAR OVER,08,20230510,20220418,AL,2789
50621027,0001,1,LIFE FINTNESS,08,20260512,20230510,RJ,2921
50625447,0001,1,ACADEMIA ARENA FITNESS,02,20230510,20230510,SP,6221
50635055,0001,1,AJR PERFORMANCE,02,20230511,20230511,MG,4553
50647900,0001,1,SKYFIT PALMAS,02,20230512,20230512,TO,9733
50647921,0001,1,IAI FITNESS,02,20230512,20230512,BA,3495
50648106,0001,1,STUDIO FEMALE DANCE,02,20230512,20230512,MG,4959
50652751,0001,1,ALQUIMIA PILATES,02,20230512,20230512,SP,7107
50653076,0001,1,ACADEMIA WENDELL FITNESS,02,20230512,20230512,BA,3871
50673269,0001,1,STUDIO DFIT,02,20230515,20230515,PE,2471
50673676,0001,1,STUDIOORIGEM,08,20251030,20230515,RJ,2921
50674618,0001,1,ARENA FITNESS,02,20230515,20230515,BA,3697
50677234,0001,1,MAIS TREINO ACADEMIA,02,20230515,20230515,RJ,5833
50689795,0001,1,UDI GYM STUDIO PILATES,02,20230516,20230516,MG,5403
50689832,0001,1,BIOZONE,02,20230516,20230516,MT,9925
50693893,0001,1,,02,20230516,20230516,PR,7667
50694377,0001,1,AMAZON CROSS TRAINING,02,20230516,20230516,AM,0255
50697042,0001,1,POWER FIT,02,20230516,20230516,CE,1543
50704104,0001,1,,08,20230614,20230517,RS,8801
50705036,0001,1,PERFORMANCE ACADEMIA,02,20230517,20230517,SP,7169
50713766,0001,1,CT BRASILIA,02,20230517,20230517,DF,9701
50729114,0001,1,,02,20230518,20230518,SP,6979
50731776,0001,1,IRMAOS BELUCCI,02,20230518,20230518,SP,6555
50733942,0001,1,AQUA LIVE ESCOLA DE NATACAO,02,20230518,20230518,GO,9227
50737442,0001,1,S F LIFE,02,20230519,20230519,RN,1759
50738580,0001,1,STUDIO TOP FIT AYRTON,02,20230519,20230519,MA,0763
50740061,0001,1,GOLD FORCE GYM,02,20230519,20230519,PR,7535
50745955,0001,1,,02,20230519,20230519,SC,8357
50745974,0001,1,CROSS EXPERIENCE LUIS EDUARDO MAGALHAES,02,20230519,20230519,BA,1112
50754968,0001,1,,02,20230520,20230520,SP,6689
50769253,0001,1,HUNTERS ACADEMIA,02,20230522,20230522,SP,7107
50771497,0001,1,VITY STUDIO,02,20230522,20230522,PR,7535
50773908,0001,1,W7 ACADEMIA ITAJAI,02,20230522,20230522,SC,8161
23714910,0002,2,EVOLUCAO ACADEMIA,02,20230523,20230523,PR,7777
50780674,0001,1,CLUBEKIDS,02,20230523,20230523,DF,9701
50780786,0001,1,,02,20230523,20230523,SP,7107
50787907,0001,1,M & E ESPACO FITNESS LTDA,02,20230523,20230523,PR,7401
50788111,0001,1,STUDIO DE TREINAMENTO BRAZOS,02,20230523,20230523,RJ,5915
50790077,0001,1,PERFORMANCE ACADEMIA,02,20230523,20230523,RN,3003
50790613,0001,1,AWANA REGINI STUDIO DE PILATES LTDA,02,20230523,20230523,PR,7691
50791605,0001,1,ACQUA FISIO,02,20230523,20230523,SP,6391
45443016,0001,1,UP GESTAO ESPORTIVA,02,20220224,20220224,SP,7107
50811716,0001,1,ESTUDIO SPARTA LTDA,02,20230525,20230525,MG,4531
50815136,0001,1,,02,20230525,20230525,SP,7107
50838110,0001,1,PURE PILATES JARAGUA,02,20230526,20230526,SP,7107
50838953,0001,1,STUDIO 77,02,20230526,20230526,SP,6291
43150704,0002,2,CT DAS CAMPEAS,02,20230529,20230529,MS,9021
50860831,0001,1,COREMOVE STUDIO,02,20230529,20230529,MG,4067
50865630,0001,1,HIPERBODY ACADEMIA,08,20251107,20230530,DF,9701
50865654,0001,1,,02,20230530,20230530,RN,1837
50865735,0001,1,POWER GYM ACADEMIA JJ,02,20230530,20230530,MG,0698
50866118,0001,1,,08,20240430,20230530,ES,5705
50868059,0001,1,IMPERIO MAROMBA ACADEMIA,02,20230530,20230530,PB,1911
50869943,0001,1,MOTRIVIDA BOX,02,20230530,20230530,PE,2323
50883215,0001,1,DESTAQUE FITNESS ACADEMIA,02,20230531,20230531,MT,9067
50887893,0001,1,,02,20230531,20230531,RN,1761
50900045,0001,1,STUDIO VOLL PILATES E FISIOTERAPIA ASA SUL,02,20230601,20230601,DF,9701
50902796,0001,1,STUDIO ADRIELE LOEZER,02,20230601,20230601,PR,7535
50903049,0001,1,ACADEMIA VIDA FIT,02,20230601,20230601,CE,1423
50903751,0001,1,,02,20230601,20230601,AL,2705
50906883,0001,1,ACTION FORCE BOX,08,20250114,20230601,RO,0005
50908129,0001,1,STUDIO FIT ACADEMIA,02,20230601,20230601,AL,2763
50910302,0001,1,MOOVE PILATES E FISIOTERAPIA,02,20230601,20230601,SC,8233
50919345,0001,1,PERSONAL MICHEL BONFIM,02,20230602,20230602,RJ,6001
27070129,0002,2,,02,20230605,20230605,CE,0985
50936063,0001,1,LIFE FITNESS STUDIO,02,20230605,20230605,RJ,5915
50936365,0001,1,,02,20230605,20230605,RS,8791
50941932,0001,1,TOMUNXA,08,20240730,20230605,SP,7107
50942229,0001,1,,02,20230605,20230605,MG,4819
50942543,0001,1,L2 FITNESS ACADEMIA,02,20230605,20230605,PE,2491
50943487,0001,1,VITA TREINMENTOS,02,20230605,20230605,SP,6589
50951687,0001,1,GR3 CROSS PARK,02,20230606,20230606,GO,1066
50963657,0001,1,,02,20230606,20230606,SP,6713
50964421,0001,1,,02,20230606,20230606,PR,7535
50964503,0001,1,CT TAO FITNESS,02,20230606,20230606,BA,3665
50978590,0001,1,SPORT WORLD FIT,02,20230607,20230607,RJ,5869
50983171,0001,1,JMC ACADEMIA,02,20230607,20230607,PI,0390
50990515,0001,1,BRASFORT ACADEMIA,08,20240603,20230609,PI,1211
50990876,0001,1,ACADEMIA STYLO FIT,08,20250109,20230609,PE,2445
50993355,0001,1,ACADEMIA BOA FORMA,02,20230609,20230609,PI,2283
50995407,0001,1,ESPACO KA CROSS TRAINING,02,20230609,20230609,PE,2473
51007032,0001,1,SOU'L FIT STUDIO DE TREINAMENTO FISICO,02,20230612,20230612,RS,8717
51007348,0001,1,+ FIT,08,20251215,20230612,MT,9779
51008808,0001,1,ACADEMIA POWER GYM,02,20230612,20230612,RJ,6001
47296802,0001,1,FIT4HOME,08,20230619,20220726,SP,7107
51037088,0001,1,ENERGIA ACADEMIA,02,20230614,20230614,MG,4865
51037167,0001,1,MOVIMENTUM,02,20230614,20230614,RS,8785
51037465,0001,1,SNAP FUNCIONAL,02,20230614,20230614,DF,9701
51050974,0001,1,,02,20230614,20230614,MG,4123
51055553,0001,1,ELLEVE ACADEMIA,08,20260206,20230615,SP,6681
51057597,0001,1,STUDIO CORPUS FITNESS,02,20230615,20230615,PE,2341
51062713,0001,1,FISIOA11,08,20230809,20230615,SP,7107
51071160,0001,1,TAFLIX PREPARACAO PARA TAF,02,20230616,20230616,MG,4123
51071726,0001,1,GORILLAS ACADEMIA,02,20230616,20230616,MT,9907
51071969,0001,1,,02,20230616,20230616,PR,7407
51074765,0001,1,TOP SPIN FIT,02,20230616,20230616,CE,1389
51075397,0001,1,TERRITORIO FITNESS,08,20260108,20230616,PI,0298
41068555,0003,2,RENASCER FITNESS ACADEMY,02,20230616,20230616,RO,0695
48719754,0002,2,EVANDRO ARAUJO PERSONAL TRAINER,02,20230619,20230619,SP,6281
51110692,0001,1,ACADEMIA ELITE FITNESS,02,20230620,20230620,BA,3087
51113202,0001,1,,02,20230620,20230620,SP,7107
51117292,0001,1,SELECT GYM ACADEMIA E STUDIO,02,20230620,20230620,SP,7107
51136876,0001,1,SPORTY TRAINER,02,20230621,20230621,MG,4365
51143416,0001,1,,02,20230622,20230622,SC,8093
07594978,0536,2,,02,20230622,20230622,MG,4123
51154512,0001,1,ROMA ACADEMIA,02,20230622,20230622,MG,4889
30248471,0002,2,,02,20230623,20230623,RJ,6001
51163331,0001,1,GO NOW POMPEIA,02,20230623,20230623,SP,7107
51165164,0001,1,PANTHERA CROSS TRAINING,08,20230901,20230623,PR,7535
51188443,0001,1,GARAGEM 97,02,20230626,20230626,PE,2549
51190782,0001,1,MAGNUS ACADEMIA,08,20240617,20230626,MG,4769
51197742,0001,1,,02,20230627,20230627,GO,9503
51203199,0001,1,FISILATES,02,20230627,20230627,GO,1066
51205819,0001,1,ACADEMIA SHAPE FIT CUIABA,02,20230627,20230627,SE,3123
51207340,0001,1,ACADEMIA BIO NAVEGANTES,02,20230627,20230627,RS,8801
51207519,0001,1,ZAUT FITNESS,02,20230627,20230627,CE,1527
51208642,0001,1,BOX HANGAR 67,02,20230627,20230627,MS,9125
51227117,0001,1,ACADEMIA PERFORMANCE,02,20230628,20230628,PE,2499
51230065,0001,1,ACADEMIA POWER UP,02,20230629,20230629,BA,3669
51231204,0001,1,,02,20230629,20230629,SP,7097
51232174,0001,1,CENTROFIT TREINAMENTO FUNCIONAL E FUTEBOL,02,20230629,20230629,PA,0427
51237193,0001,1,MYOL SUPLEMENTOS & ACADEMIA,02,20230629,20230629,RJ,6001
48478221,0001,1,CROSS SHAPE,08,20230704,20221101,MG,2893
51245432,0001,1,INSTITUTO INVOLVE,02,20230630,20230630,PE,2531
51251633,0001,1,,02,20230630,20230630,PR,7535
51268836,0001,1,,08,20260126,20230703,SP,7075
07594978,0543,2,,02,20230703,20230703,SP,7107
51276256,0001,1,INSTITUTO SAUDE ASTRONAUTA JORGINHO NETO,02,20230703,20230703,SP,7107
51290293,0001,1,,08,20240827,20230704,MG,5403
51295051,0001,1,STUDIO GIRO,02,20230704,20230704,BA,3849
51301594,0001,1,CROSSFIT KAMATSUO,02,20230705,20230705,MG,5049
51309081,0001,1,,02,20230705,20230705,RS,8853
51317398,0001,1,,02,20230706,20230706,MG,4723
51317845,0001,1,SELECT FIT ACADEMIA,02,20230706,20230706,CE,1315
51322278,0001,1,,02,20230706,20230706,ES,5703
51326888,0001,1,ROCHA BODYBUILDING,02,20230706,20230706,SP,7107
51334904,0001,1,ACADEMIA VRX EVOLUTION,02,20230707,20230707,GO,9301
20500123,0002,2,UPPER RUN,02,20230707,20230707,SP,7077
51344051,0001,1,STUDIO D'ELLAS ACADEMIA FEMININA,02,20230707,20230707,MG,4617
51347400,0001,1,MACRO FITNESS ACADEMIA,02,20230708,20230708,RS,8683
51353237,0001,1,HABITUS STUDIO DE PILATES,02,20230710,20230710,BA,3313
51356591,0001,1,FORJA TREINAMENTO FISICO FATIMA,02,20230710,20230710,RS,8841
51359374,0001,1,MOVE TRAINING,02,20230710,20230710,ES,5705
51360336,0001,1,HOPE FITNESS,02,20230710,20230710,GO,9753
51370065,0001,1,OVERFIT ACADEMIA,02,20230711,20230711,RN,1683
51372169,0001,1,TREINO CERTO,02,20230711,20230711,RJ,6001
51381342,0001,1,POWER EVOLUTION ACADEMIA,02,20230711,20230711,SP,6929
51385442,0001,1,CROSS DUBAI,02,20230711,20230711,BA,3943
45079796,0001,1,RFIT,02,20220131,20220131,BA,3849
46886332,0001,1,CFITNESS STUDIO,08,20260203,20220623,BA,3993
51391862,0001,1,LE PARC ARBOS,02,20230712,20230712,RS,8599
51393280,0001,1,HOME BOX,02,20230712,20230712,PA,0471
51406349,0001,1,ACADEMIA PAIM FITNESS,02,20230713,20230713,RJ,5923
51411567,0001,1,ROSANE PIRES PERSONAL TRAINER,02,20230713,20230713,SP,6291
51419920,0001,1,,08,20260224,20230714,MG,4123
51420744,0001,1,,02,20230714,20230714,RS,8801
51422585,0001,1,AV CENTRO DE TREINAMENTO,08,20240905,20230714,RS,8785
51427026,0001,1,ESSENCE PILATES,08,20240516,20230714,SC,8039
51431970,0001,1,INSTITUTO NADAPTARE,02,20230714,20230714,MG,4123
51107355,0001,1,,02,20230620,20230620,CE,1429
44600632,0001,1,LIFEFIT,02,20211215,20211215,SE,3105
07578713,0005,2,,02,20230718,20230718,SP,7077
50738211,0001,1,PERSONNAL GROUP,08,20230914,20230519,SP,6511
51493953,0001,1,ACTION FITNESS,02,20230720,20230720,MA,0963
40932249,0002,2,VIVA FITNESS,02,20230720,20230720,RS,8577
51513880,0001,1,BOX 83 - FITNESS FUNCIONAL,02,20230721,20230721,MG,4911
51514781,0001,1,WS FITNESS,02,20230721,20230721,PE,2533
51515109,0001,1,A3 FIT ACADEMIA,02,20230721,20230721,MA,0937
51522984,0001,1,GALLE ASSESSORIA E CONSULTORIA,02,20230723,20230723,SC,8175
51543484,0001,1,BEM VIVER ESPACO TERAPEUTICO E PSICOMOTRICISTA,02,20230725,20230725,RS,8507
51552285,0001,1,RT FITNESS,02,20230725,20230725,RS,8685
51559118,0001,1,,02,20230725,20230725,BA,3307
51560350,0001,1,,02,20230726,20230726,MG,4083
51560705,0001,1,ELIANE LOURAU PERSONAL,02,20230726,20230726,RS,8853
15406548,0002,2,CURVILINEA,02,20230726,20230726,PR,7535
51562468,0001,1,,02,20230726,20230726,RS,8801
51570088,0001,1,IRON PUMP SUPLEMENTOS E ACADEMIA,02,20230726,20230726,RN,1759
51573032,0001,1,CROSSFIT DUQUE,02,20230726,20230726,SP,6219
13396172,0014,2,,02,20230726,20230726,RS,8683
51580250,0001,1,ROMARIO VICTOR PERSONAL TRAINER,08,20230908,20230727,CE,1373
51594538,0001,1,VERONICA DOS SANTOS VASCONCELOS,02,20230728,20230728,SP,6619
51595881,0001,1,,02,20230728,20230728,RS,8933
51597017,0001,1,BODY SPEED ACADEMIA,08,20251202,20230728,PB,2039
51598216,0001,1,,02,20230728,20230728,SP,7107
51609082,0001,1,EXTREME CT,02,20230729,20230729,MG,5023
28890817,0002,2,DIRD CROSS CENTRO DE CONDICIONAMENTO FISICO,08,20240415,20230731,BA,3849
51621158,0001,1,BEM FISIO,02,20230731,20230731,AP,0605
51622077,0001,1,MR STUDIO,02,20230731,20230731,PR,7427
51638464,0001,1,STUDIO SAUDE EM EQUILIBRIO,08,20260314,20230801,MS,9051
51641940,0001,1,FEELING HEALTH & PERFORMANCE,02,20230801,20230801,RS,8801
51650467,0001,1,IMPERIO FITNESS ACADEMIA,02,20230802,20230802,MG,5397
51655366,0001,1,STUDIO VITALITY,02,20230802,20230802,PR,7935
51658223,0001,1,,02,20230802,20230802,MG,5293
51660277,0001,1,TAF RUN CARREIRAS POLICIAIS,02,20230802,20230802,GO,9373
51668832,0001,1,,02,20230803,20230803,SP,7107
51671844,0001,1,STUDIO EXCLUSIVE TRAINING,02,20230803,20230803,PA,0054
51687296,0001,1,STUDIO DE PILATES - LORENNA CARVALHO,08,20240724,20230804,SP,6563
51687829,0001,1,PANOBIANCO GOIANIA,02,20230804,20230804,GO,9373
51688119,0001,1,RED FIT ACADEMIA,08,20250711,20230804,MG,4411
48796864,0001,1,AWAKE YOGA STUDIO SP,02,20221202,20221202,SP,7107
51698444,0001,1,PRIME17 - SAUDE E BEM ESTAR,02,20230805,20230805,RS,8771
51372943,0001,1,CT BRUNO REZENDE,02,20230711,20230711,ES,5695
51708269,0001,1,ACADEMIA DE MUSCULACAO E TREINAMENTO FUNCIONAL AGITU'S,02,20230807,20230807,PE,2475
07594978,0557,2,,02,20230807,20230807,AM,0255
51712399,0001,1,OLYMPUS GYM,02,20230807,20230807,SP,6853
51714745,0001,1,FT CORPO,02,20230807,20230807,SP,7107
51717246,0001,1,LAUROXAU,02,20230807,20230807,SP,6291
51719612,0001,1,CENTRO ESPORTIVO PROPLAYER,02,20230807,20230807,RS,8801
51721150,0001,1,CENTER GYM,02,20230807,20230807,MG,4037
51722146,0001,1,ESPACO TBT,02,20230808,20230808,GO,1066
51728547,0001,1,3XJ SAUDE E PERFORMANCE,02,20230808,20230808,RJ,6001
51739721,0001,1,CNBOX CAMPO GRANDE,02,20230809,20230809,RJ,6001
35638545,0002,2,B&M FITCLUB,02,20230809,20230809,SE,3105
51753935,0001,1,BODY MIND,02,20230809,20230809,SC,8367
51764246,0001,1,,02,20230810,20230810,RJ,5805
51765399,0001,1,MARTINS ESTUDIO DE MUSCULACAO,02,20230810,20230810,BA,3783
51775974,0001,1,ESPACO FELIPE FIGUEIRA,02,20230811,20230811,SP,7145
51776211,0001,1,HONOR GYM,02,20230811,20230811,RJ,6001
51778468,0001,1,,02,20230811,20230811,MG,4553
51783467,0001,1,ALISSON BRAZ PERSONAL,08,20260313,20230811,BA,3849
46244958,0001,1,,02,20220503,20220503,MG,4365
51796155,0001,1,FITZEM ACADEMIA,02,20230814,20230814,PA,0427
51815334,0001,1,BE HAPPY GYM ACADEMIA,02,20230815,20230815,SP,6925
51821303,0001,1,,02,20230815,20230815,RS,8715
51822999,0001,1,,02,20230815,20230815,PR,7583
51825632,0001,1,G2 ACADEMIA PILATES,02,20230816,20230816,MG,5343
00318069,0044,2,,02,20230816,20230816,DF,9701
51828557,0001,1,STUDIO ANA KAUL,02,20230816,20230816,PR,7535
51829007,0001,1,FERNANDA SILVEIRA INOVE GYM,02,20230816,20230816,SP,6313
51832102,0001,1,ACADEMIA CRISTAL,02,20230816,20230816,SC,8113
51832891,0001,1,,02,20230816,20230816,RS,7351
51833334,0001,1,OLD SCHOOL GYM,08,20241014,20230816,SP,6477
51833858,0001,1,STUDIO VIBRACAO,02,20230816,20230816,RS,8801
51837336,0001,1,,02,20230816,20230816,SP,7107
51842815,0001,1,QUATRO ESTACOES,08,20251022,20230817,MG,4123
51843785,0001,1,ACADEMIA PRO SAUDE,02,20230817,20230817,RN,1849
50398465,0001,1,DR. EXERCICIO,02,20230420,20230420,MA,0921
51847735,0001,1,GRUPO SANTOS,02,20230817,20230817,AM,0285
51851938,0001,1,,02,20230817,20230817,MG,4865
51855679,0001,1,SPARTACUS GYM,02,20230817,20230817,PE,2521
51861517,0001,1,,02,20230818,20230818,SP,7107
51879059,0001,1,MOOVE STUDIO FITNESS,02,20230821,20230821,MG,5401
51879886,0001,1,HP PERFORMANCE ACADEMIA,02,20230821,20230821,TO,9243
51881783,0001,1,IRON ACADEMIA,02,20230821,20230821,SC,8267
51884094,0001,1,GS NUTRICAO,02,20230821,20230821,SP,7107
49741550,0002,2,FICUS NUCLEO DE CONVIVENCIA PARA IDOSOS,08,20250528,20230821,SP,7107
51891988,0001,1,FISIOCOLUMN STUDIO,02,20230821,20230821,GO,9373
51892078,0001,1,TROIA ACADEMIA,02,20230821,20230821,TO,9463
44619623,0001,1,KORPER ACADEMIA,02,20211217,20211217,RJ,5877
51909947,0001,1,CT INOVE FITNESS LTDA,02,20230822,20230822,RN,1735
51910589,0001,1,QG PESO PESADO,02,20230822,20230822,SP,7107
51920640,0001,1,VERAS LIFE STYLE,02,20230823,20230823,RN,1759
51923598,0001,1,MC BLESSED PILATES,02,20230823,20230823,SP,7107
51930641,0001,1,EVOLUTION OTC,02,20230823,20230823,SC,8397
51934607,0001,1,NEW BODY WORLD,02,20230824,20230824,CE,1587
51935893,0001,1,MJ EDUCACAO FISICA,02,20230824,20230824,PA,0415
51940204,0001,1,HAWK GYM,02,20230824,20230824,PI,1143
51953185,0001,1,JUST START CENTRO DE TREINAMENTO,08,20240403,20230825,MG,4271
51953679,0001,1,ACADEMIA PERFORMANCE,02,20230825,20230825,MG,4177
51953828,0001,1,ACADEMIA INATREINER,02,20230825,20230825,PI,1219
51953952,0001,1,FUNCIONA 380,08,20240229,20230825,SP,6921
51958402,0001,1,,02,20230825,20230825,SP,7157
51745050,0001,1,MEGA GYM FITNESS,02,20230809,20230809,RJ,5819
51971104,0001,1,SOLFIT IPIRA,02,20230828,20230828,BA,3581
51979329,0001,1,IRMAOS CROSSFIT,08,20240326,20230828,SP,7107
31666017,0003,2,LOVATTO FIT,02,20230828,20230828,RS,8955
51981270,0001,1,APRIMORE,02,20230828,20230828,RJ,5801
51985163,0001,1,,02,20230828,20230828,DF,9701
51989315,0001,1,FORCENGO FITNESS,08,20241004,20230829,SP,7107
40153344,0002,2,STUDIO CORE,02,20230829,20230829,SP,6317
51999387,0001,1,FITZONE CENTER FITNESS,02,20230829,20230829,MA,0833
52004008,0001,1,CACTO EXPERIENCE,02,20230830,20230830,SE,3105
52018829,0001,1,STUDIO LINEAR,02,20230830,20230830,MG,4133
52022302,0001,1,CT MARIANO,02,20230831,20230831,SP,7245
52022683,0001,1,DYNAMUS DRAGON GYM,08,20241220,20230831,RJ,6001
52029020,0001,1,FITLIFE STUDIOPERSONAL,02,20230831,20230831,RJ,0782
52043901,0001,1,STUDIO VELOCITY,02,20230901,20230901,SP,7079
41519733,0002,2,PRIMEFIT,02,20230901,20230901,RJ,6001
52045851,0001,1,,02,20230901,20230901,RS,8869
52048179,0001,1,STUDIO FITNESS GENY COUTO,02,20230901,20230901,BA,3515
52061385,0001,1,ACADEMIA BOA FORMA,02,20230904,20230904,PI,1159
52062885,0001,1,,02,20230904,20230904,SP,7057
52062982,0001,1,ACADEMIA SUPERACAO,02,20230904,20230904,MA,0877
52063573,0001,1,,02,20230904,20230904,PE,2589
52064095,0001,1,SOMAR FITNESS,02,20230904,20230904,RJ,0770
52066736,0001,1,MOOVE,02,20230904,20230904,MT,9763
52069364,0001,1,TEMPO FIT,08,20240927,20230904,SP,6897
00318069,0049,2,,02,20230905,20230905,DF,9701
52079185,0001,1,STUDIO GPC,02,20230905,20230905,MG,4417
52080305,0001,1,,02,20230905,20230905,PB,2051
52083731,0001,1,SUPER GYM CENTRO DE TREINAMENTO,02,20230905,20230905,RJ,6001
52091726,0001,1,,02,20230906,20230906,SP,7071
52096339,0001,1,CROSS LIFE TROPICAL,08,20250703,20230906,GO,9227
52097701,0001,1,,02,20230906,20230906,PR,8461
52098690,0001,1,ENTELEQUIA PSICOMOTRICIDADE E TREINAMENTO PERSONALIZADO,08,20250204,20230906,PR,7691
52099258,0001,1,RADAR TEAM,02,20230906,20230906,RJ,6001
52101319,0001,1,UNIQ TRAINER,02,20230906,20230906,RJ,6001
52108835,0001,1,STUDIO RODRIGO BORGES,02,20230907,20230907,TO,9733
52115374,0001,1,ACADEMIA - MASTER NUTRITION,02,20230908,20230908,BA,3509
52127711,0001,1,CT VANIO FORMIGARI,02,20230911,20230911,SC,8289
52127811,0001,1,STUDIO PULSE,02,20230911,20230911,RJ,5877
52128038,0001,1,PERFORMANCE CENTRO DE TREINAMENTO,02,20230911,20230911,MG,4373
52149901,0001,1,CENTRO DE TREINAMENTO WELLGANG,02,20230912,20230912,MT,9151
52154163,0001,1,JULIANA CASSEL CENTRO DE TREINAMENTO FISICO PERSONALIZA,02,20230912,20230912,RS,8801
52158344,0001,1,FISIONE FISIOTERAPIA E PILATES,02,20230913,20230913,SP,7225
52160655,0001,1,JUCOURA ACADEMIAS CASCAVEL,02,20230913,20230913,PR,7493
52169468,0001,1,G 12 STUDIO,02,20230913,20230913,RS,8951
52182035,0001,1,FORMA ATIVA STUDIO,02,20230914,20230914,SP,7145
52071410,0001,1,ACADEMIA SEVEN,02,20230904,20230904,MA,0757
52219778,0001,1,ITAMFIT ACADEMIA,02,20230918,20230918,PR,7615
52229183,0001,1,ARMY PRO,02,20230919,20230919,BA,3919
52236798,0001,1,YELLOW FIT,02,20230919,20230919,MS,9051
52238194,0001,1,,02,20230919,20230919,SP,6847
52245168,0001,1,BRUTUS ACADEMIA,02,20230919,20230919,BA,3993
52255164,0001,1,ACADEMIA 80 FIT,02,20230920,20230920,MG,4371
52255665,0001,1,STUDIO TURBO FITNESS,02,20230920,20230920,PE,2631
52265141,0001,1,DESTAKE ACADEMIA,02,20230921,20230921,RN,1761
52269314,0001,1,ACADEMIA FORMA FIT,02,20230921,20230921,SP,7113
52272298,0001,1,EVOQUE ACADEMIA 32,02,20230921,20230921,SP,6477
52277090,0001,1,RAY FIT,02,20230922,20230922,RJ,5833
52277567,0001,1,ACADEMIA LSFITNESS,02,20230922,20230922,RJ,5833
52277685,0001,1,CORPO & ALMA,08,20240215,20230922,SP,7213
52282417,0001,1,CP FITNESS STUDIO,02,20230922,20230922,GO,9373
52295205,0001,1,,02,20230925,20230925,ES,5647
52296211,0001,1,,02,20230925,20230925,SP,7107
52297382,0001,1,ACADEMIA EXCLUSIVA FITNESS,02,20230925,20230925,SE,3169
52304944,0001,1,MESTRE MATTEI,02,20230925,20230925,SP,6469
52306984,0001,1,ACADEMIA AMORIM,02,20230925,20230925,SP,6493
52308788,0001,1,ACADEMIA E STUDIO LIFE FITNES,02,20230925,20230925,PA,0567
52315448,0001,1,,02,20230926,20230926,SP,6291
52318261,0001,1,,02,20230926,20230926,RJ,5827
52324115,0001,1,ACADEMIA DE MUSCULACAO VIDA FITNESS,02,20230926,20230926,PE,2355
52325486,0001,1,ALOUATTA FIT,02,20230926,20230926,SC,8199
52328196,0001,1,,02,20230927,20230927,ES,5699
52329446,0001,1,SEVEN STUDIO PERSONALIZADO,02,20230927,20230927,MT,9779
52335177,0001,1,TEASER PILATES,02,20230927,20230927,SP,6377
52336987,0001,1,MAMUNTE FITNESS,02,20230927,20230927,ES,5611
52341071,0001,1,ACADEMIA GARCIA FITNESS,02,20230927,20230927,PR,0876
23843093,0002,2,,02,20230927,20230927,MA,0921
52359119,0001,1,VIDA PLENA ACADEMIA,02,20230929,20230929,RS,5987
52360627,0001,1,STUDIO VIDA FITNESS,02,20230929,20230929,SP,7121
52365931,0001,1,MAXXFORCE,02,20230929,20230929,MG,4865
52367526,0001,1,MAX FORMA ALEXANDRE,02,20230929,20230929,CE,1265
52368291,0001,1,DISTRITO 9,02,20230929,20230929,RS,8767
52372468,0001,1,FORMA E NOA,02,20230929,20230929,BA,3855
52380889,0001,1,ACADEMIA YMPACTO,02,20231002,20231002,BA,3533
50956944,0001,1,,08,20240731,20230606,MS,9807
44766998,0001,1,ET ARTIGOS ESPORTIVOS,02,20220106,20220106,MT,9937
52396203,0001,1,ACADEMIA GIRL FIT,02,20231002,20231002,PE,2309
52399249,0001,1,,02,20231003,20231003,SC,8081
52402950,0001,1,PASSARINHO - POWERBIRD,02,20231003,20231003,RJ,6001
51041900,0001,1,,08,20240918,20230614,MG,4733
52406959,0001,1,STUDIO GENTIL NETTO,02,20231003,20231003,SP,7173
52409724,0001,1,EQUILI VITAL - FISIOTERAPIA E PILATES,02,20231003,20231003,SP,7107
52411003,0001,1,ACADEMIA MD FIT,02,20231003,20231003,TO,0191
52411995,0001,1,ACADEMIA DO KAKAS,02,20231003,20231003,PE,2447
52426942,0001,1,FORJA FUNCIONAL FITNESS,02,20231004,20231004,GO,9221
52427620,0001,1,,08,20260206,20231004,PR,7885
52429612,0001,1,,02,20231004,20231004,RS,8839
52432431,0001,1,ACADEMIA TEAM POWER,02,20231005,20231005,SP,7107
52436057,0001,1,,02,20231005,20231005,MG,4553
52442078,0001,1,STUDIO KELLY GUERRA PERSONAL TRAINER,02,20231005,20231005,PR,7927
52444695,0001,1,MAY BOOTCAMP,02,20231005,20231005,DF,9701
51998323,0001,1,,02,20230829,20230829,SP,6163
52448189,0001,1,STUDIO SASHA KONRAD,02,20231006,20231006,RS,8701
52448661,0001,1,MOINHOS FITNESS,02,20231006,20231006,RS,8801
52449678,0001,1,CENTRO DE TREINAMENTO GOAT,02,20231006,20231006,RS,8749
52451732,0001,1,ACADEMIA CORPO E SAUDE,02,20231006,20231006,GO,9595
52452442,0001,1,MIND7 FIT ACADEMIA,02,20231006,20231006,SE,3163
52458982,0001,1,SKYFIT ACADEMIA - UNIDADE OLINDA,02,20231006,20231006,PE,2491
52476871,0001,1,SKULL BOX ARENA,02,20231009,20231009,PI,1219
52479773,0001,1,THE BL4CK GYM,02,20231009,20231009,MG,4123
52482633,0001,1,FELIPE FELIX MOVIMENTO E REABILITACAO,02,20231009,20231009,GO,9753
52495010,0001,1,,02,20231010,20231010,SP,6875
52497396,0001,1,BAIXADA,02,20231010,20231010,SP,6475
52497596,0001,1,MA PAVARINI,02,20231010,20231010,SP,7071
52501190,0001,1,,02,20231011,20231011,MG,4767
52502789,0001,1,DC12 TREINAMENTO PERSONALIZADO,02,20231011,20231011,PR,7493
52503264,0001,1,BFITNESS ACADEMIA,02,20231011,20231011,SE,3195
52504600,0001,1,NP FITNESS CLUB,02,20231011,20231011,PE,2553
52509507,0001,1,ACADEMIA DO ETI,08,20240828,20231011,RS,7317
52510491,0001,1,LIFE PLAY ACADEMIA,02,20231011,20231011,GO,9375
52530867,0001,1,,02,20231016,20231016,MS,9131
52531272,0001,1,STUDIO BIANCA BADI,02,20231016,20231016,RJ,5853
52536262,0001,1,EVOLUCAO TREINAMENTO FUNCIONAL,02,20231016,20231016,RJ,5867
52547760,0001,1,FORTE BOX,02,20231017,20231017,RS,8963
52549518,0001,1,MOVE INSIDE,08,20240214,20231017,SC,8105
52551052,0001,1,CF KAVERA,02,20231017,20231017,MG,4445
52553836,0001,1,RRR FITNESS,08,20240215,20231017,SP,7157
52554207,0001,1,KARL VICTOR WELLNESS BALANCE INTERCONNECTIONS,02,20231017,20231017,SP,7071
52554603,0001,1,ALLP FIT ACADEMIA,02,20231017,20231017,BA,3597
52560159,0001,1,EVOLUCAO CROSS TRAINING & FUNCIONAL,08,20250220,20231017,RJ,6001
52565048,0001,1,ACADEMIA EQUILIBRIO PR,02,20231018,20231018,PB,0500
52565761,0001,1,,02,20231018,20231018,MG,4941
12982890,0002,2,THAI PILATES,02,20231018,20231018,SP,7057
52569029,0001,1,AMORIM CLUBE,02,20231018,20231018,BA,3993
52571706,0001,1,MY FITNESS CC,08,20250816,20231018,RS,8801
52572665,0001,1,SKYFIT ACADEMIA,02,20231018,20231018,PI,1219
52576975,0001,1,AEPF ACADEMIA,02,20231018,20231018,RS,8853
52584632,0001,1,ROTA 415 GYM,02,20231019,20231019,PA,0641
46051189,0001,1,STUDIO SAMPAIO TRAINER,02,20220417,20220417,RO,0003
52587024,0001,1,EVOLUA KIDS,02,20231019,20231019,SP,6221
52593988,0001,1,HOP FITNESS CONDITIONING LTDA,02,20231019,20231019,PR,7535
52606512,0001,1,OLYMPIA ACADEMIA,02,20231020,20231020,SC,8253
06816531,0007,2,BIO RITMO PIRACICABA,02,20231020,20231020,SP,6875
52609326,0001,1,FIT TRAINING STUDIO,02,20231020,20231020,MG,5397
49707055,0001,1,AS STUDIO FITNESS,02,20230224,20230224,BA,3965
52616897,0001,1,MG FITNESS,02,20231021,20231021,AL,2785
52618490,0001,1,,02,20231022,20231022,SC,8105
52621253,0001,1,JULIO ARANDA,02,20231023,20231023,SP,6477
48573986,0002,2,,02,20231023,20231023,SP,6619
52627102,0001,1,ALLP FIT LONDRINA,02,20231023,20231023,PR,7667
52628812,0001,1,JLR STUDIO FITNESS,08,20240716,20231023,RN,1743
52630577,0001,1,300 COMMUNITY FITNESS,02,20231023,20231023,MG,5425
52630772,0001,1,ACADEMIAVISION,02,20231023,20231023,RS,8729
52644778,0001,1,ATP ACADEMIA,08,20260504,20231024,PE,2403
52646803,0001,1,CTC-CENTRO DE TREINAMENTO DE CASTANHAL,02,20231024,20231024,PA,0447
52653195,0001,1,JAITAN SOARES SANTOS,02,20231024,20231024,PE,2531
52657978,0001,1,ESPACO POSTURA,02,20231025,20231025,RJ,5805
52658951,0001,1,SKYFIT ACADEMIA,02,20231025,20231025,SP,2951
52665796,0001,1,LEDICE,02,20231025,20231025,RS,8729
52673802,0001,1,KANGALHA CROSS,02,20231026,20231026,CE,1353
52674329,0001,1,ACADEMIA BOA FORMA,02,20231026,20231026,PA,0571
47844234,0002,2,2 HANDS CROSS LTDA,08,20241216,20231026,MT,9907
52678440,0001,1,TANIA MOREIRA,02,20231026,20231026,RJ,5897
52681708,0001,1,NEXT LEVEL LTDA,02,20231026,20231026,SP,7001
46256694,0001,1,FG ACADEMY,02,20220504,20220504,RJ,5915
52689740,0001,1,TOP FIT ACADEMIA,02,20231027,20231027,MG,0718
52699269,0001,1,ACADEMIA PRATIQUE FITNESS,02,20231027,20231027,MG,4123
52701416,0001,1,PERSONAL FIT XIQUE-XIQUE,02,20231027,20231027,BA,3971
52716528,0001,1,C.T. TRAINING,08,20260304,20231030,CE,1389
52719464,0001,1,GYM CENTER,02,20231030,20231030,MA,0879
52728281,0001,1,,02,20231031,20231031,SP,6789
52736836,0001,1,M9 TREINAMENTO,02,20231031,20231031,GO,9445
52739962,0001,1,ACADEMIA AD3 SAO JOSE,02,20231031,20231031,SC,8327
52740640,0001,1,ATTACK FIT,02,20231031,20231031,PA,0633
52754467,0001,1,BASE 91,02,20231101,20231101,MG,5049
52766183,0001,1,STUDIO FLUIR PILATES,02,20231103,20231103,BA,3533
52772056,0001,1,BODY FITNESS UNIDADE II,02,20231103,20231103,BA,3403
52169972,0001,1,STARK FITNESS,02,20230913,20230913,PR,7777
52797275,0001,1,DUNAS,02,20231107,20231107,ES,5697
52800746,0001,1,,02,20231107,20231107,ES,5647
52801813,0001,1,A T CENTRO FITNESS,02,20231107,20231107,RN,1673
52809660,0001,1,RNS FITNESS,02,20231107,20231107,SP,6969
52810214,0001,1,CENTRO DE TREINAMENTO RAIO,02,20231107,20231107,PE,2631
50671941,0001,1,CLIMM GYM,02,20230515,20230515,SP,7181
52816298,0001,1,AERO IRONTORKE ACADEMIA,02,20231108,20231108,RS,8555
51581407,0001,1,FLEX FIT ACADEMIA,02,20230727,20230727,RS,8899
52824758,0001,1,IPITANGA FITNESS,02,20231108,20231108,BA,3685
52836183,0001,1,,02,20231109,20231109,CE,1253
39805597,0002,2,,08,20250121,20231109,GO,9433
52839499,0001,1,EDUARDO DRANOFF DRUCK,08,20241121,20231109,RS,8801
52840381,0001,1,,02,20231109,20231109,MS,9051
52841117,0001,1,SUPERACAO FITNESS,02,20231109,20231109,CE,0985
52841309,0001,1,LIFECOR FISIOTERAPIA E PILATES,02,20231109,20231109,DF,9701
52841978,0001,1,SPARTAN FIT ACADEMIA,02,20231109,20231109,PA,0427
52848662,0001,1,LA VITTA STUDIO DE PILATES,08,20241209,20231110,PR,7691
52849482,0001,1,NAY LIMA-SAUDE EM MOVIMENTO,02,20231110,20231110,SP,6477
52851473,0001,1,,02,20231110,20231110,RS,8589
52441922,0001,1,ACADEMIA EDUCA FITNESS,02,20231005,20231005,SP,6905
52868303,0001,1,AKSEL - MUSCULACAO ESPECIALIZADA,02,20231113,20231113,RJ,6001
52874481,0001,1,SKYFIT ACADEMIA UNIDADE POUSO ALEGRE,02,20231113,20231113,MG,5049
52877474,0001,1,GI MENDES STUDIO FITNESS,02,20231113,20231113,SC,8121
52886630,0001,1,BODY PLACE,02,20231114,20231114,MG,4037
13396172,0026,2,,02,20231114,20231114,RS,8899
52903742,0001,1,YOUCORE STUDIO,02,20231116,20231116,SP,6475
07594978,0574,2,,02,20231116,20231116,MA,0921
07594978,0578,2,,02,20231116,20231116,SP,7107
52913499,0001,1,BLT FITNESS ACADEMIA LAGOA,02,20231117,20231117,MG,4985
52914222,0001,1,,02,20231117,20231117,RJ,5925
52921067,0001,1,TOP SHAPE WORKOUTS,02,20231117,20231117,AM,9841
52921790,0001,1,STUDIO VELOCITY,02,20231117,20231117,DF,9701
52929132,0001,1,FOX GYM,02,20231119,20231119,CE,1487
52943431,0001,1,KING ACADEMY,02,20231121,20231121,SP,6357
52945917,0001,1,,02,20231121,20231121,MG,5371
52954685,0001,1,,02,20231121,20231121,TO,9733
52966176,0001,1,ACADEMIA GERACAO FITNESS LTDA,02,20231122,20231122,BA,3873
52970400,0001,1,,02,20231122,20231122,PE,2531
52978679,0001,1,,02,20231123,20231123,SP,6425
52983683,0001,1,GF ACADEMIA SAO JORGE,02,20231123,20231123,SP,7107
52984397,0001,1,QUEST CROSS TRAINING,02,20231123,20231123,GO,9373
52991904,0001,1,ACADEMIA TOP GYM,02,20231124,20231124,PA,0415
53000021,0001,1,SIMONE ZAGOTO STUDIO PILATES,02,20231124,20231124,ES,5699
53008443,0001,1,STUDIO PROF JUJU,02,20231127,20231127,DF,9701
53008691,0001,1,,02,20231127,20231127,SP,6415
53008767,0001,1,ACADEMIA DO AVESSO,02,20231127,20231127,PA,0401
53013631,0001,1,SUA PROF MARIA,02,20231127,20231127,PB,2117
44489146,0002,2,PURE PILATES SALVADOR,02,20231127,20231127,BA,3849
53025939,0001,1,TRANSFORMAFIT,02,20231128,20231128,RJ,6001
53029713,0001,1,ELIZA GUIMARAES MOVIMENTO EM SAUDE,02,20231128,20231128,SP,7107
53031649,0001,1,OLYMPUS,02,20231128,20231128,RS,8637
53034228,0001,1,L CROSS,02,20231128,20231128,BA,3849
53036404,0001,1,VISUAL FITNESS,02,20231128,20231128,BA,3849
53042897,0001,1,,02,20231129,20231129,ES,5703
53044179,0001,1,ACADEMIA VASCO NETO,02,20231129,20231129,DF,9701
53044919,0001,1,CONEXAO 6 TREINAMENTO FUNCIONAL,02,20231129,20231129,SC,8233
53060006,0001,1,,02,20231130,20231130,SP,6131
53062693,0001,1,START GYM,02,20231130,20231130,PA,0427
22525397,0002,2,SOUL TREINAMENTO FUNCIONAL,02,20231201,20231201,SC,8179
53070866,0001,1,CROSSLEAGUE BH,02,20231201,20231201,MG,4123
53089620,0001,1,ESPACO VN,02,20231204,20231204,RJ,6001
53089862,0001,1,EVOLUNTION FITNESS,02,20231204,20231204,PE,2511
53099620,0001,1,,02,20231205,20231205,MG,5413
53100250,0001,1,TALLFIT ACADEMIA,02,20231205,20231205,SC,8081
53103080,0001,1,GODS POWER,02,20231205,20231205,PI,1037
53106836,0001,1,BALLER,02,20231205,20231205,RJ,5925
53109034,0001,1,DONNA EM MOVIMENTO,08,20250902,20231205,RS,5785
53109503,0001,1,,02,20231205,20231205,PB,2067
53119653,0001,1,,02,20231206,20231206,PR,7589
53130726,0001,1,VILA FORCE ACADEMIA,02,20231207,20231207,MG,4899
53141521,0001,1,,02,20231208,20231208,MG,5397
53145297,0001,1,,02,20231208,20231208,PR,7691
53146560,0001,1,GRAZIELLE HARO PERSONAL TRAINER,08,20241230,20231208,SC,8077
53169639,0001,1,MARIANA CHRISTIANO PEREIRA,08,20240103,20231212,SP,6811
53169922,0001,1,CATARINA FERRAZ PERSONAL TRAINER,02,20231212,20231212,SP,7107
53178732,0001,1,BODY CLUB,02,20231212,20231212,GO,9425
53195896,0001,1,,02,20231214,20231214,RS,8599
53210853,0001,1,ULTRA ACADEMIA ANALIA FRANCO,08,20240605,20231215,SP,7107
53213670,0001,1,E MOVE PLACE,02,20231215,20231215,RS,8801
53215658,0001,1,BIOTIPO,02,20231215,20231215,MA,0757
53215696,0001,1,FISIO PILATIS,02,20231215,20231215,MG,5029
53215924,0001,1,,02,20231215,20231215,RJ,6001
53217008,0001,1,ELLA FIT,02,20231215,20231215,GO,9375
53248920,0001,1,CENTRO DE APRIMORAMENTO FISICO JULIO CEZAR LTDA,02,20231218,20231218,RJ,6001
53254011,0001,1,,02,20231219,20231219,PR,7933
53267103,0001,1,ATOS PERFORMANCE E SAUDE,02,20231220,20231220,PI,1219
53269605,0001,1,TRIBO 75 COMUNIDADE FITNESS,02,20231220,20231220,BA,3959
53271651,0001,1,ESPACO PILATES LILIAN MACEDO,02,20231220,20231220,MG,4123
53272394,0001,1,BODY TRAINING ACADEMY,02,20231220,20231220,BA,3117
53272578,0001,1,STUDIO INFINITY,02,20231220,20231220,PA,0427
53273380,0001,1,ALICE IASSIA,08,20240313,20231220,SP,6291
53277728,0001,1,ACADEMIA NETO PERSONAL,02,20231221,20231221,CE,1461
07594978,0585,2,,02,20231221,20231221,SP,7075
53281827,0001,1,TOP LIFE FITNESS,02,20231221,20231221,SP,7057
53282994,0001,1,,02,20231221,20231221,RS,0986
12729803,0002,2,ACADEMIA BEM ESTAR,02,20231221,20231221,PR,7605
53285751,0001,1,STUDIO SAUDE 012,02,20231221,20231221,SP,7115
53286160,0001,1,,02,20231221,20231221,MS,9051
18442885,0006,2,LIVE ACADEMIA,02,20231221,20231221,AM,0255
53294312,0001,1,IRON SHAPE,02,20231222,20231222,MG,4625
53303642,0001,1,IZA FITNESS STUDIO,08,20241223,20231226,ES,5677
53311598,0001,1,STUDIO VANEZA GOMES - PILATES E FISIOTERAPIA,02,20231227,20231227,CE,1389
53311968,0001,1,STUDIO DELLA'S FITNESS,02,20231227,20231227,MG,5155
53312143,0001,1,MOVIMENTO ATIVO,02,20231227,20231227,PI,1219
53317296,0001,1,ACADEMIA NERYS GYM,02,20231228,20231228,BA,3515
53318190,0001,1,,02,20231228,20231228,MG,4495
53321893,0001,1,,02,20231228,20231228,SP,6689
53327083,0001,1,FLY TARRAGO,02,20231229,20231229,RS,8801
53329551,0001,1,NADIA PAIVA PERSONAL,02,20231229,20231229,SP,6969
13396172,0030,2,,02,20240103,20240103,RS,8791
53373021,0001,1,DS PERSONAL,02,20240104,20240104,AM,0255
53373591,0001,1,RITMOVE,02,20240104,20240104,SP,7183
53382152,0001,1,,02,20240105,20240105,SP,6155
53385406,0001,1,ACADEMIA LFK,02,20240105,20240105,SP,6861
53389113,0001,1,SOU MAIS PILATES E FISIOTERAPIA,02,20240105,20240105,BA,3849
53391899,0001,1,ESTUDIO KASSIA ARAUJO,02,20240105,20240105,PI,1219
53401218,0001,1,ACADEMIA NEWFIT,02,20240108,20240108,RN,1877
53408815,0001,1,VO2 MAX,02,20240108,20240108,RN,1761
53418420,0001,1,E.R DO CARMOS ESPORTES,02,20240109,20240109,SP,6269
53427149,0001,1,CLINICA VITALITY,02,20240109,20240109,BA,3085
53428299,0001,1,STUDIO BRAVUS PERSONAL,02,20240109,20240109,DF,9701
53429904,0001,1,ACTIVITY HEALTH,02,20240109,20240109,RS,8423
53432616,0001,1,DARK FIT,02,20240109,20240109,MA,0889
53438884,0001,1,ACADEMIA SHOCK FITNESS,02,20240110,20240110,BA,3971
53441068,0001,1,CLEOMAR KAUFMANN PERSONAL TRAINER,08,20240530,20240110,RS,8577
53451257,0001,1,STAR FITNESS,02,20240110,20240110,MA,0943
53454616,0001,1,STUDIO JC PERSONAL TRAINING,02,20240111,20240111,MG,4123
53455426,0001,1,POINT BOX BOM PASTOR,08,20240918,20240111,SP,7057
48058032,0002,2,CENTRO ESPORTIVO CAOPI - CAMPO LARGO,02,20240111,20240111,PR,7481
53463391,0001,1,,08,20260505,20240111,SC,8105
53466508,0001,1,,02,20240111,20240111,SP,6401
53468838,0001,1,ACADEMIA IRON FIT,02,20240112,20240112,MG,4733
53469873,0001,1,,02,20240112,20240112,MG,4359
53477476,0001,1,INTENSE FITNESS,02,20240112,20240112,MG,5213
53494518,0001,1,STUDIO SAUDE,08,20260206,20240115,MT,9867
53336861,0001,1,CTF EL THOR,02,20240102,20240102,MG,4133
53511245,0001,1,RED SKIN II,02,20240116,20240116,GO,1052
53517525,0001,1,,02,20240116,20240116,SC,8161
53519685,0001,1,,02,20240116,20240116,MG,4635
53526165,0001,1,,02,20240116,20240116,PR,7927
53527528,0001,1,ACADEMIA SA FITNESS,02,20240117,20240117,CE,1349
52572665,0002,2,SKYFIT ACADEMIA,02,20240117,20240117,PI,1153
53534703,0001,1,SAUDE EM MOVIMENTO,02,20240117,20240117,RS,7387
53535725,0001,1,ALX FITNESS AND HEALTH,08,20260306,20240117,SP,7107
53537564,0001,1,DANIEL VELASCO FISIOTERAPIA,02,20240117,20240117,MG,5257
53541641,0001,1,,02,20240117,20240117,ES,5699
53545269,0001,1,,02,20240117,20240117,MG,0742
53548594,0001,1,DOMINIO PILATES,08,20240312,20240118,CE,1389
53553150,0001,1,STUDIO MOVE,02,20240118,20240118,RO,0007
53553219,0001,1,ACADEMIA GERACAO SAUDE,02,20240118,20240118,PA,0415
53555049,0001,1,ACADEMIA MUSKULOS,08,20250405,20240118,DF,9701
53560534,0001,1,KJ MOVIMENTO E SAUDE,02,20240118,20240118,SP,7107
53578328,0001,1,,02,20240119,20240119,SP,7107
36307039,0002,2,STUDIO PILATES ANA FLAVIA RAVANELLI,02,20240122,20240122,GO,9373
53596179,0001,1,PRO FIT,02,20240122,20240122,RS,8727
53596816,0001,1,R R FIT,02,20240122,20240122,PR,0874
53597987,0001,1,ELITE TRAINING,02,20240122,20240122,PE,2563
53602096,0001,1,ACADEMIA VALE DO OURO,02,20240122,20240122,MT,9891
53608270,0001,1,INNOVA SAUDE INTEGRADA,02,20240123,20240123,MG,4111
53608462,0001,1,,02,20240123,20240123,SP,6131
53609821,0001,1,STARFIT ACADEMIA,02,20240123,20240123,PR,7749
53613200,0001,1,CROSS EXPERIENCE FRAGATA,02,20240123,20240123,RS,8791
53616398,0001,1,STUDIO OMT,02,20240123,20240123,RS,8801
53619435,0001,1,MKR,02,20240123,20240123,MA,0921
53620749,0001,1,JM FITNESS,02,20240123,20240123,PE,2451
53630848,0001,1,DANIEL PADILHA FISIOLOGIA E PREPARACAO FISICA,02,20240124,20240124,SP,6323
24775273,0004,2,MEGA JADERLANDIA,02,20240124,20240124,PA,0447
53635080,0001,1,CENTRO DE TREINAMENTO - PERSONAL E PILATES,02,20240124,20240124,SP,6553
53638827,0001,1,VN FITTENS,02,20240124,20240124,AL,2785
53643718,0001,1,VITAL PILATES,02,20240124,20240124,SP,7107
53651559,0001,1,MONSTER GYM,02,20240125,20240125,RR,0032
53657942,0001,1,,02,20240125,20240125,RS,8801
53665448,0001,1,STAR FITNESS,02,20240126,20240126,PA,0621
53666231,0001,1,2M CONSULTORIA ESPORTIVA,02,20240126,20240126,RJ,6001
53677410,0001,1,CLINICA VERTEBRAL,02,20240126,20240126,RS,8801
53678814,0001,1,LIFE STYLE ACADEMIA,02,20240126,20240126,PA,0519
53709346,0001,1,PHYSIC ACADEMIA,02,20240130,20240130,CE,1385
53713029,0001,1,VOOFIT,02,20240130,20240130,MG,4315
53713431,0001,1,YESFIT ACADEMIA,02,20240130,20240130,RJ,6001
53721019,0001,1,MAIS LEGAL BRINCADEMIA,02,20240130,20240130,RS,8637
53723058,0001,1,BOX N'FIT,02,20240130,20240130,MG,5155
53729681,0001,1,CENTRO DE TREINAMENTO ESPACO EM MOVIMENTO,08,20250218,20240131,PE,2521
07594978,0586,2,,02,20240131,20240131,AP,0605
53735648,0001,1,,02,20240131,20240131,SP,6219
53737655,0001,1,PROCORPO,02,20240131,20240131,RS,8577
53744930,0001,1,LR CENTRO DE TREINAMENTO LUCAO RODRIGUES,02,20240131,20240131,MG,4305
53749161,0001,1,,02,20240201,20240201,PI,1219
53756168,0001,1,ESPACO MOVIMENTO,02,20240201,20240201,SP,6757
53756943,0001,1,,02,20240201,20240201,SP,6969
53759927,0001,1,,02,20240201,20240201,PR,7751
53760729,0001,1,IRONFIT ACADEMIA,02,20240201,20240201,SP,6951
53184538,0001,1,BRUTOFITNESS,02,20231213,20231213,SP,6527
53772354,0001,1,,02,20240202,20240202,SP,6213
53772723,0001,1,CEAFI,02,20240202,20240202,DF,9701
53774827,0001,1,,02,20240202,20240202,SP,7057
53775434,0001,1,ACADEMIA FOURFORCE,02,20240202,20240202,RS,8589
53807334,0001,1,CTE,02,20240205,20240205,MA,0921
53813854,0001,1,MOTION FIT BADRA ACADEMIA,02,20240206,20240206,SP,7151
53815575,0001,1,ELAINE SANTOS MUSCULACAO FEMININA,02,20240206,20240206,MG,5183
53816384,0001,1,CLINICA BEM ME QUERO,08,20250207,20240206,GO,9227
53816511,0001,1,ESTEVAO SANTOS CONSULTORIA E TREINAMENTO PERSONALIZADO,02,20240206,20240206,MT,9871
53828847,0001,1,SUPLEMENTOS,02,20240206,20240206,PR,7963
53841014,0001,1,,02,20240207,20240207,MG,4365
53845336,0001,1,MY SURF HOME CT,08,20240827,20240207,SC,8367
53851076,0001,1,,02,20240207,20240207,RS,8801
53853345,0001,1,LIFITNESS,02,20240208,20240208,PR,7969
53878164,0001,1,PANOBIANCO BOTUCATU,02,20240209,20240209,SP,6249
53879126,0001,1,DOUGLAS CRUZ PERSONAL,02,20240209,20240209,SP,7107
53903858,0001,1,RAFACAN,02,20240214,20240214,SP,7107
53912293,0001,1,,08,20241129,20240212,MG,5191
53912845,0001,1,WILLSPORTS E EVENTOS,02,20240215,20240215,SP,0798
53931919,0001,1,ELITE FITNESS,02,20240216,20240216,PR,7821
47920447,0001,1,CENTRO DE TREINAMENTO FURIOSOS,02,20220912,20220912,SP,6921
53946316,0001,1,SENSI KORU,08,20260114,20240216,RS,8841
53963620,0001,1,ACADEMIA META GOIA,02,20240219,20240219,GO,9373
53965574,0001,1,UP ACADEMIA PERSONALIZADA,02,20240219,20240219,PR,7885
53967951,0001,1,FLEXMOV,02,20240219,20240219,GO,9477
53980844,0001,1,,02,20240220,20240220,SP,7075
53984059,0001,1,MOVE PILATES STUDIO,02,20240220,20240220,RJ,5819
53995097,0001,1,A.FHYSICAL,02,20240221,20240221,CE,1389
51815334,0002,2,,02,20240221,20240221,SP,6125
53999733,0001,1,ACADEMIA BRAZ FITNESS,02,20240221,20240221,BA,3867
54001357,0001,1,GALPAO FITNESS ACADEMIA,02,20240221,20240221,MG,5071
54003324,0001,1,,02,20240221,20240221,SP,6861
54004552,0001,1,MENDEL TREINAMENTO,02,20240221,20240221,RS,8749
54004655,0001,1,FUNCIONAL NA LAJE,02,20240221,20240221,PE,2513
54007291,0001,1,IRON GYM,02,20240221,20240221,SC,8027
54010701,0001,1,ACADEMIA ALFA FIT,02,20240221,20240221,MA,0108
54012123,0001,1,CONSULTORIA ESPORTIVA CHARLO,02,20240221,20240221,SP,7107
54015310,0001,1,TT TREINAMENTO FUNCIONAL,02,20240222,20240222,PE,2459
54017718,0001,1,CROSS DO FELPS,02,20240222,20240222,ES,5705
54022427,0001,1,STUDIO KORE,02,20240222,20240222,SP,7107
54023236,0001,1,BEVI PILATES E PERSONAL,08,20250521,20240222,SP,7107
54026231,0001,1,FORMA FIT,02,20240222,20240222,RN,1837
49997930,0001,1,ACADEMIA PREMIUM FITNESS,02,20230320,20230320,PI,1133
54041359,0001,1,DBS MARKETING ESPORTIVO,02,20240223,20240223,SP,7107
54041508,0001,1,,08,20250521,20240223,SP,6549
54045056,0001,1,,02,20240223,20240223,MG,4123
53702443,0001,1,ESPACO COREFIT,02,20240129,20240129,MG,4219
54058551,0001,1,GN ACADEMIA - SAUDE & PERFORMANCE,02,20240226,20240226,PE,2627
54059727,0001,1,,02,20240226,20240226,RJ,5877
54064039,0001,1,ALMA STUDIO PILATES,02,20240226,20240226,SP,6969
54064601,0001,1,W H ACADEMIA,02,20240226,20240226,BA,3279
54071470,0001,1,CLINICA DO MOVIMENTO N'AGUA,02,20240226,20240226,BA,3533
54072395,0001,1,CENTRO DE TREINAMENTO ALISSON SILVA,02,20240226,20240226,PB,2029
54072906,0001,1,,02,20240226,20240226,BA,3827
54078490,0001,1,MOVIMENTE WELLNESS,02,20240227,20240227,MG,5401
54080900,0001,1,CASERNA MAROMBA,02,20240227,20240227,MA,0747
24339925,0005,2,,02,20240226,20240226,PR,7563
54086057,0001,1,STUDIO E PERSONAL PILATES-CHAPADAO,02,20240227,20240227,SP,6291
54087716,0001,1,BLACK DIAMOND,02,20240227,20240227,SP,7121
54090284,0001,1,,02,20240227,20240227,CE,1559
54090836,0001,1,STUDIO FITNESS NATHALIA OLIVEIRA,02,20240227,20240227,MG,5035
54091843,0001,1,STRONG HOUSE ACADEMIA,02,20240227,20240227,SP,6121
54099045,0001,1,,02,20240228,20240228,SP,7099
54109264,0001,1,,02,20240228,20240228,MG,5425
54113679,0001,1,,08,20240312,20240228,PE,2361
54114872,0001,1,ELITE BOX TRAINING,02,20240228,20240228,PA,0429
08190512,0002,2,,02,20240229,20240229,SC,8047
54120660,0001,1,,02,20240229,20240229,SC,8161
54133084,0001,1,VINI FITNESS ACADEMIA,02,20240229,20240229,TO,0341
54144702,0001,1,ESTUDIO BIOFITNESS,02,20240301,20240301,MG,4179
54145328,0001,1,361 STUDIO DE TREINAMENTO FISICO,02,20240301,20240301,RJ,5847
54148971,0001,1,MAIS SAUDE PILATES,02,20240301,20240301,SP,7107
54151859,0001,1,HAUSER,02,20240301,20240301,SC,8105
86972684,0002,2,,02,20240304,20240304,TO,9629
54176779,0001,1,HENRIQUE PERSONAL,02,20240304,20240304,SP,7233
54176826,0001,1,ACADEMIA TOP FITNESS,02,20240304,20240304,GO,9633
54177268,0001,1,VIDA EM MOVIMENTO,02,20240304,20240304,DF,9701
54192168,0001,1,MORASTONI,02,20240305,20240305,SC,8301
54195930,0001,1,,02,20240305,20240305,GO,9373
54199886,0001,1,FF TREINAMENTO EXCLUSIVO,02,20240305,20240305,GO,9277
54204036,0001,1,FABIO STRENGTH AND PERFORMANCE,02,20240306,20240306,MS,9051
54207657,0001,1,VB FIT CAICARAS,02,20240306,20240306,MG,4959
54207680,0001,1,PERFORMANCE HUB,02,20240306,20240306,RJ,5837
54214363,0001,1,TOP FITNES,02,20240306,20240306,MG,4365
54216027,0001,1,ESTUDIO PILATES CARLA CARRION,08,20240618,20240306,SP,6509
54218349,0001,1,,02,20240306,20240306,MG,5219
54224922,0001,1,ACADEMIA ALIVE STUDIO,02,20240307,20240307,MG,4941
54226375,0001,1,,02,20240307,20240307,PR,7739
24921465,0071,2,,02,20240307,20240307,SP,6929
24921465,0072,2,,02,20240307,20240307,GO,9221
54236077,0001,1,BESSA PILATES,02,20240307,20240307,GO,9373
54239408,0001,1,ACADEMIA MOTIVA FITNESS,02,20240307,20240307,PA,0509
54245288,0001,1,ACRE FITNESS ACADEMIA,02,20240308,20240308,AC,0139
54254681,0001,1,1OS CROSS,02,20240308,20240308,SP,6177
54256691,0001,1,FITNESS LIFE LTDA,02,20240309,20240309,PE,2425
54260480,0001,1,ESTUDIO FN FITNES - ALTO BOQUEIRAO,02,20240310,20240310,PR,7535
07594978,0606,2,,02,20240311,20240311,TO,9733
54268177,0001,1,KELLY SIEDELISKI PERSONAL TRAINER,02,20240311,20240311,PR,7679
54275665,0001,1,CROSS NUTRITION BOX PATOS DE MINAS,08,20260209,20240311,MG,4959
54279046,0001,1,ACADEMIA BEM ESTAR,02,20240311,20240311,PA,0491
41810261,0004,2,BODY PRIME URUGUAIANA,02,20240312,20240312,RS,8951
54284331,0001,1,MKSTUDIOFITNESS,02,20240312,20240312,AL,2825
54286421,0001,1,NAURU CROSS,02,20240312,20240312,AL,2785
54294887,0001,1,ACADEMIA PERFORMANCE TOTAL,02,20240312,20240312,MA,0911
54298028,0001,1,SELFIT PICOS,02,20240312,20240312,PI,1159
54298798,0001,1,,02,20240312,20240312,SP,6711
54301946,0001,1,ESPACO SAUDE MANOELA NUNES,02,20240313,20240313,BA,3455
54310244,0001,1,BG FITNESS,02,20240313,20240313,AL,2785
54325102,0001,1,LOADING FITNESS CENTER,02,20240314,20240314,SP,6649
54325278,0001,1,,02,20240314,20240314,PR,7535
54329837,0001,1,,02,20240314,20240314,MG,5387
54330478,0001,1,ACADEMIA CORPO FIT,02,20240314,20240314,CE,1537
53942771,0001,1,JF MODA MASCULINA E FEMININA,02,20240216,20240216,SP,6327
48749209,0002,2,J & M ESPACO FITNESS,02,20240315,20240315,MG,2651
54343847,0001,1,ACADEMIA IMPERIO RP,02,20240315,20240315,BA,3839
54351446,0001,1,MAXFIT,02,20240315,20240315,CE,1373
53781715,0001,1,W E ACADEMIA LTDA,02,20240202,20240202,TO,0199
54362555,0001,1,REDFOX,02,20240318,20240318,MS,9803
54362601,0001,1,INFINITY CROSS,02,20240318,20240318,BA,3849
54362866,0001,1,MOVE SPACE,02,20240318,20240318,PA,0529
54370415,0001,1,STAR TRAINING CENTER,02,20240318,20240318,RN,1779
54372692,0001,1,STUDIO SUPERACAO LTDA,02,20240318,20240318,SP,2999
54386777,0001,1,ATIVE STUDIO DE PILATES,08,20251112,20240319,BA,3597
54393460,0001,1,LEANDRO IAGUI,02,20240319,20240319,SP,7107
53861874,0001,1,PLANET FIT,02,20240208,20240208,DF,9701
54406331,0001,1,CT QUALIT,02,20240320,20240320,BA,3849
42449492,0004,2,CROSS FORMA E SAUDE,02,20240321,20240321,PE,2517
54416893,0001,1,TGD ESTUDIOS DE PILATES,02,20240321,20240321,SP,7107
31735433,0002,2,,02,20240321,20240321,SP,7107
54442992,0001,1,LFITNESS CENTER,02,20240322,20240322,CE,1573
54453638,0001,1,,02,20240325,20240325,PE,2523
54455391,0001,1,ACADEMIA NEW FITNESS,02,20240325,20240325,SP,6589
53638984,0001,1,SKYFIT ATIBAIA MALL,02,20240124,20240124,SP,6181
54474228,0001,1,E2 CENTER FITNESS,02,20240326,20240326,PR,7609
54476129,0001,1,,02,20240326,20240326,SP,6933
54487232,0001,1,LIONS ACADEMIA,02,20240326,20240326,AM,0255
54490582,0001,1,XTREME,02,20240327,20240327,RJ,6001
54491349,0001,1,STUDIO PILATES ALINE HERRERA COSTA,02,20240327,20240327,PR,7535
54491992,0001,1,FC FITNESS,02,20240327,20240327,MG,4961
53851871,0001,1,B&Z GYM,02,20240208,20240208,PR,7985
54501778,0001,1,,08,20251223,20240327,SE,3205
54509587,0001,1,DUNNA PILATES CLASSICO,02,20240328,20240328,RS,8839
54513657,0001,1,IMPACTO FIT,02,20240328,20240328,SP,6177
54534088,0001,1,YOGA BH STUDIO,02,20240401,20240401,MG,4123
50537946,0001,1,ORIGEM TREINAMENTO FISICO PERSONALIZADO,02,20230503,20230503,MG,4123
54556205,0001,1,,02,20240402,20240402,SP,6477
54559699,0001,1,GH BODY ACADEMIA PRIME,08,20250321,20240402,PB,2051
54560132,0001,1,ENDORFIT MUQUICABA,02,20240402,20240402,ES,5647
54564958,0001,1,,02,20240402,20240402,MG,5403
54574446,0001,1,FOCUS ACADEMIA,08,20250627,20240403,CE,1355
54576224,0001,1,MOVE STRONG FUNCIONAL FITNESS,04,20260529,20240403,CE,1505
54576408,0001,1,ZION PILATES E TREINAMENTO FUNCIONAL,04,20260522,20240403,RJ,5865
54576994,0001,1,PULSE ACADEMIA SANTA EDWIGES,02,20240403,20240403,SP,6219
54577355,0001,1,,02,20240403,20240403,SC,8083
54580975,0001,1,ESTUDIO DE TREINAMENTO PERSONALIZADO FUNCIONAL DU CORRE,02,20240403,20240403,SC,8319
54592783,0001,1,STUDIO JL FITNESS,02,20240404,20240404,PA,0499
54600707,0001,1,OXYGEN,02,20240404,20240404,AL,2845
54600742,0001,1,FLORIPA! FUNCIONAL E RUN,02,20240404,20240404,SC,8105
54601207,0001,1,ALPHA FIT,02,20240404,20240404,GO,9449
54602235,0001,1,CB STUDIO,02,20240404,20240404,RJ,5813
10830005,0003,2,,02,20240404,20240404,SC,8047
54604028,0001,1,CF MINOTAURO,02,20240404,20240404,MG,5091
54613852,0001,1,ICEJOAO,02,20240405,20240405,MG,5401
54339323,0001,1,BIO FIT,02,20240315,20240315,RJ,6001
53063751,0001,1,STUDIO VELOCITY INDAIATUBA,02,20231130,20231130,SP,6511
54633990,0001,1,MJS COACH FITNESS,02,20240408,20240408,SC,8105
54649856,0001,1,LETICIA BIANCHI FISIOTERAPIA E PILATES,02,20240409,20240409,RS,8775
54651075,0001,1,F.L.A ACADEMIAS LTDA,02,20240409,20240409,SP,7107
54652629,0001,1,NERON GYM,02,20240409,20240409,SP,7107
54653151,0001,1,EDILMAR JOSE DE SOUZA,02,20240409,20240409,BA,3849
54653288,0001,1,RED TIME III,02,20240409,20240409,RJ,6001
54658580,0001,1,,02,20240409,20240409,MA,0921
54662640,0001,1,SALES E GOMES TREINAMENTOS,02,20240409,20240409,MG,4123
48053044,0001,1,3F FULLBODY FUNCIONAL FIGHT,08,20240416,20220922,SP,6637
54676680,0001,1,STUDIO VIVER SAUDE,02,20240410,20240410,SP,6475
54677311,0001,1,ASSESSORIA ALL TRAINING,02,20240410,20240410,MG,5275
54678175,0001,1,,08,20260113,20240410,SP,7107
54678684,0001,1,FIT CLUB VERA CRUZ,02,20240410,20240410,BA,3963
54682427,0001,1,,02,20240410,20240410,SP,6589
54687258,0001,1,ELEMENTUS PILATES SAUDE E BEM ESTAR LTDA,02,20240411,20240411,RJ,5925
54687369,0001,1,BT PRIME,02,20240411,20240411,BA,3807
54688149,0001,1,ACADEMIA NG,02,20240411,20240411,PB,1981
54689860,0001,1,ACADEMIA CORPO E MENTE,02,20240411,20240411,BA,3313
54689925,0001,1,ESTUDIO DE PILATES LUANA RIBEIRO,02,20240411,20240411,SP,6627
54691404,0001,1,HYPER FIT ACADEMIA,08,20240524,20240411,TO,0197
54693168,0001,1,CT MOVIMENT FIT,02,20240411,20240411,SP,6861
54694818,0001,1,,02,20240411,20240411,MG,4701
54697437,0001,1,,08,20241002,20240411,RS,8681
54702968,0001,1,,02,20240412,20240412,BA,3117
54705202,0001,1,REVOLUCAO FITNESS,02,20240412,20240412,SP,6907
54709147,0001,1,CROSS CONEXAO,02,20240412,20240412,SC,8215
54710269,0001,1,GARRA ACADEMIA,02,20240412,20240412,CE,1373
54712424,0001,1,,02,20240412,20240412,RS,8801
54728090,0001,1,,02,20240415,20240415,SC,8233
54728374,0001,1,OBJETIVA NATACAO E MUSCULACAO,02,20240415,20240415,SP,6361
54731074,0001,1,STUDIO DE PERSONAL CT ROCHA,02,20240415,20240415,SC,8039
50498154,0001,1,ACADEMIA SPORT WAY,02,20230430,20230430,BA,3849
54746041,0001,1,PORTSOLAR,02,20240416,20240416,PA,0381
54751418,0001,1,,02,20240416,20240416,MS,9131
54752097,0001,1,CONEXSURF,02,20240416,20240416,SC,8047
54756637,0001,1,,02,20240416,20240416,SP,6741
54756932,0001,1,CROSS INFANTE,02,20240416,20240416,RJ,6001
54764475,0001,1,PARISFITNESS,02,20240417,20240417,RN,1777
54766141,0001,1,ACADEMIA FLIPPER,02,20240417,20240417,PB,2051
54776522,0001,1,NOVO CAMINHAR,02,20240417,20240417,SP,7071
54777756,0001,1,ACADEMIA AUTOESTIMA ENCANTADO,02,20240417,20240417,CE,1529
54781953,0001,1,ASK ASSESSORIA,02,20240418,20240418,PI,1219
54784266,0001,1,LUAN AUGUSTO,02,20240418,20240418,SP,7107
54794104,0001,1,STUDIO ALMA ATIVIDADE FISICA,02,20240418,20240418,PR,5453
53732951,0001,1,CT MONTENEGRO,08,20240610,20240131,PA,0427
54802369,0001,1,CT IRON FORCE,02,20240419,20240419,SP,6557
54803604,0001,1,STRIVE,02,20240419,20240419,TO,9733
54806123,0001,1,RACTEEC,02,20240419,20240419,SP,6619
54813734,0001,1,PORTO VILLA FIT,02,20240419,20240419,BA,3807
54826317,0001,1,DZ STUDIO INTEGRADO ARACAJU,02,20240422,20240422,SE,3105
54834060,0001,1,POSTURE PILATES,02,20240422,20240422,PR,7691
54837675,0001,1,CENTRO DE TREINAMENTO IT'S ON,02,20240422,20240422,SC,8049
54841615,0001,1,LUZI FITNESS,02,20240423,20240423,AL,2727
54842774,0001,1,,02,20240423,20240423,PR,7887
54846204,0001,1,TAVARESMAFRAREAB,02,20240423,20240423,SP,7107
54847022,0001,1,,02,20240423,20240423,BA,3573
54848598,0001,1,YOU FITNESS ACADEMIA,02,20240423,20240423,GO,9373
54848654,0001,1,IRON GYM ACADEMIA,02,20240423,20240423,CE,1447
54852361,0001,1,ACADEMIA SUPREME FITNESS LTDA,02,20240423,20240423,GO,9799
54855204,0001,1,SKY FIT ACADEMIA,02,20240423,20240423,GO,9221
54864641,0001,1,BIONEX ACADEMIA,02,20240424,20240424,RS,8877
54867352,0001,1,SALIM FISIOTERAPEUTA,08,20240916,20240424,SP,7145
54867365,0001,1,,02,20240424,20240424,SP,7107
54869983,0001,1,UP FITNESS,02,20240424,20240424,RS,8953
54870491,0001,1,RTESSER FITNESS,02,20240424,20240424,SC,8179
54884370,0001,1,JR AEJ ACADEMIA DE CONDICIONAMENTO FISICO,02,20240425,20240425,SP,6511
54896919,0001,1,COLISEU CROSS TRAINING,02,20240425,20240425,MG,5111
54903001,0001,1,STUDIO WORKOUT,02,20240426,20240426,BA,3117
54906074,0001,1,MAIS FIT ACADEMIA,02,20240426,20240426,BA,3515
54914952,0001,1,WOLFFIT,02,20240427,20240427,SP,7107
54922720,0001,1,CLARAFITNESS,02,20240429,20240429,SP,7107
54923755,0001,1,,02,20240429,20240429,MG,4733
54924534,0001,1,THE MONSTER PERFORMANCE,08,20260220,20240429,DF,9701
54924681,0001,1,DSFIT,02,20240429,20240429,AL,2877
54929186,0001,1,GOMES E RAMOS DANCAS,02,20240429,20240429,SP,7107
54931111,0001,1,,02,20240429,20240429,SP,7107
54935651,0001,1,FELLOW FITNESS,02,20240429,20240429,SP,7135
54942162,0001,1,CT MOVIMENTO,02,20240430,20240430,RS,5969
54950601,0001,1,ALPHA ACADEMIA,02,20240430,20240430,PB,1921
54956324,0001,1,ACADEMIA HFFIT,02,20240430,20240430,AL,2855
54956894,0001,1,KAREN RODRIGUES PERSONAL TRAINER,08,20250327,20240430,SP,7075
54964476,0001,1,MOVIMENTE,02,20240502,20240502,GO,9517
54974109,0001,1,,02,20240502,20240502,SP,7107
54982816,0001,1,JONAI FIGHT & PERFORMANCE,02,20240503,20240503,MG,4123
54984511,0001,1,ACADEMIA FENIX,02,20240503,20240503,RN,1743
54991605,0001,1,,02,20240503,20240503,SC,8175
54993185,0001,1,ACADEMIA BELEM FITNESS 3,02,20240503,20240503,PE,2543
54470941,0001,1,NUMBER ONE CENTRO DE TREINAMENTO,02,20240325,20240325,PE,2399
54996226,0001,1,STUDIO DE PILATES ALPHAVILLE,02,20240503,20240503,SP,6213
55014812,0001,1,ACADEMIA PH.D OFICINAS,02,20240506,20240506,PR,7777
55042678,0001,1,ACADEMIA RD FITNESS,02,20240508,20240508,ES,0758
55045080,0001,1,FG ESTUDIO,02,20240508,20240508,MG,5403
55046318,0001,1,ARENA LIFE FITNESS,08,20250822,20240508,BA,3783
55047311,0001,1,VOLL STUDIO - VILA ITAPURA,02,20240508,20240508,SP,6291
55051541,0001,1,SKYFIT I,02,20240508,20240508,SC,8089
55052908,0001,1,ERAS FIT,02,20240508,20240508,BA,3685
55070201,0001,1,ESPACO SAUDE E MOVIMENTO,02,20240509,20240509,SP,6293
55076441,0001,1,CT DARK RHINOS,02,20240510,20240510,MT,9151
55080999,0001,1,,02,20240510,20240510,SP,7071
55081619,0001,1,UP FITNESS,08,20260504,20240510,MG,5403
55084422,0001,1,,02,20240510,20240510,SP,7077
55087557,0001,1,STUDIO 50: EXERCICIO FISICO E PILATES PARA 3ª IDADE,02,20240510,20240510,ES,5611
55090220,0001,1,DISTRITO,02,20240510,20240510,MA,0108
55098401,0001,1,CF FLOW BOX,02,20240513,20240513,MG,4133
55100421,0001,1,ACADEMIA AD3 BIGUACU,02,20240513,20240513,SC,8045
55103370,0001,1,ACADEMIA PRO LIFE TRAINING,02,20240513,20240513,MS,9165
55121393,0001,1,CENTRO DE TREINAMENTO ESMERALDAS,02,20240514,20240514,MG,4481
55124502,0001,1,,02,20240514,20240514,SP,6219
55127215,0001,1,ESTADIO ACADEMIA,02,20240514,20240514,SP,7107
55131550,0001,1,PH.D SPORTS JOINVILLE SANTO ANTONIO,02,20240515,20240515,SC,8179
55139072,0001,1,EB ESPORTES,02,20240515,20240515,SP,7079
55139713,0001,1,ACADEMIA BLESSED,02,20240515,20240515,PA,0427
55140238,0001,1,STUDIO K,02,20240515,20240515,MG,5403
55142207,0001,1,SAMFER PILATES STUDIO,02,20240515,20240515,SC,8179
54973237,0001,1,GYM ACADEMIA,02,20240502,20240502,MS,0163
55165083,0001,1,STUDIO EPAG PILATES,08,20250515,20240517,MG,4371
55165490,0001,1,J L BORGNETH,02,20240517,20240517,MA,0727
55175322,0001,1,STUDIO DE PILATES RH,02,20240517,20240517,MG,5177
55175891,0001,1,CENTRO DE TREINAMENTO CTONFIT,02,20240517,20240517,SP,6291
55187781,0001,1,SHOGUN TEAM FORTALEZA CE,02,20240520,20240520,CE,1389
55189166,0001,1,SKY FIT SENADOR CANEDO,02,20240520,20240520,GO,9753
55189833,0001,1,MAVERICK ACADEMIA,08,20251205,20240520,SP,7107
55190509,0001,1,DANI CRUZ PILATES STUDIO,02,20240520,20240520,DF,9701
41713525,0002,2,STUDIO DE PILATES FUSION,08,20250805,20240520,BA,3829
55195925,0001,1,START LIFE ACADEMIA,02,20240520,20240520,GO,1050
55201128,0001,1,VILLA FITNESS,02,20240520,20240520,BA,3715
48776374,0001,1,TEAM FITNESS,02,20221201,20221201,GO,9473
55212189,0001,1,AMARILIS STUDIO DE PILATES E FISIOTERAPIA,02,20240521,20240521,SE,3105
55217685,0001,1,,02,20240521,20240521,SP,7157
54377764,0001,1,,02,20240319,20240319,MG,5397
55227969,0001,1,STUDIO JACK PERSONAL FRAGOSO,02,20240522,20240522,RJ,5849
55237559,0001,1,DECOLAGEM FITNESS,02,20240522,20240522,MA,0829
55238691,0001,1,TG DA FABIOLA,04,20260608,20240522,GO,9221
55242610,0001,1,,02,20240522,20240522,DF,9701
55255206,0001,1,HUB SPORT,02,20240523,20240523,SP,7107
55256250,0001,1,CENTRAL STUDIO PERSONALIZADO,02,20240523,20240523,SC,8135
55259276,0001,1,PERSONAL ROBERTO MARLIERE,08,20250319,20240523,MG,4123
55260315,0001,1,SHAPE Z ACADEMIA,02,20240523,20240523,RO,0695
55263397,0001,1,OVERFIT VASSOURAS,02,20240524,20240524,SP,6427
55276229,0001,1,,02,20240524,20240524,RS,8647
55278446,0001,1,FWM,08,20250113,20240525,DF,9701
55278571,0001,1,ACADEMIA LIFE STYLE 3,02,20240525,20240525,MG,4079
55293794,0001,1,KAIZEN PILATES STUDIO,08,20250630,20240527,GO,9425
55298840,0001,1,ACADEMIA INOVA FERNANDOPOLIS,02,20240527,20240527,SP,6411
55301355,0001,1,MANDACARU FITNESS,02,20240527,20240527,BA,3895
55306581,0001,1,CENTRO DE TREINAMENTO PRIME,02,20240528,20240528,CE,1345
55310505,0001,1,APICE PRO,02,20240528,20240528,ES,5703
55311142,0001,1,,02,20240528,20240528,RS,8801
55312992,0001,1,,02,20240528,20240528,SP,7107
45793279,0002,2,GYM THAFF,02,20240528,20240528,MA,0957
55314522,0001,1,,02,20240528,20240528,CE,1339
55314986,0001,1,ACADEMIA FRANCA,08,20260225,20240528,RJ,5861
55317103,0001,1,,02,20240528,20240528,RS,8561
55323055,0001,1,CA BEDUSCHI WELLNESS,02,20240529,20240529,SP,6291
55323360,0001,1,ACADEMIA FIT FUSION,02,20240529,20240529,GO,1052
55328445,0001,1,MAGNUS ACADEMIA,02,20240529,20240529,MG,4769
55330321,0001,1,JONATHAN PERSONAL ASSESSORIA ESPORTIVA,02,20240529,20240529,MT,9067
55339591,0001,1,BM PERFORMANCE STUDIO,02,20240530,20240530,MS,9043
55340122,0001,1,CT POLIESPORTIVO,02,20240530,20240530,ES,5629
55344440,0001,1,PROACTIVE PILATES,08,20240718,20240531,MG,5403
55347837,0001,1,,02,20240531,20240531,SP,7107
55358431,0001,1,STUDIO CHAVES PERSONAL,02,20240603,20240603,PA,0056
30287406,0023,2,,02,20240603,20240603,DF,9701
55366734,0001,1,B. MOOVE,02,20240603,20240603,RJ,5819
55368727,0001,1,,02,20240603,20240603,MG,4191
55381969,0001,1,SAUDE EM ACAO STUDIO DE PILATES,02,20240604,20240604,MG,5049
55389240,0001,1,FAST FIT 2,02,20240604,20240604,MG,4865
55408027,0001,1,RENOVAR STUDIO DE PILATES E FISIOTERAPIA,02,20240605,20240605,BA,3849
30396726,0002,2,,02,20240605,20240605,MS,9073
55413816,0001,1,VATICROSS TRAINING,02,20240605,20240605,SP,6477
55415017,0001,1,CTM LUYK PINHEIRO,02,20240605,20240605,CE,1585
55191731,0001,1,SETOR 35,02,20240520,20240520,MG,5035
55418593,0001,1,CT CAMPESTRE,02,20240606,20240606,MG,4219
55420697,0001,1,PRIMEFIT,02,20240606,20240606,PI,1101
24921465,0078,2,,02,20240606,20240606,SP,7145
55424251,0001,1,OFC - ORTO FIGHT CLUB,08,20260507,20240606,SP,7149
55433432,0001,1,FIT CORPUS,02,20240607,20240607,CE,1445
55434247,0001,1,COMPET,02,20240607,20240607,DF,9701
55435456,0001,1,PLENA PERFORMANCE PILATES,02,20240607,20240607,PR,7535
55441051,0001,1,START LIFE,02,20240607,20240607,PI,1093
55442558,0001,1,ALPHA FITNESS,02,20240607,20240607,BA,3849
55444175,0001,1,PANOBIANCO ACADEMIA,02,20240607,20240607,SP,7107
55446364,0001,1,TW PERSONAL TRAINER,02,20240607,20240607,RS,8749
55459908,0001,1,ACADEMIA CORPO E MOVIMENTO,02,20240610,20240610,PE,2339
55460314,0001,1,,02,20240610,20240610,SP,6589
55469463,0001,1,PERSONAL SANTOS,02,20240610,20240610,MG,4115
55471349,0001,1,FITNESS INVEST,02,20240610,20240610,EX,9707
55483313,0001,1,ARENA PRIME ACADEMIA,02,20240611,20240611,PE,2321
55485311,0001,1,DOCTOR FIT ARACATUBA,02,20240611,20240611,SP,6155
55489826,0001,1,,02,20240611,20240611,CE,1389
55494403,0001,1,ACADEMIA VITAL FLOW,02,20240612,20240612,PR,7535
55496108,0001,1,CHARRUA BARBEL & FITNESS Y NOVA SANTA RITA,02,20240612,20240612,RS,5757
55499819,0001,1,STUDIO FLOW - PILATES E TERAPIA MANUAL,02,20240612,20240612,SP,6713
55507071,0001,1,ESSENCIAL FITNESS ACADEMIA,02,20240612,20240612,PE,2631
55512330,0001,1,ACADEMIA PERFORMANCE,02,20240613,20240613,PB,1953
55514625,0001,1,CR GYM,02,20240613,20240613,MG,4501
55520405,0001,1,ESTUDIO FISIOCORPORE,02,20240613,20240613,SP,6639
55527282,0001,1,BERNARDO MAZUIM,02,20240614,20240614,RS,8915
55530473,0001,1,CT ZONA,02,20240614,20240614,RN,1685
54166217,0004,2,,02,20240614,20240614,PR,7691
55534773,0001,1,WPI GROUP,02,20240614,20240614,SP,6269
55535013,0001,1,M&B CONSULTORIA,02,20240614,20240614,RJ,5835
55137520,0001,1,ACADEMIA SMARTLIFE,02,20240515,20240515,BA,3849
55549456,0001,1,,02,20240617,20240617,GO,9373
55552625,0001,1,STUDIO NICCOLY FRANCO,02,20240617,20240617,PA,0581
55553304,0001,1,TEAM CAWELLNESS,02,20240617,20240617,RJ,5903
55561958,0001,1,ALVO 02 FIT,02,20240617,20240617,SP,7107
55563086,0001,1,LETICIA MEGGIATO FISIOTERAPIA E PILATES,02,20240617,20240617,RS,8791
55568502,0001,1,VILA FIT STUDIO,02,20240618,20240618,DF,9701
55578285,0001,1,,02,20240618,20240618,SP,7107
33092835,0002,2,GYM-X CENTRO INTERNACIONAL DE GINASTICA IRANO CARVALHO,02,20240618,20240618,SC,8105
55583667,0001,1,MARCIO UNFER ATIVIDADES FISICAS,02,20240618,20240618,RS,8593
55586835,0001,1,CIA DO CORPO,02,20240619,20240619,PE,2491
55590688,0001,1,PROVER SAUDE,08,20250130,20240619,SP,7085
55594481,0001,1,HIVE BOX CROSS TRAINING,02,20240619,20240619,RN,1927
55594986,0001,1,STUDIO FITNESS FORTE MOVIMENTO,02,20240619,20240619,BA,3721
45836969,0001,1,M2000 ACADEMIA,02,20220330,20220330,BA,3849
55600673,0001,1,SKY FIT - UNIDADE PRACA QUINZE DE OUTUBRO,02,20240619,20240619,SP,7107
55603539,0001,1,CT JARDIM PLANALTO,02,20240619,20240619,RS,8801
55606760,0001,1,ESTUDIO INSPIRE PILATES I,02,20240620,20240620,MG,5403
54132664,0001,1,TUBA ACADEMIA FITNESS,02,20240229,20240229,SC,8367
55628099,0001,1,ESPACO HITS,02,20240621,20240621,AL,2859
55630393,0001,1,,02,20240621,20240621,MT,9067
55587953,0001,1,TIME TAUAN TORATTI,02,20240619,20240619,SP,6969
55645458,0001,1,STUDIO KORE MOEMA,02,20240624,20240624,SP,7107
55645792,0001,1,LOBAO ASSESSORIA ESPORTIVA,02,20240624,20240624,SP,7107
55647497,0001,1,BIOSYNC FITNESS,02,20240624,20240624,AP,0605
55651173,0001,1,,02,20240624,20240624,SP,7107
55654211,0001,1,BOX73 CROSS LTDA,04,20260612,20240624,MG,4123
55654627,0001,1,CT KING KONG TEAM,08,20260213,20240624,SC,8039
55669680,0001,1,CMP MOVIMENTO ESPECIALIZADO,08,20251217,20240625,SC,8183
52242962,0002,2,,02,20240625,20240625,MA,0847
17474568,0004,2,,02,20240625,20240625,RS,8801
55553094,0001,1,,02,20240617,20240617,GO,9221
55686624,0001,1,,08,20260406,20240626,SP,6425
55689513,0001,1,ACADEMIA SAUDE EM MOVIMENTO,02,20240626,20240626,MA,0921
31834358,0007,2,EVOQUE ACADEMIA UNIDADE VILA NOVA,02,20240626,20240626,GO,9373
55700227,0001,1,C4-FITNESS,02,20240627,20240627,RO,0035
55704467,0001,1,PHISIC FORM STUDIO,02,20240627,20240627,RO,0007
55712910,0001,1,ERICKA RODRIGUES PILATES STUDIO,02,20240627,20240627,TO,9733
55726083,0001,1,,02,20240628,20240628,SP,6969
55728957,0001,1,,02,20240628,20240628,RS,8619
55743003,0001,1,STUDIO VELOCITY,02,20240701,20240701,SP,7107
55746666,0001,1,,02,20240701,20240701,MG,4123
55747633,0001,1,,02,20240701,20240701,RS,8801
55750171,0001,1,LIFE STUDIO PILATES E FISIOTERAPIA,02,20240701,20240701,MG,4751
55756125,0001,1,SKYFIT CURITIBA,02,20240701,20240701,PR,7535
55756615,0001,1,,02,20240702,20240702,ES,5625
55777443,0001,1,CORPO&MENTE ESPACO TERAPEUTICO LTDA,02,20240703,20240703,RJ,5801
55785886,0001,1,MS MARIANE SUELEN,02,20240703,20240703,SP,6589
55797132,0001,1,ACADEMIA CORPO EM FORMA,02,20240704,20240704,BA,3693
55802777,0001,1,EDILENE FISIOTERAPIA,02,20240704,20240704,ES,5625
55814579,0001,1,22 TRAINNER,02,20240705,20240705,MS,9003
53106236,0001,1,SEF GINASTICA ARTISTICA BY PAOLA DRUMMOND,02,20231205,20231205,RJ,6001
55816798,0001,1,AKCM INDOOR CYCLING,02,20240705,20240705,DF,9701
55821608,0001,1,JA PRIME WELLNESS GROUP,02,20240705,20240705,RJ,2921
55822676,0001,1,,02,20240705,20240705,SP,6477
55823427,0001,1,STUDIO INTEGRAR - PILATES E MASSAGEM,02,20240705,20240705,SC,8105
55824732,0001,1,VICCI STUDIO PINHEIROS I,02,20240705,20240705,SP,7107
55835349,0001,1,POMPEU CENTRO DE TREINAMENTO,02,20240708,20240708,MA,0108
55835422,0001,1,ALLP FIT ACADEMIA,02,20240708,20240708,MG,5373
55839163,0001,1,AGS ASSESSORIA ESPORTIVA,02,20240708,20240708,RS,8703
55851435,0001,1,RC PERFORMANCE ACADEMIA,02,20240709,20240709,CE,1585
55868935,0001,1,,02,20240710,20240710,SC,8089
55876038,0001,1,STRONG FAMILY GYM,02,20240710,20240710,SP,6231
55886743,0001,1,MVS ATIVIDADES ESPORTIVAS,02,20240711,20240711,DF,9701
55889751,0001,1,,02,20240711,20240711,RJ,5869
55892268,0001,1,COLISEO CENTRO DE TREINAMENTO,02,20240711,20240711,MG,4959
55895203,0001,1,,02,20240711,20240711,SP,6137
22902694,0116,2,,02,20240711,20240711,MA,0921
53820396,0001,1,MAXIMUS ACADEMIA,02,20240206,20240206,MT,9035
30287406,0025,2,,02,20240711,20240711,DF,9701
55903317,0001,1,GRITT FIT,02,20240712,20240712,CE,1563
55903829,0001,1,STUDIO OLIVEIRA,02,20240712,20240712,SP,6281
55904399,0001,1,HIDROFLOW,02,20240712,20240712,SC,8083
28906851,0002,2,CLINICA DO MOVIMENTO,08,20250102,20240712,RS,8815
55914826,0001,1,CASA BOX,02,20240712,20240712,RJ,6001
55927186,0001,1,LEVEL UP ACADEMIA,02,20240715,20240715,GO,1056
55929752,0001,1,GALERIA WINNER,02,20240715,20240715,PA,0401
55930412,0001,1,STATUS GYM,02,20240715,20240715,MG,4123
55955688,0001,1,CT ALDEIA,02,20240716,20240716,BA,3573
55960123,0001,1,PH.D SPORTS ALM.TAMANDARE,02,20240716,20240716,PR,7407
55961466,0001,1,STUDIO PATY SOARES,02,20240717,20240717,RJ,5865
55965159,0001,1,,02,20240717,20240717,SP,7099
55970223,0001,1,PLANET MUSCLE,02,20240717,20240717,MG,4123
55972631,0001,1,I9 ASSESSORIA ESPORTIVA,02,20240717,20240717,MG,4445
55974949,0001,1,ACADEMIA ONE VIP FITNESS,02,20240717,20240717,PE,2599
55983107,0001,1,ACADEMIA LIFE FITINESS,02,20240718,20240718,ES,5625
55996928,0001,1,FAMILIA CORREDORA,02,20240719,20240719,MG,4123
22125234,0012,2,,02,20240719,20240719,SP,7145
56003992,0001,1,FLAVIA OLIVEIRA FITNESS,02,20240719,20240719,SP,7167
56021114,0001,1,RM LONGEVIDADE E MOVIMENTO,02,20240722,20240722,SP,6619
56021883,0001,1,LUCIANA FOGACA PERSONAL TRAINER,02,20240722,20240722,SP,6543
56039791,0001,1,MACROFIT,02,20240723,20240723,BA,3265
56040905,0001,1,GARAGE GYM,02,20240723,20240723,RS,8721
56052176,0001,1,,02,20240723,20240723,SP,7057
56059945,0001,1,ACADEMIA LIFE FITNESS,02,20240724,20240724,AM,0255
56064120,0001,1,GAROTA FITNESS,02,20240724,20240724,RJ,2921
56067990,0001,1,IRON TRAINING,02,20240724,20240724,BA,3991
56068161,0001,1,PERSONAL FIT ACADEMIA,02,20240724,20240724,BA,3741
56070405,0001,1,,02,20240724,20240724,RS,8801
56077755,0001,1,MAIS SAUDE CARDIO,08,20250210,20240725,MG,4097
56088270,0001,1,STUDIO FIT ACADEMIA,02,20240725,20240725,GO,9301
56088981,0001,1,,02,20240725,20240725,SC,8233
56094476,0001,1,MOVE ACADEMIA,02,20240725,20240725,PA,0595
55820727,0001,1,500 ACADEMIA,02,20240705,20240705,GO,9473
56097022,0001,1,ARENA UNIC,02,20240726,20240726,SP,7075
56098811,0001,1,BRAGANCA SKYFIT ACADEMIA,08,20250515,20240726,SP,6251
56102037,0001,1,WR FITNESS,02,20240726,20240726,BA,3993
56112866,0001,1,,02,20240726,20240726,SP,6669
56124552,0001,1,PURE PILATES SCS SANTA PAULA,02,20240729,20240729,SP,7077
56125279,0001,1,STUDIO BELLA FITNES,02,20240729,20240729,TO,0173
56131070,0001,1,,02,20240729,20240729,RJ,6001
56134923,0001,1,ACADEMIA TOP FIT,02,20240729,20240729,PE,2531
56147492,0001,1,QUALITY FITNESS STUDIO FUNCIONAL,02,20240730,20240730,RS,8701
56148020,0001,1,LOURRAINE SARTORI PILATES,08,20260505,20240730,SP,6155
56155018,0001,1,CENTRO DE TREINAMENTO TOP FITNESS,02,20240730,20240730,MG,4489
55230427,0001,1,FITNESS CURITIBA SANTA FELICIDADE,02,20240522,20240522,PR,7535
56176249,0001,1,ACADEMIA IMPACTO GL DELTA LTDA,02,20240731,20240731,MG,0602
56191930,0001,1,F.E.ALBUQUERQUE II,02,20240731,20240731,MA,0815
56192803,0001,1,VIVER FISIOTERAPIA E PILATES,02,20240801,20240801,MG,4553
56194666,0001,1,KA FITNESS ACADEMIA,02,20240801,20240801,SP,6109
43943342,0003,2,GALO ACADEMIA,02,20240801,20240801,TO,9683
56199167,0001,1,ALFA FITNESS,02,20240801,20240801,BA,3373
56199262,0001,1,,02,20240801,20240801,PR,7749
56201347,0001,1,GOYA HEALTH CLUB,02,20240801,20240801,MG,4123
56202455,0001,1,EXPERIENCE MOVE,02,20240801,20240801,SP,6275
56220902,0001,1,XTREME FITNES,02,20240802,20240802,AL,2881
56221978,0001,1,DOVAL GYM,02,20240802,20240802,RS,8771
56222160,0001,1,NOVA META LTDA,02,20240802,20240802,ES,5723
56222998,0001,1,MARCELLY JUSTUS PERSONAL,08,20250825,20240802,SP,7107
56226380,0001,1,,02,20240802,20240802,PR,7535
56237518,0001,1,FOKS NATACAO,02,20240802,20240802,MG,4867
56237921,0001,1,ESPACO AQUATICO CLINICA CEHOPE,02,20240802,20240802,PE,2379
56238139,0001,1,MERGULHO CERTO,02,20240802,20240802,RS,8961
56239659,0001,1,STUDIO VIVIAN VARGAS,02,20240802,20240802,RJ,6001
56253751,0001,1,TEAM CORTEZ CONSULTORIA ONLINE,08,20250320,20240804,CE,1389
56259173,0001,1,SAKURA HOLISTERAPIA & WELLNESS,08,20241217,20240805,RS,8849
56260260,0001,1,CALHEIROS PERFORMANCE,02,20240805,20240805,DF,9701
56263149,0001,1,ESTUDIO FUNCIONAL JN SAUDE TOTAL,02,20240805,20240805,RJ,6001
56294030,0001,1,VERTICE CENTRO DE TREINAMENTO,02,20240805,20240805,RS,8841
56294233,0001,1,ACADEMIA VIVER BEM,02,20240805,20240805,MG,4133
56308673,0001,1,ACADEMIA EXTREME FITNESS,02,20240806,20240806,ES,5685
56322312,0001,1,,02,20240806,20240806,MG,4553
56339580,0001,1,BEM ESTAR PILATES,02,20240807,20240807,SP,7107
56340332,0001,1,JR SOCCER ASSESSORIA ESPORTIVA,02,20240807,20240807,BA,3593
56345273,0001,1,HABITUS STUDIO PERSONAL,02,20240807,20240807,MG,5343
56346291,0001,1,,02,20240807,20240807,CE,1559
56367434,0001,1,,02,20240807,20240807,MG,5239
56383788,0001,1,,02,20240808,20240808,SP,6559
56385525,0001,1,ACADEMIA L A FITNESS,02,20240808,20240808,GO,0077
56387375,0001,1,ACADEMIA PREMIUM WORK,02,20240808,20240808,PR,0856
56394300,0001,1,STUDIO MOVE FIT,02,20240808,20240808,SP,6181
56416745,0001,1,SKYFIT,02,20240808,20240808,PE,2531
56426118,0001,1,,02,20240809,20240809,SP,7107
56426274,0001,1,CENTRO DE TREINAMENTO TIELE CAMPOS,02,20240809,20240809,TO,9463
56442242,0001,1,ATLAS CENTRO DE TREINAMENTO,02,20240812,20240812,RS,8791
56562884,0001,1,F5 FITNESS,02,20240812,20240812,BA,3419
56615789,0001,1,EXTREME CROSS,02,20240813,20240813,MT,8985
56617052,0001,1,REVITA ESTUDIO DE PILATES,02,20240813,20240813,SP,7107
56634972,0001,1,,08,20250909,20240813,SC,8175
56658324,0001,1,WG ACADEMIAS,02,20230815,20230815,DF,9701
56659494,0001,1,STUDIO FIT,02,20240813,20240813,MA,0853
56660881,0001,1,PK FITNESS,02,20240813,20240813,SC,8081
56687638,0001,1,THAIS LANA STUDIO DE PILATES,02,20240814,20240814,MG,5343
24921465,0096,2,,02,20240814,20240814,SP,7149
56705976,0001,1,ACADEMIA MASTER FITT,02,20240814,20240814,PR,7949
56730142,0001,1,ACADEMIA MORENA FITNESS,02,20240814,20240814,BA,3451
56781758,0001,1,ACADEMIA FENIX,02,20240815,20240815,SC,8295
56795949,0001,1,OLAVO PERSONAL TRAINER,02,20240815,20240815,SP,6465
56804969,0001,1,BIOFISIC A&C,02,20240815,20240815,MG,4647
56824197,0001,1,CTMSP,02,20240815,20240815,BA,3407
55768673,0001,1,N10 SOLUCOES,02,20240702,20240702,AM,0255
56304435,0001,1,VEM CUIDAR FITNESS,02,20240806,20240806,MG,4223
56876781,0001,1,TAVARES FITNESS,02,20240816,20240816,BA,3413
56881773,0001,1,PERFORMANCE CLUB,08,20241212,20240816,GO,9459
56882767,0001,1,G-FIT,02,20240816,20240816,MA,0783
56885344,0001,1,,02,20240816,20240816,SP,7099
56887095,0001,1,AMCARVALHAL FITNESS,02,20240816,20240816,SC,8039
56887217,0001,1,STUDIO + SAUDE,02,20240816,20240816,BA,3691
22902694,0119,2,,02,20240819,20240819,PE,2531
56905550,0001,1,BOX 10 CT,02,20240819,20240819,PB,1965
56908553,0001,1,,02,20240819,20240819,RS,8801
56908687,0001,1,ALPHA SPORTS,02,20240819,20240819,MG,5049
56912792,0001,1,ACADEMIA FORCA E VONTADE,02,20240819,20240819,PB,2067
56914558,0001,1,,02,20240819,20240819,PR,7929
56917268,0001,1,GO FITNESS,02,20240819,20240819,PA,0533
56927040,0001,1,GG POWER FITNESS,02,20240820,20240820,RN,1761
56927512,0001,1,,02,20240820,20240820,SP,7107
56928646,0001,1,,02,20240820,20240820,RS,8815
56930519,0001,1,,02,20240820,20240820,SP,7107
56930876,0001,1,LEESTE PILATES,02,20240820,20240820,SP,7099
56931665,0001,1,CAOS FITNESS,02,20240820,20240820,SP,6219
56943777,0001,1,PRISMA - STUDIO DE PILARES,02,20240821,20240821,PR,7535
56945679,0001,1,ARTUR AZEVEDO PERSONAL TRAINER,02,20240821,20240821,DF,9701
56953621,0001,1,VINTAGYM,08,20250401,20240821,SP,6477
56958805,0001,1,STUDIO DE PILATES JULIANA MOURA,02,20240821,20240821,PA,0427
45161873,0001,1,ACADEMIA IMPACTO,02,20241125,20220204,BA,3833
24921465,0100,2,,02,20240822,20240822,MG,4123
56967579,0001,1,PROFITNESS ACADEMIA,08,20250324,20240822,SE,3209
56968789,0001,1,ESPACO DE SAUDE EQUILIBRIO,02,20240822,20240822,MG,4171
56970133,0001,1,CORPUS ACADEMIA,02,20240822,20240822,CE,1527
56972791,0001,1,STRONG HEALTH,02,20240822,20240822,SP,6181
45707603,0001,1,ACADEMIA MUNDO DO CORPO,02,20250130,20220318,CE,1429
56983506,0001,1,SUBLIME FITNESS,02,20240823,20240823,RS,8963
56986044,0001,1,,02,20240823,20240823,RS,8801
56986088,0001,1,,08,20250827,20240823,SP,6311
56986572,0001,1,,02,20240823,20240823,SC,8081
56993220,0001,1,,02,20240823,20240823,SP,6969
55908165,0001,1,STUDIO ID PERSONAL TRAINER,02,20240712,20240712,MS,9051
55724950,0001,1,ESPACO C PILATES,02,20240628,20240628,RJ,6001
57010164,0001,1,,02,20240826,20240826,PR,7667
57011464,0001,1,AMPLA FITNESS ACADEMIA,02,20240826,20240826,BA,3849
57014984,0001,1,THOR,02,20240826,20240826,GO,9227
57016603,0001,1,HMF FISICA,08,20250603,20240826,GO,9329
57017076,0001,1,RODRIGO BRIVIO E GEDOIS,02,20240826,20240826,SP,7097
57035858,0001,1,DM ACADEMIA,02,20240827,20240827,PI,1163
57049624,0001,1,START FIT,08,20260515,20240828,SP,7107
57050397,0001,1,PRO SIDE CENTRO DE TREINAMENTOS,02,20240828,20240828,RS,8589
57052560,0001,1,GUIA DO BOM JOGO,02,20240828,20240828,SP,7107
57073487,0001,1,STUDIO FEMININO ROCHELLE SILVA,02,20240829,20240829,SP,7121
57074714,0001,1,,02,20240829,20240829,SP,6131
57081923,0001,1,IDEAL GYM,02,20240830,20240830,SP,6605
53078710,0001,1,DJ PILATES,08,20241002,20231201,SC,8105
57104293,0001,1,FEST FITNESS,02,20240902,20240902,PA,0547
57108841,0001,1,STUDIO PILATES MONIQUE BREUER,02,20240902,20240902,RJ,1116
51254777,0001,1,DOCTORFIT,02,20230630,20230630,RJ,6001
57116430,0001,1,,02,20240902,20240902,ES,5703
47716215,0001,1,ARENA GYM,04,20260608,20220825,GO,9301
57131771,0001,1,STUDIO KAREN QUERO,02,20240903,20240903,SP,6865
46768872,0001,1,,02,20220613,20220613,MG,5441
57134628,0001,1,DRAGONS FITNESS,02,20240903,20240903,MG,5403
57143552,0001,1,,02,20240904,20240904,RS,8953
30465413,0004,2,BIOFORMA SAUDE,02,20240904,20240904,RJ,0770
53677573,0003,2,W3 GYM,04,20260529,20240904,CE,1457
57155825,0001,1,STUDIO PERSONAL BM,02,20240904,20240904,RJ,6001
57158521,0001,1,,02,20240904,20240904,SP,7107
57163753,0001,1,WL FITNESS,02,20240905,20240905,PE,2381
57167887,0001,1,SUPER TREINO,04,20260529,20240905,CE,1373
57170211,0001,1,,02,20240905,20240905,SP,7107
56185078,0001,1,ACADEMIA HEROES,02,20240731,20240731,PR,7535
57182239,0001,1,BOX CMD CT,02,20240906,20240906,MG,4349
57186077,0001,1,AFIT ACADEMIA,02,20240906,20240906,PI,0402
57187805,0001,1,LS TRAINER LTDA,02,20240906,20240906,PR,7535
57189310,0001,1,,02,20240906,20240906,SP,6711
57189521,0001,1,MAYARA MIRANDA ACADEMIA,02,20240906,20240906,MG,4173
50140393,0001,1,MOVIE STUDIO,02,20230330,20230330,SP,2951
57193448,0001,1,,02,20240907,20240907,RS,6019
57200382,0001,1,ACQUA ACADEMIA,02,20240909,20240909,MG,4123
57201187,0001,1,SMART FIT DR FREITAS,02,20240909,20240909,PA,0427
57204533,0001,1,FC STUDIO,02,20240909,20240909,SC,8315
51745050,0002,2,MEGA GYM FITNESS,02,20240909,20240909,RJ,5819
45257304,0001,1,SHARK EVOLUTION,02,20220211,20220211,SP,7077
57219285,0001,1,LIBERTY ACADEMIA,02,20240910,20240910,RS,8519
57224173,0001,1,EIZI POWER CLUB,02,20240910,20240910,RN,1761
53135852,0001,1,ATHLETICA ASSESSORIA ESPORTIVA,02,20231207,20231207,AL,2785
57231515,0001,1,ACADEMIA OASIS,02,20240910,20240910,SP,6875
31834358,0027,2,EVOQUE ACADEMIA TENESSE,02,20240910,20240910,SP,7107
57242417,0001,1,ACADEMIA PILATEK DE PILATES,02,20240911,20240911,SP,6177
57243828,0001,1,MOTION FIT SANTA TERESINHA ACADEMIA,02,20240911,20240911,SP,7057
57244195,0001,1,STUDIO SE7E,02,20240911,20240911,AL,2785
57251108,0001,1,DAN PILATES,02,20240911,20240911,SP,7107
57252270,0001,1,RAFAEL PEDRO EXERCISE IS MEDICINE,02,20240911,20240911,PR,7667
57261009,0001,1,,02,20240912,20240912,SE,3217
57268168,0001,1,,02,20240912,20240912,CE,1401
57298797,0001,1,TEAM ONE ACESSORIA FITNESS,08,20250522,20240916,CE,1529
57300862,0001,1,MEGA FITNESS MOVIMENT,02,20240916,20240916,PE,2497
57305185,0001,1,,02,20240916,20240916,MG,4921
57306030,0001,1,,02,20240916,20240916,MG,4943
57310704,0001,1,CT MONTENEGRO,02,20240916,20240916,PA,0427
57321893,0001,1,CFS PARELHEIROS,02,20240917,20240917,SP,7107
57325689,0001,1,LAGUNA FIT,02,20240917,20240917,SP,6459
57329216,0001,1,CASTRIOTO FISIOLOGIA DO EXERCICIO NA SAUDE,02,20240918,20240918,DF,9701
57332792,0001,1,ACADEMIA FOURFORCE,08,20250609,20240918,RS,8963
57336199,0001,1,ONFIT,02,20240918,20240918,AP,0605
57340594,0001,1,CHARLES TORSO CENTRO DE TREINAMENTO,02,20240918,20240918,SP,7107
57340816,0001,1,ACADEMIA ALPHA FITNESS,02,20240918,20240918,BA,3669
57345315,0001,1,TMS SERVICOS ESPECIALIZADOS,02,20240918,20240918,BA,3515
57352162,0001,1,MT FIT TREINAMENTO FUNCIONAL,02,20240919,20240919,DF,9701
57352620,0001,1,SPACO SAUDE ACADEMIA,02,20240919,20240919,SC,8179
57356364,0001,1,NATIVA PILATES FUNCIONAL,02,20240919,20240919,SC,8089
57357291,0001,1,,02,20240919,20240919,SP,7107
57360494,0001,1,CENTRO DE TREINAMENTO - THE BODY MACHINE,02,20240919,20240919,SP,6921
57363299,0001,1,VM MOVIMENT,02,20240919,20240919,SP,7057
57365284,0001,1,A51 FIT,02,20240919,20240919,PE,2547
57391937,0001,1,,02,20240923,20240923,AL,2705
57395867,0001,1,,02,20240923,20240923,PR,7535
57403794,0001,1,ACADEMIA BEM ESTAR,02,20240923,20240923,CE,1337
57406932,0001,1,STUDIO ALEANDRO PERSONAL,02,20240924,20240924,BA,3373
57407302,0001,1,AQUA POINT ITAIPUACU,02,20240924,20240924,RJ,5853
57407515,0001,1,ACADEMIA GYM FITNESS,04,20260612,20240924,MG,4921
57412790,0001,1,,04,20260611,20240924,CE,1247
57426497,0001,1,BOX CITY CROSS TRAINING,02,20240925,20240925,MG,5155
57428885,0001,1,ATHLETIC FITNESS,02,20240925,20240925,GO,9373
57433288,0001,1,ACADEMIA ROCHA FITNESS,02,20240925,20240925,BA,3849
57437235,0001,1,,02,20240925,20240925,RS,8771
45448998,0002,2,JOHN WORLD FITNESS,08,20260323,20240926,GO,1050
57445212,0001,1,ON FIT ACADEMIA,08,20250127,20240926,PE,2393
57445586,0001,1,,02,20240926,20240926,SP,7057
57445912,0001,1,PUMP GYM,04,20260608,20240926,BA,3993
57448940,0001,1,PERSONAL VIP,02,20240926,20240926,RJ,6001
23064515,0002,2,FISIO FITNESS,02,20240926,20240926,MG,4077
57457451,0001,1,DESTAK ACADEMIA,02,20240926,20240926,SP,7107
57459196,0001,1,ASSESSORIA DE EVENTOS ESPORTIVOS C.A.D.A.,02,20240926,20240926,SP,7107
57466022,0001,1,VIVAZ PILATES CAPUTIRA,02,20240927,20240927,MG,4257
57468809,0001,1,ACADEMIA POS TREINO CT-VCA,02,20240927,20240927,BA,3965
57470664,0001,1,L FIT ACADEMIA,02,20240927,20240927,CE,1337
57470938,0001,1,BELLA FORMA STUDIO FITNESS,02,20240927,20240927,RJ,5893
57482404,0001,1,,02,20240929,20240929,SC,8205
57484004,0001,1,INPULSE ESTUDIO FITNESS,02,20240930,20240930,SE,3111
57484745,0001,1,ACADEMIA BROTHERS IN IRON,02,20240930,20240930,SP,6291
47924772,0002,2,STUDIO LEVY NETO,02,20240930,20240930,RJ,5849
24339925,0023,2,,08,20260313,20240930,PR,7583
57494582,0001,1,X SPACE ACADEMIA,02,20240930,20240930,MG,5337
57498573,0001,1,EDUARDA DAROS PILATES E FISIOTERAPIA,02,20240930,20240930,SC,8225
57502925,0001,1,ASSESSORIA ALEXANDRE ALVES,02,20241001,20241001,MT,9779
57505073,0001,1,,02,20241001,20241001,PR,7859
57518689,0001,1,SAADA RK TRAINER,02,20241001,20241001,SP,7107
57522529,0001,1,STUDIO DIEGO GUEDES,02,20241002,20241002,RS,8589
57526750,0001,1,MOVERE STUDIO DE MOVIMENTO,02,20241002,20241002,RS,8785
57530492,0001,1,MARFAMO CONDICIONAMENTO,02,20241002,20241002,SP,6165
57534207,0001,1,SAUDE & FITNESS TREINAMENTO,02,20241002,20241002,SP,6477
57542628,0001,1,BRUNO PAIVA PERSONAL,02,20241003,20241003,PI,1219
57543416,0001,1,MONSTER FITNESS,02,20241003,20241003,GO,9395
57545946,0001,1,ACADEMIA NOVO HORIZONTE,08,20260507,20241003,TO,9241
54409317,0001,1,CORE GYM,02,20240320,20240320,CE,1559
53623636,0001,1,ACADEMIA VILLAFIT,02,20240123,20240123,PA,0535
57571694,0001,1,E2 CENTER SAUDE E PERFORMANCE,02,20241004,20241004,AL,2785
57120125,0001,1,,02,20240902,20240902,SP,7077
48257196,0001,1,PERSONAL DE RESULTADO,02,20221011,20221011,MG,4123
57587642,0001,1,STUDIO NISIKAWA,02,20241007,20241007,SP,7065
57592847,0001,1,,02,20241007,20241007,MG,4123
57593389,0001,1,STARTFIT ACADEMIA,02,20241007,20241007,RS,8935
57594562,0001,1,FALCAO CTB,02,20241007,20241007,BA,3413
53714553,0001,1,BOX NEW WORLD,02,20240130,20240130,SP,2993
57601259,0001,1,NOVA GERACAO GYM,02,20241008,20241008,RS,8773
57601815,0001,1,CENTRO DE TREINAMENTO GH FITNESS LTDA,02,20241008,20241008,SE,3157
57602425,0001,1,MG3 FITNESS,02,20241008,20241008,SP,6155
57604825,0001,1,DK ACADEMIA 2,02,20241008,20241008,SP,6549
57609565,0001,1,KEEPFIGHTING ACADEMIA,02,20241008,20241008,SP,6221
57627326,0001,1,,02,20241009,20241009,CE,1545
57630309,0001,1,CATARINA FONSECA PERSONAL TRAINER,02,20241009,20241009,SP,7107
57636561,0001,1,ACESSO SAUDE E PERFORMANCE,02,20241010,20241010,SP,7145
57638935,0001,1,BIO BALANCE STUDIO,02,20241010,20241010,SC,8179
57642375,0001,1,LTCROSS,02,20241010,20241010,MG,4633
57648375,0001,1,CENTRO DE TREINAMENTO MENDONCA,02,20241010,20241010,ES,5625
57649100,0001,1,ACADEMIA 12FIT,02,20241010,20241010,SC,8143
57650505,0001,1,WG ACADEMIAS,02,20230814,20230814,DF,9701
57650838,0001,1,JG FITNESS,02,20241011,20241011,SP,6929
57651339,0001,1,PERFORMACE ACADEMIA,02,20241011,20241011,MT,9027
57659447,0001,1,LION FIT CLUB,02,20241011,20241011,BA,3901
57661678,0001,1,,02,20241011,20241011,MG,5425
57670657,0001,1,ACADEMIA FORCA E SAUDE,02,20241014,20241014,PI,1109
57673069,0001,1,,02,20241014,20241014,SP,7107
57676141,0001,1,LUX ACADEMIA,02,20241014,20241014,GO,9227
57677888,0001,1,RR ACADEMIA,02,20241014,20241014,RS,7297
57678020,0001,1,STUDIO VELOCITY,02,20241014,20241014,SC,8081
57678788,0001,1,ACADEMIA CT BRUNA GAMA,02,20241014,20241014,SE,3105
57685911,0001,1,VKFIT ACADEMIA,02,20241014,20241014,SP,6269
57691335,0001,1,ACADEMIA CORPO E SAUDE,02,20241015,20241015,DF,9701
57695556,0001,1,ALLP FIT ACADEMIA,02,20241015,20241015,BA,3661
47828798,0002,2,COMPLEXO SPOT,02,20241015,20241015,CE,1389
56885211,0001,1,BLANC GYM,02,20240816,20240816,SP,6589
54111165,0001,1,CENTRO DE TREINAMENTO MAMUSCLES,02,20240228,20240228,SC,8205
57710333,0001,1,MOTION FIT FERRAZ DE VASCONCELOS,02,20241016,20241016,SP,6415
57713733,0001,1,FITNESS IN HOUSE,02,20241016,20241016,PR,7889
57723147,0001,1,MB FITNESS - STUDIO PERSONAL,02,20241017,20241017,PR,7435
57725263,0001,1,,02,20241017,20241017,RJ,6001
57726844,0001,1,AR FITNESS ACADEMIA,02,20241017,20241017,BA,3661
57728739,0001,1,IRON FITNESS,02,20241017,20241017,CE,9857
55750937,0002,2,STUDIO VELOCITY,08,20251001,20241017,SP,6715
48766376,0001,1,G10 FITNESS,02,20221130,20221130,RJ,5801
57739192,0001,1,STUDIO TOAR,02,20241017,20241017,BA,3849
57740347,0001,1,,02,20241018,20241018,SP,7107
55727011,0001,1,,02,20240628,20240628,MS,9131
57749450,0001,1,RM SQUAD,02,20241018,20241018,PE,2409
57752501,0001,1,ACADEMIA HABITUS,02,20241018,20241018,RS,1176
57756347,0001,1,GEN-E,02,20241019,20241019,SP,7107
19323446,0002,2,ACADEMIA ESPACO FITNESS,02,20241021,20241021,BA,3905
24921465,0103,2,,02,20241021,20241021,AM,0255
57767866,0001,1,SKYFIT TATUI,02,20241021,20241021,SP,7181
57779857,0001,1,PRIME CENTRO DE TREINAMENTO,02,20241021,20241021,MT,9865
57784029,0001,1,,02,20241022,20241022,PR,5501
57697586,0002,2,STUDIOSS PILATES,02,20241022,20241022,SC,8025
57787860,0001,1,CJR ATIVIDADES ESPORTIVAS,02,20241022,20241022,MG,0684
57790034,0001,1,E3 PERFORM CENTRO DE TREINAMENTO,02,20241022,20241022,RN,1779
57790280,0001,1,HENRIQUE FITNESS & WELLNESS,02,20241022,20241022,SP,7107
53089620,0002,2,ESPACO VN,08,20250709,20241022,RJ,6001
57802026,0001,1,CENTRO DE TREINAMENTO BULK HOUSE,02,20241023,20241023,SP,6475
57804455,0001,1,CEMPFIT,02,20241023,20241023,RO,0003
57814243,0001,1,GABI E JOAO ASSESSORIA ESPORTIVA,02,20241023,20241023,RJ,6001
57818752,0001,1,TREINE FORA DA CAIXA,02,20241024,20241024,SP,7107
57819491,0001,1,,02,20241024,20241024,SP,7233
57819742,0001,1,MARVYN LERMEN TREINAMENTOS DE FUTSAL,02,20241024,20241024,RS,8755
57821198,0001,1,,02,20241024,20241024,ES,5701
53914567,0001,1,,02,20240215,20240215,CE,1585
57832186,0001,1,ACADEMIA CRISTAL,02,20241024,20241024,SP,7107
57710769,0002,2,RE9 PILATES,02,20241025,20241025,MG,4123
57846112,0001,1,KORELO STUDIO,02,20241025,20241025,PR,7535
57846881,0001,1,ELITE COMBAT,02,20241025,20241025,SP,6495
57846975,0001,1,JC EXPONENCIAL,02,20241025,20241025,BA,3849
57848005,0001,1,,02,20241025,20241025,PE,2457
57848016,0001,1,CT BROTHERS,02,20241025,20241025,RJ,5915
57850194,0001,1,ROYAL SPORTS LAGOA DA PRATA,02,20241025,20241025,MG,4743
57623474,0001,1,,02,20241009,20241009,RS,8801
30006452,0002,2,ACADEMIA MEGA GYM,08,20241028,20230503,SE,3125
57893797,0001,1,BULLBOX CT,02,20241030,20241030,RJ,5897
57895801,0001,1,PRO FIT ACADEMIA,02,20241030,20241030,BA,3873
57897945,0001,1,,02,20241030,20241030,SP,7107
07594978,0637,2,,02,20241030,20241030,PB,2027
07594978,0643,2,,02,20241030,20241030,BA,3849
57910498,0001,1,AROHA CT,02,20241030,20241030,SP,7057
57912213,0001,1,ALLP FIT ACADEMIA,02,20241031,20241031,BA,3685
53639866,0002,2,ASSESSORIA ESPORTIVA PERIN 110,08,20260119,20241031,PR,7535
57930567,0001,1,HEYFIT AV. IMPERADOR,02,20241101,20241101,SP,7107
57936774,0001,1,NICOLE FRIGOTTO TREINAMENTO PERSONALIZADO,02,20241101,20241101,SC,8105
57938684,0001,1,ACADEMIA DIAS FITNESS,02,20260612,20241101,BA,3723
57939109,0001,1,,02,20241101,20241101,SP,6229
57941264,0001,1,ZEUS CROSS BOX,02,20241101,20241101,PA,0401
57951152,0001,1,SKY FIT ITABORAI,02,20241104,20241104,RJ,5837
57954283,0001,1,STUDIO BURN,02,20241104,20241104,SC,8105
57954532,0001,1,BEZERRA MUSCULACAO 60+,02,20241104,20241104,SP,6323
57955085,0001,1,REFORCE ACADEMIA,02,20241104,20241104,SP,7005
57964606,0001,1,ALLFIT STUDIO,02,20241104,20241104,GO,9361
57965660,0001,1,EVOLUTION TRAINING,02,20241104,20241104,SP,7107
57974539,0001,1,REDUTO GYM,02,20241105,20241105,RO,0003
57352909,0001,1,STUDIO MOVIMENTE,08,20250723,20240919,MG,4763
57992491,0001,1,STUDIO PILATES,02,20241106,20241106,SP,7107
57993096,0001,1,FF TRAINING,02,20241106,20241106,SP,7071
58001313,0001,1,,02,20241106,20241106,SP,6671
58003415,0001,1,MEGAGYM,08,20250227,20241106,SE,3195
38239350,0002,2,,02,20241107,20241107,CE,1389
58014915,0001,1,FFX CONDICIONAMENTO FISICO 030,02,20241107,20241107,MT,9067
58020464,0001,1,SILVA GYM BOTAFOGO,02,20241107,20241107,RJ,6001
53788482,0001,1,,02,20240203,20240203,SP,6403
51862673,0002,2,ME FITNESS,08,20251031,20241107,SP,6313
58024673,0001,1,BSR ASSESSORIA ESPORTIVA,02,20241107,20241107,SP,7107
58027588,0001,1,HIDRO RV SAMPAIO,02,20241108,20241108,MG,5201
58030528,0001,1,CT MELOFIT,02,20241108,20241108,MA,0214
58031595,0001,1,IMPACTO ACADEMIA,02,20241108,20241108,MT,9831
58031652,0001,1,BEM ESTAR FITNESS,02,20241108,20241108,SP,7107
58036727,0001,1,POWER FIT ACADEMIA,02,20241108,20241108,MT,9071
58038801,0001,1,,02,20241104,20241104,RJ,5883
58049589,0001,1,BEYOND PARKOUR,02,20241111,20241111,SP,7197
58053936,0001,1,FOCUS STUDIO,02,20241111,20241111,SP,6723
46838052,0001,1,,02,20220620,20220620,SP,6131
58060403,0001,1,PHD SPORTS JUIZ DE FORA,02,20241111,20241111,MG,4733
35644328,0007,2,MOINHOS FITNESS,04,20260605,20241112,RS,8801
24921465,0108,2,,02,20241112,20241112,SP,6477
58074044,0001,1,,02,20241112,20241112,BA,3413
58085404,0001,1,FABRICA CT BARRA DA TIJUCA LTDA,02,20241113,20241113,RJ,6001
58094761,0001,1,,02,20241113,20241113,PI,1219
58097054,0001,1,,02,20241113,20241113,MG,4123
07594978,0649,2,,02,20241114,20241114,RO,0007
07594978,0652,2,,02,20241114,20241114,RJ,6001
58110689,0001,1,ACTION 360,02,20241114,20241114,SP,7107
58130200,0001,1,IMPACTO FITNESS,08,20251005,20241118,PE,2301
58172383,0001,1,,02,20241121,20241121,SP,6291
58173553,0001,1,JULIANA BERNARDO PILATES E FISIOTERAPIA,02,20241121,20241121,PE,2513
58177350,0001,1,MOVE GROUP FOR LIFE ESTUDIO DE PILATES,02,20241121,20241121,PR,7481
53904296,0001,1,FOCO SEVERO ACADEMIA,02,20240214,20240214,RJ,5895
58195265,0001,1,ACADEMIA HEALTHY EXPERIENCE,02,20241122,20241122,SP,6739
58199303,0001,1,,08,20241216,20241122,PR,7535
57337044,0001,1,ACADEMIA START,02,20240918,20240918,MG,4903
46232667,0001,1,MR FIT ACADEMIA,02,20220502,20220502,PA,0060
58211272,0001,1,COMPLEXO ESPORTIVO CDS,02,20241125,20241125,PR,0846
07594978,0661,2,,02,20241125,20241125,PR,7565
58212787,0001,1,M A TREINADORES,02,20241125,20241125,MA,1287
07594978,0663,2,,02,20241125,20241125,SP,7107
46836310,0002,2,STUDIO DE PILATES VIVIAN DANTAS LTDA,02,20241125,20241125,RJ,6001
58220026,0001,1,STUDIO ALINE ZACARIAS PILATES,02,20241125,20241125,SP,6309
58224545,0001,1,,02,20241125,20241125,SP,7107
58228683,0001,1,CORPO CONECTA,02,20241126,20241126,GO,9433
58228848,0001,1,,02,20241126,20241126,PB,1981
58229976,0001,1,VIP SHAPE ACADEMIA,02,20241126,20241126,MG,5035
58236079,0001,1,,02,20241126,20241126,MG,4123
58238641,0001,1,MINDPILATES,02,20241126,20241126,SP,6789
58238989,0001,1,MIX FIT,02,20241126,20241126,MG,5041
58239748,0001,1,IMPERIO GYM ACADEMIA FITNESS,08,20260319,20241126,AL,2705
58246995,0001,1,GYM FIT PRIME,02,20241127,20241127,DF,9701
58251571,0001,1,WEIGHT LOSS FUNCIONAL,02,20241127,20241127,RJ,5843
58257310,0001,1,CONDO WELLNESS,02,20241127,20241127,SP,7075
58268353,0001,1,PRO FIT,02,20241128,20241128,SE,3149
58273965,0001,1,O2 OXYGEN,02,20241128,20241128,CE,1569
58277068,0001,1,"MOOVE SAUDE, TREINAMENTO E PILATES",02,20241128,20241128,RS,8531
58288965,0001,1,DE PATRICK,02,20241129,20241129,SC,8183
58289071,0001,1,PV ALTA PERFORMANCE,02,20241129,20241129,RJ,5869
58289571,0001,1,OASIS CENTRO DE TREINAMENTO E SAUDE,02,20241129,20241129,MG,5019
58303497,0001,1,FX ACADEMIA,02,20241202,20241202,SP,7107
00318069,0053,2,,02,20241202,20241202,SP,7107
58306123,0001,1,STUDIO FUNCIONAL ELAINE LINS,08,20250123,20241202,PE,2531
58306439,0001,1,BP FITNESS,02,20241202,20241202,MT,9907
31834358,0036,2,EVOQUE ACADEMIA BREDA,02,20241202,20241202,SP,7075
58310279,0001,1,ESTILO LIVRE,02,20241202,20241202,CE,1453
58311125,0001,1,,02,20241202,20241202,MT,9937
58313963,0001,1,DADOS SPORTS,02,20241202,20241202,SP,7097
58313973,0001,1,ACADEMIA SANFIT,02,20241202,20241202,PE,2517
58314016,0001,1,SKY FIT TURU,02,20241202,20241202,MA,0921
44721562,0001,1,SPORTS TATA FIGHT,02,20220103,20220103,MG,5111
58322257,0001,1,,02,20241203,20241203,SP,6331
21586504,0011,2,LIVE ACADEMIA,02,20241203,20241203,AM,0255
58341453,0001,1,CT PERFORMANCE,02,20241204,20241204,SP,6853
58352344,0001,1,BARRACAO 4.4,02,20241205,20241205,PR,7791
58353585,0001,1,TROIA FIT,02,20241205,20241205,CE,1373
55893902,0001,1,ACADEMIA MOVMENTE,08,20241205,20240711,GO,9555
58355374,0001,1,,02,20241205,20241205,RS,8899
58357775,0001,1,AVANZI STUDIO PILATES,02,20241205,20241205,PR,7691
58359558,0001,1,DRAGON'S GYM,02,20241205,20241205,PI,1159
58369845,0001,1,FREE LIFE ACADEMIA,08,20260504,20241206,CE,1547
53854385,0001,1,SKY FIT PORTO SEGURO,02,20240208,20240208,BA,3807
58371232,0001,1,,02,20241206,20241206,MG,4625
58376121,0001,1,2007 ACADEMIAS,02,20241206,20241206,SC,8179
58377856,0001,1,VIRTUS CONDICIONAMENTO LABORAL LTDA,02,20241206,20241206,PR,7691
00318069,0056,2,,02,20241209,20241209,RJ,5865
58390421,0001,1,Z12 SAUDE E PERFORMANCE,02,20241209,20241209,SC,8113
58398556,0001,1,NOVA FIT,02,20241209,20241209,SP,7107
58400214,0001,1,CTW SPORTS,02,20241209,20241209,GO,9373
58404801,0001,1,AF TRAINER ESTUDIO DE TREINAMENTO PERSONALIZADO,02,20241210,20241210,CE,1451
58412387,0001,1,ACADEMIA FORMACAO,02,20241210,20241210,SP,6889
58416178,0001,1,NUTRIXPHYSIC,02,20241210,20241210,PE,2337
02386243,0002,2,,08,20250807,20241211,MG,4123
31898567,0003,2,E3 FIT JD JORDAO,02,20240724,20240724,PE,2457
50731593,0003,2,KRONUS FIT 02,02,20241211,20241211,SP,6789
34662099,0002,2,,02,20241211,20241211,SC,9967
58426122,0001,1,MAY BOOTCAMP,02,20241211,20241211,DF,9701
58433966,0001,1,RICCO FIT,02,20241212,20241212,SC,8069
26436844,0002,2,,02,20241212,20241212,AL,2873
58456659,0001,1,FELICITA PILATES STUDIO,02,20241213,20241213,GO,9221
58459564,0001,1,,02,20241213,20241213,AL,2793
58459951,0001,1,PILATES BRUNA BALDINE,02,20241213,20241213,SP,6787
24395830,0015,2,,02,20241216,20241216,PR,7427
58470605,0001,1,ORIENTAL PILATES,02,20241216,20241216,SP,7107
58471641,0001,1,STUDIO CORPO PLENO,02,20241216,20241216,DF,9701
18761137,0005,2,ATLETICA BELA VISTA,02,20241217,20241217,SC,8081
58492350,0001,1,PRIMEFIT CLUB ACADEMIA MAIS,02,20241217,20241217,BA,3467
58500011,0001,1,PULSE,02,20241218,20241218,RS,8899
58503112,0001,1,STUDIO AB PERSONAL,02,20241218,20241218,RN,1741
58507123,0001,1,ONE ATHLETIC,02,20241218,20241218,DF,9701
39616055,0002,2,STAR FITNESS,02,20241219,20241219,SC,8105
24395830,0017,2,,02,20241219,20241219,PR,7535
58520712,0001,1,BAM WELLNESS,08,20260511,20241219,SP,7107
58525682,0001,1,PRIME FITNESS STUDIO,02,20241220,20241220,ES,5701
58526338,0001,1,EP - FISIOTERAPIA E PILATES,02,20241220,20241220,PR,7471
58531698,0001,1,GALPAO FITNESS,02,20241220,20241220,CE,1389
58541812,0001,1,FREQUENCIA FIT MARIA ROSA,02,20241223,20241223,SP,6563
58543595,0001,1,MONSTER HOUSE GYM,02,20241223,20241223,CE,1545
58545270,0001,1,IMPULSO ALTA PERFORMANCE,08,20251013,20241223,MG,4417
58547346,0001,1,PANOBIANCO VOTORANTIM CENTRO,02,20241223,20241223,SP,7243
58554362,0001,1,VEETAFIT STUDIO,02,20241226,20241226,SP,6969
58554401,0001,1,,02,20241226,20241226,SP,7107
58555952,0001,1,ACADEMIA JL FIT,02,20241226,20241226,SP,7107
57616267,0002,2,DOM FITNESS,02,20241226,20241226,SP,6477
58567639,0001,1,ESTUDIO SEJA ELITE,02,20241227,20241227,RS,8801
58571313,0001,1,FIT WOMAN,02,20241227,20241227,BA,3611
22902694,0125,2,,02,20241230,20241230,PE,2531
58580730,0001,1,JHONATAN F MERETKO EDUCADOR FISICO,02,20241230,20241230,PR,5453
58584275,0001,1,NPC ESPORTES,02,20241230,20241230,RJ,5865
58585711,0001,1,INSTITUTO DO MOVIMENTO,02,20241230,20241230,PE,2531
58596137,0001,1,BASE FORTE TRAINING,02,20250102,20250102,MG,4733
58601232,0001,1,ACADEMIA GORILAS,02,20250102,20250102,AP,0605
58607515,0001,1,,02,20250103,20250103,GO,9373
58608044,0001,1,MIRADOR PADEL CLUB,02,20250103,20250103,RS,8809
47326398,0001,1,,02,20220728,20220728,RJ,5833
58612569,0001,1,,02,20250103,20250103,DF,9701
58616620,0001,1,CROSS CANAA SAUDE E BEM ESTAR,02,20250103,20250103,PA,0048
58617855,0001,1,ACADEMIA PERFORMACE CLEITON MARTINS DE QUEIROZ,02,20250103,20250103,MG,4973
55349654,0001,1,CT ERICK BELEM,02,20240531,20240531,PE,2457
58634869,0001,1,,02,20250106,20250106,PR,7563
21265071,0002,2,HORUS ACADEMIA,08,20260410,20250106,SC,8373
58638409,0001,1,NAYARA CORTEZ - FISIOTERAPIA E PILATES,02,20250106,20250106,MG,4123
58646479,0001,1,DOCTOR FIT PRESIDENTE DUTRA,02,20250106,20250106,MA,0879
57297377,0001,1,,02,20240916,20240916,RJ,5877
58672680,0001,1,FORTIX CENTRO DE TREINAMENTO,02,20250107,20250107,RS,8887
58691240,0001,1,STUDIO DE PILATES E REABILITACAO FRANCIELLE RODRIGUES,02,20250108,20250108,SC,8233
58699433,0001,1,IRON X. CENTRO DE MUSCULACAO,02,20250108,20250108,RJ,6001
58706213,0001,1,GV ASSESSORIA ESPORTIVA,02,20250108,20250108,SC,8105
46631654,0003,2,BELA VILA CENTRO DE ESTETICA,02,20250109,20250109,MG,4123
53017873,0001,1,,08,20250827,20231127,MT,9873
58718374,0001,1,TRUST CROSSFIT,02,20250109,20250109,PR,7435
58721621,0001,1,IGOR MATIAS PERSONAL TRAINER,02,20250109,20250109,MG,4123
58729783,0001,1,VERONAAQUA,02,20250109,20250109,RO,0013
58733610,0001,1,SIRENA STUDIO,02,20250109,20250109,SP,6475
07594978,0621,2,,02,20240718,20240718,SP,7107
58751095,0001,1,CORPUS VITALIS STUDIO DE PILATES,02,20250110,20250110,GO,9373
58755582,0001,1,,02,20250110,20250110,MA,0921
58755594,0001,1,WILL LIMEIRA TREINAMENTO PERSONALIZADO LTDA,02,20250110,20250110,SP,6213
58758380,0001,1,TREINADOR DOUGLAS MORAES,02,20250110,20250110,AM,0235
58764053,0001,1,STUDIO BEATRIZ MOURA,02,20250110,20250110,RN,1759
58774334,0001,1,GABRIELA LILIND TREINADORA ESPORTIVA,02,20250110,20250110,SE,3105
58806598,0001,1,,02,20250113,20250113,PR,7777
58818110,0001,1,,02,20250113,20250113,SC,8047
58819048,0001,1,,02,20250113,20250113,MG,4123
58822302,0001,1,J10 FITNESS,02,20250113,20250113,MG,4359
58831004,0001,1,COACH LUIZ NERES,02,20250113,20250113,SP,7107
58836763,0001,1,SKY FIT VILA PEDROSO,02,20250114,20250114,GO,9373
58839685,0001,1,GUSTAVO CARLETO PERSONAL TRAINER,08,20250520,20250114,ES,5693
54298289,0001,1,CRIS VEIGANTES STUDIO PERSONAL,02,20240312,20240312,PE,2521
58852152,0001,1,,02,20250114,20250114,MG,4123
54222565,0001,1,TH PRIME,08,20260213,20240307,BA,3613
58861468,0001,1,GI_KIDS,02,20250114,20250114,PR,7535
58866086,0001,1,STUDIO PILATES ELAINE DIAS,02,20250114,20250114,MG,4167
58886263,0001,1,ACTION BLACK BOTAFOGO,02,20250115,20250115,RJ,6001
58886713,0001,1,MARAJO CROSS TRAINING,02,20250115,20250115,PA,0513
58908431,0001,1,,02,20250116,20250116,SC,8195
58916975,0001,1,ACADEMIA FORCA AZUL,02,20250116,20250116,PE,2511
58917225,0001,1,FORTFIT,02,20250116,20250116,PI,1219
48839186,0001,1,BOX MORADA,02,20241126,20221208,CE,1585
58923885,0001,1,LOOVO PILATES FRANCHISING,02,20250116,20250116,SP,7107
58930232,0001,1,PORTO BELO CROSS,02,20250116,20250116,SC,8265
58931146,0001,1,EXCELENCIA DO SER & MOTI CREATIONS,02,20250116,20250116,SP,7107
58931867,0001,1,ESTRELA PILATES,02,20250116,20250116,CE,1389
58935236,0001,1,,02,20250117,20250117,SP,7265
58935640,0001,1,,02,20250117,20250117,SP,6619
58935695,0001,1,BIOFIT EXPERIENCE,02,20250117,20250117,PR,7689
58936123,0001,1,IRON CLAD GYM,02,20250117,20250117,CE,1389
58936754,0001,1,,02,20250117,20250117,SP,6489
58949847,0001,1,RAFAEL PASSOS PERSONAL TRAINER,02,20250117,20250117,RS,8801
58950998,0001,1,VG PILATES,08,20250728,20250117,SP,7099
58951273,0001,1,STUDIO BARBARA PALHARES LTDA,02,20250117,20250117,MG,4601
58980127,0001,1,BEAFISIOCARE,02,20250120,20250120,SP,7107
58981731,0001,1,DANIEL SAKAI,02,20250120,20250120,MG,4123
58983665,0001,1,,08,20251226,20250120,MS,9051
54619038,0001,1,LIFE STYLE ACADEMIA,02,20240405,20240405,SP,7103
58987307,0001,1,XSTEAM WELLNESS CLUB,02,20250120,20250120,CE,1389
58988531,0001,1,ARENA 8.9,02,20250120,20250120,MG,4865
58989759,0001,1,CROSS ODIN,02,20250120,20250120,SP,7047
58991518,0001,1,LONGEVOS,02,20250120,20250120,AL,2785
58998704,0001,1,,02,20250121,20250121,RJ,6001
58999693,0001,1,RED IRON,02,20250121,20250121,MS,9073
59000036,0001,1,ALLE PILATES,08,20251230,20250121,RJ,6001
59003999,0001,1,,02,20250121,20250121,SP,7107
59005612,0001,1,ACADEMIA CHAY FITNESS,02,20250121,20250121,AM,0255
59007255,0001,1,,02,20250121,20250121,RS,8801
59008246,0001,1,RA ASSESSORIA ESPORTIVA,02,20250121,20250121,SP,7107
59012345,0001,1,VITORIO'S GYM,02,20250121,20250121,RJ,5801
59014554,0001,1,MIDY MELO PERFORMANCE & SAUDE,02,20250121,20250121,AL,2705
59015935,0001,1,,02,20250121,20250121,SP,6291
59024412,0001,1,,02,20250122,20250122,PR,7691
59026084,0001,1,ADSQUAD CONSULTORIA,02,20250122,20250122,SC,8345
59027125,0001,1,,08,20250213,20250122,PR,7667
59029193,0001,1,,02,20250122,20250122,PR,7535
59030283,0001,1,WOLF CROSS,02,20250122,20250122,SP,6477
59031462,0001,1,ACADEMIA NEO FITNESS,02,20250122,20250122,MA,0721
59032248,0001,1,IRON GYM CONCEPT,02,20250122,20250122,PR,7777
59035820,0001,1,ACADEMIA TEAM VAZ,02,20250122,20250122,MT,9059
59041877,0001,1,PHYSICAL BODY ACADEMIA,02,20250122,20250122,MG,5273
59058962,0001,1,ATHLETICS ACADEMIA FEMININA,02,20250123,20250123,SC,8163
59059215,0001,1,STUDIO REVITALIZZE - PILATES E REABILITACAO FUNCIONAL,02,20250123,20250123,PA,0447
59061385,0001,1,INGA FIT,08,20250319,20250123,PR,7691
59063484,0001,1,LADY STUDIO FIT,02,20250123,20250123,MT,9047
57188744,0001,1,,02,20240906,20240906,MS,9051
54234346,0001,1,,02,20240307,20240307,SP,7107
06229391,0004,2,BIOS - CENTRO DE CONDICIONAMENTO FISICO,02,20250124,20250124,RJ,6001
59084299,0001,1,G3 MOVE,02,20250124,20250124,SP,7189
59084679,0001,1,TARCISIO PERSONAL TRAINER,02,20250124,20250124,MT,9033
59085904,0001,1,,02,20250124,20250124,SP,7183
59086574,0001,1,ACADEMIA NORDESTE,02,20250124,20250124,RN,1763
59086680,0001,1,TEAM GUIEANA,02,20250124,20250124,MG,4865
59087574,0001,1,UP SPORTS,02,20250124,20250124,PR,7535
59094457,0001,1,ALINHAR STUDIO DE PILATES E NEOPILATES,02,20250125,20250125,SC,8183
58534374,0001,1,ACADEMIA SCORPION PTC,08,20250819,20241220,MG,4961
59105938,0001,1,BLACKWHITE ACADEMIA,02,20250127,20250127,PR,7879
59112237,0001,1,B W A FIT LTDA,02,20250127,20250127,RN,1761
59112395,0001,1,,02,20250127,20250127,SP,6639
59113835,0001,1,RP ACADEMIA,02,20250127,20250127,TO,9213
59117709,0001,1,DUNAMIS ACADEMIA,02,20250127,20250127,MT,9031
59118912,0001,1,ESPORTES E CIA,02,20250127,20250127,SP,6713
59119967,0001,1,ANA PAULA PERSONAL TRAINER,02,20250127,20250127,SP,7057
59124338,0001,1,,02,20250127,20250127,SP,7075
17220241,0003,2,PREMIUM LIGHT,02,20250127,20250127,RS,9825
59132600,0001,1,STATE Z ACADEMIA,02,20250128,20250128,AP,0605
59140230,0001,1,,02,20250128,20250128,CE,1389
59148675,0001,1,KM ESPORTES,02,20250128,20250128,CE,1569
59162766,0001,1,NATURALMENTE TREINAMENTOS,02,20250129,20250129,SP,7107
59166518,0001,1,ACADEMIA ATUAL FIT,02,20250129,20250129,BA,3795
48881681,0001,1,ELITE FITNESS,02,20221213,20221213,SP,6211
59183115,0001,1,,02,20250130,20250130,GO,9433
59183135,0001,1,GK FITNESS,02,20250130,20250130,MA,0701
48751068,0001,1,ONE ACADEMIA,02,20221129,20221129,SP,6323
59191068,0001,1,IMPETUS CF,02,20250130,20250130,MG,5035
59201782,0001,1,TATI POWER FIT,08,20251013,20250130,RS,8807
59211859,0001,1,DIVINA FORMA ACADEMIA,02,20250131,20250131,MG,0732
59215752,0001,1,A3 FITNESSES SAUDE E BEM ESTAR,02,20250131,20250131,MG,4595
59218448,0001,1,STUDIO DUTONET,02,20250131,20250131,PR,7751
59220324,0001,1,FIT CENTER ACADEMIA,02,20250131,20250131,MG,2683
59222203,0001,1,,02,20250131,20250131,SP,6897
59224574,0001,1,FALCHI ACADEMIA,02,20250131,20250131,SP,6187
59224913,0001,1,X-FITNESS MULTIFUNCIONAL,02,20250131,20250131,SC,8291
59240239,0001,1,,02,20250203,20250203,RJ,6001
59245488,0001,1,PERSONAL PILATES,02,20250203,20250203,AM,0255
59250099,0001,1,ACADEMIA JPRIME,02,20250203,20250203,MG,4371
50654498,0001,1,,02,20230512,20230512,MT,9167
59257935,0001,1,,02,20250203,20250203,PR,7885
59260788,0001,1,IRON CLAN,08,20260608,20250203,SP,7083
59263246,0001,1,,08,20260130,20250203,SP,7107
59264298,0001,1,GDN PERSONAL TRAINER E CONSULTORIA FITNESS,02,20250203,20250203,PE,2521
59273969,0001,1,ARENA FITNESS,02,20250204,20250204,BA,3291
59276015,0001,1,STUDIO BC SAUDE & PERFORMANCE,02,20250204,20250204,SP,6637
59281143,0001,1,,02,20250204,20250204,RJ,5865
59284392,0001,1,,02,20250204,20250204,RS,8801
59289908,0001,1,ESPACO FITNESS JEFTE SENNA,02,20250204,20250204,CE,1453
58587563,0001,1,STUDIO VELOCITY,02,20241231,20241231,DF,9701
59297324,0001,1,CIA DA POSTURA FISIOTERAPIA E PILATES,02,20250205,20250205,PE,2491
58858467,0001,1,RAPINA CENTRO DE TREINAMENTO,02,20250114,20250114,SP,7225
58996936,0001,1,ACADEMIA DROPSET,02,20250121,20250121,SC,8199
59060650,0001,1,+ SAUDE FITNES,02,20250123,20250123,RN,1787
59317778,0001,1,STUDIO EQUILIBRIO E MOVIMENTO,02,20250206,20250206,RS,8957
59320539,0001,1,WJR CONSULTORIA DE TREINOS,02,20250206,20250206,SP,7157
59321378,0001,1,SARAH FITNESS ACADEMIA,02,20250206,20250206,PA,0427
59326129,0001,1,,02,20250206,20250206,MG,4123
59345111,0001,1,J.PILATES,02,20250207,20250207,RJ,6001
59348633,0001,1,FRANK DEZANI,02,20250207,20250207,SP,7097
59348941,0001,1,ESPACO FITNESS,02,20250207,20250207,PR,7583
59349717,0001,1,CONCEPT ACADEMIA,02,20250207,20250207,PR,7885
59352426,0001,1,MOVIMENTE ACADEMIA,02,20250207,20250207,ES,5699
59353856,0001,1,,02,20250207,20250207,SP,6425
59367312,0001,1,MAIS FIT ACADEMIA,02,20250209,20250209,TO,9241
59369938,0001,1,BIOEXCENTRIC RECOVERY PRAIA BRAVA,02,20250210,20250210,SC,8161
59370042,0001,1,,02,20250210,20250210,SP,6789
59370620,0001,1,RJV ACADEMIA DE GINASTICA,02,20250210,20250210,RJ,6001
59376788,0001,1,,02,20250210,20250210,PI,1219
59379745,0001,1,C.A.E. ACADEMIA,02,20250210,20250210,RS,1016
59380731,0001,1,PILATES DIJA AMARAL,02,20250210,20250210,AL,2781
59385035,0001,1,,02,20250210,20250210,ES,5623
59385345,0001,1,,02,20250210,20250210,SC,8123
59385990,0001,1,,02,20250210,20250210,SP,7107
59390670,0001,1,EAFITNESS,08,20250318,20250210,PE,2301
59394664,0001,1,BRACA CONSULTORIA EM TREINAMENTO FISICO,02,20250211,20250211,MG,4123
59395366,0001,1,GA ACADEMIA,02,20250211,20250211,MS,9051
59398916,0001,1,MAILANE CALLOU STUDIO PILATES,02,20250211,20250211,PE,2543
45568199,0002,2,,02,20250211,20250211,AL,2785
59407439,0001,1,ACADEMIA ESPACO PRIMAVERA,02,20250211,20250211,PR,7935
59411510,0001,1,RC STUDIO TREINAMENTO FUNCIONAL E FISICO,02,20250211,20250211,ES,5637
59415550,0001,1,A SAUDE,02,20250211,20250211,BA,3901
59416315,0001,1,MOVIIMENTA KIDS,02,20250211,20250211,SC,8257
59418738,0001,1,WP ACADEMY,02,20250212,20250212,SP,6969
59420597,0001,1,BEFIT CENTRO DE TREINAMENTO,02,20250212,20250212,MG,4365
07594978,0674,2,,02,20250212,20250212,RJ,5897
59433055,0001,1,LF TREINAMENTO PERSONALIZADO,02,20250212,20250212,RS,8629
59443096,0001,1,AM ESTUDIO FUNCIONAL,08,20260410,20250213,MG,4623
59445938,0001,1,ANANDA COSTA STUDIO DE PILATES E FISIOTERAPIA,02,20250213,20250213,BA,3597
59450707,0001,1,MAISON STUDIO DE PILATES,02,20250213,20250213,SP,6643
59452536,0001,1,,02,20250213,20250213,MG,5401
59454414,0001,1,RAYFIT,02,20250213,20250213,RJ,5849
59456174,0001,1,STUDIO DE PILATES E FISIOTERAPIA CECILIA VIERA,02,20250213,20250213,MG,4911
59461148,0001,1,ALPHA FITNESS,02,20250213,20250213,BA,3661
59465410,0001,1,THOR FIT,02,20250214,20250214,RJ,6001
59465941,0001,1,SINGLE BODY STUDIO FITNESS,02,20250214,20250214,MG,4123
59467517,0001,1,,08,20250909,20250214,SP,7071
59471198,0001,1,ACADEMIA LIFESTYLE,02,20250214,20250214,CE,1517
59474227,0001,1,STUDIO UPFIT,08,20250722,20250214,GO,9489
57360937,0001,1,STUDIO DOMINIO,02,20240919,20240919,PR,7535
59478604,0001,1,,02,20250214,20250214,SP,6607
59478996,0001,1,CT ZERO 13,02,20250214,20250214,SP,6853
59481106,0001,1,AQUARIUS NATACAO,02,20250214,20250214,MA,0921
59486047,0001,1,,02,20250215,20250215,PR,7691
59486213,0001,1,STUDIO DE PILATES E FISIOTERAPIA DRA PAULA ZANDOMENEGHI,02,20250215,20250215,PR,7427
59180357,0001,1,PILATES HOUSE,02,20250129,20250129,PR,7623
59168976,0001,1,FIBRO GYM ACADEMIA,02,20250129,20250129,PB,1981
59496690,0001,1,STRONG,02,20250217,20250217,RS,8863
59498094,0001,1,,02,20250217,20250217,SC,8175
59504694,0001,1,GERACAO FITNESS ACADEMIA,02,20250217,20250217,GO,9263
59511530,0001,1,STUDIO CORPO E MENTE P.L.,02,20250217,20250217,MG,4985
59512865,0001,1,,02,20250217,20250217,SP,6645
59521848,0001,1,STUDIO KOA,02,20250218,20250218,BA,3363
51822942,0001,1,,08,20260223,20230815,MG,4387
59527427,0001,1,CT CORPUS PRATANIA,02,20250218,20250218,SP,0814
59534877,0001,1,ESPACO VITALIS,02,20250218,20250218,SC,8363
59541237,0001,1,MARIA ALMEIDA TREINAMENTO PERSONALIZADO,02,20250219,20250219,PB,2051
59545120,0001,1,ALINE AGUIAR STUDIO DE PILATES,02,20250219,20250219,SP,6979
59547254,0001,1,STRONGFIT LIFE ACADEMIA,08,20250425,20250219,RN,1759
59550500,0001,1,BTW TRAINING,02,20250219,20250219,RJ,5865
59553960,0001,1,,02,20250219,20250219,MG,4123
50730660,0001,1,AQUAFITNESS BETIM,02,20230518,20230518,MG,4133
59565805,0001,1,RFC ASSESSORIA ESPORTIVA,02,20250220,20250220,MG,4445
59571041,0001,1,ESPACO SAUDE - FISIOTERAPIA E PILATES DRA.THAYNA CORREA,02,20250220,20250220,MG,0674
59571531,0001,1,SOULFIT ACADEMIA,02,20250220,20250220,RN,1761
59571691,0001,1,LNL WELLNESS,02,20250220,20250220,RJ,5835
59575430,0001,1,NUCLEO DE CORRIDA,02,20250220,20250220,CE,1389
59578705,0001,1,PERFORMA ANGRA,02,20250220,20250220,RJ,5801
59584610,0001,1,INCORPORE FITNESS & PILATES,02,20250221,20250221,DF,9701
59589014,0001,1,SP PILATES - ATIVIDADES DE PILATES E FUNCIONAL,02,20250221,20250221,SP,7151
59589759,0001,1,VICTORIA PERSONAL,02,20250221,20250221,SP,6875
59594299,0001,1,MODO ON SUPLEMENTOS,02,20250221,20250221,GO,9227
59596923,0001,1,T4 FITNESS,02,20250221,20250221,CE,1373
47636750,0001,1,STUDIO SERGIO MATARAZZO,02,20220819,20220819,SP,7109
43641867,0002,2,STUDIO W7,02,20250222,20250222,PR,7617
09501717,0002,2,BLACK FITNESS,02,20250224,20250224,AC,0643
54369138,0001,1,,02,20240318,20240318,SP,6291
59629448,0001,1,BORA ASSESSORIA,02,20250224,20250224,RN,1761
59631678,0001,1,STUDIO FIT,08,20251202,20250224,SP,6563
59642623,0001,1,FEMMY FITNESS ACADEMIA,02,20250225,20250225,MS,9757
59645953,0001,1,AGUIA CLUB TREINAMENTO FUNCIONAL,02,20250225,20250225,SP,7135
22245893,0003,2,ACADEMIA OZ FITNESS,02,20250225,20250225,SE,3105
59650723,0001,1,RTA CENTRO DE TREINAMENTO E EMAGRECIMENTO,02,20250225,20250225,SC,8143
59654709,0001,1,STUDIO VIVA +,02,20250225,20250225,RS,8685
59305553,0001,1,,02,20250205,20250205,MG,4791
59662433,0001,1,CENTRO DE TREINAMENTO FLAVIO HENRIQUE,02,20250226,20250226,PA,0369
59663417,0001,1,SOULFITNESS,02,20250226,20250226,RJ,6003
33586128,0006,2,LION FITNESS,02,20250226,20250226,BA,3849
59676439,0001,1,,02,20250226,20250226,RS,8801
59679086,0001,1,,02,20250226,20250226,SC,8055
59683460,0001,1,TESLATICS ELECTROFITNESS,02,20250227,20250227,SP,6875
59685089,0001,1,NENS FIT ACADEMIA,02,20250227,20250227,DF,9701
59687752,0001,1,SD FIT ACADEMIA,02,20250227,20250227,SP,7107
59691256,0001,1,SKYFIT VICENTE DE CARVALHO / GUARUJA-SP,02,20250227,20250227,SP,6475
59692034,0001,1,ACADEMIA OVERBODY,02,20250227,20250227,SC,8327
59701205,0001,1,DALE PERSONAL TRAINER,02,20250227,20250227,RS,8801
59701528,0001,1,FITBOX 30 EMAGRECIMENTO E DEFINICAO MUSCULAR,02,20250227,20250227,RS,8785
59706068,0001,1,DRA LETICIA CURT PILATES,02,20250228,20250228,SP,6787
59713171,0001,1,SKYFIT ONIX,02,20250228,20250228,SP,6789
59713183,0001,1,GYM CENTER,02,20250228,20250228,RS,5757
59718607,0001,1,,02,20250228,20250228,SP,7107
59719816,0001,1,STUDIO THAIS JERONIMO,02,20250228,20250228,GO,9373
57885174,0001,1,,02,20241029,20241029,RS,8589
59743043,0001,1,RAQUEL GREGORIO FISIOTERAPIA E PILATES,02,20250305,20250305,RS,8745
49681244,0002,2,RENOVA VITTA II,02,20250305,20250305,SP,7181
51095025,0003,2,,02,20250305,20250305,SP,7107
59757167,0001,1,STUDIO PILATES,02,20250306,20250306,SP,7107
59503190,0001,1,ACADEMIA XU,02,20250217,20250217,SP,7121
59757330,0001,1,U FIT ACADEMIA,02,20250306,20250306,SC,8355
59765268,0001,1,ACADEMIA ZAPTE,02,20250306,20250306,SP,6229
59771585,0001,1,,02,20250306,20250306,RJ,6001
59814118,0001,1,CORPUS LEAO FIT,02,20250310,20250310,BA,3731
59816820,0001,1,,02,20250310,20250310,BA,3515
59846391,0001,1,CROSS EXPERIENCE VINHEDO,02,20250311,20250311,SP,7237
59848701,0001,1,,02,20250311,20250311,SC,8377
59849803,0001,1,VIDA SELECT,02,20250311,20250311,GO,9571
30890998,0002,2,STUDIO BEM ESTAR,02,20250311,20250311,RS,8729
59858239,0001,1,ACADEMIA SPORTFIT,02,20250312,20250312,PA,0415
59862811,0001,1,,02,20250312,20250312,SP,6771
30916802,0002,2,,02,20250312,20250312,RJ,5865
48643822,0001,1,MS3 - PERFORMANCE E RECUPERACAO MUSCULAR,02,20221117,20221117,GO,9373
59867315,0001,1,WAY POWER GYM FITNESS,08,20251023,20250312,SP,7007
59878061,0001,1,,02,20250313,20250313,RS,8771
59881884,0001,1,SP GILEADE - PILATES E FISIOTERAPIA,02,20250313,20250313,MG,5133
59892971,0001,1,ELIZANGELA GONCALVES PERSONAL TRINER,02,20250313,20250313,MG,5197
59898083,0001,1,SKY FIT A7,02,20250314,20250314,TO,9559
59902473,0001,1,KRB FITNESS,02,20250314,20250314,MA,0823
45689580,0002,2,ACADEMIA ATTITUDE,08,20260330,20250314,PE,2403
53959640,0001,1,FIT SPACE ACADEMIA,02,20240219,20240219,MG,4799
59911876,0001,1,PH CONSULTORIA ADM E PERSONAL,02,20250314,20250314,MS,9051
59545959,0001,1,BRUNO NASCIMENTO PERSONAL TRAINER LTDA,02,20250219,20250219,SC,8093
59523270,0001,1,VIVARE- CENTRO INTEGRADO DO MOVIMENTO HUMANO,02,20250218,20250218,RS,8801
59927899,0001,1,STUDIO FERNANDO PICCIGUELLI,02,20250317,20250317,MG,5403
59928268,0001,1,ACADEMIA MOVIMENTO FITNESS,02,20250317,20250317,MG,0598
59933208,0001,1,LIFT GYM,02,20250317,20250317,PB,2175
59933808,0001,1,,08,20251117,20250317,SP,7109
59934047,0001,1,LUCCA PERSONAL TRAINER,02,20250317,20250317,RJ,6001
59934387,0001,1,STUDIO DE PILATES EQUILIBRIO,02,20250317,20250317,GO,9503
59936601,0001,1,PERFORMANCE TRAINING VIP,02,20250317,20250317,SP,6713
59938539,0001,1,,02,20250317,20250317,SP,7083
59940396,0001,1,SUDIO DFT,02,20250317,20250317,CE,1249
59943401,0001,1,,02,20250317,20250317,SP,6229
56660951,0002,2,,02,20250317,20250317,SP,6875
59946377,0001,1,STUDIO POSTURA & MOVIMENTO,02,20250317,20250317,MS,9051
59947443,0001,1,ACADEMIA LOPES,02,20250318,20250318,BA,3861
42112874,0002,2,WM FIT,02,20250318,20250318,RN,1655
59949759,0001,1,PERFORMANCE ACADEMIA MURINIM,02,20250318,20250318,PA,0429
42405026,0002,2,,08,20251010,20250318,SP,6875
59951271,0001,1,,02,20250318,20250318,PR,7535
16455181,0002,2,QUALY FISIO,02,20220311,20220311,SP,7005
59958873,0001,1,STUDIO BIKE TIME,02,20250318,20250318,SE,3105
59960835,0001,1,SHC BJJ,02,20250318,20250318,RS,8599
59960939,0001,1,CT 43,02,20250318,20250318,RN,1779
59963351,0001,1,ELITE LIFE ACADEMIA,02,20250318,20250318,MG,4487
59979956,0001,1,,02,20250319,20250319,SP,7145
59980605,0001,1,A. SAVE FIT,02,20250319,20250319,SP,6401
57841320,0002,2,,08,20250922,20250319,PB,1911
60007780,0001,1,BODY HEALTH WELLNESS CENTER,02,20250320,20250320,MG,5387
56935753,0001,1,,02,20240820,20240820,PR,7535
60015646,0001,1,,02,20241210,20241210,RS,8935
51891194,0002,2,LIONS CT,02,20250321,20250321,RJ,5923
60018081,0001,1,GG BEACH,02,20250321,20250321,RJ,6001
60020580,0001,1,,02,20250321,20250321,RJ,5833
60022471,0001,1,,02,20250321,20250321,PR,7537
55228756,0001,1,ROH MAZETTO PILATES OSASCO,02,20240522,20240522,SP,6789
60044988,0001,1,VITAFIT,02,20250324,20250324,PE,2505
60046069,0001,1,RAFE ACADEMIA,02,20250324,20250324,RJ,5897
60053748,0001,1,CROSSFIT VORAZ,02,20250324,20250324,SP,7075
53790229,0001,1,THAUANY PERSONNAL TRAINER,02,20240204,20240204,SP,7107
60054342,0001,1,BIANCO PILATES,02,20250324,20250324,SP,7077
60058381,0001,1,ALPHA FITNESS,02,20250324,20250324,RN,1761
60059279,0001,1,RESERVA CAMPOLIM CROSSFIT,02,20250324,20250324,SP,7145
60068247,0001,1,WILLIAN ONIVAL,02,20250325,20250325,SP,6477
60071605,0001,1,,02,20250325,20250325,SC,8057
57246237,0001,1,ANIMAL BARBELL PEF,02,20240911,20240911,AP,0607
60074405,0001,1,BODY METRIC,02,20250325,20250325,MS,9051
60076391,0001,1,,02,20250325,20250325,SP,7237
07594978,0692,2,,02,20250325,20250325,SP,6281
07594978,0700,2,,02,20250325,20250325,RS,8877
60081152,0001,1,YELLOW BOX,02,20250325,20250325,GO,9227
59566044,0001,1,RAFFA TRAINING,02,20250220,20250220,SC,8175
59229775,0001,1,NOVA FITNESS,02,20250201,20250201,MT,9185
60090715,0001,1,LETS GROW SPORTING CLUB,02,20250326,20250326,MG,5403
19401692,0002,2,,02,20220307,20220307,ES,5603
60100327,0001,1,CORPO.FIT2IRMAOS,02,20250326,20250326,PI,1087
60101558,0001,1,SIMONE SOARES STUDIO CORPO & MENTE,02,20250326,20250326,PR,7569
60103318,0001,1,BH FORGE STRENGTH GYM,02,20250326,20250326,PI,1027
60105222,0001,1,,02,20250326,20250326,SP,7107
60105736,0001,1,OXYGEN TRAINING CENTER,02,20250326,20250326,SP,6313
60107101,0001,1,WINE BARBELL CLUB LTDA.,02,20250326,20250326,SE,3105
54363639,0001,1,,02,20240318,20240318,PR,7795
60110441,0001,1,MARIANNE DEZAN STUDIO PILATES,02,20250327,20250327,ES,5613
60115262,0001,1,ELLEN REY PERSONAL TRAINER,08,20250908,20250327,MS,9051
60124627,0001,1,STUDIO PILATES VIVER BEM,02,20250327,20250327,MA,0803
60138316,0001,1,VAVA TEAM,02,20250328,20250328,RR,0301
60163148,0001,1,,02,20250331,20250331,SP,6853
60168462,0001,1,,02,20250331,20250331,ES,5705
60168809,0001,1,,02,20250331,20250331,ES,5705
47416404,0002,2,,02,20250401,20250401,MG,4733
30006452,0003,2,ACADEMIA MEGA GYM,08,20250410,20250401,SE,3195
60184269,0001,1,MMS STUDIO FITNESS,02,20250401,20250401,PR,7535
60184329,0001,1,SC SERVICOS ESPORTIVOS,02,20250401,20250401,BA,3313
44389717,0004,2,NASN FUNCIONAL - UNIDADE VILA MADALENA,08,20250815,20250401,SP,7107
60197115,0001,1,POWER HOUSE ARARAQUARA,02,20250401,20250401,SP,6163
60203624,0001,1,,02,20250402,20250402,MG,4703
59254592,0001,1,GOFIT ACADEMIA,02,20250203,20250203,GO,9227
48321919,0005,2,ULTRA MT,02,20250402,20250402,MT,9067
21249554,0002,2,ACADEMIA EVOLUTION,02,20250402,20250402,SC,8311
60224020,0001,1,C T MUSCLE LTDA,02,20250402,20250402,SP,7107
60226499,0001,1,,02,20250403,20250403,SP,7107
60231322,0001,1,,02,20250403,20250403,MG,4123
60233795,0001,1,HYPEFUL ACADEMIA,08,20250704,20250403,SC,8089
52851561,0002,2,ACADEMIA LIFE STYLE,02,20250403,20250403,BA,3117
60238668,0001,1,LIFE FITNESS ACADEMIA,02,20250403,20250403,CE,1517
60246716,0001,1,SALVE CROSS TRAINING,02,20250404,20250404,GO,9373
60248347,0001,1,ACADEMIA ESQUADRAO FITNESS,02,20250404,20250404,AM,0255
60251073,0001,1,ML PILATES E FISIOTERAPIA,02,20250404,20250404,PI,1109
60251996,0001,1,VIDA ATIVA FITNESS,02,20250404,20250404,MG,5397
60252790,0001,1,RECREATIVA,02,20250404,20250404,PE,2491
60258185,0001,1,FITNESS ACADEMIA,02,20250404,20250404,SP,6179
59815714,0001,1,ESPACO FUNCAO,02,20250310,20250310,SP,6271
60277330,0001,1,REVIVA FISIOTERAPIA & PILATES,02,20250407,20250407,MG,4267
55485214,0001,1,LP COACH PRADO,02,20240611,20240611,PA,0483
07594978,0707,2,,02,20250407,20250407,BA,3849
60285025,0001,1,,02,20250407,20250407,SP,7107
60286961,0001,1,,02,20250407,20250407,SC,8039
60288332,0001,1,ESTUDIO NAIARA LEITE,02,20250407,20250407,SP,6163
60289367,0001,1,,02,20250407,20250407,MG,5155
60295494,0001,1,PRIME FIT CIL,02,20250408,20250408,PI,1219
60301168,0001,1,PANOBIANCO BELA VISTA,02,20250408,20250408,SP,6477
50564506,0002,2,,02,20250408,20250408,BA,3849
60306865,0001,1,HIGH FITNESS,02,20250408,20250408,PR,7477
60307165,0001,1,BORNY 47 ACADEMIA,02,20250408,20250408,RJ,5927
56051487,0001,1,GARAGEM 131,02,20240723,20240723,SP,7057
60318422,0001,1,,02,20250409,20250409,SP,7107
60319551,0001,1,SPIGYM,02,20250409,20250409,GO,9373
60320545,0001,1,,02,20250409,20250409,RS,8879
60325809,0001,1,ACADEMIA DE MUSCULACAO SOL NASCENTE,02,20250409,20250409,MA,0921
60325913,0001,1,ACADEMIA TECNOFORMA,02,20250409,20250409,PE,2531
60327432,0001,1,XTREME GYM,02,20250409,20250409,MG,4905
60334061,0001,1,MAXFTINESS,02,20250409,20250409,RJ,2909
60335083,0001,1,ACADEMIA BEM ESTAR FITNES,02,20250409,20250409,PA,0415
60343558,0001,1,CRISTAO FIT,02,20250410,20250410,SP,7107
60361849,0001,1,SERRAFIT GYM,02,20250411,20250411,RS,8593
58420964,0002,2,MOVFIT MEDICILANDIA,02,20250411,20250411,PA,0589
60368424,0001,1,NORTE FISIO PILATES E FISIOTERAPIA,02,20250411,20250411,GO,9301
60372871,0001,1,TEMPLO JIU JITSU CULTURE PORTO ALEGRE,02,20250411,20250411,RS,8801
60374036,0001,1,CARLOS STOCCO PERSONAL,02,20250411,20250411,PR,7957
56050402,0001,1,NOHALT ACADEMIA ESPORTIVA,02,20240723,20240723,BA,3685
43137609,0002,2,,08,20251105,20250411,SP,6579
60396505,0001,1,SIMPLES FIT ACADEMIA,02,20250414,20250414,SP,7107
60399239,0001,1,CRS STUDIO PERSONAL,02,20250414,20250414,DF,9701
60401366,0001,1,RESPIRE PILATES,02,20250414,20250414,SP,7017
60403632,0001,1,,02,20250414,20250414,SP,6751
60406896,0001,1,PRANA YOGA ESTUDIO,02,20250415,20250415,DF,9701
19518279,0003,2,TOP FIT ACADEMIA,02,20250415,20250415,SC,8179
57348820,0002,2,26FIT,08,20250716,20250409,MT,8985
60236572,0001,1,FH MUNDO FITNES,02,20250403,20250403,SP,6291
60435531,0001,1,START STUDIO PERSONAL,02,20250416,20250416,SE,3105
60440918,0001,1,ASG 1996 SPORTS,02,20250416,20250416,SP,7107
60446454,0001,1,HOUSE FIT ACADEMIA,02,20250417,20250417,BA,3763
48938334,0001,1,MOVA EMPRESA DO MOVIMENTO,08,20250417,20221220,SP,6291
60447170,0001,1,VIP FIT ACADEMIA,02,20250417,20250417,RS,8877
60454430,0001,1,START FITNESS,02,20250417,20250417,RJ,6001
60459225,0001,1,ACADEMIA SIMETRIA,02,20250418,20250418,MG,4371
53727740,0001,1,ARENA FIT ACADEMIA,02,20240130,20240130,PB,1981
60481593,0001,1,ATIVO FERTIL,02,20250422,20250422,SP,6715
44607415,0001,1,CROSSFISIO,02,20211216,20211216,AL,2837
60485390,0001,1,CENTRO DE TREIMAMENTO SOUSAFIT,08,20260226,20250422,AM,0255
60490735,0001,1,VIVACE PILATES,02,20250422,20250422,BA,3515
60498339,0001,1,PARRA PERFOMANCE,02,20250423,20250423,SP,7107
60503683,0001,1,,02,20250423,20250423,SP,6291
60507455,0001,1,,02,20250423,20250423,SC,8179
60509097,0001,1,FEUS,02,20250423,20250423,PR,7535
60516397,0001,1,STUDIO DE PILATES URBANO,02,20250424,20250424,RJ,6001
60516407,0001,1,STUDIO PILATES ACAO E REACAO,02,20250424,20250424,RJ,5863
05239361,0016,2,,02,20231123,20231123,SP,7107
60521521,0001,1,ALFA FITNESS,08,20251031,20250424,CE,1559
60525626,0001,1,,02,20250424,20250424,PR,7505
60530015,0001,1,,02,20250424,20250424,SP,7107
60535645,0001,1,ACADEMIA JM FIT,02,20250424,20250424,ES,5625
60538803,0001,1,DSFIT,02,20250425,20250425,AL,2793
60541829,0001,1,ALBACROSS,02,20250425,20250425,MG,5401
39831084,0002,2,ELITE ACADEMIA,02,20250425,20250425,MG,5087
60542327,0001,1,STUDIO FITNESS PERSONALIZADO PITU SANTANA,02,20250425,20250425,GO,1066
60543883,0001,1,ULTRA LIFE,02,20250425,20250425,RR,0301
60548445,0001,1,NOVAIS FIT,02,20250425,20250425,BA,3803
49626467,0001,1,PADMA YOGA STUDIO,02,20230216,20230216,SP,7107
60552915,0001,1,TRI FORCE GYM,02,20250425,20250425,SP,6851
60560682,0001,1,,02,20250426,20250426,RS,8637
60572905,0001,1,IRON WORLD,02,20250428,20250428,MG,4983
60573064,0001,1,MOVI MENTE STUDIO PILATES & FISIOTERAPIA,02,20250428,20250428,RS,1150
60589403,0001,1,ALPHA GYM,02,20250429,20250429,MG,4111
50018098,0001,1,STUDIO PERFORMANCE ANA FLAVIA MOURA,02,20230321,20230321,SP,6535
60604797,0001,1,,02,20250429,20250429,PB,2051
60605006,0001,1,,08,20251123,20250429,SC,8025
60606441,0001,1,FSALLES COACHING,02,20250429,20250429,SP,6547
60609598,0001,1,CROSSFORCE CENTRO DE TREINAMENTO,02,20250429,20250429,AM,0255
60616922,0001,1,ACADEMIA CONEXAO PRO FITNESS,02,20250430,20250430,SP,6563
60619355,0001,1,ARENA MARCO ZERO,02,20250430,20250430,MG,4123
60621532,0001,1,YASMIM ACADEMIA,02,20250430,20250430,PI,0344
60622698,0001,1,ANA LUCIA PERSONAL,02,20250430,20250430,RS,8845
60625249,0001,1,,02,20250430,20250430,SP,6291
60626040,0001,1,ADRENALINE FITNESS,02,20250430,20250430,GO,9373
60645513,0001,1,,02,20250502,20250502,ES,6011
60665839,0001,1,STARFIT ACADEMIA,02,20250505,20250505,PI,0330
55244532,0001,1,SUPLEFIT ACADEMIA,02,20240523,20240523,MG,4553
60676561,0001,1,,02,20250505,20250505,MG,4123
60678444,0001,1,LORDS ACADEMIA,02,20250505,20250505,GO,9221
60681508,0001,1,,02,20250505,20250505,SP,7107
60684845,0001,1,STUDIO ALPHA,02,20250506,20250506,GO,9379
60685803,0001,1,,02,20250506,20250506,MG,4123
60698118,0001,1,STUDIO VELOCITY,02,20250506,20250506,PR,7493
60699589,0001,1,TREINE BRUNO CASTRO,02,20250506,20250506,SP,7107
60714558,0001,1,GINANE'S CLUB,02,20250507,20250507,PB,1981
60728362,0001,1,IRONBEE,02,20250508,20250508,PR,7677
60734033,0001,1,STUDIO PERSONAL FRED PEREIRA,02,20250508,20250508,SP,6509
60738944,0001,1,ACADEMIA PERFORMANCE,02,20250508,20250508,ES,1114
60739780,0001,1,,02,20250508,20250508,SP,7107
60740549,0001,1,SINERGIA TREINAMENTO PERSONALIZADO,02,20250508,20250508,CE,1321
60742414,0001,1,TRAINER NUTRITION,08,20260521,20250508,SC,8041
60751426,0001,1,,02,20250509,20250509,SP,6157
60752165,0001,1,KC CENTRO ESPORTIVO,02,20250509,20250509,SP,7107
60757528,0001,1,CONECTA CENTRO DE TREINAMENTO E SAUDE,02,20250509,20250509,BA,3849
60768110,0001,1,WINNER ACADEMIA,02,20250511,20250511,BA,3515
60772913,0001,1,LARISSA ABREU PERSONAL TRAINER,02,20250512,20250512,SP,7071
60772997,0001,1,,02,20250512,20250512,SP,6291
07594978,0712,2,,02,20250512,20250512,GO,9373
07594978,0718,2,,02,20250512,20250512,SP,6401
60783308,0001,1,,02,20250512,20250512,RJ,5925
41049064,0002,2,CONSTANTINO GYM FEMININA,02,20250512,20250512,BA,3803
60787588,0001,1,GM FITNESS,02,20250512,20250512,CE,1431
60793275,0001,1,,02,20250513,20250513,SP,6181
60796296,0001,1,LUCA FITNESS,02,20250513,20250513,RS,1136
60798843,0001,1,ACADEMIA FOCOS FITNESS,08,20250910,20250513,MA,0957
60574367,0002,2,,02,20250428,20250428,RJ,6001
60820317,0001,1,,02,20250514,20250514,SP,6619
55096871,0001,1,EO ASSESSORIA ESPORTIVA,02,20240513,20240513,PB,2051
60826513,0001,1,THAYS LIMA,02,20250514,20250514,SP,7107
60830377,0001,1,STUDIO BIO KOPER,02,20250514,20250514,RJ,5877
60835960,0001,1,CURVAS CT,02,20250515,20250515,MA,0733
55699964,0001,1,ACADEMIA AREA 21,02,20240627,20240627,GO,9227
60850325,0001,1,CR FITNESS,02,20250515,20250515,BA,3369
49381121,0001,1,ESPACO RENOVARE,08,20250306,20230130,SC,8047
60856565,0001,1,,02,20250516,20250516,RJ,6001
60857104,0001,1,IMPACTO ACADEMIA,08,20260525,20250516,PB,0532
60859160,0001,1,,02,20241201,20241201,RS,8577
50923471,0001,1,,08,20240617,20230602,SP,6291
60869448,0001,1,LUANA GOMIDE PILATES,02,20250516,20250516,DF,9701
60598800,0001,1,LIFE FITNESS,02,20250429,20250429,GO,9379
60517887,0001,1,,02,20250424,20250424,SP,6163
60525437,0001,1,ACADEMIA POWER,02,20250424,20250424,RJ,5813
57591438,0001,1,,02,20241007,20241007,TO,0181
60897794,0001,1,MEGA FITNESS ACADEMIAS UNIDADE 2,02,20250519,20250519,MT,9151
60898402,0001,1,STUDIO REVITA,02,20250519,20250519,SP,6249
60899834,0001,1,ONEFIT ACADEMIA,02,20250519,20250519,AC,0105
60912671,0001,1,VK ESTUDIO,02,20250520,20250520,SP,7145
60916752,0001,1,R MOV,02,20250520,20250520,MS,9055
60933156,0001,1,SUPREMUS FITNESS,02,20250521,20250521,PI,0286
60935700,0001,1,MEGA,02,20250521,20250521,DF,9701
60939529,0001,1,SAMUCA EM MOVIMENTO,02,20250521,20250521,MG,4123
60939707,0001,1,PERSONAL ALE,02,20250521,20250521,MT,9167
60943257,0001,1,MULHERES.COM,02,20250521,20250521,MA,1281
60960970,0001,1,W FITNESS,02,20250522,20250522,RJ,0770
60963819,0001,1,OLYMPIA TREINO FUNCIONAL,02,20250522,20250522,MG,5207
60968606,0001,1,TOP FIT II ACADEMIA,02,20250523,20250523,MA,0765
60968861,0001,1,VIBRACAO STUDIO,02,20250523,20250523,RJ,6001
53049773,0001,1,STRONG FITNESS,08,20250523,20231129,RS,8701
60981570,0001,1,DOUGLAS GYM,02,20250523,20250523,SP,6329
60999343,0001,1,,02,20250526,20250526,SP,7107
60999628,0001,1,REVITALIZE STUDIO DE PILATES,02,20250526,20250526,SP,6321
61009605,0001,1,WOLFS FIT CROSS,02,20250526,20250526,GO,9227
61014923,0001,1,EVOLUX ACADEMIA,02,20250526,20250526,PI,1219
55555701,0001,1,VICTOR VALLADARES - PERSONAL TRAINER,02,20240617,20240617,ES,5703
61017743,0001,1,NATALIA ROSA PILATES E FISIOTERAPIA,02,20250527,20250527,SP,6209
61025496,0001,1,,02,20250527,20250527,SP,6543
61040751,0001,1,ACADEMIA AMORIM FITNES C T.,02,20250528,20250528,SE,3105
61050923,0001,1,,02,20250528,20250528,MG,4123
61058235,0001,1,,02,20250529,20250529,ES,5645
61062123,0001,1,PHYSIS HUB,02,20250529,20250529,SP,7075
61062399,0001,1,,02,20250529,20250529,AM,0255
61063275,0001,1,MIR FISIOTERAPIA E PILATES,02,20250529,20250529,CE,1559
61068906,0001,1,PERSONAL VINICIUS SILVESTRE,08,20260310,20250529,SP,7107
61070410,0001,1,ACADEMIA OTIMIZE FITNESS,02,20250529,20250529,ES,5699
61071034,0001,1,M A SUPERACAO,02,20250529,20250529,RJ,5869
61080918,0001,1,BOOST FIT,02,20250530,20250530,GO,9221
61081903,0001,1,STUDIO SHAPE,02,20250530,20250530,SP,6285
61086949,0001,1,STUDIO ARENA HITMUS,02,20250530,20250530,MG,4957
61101860,0001,1,NFIT,02,20250602,20250602,PB,2097
61116146,0001,1,ELITE CLUB GYM,08,20260130,20250602,GO,9263
61120420,0001,1,PB CACAPAVA,02,20250602,20250602,SP,6271
61130948,0001,1,,02,20250603,20250603,MG,4589
54070384,0002,2,D S P FIT,08,20260213,20250603,CE,1495
61134774,0001,1,VK PERSONAL TRAINER,02,20250603,20250603,PR,7963
43247835,0002,2,,04,20260610,20250603,MG,4371
53496180,0001,1,,02,20240115,20240115,SC,8357
61141664,0001,1,CHINA FITNESS,02,20250603,20250603,BA,3515
61142260,0001,1,,02,20250603,20250603,SP,6789
61146739,0001,1,,02,20250604,20250604,RS,8855
61154889,0001,1,,02,20250604,20250604,MG,5343
61159011,0001,1,HF FITNESS ACADEMIA,02,20250604,20250604,PE,2413
61159248,0001,1,GUILHERME B MARTINS,02,20250604,20250604,TO,9733
61161455,0001,1,ALVARELLI FIGHT,08,20260116,20250604,SP,7107
61168796,0001,1,,02,20250605,20250605,PR,7937
61169903,0001,1,ACADEMIA RADICAL FITNESS,08,20251117,20250605,SP,7107
61170871,0001,1,BLACK FITNESS ACADEMIA,02,20250605,20250605,PA,0048
60068928,0001,1,,02,20250325,20250325,SP,6789
61194453,0001,1,,02,20250606,20250606,MG,4069
61198417,0001,1,NEOSPACE CENTRO DE DESENVOLVIMENTO HUMANO E BEM-ESTAR,02,20250606,20250606,RO,0003
58420010,0001,1,ACADEMIA SAUDE ATIVA,02,20241211,20241211,PE,2381
45307455,0001,1,PROGRAMA COXAS SARADAS,02,20220215,20220215,SP,6209
61229053,0001,1,PRS SPORTS & EVENTOS,02,20250609,20250609,SP,6971
61232801,0001,1,,02,20250609,20250609,RJ,6001
61233591,0001,1,LAVIE,02,20250609,20250609,RS,8801
61237067,0001,1,STUDIO 27,02,20250610,20250610,RS,8651
61241306,0001,1,REDE LARANJA BEACH TENIS,02,20250603,20250603,RR,0301
61243590,0001,1,BV ACADEMIA,02,20250610,20250610,RR,0301
53959609,0002,2,ACADEMIA ENERGY,02,20250610,20250610,RS,8899
61251966,0001,1,DIVIFITNES CROSSFIT,02,20250610,20250610,MG,4445
61266828,0001,1,NEW LIFE STUDIO PILATES LTDA,02,20250611,20250611,SP,7183
61268974,0001,1,TITAN FORCE,02,20250611,20250611,RO,0005
61269283,0001,1,PRIME FITNESS & PHYSIOTHERAPY,02,20250611,20250611,SP,6931
61273040,0001,1,HEYFIT JURUNAS,02,20250611,20250611,PA,0427
61275847,0001,1,UP EVOLUTION,02,20250612,20250612,MT,9779
61282421,0001,1,ACADEMIA G FIT,02,20250612,20250612,MA,0755
61282913,0001,1,MAX FITNESS,02,20250612,20250612,BA,3651
61284262,0001,1,ACADEMIA EDYFIT,02,20250612,20250612,CE,1429
61285926,0001,1,IRON RAT GYM,08,20251031,20250612,MG,4981
61293089,0001,1,PERFORMANCE,02,20250613,20250613,BA,3735
61294434,0001,1,,02,20250613,20250613,CE,1389
61301486,0001,1,MOVIMENTA MAIS,02,20250613,20250613,RO,0003
61323435,0001,1,LE MAVI PILATES,02,20250616,20250616,GO,9221
61324973,0001,1,HIFT ACADEMIA,02,20250616,20250616,PE,2457
61328626,0001,1,STUDIO PHISICO E ACADEMIA,02,20250616,20250616,MG,4929
61330477,0001,1,,02,20250616,20250616,SP,7107
61332792,0001,1,STUDIO MARIANNE FERNANDES FISIOTERAPIA E PILATES,02,20250616,20250616,RJ,6001
61334328,0001,1,ACADEMIA AD3,02,20250616,20250616,SC,8349
61342053,0001,1,,08,20260513,20250617,RS,8849
61346648,0001,1,AGUIDA PRADO,02,20250617,20250617,MS,9113
61356852,0001,1,INFINITY ACADEMIA,02,20250618,20250618,PR,7937
61358682,0001,1,ACADEMIA FORTY FIVE,04,20260529,20250618,CE,1585
07594978,0732,2,,02,20250618,20250618,BA,3849
46257020,0001,1,MA FIT,02,20220504,20220504,MG,0750
61368457,0001,1,ESTUDIO 735,02,20250618,20250618,RS,8869
61368512,0001,1,FUSION CENTRO DE TREINAMENTO,02,20250618,20250618,MT,9907
61369324,0001,1,ALCAFITNESS,02,20250618,20250618,CE,1309
22902694,0144,2,,02,20250619,20250619,PE,2521
61377908,0001,1,,08,20250725,20250619,SP,7115
61404700,0001,1,VC FITNESS,02,20250623,20250623,MA,0961
61405863,0001,1,R7 GYM ACADEMIA,02,20250623,20250623,CE,1459
23566434,0011,2,,08,20250729,20241221,SC,8183
61425220,0001,1,,02,20250624,20250624,SP,6581
61425480,0001,1,GUI FIT STUDIO,02,20250624,20250624,AM,0269
61426229,0001,1,STUDIO NALI,02,20250624,20250624,GO,9373
61429614,0001,1,VITAL FISIO & PILATES,02,20250624,20250624,CE,1389
61432060,0001,1,AGAPE PILATES E FISIOTERAPIA,02,20250624,20250624,MS,9051
61439195,0001,1,ACADEMIA GOLDEN FIT SCP,02,20250401,20250401,SP,6429
61446330,0001,1,ACADEMIA VIPPER STORE,02,20250625,20250625,RN,1639
61459611,0001,1,CENTRO DE TREINAMENTO M2 FIT,02,20250626,20250626,MG,0640
59652100,0001,1,,02,20250225,20250225,RJ,5877
61467052,0001,1,TOP FITNES CACHOEIRO,02,20250626,20250626,ES,5623
24921465,0130,2,,02,20250626,20250626,GO,9227
45537489,0001,1,ESTUDIO IMPACTO PERSONAL,02,20220307,20220307,PR,7955
61479860,0001,1,LIFIT ACADEMIA,02,20250627,20250627,PB,1981
61487655,0001,1,,02,20250627,20250627,PR,7667
61487947,0001,1,TL FIT PRIME,02,20250627,20250627,RS,8839
61488123,0001,1,O NOVO FITNESS,02,20250627,20250627,SC,8183
61488585,0001,1,CT ALAN CHAVES,02,20250627,20250627,BA,3617
61489401,0001,1,,02,20250627,20250627,SC,8113
61503114,0001,1,CT CORPO E MENTE,02,20250630,20250630,RJ,5801
61506248,0001,1,,02,20250630,20250630,SP,6163
61507957,0001,1,STUDIO ESSENCIA,02,20250627,20250627,MG,2687
39326247,0002,2,ARAKI FIT TRAINING,02,20250630,20250630,SP,6695
61515836,0001,1,R.O.C. SERV,02,20250630,20250630,SP,7107
55070092,0001,1,STUDIO LE.VIC,02,20240509,20240509,SP,7077
61532548,0001,1,STUDIO FITNESS,02,20250701,20250701,BA,3579
61539485,0001,1,,02,20250701,20250701,MG,4733
61548345,0001,1,SMART FIT,02,20250702,20250702,GO,1066
61549336,0001,1,CAMPO FIT,02,20250702,20250702,RJ,6001
61551427,0001,1,,02,20250702,20250702,ES,5663
61284296,0007,2,,02,20250612,20250612,RS,8899
61284296,0015,2,,02,20250612,20250612,RS,8771
61566039,0001,1,,02,20250702,20250702,SP,7107
61575087,0001,1,PROFIT,02,20250703,20250703,CE,1447
61581878,0001,1,STUDIO VITTA ACADEMIA,02,20250703,20250703,ES,5619
61589820,0001,1,TJ COACH,02,20250704,20250704,PA,0427
61591782,0001,1,ACADEMIA FLEX,02,20250704,20250704,CE,1389
61597358,0001,1,ATHLETIC TEAM,02,20250704,20250704,MG,5403
61599538,0001,1,,02,20250704,20250704,MG,4359
61599561,0001,1,MS FITNESS,02,20250704,20250704,SP,7107
50722612,0001,1,IRON X,02,20230518,20230518,SP,6967
61602828,0001,1,,02,20250704,20250704,MA,0108
61607285,0001,1,,02,20250705,20250705,PR,7535
60621246,0001,1,Z FIT ACADEMIA,02,20250430,20250430,GO,9487
61461850,0001,1,CENTRO DE TREINAMENTO OX FITNESS,02,20250626,20250626,SP,7107
22902694,0146,2,,02,20250707,20250707,PE,2521
61618315,0001,1,WORLD GYM,02,20250101,20250101,DF,9701
07594978,0734,2,,02,20250707,20250707,SP,7077
61284296,0025,2,,02,20250612,20250612,RS,8599
61630165,0001,1,LAST FIT PRAIA BRAVA,02,20250707,20250707,SC,8161
61639139,0001,1,ABREU FIT,02,20250708,20250708,BA,3599
61640485,0001,1,,02,20250708,20250708,ES,5705
61648228,0001,1,ACADEMIA ESPORTE E SAUDE,02,20250708,20250708,RS,7379
55698830,0001,1,BODY & SOUL,02,20240626,20240626,RJ,6001
61658640,0001,1,PS ELITTE FORTE,02,20250709,20250709,PE,2553
61661045,0001,1,GUERTON ACADEMIA,02,20250709,20250709,RS,8785
61668276,0001,1,AIRES GYM,02,20250709,20250709,GO,9373
61668545,0001,1,FOUR FIT ACADEMIA,02,20250709,20250709,AC,0149
61668704,0001,1,SOUL FITNESS,02,20250709,20250709,RJ,5837
61671401,0001,1,ALCATEIA ROSAS,02,20250709,20250709,BA,3849
61675464,0001,1,RENAN SILVA CENTRO DE TREINAMENTO,02,20250710,20250710,SP,6245
51598307,0001,1,BIO FITNESS ACADEMIA,02,20230728,20230728,BA,3749
61684255,0001,1,IMPERIUM ACADEMIA,02,20250710,20250710,RJ,5813
34699045,0002,2,ACADEMIA CONEX,02,20250710,20250710,RS,8901
59863790,0002,2,LOOP FIT ACADEMIA,02,20250710,20250710,PB,2051
61693754,0001,1,,02,20250710,20250710,SP,7107
61694554,0001,1,ACADEMIA GOLD,02,20250710,20250710,MT,0129
50457313,0001,1,,02,20230426,20230426,RJ,2921
61698977,0001,1,,02,20250711,20250711,RS,8801
56303725,0001,1,IRON FITNESS,02,20240806,20240806,BA,3853
54270940,0001,1,JULIANA PERSONAL TRAINING,02,20240311,20240311,SP,7107
61704459,0001,1,ACADEMIA JUNDIARA,02,20250711,20250711,PA,0535
61704555,0001,1,L.A FITNESS ACADEMIA,02,20250711,20250711,GO,0077
48713050,0003,2,,08,20260330,20250712,BA,3685
61723179,0001,1,BELLA FORMA,02,20250714,20250714,SE,3207
48190282,0003,2,ONE PLACE CT,02,20250714,20250714,MG,4903
61727644,0001,1,STUDIO DE MUSCULACAO ALDRIGHI,02,20250714,20250714,SP,6639
61734150,0001,1,BACKSPIN TT,02,20250714,20250714,PR,7583
61735306,0001,1,RAIANE ESPACO PILATES,02,20250714,20250714,AC,0139
46895399,0001,1,TEAM FORCE BLACK HOUSE ACADEMIA,08,20260202,20220623,SP,6361
61740389,0001,1,,02,20250714,20250714,RS,8847
61740574,0001,1,CORPO E MENTE ACADEMIA,02,20250714,20250714,PA,0595
61741444,0001,1,CENTER PILATES E FISIOTERAPIA T R,02,20250715,20250715,PB,2051
61744060,0001,1,VISUAL FITNESS ACADEMIA,02,20250715,20250715,PB,1965
61747851,0001,1,ACADEMIA CORPO & SAUDE,02,20250715,20250715,GO,9391
61751828,0001,1,CT ELITE,02,20250715,20250715,MG,4181
61760852,0001,1,EXION,02,20250715,20250715,PA,0447
61764773,0001,1,EBIT ACADEMIA E PERSONAL,02,20250716,20250716,RS,5959
61767746,0001,1,HB STUDIO,02,20250716,20250716,MG,4365
61772636,0001,1,GB GUANAMBI,02,20250716,20250716,BA,3533
61776505,0001,1,STUDIO EQUILIBRIO BEM ESTAR,02,20250716,20250716,MG,5155
61778318,0001,1,,02,20250716,20250716,MS,9051
61780728,0001,1,ACADEMIA POWER ZONE FITNESS,02,20250716,20250716,BA,3849
61781479,0001,1,MODHERNA FIT ACADEMIA,08,20251128,20250716,SP,6403
61781734,0001,1,ESTUDIO MASTER FIT,02,20250716,20250716,MG,4097
61787266,0001,1,SANUS CENTRO FITNESS,02,20250717,20250717,CE,1389
21586504,0012,2,LIVE ACADEMIA,02,20250717,20250717,AM,0255
61795904,0001,1,AF BEM-ESTAR E LONGEVIDADE,02,20250717,20250717,SP,7107
06229391,0006,2,BIOS - CENTRO DE CONDICIONAMENTO FISICO,02,20250717,20250717,RJ,6001
61805897,0001,1,,02,20250718,20250718,SP,6295
61807265,0001,1,SMART FIT,02,20250718,20250718,MG,4079
56921434,0001,1,FABRICA CT INTERLAGOS,02,20240820,20240820,SP,7107
61809681,0001,1,PRIME FIT 3,02,20250718,20250718,SC,8163
61810265,0001,1,TOPFIT,02,20250718,20250718,RN,1651
61816875,0001,1,LIFFE ACADEMIA,02,20250718,20250718,CE,1565
61835921,0001,1,,02,20250721,20250721,SP,6737
49947582,0001,1,,02,20230315,20230315,SP,6389
61845437,0001,1,,02,20250721,20250721,BA,3849
61847509,0001,1,,02,20250721,20250721,SP,7107
61862936,0001,1,STUDIO AMANDA VECHINE DE TREINAMENTO FUNCIONAL,02,20250722,20250722,SP,5445
61869340,0001,1,STUDIO DE PILATES SANDRA LOVATO,02,20250722,20250722,MS,9051
61873267,0001,1,C4 GYM,02,20250723,20250723,SP,7107
61876566,0001,1,LEELA YOGA,02,20250723,20250723,SP,7071
61887918,0001,1,,02,20250723,20250723,SP,7107
61890027,0001,1,GABREN PILATES,02,20250723,20250723,SP,7107
61901026,0001,1,STUDIO CARREIRA SAUDE E PERFORMANCE,02,20250724,20250724,SP,6869
61904390,0001,1,WELLNESS TEOFILO OTONI,02,20250724,20250724,MG,5371
61910185,0001,1,ATIVAFIT ACADEMIA,02,20250724,20250724,AL,2803
55906112,0001,1,UP FIT ACADEMIA,08,20250724,20240712,GO,9227
61918340,0001,1,ONE FIT ACADEMIA,02,20260325,20250725,MA,0889
61920818,0001,1,EQUIPE CERTA RH,02,20250725,20250725,MG,5191
61923863,0001,1,AURA FITNESS ACADEMIA,02,20250725,20250725,PR,0870
61926951,0001,1,STUDIO LAGOS WELLNESS,02,20250725,20250725,PE,2489
00318069,0060,2,,02,20250728,20250728,RJ,6001
55173639,0001,1,ACADEMIA PH.D SPORTS PALHOCA,02,20240517,20240517,SC,8233
61417296,0001,1,VIVAFIT STUDIO,02,20250623,20250623,SC,5537
53419904,0001,1,WE GESTAO FITNESS,08,20250804,20240109,PI,1219
52753342,0001,1,,02,20231101,20231101,SP,6511
53372897,0001,1,,02,20240104,20240104,RS,8901
44369258,0001,1,ELEMENTAL TREINAMENTO E PERFORMANCE,02,20211125,20211125,SP,7107
55246345,0001,1,WARRIOR GYM,02,20240523,20240523,GO,1058
61859834,0001,1,DOCTORFIT VILA ROMANA,02,20250722,20250722,SP,7107
61663626,0001,1,RED MOB CAPOEIRAS,02,20250709,20250709,SC,8105
47644658,0001,1,SPACEFIT ACADEMIA,08,20260509,20220819,PI,1113
56379455,0001,1,ACADEMIA STAR FITNESS,02,20240808,20240808,GO,9445
53411734,0001,1,VIVVA FITNESS,02,20240108,20240108,RS,8963
53965586,0001,1,CUIDAR SAUDE INTEGRATIVA,02,20240219,20240219,MG,4579
60213043,0001,1,EVERTON RUVIERI,02,20250402,20250402,MT,9167
60741951,0001,1,CENTRO DE TREINAMENTO GAMA,02,20250508,20250508,MT,9901
60748826,0001,1,CORPO EM FORMA,02,20250509,20250509,TO,0080
44086752,0001,1,AM ARIEL MULTARI PERSONAL,04,20260601,20211101,BA,3957
57988894,0001,1,,02,20241105,20241105,PI,1219
45164112,0001,1,GOLD ACADEMIA FITNESS,02,20220204,20220204,GO,0085
44672148,0001,1,STUDIO BODY & MIND LTDA,02,20211223,20211223,SP,7071
44445080,0001,1,GM FITNESS,02,20211201,20211201,RS,8801
54821978,0001,1,,02,20240421,20240421,SC,8179
52814293,0001,1,CF BODY CLUB,08,20250922,20231108,RJ,5867
45377683,0001,1,,02,20220221,20220221,MS,9051
61040021,0001,1,FITBRIO,02,20250528,20250528,BA,3849
44239363,0001,1,MEGA ACADEMIA FIT,02,20251024,20211114,CE,1373
60117489,0001,1,ACADEMIA TEO FIT,02,20250327,20250327,BA,3931
50102881,0001,1,KURA,02,20230327,20230327,RS,8589
53559804,0001,1,,08,20251209,20240118,PE,2513
52464606,0001,1,,02,20231007,20231007,MG,5403
59596332,0001,1,IVAVIDA PILATES FITNESS,02,20250221,20250221,PR,7691
54734448,0001,1,,02,20240415,20240415,BA,3515
50268681,0001,1,PASSOS TREINAMENTO ESPORTIVO,02,20230411,20230411,SP,6219
61809140,0001,1,THE WOMAN GYM CHACARA KLABIN,02,20250718,20250718,SP,7107
53971426,0001,1,STUDIO HIDRO SAUDE,08,20251031,20240219,PE,2457
53392175,0001,1,SKY FIT BARAO DE GURGUEIA,02,20240105,20240105,PI,1219
59962051,0001,1,MOVE,02,20250318,20250318,GO,9445
22507502,0003,2,ACADEMIA TROPICAL FIT,04,20260525,20220527,DF,9701
51415403,0001,1,TICIANA LUANA PILATES,02,20230713,20230713,SP,6969
61263159,0001,1,ERGOVIX,02,20250611,20250611,ES,5603
49386482,0001,1,,02,20230130,20230130,SP,6969
44338849,0001,1,PERFORMANCE ACADEMIA,02,20211123,20211123,CE,1567
47095770,0001,1,UNBROKENN,02,20220711,20220711,GO,9301
47687483,0001,1,ELETRO FIT,02,20220823,20220823,RS,8863
48551582,0001,1,RODRIGO PAES,02,20221108,20221108,SP,7107
49532353,0001,1,STUDIO HIIT DANCE,02,20230209,20230209,PE,2439
51731869,0001,1,********,02,20230808,20230808,SC,8179
52714977,0001,1,IRON RED CT,02,20231030,20231030,PR,7911
53958810,0001,1,,02,20240219,20240219,PR,7777
55904066,0001,1,STUDIO SARA VIEIRA PILATES E FISIOTERAPIA,02,20240712,20240712,SE,3169
52606490,0002,2,,02,20240731,20240731,PR,7525
58069018,0001,1,LABOR & FITNESS,02,20241112,20241112,MG,4417
07594978,0647,2,,02,20241114,20241114,DF,9701
58647130,0001,1,IMPETUS TREINAMENTO PERSONALIZADO,02,20250106,20250106,MG,4123
44301344,0001,1,UNI FIT ACADEMIA,02,20211119,20211119,MT,0131
44421226,0001,1,STUDIO SIMONE PREDEBON,02,20211130,20211130,SC,8237
45139027,0001,1,ENERGY PLUS GYM,02,20220203,20220203,RJ,6009
46558683,0001,1,,02,20220526,20220526,SP,6133
46586337,0001,1,BLACKCROSS 392,02,20220530,20220530,PA,0427
14320079,0003,2,URANIUM FITNESS,08,20221129,20220915,MG,4123
48305836,0001,1,RODRIGO FITNESS,02,20221017,20221017,RN,1699
49089718,0001,1,SHAPE FIT STUDIO FITNESS,02,20230106,20230106,TO,9385
49738831,0001,1,PLANETA CORPO,08,20251218,20230228,MG,4865
50052139,0001,1,VITALE PERFORMANCE,02,20230323,20230323,BA,3849
50103865,0001,1,DISTRICT ACADEMIA,02,20230328,20230328,GO,9361
50151210,0001,1,CENTRO DE TREINAMENTO ALINE SILVEIRA,02,20230330,20230330,MG,4431
50429445,0001,1,STUDIO FELZ,02,20230425,20230425,ES,2935
50542563,0001,1,,08,20251114,20230504,MG,4069
51062323,0001,1,,02,20230615,20230615,SP,6373
51837344,0001,1,EXPERIENCE FIT,02,20230816,20230816,PE,2457
51971566,0001,1,,02,20230828,20230828,PR,9983
52729876,0001,1,,02,20231031,20231031,PR,7935
53312649,0001,1,PILATES LU PERDONSINI,02,20231227,20231227,RS,8941
53616030,0001,1,STUDIO VIDA ATIVA,02,20240123,20240123,MG,4911
49774506,0001,1,STUDIO PRIME,02,20230302,20230302,RJ,6001
54783368,0001,1,,02,20240418,20240418,RS,8847
55501674,0001,1,RRRT ACADEMIA DE GINASTICA,02,20240612,20240612,SP,7157
55686202,0001,1,,02,20240626,20240626,CE,1389
56383762,0001,1,ULTRA ACADEMIA,03,20241202,20240808,DF,9701
57512173,0001,1,ARENA FITT,02,20241001,20241001,MG,5221
57975405,0001,1,STUDIO CORPO EM MOVIMENTO,02,20241105,20241105,MG,4123
24339925,0028,2,,02,20241210,20241210,PR,7535
58976427,0001,1,MOVEMAX SAUDE & PERFORMANCE,02,20250120,20250120,RO,0003
08353829,0008,2,ACUAS FITNESS,02,20250221,20250221,DF,9701
50800138,0001,1,G E V DEGRAUS,02,20230524,20230524,BA,3429
60495719,0001,1,PODIUM FIT ACADEMIA,02,20250423,20250423,PE,2605
61150899,0001,1,GENINHO GYM,02,20250604,20250604,SP,6475
54194057,0001,1,MONTEZANO PERFORMANCE FITNESS,02,20240305,20240305,MS,9051
61748473,0001,1,,02,20250715,20250715,SP,6477
61802885,0001,1,PULSE STUDIO FITNESS,02,20250717,20250717,PE,2577
56064502,0001,1,PLENITUDE ACADEMIA,02,20240724,20240724,MA,0937
47860941,0001,1,VTX ACADEMIA PERSONAL CLASS LTDA,02,20220906,20220906,SP,6213
54391600,0001,1,ALVES FITNESS ACADEMIA,02,20240319,20240319,PA,0491
53450418,0001,1,PULSE ACADEMIA,02,20240110,20240110,RS,6063
45348641,0001,1,ACADEMIA DAYLU,02,20220218,20220218,BA,3655
59533913,0001,1,C.A OZONIOTERAPIA,02,20250218,20250218,SC,8387
07594978,0737,2,,02,20250707,20250707,SP,7107
58449631,0001,1,,02,20241213,20241213,SP,6929
43923795,0001,1,,02,20211019,20211019,MA,0921
50007857,0001,1,,02,20230321,20230321,MG,5115
51301170,0001,1,SUPREMA FITNESS,08,20260112,20230705,PA,0048
53849868,0001,1,,02,20240207,20240207,MS,9073
59256063,0001,1,ON FIT - CENTRO DE TREINAMENTO,08,20260115,20250203,GO,9225
52520522,0001,1,FOXER FIT ACADEMIA,02,20231013,20231013,SP,6257
46615300,0001,1,,02,20220601,20220601,RJ,5819
58765267,0001,1,,02,20250110,20250110,MG,5403
56387333,0001,1,AGAPE FITNESS,02,20240808,20240808,CE,1495
61227293,0001,1,ALINEAR PILATES,02,20250609,20250609,SP,6219
61238541,0001,1,,02,20250610,20250610,SP,6979
55387311,0001,1,,02,20240604,20240604,SP,7107
61119058,0001,1,,02,20250602,20250602,MG,4217
48557109,0001,1,NEW SHAPE ASSESSORIA ESPORTIVA,02,20241203,20221109,GO,9373
49172636,0001,1,"C. T. XIS PIT BULL - MOVIMENTO, FORCA E RECUPERACAO",02,20230113,20230113,SC,8119
57251199,0001,1,STUDIO YARA APINAJES,02,20240911,20240911,PA,0048
53502651,0001,1,ESPACO FITNESS SHEKINAH LTDA,02,20240115,20240115,MG,5413
59438898,0001,1,ESTUDIO AT - TREINAMENTO FEMININO,02,20250212,20250212,RN,1741
59357511,0001,1,,02,20250207,20250207,SP,6219
59545092,0001,1,MALIBU,02,20250219,20250219,SP,7145
48959861,0001,1,VIRTUS PERSONAL STUDIO,02,20221222,20221222,PA,0411
54556525,0001,1,,02,20240402,20240402,MG,4123
57253686,0001,1,,02,20240911,20240911,SP,6163
61894581,0001,1,,02,20250724,20250724,SC,9991
54314495,0001,1,CORPO LIVRE STUDIO,02,20240313,20240313,PA,0463
48182755,0001,1,,02,20240902,20221004,GO,9571
52639477,0001,1,,08,20260323,20231024,RJ,5833
54477407,0001,1,ARENA HYPE SALINAS,02,20240326,20240326,PA,0523
61736438,0001,1,PRIME FIT ACADEMIA,02,20250714,20250714,PI,1051
54580319,0001,1,ACADEMIA NOVO ESTILO,02,20240403,20240403,PA,0427
59540680,0001,1,ACADEMIA FIT COMBAT,02,20250219,20250219,ES,5601
46760544,0001,1,ATIVUS TF,02,20220613,20220613,TO,9365
59613138,0001,1,GOTREINO,02,20250223,20250223,MG,4123
49602283,0001,1,,02,20230214,20230214,ES,5699
53554720,0001,1,,02,20240118,20240118,AL,2785
53912591,0001,1,KOTARO FITNESS TREINAMENTO,02,20240215,20240215,MT,9067
53504152,0001,1,EQUILIBRIO SAUDE INTEGRADA,02,20240115,20240115,CE,1247
49825112,0001,1,CENTRO DE TREINAMENTO ALTA PERFORMANCE,02,20230306,20230306,RO,0035
61187542,0001,1,,02,20250606,20250606,MG,5431
46299011,0001,1,CAJ PILATES,02,20220506,20220506,PR,7535
59720079,0001,1,STUDIO DUO,02,20250228,20250228,PR,7751
60284144,0001,1,TH BUSINESS E PERFORMANCE,02,20250407,20250407,GO,9373
43868072,0001,1,W7 ACADEMIA,02,20211014,20211014,SC,8355
46830655,0001,1,,02,20220620,20220620,SP,6795
50833616,0001,1,,02,20230526,20230526,MG,4123
45426480,0001,1,DOJO TAO SEABRA,02,20220223,20220223,GO,9389
61576707,0001,1,ACADEMIA GAVIOES MONDUBIM FITNESS LTDA,02,20250703,20250703,CE,1389
49683552,0001,1,POWER HOUSE CT,04,20260609,20230223,SP,6681
57425970,0001,1,ACADEMIA CRISTAL,02,20240925,20240925,SP,6545
24238993,0004,2,,02,20250728,20250728,PR,7535
61969972,0001,1,,02,20250729,20250729,RJ,5883
61973371,0001,1,,02,20250729,20250729,MA,0921
61981829,0001,1,GAME ON - CONSULTORIA EM TREINAMENTO FISICO,02,20250730,20250730,DF,9701
61983848,0001,1,FIT TRAINER,02,20250730,20250730,ES,5637
61986903,0001,1,,02,20250506,20250506,RS,0968
00318069,0062,2,,02,20250730,20250730,PE,2531
61993144,0001,1,,02,20250730,20250730,MG,4573
61997990,0001,1,,02,20250730,20250730,SP,6181
61999547,0001,1,CENTRO DE TREINAMENTO OTHON MELO,02,20250731,20250731,PA,0463
62011755,0001,1,,02,20250731,20250731,SP,6415
62016055,0001,1,SOBERA ACADEMIA,02,20250731,20250731,PR,7925
62023794,0001,1,,02,20250801,20250801,MG,5155
62023946,0001,1,RC3 ACADEMIA,02,20250801,20250801,SP,7107
62025005,0001,1,EXTREME FITNESS,02,20250801,20250801,RN,1761
62027944,0001,1,,02,20250801,20250801,MG,4733
62034039,0001,1,ALINE FERNANDES PERSONAL TRAINER,02,20250801,20250801,RS,8801
62048869,0001,1,CT GATTO,02,20250804,20250804,MG,4123
62049527,0001,1,TPM CENTRO DE TREINAMENTO FEMININO,02,20250804,20250804,MG,5379
62051381,0001,1,ESPACO ESPECTRO,02,20250804,20250804,RJ,5925
62055738,0001,1,,02,20250804,20250804,PR,7691
62062116,0001,1,VIBE FIT,02,20250804,20250804,PI,0346
62065858,0001,1,AD FITNESS ACADEMIA,02,20250804,20250804,PE,2337
62069357,0001,1,SMART FORCE,02,20250805,20250805,BA,3803
62074895,0001,1,,02,20250805,20250805,MS,9051
62078873,0001,1,MATERNA FIT,02,20250805,20250805,SP,7107
62079549,0001,1,STUDIO FIT GYM,02,20250805,20250805,CE,1271
62084224,0001,1,TREINADOR ARTHUR LIMA,02,20250805,20250805,DF,9701
62088975,0001,1,RORAIMA CENTRO DE CONDICIONAMENTO FISICO E PILATES,02,20250805,20250805,BA,3849
62092373,0001,1,JUBARANOW STUDIO,02,20250806,20250806,SP,7099
62092745,0001,1,,02,20250806,20250806,SP,6589
62106511,0001,1,MB FITNESS,02,20250806,20250806,BA,3463
62110765,0001,1,CLAUDIO PERSONAL TRAINER,02,20250807,20250807,PR,7493
62111359,0001,1,,02,20250807,20250807,SP,6291
62111542,0001,1,CORPO CIENCIA FITNESS,02,20250807,20250807,SP,6291
62114432,0001,1,ESPACO SENIOR,02,20250807,20250807,GO,9289
62121072,0001,1,STUDIO TRAINER,02,20250807,20250807,PI,1219
62123750,0001,1,POTENCIA MAXIMA LTDA,02,20250807,20250807,MG,4445
62132679,0001,1,LUIZA VIEIRA,02,20250808,20250808,PR,7535
62141744,0001,1,CORE SKILL PERFORMANCE E MOVIMENTO,02,20250808,20250808,SP,6179
62180683,0001,1,PERFO + SAUDE,02,20250812,20250812,PA,0411
62198340,0001,1,,02,20250813,20250813,SC,8221
62201796,0001,1,ACADEMIA DE MUSCULACAO BODYGYM,02,20250813,20250813,RS,8791
62209757,0001,1,ACADEMIA ALPHA FITNESS 360,02,20250813,20250813,SP,7157
62211506,0001,1,OXY GYM ILHABELA,02,20250813,20250813,SP,6509
62220177,0001,1,,02,20250814,20250814,CE,1471
62225303,0001,1,ACADEMIA SPARTA,02,20250814,20250814,MG,4371
62226033,0001,1,PILATES MAGLEIDES,02,20250814,20250814,RJ,5833
62235045,0001,1,CENTRO DE TREINAMENTO LECO FITNESS,02,20250814,20250814,BA,3541
62238974,0001,1,STUDIO CORPO EM MOVIMENTO,02,20250814,20250814,MS,9051
62242547,0001,1,ACADEMIA ESPECO VITAL,02,20250815,20250815,ES,5675
51581407,0003,2,,08,20260423,20250815,RS,8771
62244754,0001,1,C T CARINA ORNELAS,02,20250815,20250815,RJ,5819
62245557,0001,1,,02,20250815,20250815,SP,6671
62269163,0001,1,TEAM MISACH LTDA,02,20250818,20250818,GO,9373
62278453,0001,1,ALL BOSQUE,02,20250818,20250818,SP,6717
62291673,0001,1,,02,20250819,20250819,GO,1066
62298851,0001,1,A POSITIVO,02,20250819,20250819,CE,1373
62300483,0001,1,ACADEMIA CORPO ATIVO,02,20250819,20250819,PR,7513
62304981,0001,1,MOVIFIT SAUDE EM MOVIMENTO,02,20250819,20250819,PE,2457
62305085,0001,1,PH.D SPORTS JAU,02,20250819,20250819,SP,6607
62309652,0001,1,CL FIT ONE,02,20250820,20250820,PR,7481
62325031,0001,1,FALCAO NUTRITION,02,20250820,20250820,SP,7121
62331054,0001,1,CROSS EXPERIENCE MORADA DO SOL,02,20250821,20250821,MG,4031
62333526,0001,1,CLINICA VIVER BEM,02,20250821,20250821,MT,9167
62334587,0001,1,ACAD PRISCILA,02,20250821,20250821,SP,6619
62349021,0001,1,R2 FITNESS,02,20250822,20250822,AL,2793
62358472,0001,1,TOP SAUDE ACADEMIA,02,20250822,20250822,GO,1052
62361821,0001,1,7 BARRA 7 CROSS TRAINING LTDA,02,20250822,20250822,GO,9227
62363608,0001,1,TRYADE FIT,02,20250822,20250822,BA,3685
62363861,0001,1,STUDIO THO PILATES E FISIOTERAPIA,02,20250822,20250822,PB,2051
62397775,0001,1,ERACORP ACADEMIAS,02,20250826,20250826,DF,9701
62397834,0001,1,,02,20250826,20250826,MG,4123
62401017,0001,1,,02,20250826,20250826,RS,8595
62402423,0001,1,SELFIT,02,20250826,20250826,PA,0447
62403354,0001,1,,02,20250826,20250826,MA,0921
62403444,0001,1,ACADEMIA AQUATICA,08,20260613,20250826,MS,9165
62403671,0001,1,,02,20250826,20250826,RS,8555
62441728,0001,1,,02,20250828,20250828,SP,6163
62443083,0001,1,STUDIO ELEVEFISIC TREINAMENTO FISICO FUNCIONAL,02,20250828,20250828,SP,6149
62444355,0001,1,DUKAS ACADEMIA,02,20250828,20250828,AM,0255
62446363,0001,1,CORPO E MOVIMENTO,02,20250828,20250828,DF,9701
62448785,0001,1,RENOVE PILATES E FISIOTERAPIA,02,20250828,20250828,PR,7513
62450681,0001,1,LUND FITNESS,02,20250828,20250828,DF,9701
62451330,0001,1,SKYFIT VILA RE,02,20250828,20250828,SP,7107
62459386,0001,1,,02,20250828,20250828,SP,7107
62467463,0001,1,,02,20250829,20250829,SP,6619
62471182,0001,1,CORPO EM EQUILIBRIO,02,20250829,20250829,RS,8801
62471335,0001,1,CENTRO DE TREINAMENTO RABELO,02,20250829,20250829,PI,1199
62474466,0001,1,,02,20250829,20250829,CE,1241
62493335,0001,1,TEAM TOM MELO,02,20250901,20250901,SP,7107
62493885,0001,1,,02,20250901,20250901,SP,6771
62496594,0001,1,ACADEMIA VIVA EM FORMA UNIDADE IV,02,20250901,20250901,SP,6425
62499293,0001,1,FABRICA CT CEILANDIA,02,20250901,20250901,DF,9701
62504314,0001,1,EQUILIBRIO ESTUDIO PILATES,02,20250901,20250901,BA,3521
62504879,0001,1,RT FITNESS,02,20250901,20250901,PR,7535
30248471,0003,2,,02,20250902,20250902,RJ,6001
62523685,0001,1,IN MOOVE ACADEMIA,02,20250902,20250902,RJ,2921
62533825,0001,1,SKYFIT - PRACA PARIS,02,20250903,20250903,MG,5403
62539050,0001,1,CT SULAO,02,20250903,20250903,GO,9227
62539810,0001,1,VFITCOACH,02,20250903,20250903,SP,7107
62543980,0001,1,MOVIMENTO E AFETO,02,20250903,20250903,PB,2221
62544897,0001,1,MEGLAMOUR PILATES,02,20250903,20250903,SP,7107
51765638,0002,2,ACADEMIA ELITE,02,20250904,20250904,SC,8131
62561616,0001,1,,02,20250904,20250904,RS,8599
25115142,0007,2,TOTAL FIT JACAREI 2,02,20250904,20250904,SP,6589
62565603,0001,1,CCS XPRIME FITNESS,02,20250904,20250904,PR,7591
62565660,0001,1,ESTUDIO VIVA +,08,20250929,20250904,SP,7145
07594978,0769,2,,02,20250905,20250905,GO,9227
07594978,0771,2,,02,20250905,20250905,SP,7057
62578642,0001,1,HERO BOX,02,20250905,20250905,PB,2051
62588018,0001,1,BACABAL,02,20250905,20250905,MA,0723
62354025,0001,1,,02,20250822,20250822,RS,5785
62472952,0001,1,DAY STUDIO,02,20250829,20250829,AL,2781
62603643,0001,1,DYHFIT ACADEMIA,02,20250908,20250908,MG,4717
62606021,0001,1,FC PERFORMANCE TRAINING,02,20250908,20250908,RS,8773
62611697,0001,1,BOX ROTARY,02,20250908,20250908,SP,7075
62613239,0001,1,BRUTAL FIT,02,20250908,20250908,SP,6175
62617657,0001,1,STUDIO LIFE PILATES,02,20250908,20250908,DF,9701
52551716,0005,2,,02,20250909,20250909,CE,1389
62623538,0001,1,LAVITTA PILATES,02,20250909,20250909,GO,9425
24921465,0156,2,,02,20250909,20250909,GO,9753
62637364,0001,1,STUDIO MD-FIT,02,20250909,20250909,PA,0441
62647965,0001,1,ENERGY LIFE,02,20250910,20250910,MG,4585
40803377,0006,2,,02,20250910,20250910,SP,7107
62655660,0001,1,,02,20250910,20250910,RJ,5849
62656315,0001,1,STUDIO TAUANY MELO,02,20250910,20250910,MG,4223
62656937,0001,1,BELLA FORMA STUDIO FITNESS,02,20250910,20250910,MG,4959
62657334,0001,1,ACADEMIA BEM ESTAR,02,20250910,20250910,PA,0515
62662122,0001,1,,02,20250910,20250910,SP,7107
25115142,0022,2,TOTAL FIT FOZ DO IGUACU 1,02,20250904,20250904,PR,7563
62667971,0001,1,,02,20250911,20250911,SP,6619
62677512,0001,1,,02,20250911,20250911,RN,0422
62692426,0001,1,STUDIO PRO ATIVE II,02,20250912,20250912,SP,6477
62723870,0001,1,DIVERSIFIT ASSESSORIA ESPORTIVA,02,20250915,20250915,MG,5407
62409575,0001,1,,02,20250826,20250826,MG,5403
62734693,0001,1,,02,20250916,20250916,SP,6141
62743187,0001,1,,02,20250916,20250916,SP,7107
62744253,0001,1,RJ FIT,02,20250916,20250916,RJ,6001
62744547,0001,1,TEAM SPEED,02,20250916,20250916,AP,0605
62756476,0001,1,ONE CARE GYM,02,20250917,20250917,CE,1247
62763562,0001,1,GARAGE SANCA,08,20260125,20250917,SP,6375
31882695,0002,2,FUNCIONAL STAR FIT 2,02,20250917,20250917,RO,0013
62776904,0001,1,WELBER FREGUGIA CONSULTORIA ESPORTIVA,02,20250918,20250918,MG,5285
62779168,0001,1,,02,20250918,20250918,PR,7887
62797976,0001,1,OX TRAINING,02,20250919,20250919,MG,5195
62799187,0001,1,STUDIO FUNCIONAL AR,02,20250919,20250919,MG,5035
62803463,0001,1,,02,20250919,20250919,SP,7107
62809046,0001,1,THE PACE FACTORY,02,20250919,20250919,PR,7535
62824462,0001,1,GFIT ACADEMIA,02,20250922,20250922,AL,2725
62826141,0001,1,NORAM TREINAMENTOS ESPORTIVOS,02,20250922,20250922,RN,1661
62827245,0001,1,CAVERNA STUDIO FITNESS,02,20250922,20250922,PE,2335
55995481,0002,2,ACADEMIA COLISEU FITNESS,02,20250922,20250922,BA,3883
62838944,0001,1,BLOCS,02,20250922,20250922,MG,5179
62844200,0001,1,UP TRAINING ACADEMIA,02,20250923,20250923,GO,9645
62851658,0001,1,,02,20250923,20250923,PR,5475
62863889,0001,1,ESPACO FITNESS ACADEMIA,02,20250923,20250923,PI,1163
62865355,0001,1,SKYFIT VICENTE PIRES,02,20250924,20250924,DF,9701
62865599,0001,1,GAROTA FITNESS,02,20250924,20250924,BA,3467
62866149,0001,1,AGILITY CRISTAL,02,20250924,20250924,RS,8801
62869641,0001,1,,02,20250924,20250924,MG,4417
62869993,0001,1,,02,20250924,20250924,SP,7107
14528844,0003,2,HASHTAG ACADEMIA JACUTINGA,02,20250924,20250924,SP,6979
62873516,0001,1,KAORA CROSSTRAINING,02,20250924,20250924,SP,6281
62874942,0001,1,ACADEMIA PHYSICAL M. O,02,20250924,20250924,CE,1419
62900540,0001,1,TRAINING UP,02,20250925,20250925,GO,9221
62747626,0001,1,,02,20250916,20250916,RS,8599
54295018,0002,2,R2 FITNESS II,02,20250926,20250926,RS,8791
62909006,0001,1,J A PERSONAL,02,20250926,20250926,MT,9129
62914777,0001,1,PS PERFORMANCE ACADEMIA,02,20250926,20250926,SP,6485
62915569,0001,1,ACADEMIA GERACAO MAIS FITNESS,02,20250926,20250926,PE,2431
62915671,0001,1,VITA LUNGA ACADEMIA,02,20250926,20250926,RS,8589
62916862,0001,1,LETS RUN,02,20250926,20250926,SP,7145
62935529,0001,1,,02,20250929,20250929,RS,8655
22902694,0163,2,,02,20250929,20250929,PI,1219
62949473,0001,1,,02,20250929,20250929,MG,4029
62952638,0001,1,PB GIOVANNI GRONCHI,02,20250929,20250929,SP,6291
62954824,0001,1,INFLUENCE FITNESS,02,20250930,20250930,SP,6469
62967597,0001,1,STRAMM CROSS,02,20250930,20250930,RS,8659
62974026,0001,1,NEW SHAPE PRO,02,20250930,20250930,MS,9011
62975622,0001,1,,02,20251001,20251001,RJ,6001
62982234,0001,1,ACADEMIA ESTETICA ATITUDE,02,20251001,20251001,MG,4123
62999019,0001,1,ARENA BEACH ACADEMIA,02,20251002,20251002,RJ,2925
63001649,0001,1,INMOVE,02,20251002,20251002,SC,8113
63001756,0001,1,ELITE PRO CT,02,20251002,20251002,RS,8589
10272346,0003,2,AG ATIVIDADES ESPORTIVAS,08,20251125,20251002,SE,3105
63004759,0001,1,GLOW MOVE,02,20251002,20251002,SP,7107
63009792,0001,1,PODIUM MOVE,02,20251002,20251002,CE,1567
24395830,0023,2,FORCE ONE,02,20251002,20251002,SC,8081
63025972,0001,1,GERACAO ACQUA SAUDE,02,20251003,20251003,SC,8087
63026691,0001,1,STUDIO BELLA FIT,02,20251003,20251003,GO,9423
63046041,0001,1,JOAO TREINADOR,02,20251006,20251006,GO,9221
51116711,0002,2,GIL FIT,02,20251006,20251006,BA,3043
63051299,0001,1,STUDIO FUNCIONAL E FITNESS PRISCILA FERNANDA,02,20251006,20251006,MG,4079
62309775,0001,1,"ALEM DO PACE, ASSESSORIA ESPORTIVA",02,20250820,20250820,AL,2785
63054671,0001,1,ELETROFIT ACADEMIA,02,20251006,20251006,GO,9625
63055882,0001,1,PANOBIANCO ANALICE,02,20251006,20251006,SP,6789
63056679,0001,1,,02,20251006,20251006,CE,1389
63058856,0001,1,METAMORFOSE,02,20251006,20251006,MS,9157
63067253,0001,1,MAYRA ANDRADE PILATES E FISIOTERAPIA,02,20251007,20251007,MG,5401
63069849,0001,1,SINGULARE GYM,02,20251007,20251007,SP,7145
63072732,0001,1,,02,20250919,20250919,SP,7121
63076088,0001,1,IRONBEACH STRONG,02,20251007,20251007,SC,8173
63079731,0001,1,LUMIERE,02,20251007,20251007,DF,9701
63085783,0001,1,STUDIO LAZZAROTE,02,20251007,20251007,SP,7107
63092204,0001,1,ELEVGYM,02,20251008,20251008,SP,6639
63094649,0001,1,BEM STAR FIT,02,20251008,20251008,SC,8083
63104598,0001,1,STUDIO DUNA,02,20251008,20251008,RS,8791
63114424,0001,1,ACADEMIA DO GHABA,08,20260223,20251009,MS,9063
63115348,0001,1,VIVA ACADEMIA,08,20251029,20251009,DF,9701
63119047,0001,1,CARDAN - CONDICIONAMENTO INTEGRAL,02,20251009,20251009,PB,1921
63128294,0001,1,,02,20251010,20251010,RJ,2923
61284296,0028,2,,02,20251010,20251010,RS,8771
63135018,0001,1,TOP FIT STUDIO DE MUSCULACAO,02,20251010,20251010,SC,8163
63138354,0001,1,TALU STUDIOS,02,20251010,20251010,BA,3849
63139868,0001,1,AF TEAM,02,20251010,20251010,SP,6731
63139891,0001,1,G10 ACADEMY,02,20251010,20251010,PE,2477
63140952,0001,1,FLOW STUDIO,02,20251010,20251010,PB,2051
63141523,0001,1,ARENA PERFORMANCE,02,20251010,20251010,SC,8081
63156915,0001,1,ESTUDIO CRIS FITNESS,02,20251013,20251013,CE,1419
63160522,0001,1,,02,20251013,20251013,SP,6929
63163569,0001,1,STUDIO ESSENCIA,02,20251013,20251013,MG,5155
63168834,0001,1,MOVIMENTO FITNESS NOVA BRASILIA,02,20251013,20251013,SC,8179
63176679,0001,1,HERA ACEDEMIA FEMININA,02,20251014,20251014,MG,4973
63180867,0001,1,UNYT CENTRO INTEGRADO DE SAUDE E MOVIMENTO,02,20251014,20251014,MG,4123
63197236,0001,1,PODIUM ACADEMIA & SAUDE,02,20251015,20251015,CE,1385
63205537,0001,1,DAMIANI PREPARACAO FISICA,02,20251015,20251015,MG,4123
63211172,0001,1,,02,20251015,20251015,SC,8089
63217773,0001,1,GOOD LIFE ACADEMIA,02,20251016,20251016,BA,3579
63222470,0001,1,DS SHAPE SAUDE E BEM ESTAR,02,20251016,20251016,SP,7107
63227047,0001,1,BOX FUSAO,02,20251016,20251016,RJ,5903
63228594,0001,1,,02,20251016,20251016,RS,8965
63230673,0001,1,PRIME TRAINING,02,20251016,20251016,SC,5551
63231150,0001,1,DUO STUDIO FITNESS,02,20251016,20251016,MG,5403
63235670,0001,1,SM FITNESS,02,20251017,20251017,RJ,5865
63242092,0001,1,STUDIO PILATES LAILA ALMEIDA,02,20251017,20251017,BA,3849
63244484,0001,1,HRX LAB,02,20251017,20251017,SP,7145
63268447,0001,1,PILATES TRADICIONAL,02,20251020,20251020,PR,7535
63270450,0001,1,BEST ACADEMIA,02,20251020,20251020,GO,9487
63276881,0001,1,NOS3BC TRAINING LTDA,02,20251020,20251020,SC,8039
63280161,0001,1,SOLUTION CENTRO DE TREINAMENTO,02,20251020,20251020,SP,6327
63285877,0001,1,CROSSFIT UMUARAMA CATEDRAL,02,20251021,20251021,PR,7935
63286708,0001,1,WFIT,02,20251021,20251021,PB,1981
63297682,0001,1,ESTUDIO DE PILATES CLAUDIA DEICHEL,02,20251021,20251021,RS,8801
63301699,0001,1,FIT CONCEPT,02,20251021,20251021,CE,1247
63306306,0001,1,STUDIO G,02,20251022,20251022,PR,7477
63309396,0001,1,,02,20251022,20251022,SP,6929
63315740,0001,1,ACADEMIA FALCON,02,20251022,20251022,MG,5049
63319270,0001,1,SUPINO 45 LTDA,02,20251022,20251022,RJ,6001
63320925,0001,1,ON GYM,02,20251022,20251022,SP,7107
63327624,0001,1,MATCH POINT CENTRO DE TREINAMENTO DE TENNIS,02,20251023,20251023,BA,3965
63333677,0001,1,,02,20251023,20251023,ES,5705
63346701,0001,1,,02,20251024,20251024,SP,6921
63352048,0001,1,BFIT,02,20251024,20251024,SC,8027
63352261,0001,1,STUDIO CHIARA FITNESS SO PARA MULHERES,02,20251024,20251024,SP,7149
63377673,0001,1,L3M SPORTS CLUB,02,20251027,20251027,PA,0509
46150658,0003,2,,02,20251028,20251028,MS,9051
63395350,0001,1,,08,20260520,20251028,RS,8507
63396793,0001,1,,02,20251028,20251028,SP,6921
63399213,0001,1,BIO PERSONAL,02,20251028,20251028,BA,3965
63413583,0001,1,,02,20251029,20251029,RS,8801
63417607,0001,1,MYSTILIKA,02,20251029,20251029,SP,7107
13396172,0049,2,,02,20251029,20251029,RS,8511
63427633,0001,1,,02,20251029,20251029,SP,6953
63427956,0001,1,VOLL PILATES GRANJA JULIETA,02,20251029,20251029,SP,7107
63434391,0001,1,,02,20251030,20251030,RS,8769
63438449,0001,1,JV STUDIO PERSONAL,02,20251030,20251030,GO,9919
63438986,0001,1,STUDIO KAINA,02,20251030,20251030,SP,6875
63447909,0001,1,JB FIT,02,20251030,20251030,SP,7107
63461267,0001,1,IRON FITNESS,02,20251031,20251031,MG,4911
63462492,0001,1,,02,20251031,20251031,MT,9067
33346423,0003,2,,08,20260421,20251103,PE,2531
07594978,0793,2,,02,20251103,20251103,MG,4123
07594978,0797,2,,02,20251103,20251103,DF,9701
63503496,0001,1,,02,20251104,20251104,MG,4445
63505035,0001,1,CENTRO DE TREINAMENTO XTRAINING UNIVERSITARIO,02,20251104,20251104,MG,4553
63539279,0001,1,,02,20251105,20251105,SP,7107
63248208,0001,1,ACADEMIA TIGER,02,20251017,20251017,SP,7107
63222246,0001,1,VELO KORE AERA STUDIOS PERDIZES,02,20251016,20251016,SP,7107
63188539,0001,1,LELLIS PILATES,02,20251014,20251014,PR,7739
63543816,0001,1,JEL DIVINO,02,20251106,20251106,ES,5703
63546838,0001,1,SOLIE PILATES,02,20251106,20251106,PR,7535
63547270,0001,1,JASS,02,20251106,20251106,DF,9701
63547604,0001,1,NEW BODY SHAPE,02,20251106,20251106,MT,8979
63551057,0001,1,IMPERIO FIT,02,20251106,20251106,MG,0622
28285814,0002,2,SMARTFIT,02,20251106,20251106,PR,7777
63562309,0001,1,CLFN PRIME,02,20251107,20251107,SE,3105
63562955,0001,1,,02,20251107,20251107,SP,6717
63563178,0001,1,ACADEMIA MUNDO MAROMBA,02,20251107,20251107,SC,8229
63564019,0001,1,FURIA ACADEMIA,02,20251107,20251107,GO,9413
63565796,0001,1,WILSON MARTINS GARCIA,02,20251107,20251107,BA,3485
63568421,0001,1,INSPIRE PILATES VILA ROMANA,02,20251107,20251107,SP,7107
63569674,0001,1,FIT CLUB VERA CRUZ,02,20251107,20251107,BA,3963
63571722,0001,1,,02,20251107,20251107,RJ,5819
63583474,0001,1,CROSS 2202,02,20251109,20251109,MT,9067
63586037,0001,1,,02,20251110,20251110,BA,3573
63586118,0001,1,ACADEMIA FENIX A&I,02,20251110,20251110,RS,8629
63587318,0001,1,MOB & MUV,02,20251110,20251110,MG,4445
63591654,0001,1,SKYFIT UNIDADE CIDADE DUTRA,02,20251110,20251110,SP,7107
63591757,0001,1,PANOBIANCO GINES PARRA,02,20251110,20251110,PR,7667
63591944,0001,1,EM FIT,02,20251110,20251110,BA,3993
63595952,0001,1,TITANIUM ACADEMIA,02,20251110,20251110,MT,8987
63599553,0001,1,ACADEMIA CORPO & SAUDE,02,20251110,20251110,GO,9373
63600011,0001,1,ST ACADEMIA,02,20251110,20251110,PB,2177
63600473,0001,1,,02,20251110,20251110,MG,4961
63602076,0001,1,MD ACADEMIA LTDA,02,20251110,20251110,PB,1981
63604489,0001,1,STUDIO NOVO SHAPE,02,20251110,20251110,MS,9051
63609313,0001,1,,02,20251111,20251111,SP,6291
37007775,0002,2,STUDIO ANNA GOUVEIA,02,20251111,20251111,SC,8363
63619668,0001,1,BRUMFIT MARACANA,02,20251111,20251111,ES,5625
63629993,0001,1,AQUA STUDIO,02,20251112,20251112,PB,1975
63642616,0001,1,,02,20251112,20251112,ES,5705
63650769,0001,1,ESPACO AXIS,02,20251113,20251113,SP,6163
63652593,0001,1,NXC FITNESS,08,20260223,20251113,GO,9653
63653712,0001,1,CINTIA PIN'S FUNCIONAL BY VRN & CO.,02,20251113,20251113,RJ,2909
07594978,0808,2,,02,20251113,20251113,RJ,6001
07594978,0811,2,,02,20251113,20251113,RN,1837
63655861,0001,1,BAY FIT,02,20251113,20251113,GO,9381
63656272,0001,1,CT NOVA ARCADIA,02,20251113,20251113,BA,3481
63656819,0001,1,ALPHA Z ACADEMIA,02,20251113,20251113,SC,8133
63656973,0001,1,,02,20251113,20251113,RS,8825
63667136,0001,1,STUDIO LUNA,02,20251114,20251114,RJ,6001
63672072,0001,1,POWER FIT GYM,02,20251114,20251114,PI,0274
63672204,0001,1,,02,20251114,20251114,RS,8801
63675833,0001,1,CT KONG CROSS,02,20251114,20251114,MA,0921
63676533,0001,1,,02,20251114,20251114,MS,9051
63676768,0001,1,ALLP FIT ACADEMIA,02,20251114,20251114,SC,8179
63679902,0001,1,RK FITNESS,02,20251114,20251114,GO,9373
63681138,0001,1,EQUILIBRIUM FITNESS ACADEMIA,02,20251114,20251114,PA,0519
63695808,0001,1,,02,20251117,20251117,SP,6511
63697117,0001,1,COLIZEUS CORPORATION STUDIO,02,20251117,20251117,PB,2057
63709854,0001,1,VV VERISSIMO,02,20251117,20251117,SP,6157
63712452,0001,1,,02,20251118,20251118,SC,8105
52640700,0004,2,STUDIO DUOBUS,08,20260407,20251118,CE,1523
63720495,0001,1,,02,20251118,20251118,MS,9049
63732996,0001,1,,02,20251119,20251119,SP,7077
63734363,0001,1,CURA STUDIO DE PILATES,02,20251118,20251118,PA,0427
63734680,0001,1,APOLLO FIT,02,20251118,20251118,PA,0591
63736229,0001,1,HK MOVIMENTO EM FOCO,02,20251119,20251119,PR,7667
63755964,0001,1,PHARMA FIT,02,20251121,20251121,GO,9445
63775789,0001,1,ACADEMIA IMPULSE,02,20251124,20251124,RR,0301
63776055,0001,1,HASHTAG ACADEMIA PONTA GROSSA,02,20251124,20251124,PR,7777
22902694,0175,2,,02,20251124,20251124,PE,2629
63777084,0001,1,SKYFIT,02,20251124,20251124,RJ,6001
63777584,0001,1,INSTITUTO EVOLLUTION CENTRO DE TREINAMENTO,02,20251124,20251124,SP,6213
63781514,0001,1,MOVEUP,02,20251124,20251124,AM,0255
09127513,0006,2,,02,20251121,20251121,RJ,6001
63783891,0001,1,,02,20251124,20251124,RJ,6001
63787244,0001,1,CTPP ASA SUL,02,20251124,20251124,DF,9701
11652257,0002,2,,02,20251125,20251125,SP,7047
63807749,0001,1,,02,20251125,20251125,SP,6163
63809525,0001,1,FIT PERFORMANCE,02,20251125,20251125,GO,9599
63820691,0001,1,,02,20251126,20251126,RS,8729
63825093,0001,1,,02,20251126,20251126,MG,4123
63825456,0001,1,YOGA BY ANA RAFAELA,02,20251126,20251126,RJ,5865
63826557,0001,1,LIFT,02,20251126,20251126,PE,2491
44186008,0002,2,,02,20251126,20251126,BA,3849
63838763,0001,1,,02,20251127,20251127,SP,6177
63844539,0001,1,IMPERIUM FITNESS,02,20251127,20251127,MG,4463
63844964,0001,1,STUDIO ECOFITNESS,02,20251127,20251127,MG,4901
63846062,0001,1,,02,20251127,20251127,SP,7099
63847691,0001,1,ACADEMIA WS WEIDER'S,02,20251127,20251127,AM,0263
63858813,0001,1,JX HEALTH & MOVEMENT,02,20251128,20251128,SC,8327
63859814,0001,1,,02,20251128,20251128,DF,9701
63860991,0001,1,,02,20251128,20251128,SP,6373
63861545,0001,1,RYZE GYM,02,20251128,20251128,SP,7029
63862984,0001,1,IRONSIDE GYM,02,20251128,20251128,PE,2355
63867483,0001,1,RENAN RAMOS PERSONAL TRAINING,02,20251128,20251128,PR,7885
22902694,0155,2,,02,20250828,20250828,PA,0427
62739960,0001,1,STUDIO MAIS SAUDE PILATES E WELLNES,02,20250916,20250916,SC,8107
62868413,0001,1,HAMMER FIT GYM,02,20250924,20250924,DF,9701
62884158,0001,1,,02,20250924,20250924,PA,0427
63532486,0001,1,ACADEMIA METAMORFIT,02,20251105,20251105,PB,2061
63641502,0001,1,ACADEMIA PERFORMANCE,02,20251112,20251112,PE,2511
63885077,0001,1,AMAILSON FITNESS,02,20251201,20251201,RN,1761
63892361,0001,1,AJ FITNESS - UNIDADE FELIPE CAMARAO,02,20251202,20251202,RN,1761
63894655,0001,1,WM FITNESS,02,20251202,20251202,GO,9445
63895893,0001,1,P GALVAO,02,20251201,20251201,PR,7583
13953602,0003,2,,02,20251203,20251203,RS,8423
63917271,0001,1,ADRIA SOUZA MOVIMENTO & TERAPIAS,08,20260414,20251202,AP,0615
63917373,0001,1,ELEVA FITNESS,02,20251203,20251203,MG,4199
63930196,0001,1,WL JUNIOR ACADEMIA DE MUSCULACAO,02,20251204,20251204,PR,7745
63932251,0001,1,PANOBIANCO,02,20251203,20251203,SP,7107
63932427,0001,1,ACADEMIA DAZIFITNESS,02,20251204,20251204,PR,8469
63935237,0001,1,PLAY CENTER,02,20251204,20251204,MG,4371
63935640,0001,1,WCM CONSULTORIA FITNESS,02,20251202,20251202,SP,7157
63938215,0001,1,STUDIO DOMUS LTDA,02,20251202,20251202,RJ,5915
63946601,0001,1,,08,20260319,20251205,MG,0730
63949097,0001,1,VOLARE PILATES,02,20251205,20251205,MG,4123
63734620,0001,1,SOLUCOES,02,20251119,20251119,BA,3937
63968882,0001,1,ARENA FITNESS TERESINA,02,20251205,20251205,PI,1219
63970647,0001,1,GYM COMPANY,02,20251208,20251208,RJ,5897
63973702,0001,1,,02,20251208,20251208,CE,1495
36748245,0002,2,,02,20251209,20251209,SP,6219
63988377,0001,1,CROSS EFRAIM,02,20251202,20251202,SP,6563
58897522,0002,2,,02,20251210,20251210,RJ,5869
55943078,0002,2,,02,20251210,20251210,CE,1261
64008240,0001,1,,02,20251210,20251210,RJ,5837
64008960,0001,1,SKY FIT CHAPADAO DO SUL,08,20260404,20251210,MS,9787
64010113,0001,1,NICO COUTINHO PERSONAL,02,20251210,20251210,PR,7535
64018867,0001,1,ACADEMIA AD3 TUBARAO PREMIUM - UNIDADE 56,02,20251210,20251210,SC,8367
08949726,0002,2,ACADEMIA SPARTACUS,02,20251211,20251211,MS,9051
64024798,0001,1,VILA PRUDENTE FITNESS,02,20251211,20251211,SP,7107
64026414,0001,1,RM GYM ACADEMIA,02,20251210,20251210,MA,0134
64034528,0001,1,FABAO TEAM,02,20251212,20251212,MS,9073
64039020,0001,1,DRAKO ACADEMIA,02,20251212,20251212,PR,7471
64043005,0001,1,,02,20251212,20251212,MG,4371
64047767,0001,1,STUDIO FLUIDEZ,02,20251210,20251210,SP,7107
64051401,0001,1,SJE,02,20251212,20251212,RS,8801
44164495,0002,2,VILLA FITNESS CENTRO,02,20251215,20251215,MG,4771
64057028,0001,1,SEMPRE BEM PILATES ITAQUERA,02,20251215,20251215,SP,7107
64058353,0001,1,JOY WELLNESS CLUB,02,20251212,20251212,SC,8105
13396172,0053,2,,02,20251215,20251215,RS,8909
61961704,0001,1,,02,20250729,20250729,SP,7149
64071141,0001,1,STUDIO ANIMA,02,20251202,20251202,SP,2943
22902694,0176,2,,02,20251216,20251216,PA,0427
64082117,0001,1,NS PERFORMANCE,02,20251215,20251215,SP,7107
64082510,0001,1,,02,20251216,20251216,RJ,2909
64086868,0001,1,,02,20251217,20251217,MT,9035
64090410,0001,1,,02,20251217,20251217,SP,7145
64093036,0001,1,LAR PILATES,02,20251217,20251217,SP,7107
64094377,0001,1,,02,20251216,20251216,PR,7565
64098864,0001,1,ACADEMIAKM7FIT,02,20251217,20251217,PB,2151
64100962,0001,1,STUDIO FITNESS D2,02,20251215,20251215,SC,8047
64112976,0001,1,POWERFIT ACADEMIA,02,20251216,20251216,GO,9571
64113265,0001,1,STUDIO LODI,02,20251218,20251218,MT,8985
64128802,0001,1,MAYARA MORAES,02,20251219,20251219,SC,8179
64137001,0001,1,ANJOS POWER GYM,02,20251219,20251219,PI,1119
64144995,0001,1,PARDO SAUDE ESPORTE E BEM ESTAR,02,20251217,20251217,MS,9141
64146713,0001,1,,02,20251222,20251222,RS,8959
64153253,0001,1,SINERGY ACADEMIA,02,20251222,20251222,RS,8589
64154630,0001,1,MOURA PERFORMANCE,02,20251203,20251203,SP,6377
64156058,0001,1,LIFEFISIO PILATES & FISIOTERAPIA,02,20251223,20251223,PB,2051
64169874,0001,1,BASE 88,02,20251226,20251226,MA,0921
64170503,0001,1,NAZA BOX GYM,02,20251215,20251215,PE,2489
63693136,0001,1,KAIZEN PILATES,02,20251117,20251117,SP,7099
64185063,0001,1,PRECHEDI PERSONAL,02,20251223,20251223,RJ,6001
64185936,0001,1,PAULO MEIRA PERFORMANCE,02,20251224,20251224,PR,7535
64196978,0001,1,GREENLIFE MOEMA,02,20251229,20251229,SP,7107
64197026,0001,1,RS CROSS,02,20251230,20251230,MA,0921
58612852,0002,2,CONEXAO RITMICA JARDIM BOTANICO,02,20251230,20251230,DF,9701
64198073,0001,1,AMK FORCE TRAINING ACADEMIA,02,20251223,20251223,PR,7493
64207066,0001,1,UPA FITNESS,02,20251229,20251229,RN,1889
64207427,0001,1,I.L.L CONSULTORIA ESPORTIVA,02,20251229,20251229,PE,2321
07594978,0766,2,,02,20250905,20250905,RJ,6001
64221267,0001,1,ESPACO PERSONAL JULY SILVA,02,20260102,20260102,RS,8943
64222949,0001,1,ACADEMIA INCLUSAO & JIU-JITSU,02,20251222,20251222,SP,6141
64225301,0001,1,KATIA SILVA PILATES,02,20251229,20251229,MS,9051
64232736,0001,1,,02,20260103,20260103,CE,1389
64262539,0001,1,ACADEMIA LIFE THOR FITNESS FORCA & VIDA,02,20260105,20260105,MS,9131
64264003,0001,1,LIGA CROSS,02,20260105,20260105,MT,9067
64279520,0001,1,OLYMPIA FITNESS,02,20260105,20260105,RS,8841
64283420,0001,1,HV SAUDE EM MOVIMENTO,02,20260106,20260106,GO,9301
64283672,0001,1,DONPHYSIO VITALIDADE E PERFORMANCE,02,20251230,20251230,SP,6795
64289709,0001,1,CT MARLON,02,20260102,20260102,SP,6563
64298666,0001,1,VIA MOVE,02,20260106,20260106,GO,9425
64299611,0001,1,ACADEMIA PRIME,02,20260105,20260105,PA,0415
20342001,0004,2,,02,20260107,20260107,RJ,6001
08072295,0012,2,PRATIQUE AREIAS,02,20260107,20260107,SC,8327
08072295,0018,2,PRATIQUE MART MINAS SAO JOAQUIM,02,20260107,20260107,MG,4371
08072295,0023,2,PRATIQUE NOVA PALHOCA RIO GRANDE 2,02,20260107,20260107,SC,8233
08072295,0027,2,PRATIQUE MATOZINHOS CENTRO,02,20260107,20260107,MG,4821
08072295,0036,2,PRATIQUE ITABIRA ESPLANADA,02,20260107,20260107,MG,4633
08072295,0047,2,PRATIQUE CAMPINAS,02,20260107,20260107,SC,8327
08072295,0055,2,PRATIQUE FUNCIONARIOS,02,20260107,20260107,MG,4123
08072295,0081,2,PRATIQUE GIASSI,02,20260107,20260107,SC,8105
08072295,0100,2,PRATIQUE CAMARGOS 2,02,20260107,20260107,MG,4123
08072295,0106,2,PRATIQUE ABRAAO CARAM - PAMPULHA,02,20260107,20260107,MG,4123
08072295,0119,2,PRATIQUE CASTELO,02,20260107,20260107,MG,4123
64333505,0001,1,PUMPING IRON ACADEMIA,02,20260107,20260107,AM,0255
64344465,0001,1,,02,20260108,20260108,RJ,2909
64346798,0001,1,ATIVA SPORTES,02,20260108,20260108,MG,4839
64352161,0001,1,JR - TREINAMENTO SAUDE E QUALIDADE VIDA,02,20260107,20260107,MG,4123
64380204,0001,1,TOP TRAINING STUDIO,02,20260108,20260108,MS,9051
64387645,0001,1,GLH ACADEMIA,02,20260109,20260109,BA,3467
64407680,0001,1,ACADEMIA DA ARENA VISTA DA SERRA,02,20260112,20260112,MG,5239
64412220,0001,1,,02,20260109,20260109,SP,7075
64414422,0001,1,,02,20260107,20260107,SP,6163
64418944,0001,1,ATITUDE ACADEMIA,02,20260109,20260109,MG,4427
64423820,0001,1,SFIT,02,20260112,20260112,PB,2037
64425322,0001,1,MIGUEL MENDONCA SERVICO DE CONDICIONAMENTO FISICO,02,20260112,20260112,PR,7691
64428441,0001,1,DAIANE MENDES PERSONAL,02,20260112,20260112,SP,7107
64436879,0001,1,VRSTUDIOFITNESS,02,20260112,20260112,SP,6795
64436945,0001,1,,02,20260112,20260112,SP,6291
22902694,0181,2,,02,20260113,20260113,PE,2531
64443528,0001,1,STRIVE FIT,02,20260112,20260112,PR,7691
64450724,0001,1,TITANIUM ESPACO FITNESS,02,20260113,20260113,RS,8835
64451341,0001,1,CAMPOS ACADEMIA,02,20260113,20260113,MG,4907
64452245,0001,1,STUDIO GOLD TRAINING,02,20260113,20260113,SP,7099
64453444,0001,1,FLORESCER PILATES,02,20260113,20260113,PR,7535
64454672,0001,1,CENTRALFIT 01,02,20260107,20260107,AL,2705
64458965,0001,1,VALDIRENE BOLANI,02,20260113,20260113,SP,7107
64466164,0001,1,CTP (CENTRO DE TREINAMENTO PERSONALIZADO),02,20260114,20260114,SP,6563
64468731,0001,1,STUDIO CUIDE-SE,02,20260113,20260113,SP,6375
64472099,0001,1,POWERLAB BOX,02,20260113,20260113,SP,7145
64484586,0001,1,GS PACHECO,02,20260112,20260112,SC,8105
64498767,0001,1,PREMIUM PERSONAL TRAINER 2,02,20260114,20260114,MG,4365
64501474,0001,1,,02,20260115,20260115,PR,7927
64507474,0001,1,,02,20260115,20260115,RS,8937
64510176,0001,1,,02,20260115,20260115,MT,9067
63734953,0001,1,ACADEMIA MM MAIS MUSCULOS,02,20251119,20251119,BA,3661
64522844,0001,1,A FIT STUDIO,02,20260109,20260109,SP,6251
64525655,0001,1,,02,20260116,20260116,BA,3849
64530778,0001,1,FORTES TREINAMENTO PERSONALIZADO,02,20260116,20260116,SE,3105
22902694,0184,2,,02,20260116,20260116,PA,0415
64541141,0001,1,FOX ACADEMIA,02,20260116,20260116,PI,1167
64544053,0001,1,ACADEMIA STUDIO FORCA E FORMA,02,20260116,20260116,ES,5655
64544230,0001,1,LEAL - PILATES CLASSICO & DANCA DO VENTRE,02,20260116,20260116,SP,7071
64568404,0001,1,,02,20260116,20260116,SP,7107
64572813,0001,1,,02,20260119,20260119,RJ,6001
64580823,0001,1,JOYMOV - PILATES E FISIOTERAPIA,02,20260119,20260119,MA,0849
64586114,0001,1,,02,20260116,20260116,RS,8801
64600523,0001,1,JOFFE TREINAMENTO FUNCIONAL,02,20260120,20260120,PR,7607
64604953,0001,1,LAGUNA WELLNESS,02,20260119,20260119,RJ,5903
64607628,0001,1,LEONY SEPULCRO SAUDE INTEGRADA,02,20260116,20260116,ES,5705
64613262,0001,1,RM ESPORTES,02,20260120,20260120,SC,8233
64617950,0001,1,,02,20260120,20260120,SP,7075
40067871,0002,2,STAR FIT PLANALTO,02,20260121,20260121,MT,9027
64626364,0001,1,CENTRO ESPORTIVO BELVEDERE,02,20260121,20260121,GO,9289
64629121,0001,1,DARK BULLS CROSSFIT,02,20260121,20260121,RJ,5847
64629948,0001,1,K.M FITNESS ACADEMIA,02,20260120,20260120,PA,0415
64630203,0001,1,JD PERSONAL,02,20260121,20260121,RS,8589
64633817,0001,1,ACADEMIA PREMIUM,02,20260116,20260116,BA,3515
07737623,0082,2,,02,20260121,20260121,RJ,6001
64637769,0001,1,PEDRO LEAL PERSONAL,02,20260121,20260121,PI,1219
64638116,0001,1,ULTRA FIT,02,20260121,20260121,RN,1761
64638963,0001,1,PILAR PILATES,02,20260120,20260120,SP,6601
64639221,0001,1,PAX PERFORMANCE,02,20260121,20260121,SC,8327
64649306,0001,1,ARENA FITNESS BEQUIMAO,02,20260121,20260121,MA,0921
64650745,0001,1,VITTA PILATES E FISIOTERAPIA,02,20260122,20260122,ES,5703
64654291,0001,1,,02,20260120,20260120,PR,7535
64655363,0001,1,ESSENCE VITALI - SAUDE INTEGRADA LTDA,02,20260121,20260121,SC,8179
62587460,0001,1,GAMBHARA YOGA,02,20250905,20250905,SP,6589
64664405,0001,1,INTEGRAR-ESPACO DE YOGA,02,20260122,20260122,AM,0255
64669009,0001,1,COOPER IN MOVIMENTO,02,20260122,20260122,RJ,6001
64671441,0001,1,,02,20260122,20260122,DF,9701
64671861,0001,1,STUDIO ERIC SANTOS,02,20260121,20260121,BA,3985
64673683,0001,1,JF DESENVOLVIMENTO CORPORAL,02,20260119,20260119,SC,8297
64674000,0001,1,ACADEMIA COMPLEXO WE FITNESS,02,20260121,20260121,CE,1593
64676286,0001,1,STUDIO INVICTUS,02,20260122,20260122,RJ,5915
22902694,0188,2,,02,20260123,20260123,PE,2457
64680802,0001,1,CMM SERVICOS ESPORTIVOS,02,20260123,20260123,RJ,5865
64689033,0001,1,,02,20260123,20260123,MG,4123
64034792,0002,2,,02,20260126,20260126,SC,8179
64703608,0001,1,IMPROVE STUDIO DE PILATES,02,20260120,20260120,PR,7889
62053437,0002,2,LEAD FIT FILIAL 02,02,20260126,20260126,PA,0427
64709613,0001,1,ESPACO LAZZI,02,20260123,20260123,SP,7237
64712056,0001,1,,02,20260126,20260126,MG,0730
64712785,0001,1,CANAL 5 ACADEMIA DE GINASTICA,02,20260126,20260126,SP,7071
64714634,0001,1,,02,20260123,20260123,PE,2535
64716268,0001,1,CORPO E MOVIMENTO,02,20260126,20260126,DF,9701
64718770,0001,1,,02,20260119,20260119,SP,6477
64736178,0001,1,,02,20260127,20260127,RN,1761
64739467,0001,1,DR EXERCICIO MARIO ANDREAZA,02,20260127,20260127,MA,0921
64740782,0001,1,ELEVN HEALTH HUB,02,20260127,20260127,RN,1761
64741149,0001,1,,02,20260127,20260127,MS,9085
62013521,0001,1,ACADEMIA RAMS,02,20250731,20250731,MA,0849
64742355,0001,1,SOUL STUDIO DE PILATES,02,20260127,20260127,PR,7751
64742673,0001,1,PERNUTRI,02,20260127,20260127,MG,4123
64747039,0001,1,SAM - PILATES E PERSONAL,02,20260127,20260127,SP,7107
64753471,0001,1,R GYM,02,20260127,20260127,ES,5625
64760506,0001,1,,02,20260127,20260127,SP,6929
64762908,0001,1,INTEGRALIFISIO,02,20260128,20260128,SP,7107
64763299,0001,1,CRIS SIMIONATTO STUDIO DE PILATES,02,20260128,20260128,PR,7805
64763486,0001,1,,02,20260128,20260128,PR,8451
64766894,0001,1,CENTRO DE TREINAMENTO PRIMUS FIT,02,20260128,20260128,MA,0713
64771556,0001,1,JEL PRAIA DO CANTO,02,20260122,20260122,ES,5705
64772568,0001,1,NEXUS PERFORMANCE CONSISTENCIA E RESULTADO,02,20260115,20260115,RS,8589
64773701,0001,1,LAB 31,02,20260128,20260128,MG,4123
64776781,0001,1,LR DUETO PILATES E FISIOTERAPIA,02,20260129,20260129,GO,9221
64777251,0001,1,MILLA FITNESS,02,20260128,20260128,MG,4601
64779130,0001,1,HIIT NA CAIXA FITNESS,02,20260129,20260129,PA,0483
64783108,0001,1,,02,20260129,20260129,PB,2051
64785938,0001,1,FELIPE ANDRADE PERSONAL TRAINER,02,20260129,20260129,SP,7149
64788808,0001,1,ACADEMIA G6,02,20260129,20260129,RN,1837
64793640,0001,1,CENTRO DE TREINAMENTO CAROL STEFANONI,02,20260129,20260129,SP,6969
64797785,0001,1,EVOLUIR NATACAO & PSICOMOTRICIDADE,02,20260130,20260130,GO,9227
64799403,0001,1,CROT PILATES,02,20260123,20260123,MG,4123
64799920,0001,1,MARCOS DORIGON TREINAMENTO PERSONALIZADDO,02,20260129,20260129,PR,7667
64310194,0002,2,PHYSICAL CENTER ACADEMIA,02,20260131,20260131,AP,0605
64843369,0001,1,TW FITNESS,02,20260126,20260126,PB,1975
64843803,0001,1,MILENA NASCIMENTO DESENVOLVIMENTO NEUROPSICOMOTOR,02,20260131,20260131,DF,9701
64849903,0001,1,PHD SPORTS,02,20260130,20260130,PR,7701
64857585,0001,1,POWER SHAPE CT,02,20260202,20260202,MG,4123
64861585,0001,1,STUDIOFIT,02,20260202,20260202,MT,9119
64861752,0001,1,NAYARA DIAS PILATES E FISIOTERAPIA,02,20260130,20260130,MG,4371
64884092,0001,1,MARIA LEYSEN ESTUDIO FEMININO DE MUSCULACAO,02,20260203,20260203,PR,7745
64889875,0001,1,MOVE LAVRAS,02,20260203,20260203,MG,4763
64916608,0001,1,CLA FORTE ACADEMIA,02,20260202,20260202,SP,7183
64921051,0001,1,AC FIT ACADEMIA,02,20260204,20260204,SE,3105
64922855,0001,1,,02,20260202,20260202,SP,6555
64926655,0001,1,,02,20260204,20260204,SP,6723
64928026,0001,1,STUDIO LIFE FIT,02,20260204,20260204,CE,0987
64928550,0001,1,ATHLETIC HALL ACADEMIA,02,20260204,20260204,AL,2785
64494921,0001,1,N1,02,20260115,20260115,MA,0879
64946663,0001,1,JUNIOR SOUSA PERSONAL,02,20260205,20260205,PI,1219
64951076,0001,1,BOX VO2 CROSS TRAINING,02,20260202,20260202,SP,7273
64954155,0001,1,RAM FIT,02,20260127,20260127,ES,5703
64954782,0001,1,MOTIVUS ASSESSORIA ESPORTIVA,02,20260205,20260205,SC,8259
64956363,0001,1,IMPERIUM FITNESS,02,20260205,20260205,TO,9207
64956968,0001,1,SO PERFORMANCE,02,20260205,20260205,RJ,6001
64962259,0001,1,STUDIO T&P FITNESS,02,20260205,20260205,SE,3105
64975739,0001,1,LIFE STRONG CT,02,20260206,20260206,MG,5055
64987531,0001,1,PERFORMANCE FISICA,02,20260206,20260206,TO,9341
14786208,0002,2,MUNDO PLAY CENTER,02,20260207,20260207,BA,3015
64998850,0001,1,FORJA ACADEMIA,02,20260204,20260204,SP,7047
65007401,0001,1,TALITA MARCELINO,02,20260207,20260207,SP,7107
65009248,0001,1,CAIO GATTI PERSONAL TRAINER,02,20260206,20260206,SP,6219
65010714,0001,1,,02,20260205,20260205,PI,1023
65020995,0001,1,BERNARDO NETO ASSESSORIA DE CORRIDA,02,20260209,20260209,RN,1761
65022104,0001,1,,02,20260209,20260209,PR,7535
65026944,0001,1,,02,20260209,20260209,RS,8595
65028422,0001,1,STUDIO LIFE,02,20260205,20260205,PE,2521
65029609,0001,1,BLUEFIT PATOS,02,20260206,20260206,PB,2117
65032149,0001,1,VILLA FITNESS,02,20260209,20260209,ES,5701
65041518,0001,1,FIGUTI TREINAMENTOS,02,20260210,20260210,SP,7107
65049378,0001,1,,02,20260210,20260210,MG,4123
65050079,0001,1,CT IMIGRANTES,02,20260210,20260210,RS,8705
65053256,0001,1,,02,20260210,20260210,PR,7535
65056402,0001,1,KOR PILATES,02,20260210,20260210,PB,2051
65058236,0001,1,U FIT POMERODE,02,20260210,20260210,SC,8259
52551716,0006,2,B7 BODYFITNESS,02,20260211,20260211,CE,1389
65071701,0001,1,SUPERACAO JARDIM FITNESS,02,20260205,20260205,RJ,5813
65077569,0001,1,,02,20260211,20260211,AL,2785
65077743,0001,1,FITNESS CRUZ,02,20260211,20260211,DF,9701
65078161,0001,1,STUDIO DE PILATES ANA PAULA ROCHSTROCK,02,20260211,20260211,MG,5371
65080372,0001,1,STUDIO ARENA,02,20260211,20260211,PE,2445
18883716,0002,2,A MAIS FITNESS,02,20260211,20260211,MG,4067
65093037,0001,1,GISELE E MARCELO FITNESS,02,20260211,20260211,RS,8791
65094338,0001,1,,02,20260212,20260212,CE,1521
65096285,0001,1,O2 TREINAMENTO FISICO,02,20260206,20260206,MG,4957
65107560,0001,1,CAVEIRA FIT,02,20260212,20260212,CE,1495
65108006,0001,1,FOCUS CENTER,02,20260211,20260211,MG,4147
65110775,0001,1,UFIT BOMBINHAS BOMBAS,02,20260212,20260212,SC,5537
65119186,0001,1,ESPACO DO CORPO FITNESS,02,20260209,20260209,PR,7769
65119659,0001,1,MAYARA BETIM BISPO PERSONAL,02,20260212,20260212,SP,7107
65132077,0001,1,VGR RECUPERACAO CORPORAL,02,20260213,20260213,PR,7691
40388500,0004,2,,02,20260213,20260213,PE,2457
65147695,0001,1,TEAM POMMER CONSULTORIA INTEGRADA,02,20260213,20260213,MT,9889
65149427,0001,1,CT FORTE CROSS,02,20260211,20260211,PE,2459
65156930,0001,1,TEAM UESLER,02,20260211,20260211,SC,8259
65161352,0001,1,,02,20260217,20260217,RS,8975
65167115,0001,1,DANIEL PERDIGAO TREINAMENTO PERSONALIZADO,02,20260213,20260213,MG,4123
65169530,0001,1,STUDIO GRACIELA GUIDOTTI,02,20260218,20260218,RS,8791
65173115,0001,1,STUDIO JULIA MOTTA,02,20260218,20260218,SC,8017
65173166,0001,1,KRUGER & PEREIRA SERVICOS EM SAUDE LTDA,02,20260216,20260216,SC,8105
65175691,0001,1,ACADEMIA STARFIT,02,20260218,20260218,BA,3905
65177296,0001,1,SKYFIT ACADEMIA PARAUAPEBAS,02,20260218,20260218,PA,0595
35644328,0020,2,MOINHOS FITNESS,04,20260605,20260219,RS,8801
65186056,0001,1,CEI,02,20260210,20260210,PA,0463
65190733,0001,1,KELLY PESTILE ESTUDIO DE PILATES,02,20260218,20260218,MG,5413
65191901,0001,1,,02,20260219,20260219,PR,7691
65194088,0001,1,RE PILATES,02,20260218,20260218,SP,6689
34186300,0002,2,,02,20260219,20260219,RS,8589
65195085,0001,1,,02,20260219,20260219,ES,5651
65208630,0001,1,,02,20260214,20260214,DF,9701
65218466,0001,1,A ROCHA,02,20260220,20260220,AL,2785
65221476,0001,1,,02,20260218,20260218,MG,4031
65229533,0001,1,STUDIOGB VARGEM,02,20260219,20260219,SP,7231
65230490,0001,1,ACADEMIA EXTREME FITNESS ANDIRA,02,20260220,20260220,PR,7419
65236506,0001,1,KAMILA SALAZAR STUDIO FOR WOMEN,02,20260221,20260221,ES,5705
65237156,0001,1,ML CENTRO DE TREINAMENTO,02,20260221,20260221,PB,1975
65251176,0001,1,MOVIMENTTA PILATES,02,20260219,20260219,SC,8089
65251249,0001,1,FOUR FITNESS,02,20260220,20260220,SP,7131
65254145,0001,1,PRIMEFIT ACADEMIA,02,20260223,20260223,PI,1159
65254548,0001,1,1MR,02,20260223,20260223,MG,4911
65255941,0001,1,OUTLIVE,02,20260210,20260210,PA,0427
65255951,0001,1,,02,20260223,20260223,MG,4895
65259768,0001,1,MUD PILATES E FISIOTERAPIA,02,20260223,20260223,GO,9373
65266461,0001,1,,02,20260220,20260220,SP,7051
65266719,0001,1,ACADEMIA PHYSICUS,02,20260223,20260223,MT,8991
65266864,0001,1,ARTH FIT,02,20260223,20260223,PB,2093
65267875,0001,1,PERSONAL TAIANAM SANTOS LTDA,02,20260209,20260209,SP,7107
65268978,0001,1,,02,20260213,20260213,MG,4123
65270538,0001,1,ACADEMIA PURO IMPACTO,02,20260220,20260220,BA,3993
65272061,0001,1,NATACAO E HIDROGINASTICA TIA JANE,02,20260213,20260213,CE,1389
65284461,0001,1,,02,20260220,20260220,SC,8105
65287249,0001,1,PICK ESPORTE E MOVIMENTO,08,20260611,20260223,MG,4751
65291465,0001,1,,02,20260224,20260224,SP,6887
65292464,0001,1,AR FITNESS,02,20260223,20260223,SP,7107
65294257,0001,1,HEALTH FIT,02,20260220,20260220,MA,0737
65294933,0001,1,MARCUS FEREIRA BRANDAO EDUCADOR FISICO,02,20260220,20260220,MG,4319
65305327,0001,1,CT E STUDIO ALEXANDRE PERSONAL,02,20260223,20260223,PE,2497
65306427,0001,1,ARENA FUNCIONAL,02,20260224,20260224,BA,3441
65310126,0001,1,BASIC ACADEMIA,02,20260224,20260224,SP,7079
65310426,0001,1,ACADEMIA GAMA FITNESS,02,20260224,20260224,MG,0718
65311662,0001,1,ONIX PRIME TRAINING,02,20260224,20260224,CE,1411
65314129,0001,1,RENAN PICCOLOMINI PERSONAL,02,20260224,20260224,SP,7061
65318014,0001,1,ANDRE PERLY TREINAMENTO PERSONALIZADO,02,20260225,20260225,PR,7691
54416893,0003,2,TDG ESTUDIOS,02,20260225,20260225,SP,7107
65332111,0001,1,,02,20260223,20260223,ES,5625
65335760,0001,1,ACADEMIA DA SOL,02,20260225,20260225,RO,0037
65341624,0001,1,LUME ESTUDIO DE PILATES E FISIOTERAPIA,02,20260224,20260224,SP,6467
65345744,0001,1,SIM FITNESS,02,20260225,20260225,BA,3849
65353803,0001,1,TIGRE FITNESS,02,20260225,20260225,SP,7273
65353903,0001,1,,02,20260225,20260225,PR,7493
65354402,0001,1,FEMME FIT ACADEMIA,02,20260226,20260226,GO,9225
65357529,0001,1,INTEGRITTA 40+,02,20260225,20260225,RS,8801
65357738,0001,1,GABRIEL MATAROZZO PERSONAL TRAINER,02,20260226,20260226,SP,6377
60949392,0010,2,,02,20260226,20260226,GO,9373
65364718,0001,1,PATRICIA VALE SAUDE FISICA E INTEGRATIVA,02,20260225,20260225,MG,4123
65368601,0001,1,,02,20260227,20260227,MT,9047
65370424,0001,1,SOUL FIT PILATES LTDA,02,20260225,20260225,PR,7427
65370471,0001,1,,02,20260227,20260227,ES,5705
65376273,0001,1,,02,20260227,20260227,SP,6921
65379904,0001,1,,02,20260223,20260223,RJ,5811
65381588,0001,1,HENRIQUE ACADEMIA,02,20260226,20260226,SE,3105
65382689,0001,1,ESPACO CASAGRANDE PILATES E REABILITACAO,02,20260226,20260226,SC,8179
65383063,0001,1,TEAMTORRES,02,20260227,20260227,SP,7107
65385790,0001,1,FABRICA CT NITEROI,02,20260227,20260227,RJ,5865
65397586,0001,1,FERREIRA'S TEAM,02,20260301,20260301,CE,1389
65399163,0001,1,,02,20260301,20260301,DF,9701
65402433,0001,1,,02,20260227,20260227,RN,1761
65407752,0001,1,RENOVO PILATES,02,20260226,20260226,RJ,6001
65413030,0001,1,ACADEMIA VIDATIVA,02,20260302,20260302,MG,4577
65413357,0001,1,,02,20260302,20260302,SP,7107
65419356,0001,1,,02,20260227,20260227,RJ,5869
65424946,0001,1,R. R. FITNESS,02,20260302,20260302,MG,5185
65425269,0001,1,ACADEMIA GAVIOES,02,20260302,20260302,SP,6477
64452491,0001,1,STARK TRAINING,02,20260113,20260113,SC,8089
64892312,0002,2,,02,20260303,20260303,SC,8105
65451095,0001,1,TOTAL FIT,02,20260303,20260303,RJ,6001
65455626,0001,1,STUDIO TARSO CARVALHO,02,20260302,20260302,PE,2521
65458801,0001,1,,02,20260303,20260303,ES,5699
65465375,0001,1,UNIK PILATES FIT,02,20260304,20260304,MT,8987
65466111,0001,1,TREINADOR GAGALA,02,20260227,20260227,PR,7823
65466338,0001,1,,02,20260303,20260303,MG,4625
65467841,0001,1,STUDIO VILA,02,20260303,20260303,GO,9595
65470570,0001,1,LAIS FERNANDES ESTUDIO DE PILATES,02,20260304,20260304,SC,8367
14863688,0002,2,LIANA AQUA FIT,02,20260304,20260304,PR,7745
65471343,0001,1,,02,20260304,20260304,PB,1981
65474771,0001,1,RG FITNESS,02,20260304,20260304,RS,8815
65475901,0001,1,,02,20260304,20260304,SP,6601
65480655,0001,1,SAMY WELLNESS,02,20260304,20260304,SP,7225
65493105,0001,1,LG PENA,02,20260226,20260226,SP,7107
65494597,0001,1,,02,20260224,20260224,SP,6291
65495069,0001,1,ACADEMIA WORKING FITNESS,02,20260304,20260304,SC,8295
65495463,0001,1,,02,20260304,20260304,MT,8999
48097445,0002,2,,02,20260305,20260305,MG,5385
65496497,0001,1,,02,20260304,20260304,RJ,5877
65507968,0001,1,,02,20240820,20240820,RN,1669
65514752,0001,1,CASUMIYA PERSONAL TRAINER,02,20260303,20260303,SP,7107
65520992,0001,1,,02,20260305,20260305,RS,8801
65523997,0001,1,,02,20260305,20260305,SC,8237
65525436,0001,1,STARK ACADEMIA,02,20260306,20260306,RO,0009
65532833,0001,1,,02,20260303,20260303,RO,0007
65534589,0001,1,NH ESPACO FIT,02,20260306,20260306,MT,0131
65553266,0001,1,GOFIT ACADEMIA,02,20260302,20260302,RN,1649
65558028,0001,1,ELAINE FERREIRA PERSONAL TRAINER,02,20260304,20260304,AL,2785
65558385,0001,1,CT KAVERA,02,20260304,20260304,MG,4445
65558799,0001,1,,02,20260305,20260305,RS,8801
65558954,0001,1,GR ALTA PERFORMANCE,02,20260309,20260309,SE,3247
65563626,0001,1,STAR FITNESS,02,20260309,20260309,MG,5317
65564891,0001,1,GM FITNESS,02,20260309,20260309,RJ,6001
65565449,0001,1,REABILITAR QUALIDADE DE VIDA,02,20260309,20260309,MG,4123
65566228,0001,1,,02,20260226,20260226,PR,7535
65586017,0001,1,,02,20260309,20260309,SP,7097
65588270,0001,1,LIFE GYM,02,20260310,20260310,BA,3959
65594316,0001,1,STUDIO 3.16,02,20260306,20260306,SP,7099
31819981,0007,2,,02,20260310,20260310,AM,0281
65598102,0001,1,NEVES SERVICOS,02,20260310,20260310,PA,0427
65599137,0001,1,,02,20260310,20260310,PB,1977
65600929,0001,1,WB STUDIO,02,20260310,20260310,RJ,5813
65600995,0001,1,JJ PRIME GROUP,02,20260227,20260227,PA,0046
65606904,0001,1,CAIQUE FELIX TREINADOR,02,20260310,20260310,MG,4371
65608404,0001,1,,02,20260310,20260310,SP,6509
65611054,0001,1,NEXUS ACADEMIA,02,20260311,20260311,RS,5761
65613246,0001,1,NOUS,02,20260310,20260310,PR,7535
65618047,0001,1,,02,20260310,20260310,MT,9167
65629169,0001,1,ACADEMIA CAVERNA ABENCOADA,02,20260311,20260311,SP,7075
65629476,0001,1,HIP TEAM,02,20260311,20260311,RJ,5869
65629764,0001,1,S & A FITNESS,02,20260311,20260311,SE,3195
65631477,0001,1,NUDRA PILATES,02,20260311,20260311,GO,9373
27937966,0002,2,,02,20260312,20260312,MG,4501
17243341,0002,2,,02,20260312,20260312,MG,5343
65635414,0001,1,PRATIQUE PILATES,02,20260311,20260311,GO,9445
65636892,0001,1,ESPACO FITNESS,02,20260312,20260312,RN,1633
65640007,0001,1,TEAM MATEUS LAGO,02,20260312,20260312,BA,3711
65647581,0001,1,,02,20260302,20260302,PR,7535
65649037,0001,1,,02,20260312,20260312,RJ,5865
65650725,0001,1,SPACO PILATES,02,20260310,20260310,MT,9871
65655583,0001,1,ACADEMIA FENIX LTDA,02,20260302,20260302,RN,1671
65306556,0001,1,BLACK FITNESS ACADEMIA,02,20260224,20260224,AC,0649
65661475,0001,1,,02,20260312,20260312,SP,7107
65663233,0001,1,ACADEMIA MOVE FIT,02,20260312,20260312,PE,2601
65664828,0001,1,PERSONAL ALEXANDRE MARCELO GOMES JUNIOR,02,20260312,20260312,SP,7107
65667220,0001,1,GAVITALIS,02,20260312,20260312,SP,7077
65668350,0001,1,HIGOR CALVE WELLNESS & PERFORMANCE,02,20260313,20260313,SP,7107
65671557,0001,1,,02,20260312,20260312,SP,6715
65671880,0001,1,RF FITNESS,02,20260312,20260312,RJ,6001
65674436,0001,1,M. A. T. PILATES,02,20260313,20260313,MT,9871
65680637,0001,1,VITALITY,02,20260313,20260313,BA,3919
65700441,0001,1,ARAUJO ACADEMIAS,02,20260312,20260312,SP,6563
65709940,0001,1,POWER FIT ACADEMIA,02,20260312,20260312,SP,6477
65712516,0001,1,15 FIT,02,20260313,20260313,PA,0419
65722231,0001,1,MOUV,02,20260316,20260316,MG,4123
08072295,0140,2,ACADEMIA PADRE EUSTAQUIO FIT,02,20260317,20260317,MG,4123
65730320,0001,1,PILATES ADONAI SAUDE E VIDA,02,20260317,20260317,RJ,6001
65730495,0001,1,,02,20260310,20260310,PR,7691
65735890,0001,1,CLINICA QUEIROGA,02,20260317,20260317,MA,0921
65742075,0001,1,PALIOTTA FITNESS,02,20260311,20260311,SP,7107
65743929,0001,1,DUAL FORCE GYM,02,20260317,20260317,MS,9803
65755848,0001,1,,02,20260312,20260312,SP,6305
65756016,0001,1,ARENA FITNESS,02,20260318,20260318,MA,0927
65756581,0001,1,UNE ARENA CENTRO DE TREINAMENTO,02,20260317,20260317,SP,6477
22902694,0194,2,,02,20260318,20260318,PB,2051
65761658,0001,1,RAFAEL SAKAMOTO PERSONAL PREMIUM FITNESS COACH,02,20260226,20260226,SP,6219
65763202,0001,1,,02,20260318,20260318,CE,1389
61284296,0035,2,,02,20260318,20260318,RS,8589
65776530,0001,1,,02,20260310,20260310,SC,8327
65777305,0001,1,ANA SOARES SAUDE EM MOVIMENTO,02,20260317,20260317,SP,7107
28003921,0004,2,,02,20260319,20260319,RS,8779
65779048,0001,1,STUDIO ILHA FIT,02,20260317,20260317,RJ,6001
65780246,0001,1,,02,20260318,20260318,MT,9925
65783263,0001,1,STUDIO AOKI PILATES,02,20260318,20260318,SP,7071
65788197,0001,1,OLIVEIRAS PILATES,02,20260319,20260319,ES,5703
65792744,0001,1,ETHOS PERFORMANCE & VIDA,02,20260319,20260319,SP,6285
07594978,0840,2,,02,20260320,20260320,SP,7107
65804176,0001,1,TREINO COM RINA,02,20260319,20260319,SP,7121
65807044,0001,1,CT PERSONAL STUDIO,02,20260320,20260320,MA,0803
65807784,0001,1,PS TEAM FIGHT,02,20260320,20260320,MG,5133
65812407,0001,1,PULSE CYCLE,02,20260319,20260319,SC,8367
65814982,0001,1,CT SPORT FITNESS,02,20260320,20260320,GO,9735
65815189,0001,1,ESCOLA DE DANCA THALLIA DEUS,02,20260112,20260112,RJ,6001
65816030,0001,1,FLAVIO KIMURA PERSONAL,02,20260319,20260319,DF,9701
65816160,0001,1,SHAIVA YOGA,02,20260319,20260319,PR,7535
65816675,0001,1,HE FITNESS ACADEMIA,02,20260320,20260320,RN,1651
65843958,0001,1,CORPO E MENTE,02,20260323,20260323,RJ,5873
55591212,0004,2,ACADEMIA FORMA FITNESS,02,20260323,20260323,MT,9067
65850677,0001,1,PUZZLEFIT,02,20260313,20260313,SP,7071
65858671,0001,1,BORJ LIFE,02,20260321,20260321,BA,3849
65860602,0001,1,IMPULSO PILATES,02,20260323,20260323,SP,6213
65874081,0001,1,LISBOA ACADEMIA & SAUDE,02,20260324,20260324,SC,8217
65874379,0001,1,PILATES MICHELE MENEZES,02,20260324,20260324,RJ,6001
65876853,0001,1,CT POWER PERFORMANCE,02,20260324,20260324,DF,9701
65888043,0001,1,UNITTAS SERVICOS ESPORTIVOS,02,20260325,20260325,RN,1761
65888717,0001,1,VIVA MOVIMENTO ADAPTADO,02,20260320,20260320,SP,6713
65902162,0001,1,IHS CONDICIONAMENTO FISICO,02,20260320,20260320,SP,6291
65902763,0001,1,BE FIT TREINAMENTO PERSONALIZADO,02,20260325,20260325,PR,7535
65903946,0001,1,EVOFIT ACADEMIA,02,20260325,20260325,MG,4481
65905094,0001,1,STUDIO PAIVA,02,20260316,20260316,SP,7145
65910862,0001,1,,02,20260325,20260325,RJ,5839
65911647,0001,1,SMART GYM,02,20260325,20260325,BA,3731
65923327,0001,1,ESTUDIO DE PILATES EQUILLIBRA,02,20260325,20260325,MG,4445
65924738,0001,1,CORPO & FORMA BY EVERLLY,02,20260325,20260325,PE,2513
65926533,0001,1,ANDRETTA TREINADOR,02,20260326,20260326,MS,9123
65926718,0001,1,I AM PILATES BOA VISTA,02,20260325,20260325,PR,7535
65926773,0001,1,SENDA CLINICA DE FISIOTERAPIA,02,20260326,20260326,MG,4349
65928142,0001,1,ESTUDIO FOGR,02,20260326,20260326,BA,3413
65928578,0001,1,NEW ERA FITNESS,02,20260326,20260326,MG,4865
65931097,0001,1,ELETRO HEALTH,02,20260326,20260326,BA,3909
65937798,0001,1,RUTHYELLE FRANKLIN - PERSONAL TRAINER,02,20260316,20260316,PA,0395
65946459,0001,1,,02,20260327,20260327,MS,9051
65949709,0001,1,WELLINGTON OLIVEIRA FISIO,02,20260326,20260326,MG,5403
02314791,0002,2,,02,20260328,20260328,RO,0003
65980272,0001,1,ESPACO YOGAR,02,20260326,20260326,SP,6213
65982831,0001,1,SC FITNESS II,02,20260327,20260327,PE,2549
65983026,0001,1,P4 GYM - JERONIMO,02,20260330,20260330,SP,6181
65991921,0001,1,,02,20260330,20260330,SP,6377
65993257,0001,1,AVELAR & ALBERGARIA,02,20260330,20260330,SP,7107
65997114,0001,1,,02,20260330,20260330,SP,6787
66005429,0001,1,CLN FITNEES,02,20260331,20260331,MG,4123
66013859,0001,1,FERRARIL EMPREENDIMENTOS,02,20260331,20260331,MA,0815
66026948,0001,1,4 ACTION PHYSIO PILATES,02,20260331,20260331,MG,4417
66033294,0001,1,MEGA FIT ACADEMIA,02,20260401,20260401,GO,9391
66033882,0001,1,STUDIO GILMARA PERSONAL TRAINER,02,20260401,20260401,TO,9219
66035165,0001,1,,02,20251028,20251028,RS,8655
66036453,0001,1,COACH DAY RODRIGUES,02,20260306,20260306,MG,5241
66049746,0001,1,NEXOR LAB PERFOMACE & SAUDE LTDA,02,20260401,20260401,SP,7107
66052568,0001,1,GM FIT,02,20260402,20260402,RN,1727
66053882,0001,1,MOVIMENTE RIO,02,20260326,20260326,RJ,6001
66082591,0001,1,UNIAO CARAJAS ESPORTE CLUBE,02,20260304,20260304,PA,0599
