cnpj_basico,cnpj_ordem,matriz_filial,nome_fantasia,situacao,data_situacao,data_inicio,uf,municipio_codigo
15404211,0001,1,,04,20260528,20120413,SP,6769
15406548,0001,1,,02,20120422,20120422,PR,7535
15411165,0001,1,POINT ACADEMIA,04,20190320,20120423,GO,9373
15413330,0001,1,AKILES FIGHT,08,20210222,20120420,RN,1765
15420831,0001,1,ACADEMIA NOVA GERACAO,02,20120424,20120424,GO,9753
15422399,0001,1,,08,20160303,20120425,DF,9701
15424318,0001,1,,08,20211027,20120416,SP,6933
15426866,0001,1,STUDIO DO CORPO,02,20120419,20120419,BA,3477
08259029,0001,1,,08,20170630,20060811,SP,7107
08277752,0001,1,,02,20060904,20060904,RS,8845
08284809,0001,1,LINHA DO CORPO FITNESS CENTER,08,20190906,20060911,PR,7745
20437592,0001,1,SPACO SAUDE,08,20230613,20140612,PA,0465
08485944,0001,1,,04,20210226,20061113,SP,7107
08598707,0001,1,ELLO S ACADEMIA,08,20200312,20070117,SC,8125
08609480,0001,1,,08,20160815,20070126,SP,6163
08650526,0001,1,DINAMICA,08,20200612,20070208,MG,4123
08693861,0001,1,ACADEMIA PRATIQUE,04,20201029,20070210,MG,4123
08797669,0001,1,ACADEMIA CORPO E ARTE,08,20200720,20070504,CE,1585
08904556,0001,1,,03,20211009,20070625,EX,9707
08945793,0001,1,,04,20181026,20070723,CE,1389
08971200,0001,1,,08,20110113,20070802,SP,7083
08975701,0001,1,FIT PARK ACADEMIA,02,20070725,20070725,DF,9701
20439125,0001,1,DONNA FITNESS,04,20210419,20140612,SP,6361
09022510,0001,1,ACADEMIA DE MUSCULACAO SERGIO VIANA,08,20161123,20070823,CE,1389
09026574,0001,1,SPACE FITNESS,08,20191213,20070831,SP,7021
09062651,0001,1,PERSONAL LABOR,04,20181016,20070823,SP,7107
09070296,0001,1,,08,20100608,20070801,RS,8669
09113627,0001,1,CIA FITNESS,04,20181023,20071005,PR,7667
09120151,0001,1,,04,20190125,20071002,CE,1313
09145136,0001,1,PILATES SALUTE,08,20170818,20070926,DF,9701
09150528,0001,1,,04,20260512,20071017,RJ,5909
09182982,0001,1,BARRA FITNESS ACADEMIA,02,20070503,20070503,RJ,5805
20439672,0001,1,CARBOFITNESS,02,20140612,20140612,MG,4269
09272427,0001,1,JJ PHOENIX ACADEMY,02,20260521,20071205,MG,4877
09518011,0001,1,BUDOKAN ACADEMIA,08,20140407,20080429,MT,9067
09536064,0001,1,,08,20220317,20080505,SP,7183
09562749,0001,1,ACADEMIA OLYMPUS,08,20140908,20080513,RS,8801
09633606,0001,1,OXIGENIO PERSONAL TRAINER,04,20181017,20080616,DF,9701
09655902,0001,1,ACADEMIA CORPO VITAL,02,20080625,20080625,SC,8169
10174947,0001,1,STUDIO DE PERSONAL TRAINING CAROL AILA,08,20110614,20080710,MG,4865
10221632,0001,1,ACADEMIA PHYSICAL FITNESS,04,20201023,20080729,AM,0255
10230884,0001,1,,02,20211116,20080724,SP,7057
10282414,0001,1,MAX BRASIL-CENTRO DE DESENVOLVIMENTO SOCIAL E ESPORTIVO,04,20231027,20080813,SP,7107
10308365,0001,1,ACADEMIA CLYPTON,04,20210303,20080901,MA,0921
10314850,0001,1,,08,20081009,20080903,EX,9707
10331727,0001,1,S FITNES,04,20260518,20080619,RJ,6001
10356007,0001,1,MURBS - ESPORTIVAS,02,20210922,20080821,PR,7535
20443860,0001,1,,08,20160922,20140613,PE,2595
10370942,0001,1,ACADEMIA DANCERS,08,20160222,20080902,SP,7183
10371384,0001,1,ACADEMIA MILLENIUM,04,20180913,20080925,RS,8801
10383481,0001,1,ACADEMIA ESPACO VITAL,08,20160823,20080717,SE,3111
10391625,0001,1,ACADEMIA BIOFORMA,08,20220204,20080924,RN,1759
10418187,0001,1,,08,20131002,20081020,SC,8169
10419706,0001,1,ACTIVE ACADEMIA,02,20080814,20080814,RS,8877
10534668,0001,1,VITALLITA PERSONAL SPA E BELEZA,08,20130116,20081212,MT,9907
10559790,0001,1,ACADEMIA FLEX MASTER,08,20220506,20081224,BA,3797
10565671,0001,1,ACQUA GYM BY SPORTS,02,20090105,20090105,SP,7107
10583707,0001,1,,04,20210318,20090121,SC,8027
10638319,0001,1,CURVES CUIABA,08,20150409,20090206,MT,9067
10700295,0001,1,,08,20160912,20090311,RS,8785
10807957,0001,1,,02,20090414,20090414,RS,8655
10808182,0001,1,SPORT FITNESS,04,20240822,20090330,MA,0813
10858063,0001,1,,08,20211018,20090528,MG,4553
10895617,0001,1,IRON FIT ACADEMIA,04,20181214,20090526,SP,6477
10908817,0001,1,ACADEMIA N.V.GYM,02,20090619,20090619,RJ,2909
10965647,0001,1,MAX PHYSIC ACADEMIA,08,20170609,20090708,SP,7245
10969519,0001,1,TOTAL FITNESS,08,20200528,20090707,SP,6905
10989338,0001,1,UCRANIA ACADEMIA,08,20201119,20090715,ES,5699
11007174,0001,1,,04,20210323,20090731,SC,5749
11013074,0001,1,TOP SAUDE,04,20210401,20090803,GO,1052
11069723,0001,1,DIAKSON EVENTOS E ESPORTES,08,20140416,20090820,MG,4701
11077803,0001,1,ACADEMIA FITNESS BUNCH,04,20240904,20090713,SP,6589
11148554,0001,1,ACADEMIA BOA FORMA,02,20090908,20090908,PB,2021
11184317,0001,1,ACADEMIA EB,08,20131016,20090923,SP,7089
20446320,0001,1,LIFE HEALTHY ACADEMIA,02,20140612,20140612,SC,8179
11206072,0001,1,,08,20190211,20091002,SP,7237
11333061,0001,1,,02,20220711,20091029,SP,7107
11372496,0001,1,AW - ACADEMIA WOLVERINE,02,20091109,20091109,DF,9701
11430480,0001,1,ACADEMIA BOA FORMA,08,20150827,20091229,MG,4999
11455736,0001,1,METRO FITNESS,02,20100112,20100112,GO,9373
11482526,0001,1,FISIFORMA ACADEMIA,03,20220930,20100120,PE,2531
11536321,0001,1,,04,20181121,20100121,BA,3413
11553545,0001,1,,08,20250612,20100211,AL,2785
11571453,0001,1,ACADEMIA A! VICENTE QUEIROZ,04,20260514,20100218,MG,5403
11630565,0001,1,,02,20100301,20100301,SP,7245
11669076,0001,1,,08,20250805,20100311,MG,4021
11679320,0001,1,,02,20100310,20100310,SP,6309
11682025,0001,1,UNICA ATIVIDADE FISICA RESISTIDA,02,20100224,20100224,SP,6163
11700896,0001,1,,08,20200312,20100318,MG,4553
11753510,0001,1,ACADEMIA SPORT DRAGOON,08,20121101,20100318,SP,6299
11760935,0001,1,ACADEMIA CENTRAL DO CORPO,08,20160425,20100331,SC,8179
11881291,0001,1,,08,20140605,20100430,SP,6873
11885254,0001,1,MOVIMENTO CONSULTORIA EM ATIVIDADE FISICA,08,20170613,20100430,RS,8685
11885908,0001,1,FITT SPORT ACADEMIA,04,20260518,20100414,SP,6789
11952796,0001,1,ACADEMIA ESPACO DO CORPO,08,20150807,20100405,PR,7535
11993215,0001,1,NINA ACADEMIA PILATES,02,20100514,20100514,SP,6291
12023676,0001,1,,08,20180921,20100531,SP,7107
12029803,0001,1,SPK OFICINA DO MOVIMENTO,08,20100715,20100521,RN,1761
12032477,0001,1,,08,20170603,20100602,PR,7583
20449330,0001,1,TAFFAREL EDUCACAO FISICA PERSONALIZADA PROFISSIONAL,08,20220318,20140615,RS,8901
12081762,0001,1,W N MUSCULACAO,04,20201027,20100614,PE,2513
12194378,0001,1,ACADEMIA,02,20190410,20100616,SP,6323
12263212,0001,1,GOLDEN GYM,04,20210316,20100721,RJ,5897
12272194,0001,1,ATHLETE TRAINING CENTER,02,20100712,20100712,SP,7107
12323859,0001,1,,04,20210324,20100721,SP,6689
12334849,0001,1,ACADEMIA BIOFITNESS,02,20100723,20100723,SP,7033
12357826,0001,1,CONSCIENCIA DO CORPO,02,20100804,20100804,DF,9701
12389305,0001,1,ACADEMIA ESPACO SAUDE,02,20100817,20100817,BA,3749
12391855,0001,1,THREE PILATES,08,20160706,20100714,RJ,5865
12405167,0001,1,ACADEMIA FIT CLUBE,08,20131106,20100812,MS,9051
12423427,0001,1,,04,20181002,20100819,PE,2531
20450816,0001,1,TREINADOR MARQUINHOS,08,20190215,20140616,MG,5413
12466808,0001,1,ACADEMIA CORPO & VIDA,04,20210219,20100818,TO,9241
12613773,0001,1,ACADEMIA FITLIFE,02,20210305,20101001,CE,1389
12695721,0001,1,,08,20230414,20101019,RS,8929
20451934,0001,1,,04,20210309,20140616,PR,7633
12779362,0001,1,SPORT FITNESS,04,20210303,20101019,CE,1563
12793314,0001,1,D & L NUNES ASSESSORIA ESPORTIVA,08,20200128,20101027,SP,7097
12813444,0001,1,ACADEMIA BOA FORMA SUA QUALIDADE DE VIDA,08,20110811,20101014,BA,3437
12992201,0001,1,ACADEMIA TORRES FITNESS,02,20101203,20101203,ES,5623
13018822,0001,1,ARMS GYM,02,20101124,20101124,PR,7493
13020030,0001,1,,02,20101202,20101202,SP,7107
13035667,0001,1,,02,20101124,20101124,PR,7535
13110272,0001,1,ACADEMIA STATUS,08,20190514,20110112,GO,9227
13149951,0001,1,,08,20140519,20110125,PR,7471
13150648,0001,1,CENTRO DE TREINAMENTO LELLO SPORTS,04,20260518,20110125,SP,7121
13184287,0001,1,ACADEMIA UP FITNESS,02,20110131,20110131,CE,1389
13185455,0001,1,HARMONIE PILATES,02,20110114,20110114,SP,7107
13310142,0001,1,JACSSON BASSI FITNESS,08,20181018,20110210,RS,8785
13356310,0001,1,RESPIRE PILATES,08,20161110,20110310,RS,8801
13416254,0001,1,ACADEMIA PERFORMANCE,02,20110322,20110322,PI,1073
13416842,0001,1,'PRIDE FITNESS ACADEMIA LTDA',02,20110316,20110316,PR,7667
13438137,0001,1,,08,20191120,20110330,SC,8291
13479622,0001,1,ACADEMIA VIVA MELHOR,04,20181121,20110407,SE,3195
13570246,0001,1,CROSSFIT BLACK SHED,03,20250311,20110429,GO,9473
13591234,0001,1,SUPERACAO ACADEMIA,08,20190524,20110504,SC,8081
13625128,0001,1,STUDIO NEW TRAINING,02,20110504,20110504,PB,1975
13684905,0001,1,,04,20210426,20110523,PB,0526
20455641,0001,1,,04,20240816,20140616,SC,8081
20456938,0001,1,,08,20180201,20140616,SP,7107
14032423,0001,1,INOVE SPORT ACADEMIA,04,20210209,20110727,ES,5703
14064821,0001,1,PURA FORMA,08,20150623,20110803,MG,4123
14073789,0001,1,MAX POWER,04,20190530,20110722,PE,2413
14093043,0001,1,ELEVE FITNESS,02,20110809,20110809,CE,1389
14135294,0001,1,FORCA E KOMBATE,02,20110805,20110805,PA,0409
14175466,0001,1,ACADEMIA ALIANCA FITNESS,04,20210223,20110824,AM,0255
14190776,0001,1,,08,20180403,20110810,RS,8771
14212095,0001,1,ACADEMIA BIO FITNESS,08,20150813,20110826,SP,6783
14224409,0001,1,,08,20170206,20110901,SP,7121
14270100,0001,1,GYM CLUB,04,20210311,20110909,RJ,6001
14293754,0001,1,,04,20240813,20110915,MG,4445
14320079,0001,1,URANIUM FITNESS,02,20110919,20110919,MG,4123
14388111,0001,1,LA VIE FITNESS ACADEMIA,08,20170224,20110912,BA,3849
14399452,0001,1,LIFE SPORTS,08,20150828,20110816,SP,7107
14407762,0001,1,RENATO FITNESS,08,20260109,20111005,SE,3141
14413695,0001,1,,08,20170919,20111005,RR,0301
20458794,0001,1,ACADEMIA CORPO EM MOVIMENTO,08,20200428,20140617,MG,4889
05031900,0002,2,FOX ACADEMIA,08,20141007,20140612,SC,8105
14521811,0001,1,FIT PRO,02,20110119,20110119,SP,7107
14562584,0001,1,SAUDE E VIGOR,08,20190902,20111103,SC,8367
14563143,0001,1,STUDIO ACTIVE,08,20160502,20111103,MG,4123
14569169,0001,1,CIA DA LUTA ACADEMIA,04,20260512,20111027,CE,1533
14626057,0001,1,MAX SPORT,08,20260312,20111117,BA,3455
14635143,0001,1,,08,20170302,20111005,SP,7107
14670761,0001,1,ACADEMIA SEVEN FITNESS,08,20181017,20111103,SP,7097
14750698,0001,1,IRON MUSCLE,04,20210203,20111202,SP,6795
14769902,0001,1,WORLD FITNESS,08,20190313,20111215,MS,9051
14772943,0001,1,,04,20210423,20111201,RN,1779
14800025,0001,1,DESTACK ACADEMIA,08,20120919,20111213,PE,2617
14847625,0001,1,CONEXAO,08,20130821,20111212,RS,8837
14852993,0001,1,TRIBOMAR CURSOS E EVENTOS ARTISTICOS E CULTURAIS,08,20140528,20111210,RJ,5865
14864784,0001,1,ACADEMIA ENERGIA POSITIVA,08,20190401,20120111,MG,4487
14882420,0001,1,MALHA FITNESS,08,20181015,20110222,SP,7075
14906874,0001,1,CLASSICA ACADEMIA,04,20210407,20120119,BA,3849
14959512,0001,1,ACADEMIA EVOLUTION,04,20190226,20120127,TO,9733
15062208,0001,1,BEM VIVER,03,20210715,20120215,AM,0255
15087095,0001,1,ACADEMIA INOVACAO,02,20120214,20120214,SP,2951
15158700,0001,1,ACADEMIA NEW WAY,04,20210226,20111227,SP,7107
15159138,0001,1,,08,20220719,20120202,BA,3325
15233243,0001,1,,02,20120321,20120321,MT,9191
15267716,0001,1,,08,20160711,20120327,MG,4733
15328349,0001,1,ACADEMIA MUSCULOS DEFINIDOS,08,20230831,20101229,BA,3603
15347336,0001,1,ASSESSORIA ESPORTIVA EM QUALIDADE DE VIDA E SAUDE,02,20120411,20120411,GO,9373
15358671,0001,1,VIDATIVA,08,20140612,20120411,RS,8625
15413642,0001,1,VMR SPORTS,04,20220208,20120423,SC,8105
07594978,0027,2,,02,20120326,20120326,SP,7107
15443235,0001,1,ACADEMIA POWER FITNESS,04,20210225,20120328,RS,8801
06284449,0002,2,VIP FITNESS,08,20170119,20090820,MG,4601
07516717,0002,2,,08,20120109,20100427,RS,8599
10652601,0002,2,,08,20190813,20100809,MG,5293
05037744,0002,2,VH FITNESS,08,20130808,20101125,MG,5403
08989715,0002,2,WORLD GYM,08,20200522,20110318,DF,9701
10306581,0002,2,BIO HEALTH ACADEMIA,08,20200624,20110503,MG,5035
11514313,0002,2,ACADEMIA ATLHETICA,08,20160308,20110518,MG,4865
11041923,0002,2,LIKE FITNESS ACADEMIA,02,20111018,20111018,SC,8117
15446892,0001,1,LUCAS PEREIRA TREINAMENTO FUNCIONAL,02,20120429,20120429,SC,8265
15448538,0001,1,ACADEMIA SPORTMIX LTDA,04,20260512,20120120,CE,1389
15451549,0001,1,RENOVE STUDIO DE PILATES,08,20260518,20120501,SC,8291
15459129,0001,1,,02,20120502,20120502,MG,4815
15463905,0001,1,ACADEMIA REEBOK,02,20120503,20120503,GO,9269
15465664,0001,1,ACADEMIA MOVIMENTO,08,20230627,20120209,PE,2597
15470465,0001,1,CLEITON PERSONAL STUDIO,08,20260319,20120503,MA,0803
15478646,0001,1,,02,20120330,20120330,PR,7885
15480694,0001,1,BEM PILATES STUDIO,02,20120427,20120427,RS,8801
15489359,0001,1,ACADEMIA PERFORMANCE,02,20120508,20120508,MS,9051
15492461,0001,1,MANDALA,08,20150625,20120504,PE,2531
13133461,0001,1,,08,20200713,20110107,SP,7225
15505156,0001,1,,02,20120509,20120509,MG,4773
15505470,0001,1,CIRCUITO KIDS,08,20141211,20120510,RJ,5865
15514033,0001,1,,08,20260311,20120424,SP,6969
15515470,0001,1,ACADEMIA FORMA PLENA,04,20260514,20101018,PA,0427
15515741,0001,1,ACADEMIA SA,02,20120507,20120507,CE,1389
14455734,0002,2,NIVEL A,08,20180216,20120426,SP,7107
15527987,0001,1,ESPACO ACQUA CHRYSS,08,20180402,20120507,TO,9733
15528499,0001,1,,08,20190808,20120418,RS,8599
14182553,0003,2,YES FITNESS,08,20170120,20120510,PE,2457
15550589,0001,1,WORLD GYM,02,20120504,20120504,DF,9701
15557079,0001,1,IHF BRASIL,02,20220311,20120510,SP,6221
15562001,0001,1,INSPIRACAO,02,20120517,20120517,RS,8561
25702002,0002,2,,08,20130909,20120516,MG,4123
15573604,0001,1,VITA SAUDE ACADEMIA,08,20181203,20120518,PE,2605
15576243,0001,1,ACADEMIA TRANSFORMES,04,20210413,20120522,MG,4959
15583440,0001,1,,08,20180418,20120523,SP,6477
15584033,0001,1,QUALITY LIFE,02,20120330,20120330,SP,6277
15587796,0001,1,UNIC - ESPACO DE METAS,02,20120518,20120518,PE,2531
15371696,0001,1,CENTRO FISICO AERO FITNESS,08,20220726,20120416,BA,3873
15604439,0001,1,STUDIO SIANDRA,02,20120517,20120517,GO,9753
15619912,0001,1,RR FITNESS ACADEMIA,04,20240820,20120525,RN,1841
15623511,0001,1,,08,20131217,20120530,SC,8083
15628683,0001,1,CERFISA,02,20120529,20120529,SC,8179
15631288,0001,1,ACADEMIA FORTE CLUB MARCUS THEOFILO,02,20120528,20120528,BA,3721
15503478,0002,2,GRUPO DINAMICA,08,20150220,20120521,PR,7445
15640330,0001,1,FORMA E MOVIMENT,04,20231026,20120530,TO,9627
15643456,0001,1,,04,20241127,20120531,BA,3849
15644165,0001,1,PERSONAL ANTONIO,08,20180814,20120601,BA,3849
15648202,0001,1,ESTACAO VIDA,02,20200206,20120528,SE,3105
15657016,0001,1,STRIVE FIT,02,20120531,20120531,PR,7691
15659970,0001,1,HOUSE FITNESS,04,20210310,20120523,SP,7149
15660785,0001,1,,08,20151103,20120522,SP,7071
15666705,0001,1,,04,20201103,20120528,SP,7107
15670772,0001,1,CORE PERFORMANCE,02,20120530,20120530,SP,6929
15676753,0001,1,FORMULA OU BODYTECH,08,20241003,20120604,RJ,6001
15677316,0001,1,SPEED ACADEMIA,02,20120604,20120604,PR,7555
15696478,0001,1,EXITOS ACADEMIA,04,20210219,20120514,PA,0427
15704169,0001,1,SALERNO GYN,04,20190115,20120517,RJ,6001
15705821,0001,1,STUDIO NETUNO,08,20240117,20120614,RJ,5903
15709428,0001,1,ESPACO DELAS FITNESS,08,20190724,20120614,MG,5261
15709549,0001,1,ACADEMIA + ACAO,08,20200817,20120612,ES,5703
15712506,0001,1,UP ESPORTE FITNESS,08,20190416,20120612,SP,6901
15713521,0001,1,ACADEMIA CORPOREUM,08,20200902,20120531,RS,8791
15717805,0001,1,ACADEMIA BIOFISIC,02,20120615,20120615,MG,4647
15719182,0001,1,,08,20160330,20120614,RN,1849
15652500,0002,2,,08,20150824,20120525,SP,6969
15738896,0001,1,,04,20201023,20120612,SP,7145
15742074,0001,1,,08,20190606,20120509,RN,1761
15753394,0001,1,,08,20170721,20120621,SC,8039
15758542,0001,1,FIT SLIM ACADEMIA PARA MULHERES,02,20120618,20120618,RS,8851
15760506,0001,1,STUDIO A,08,20171005,20120620,PE,2531
15762318,0001,1,CORPOS - STUDIO PILATES & FISIOTERAPIA,04,20201022,20110707,TO,9385
15767893,0001,1,,02,20120531,20120531,MT,9067
15775187,0001,1,,08,20190220,20120625,RJ,5847
15776092,0001,1,CLEVER PERSONAL,08,20170518,20120604,SP,7107
15779466,0001,1,XFITNESS ACADEMIA,04,20210120,20120626,PA,0633
15784822,0001,1,SUL TRAINING CENTER,02,20120626,20120626,RS,8801
15789342,0001,1,ACADEMIA GYMNETWORK,04,20260528,20120627,SP,6291
15798019,0001,1,AMK ASSESSORIA ESPORTIVA,08,20240125,20120627,MS,9051
15809323,0001,1,LONG LIFE FITNESS ACADEMIA,08,20140519,20120629,PR,7875
15815050,0001,1,,02,20120626,20120626,PR,7493
15821254,0001,1,,08,20160830,20120702,RS,9825
15833843,0001,1,ACADEMIA TRANSFORMACAO,04,20210317,20120625,PR,7963
15866723,0001,1,ACADEMIA CORPO EM MOVIMENTO,08,20230213,20120704,AM,0255
15868460,0001,1,VIVA BEM,08,20181005,20120702,SC,8027
09220293,0001,1,ACADEMIA MAIS,02,20071107,20071107,RJ,5847
16104014,0001,1,BODY FIT SPORT CENTER,04,20210209,20120521,ES,5703
08290339,0001,1,MANTA NATACAO E FORMACAO AQUATICA,02,20060830,20060830,DF,9701
16384053,0001,1,AKSA OUTDOOR SPORTS,02,20120604,20120604,SP,7107
16418137,0001,1,ACADEMIA CORPO SARADO,08,20221220,20120625,CE,1401
16432964,0001,1,BINNO FITNESS ACADEMIA,08,20190313,20120711,BA,3661
16435978,0001,1,KN FITNESS,08,20201211,20120620,SP,6877
16445043,0001,1,,08,20190903,20120712,MT,8985
16466023,0001,1,ACADEMIA ESTRUTURA FISICA,04,20210119,20120713,SP,6861
16482585,0001,1,,02,20120716,20120716,SP,7075
16491044,0001,1,ACADEMIA ELLIT BULL,02,20120629,20120629,CE,1367
16519735,0001,1,FIT PRIME STUDIO,08,20160726,20120716,SC,8161
16530211,0001,1,DM FITNESS,04,20220112,20120719,RJ,6001
16538364,0001,1,ACADEMIA SUPERACAO,04,20210406,20120704,SP,7047
16563849,0001,1,,08,20210716,20120720,RJ,6001
16566914,0001,1,ACADEMIA BEM ESTAR FITNESS,02,20120724,20120724,MS,9051
16568013,0001,1,4SHAPE STUDIO PERSONAL TRAINER,08,20190612,20120723,RJ,5925
16579928,0001,1,,02,20120720,20120720,SP,6251
16587251,0001,1,,02,20230323,20120711,SP,7107
16598503,0001,1,,08,20181119,20120730,MG,4123
16606637,0001,1,GADU FITINESS,08,20161014,20120726,RN,1761
16613845,0001,1,,08,20170914,20120716,SP,6635
16619551,0001,1,,08,20180131,20120802,SP,7145
16629508,0001,1,,08,20160205,20120731,PB,1981
16647668,0001,1,,08,20190206,20120807,RS,8425
16661264,0001,1,,08,20230207,20120808,BA,3817
16666201,0001,1,STUDIO VIVER MAIS,08,20130806,20120802,DF,9701
16668020,0001,1,,04,20181221,20120731,SP,6713
16673641,0001,1,,08,20180710,20120810,BA,3515
16677914,0001,1,ACADEMIA MALHACAO FITNESS,02,20120803,20120803,CE,1411
16682604,0001,1,CENTRO DE PILATES E BEM ESTAR,08,20170619,20120813,GO,9373
16690824,0001,1,NEW FITNESS,04,20210311,20120726,RJ,6001
14384406,0001,1,ALVORADA PILATES - SILVA E FAGUNDES FISIOTERAPIA,08,20200930,20110928,RS,8511
15828632,0001,1,VIVA ACADEMIA,02,20120702,20120702,RJ,5813
16711150,0001,1,GYMBOX,02,20120815,20120815,PE,2381
16713665,0001,1,,08,20210901,20120817,ES,5663
16715059,0001,1,,04,20210304,20120816,RS,8599
04315712,0002,2,GYM FITNESS,04,20180918,20120816,RN,1763
16716640,0001,1,BOMBOM PERSONAL TRAINER,02,20120817,20120817,SC,8327
16721008,0001,1,CINTURA FINA ESTETICA FITNESS,02,20120820,20120820,MS,9093
16726008,0001,1,,08,20180201,20120820,MG,4123
16733819,0001,1,GONZAGA GIN ACADEMIA,08,20190416,20120821,RJ,6001
16736914,0001,1,,08,20231003,20120821,RS,8801
16744951,0001,1,FITNESS ZUM,08,20170503,20120727,SP,6893
16763006,0001,1,,02,20120827,20120827,MG,5413
13172384,0001,1,NOVA FORMA,04,20210423,20110107,RN,1793
08679491,0001,1,,08,20221111,20070302,MG,4371
10187948,0001,1,GUSTAVO PILATES,02,20080701,20080701,SP,6637
12023705,0001,1,ACADEMIA MESQUITA,04,20201027,20100531,PB,2051
09225059,0002,2,,08,20200318,20140618,SP,6477
13328005,0001,1,ESPACO VIP ACADEMIA FEMININA,02,20110126,20110126,SP,6897
14413860,0001,1,SR MIYAGI,08,20180411,20111005,BA,3669
10976426,0001,1,,02,20231115,20090717,CE,1559
12187151,0001,1,EQUILIBRIUM STUDIO,08,20140520,20100702,RS,8839
14536607,0001,1,ACADEMIA ATITUDE,08,20150219,20111021,PR,7667
15800601,0001,1,ENERGY ACADEMIA,08,20151119,20120628,BA,1112
14625879,0001,1,ACADEMIA MEDIDA CERTA,02,20111117,20111117,SE,3105
12260152,0001,1,ACADEMIA CORPO E MENTE,04,20210323,20100705,SP,6449
16765709,0001,1,,08,20140618,20120827,SP,7079
12355943,0001,1,JR ACADEMIA,08,20210128,20100809,PE,2403
08855095,0001,1,ACADEMIA INACIO RUFINO,04,20190129,20070523,PI,1153
16514400,0001,1,ALPHA FIT,08,20190627,20120717,MG,4123
16518153,0001,1,ACADEMIA PLAY SPORTS LTDA,04,20210413,20120718,MG,5403
20466406,0001,1,,08,20201014,20140618,SP,6979
14809020,0001,1,CORE CENTER PILATES,08,20181128,20111222,BA,3515
11145043,0001,1,,08,20200219,20090916,RJ,5925
13738368,0001,1,ACTIVITYLAND,02,20240614,20110512,SP,6547
15001310,0001,1,ESPACO LIFE,08,20170629,20120206,AM,0255
13835942,0001,1,ACADEMIA MASTER CONNECTION,02,20110617,20110617,SE,3247
08972947,0001,1,ACADEMIA EVOLUTION,04,20181018,20070806,GO,9373
11246437,0001,1,ACADEMIA SUMMER FIT,02,20230112,20091020,RS,8489
97536892,0001,1,M2 STUDIO PERSONAL,04,20260611,20110630,ES,5705
10521372,0001,1,ACADEMIA FORM & VIGOR LTDA,08,20161114,20081124,SE,3115
14026681,0001,1,SANFITNESS,04,20181221,20110630,SP,6619
15337069,0001,1,4YOU ACADEMIA,02,20120323,20120323,PR,7535
14144768,0001,1,ACADEMIA VIGOR E CRIS PERSONAL,08,20150511,20110808,RS,8959
09076534,0001,1,ACADEMIA ALTO ASTRAL,08,20120628,20070924,PB,2131
10602477,0001,1,ILIMITADA ASSESSORIA ESPORTIVA,02,20090114,20090114,GO,9373
14184155,0001,1,MOVIMENTAR CENTRO ESPORTIVO,02,20110824,20110824,MG,5343
10617404,0001,1,DIVA SPORTS,08,20180912,20090127,SC,5753
12940432,0001,1,G FITNESS SAUDE,08,20231002,20101130,PA,0427
10620188,0001,1,EQUIPE DANILO FARIA - ASSESSORIA ESPORTIVA,02,20090206,20090206,MG,5403
09133951,0001,1,LIONS ACADEMIA,04,20260518,20071010,SP,7075
09182343,0001,1,,04,20181030,20060818,RS,8863
10714098,0001,1,ACADEMIA NEW SPORT POINT,08,20131030,20090317,RJ,5897
10732021,0001,1,POWER HOUSE ACADEMIA,02,20240126,20090302,RS,8569
11603609,0001,1,GARDENFIT ACADEMIA,04,20190227,20100222,SP,6429
11606386,0001,1,PERFORMANCE ACADEMIA,04,20220106,20100226,SC,8327
08144939,0001,1,NUTRIFIT,03,20260311,20060712,AP,0605
08197314,0001,1,SPORT FITNESS CORPO EM MOVIMENTO,08,20100329,20060725,SP,6159
09317779,0001,1,STUDIO TREINE,02,20080108,20080108,MG,4123
08233762,0001,1,CURVES,08,20171130,20060808,RJ,5865
10867821,0001,1,ACADEMIA PHISICAL FORCE,08,20241107,20090526,PB,2179
09343080,0001,1,VITORIA ACADEMIA,04,20210223,20080117,AC,0139
09358311,0001,1,VIDA ATIVA,08,20130724,20080110,RN,1761
09365292,0001,1,POWER PLATE,02,20080201,20080201,RN,1761
08304067,0001,1,CROSSFIT ITAJAI,08,20190409,20060921,SC,8161
20468503,0001,1,GEO FITNESS,08,20251222,20140618,MA,0921
09470757,0001,1,,08,20230929,20080328,RJ,5865
20468741,0001,1,PANTANALFIT,02,20140618,20140618,MS,9809
09619418,0001,1,,04,20210226,20080609,SP,7107
09626168,0001,1,VIVA MAIS - ACADEMIA PERSONALIZADA,08,20130527,20080609,PR,7493
16770126,0001,1,META CICLISMO,08,20230310,20120828,SP,7079
16771194,0001,1,,08,20210910,20120829,SP,7183
16777762,0001,1,ACADEMIA AEROJUMP,02,20120824,20120824,MA,0731
16779737,0001,1,AQUATICA FITNESS,04,20210223,20120828,PA,0595
16781664,0001,1,BOX NUTRITION,08,20201028,20120831,SP,6511
16807580,0001,1,4RUN ASSESSORIA ESPORTIVA,08,20240206,20120813,SP,7099
00318069,0007,2,,02,20120905,20120905,SP,7107
16813655,0001,1,ATLETICA FITNESS ACADEMIA,02,20120906,20120906,MS,9055
16814509,0001,1,,08,20160129,20120906,MG,5049
16815925,0001,1,ACADEMIA KAIROS,04,20181127,20120831,PR,7809
16826880,0001,1,MUSCLES FITNESS,04,20181016,20120718,SP,7107
16830653,0001,1,NUCLEO DE DANCA LARISSA FREITAS,08,20200821,20120911,MG,4865
16836886,0001,1,VITAFLEX ESTUDIO DE PILATES,08,20180507,20120912,RJ,6001
16836924,0001,1,,04,20181026,20120621,AM,0255
16843018,0001,1,MPNPERSONAL,08,20140122,20120822,RS,8817
16854034,0001,1,STUDIO MOLDADOS A FERRO,02,20210908,20120914,BA,3415
16861459,0001,1,,08,20180514,20120917,SP,7145
16863742,0001,1,LIGA DAS ARTES MARCIAIS,04,20210409,20120917,AL,2741
16864895,0001,1,ATCHA - BEM ESTAR DE CORPO E MENTE,02,20120917,20120917,RJ,6001
16870189,0001,1,ACADEMIA FITNESS,08,20130805,20120913,GO,9371
16878507,0001,1,ACADEMIA PELICANO,04,20181211,20120905,MT,9067
04311093,0010,2,CENTRO DE PREVENCAO EM SAUDE CASSIO P. DO NASCIMENTO,02,20120903,20120903,MS,9051
16882957,0001,1,,02,20120920,20120920,SP,7107
16883989,0001,1,,04,20210317,20120830,PR,7535
16884860,0001,1,VIA SAUDE WELLNESS,02,20120920,20120920,BA,3313
16895630,0001,1,S.Z.P ACADEMIA,02,20230707,20120828,CE,1389
16902986,0001,1,BIOTIPO ACADEMIA,02,20120919,20120919,RS,8577
16905007,0001,1,UNIC FISIO,02,20120918,20120918,SC,8105
16906555,0001,1,,08,20190312,20120910,SP,6251
16910539,0001,1,PRIME PERSONAL STUDIO LTDA,08,20191120,20120918,RN,1761
15628683,0002,2,CERFISA,08,20140623,20120924,SC,8179
16914853,0001,1,ACADEMIA X-POWER,02,20120920,20120920,PR,7493
16915165,0001,1,DORNAS TRAINING,02,20120926,20120926,MG,4123
16918249,0001,1,ATLETICA SAUDE E MOVIMENTO,02,20120926,20120926,AM,0255
07985574,0002,2,SEREIA ACADEMIA UNIDADE 2,08,20201008,20120919,SP,6425
16921886,0001,1,,02,20120918,20120918,SP,6195
16933824,0001,1,CGT,04,20181017,20120504,DF,9701
16940592,0001,1,,08,20160105,20120903,MA,0793
16940781,0001,1,ACADEMIA ELITE,04,20210423,20120904,RN,1733
16943107,0001,1,,04,20210316,20120924,RJ,5897
16943895,0001,1,FOR YOU,02,20120925,20120925,SP,6929
16944042,0001,1,CULTURA ATLETICA ACADEMIA,02,20120914,20120914,SP,6717
16945894,0001,1,STYLLO FIT ACADEMIA DE GISNATICA,08,20161206,20120925,SP,6601
16959464,0001,1,,08,20150504,20121004,SP,7107
16961620,0001,1,,08,20161215,20121004,RJ,6001
16964798,0001,1,STUDIO PILATES,02,20121005,20121005,PE,2531
16968450,0001,1,NUCLEO DE ART'S MARCIAIS EQUILIBRIO,08,20200113,20121005,BA,3849
12492756,0002,2,ACADEMIA VILA FITNESS,08,20150817,20121008,BA,3849
16977329,0001,1,VITAGILE PERSONAL ESTUDIO,02,20121008,20121008,GO,9373
16984970,0001,1,,08,20231208,20120913,SP,7071
16985257,0001,1,VITAL FITNESS,02,20121010,20121010,RJ,5849
16987958,0001,1,,04,20181205,20121010,RO,0003
16991761,0001,1,,08,20200709,20121010,RJ,6001
16992484,0001,1,STUDIO DE DANCA NINA AVER,02,20121009,20121009,RS,8541
16993392,0001,1,PRO SAUDE ESTUDIO DE PILATES E FISIOTERAPIA,02,20121009,20121009,RS,8801
16996553,0001,1,EQUILIBRIO ESPORTE E ENTRETERIMENTO,08,20200506,20121010,DF,9701
17001404,0001,1,STATUS ACADEMIA,08,20200504,20121011,TO,9733
08331808,0002,2,ACADEMIA 02 EXPRESS,08,20220915,20121016,GO,9361
17010452,0001,1,PUNK CROSSFIT,02,20121016,20121016,GO,9373
17017710,0001,1,RC2 CENTRO DE TREINAMENTO,08,20240209,20121017,PE,2531
17020378,0001,1,SPOTCOMPANY,02,20120925,20120925,RS,8801
17024731,0001,1,POINT ACADEMIA,08,20130423,20121011,GO,9413
17025068,0001,1,,08,20170331,20121018,SC,8291
17029470,0001,1,ELITY SPORT CENTER,08,20190416,20120921,SP,6681
17032919,0001,1,ANDRADE'S ACADEMIA,02,20120921,20120921,SP,6311
17033442,0001,1,,02,20121015,20121015,CE,1487
17036159,0001,1,ACADEMIA DE MUSCULACAO FABENE,02,20121005,20121005,PR,7751
17036890,0001,1,,08,20140807,20121019,ES,5611
24938680,0002,2,ACADEMIA FURACAO ESPORTES,08,20170119,20121022,DF,9701
17051112,0001,1,,08,20141216,20121017,RS,8597
17051166,0001,1,,02,20121019,20121019,PR,7493
17062192,0001,1,,08,20150522,20121025,MG,4123
17065858,0001,1,LOTUS FITNESS STUDIO,04,20220208,20121025,PR,7629
17072930,0001,1,VEX ACADEMIA,08,20150226,20120920,SP,6737
17073623,0001,1,RENASANTOS,04,20210407,20121026,BA,3849
17074300,0001,1,BODY SPORT ACADEMIA,08,20140515,20121025,RS,8801
17074736,0001,1,,04,20240815,20121005,PR,7925
17084556,0001,1,SKIX,08,20170427,20120904,PR,7691
17104061,0001,1,CENTRO DE TREINAMENTO DE GUARUS,04,20190328,20121101,RJ,5819
17104914,0001,1,ACADEMIA I9,08,20200821,20121029,PR,7777
17117489,0001,1,AE FITNESS,02,20121106,20121106,AL,2793
17118338,0001,1,,08,20160613,20121106,SP,7075
13200046,0001,1,GOLD IRON,08,20151209,20110121,SP,7107
17122851,0001,1,ARRAIAL FITNESS,02,20121105,20121105,BA,3807
17125459,0001,1,,08,20240423,20121107,MG,4865
17126423,0001,1,ESTUDIO CONVIDA,08,20180222,20121029,SP,7145
17132076,0001,1,ACADEMIA ESPACO FISICO,04,20181024,20120720,RJ,1116
17140309,0001,1,ULTRA FORMA,08,20190321,20121106,AL,2757
17146909,0001,1,RUSSO ACADEMIA,04,20220607,20121108,SP,7107
17147483,0001,1,ACADEMIA IMPERIAL,02,20121030,20121030,RJ,0780
17149003,0001,1,G. G. ACADEMIA,02,20121112,20121112,AL,2643
17163309,0001,1,CLIP ACADEMIA,02,20210910,20121114,PB,2041
17164550,0001,1,BOA FORMA BH,02,20121114,20121114,MG,4123
17166429,0001,1,TRITON ACADEMIA,02,20121106,20121106,ES,5705
17167976,0001,1,J21 ACADEMIA,08,20190812,20121113,MA,0723
02843823,0002,2,ESPACO O2,02,20121114,20121114,BA,3313
17171880,0001,1,FIT SPORT ACADEMIA,02,20121116,20121116,PR,7823
17190583,0001,1,ACADEMIA SAMURAI,08,20170215,20121120,RS,8801
12916499,0001,1,STUDIO ARION PERSONAL TRAINING,04,20260514,20101005,MG,4799
17198770,0001,1,MUSCLE FIT,02,20121106,20121106,RJ,6001
17208115,0001,1,,02,20121010,20121010,SP,6619
17211712,0001,1,CENTRAL FITNESS,04,20181213,20121126,PA,0589
17214929,0001,1,ACADEMIA MEGA FITNESS,08,20210323,20121122,MT,9033
15676753,0005,2,,08,20180124,20121128,SC,8179
17226005,0001,1,,08,20141013,20121128,RJ,5927
17226793,0001,1,FORM FITNESS,04,20210310,20121023,SP,7149
17231053,0001,2,ACADEMIA VIVER BEM,08,20240723,20121129,PE,2421
00345005,0002,2,ACADEMIA OFICINA DO CORPO,02,20121109,20121109,GO,9543
17232643,0001,1,,08,20210316,20120918,SP,7107
17234946,0001,1,,02,20121130,20121130,MG,5401
17238314,0001,1,,04,20210311,20121130,RJ,6001
17243341,0001,1,,02,20220309,20121203,MG,5343
16710159,0002,2,ACADEMIA CORPO MOVIMENTO,08,20230313,20121122,SP,7183
17248145,0001,1,HEROOS ACADEMIA,04,20190226,20121031,GO,9373
17257432,0001,1,ACADEMIA ADRENA FITNESS,08,20190712,20121126,SP,7075
17257521,0001,1,SCHOAS GYM ACADEMIA,08,20190924,20121022,PR,7535
17260600,0001,1,,04,20181130,20121205,RJ,5865
17263232,0001,1,V-RUNNER'S TREINAMENTO ESPORTIVO,02,20121130,20121130,PR,7583
17264939,0001,1,COLISEU ACADEMIA,02,20121206,20121206,CE,1389
17270665,0001,1,MAXSFITNESS,08,20210112,20121205,BA,3849
17271196,0001,1,,08,20171215,20121206,RJ,0788
17272810,0001,1,,08,20200605,20121206,BA,3849
17272940,0001,1,LIFE MOVIMENT,04,20210303,20121207,MA,0921
17283949,0001,1,ACADEMIA COOPER,02,20121211,20121211,GO,9425
17286017,0001,1,ESPACO FITNESS,02,20121204,20121204,RS,8593
17305347,0001,1,NAKAGYN ESPORTES,08,20161107,20121207,SP,6587
17308845,0001,1,ACADEMIA ZUMBA,04,20210223,20121217,PA,0381
11186192,0002,2,CORPUS ACADEMIA,08,20160725,20121214,MG,5401
11186192,0003,2,CORPUS ACADEMIA,08,20150921,20121214,MG,5401
17310363,0001,1,BODY LIFE ACADEMIA,08,20160524,20121214,RJ,5897
17310689,0001,1,POWER FUTEVOLEI,02,20260601,20121217,DF,9701
17310951,0001,1,STUDIO KRATOS,02,20121210,20121210,SP,7057
11003974,0001,1,DEBORA OLMOS PERSONAL TRAINER,04,20210316,20090630,RJ,5865
17315432,0001,1,RIBEIRAO FIT,08,20230531,20121213,SP,6969
17318804,0001,1,SABOR DA CIDADE,08,20250918,20121129,MA,0771
17326432,0001,1,ACADEMIA TOP GYM,04,20190228,20121220,AP,0605
13756530,0002,2,RP SPORT FITNESS LTDA - ME,08,20140211,20121107,SP,6217
17333800,0001,1,STUDIO ALTERNATIVO,02,20121220,20121220,ES,5703
17336745,0001,1,ACADEMIA PHYSICAL,08,20220510,20121221,MA,0921
17338929,0001,1,CENTRO DE TREINAMENTO ATITUDE,02,20210922,20121226,DF,9701
17344728,0001,1,ESPACO FITNESS,08,20230120,20121228,MG,5403
09451491,0001,1,GUDOLLE STUDIO PILATES,08,20161101,20080228,RS,8589
17347679,0001,1,ACADEMIA REOBOTE,02,20121227,20121227,CE,1389
17353043,0001,1,FIT TRAINER,04,20240819,20130102,CE,1373
17354884,0001,1,ACADEMIA POWER FITNESS,04,20181213,20130103,PA,0583
11138440,0002,2,ACADEMIA MOVIMENTO,08,20150311,20121220,MG,4445
17363779,0001,1,C7 ACADEMIA,02,20121221,20121221,CE,1429
16993600,0001,1,RD WORLD FITNESS,02,20250121,20120828,SP,7157
17372744,0001,1,PERFORMANCE FITNESS,04,20210426,20130104,BA,3515
17379137,0001,1,EXTREME FITNESS,02,20121218,20121218,SP,7037
17379434,0001,1,ACADEMIA ARNALD,04,20210422,20130108,BA,3825
20469223,0001,1,MASTER FITNESS,04,20201029,20140618,MG,4821
17383367,0001,1,,02,20130110,20130110,MG,5293
17385799,0001,1,KINES ACADEMIA,04,20201027,20111111,PR,7535
17390395,0001,1,ACADEMIA DO GRADIM,02,20230128,20130111,RJ,5897
05977378,0002,2,ACADEMIA PORTO DE GALINHAS LTDA,04,20240822,20130111,PE,2583
17394935,0001,1,ACADEMA ALTA FORMA,08,20250626,20121219,RN,1851
17399354,0001,1,PERSONAL CORE PILATES,04,20240807,20121114,SP,7107
17400964,0001,1,ACADEMIA BIOFITNESS DE COSMOPOLIS,02,20130104,20130104,SP,6357
17401039,0001,1,,08,20160224,20130114,MG,5079
17411545,0001,1,ZKB FITNESS,02,20260501,20130115,GO,9373
17414175,0001,1,,08,20180327,20130115,CE,1389
07594978,0040,2,SMART FIT,02,20121204,20121204,SP,7107
17420170,0001,1,M. N. ACADEMIA DE FITNESS LTDA,08,20210201,20121119,PB,2143
17426936,0001,1,,08,20170223,20130117,RS,8839
17427549,0001,1,FM PRODUCOES ESPORTIVAS,08,20181002,20130117,MG,4817
17431352,0001,1,STUDIO FITNESS,04,20201027,20121207,MA,0921
17431550,0001,1,ACADEMIA PRO TREINO,08,20181123,20130118,MS,9051
17432076,0001,1,ACADEMIA TRAINING,02,20130118,20130118,MS,9051
17448029,0001,1,ACAO FITNESS,08,20170218,20130121,AL,2785
17453179,0001,1,,08,20170329,20130122,SC,8263
17456721,0001,1,,08,20160304,20130117,RJ,6001
17458889,0001,1,,04,20210304,20130117,RS,8599
09548030,0001,1,EQUILIBRIUM - ENSINO DE DANCA E CONDICIONAMENTO FISICO,04,20260515,20080513,SC,8023
17463935,0001,1,,08,20250313,20130109,PR,7691
07594978,0042,2,SMART FIT,08,20180904,20130104,SP,7107
17466758,0001,1,OXI ACADEMIA,04,20220608,20130124,MS,9787
17472728,0001,1,ACADEMIA NOVA FORMA,08,20220512,20130124,CE,1253
17483932,0001,1,PODIUM ACADEMIA,08,20170619,20130117,MT,9095
17485112,0001,1,,02,20130128,20130128,MG,4107
17489904,0001,1,,08,20171019,20130118,SP,6425
17490088,0001,1,ACADEMIA LIBERTY 4,08,20180717,20130122,GO,9433
17336092,0002,2,CLINICA DO CORPO,08,20220920,20130121,SP,6475
17496020,0001,1,,08,20250530,20130122,SP,6607
17496232,0001,1,ACADEMIA PRIME FITNESS,02,20130130,20130130,MS,9051
17503598,0001,1,ACADEMIA MOTIVACAO,08,20150428,20130129,SE,3223
17504968,0001,1,SQUASH MANIA,08,20180201,20130131,MA,0921
17517601,0001,1,VITTALFISIO ACADEMIA,08,20140205,20130131,RS,8589
17530037,0001,1,,08,20161031,20121221,SP,7107
17534654,0001,1,ACADEMIA M W R,08,20150129,20130131,DF,9701
17540355,0001,1,INSPIRE PILATES,02,20130129,20130129,SP,6291
17543530,0001,1,TOP FITNESS ACADEMIA,08,20150112,20130206,MG,4235
17547655,0001,1,ACADEMIA BOA FORMA,02,20130206,20130206,GO,9647
17547801,0001,1,,02,20130118,20130118,SP,7107
17548043,0001,1,MOVE UP PERSONAL TRAINER,08,20180130,20130207,PR,7535
17550262,0001,1,ACADEMIA PACHECO,08,20210525,20130207,MG,5155
17554045,0001,1,ACADEMIA BOA FORMA,04,20240902,20130207,SP,7089
17555815,0001,1,ACADEMIA VIP,04,20181127,20130130,PR,7493
17567490,0001,1,BIO FITNESS,08,20180104,20130211,GO,9373
17567523,0001,1,ACADEMIA RIO FITNESS,08,20200520,20121128,RJ,5901
17575055,0001,1,MAIS SAUDE FITNESS,08,20210608,20130208,RS,8727
17578990,0001,1,CIM SPORTS,08,20200917,20130215,CE,1389
17582302,0001,1,STUDIO HIGH,02,20130123,20130123,SP,7107
17585454,0001,1,MN FITNESS,04,20260526,20130207,SP,6789
17587286,0001,1,BEEZUM KIDS,04,20201029,20130215,RJ,5847
16849161,0001,1,ERGOSAFETY,02,20120914,20120914,MG,4821
17594346,0001,1,T10 ACADEMIA,08,20210409,20130206,SP,2975
14466029,0001,1,RITMO ACADEMIA,02,20111017,20111017,TO,9461
17603008,0001,1,SOULFIT ACADEMIA,02,20130219,20130219,PB,1981
17603495,0001,1,ACADEMIA AZULAO,04,20181024,20130219,RJ,5869
17605416,0001,1,GRILLO FITNESS,08,20180710,20130204,PR,7635
17608299,0001,1,PROQUALITY UNIDADE BANANAL,02,20130208,20130208,SP,6197
17612519,0001,1,,08,20170317,20130206,PR,5453
17612654,0001,1,H L FITNESS ACADEMIA,02,20230216,20130221,PE,2623
17613789,0001,1,ACADEMIA ATLANTICO,08,20220418,20130220,RS,8637
17620193,0001,1,"EVIDENCE TRAINING, STUDIO PERSONAL",02,20130221,20130221,RS,8939
17622167,0001,1,TRAINING CENTER TM,08,20161214,20130222,BA,3849
17624140,0001,1,,08,20160302,20130208,SP,6619
17358015,0001,1,CIAFIT,02,20130104,20130104,PE,2531
17635745,0001,1,PRO FITNESS ACADEMIA,08,20131206,20130214,PR,8471
17640062,0001,1,SANUM CORPUS,08,20180405,20121120,RN,1761
17642635,0001,1,ACADEMIA SANSAO LTDA,08,20230202,20130226,MG,4751
15017843,0001,1,DBUENO PERSONAL TRAINING,08,20220831,20120208,SP,7107
17645401,0001,1,ACQUA FITNESS,08,20210316,20130221,SC,8271
17655676,0001,1,GAMBOA SPORTS,04,20210226,20130207,SP,7107
17661908,0001,1,ESPACO FLORESCER,02,20130227,20130227,GO,9373
17667848,0001,1,,02,20130301,20130301,SP,7033
17670505,0001,1,CENTRO DE CONDICIONAMENTO FISICO BODY STATION,02,20130301,20130301,SC,5545
13506706,0002,2,DAVID FALCAO,02,20260519,20130301,MA,0757
17679203,0001,1,SPORT INDOOR,08,20161209,20130215,SP,7107
17683766,0001,1,ACADEMIA E PALESTRAS EQUILIBRIUM,02,20130304,20130304,GO,9597
17688775,0001,1,STUDIO CLEMERSON JUSTO,02,20130305,20130305,MG,4199
17689284,0001,1,,02,20130221,20130221,SP,7107
17691187,0001,1,TIME GYM,08,20160222,20130226,SC,8105
17693079,0001,1,BODY TRAINNING,02,20130305,20130305,GO,9625
17695619,0001,1,ACADEMIA GRAU 10,02,20130305,20130305,MA,0921
17695630,0001,1,ACADEMIA GLADIADOR,08,20250515,20130225,RN,1609
17695726,0001,1,NAVI FITNESS,08,20141007,20130305,MS,9113
17699207,0001,1,,08,20221213,20130306,RJ,5833
17701126,0001,1,,08,20181114,20130228,MG,4625
17705753,0001,1,ACADEMIA ESTACAO SAUDE,08,20180716,20130307,BA,3117
17706972,0001,1,ROSAS ACADEMIA FEMININA,02,20130305,20130305,RS,8841
11407127,0001,1,,08,20130130,20091210,SP,7127
17715209,0001,1,ODIN FITNESS ACADEMY,02,20130308,20130308,AM,0255
14006504,0001,1,TOP PLANET,04,20210305,20110713,SP,7107
17717058,0001,1,POINT FITNESS,04,20240821,20130308,RJ,5825
17717814,0001,1,FISIO ARTE E MOVIMENTO,02,20130221,20130221,SP,6641
17721923,0001,1,,08,20210311,20130311,SC,8089
17723229,0001,1,ACADEMIA ROTA 22,04,20190116,20130311,PE,2513
17723629,0001,1,ESTUDIO DE PILATES EQUILIBRIO CORPO E MENTE,02,20130308,20130308,RS,8771
17724343,0001,1,ACADEMIA IMPACTO,02,20130306,20130306,MT,9777
17725808,0001,1,ACADEMIA PERFORMANCE,02,20260508,20130308,BA,3349
17727367,0001,1,NEW LIFE ACADEMIA,04,20201023,20130220,SP,6477
17727954,0001,1,MAIS SAUDE MAIS QUALIDADE DE VIDA,02,20130311,20130311,SP,7107
17730165,0001,1,N N NOBRE NATACAO,04,20220208,20130312,SP,6155
17730720,0001,1,ANTENOR FITNESS,08,20200519,20130312,CE,1427
17736291,0001,1,MORGANA,08,20180201,20130312,CE,1389
17740953,0001,1,SAUDE E BEM ESTAR 2LC,02,20230103,20130313,RJ,5805
17749707,0001,1,ACADEMIA LIFE FITNSS LTDA,04,20260513,20130314,PE,2423
17751336,0001,1,,08,20170417,20100526,MG,4865
17764214,0001,1,STUDIO EQUILIBRIUM,02,20130308,20130308,PR,7825
17764397,0001,1,SUL TRAINING TREINAMENTO FISICO,08,20140213,20130313,RS,8801
17765259,0001,1,,08,20140909,20130318,SP,6979
17767110,0001,1,CT ADRYAN SILVA,02,20130318,20130318,PA,0443
20535869,0001,1,,08,20190131,20140701,RS,8877
17774071,0001,1,T1 FITNES,04,20231107,20130318,RN,1779
17774810,0001,1,JV PILATES,08,20200831,20130318,RJ,6001
17784334,0001,1,ACADEMIA CORPO EM FORMA,04,20210223,20130320,PA,0627
17785578,0001,1,FOCUS FITNESS ACADEMIA,02,20221202,20130320,MG,5195
17794254,0001,1,STUDIO SAUDE & PILATES,08,20240122,20130321,SP,6647
17798774,0001,1,D3,04,20190228,20130305,CE,1389
17805600,0001,1,CLASS FIT PERSONAL,08,20171212,20130320,SC,8039
17810988,0001,1,ACADEMIA EUGENIO,02,20130320,20130320,PI,1043
17813599,0001,1,KORPUS,08,20241017,20130313,MA,0957
17813714,0001,1,FURACAO CENTRO ESPORTIVO,08,20171031,20130321,DF,9701
17814181,0001,1,ATHLETICA ACADEMIA,08,20220419,20130313,SP,6843
17818529,0001,1,STUDIO IN,08,20211215,20130325,RJ,5865
17819366,0001,1,,04,20181221,20130201,SP,6713
17825833,0001,1,VIANA FITNESS,08,20211213,20130326,GO,9373
17829944,0001,1,VIVA STUDIO PILATES,08,20200814,20130327,PE,2531
17830206,0001,1,,08,20220523,20130301,RJ,0774
17832811,0001,1,,08,20160620,20130227,PR,7695
17836548,0001,1,ACADEMIA PRO FIGHT,04,20210317,20130315,PR,7691
17839797,0001,1,ACQUA VIDA,08,20220513,20130318,PR,7937
11755457,0001,1,STUDIO TOP FITNESS,02,20260114,20100330,PA,0519
17845121,0001,1,FITNESS LIMA,08,20160518,20130401,RJ,0770
17846157,0001,1,"PILATI, SANTOS E MACHADO LTDA",08,20160614,20130326,PR,0844
17851149,0001,1,ARTHUR PERSONAL TRAINER,08,20150128,20130402,PR,7535
17860747,0001,1,VERTICAL FIT,08,20190514,20130403,MG,4123
17866924,0001,1,,08,20200203,20130402,RS,8801
17868237,0001,1,ACADEMIA R & F FIT,02,20130403,20130403,SP,7123
17871661,0001,1,GIFT CLUB,02,20130311,20130311,RJ,6001
17876023,0001,1,,02,20130327,20130327,PR,8461
17877817,0001,1,,08,20180416,20130404,RJ,5847
17890933,0001,1,MAGNO COSTA FITNESS ACADEMIA,04,20260515,20130326,CE,1537
17891432,0001,1,A C ACADEMIA,02,20260225,20130408,SP,7121
09374993,0005,2,RUBEL,08,20190909,20130326,SP,7107
17896934,0001,1,,04,20190116,20111201,PE,2381
17900296,0001,1,OFICINA DO CORPO STUDIO DE PILATES,02,20130409,20130409,BA,3973
17902564,0001,1,W2,02,20220217,20130410,PE,2487
17906948,0001,1,2JD,08,20210527,20130410,AM,0255
17911388,0001,1,PHISICO ACADEMIA,08,20170109,20130411,MG,4929
17917702,0001,1,,08,20230203,20130411,BA,3629
17921047,0001,1,,08,20210106,20130411,PB,2027
17921153,0001,1,NETH FITNESS,02,20130403,20130403,PI,1225
17926285,0001,1,ICONE GESTAO ESPORTIVA E LAZER,08,20190729,20130218,RJ,6001
17928818,0001,1,IMPACTO FITNESS,02,20240408,20130415,SP,6477
17928868,0001,1,PHISICAL GYM II,08,20140901,20130315,SP,7107
17933464,0001,1,OFICINA ACADEMIA ACQUA,02,20130415,20130415,SP,7107
17935915,0001,1,ACADEMIA ESPACO SAUDE E CIA,08,20141219,20130412,SE,3105
17936228,0001,1,COMPANHIA DOS CAVALOS,02,20260516,20130411,RS,8801
17950937,0001,1,ACADEMIA TEAM NOGUEIRA FRANQUIA SANTO ANDRE,02,20130417,20130417,SP,7057
17955153,0001,1,ESPACO BOA FORMA,02,20130408,20130408,PI,1043
17960308,0001,1,BOB FIT,02,20130418,20130418,SP,6607
17965326,0001,1,AMAILSON FITNESS E MUSCULACAO,08,20200130,20130417,RN,1761
17968726,0001,1,ACADEMIA OLYMPIA,08,20220629,20130418,TO,9733
17973966,0001,1,ACADEMIA BEM ESTAR,08,20201230,20130422,PE,2379
17975044,0001,1,ACADEMIA SPORT TRAINING FITNESS,08,20180829,20130307,PR,7535
08776907,0002,2,MERCADINHO E HORTIFRUTIO ADONAI,08,20160322,20130422,BA,3695
17985332,0001,1,ACADEMIA CORPU'S,04,20210422,20130422,BA,3479
17988877,0001,1,ACADEMIA CIA DO CORPO,08,20180309,20130423,MG,4387
17990133,0001,1,ATITUDE ACADEMIA,02,20130423,20130423,PA,0595
17990533,0001,1,FEMY 'S SEDE DAMA'S,08,20151027,20130417,CE,1389
17996574,0001,1,CLUB 4 PREMIUM,02,20130419,20130419,DF,9701
18003982,0001,1,HVS ESPORTES,02,20130425,20130425,CE,1363
18008464,0001,1,FISIO FITNESS,02,20130424,20130424,GO,9379
11695101,0001,1,W.A.7 - ACADEMIA DE MUSCULACAO,08,20130208,20100312,SP,7107
18023463,0001,1,TOP ACADEMIA,08,20220329,20130429,CE,1389
18029541,0001,1,BM PERSONAL STUDIO,02,20210423,20130419,MA,0957
18032935,0001,1,,08,20220203,20130116,SP,6969
10349358,0001,1,COSTA E MOURA ASSESSORIA ESPORTIVA,02,20080912,20080912,RJ,6001
18045446,0001,1,PROFT ACADEMIA,02,20130502,20130502,MG,4685
18051794,0001,1,ACTIVE IN HOME LTDA,08,20160705,20130419,RN,1779
18051972,0001,1,STUDIO PILATES DRA. ALINY MENEZES,08,20230112,20130503,PA,0411
18052620,0001,1,ACADEMIA TREINAR,08,20180308,20130503,SP,7237
18053449,0001,1,,08,20150424,20130506,SP,7071
18054266,0001,1,A2 FITNESS,02,20210729,20130506,AL,2825
18058046,0001,1,BOAFORMA ACADEMIA,04,20220128,20130430,MT,9925
18063593,0001,1,,02,20130507,20130507,SP,6583
18072780,0001,1,FOX FITNESS,04,20210419,20130508,SP,6639
18073354,0001,1,GOFIT,02,20220430,20130508,AM,9839
18078859,0001,1,ACADEMIA RAINHA,04,20210326,20130508,SP,6563
18081418,0001,1,DANIELI ZEPPE DRESCH,08,20200210,20130509,RS,8583
13007506,0003,2,FITMASTER FRANQUIAS,08,20170809,20120718,PR,7535
18092457,0001,1,,04,20181130,20130510,RJ,5897
18093494,0001,1,BRAVOS QUALIDADE DE VIDA,04,20190108,20130510,SP,6589
18095394,0001,1,RHYTMUS ASSESSORIA ESPORTIVA,02,20130512,20130512,SP,7107
18096266,0001,1,LOURES ESPACO FITNESS,08,20220303,20130510,GO,9497
18098934,0001,1,,04,20210226,20130513,SP,7107
18107355,0001,1,DEFIT ACADEMIA,02,20130503,20130503,PR,7805
17644532,0001,1,,08,20250520,20130226,MG,5427
18119332,0001,1,ACADEMIA INVICTUS GYM,04,20240821,20130410,RJ,2921
07594978,0053,2,SMART FIT,02,20130516,20130516,MA,0921
18128176,0001,1,MB FITNESS ACADEMIA,04,20210303,20130510,CE,1407
18132427,0001,1,VIDA ATIVA,08,20160519,20130206,GO,9373
18133423,0001,1,STUDIO CORPO EM FOCO,02,20130517,20130517,MG,4733
18144128,0001,1,EXTREME ACADEMIA,04,20260528,20130520,SP,7107
18144416,0001,1,RICARDO SARDA ASSESSORIA ESPORTIVA,04,20210318,20130520,SC,8327
18151347,0001,1,ACADEMIA + SAUDE,08,20160412,20130520,MS,9051
18152829,0001,1,G4,04,20260526,20130521,MA,0937
18158471,0001,1,,02,20130521,20130521,MG,5249
18162582,0001,1,ACADEMIA IRON GYM,08,20150520,20130522,SP,7107
18164674,0001,1,PROJETO R3,02,20130522,20130522,SP,7107
18166773,0001,1,NEW FITNESS,04,20210223,20130522,PA,0561
18169685,0001,1,,08,20190617,20130522,SP,6213
18169717,0001,1,MOVE MUSCULACAO E PILATES,02,20130521,20130521,MG,4851
15674042,0001,1,ELETRO PROTEIN,02,20120531,20120531,SP,7107
13325994,0002,2,PRO-VITTA ACADEMIA,08,20260225,20130522,RS,8541
03404083,0004,2,ACADEMIA MK3,04,20260513,20130523,MA,0921
18178835,0001,1,PHD PERSONAL FITNESS,04,20210426,20130523,BA,3467
18180204,0001,1,,02,20130523,20130523,RJ,5819
18182001,0001,1,GP ACADEMIA,04,20210226,20130524,SP,7107
18182724,0001,1,,02,20130524,20130524,RJ,6001
18185584,0001,1,OFICINA DO CORPO,08,20250314,20130524,SP,7099
18192131,0001,1,FELINUS ACADEMIA,08,20170418,20130524,BA,3849
15653270,0002,2,FITNESS CENTER,04,20260514,20130527,PA,0427
18193293,0001,1,SKM PERSONAL,08,20210304,20130527,PR,7535
13475866,0009,2,FORMULA,08,20141130,20130524,SP,7075
17897624,0001,1,SPACE FITNESS,04,20210303,20130320,CE,1395
18085566,0001,1,WAYFIT CENTER TRAINING,08,20140526,20130509,SP,6681
12072007,0002,2,,08,20141128,20130527,MG,4267
18203006,0001,1,ACADEMIA BOA FORMA,02,20130513,20130513,CE,1349
18205051,0001,1,THE LIFE,08,20180903,20130528,SP,7107
18223559,0001,1,ACADEMIA DO ARI,04,20210303,20130531,CE,1447
18227511,0001,1,CORPOATIVO,08,20230224,20130523,SP,6221
18230600,0001,1,COACH FITNESS,08,20150220,20130603,SC,8179
18231651,0001,1,ACADEMIA CORPO PERFEITO,02,20220816,20130604,BA,3939
18232418,0001,1,,08,20201215,20130529,PR,7799
18232958,0001,1,,02,20130604,20130604,SP,6163
18242884,0001,1,ACADEMIA HIGH FITNESS,08,20200127,20130605,GO,9373
18245898,0001,1,,04,20210323,20130605,SP,6425
18247499,0001,1,UNIVERSO FITNESS,08,20190426,20130605,MG,4123
18252693,0001,1,ESPACO DE SAUDE EQUILIBRIO,08,20200729,20130606,MG,4171
18252996,0001,1,RITMO TOTAL,08,20210609,20130524,GO,9361
18254043,0001,1,KEPIM ACADEMIA,02,20130606,20130606,GO,9249
18256229,0001,1,AQUARIUM,08,20160321,20130607,MS,9051
18258633,0001,1,,08,20190916,20130607,SP,6599
18260044,0001,1,W. BODY FITNESS,08,20210121,20130607,RO,0013
18261773,0001,1,LIFE FITNESS ACADEMIA,02,20130607,20130607,MG,5387
18261878,0001,1,,08,20161124,20130522,RS,8801
18262304,0001,1,ESPACO FITNESS,08,20190225,20130607,MT,9151
18266501,0001,1,ACADEMIA BORY FITNESS,04,20181127,20130412,PR,7769
18269871,0001,1,GYM ACADEMIA,08,20210831,20130527,GO,9377
18270554,0001,1,PREMIER STUDIO,02,20130607,20130607,AL,2785
18271895,0001,1,,02,20260128,20120919,SP,6291
18275509,0001,1,BRAGA TOP FITNESS,04,20190129,20130610,MA,0829
08307078,0001,1,R.A. - ASSESSORIA ESPORTIVA,08,20070727,20060721,SP,7107
08362825,0001,1,INSTITUTO HEALTY SOLUTIONS,02,20060915,20060915,SP,6511
08381950,0001,1,ACADEMIA ESTRUTURA DO CORPO,08,20220824,20061018,SP,6291
20470520,0001,1,ACADEMIA MODELO & SAUDE FITNESS,08,20231213,20140619,RJ,2907
08516885,0001,1,COSTA & FURQUIM FITNESS,04,20210226,20061206,SP,7107
08664000,0001,1,ESPACO MALHACAO,08,20070828,20070214,BA,3965
08675541,0001,1,,08,20100528,20070223,SP,7107
08918706,0001,1,,08,20171206,20070621,RS,8801
08948100,0001,1,ACADEMIA D'CORPORE,08,20090828,20070710,PI,1219
09004317,0001,1,M & A ACADEMIA,04,20181010,20070809,SC,5537
09004609,0001,1,ACADEMIA RAIA LIVRE,02,20051013,20051013,SP,6271
09024368,0001,1,ACADEMIA CORPO EM ACAO,04,20181212,20070903,MS,9021
09027818,0001,1,AGUIA ACADEMIA,04,20210226,20070531,SP,7107
20472337,0001,1,BGMSAUDE,08,20250109,20140619,RJ,6001
09114063,0001,1,,08,20150209,20070910,SP,6361
09251880,0001,1,OLYMPICUS SPORTS ACADEMIA,08,20100618,20071130,MG,4855
09292765,0001,1,ADRIANO BASTOS TREINAMENTO ESPORTIVO.,02,20071023,20071023,SP,7107
09343415,0001,1,,08,20101018,20080211,SC,8151
09480863,0001,1,ACADEMIA DARA DARLEN,08,20240110,20080411,CE,1563
09529341,0001,1,ACADEMIA MEMO FITNESS,04,20190118,20080428,BA,3313
10308346,0001,1,ACADEMIA CORPUS,03,20150126,20080806,AL,2785
10310524,0001,1,3M GYM,02,20080826,20080826,RJ,5851
10346481,0001,1,TRIATHLON ACADEMIA,08,20110803,20080905,SP,6425
10353279,0001,1,,02,20080922,20080922,CE,1389
10422037,0001,1,ACADEMIA GARRA,02,20081008,20081008,RN,1743
10538374,0001,1,,04,20190321,20081211,PR,7927
10546871,0001,1,ACADEMIA PHYSICUS,02,20081219,20081219,PB,2175
10555963,0001,1,,02,20081217,20081217,SP,7095
03004110,0002,2,CORREGO 10,08,20140129,20090129,SP,6383
10688826,0001,1,,08,20161020,20090204,RJ,5897
10695520,0001,1,ACADEMIA FORCA & SAUDE,08,20220922,20090303,SP,6737
08413268,0002,2,ACADEMIA BELA VISTA,04,20181106,20090323,MA,0921
10718684,0001,1,DEL FIT ACADEMIA,02,20090309,20090309,RJ,2921
10722175,0001,1,,02,20090326,20090326,SP,6847
10738126,0001,1,VITALLY,04,20240823,20090402,MG,2893
03066169,0002,2,ACADEMIA SAMARA JARDIM,08,20220805,20090403,RJ,5847
10901030,0001,1,SIMMETRIA STUDIO DE PILATES LTDA,08,20180402,20090521,PR,7535
11027541,0001,1,SAUDE & MOVIMENTO,08,20180809,20090724,SP,7107
11034871,0001,1,,04,20181214,20090720,SP,6477
11096194,0001,1,ACADEMIA CORPUS,08,20161122,20090828,SC,8367
11117059,0001,1,LABOR GINASTICA LABORAL,08,20140121,20090821,RS,8791
20478662,0001,1,DEVINTURA,08,20170226,20140621,RJ,6001
11310522,0001,1,GLOBA'S GYM,04,20260512,20091028,RJ,6001
11366220,0001,1,D&D,08,20100520,20091201,RS,8681
05904109,0002,2,UNIPREFE,08,20121221,20091201,SP,6155
11427052,0001,1,TERRA STUDIO PERSONAL,08,20220322,20091215,ES,0760
11430968,0001,1,,04,20210226,20091209,SP,7107
11606611,0001,1,,08,20240510,20100226,SP,7135
11640719,0001,1,YES FITNESS,04,20231117,20100223,RS,8785
11754888,0001,1,PASETTO & CIA,02,20100330,20100330,SP,7107
11768492,0001,1,,02,20100311,20100311,SP,7107
20480234,0001,1,BODY BROS ACADEMIA,04,20210226,20140623,SP,7107
11945137,0001,1,ACADEMIA VITALY,08,20161230,20100505,PR,7771
12148578,0001,1,ADRENALINE ACADEMIA,02,20241226,20100701,RO,0003
12185585,0001,1,,08,20130814,20100707,RJ,6001
12368465,0001,1,WARRIORS MAXIMUS CONSULTORIA EM FITNESS,08,20180201,20100812,AM,0255
12402291,0001,1,PITA ACADEMIA,04,20181026,20100818,CE,1389
12530258,0001,1,,04,20210324,20100915,SP,7057
12598910,0001,1,ACADEMIA FITCENTER,08,20131107,20100826,RS,8589
12723200,0001,1,ACADEMIA FORCA ATIVA FITNESS,08,20180320,20101019,MT,9167
12948918,0001,1,,04,20240828,20101129,SP,7097
13002986,0001,1,,08,20160303,20101130,SP,7057
13045433,0001,1,MM TITANIUM,04,20201103,20100819,SP,7107
13098883,0001,1,ACADEMIA CERCFIT LTDA,01,20101220,20101220,PR,5453
13131617,0001,1,,04,20181130,20101214,RJ,5897
13134364,0001,1,PROJETO ANDAR BRASIL,08,20141212,20110119,DF,9701
13308816,0001,1,ACADEMIA CPA FITNESS,02,20260526,20110227,MT,9067
13380031,0001,1,PLANET FITNESS ACADEMIA,08,20230704,20110317,GO,9301
13550391,0001,1,ACADEMIA ESTILO DE ESTRELA,04,20181106,20110425,PA,0427
11239893,0002,2,,08,20211007,20110425,SP,7133
13595334,0001,1,CENTRAL CORPO FITNESS,04,20210225,20110321,RS,8511
13691410,0001,1,LOTUS FITNESS ACADEMIA,02,20110513,20110513,PB,1981
13810372,0001,1,BODY TECH,02,20110615,20110615,RJ,6001
13840120,0001,1,R1 BODY CENTER,02,20110621,20110621,PB,2051
13864208,0001,1,QUALIDADE DE VIDA FITNESS,08,20150325,20110622,DF,9701
13895137,0001,1,ACADEMIA CORPO ATIVO,04,20231116,20110608,BA,3265
14395480,0001,1,,02,20110929,20110929,RS,8823
11936667,0002,2,MARIA R. DA CUNHA - ARTIGOS ESPORTIVOS ME,04,20181023,20111014,PR,7667
14601522,0001,1,AACT - ACADEMIA AEROBICA CAMILA TONIAL,08,20170512,20111006,PR,7733
14828085,0001,1,PHYSICUS ACADEMIA,02,20120104,20120104,MG,4373
14841489,0001,1,ACADEMIA FITMORE,02,20120105,20120105,DF,9701
14867172,0001,1,7 SPORTS,04,20220609,20120109,PR,7691
20487874,0001,1,WAVE S,03,20251230,20140623,SC,8039
14919400,0001,1,,08,20140318,20120123,RS,8751
15048872,0001,1,ACADEMIA & MUSCULACAO CORPO PERFEITO,08,20220201,20120214,MS,9063
15118933,0001,1,HAMMER FITNESS CLUB,02,20120229,20120229,BA,3849
15211229,0001,1,MR BODY WORKS,08,20170127,20120313,RS,8801
15219403,0001,1,MANAUS FITNESS,04,20181026,20120319,AM,0255
15255933,0001,1,ACADEMIA TOP FISIC,04,20210423,20120323,RN,1895
15495411,0001,1,ACADEMIA DO HULK,02,20210715,20120507,RR,0301
15554749,0001,1,ESTACAO MULHER,08,20191122,20120518,SP,7079
15566644,0001,1,FOX FITNESS ACADEMIA,08,20220210,20120521,MG,4911
15568518,0001,1,VOLTARELLI ESPACO FITNESS,02,20120514,20120514,SP,6473
15585384,0001,1,,02,20120105,20120105,PR,7535
15642109,0001,1,SAGRES MM,04,20210303,20120601,MA,0941
15732622,0001,1,STUDIO MOVIMENTO,02,20120614,20120614,RS,8839
15739518,0001,1,ACADEMIA BEM ESTAR,08,20170523,20120619,PE,2313
16517975,0001,1,ATRIO ACADEMIA,08,20130920,20120717,GO,9301
16891415,0001,1,PHYSICALHIDRO,02,20120921,20120921,DF,9701
17054795,0001,1,ACCADEMIA SALUTE,04,20210408,20121023,RJ,0780
17165443,0001,1,GO FITNESS,02,20120924,20120924,PR,7535
17173985,0001,1,,08,20150310,20121116,MG,5403
17199855,0001,1,ACADEMIA L EQUIPE,08,20191219,20121120,CE,1389
17216468,0001,1,FEMININA ATIVA,08,20200218,20121128,MG,4371
17325893,0001,1,VIVA FITNESS,08,20240408,20121220,GO,9425
17371241,0001,1,XPARTA CROSS TRAINING,08,20220121,20130108,SP,7107
17385359,0001,1,,02,20130110,20130110,PR,7427
17407158,0001,1,,08,20180409,20130103,CE,1537
05202314,0003,2,JC FITNESS,08,20240411,20130214,BA,3711
17626883,0001,1,RESIST PERSONAL TRAINER STUDIO,02,20130222,20130222,SC,8199
17634704,0001,1,,08,20131003,20130225,MG,4867
17644541,0001,1,EVOLUTION GYM ACADEMIA,08,20250409,20130221,SC,8327
17662322,0001,1,RHN2 ACADEMIA,04,20260513,20130228,GO,9373
17673057,0001,1,ACADEMIA ESPACO FISICO,08,20181023,20130301,MG,4581
17708865,0001,1,LIMITE ACADEMIA,08,20180718,20130301,SP,6639
17822309,0001,1,ANDREIA CARDOSO ACADEMIA FEMINIA B&B,08,20180831,20130326,SP,7075
17826878,0001,1,RIMAS FIT,08,20190927,20130322,GO,9373
17889898,0001,1,D N A STUDIOS,08,20230606,20130408,RJ,5903
17991518,0001,1,CROSSFIT MANDACARU,08,20160408,20130424,BA,3849
18052279,0001,1,,08,20180823,20130506,MG,4553
18290929,0001,1,CARDIO FITNESS,04,20210309,20130607,PR,0878
18292737,0001,1,BODY COMPANY ACADEMIA,04,20181207,20130411,MA,0921
18299430,0001,1,ESPACO JAN PERSONAL,02,20130613,20130613,PR,7749
18311230,0001,1,,04,20260525,20130617,MS,9051
18318275,0001,1,CROSSFIT VIDANOVA,08,20230420,20130613,RS,8801
18327385,0001,1,CENTER FITNESS,04,20210416,20130619,MG,4123
18333222,0001,1,TIAGO PRESTES PERSONAL,08,20141207,20130619,SP,2969
18333951,0001,1,CIA DO CORPO,04,20260518,20130619,RJ,5819
18335243,0001,1,,04,20210304,20130606,RS,8901
18343845,0001,1,CENTAURUS ACADEMIA,04,20181213,20130516,PA,0517
18344413,0001,1,LIFE FIT ACADEMIA,02,20230817,20130620,RJ,6001
18345641,0001,1,,02,20130621,20130621,MG,4445
14302530,0001,1,HIDROGYN,02,20181123,20110912,PA,0595
18350196,0001,1,ACADEMIA HUGO TRAINER,08,20170207,20130621,GO,9221
18352239,0001,1,ACADEMIA MOVIMENTO,02,20130624,20130624,MG,4335
18352507,0001,1,MEGA-GYM ACADEMIA,02,20130624,20130624,SC,8081
15681558,0002,2,ACADEMIA CORPORE FITNESS,08,20190823,20130619,TO,9733
18353834,0001,1,COMPANHIA DO CORPO,02,20130624,20130624,SP,6619
18361834,0001,1,SINAPSE FISIOFITNESS,02,20130619,20130619,PI,1219
18363451,0001,1,,08,20190403,20130611,RS,8683
18363602,0001,1,FORMULA FITNESS,04,20181024,20130625,RJ,5869
17645783,0001,1,GINASIO DA MUSCULACAO,04,20231116,20130225,PR,7493
16743294,0002,2,,08,20140410,20130625,SP,6795
18366395,0001,1,ATUAL FIT ACADEMIA,02,20130625,20130625,SP,7107
18368981,0001,1,TIGER,02,20130626,20130626,MA,0757
18369241,0001,1,,04,20231109,20130526,PB,2225
18372399,0001,1,KM FITNESS,08,20140801,20130624,RN,1761
18382179,0001,1,CONAN ACADEMIA,08,20180321,20121214,SP,6411
18383017,0001,1,ACADEMIA BEM ESTAR TRIUNFO,02,20130621,20130621,PR,7877
18403835,0001,1,HARMONIVE,08,20150706,20130702,MG,4123
13960909,0001,1,INOVA SERV,02,20260327,20110715,MA,0921
18423817,0001,1,MIRANDA ASSESSORIA,02,20130704,20130704,GO,9425
18444719,0001,1,SM FITNESS,02,20130708,20130708,RJ,5865
18447048,0001,1,INOVACAO ARTIGOS ESPORTIVOS,08,20220420,20130708,GO,9379
18447679,0001,1,T R FITNESS,04,20220607,20130708,CE,1389
18454336,0001,1,ACADEMIA FLEX TRAINING,04,20210225,20130709,RS,8801
12964690,0002,2,DARLLY SPORT FITNESS,04,20190326,20130606,RN,1761
18459119,0001,1,FISIOQUALY,02,20130626,20130626,PR,7801
18459608,0001,1,AVENIDA FITNESS,04,20210416,20130709,SE,3247
17511759,0002,2,FISICUS ACADEMIA,02,20100126,20100126,MG,4123
18464237,0001,1,R A ACADEMIA,04,20181026,20130710,CE,1389
18467026,0001,1,LABORE,04,20260519,20130711,MG,5403
18475320,0001,1,ACADEMIA. WELLNESS,04,20210317,20130708,PR,9983
18475746,0001,1,ACADEMIA MEDIDA CERTA,02,20130710,20130710,TO,9241
18482942,0001,1,ESPACO ARTE,02,20130715,20130715,SP,7107
18483223,0001,1,CP TOP FIGHT,04,20190109,20130715,SP,6251
18485351,0001,1,SELF IT ACADEMIAS,02,20130715,20130715,PE,2531
18487771,0001,1,HABITUS FITNESS ACADEMIA,08,20210824,20130715,CE,1447
18490331,0001,1,,08,20201006,20130716,SP,6219
17285779,0001,1,TOP FITNESS,04,20260519,20121211,MG,2673
18499971,0001,1,EVOLUTION ACADEMIA,08,20260610,20130702,PI,1219
18502619,0001,1,COLISEU FITNESS,04,20190125,20130717,AM,0253
18504978,0001,1,QUALITY LIFE,08,20141002,20130717,SP,7107
16608543,0001,1,MEGA MUSCULOS ESPACO FITNES,08,20161003,20120724,ES,5661
18508022,0001,1,,08,20201207,20130717,SP,7121
18511040,0001,1,VITAL CLUB,08,20210212,20130716,CE,1389
18516266,0001,1,AXIS WORKOUT COMPANY ACADEMIA DE GINASTICA,08,20170207,20130712,RS,7379
17099339,0001,1,ACADEMIA ALL CORPO,02,20240813,20121031,SC,5543
18529027,0001,1,,08,20170131,20130722,SP,6361
18529109,0001,1,ACADEMIA DA VILA LIDA,02,20220923,20130708,PI,1175
18532251,0001,1,PONTO PILATES,02,20130719,20130719,SP,6875
18536204,0001,1,ZANON FIGHT GYM,02,20260520,20130723,SC,8055
18537500,0001,1,VULKANO FIGHT,04,20210423,20130719,RN,1761
15210655,0002,2,,08,20141124,20130506,MG,4133
18547101,0001,1,SKI EXPERIENCE,02,20130724,20130724,SP,7107
14799213,0001,1,STUDIOBIOFITNESS,08,20180112,20111223,MG,4157
18555340,0001,1,ACADEMIA PARACURU FIGHT GYM,02,20130725,20130725,CE,1505
15555566,0001,1,MAXXI FITNESS ACADEMIA,04,20210409,20120509,MA,0937
18560795,0001,1,ACADEMIA NEW CORP,08,20140226,20130723,GO,1066
18563616,0001,1,,08,20190103,20130522,PR,7535
18541568,0002,2,ACADEMIA POWER FITNESS,02,20130723,20130723,BA,3515
12294689,0002,2,FANG ESTETICA,08,20150316,20130725,DF,9701
10779156,0002,2,ELAINE CRISTINA CALAMITA GAMES LOCATELLI ME,02,20190429,20130729,SP,6401
14713915,0001,1,DAL FARRA STUDIO DE MUSCULACAO,02,20111202,20111202,SC,8179
18580914,0001,1,MORAES TREINAMENTOS,04,20210310,20130730,SP,6595
18582417,0001,1,ACADEMIA COSTA GYM,04,20260522,20130730,SP,6145
11432595,0002,2,,08,20180316,20130730,SP,6969
18588499,0001,1,,04,20210326,20130731,SP,6477
18593105,0001,1,,08,20231122,20130731,SP,7099
18593912,0001,1,,08,20140909,20130730,SP,7107
18593924,0001,1,BEM ESTAR ACADEMIA,08,20210222,20130730,RJ,5819
12776675,0003,2,KNOFEL E GRECCO LTDA,08,20161205,20130801,MG,4931
18616394,0001,1,FITNESS CENTER,08,20230531,20130801,SC,8105
18616886,0001,1,ATLHETICA ACADEMIA,08,20230818,20130805,MA,0907
18618295,0001,1,ACADEMIA ESTACAO DO CORPO,08,20141212,20130731,ES,5611
18625064,0001,1,CIA DA SAUDE,02,20130730,20130730,RS,8581
18625307,0001,1,PROVITA ESPORTES,02,20130806,20130806,SP,6563
18631048,0001,1,RL FITNESSS,04,20190320,20130807,PE,2531
15625731,0002,2,ACADEMIA TRAINING CORPUS LTDA - ME,08,20171122,20130805,PR,7493
18633398,0001,1,ML FIT,08,20241226,20130730,RN,1761
18634042,0001,1,VILA FIT ACADEMIA,02,20250102,20130807,MG,4751
18647243,0001,1,BEM ESTAR ACADEMIA,04,20210422,20130808,BA,3965
18659360,0001,1,ACADEMIA IMPULSO,08,20180713,20130812,SC,5595
11930147,0001,1,ATHLETICA ACADEMIA,08,20160129,20100510,PR,7691
18667820,0001,1,D'ROSSI ACADEMIA,04,20260526,20130813,PB,2169
18668520,0001,1,ACADEMIA ESTRELA FITNESS,08,20150723,20130813,PE,2521
18017969,0002,2,HI ACADEMIA,08,20180823,20130813,PE,2381
18017969,0003,2,HI ACADEMIA,08,20180823,20130813,PE,2531
16594856,0002,2,ACADEMIA CHINA,08,20161222,20130718,DF,9701
18329461,0002,2,,08,20180423,20130603,PR,7535
18689929,0001,1,MARCOS CEUTAS FISIO PILATES,02,20130815,20130815,BA,3849
18702804,0001,1,STUDIO CRIS PERSONAL,04,20260528,20130819,SP,6979
18707111,0001,1,,08,20190313,20130816,GO,9373
18716481,0001,1,START GINASTICA LABORAL,08,20150224,20130821,SP,6713
18717593,0001,1,VIBE FITNESS E COMERCIO.,02,20130821,20130821,RN,1767
18718902,0001,1,,02,20130820,20130820,RJ,6001
18719291,0001,1,ACADEMIA SAUDE E PERFORMANCE,08,20160107,20130820,PB,2169
18725212,0001,1,,04,20210317,20130724,PR,7963
18725726,0001,1,VIA ATLETICA,08,20251229,20130822,MG,4387
18727200,0001,1,CIBORG FITNESS,04,20210223,20130813,AM,0255
18729395,0001,1,,08,20180130,20130822,PR,7667
11617492,0001,1,ACADEMIA DE GINASTICA ESPACO VITAL,08,20200211,20100218,SP,6177
18738756,0001,1,VIVA ACADEMIA,04,20260513,20130823,GO,9373
18745081,0001,1,INSTITUTO NEW PILATES,02,20130823,20130823,CE,1389
18747490,0001,1,HIDROGINASTICA DA LETICIA,02,20130826,20130826,GO,9459
18751488,0001,1,TOTAL FIT ACADEMIA,08,20170505,20130823,ES,5623
18765631,0001,1,BIO FITNESS,08,20200206,20130827,PA,0503
04590407,0003,2,ACADEMIA ESCULTURA DO CORPO,08,20181206,20130827,MA,0921
18771076,0001,1,ACADEMIA GENESIS BRASIL,04,20210401,20130726,MA,0951
18773300,0001,1,NOVA UNIAO LONDRINA,08,20140206,20130819,PR,7667
18773702,0001,1,,08,20240919,20130828,SP,7079
18774015,0001,1,EDUARDO CURY GESTAO DE RESULTADOS,02,20130828,20130828,GO,9373
18776645,0001,1,ESPACO CORPO E ALMA,04,20260528,20130829,SP,7057
18778546,0001,1,IMPERIUM ACADEMIA,02,20130827,20130827,ES,5699
07594978,0069,2,SMARTFIT,02,20130816,20130816,CE,1389
18782390,0001,1,VIPER FITNESS,08,20200612,20130814,RO,0027
18784030,0001,1,STUDIO DE PILATES THAIS ROHRS,02,20130830,20130830,BA,3849
18791253,0001,1,,08,20180515,20130822,PR,7691
18792055,0001,1,ELLO FITNESS,08,20160331,20130902,BA,3467
18792064,0001,1,BOTEQUIM KLIPTONIA,04,20240819,20130830,PA,0401
18795102,0001,1,,02,20130902,20130902,SP,7107
18801440,0001,1,ELW FITMESS,08,20220729,20130903,SP,7151
18801963,0001,1,CROSS LIFE ELLAS,08,20200608,20130903,MG,4957
18803975,0001,1,ACADEMIA ATHLETIC,08,20150409,20130801,MT,9035
18806369,0001,1,NATO WAY,08,20131217,20130903,SP,7097
18812104,0001,1,,02,20130605,20130605,RJ,5803
18825529,0001,1,A.C FITNESS,02,20220111,20130905,RO,0003
18825906,0001,1,,08,20260123,20130827,RJ,6001
18828406,0001,1,PILATES BODY ART STUDIO,08,20160330,20130905,RS,8771
18829059,0001,1,ACADEMIA CAIMAN FITNESS,04,20210226,20130906,SP,7107
18836930,0001,1,POSTURALLI CENTRO DE SAUDE E BEM ESTAR,02,20130909,20130909,SC,8333
18840184,0001,1,ACADEMIA BIOFIT,02,20130905,20130905,RS,7379
18845555,0001,1,,02,20130910,20130910,CE,1389
11186271,0002,2,,02,20130910,20130910,SP,7097
18855141,0001,1,ANGEL,08,20240802,20130911,PR,7925
10176955,0002,2,CAS,08,20240408,20130910,BA,3849
18868338,0001,1,DANIEL SOUZA PERSONAL TRAINER,08,20250201,20130912,SC,8179
18872749,0001,1,PRO SAUDE FITNESS,02,20130913,20130913,SP,7097
16478606,0001,1,ESTARBEM FITNESS,08,20210804,20120715,CE,1389
18878195,0001,1,LIFE UP FITNESS,08,20210503,20130915,BA,3849
18881788,0001,1,,08,20240205,20130916,SP,6969
04649412,0002,2,MENTE & VIDA PILATES,08,20181005,20130829,SP,7107
18889989,0001,1,RE STUDIO,02,20130917,20130917,MG,5083
18890385,0001,1,ACADEMIA CORPUSFIT LTDA,04,20231101,20130913,SC,8265
14084618,0002,2,ACADEMIA FITNESS,08,20180626,20130917,MG,4701
18894301,0001,1,ACADEMIA ATITUDE,08,20170817,20130906,CE,1425
07737623,0042,2,,08,20181122,20130820,RJ,6001
18899343,0001,1,3S SPORT CENTER,02,20130918,20130918,MG,5403
18899901,0001,1,ACADEMIA ARTE DO CORPO,04,20260513,20130918,PE,2407
18904303,0001,1,SPORT & VIDA FITNESS,08,20150610,20130918,CE,1389
08854005,0001,1,A J SILVA ASSESSORIA,04,20220112,20070515,RJ,5819
18905279,0001,1,ACADEMIA CONEXAO,08,20220105,20130918,RS,8837
15314755,0001,1,ACADEMIA JUNIOR FITNESS,02,20210827,20120403,BA,3661
18908880,0001,1,ACADEMIA PHYSICUS,02,20130910,20130910,RN,1711
07594978,0074,2,SMARTFIT,02,20130919,20130919,SP,7107
18919684,0001,1,ACADEMIA SUPERAR,02,20130919,20130919,MA,0737
04061074,0003,2,ACADEMIA R2 FITNESS,02,20230616,20130920,RJ,6001
18923550,0001,1,M FOUR FIT,03,20220224,20130920,RN,1705
18932312,0001,1,ACADEMIA VIDA ATIVA,02,20130906,20130906,MT,9907
18933874,0001,1,HOLD CALISTENIA,02,20130923,20130923,SC,8047
18937123,0001,1,ACADEMIA MOVIMENTO,08,20210511,20130919,BA,3117
18937430,0001,1,FALCAO FITNESS,08,20150330,20130923,BA,3849
18943298,0001,1,,04,20210311,20130920,RJ,6001
18945472,0001,1,EXTREME FITNESS,08,20170804,20130925,PE,2531
18957034,0001,1,WEEK FIT ACADEMIA,02,20130926,20130926,MG,5049
18957828,0001,1,ACADEMIA EXPLOSAO,02,20130926,20130926,SP,6401
18963307,0001,1,,02,20130926,20130926,BA,3685
18963467,0001,1,FISIO FITNESS,02,20130927,20130927,PR,7519
12775266,0002,2,COMPLEXO ESPORTIVO MOA MORAES,08,20220622,20130927,PA,0427
18969093,0001,1,,02,20130927,20130927,SP,6163
18974243,0001,1,,02,20130930,20130930,PE,2531
18976557,0001,1,BODY IMAGEM,08,20140929,20130919,SC,8327
18976863,0001,1,ACADEMIA BEM ESTAR,08,20170929,20130927,TO,9715
18984928,0001,1,MONSTER GYM,08,20260128,20130930,RS,8541
18985254,0001,1,,08,20210104,20131001,SP,7107
18985478,0001,1,GLADIATOR ITALIAN FITNESS,08,20210322,20130927,CE,1389
18985875,0001,1,FIGHT LEGACY ARTES MARCIAIS MISTAS LTDA,04,20220609,20130930,SP,7107
18986747,0001,1,ACADEMIA VIGOR,02,20130924,20130924,AC,0107
18988847,0001,1,ACADEMIA POWER POINT,08,20160425,20131001,MG,4123
18990736,0001,1,GET LIFE ACADEMIA,08,20191212,20131002,SP,7017
18991098,0001,1,TRANSFORMACAO,08,20190902,20130918,RS,8649
18996931,0001,1,,08,20201221,20131001,RJ,5909
09067095,0002,2,K2 FITNESS,08,20181226,20131002,SP,6313
19002216,0001,1,ACADEMIA CORPO EM FORMA,08,20160303,20131001,DF,9701
19013947,0001,1,ACADEMIA DAMASCULO,08,20200929,20131004,GO,9473
19014443,0001,1,,08,20220317,20131004,RS,8727
19022459,0001,1,CLEBINHO SPORTS,08,20200430,20131007,SP,7107
19026051,0001,1,ACADEMIA DE MUSCULACAO GENESIS,08,20180918,20131007,SP,6249
19026370,0001,1,HEISER FITNESS,08,20200917,20131007,RJ,6001
19034635,0001,1,CN ACADEMIA,08,20161018,20131008,CE,1389
19050701,0001,1,ACADEMIA MONSTER FITNESS,08,20190715,20131010,SE,3169
19055418,0001,1,ESPACO FUNCIONAL RODRIGO RODRIGUES PINTO,08,20180201,20131011,RS,8839
19061701,0001,1,PONTO FIT,08,20161018,20131011,RJ,5819
19064078,0001,1,FIT CLUB,08,20201023,20131011,RJ,6001
19064635,0001,1,ACADEMIA PERFORMANCE,08,20220107,20131009,CE,1391
19067408,0001,1,JESSICA RODRIGUES DE SOUZA,08,20180730,20131014,SP,7071
19069652,0001,1,CIA DO TREINO,08,20200302,20131015,PE,2531
19076865,0001,1,STUDIO FUNCIONAL,08,20220329,20131016,SP,6235
19078634,0001,1,ACADEMIA GUARAJUBA FITNESS,02,20131015,20131015,BA,3413
19081936,0001,1,ACADEMIA PRO CORPO,02,20131015,20131015,RS,8559
19104809,0001,1,M ACADEMIA,02,20131021,20131021,MG,4573
19106008,0001,1,ISE INSTITUTO DE SAUDE E EXERCICIO,02,20131001,20131001,DF,9701
19108382,0001,1,BODY ENERGY ACADEMIA,02,20131021,20131021,MG,4123
19108627,0001,1,SAF PRIME,02,20131021,20131021,BA,3871
19110085,0001,1,FAMILIA SANTANA FITNESS E KARATE,02,20131021,20131021,PE,2381
19115751,0001,1,CROSFIT1000,08,20180704,20131021,DF,9701
19116613,0001,1,,04,20201103,20131022,SP,7107
19125420,0001,1,POWER CENTER ACADEMIA,08,20160803,20131023,SP,2965
19128978,0001,1,ISDD SOLUCOES,02,20131023,20131023,BA,3883
19129779,0001,1,,08,20260512,20131024,MG,5385
19133468,0001,1,BODY FITNESS,08,20200124,20131023,RJ,2909
19134804,0001,1,BODY STATION - ESTACAO DO CORPO,04,20210426,20131024,PB,2151
19136435,0001,1,,04,20180913,20131024,RS,8589
18272963,0002,2,ACADEMIA SAUDE E VIGOR LTDA - ME,08,20220419,20130927,MG,5343
11508667,0001,1,ACADEMIA ESTACAO SAUDE,08,20170713,20100202,SC,8105
19153668,0001,1,R3 ACADEMIA,02,20131028,20131028,SP,6921
19154324,0001,1,WM SPACO FITNESS ACADEMIA,02,20131025,20131025,PB,2051
19160724,0001,1,EVOFIT,02,20131018,20131018,CE,1389
19162339,0001,1,,08,20140926,20131030,MG,4445
19162507,0001,1,,08,20230622,20131030,SP,6969
14924557,0001,1,CIA DO CORPO,02,20120120,20120120,RS,9823
19167939,0001,1,ACADEMIA XANDU,02,20131030,20131030,SP,6213
19176432,0001,1,ESCOLA DE KUNG FU TAO,08,20180201,20131031,MG,4445
13667446,0001,1,ACADEMIA DO PESO,04,20190226,20110519,PA,0595
19183957,0001,1,ACADEMIA ONYX,02,20131101,20131101,SP,6361
19191231,0001,1,STUDIO GABRIELA HIGINO E ALINE HIGINO,02,20131104,20131104,SC,8185
19192781,0001,1,ACADEMIA EVOLUCAO DA FORMA,02,20131101,20131101,SC,8355
19209040,0001,1,IFIT CLUB,02,20131106,20131106,GO,9425
19211083,0001,1,MOVIMENTAR CROSS TRAINING,04,20260513,20131022,GO,1066
19216646,0001,1,STAND-UP ACADEMIA,08,20220503,20131107,MG,4123
19218198,0001,1,DIMENSAO FITNESS,02,20131107,20131107,MG,5425
19222527,0001,1,,02,20131108,20131108,SP,7107
19222834,0001,1,ESTUDIO ACADEMIA GYM FIT,08,20170323,20131108,RJ,0780
19226624,0001,1,ACADEMIA S&M FITNESS,04,20210326,20131108,SP,6415
19230471,0001,1,CORPO & ALMA,02,20131111,20131111,SP,6327
19230553,0001,1,,08,20151019,20131108,SP,6213
19231776,0001,1,,08,20160303,20131101,CE,1485
19239585,0001,1,BROTHER TOP GYM,04,20220125,20131112,PE,2307
09326495,0001,1,ACADEMIA EQUILIBRIO SPORT FITNESS,02,20080108,20080108,GO,9373
19249909,0001,1,SAUDE PLENA FITNESS,08,20140409,20131112,AL,2785
19251455,0001,1,ACADEMIA TOP TREINNE,08,20250210,20131113,PE,2457
19258134,0001,1,CROSS FM E FIT FOOD,08,20210121,20131108,GO,9543
19258542,0001,1,,02,20131113,20131113,RJ,6001
19258552,0001,1,MANDUCA FITNESS,02,20131108,20131108,RS,8791
19265307,0001,1,,08,20170720,20131114,RS,8801
19266020,0001,1,EVOLUTION ACADEMIA,04,20181121,20131118,BA,3685
07289591,0002,2,SPORT SITE ACADEMIAS,08,20170808,20131119,SP,6291
19280871,0001,1,ACADEMIA JOE MUSCLE,02,20131118,20131118,GO,9227
19281167,0001,1,STAR FORT FITNESS,08,20171205,20131029,GO,9227
19286661,0001,1,,02,20131119,20131119,RJ,6001
19287786,0001,1,,04,20210311,20131119,RJ,6001
19291828,0001,1,ACADEMIA MARISA PESCARINI,08,20230613,20131121,SP,7237
19292695,0001,1,B 2 FITNESS,02,20260130,20131119,AL,2785
19295375,0001,1,ACADEMIA BEM ESTAR,08,20210406,20131122,MG,0600
19295891,0001,1,ACADEMIA BEM ESTAR,08,20210825,20131121,BA,3483
19298698,0001,1,ACADEMIA ELAS X ELAS,02,20240830,20131122,RJ,6001
19298708,0001,1,VIP ACADEMIA,04,20240813,20131122,AM,0255
19299026,0001,1,BIO EVOLUTION ACADEMIA,04,20260601,20131122,SP,6929
19299594,0001,1,ESPACO FITNESS DANCE,02,20221014,20131122,SP,7061
19304001,0001,1,,04,20231107,20131125,RJ,5833
19305394,0001,1,TRAINER ACADEMIA,02,20131122,20131122,MG,4997
11325336,0003,2,,02,20131118,20131118,PR,7667
19309704,0001,1,BODY FIT,08,20180730,20131125,RJ,5837
19312095,0001,1,ACADEMIA BY IGOR,04,20260513,20131121,GO,9289
19312254,0001,1,,08,20160225,20131126,SP,7075
19313551,0001,1,ACADEMIA GERACAO SAUDE,02,20131126,20131126,SP,6689
19320821,0001,1,,08,20160330,20131125,PR,7493
19323599,0001,1,,02,20131127,20131127,MA,0921
12382874,0001,1,ESTILO ATIVO,02,20100810,20100810,SP,6291
07594978,0084,2,,02,20131128,20131128,SP,7107
07594978,0088,2,,02,20131128,20131128,SP,6291
18134485,0002,2,DOCTOR FIT DENER NAZARIO,08,20170612,20131128,SC,8335
19338147,0001,1,M - GYM ACADEMIA,04,20260525,20131106,RN,1787
19364088,0001,1,ACADEMIA COMPLETA,02,20130927,20130927,CE,1253
19365872,0001,1,MEGAFORMA ACADEMIA,08,20140919,20131205,MG,4837
19388451,0001,1,LEONARDO MAIA ROCCO,04,20190301,20131210,SP,7107
17683126,0001,1,WI FITNESS,02,20130220,20130220,RN,1759
19396674,0001,1,,04,20181120,20131211,PB,2051
19397394,0001,1,ACADEMIA ELLITE FITNESS,04,20181025,20131211,PE,2531
19398554,0001,1,LANA FITNESS,04,20220609,20131211,RJ,2921
19402504,0001,1,ESTUDIO FITNESS GI DUARTE,02,20131212,20131212,RS,8893
19406315,0001,1,,08,20160823,20131213,SP,7057
19406840,0001,1,,04,20260518,20131212,RJ,6001
19407713,0001,1,ACADEMIA FORCA E FORMA FITNESS,08,20160310,20131213,PE,2495
14091859,0002,2,ACADEMIA INOVA,02,20131213,20131213,SP,6511
19413867,0001,1,BRASIL FITNESS,08,20230123,20131213,ES,0760
19423597,0001,1,INSTITUTO EVERTON QUIRINO,08,20151218,20131217,SP,6547
19426747,0001,1,,08,20200127,20131218,BA,3807
19426876,0001,1,ACADEMIA BIO-FITNESS,02,20220726,20131216,RN,1795
19434713,0001,1,VISUAL FITNESS,02,20240228,20131219,BA,3669
19434793,0001,1,CENTRO DE TREINAMENTO FISICO RICARDO REIS,02,20131218,20131218,RS,8801
10694312,0002,2,CROSSFIT O2,08,20160331,20131127,GO,9373
19445560,0001,1,FITNESS ACADEMIA,02,20131211,20131211,PI,1103
19446504,0001,1,ACADEMIA PROFESSOR LUCIANO OLIVEIRA,02,20231029,20131219,RJ,5869
19447525,0001,1,UP FITNNES,02,20250210,20131220,PA,0427
19450237,0001,1,VLM ACADEMIAS E PARTICIPACOES,08,20220823,20131223,DF,9701
19451546,0001,1,EXCLUSIVE PILATES,08,20190916,20131227,PE,2531
19453890,0001,1,IMPERIUM FITNESS,08,20150813,20131227,AM,0255
19455939,0001,1,SELF.RUN,08,20160318,20131231,SP,6681
15188244,0001,1,DIVAS FIT CENTER,08,20160906,20120313,MG,5403
19171257,0001,1,,08,20220125,20131030,CE,1389
19466693,0001,1,CORE MOVEMENT,08,20161130,20140104,SP,6229
19470935,0001,1,ADRIANO FIT TRAINIG,04,20260515,20131211,CE,1337
19477755,0001,1,VIVA SQUASH,04,20260526,20140107,PB,2051
19477857,0001,1,BODY BUILDER GYM,02,20240722,20140107,AM,0255
19484706,0001,1,STUDIO ISABELI VILHENA,08,20160323,20140108,MS,9807
19485808,0001,1,ACADEMIA RH BOA FORMA,08,20241001,20140108,PE,2557
19492394,0001,1,ACADEMIA ESTILLO FITNES,08,20210119,20140109,CE,1527
19492654,0001,1,,08,20140404,20140109,SP,6979
19495531,0001,1,,08,20181008,20140109,SP,7127
18821479,0001,1,CROSSFIT DIVINOPOLIS,02,20130905,20130905,MG,4445
19496783,0001,1,ESCOLA DE GOLEIROS LEAO DE JUDA,08,20180423,20140109,ES,5703
19499024,0001,1,,08,20241105,20131216,CE,1537
19501585,0001,1,ACADEMIA CORPUS,02,20140110,20140110,ES,5665
19502124,0001,1,,04,20190115,20131211,ES,5703
13592378,0002,2,EQUILIBRIO ACADEMIA,08,20150918,20140115,SP,6311
19532888,0001,1,MEGA ACADEMIA,04,20210423,20140110,RN,1691
19534838,0001,1,ACADEMIA CORPO DEFINIDO,08,20240813,20140116,CE,1389
19535589,0001,1,,02,20140116,20140116,SP,6213
19540326,0001,1,FIGHT CLUB MARICA,02,20140116,20140116,RJ,5853
19541393,0001,1,MARCO AURELIO MASSOLIN FILHO - CONDICIONAMENTO FISICO,02,20131128,20131128,PR,7691
19549164,0001,1,VIVA LEVE PILATES,02,20140120,20140120,SP,7107
08611539,0001,1,,04,20210426,20070122,AL,2813
19550611,0001,1,ACADEMIA DEBAL FITNESS,08,20180111,20140116,AL,2785
19550793,0001,1,ACADEMIA HARMONIA DO CORPO,04,20240815,20140120,MG,4371
19551022,0001,1,THE CORE,02,20140117,20140117,SP,7107
19551426,0001,1,,08,20211213,20140120,SP,7131
19551560,0001,1,STUDIO DE PILATES FABIANA COSTA,08,20210510,20140112,MA,0921
19552825,0001,1,ACADEMIA CAPITAO BICEPS,08,20171017,20140120,SP,6921
19559328,0001,1,ACADEMIA PERSONAL,02,20140117,20140117,PA,0447
19562037,0001,1,STUDIO M,02,20140120,20140120,SC,8053
11328262,0001,1,ACADEMIA SPORTFIT.CT,08,20200122,20091119,MG,4017
19575568,0001,1,STUDIO BY OLIMPIKUS,02,20140123,20140123,MG,4959
18553972,0001,1,NITRO FITNESS,08,20190329,20130725,SP,6251
19576985,0001,1,CLINI HEALTH,02,20140110,20140110,PR,7673
19587538,0001,1,SPORT LIFE,02,20140114,20140114,GO,9373
19588412,0001,1,ACADEMIAIMPACTO STUDIO FITNESS,02,20140124,20140124,SP,6817
19588945,0001,1,ACADEMIA SEMPRE EM FORMA,02,20140124,20140124,PA,0535
19606563,0001,1,,02,20140128,20140128,SP,7145
19613537,0001,1,RS FITNESS,08,20231124,20140122,RN,1779
19616532,0001,1,,02,20140129,20140129,MG,5015
19617520,0001,1,P R G FERREIRA FITNESS,08,20210218,20140129,SP,6715
19625101,0001,1,,04,20260522,20140130,SP,6249
19625737,0001,1,,04,20190226,20140130,MT,8985
19626406,0001,1,L3 ACADEMIA,02,20231127,20140130,PE,2305
19630553,0001,1,SAUDE PLENA VILA ISA,08,20240813,20140131,MG,4553
19633947,0001,1,MFIT STUDIO DE TREINAMENTO PERSONALISADO,04,20260522,20140131,SP,6229
19634511,0001,1,ACADEMIA APOLLO,04,20210401,20140131,MA,0767
19639119,0001,1,CROSSFIT STA,08,20250213,20140129,ES,5691
19643137,0001,1,,04,20240816,20140131,SC,8047
11267426,0001,1,ESTACAO TRAINING,08,20201119,20091028,MA,0803
12678873,0001,1,ESTACAO SAUDE PENINSULA,02,20101015,20101015,MA,0921
19655956,0001,1,ACADEMIA BIO RITIMO,08,20180705,20140130,MA,0749
19663393,0001,1,,04,20220610,20140205,SP,2939
19663792,0001,1,PAIXAO TOP TEAM CENTRO DE TREINAMENTO,04,20210330,20140205,MG,4633
19605226,0001,1,ACADEMIA OXIGENIO,08,20240321,20140128,AP,0605
19667473,0001,1,SPORT + TREINAMENTO ESPORTIVO,02,20140131,20140131,DF,9701
19671996,0001,1,WONDER FITPILATES,04,20181226,20140203,SP,2951
19674815,0001,1,SAUDE TOTAL,08,20180321,20140207,MG,4609
19682548,0001,1,JLSUPLEMENTOS,04,20220607,20140208,RJ,6001
19688109,0001,1,TOTAL FIT,08,20160614,20140210,MG,4959
19692610,0001,1,CF2 STUDIO FUNCIONAL,02,20140211,20140211,CE,1389
19693432,0001,1,PRADO FITNESS,04,20201027,20140207,RN,1681
19695389,0001,1,HARD FITNESS,08,20200902,20140207,DF,9701
19710750,0001,1,,08,20210511,20140212,RJ,5897
19715172,0001,1,FELIX ACADEMIA,02,20140213,20140213,PE,2521
19715302,0001,1,,02,20140204,20140204,PR,7745
19715790,0001,1,PERSONAL TRAINER MARCIO,02,20140213,20140213,PR,7691
19716621,0001,1,,02,20140211,20140211,RS,8705
19724895,0001,1,ACADEMIA CORPO A CORPO,08,20190603,20140212,DF,9701
19725850,0001,1,VALERIA NUNES ESTUDIO DE PILATES,08,20191007,20140212,RS,8801
19729791,0001,1,ELLO STUDIO,08,20190403,20140217,PE,2381
19757347,0001,1,ACADEMIA LY FIT,08,20190625,20140220,SP,6897
19761117,0001,1,ACADEMIA COMPANHIA DO CORPO,08,20200207,20140219,MG,4859
19762225,0001,1,ACADEMIA TOP FITNESS,08,20150928,20140220,PE,2315
19762237,0001,1,ACADEMIA PERSONAL CENTER,02,20140220,20140220,RS,8947
19768121,0001,1,PERFFORMACE ACADEMIA,08,20190128,20140220,GO,9601
19768157,0001,1,EQUILIBRIO FITNESS,02,20240226,20140221,SE,3195
19768343,0001,1,SOUL FITNESS,08,20170213,20140221,BA,3849
19768945,0001,1,ACADEMIA GERACAO SAUDE,08,20170111,20140221,PE,2531
19777405,0001,1,CENTRO DE TERAPIA FISICA,02,20140224,20140224,MG,5403
19782308,0001,1,SADY SYSTEM TRAINING,08,20180507,20140224,MG,4123
19783313,0001,1,CAROL S.S.,08,20220519,20140224,SP,6163
19786951,0001,1,ACADEMIA CORPO SAO,04,20231027,20140224,SE,3105
19796946,0001,1,STUDIO ACCEL,02,20140226,20140226,PE,2531
19797693,0001,1,JULIANA IETE NUNES,08,20150625,20140226,SC,8105
19799052,0001,1,,02,20250124,20140226,SP,6237
19800351,0001,1,ACADEMIA ART FISICA,08,20210504,20140226,RJ,5909
19803302,0001,1,HIDRO FORMA FEMININA,08,20181022,20140227,MT,9819
19804844,0001,1,HIT TECH PERFORMANCE FITENSS,02,20220223,20140227,SP,6495
19807966,0001,1,STUDIO A,02,20140227,20140227,SP,7145
18229620,0001,1,EVB ESCOLA DE VOLEI BERNARDINHO,08,20180124,20130603,SP,6681
14637849,0001,1,ACADEMIA VIVA BEM,04,20210210,20111017,GO,1052
19811067,0001,1,NIVEA NATACAO E HIDROGINASTICA,02,20140228,20140228,RJ,5807
19812732,0001,1,,08,20140827,20140220,PR,7563
19813887,0001,1,ASSOCIACAO ESPORTIVA SAO JOAO,08,20190405,20140213,SP,6165
19815629,0001,1,COACH NERI,08,20171220,20140228,SC,8089
19817449,0001,1,SPARTA STUDIO DE GINASTICA,08,20180424,20140303,SC,8175
19817542,0001,1,CINARA ACADEMIA,08,20171228,20140303,SP,6793
19819475,0001,1,EVOLUA CENTRO DE PILATES E TREINAMENTO FUNCIONAL,08,20150211,20140305,SC,8053
19822038,0001,1,,04,20210406,20140305,SP,6619
19823154,0001,1,JULIO TACKLA PERSONAL TRAINER,04,20210209,20140305,ES,5705
19823500,0001,1,ACADEMIA LOTUS CLUBE CAIEIRAS,04,20210406,20140306,SP,6281
19827207,0001,1,CORE STUDIO,02,20140306,20140306,SC,8291
19828162,0001,1,OMA PILATES,08,20170203,20140306,PR,7535
19828969,0001,1,STUDIO VIDA,04,20210304,20140306,RS,8559
19830647,0001,1,FITNESS RACING,08,20211005,20140306,PR,5453
19831758,0001,1,ACADEMIA SOLUTION,02,20250410,20140306,AM,0255
19835896,0001,1,TEAM ZEPA,08,20180201,20140307,RJ,5865
19838602,0001,1,HEALTH AND FITNESS - ASSESSORIA ESPORTIVA,04,20220208,20140308,PB,2051
19843025,0001,1,TOP FITNESS ACADEMIA,02,20140310,20140310,MT,8987
19846081,0001,1,CORPO EM MOVIMENTO,02,20140310,20140310,MT,1038
19847756,0001,1,,08,20160624,20140310,SC,8327
19850058,0001,1,,02,20140311,20140311,MG,5293
19850178,0001,1,ASMAK,04,20210209,20140306,ES,5697
19018876,0002,2,MATCH FIT,08,20190607,20140311,PE,2379
19855943,0001,1,ENERGY,02,20140311,20140311,SP,6607
19857003,0001,1,,08,20180201,20140311,DF,9701
19858100,0001,1,DIANA WIDAR,08,20180912,20140312,SP,7047
19858293,0001,1,ACADEMIA NOVA FORMA,02,20140205,20140205,MG,4123
19859260,0001,1,THIAGO ESPIRITO SANTO,08,20171220,20140312,SP,6621
19866040,0001,1,M K PILATES E ESTETICA,08,20180323,20140312,RJ,5863
19868122,0001,1,ACADEMIA PERFORMACE,02,20140307,20140307,PR,7943
19869928,0001,1,,04,20260601,20140313,SP,7107
19870439,0001,1,ACADEMIA MEDIDA CERTA,08,20190404,20140312,RN,1761
19870896,0001,1,,02,20140313,20140313,SP,6229
19871781,0001,1,,02,20140311,20140311,SC,8027
19878037,0001,1,MASSA FITNESS ACADEMIA,08,20171124,20140314,SE,3241
19883881,0001,1,ESPACO PSICOTRANSFORMAR,02,20240523,20140315,PA,0415
19884255,0001,1,J RODRIGUES,08,20180201,20140315,PA,0401
19884920,0001,1,PEDRO PERSONAL & CONSULTORIA,08,20151112,20140316,RJ,6001
19885343,0001,1,ADI SALES ASSESSORIA ESPORTIVA,08,20180201,20140317,BA,3849
19885505,0001,1,,08,20260121,20140317,RJ,5877
19885929,0001,1,L&M FITNESS,08,20200930,20140317,MG,4123
19886007,0001,1,ELO CROSSFIT,02,20140317,20140317,MG,4123
19886417,0001,1,ACADEMIA VIDA,02,20140313,20140313,MG,5155
19889241,0001,1,ACADEMIA CORPO EM ACAO,08,20181204,20140313,RS,8815
19890626,0001,1,FRANCIS MUCELIN FITNESS CARE,08,20160407,20140313,RS,8785
19896787,0001,1,PILATES VIDA ATIVA,08,20230309,20140318,RJ,5925
19898018,0001,1,ACCQUA FITNESS,04,20260525,20131216,RN,1837
19898205,0001,1,,08,20211208,20140318,SP,6217
19898828,0001,1,ACADEMIA DR5,04,20190116,20140318,PE,2361
19900510,0001,1,BODY FIT ACADEMIA,08,20240717,20140318,MG,0702
19900589,0001,1,AM CENTRO DE TREINAMENTO,02,20210714,20140318,BA,3795
19902004,0001,1,SAUDE TOTAL ACADEMIA,04,20180828,20140317,GO,9373
14334736,0001,1,R P FITNESS,02,20231016,20110706,AP,0605
19911252,0001,1,SPRING PILATES CENTRO DE CONTROLOGIA,08,20150909,20140319,GO,9373
19913968,0001,1,FMA,02,20140320,20140320,SP,6475
19914591,0001,1,,02,20190916,20140114,RN,1797
19914954,0001,1,LEO BLOEDOW,08,20180201,20140320,RS,8589
19915188,0001,1,,08,20160607,20140320,SP,6549
19916140,0001,1,BEM ESTAR STUDIO PILATES,08,20160913,20140320,PR,7757
19918593,0001,1,ACADEMIA CORPORE FIT,08,20230112,20140320,MG,4865
19923078,0001,1,,08,20201019,20140321,RS,8507
19923340,0001,1,PROFITNESS ACADEMIA,08,20181126,20140320,RS,8705
19927295,0001,1,TONUS ACADEMIA,08,20170320,20140321,SP,6291
19929794,0001,1,BORIS FITNESS,04,20210407,20140322,BA,3849
19936063,0001,1,,02,20250707,20140227,RJ,5901
19936189,0001,1,,04,20181030,20140319,RS,8973
19941200,0001,1,OTAVIO DE SOUZA SEHNEM,08,20180201,20140325,PR,7535
19946149,0001,1,NOVAFITNESS,08,20171214,20140325,BA,3597
19949752,0001,1,CHICAO,08,20180130,20140326,SP,7097
19951007,0001,1,STUDIO DE PILATES FABIANA,02,20240509,20140326,RJ,5897
19951163,0001,1,CAMARGO PERSONAL TRAINER,08,20170124,20140326,PR,7535
19955488,0001,1,MARCONI RIBEIRO TREINAMENTO MULTIESPORTIVO,08,20150622,20140325,DF,9701
19957335,0001,1,,08,20210414,20140326,MG,4075
19958379,0001,1,LABOR E SAUDE,08,20221011,20140327,RS,8585
19964671,0001,1,PLANET BY OLIMPYKUS,04,20190301,20140327,SP,7107
19965745,0001,1,,08,20201105,20140327,SP,6291
19966549,0001,1,CENTRUS PILATES,08,20180618,20140326,GO,1066
11135814,0030,2,SMART FIT,08,20190708,20140327,RJ,6001
19969123,0001,1,CLINICA DO EXERCICIO MAIS SAUDE,08,20220125,20140327,PA,0427
14416198,0002,2,ACADEMIA MAIS SAUDE,08,20220324,20140327,GO,9373
13557902,0003,2,,02,20140228,20140228,SP,7107
19974652,0001,1,FORCE EXTREME,08,20181109,20140328,AM,9845
19975495,0001,1,STRONGEST PERSONAL,08,20180201,20140329,SP,7107
19975693,0001,1,ULTRA SPORT NUTRITION,02,20140329,20140329,MG,4981
19976333,0001,1,BETO,08,20191125,20140329,SP,7107
19978680,0001,1,,08,20210617,20140331,SP,6143
19978829,0001,1,,08,20160707,20140325,RS,8835
19980765,0001,1,POWER TRAINNING PERSONAL STUDIO,08,20180201,20140331,MG,4715
19981244,0001,1,RONYKARTHER FUNCTIONAL TRAINNER,08,20150730,20140331,TO,9733
19985260,0001,1,STUDIO DO CORPO,08,20180206,20140331,RS,8867
19987666,0001,1,,02,20240313,20140401,RN,0418
19990113,0001,1,POWER MAX FITNESS ACADEMIA,08,20240425,20140401,PE,2381
19991925,0001,1,METACORPOS PILATES,08,20190912,20140401,SP,6369
19992038,0001,1,ENERGY CENTER ACADEMIA,08,20171218,20140401,CE,1559
07594978,0094,2,SMARTFIT,02,20140401,20140401,SP,7107
07594978,0097,2,SMARTFIT,02,20140401,20140401,RS,8801
19996791,0001,1,MAICON FLESHA,08,20170831,20140401,SC,8061
19999400,0001,1,SANSAO ACADEMIA,02,20140402,20140402,PA,0595
19999668,0001,1,STUDIO FUNCIONAL,02,20140402,20140402,SP,6377
19999958,0001,1,STUDIO MAIS VIDA SPORTS E PILATES,08,20150527,20140402,SP,6211
20003118,0001,1,,08,20190821,20140402,MG,4123
20004565,0001,1,FITNESS PERSONAL STUDIO,02,20140401,20140401,RS,8781
20006883,0001,1,RENAN PERSONAL TRAINER,08,20160302,20140402,ES,5727
20007818,0001,1,STUDIO FAMILY PILATES,04,20210226,20140403,SP,7107
20009949,0001,1,DENIS VIEIRA TREINAMENTO PERSONALIZADO,08,20150219,20140403,DF,9701
20015586,0001,1,MAR SERVICOS,08,20220727,20140403,RJ,5865
20018608,0001,1,,08,20180824,20140404,CE,1389
20019500,0001,1,SNOOPY FIT,04,20210413,20140404,SP,6543
20020136,0001,1,,04,20210310,20140404,SP,6389
20021666,0001,1,ACADEMIA FISIOFITNESS,08,20140502,20140404,AL,2783
20021726,0001,1,THAYS RODRIGUES,08,20190207,20140404,DF,9701
20023013,0001,1,FISICO E FORMA,08,20180201,20140404,RJ,6001
20032541,0001,1,ACADEMIA CORPUS,04,20210319,20140404,RJ,5819
20033021,0001,1,CENTRO DE TREINAMENTO FUNCIONAL VIDA ATIVA,08,20180507,20140407,RJ,5819
20035301,0001,1,CENTRO DE TREINAMENTO DE GUAXINDIBA,08,20170208,20140407,RJ,0782
10496932,0007,2,SMARTFIT,08,20150417,20140407,SP,7077
20036856,0001,1,BRUNO TALIBERTI PERSONAL,08,20151231,20140407,MG,4521
20040094,0001,1,SCULPTOR ACADEMIA,08,20210721,20140404,RS,8929
20042959,0001,1,METAFORMA TREINAMENTO FUNCIONAL,02,20140407,20140407,RS,8801
20043234,0001,1,RIGNER MESQUITA,08,20211223,20140408,BA,3849
10906672,0001,1,VITALLYS ACADEMIA,08,20140319,20090603,RS,6021
20045201,0001,1,ACADEMIA PRIME FITNESS,02,20140404,20140404,CE,1455
20045557,0001,1,,04,20260601,20140408,SP,7107
20045698,0001,1,ESPACO PERSONAL,08,20140512,20140408,SP,6587
20046891,0001,1,RUNNER PERFORMACE G Y M - TREINAMENTO FISICO,02,20140408,20140408,PR,7667
20048857,0001,1,MASTER FITNESS,02,20140408,20140408,MG,5403
20049749,0001,1,ACADEMIA BRASIL FITNESS,02,20140409,20140409,GO,9571
20050666,0001,1,ACADEMIA IRON FITNESS,04,20210423,20140404,RN,1761
20051788,0001,1,,08,20150320,20140409,CE,1395
20061397,0001,1,ICON PILATES,08,20200730,20140409,RS,8801
20065357,0001,1,,08,20140411,20140410,SP,6557
20066244,0001,1,,08,20251230,20140411,SP,7225
20067168,0001,1,A.C.NATACAO E ATIVIDADES AQUATICAS,08,20150120,20140411,SP,6361
20068049,0001,1,REVIVA ATIVIDADES ESPORTIVAS,08,20200127,20140411,PE,2531
20070129,0001,1,GO - HARD,02,20140408,20140408,PR,7473
20070190,0001,1,ACADEMIA FORMA FITNESS,04,20231030,20140411,MS,9073
20075276,0001,1,CENTRO DE TREINAMENTO FIGHT CLUB,04,20260515,20140413,BA,3849
20077869,0001,1,GUILHERME SILVA PERSONAL TRAINER,08,20180201,20140414,SP,7079
20078247,0001,1,WF ACADEMIA,04,20210426,20140411,PB,2117
04422399,0002,2,LABORLIFE ACADEMIA,08,20211122,20080922,SP,7145
20086970,0001,1,ULTIMATE ACADEMIA,04,20210401,20140415,PI,1029
20087836,0001,1,PRATIQUE ASSESSORIA ESPORTIVA,08,20160704,20140411,RN,1779
20088121,0001,1,M4 ACADEMIA,04,20181004,20140415,SP,7107
20100561,0001,1,MONIQUE AVELAR,08,20170119,20140416,RJ,5925
20107792,0001,1,ESCOLA DE FUTEBOL CHUTOU BRASIL,04,20260601,20140419,SP,7075
20110061,0001,1,,08,20190325,20140417,RS,8681
20113182,0001,1,ROBSON SOARES BARBOSA,08,20180201,20140422,RJ,6001
20113326,0001,1,GEISA ALVES _ PERSONAL TRAINER,08,20250923,20140422,DF,9701
20119294,0001,1,RESPIRE PILATES STUDIO,08,20181009,20140423,SP,7107
17833402,0001,1,NOVA ACADEMIA,02,20230921,20130321,PA,0403
20121327,0001,1,ESPORT,04,20210304,20140423,RS,8599
20125836,0001,1,DIEGO LIMA PERSONAL TRAINER,08,20171220,20140423,RJ,5915
11270520,0001,1,L FITNESS,08,20180507,20091029,CE,1389
20129972,0001,1,STUDIO FITNESS ACADEMIA,04,20210407,20140424,BA,3685
20130047,0001,1,ACADEMIA VALADARES,08,20160202,20140424,MS,9039
20134981,0001,1,BRUNOTRAINING,08,20250815,20140424,BA,3849
20135970,0001,1,H2O STUDIO & PERSONAL TRAINER,02,20190730,20140422,SP,7099
20136030,0001,1,VITAX PILATES E TREINAMENTO FUNCIONAL,02,20140425,20140425,SC,8179
20136369,0001,1,,08,20140731,20140425,BA,3363
20137887,0001,1,ACADEMIA A1 SPORT TEAM,02,20140422,20140422,PR,7535
20144854,0001,1,ACESSORIA ESPORTIVA CASCARDI,08,20251127,20140427,SP,7183
20146760,0001,1,GYM BOX BRAZIL,08,20150505,20140428,SP,7107
20147915,0001,1,ADRIANO SIDLAUSCAS,08,20160602,20140428,SP,7107
20148228,0001,1,ACADEMIA FAGNER FIT,02,20140428,20140428,GO,9451
20149596,0001,1,OLIMPYCA PRESS,04,20201103,20140428,SP,7107
20150031,0001,1,ACADEMIA FENIX,04,20260519,20140428,MG,4903
20150155,0001,1,ACADEMIA DA MELHORIDADE,08,20160419,20140425,GO,9373
20150618,0001,1,BIO FITINESS,08,20221219,20140423,CE,1325
20152323,0001,1,,08,20210908,20140428,SC,8105
10188029,0002,2,AZZES FITNESS ACADEMIA CORPO E MENTE,08,20150407,20140424,SC,8221
20155051,0001,1,PRO LIFE STUDIO,08,20150417,20140429,SP,6921
20155490,0001,1,ESCOLA FUTEBOL JAIRO,08,20150324,20140429,PR,7925
17227162,0001,1,STUDIO M PILATES E MASSAGENS,08,20140212,20121122,RS,8511
20156588,0001,1,ASA CITY PARTICIPACOES E SERVICOS,02,20140428,20140428,BA,3849
20161072,0001,1,THIAGO VALERIANO,02,20230629,20140429,RJ,6001
20162717,0001,1,PLENA,08,20170202,20140423,ES,5703
20164252,0001,1,ESPACO VITAL II - ACADEMIA,08,20150224,20140430,MS,9051
20166028,0001,1,TOP TRAINING,02,20210517,20140430,SP,7109
20171848,0001,1,GABRIELLA IVO DE SOUSA,04,20210224,20140501,CE,1389
20172473,0001,1,STUDIO PRO SAUDE FITT,02,20210419,20140501,MG,5071
20173137,0001,1,ACADEMIA SANTOS,02,20140430,20140430,BA,3737
20179350,0001,1,DENI SANTOS PERSONAL TRAINER,04,20210407,20140504,BA,3849
20184089,0001,1,ASSOCIACAO DA SAUDE,08,20151026,20140505,RJ,6001
10680909,0004,2,,08,20161109,20140505,MG,4733
20187345,0001,1,LUIZ SERGIO ADRIANO JUNIOR,08,20180108,20140506,PR,7535
20188840,0001,1,,08,20180130,20140506,MG,4431
20193600,0001,1,ACADEMIA OFICINA DO CORPO,02,20140506,20140506,AL,2875
20193646,0001,1,ACADEMIA ESPACO MAIS SAUDE,02,20140506,20140506,MG,4851
20195618,0001,1,JR FITNESS,02,20210908,20140506,SP,6175
20197128,0001,1,PERSONNALITE STUDIO DE PILATATES,08,20211221,20140506,GO,9361
20199175,0001,1,LEO REIS,04,20210203,20140507,SP,6311
15366972,0001,1,TR CONSULTORIA ESPORTIVA,02,20120416,20120416,SP,7071
20199629,0001,1,HARD FIT CLUB,08,20160913,20140506,RS,8801
20201882,0001,1,,04,20210318,20140507,SC,8105
20203596,0001,1,ACADEMIA COLISEU,08,20191217,20140507,SP,3063
20203631,0001,1,UNITY FAITH ACADEMIA,08,20220124,20140507,BA,3849
20205968,0001,1,PRO FISICUS ACADEMIA,08,20180201,20140507,SC,8367
20206276,0001,1,ACADEMIA IMPERIUS FITNESS,02,20140507,20140507,CE,1527
20210653,0001,1,R.M. FIT,04,20210311,20140507,RJ,6001
20212799,0001,1,DANY & WARLEY EMPREENDIMENTOS,08,20180201,20140508,AP,0605
20214196,0001,1,CONEXAO SAUDE,08,20171221,20140508,SP,6411
20214711,0001,1,,08,20180116,20140508,PR,7513
20215546,0001,1,CHRIS DANCE,08,20180201,20140508,RJ,6001
20215593,0001,1,DANILO FITNESS,08,20150609,20140508,AM,0255
20216898,0001,1,,08,20171210,20140509,SP,6639
20218460,0001,1,LIDER FITNESS PRO 5 SMART,08,20180607,20140509,SP,7107
20218782,0001,1,MOTRICITA,02,20140509,20140509,MA,0921
20499264,0001,1,ACADEMIA FIT3,08,20200528,20140625,RN,1761
16877551,0002,2,,08,20180529,20140624,ES,5699
20506711,0001,1,ACADEMIA OLIMPIA,08,20200602,20140626,SP,6571
20507348,0001,1,STUDIO FIT,02,20140626,20140626,SC,8125
20511228,0001,1,,02,20210326,20140626,PR,7493
20511850,0001,1,VISUAL FITNESS,08,20260401,20140627,MG,4133
20512613,0001,1,ACADEMIA FIT EXTREME,08,20160725,20140627,SP,2965
20515945,0001,1,,08,20140814,20140627,MG,4891
20523077,0001,1,ACADEMIA TIGER,04,20210223,20140630,AM,0225
20523794,0001,1,,08,20211015,20140630,SP,6291
20524437,0001,1,KADU PERSONAL TRAINNER,08,20180528,20140630,MG,4445
20525097,0001,1,ESCOLA DE KRAV MAGA ISRAELENSE,08,20180201,20140630,RS,8853
20529918,0001,1,,08,20200602,20140630,SP,7115
20538218,0001,1,EVANDRO HUBER PERSONAL TRAINER,08,20190429,20140702,MG,4123
20538448,0001,1,PULSAR,02,20140702,20140702,MG,0592
20545821,0001,1,,08,20170612,20140702,SP,7107
20554290,0001,1,ALL DAY HELTH,08,20150420,20140703,SP,7107
05643055,0002,2,ACADEMIA FOLEGO,02,20140704,20140704,SP,7237
20580091,0001,1,VIANNA SPANO PERSONAL,08,20141202,20140706,SP,6969
20596061,0001,1,T L FITNESS,04,20240830,20140708,SP,6165
20599390,0001,1,ST FITNES ACADEMIA,08,20260317,20140707,CE,1477
20600382,0001,1,SAUDE & FITNESS,08,20210318,20140709,RJ,6001
20600456,0001,1,JARBAS PERSONAL TRAINER,08,20180201,20140709,ES,5699
20610103,0001,1,FUN ACADEMIA PERSONALIZADA,02,20140703,20140703,RS,8801
20611338,0001,1,OPENFIT ASSESSORIA ESPORTIVA,02,20140710,20140710,RJ,6001
20611985,0001,1,BEM ESTAR FITNESS,08,20170407,20140710,RJ,5897
20618509,0001,1,MEGASAUDE ACADEMIA,04,20220607,20140710,PE,2381
20618552,0001,1,F I T N E S S - LIFE,08,20180201,20140711,RO,0001
20619506,0001,1,POWER FITNESS,08,20180201,20140711,SP,7019
20620006,0001,1,THIAGO TRAINER,08,20180920,20140711,ES,5665
20620160,0001,1,BODY ROCK FIT,04,20190227,20140711,SP,7057
20622181,0001,1,IMPULSE FIT,02,20140711,20140711,SP,7099
20624051,0001,1,MARCIO FERREIRA ATIVIDADE FISICA PERSONALIZADA,08,20220722,20140712,SP,7071
20624885,0001,1,CROSS TRAINING CAMPO LIMPO PAULISTA,08,20140807,20140713,SP,6293
20625284,0001,1,ALFA ASSESSORIA,08,20250819,20140713,DF,9701
20625624,0001,1,XTREME FITNESS,04,20260525,20140711,AM,0255
20626015,0001,1,ESPACO CORPO & MENTE,08,20230802,20140710,PB,2055
20626120,0001,1,ACADEMIA PHYSICAL FORM 2.0,04,20240821,20140710,PB,1981
20627181,0001,1,STUDIO BODY DESIGNER,04,20210218,20140714,MS,9051
20629381,0001,1,RK GYM MUSCULACAO,08,20150717,20140714,PR,7769
20632805,0001,1,POSTURAL PILATES,08,20150206,20140714,SP,7107
20637688,0001,1,PRO-FIT ACADEMIA,08,20181003,20140715,SC,8047
20640409,0001,1,,08,20180201,20140715,SP,6639
20643554,0001,1,MEGA FUNCIONAL,08,20150730,20140711,SE,3157
20643678,0001,1,LINEA,08,20240313,20140716,MG,4123
20645337,0001,1,ACADEMIA EXPLORER,04,20210415,20140716,SP,6269
20646396,0001,1,WILL BODY FITNESS,02,20140715,20140715,SP,6271
20650905,0001,1,,08,20180110,20140716,SP,6597
20650961,0001,1,CENTRO PARAIBANO DE PILATES - CENTRO DE PILATES,08,20210210,20140716,PB,2051
20654006,0001,1,ACADEMIA ZUMBA FITNESS,04,20210224,20140715,RR,0301
20663414,0001,1,,08,20180108,20140718,SP,6597
20663518,0001,1,,08,20150610,20140718,RN,1761
20670760,0001,1,WILLIAM FELIPE MARTINS PERSONAL TRAINER,08,20161025,20140720,SC,8327
20671337,0001,1,,08,20160111,20140720,SP,7107
20680779,0001,1,MR CENTRO ESPORTIVO,08,20210707,20140722,MG,4211
20683583,0001,1,DU FITNESS,08,20171214,20140722,SP,7097
20684905,0001,1,ACADEMIA PRATAROB,08,20161018,20140722,SP,6107
20687274,0001,1,,08,20260106,20140722,SP,7131
20688252,0001,1,NAZZA NASCIMENTO THAI FIGHT,08,20160916,20140722,PR,7535
20688272,0001,1,GAIA FITNESS,08,20140826,20140722,PA,0535
20689395,0001,1,NUTRIX SUPLEMENTOS,08,20180201,20140722,SC,8039
20689769,0001,1,PHYSICAL FITNESS,08,20170616,20140723,SP,6331
20690663,0001,1,CHIARO SERVICOS DE PILATES,02,20140723,20140723,SP,7107
20693679,0001,1,SPARCATUS,04,20231027,20140723,SP,7107
20696079,0001,1,TEAM FIGHT ACADEMIA,04,20210426,20140723,PB,2141
20697576,0001,1,KPU JIU JITSU,08,20180201,20140723,RJ,6001
20700557,0001,1,TIGRE FITNES,08,20141002,20140724,PB,2183
20700572,0001,1,,08,20200824,20140724,RO,0003
20702953,0001,1,AQUA FITNESS JUST,02,20140724,20140724,MS,9073
20706361,0001,1,ACADEMIA ATITUDE,08,20151118,20140723,ES,5697
20707169,0001,1,RP ASSESSORIA ESPORTIVA,08,20180201,20140724,SP,7107
20712280,0001,1,JOYCE SALGADO SANTOS,08,20150130,20140725,PA,0427
12044836,0002,2,ACADEMIA UNIVERSO DO CORPO FITNESS,08,20150722,20140725,RJ,5853
20715986,0001,1,,02,20140727,20140727,RS,8777
20716193,0001,1,ARENA FITNESS,08,20190201,20140728,PE,2381
20717508,0001,1,NATTY PERSONAL TRAINER,08,20250113,20140728,MA,0921
20719058,0001,1,FIT YOU,04,20181025,20140728,BA,3849
20720222,0001,1,,08,20180201,20140728,PR,7563
20721449,0001,1,HELLYN GLASSES,08,20250404,20140728,SP,6921
20721607,0001,1,ESSENZ,08,20150413,20140728,SP,7183
20721728,0001,1,HR ARAUJO,08,20250626,20140728,PE,2491
20724516,0001,1,MAHARA TERAPIAS AQUATICAS,02,20250708,20140728,PR,7535
20725922,0001,1,,08,20190116,20140729,PR,7663
20728740,0001,1,DETERMINACAO FITNESS,08,20180201,20140729,PB,2119
20730346,0001,1,TOPP FITNESS,02,20241015,20140729,SP,7107
20731299,0001,1,ALAN EIDI KOGAWA,08,20150320,20140729,SP,7107
20731716,0001,1,ENERGY ACADEMIA,04,20210408,20140729,RJ,6005
20732812,0001,1,,08,20180201,20140729,MS,9051
20739618,0001,1,STUDIO ESPACO PILATES,08,20190809,20140730,MG,4633
20740808,0001,1,OLYMPOS GYM ACADEMIA,08,20200130,20140730,MG,4957
20743536,0001,1,LARISSA REIS - PERSONAL TRAINER,08,20150309,20140731,MG,4141
20743698,0001,1,INSTITUTO YOGA PARA TODOS,04,20210318,20140731,SC,8179
20745564,0001,1,STUDIO ATITUDE,08,20141103,20140731,MG,4431
20746659,0001,1,,08,20180201,20140731,SP,6249
20747584,0001,1,DRI FITNESS,08,20180201,20140731,SP,6189
20748130,0001,1,ACADEMIA IRON FITNESS,02,20140731,20140731,RN,1611
20753829,0001,1,,02,20240625,20140801,PB,1987
07737623,0064,2,,08,20220526,20140801,SP,6789
20762643,0001,1,AC CM SUPERACAO FITNESS,08,20180102,20140801,BA,3849
20766759,0001,1,,08,20180924,20140804,SC,8047
20769422,0001,1,"AMEZ ARTE, MOVIMENTO EDNEY ZANDRADE",04,20220128,20140804,RO,0013
20770504,0001,1,BEACH TRAINNING ASSESSORIA ESPORTIVA,08,20141201,20140804,RJ,6001
13546267,0003,2,VIDA ATIVA FISIOTERAPIA E PILATES,02,20140801,20140801,MG,4589
20772882,0001,1,,08,20201028,20140805,RS,8541
20778688,0001,1,UP-PILATES SAUDE E BEM ESTAR,08,20150327,20140805,MS,9051
20779618,0001,1,ACS - CORPO SAUDAVEL,08,20180201,20140805,MA,0921
20671786,0001,1,DIEGO RANGEL ACADEMIA,08,20190628,20140715,PI,1219
20781924,0001,1,ACADEMIA KTAVENTO,02,20140806,20140806,CE,1389
20785605,0001,1,EVOLUI - ESTUDIO DE TREINAMENTO FISICO,08,20151006,20140805,SC,8291
20785857,0001,1,STUDIO NANY PILATES,08,20210107,20140806,MT,9067
20788335,0001,1,WK SPORTS,08,20180201,20140806,RJ,6001
20788688,0001,1,,08,20180201,20140806,RS,8801
20791595,0001,1,,08,20150209,20140807,SP,7107
20792979,0001,1,START TRAINING,02,20140807,20140807,RS,8577
20794135,0001,1,CORBELLINI PERSONAL TRAINER,08,20190619,20140807,RS,8575
20794773,0001,1,R2 SAUDE FUNCIONAL E PERFORMANCE,02,20140807,20140807,SC,8105
20798537,0001,1,VTREINO,08,20240425,20140806,RS,8791
20802469,0001,1,ACADEMIA FENIX,04,20210311,20140808,RJ,6001
20803196,0001,1,CORE STUDIO DE PILATES,08,20150125,20140808,SC,8055
20807666,0001,1,GESTAO SOARES,08,20140825,20140810,MG,4371
20814417,0001,1,SK WELLNESS,08,20150922,20140811,PA,0427
20818395,0001,1,ACQUANORTE CENTRO POLIESPORTIVO,02,20140812,20140812,AP,0605
20824373,0001,1,METODO SHIFT,02,20140812,20140812,SE,3105
20831700,0001,1,,08,20170630,20140813,PR,5453
20833882,0001,1,MICHELL RAPOSO SPORTS,08,20150119,20140814,ES,5647
20835004,0001,1,,08,20210212,20140814,MG,4123
20836291,0001,1,JM PERSONAL,04,20210330,20140814,MG,4445
20838986,0001,1,,08,20171211,20140814,SP,7057
20843459,0001,1,ESPACO MOVIMENTO,08,20160519,20140815,SC,5541
20843606,0001,1,,08,20200218,20140815,SP,6191
20848387,0001,1,RAFER SPORT FITNESS,04,20210408,20140815,RJ,5849
20853506,0001,1,ACADEMIA STYLE FITNESS,08,20230928,20140818,SP,7107
20854213,0001,1,ATIVIDADES FUNCIONAL ROOTS,08,20170125,20140818,SP,6897
20858093,0001,1,FRED FITNESS,08,20220926,20140815,BA,3393
20858226,0001,1,ACADEMIA BARRA FITNESS,02,20140818,20140818,RJ,0782
20861256,0001,1,,02,20140806,20140806,PR,7691
20861745,0001,1,BOX TOP CROSS,08,20200910,20140819,PB,2117
20864434,0001,1,,04,20210225,20140819,RS,8801
20871971,0001,1,BIG FRIENDS ACADEMIA,02,20250211,20140820,BA,3347
20872392,0001,1,HELDER MOURA,08,20201104,20140820,RN,1761
20874753,0001,1,,08,20150113,20140820,MG,4767
20875991,0001,1,,08,20150908,20140820,SP,6249
20877017,0001,1,INOVE ACADEMIA,02,20140820,20140820,SP,6321
20879107,0001,1,AS PERSONAL TRAINER,08,20141029,20140820,SP,7107
20879721,0001,1,ACADEMIA MAIS SAUDE,08,20220413,20140820,GO,9373
20881505,0001,1,,08,20180201,20140821,PR,7515
20882222,0001,1,UNIQUE ACADEMIA E BEM ESTAR,08,20170317,20140820,BA,3685
20883616,0001,1,MARINA ROSO BELLINI,08,20180201,20140821,SP,6629
20888534,0001,1,ACADEMIA CORPORE FITNESS,08,20191104,20140821,TO,9733
20890920,0001,1,AVIVA ACADEMIA MULHER,08,20221201,20140822,PE,2357
20892213,0001,1,EXTREME GYM,08,20211112,20140822,MG,5351
20894452,0001,1,DARK SIDE,08,20250116,20140820,MT,9871
20895460,0001,1,,02,20140819,20140819,CE,1347
20895526,0001,1,STUDIO BRUNO CAETANO DE MUSCULACAO E PILATES,08,20190214,20140822,GO,9373
20896552,0001,1,IRMAOS VELASCO FITNESS E SUPLEMENTOS,08,20230313,20140825,RJ,5819
20900685,0001,1,SILVIA RIBEIRO PERSONAL,08,20150915,20140825,RN,1761
20901106,0001,1,,08,20170622,20140818,ES,5647
20901224,0001,1,POINT FITNESS,08,20141112,20140825,MG,4733
20901967,0001,1,LIFE LINE CONSULTORIA E ASSESSORIA ESPORTIVA,08,20180201,20140825,SP,7107
20808722,0001,1,MEGGA FITNESS,08,20190320,20140808,AL,2785
20905662,0001,1,ACADEMIA DAIFIT,08,20170323,20140822,PR,7525
20907384,0001,1,L.A FITNESS,08,20180201,20140826,CE,1389
20910610,0001,1,ACADEMIA JULIO FITNES,02,20231211,20140826,BA,3871
20912145,0001,1,FITNESS - Z,08,20180201,20140826,SP,6943
20914490,0001,1,TOP FIT ACADEMIA,08,20210422,20140826,SP,6875
20916397,0001,1,PIMENTA ROSA SERVICOS E ATENDIMENTOS PERSONALIZADOS,08,20250426,20140827,SP,6291
20918086,0001,1,NATIVO CENTRO DE TREINAMENTO,02,20140827,20140827,SP,7065
20919646,0001,1,STUDIO BODY UP,02,20140827,20140827,MG,4123
20923092,0001,1,,04,20220128,20140827,RS,8801
20928549,0001,1,ACADEMIA ADILSON MAGUILA,02,20140828,20140828,SC,8327
20931502,0001,1,SPORTCENTER ACADEMIA,02,20140828,20140828,PB,2067
20932826,0001,1,WYNNE COACH,08,20170422,20140828,RJ,6001
20933832,0001,1,SIDNEY PERSONAL,08,20180201,20140829,SP,7121
20936553,0001,1,POSTURAL ALIANCA FITNESS,08,20191220,20140829,SP,6967
20940053,0001,1,,08,20260507,20140829,SC,8105
20943475,0001,1,,08,20171227,20140831,SP,7097
20943553,0001,1,ROGERIO SILVA,04,20210406,20140831,SP,7075
20944939,0001,1,SHARP FITNESS,08,20170808,20140829,GO,9373
20946327,0001,1,FRIENDSFIT ACADEMIA,02,20140901,20140901,SC,8251
20947014,0001,1,ACADEMIA ZANSHIN,08,20190401,20140829,MT,9905
20952384,0001,1,,08,20240819,20140901,BA,3849
20956901,0001,1,CENTRO DE TREINAMENTO TEAM-CARECA,04,20231110,20140902,GO,9555
20957081,0001,1,,02,20220817,20140902,SP,7145
20958797,0001,1,ACADEMIA VIP FITNESS,08,20160916,20140617,ES,5703
20964733,0001,1,,08,20250110,20140903,SP,7107
20965947,0001,1,MARCELO DE FREITAS DORADO,08,20180201,20140903,SP,6263
20966626,0001,1,MARCELO PERSONAL,08,20191023,20140903,PR,7535
20966758,0001,1,ACADEMIA BODYBUILDERS CAVE GYM,04,20190301,20140729,PR,7535
20967403,0001,1,,08,20170608,20140903,RS,8771
20967565,0001,1,VIBE CROSS TRAINING,08,20260108,20140903,SC,8163
20968040,0001,1,,04,20220609,20140903,MG,5345
20975079,0001,1,DE LIMA - EDUCADORA FISICA,08,20160108,20140904,RS,8683
20976819,0001,1,NITTA TENNIS,08,20230621,20140904,SP,6713
20978188,0001,1,ELITTI ACADEMIA,02,20140904,20140904,GO,9373
20985287,0001,1,MOVFIT ACADEMIA LTDA,02,20140904,20140904,DF,9701
20985967,0001,1,CAROL BUSATO PERSONAL,08,20200209,20140905,PR,7535
20988268,0001,1,CORPO E MENTE,08,20150619,20140907,MG,4813
20992059,0001,1,M A CEZARIO,08,20180201,20140908,MT,9067
20992703,0001,1,OSCAR LIMA,08,20180201,20140908,MT,9067
20993675,0001,1,CRJ FITNESS,04,20260601,20140908,SP,7157
20995263,0001,1,CENTRO DE TREINAMENTO FUNCIONAL RENE NOLLER,08,20181231,20140908,RS,8559
21002988,0001,1,ACADEMIA S2 FITNESS,04,20210326,20140909,SP,6477
21003829,0001,1,LABORAL SAUDE,08,20180201,20140909,MG,4123
21006450,0001,1,DEBORAH CAMPOS,08,20170116,20140909,DF,9701
21007412,0001,1,CARAVELAS SHOW,04,20210423,20140910,RN,1621
21021387,0001,1,PERSONAL TRAINER LUCIANO,08,20180201,20140911,MT,9067
21026696,0001,1,CATIVIDADE QUALIDADE DE VIDA,02,20140912,20140912,SP,7107
21030235,0001,1,CENTRO DE TREINAMENTO ONORATO,02,20230913,20140912,SP,6313
19653670,0002,2,,08,20151023,20140915,MG,5137
21034771,0001,1,MR TEAM,04,20240830,20140915,SP,6415
21039436,0001,1,RAKCHAL TEAM,04,20240808,20140916,MG,4123
21043530,0001,1,XPORTS ACADEMIA INTEGRADA,08,20220727,20140902,MG,4123
21043942,0001,1,ESPACO HAPPY FITNESS,08,20150721,20140916,SP,7107
21045400,0001,1,STUDIO PILATES LAIS MARQUES,04,20210331,20140916,MG,4105
10429720,0002,2,ACADEMIA QUALLITY FITNESS,08,20170322,20140916,BA,3849
21052510,0001,1,,02,20140917,20140917,SP,7107
21054100,0001,1,LIFE FITNESS,04,20210304,20140916,RS,8591
21055203,0001,1,,04,20210323,20140917,RS,8877
21059199,0001,1,VITA STUDIO PILATES,08,20190513,20140917,PE,2531
12099427,0002,2,,08,20211118,20140918,RS,8801
21064339,0001,1,GOLDEN CLUB ACADEMIA,02,20140918,20140918,SP,6713
21066369,0001,1,LM SAUDE E LAZER,08,20161021,20140918,SP,7075
21067395,0001,1,,04,20220607,20140918,MG,5403
21069319,0001,1,,08,20221202,20140918,RJ,5861
21069606,0001,1,RAFAEL TOLEDO,08,20160205,20140919,MS,9011
21072258,0001,1,WINNER X ACADEMIA,08,20170118,20140918,BA,3515
21077444,0001,1,AMANDA NUNES RABELLO,04,20210203,20140920,SP,7099
21078939,0001,1,,08,20170712,20140922,SP,7005
21080465,0001,1,SUMMER FITNESS,08,20230425,20140922,SP,7037
21082803,0001,1,,04,20210218,20140922,ES,5687
21083426,0001,1,MINAMI FIT TRAINER,04,20210413,20140922,SP,7097
21087307,0001,1,,08,20170426,20140922,SC,8179
21090842,0001,1,JONES PERSONAL TRAINER,08,20170511,20140923,RS,8801
21098616,0001,1,FIT SHOW,08,20180509,20140923,CE,1389
21104685,0001,1,PERSONAL SAMPAIO,08,20150220,20140924,MG,4637
21106775,0001,1,,08,20170928,20140925,MG,5437
21107455,0001,1,ACADEMIA ESTUDIO DO CORPO,02,20140613,20140613,PR,7535
21108701,0001,1,SAUDE E BEM ESTAR,08,20150212,20140925,MG,5413
21111438,0001,1,N-1 ACADEMIA,04,20181026,20140925,CE,1389
21112103,0001,1,PH FITNESS,04,20220208,20140925,ES,5663
21112336,0001,1,QUALIVITA,08,20220209,20140925,BA,3685
00318069,0009,2,BIO RITMO,02,20140925,20140925,SP,7107
21115350,0001,1,ACADEMIA GERACAO SAUDE,08,20150902,20140925,SP,7079
21115861,0001,1,E.A.SANTOS,08,20230321,20140926,MG,4273
21116472,0001,1,FP FITNESS,02,20140925,20140925,RJ,6001
21117917,0001,1,FITNESS,08,20170406,20140926,SP,6313
21119485,0001,1,ESPACO ESPECIALIZADO PERSONAL TRAINER,02,20140926,20140926,SP,6969
21123129,0001,1,GA FITTRAINER,08,20141230,20140927,RS,8801
21129223,0001,1,IRON WORK,02,20140929,20140929,MG,4763
21130207,0001,1,EVELINE VENEGAS PILATES,08,20180201,20140929,SP,7107
04461234,0002,2,,08,20170125,20140929,MG,5195
21131415,0001,1,,02,20140929,20140929,MG,4123
21131530,0001,1,ROGER SILVA,08,20180201,20140929,SP,6789
21133446,0001,1,LUCINEI CORREA FITNESS,08,20170410,20140929,MT,9167
21133784,0001,1,FABIANO SARTORI,08,20230624,20140929,RS,8801
21136399,0001,1,M W STUDIO RESISTENCIA,02,20221017,20140930,SP,6787
21143431,0001,1,WELFARE FISIOTERAPIA,08,20210224,20140925,PR,7535
21146456,0001,1,DA ROCA BASQUETEBOL,08,20161214,20141001,GO,9373
21150897,0001,1,ALEX JJ,04,20260515,20141001,BA,3781
21159824,0001,1,RESPIRE PILATES,08,20150225,20141003,SP,7017
21162767,0001,1,ACADEMIA ARENA SPORT,04,20210309,20140926,PR,7667
21165320,0001,1,,04,20210219,20141003,PA,0509
16738149,0013,2,,02,20141003,20141003,SP,6209
21167005,0001,1,RADAR CIA DE DANCA,08,20141127,20141004,SP,6589
21167244,0001,1,BOMBER FOREVER,08,20170906,20141004,SP,7107
21168207,0001,1,PERSONAL FSK,08,20170714,20141005,SP,6897
21170936,0001,1,ACADEMIA VIRTUS LTDA,08,20230808,20141006,MG,4371
21172019,0001,1,,02,20141006,20141006,PR,8479
21173425,0001,1,VANESSA MARQUES DA HORA,08,20180201,20141006,SP,6875
21175162,0001,1,GO 4 FOR ACADEMIA,02,20141006,20141006,RS,8649
21182847,0001,1,BIO SALUTE,08,20190110,20141007,GO,9373
21184702,0001,1,ACADEMIA CORPUS FITNESS,02,20220524,20141007,CE,1443
21187050,0001,1,STUDIO PILATES,08,20211126,20141007,CE,1463
21188823,0001,1,PROFITNESS,08,20221228,20141006,SE,3195
21193335,0001,1,,08,20161007,20141008,BA,3515
21194003,0001,1,,04,20220208,20141009,RJ,5877
21195381,0001,1,STUDIO 7RC,08,20150309,20141009,PR,7535
21196434,0001,1,ACADEMIA VERSATIL LTDA,02,20141009,20141009,PR,7407
21198884,0001,1,ACADEMIA PHYSICAL FITNESS,08,20211026,20141009,MG,4763
21200187,0001,1,AERO DANCE,08,20180517,20141009,MG,4381
21200604,0001,1,ACADEMIA TITAS,02,20141009,20141009,SP,6291
21202082,0001,1,LEVEMENTE,08,20160915,20141009,RS,8901
21205277,0001,1,ACADEMIA BRAYNER FITNESS,08,20170125,20141010,BA,3313
21206112,0001,1,RAMSES PHARAOH GIBAUT DE CERQUEIRA,08,20220727,20141010,BA,3849
21207064,0001,1,BELLAS FITNESS,02,20141010,20141010,MA,0821
21213304,0001,1,CORPO ACADEMIA,08,20170124,20141013,RO,0025
21213476,0001,1,EUGENIO FORTES ACADEMIA MARECHAL,02,20140929,20140929,PI,1219
21213815,0001,1,FITNESS ACADEMIA,08,20161216,20141013,MG,4159
21214477,0001,1,D.M.MAX,04,20181030,20141013,RS,8801
21220312,0001,1,FITNESS ACADEMIA,02,20141014,20141014,MG,4159
21222816,0001,1,MAICON VARGAS PERSONAL TRAINER,08,20190108,20141014,ES,5703
21223613,0001,1,BODYPUMP,08,20150414,20141014,MA,0921
21223630,0001,1,EDUCADOR FISICO SANDER,08,20180201,20141014,SP,7107
21228073,0001,1,BRAZILIAN THAI,02,20141015,20141015,SP,6179
21228870,0001,1,ACADEMIA CORPO & ACAO,08,20190514,20141015,PB,2039
21230336,0001,1,,08,20170523,20141015,RJ,6001
21232115,0001,1,SIL OLIVEIRA,08,20240227,20141015,SP,7151
21233609,0001,1,GEORGE NOGUEIRA,08,20180105,20141015,PR,7535
21237202,0001,1,VITTAL LIFE,08,20170313,20141016,SP,6285
21238334,0001,1,,04,20220105,20141013,MA,0809
21240840,0001,1,ALTA PERFORMANCE,02,20141016,20141016,MG,5091
21242014,0001,1,CENTRO DE TREINAMENTO STYLO SPORT,04,20220128,20141016,MT,9151
15337969,0002,2,ACADEMIA FLEX,08,20230721,20140925,PR,7667
21246963,0001,1,ACADEMIA LION FITNESS ARA,02,20141015,20141015,SE,3105
21250794,0001,1,AQUA BIKE SUL,08,20180201,20141017,RS,8801
21254935,0001,1,ACADEMIA AK FITNESS,08,20180201,20141020,BA,3073
20944851,0001,1,A ACADEMIA,02,20140901,20140901,SP,7071
21256707,0001,1,PILATES CAMBRAIA,08,20160517,20141020,MG,4371
21263901,0001,1,ALL TIME,08,20200814,20140813,PR,7535
21263971,0001,1,CORPATIVO STUDIO,02,20141021,20141021,PE,2423
10599497,0002,2,LIVE MORE ACADEMIA,08,20181101,20141021,GO,9227
21264071,0001,1,ACADEMIA ANATONIA DO CORPO,08,20171215,20141021,MG,4133
21265071,0001,1,L'ACQUAMIX,02,20141021,20141021,SC,8373
21265080,0001,1,INOVE PRODUCOES E EVENTOS,02,20140929,20140929,CE,1381
21265331,0001,1,,02,20141021,20141021,SC,8175
21267282,0001,1,,08,20210730,20141022,PR,7535
21268006,0001,1,ESTUDIO R3,08,20210331,20141022,SP,6705
21268141,0001,1,VIDA ATIVA,08,20160620,20141021,RS,0984
21270936,0001,1,ACADEMIA FORCA TOTAL,04,20210401,20141022,RR,0301
21271288,0001,1,POWER FITNESS,02,20250805,20141022,MA,0897
21275074,0001,1,,08,20170410,20141023,RJ,6009
21276850,0001,1,ACADEMIA MEGA FISICO,08,20170724,20141023,AL,2705
21277293,0001,1,OSHO REBALANCING BRASIL,08,20240630,20141023,BA,3715
21279481,0001,1,TOK DE BOLA,08,20211208,20141023,BA,3849
21286559,0001,1,A N AVALIACAO NUTRICIONAL,08,20170807,20141024,SE,3157
20782543,0001,1,ACADEMIA DE MUAY THAI COSTA TEAM,08,20160229,20140806,SC,8089
21289959,0001,1,,08,20180201,20141024,RS,8791
21290240,0001,1,POP SPORT PERSONAL,08,20171214,20141024,SC,8207
21290979,0001,1,ACADEMIA DE PERSONAL GENESIS,08,20180201,20141024,DF,9701
21142993,0001,1,H2 ACADEMIA,02,20140930,20140930,AL,2785
21182386,0001,1,STUDIO TORRES PILATES,08,20250507,20141007,SP,7107
21293130,0001,1,ASL PRODUTOS,08,20160416,20141026,RJ,6001
21294997,0001,1,ACADEMIA BOA FORMA,04,20210223,20141023,AM,0257
21297534,0001,1,MARINHOS PRIME ACADEMIA,02,20141027,20141027,MG,4703
21297571,0001,1,ACADEMIA WELNESS,04,20240808,20141027,RJ,6001
21303140,0001,1,LT FITNESS,04,20181011,20141028,RJ,6001
21305874,0001,1,KAROL PERSONAL,08,20150730,20141028,RN,1623
21309963,0001,1,YOGASHALA IYENGAR BRASILIA,08,20230405,20141029,DF,9701
21316410,0001,1,UP FITNESS,08,20170316,20141030,SP,6563
21318280,0001,1,,04,20210318,20141030,SC,8105
21318482,0001,1,SAGAZ ACADEMIA,02,20141030,20141030,MT,0121
21324810,0001,1,,02,20141030,20141030,RJ,6001
21327594,0001,1,,08,20171221,20141101,SP,7107
21328089,0001,1,ESPACO NERY PILATES,08,20150319,20141102,SP,7107
21329577,0001,1,,08,20180201,20141103,SP,6489
21330688,0001,1,ACADEMIA ELITE,08,20180201,20141103,TO,9241
21332437,0001,1,DIAMOND FITNESS,04,20260519,20141103,MG,4625
21334382,0001,1,CUCA ACADEMIA,02,20141103,20141103,SP,6291
21334639,0001,1,HANDERSON ITAMI PERSONAL TRAINER,08,20151209,20141103,PR,7691
21337600,0001,1,W.A FITNESS CENTER,08,20230627,20141028,ES,5711
21338689,0001,1,PRO PILATES VIX,08,20180115,20141103,ES,5705
21342427,0001,1,,08,20190905,20141104,MG,4445
21346181,0001,1,TIME FITNESS ACADEMIA,04,20260525,20141104,PE,2597
21346229,0001,1,CORPO ATIVO,08,20190214,20141105,SE,3105
21347565,0001,1,R.S. SPORTS,02,20141105,20141105,SP,7071
21352423,0001,1,TESTE FISICO,08,20200826,20141103,RJ,6001
21355569,0001,1,ESPACO FIT,08,20200824,20141106,RJ,5877
21358519,0001,1,HERICA FALCONE FITNESS,08,20171122,20141106,PB,2051
21362548,0001,1,,02,20141107,20141107,RJ,5877
21363730,0001,1,BUDO CENTRO DE DISCIPLINAS MARCIAIS,08,20180201,20141107,SE,3105
21364661,0001,1,CORE ACADEMIA LTDA,02,20141106,20141106,SC,8233
21367786,0001,1,STUDIO ANA PAULA SOUSA,02,20141110,20141110,GO,9489
21372497,0001,1,VITTA PILATES E OSTEOPATIA,08,20150221,20141110,GO,9373
21372611,0001,1,,04,20210318,20141110,SC,8319
21374184,0001,1,SUPLEMENTOS FITNESS,08,20240718,20141110,BA,3597
21374975,0001,1,MJ ASSESSORIA ESPORTIVA,08,20200430,20141110,RJ,6001
21388876,0001,1,ESCOLA HELBERT SOUZA DE JUDO,08,20200820,20141112,SP,7005
21389772,0001,1,GUSTAVO COSTELLA - PERSONAL TRAINER,08,20200330,20141112,RS,8785
21389982,0001,1,,08,20230802,20141111,RS,8933
21390948,0001,1,ACADEMIA KORPUS,02,20141111,20141111,ES,5647
21391012,0001,1,PERFORMANCE ACADEMIA,02,20260603,20141112,MG,4855
21392158,0001,1,,08,20150420,20141112,SP,6345
21397396,0001,1,ACADEMIA VITORIA,08,20151216,20141113,RN,1651
21406345,0001,1,ACCFJ,04,20190131,20140206,RN,1845
21406468,0001,1,CENTRAL DO CORPO PLAYGROUND,02,20141114,20141114,CE,1389
21409517,0001,1,,02,20141114,20141114,SP,7107
21412803,0001,1,CHICA YOGA,08,20170725,20141115,RJ,6001
21422733,0001,1,SOU PILATES,02,20260525,20141117,MG,4123
21427572,0001,1,IRON GYM BAURU,04,20210203,20141118,SP,6219
21427688,0001,1,ANDRESSA FITNESS,08,20190404,20141118,PR,7493
21428715,0001,1,BLACK FITNESS,04,20210224,20141118,CE,1577
21429044,0001,1,LABORAL FITNESS,04,20231026,20141118,AM,0255
21429670,0001,1,ACADEMIA BODY TIME,02,20220330,20141118,BA,3849
21431896,0001,1,PHYSICAL ACADEMIA,04,20210413,20141119,MG,4855
21439102,0001,1,DIEGO DAVI,08,20180201,20141119,CE,1319
21439593,0001,1,FILIPE BARBOSA PERSONAL TRAINER,08,20180811,20141119,SC,8327
21440853,0001,1,FITNESS BODY COMPANY,08,20160825,20141120,MG,0706
21449283,0001,1,LEILA MOREIRA TOLEDO,08,20210324,20141121,MG,4309
21454295,0001,1,,08,20220328,20141124,SP,7107
21454563,0001,1,STUDIO FEMININA,02,20141124,20141124,MG,4101
21454884,0001,1,,08,20151217,20141124,BA,3313
21462135,0001,1,MIGUEL MUSCULOS,08,20210722,20141125,AM,0255
21462839,0001,1,CENTRO ESPORTIVO JK,04,20210210,20141125,GO,9431
21471189,0001,1,,08,20170210,20141126,MG,4123
21477866,0001,1,HOUSE FIT,08,20170113,20141126,RJ,5869
21482553,0001,1,,08,20210818,20141127,SP,6291
21483564,0001,1,MAHALO FITNESS,04,20260601,20141127,SP,7115
21485512,0001,1,LARS1974 PERSONAL,04,20210311,20141127,RJ,6001
21491547,0001,1,ACADEMIA REVIVA,02,20141128,20141128,SP,6291
21496744,0001,1,QUALIVITAE PERFORMANCES E SAUDE,04,20260525,20141119,DF,9701
21498432,0001,1,STUDIO BEM ESTAR,02,20240815,20141201,MS,9051
21499168,0001,1,ADRENALINA FITNESS,04,20260515,20141201,CE,1369
16992326,0002,2,LIFE ACADEMIA,02,20141201,20141201,CE,1389
21499895,0001,1,ACADEMIA FORMA FIT,04,20260518,20141201,RJ,5897
21500174,0001,1,,08,20221020,20141201,SP,6929
21502217,0001,1,ATITUDE CORPORAL WEBESPORTE COM BR,08,20180103,20141202,BA,3617
21503184,0001,1,"INSPIRE-FISIOTERAPIA, PILATES E REEDUCACAO DO MOVIMENTO",04,20231030,20141126,DF,9701
21505509,0001,1,ACADEMIA SPARTA,04,20181129,20141202,RS,8589
21505727,0001,1,STUDIO PERSONAL MARCOS BORGES,08,20191204,20141202,RS,8667
21508526,0001,1,ACADEMIA AMBIENTE,08,20191107,20141202,PE,2499
21509354,0001,1,MICHAEL FITNESS,08,20170112,20141202,PR,7663
21510223,0001,1,,02,20141203,20141203,SP,7083
21513231,0001,1,MAORI PILATES,08,20161207,20141203,SP,7107
21519341,0001,1,PRO - SAUDE,08,20160211,20141127,PI,1133
21520344,0001,1,ACADEMIA BLACK SEVEN,08,20200728,20141204,SP,7107
21521151,0001,1,ISABELLA VIANA,08,20160114,20141204,RJ,0782
21521305,0001,1,ACADEMIA MEGA FITNESS,08,20150223,20141204,MG,0642
21522600,0001,1,TOP EQUILIBRIO,04,20190115,20141126,RJ,6001
21526465,0001,1,RENE DESLANDES - PREPARADOR FISICO,08,20160902,20141205,ES,5699
21527355,0001,1,ACADEMIA PERFORMANCE IV,04,20240823,20141205,PA,0535
21163081,0001,1,DUKA'S ACADEMIA,02,20140923,20140923,AM,0255
21527995,0001,1,R3 PERSONAL ASSESSORIA,04,20210226,20141205,SP,7107
21530546,0001,1,ACADEMIA BOA FORMA,08,20161201,20141205,CE,1389
21531589,0001,1,JOAO,08,20210617,20141207,SP,6969
21533549,0001,1,ACADEMIA MOVIMENTO FITNESS,08,20150827,20141205,RN,1753
21534561,0001,1,,08,20230203,20141208,RJ,6001
21536481,0001,1,CENTRO DE DESENVOLVIMENTO DO ESPORTE,04,20210408,20141208,SP,7071
21544420,0001,1,THIAGO ARIAS STUDIO,02,20141210,20141210,SP,7071
21549230,0001,1,,08,20210414,20141211,SP,7097
21552966,0001,1,,08,20150303,20141211,SP,6137
21556370,0001,1,MASTER ACADEMIA,08,20190910,20141212,MG,4123
21560539,0001,1,ACADEMIA OMNI FITNESS,08,20161121,20141211,SC,8179
21560641,0001,1,RW PERSONAL,08,20170516,20141212,SC,8047
21561911,0001,1,CIRCUITO NA AREIA,08,20180201,20141213,RJ,5865
21565240,0001,1,DIAS FITNESS,04,20210212,20141215,GO,9373
21568259,0001,1,ACADEMIA HAMMER FIT JF,08,20181023,20141215,MG,4733
16661246,0001,1,,08,20141024,20120808,RJ,6001
21581230,0001,1,,02,20141217,20141217,SP,7057
21586205,0001,1,SARAH CONDICIONAMENTO,04,20210223,20141218,AM,0255
21591035,0001,1,KEOPS ACADEMIA,08,20161128,20141219,RS,8645
21591286,0001,1,CENTRO DE TREINAMENTO LBBJJ,04,20260525,20141219,AM,0255
21594798,0001,1,ACADEMIA SANDRO MORAES,04,20210426,20141221,AL,2785
21595499,0001,1,ALTERE SUL ACADEMIA,02,20210714,20141219,CE,1389
21600765,0001,1,ACADEMIA STILO DO CORPO,02,20141219,20141219,MA,0841
21601823,0001,1,BEM STAR FITNESS,08,20180201,20141223,SP,7107
21602796,0001,1,STUDIO METAFORMA- TREINAMENTO FUNCIONAL,08,20160111,20141223,SP,6593
21604098,0001,1,ACADEMIA KOREN,02,20141223,20141223,RS,8801
21605048,0001,1,TAILANE DORETTO DELICIO,08,20150729,20141224,SP,6249
21605547,0001,1,,02,20141223,20141223,MG,5403
21605590,0001,1,ACADEMIA FORCA TOTAL,08,20250505,20141226,PE,2513
21615890,0001,1,ANGEL & DRAGON SERVICOS PERSONALIZADOS,04,20210324,20150105,SP,6689
21580251,0001,1,STUDIO EQUILIBRIO,08,20181204,20141217,PR,7673
21618479,0001,1,SALA PILATES ALESSANDRA ALVES,08,20170217,20150105,SP,7077
21623043,0001,1,,02,20150105,20150105,RJ,5865
21624982,0001,1,,02,20150106,20150106,SP,7107
21626442,0001,1,F&L GINASTICA LABORAL,02,20150106,20150106,PR,7427
21627552,0001,1,GODOY,08,20150127,20150106,SP,7019
21634884,0001,1,ITA FITNESS,08,20161027,20150107,SP,3055
21636150,0001,1,ACADEMIA BODY TRAINNING,08,20210122,20150107,GO,9625
21641518,0001,1,TEAM PATRICIA DE PAULA,08,20171221,20150108,SP,6713
21642262,0001,1,,08,20220520,20150108,SP,6411
21643996,0001,1,,04,20180925,20150108,RJ,5833
21646189,0001,1,TRINDADE GESTAO EM ATIVIDADES FISICAS,08,20171114,20150108,MG,4123
21647965,0001,1,R.NERES,08,20150207,20150109,SP,7107
21649992,0001,1,,08,20250610,20150109,PE,2491
21652294,0001,1,,04,20240819,20150109,MG,4751
21653641,0001,1,JBO,08,20170111,20150110,PR,7691
21655074,0001,1,GIBA,08,20170928,20150111,SP,7107
21655470,0001,1,ACADEMIA GARRA,08,20181219,20150111,PB,2139
21657619,0001,1,STUDIO DO MOVIMENTO,08,20190218,20150112,MG,4771
21657988,0001,1,,04,20220208,20150112,PR,7535
21660534,0001,1,QUALITY - ACADEMIA FEMININA,08,20171229,20150112,RS,8955
21665177,0001,1,GYM PRIME,04,20210423,20150105,RN,1761
21667620,0001,1,,08,20180201,20150113,MG,5117
21668566,0001,1,,08,20171204,20150113,PR,7667
21673268,0001,1,ATUAL STUDIO PILATES,08,20160708,20150114,GO,9221
21673564,0001,1,CORPORALLE PILATES,08,20201106,20150114,MG,4957
21673805,0001,1,JAGUAR MARKETING DIGITAL,04,20220128,20150114,MT,9907
21679589,0001,1,TS ASSESSORIA ESPORTIVA,08,20150608,20150114,SP,6311
21681178,0001,1,DR ATIVIDADE,02,20150115,20150115,PR,7493
21681361,0001,1,ATIVE GESTAO ESPORTIVA,08,20190321,20141217,PR,7535
21113026,0001,1,,08,20240418,20140925,SP,6915
21511558,0001,1,STUDIO BODYFIT,02,20141202,20141202,AM,0255
21684718,0001,1,CENTRO DE TREINAMENTO IMPACTO,02,20260610,20150115,SP,6681
21691511,0001,1,,08,20160205,20150116,RJ,5813
21697751,0001,1,STUDIO A - PILATES CLASSICOS,08,20170914,20150117,RJ,5897
21701858,0001,1,,08,20171226,20150119,PR,7691
21706611,0001,1,,08,20190503,20150120,SP,6639
21714430,0001,1,LINDSEY NAKASATO,08,20180130,20150120,SP,7107
21718542,0001,1,,08,20180201,20150121,MG,4123
21719923,0001,1,,08,20201022,20150120,SC,8105
21725785,0001,1,ESTUDIO DE TREINAMENTO PERSONALIZADO,08,20180123,20150122,SC,8215
21728617,0001,1,C.A.F.,08,20170310,20150122,PR,7425
21734558,0001,1,VIA SPORT ACADEMIA,04,20240826,20150123,SP,7149
18409504,0002,2,CHANGE SPORTS - UNIDADE JARDIM,08,20171010,20150123,SP,6229
21739330,0001,1,,08,20150909,20150123,RO,0005
21739887,0001,1,,08,20160508,20150123,PB,2051
21740960,0001,1,,02,20260607,20150124,SP,7107
21744298,0001,1,,08,20180201,20150126,PR,7535
21745394,0001,1,STUDIO DE PILATES ALONGAMENTO E DANCA,08,20220609,20150126,CE,1389
21746694,0001,1,BODY COACH,02,20150122,20150122,RJ,6001
21746708,0001,1,STUDIO DE TREINAMENTO ALISSON LIMA,08,20191129,20150126,BA,3515
21748193,0001,1,VIDA LIVRE QUALIDADE DE VIDA E SAUDE,08,20210217,20150126,SP,6897
21749590,0001,1,SOUZA PERSONAL TRAINER,08,20180201,20150126,PA,0427
21752964,0001,1,,08,20180809,20150127,SP,6133
17312285,0002,2,ACADEMIA VIP FITNESS,02,20150126,20150126,RN,1759
21760249,0001,1,DELLAS E BELLAS FITNESS,08,20160323,20150121,RJ,5865
21766500,0001,1,,08,20211223,20150128,RS,8801
21766785,0001,1,,08,20180829,20150121,RJ,5901
20795234,0001,1,,02,20140715,20140715,CE,1559
21767806,0001,1,ESTUDIO PILATES CORPO & MENTE,04,20240814,20150128,AL,2785
21768188,0001,1,GDILSON PERSONAL TRAINER,04,20220128,20150128,GO,9373
21770203,0001,1,LIGA AMAZONENSE DE FUTSAL E FUT 7,02,20150128,20150128,AM,0255
21773113,0001,1,ACADEMIA HS TEAM,08,20260326,20150129,ES,5705
21776800,0001,1,STUDIO JESSICA MIRANDA FISITOTERAPIA E PILATES,04,20260519,20150129,MG,4123
21778370,0001,1,CESPERSONAL55,04,20210413,20150129,SP,7097
21783192,0001,1,ESTUDIO DE DANCA JESICA CARINE VESENER,08,20180419,20150130,SC,8347
21035115,0004,2,SMARTFIT,08,20250101,20150130,MG,4123
21230003,0001,1,USINA DO CORPO,08,20211201,20141014,RS,8589
21789401,0001,1,ATIVISAUDE,08,20250129,20150131,RJ,5847
21795641,0001,1,M6SPORT,08,20180706,20150202,SP,6291
21797860,0001,1,ACADEMIA SUPERACAO 100 FEMININA,08,20200107,20150202,SP,7181
21803080,0001,1,STUDIO RAGADALI,02,20150203,20150203,RO,0029
21807040,0001,1,STUDIO PILATES,08,20160902,20150203,PR,7695
21808677,0001,1,CAROLINE DI PAOLO RODRIGUES OTTAVIANO,04,20260601,20150203,SP,7107
21808799,0001,1,UNIVOS BJJ,04,20210311,20150203,RJ,6001
21812423,0001,1,ESPACO ARENA,08,20180327,20150204,SE,3169
21812950,0001,1,FADAS DO AR,04,20220208,20150204,RJ,5833
21815432,0001,1,PERSONAL DOUGLAS,04,20210225,20150204,RS,8685
21815829,0001,1,,08,20171227,20150204,SP,6291
21818292,0001,1,OLIVEIRA E SOUZA,08,20161005,20150204,GO,9373
21818465,0001,1,PERSONAL DENISE SILVEIRA,04,20210225,20150204,RS,8531
21819454,0001,1,,04,20210225,20150205,RS,8791
21821158,0001,1,CHRISTOFER BURIGO,02,20150205,20150205,PR,7535
21822217,0001,1,ACADEMIA MP,02,20150113,20150113,RS,8791
21827558,0001,1,,08,20150504,20150206,MG,4123
21831910,0001,1,TOP FITNESS ACADEMIA,08,20170511,20150206,RJ,5807
21836271,0001,1,PERFECT FITNESS,02,20150207,20150207,SP,7057
21837482,0001,1,L.A ASSESSORIA,08,20160615,20150208,SP,6969
21842861,0001,1,ACADEMIA CLUB FITNESS,02,20260414,20150209,AM,0255
21842981,0001,1,,02,20150209,20150209,RS,8801
21847019,0001,1,BORGES - PERFORMANCE E QUALIDADE DE VIDA,08,20180722,20150209,RS,8841
21848276,0001,1,ACADEMIA ESPACO FITNESS,04,20181121,20150209,SE,3195
21849573,0001,1,STUDIO ZAP FITNESS,04,20181123,20150209,PR,7935
21851406,0001,1,,04,20210331,20150210,MG,4289
21852027,0001,1,LU'S STUDIO,08,20150513,20150210,SP,7107
21854602,0001,1,MFIT,08,20180222,20150210,MG,4445
21855079,0001,1,,08,20220331,20150210,MS,9051
21855237,0001,1,ACADEMIA IMPACTO,02,20150210,20150210,SP,6361
21859476,0001,1,MS ESPORTES,08,20201005,20150211,BA,3849
21859842,0001,1,NG2 FITNESS,08,20230317,20150211,AL,2785
10496932,0024,2,,08,20150417,20150211,RJ,1116
21861312,0001,1,R DYNAMITZE,04,20210224,20150211,CE,1389
21862285,0001,1,,08,20190117,20150211,SP,3053
21862652,0001,1,,08,20210129,20150211,SP,6969
21864724,0001,1,LF TRAINING,08,20170210,20150211,RJ,6001
21867394,0001,1,MB FIT,02,20150212,20150212,PA,0427
21867984,0001,1,BARBOZA NORDESTE,04,20210422,20150210,BA,3945
21872538,0001,1,EGUS PILATES,02,20150212,20150212,BA,3993
21872789,0001,1,ACADEMIA APOLO WELLNESS,08,20210213,20150212,PR,7779
21872895,0001,1,PRYSCILA KAROLINE COSTA DE ALMEIDA,08,20150311,20150212,SP,7107
21873713,0001,1,,08,20190214,20150212,SC,8105
21874212,0001,1,H.C.S.O - CONDICIONAMENTO FISICO E ARTIGO ESPORTIVOS,04,20210406,20150212,SP,6181
21875648,0001,1,PERSONALEDUC.,08,20150810,20150213,RS,8839
21875659,0001,1,,04,20220208,20150213,SP,6969
21876007,0001,1,,08,20180528,20150213,SP,6619
21877167,0001,1,AQUA ESPORTE ACADEMIA,08,20190109,20150213,PB,1981
21880486,0001,1,ADRIANO PERSONAL,04,20210330,20150213,MG,4917
21881616,0001,1,RAFAEL FERNANDO ASSESSORIA ESPORTIVA,08,20161224,20150213,DF,9701
21883074,0001,1,STUDIO CAROL LEAL,08,20160228,20150215,SP,6619
21344374,0001,1,STUDIO BIOFIT,08,20241210,20141105,MG,4939
21797496,0001,1,SQUALY,02,20150202,20150202,PB,2033
17198355,0001,1,ACADEMIA BRAVUS FITNESS,02,20121119,20121119,GO,1066
21890126,0001,1,STUDIO HARMONIZE PILATES,08,20250718,20150218,SP,7107
21891755,0001,1,SPA RELANCER FITNESS,08,20151113,20150219,GO,9373
19560227,0001,1,AEROFITNEES ACADEMIA,08,20150114,20140121,GO,9459
09538716,0002,2,CENTRO DE ATIVIDADES FISICAS CA2 - FILIAL,08,20230815,20150218,SC,8207
21895718,0001,1,,08,20180201,20150219,MG,4123
21900326,0001,1,,02,20150213,20150213,SP,7107
21900716,0001,1,ROMULO ESPORTES,04,20210331,20150220,MG,5371
21901511,0001,1,TIA LUCIENE,08,20151216,20150220,MS,9103
21906002,0001,1,ALEX,08,20160521,20150220,SP,6357
21913871,0001,1,ROSELI DE OLIVEIRA FIGUEIREDO,04,20220208,20150223,RJ,5879
21913935,0001,1,,08,20160125,20150223,PE,2521
21917086,0001,1,CT VILA VALQUEIRE,02,20150220,20150220,RJ,6001
21918310,0001,1,TOP FITNESS,02,20150223,20150223,BA,3655
21918374,0001,1,,04,20220607,20150224,PE,2293
21918714,0001,1,,08,20160719,20150224,PR,7591
21918850,0001,1,FERNANDO SILVA,04,20210419,20150224,SP,6715
21919320,0001,1,,08,20260525,20150223,SP,7107
21919900,0001,1,SUMMER LINE ACADEMIA,08,20230824,20150224,SP,7107
21921054,0001,1,,04,20210317,20150224,PR,7691
21922295,0001,1,JOEL ROCHA,04,20210316,20150224,RJ,5865
21930352,0001,1,ACADEMIA SHALOM,08,20200914,20150224,AP,0605
21931725,0001,1,ANTONIO FELIX CARDOSO FILHO -TREINAMENTO PERSONALIZADO,04,20210317,20150225,PR,7691
21934516,0001,1,,08,20180118,20150225,PR,7691
21546341,0001,1,MAX CORPUS,08,20190315,20141210,SP,6323
21937128,0001,1,CURVES ACADEMIA DA MULHER,08,20190128,20150224,DF,9701
09113136,0003,2,TROPS - CENTRO DE ESPORTES E LAZER LTDA -ME,02,20150206,20150206,RJ,5865
21943420,0001,1,JEANE FERREIRA,08,20151015,20150226,SC,8045
21949595,0001,1,RUNNING CLASS FUNCIONAL,08,20171011,20150227,RJ,6001
21951527,0001,1,ACADEMIA MENDES,04,20180904,20150226,DF,9701
21952520,0001,1,STUDIO L. MACEDO,04,20210426,20150227,BA,3515
21953303,0001,1,VERONICA ED FISICA,04,20210309,20150227,PR,7667
21953610,0001,1,THIAGO PRIM TREINADOR,04,20210323,20150227,SC,8117
21955764,0001,1,JORGINHO TELES,04,20210407,20150301,BA,3685
21960652,0001,1,,08,20151002,20150302,RS,8791
21970534,0001,1,,08,20150727,20150303,SP,6719
21971107,0001,1,,02,20150223,20150223,PR,7535
21975935,0001,1,GKSTUDIOPERSONAL,08,20180226,20150304,RS,8599
21976686,0001,1,COLISEU SOCCER PEDREIRA,04,20240813,20150304,PA,0427
21977180,0001,1,CORPORE SANO TRAINING,08,20180202,20150304,SC,8363
21978714,0001,1,,08,20160719,20150220,CE,1559
21983997,0001,1,UP! ACADEMIA,08,20190312,20150303,DF,9701
21984482,0001,1,UNITY PERSONAL TRAINERS,08,20210629,20150305,PE,2531
21986775,0001,1,GRUPOSOLO WEBFIT COM BR,08,20150313,20150305,SP,6769
21990059,0001,1,MAX FITNESS ACADEMIA,02,20150305,20150305,PB,2129
21990824,0001,1,RENOVE PILATES E BEM-ESTAR,08,20170711,20150305,RS,8869
21990966,0001,1,ACADEMIA THETEU FAGUNDES ATF,02,20150304,20150304,RS,8525
21991164,0001,1,,08,20160502,20150305,RJ,6001
21992240,0001,1,FAMILIA DM,08,20251002,20150306,RJ,6001
21993362,0001,1,PILATES E TERAPIAS INTEGRADAS,02,20150306,20150306,SP,6645
21993503,0001,1,CROSS BOX 01,08,20160720,20150306,MG,5155
21995936,0001,1,FAN FITNESS,08,20170714,20150306,RN,1643
21999067,0001,1,ACADEMIA MUSCLE FIT,08,20190603,20150306,SP,6547
21999955,0001,1,SAUDE NA SELVA DE PEDRAS,08,20151012,20150306,SP,7107
22001396,0001,1,ACADEMIA VINICIUS FRANKLIN,08,20250915,20150307,MG,4123
22003054,0001,1,ITC VERTEBRAL BAURU,08,20160204,20150309,SP,6219
22008975,0001,1,CROSSFIT SAO JOAO DEL REI,04,20220609,20150309,MG,5249
22009512,0001,1,N1 NATACAO ILIMITADA,02,20150309,20150309,SP,6969
22012650,0001,1,JCPERICO,04,20220209,20150309,SP,7107
22015274,0001,1,PILATES STUDIOFIT,08,20160329,20150310,MG,4123
22015603,0001,1,ACADEMIA MG FITNESS,02,20150310,20150310,SP,6467
22016423,0001,1,MAURINHO PERSONAL TRAINER & RUN,02,20220321,20150310,SP,7107
22017378,0001,1,,08,20160310,20150309,RS,8785
03603595,0059,2,SESC BRUSQUE - ACADEMIA,08,20200528,20150225,SC,8055
22019173,0001,1,ACADEMIA BIG BLACK GYM,04,20210407,20150310,BA,3849
22019492,0001,1,STUDIO T PILATES,02,20150310,20150310,RJ,5865
22024399,0001,1,MEXA O CORPO,08,20250227,20150311,PB,2051
22024540,0001,1,GELKANSPORT,04,20220125,20150311,BA,3921
22027943,0001,1,EXTREME ACADEMIA,08,20210427,20150311,PR,7535
22028611,0001,1,RHS CENTRO DE LUTAS,04,20231108,20150311,PR,7755
22031670,0001,1,INCORPORE,08,20180926,20150311,ES,5699
20810181,0002,2,ACADEMIA BIOFITNESS,08,20150312,20140818,PE,2521
22033417,0001,1,,08,20160331,20150310,RS,8599
22034611,0001,1,CROSS ONE TREINAMENTO FUNCIONAL,08,20250624,20150312,PR,7935
22036334,0001,1,,02,20150312,20150312,PR,7535
15332220,0002,2,NOVO ESTILO,08,20170809,20150312,SC,8105
22038369,0001,1,ACADEMIA DE MUSCULACAO BOA FORMA,02,20150312,20150312,MG,4089
22038861,0001,1,ACADEMIA TCHOUK,08,20180227,20150312,PR,7751
20621990,0001,1,LRT ASSESSORIA ESPORTIVA,02,20250910,20140711,RJ,2909
22044830,0001,1,STUDIO PILATES REJANE CARVALHO,02,20220617,20150313,AM,0255
22044909,0001,1,,08,20160514,20150313,RJ,6001
22045251,0001,1,NITRO FITNESS,02,20150313,20150313,GO,9325
22046921,0001,1,MANU STUDIO DE PILATES E DANCA,08,20180329,20150313,PR,7887
22048176,0001,1,REVIVION FITNESS,08,20230404,20150313,AL,2889
22048937,0001,1,CIA DA MALHACAO,02,20150313,20150313,RS,7375
22050345,0001,1,ACADEMIA ALCATRAZ,04,20220124,20150314,RN,1761
22050481,0001,1,WORK FOR LIFE,08,20160512,20150315,PR,7629
22050836,0001,1,MGC SPORTS,04,20231109,20150315,RJ,1116
22053480,0001,1,ALMENDRA ACESSORIA ESPORTIVA,04,20240822,20150316,SP,6181
22053634,0001,1,CHAMPIONS OF LIFE,02,20150316,20150316,PR,7513
20612415,0001,1,ACADEMIA-INSIDE,08,20150316,20140710,SP,6893
20638884,0001,1,PS SUPLEMENTOS E ARTIGOS ESPORTIVOS,04,20210209,20140715,ES,5705
22066006,0001,1,FORMA FIT ACADEMIA,08,20230712,20150316,RN,1761
22066466,0001,1,STUDIO VIDA PILATES,08,20180315,20150317,ES,5631
22067701,0001,1,WAGNER RICARDO X.DE OLIVEIRA,04,20220209,20150317,SP,6713
22068550,0001,1,ELITE FITNESS,08,20200618,20150317,MG,4371
22069071,0001,1,EQUIPE PAULO BRAZ,04,20231109,20150317,RJ,5901
22070176,0001,1,STUDIO PRIME FITNESS,02,20150317,20150317,PR,7657
22071870,0001,1,LEYFORM STUDIO FITNESS,02,20200702,20150317,PA,0447
22072401,0001,1,CORPUS ACADEMIA,08,20190920,20150318,MS,9073
22075077,0001,1,CORPO FORTE,02,20150317,20150317,AC,0107
22077712,0001,1,,08,20161201,20150318,PR,7535
22078446,0001,1,REPUBLICA FITNESS,08,20180402,20150318,GO,9289
22079029,0001,1,,04,20210419,20150318,MG,4733
22079221,0001,1,ACADEMIA BJ FITNESS,02,20150318,20150318,CE,1389
22079532,0001,1,BROTHERS FITNESS ACADEMIA,08,20170529,20150318,SP,6361
22080975,0001,1,ESPACO SAUDE,08,20170104,20150319,PE,2627
22087335,0001,1,LIONS BOXE,08,20171218,20150319,SC,8179
22091582,0001,1,VINICIUS SILVA,02,20210524,20150320,SP,6113
22092846,0001,1,ACADEMIA MPGYM,02,20150320,20150320,MT,9069
22098261,0001,1,BVV,08,20161118,20150321,RS,8511
22100772,0001,1,,08,20160729,20150323,SP,6713
07008506,0002,2,,08,20161213,20150319,PR,7687
22102569,0001,1,FC ACADEMIA,02,20150323,20150323,MT,9067
22102709,0001,1,XIMENES,08,20160609,20150323,PE,2531
22103974,0001,1,GO PILATES,02,20240918,20150323,RJ,6001
22106184,0001,1,,08,20180312,20150324,PR,7493
22106408,0001,1,ACADEMIA ATYVO FITINNES,04,20210226,20150323,SP,7107
22110350,0001,1,ALLAN OLIVEIRA LOPES,08,20180202,20150324,SP,7075
22111252,0001,1,RAPHAEL CAPOEIRA,08,20220111,20150324,SP,6181
22111501,0001,1,COLOMINA,08,20170612,20150324,SP,6181
22113680,0001,1,,08,20180119,20150324,SC,8357
22115351,0001,1,,08,20180529,20150324,RJ,6001
22118735,0001,1,ESC DE FUTEBOL JOAO PEDRO DA SILVA NEGUINHO DO MARANHAO,04,20220208,20150325,SP,6291
22119783,0001,1,MULTSPORT,08,20180216,20150325,RN,1761
22120105,0001,1,ACADEMIA X FOUR FITNESS LTDA,08,20201022,20150324,SP,7107
22121579,0001,1,EQUIPE DAJJ,02,20150325,20150325,RJ,5867
22122737,0001,1,,08,20190123,20150325,SP,6181
22123305,0001,1,MEDRI.PERSONAL,08,20180123,20150325,SP,7033
22124240,0001,1,GSM SPORTS,02,20150325,20150325,SC,8047
22124295,0001,1,STUDIO FUNCIONAL JG JULIANA GOMES,08,20220110,20150325,RJ,5865
22124456,0001,1,ASSESSORIA ESPORTIVA MATEUS SCHNEIDER,08,20190102,20150325,RS,8729
11135814,0035,2,SMARTFIT,08,20190708,20150310,RJ,5901
22132309,0001,1,,08,20180427,20150326,SP,6713
22139120,0001,1,ACADEMIA JUMP,08,20191217,20150326,AP,0605
22140895,0001,1,ASSESSORIA E CONSULTORIA ESPORTIVA LEONARDO ATLETISMO,04,20240808,20150327,RJ,6001
22141408,0001,1,THE ONE ACADEMIA,02,20150327,20150327,SC,8165
22145513,0001,1,ACADEMIA OVERALL FITNISS,04,20210401,20150326,MT,9067
22147964,0001,1,MP FUNCIONAL,08,20180403,20150329,SP,6979
22150966,0001,1,ANINHA MORAES - PERSONAL TRAINER,08,20170818,20150330,MS,9051
22151839,0001,1,LEILANE LIMA,08,20150407,20150330,SP,6291
22151850,0001,1,,08,20160108,20150330,BA,3849
22154156,0001,1,ALEGRIA E ENERGIA!!!,02,20150330,20150330,SP,7183
22158615,0001,1,CHICOTT TENIS DE MESA,04,20210406,20150331,SP,6979
22159375,0001,1,CF MERAKI,08,20260225,20150331,SP,7183
22160684,0001,1,,02,20251212,20150331,SP,6985
22161853,0001,1,,08,20200117,20150331,GO,9373
22167110,0001,1,ZIMMERMANN TREINAMENTO FISICO,02,20260407,20150331,SP,7211
22171039,0001,1,TEAM SORRISO,08,20210209,20150401,PR,7493
22171776,0001,1,ACADEMIA PERFECT,04,20190118,20150401,MG,5371
22172294,0001,1,,08,20230823,20150401,SP,6671
22172674,0001,1,FB ASSESSORIA ESPORTIVA,08,20151221,20150401,RS,8801
22173288,0001,1,POWER GYM ACADEMIA,08,20170418,20150401,PB,1981
22173664,0001,1,,08,20210115,20150401,RJ,6001
22175796,0001,1,AMANDA FUNCIONAL FITNESS,08,20170322,20150401,MG,4067
22181878,0001,1,MARIANA MANFROI PILATES,08,20200218,20150402,SC,8105
22182863,0001,1,VIDATIVA,08,20181218,20150402,RS,9821
22189409,0001,1,,02,20260411,20150406,RJ,5865
22192456,0001,1,,08,20151203,20150406,RS,8729
22193111,0001,1,,08,20150407,20150406,SP,6467
22194995,0001,1,MR MARIA REGINA CENTRO DE SAUDE E MOVIMENTO,02,20150406,20150406,GO,9563
22199227,0001,1,,04,20210419,20150407,SP,6361
22200118,0001,1,T S T FITNESS,08,20150910,20150327,RJ,5897
22201734,0001,1,VIDA ATIVA,04,20210303,20150407,CE,1583
22203627,0001,1,OLYMPUS CLUBE,04,20220117,20150407,PE,2531
22207793,0001,1,PASSOS TRINAMENTO ESPORTIVO,08,20171204,20150408,SP,6643
22209014,0001,1,,02,20220108,20150408,SP,6619
11476178,0002,2,ACADEMIA IZA FORMA,08,20180626,20150408,PE,2531
22210762,0001,1,GRASIELLE P MAGALHAES,08,20180225,20150408,MG,4123
22210854,0001,1,,04,20210210,20150408,DF,9701
22214260,0001,1,,08,20170807,20150408,RJ,6001
22216190,0001,1,POP FITNESS,04,20210330,20150409,MG,5091
22216893,0001,1,GOODLIFE ESTUDIO DE MUSCULACAO,08,20191104,20150408,PA,0427
22222042,0001,1,TAMIRES CORTAT - SAUDE PARA COLUNA,08,20241226,20150409,MT,9067
21035115,0006,2,SMARTFIT,08,20250101,20150410,MG,4123
22231519,0001,1,RR FITNESS,04,20220608,20150411,DF,9701
22232254,0001,1,SECULO FITNESS,08,20160308,20150412,PR,7535
22232303,0001,1,FOCO,08,20260527,20150412,SP,7107
22232378,0001,1,,08,20160502,20150412,RJ,6001
22232426,0001,1,,04,20220610,20150412,RJ,6001
22234182,0001,1,ACADEMIA PROFITNESS,04,20260520,20150413,GO,9433
22236402,0001,1,CALESCO FITNESS,08,20210119,20150413,SP,7107
22237791,0001,1,CORPO E ARTE ACADEMIA,08,20160309,20150413,GO,9289
00318069,0011,2,BIORITMO.,08,20211118,20150413,SP,7107
22239317,0001,1,BARBARA THON,08,20180222,20150413,SC,8105
22163375,0001,1,,04,20220609,20150331,PR,7691
22243183,0001,1,DM FITNESS ASSESSORIA ESPORTIVA,08,20180617,20150414,RJ,6001
22252244,0001,1,LONG LIFE ACADEMIA,08,20180130,20150414,PR,7875
22253202,0001,1,,08,20181219,20150415,SP,6131
22253786,0001,1,,08,20241122,20150415,PA,0447
22256139,0001,1,ACADEMIA WR,04,20220208,20150415,PR,7743
22258197,0001,1,,02,20150410,20150410,SC,8179
22259353,0001,1,,08,20170912,20150415,PR,7535
22260958,0001,1,INTENSE,08,20160914,20150415,MG,5249
22261182,0001,1,,08,20151218,20150415,MG,4733
22263926,0001,1,DL FITNESS,04,20210415,20150415,SP,7145
22264511,0001,1,PERSONAL,08,20181025,20150416,MA,0921
22270251,0001,1,B FITNESS CLUB,02,20150416,20150416,CE,1389
22271385,0001,1,WELLINGTON SOARES,08,20190106,20150416,SC,8161
22273657,0001,1,FISIOC,08,20150701,20150416,SP,6449
22276325,0001,1,X-TIME,08,20181105,20150416,SP,6639
22278168,0001,1,PILATES FOR LIFE,08,20210329,20150417,RJ,6001
22280981,0001,1,EQUIPE BLACK AND WHITE,08,20180206,20150417,RJ,6001
22281316,0001,1,MAIS PERFORM,02,20150417,20150417,MG,5373
22286601,0001,1,ESCOLINHA ESPORTIVA PROFESSOR JOAO BECKER,04,20210304,20150418,RS,8861
22286909,0001,1,ALINE PERSONAL,08,20150812,20150419,SP,7079
14079410,0002,2,RITMUS ACADEMIA,02,20150420,20150420,RN,1759
17092998,0001,1,IURIY PERSONAL TRAINER,08,20180201,20121031,RJ,6001
22291989,0001,1,BODY TURNING,04,20210226,20150420,SP,7107
20559756,0001,1,,08,20210428,20140704,RJ,6001
22294792,0001,1,,04,20210408,20150421,RJ,2917
22294926,0001,1,,08,20170313,20150421,RJ,5867
22294963,0001,1,,08,20161130,20150422,RJ,0776
22295214,0001,1,COMPLEXO VIDATIVA,02,20150422,20150422,RN,1747
22295664,0001,1,DEVA,04,20210419,20150422,SP,6713
22297887,0001,1,ISRAEL GUEDES ACADEMIA,08,20260522,20150422,PB,2003
22300841,0001,1,MOVEE ACADEMIA,04,20181120,20150422,MS,9051
22303681,0001,1,MARIA DIENE NATALICIO DA SILVA,04,20210324,20150422,SP,6689
22304742,0001,1,GISELE SILVA,08,20150929,20150422,SP,6717
22304945,0001,1,THALES BODYBUILDER,04,20210317,20150422,PR,7535
22310294,0001,1,CLINICA DE SAUDE LEBEN,08,20220722,20150422,RS,8899
22313053,0001,1,JESSICA CAZON,08,20180207,20150423,PR,7505
22314099,0001,1,SPARTAN BRAZILIAN JIU JITSU,08,20160319,20150423,MG,4157
22314244,0001,1,DOS ANJOS,04,20210407,20150423,BA,3685
22314318,0001,1,ALEXANDRE OLIVEIRA - WELLNESS,04,20210409,20150424,PE,2531
22314867,0001,1,STUDIO LA POSTURA PILATES,08,20161227,20150424,SP,7107
22318758,0001,1,COACHING HOUSE ASSESSORIA ESPORTIVA,08,20151130,20150424,BA,3849
22319771,0001,1,RODRIGO PERSONAL,08,20180131,20150424,MG,5403
22321682,0001,1,DUDA JUMP,04,20210426,20150424,PB,1917
22328668,0001,1,ACQUA FISIO,08,20190828,20150427,SP,6715
22329546,0001,1,CRONOS FITNESS,02,20150422,20150422,RJ,5807
22332447,0001,1,ESTUDIO DE PILATES JULIANA GONCALVES,08,20230524,20150427,RJ,5833
21998868,0002,2,PRO VIDA,02,20150427,20150427,PR,7889
22335796,0001,1,XPORTS,08,20210727,20150428,MG,4445
22336726,0001,1,TIAGO BARBOZA PERSONAL,08,20171219,20150428,MG,5049
22338284,0001,1,,08,20181108,20150428,PA,0427
22340511,0001,1,,08,20150812,20150428,SP,6249
22342243,0001,1,MIUDINHO ACADEMIA,08,20220215,20150428,RS,8801
22343368,0001,1,FABIO XAVIER TREINAMENTO E CONSULTORIA EM FITNESS,04,20210311,20150428,RJ,6001
22351935,0001,1,WILSON PERSONAL TRAINER,08,20161230,20150429,PR,7905
22353085,0001,1,AQUAFORM,04,20210409,20150429,PE,2531
22354465,0001,1,AMARAL FITNESS,08,20210304,20150430,GO,9227
22356615,0001,1,KAZM QUALIDADE DE VIDA,02,20150430,20150430,SP,7017
22360056,0001,1,,08,20190401,20150430,BA,3661
22362212,0001,1,KS FIT,02,20240305,20150501,PE,2627
22362277,0001,1,ACADEMIA K-1,08,20220905,20150501,TO,9525
22365718,0001,1,SUPERA ACADEMIA,02,20150504,20150504,MG,4445
22365876,0001,1,,08,20171220,20150504,SP,6637
22377708,0001,1,METROPOLITAN RUNNING CLUB,02,20260306,20150505,PR,7691
22378268,0001,1,,08,20180222,20150505,MG,4637
22379810,0001,1,ESPACO FITNESS,08,20171010,20150505,ES,5729
11664250,0002,2,FORCA MAXIMA,08,20150227,20140311,SP,7065
22384750,0001,1,NATACAO NO MAR SANTOS,08,20230529,20150505,SP,7071
22301199,0001,1,,08,20210928,20150422,SP,7107
22387080,0001,1,SPORT CENTER,02,20150505,20150505,GO,9233
22387250,0001,1,BIO-CENTER,08,20180423,20150506,PB,1937
22394090,0001,1,CASAFIT - HB CERQUILHO,08,20170204,20150506,SP,6331
22396653,0001,1,ALCANCE PILATES E MOVIMENTO,08,20190807,20150507,PB,2051
22396715,0001,1,TREINO DO RICO,08,20170714,20150507,SP,6875
22396726,0001,1,,08,20210223,20150506,RJ,6001
22396818,0001,1,F&C STUDIO DE PERSONAL TRAINER,02,20150507,20150507,SC,8039
22398161,0001,1,TOTAL FIT,02,20150507,20150507,RS,8871
22399861,0001,1,SMART FITNESS,08,20210608,20150507,PR,7777
22400013,0001,1,MORRUGA,04,20210323,20150507,RS,9821
22400268,0001,1,ACADEMIA ALTERNATIVA FITNESS,02,20240213,20150507,AP,0601
22391830,0001,1,ACADEMIA RICHARD SOUZA,03,20260424,20150506,MA,0959
22402863,0001,1,VALE ASSESSORIA ESPORTIVA,08,20151113,20150507,RJ,6001
22407700,0001,1,CROSS-FITNESS,08,20171127,20150508,SP,6757
22408717,0001,1,STUDIO FUNCIONAL FITNESS,08,20160215,20150508,SC,8333
22408776,0001,1,FUJI SPORTS,08,20221007,20150508,SP,6507
22415886,0001,1,MARTINS DIAS,08,20150617,20150511,SP,6477
22416136,0001,1,MEE FITNESS,08,20180613,20150511,AL,2887
22421654,0001,1,,08,20231117,20150511,RJ,6001
14885087,0001,1,,08,20180201,20120116,PI,1157
22426527,0001,1,STRONG FIT,08,20220308,20150512,SP,7107
22427615,0001,1,,08,20170111,20150512,AC,0139
22428610,0001,1,DESTRESS MASSAGE,02,20150512,20150512,SP,6689
22432015,0001,1,STUDIO PILATES CAROLINE GOIS,08,20180318,20150512,PE,2531
22432245,0001,1,EQUIPE D'ELLAS ASSESSORIA ESPORTIVA E NUTRICIONAL,08,20210323,20150512,SP,7225
22434329,0001,1,ANDREIA JAMBISKI STUDIO,02,20150511,20150511,PR,7821
22435171,0001,1,,04,20210209,20150513,ES,5617
22437697,0001,1,STARCK ACADEMIA,02,20150513,20150513,CE,1547
22443996,0001,1,DR ATIVIDADES,08,20150609,20150514,PR,7493
22446550,0001,1,,08,20170524,20150514,BA,3849
22450635,0001,1,,08,20160519,20150514,RS,8839
22257194,0001,1,,08,20171004,20150415,RJ,6001
22454076,0001,1,,08,20190129,20150515,RJ,6001
22454423,0001,1,HARD FITNESS,08,20151109,20150513,DF,9701
22463084,0001,1,ESTILO DE VIDA,04,20210209,20150517,ES,5699
22464128,0001,1,,08,20150914,20150518,SP,7107
22476598,0001,1,SHEILA PERSONAL TRAINER,08,20171204,20150519,PR,5529
22485691,0001,1,,04,20260519,20150520,PR,7483
22485918,0001,1,TIAGO MOREIRA PERSONAL,08,20180227,20150520,SP,6101
21217912,0001,1,ACADEMIA CORPURIS,08,20220805,20141014,MT,9047
22487449,0001,1,STUDIO WELL,02,20150520,20150520,SP,7107
22487732,0001,1,FULL BODY ACADEMIA,02,20150519,20150519,SC,8047
22490390,0001,1,,08,20150821,20150520,RJ,5877
22500663,0001,1,,02,20150520,20150520,RJ,6001
22501394,0001,1,ATITUDE,02,20150521,20150521,SP,6769
22501859,0001,1,ENFORCE FITNESS,02,20150521,20150521,SC,8089
22503796,0001,1,,08,20160304,20150522,SC,8123
22507797,0001,1,MVPORFIRIO,08,20180208,20150522,SP,7075
22510488,0001,1,KADU PERSONAL,04,20210223,20150522,AM,0255
22513029,0001,1,REICHEMBAK FITNESS,08,20240216,20150524,SP,7107
22515426,0001,1,IN EVOLUTION,08,20180309,20150525,SP,6369
21584191,0001,1,ROBERIO ACADEMIA,04,20260515,20141218,BA,3669
22523056,0001,1,CORPUS FITNESS,04,20220128,20150526,PI,1177
22525880,0001,1,,08,20180416,20150525,SP,7107
22531593,0001,1,SOFIT,08,20160410,20150526,SC,8105
22532518,0001,1,DIMH - SERVICOS EM BEM ESTAR E QUALIDADE DE VIDA,04,20210401,20150527,MA,0877
22535946,0001,1,VIDA FITNESS,02,20150527,20150527,BA,3593
22542403,0001,1,ACADEMIA 02 LIFE FITNEES,08,20190828,20150519,DF,9701
22544229,0001,1,DAU FITNESS,08,20150911,20150528,BA,3313
22545118,0001,1,VIDDA FITNESS ACADEMIA,08,20250924,20150527,SE,3157
22546426,0001,1,ACADEMIA SUPERACAO,04,20210407,20150528,BA,3849
22547191,0001,1,,08,20220329,20150528,SP,7107
13255010,0002,2,PRATIK ACADEMIA,02,20150528,20150528,CE,1559
22548411,0001,1,BANDEIRA FIGHT TAEM,04,20210330,20150528,MG,4133
22549613,0001,1,,02,20150528,20150528,SP,0824
22549899,0001,1,,08,20180312,20150528,SP,6969
22552853,0001,1,JUH MODA FITNESS E SUPLEMENTOS,08,20220609,20150529,PR,7727
22557693,0001,1,ACADEMIA GOLDEN FITNES,08,20240624,20150529,SP,6123
22558482,0001,1,,04,20210203,20150529,SP,7099
22559289,0001,1,EVOLUTION CORPS ACADEMIA,08,20180814,20150529,SE,3105
22561071,0001,1,,08,20190531,20150531,RS,8785
22561903,0001,1,,04,20180913,20150528,RS,8589
22563032,0001,1,BELO CORPO,08,20170707,20150601,GO,9509
22565484,0001,1,CENTRO DE TREINAMENTO ENTRANDO EM FORMA,08,20210331,20150601,AM,0255
22567526,0001,1,RUBENS SARAIVA PERSONAL FIGHTER,04,20210224,20150601,CE,1389
22569204,0001,1,PULSAR,08,20181231,20150601,MG,4123
22571532,0001,1,DANI TAVARES STUDIO PILATES,08,20161215,20150601,SP,7071
22574944,0001,1,DI MARQUES ESTUDIO DE MUSCULACAO,02,20150602,20150602,RS,8589
22578791,0001,1,,04,20210224,20150603,CE,1493
22579364,0001,1,,02,20240311,20150603,BA,3849
22580081,0001,1,,04,20210218,20150603,MT,9047
22585264,0001,1,ACADEMIA VIDA ATIVA,08,20171220,20150603,SC,8073
22586436,0001,1,VRFISIO,02,20150604,20150604,RJ,6001
22586644,0001,1,ACESSORIA ESPORTIVA FITNESS,08,20160503,20150604,BA,3849
04026380,0003,2,PAULO BEDEU BEACH,02,20150605,20150605,SE,3105
22590399,0001,1,HD FITNESS,08,20160923,20150605,GO,9221
22591296,0001,1,CLINICA DE ATENDIMENTO PERSONALIZADO EQUILIBRIUM,08,20181031,20150605,PR,7927
22593613,0001,1,ESTUDIO ELLOS,08,20190708,20150607,RS,8599
22600752,0001,1,RAFAEL BARSOTTI PERSONAL,08,20180826,20150608,SP,6475
22604261,0001,1,ACADEMIA KM FITNESS,02,20211015,20150609,AL,2785
22605617,0001,1,,08,20160916,20150609,SP,6913
22605780,0001,1,,02,20150609,20150609,MG,4733
22609825,0001,1,THIAGO SAMPAIO PERSONAL,08,20250606,20150609,PE,2491
22612037,0001,1,FCPROJETOS,08,20240716,20150609,SP,7107
22612985,0001,1,RODRIGO PEREIRA CURSOS E TREINAMENTO PERSONALIZADO,08,20220224,20150610,SP,7071
22613097,0001,1,DIFERENCIAL STUDIO FUNCIONAL E PILATES,02,20150609,20150609,SC,8105
22615269,0001,1,ACADEMIA BEM ESTAR,02,20150610,20150610,CE,1599
22618491,0001,1,MARI MARQUES PILATES,04,20210408,20150610,SP,7071
22619883,0001,1,RODRIGO FISIOTERAPIA,08,20160803,20150610,BA,3849
06204814,0002,2,,08,20170913,20150610,SP,6323
22624784,0001,1,ACADEMIA PRO-SAUDE,02,20150610,20150610,RN,1855
22625143,0001,1,,08,20201005,20150610,RN,1651
22626144,0001,1,ALEX PERSONAL,08,20170531,20150611,SP,6979
22627554,0001,1,ACADEMIA VO2MAX,08,20201119,20150611,PR,5453
22629839,0001,1,FORMULA DO CORPO,02,20150611,20150611,MA,0921
22630166,0001,1,GD FITNESS,02,20241003,20150611,MA,0785
22639338,0001,1,JS PROFITNESS,03,20251017,20150612,MG,4929
22647660,0001,1,JG MUSCULACAO,04,20210406,20150615,SP,6569
22647904,0001,1,SPORTS ACTION MP,08,20171030,20150615,RJ,6001
22652038,0001,1,,04,20210409,20150616,PE,2531
22652294,0001,1,START FITNESS,08,20210820,20150616,AL,2785
22652498,0001,1,ACADEMIA TITANIUM,08,20181024,20150616,SP,6477
22652744,0001,1,,04,20210415,20150616,SP,7145
22654349,0001,1,ACQUA VITAL,02,20241022,20150616,MG,5025
22655917,0001,1,STYLLU'S ACADEMIA,08,20180801,20150616,SP,6199
22656705,0001,1,CARDIO FIT ORLANDIA,08,20171122,20150616,SP,6787
22658571,0001,1,PHD FITNESS,02,20150616,20150616,RS,8501
22660749,0001,1,BOCA TEAM ZONA SUL,04,20210423,20150616,PB,2051
22663901,0001,1,DR ATIVIDADE,08,20180327,20150617,PR,7493
22666938,0001,1,COACH HUDSON GONZAGA,08,20160726,20150617,MG,4123
22669046,0001,1,SMART FIT BLUMENAU,08,20211115,20150615,SC,8047
22674177,0001,1,STUDIO PILATES E ESTETICA,08,20220919,20150618,AL,2785
22678865,0001,1,QV COMPANY,02,20150618,20150618,SP,7145
22681957,0001,1,VIVAZ FISIOTERAPIA & PILATES,02,20150619,20150619,SP,7107
22684646,0001,1,STUDIO 145,08,20180116,20150619,SP,6715
22688945,0001,1,,04,20220208,20150619,RJ,5807
22689339,0001,1,ACADEMIA EVOLUCAO,04,20210423,20150619,PB,0474
22689397,0001,1,BIOATIVA FITNESS & HEALTH,08,20230303,20150619,SP,7107
22689557,0001,1,,04,20231026,20150619,PA,0503
22690982,0001,1,DANIEL SOUZA,04,20210415,20150622,SP,6969
22692274,0001,1,ACADEMIA KORPUS FITNES,04,20181107,20150619,RN,1837
22692359,0001,1,TEAM FUNCIONAL MINAS,02,20150622,20150622,MG,4123
22695288,0001,1,ACADEMIA DA JANA,08,20190627,20150622,CE,1317
22696856,0001,1,,02,20210921,20150622,RJ,6001
22697347,0001,1,AK FITNESS ACADEMIA,04,20190131,20150622,PB,2173
22698152,0001,1,RENATA TREINADORA PESSOAL,08,20161020,20150622,RS,8785
22702597,0001,1,MARCOS MACHADO,08,20160509,20150623,RS,8931
22704660,0001,1,EQUILIBRIO FITNESS,04,20210311,20150623,RJ,6001
22706966,0001,1,ESTUDIO MOVIMENTE-SE,08,20180207,20150623,SP,6727
22709691,0001,1,LUCIANO CURI SERVICOS PERSONALIZADOS,04,20210311,20150623,RJ,6001
22709704,0001,1,,04,20210212,20150623,MT,9895
22710215,0001,1,FELIPE DA CUNHA,08,20171031,20150623,MG,4123
22717554,0001,1,STUDIO EG COACH,04,20210304,20150624,RS,8785
22717952,0001,1,SPORT FITTA,08,20161109,20150624,SP,7107
22717965,0001,1,KEILA ACADEMIA,08,20230616,20150624,MA,0170
22721277,0001,1,CINTIA NETO FITNESS,04,20260528,20150624,RJ,5813
22728417,0001,1,FJMOVE ASSESSORIA ESPORTIVA,08,20171007,20150625,RJ,6001
22728848,0001,1,OBJETIVA FITNESS,02,20150625,20150625,RJ,2921
22733213,0001,1,DORA FITNESS,08,20150828,20150626,PR,7535
22733318,0001,1,IVAN TREINAMENTO FISICO FUNCIONAL,08,20181201,20150626,RS,8801
22733800,0001,1,OGUMA ESPORTE & SAUDE,02,20150626,20150626,SP,7107
22734343,0001,1,,04,20220128,20150626,AM,0241
22735702,0001,1,SMORAIS,08,20150707,20150626,PA,0415
22738110,0001,1,DQ JIU JITSU,04,20210225,20150628,RS,7297
22738174,0001,1,,08,20180122,20150628,AL,2785
22739096,0001,1,CENTRO DE TREINAMENTO PERSONALIZADO CAZE FERNANDES,02,20150629,20150629,RJ,5847
21370546,0002,2,ACADEMIA STYLO FITNESS,02,20150629,20150629,PR,5491
22743208,0001,1,TWO FIT ACADEMIA,02,20241206,20150629,SP,6477
22746990,0001,1,ACADEMIA VENICE,08,20190130,20150629,MG,4123
22747441,0001,1,BRUNA SEGABI TREINAMENTO PERSONALIZADO,08,20161023,20150629,RJ,6001
22750203,0001,1,ACADEMIA STAR FITNESS,04,20210224,20150630,CE,1389
22750623,0001,1,MARCOLINO PERSONAL,04,20210210,20150630,DF,9701
22751057,0001,1,STUDIO ACAO FITNES,08,20180417,20150630,MG,4733
22751289,0001,1,,04,20210416,20150630,MG,4123
22752196,0001,1,THAI CLUB,08,20180219,20150630,PR,7495
22755778,0001,1,,04,20210318,20150630,SC,8319
22758101,0001,1,C2 FITNESS,04,20210226,20150701,SP,7107
22764564,0001,1,SER SAUDAVEL,02,20150701,20150701,SP,7107
22767627,0001,1,,08,20210311,20150702,PR,7535
22769765,0001,1,STEP FORM ACADEMIA,04,20240807,20150701,GO,9373
22769978,0001,1,,02,20150702,20150702,SP,6737
22778254,0001,1,,04,20231113,20150703,SP,6131
22778671,0001,1,FOUR TOO FITNESS,02,20150702,20150702,SP,6563
22780460,0001,1,MS CLUBE DE CORRIDA,08,20170923,20150703,RS,8561
22781559,0001,1,USINA DO CORPO,08,20180822,20150702,RS,8801
22781683,0001,1,PRO-SAUDE ACADEMIA,04,20210422,20150703,BA,3839
22782801,0001,1,CTMG - CENTRO DE TREINAMENTO MESTRE GUARA,08,20160630,20150703,MG,4315
22784010,0001,1,,08,20160210,20150703,PR,7781
22785801,0001,1,,08,20180131,20150705,SP,6969
22786100,0001,1,,08,20180121,20150705,SP,7225
22790700,0001,1,VICTOR BJJ,08,20200528,20150706,SP,6921
22791553,0001,1,MAIRA DANTAS,08,20240919,20150706,RN,1761
22791791,0001,1,,02,20150706,20150706,PR,7583
22793676,0001,1,,08,20190220,20150706,RS,8541
22794340,0001,1,STUDIO PILATES PAULA MALESKE,08,20181113,20150706,SC,8305
22798634,0001,1,CENTRO DE TREINAMENTO MARANGUAPE DE ARTES MACIAIS,04,20210224,20150707,CE,1455
22800047,0001,1,DONIZETE NATANAEL MARTINS,08,20190124,20150707,MG,5427
22803609,0001,1,EXTREMUS - TREINAMENTO FISICO FUNCIONAL,08,20160831,20150707,RS,8589
22803914,0001,1,,02,20150707,20150707,SP,6155
22805480,0001,1,ARTEIROS,02,20150707,20150707,SP,6377
22812419,0001,1,ACADEMIA OXYGEN,08,20180710,20150707,RS,8901
22812718,0001,1,LEANDRO SOCCER,04,20210406,20150708,SP,6181
22818831,0001,1,BLACK IRON GYM,08,20160113,20150709,SC,8105
22821743,0001,1,TR FITNESS,04,20210223,20150709,AM,0255
22824865,0001,1,ACADEMIA CORPO E ALMA,08,20190903,20150708,GO,9571
22825407,0001,1,GYM CENTRO DE TREINAMENTO,02,20150708,20150708,RS,8595
22825748,0001,1,CARVALHO EMPREENDIMENTOS ESPORTIVOS,08,20151202,20150710,MG,4775
22826542,0001,1,SMART FIT CENTENARIO,08,20211130,20150710,SC,8089
22827090,0001,1,JR. FITNESS SAUDE E BEM ESTAR,04,20190129,20150701,CE,1493
22834016,0001,1,JULIANA BRAGUINI FITNESS,08,20230814,20150713,SP,6477
22836691,0001,1,MONTANHA FITNESS,08,20160706,20150713,DF,9701
22844090,0001,1,FLEX POWER,08,20161216,20150714,RN,1761
22844246,0001,1,ACADEMIA CORPUS FITNESS,08,20160222,20150714,SP,6309
22844752,0001,1,ACADEMIA ESTACAO DO CORPO,04,20210426,20150714,PB,2185
22848904,0001,1,ACADEMIA LIVE FIT,08,20161007,20150713,ES,5703
22851503,0001,1,THG CROSS,02,20150714,20150714,PI,1219
22857912,0001,1,MOBILITA PILATES E FUNCIONAL,08,20200211,20150715,RJ,6001
22862103,0001,1,TRAINER WEBER,08,20170201,20150716,RJ,5877
22862739,0001,1,ACADEMIA CAVERNA FITNESS,08,20220629,20150716,RN,1801
22865137,0001,1,M2 FITINESS,08,20170920,20150612,RJ,5869
22869633,0001,1,FABIO ANTUNEZ FITNESS,08,20160311,20150717,RS,8841
22875487,0001,1,STRONGER ACADEMIA,08,20190610,20150717,MS,9131
22890805,0001,1,MARCELO SERGIO DA LUZ CRUZ,08,20180221,20150721,MT,9167
22891887,0001,1,,08,20160107,20150721,ES,5699
22895082,0001,1,ACADEMIA FISICO,08,20160119,20150721,GO,9215
22895147,0001,1,ISOMETRIK,08,20190909,20150721,RJ,5865
22897675,0001,1,KARLA MADUREIRA,08,20160823,20150721,MG,4371
22900024,0001,1,HOLANDA,02,20210405,20150722,RJ,6001
22900084,0001,1,OLYMPIA ACADEMIA PERSONALIZADA,02,20150722,20150722,RS,8947
22904813,0001,1,FIGHTING STRIKE,04,20210311,20150722,RJ,6001
22904891,0001,1,MELO FITNESS,08,20190117,20150722,SE,3105
22906403,0001,1,,04,20210310,20150722,SP,6155
22906574,0001,1,MARCELO VIANA PERSONAL TRAINER,04,20210304,20150722,RS,8841
22908168,0001,1,HEALTHY BODY,04,20210219,20150723,PA,0471
22911261,0001,1,ACADEMIA R A FITNESS,04,20181026,20150723,AM,0255
22911755,0001,1,ABADE EXERECICIO FISICO E ARTES MARCIAS,08,20220706,20150723,PR,7667
22912094,0001,1,,08,20210517,20150723,SP,6681
22913346,0001,1,,04,20210317,20150723,PR,7665
22917224,0001,1,BA FITNESS,08,20150808,20150723,MA,0921
22917485,0001,1,LOTUS ACADEMIA,02,20150723,20150723,BA,3515
22918032,0001,1,GARAGEM TREINAMENTO FUNCIONAL,08,20231109,20150723,SP,7107
22930595,0001,1,SILVANA CHAVES,08,20210215,20150727,BA,3849
22931753,0001,1,LAIS SANCHEZ DE ARRUDA,08,20190918,20150727,SP,6639
22934846,0001,1,SUELEN TOZZI,04,20210326,20150727,SP,6875
22937433,0001,1,,08,20170124,20150728,RS,8589
22937588,0001,1,HARMONY ESTUDIO DE PILATES FISIOTERAPIA,08,20180524,20150728,PR,7425
22938313,0001,1,VIDA ATIVA MUSCULACAO,04,20231030,20150728,MS,9165
22940687,0001,1,CORPUS ACADEMIA,08,20160913,20150728,RS,8857
22942131,0001,1,,08,20160405,20150728,SP,6397
22946915,0001,1,TS - TREINAMENTO PERSONALIZADO,08,20160711,20150729,RS,8507
22952413,0001,1,ACADEMIA BOA FORMA,08,20151201,20150729,SP,7175
22953143,0001,1,POWER FITNESS,08,20160106,20150729,GO,9595
22958245,0001,1,ACADEMIA MOVEMENT,02,20150730,20150730,MG,4599
22958933,0001,1,R1 DANCAS,04,20210303,20150730,CE,1569
22959683,0001,1,FOR LIFE ACADEMIA,02,20150729,20150729,SC,8055
22961287,0001,1,MJ FITNESS,04,20210309,20150730,PR,0848
22963525,0001,1,HESAUDE,08,20191021,20150730,BA,3849
22966721,0001,1,,02,20220819,20150731,RJ,5877
22968386,0001,1,HOME FITNESS,04,20210407,20150731,BA,3849
07594978,0146,2,SMARTFIT,02,20150731,20150731,RJ,6001
22968760,0001,1,ALMEIDA,04,20210226,20150731,SP,7107
22969097,0001,1,MARCIO MARQUES PERSONAL TRAINER,08,20161120,20150731,SP,6619
22970372,0001,1,CIA PROMOTORA,02,20210520,20150729,BA,3593
22972887,0001,1,WILLIAN PERSONAL TRAINER,08,20170125,20150801,SP,7107
22972912,0001,1,SALA DE GINASTICA LADY FITNESS,08,20160708,20150801,PB,1937
22978072,0001,1,HELENA PERSONAL,08,20190529,20150803,SP,7107
22978229,0001,1,,08,20180105,20150803,SP,6601
22978832,0001,1,ACADEMIA TITAS,08,20220222,20150803,SP,7027
22983625,0001,1,CARLOS ALEXANDRE,08,20160304,20150803,SP,6213
22985680,0001,1,DIOGOLIMA_40@HOTMAIL.COM,08,20180123,20150804,MG,4733
22991299,0001,1,ESPACO FITNESS,04,20190130,20150804,PE,2357
22992154,0001,1,ACADEMIA ATIVA,04,20210413,20150804,SP,6567
22992612,0001,1,GIDEOES FITNESS,08,20161215,20150804,CE,1575
22995406,0001,1,G&N ASSESSORIA,08,20171212,20150805,CE,1389
23002193,0001,1,,02,20150805,20150805,SP,7225
22566610,0001,1,EVOLUCAO FITNESS,04,20260601,20150601,SP,6477
22485275,0001,1,,08,20200311,20150520,SP,6635
23007142,0001,1,BOX CFBQ,08,20191003,20150806,MG,4111
23009234,0001,1,ELEN FITNESS,08,20230112,20150806,SP,7057
23011526,0001,1,PROFESSORA SANDE ATENDIMENTO PERSONALIZADO,08,20210927,20150806,MT,8985
23011649,0001,1,,08,20251205,20150805,SP,6687
23011764,0001,1,TREINAMENTO FUNCIONAL ROPEFIT BRASIL,08,20180129,20150806,DF,9701
23013474,0001,1,ESPACO CELESTE,08,20170707,20150807,SC,8147
23014617,0001,1,LIFE FITNESS,04,20210422,20150807,BA,1112
23015636,0001,1,ACABAMENTOS & CIA,02,20150807,20150807,PR,7493
23017043,0001,1,MUSCLE FITNESS,02,20251114,20150807,BA,3849
23031470,0001,1,WFIT,04,20210311,20150810,RJ,6001
23035879,0001,1,,08,20170511,20150811,PR,7691
23038695,0001,1,SPORTLIFE,04,20210323,20150811,SP,6827
23042074,0001,1,SEBASTIAO BARBOSA,08,20151020,20150811,SE,3105
23044194,0001,1,STUDIO DE PILATES CARLA DOMINGUES,02,20150812,20150812,SP,7107
23045300,0001,1,CRIS PERSONAL,08,20200210,20150812,SP,7107
23045839,0001,1,MAOMEX,02,20220927,20150812,PR,7535
23046893,0001,1,ELIFITNESS,02,20150812,20150812,MA,0146
23049160,0001,1,HIDROGINASTICA SUPERACAO ROUPAS E ACESSORIOS,08,20190916,20150812,GO,9595
09603841,0002,2,CROSSFIT FLORIPA,08,20181105,20150810,SC,8327
23055059,0001,1,CENTRO DE LUTAS MAURO FAVORETO,02,20240528,20150813,SP,7107
23056076,0001,1,,02,20150813,20150813,SP,7135
23057017,0001,1,KOVATZH FITNESS,04,20210318,20150813,SC,8179
23058869,0001,1,J L FITNESS,02,20230417,20150813,PB,2063
21832221,0001,1,,04,20260522,20150206,SP,6229
23060499,0001,1,WPSPERSONAL,02,20150813,20150813,SP,6477
23061817,0001,1,MILENE FIOR PERSONAL TRAINER,08,20170427,20150813,RS,8785
23062483,0001,1,B.P.M FITNESS ACADEMIA,08,20190930,20150813,GO,9373
23066048,0001,1,NOVA UNIAO FITNESS ACADEMIA,04,20210423,20150814,RN,1841
23066421,0001,1,PRIMITIVE GYM,02,20150813,20150813,RS,8929
23072485,0001,1,FIT RESIDENZ,08,20150917,20150816,AL,2785
23072535,0001,1,,04,20220209,20150816,SP,7107
23073911,0001,1,,08,20170427,20150817,MT,9069
23078903,0001,1,LM ASSESSORIA ESPORTIVA,02,20220110,20150811,RJ,5865
23082692,0001,1,MOVIMENTACAO,04,20210311,20150818,RJ,6001
23086453,0001,1,BIOTREINO,02,20150818,20150818,SP,7107
23087127,0001,1,,02,20150818,20150818,MS,9073
23089430,0001,1,,02,20150818,20150818,MG,5397
23092077,0001,1,LAMAH TREINAMENTO E SAUDE,08,20210331,20150818,RJ,6001
23093079,0001,1,VITORIA FITNESS,04,20210223,20150819,AM,0255
23093807,0001,1,OLIBORNI CONDICIONAMENTO FISICO,04,20240826,20150819,SP,6219
19108492,0001,1,ACADEMIA PLANETA CORPO,08,20200914,20131021,MG,5425
21832504,0002,2,,04,20260519,20150821,MG,4743
23108337,0001,1,GRUPO UPQV,04,20210326,20150821,SP,6477
23057202,0002,2,BEM ESTAR FITNESS,08,20191213,20150820,ES,5699
23109027,0001,1,CAPARELO GYM,08,20210219,20150821,SP,6425
23111901,0001,1,,08,20180115,20150821,RS,8949
23112383,0001,1,INSPIRE PILATES,08,20220728,20150820,DF,9701
23113089,0001,1,PILATES STUDIO JC SARTOR,04,20220208,20150821,SC,8183
23113682,0001,1,SABRINA SOUZA PERSONAL TRAINER,08,20171219,20150821,SE,3105
23122307,0001,1,DIANAS FITNESS,04,20220208,20150824,RJ,6001
18861897,0001,1,TRAINING FOR LIVE,08,20180413,20130912,MG,4123
23123447,0001,1,START TRAINER ACADEMIA,02,20241001,20150824,GO,9373
23124163,0001,1,SM - SAUDE EM MOVIMENTO,08,20190603,20150824,CE,1389
23124244,0001,1,FIT TIME TREINAMENTO PERSONALIZADO,08,20180131,20150824,SP,6131
23129169,0001,1,HEF TREINAMENTO FISICO,08,20210909,20150825,SP,7107
23129589,0001,1,,02,20150824,20150824,SP,7231
23130563,0001,1,ACADEMIA VIWS ESTETICA,02,20240705,20150824,MA,0751
22064535,0001,1,SANTEC CENTRO DE CONDICIONAMENTO FISICO,08,20150825,20150317,SC,8309
23143791,0001,1,NUCLEO DE YOGA JIVATMA SHANTI,04,20220208,20150825,SP,7071
23147973,0001,1,,08,20160721,20150826,ES,5707
22774769,0001,1,STUDIO DE PILATES BEM ESTAR,04,20260527,20150702,AP,0605
23160653,0001,1,,04,20210212,20150827,GO,9373
23161080,0001,1,BIO HEALTH STUDIO LTDA,02,20150827,20150827,ES,5647
23168091,0001,1,BIO FITNESS,04,20260528,20150827,RJ,6001
18749281,0001,1,ACADEMIA BIO FIT,08,20150828,20130628,TO,9685
23170040,0001,1,VINICIUS JORGE ILUSTRACOES ARQUITETONICAS,08,20171024,20150828,SP,7107
23171645,0001,1,FORCA LIVRE ACADEMIA,02,20150828,20150828,PB,2051
23173262,0001,1,ACAO,04,20260605,20150828,SP,7107
23175909,0001,1,PERSONAL JACQUES,08,20180131,20150830,SC,8105
23176427,0001,1,CARLOS MELLO PERSONAL TRAINER,08,20180806,20150830,SC,8221
23179082,0001,1,,04,20210323,20150831,RS,8653
23179783,0001,1,ESPACO FEMININO TREINAMENTO FUNCIONAL,08,20160721,20150831,PA,0447
23180518,0001,1,SAUDE DO CORPO,08,20170706,20150831,BA,3849
23181063,0001,1,ACADEMIA VIDA & FORMA,02,20230921,20150831,MG,5025
23182539,0001,1,ACADEMIA PAPALEGUAS,08,20160312,20150831,MG,4371
23182925,0001,1,,02,20240228,20150831,MG,4133
23184008,0001,1,STUDIO PASSAROS E FLORES,02,20150831,20150831,SP,7107
23184019,0001,1,TRIADE,08,20260309,20150831,RJ,6001
23184536,0001,1,POSITIVO ACADEMIA,04,20210223,20150831,AC,0139
23185869,0001,1,DRIX FIT,08,20191205,20150831,SP,6427
23187080,0001,1,BOXE TRADICIONAL,04,20210406,20150901,SP,7017
23188156,0001,1,MR FITNESS,04,20210409,20150901,PE,2531
23188621,0001,1,EQUIPE TRES +,08,20260512,20150901,AL,2785
22252953,0001,1,KASSIA ABREU MATOS,08,20151113,20150414,RS,8683
23192118,0001,1,ESPACO TENNIS,02,20150901,20150901,CE,1389
23193194,0001,1,INTENSA TREINAMENTO FUNCIONAL,04,20210325,20150901,RJ,5925
23197784,0001,1,ACADEMIA E. L. IF. FITNESS,08,20160603,20150902,CE,1405
23199662,0001,1,,08,20251215,20150902,RR,0301
23199976,0001,1,,04,20210225,20150901,RS,8801
23200162,0001,1,ELITE ACADEMIA DE GINASTICA,04,20181004,20150902,SP,7107
23200416,0001,1,CROSSFIT BOTANICO,08,20170209,20150805,PR,7535
23200642,0001,1,,04,20220208,20150902,RS,8791
23202911,0001,1,WELLFARE ACADEMIA,08,20171221,20150902,PB,1981
23207499,0001,1,,08,20151221,20150903,SP,7107
23209865,0001,1,,02,20150902,20150902,RJ,6001
23210689,0001,1,COSTA TREINAMENTO DESPORTIVO,04,20210316,20150903,RJ,6001
23218164,0001,1,ARENA TRAINER,04,20210409,20150904,PI,1219
23218801,0001,1,ACADEMIA ROMANO FITNESS,02,20150904,20150904,PR,7469
23219203,0001,1,AGILITY FITNESS ACADEMIA,08,20210618,20150904,SP,6251
23220100,0001,1,RAQUEL FIOR,02,20150904,20150904,RS,8785
23221175,0001,1,YOLANDA POLACK MASSAGEM E GINASTICA ESPECIALIZADA,04,20260605,20150904,SP,7107
23222436,0001,1,,08,20151215,20150905,SP,6179
23224163,0001,1,TRAMPOLIM,08,20161031,20150906,RJ,6001
23224737,0001,1,WILBERT TRAINING,04,20210408,20150907,RJ,5877
23227571,0001,1,,08,20221222,20150908,SP,6181
23232480,0001,1,BASKETBALL PERSONAL COACH,08,20260514,20150908,RJ,6001
23235305,0001,1,ONIX K.M,04,20210226,20150909,SP,7107
18761287,0001,1,ESTUDIO DE RITMOS DE OLHO NO CORPO,04,20220125,20130827,PE,2521
19289660,0002,2,ORANGE SNAKES OSASCO,02,20150909,20150909,SP,6789
23241817,0001,1,ACADEMIA FEMININA TONS DE ROSA,08,20191108,20150908,RS,8963
23242075,0001,1,,08,20191106,20150909,RJ,6001
23243740,0001,1,COACH MARCELA,04,20210218,20150910,MT,9167
23243864,0001,1,+FIT CLUB,08,20190408,20150909,SP,6619
23246202,0001,1,RODRIGO ZAGUETTO - TREINAMENTO PERSONALIZADO.,08,20200505,20150910,SP,6219
23248293,0001,1,HERIKA CAMAZ ACESSORIA ESPORTIVA,08,20250128,20150910,SP,7071
15244793,0001,1,CENTRO DE TREINAMENTO ABEL ASSIS,04,20231108,20120320,MG,4985
23249466,0001,1,,08,20201013,20150910,SP,6929
23250203,0001,1,ACTION SPORTS,08,20201014,20150910,SP,7107
23252220,0001,1,ESCOLA DE FUTEBOL FUTURO PROMISSOR,04,20210311,20150910,RJ,6001
23257933,0001,1,DOJO ALLAN PESSOA,04,20210310,20150911,SP,6291
23258538,0001,1,,08,20160607,20150911,PR,7427
23259180,0001,1,,04,20231030,20150911,MS,9143
23259306,0001,1,RBT SERVICOS EM CONDICIONAMENTO FISICO,04,20210311,20150911,RJ,6001
23260658,0001,1,RD STUDIO PILATES,02,20150912,20150912,SP,7107
23262304,0001,1,LUCAS PORTELA DE MOURA,08,20161123,20150913,GO,9373
23263852,0001,1,,04,20260605,20150914,SP,6713
23266194,0001,1,CROSS FITNESS - CENTRO DE TREINAMENTO,02,20260520,20150914,BA,3593
23266716,0001,1,BOX MOVIMENTUM,02,20150914,20150914,SP,7107
23267011,0001,1,ACADEMIA FEMININA,08,20180912,20150914,MG,4417
23267022,0001,1,INSTITUTO AQUATICO ISABELLA MARINHO,08,20180223,20150914,MG,5343
23269552,0001,1,ACADEMIA FEEDBACK,08,20201105,20150914,GO,9595
23271838,0001,1,ARIANE RAMBORGER STUDIO,04,20210318,20150914,SC,8105
23279956,0001,1,,08,20150929,20150915,PR,7535
18327656,0001,1,ESPOCO TERAPEUTICO CORPO E MOVIMENTO,08,20150916,20130619,MG,4753
23282591,0001,1,FITNESS SAUDE ACADEMIA PERSONAL,08,20170405,20150916,SC,5581
23284382,0001,1,MULTFITNESS,08,20260319,20150916,PB,1937
23293122,0001,1,,08,20160202,20150917,PI,1219
23294098,0001,1,STUDIO VIDA ATIVA,08,20180727,20150917,RJ,5853
23295429,0001,1,RM FITNESS SPORTS,04,20210210,20150917,DF,9701
23295836,0001,1,ALEXANDRA FERRAZ PERSONAL TRAINER,02,20150917,20150917,PR,7505
23297389,0001,1,TIAGO SILVA FERMINO,04,20210226,20150917,SP,7107
23298513,0001,1,LETICIA KWIEK,04,20210203,20150917,SP,6219
23300425,0001,1,,04,20210317,20150914,PR,7535
23301608,0001,1,M.O 2 ACADEMIA,04,20210331,20150918,MG,4471
23302267,0001,1,SPACO FISIOFIT,02,20150918,20150918,SP,6601
23310117,0001,1,,08,20151207,20150920,SP,6301
23317729,0001,1,ACADEMIA JUDO GOES,08,20160427,20150921,MA,0921
23318317,0001,1,,02,20150922,20150922,SP,6779
23318721,0001,1,STUDIO PILATES MACEDO CRUZ,08,20180815,20150921,SE,3105
23322763,0001,1,GLAUCIAPILLA,08,20191011,20150922,SP,6291
23323144,0001,1,PILATES PRIME,04,20210219,20150922,TO,9247
23323755,0001,1,,08,20220610,20150922,SP,6155
23323921,0001,1,DEIVID HENRIQUE DA SILVA,02,20230315,20150922,SP,7145
23324178,0001,1,WALTER FAGUNDES,04,20210304,20150922,RS,8951
23324556,0001,1,OVERALL GYM,02,20220620,20150921,SP,6563
23332204,0001,1,,04,20210419,20150923,SP,2949
23334850,0001,1,GRACIE BARRA PASSOS,08,20191209,20150923,MG,4957
10500079,0004,2,ACADEMIA PHYSICAL CENTER,02,20150924,20150924,AP,0615
23342161,0001,1,HOME FITNESS,08,20241105,20150924,BA,3849
23346676,0001,1,ASSOCIACAO VILLAGE SHOTOKAN,04,20220208,20150924,RJ,5869
23347191,0001,1,HERMANAS FIT,02,20150925,20150925,SP,7107
20497766,0001,1,WORLD FITNESS ACADEMIA,08,20160722,20140624,RJ,5833
23349561,0001,1,****,08,20201027,20150925,PR,7745
23356863,0001,1,V.A QUALIDADE EM BELEZA,04,20210226,20150927,SP,7107
12115672,0002,2,TOP FITNESS ACADEMIA,08,20190510,20130827,MG,4267
23359226,0001,1,,08,20190228,20150928,RN,1653
23360680,0001,1,CT TREINAMENTO FUNCIONAL,08,20170512,20150928,ES,5647
23361723,0001,1,TATIANA SOUSA PERSONAL,08,20160523,20150928,GO,9227
23361773,0001,1,TNT FITNESS,04,20210309,20150928,PR,0880
23372186,0001,1,,08,20260311,20150929,BA,3849
23373601,0001,1,,08,20230508,20150928,BA,3807
23376391,0001,1,MARATTON ACADEMIA,04,20210317,20150929,PR,7935
23376937,0001,1,ASSA,02,20150930,20150930,SP,6897
23378610,0001,1,STUDIO ERICA AGUIAR,08,20160301,20150930,SC,8055
23380019,0001,1,ACADEMIA ARRUDA,02,20240103,20150929,AC,0139
23380732,0001,1,GRILO FITNESS,08,20211217,20150930,PR,7635
23383552,0001,1,,08,20220201,20150930,RJ,5883
23385360,0001,1,,08,20171226,20150930,RS,8729
23386952,0001,1,ADRENA FIT,04,20260515,20151001,BA,3535
23394899,0001,1,SANDRA ACADEMIA,08,20221206,20151001,RS,8959
23399695,0001,1,ESPACO FITNESS,08,20181206,20151002,PR,9915
23344406,0001,1,FERNANDA GRESSLER,04,20210226,20150924,SP,7107
23401407,0001,1,MOVEKIDS - ACADEMIA DA CRIANCA,08,20190503,20151002,RJ,6001
23401733,0001,1,CORPO EM FORMA,04,20260515,20151002,CE,1593
23404120,0001,1,,08,20160612,20151003,PB,2051
23405626,0001,1,FIELD SPORTS CONSULTORIA ESPORTIVA,08,20170401,20151004,SP,6619
23407932,0001,1,HEYMOVE,02,20151005,20151005,CE,1389
23408715,0001,1,,08,20161226,20151005,RN,1891
23409984,0001,1,PERSONAL FITNESS,08,20161220,20151005,ES,5663
23410777,0001,1,ESPACO META LIVE,04,20190117,20151005,CE,1363
23413782,0001,1,,08,20170917,20151005,SP,6189
23168567,0001,1,ACADEMIA + SAUDE,08,20230426,20150827,GO,1052
23416486,0001,1,HUMBERTO NERY ASSESSORIA ESPORTIVA E NUTRICIONAL,04,20210407,20151006,BA,3849
23419171,0001,1,CAROZO FITNESS,08,20200623,20151005,SE,3105
23419471,0001,1,ACADEMIA CORPO EM FORMA,04,20210422,20151006,BA,3993
23421770,0001,1,,04,20220209,20151006,SP,6131
23422484,0001,1,ESTACAO FITNESS ACADEMIA,08,20190108,20151006,RS,1160
23426170,0001,1,EVON - TREINAMENTO EVOLUTIVO DE ALTA PERFORMANCE,04,20210226,20151007,SP,7107
23428890,0001,1,ACADEMIA SKYFIT,08,20190208,20151005,SP,6563
23429085,0001,1,VERONICA CRUZ PERSONAL,08,20160216,20151007,MG,4123
23430811,0001,1,TOP FIT ACADEMIA,08,20230202,20151007,SP,6897
23432351,0001,1,,08,20160112,20151007,SP,7107
23438132,0001,1,,08,20160513,20151008,SP,6213
23443020,0001,1,TAINARA AZAMBUJA,08,20160914,20151008,RS,8915
23445496,0001,1,ACADEMIA OFICINA DO CORPO,08,20240810,20151009,PR,7667
23445860,0001,1,PERSONAL,04,20210326,20151009,SP,6789
23451981,0001,1,JUNINHO,04,20210326,20151010,SP,6477
23454000,0001,1,FIT+,08,20180117,20151012,PE,2531
23455825,0001,1,,08,20201002,20151013,PR,7483
23456244,0001,1,SAIONARA PADILHA RODRIGUES,04,20210409,20151013,PE,2629
23460129,0001,1,CIRO GONSALES EVENTOS,08,20210512,20151013,SP,7097
23460729,0001,1,FALCON GYM,08,20160831,20151013,SC,8267
23462501,0001,1,BONECA DE FERRO FITNES,08,20151123,20151013,SC,8027
23469902,0001,1,ARENA FITNESS,08,20160728,20151014,SC,8233
18582217,0002,2,ELITE ACADEMIA,08,20200424,20151015,MG,5121
23474719,0001,1,C.T FORMA FISICA,02,20260210,20151015,RN,1837
23479545,0001,1,CENTRO DE TREINAMENTO AGOTANI,08,20170904,20151009,PR,7777
23479771,0001,1,FITNESS DIN,08,20151017,20151015,SP,6211
23481563,0001,1,ACADEMIA FISIO SAO BERNARDO,08,20191118,20151016,CE,1537
23482846,0001,1,KANTO FITNESS,08,20160121,20151016,BA,3685
23485740,0001,1,RAFAELA ZORZI PERSONAL TRAINER,08,20210429,20151016,RS,8661
23485775,0001,1,PERSONAL CENTRO DE ATIVIDADE FISICA,02,20151016,20151016,MG,5397
22123476,0001,1,,08,20151016,20150325,PR,7745
23485932,0001,1,GERA FITNES ACADEMIA,08,20180130,20151015,CE,1337
23485944,0001,1,,08,20220708,20151016,MG,4123
23487148,0001,1,CENTRO DE NATACAO E HIDROGINASTICA ACQUA,08,20210128,20151016,PA,0463
23487742,0001,1,MARCIO SOARES TREINAMENTO FISICO PERSONALIZADO,08,20180216,20151016,RS,8963
23490012,0001,1,RANA PILATES,08,20180523,20151018,BA,3849
23491997,0001,1,STAR FITNESS,02,20151019,20151019,GO,9471
23502088,0001,1,ACADEMIA ONDA FITNESS,04,20190130,20151020,PE,2443
23503635,0001,1,EDUARDO FITNESS,08,20190823,20151020,ES,5713
23505584,0001,1,MULTI MAIS ACADEMIA,04,20210209,20151020,ES,5699
23506970,0001,1,STUDIO DAIANA RODRIGUES,08,20160406,20151020,MG,5241
23507434,0001,1,ACADEMIA IMPACTUS,08,20151028,20151020,SC,9989
23507933,0001,1,,04,20210406,20151020,SP,6213
23508123,0001,1,JOSE AMERICO BOTELHO MORAIS,08,20160525,20151020,PB,2051
23512921,0001,1,ACADEMIA JAPA GYM,02,20151021,20151021,MG,4625
23519790,0001,1,KAIROS ASSESSORIA ESPORTIVA,08,20160602,20151022,CE,1389
23522468,0001,1,LARA TOSCANI,08,20230215,20151022,RS,8901
23000225,0001,1,RF ASSESSORIA ESPORTIVA,08,20170630,20150805,SC,8327
23528963,0001,1,TOP FITNESS ACADEMIA,04,20210303,20151023,CE,1351
23529682,0001,1,,04,20210226,20151023,SP,7107
23530260,0001,1,J F FITNESS,08,20200826,20151023,PE,2327
23531883,0001,1,ESTUDIO DE PILATES DRA. ALANA PEDRAL CRUZ,08,20151029,20151023,SE,3105
23536179,0001,1,GERACAO FITNESS,08,20220401,20151025,PE,2629
23536607,0001,1,QUALITY LIFE,04,20210325,20151025,RJ,5833
23536728,0001,1,DANIELA LAVAGNINO,08,20240109,20151025,RJ,6001
23537066,0001,1,QUEEN ACADEMIA PARA MULHERES,08,20240722,20151021,DF,9701
23539061,0001,1,LET'S GO FUNCIONAL TRAINNING,02,20241025,20151026,RJ,6001
23539769,0001,1,FISIOPILATES,08,20260124,20151026,MA,0921
11964787,0001,1,,02,20100518,20100518,RS,8801
23546939,0001,1,HERO FIT,02,20221031,20151027,SP,7075
23547952,0001,1,TG,08,20180308,20151027,SP,6131
23548766,0001,1,,08,20170329,20151027,SP,7099
23550820,0001,1,BM PRESTACAO DE SERVICOS,08,20151117,20151027,MG,4589
23555173,0001,1,ADRIANO FERREIRA DA SILVA,04,20210326,20151027,SP,6477
23558746,0001,1,CELSO CARVALHO PERSONAL TRAINER,04,20240826,20151028,SP,6929
23559476,0001,1,OXIDACAO,08,20181129,20151028,RS,8801
23559812,0001,1,,08,20220621,20151028,SP,6553
23571428,0001,1,ACADEMIA FEMININA EQUILIBRIO,04,20210423,20151029,PE,2381
23573938,0001,1,MORATTI FIT,08,20221111,20151029,SP,7107
23573963,0001,1,M S - MULTI SPORTS ASSESSORIA ESPORTIVA,08,20181019,20151029,DF,9701
23574342,0001,1,RITMOS ACADEMIA,08,20161206,20151030,RS,8589
23574489,0001,1,TREINAMENTO TAVARES,04,20210408,20151030,SP,7071
23574645,0001,1,VANESSA VALENTIM,08,20160920,20151030,RJ,2909
23575903,0001,1,"EDUCAR, EDUCACAO, ESPORTE E LAZER",08,20190821,20151030,SP,6921
22947996,0001,1,ACADEMIA PRIMO'S,08,20170214,20150729,SP,7121
23582031,0001,1,CROSS LIFE NUTRITION - UNIDADE JD. DO TREVO,08,20211209,20151102,SP,6291
23583856,0001,1,,08,20160503,20151103,PB,1931
23585123,0001,1,ACADEMIA SINTONIA,08,20180412,20151028,RS,8639
23585942,0001,1,ARENA FIT,04,20260521,20151103,MG,4625
23589718,0001,1,D BARALDI FITNESS TRAINING,08,20170419,20151103,SP,7107
23590025,0001,1,JAMILE PINHEIRO - FISIOTERAPIA E PILATES,08,20201022,20151103,BA,3849
23591887,0001,1,FERNANDA REGINA NUNES,08,20160309,20151104,MG,5373
23596573,0001,1,CENTRO DE TREINAMENTO ELIDE MARTINS,08,20190415,20151104,SP,6275
14408803,0001,1,ACADEMIA CORPO E MOVIMENTO,02,20111003,20111003,MG,5377
14933200,0001,1,ACADEMIA TOP FITNESS,02,20120124,20120124,MA,0869
23600473,0001,1,PERSONAL JU CALDAS,08,20250227,20151104,BA,3849
23600792,0001,1,ANDERSON ARAUJO,04,20210325,20151105,RJ,5833
23601585,0001,1,TE BUENO TEAM,04,20210324,20151105,SP,6577
23603545,0001,1,CORPO EM ACAO,08,20180302,20151105,PE,2457
23606170,0001,1,,08,20250903,20151105,RS,8801
23610065,0001,1,MCRIS FITNESS,08,20210917,20151105,RJ,5825
23610586,0001,1,PRO FITNESS STUDIO,02,20151106,20151106,MS,9073
23611202,0001,1,FITTSAUDE,08,20240411,20151106,MG,4033
23613728,0001,1,,02,20151105,20151105,RS,8791
23324972,0001,1,CONSULTORIA DE CONDICIONAMENTO FISICO MARCELO ESCH,08,20160115,20150922,RJ,5877
23619515,0001,1,HARMONIE,08,20180819,20151108,PE,2531
23619555,0001,1,CLAUDIA DE PRETTO,08,20190930,20151108,SP,7107
23623303,0001,1,,08,20160817,20151109,PR,7691
23626784,0001,1,ACADEMIA ESPACO FITNESS,08,20160707,20151109,RS,1012
23628077,0001,1,BRUNO ALMEIDA PERSONAL TREINER,08,20160504,20151109,PI,1219
23631797,0001,1,,08,20180122,20151110,RS,8791
23640176,0001,1,ACADEMIA TRAINING CLUB,02,20151104,20151104,DF,9701
23644232,0001,1,RODRIGO COSTA PERSONAL TRAINER,08,20200730,20151111,RN,1761
23644302,0001,1,BERNARDO'S CONSULTORIA E EVENTOS,08,20151112,20151111,SC,8179
23645558,0001,1,ACADEMIA MOOVIMENT,02,20151110,20151110,MT,1046
23646073,0001,1,ACADEMIA DA PRAIA,08,20160219,20151111,SC,8113
23647492,0001,1,SAMUKA FITNESS,08,20160823,20151111,MG,4353
23649590,0001,1,X PUMP,02,20151112,20151112,SP,6967
23649693,0001,1,MPS PERSONAL TRAINER,08,20240426,20151112,SP,7099
23651228,0001,1,VO2 FIT,08,20170417,20151111,RJ,6001
21739011,0001,1,L M PERSONAL,08,20210611,20150123,BA,3515
23660969,0001,1,UP MOVE ASSESSORIA ESPORTIVA,08,20240304,20151113,SP,6377
23669379,0001,1,ACADEMIA G FITNESS,08,20160115,20151116,BA,3849
23669788,0001,1,BIOMOVE,08,20191011,20151116,PB,2051
23670636,0001,1,,04,20210415,20151116,SP,7145
23671180,0001,1,ACADEMIA ATUAL FITNESS,02,20151116,20151116,BA,3589
23673043,0001,1,EQUIPE ANDERSON PERSONAL,08,20240319,20151116,RS,8801
23678177,0001,1,,08,20190424,20151117,SP,6477
23678658,0001,1,A FITNESS SERVICOS E COMERCIO,04,20210219,20151117,PA,0054
23678875,0001,1,ACADEMIA PERSONAL FITNESS,08,20160728,20151117,RS,8689
23680675,0001,1,,04,20220208,20151117,MG,4123
23682292,0001,1,,04,20231031,20151117,SP,6969
23685078,0001,1,STUDIO HITFIT,02,20151117,20151117,SP,7077
23686498,0001,1,,08,20160927,20151118,MG,4031
23688329,0001,1,LIFE FITNESS ACADEMIA,02,20151118,20151118,RS,8643
23688464,0001,1,VIANNA KM,08,20210715,20151118,RJ,6001
23691577,0001,1,JUNIOR,08,20180131,20151118,MG,4333
23693771,0001,1,,04,20210419,20151118,MG,4767
23698303,0001,1,ALINE BOUTO HEALTH COACH,08,20250114,20151119,DF,9701
23698643,0001,1,****,08,20210524,20151119,BA,3399
23708320,0001,1,FIVELINS PILATES E FUNCIONAL,08,20160627,20151120,SC,5543
23708429,0001,1,,08,20260612,20151120,PR,7885
23708492,0001,1,ESPACO BODY FITNESS,04,20260605,20151118,RS,8801
23710796,0001,1,,08,20180102,20151122,SP,7107
23713318,0001,1,MATRIX,02,20151120,20151120,BA,3965
23716631,0001,1,CRONIX ASSESSORIA ESPORTIVA,04,20220209,20151123,SP,6131
23720399,0001,1,,08,20230518,20151124,MG,4601
23721107,0001,1,ESPORTE CONTROLE,02,20190607,20151123,RJ,6001
23722383,0001,1,GYM PLACE ACADEMIA,02,20151124,20151124,MA,0803
23724587,0001,1,,02,20151124,20151124,ES,5645
23726108,0001,1,,02,20151123,20151123,RJ,5833
23726132,0001,1,,08,20160601,20151124,MG,4107
23727510,0001,1,INTER MAXIMA,08,20160113,20151124,SP,6425
23730428,0001,1,ACADEMIA TOP FITNESS - ET,02,20211123,20151119,CE,1433
23731665,0001,1,ACADEMIA MENTE E CORPO,02,20151125,20151125,AP,0605
23731994,0001,1,,04,20220209,20151125,SP,7107
23733035,0001,1,,08,20170629,20151125,SP,7097
23734179,0001,1,ESPACO SINERGIA,08,20200306,20151125,MG,5273
23735793,0001,1,LIFE WAY PILATES & PERSONAL,08,20180607,20151125,DF,9701
23737101,0001,1,GN PERSONAL TRAINER,08,20190129,20151125,SP,6875
23739855,0001,1,ESPACO ANAHATA,08,20240422,20151126,MG,4301
23739924,0001,1,PONTO DE EQUILIBRIO,08,20180302,20151126,SP,6887
23745382,0001,1,PE AGUIAR,08,20161103,20151126,BA,3779
23745407,0001,1,PERSONAL TRAINER,04,20210223,20151126,AM,0255
23747114,0001,1,BI - FITNESS LTDA,08,20170125,20151126,PA,0427
23747737,0001,1,RAFAEL MOTTA PERSONAL TRAINER,02,20230130,20151127,PR,7535
23748905,0001,1,,08,20170627,20151127,SP,7097
23750232,0001,1,,02,20151127,20151127,SP,7077
23750583,0001,1,POINT PILATES,08,20160913,20151127,DF,9701
23754454,0001,1,ADRIANA REGINA VALENTE,04,20220209,20151128,SP,6619
23755388,0001,1,TRL,08,20181206,20151129,SP,7107
23763516,0001,1,ESPACO SAUDE BEM ESTAR E QUALIDADE DE VIDA,08,20180326,20151130,RS,8841
23764785,0001,1,ACADEMIA TOP FITNESS,08,20180723,20151201,PE,2347
23765623,0001,1,,04,20210226,20151201,SP,7107
23768220,0001,1,PERFORMANCE,08,20240830,20151130,RS,8801
23770228,0001,1,CT SPARTA,08,20190418,20151201,RJ,5811
23776325,0001,1,NUARA OLIVEIRA,04,20210203,20151202,SP,7099
23776468,0001,1,POLLO FITNESS,08,20220812,20151201,DF,9701
23781128,0001,1,,04,20210406,20151203,SP,6131
18346451,0001,1,ADRI ALBUQUERQUE PILATES,02,20130620,20130620,SC,8105
08782470,0001,1,POWER MACHINE,08,20151203,20070420,MG,4865
23787564,0001,1,BIO FORMA,08,20180423,20151203,SC,8089
23789849,0001,1,GANAN PREPARACAO FISICA,04,20210226,20151204,SP,7107
23790799,0001,1,MOVE IT!,02,20151204,20151204,RJ,0786
23791251,0001,1,ALL FITNESS,02,20151204,20151204,AL,2789
23791475,0001,1,DIEGO NIGTH,08,20171023,20151204,PE,2521
23792357,0001,1,CLINICA DE SAUDE ESPORTIVA INTEGRAL,04,20210401,20151203,DF,9701
23793654,0001,1,CENTRO DE ATIVIDADES FUNCIONAIS,08,20200121,20151203,RS,8801
23796399,0001,1,PCT FITNESS,08,20160805,20151206,RJ,6001
23797663,0001,1,RONALDO STUDIO PERSONAL & FITNESS,02,20151204,20151204,ES,5611
23798021,0001,1,GANAPATI ESPACO DE YOGA,08,20180507,20151207,SP,7107
23803946,0001,1,HEWERTON DIAS SOARES,02,20151207,20151207,DF,9701
23805747,0001,1,STUDIO DE TREINAMENTO FUNCIONAL CORPO EM MOVIMENTO,08,20161221,20151208,CE,1389
18692445,0001,1,NEWSCHOOL,04,20260529,20130816,PR,7777
23819775,0001,1,ACADEMIA PINHEIROS,08,20201217,20151210,PA,0509
23828317,0001,1,,02,20151211,20151211,DF,9701
23832338,0001,1,RVP,04,20220209,20151212,MG,5387
23835808,0001,1,STUDIO I,02,20210507,20151214,PE,2519
23411805,0001,1,I3 FITNESS,04,20190514,20151005,CE,1253
23836840,0001,1,ZANON PILATES,04,20260605,20151214,SP,7107
23837215,0001,1,YOUFIT,08,20210331,20151214,PE,2513
23843471,0001,1,ACADEMIA SAUDE E MOVIMENTO,02,20151215,20151215,PB,2075
22641418,0001,1,,02,20150614,20150614,SP,7107
23844395,0001,1,TOP FITNESS,02,20260522,20151215,PE,2521
23846270,0001,1,FABRICA DE MONSTRO,04,20210218,20151215,ES,5603
23847018,0001,1,PERFORMANCE PILATES FUNCIONAL,08,20191112,20151215,MG,4123
16991976,0001,1,STYLO FITNESS V.P,08,20151216,20120824,SP,7107
23852133,0001,1,FORUM FITNESS,02,20151216,20151216,BA,3849
23852572,0001,1,FISIOFITNES,08,20260507,20151216,SP,7149
23854018,0001,1,OFICINA DO CORPO,04,20210223,20151216,AM,0255
23856534,0001,1,TOP TRAINER,08,20211216,20151217,AL,2719
23857889,0001,1,ACADEMIA FORMA,04,20181025,20151217,PE,2629
23861625,0001,1,,08,20210701,20151217,SP,7071
23863864,0001,1,UNICA FITNESS,08,20210508,20150330,PR,7535
23865410,0001,1,GIGA PITBULL ACADEMIA,02,20151218,20151218,RO,0003
21924929,0001,1,JHERNANDES,08,20151219,20150224,SP,7107
23868264,0001,1,GYM C. ESPACO GIMNICO,08,20190320,20151219,SP,6219
11640949,0001,1,,08,20171121,20100305,ES,5705
23869448,0001,1,,08,20180202,20151221,SP,6389
23871735,0001,1,RITMO ACADEMIA,02,20251201,20151221,SP,6311
08216148,0003,2,ACADEMIA COLISEU,02,20151221,20151221,PR,7483
23875798,0001,1,PILATES JOANA D'ARC,02,20151222,20151222,PE,2457
23876423,0001,1,STUDIO DANCE,04,20220208,20151222,MA,0757
14905232,0001,1,THE FIT BOX,08,20180528,20120119,PR,7535
23877435,0001,1,PRO SAUDE FITNESS,04,20210413,20151222,MG,5403
23881305,0001,1,ACAO & REACAO ASSESSORIA ESPORTIVA,08,20210719,20151223,GO,9373
23885055,0001,1,O2 TREINAMENTO FUNCIONAL E PERSONALIZADO,04,20210311,20151224,RJ,6001
23885430,0001,1,PERSONAL TRAINER,04,20210419,20151225,SP,6361
23887924,0001,1,FISIOGIGLIO,04,20220209,20151228,RJ,6001
23889204,0001,1,,04,20210218,20151228,MT,9067
23892211,0001,1,,08,20170118,20151229,MG,5249
23895958,0001,1,SAUDE & PERFORMANCE E.S.,02,20220719,20151230,RR,0301
23897350,0001,1,PERSONAL TRAINER IN HOUSE,08,20160107,20160101,SP,6219
19634118,0001,1,,08,20211130,20140131,MG,4895
22684458,0001,1,CACAU COELHO PERSONAL TRAINER,08,20180126,20150619,PE,2531
23899913,0001,1,,08,20180131,20160104,SC,8113
23901292,0001,1,CAVALCANTE,04,20210224,20160104,CE,1389
23902761,0001,1,ACADEMIA ITA FIT,02,20160104,20160104,CE,1427
23903075,0001,1,VIDA ATIVA ACADEMIA,08,20181226,20160104,SC,8089
23905188,0001,1,,02,20160104,20160104,SP,6861
23905820,0001,1,,02,20160104,20160104,SP,7107
23907691,0001,1,PERSONAL STYLE,08,20161021,20160105,RN,1761
23908305,0001,1,,08,20200720,20160105,SP,6969
23908389,0001,1,TOP FITNESS,08,20181002,20160105,MS,9029
23910020,0001,1,FIT WAY SILVA,02,20240229,20160105,AP,0607
23911336,0001,1,STREET SPORT ASSESSORIA SSA,08,20181213,20160105,PR,7691
23914326,0001,1,GVIANA COACH,08,20171129,20160105,RJ,6001
23914594,0001,1,,08,20180912,20160105,RS,8599
23455619,0001,1,STUDIO FUNCIONAL LUKE FITNESS,02,20151013,20151013,MG,5239
15148633,0002,2,SUBSOLO ACADEMIA,08,20201123,20160106,MG,5427
23917015,0001,1,,08,20190903,20160106,MG,4079
23917849,0001,1,,04,20210203,20160106,MG,4865
23917857,0001,1,HARDFITNESS,04,20210226,20160106,SP,7107
23917976,0001,1,ACADEMIA LITORAL FITNESS,08,20190108,20160106,SE,3105
23918302,0001,1,VALDEVAN SANTOS,02,20240408,20160106,SP,7107
23918770,0001,1,,02,20160106,20160106,PR,7583
23919503,0001,1,F7 TRAINER ASSESSORIA ESPORTIVA,04,20210407,20160106,BA,3913
23920513,0001,1,PEDRO FALQUEIRO TREINAMENTO PERSONALIZADO,08,20180131,20160106,SP,6219
23927272,0001,1,TEAM CAETANO,02,20160107,20160107,RJ,6001
23928324,0001,1,,08,20180619,20160107,MG,4743
18493553,0001,1,,08,20160126,20130716,SP,6251
23931606,0001,1,CEPF FOOTBALL TRAINING,08,20180313,20160108,RJ,6001
23932331,0001,1,,04,20210323,20160108,PR,7749
23934190,0001,1,ACADEMIA ARENA GYM,08,20160919,20160108,BA,3423
23935639,0001,1,SERGIO SILVA SOARES 78284660644,08,20200131,20160108,MG,4123
23939760,0001,1,STUDIO KIRA,08,20210315,20160109,SP,6291
18293826,0002,2,,08,20230912,20160111,SP,6415
23946231,0001,1,ACADEMIA SAUDE TOTAL,02,20160111,20160111,RS,8527
23947383,0001,1,VILA FITNNES,04,20210223,20160111,AC,0139
23947629,0001,1,PHISICUS,02,20160111,20160111,PR,7427
23948119,0001,1,APEX TREINAMENTO PERSONALIZADO,02,20160111,20160111,SP,6323
23948465,0001,1,,08,20210630,20160111,BA,3533
23950084,0001,1,AS ASSESSORIA ESPORTIVA,04,20210316,20160111,RJ,6001
23950208,0001,1,STUDIO 21 - SAUDE E BEM-ESTAR,08,20240718,20160111,RJ,6001
23950864,0001,1,SCHNEIDER,08,20180115,20160112,RS,8637
23951082,0001,1,ESPACO DANCANDO,08,20200110,20160112,RS,8687
23952092,0001,1,ACADEMIA MASTER FITNESS,08,20220826,20160112,PR,7607
23962364,0001,1,ESPACO SAUDE TOTAL,08,20200603,20160113,PI,1043
23962886,0001,1,JISFITNESS,04,20231027,20160113,SP,7107
23964740,0001,1,,08,20170707,20160113,RJ,6001
23966121,0001,1,ASV SERVICOS DOMICILIARES,08,20210304,20160113,RS,8801
23966155,0001,1,,02,20230131,20160113,MA,0921
23967129,0001,1,,08,20180125,20160113,PR,7691
23967836,0001,1,PERSONAL FITNESS,04,20210210,20160113,DF,9701
23969135,0001,1,ACADEMIA LIFE,08,20180406,20160113,MG,4205
23971204,0001,1,HIT ACADEMIA,02,20160114,20160114,PE,2513
23974162,0001,1,CENTRO INTEGRADO DE EDUCACAO E SERVICOS,04,20260515,20160112,CE,1239
23976409,0001,1,EQUILIBRIUM FIT,08,20161108,20160114,CE,1389
23978454,0001,1,ACADEMIA PERFORMANCE,02,20160115,20160115,RS,7299
23982552,0001,1,,08,20220322,20160115,MG,5403
23982949,0001,1,CARDIOSPORTS ASSESSORIA ESPORTIVA,02,20160115,20160115,ES,5703
23983840,0001,1,CARLOS LEITE,04,20210316,20160115,SP,6907
23986015,0001,1,QTL,02,20160115,20160115,SP,6853
23986027,0001,1,,08,20210426,20160115,SP,2951
23986373,0001,1,TETSUO,04,20210210,20160115,DF,9701
23987905,0001,1,LAIS MENDES PEREIRA,08,20210209,20160116,MG,4123
23988773,0001,1,DALTON ESPORTES,08,20180529,20160118,CE,1389
23989104,0001,1,LUCAO.GONZAGA - PERSONAL TRAINER,08,20160309,20160118,MG,4553
14968035,0001,1,OBJETIVO FITENESS,04,20210407,20120131,BA,3849
23991587,0001,1,KR FITNESS,04,20201103,20160118,SP,7107
23994929,0001,1,BEM ESTAR FITNESS,02,20160118,20160118,MA,0262
23997631,0001,1,LUIS CARLOS JACINTO ASSESSORIA ESPORTIVA PERSONALIZADA,08,20170605,20160118,SP,6619
24007450,0001,1,STAL FIT,04,20210305,20160119,SP,7107
24008736,0001,1,ACADEMIA SAUDE E BEM ESTAR,08,20180716,20160120,MG,5155
24011168,0001,1,FERNANDA VIANA,08,20241219,20160120,PR,7691
24011325,0001,1,JORGEESPORTES,08,20210419,20160120,DF,9701
24014293,0001,1,,02,20240814,20151116,PR,7535
24018896,0001,1,MALHACAO ACADEMIA,08,20160628,20160121,MG,4865
24019121,0001,1,GET FIT BRASIL ACADEMIA,08,20190104,20160121,SP,7107
24019785,0001,1,,08,20250426,20160121,SP,7057
24019882,0001,1,DC- FITNESS,08,20210212,20160121,GO,9443
24024114,0001,1,SUPER ATLETAS,08,20210611,20160121,RJ,5803
24024484,0001,1,INTERFISIO,02,20160121,20160121,MA,0921
24025078,0001,1,BY FITNESS ACADEMIA,04,20210416,20160121,MG,4083
24027695,0001,1,CENTRO DE TREINAMENTO GUERREIROS DE CRISTO,04,20210209,20160122,ES,5699
24028652,0001,1,PERSONAL TRAINER ANDERSON PAGANOTTO,08,20250528,20160122,SC,8179
24033027,0001,1,STUDIO PILATES TAISA NATALINO,08,20240625,20160122,MG,4145
20721362,0001,1,OXYGYM ACADEMIA,02,20140721,20140721,PR,7563
24038313,0001,1,EQUIPE BANG MINAS,02,20160125,20160125,MG,4431
24038993,0001,1,GIOVANA PILATES,08,20180208,20160125,MT,8985
24039196,0001,1,CONCEPT TRAINNING,04,20231116,20160122,SP,7099
24041090,0001,1,STUDIO D PILATES,08,20180402,20160125,PR,7751
24043964,0001,1,,08,20190110,20160125,SP,6619
24046748,0001,1,CAMILA SERRA,08,20180223,20160125,SP,6875
23834190,0001,1,,08,20160428,20151214,ES,5681
24053238,0001,1,ACADEMIA EVOLUTION,08,20180410,20160126,PE,2521
24053541,0001,1,,08,20170712,20160126,RS,8757
24053612,0001,1,,08,20160302,20160126,SP,7107
24054905,0001,1,STUDIO PILATES CARINA CARLUCCI,08,20170818,20160126,PR,0876
24055181,0001,1,ACACIO LIMA,08,20171227,20160126,SP,6681
24056028,0001,1,ESPORTES E AVD'S,02,20240925,20160126,SP,6897
24056920,0001,1,PRISCILA BUENO PERSONAL,08,20180820,20160126,GO,9227
15699392,0003,2,,08,20160901,20160127,SP,6209
24060129,0001,1,WORD FTNESS,08,20180625,20160127,MG,5403
24060861,0001,1,LOUNGE PILATES,04,20220208,20160127,CE,1389
24063627,0001,1,,08,20170330,20160127,SP,6149
24064686,0001,1,BRAZILIAN IMPACTO TEAM BIT,04,20210323,20160127,SC,8047
24064998,0001,1,AMANDA BENAZZI,08,20250123,20160127,SC,8105
24067297,0001,1,TRIFOSFATO - FISIOLOGIA DO ESPORTE,02,20210426,20160128,SP,7107
24067421,0001,1,,08,20170320,20160128,SP,6975
24070680,0001,1,ACADEMIA EVOLUTION FITNESS,02,20160128,20160128,BA,3805
24073720,0001,1,,08,20180606,20160128,SP,7035
24079630,0001,1,MARCEL PERSONAL,04,20210210,20160129,DF,9701
24079951,0001,1,,08,20190118,20160129,SP,7107
24080093,0001,1,CORREA & MANES ASSESSORIA ESPORTIVA,04,20210210,20160129,DF,9701
23249060,0001,1,DEWLIN VARGAS STUDIO FITNESS,08,20160129,20150910,RJ,5903
24084164,0001,1,,08,20160627,20160129,SP,7107
24084327,0001,1,ULTRAFIT,04,20210316,20160129,RJ,6001
24086382,0001,1,TOMASCHEWSKI,04,20210304,20160130,RS,8589
24086417,0001,1,PROFESSOR ALEXANDRE,08,20170608,20160130,RJ,6001
24088034,0001,1,TREINADORFABRICIOLEAO,04,20210212,20160131,GO,9571
24095575,0001,1,MENDES PERSONAL TRAINER,02,20160201,20160201,GO,9423
24097102,0001,1,STUDIO PERSONAL RALPH,02,20160201,20160201,MG,4213
24100211,0001,1,PRO FIT ACADEMIA,08,20170719,20151221,PR,7535
24101716,0001,1,INES PERSONAL,08,20240619,20160202,DF,9701
24102094,0001,1,CENTER FITNESS,02,20160202,20160202,PR,8461
10744899,0002,2,TOP FORM ACADEMIA,02,20240321,20160202,SP,7107
24104850,0001,1,ROMULO CESAR PERSONAL SAUDE,08,20171101,20160202,PR,7563
24110716,0001,1,,08,20170530,20160203,RJ,5807
24111097,0001,1,,08,20250724,20160203,MG,4865
24113739,0001,1,ACADEMIA L3,02,20160203,20160203,CE,1389
24114061,0001,1,BM PERFORMANCE TRAINING,08,20171006,20160203,RS,8599
24116858,0001,1,,04,20220208,20160204,MG,4123
24118023,0001,1,TREINAMENTO FUNCIONAL,08,20180510,20160204,PR,7427
24118290,0001,1,J.N.PERSONAL,04,20210415,20160204,SP,7145
24118301,0001,1,DM TREINAMENTO FISICO E SAUDE,08,20180522,20160204,RS,8801
24120567,0001,1,RAFAEL J SOUZA PERSONAL,08,20160731,20160204,GO,9369
24125979,0001,1,CAROLINA FRANZON PERSONAL TRAINNING,08,20170908,20160205,SP,7107
24132589,0001,1,EQUILIBRIO E SAUDE,08,20180619,20160205,RS,8839
24133828,0001,1,SAULO MOTA,08,20170531,20160207,DF,9701
24136089,0001,1,TOP FORMA STUDIO DE PILATES,02,20160209,20160209,SC,8365
24137437,0001,1,,08,20180110,20160210,SP,6183
24137554,0001,1,MATEUSMELLOPERSONAL,08,20170411,20160210,MG,4123
24137643,0001,1,BPM4,08,20210812,20160210,SP,7075
24138028,0001,1,GB ANAPOLIS,02,20160210,20160210,GO,9221
24138806,0001,1,GRUPO DE CAPOEIRA LIBERTOS DA SENZALA,08,20170530,20160210,PR,7573
24139759,0001,1,THIAGO NOGUEIRAA,04,20210326,20160210,SP,6477
24140076,0001,1,ATIVA ESTUDIO PILATES,08,20210729,20160210,PR,7441
24142692,0001,1,GF ACADEMIA,04,20260512,20160211,ES,5697
24143171,0001,1,CLM TREINAMENTO E SAUDE,08,20180105,20160211,RS,8801
24144194,0001,1,NNAMASKAR SAUDE E EQUILIBRIO,08,20210910,20160211,SP,6131
24144363,0001,1,,08,20230315,20160211,SP,6181
24145536,0001,1,FOCO FITNESS,08,20200602,20160211,RJ,5865
24145830,0001,1,CENTRO DE TREINAMENTO COLISEU,08,20210730,20160211,MS,9013
24146386,0001,1,CIRCUITO KIDS,08,20180205,20160211,RJ,5865
24149067,0001,1,FISIO VAL,08,20220905,20160211,SP,7107
24149169,0001,1,FARAH STUDIO - TREINAMENTO FUNCIONAL,02,20240110,20160211,SP,6313
24150551,0001,1,CESAR CARDOSO,08,20210825,20160211,SP,7107
24152367,0001,1,,04,20220208,20160212,SP,6571
24155781,0001,1,BIO THE MOVIMENT,08,20180201,20160212,PR,7585
24156688,0001,1,CROSSFITM7 ACADEMIA,02,20160212,20160212,PR,7691
24157035,0001,1,PAULISTA PERSONAL TRAINING STUDIO,08,20221020,20160212,RS,8525
24157329,0001,1,MA SPORTS,04,20210212,20160212,GO,9373
24157441,0001,1,WEST FITNESS ACADEMIA,02,20160212,20160212,PR,7493
24159000,0001,1,BRUNO AUGUSTO PERSONAL TRAINER,08,20240805,20160212,GO,9373
24160263,0001,1,ERGONRIO FITNESS,08,20240229,20160213,RJ,6001
24161882,0001,1,TRANSFORMACAO ASSESORIA ESPORTIVA,08,20160801,20160214,PE,2531
24163823,0001,1,STUDIO FRAN FITNESS E DANCA,02,20160215,20160215,MG,4365
24164518,0001,1,,08,20210917,20160215,SP,6133
18836458,0001,1,FITNESS CENTER ACADEMIA,02,20130909,20130909,SP,6695
24165886,0001,1,MUSCLEFIT FUNCIONAL,04,20201027,20160215,MA,0961
24166709,0001,1,A15 SELVA,08,20211118,20160215,SP,6619
24167417,0001,1,,04,20220209,20160215,MG,4165
24168484,0001,1,LV CONSULTORIA ESPORTIVA,02,20160215,20160215,SP,7099
24168558,0001,1,AL FITNESS,08,20190308,20160215,GO,9389
24175046,0001,1,DURREIS SAUDE E ESTETICA,02,20160216,20160216,PA,0447
24177556,0001,1,LIFE CENTRO DE QUALIDADE DE VIDA,08,20190716,20160216,SC,8069
24181103,0001,1,ELI CENTRO DE TREINAMENTO,08,20230327,20160216,AP,0605
24181533,0001,1,PERSONAL ACADEMIA,08,20170807,20160212,RS,8531
24183947,0001,1,,08,20190102,20160217,SP,6619
24185260,0001,1,RUNNY CORRIDA PARA TODOS,08,20220630,20160217,RS,8531
24186700,0001,1,BLACK FIT ACADEMIA,02,20240606,20160217,PA,0465
24188850,0001,1,,08,20180612,20160217,RJ,5819
24189148,0001,1,PLUS FITNESS ACADEMIA,04,20190228,20160217,CE,1559
24190325,0001,1,,08,20200302,20160217,PR,7535
24193577,0001,1,ACADEMIA BOXE NA PRAIA,08,20190315,20160218,BA,3849
24195214,0001,1,FIT ART DANCE,08,20170413,20160218,SP,7121
24195347,0001,1,CLINICA PERSONAL RONE CARVALHO,02,20220111,20160218,TO,9559
24196216,0001,1,LITALO PERSONAL,08,20180312,20160218,PE,2381
24197989,0001,1,,08,20170810,20160218,SP,6835
21716129,0001,1,ACADEMIA TERCIANI,08,20170712,20150121,SP,7243
24199153,0001,1,YOGA MANTIQUEIRA,04,20220209,20160218,SP,7083
24199764,0001,1,,08,20210324,20160218,SP,6425
24201860,0001,1,MARIO ROSA PERSONAL TRAINER,08,20180315,20160218,SP,7009
24202922,0001,1,TYR ONE HAND TREINAMENTO DE MUAY THAI,08,20170615,20160218,SP,6155
24205982,0001,1,ACADEMIA LB FITNESS,08,20210330,20160219,PR,7407
24207814,0001,1,ESPACO D' PAULA,08,20221110,20160218,RS,8771
24209246,0001,1,MY WAY FITNESS,08,20190204,20160218,GO,9373
24211635,0001,1,VICTORJOAQUIM,08,20170809,20160219,SC,8179
24212172,0001,1,,08,20160719,20160220,GO,9301
24212648,0001,1,STUDIO MOVIMENTE-SE,08,20180131,20160220,MG,4135
24213301,0001,1,PERSONAL 86,08,20180427,20160220,SP,7107
24215085,0001,1,,08,20180228,20160222,GO,9571
24215593,0001,1,,02,20160222,20160222,SP,6217
24217377,0001,1,RO2 NUTRITION,08,20250930,20160222,PE,2521
24221658,0001,1,,08,20180806,20160222,MS,9073
24223044,0001,1,,02,20160222,20160222,SP,7075
24225167,0001,1,"WATER LIFE, NATACAO E HIDROGINASTICA",04,20260605,20160222,SP,7037
24225416,0001,1,FITNESS BEACH ILHABELA,08,20171127,20160222,SP,6509
24227116,0001,1,EVOLUTION ARTES MARCIAIS,04,20210304,20160223,RS,8841
24228807,0001,1,,02,20160223,20160223,SP,7209
24229113,0001,1,CENTRO DE TREINAMENTO JULIANA ARAUJO,08,20251128,20160223,MG,4431
24229124,0001,1,EVOLUCAO ACADEMIA,08,20260528,20160223,PB,1981
24231331,0001,1,MOVIMENTO FITNESS,08,20180509,20160223,RS,1008
24231949,0001,1,VITORIA ROSA EVENTOS ESPORTIVOS,04,20220209,20160223,SP,7107
24234372,0001,1,TOWER PILATES,08,20251015,20160223,MG,4069
24241532,0001,1,FGA ASSESSORIA ESPORTIVA E PERSONAL TRAINER,04,20220208,20160224,SC,8105
24242519,0001,1,CIRCUITO WELLNESS,08,20180131,20160224,ES,5703
24244697,0001,1,ATIVA ACADEMIA,02,20160224,20160224,PR,7463
24248326,0001,1,URBAN.FIT,02,20160224,20160224,RJ,6001
24250368,0001,1,PILATES CAMILA,08,20190104,20160225,SC,8395
24252479,0001,1,VIVA ACADEMIA,08,20170818,20160225,ES,5699
24252864,0001,1,,04,20210426,20160225,BA,3515
24253377,0001,1,POLLYNE TRAINER,04,20210212,20160225,GO,9373
24255128,0001,1,ELAINE CRISTINA ABISCULA,02,20160225,20160225,SP,6177
23671938,0001,1,FISICORP ASSESSORIA ESPORTIVA,04,20210325,20151116,RJ,5833
20816899,0001,1,,08,20190218,20140812,SP,6415
24260511,0001,1,PV TREINAMENTO E PERFORMANCE,08,20160831,20160226,SP,6219
24261116,0001,1,OLIVER GYM,04,20210426,20160226,AL,2785
24261268,0001,1,STUDIO DE PILATES JUREMA BARRETO,04,20210224,20160226,CE,1389
24263133,0001,1,PRIME FITNESS,02,20260521,20160226,BA,3429
24265127,0001,1,,02,20160226,20160226,SC,8179
24266211,0001,1,PROFESSOR GIOVANINI,04,20210311,20160227,RJ,6001
24267266,0001,1,TSPORTFISIO,08,20220329,20160228,SP,7145
24267556,0001,1,BF ATHLETIC POWER,08,20191014,20160228,BA,3661
24268008,0001,1,SAUDE FISIOPILATES,08,20190416,20160228,SP,7145
24270807,0001,1,TEAM OCEANA BOXING GYM,08,20171222,20160229,CE,1319
24272162,0001,1,,08,20160531,20160229,SC,8047
21455329,0001,1,PROFIT ACADEMIA,08,20160229,20141124,PE,2491
24274176,0001,1,SAUDE FUNCIONAL,08,20170818,20160229,CE,1389
24275374,0001,1,BBDE CENTRO DE TREINAMENTO,08,20181212,20160229,RJ,1116
24276416,0001,1,ACADEMIA F5,08,20230213,20160229,MG,5403
24278243,0001,1,STUDIO TAB ME,08,20251104,20160229,SP,7107
24278545,0001,1,PASSO MATERNO,04,20210224,20160229,CE,1389
24280241,0001,1,ACADEMIA CORPUS,08,20251216,20160301,BA,3363
24281523,0001,1,,08,20181122,20160301,SC,8327
24284652,0001,1,,08,20160418,20160301,SP,7029
24285569,0001,1,JOLIE ESPACO DE VIDA,02,20160301,20160301,RS,8801
24286939,0001,1,DANILO SPORT NUTRITION,04,20210331,20160301,MG,4885
24288273,0001,1,LLS SUPLEMENTOS,08,20161109,20160301,SP,7107
24291607,0001,1,INSTITUTO EDUCACIONAL DE GINASTICA ZIEL,04,20210303,20160302,MA,0921
23189028,0001,1,IBOX FITNESS,02,20150901,20150901,PE,2627
24301072,0001,1,,08,20200420,20160303,SC,8291
24302201,0001,1,N7 FITNESS,08,20220329,20160303,MA,0118
24303545,0001,1,DECATRIN FITNESS,08,20160608,20160303,RS,8973
24304202,0001,1,REIFF,04,20231027,20160303,RJ,6001
24308962,0001,1,FIT + SAUDE,08,20170205,20160304,SP,6619
24312016,0001,1,,08,20160407,20160304,SP,7107
24313047,0001,1,ACADEMIA MALHART VIP,08,20190416,20160304,RN,1779
24313114,0001,1,PROFISSIONAL DA SAUDE,08,20210105,20160304,CE,1389
24316771,0001,1,MAH,08,20180216,20160304,MG,0740
24270284,0001,1,POSTURAL PILATES,08,20180608,20160229,PA,0427
24318977,0001,1,HENRIQUE PERSONAL TRAINER,08,20180221,20160306,MG,5049
24319828,0001,1,PATRICIA LOPES,04,20231026,20160306,CE,1389
24323381,0001,1,CORPO EM ACAO,08,20180422,20160307,SP,7107
24326543,0001,1,PERSOMAU TREINAMENTO PERSONALIZADO,08,20260604,20160307,SC,8233
24326875,0001,1,CROSSFIT PIRITUBA,08,20200717,20160307,SP,7107
21797860,0002,2,ACADEMIA SUPERACAO 100 FEMININA,08,20200107,20160307,SP,7181
24329257,0001,1,,08,20160409,20160307,SP,7037
24331887,0001,1,E.R FITNESS,08,20170315,20160308,PE,2491
24332043,0001,1,BLACK FIT,04,20210303,20160308,MA,0921
24332921,0001,1,MILENA MENEGOZZI,08,20191001,20160308,SP,7107
24339534,0001,1,TOP FITNESS JURUAIA,08,20161220,20160309,MG,4737
24339837,0001,1,,08,20180816,20160309,PR,7493
24339942,0001,1,,04,20210419,20160309,SP,6713
24343323,0001,1,MASTER FITNESS,04,20210422,20160309,BA,3965
24345121,0001,1,MARA PERSONAL,02,20160309,20160309,RS,8853
24348758,0001,1,PAULO FITNESS,04,20231120,20160309,BA,3781
24351978,0001,1,HEALTH INSTRUCTOR,08,20220131,20160310,ES,5703
24355267,0001,1,,08,20170814,20160310,SC,8211
24356665,0001,1,VIVA PERSONAL HEALTH,04,20210408,20160310,SP,7071
23953034,0001,1,ESPACO KRONOS,08,20170526,20160112,SP,6483
24359550,0001,1,STUDIO YLLEK EQUILIBRIO CORPO E MENTE,08,20160512,20160311,RS,8801
24362201,0001,1,LIFE FITNESS ACADEMIA,08,20180326,20160311,MG,5079
24363644,0001,1,ATIVO 360,08,20211019,20160311,RS,8801
24365081,0001,1,,02,20160311,20160311,MG,5257
24369656,0001,1,STUDIO FITNESS,04,20210416,20160312,MG,4123
20974698,0001,1,,08,20160314,20140904,SP,6291
24375648,0001,1,ADILSON SEGALLA ASSESSORIA ESPORTIVA,08,20161116,20160314,SP,6291
24376637,0001,1,ACADEMIA STUDIO FITNESS,08,20170811,20160314,SC,5569
24377833,0001,1,ACADEMIA TOP 10,04,20210401,20160314,DF,9701
24379524,0001,1,CLAU,04,20210226,20160314,SP,7107
24380087,0001,1,BARRACAO DO TREINO,04,20190301,20160314,PR,7435
24381730,0001,1,ACADEMIA NOVA OPCAO,04,20260529,20160314,AM,0255
24386009,0001,1,VILATE SAUDE E BEM ESTAR,02,20160315,20160315,SP,6511
24386722,0001,1,AS FITNESS,08,20230629,20160315,PR,7667
24389909,0001,1,,02,20160315,20160315,SP,6885
24390518,0001,1,ESPACO CORPUS,02,20250320,20160315,CE,1597
24390709,0001,1,EXITO,08,20190114,20160315,GO,9305
24269861,0001,1,,02,20160229,20160229,SP,6969
24393636,0001,1,SOW TRAINER,02,20231016,20160316,MG,4267
24394434,0001,1,GESTAO FITNESS ACADEMIA,02,20160316,20160316,MG,5391
24394630,0001,1,,08,20190510,20160316,PR,7535
24395136,0001,1,MAREGA THAI FIGHT E FITNESS,04,20210408,20160316,SP,6301
24398669,0001,1,NAIAN CAETANO PILATES,08,20190205,20160316,PR,7535
24399272,0001,1,PROJECT MONSTER,08,20230223,20160316,PE,2341
24400209,0001,1,D'FITNESS,08,20180424,20160316,BA,3573
24404039,0001,1,,08,20201007,20160316,ES,5705
24404754,0001,1,VITALITY FITNESS,08,20180712,20160317,PR,7535
24405380,0001,1,PAREDE DE PEDRA,08,20260520,20160317,ES,5705
24405738,0001,1,ACADEMIA 24 HORAS,08,20221028,20160316,RJ,6001
24406216,0001,1,BI FREE TREINAMENTO FUNCIONAL,08,20210830,20160317,AL,2793
24410385,0001,1,,08,20210208,20160317,RS,8923
24412415,0001,1,AVIVAH,08,20190210,20160318,MG,4123
24412643,0001,1,RAYANE GEMINIANO,08,20190206,20160318,DF,9701
24412841,0001,1,ACADEMIA ESPORTE E SAUDE,08,20180430,20160318,SC,0973
24413860,0001,1,SAUDE EM FOCO,08,20210322,20160318,CE,1389
24414114,0001,1,TOP FIT,08,20210927,20160317,CE,1571
15734648,0002,2,VIP FRECHEIRAS,02,20240102,20160317,CE,1569
24417383,0001,1,VIVA MAIS CENTRO DE CONDICIONAMENTO ESPECIALIZADO,08,20231205,20160318,RJ,5819
17872140,0001,1,,04,20220610,20130404,SP,6511
24424304,0001,1,PERSONAL TRAINER FABIANA OLIVEIRA,08,20180221,20160321,SP,6291
24426104,0001,1,JULIANE NUNES MARQUES,08,20160321,20160321,GO,9373
24430222,0001,1,,08,20240515,20160321,PR,7493
24431818,0001,1,VITAL STUDIO DE PILATES,08,20180205,20160321,SC,8143
24436151,0001,1,CT POWER LIFE,02,20160322,20160322,PA,0415
24437537,0001,1,K PERSONALIT,08,20230626,20160322,SP,6789
24437996,0001,1,FABRICIO CARVALHO PERSONAL,08,20180807,20160322,RJ,5821
24438124,0001,1,LIVIA BERNARDES PILATES,02,20160322,20160322,GO,9563
24443727,0001,1,MEGABODY,02,20160322,20160322,CE,1389
24443799,0001,1,ESPACO FITNESS,08,20190506,20160323,TO,9521
24444497,0001,1,RADICAL TRAINING,08,20210223,20160323,PA,0427
24446760,0001,1,,02,20160323,20160323,SP,6563
24448305,0001,1,PAULLUS ACADEMIA,04,20190226,20160323,GO,9473
24453958,0001,1,SAA TREINAMENTO ESPORTIVO,08,20180525,20160324,MG,4799
24455517,0001,1,EQUIPE LEGRAND ASSESSORIA ESPORTIVA,02,20160324,20160324,RJ,6001
24456077,0001,1,SOL FITNESS STUDIO PILATES,04,20260515,20160324,BA,3901
24457025,0001,1,T.N TURBAE,08,20241001,20160324,RJ,2907
24457076,0001,1,,08,20200714,20160324,SP,6511
24458509,0001,1,ACADEMIA EDGYM,08,20160628,20160325,AM,0255
24462165,0001,1,ACADEMIA DANI SOUZA,02,20160323,20160323,ES,5625
24462851,0001,1,,08,20190816,20160328,SP,7183
24463305,0001,1,ACADEMIA AQUINO,04,20220128,20160328,GO,9361
22539247,0001,1,CASEFIT,08,20160328,20150527,BA,3849
24469013,0001,1,MA,08,20180221,20160328,PR,7889
24472212,0001,1,,08,20180131,20160329,RS,8853
20276616,0001,1,FISIO CLINIC,02,20140516,20140516,RN,1779
24476790,0001,1,MORGANA MACHADO,08,20170912,20160329,PR,7535
24482099,0001,1,AHA STYLUS MODA FASHION,08,20160331,20160330,SP,7107
24482632,0001,1,AGITALIFE ASSESSORIA EM QUALIDADE DE VIDA CORPORATIVA,02,20160330,20160330,SP,7107
24482659,0001,1,,02,20160329,20160329,ES,5713
24483917,0001,1,CLUB 10,08,20240829,20160330,MG,4123
24485060,0001,1,MOV LIV TREINAMENTO FUNCIONAL,08,20200918,20160330,SP,6671
24485169,0001,1,JUDO BRASIL,04,20210122,20160330,SP,6589
24487385,0001,1,,02,20160330,20160330,MG,4675
24488689,0001,1,,02,20160330,20160330,SP,6595
17506393,0001,1,ROMA.COM,08,20170809,20130131,BA,3849
24490368,0001,1,,04,20210419,20160330,SP,6401
24495371,0001,1,,02,20160331,20160331,SP,7135
24497428,0001,1,H.SUPLEMENTOS,08,20220809,20160331,PE,2639
24499903,0001,1,IMPERIO FITNESS,08,20180808,20160331,AL,2705
24501359,0001,1,,08,20190521,20160401,CE,1389
24502666,0001,1,SPORTS,08,20180423,20160401,MG,4675
24502807,0001,1,CORPO VIP ACADEMIA,08,20220630,20160401,PB,1987
24503649,0001,1,,08,20201127,20160331,SC,8251
24504476,0001,1,,04,20220607,20160401,PE,2629
24505168,0001,1,UNIT CENTRO ESPORTIVO,02,20250102,20160329,SC,8319
24505566,0001,1,NEWFITNESS,08,20170811,20160401,RS,8813
24508324,0001,1,LIFE ACADEMIA,02,20160331,20160331,MT,9911
24509379,0001,1,STUDIO 6.4,02,20260529,20160404,RJ,6001
24514919,0001,1,ONE SPORTS,08,20170921,20160404,MG,4865
24519348,0001,1,STUDIO RUBI,04,20210225,20160404,RS,8801
24519742,0001,1,G3 TREINAMENTO PERSONALIZADO - FUNCIONAL E PILATES,08,20180702,20160404,RS,8801
24520167,0001,1,,08,20181119,20160405,SP,6131
24523215,0001,1,ASSESSORIA ESPORTIVA MAIS SAUDE MAIS VIDA,02,20160405,20160405,SP,6371
24523263,0001,1,INTEGRARE,08,20171121,20160405,RS,8791
24527511,0001,1,TREINAMENTOS ESPORTIVOS CMC,08,20230905,20160405,GO,9227
24529221,0001,1,AERO FITNESS,02,20160405,20160405,BA,3039
24530399,0001,1,HENRIQUE PEREIRA,08,20160817,20160405,SP,6707
24531127,0001,1,INTENSE STUDIO FITNESS,08,20240517,20160406,RS,8589
19386470,0001,1,M2 MOVE FITNESS,02,20131210,20131210,SP,7107
24533620,0001,1,ACADEMIA FLEX FITNESS,08,20200110,20160406,AM,0255
24534340,0001,1,OLIVEIRA PERSONAL TRAINER,04,20210413,20160406,MG,4939
24534728,0001,1,ATLAS ASSESSORIA ESPORTIVA,04,20231117,20160406,SP,6831
24537966,0001,1,,02,20160406,20160406,MG,4123
24538173,0001,1,,08,20210914,20160406,SP,6875
24538684,0001,1,ALPHA SPORTS,08,20220303,20160406,SP,6213
24541063,0001,1,,08,20251208,20160407,CE,1537
24541840,0001,1,,08,20160608,20160407,SP,7209
24543345,0001,1,,08,20210315,20160407,PR,7535
24544640,0001,1,THAISA OLIVEIRA COSTA,08,20230119,20160407,GO,9227
24544939,0001,1,PREMIER GYM VOTORANTIM,02,20160407,20160407,SP,7243
24547437,0001,1,CORE PILATES,02,20160407,20160407,SP,6619
24548787,0001,1,,04,20210415,20160407,SP,7145
24550702,0001,1,NOVA FITNESS ACADEMIA,02,20160408,20160408,MS,9111
24553736,0001,1,UP PERSONAL GYM,02,20160408,20160408,PE,2381
24555756,0001,1,FRANCIELE GAZOLA PILATES E MICROFISIOTERAPIA,08,20210114,20160408,PR,7493
19242873,0001,1,CENTRO DE TREINAMENTO PERSONALIZADO JOHN FITNESS,08,20210617,20131112,MG,4659
24557075,0001,1,,08,20220718,20160408,PR,7935
24559921,0001,1,STARK STUDIO PILATES,08,20170609,20160410,SP,7071
24561198,0001,1,ACADEMIA CORPO EM MOVIMENTO,08,20160606,20160408,SE,3161
24561217,0001,1,,08,20170301,20160411,SC,8105
24562882,0001,1,,08,20190513,20160411,DF,9701
24565407,0001,1,,08,20170113,20160411,SP,6619
07594978,0056,2,SMART FIT,02,20130419,20130419,RN,1761
24569028,0001,1,WVESPORTES,02,20220126,20160411,SP,6619
24572979,0001,1,,08,20220113,20160412,SP,6291
24574118,0001,1,MEGAFIT,08,20260417,20160412,PA,0587
24574327,0001,1,,04,20210317,20160412,PR,5453
24577664,0001,1,,02,20160412,20160412,SP,7107
24579025,0001,1,FABIO VILALBA PERSONAL,08,20170703,20160412,MS,9051
24581179,0001,1,STUDIO STARTMOVE - TREINAMENTO FUNCIONAL,08,20190527,20160413,SP,6219
24585587,0001,1,DINAMICA,08,20160511,20160413,ES,5623
24586438,0001,1,BADMINTON,02,20230127,20160413,SP,7097
24588442,0001,1,ACADEMIA E CENTRO DE TREINAMENTO TIME2FIT,02,20210902,20160413,BA,3595
24596046,0001,1,STUDIO PILATES MARILIA CASTRO,02,20160414,20160414,PB,2051
24597191,0001,1,SANDRO PERSONAL TRAINER,08,20180417,20160414,SC,8105
24605825,0001,1,CORRER BEM ASSESSORIA ESPORTIVA,08,20190325,20160415,SP,6795
24608959,0001,1,ZECA FERREIRA ATIVIDADE FISICA PRESONALIZADA,08,20160825,20160415,RS,8953
24609019,0001,1,DANDARAP PERSONAL,08,20240619,20160415,RJ,5801
23370223,0001,1,ESPACO FITNESS - VARANDAO DO TREINO,04,20210319,20150929,RJ,5813
24612085,0001,1,ALINE - EDUCADORA FISICA,08,20160503,20160418,SP,6687
24613856,0001,1,BONFIM NATURAL,04,20210422,20160418,BA,3901
24616871,0001,1,KATHERINE MELLO PERSONAL TRAINER,02,20160418,20160418,SP,7107
24619508,0001,1,,04,20210326,20160418,SP,6875
24619668,0001,1,SAUDE FITNNES,08,20160704,20160418,SP,6177
24624091,0001,1,R. W. PERSONAL TRAINER,08,20161207,20160419,MS,9157
24626358,0001,1,GIUDICELTDA,08,20180326,20160419,SP,6861
24630174,0001,1,STUDIO DE PILATES FRANCIELI BUENO,08,20170526,20160419,SC,8163
24630525,0001,1,R.L ASSESSORIA ESPORTIVA,02,20160419,20160419,SP,6361
24633621,0001,1,ESQUADRAOSAUDE & BENEVENUTORUN ASSESSORIA ESPORTIVA,04,20210310,20160420,SP,6291
24634001,0001,1,FOUR ONE ASSESSORIA ESPORTIVA,02,20160216,20160216,PR,7535
24634069,0001,1,LINHA & CURVAS,08,20210108,20160420,CE,1389
24634429,0001,1,PRISCILA,08,20191025,20160420,RS,8815
20763179,0002,2,,02,20160420,20160420,SP,7107
24638000,0001,1,ACADEMIA HAMMER FIT,02,20160420,20160420,SP,7107
24638248,0001,1,TRIBO CROSSTRAINING,02,20160420,20160420,MG,4387
24640029,0001,1,ACADEMIA HARDCORE FITNESS,04,20260513,20160420,MA,0803
24641101,0001,1,ESPACO SANTANA,08,20180908,20160421,SP,6689
24641902,0001,1,EQUIPE GARBE PERSONAL FIGHTHER,08,20170314,20160421,RJ,5813
24642494,0001,1,BLACK ACADEMIA VIDA E SAUDE,02,20160418,20160418,RS,9821
24645177,0001,1,,08,20190104,20160422,SP,6579
24650452,0001,1,DMELLO FITNESS ASSESSORIA,08,20190501,20160425,SP,7107
24650563,0001,1,CIA FITNESS STUDIO,04,20220608,20160420,MS,9073
24655148,0001,1,COLISEU FITNESS CENTER,08,20211026,20160425,MA,0803
24656747,0001,1,JPERSONAL,08,20180831,20160425,RJ,6001
24431360,0001,1,ACADEMIA BIL FLEX,04,20210326,20160321,SP,6875
24658599,0001,1,ICARO DANIEL RODRIGUES DOS SANTOS,04,20210224,20160426,CE,1389
24659882,0001,1,E 2 FITNESS CLUB,08,20260612,20160426,PE,2531
24660924,0001,1,,08,20180918,20160426,SC,8105
24662332,0001,1,GW ACADEMIA,08,20260609,20160420,CE,1411
24662886,0001,1,TALITA FELIX,08,20161214,20160426,SP,6969
24669354,0001,1,,08,20190129,20160427,PR,7887
24669377,0001,1,LF ASSESSORIA ESPORTIVA,04,20220208,20160427,RJ,6001
24673957,0001,1,CORPORE,08,20190130,20160427,RS,8791
24675148,0001,1,SUCCI FITNESS,08,20210517,20160427,BA,3807
24675972,0001,1,SAUDE FUNCIONAL II,04,20241127,20160427,SC,8105
24680096,0001,1,STUDIO PILATES ISABELA SOUZA,08,20190225,20160428,SP,6169
24568502,0001,1,FISIOCORPUS,02,20160411,20160411,MG,4083
24682816,0001,1,LIMA PERSONAL,08,20170112,20160428,BA,3965
24692641,0001,1,RENATO GIOVANELLI PERSONAL SPORTS,04,20210226,20160429,SP,7107
24693294,0001,1,,08,20240927,20160429,GO,9373
22131025,0001,1,,08,20160429,20150326,RJ,6001
24694041,0001,1,JAQUELINE BITNER,08,20190213,20160429,SC,8125
24694131,0001,1,ESPACO MOV & MENTE,08,20170413,20160429,PR,7493
24697130,0001,1,PIU JIU JTSU,04,20210310,20160501,SP,6291
24697175,0001,1,STAR FITNESS E ESTETICA,08,20160817,20160501,MG,4123
24697215,0001,1,,08,20170212,20160501,MG,4445
24697598,0001,1,ALONGANDO A VIDA,04,20220209,20160501,SP,6165
24701076,0001,1,EDUMACHADO,08,20170811,20160502,SP,6291
19097903,0002,2,ACADEMIA BODY ENERGY FILIAL -1,02,20160502,20160502,MG,4123
24702272,0001,1,CORPUSFIT ACADEMIA,08,20180810,20160502,MG,4251
24702408,0001,1,PINK ACADEMIA FEMININA,04,20210408,20160502,SP,6897
09502107,0002,2,ACADEMIA NOVO ESTILO,02,20160502,20160502,PR,7737
24713495,0001,1,STUDIO PILATES STEPHANIE LIMA,08,20180507,20160503,PR,7427
24713868,0001,1,SERVICOS DO BEIJA FLOR,08,20160721,20160503,RJ,6001
24716683,0001,1,LUCAS AIMI TREINAMENTO PERSONALIZADO,02,20160503,20160503,RS,8903
24716832,0001,1,R.W CENTRO DE TREINAMENTO INTEGRADO,02,20221205,20160503,PE,2629
24717509,0001,1,,04,20220208,20160503,PR,7667
24718704,0001,1,ABEL CALDAS JUNIOR,08,20180912,20160503,BA,3873
24719683,0001,1,MSD ACADEMIA,08,20170120,20160504,TO,0343
24719827,0001,1,ACADEMIA PRO FIT CLUB,08,20191003,20160428,DF,9701
24722066,0001,1,,02,20260602,20160503,RS,8853
24722293,0001,1,ACADEMIA FORMA & FITNESS,04,20210223,20160504,AM,0251
24722502,0001,1,STUDIO DANCE & FIT,02,20240404,20160504,RJ,2907
24729885,0001,1,EPA - ESPACO PROFESSOR ALLAN,08,20161031,20160504,MT,9067
24734549,0001,1,ACADEMIA NC BOX,08,20160614,20160505,SP,6219
24739228,0001,1,TB FIGHT FITNESS ASSESSORIA ESPORTIVA,08,20170404,20160505,SP,7107
24744071,0001,1,ACADEMIA VIP,04,20210416,20160506,MG,4123
24748549,0001,1,TFK TREINAMENTO FISICO,08,20211214,20160507,RS,8791
24751573,0001,1,RITMO FITNESS,04,20210416,20160509,MG,4123
24752179,0001,1,GYM PRIME,02,20160506,20160506,BA,3965
24752872,0001,1,HIDRO FITNESS,08,20180412,20160509,PA,0625
24753145,0001,1,MAIS FOLEGO,02,20160509,20160509,CE,1389
24743103,0001,1,ESPACO PILATES,02,20220112,20160506,SP,6899
24755438,0001,1,TRIA TERAPIAS,08,20160514,20160509,SC,8105
24760405,0001,1,PS FITNESS,04,20210426,20160509,AL,2785
24763012,0001,1,CORPUS,08,20220407,20160510,RS,8705
24763599,0001,1,A R FITNES,08,20221215,20160509,SP,6537
24764621,0001,1,MONICA ANDRETTI PERSONAL TRAINER,08,20190208,20160510,SC,8105
24767359,0001,1,KORPER - CENTRO DE SAUDE FISICA,08,20191203,20160510,SC,8023
24770475,0001,1,,08,20210318,20160510,SP,6219
24773406,0001,1,,08,20211027,20160511,MT,9047
24776102,0001,1,SENEGAL FIHGT-TEAM,04,20220128,20160511,MA,0803
24776294,0001,1,,04,20210318,20160511,SC,8179
24776329,0001,1,CORPO ATLETICO ACADEMIA,04,20260515,20160510,CE,1385
24778058,0001,1,PERSONAL FITNESS,08,20180808,20160511,SP,6429
24779009,0001,1,JANDOMELO,04,20220125,20160511,PE,2531
24779139,0001,1,,08,20180223,20160511,PR,7667
24781043,0001,1,EWELLIN LEITE,04,20210219,20160511,PA,0415
24781906,0001,1,DE PERNAS PARA O AR,08,20160514,20160512,PR,7535
24782321,0001,1,,08,20231205,20160511,RS,8599
24782551,0001,1,SLIM FIT,02,20240515,20160512,PR,7481
15530073,0001,1,XPRO,02,20120515,20120515,RS,8625
24785316,0001,1,GONNA'S FITNESS ACADEMIA,08,20240216,20160512,RJ,5833
24785597,0001,1,OLIMPICA,02,20160512,20160512,MG,5401
24786917,0001,1,RM2 ACADEMIA,02,20160512,20160512,SP,6969
24787874,0001,1,STUDIO ATIVA PILATES,08,20160705,20160512,DF,9701
24789148,0001,1,ACADEMIA 2T,04,20210325,20160512,RJ,5833
24790556,0001,1,MCCHAVES,04,20210407,20160513,BA,3849
24793749,0001,1,SUPER FIT ACADEMIA,08,20161031,20160513,SC,8373
24795041,0001,1,START DOING,02,20160513,20160513,SC,8105
24795971,0001,1,,04,20220209,20160513,SP,7107
24797728,0001,1,ADRIANAPERSONAL TREINER,08,20160728,20160513,SP,7107
24797949,0001,1,STUDIO WERNER TREINAMENTO FUNCIONAL,02,20160513,20160513,SC,8161
24801459,0001,1,LEANDRO MACHADO,08,20180112,20160515,SP,6789
24802760,0001,1,LIPPERT,08,20190924,20160516,RJ,6001
24803862,0001,1,PERFORMANCE FITNESS,08,20170525,20160516,BA,3849
24806003,0001,1,,04,20190320,20160513,PA,0401
24812546,0001,1,PRATIQUE O MOVIMENTO RONCADOR,02,20160517,20160517,PR,7827
24812969,0001,1,PERSONALZECARLOS,04,20220209,20160517,RJ,6001
24813476,0001,1,,08,20180417,20160517,PR,7935
24813949,0001,1,MK EVENTOS E ENTRETENIMENTO,02,20160517,20160517,MG,5049
24814156,0001,1,GRAZI SALINAS PERSONAL,04,20210310,20160517,SP,7225
24816102,0001,1,ACADEMIA SPIDER,02,20230206,20160517,RS,8771
24816382,0001,1,STUDIO I9 FITNESS,08,20161028,20160517,GO,9293
24822294,0001,1,MARIANNE BASTOS SINGI,08,20190923,20160518,MG,4031
24822480,0001,1,,08,20180123,20160518,MG,5371
24827981,0001,1,,04,20210316,20160518,RJ,6001
24829221,0001,1,STUDIOR12PILATES,08,20170704,20160518,DF,9701
24829915,0001,1,WELLER NOIA,08,20180815,20160518,AL,2747
24831527,0001,1,VPIMENTA ESPORTES,08,20160623,20160518,RJ,6001
24793322,0001,1,ACADEMIA NOSSA FITNESS,08,20241128,20160513,PE,2443
24838296,0001,1,,02,20160322,20160322,CE,1573
24840842,0001,1,PRYSCILA VILLACA,08,20240201,20160519,DF,9701
24845198,0001,1,,04,20240816,20160520,GO,9221
24848162,0001,1,4FIT+,08,20210531,20160520,ES,5705
24849672,0001,1,AURELIO PERSONAL FIT,08,20160817,20160520,SP,7107
24850077,0001,1,COACH HUGO COSTA,08,20190513,20160521,SP,7183
24850196,0001,1,,04,20210311,20160521,RJ,6001
24856607,0001,1,ACADEMIA PERFORMACE,08,20210212,20160523,PR,7571
24857680,0001,1,ACADEMIA HIPER FITNESS LTDA,02,20160523,20160523,SP,6141
24858355,0001,1,ACADEMIA BLACK BISON,08,20230317,20160523,PR,7481
24860135,0001,1,MONISSA JULIANA PEREIRA,08,20171228,20160523,RS,8945
24864220,0001,1,ACADEMIA DE MUSCULACAO ISOTTON,08,20160915,20160524,RS,8599
24867321,0001,1,CORE 8,08,20160606,20160524,SP,7107
24868836,0001,1,JULIANA SCHUCH,08,20170922,20160524,RS,8791
24870478,0001,1,BATO STUDIO,04,20210413,20160524,SP,6475
24870970,0001,1,STUDIO DELTAFIT,08,20230127,20160524,MG,4123
24872653,0001,1,LUISA DUARTE,08,20180725,20160525,SC,8379
24872732,0001,1,SPARTA CENTRO DE MUSCULACAO,08,20201207,20160525,SP,6477
24872961,0001,1,ACADEMIA BOA FORMA,08,20160602,20160525,RN,1649
24873827,0001,1,EURICO LARA,08,20160930,20160525,PR,7629
24876078,0001,1,,08,20181026,20160525,SP,6213
24876587,0001,1,VIDA E FORMA CENTRO DE TREINAMENTO,02,20160524,20160524,SC,8367
24878524,0001,1,CORPO FITNESS ACADEMIA,02,20160525,20160525,MA,0184
24879696,0001,1,PEDROSO SERVICOS VETERINARIOS,02,20210216,20160525,GO,9397
24510974,0001,1,LIDER FITNESS 2,08,20180704,20160401,SP,7107
24881671,0001,1,ACADEMIA DE DANCA RITMO PERFEITO,04,20240821,20160526,PB,2137
24881836,0001,1,STUDIO VIGORE,02,20160526,20160526,MG,5027
24883518,0001,1,EDMELO FITNESS,04,20210316,20160527,RJ,5897
24886472,0001,1,FIT LIFE PILATES E TREINAMENTO FUNCIONAL,02,20160527,20160527,SC,8055
24887962,0001,1,,08,20210310,20160529,PE,2531
24889298,0001,1,SPAZZIO,08,20251118,20160527,BA,3341
24889336,0001,1,NATHALIA PERSONAL,04,20220209,20160530,SP,7107
24890613,0001,1,KARINA PERSONAL,02,20220816,20160530,SP,6549
24891552,0001,1,,02,20160530,20160530,SP,7107
24893545,0001,1,VIP ACADEMIA,02,20160530,20160530,PB,2227
24894036,0001,1,STUDIO PLANET FITNESS,08,20170314,20160530,RN,1759
19658017,0002,2,RENOVE,08,20180420,20160530,RN,1761
24898440,0001,1,,08,20190123,20160530,PR,7583
24900038,0001,1,GOOD LIFE TRAINER,04,20210303,20160531,MA,0921
24900962,0001,1,,08,20211124,20160531,CE,1461
24902022,0001,1,LUCIANO SILVA,08,20210519,20160531,PR,7535
24903166,0001,1,ACADEMIA CORPO E SAUDE,04,20260525,20160531,DF,9701
24906481,0001,1,ESTACAO FITNESS,02,20210505,20160531,BA,3363
24908643,0001,1,DPEIXOTOPERSONAL,08,20230227,20160601,RJ,5897
24909271,0001,1,FORTAL CHALLENGE,08,20160602,20160601,CE,1389
19356019,0001,1,SETEFITNESS,08,20160531,20131113,CE,1451
24912642,0001,1,,08,20180131,20160601,SP,6235
24916923,0001,1,,04,20260525,20160601,RS,8667
24920064,0001,1,,08,20171220,20160602,PR,7749
24924754,0001,1,UP LIFE STUDIO,08,20170405,20160602,PR,7693
24928613,0001,1,JCS PERSONAL TRAINER,08,20170426,20160603,ES,5703
24929067,0001,1,PROFESSOR MAGNUS PAVEI BEACH TENNIS,08,20170512,20160603,SC,8173
24929976,0001,1,EUGENIO FORTES ACADEMIA PIRIPIRI,04,20210401,20160603,PI,1167
24931728,0001,1,TOP FITNES,04,20210223,20160603,AM,0255
24931812,0001,1,,08,20180502,20160603,SP,6887
24935564,0001,1,,08,20180109,20160603,SP,6563
24938825,0001,1,DRIBBLE,04,20260521,20160605,MG,4647
24939433,0001,1,ACADEMIA VIVA FITNESS & TRAINING,04,20201022,20160604,GO,9425
24944174,0001,1,RO PERSONAL,04,20210203,20160606,SP,7099
24946244,0001,1,ANS PERSONAL,04,20210311,20160606,RJ,6001
15144729,0001,1,STUDIO PILATES,02,20120223,20120223,PB,1981
24954572,0001,1,LEONARDO TREINAMENTO PERSONALIZADO,08,20210506,20160607,MG,4123
24955588,0001,1,GLADIADORES ACADEMIA,04,20210416,20160607,SE,3105
24955978,0001,1,,08,20171228,20160607,SP,6979
24957400,0001,1,RICK TRIANGULO DE VIDA,04,20210212,20160608,GO,9487
24959071,0001,1,,08,20190329,20160608,BA,3807
24959196,0001,1,,02,20160608,20160608,SP,6619
24963098,0001,1,ROBERT PERSONAL,08,20160819,20160608,CE,1389
24963737,0001,1,,08,20190718,20160608,DF,9701
24967141,0001,1,,08,20180131,20160609,RS,8883
24967906,0001,1,GSPREPARADORFISICO,04,20210226,20160609,SP,7107
24967970,0001,1,ATHLETICA ACADEMIA,03,20210218,20160608,MT,9067
24972426,0001,1,FORMFIT FUNCIONAL,08,20180104,20160609,ES,5695
19948377,0001,1,SAUDE PRA VIDA TODA,02,20140325,20140325,SC,8147
22321712,0001,1,ACADEMIA A. TRAINER,02,20150424,20150424,PR,7535
24978182,0001,1,LELI SERVICOS,08,20160714,20160610,SP,7107
24978490,0001,1,NEUFISIO,04,20210218,20160610,MT,9925
24982375,0001,1,FOCO STUDIO TREINAMENTO FUNCIONAL,02,20160610,20160610,SC,8345
24986030,0001,1,LUCAS MENEZES PERSONAL TRAINER,04,20210409,20160613,PE,2531
24986100,0001,1,,08,20180215,20160613,SP,6271
18586138,0001,1,ROTA BRASIL FITNESS,02,20130717,20130717,PR,7535
24987212,0001,1,JORDAO - CONDICIONAMENTO FISICO E SAUDE,08,20171227,20160613,PR,7825
24990373,0001,1,O'X ACADEMIA,08,20240124,20160613,PR,7563
21060616,0001,1,BIG FORCE,04,20210422,20140918,BA,3803
24993849,0001,1,FISIO FIT STUDIO DE PILATES,08,20170314,20160614,PI,1219
24993987,0001,1,,04,20210409,20160614,PE,2511
24994353,0001,1,,02,20160613,20160613,SP,7107
24994455,0001,1,ACADEMIA MAER LOBIANCO,08,20171130,20160614,RJ,5819
24994649,0001,1,ACADEMIA CWB FITNESS,02,20160530,20160530,PR,7535
24996459,0001,1,,08,20180406,20160614,RN,1653
24996888,0001,1,BE FITNESS,08,20180302,20160614,SC,8105
24996912,0001,1,ESTACAO DO CORPO ACADEMIA E DANCA,04,20190320,20160614,MA,0138
24998255,0001,1,JUNIOR TREINADOR,08,20180429,20160614,PB,2051
25000039,0001,1,,04,20210219,20160615,PA,0415
25001268,0001,1,PRIDE SPORTS,08,20170220,20160615,SP,6723
24764389,0001,1,LIGA FIT ACADEMIA,08,20220325,20160510,MG,4371
25002581,0001,1,,08,20260120,20160615,MT,9167
25006667,0001,1,MUGA FITNESS,08,20170825,20160615,RJ,5877
25009961,0001,1,ACADEMIA SMART FITNESS,08,20190510,20160615,BA,3849
25012263,0001,1,JR PERSONAL TRAINER,08,20160726,20160616,GO,9373
11243090,0002,2,ESTUDIO RAIZES TERAPIAS CORPORAIS,08,20160928,20160603,RJ,2921
25017754,0001,1,LAIS CRISTINE DA SILVA,04,20210225,20160616,RS,8801
25020030,0001,1,ART OF ALL ARTS,02,20160616,20160616,SP,7107
25020804,0001,1,,08,20170526,20160616,MS,9051
25021529,0001,1,IRON FITNESS,08,20190930,20160617,MG,4573
25022704,0001,1,CENTRO DE TREINAMENTO MOVIMENTACAO,02,20250206,20160617,AP,0613
25023955,0001,1,L7 CENTRO DE TREINAMENTO LIEGE GAUTERIO,02,20160616,20160616,RS,8801
25024321,0001,1,LIRA FIVE SPORTS,08,20171204,20160617,MS,9037
25027155,0001,1,CLUB FITNESS,02,20160523,20160523,MT,9005
25029768,0001,1,MAYSA LACERDA,08,20170426,20160618,MG,4305
25031060,0001,1,PRADO FIT ACADEMIA,04,20210423,20160619,RN,1681
25031208,0001,1,ESPACO FITNESS,08,20170103,20160619,MG,0688
25032435,0001,1,ASAMCO/INTERESTILOS,02,20160610,20160610,MG,4959
25032702,0001,1,ACADEMIA ESTAR FITNNES,02,20160620,20160620,PI,1159
25033316,0001,1,RC FIT TREINAMENTO FUNCIONAL,08,20250317,20160620,SP,7107
25037056,0001,1,,02,20160620,20160620,SP,6715
25037708,0001,1,RS ACESSORIA ESPORTIVA,04,20210324,20160620,SP,7077
25039775,0001,1,,04,20210422,20160620,BA,3391
25040636,0001,1,XTREME,08,20171109,20160621,CE,1585
25041323,0001,1,CORPUS,04,20210423,20160621,RN,1661
25041413,0001,1,MFC MASTER FIGHT COMBAT,02,20160621,20160621,MG,4939
25043991,0001,1,MARQUINHOS FONSECA,04,20210323,20160621,SC,8055
25044698,0001,1,ACADEMIA GIU CERQUEIRA,02,20160621,20160621,BA,3621
25045854,0001,1,ACADEMIA FIGHT CLUB,08,20190410,20160621,SP,6639
25046050,0001,1,MARCAO PERSONAL TRAINER,08,20230208,20160621,MG,5249
25050529,0001,1,,08,20210224,20160622,SP,7097
25053493,0001,1,GRACI PERSONAL,02,20160622,20160622,RS,8801
25054687,0001,1,JEFERSON URQUIZA'S TEAM,04,20220125,20160622,PE,2443
25056986,0001,1,MENUCCI PERSONAL TRAINER,08,20170316,20160622,RJ,6001
25059821,0001,1,LIONS SPORT FITNESS,08,20201019,20160622,RO,0003
07801998,0002,2,,08,20180606,20160623,MG,5035
25061533,0001,1,ACADEMIA CORPO ATIVO,04,20260521,20160623,PI,0328
25063551,0001,1,NFARTEFITNNS,04,20210422,20160623,BA,3051
25065256,0001,1,,08,20180503,20160623,PR,7533
25065969,0001,1,,08,20180129,20160623,MG,4733
25066596,0001,1,CAMONGA,04,20210316,20160623,RJ,6001
25066699,0001,1,VIBER SPORT CENTER,04,20210316,20160623,RJ,5897
25072163,0001,1,CINTHIA OLIVEIRA PERSONAL TRAINER,04,20210303,20160624,CE,1447
25078996,0001,1,BOX CROSS TAPAJOS,04,20190320,20160623,PA,0535
25080838,0001,1,ACADEMIA MAX FITNESS,04,20210423,20160627,RN,1741
25080981,0001,1,MG PERSONAL FITNESS,02,20220908,20160627,RS,8881
25083514,0001,1,PULSAR FITNESS,08,20170612,20160628,MG,4371
25086942,0001,1,EQUIPE FABIO CASTRO PERSONAL TRAINER,08,20161229,20160628,RS,8801
25087002,0001,1,ACADEMIA MOVIMENTE,02,20160628,20160628,SC,8083
25090771,0001,1,ELLO ACADEMIA,02,20160628,20160628,BA,3467
25091204,0001,1,THAYS RODRIGUES,08,20170419,20160628,ES,5699
15480867,0002,2,ACADEMIA CORPO LIVRE FITNESS II,08,20210413,20160628,PB,2027
25094405,0001,1,SPACIO PILATES,04,20210323,20160628,SC,8047
25101246,0001,1,ACADEMIA FOLEGO JAGUARE,08,20190517,20160629,SP,7107
25106435,0001,1,DC PERSONAL TRAINER,08,20180518,20160630,MG,4431
25107404,0001,1,DANIEL DIAS COACH,04,20220208,20160630,SC,8179
06270688,0002,2,,02,20160630,20160630,SP,7201
25113394,0001,1,,08,20250422,20160630,SP,7107
25115818,0001,1,STUDIO WELLNESS,02,20160630,20160630,SP,6175
25119028,0001,1,EGO FITNESS ACADEMIA,08,20170407,20160701,SE,3105
25119888,0001,1,PERSONAL OSEIAS OLIVEIRA,04,20210311,20160701,RJ,6001
25125722,0001,1,HOUR FIT ACADEMIA,04,20210310,20160704,SP,6291
25125967,0001,1,POWER DREAM,02,20160704,20160704,SP,7107
25126476,0001,1,PN ADVENTURE,08,20181205,20160704,RJ,6001
25128347,0001,1,,08,20250903,20160704,SP,6113
25132664,0001,1,CARVALHO LMTA,04,20210401,20160704,GO,9225
25134345,0001,1,C.O CENTRO DE TREINAMENTO,02,20160705,20160705,SC,8357
25135398,0001,1,SERVARE PRODUCOES,08,20250113,20160705,ES,5703
25139763,0001,1,FISIO SPACE SAUDE E BEM ESTAR,08,20170102,20160705,RJ,6001
11803476,0001,1,,04,20201103,20100323,SP,7107
25142637,0001,1,BIO GATA ACADEMIA,02,20200128,20160704,RS,8855
25142920,0001,1,ALYSSON FITNES,08,20161104,20160706,PR,7477
25144131,0001,1,FERNANDA DE FATIMA RIBEIRO,02,20160706,20160706,MG,4763
25144617,0001,1,R.L. PERSONAL TRAINER,08,20160819,20160706,PB,2051
25145714,0001,1,GUIDA FITNESS,08,20160804,20160706,BA,3953
25146607,0001,1,SEMPREMAIS PILATES E SAUDE,08,20170120,20160706,PR,7535
25149689,0001,1,IRMAOS CROSSFIT,02,20160706,20160706,SP,7107
25154917,0001,1,KONG KETTLEBELL CLUB,02,20220406,20160627,RJ,6001
25156488,0001,1,,04,20210225,20160707,RS,8791
25159998,0001,1,ARENA FITNESS,02,20210331,20160707,MA,0727
25161011,0001,1,MARCIO POTON,08,20210312,20160707,RJ,6001
25161707,0001,1,MARLON GEOVANI THOMASI,08,20190209,20160708,SP,6607
25163277,0001,1,ACADEMIA SPORT FITNESS,04,20210422,20160708,BA,3873
25164224,0001,1,PONTES ASSESSORIA FITNESS,08,20211122,20160708,RN,1761
25165090,0001,1,STUDIO LEPRITEAM,08,20220204,20160708,MG,5403
23620822,0002,2,ES FITNESS LTDA ME,02,20160708,20160708,ES,5703
25168080,0001,1,HALL FIT SPORTS & FITNESS,08,20170206,20160708,SP,7071
25168181,0001,1,,04,20210226,20160708,SP,7107
25171144,0001,1,BONFIMDIEGOCONDICIONAMENTOFISI,08,20170127,20160709,PR,7535
25171362,0001,1,,04,20210311,20160710,RJ,6001
25171733,0001,1,CLINICAL REABILITAR FISIOTERAPIA E TERAPIA INTEGRADA,08,20160710,20160710,PE,2457
25173415,0001,1,MONTANHA FITNESS,08,20220117,20160709,BA,3849
25180438,0001,1,RN PERSONAL TRAINER,08,20180131,20160711,PR,7535
25183218,0001,1,,02,20160712,20160712,MG,4733
25183323,0001,1,CATIVEIRO TEAM,02,20160712,20160712,MG,5401
25184964,0001,1,LEANDRO EVANGELISTA MOTIVACAO & RESULTADOS,08,20171217,20160712,SP,7075
25185519,0001,1,W ESPORTES,04,20210426,20160712,PB,2155
25186947,0001,1,CORPO LIVRE ACADEMIA,02,20200805,20160712,RN,1779
25192047,0001,1,DIEGO TEIXEIRA DE SOUZA,04,20220125,20160712,PE,2531
25192891,0001,1,CROSSMOTION TREINAMENTO FUNCIONAL & CROSSTRAINING,02,20160713,20160713,MG,5185
25195186,0001,1,,08,20180822,20160713,SP,7183
25196679,0001,1,IMPACTO FITNESS,02,20160713,20160713,SP,6689
22902694,0013,2,SELF IT ACADEMIAS,02,20160713,20160713,PE,2457
25199915,0001,1,ALEX DIAS,08,20200305,20160713,SP,7057
25200222,0001,1,CORPO E ALMA,02,20160713,20160713,SP,2957
25201855,0001,1,MENDONCA MARTIAL ARTS,08,20170926,20160713,RS,8963
25202925,0001,1,ACADEMIA COMPLEX,08,20170102,20160712,CE,1389
25203790,0001,1,ERIC SOARES MARCONDES,04,20220209,20160714,SP,7107
25205503,0001,1,POWER UP PERSONAL TRAINER,08,20200805,20160714,SP,6313
25206326,0001,1,SPORT FIT ACADEMIA FEMININA,08,20230901,20160714,MG,4123
25207397,0001,1,CARLA CAMPION,08,20190807,20160714,SP,7107
25212033,0001,1,PILATES ALAION,02,20250313,20160714,RJ,6001
25212059,0001,1,DONAS ASSESSORIA ESPORTIVA,04,20210225,20160714,RS,8801
21614331,0002,2,CROSSFIT FRANCA,08,20220317,20160715,SP,6425
25215754,0001,1,ZAREI ATIVIDADES FISICAS,04,20210416,20160715,SE,3145
21111847,0001,1,NOCAUTE,04,20220609,20140925,RJ,5833
25218705,0001,1,P2 ACADEMIA,02,20210930,20160715,PB,1921
25222558,0001,1,MARCOS,04,20210303,20160716,MA,0921
25227766,0001,1,STUDIO ELASTIC PILATES,02,20160718,20160718,DF,9701
25232278,0001,1,DIOGO FIORINI,08,20180110,20160718,MG,4123
25233252,0001,1,ALESSANDRA RODRIGUES TEIXEIRA,08,20170911,20160718,RJ,5897
12848089,0003,2,PREMIUM CENTRO FISICO,08,20160830,20120416,BA,3661
25237633,0001,1,RMV FITNESS,04,20210225,20160719,RS,8569
25240878,0001,1,IF PERSONAL TRAINER,04,20210224,20160719,CE,1389
25241073,0001,1,ACADEMIA DE MUSCULACAO MARINHO BOXE,02,20160719,20160719,PR,7563
25243164,0001,1,GLEITON MIGUEL SOARES ARAUJO,04,20210413,20160719,MG,4185
25243713,0001,1,JEFERSON FREIRE,04,20220209,20160720,SP,7107
14745063,0002,2,ACADEMIA SPORT LIFE,08,20160621,20130726,DF,9701
25245308,0001,1,EQUILIBRIUM PERSONAL LIVE,08,20221208,20160720,GO,9373
25246161,0001,1,BRAVO ACADEMIA,08,20180719,20160720,SP,7107
25253288,0001,1,FABIOLA VIANNA DUARTE,08,20180110,20160720,SP,6969
25256054,0001,1,SANTOS ACADEMIA,08,20200220,20160721,MT,9067
25269553,0001,1,,08,20211029,20160722,RJ,6001
25269944,0001,1,CENTRO DE TREINAMENTO CANAA,08,20190811,20160722,MT,9167
25270036,0001,1,GKBM,08,20170216,20160722,RJ,5897
25270648,0001,1,ACADEMIA MB TRAINING CENTER,08,20161129,20150416,PR,7535
25272710,0001,1,MICHELE GECLER DA SILVA,08,20180528,20160723,RJ,5829
25286968,0001,1,JUNIOR,04,20210426,20160726,BA,3469
25291389,0001,1,DOJO GANKAKU,08,20220401,20160726,GO,9373
25294041,0001,1,PERSONAL JESSICA ANDRINA,08,20170801,20160726,RS,8879
25295526,0001,1,ACADEMIA PERFORMANCE 2,08,20170807,20160727,PB,2021
08644821,0017,2,SMART FIT,08,20240920,20160720,DF,9701
25296735,0001,1,,04,20210317,20160303,PR,7535
25296756,0001,1,CLAUDIO LUIZ PERSONAL,08,20170829,20160727,RN,1761
25298817,0001,1,ELSNER FARIA TRAINING,08,20161010,20160727,SP,6713
25299654,0001,1,LP FITNESS,02,20160727,20160727,SP,6689
25300149,0001,1,JULIA INDIRA PERSONAL TRAINER,04,20210310,20160727,SP,6291
19682717,0001,1,HEDER ROLIN TREINAMENTO FUNCIONAL E PERSONAL TRAINER,08,20190423,20140208,SP,7071
25280077,0001,1,ACADEMIA PERFEITA FORMA,04,20220127,20160725,SP,6295
25308979,0001,1,RODRIGO GUIMARAES PAGANI 27292680810,08,20190718,20160728,SP,7107
25316656,0001,1,,08,20171005,20160729,SP,6249
25318580,0001,1,,02,20160729,20160729,SP,6969
25319224,0001,1,NINE NINE JIU-JITSU - MMA - MUSCULACAO,08,20251218,20160729,MS,9055
25321635,0001,1,MOVA-SE,08,20191018,20160729,PR,5453
25324811,0001,1,TJ QUALITY LIFE,08,20200617,20160729,SP,7107
25329548,0001,1,BOX MIRMIDOES,02,20160801,20160801,CE,1411
25331510,0001,1,ACADEMIA FAIXA PRETA,04,20210219,20160801,PA,0415
25341243,0001,1,FORMA FIT,02,20210330,20160802,PR,7535
25342300,0001,1,STUDIO DE PILATES BELA VIDA,02,20160802,20160802,SP,6545
25343094,0001,1,CONDICIONAMENTO FISICO NA AREIA,02,20160802,20160802,AL,2785
25344075,0001,1,J.W.S.S,04,20220124,20160802,PB,2051
25345648,0001,1,MOVE MUSCULACAO FUNCIONAL,04,20210309,20160802,PR,7563
25357206,0001,1,ANDRE PERSONAL,08,20180111,20160803,PR,7635
25358356,0001,1,AUTHENTIC FIT,04,20210416,20160803,MG,4123
25361679,0001,1,GUSTAVO CALIXTO,08,20180130,20160803,PR,7451
25362372,0001,1,CTFF EVOLUTION,02,20160803,20160803,RS,8881
25363126,0001,1,,04,20220208,20160803,BA,3597
25370330,0001,1,,02,20160803,20160803,SC,8047
25382104,0001,1,,08,20170321,20160804,RS,8815
25384943,0001,1,ACADEMIA FYTINESS,04,20260515,20160805,BA,3849
25385689,0001,1,EXCLUSIVA FITNESS,08,20230801,20160805,PR,7483
25386312,0001,1,FITNESS HOUSE,08,20170131,20160805,RJ,6001
25390205,0001,1,,04,20210422,20160805,BA,3957
25390304,0001,1,CENTRO DE ATIVIDADES ARCO-IRIS,08,20170105,20160805,AP,0615
25391924,0001,1,AQUALUNA - ATIVIDADES AQUATICAS,04,20220128,20160805,BA,3849
25401918,0001,1,GRASIELE MELLO,04,20210409,20160808,PI,1219
25405345,0001,1,STUDIO LT TREINAMENTO FUNCIONAL,02,20160808,20160808,SP,6135
25409043,0001,1,KATHIA AUREA PERSONAL,08,20170619,20160808,SP,6291
25422389,0001,1,,04,20231116,20160809,SP,6425
25424457,0001,1,CLINICA BUZATTO,08,20221122,20160809,SP,6979
25424919,0001,1,DMAGALHAES,08,20170621,20160809,MT,9119
25446718,0001,1,EXITO ACADEMIA,04,20231030,20160810,PE,2531
25447383,0001,1,,08,20160909,20160810,SP,6489
25448775,0001,1,ESTACAO FITNESS,02,20160809,20160809,CE,1325
25449111,0001,1,ANESI DANCE,08,20220805,20160810,RS,8667
25449520,0001,1,MARILIA DE OLIVEIRA CARVALHO,08,20190131,20160810,SP,6637
25450171,0001,1,OLIVER GIM,08,20211028,20160810,MA,0937
25454095,0001,1,,08,20170222,20160810,SP,6565
25461814,0001,1,ESTUDIO PILATES GABRIELA CONTESSA,04,20220208,20160811,SC,8105
25463448,0001,1,,04,20210419,20160811,MG,4733
25463484,0001,1,RAFAEL HENRIQUE SANTOS,02,20160811,20160811,SP,7107
25463561,0001,1,,02,20160811,20160811,MG,4961
25463643,0001,1,CONSULT NUTRILA,08,20160822,20160811,RN,1761
25528072,0001,1,,08,20170115,20160811,MS,9051
25528960,0001,1,CROSSFIT REDENTOR,02,20160811,20160811,RJ,6001
25531833,0001,1,VALE CROSS,08,20190123,20160812,PE,2521
25534909,0001,1,,02,20160812,20160812,SP,6875
10801286,0002,2,STUDIO SALUTE PERSONAL TRAINER,08,20190927,20160803,DF,9701
25681111,0001,1,TAVARES PERSONAL,08,20180317,20160815,BA,3685
25682377,0001,1,ALE NUNES PERSONAL COACH,04,20210218,20160815,MS,9051
25695798,0001,1,ELISEU ESPIRITO SANTO ACADEMIA,04,20210331,20160815,MG,4877
25696143,0001,1,FABIO RUVIEIRO - PERSONAL TRAINER,08,20171214,20160815,PR,7535
13725597,0001,1,MEGA STUDIO S,08,20250917,20110530,RJ,5869
24052562,0001,1,,08,20160817,20160126,PR,7825
21522410,0001,1,ACADEMIA MOVIMENT,08,20171222,20141204,PE,2561
14978014,0001,1,CICLOS ACADEMIA,08,20160923,20120102,GO,9373
18007490,0001,1,STUDIO ALINE PILATES,02,20130405,20130405,CE,1389
25232820,0001,1,PILATES ORIGINAL ERICA GALVAO,08,20180111,20160718,RJ,5867
20716292,0001,1,ACADEMIAE CONDICIONAMENTO FISICO OVER GYM,02,20140728,20140728,SP,6291
22672784,0001,1,BETTER LIFE FITNESS,08,20171222,20150618,BA,3565
21785488,0001,1,BEM ESTAR ACADEMIA,02,20150130,20150130,PA,0427
14002864,0001,1,ESPACO EQUILIBRIO,08,20161103,20110718,SP,6769
23205895,0001,1,STUDIO DF86,02,20220713,20150903,PR,7891
14260114,0001,1,VIDA STUDIO DE PILATES,08,20161111,20110808,PR,7493
20827790,0001,1,VALENCA FITNESS,02,20251112,20140813,PI,1225
24286158,0001,1,GETGYM,02,20160223,20160223,PR,5453
22956675,0001,1,BERLENGAS PRIME ACADEMIA,02,20150729,20150729,PI,1225
23088763,0001,1,EQUILIBRIUM,08,20161202,20150818,RJ,5819
15350334,0001,1,ACADEMIA ECO CLUB FITNNES,08,20200129,20120411,TO,9259
22277801,0001,1,DAVID PERSONAL,08,20161206,20150417,MG,4123
13775768,0001,1,STUDIO VIDA - FABRICIO COELHO,08,20190215,20110608,RS,8855
09511984,0002,2,ACADEMIA MUNDO FITNESS,08,20161228,20100428,RS,5757
14490449,0001,1,,08,20161215,20111014,ES,5601
09164061,0001,1,IN FIT ACADEMIA DE GINASTICA,02,20071001,20071001,SP,7107
24804352,0001,1,KS- CONSULTORIA ESPORTIVA E TREINAMENTO PERSONALIZADO,02,20230612,20160516,PE,2381
09395164,0001,1,TITANIUM ACADEMIA,08,20210614,20080229,PA,1190
12119825,0001,1,ACADEMIA TOTAL FITNESS,08,20181210,20100622,MT,9067
24144189,0001,1,,04,20210415,20160211,SP,6969
15828885,0001,1,ACADEMIA MAIS TREINO,02,20120614,20120614,DF,9701
19517779,0001,1,CASA DO CIRCO,08,20210205,20140114,SP,7107
23763373,0001,1,SARRI,08,20170123,20151130,SP,6291
21854436,0001,1,MUSCLE IN MOTION,08,20170914,20150210,GO,9641
11669638,0001,1,ESTUDIO WELLNESS,08,20220830,20100301,SP,6251
21954309,0001,1,ESTACAO POWERFIT,08,20180209,20150228,SC,8309
24078469,0001,1,ACADEMIA CAVEIRA FITNESS,08,20170516,20160128,SP,7151
11695646,0001,1,LF CENTRO DE TREINAMENTO,02,20100315,20100315,PR,7469
18097106,0001,1,HOCH PILATES,08,20170221,20130513,SP,7107
12725647,0001,1,MASTER FITINES M,08,20180201,20101022,SP,7099
21797450,0001,1,,02,20150202,20150202,SP,6581
14771011,0001,1,TIME M - ASSESSORIA ESPORTIVA,04,20260526,20111215,SP,6635
21505806,0001,1,BE YOU FITNESS,02,20141202,20141202,SP,7107
16852028,0001,1,TOP FITNESS,02,20120914,20120914,MG,4899
15121143,0001,1,ACADEMIA BOA FORMA FITNESS,02,20120301,20120301,MG,4663
24109338,0001,1,FOCO ACADEMIA,04,20231031,20160203,SP,6969
12069970,0001,1,MARA FITNES,08,20210315,20100611,BA,3597
16543766,0001,1,,04,20210413,20120720,MG,5335
19919537,0001,1,MASTER ACADEMIA,04,20241127,20140220,MT,9167
23593969,0001,1,PILATES FITNESS,08,20241213,20151104,RJ,6001
23759283,0001,1,,04,20231117,20151130,PR,7691
18819590,0001,1,BOSS FITNESS,02,20130905,20130905,MS,9051
25169013,0001,1,PERSONAL TRAINER JOELMA VIANNA,08,20170711,20160708,SP,6219
09444265,0001,1,ACADEMIA BIOCORPO,08,20241206,20080325,SE,3157
10757950,0001,1,,02,20090413,20090413,RS,8841
24923561,0001,1,STUDIO FUNCIONAL FIT,04,20210311,20160602,RJ,6001
19806738,0001,1,FIT NEIGHBOR,08,20170515,20140227,SP,6639
14904548,0001,1,,08,20170518,20120110,GO,9307
23894864,0001,1,DREAMS FITNESS,08,20170526,20151230,BA,3849
20726625,0001,1,HG PERSONAL E SERVICOS,08,20180201,20140729,BA,3413
22289335,0001,1,BEM ESTAR STUDIO DE PILATES,04,20210323,20150420,SC,8047
11077693,0001,1,CROSSFIT MUD,08,20191203,20090813,SP,7057
17764257,0001,1,TOPGYM ACADEMIA,04,20181011,20130315,RJ,6001
21219872,0001,1,WELLFIT,08,20250131,20141010,SC,8105
24925381,0001,1,LMS CENTRO DE TREINAMENTO,08,20230130,20160602,MA,0723
09006258,0001,1,,08,20191217,20070820,ES,5629
21714725,0001,1,THAIS BEZERRA,08,20180207,20150121,SP,6921
09568172,0001,1,MED EXERCICIOS LABORIAS E ATIVIDADES DE LAZER,08,20170928,20080523,BA,3849
25080141,0001,1,ACADEMIA VITALLI,02,20160627,20160627,SP,7183
21534597,0001,1,,02,20141208,20141208,SP,7107
23687366,0001,1,ACADEMIA IRON MAN ESPORTE COMBATE,04,20220209,20151118,SP,7107
24389459,0001,1,PRO SAUDE,04,20260515,20160315,BA,3849
22916113,0001,1,ACADEMIA POWER FITNESS MUNDO NOVO,02,20150723,20150723,BA,3743
25088968,0001,1,,08,20170823,20160628,MT,8985
22129347,0001,1,ESPACO MULHER FITNESS,08,20230403,20150325,RJ,5877
21748476,0001,1,CAIO SANZIO TREINAMENTO PERSONALIZADO,08,20170907,20150126,CE,1389
21760628,0001,1,TJ XTREME,04,20260601,20150127,SP,6477
18741638,0001,1,V+LABORAL,08,20210412,20130823,SP,6291
20131425,0001,1,NGEXTREME,08,20180201,20140424,SP,6291
23467569,0001,1,,08,20170926,20151014,MG,4625
09411850,0001,1,,08,20190520,20080303,SP,7031
22174586,0001,1,GUEDES ACADEMIA,02,20150330,20150330,RJ,6001
24813833,0001,1,ATIVO STUDIO PILATES,08,20171016,20160517,SC,8105
22006625,0001,1,COLISEU FITNESS,08,20171018,20150309,SE,3195
22855227,0001,1,RENATA,08,20171017,20150715,RS,8801
22672324,0001,1,VICTOR GAIOTTO ASSESSORIA ESPORTIVA,08,20220608,20150618,MS,9165
22436542,0001,1,IX10 CROSS,08,20190417,20150513,SP,6291
22232386,0001,1,,08,20171027,20150412,RJ,6001
13447101,0001,1,MIRANDA DIAS GESTAO E ASSESSORIA DO ESPORTIVA E LAZER,08,20180201,20110331,SP,7107
18336963,0001,1,VT ACADEMIA FITNESS CENTER,02,20130617,20130617,ES,5699
22507502,0001,1,ACADEMIA TROPICAL FIT,04,20260525,20150521,DF,9701
20635901,0001,1,N1 IRON HOUSE ALVORADA,02,20140715,20140715,SP,7005
11761211,0001,1,ACADEMIA GOLD CLASS,08,20171201,20100331,SC,8183
24900531,0001,1,BEM ESTAR,08,20171124,20160531,MG,4733
22613974,0001,1,ACADEMIA FALCAO NEGRO,08,20171205,20150609,RN,1741
22392550,0001,1,,08,20171130,20150506,RJ,5921
21149407,0001,1,BIOFIT,08,20171208,20141001,PR,7665
24509244,0001,1,CROSSFIT SANJA,02,20160404,20160404,SP,7099
23231698,0001,1,BRUTAL BODY,08,20190716,20150908,SP,6737
23112482,0001,1,STRONG GYM,02,20150821,20150821,PB,2051
11059955,0001,1,STUDIO ACQUA,04,20210316,20090817,RJ,6001
19519327,0001,1,ACADEMIA OFFICINA DO CORPO,08,20250731,20140113,SC,8061
22863825,0001,1,ACADEMIA NOVO CORPO,04,20260515,20150716,CE,1491
19738526,0001,1,CLINICA DINAMICA,08,20160901,20140218,MG,4107
21493142,0001,1,ESPACO ELIANA VIANA,02,20141129,20141129,MG,4633
20059888,0001,1,,08,20141125,20140410,SP,6967
21351292,0001,1,ACADEMIA ENERGY ACTION,08,20200130,20141105,SP,6589
15800630,0001,1,J10 ACADEMIA,08,20180320,20120625,PE,2531
17903372,0001,1,CROSS FIT OVER THE TOP,04,20201022,20130405,GO,9221
23970664,0001,1,,08,20230210,20160113,RJ,5869
20244853,0001,1,,08,20180107,20140514,SP,6639
22718992,0001,1,JESSICA VILELA,08,20180108,20150624,MG,4763
12209556,0001,1,TOP FITNESS,08,20191031,20100628,SP,7097
22711918,0001,1,C T FUTURA FITNESS,02,20150624,20150624,CE,1331
21545456,0001,1,SPARTAN CROSS REDENCAO,08,20220603,20141210,PA,0048
21193033,0001,1,EQUILIBRIO ATIVO,08,20180411,20141007,RJ,6001
20511800,0001,1,ACADEMIA FITNESS DAY LTDA,04,20201029,20140626,RJ,5837
19076676,0001,1,KRAUSE BROTHERS,02,20131015,20131015,SP,7107
24361605,0001,1,,04,20210317,20160311,PR,7935
25172751,0001,1,COLISEO ACADEMIA,08,20200604,20160322,PR,7535
24570927,0001,1,PERSONAL HOME FITNESS,08,20180321,20160411,MG,5049
24102208,0001,1,RL SPORTS,08,20180119,20160202,MG,4123
25038579,0001,1,JOSY SONAGLI PERSONAL TRAINER,08,20180122,20160620,SP,7097
24290228,0001,1,STUDIO MAYA,08,20180123,20160302,MG,4123
24262590,0001,1,STUDIO EXTREME TREINAMENTO FUNCIONAL,08,20180125,20160226,SC,8289
22649152,0001,1,OPTION PERFORMANCE,08,20251229,20150615,CE,1389
21685208,0001,1,"SHAPE FITNESS - SAUDE, ESPORTE E LAZER",08,20180131,20150115,ES,5703
23831309,0001,1,VIVA MAIS,08,20180131,20151211,PR,7667
24805142,0001,1,RAFAELA JARDIM PEDROSO,08,20220701,20160516,SP,7097
21210155,0001,1,RM ACADEMIA,08,20180131,20141012,SP,6789
18012150,0001,1,TIME UP,08,20200813,20130425,RS,8801
14533390,0001,1,,08,20180201,20111027,SP,7099
20014500,0001,1,DNR SPORT FITNESS,08,20180202,20140403,DF,9701
20069511,0001,1,COACH CARLOS SILVA,08,20180201,20140411,SP,6713
20407734,0001,1,ESTUDIO PERSONAL TRAINER COM PILATES,08,20180201,20140607,SC,8105
20904931,0001,1,CARLOS MENDES PERSONAL SOCCER,08,20180201,20140825,RJ,5869
21530073,0001,1,JUNIOR FERRO,08,20180201,20141205,GO,9373
21669961,0001,1,THAFITS AT PERSONALIZADO,08,20180201,20150113,BA,3943
25370592,0001,1,LEONARDO WANDERLEY DELGADO,08,20180203,20160804,PE,2531
20434397,0001,1,,08,20180201,20140611,GO,9425
20487956,0001,1,,08,20180201,20140624,MG,4733
25098887,0001,1,WAVES TREINAMENTO FUNCIONAL,08,20180204,20160629,ES,5705
23716416,0001,1,M 6 FITNESS,08,20260219,20151123,PE,2419
08969053,0001,1,,08,20131024,20070716,SP,6361
08997624,0001,1,,08,20151020,20070716,SP,7057
23967122,0001,1,,08,20180217,20160113,SP,6979
10805252,0001,1,,04,20260512,20090416,CE,1321
12102334,0001,1,SAUDE EM ACAO,08,20151109,20100609,SP,7107
16585809,0001,1,PERSONAL CLASS,08,20230427,20120727,MG,4123
13007536,0001,1,FALCON FINTNESS ACADEMIA - ME,08,20241022,20101206,SP,7075
14713361,0001,1,ACADEMI LIFE,04,20260512,20111125,CE,1351
25093760,0001,1,DINHO E DARLAN - SOLUCAO EM TREINAMENTO PERSONALIZADO,08,20180221,20160628,SC,8327
16555775,0001,1,ACADEMIA MAX FIT,04,20181026,20120605,CE,1389
16853664,0001,1,MONICA ART E SAUDE,08,20191031,20120914,MG,5137
17299287,0001,1,IMAGINARIUM ACADEMIA,08,20170131,20121213,PA,0415
17306120,0001,1,HARD YOUR GYM,02,20121206,20121206,MT,9167
17342002,0001,1,ACADEMIA GIRL CENTER,04,20181107,20121226,RN,1761
17368618,0001,1,M.FIT ACADEMIA,08,20200608,20121114,SP,7107
17589715,0001,1,ACADEMIA ENERGIA VITAL,08,20140911,20130201,SP,6309
17812079,0001,1,ACADEMIA GARRA,02,20130322,20130322,SP,7005
17922115,0001,1,DAVID FITNESS CLUB,08,20190116,20130411,BA,3275
17974068,0001,1,ACADEMIA CORPO PERFEITO,02,20130416,20130416,PR,7599
18009533,0001,1,PULSAR CROSS FIT,08,20230721,20130426,BA,3849
18421430,0001,1,,08,20160411,20130701,PR,7481
18671489,0001,1,ACADEMIA MOUVEMENT,02,20130724,20130724,MA,0795
18931278,0001,1,ACADEMIA WEY FITNESS,08,20180320,20130814,PR,7841
19428816,0001,1,PRO7,02,20131218,20131218,SP,7075
19650194,0001,1,,08,20150210,20140203,SP,6717
19766140,0001,1,SARADUS ACADEMIA,08,20200602,20140220,PB,1987
19811972,0001,1,HIDROFITNESS,08,20160812,20140227,RN,1761
19408118,0001,1,VITA MAIS QUALIDADE DE VIDA,08,20161118,20131213,SP,7107
20022062,0001,1,ACADEMIA CULTURA FITNESS,08,20150629,20140403,RS,8801
20087510,0001,1,ACADEMIA MOOVE FITNESS,02,20190130,20140408,RJ,5853
20094114,0001,1,FORT'S PHISICAL,08,20170418,20140407,CE,1351
20118538,0001,1,F & G FITNESS,04,20210224,20140411,CE,1389
20140788,0001,1,FIT STAGE,08,20151123,20140424,GO,9227
20161169,0001,1,ACADEMIA ROMANA,04,20260515,20140423,CE,1559
21107469,0001,1,SIMULTANEAMENTE ACADEMIA - UNIDADE 1,02,20140924,20140924,MS,9051
21231744,0001,1,ESPACO SAUDE E FITNESS,08,20160425,20141015,MG,4371
21323934,0001,1,IRON CROSS,02,20141024,20141024,MT,9167
21593109,0001,1,GRUFIT,08,20231123,20141219,SP,6477
21686304,0001,1,CLUB SANTE,02,20150115,20150115,PE,2517
19941187,0001,1,,08,20180223,20140325,PR,7483
21756256,0001,1,ACADEMIA PIT BULL,08,20230717,20150127,SP,6429
21863160,0001,1,ESTUDIO BONA,02,20150211,20150211,SC,8143
21967901,0001,1,STUDIO VILA VERDE,02,20150303,20150303,SP,6551
22331047,0001,1,CHRISTIAN MARTINS PILATES,08,20221207,20150427,MG,5195
22523400,0001,1,,08,20190404,20150526,SP,7237
22563678,0001,1,T & A FITNESS,08,20181001,20150601,CE,1389
22692427,0001,1,ACQUAFIT,08,20190816,20150622,SP,6505
18788530,0001,1,TOPY FITNESS ACADEMIA,08,20210824,20130830,GO,9433
22813970,0001,1,SPARTA,08,20160606,20150708,SP,7107
23036970,0001,1,STUDIO DE PILATES QUALYFISIO,04,20260521,20150810,PI,1077
10340088,0001,1,TEST TRAINER FITNESS SYSTEMS,02,20080903,20080903,SP,7107
17334131,0001,1,LF - CENTRO DE TREINAMENTO,02,20210322,20121221,PA,0429
22562426,0001,1,ALFA ACADEMIA,02,20150601,20150601,CE,9917
25290022,0001,1,PILATES PERSONAL ANA PAULA FARIA,08,20180307,20160726,GO,9373
16638143,0001,1,VIVAVIDA FITNNES,08,20200824,20120731,SP,7107
23733809,0001,1,JB PERSONAL TRAINER,08,20180308,20151125,SC,8105
23111599,0001,1,,08,20180316,20150821,PR,7419
24409080,0001,1,ARIANE MENDES TREINAMENTO PERSONALIZADO,08,20180319,20160317,SC,8367
23057351,0001,1,CONTENDER TREINAMENTO PERSONALIZADO,08,20180320,20150813,PE,2491
24106234,0001,1,RUNIT,04,20210318,20160202,SC,8161
23737236,0001,1,CASA BORTOLETTO VILAR DOS TELES,08,20180410,20151125,RJ,5901
19895373,0001,1,,02,20140318,20140318,SP,6929
11248524,0001,1,ACADEMIA FENIX,08,20220317,20091015,SP,6477
24626926,0001,1,CASCAS,08,20180426,20160419,PR,7535
17759298,0001,1,ACADEMIA NUTRI SPORT,04,20240820,20130314,ES,5603
24481313,0001,1,,02,20160330,20160330,SP,6771
08735194,0001,1,ACADEMIA VARGEM FITNESS,04,20201029,20070314,RJ,6001
08207281,0001,1,ACADEMIA AMIL POR HORA,04,20181026,20060419,CE,1389
08781456,0001,1,ACADEMIA ALTHERES,02,20070420,20070420,RN,1661
22190558,0001,1,,08,20210427,20150330,PR,7471
19977836,0001,1,,08,20180522,20140328,RS,8595
22539005,0001,1,SPACE FITNESS,08,20180528,20150527,MG,4123
20981671,0001,1,AQUATIC CENTER,02,20140904,20140904,RJ,1116
23077385,0001,1,JANAINACA,08,20180529,20150817,SP,7121
19280420,0001,1,FUNCIONAL FIGHTERS NATURAL,08,20260317,20131113,PR,7493
15538042,0001,1,,02,20120328,20120328,RJ,5869
24292932,0001,1,,08,20180604,20160302,CE,1389
13752127,0001,1,RR KUNG FU,02,20110526,20110526,SP,7107
18530273,0001,1,SPECIFIC STUDIO FITNESS,08,20180618,20130719,SP,6875
23314043,0001,1,BODY SHAPE,08,20221018,20150918,RJ,5833
19950338,0001,1,BEM STAR FITNESS,02,20140326,20140326,PE,2543
21316675,0001,1,SARA MELINA,08,20180717,20141030,MT,9181
21487710,0001,1,,08,20180719,20141128,PR,7659
15064219,0001,1,ACADEMIA CORPO E MOVIMENTO,08,20180720,20120216,SC,8199
20450258,0001,1,ART CORPUS ACADEMIA,08,20180723,20140616,MG,4445
21327386,0001,1,DINAMIZE ACADEMIA,08,20180828,20141101,PB,2047
25047386,0001,1,PRIME ACADEMIA,02,20160621,20160621,SC,8129
21520340,0001,1,MEGATEAM,04,20210401,20141204,CE,1389
22667556,0001,1,ACADEMIA EVOLUTION,08,20180808,20150617,MG,4015
24261006,0001,1,JULIANA PERSONAL,08,20181213,20160226,SC,8047
21609867,0001,1,ACADEMIA MM,02,20141223,20141223,ES,5697
14184321,0001,1,PERSONAL SYSTEM ACADEMIA,02,20110819,20110819,SP,6639
24461414,0001,1,THAISA GODOY,08,20180815,20160328,SP,6969
21094161,0001,1,,02,20140923,20140923,PR,7535
19296361,0001,1,CROSS NUTRITION BOX SAO PEDRO,02,20131122,20131122,SP,7109
18538146,0001,1,AVATI,04,20260519,20130716,RS,8523
17548268,0001,1,ACADEMIA STYLLUS,04,20180904,20130207,MG,4387
01128915,0002,2,ACADEMIA FENIX,02,20210419,20120210,MS,0159
23547301,0001,1,PERSONAL ACADEMY,02,20151015,20151015,RJ,5833
18121338,0001,1,ACADEMIA WILL FITNESS,08,20181214,20130515,SP,6281
24288445,0001,1,STUDIO MOISES FERREIRA,02,20160301,20160301,GO,9625
10921751,0001,1,LM - SAUDE EMPRESARIAL,08,20250917,20090610,RJ,6001
15241457,0001,1,ACADEMIA DINAMICA,08,20260514,20120309,PR,7535
21263056,0001,1,ACADEMIA ELITE FITNESS,04,20220609,20141021,MG,4133
13020226,0001,1,ACADEMIA VIGOR,04,20181011,20101217,MG,4123
24746334,0001,1,LIFE&HEALTH SPORTS TRAINING,08,20181016,20160506,SP,7107
21473811,0001,1,LABORAIS,04,20220608,20141126,AM,0255
12539787,0001,1,TOP TRAINING,04,20181030,20100823,RS,8683
24092885,0001,1,,02,20160129,20160129,RJ,6001
18314343,0001,1,ACADEMIA BIOFORMA,08,20181122,20130613,ES,5629
11141015,0001,1,,02,20090914,20090914,MG,4223
22397025,0001,1,TOPFIT ACADEMIA FEMININA,02,20150507,20150507,SP,6307
16384259,0001,1,,04,20181128,20120521,RJ,2921
09184919,0001,1,,04,20181129,20071002,RS,8853
10802001,0001,1,,04,20181130,20090406,RJ,5813
20241705,0001,1,"FITLIVE- PILATES, FISIOTERAPIA E TREINAMENTO FUNCIONAL",08,20220712,20140513,SP,7183
19438750,0001,1,E. B. RODRIGUES DA SILVA,04,20181205,20131220,AP,0605
11313851,0001,1,CROSS FIGHT TRAINING SYSTEM,02,20091008,20091008,SP,7107
21583829,0001,1,,04,20181212,20141217,TO,9733
18233990,0001,1,ACADEMIA SAUDE DO CORPO,08,20181227,20130604,RJ,2913
23840460,0001,1,,02,20151214,20151214,PB,2051
09200756,0001,1,OLIMPUS FITNESS CENTER,02,20071106,20071106,ES,5705
23759155,0001,1,CROSS FORTES,08,20240703,20151130,PI,1167
18740889,0001,1,CENTRO DE ATIVIDADES FISICAS MD,02,20130823,20130823,MG,5155
20521933,0001,1,OSIRIS FTNESS,04,20231106,20140630,GO,9221
09570245,0001,1,ACADEMIA MAROMBOYS,04,20210326,20080227,SP,6477
23822344,0001,1,,08,20190206,20151210,PE,2629
20233006,0001,1,FIT PILATES ESPACO TERAPEUTICO,02,20250904,20140512,GO,9373
17078261,0001,1,FCR_TRAINING,02,20121026,20121026,MS,9051
22220049,0001,1,ACADEMIA ESPACO DOS AMIGOS FITNESS,08,20190103,20150409,SP,7107
13971151,0001,1,,02,20110602,20110602,ES,5623
22815251,0001,1,FLEX CORPUS PILATES,02,20150709,20150709,MG,4123
15286654,0001,1,STUDIO FITNESS ACADEMIA,04,20190109,20120326,SP,6449
13051995,0001,1,DOM STUDIO,08,20200103,20101228,MG,4895
10831722,0001,1,AL QUALITY LIFE,08,20221122,20090520,BA,3685
23513305,0001,1,,08,20190821,20151021,GO,9625
14270530,0001,1,ACADEMIA MEDIDA CERTA,08,20210125,20110819,PE,2533
21548395,0001,1,DULOPES EXCELENCIA FISICA,08,20150112,20141210,RS,8869
23430171,0001,1,STUDIO DE ATIVIDADE FISICA ITALO ROSSANO,08,20190401,20151006,RS,8869
17654295,0001,1,TOP FITNESS,04,20220609,20130227,BA,3965
04590407,0002,2,ACADEMIA ESCULTURA DO CORPO,08,20190122,20130510,MA,0921
11187958,0001,1,JD3 ESPACO FISICO LTDA,02,20090928,20090928,PR,7937
09633061,0001,1,ACADEMIA ESPACO K S,04,20190129,20080602,MA,0723
21231660,0001,1,STUDIO FITNESS GERAIS,08,20190201,20141015,BA,3811
19178959,0001,1,,08,20190204,20131031,RS,8683
09221983,0001,1,EPIFANIO & SIMAO,04,20220608,20071128,MS,9051
17315659,0001,1,ACADEMIA BOA FORMA,04,20260528,20121203,SP,7237
23451536,0001,1,ZQ ASSESSORIA,02,20210906,20151010,RS,8489
21380950,0001,1,HEALTH FIT,04,20190228,20141111,PE,2531
09323702,0001,1,,08,20230814,20071207,SP,7107
07279662,0002,2,ACTION ACADEMIA,08,20190312,20160429,RS,8801
23470466,0001,1,NSP NAMASKAR - SERVICOS E TREINAMENTOS,04,20210309,20151014,PR,7667
23947073,0001,1,,08,20190318,20160111,MG,5251
20911209,0001,1,NAIARA FORTUNATO,08,20190318,20140826,SP,7097
21895562,0001,1,STUDIO DE PILATES ANA CRISTINA RACHADEL PIAZZA,08,20210524,20150219,SC,8163
12026827,0001,1,ACADEMIA ELITE,04,20190321,20080429,PR,7513
23620264,0001,1,STUDIO DE PILATES RACHEL FONSECA,08,20190321,20151108,MG,4123
09333971,0001,1,XPLUS EXPERIENCE,02,20080125,20080125,PR,7493
24453449,0001,1,GEMIU'S ACADEMIA,04,20190329,20160323,RS,8841
17266267,0001,1,MAGAZINE SAUDE E CIA,08,20191029,20121206,SP,6291
23236365,0001,1,,08,20190411,20150909,PR,7563
25059140,0001,1,ROMA CENTRO DE TREINAMENTO,08,20201221,20160622,SP,7075
20277019,0001,1,PRO CORPO ACADEMIA,08,20190416,20140519,RJ,5859
23985424,0001,1,DS TRAINER ASSESSORIA ESPORTIVA,02,20160115,20160115,BA,3965
24900782,0001,1,SAN DIEGO ACADEMIA,08,20190506,20160530,PA,0427
24913144,0001,1,JHONATA PERSONAL,08,20190507,20160601,SP,6551
18540319,0001,1,INSPIRE,02,20130723,20130723,SP,6509
20908212,0001,1,CROSSTRAINING SAO ROQUE,08,20220819,20140826,SP,7113
19787045,0001,1,FW ASSESSORIA ESPORTIVA E ACADEMIA,02,20140225,20140225,SC,8121
22930195,0001,1,BIO FORMA STUDIO,02,20150727,20150727,MG,4219
09335849,0001,1,ORLANDINI TREINAMENTOS,08,20240610,20071219,SP,7017
22782903,0001,1,,08,20230311,20150702,RS,8659
10474752,0001,1,ACADEMIA EXTREME,08,20210209,20081111,SP,7075
12612639,0001,1,ACADEMIA RONALDO,04,20210311,20100923,RJ,6001
21721381,0001,1,RN FISIOFITNESS,02,20150121,20150121,PE,2513
12664099,0001,1,OLYMPIA GYM,08,20190822,20101013,PE,2599
22730095,0001,1,AR2 FITNESS,02,20150626,20150626,PR,7535
25161466,0001,1,PLENA FORMA CENTRO DE TREINAMENTO,02,20210517,20160708,AL,2845
14731267,0001,1,ACADEMIA SUPERACAO,02,20111129,20111129,RJ,5847
14585562,0001,1,ACADEMIA SUPER TREINO,08,20191106,20111028,AP,0605
07063289,0002,2,,08,20191025,20080310,RS,8723
13764591,0001,1,GEORGIA GUIMARAES INTERACTIVE PILATES,02,20110607,20110607,BA,3849
09376107,0001,1,EQUILIBRIUM ATIVIDADES PERSONALIZADAS,02,20080220,20080220,SP,2943
10694926,0001,1,BODY EFFECT,08,20191119,20090227,RJ,6001
18596875,0001,1,,08,20191128,20130801,PA,0427
13385310,0001,1,,08,20191129,20110222,SP,7107
24135122,0001,1,,08,20191129,20160208,SP,6969
21788667,0001,1,IRON FITNESS,08,20191213,20150130,MS,9745
08402534,0001,1,,02,20190827,20061002,RJ,6001
21398691,0001,1,STUDIO SABYNE K RIBEIRO,02,20141113,20141113,PR,7565
22912627,0001,1,MINAS FIT ACADEMIA,04,20220209,20150723,MG,4763
25058539,0001,1,RV SERVICOS DE PERSONAL TRAINER,04,20210311,20160622,RJ,6001
12257496,0001,1,OMNI,02,20260608,20100719,DF,9701
07594978,0030,2,,02,20120730,20120730,SP,6291
20230674,0001,1,ACADEMIA CORPO E MENTE,08,20200106,20140512,MG,4647
20722282,0001,1,STUDIO TOP FITNESS,02,20140728,20140728,SP,6595
15180379,0001,1,STUDIO CROSS 5,04,20260528,20111111,SP,7107
09228322,0001,1,,08,20200115,20071119,CE,1513
24550748,0001,1,,08,20210121,20160408,MG,4069
24512441,0001,1,,08,20200128,20160404,BA,3573
18785475,0001,1,,08,20200210,20130830,SP,6603
20412580,0001,1,DOMINIO DO CORPO STUDIO DE PILATES,08,20200222,20140609,MT,1184
22315309,0001,1,RP PILATES,08,20200227,20150326,RS,8801
20870398,0001,1,,08,20251231,20140820,SP,6583
25208683,0001,1,LA BELLE ACADEMIA FEMININA,08,20250102,20160714,MG,4133
23186308,0001,1,PATRICIA ALVES DA SILVA GAMA,08,20200306,20150901,PE,2457
11702775,0001,1,ACADEMIA EQUILIBRIO,08,20200310,20100318,SC,0910
17891059,0001,1,FITNESS ONLINE,04,20260515,20130408,BA,3849
22024390,0001,1,GOLD FITNESS ACADEMIA,08,20251006,20150311,PB,2051
23989451,0001,1,THIAGO LEITE - ASSESSORIA ESPORTIVA,08,20200317,20160118,SP,7107
17043767,0001,1,VIP ACADEMIA,02,20121022,20121022,RN,1615
19419631,0001,1,ROBSON MANOEL TEAM,02,20131217,20131217,SP,7107
21952802,0001,1,,08,20200415,20150227,MG,4865
21438062,0001,1,START TEC DIGITAL,08,20200527,20141119,MG,4123
18570105,0001,1,OHANA CROSS,02,20130729,20130729,BA,3849
22724939,0001,1,,02,20150625,20150625,RJ,5807
11125064,0001,1,BODY COMPANY,08,20200602,20090904,DF,9701
19408535,0001,1,,02,20131212,20131212,RS,8589
11010049,0001,1,ACADEMIA BELLEZA E FORMA,04,20210423,20090727,RN,1761
14783536,0001,1,ACADEMIA MAXXIFORMA,02,20111215,20111215,RS,8801
17164130,0001,1,SOULFIT ACADEMIA,02,20121114,20121114,MG,5369
16482343,0001,1,BUENO'S FIT ACADEMIA,02,20120716,20120716,RO,0007
23834861,0001,1,ESPACO BEWELL,08,20200629,20151214,SP,7107
12294689,0003,2,FANG PILATES E ESTETICA,08,20200716,20160331,DF,9701
19691536,0001,1,SAUDE PERFORMANCE,08,20160202,20140210,GO,9599
10674038,0001,1,OLIMPO ACADEMIA,02,20090306,20090306,MS,9093
12483501,0001,1,ACADEMIA BARRA FITNESS,02,20100901,20100901,BA,3355
21052372,0001,1,ARACATU FITNESS,08,20210927,20140917,BA,3339
15178562,0001,1,ANDREAS FITNESS,02,20210517,20120308,BA,3719
23535919,0001,1,CENTRO DE TREINAMENTO SUPERACAO,02,20151025,20151025,BA,3597
25157214,0001,1,ACADEMIA R1 FITNESS,08,20200727,20160707,RO,0005
14455626,0001,1,,08,20210901,20111006,SP,6163
13563645,0001,1,AMELIA BALERO - PERSONAL TRAINER,02,20110428,20110428,SP,6493
11420418,0001,1,,04,20190129,20091221,CE,1309
14192261,0001,1,A & G CONSULTORIA FITNESS,02,20230322,20110826,RJ,5819
22297537,0001,1,VITALITY ASSESSORIA ESPORTIVA,08,20160414,20150422,BA,3685
02412379,0002,2,SANDRO MOURA FITNESS,02,20160321,20160321,RJ,5819
24645437,0001,1,,04,20210224,20160422,CE,1383
10677990,0001,1,ACADEMIA RIP FITNESS,04,20181128,20090309,RJ,2921
13700250,0001,1,SUPLEMAN,08,20160224,20110525,PE,2521
21915596,0001,1,,08,20181010,20150223,SP,7183
24509785,0001,1,DENKIO FIT ACADEMIA,08,20180115,20160404,RS,8785
17636058,0001,1,LEANDRO MESQUITA,08,20180201,20130225,MG,4445
25341219,0001,1,PERSONA FITNESS,08,20220329,20160802,MG,4445
18714997,0001,1,ARTE DO CORPO,08,20150615,20130820,SP,6469
13780202,0001,1,PLANETA FITNESS ACADEMIA,08,20210913,20110607,MG,4675
11792557,0001,1,ACADEMIA ACQUABEL,02,20100325,20100325,SP,6901
11454072,0001,1,ACADEMIA BIO TAGUAI,02,20091228,20091228,SP,7161
22870768,0001,1,,08,20250211,20150717,MG,4595
12248773,0001,1,,04,20210330,20100719,MG,4133
23176187,0001,1,DIEGO FERNANDO AVANCI,08,20200726,20150830,PR,7691
19940114,0001,1,ITA ACADEMIA BETTER LIFES,08,20200803,20140325,PB,2041
22358694,0001,1,,02,20150430,20150430,SP,7135
23095740,0001,1,ENERGIZAR,02,20220829,20150819,SE,3105
20729939,0001,1,ACADEMIA GOOD FORMA,04,20210423,20140729,PE,2341
08319771,0001,1,,08,20200916,20060919,RS,8801
21400051,0001,1,BE1 STUDIO,02,20200220,20141112,PR,7535
22872508,0001,1,,02,20180829,20150717,SC,8089
11441058,0001,1,,02,20091215,20091215,SP,7155
16578737,0001,1,HEALT FIT SAUDE CORPO E MOVIMENTO LTDA,08,20201023,20120703,SP,7107
20803587,0001,1,STUDIO SUPERACAO,08,20201026,20140808,SC,8229
16581088,0001,1,MINAS FITNESS,08,20170320,20120726,MG,4945
17444630,0001,1,UZ,02,20130121,20130121,BA,3781
19931924,0001,1,CS PERFORMANCE ASSESSORIA ESPORTIVA,08,20171229,20140324,PR,7513
20597246,0001,1,PASSO CERTO ASSESSORIA ESPORTIVA,08,20150310,20140708,MG,4957
20773389,0001,1,MALTA BARBATANAS,08,20170428,20140805,SP,7107
21003894,0001,1,ADRIANA LIMA,08,20140910,20140909,MG,4123
21384541,0001,1,PALUC,08,20141209,20141111,SP,7107
21181940,0001,1,ALESSANDRA ALVES,08,20160615,20141007,SP,7077
21746485,0001,1,,08,20160317,20150126,RN,1639
22655461,0001,1,ACADEMIA FUN FITNESS CORE TRAINING,08,20160713,20150616,SP,6179
24200477,0001,1,PERSONAL DIANDRA COSTA,08,20160817,20160218,SP,6237
24226489,0001,1,FIT STUDIO,08,20160607,20160223,MG,5049
24238819,0001,1,STUDIO PILATES,08,20160714,20160224,RS,8847
25138556,0001,1,,08,20170419,20160705,MG,4199
25306930,0001,1,,08,20161117,20160728,SP,7107
22439239,0001,1,TAURUS,08,20201117,20150513,SP,7107
19670269,0001,1,CHUTE BOXE,02,20140206,20140206,SP,7029
19182919,0001,1,ACADEMIA MOVIMENTO,08,20220523,20131101,MG,4749
22850524,0001,1,A2 ACADEMIA,02,20150715,20150715,PE,2497
11090753,0001,1,SIEMPRE SAUDE FITNESS,08,20201208,20090817,SP,7183
19188801,0001,1,APPLE STUDIO PILATES,02,20131101,20131101,BA,3849
11248514,0001,1,,02,20091022,20091022,MG,5427
13093082,0001,1,NADO LIVRE,08,20210126,20110110,MG,4723
24313667,0001,1,ESTER DE PADUA,04,20260512,20160304,ES,5703
22749280,0001,1,DIEGO JANSEN PERSONAL,04,20210210,20150630,DF,9701
15408561,0001,1,ACAO SAUDE ACADEMIA,02,20210519,20120420,GO,9227
09472460,0001,1,PHISYCUS ACADEMIA,04,20210218,20080404,MT,8991
24049765,0001,1,CENTRAL ACADEMIA,02,20210317,20160126,MS,9063
20205547,0001,1,E.M.T. FITNESS,02,20140507,20140507,SP,6291
18098787,0001,1,SPORT LIFE ACADEMIA,04,20210223,20130513,AM,0255
21782360,0001,1,,04,20210223,20150130,AM,0255
21798457,0001,1,PATRICIA PEREIRA,02,20220429,20150202,RS,8801
20397713,0001,1,FRED EISENHAUER - PERSONAL TRAINER,02,20220627,20140605,SP,7107
25223925,0001,1,TE FAZ BEM TREINAMENTO PERSONALIZADO,04,20210226,20160717,SP,7107
13484356,0001,1,LIFE ACTION,08,20191216,20110309,SP,7107
18510569,0001,1,,04,20210423,20130718,PE,2565
14602542,0001,1,ONE FIT ACADEMIA,04,20210305,20111007,SP,7107
24498055,0001,1,AGITO FITNESS,04,20210310,20160331,SP,7149
11388825,0002,2,ACADEMIA NITRO,02,20210715,20140703,RJ,6001
23573338,0001,1,CAROLINE BORDONI,04,20210311,20151029,RJ,6001
23784695,0001,1,EVANDRO,04,20210311,20151203,RJ,6001
25398411,0001,1,FULL LIFE,04,20210311,20160806,RJ,6001
24203076,0001,1,VANNUCHI CONSULTORIA ESPORTIVA,02,20210517,20160218,RJ,6001
21637458,0001,1,,04,20210316,20150107,RJ,6001
22826603,0001,1,PERRY LEITE EVENTOS,04,20210316,20150710,RJ,6001
23013547,0001,1,,08,20210316,20150807,SP,6163
24043148,0001,1,,04,20210318,20160125,SC,8105
22856699,0001,1,,08,20210318,20150715,SP,7209
20942878,0001,1,TODY PERSONAL COACH,04,20210323,20140831,RS,8815
24318877,0001,1,PERSONAL RODRIGO MENEZES,04,20210325,20160306,RJ,5833
17494219,0001,1,,04,20210326,20121220,SP,6477
24564112,0001,1,GYM POWER ACADEMIA,02,20160411,20160411,BA,3741
11175428,0001,1,BLADE FIT ACADEMIA,04,20210401,20090925,GO,9227
24593278,0001,1,ACADEMIA PHYSICAL SHAPE,02,20240321,20160414,MA,0899
23362479,0001,1,,04,20210406,20150928,SP,6787
22148600,0001,1,PAULO HIGA,04,20210406,20150329,SP,6979
22663692,0001,1,ESPACO FITNESS,08,20211112,20150616,PI,1049
24559660,0001,1,PAULINHO AVILA,04,20210409,20160409,PE,2531
25006035,0001,1,ACADEMIA CIA DO PESO,04,20210409,20160615,PE,2457
21657148,0001,1,ACADEMIA SAUDE E BELEZA,02,20150112,20150112,RN,1717
24901405,0001,1,,02,20160530,20160530,SP,7107
23034707,0001,1,,04,20210415,20150811,SP,7079
15350173,0001,1,ACADEMIA WELLNESS CORE,08,20210415,20120411,DF,9701
22296256,0001,1,PERFORMANCE,04,20210416,20150422,SE,3105
23739609,0001,1,ACADEMIA RENOVATION,02,20210720,20151126,SP,0816
21372212,0001,1,MUTANTE GYM ACADEMIA,04,20210419,20141110,SP,6713
23150087,0001,1,ANDRE LUIZ ALVES,04,20210419,20150826,SP,6551
24062482,0001,1,I2 FITNESS,02,20160127,20160127,BA,3781
09166579,0001,1,,08,20210420,20071024,BA,3873
13529543,0001,1,AMI - ACADEMIA MELHOR IDADE,08,20260423,20110418,BA,3965
16529218,0001,1,CAMPELO FITNESS,04,20210423,20120716,RN,1837
19726486,0001,1,ELITE STUDIO MAGAZINE,02,20140217,20140217,MG,5191
19884120,0001,1,STUDIO K,08,20210506,20140315,PB,2051
12356048,0001,1,CORPUS FITNESS,02,20100716,20100716,RJ,2909
23140176,0001,1,ACADEMIA ABELHA FITNESS,08,20160321,20150825,SE,3111
23173037,0001,1,TOP 10 ACADEMIA FITNESS,04,20210422,20150828,BA,3625
23208693,0001,1,SILVANA ASSIS,08,20190214,20150903,PR,7535
23219337,0001,1,,08,20210125,20150904,RJ,6001
13385595,0002,2,TOTAL FITNESS,02,20130213,20130213,SP,6425
18100475,0001,1,BOA VISTA FITNESS CLUB,04,20210225,20130509,RS,8801
23579855,0001,1,STOFFER,04,20220608,20151101,MS,9051
23740807,0001,1,,08,20260422,20151126,RJ,6001
08845709,0001,1,,08,20201202,20070314,SP,6425
23847458,0001,1,RAFAEL DE MELLO PERSONAL TRAINER,08,20211223,20151215,MA,0921
13191664,0001,1,,08,20170710,20110128,SP,6969
23871621,0001,1,RICARDO COLOMBO ATIVIDADES FISICAS,08,20260311,20151221,SP,6917
11565395,0001,1,STUDIO DO CORPO FORMA & SAUDE,08,20190903,20100211,MG,5023
13300386,0001,1,METODO FOCO TREINAMENTO PERSONALIZADO DE RESULTADO,02,20230616,20110202,SP,7057
23966783,0001,1,ROSANE MACHADO,08,20170730,20160113,PR,7535
23991745,0001,1,CK FIT,02,20160115,20160115,SE,3105
13374375,0001,1,AUTONOMY REABILITACAO E ATIVIDADE FISICA,04,20240827,20110316,CE,1389
13385627,0001,1,ACADEMIA DO CLUBE,08,20131008,20110317,RS,8801
24014529,0001,1,VINADE RUNNER,08,20170528,20160120,RS,8801
24050708,0001,1,EDUARDO HENRIQUE - TREINAMENTO PERSONALIZADO,08,20260205,20160126,DF,9701
14315343,0001,1,ESPACO LIVRE,04,20260526,20110920,SP,6477
14763633,0001,1,VIBRA VIDA,08,20190523,20111017,SP,7107
24120914,0001,1,P.C.G. PERSONAL TRAINER,08,20250818,20160204,SP,7107
13517421,0001,1,,08,20150127,20110404,SP,6137
13647673,0001,1,IN FITNESS,08,20220527,20110428,SP,6477
13813981,0001,1,ESCOLINHA DESPORTIVA VERDES MARES,02,20190612,20110614,RS,8619
24427980,0001,1,,08,20180221,20160321,RJ,5925
24434867,0001,1,IRON LIFE ACADEMIA,02,20250709,20160322,PB,1951
18466659,0001,1,FORMULA,08,20161031,20130711,SP,7077
24503296,0001,1,CT MERCK,08,20190731,20160331,RS,8801
24641510,0001,1,STUDIO FORMA FITNESS,08,20230725,20160421,SP,6331
24708104,0001,1,CHARLIERACE,08,20250218,20160502,RS,8801
24710483,0001,1,CORPORACIONE,08,20230606,20160503,RS,8769
24830831,0001,1,,08,20161004,20160518,RJ,5877
24912112,0001,1,,08,20250711,20160601,RS,8647
25355851,0001,1,CRIARTE DH COMPANY,04,20210323,20160803,PR,7749
25385732,0001,1,INSIDE DOUGLAS CASSIANO,08,20190111,20160805,MG,5049
25425658,0001,1,STUDIO JENIFER ZILI,08,20161026,20160809,SC,8089
11802438,0001,1,,02,20080411,20080411,SP,6469
15127577,0001,1,CORPUS ACADEMIA,02,20120214,20120214,PI,1165
19566599,0001,1,ACADEMIA POWERGYN,04,20210426,20140122,PB,1951
19571915,0001,1,B1 ACADEMIA,04,20231107,20140122,CE,1423
15283520,0001,1,R7 FITNESS,04,20231109,20120329,RJ,5869
19677215,0001,1,N FITNESS,04,20210423,20140206,RN,1741
19791453,0001,1,G7 WELLNESS,02,20140225,20140225,RS,8927
21472388,0001,1,ACADEMIA BALADA FITNESS,02,20210712,20141126,GO,9765
19851330,0001,1,BETO ACADEMIA FITNESS,02,20240902,20131213,RJ,5833
20978869,0001,1,CULTURA CORPORAL,08,20170621,20140904,BA,3849
24796578,0001,1,SAFE TRAINNING,08,20170728,20160513,SC,8105
20875262,0001,1,STRONG ACADEMIA,08,20180202,20140814,PR,7995
19997413,0001,1,ESPACO PILATES RENOVARE,08,20170111,20140402,MG,5425
20030228,0001,1,GISELE MELCHER PESSOA,04,20210317,20140406,PR,7535
20050915,0001,1,KAUANA SELERI,08,20180201,20140409,PR,7667
20066777,0001,1,,08,20180201,20140411,MG,4123
12369981,0001,1,,04,20181123,20100802,PR,0862
20197613,0001,1,FAROBS,08,20211202,20140506,SP,7107
20200274,0001,1,,02,20140429,20140429,PR,7691
20558224,0001,1,ACADEMIA EROS,04,20260515,20140704,BA,3005
20671502,0001,1,ACADEMIA FORCA E MOVIMENTO,04,20190117,20140718,CE,1585
20703367,0001,1,DAIANA,08,20180201,20140724,SP,6377
20753376,0001,1,DALTON SAUDE & FITNESS,08,20141121,20140801,SC,8179
20887636,0001,1,CIA DO PESO,08,20140909,20140821,PE,2457
18987090,0001,1,,08,20190218,20131001,SC,8253
20973606,0001,1,,02,20140904,20140904,SP,6875
21006658,0001,1,,08,20250812,20140910,SP,7107
13316927,0001,1,,02,20110228,20110228,RJ,6001
21099142,0001,1,ACADEMIA NOTA 10,08,20250203,20140923,BA,3413
15763652,0001,1,VITALITA ACADEMIA,02,20240515,20120612,MT,9067
21236632,0001,1,,08,20210813,20141016,MG,4797
21427472,0001,1,IRON GYM BAURU,02,20220201,20141118,SP,6219
21455327,0001,1,SEVEN FITNESS ACADEMIA DE GINASTICA,04,20260601,20141124,SP,7107
21519226,0001,1,MARIANA NEVES PERSONAL TRAINER,08,20180201,20141204,RJ,5803
21591625,0001,1,PHYSICUS LIFE,08,20170122,20141219,RJ,5853
21592816,0001,1,REGINA DEL CARLO SERVICOS ESPORTIVOS,08,20201005,20141219,SP,7107
15511925,0002,2,RHONEY CARVALHO ACADEMIA,02,20141204,20141204,PI,1219
21775178,0001,1,,08,20180201,20150129,PR,7691
21777215,0001,1,LUELIZA CARLOTA,08,20210427,20150129,SP,6311
21805811,0001,1,VEMNADAR,02,20210607,20150203,RJ,6001
21859529,0001,1,DOUGLAS PERSONAL,08,20210730,20150211,SP,7149
21982811,0001,1,STUDIO DE PILATES NAYARA LAGES,08,20210315,20150305,MG,4123
22012149,0001,1,PROFESSOR,08,20160302,20150309,SP,7071
22052691,0001,1,ALMARZA DANCE,08,20150326,20150316,SP,7071
22077779,0001,1,,08,20170530,20150318,PR,7759
22233849,0001,1,TAF RUNNERS ASSESSORIA ESPORTIVA,08,20210324,20150413,SP,7099
22278370,0001,1,H. JOBIM FILHO,02,20251016,20150417,AM,0255
22367215,0001,1,CORPPUS FITNESS,08,20230313,20150504,RN,1761
22447976,0001,1,ACADEMIA RITMO & FORMA,02,20150513,20150513,RR,0301
22606378,0001,1,MASTER FITNESS,08,20210823,20150605,RN,1779
22638004,0001,1,,08,20191204,20150611,SP,7107
22666516,0001,1,PERSONAL STUDIO MAYUMI PIQUET,04,20210316,20150617,RJ,5865
22672799,0001,1,PROMOVE,08,20181019,20150618,GO,9221
17314277,0001,1,MK FITNESS,04,20181106,20121218,GO,9511
22848000,0001,1,MADIBA SPORT'S,04,20210406,20150714,SP,6619
22899487,0001,1,,04,20210415,20150722,SP,7145
22953909,0001,1,ESPORTE CLUBE MAO,08,20190518,20150729,SP,7071
17524492,0001,1,ACADEMIA MEDIDA CERTA,02,20130131,20130131,RS,8581
12774784,0001,1,,08,20150731,20101028,RJ,2921
23032599,0001,1,ESPACO VIP,08,20160328,20150810,MT,9067
13086395,0001,1,ACADEMIA ARENA SPORTS,02,20101221,20101221,SP,6415
87233797,0003,2,,02,20070212,20070212,RS,8725
08990207,0001,1,SPORT FITNESS,08,20181017,20070814,BA,3919
10400890,0001,1,,02,20080925,20080925,SP,6477
10536651,0001,1,ACADEMIA IMPACTO,02,20081211,20081211,SP,6795
10640521,0001,1,SPORTEAM ACADEMIA,08,20100616,20090211,RJ,5897
10811989,0001,1,ACADEMIA E CLINICA DE REABILITACAO PHYSICUS ME,04,20181212,20090504,MS,9003
10854564,0001,1,NUTRA SPORT,04,20181121,20090527,AL,2785
11257429,0001,1,XTREME FITNESS,04,20181127,20091005,PR,7407
11572189,0001,1,,04,20231030,20100204,MS,9065
11898479,0001,1,ACADEMIA MESTRE QUEIROZ,04,20210303,20100505,RO,0003
11920367,0001,1,ACADEMIA PROFESSOR GUSTAVO DA LUZ ANTUNEZ,02,20100427,20100427,RS,8791
07737623,0053,2,BODYTECH,02,20140527,20140527,RJ,6001
12166889,0001,1,PATELLA STUDIO DE PILATES,08,20110804,20100527,RS,8683
12252641,0001,1,,08,20250217,20100720,MG,4309
22917831,0001,1,,02,20150724,20150724,SP,6969
24449768,0001,1,LETICIA CEMIN PERSONAL TRAINER,08,20240527,20160323,RS,8729
10258031,0001,1,PROFIT,02,20080730,20080730,PR,7535
20249226,0001,1,,02,20140514,20140514,SC,8179
20019604,0001,1,CENTRAL FITNESS,08,20240405,20140404,MT,9819
20217138,0001,1,FORCE FITNESS,04,20260513,20140509,PE,2443
18737856,0001,1,,02,20130822,20130822,RS,8693
11940847,0001,1,N & N MULTFORMA,08,20210609,20100427,BA,3967
21168462,0001,1,ACADEMIA OLIMPO,08,20210823,20141006,RS,8649
24649031,0001,1,PABLO RODRIGO TREINAMENTO FISICO E FUNCIONAL,08,20240612,20160425,RS,8589
08199251,0001,1,CORPORIS SANU,02,20060801,20060801,BA,3597
17148064,0001,1,BEM ESTAR,02,20121112,20121112,MG,4649
24065002,0001,1,,02,20160126,20160126,RS,8801
12089110,0001,1,FOR YOU SAUDE E BEM ESTAR,08,20250711,20100616,SC,8311
19746698,0001,1,TRAINING LAB BY NATI KOSTEK,02,20140218,20140218,RJ,6001
13055503,0001,1,HEALTH CENTER FITNESS,08,20210826,20101230,RN,1639
15379914,0001,1,PILATES4U,02,20120309,20120309,SP,7107
22349993,0001,1,UNIT - CONDICIONAMENTO FISICO,08,20210906,20150429,RS,8933
21613175,0001,1,SPORT CENTER VIX,08,20220816,20141229,ES,5705
25310789,0001,1,ALINE MAURA STUDIO FITNESS E ESTETICA,02,20160728,20160728,PR,7937
15217536,0001,1,,08,20211005,20120112,SP,7107
24806654,0001,1,FORCA GUERREIRO,02,20160516,20160516,SP,6713
18460883,0001,1,TIME FITNESS,08,20211029,20130710,SP,7107
19565869,0001,1,ESPACO HOME FIT,02,20140122,20140122,SP,7071
24813379,0001,1,ARENA FITNESS,02,20160517,20160517,BA,3951
25058138,0001,1,VERTI PILATES E FUNCIONAL,02,20160622,20160622,SP,7107
23285525,0001,1,UP FITNESS,08,20211210,20150916,MG,5403
97546191,0001,1,TATI DE BEM STUDIO DE PILATES,02,20110708,20110708,SC,8105
23125936,0001,1,,08,20211220,20150819,RJ,6001
21983029,0001,1,TREINO E MOTIVACAO,08,20211229,20150305,PE,2531
21942083,0001,1,,02,20150226,20150226,AL,2785
24123516,0001,1,,08,20231207,20160204,DF,9701
11476178,0001,1,ACADEMIA IZA FORMA,02,20100118,20100118,PE,2531
14072340,0001,1,ARUJA CROSSFIT,02,20110802,20110802,SP,6177
21648507,0001,1,TOP FIT ACADEMIA,02,20150109,20150109,MA,0947
16737558,0001,1,TOTAL FIT,04,20260518,20120822,RJ,5813
18493848,0001,1,PERSONAL CIRCUIT TRAINING,08,20220112,20130716,AM,0255
24611939,0001,1,CENTRO DE TREINAMENTO CT CROSS,08,20240503,20160417,GO,1066
19377919,0001,1,TITANIUM FITNESS,02,20190212,20131206,BA,3573
08717933,0001,1,ESTUDIO DELLAS,04,20220126,20070216,SP,6737
08472495,0001,1,CORPORE ACADEMIA,02,20061127,20061127,RS,8749
12838873,0001,1,,02,20250403,20101110,AM,0289
23083612,0001,1,MED FISIO,04,20220208,20150818,RJ,5833
24851187,0001,1,FUNCIONAL JORGE OLIVEIRA,04,20220208,20160522,ES,5621
12098098,0001,1,STEVES FITNESS,04,20220208,20100618,SP,7097
23097003,0001,1,FBORSATO STUDIO DANCE,04,20240827,20150819,MG,5191
22106477,0001,1,BIO FISICUS,02,20220215,20150324,SP,6477
23029414,0001,1,STUDIO FIT,04,20220209,20150810,SP,6311
19481697,0001,1,ACADEMIA VIDA E SAUDE,02,20190513,20140102,MA,0917
23591208,0001,1,COMPANHIA DE PILATES,08,20220212,20151103,BA,3849
17464996,0001,1,ACADEMIA TOTAL FIT,02,20130124,20130124,GO,9431
17376779,0001,1,ANDRADE FITNESS,02,20121220,20121220,SP,7149
23202631,0001,1,SQUAT FIT,04,20231026,20150902,MA,0921
17753022,0001,1,ACADEMIA SPARTACUS,02,20130228,20130228,SP,6875
19025874,0001,1,FABINHO FITNESS,08,20220429,20130905,RJ,5803
19155240,0001,1,JCF ASSESSORIA ESPORTIVA,04,20240808,20131001,PR,7477
09286669,0001,1,NEW FITNESS,04,20240827,20080107,CE,1389
25045559,0001,1,ACADEMIA PHISICUS,08,20231117,20160621,SP,7149
21170791,0001,1,MOVIMENTO CONSCIENTE SAUDE INTEGRADA,02,20141006,20141006,DF,9701
23247688,0001,1,ACADEMIA LIDER,02,20220808,20150910,PA,0483
11193507,0001,1,,04,20220607,20090925,SP,7107
19527564,0001,1,KUBOTANI FIT,02,20140115,20140115,RO,0007
10805520,0001,1,LIFE FITNESS,04,20260513,20090504,GO,9221
23822631,0001,1,R-CA3 PILATES STUDIOS FITNESS,02,20220701,20151210,SC,8179
24314497,0001,1,INTENSE TRAINING,02,20160304,20160304,SC,8233
09410988,0001,1,CENTRO OLIMPICO DE TREINAMENTO,02,20080219,20080219,PR,5525
23205657,0001,1,ESTRUTURA DO CORPO,02,20150903,20150903,MG,4751
20470970,0001,1,M7 FITNESS,08,20220720,20140619,PE,2491
13284838,0001,1,ACADEMIA ESPACO FISICO,08,20220725,20110208,SP,7153
22427271,0001,1,ATIVITAL ASSESSORIA ESPORTIVA,02,20150512,20150512,SP,6361
10591633,0001,1,GOLD FITNESS ACADEMIA,04,20240821,20081219,RJ,5897
16799287,0001,1,MEGA,02,20120828,20120828,SP,6943
25681953,0001,1,LIWELL,02,20160815,20160815,SC,8367
10202246,0001,1,QUALIFISIC,04,20260512,20080704,CE,1389
24333170,0001,1,ACADEMIA PHYSICAL FORM,02,20160308,20160308,SE,3167
09943235,0001,1,ACADEMIA DINA S CENTER,08,20220902,20080707,RJ,5813
12951688,0001,1,DENILSON PERSONAL TRAINER,02,20101202,20101202,BA,3355
13758238,0001,1,STUDIO OXIGENIO DE TREINAMENTO PERSONALIZADO,02,20110606,20110606,SC,8081
23071735,0001,1,INTERDEPENDENTE ESPORTES,08,20221020,20150816,MG,4349
12900293,0001,1,,02,20101122,20101122,MG,4783
18406697,0001,1,EQUILIBRIO STUDIO PERSONAL TRAINER,02,20130702,20130702,SC,8107
22978203,0001,1,CIAMEX - CENTRO DE ATIVIDADE FISICA,02,20150803,20150803,RS,8531
21387171,0001,1,STARK WORK OUT STUDIO,02,20210731,20141112,RJ,5819
24923097,0001,1,PRO TRAINER SPORTS,08,20221223,20160602,RJ,5883
15687925,0001,1,ACADEMIA S3,02,20120612,20120612,SE,3105
10637330,0001,1,ACADEMIA PGD,08,20230123,20090202,SP,6551
09148051,0001,1,,02,20071004,20071004,SP,6619
24098091,0001,1,STUDIO FIT LIFE,08,20230215,20160201,SP,6639
21035228,0001,1,,02,20221021,20140915,SP,6331
22363586,0001,1,OVERALL GYM,08,20250709,20150502,TO,9733
23604179,0001,1,,02,20151105,20151105,SP,7107
22796781,0001,1,CONSCIENCE CONTROLOGIA,02,20230202,20150707,SP,6163
25268868,0001,1,,08,20230529,20160722,BA,3849
14209370,0001,1,STUDIO ELLEVE,02,20110822,20110822,SC,8105
20320847,0001,1,,02,20140526,20140526,PB,2143
21527830,0001,1,ACADEMIA PERFORMANCE FITNESS,08,20250110,20141205,PA,0595
19978910,0001,1,SPORTTIME ACADEMIA,08,20230726,20140331,BA,1112
22817197,0001,1,ACADEMIA LINHARES,02,20150709,20150709,CE,1335
19468128,0001,1,HIDROPOWER,03,20250805,20131217,PR,7691
08216148,0001,1,,02,20141014,20060726,PR,7483
24956794,0001,1,ELAS FITNESS ACADEMIA,02,20160607,20160607,SC,8367
13263568,0001,1,,02,20200909,20110217,MG,4633
12529276,0001,1,GYMLIFE,02,20100906,20100906,CE,1247
18776866,0001,1,BIOFIT ACADEMIA,02,20130829,20130829,PI,1077
23987508,0001,1,TREINAMENTO DI MAURO,02,20220610,20160116,SP,6131
24137642,0001,1,IRON WOLF - CROSSTRAINING,02,20220808,20160210,SP,6807
19499918,0001,1,STYLO FITNESS,02,20140110,20140110,CE,1389
24456522,0001,1,BURLAMAQUE SAUDE E PERFORMANCES,04,20231030,20160324,DF,9701
17939443,0001,1,,02,20130416,20130416,RS,8637
08185012,0001,1,RAPHAEL ZILIO ACADEMIA,02,20060713,20060713,BA,3533
09275153,0001,1,ROMAN' S ACADEMIA,08,20240201,20071214,BA,3515
22664244,0001,1,STUDIO STEEL BULL,02,20150617,20150617,MG,4595
12184314,0001,1,,02,20100629,20100629,PR,5459
12564939,0001,1,OX PREMIUM WELLNES FITNESS SPA,08,20231213,20100915,RJ,6001
19973552,0001,1,ACADEMIA FITNESS,02,20210122,20140328,PB,2235
18868878,0001,1,ACADEMIA BIO ATLETICA.,02,20190221,20130912,RJ,5833
02331147,0002,2,ACADEMIA SPORT CENTER,08,20240717,20100524,BA,3473
13807134,0001,1,STUDIO CORPO EM MOVIMENTO,02,20110615,20110615,MG,4701
16691973,0001,1,PROACTIVE ACADEMIA,02,20120814,20120814,SC,8391
11850933,0001,1,STUDIO DE PILATES ANDRE GIANASI,02,20100416,20100416,BA,3363
23595708,0001,1,WORKOUT FITNESS CENTER,04,20260514,20151104,PA,0415
97521641,0001,1,ACADEMIA PRO-ATIVA,02,20110708,20110708,SC,8367
23946425,0001,1,,02,20160111,20160111,BA,3741
23385871,0001,1,BOX MARIA BONITA,08,20250122,20150930,CE,0985
12831879,0001,1,JUNIOR ACADEMIA,02,20101105,20101105,PE,2531
20778920,0001,1,CENTRO DE TREINAMENTO ARENA FITNESS,02,20140805,20140805,GO,9289
18382844,0001,1,TREINO ACADEMIA,04,20260514,20130628,PA,0483
17240161,0001,1,BIOFIT ZETH ACADEMIA,02,20121130,20121130,BA,3951
21925004,0001,1,ACADEMIA BUENA FORMA,08,20190815,20150224,BA,3849
15622766,0001,1,LIGA NORTERIOGRANDENSE DE TAEKWONDO MOO DUK KWAN,08,20171101,20120127,RN,1761
20558667,0001,1,,08,20250429,20140704,SC,8089
19094232,0001,1,ACADEMIA BIOTRAINNER,02,20131018,20131018,PE,2321
19805741,0001,1,,02,20140225,20140225,RJ,6001
22331727,0001,1,IRONFITNESS ACADEMIA,04,20260605,20150427,SP,7107
15804712,0001,1,ACADEMIA NR FITNESS,02,20120622,20120622,SP,6577
15436200,0001,1,SPORT FIT PRIMAVERA,02,20250826,20120426,PA,0521
13902175,0001,1,,08,20251031,20110701,MG,5731
21162661,0001,1,,02,20141003,20141003,SP,7029
14607877,0001,1,,04,20210406,20111024,SP,7047
21759251,0001,1,DIEGO GOIS PERSONAL TREINER,08,20190308,20150127,PE,2531
24621901,0001,1,ACADEMIA DEDDY FITNESS,04,20221121,20160419,GO,9373
13933592,0001,1,TEAM GRAZY,08,20180201,20110706,BA,3965
19975349,0001,1,PERSONAL JUNIOR FELIX,08,20180110,20140329,SP,6291
09375712,0001,1,USINA DO CORPO,08,20150507,20080122,RS,8561
10194292,0001,1,ACADEMIA VITA ATLETICA,08,20190225,20080714,AM,0255
10512230,0001,1,CENTRO DE QUALIDADE DE VIDA BODY FIT SPORTS,04,20210122,20081031,SP,6311
10536828,0001,1,,04,20231107,20081212,CE,1411
11063066,0001,1,,08,20120424,20090807,SP,7107
12521893,0001,1,,08,20161222,20100914,RS,8841
14148877,0001,1,CONCEITO SAUDE,02,20110818,20110818,RS,8541
14838781,0001,1,BIO 2 FITNESS,04,20181211,20120105,GO,9431
15226212,0001,1,STUDIO FITNESS,08,20200616,20120315,MG,4359
15335890,0001,1,ACADEMIA FORCA E BELEZA,08,20211022,20120409,MA,0757
15613937,0001,1,PREVENCHI,04,20231027,20120507,SP,7107
16733229,0001,1,,02,20241105,20120819,PR,7607
16890712,0001,1,STUDIO ADSUMUS,02,20120919,20120919,DF,9701
17331817,0001,1,ACADEMIA I9,02,20121221,20121221,MG,5049
17696376,0001,1,VIDA ATIVA ACADEMIA,02,20130306,20130306,MG,5037
17063772,0001,1,,08,20210523,20121024,RJ,6001
18614294,0001,1,ACADEMIA FG,04,20210401,20130614,PI,1169
18659633,0001,1,,04,20260519,20130806,RS,8899
18721805,0001,1,,08,20181205,20130819,RJ,0786
19068415,0001,1,RM GESTOR DE NEGOCIOS ESPORTIVOS E EDUCACIONAIS,08,20170804,20131015,ES,5647
19371705,0001,1,ACADEMIA BATMAN,08,20190314,20131204,SC,8105
19471343,0001,1,SPORT LIFE,02,20140106,20140106,GO,9307
19774197,0001,1,CORPO LOUNGE,02,20140224,20140224,SP,7113
20017806,0001,1,VINICIUS STUDIO FITNESS - TREINAMENTOS PERSONALIZADOS,08,20211028,20140403,MS,9039
20174084,0001,1,ACADEMIA SUPER TREINO,08,20170403,20140430,PB,2027
20214731,0001,1,,08,20151124,20140424,RN,1779
20819718,0001,1,STUDIO PERFOMANCE,02,20140812,20140812,MG,5427
20975294,0001,1,,08,20240702,20140904,SP,6219
21311375,0001,1,CORE RUNNING - ASSESSORIA ESPORTIVA,08,20180103,20141029,PE,2531
21384639,0001,1,PHISIC FORM,08,20240102,20141111,SP,6233
21489033,0001,1,,08,20171208,20141128,SP,6689
21530469,0001,1,PHYSIOFIT STUDIO,02,20141205,20141205,GO,9373
21699052,0001,1,,08,20200402,20150119,AL,2853
22381788,0001,1,,08,20170530,20150505,DF,9701
22764723,0001,1,CORPO E EQUILIBRIO ACADEMIA,08,20180925,20150701,SP,6789
22927887,0001,1,PRIME PILATES STUDIO,08,20180131,20150726,SC,8047
23422833,0001,1,,04,20260522,20151006,SP,7103
23675628,0001,1,R C FITNESS,08,20241106,20151116,ES,5611
23997010,0001,1,CRIS PERSONAL,08,20210127,20160118,MG,4123
24015530,0001,1,,04,20210422,20160120,BA,3621
24100442,0001,1,,08,20180221,20160202,SP,7107
24500727,0001,1,,08,20210630,20160401,SP,6793
24528540,0001,1,CENTRO DE TREINAMENTO R2 - RUN,08,20190315,20160405,SC,8047
22507879,0001,1,CORPO & SAUDE,04,20260525,20150521,DF,9701
24613563,0001,1,,02,20160418,20160418,MS,9787
24912186,0001,1,KELLY LINO,08,20180123,20160601,SP,7107
25124585,0001,1,ACADEMIA MAIS FIT,02,20160704,20160704,PE,2531
25136449,0001,1,PULSO FIT ACADEMIA,02,20200302,20160705,RN,1761
20126178,0001,1,,08,20180201,20140423,PE,2631
14652751,0001,1,ONE CORE CENTRO DE TREINAMENTO,02,20111121,20111121,PB,1981
21935722,0001,1,,08,20260316,20150225,SP,6291
15814790,0001,1,CRISLU HIDROGINASTICA E NATACAO,02,20120605,20120605,SP,6919
97552244,0001,1,STUDIO LIFE STYLE TF,02,20110622,20110622,SP,7077
24883679,0001,1,,02,20160527,20160527,MA,0757
24078279,0001,1,,02,20160129,20160129,SP,7107
17071342,0001,1,CONTROLPILATES,02,20220713,20121025,BA,3849
16825769,0001,1,LEONILSON CARNEIRO PERSONAL TRAINER,02,20120808,20120808,DF,9701
18197932,0001,1,ACADEMIA MOVIMENTO INTELIGENTE,02,20130524,20130524,DF,9701
24582088,0001,1,,02,20160412,20160412,SP,7107
25112838,0001,1,ACADEMIA ESPACO DO CORPO,02,20160630,20160630,RS,8497
22892355,0001,1,,02,20150721,20150721,SP,6623
11515909,0001,1,TRIX ACADEMIA,02,20100205,20100205,GO,9227
20190622,0001,1,CR FIT,04,20260526,20140505,AL,2785
25248269,0001,1,I9 CROSSFIT,02,20160720,20160720,PR,5453
13982166,0001,1,JULIANA SESSO,02,20110711,20110711,SP,6875
11824566,0001,1,ESTUDIO WAGNER FREIRE,02,20100412,20100412,RJ,5867
18302294,0001,1,,02,20130614,20130614,SP,7107
12225978,0001,1,,04,20260512,20100714,RJ,5833
20924336,0001,1,CT ARENA SPORTS,02,20140827,20140827,PA,0471
09472536,0001,1,FORMA E FITNESS,04,20260514,20080403,MG,4463
08703996,0001,1,LFC SERVICOS,04,20260515,20070316,BA,3849
13055282,0001,1,LH FITNESS,04,20260515,20101230,BA,3531
23455284,0001,1,ANDRE FITNESS,04,20260515,20151013,BA,3647
18607883,0001,1,ACADEMIA CORPO & VIDA,04,20260519,20130617,PR,7435
09164300,0001,1,FORMULA DO CORPO,02,20260527,20071018,SP,6371
12050633,0001,1,,04,20260526,20090522,SP,7097
13570733,0001,1,,04,20260526,20110419,SP,7099
22704215,0001,1,FISIOCLIN FISIOTERAPIA PILATES E NEOPILATES,08,20260609,20150623,RS,1144
24705814,0001,1,ATIVA CLINICA INTEGRADA,04,20260521,20160502,MG,4763
25902277,0001,1,ACADEMIA BOA FORMA,02,20250924,20160816,AP,0605
25964851,0001,1,STUDIO DE PILATES E FUNCIONAL CARLIN BUBLITZ,08,20180423,20160816,RS,8839
25968276,0001,1,,04,20220208,20160817,SP,6969
25971997,0001,1,MAIS VITALIDADE PILATES STUDIO,08,20210906,20160817,RS,8801
25975066,0001,1,,08,20220406,20160818,SP,6291
25978126,0001,1,ROMAGNOLI FITNESS CENTRO DE TREINAMENTO FISICO,02,20160818,20160818,MG,5125
25989663,0001,1,DANIELLE SOUZA,08,20250513,20160819,TO,9733
25992448,0001,1,,04,20210203,20160819,MG,4865
25993647,0001,1,COLISEU ACADEMIA,08,20170712,20160819,SP,6713
26001919,0001,1,,08,20161116,20160822,SP,7107
26002520,0001,1,NEYA FITNESS,04,20220208,20160822,BA,3399
26003344,0001,1,JANUARIO SAUDE,02,20210531,20160822,SP,7107
26005790,0001,1,J CANTAO JUI-JITSU E ARTES MARCIAIS,08,20161003,20160822,MG,5035
26006255,0001,1,IMANDADE JIU JITSU CARLOS LIMA,08,20190829,20160822,PR,7777
26008265,0001,1,NATHALIA SAMPAIO,08,20260108,20160822,MG,4123
26010606,0001,1,A2 ACADEMIA,02,20160822,20160822,SC,8259
26011159,0001,1,VIP ESTUDIO,08,20180116,20160823,SC,8073
26012147,0001,1,PH FITNESS,04,20210319,20160823,RJ,5863
26012840,0001,1,ACADEMIA TREINO CERTO,04,20201027,20160823,CE,1319
26015039,0001,1,THAINA AVILA,04,20210316,20160823,RJ,6001
26016178,0001,1,,08,20160831,20160823,GO,9221
26017981,0001,1,HORA DA LABORAL,04,20260525,20160823,DF,9701
26019076,0001,1,,08,20230317,20160824,SP,6251
26020281,0001,1,,08,20180208,20160824,PR,7691
26022225,0001,1,DIEGO AUGUSTO PERSONAL TRAINER,02,20260602,20160824,DF,9701
26022401,0001,1,BIANCA MOREIRA,08,20190531,20160824,SP,7145
26023201,0001,1,,08,20170804,20160824,SP,7097
26025538,0001,1,GRACIE BARRA FLORESTA,08,20181008,20160824,MG,4123
26027462,0001,1,ZANATA SPORTS&FITNEES,08,20180326,20160824,PR,7563
26031515,0001,1,ACADEMIA PHYSICUS,02,20240625,20160825,RN,1765
26032294,0001,1,SPORT LIFE,02,20160824,20160824,ES,5711
26034032,0001,1,M.E.T - METODOS DE EXERCICIOS E TREINAMENTOS,04,20210210,20160825,GO,9445
26034250,0001,1,,04,20260521,20160825,MG,4647
26038857,0001,1,,02,20160826,20160826,SP,7107
26040355,0001,1,,02,20160826,20160826,RS,8417
26041303,0001,1,SUOR & SAUDE,04,20190320,20160826,SP,6969
26041706,0001,1,BODY GYM ACADEMIA,08,20201119,20140424,PR,7535
26042157,0001,1,ACADEMIA DE BOXE & PROJETO OS GAVIOES,04,20260527,20160826,AP,0605
26050226,0001,1,HERCULES ACADEMIA,08,20180829,20160829,SP,6179
26050494,0001,1,ANA FITNESS,08,20181204,20160829,RS,8771
26057157,0001,1,CORPO DINAMICO STUDIO,08,20200427,20160829,SP,7071
26062571,0001,1,MAX VIDA - FITNESS & ESTETICA,02,20160830,20160830,MG,4181
26063522,0001,1,STUDIO TRAINING FULL,04,20210203,20160830,MG,4865
26065303,0001,1,ACADEMIA ON FIT,08,20230818,20160830,GO,9227
26067513,0001,1,ARENA CENTER FIT,04,20260601,20160830,SP,6921
26067770,0001,1,GUSTAVO LOBO PERSONAL YOGA,08,20260507,20160830,GO,9373
26069159,0001,1,ACADEMIA JU-JITSU,02,20251007,20160831,DF,9701
21545456,0002,2,CENTRO DE TREINAMENTOS SPARTAN CROSS,08,20200123,20160831,PA,0048
26072358,0001,1,,08,20180316,20160831,DF,9701
26074268,0001,1,NEW LIFE ACADEMIA,02,20160831,20160831,SP,7213
26074527,0001,1,ROSANA MARTINS,08,20210315,20160831,RJ,6003
26077290,0001,1,HOP ACADEMIA,04,20210326,20160831,SP,6415
26077330,0001,1,LUCAS VILAS BOAS DA SILVA,08,20200327,20160831,SP,7107
26077860,0001,1,,04,20220128,20160831,RS,8599
26079644,0001,1,,04,20231030,20160901,PE,2491
26080832,0001,1,ACADEMIA ESPACO FISICO,08,20230104,20160901,SP,6553
26081710,0001,1,STAGE FIT,08,20180405,20160901,SP,6213
26083544,0001,1,,08,20220607,20160901,PR,7583
26083896,0001,1,PERFORM FUNCIONAL & PILATES,02,20160901,20160901,SC,8179
26086670,0001,1,ARION FIGHT & FITNESS,02,20160817,20160817,RJ,5897
26090325,0001,1,OFICINA DO MOVIMENTO,08,20170906,20160902,MA,0921
26093142,0001,1,,02,20160902,20160902,SP,7107
26094081,0001,1,VO2 ACADEMIA E ESPORTE,04,20260522,20160831,RJ,5867
26094710,0001,1,MA FITNESS,04,20210423,20160902,RN,1837
26095223,0001,1,ESTRELA'S GINASTICA ARTISTICA,02,20160902,20160902,SP,6323
26100528,0001,1,,04,20210331,20160904,MG,4051
26100829,0001,1,,02,20160905,20160905,MG,5419
26107352,0001,1,"TREINAMENTO FUNCIONAL, PROFESSOR RENATO FREITAS CARDOZO",08,20161108,20160905,PR,7933
26108617,0001,1,ACADEMIA BROTHERS FITNESS,04,20210426,20160905,BA,3871
26110597,0001,1,SAFERUN ASSESSORIA ESPORTIVA,08,20210616,20160905,SP,7107
26112977,0001,1,ALAN JUNIOR,04,20210309,20160906,PR,7667
26113305,0001,1,ACADEMIA CORPORACAO,08,20181211,20160905,PA,0401
26115963,0001,1,,04,20231109,20160905,RJ,5863
26116107,0001,1,MAROMBIEW STUDIO FITNESS,04,20210219,20160906,TO,9365
26116675,0001,1,ACADEMIA LAFIT,02,20160906,20160906,PR,7443
26118543,0001,1,,02,20210921,20160906,SP,6945
26120284,0001,1,P&B TREINAMENTO FUNCIONAL,08,20160907,20160907,RJ,6001
26123163,0001,1,VO2LIFE,08,20171030,20160908,CE,1389
26124126,0001,1,ACADEMIA FITNESS POINT,08,20180423,20160908,PR,7481
26124706,0001,1,NIKITA FITNESS,08,20201229,20160908,PE,2531
26132341,0001,1,,02,20160909,20160909,SP,6425
26133126,0001,1,,04,20260526,20160909,PB,2079
26136305,0001,1,LUCAS SOAR TREINAMENTOS,04,20210318,20160909,SC,8039
26136529,0001,1,ACADEMIA CAIMAN JD. HELENA,08,20211129,20160909,SP,7107
26136701,0001,1,CAMILA STUDIO FIT,08,20210618,20160909,RS,8859
26137815,0001,1,DOJO SELVAGEM JIU-JITSU TEAM - CENTRO DE ARTES MARCIAIS,04,20210309,20160909,PR,7667
26141131,0001,1,FERRON PERSONAL TRAINER,08,20190611,20160911,PR,7535
26147226,0001,1,PRIME FIT,08,20200228,20160912,RN,1761
26150977,0001,1,STUDIO MAIIS,08,20260518,20160912,RJ,6001
26153534,0001,1,V2 ACADEMIA,08,20180615,20160913,CE,0991
26156239,0001,1,BODY FITNESS,08,20181003,20160913,RJ,6001
26156415,0001,1,,02,20160913,20160913,RS,8801
26159088,0001,1,DIMMY FITNESS,04,20190320,20160913,AM,0255
26160647,0001,1,CROSS TRAINING IF,04,20231026,20160913,AC,0107
26160774,0001,1,FILIPE PERSONAL TRAINER,04,20210416,20160913,MG,4123
26161684,0001,1,DRM FIT,02,20160914,20160914,MA,0889
26166125,0001,1,LINEKER PERSONAL,08,20180711,20160914,DF,9701
26169661,0001,1,ESPACO MAIS SAUDE,08,20220428,20160914,ES,5635
26171923,0001,1,FITNESS DAY,04,20220609,20160830,RJ,5865
26172795,0001,1,,08,20180221,20160915,SP,7237
26174627,0001,1,ACADEMIA SUPERACAO,02,20250404,20160915,PE,2531
26176278,0001,1,NASCIMENTO PERSONAL E FITNNES,08,20210719,20160915,SP,6979
26179144,0001,1,ACADEMIA FEMININA BY POLLI PERSONAL,02,20210825,20160916,BA,3761
26183906,0001,1,VILA FITNESS,08,20200303,20160915,RJ,5901
26185353,0001,1,INSTITUTO DE TREINAMENTO FUNCIONAL,08,20220307,20160916,SC,8179
26186556,0001,1,L.L FONTINELE,08,20170224,20160916,AC,0139
26187349,0001,1,FABRINE RADTKE SCHEIBE - PERSONAL TRAINER,08,20190211,20160917,RS,8591
26188273,0001,1,OLIMPO FITNESS,02,20160918,20160918,PR,7505
26188423,0001,1,JCQJ - PERSONAL TRAINER,08,20191004,20160918,SP,6291
21918548,0002,2,DIEGO ALVES ACADEMIA,08,20211222,20160919,PI,1219
26194883,0001,1,,04,20210422,20160919,BA,3403
26197349,0001,1,ACADEMIA TRANSFORMERS FITNESS,04,20190226,20160919,MT,9059
26197952,0001,1,RC FIT,04,20210406,20160919,SP,6377
26201208,0001,1,PERFORMANCE ACADEMIA,02,20211001,20160920,MS,9815
26201604,0001,1,,08,20160922,20160920,SP,7107
26203169,0001,1,ESPACO MOVIMENTO,08,20210427,20160919,RJ,5865
26206778,0001,1,VIVIANE ROSA PERSONAL TRAINER,08,20161020,20160920,SP,6477
26211822,0001,1,ESTUDIO DE PILATES E FISIOTERAPIA ALINHAR,08,20180307,20160921,MG,4559
26214562,0001,1,ANNA PAULA MADEIRA BORGES FORTES,08,20211125,20160921,RJ,5915
26190381,0001,1,RM STUDIO FITNESS,02,20160919,20160919,PR,7773
26223732,0001,1,CENTRO DE TREINAMENTO TOTAL FITNESS,02,20160922,20160922,BA,3873
26224018,0001,1,GERSON NUNES PERSONAL,04,20210218,20160922,MT,9067
26225633,0001,1,,08,20230109,20160923,MG,4939
26228215,0001,1,,08,20200713,20160923,SP,7145
26229577,0001,1,STUDIO PERSONAL FIT,08,20210916,20160923,SP,7107
26232262,0001,1,,08,20171213,20160926,SP,6163
26234196,0001,1,,04,20210323,20160926,SP,6209
26234311,0001,1,NAYARA PERSONAL,04,20210210,20160926,DF,9701
26235785,0001,1,DGUIMARAES,02,20260610,20160926,RJ,5867
26245905,0001,1,ACADEMIA SAUDE DO CORPO,02,20160824,20160824,RJ,5909
26246574,0001,1,STUDIO FITNESS BIANCA HEFLER,08,20170110,20160927,PR,7691
26249419,0001,1,CORPUS ACADEMIA,02,20160927,20160927,SP,7135
26251573,0001,1,ACADEMIA ART CORPUS,08,20191118,20160928,CE,1563
26251584,0001,1,JAYA TERAPIAS NATURAIS,04,20220208,20160928,PR,7885
26253176,0001,1,EXTREME ACADEMIA,02,20260608,20160928,SP,6697
26253772,0001,1,,04,20210219,20160928,PA,0415
26258253,0001,1,QUALITY LIFE FITNESS,02,20160928,20160928,RJ,5925
26259644,0001,1,STUDIO DE PILATES CLAUCIA LUZ,02,20210408,20160928,SP,6251
26260304,0001,1,BRUNO DUARTE PERSONAL,08,20170124,20160928,MG,4123
26260343,0001,1,POTTES,08,20161107,20160929,RS,8791
24921465,0004,2,,02,20160929,20160929,SP,7107
26262236,0001,1,ESTUDIO FITNESS SCHULZE,08,20250131,20160929,RS,8801
26263696,0001,1,AEROFITNES,08,20180726,20151014,CE,1513
26269149,0001,1,LM FUNCIONAL TRAINING,02,20160930,20160930,SP,7097
26271082,0001,1,ACADEMIA LEGION,08,20170130,20160930,PR,0870
26271219,0001,1,METALGYM,02,20160930,20160930,RJ,6001
26272452,0001,1,NS ESPORTES,08,20250716,20160930,DF,9701
26275608,0001,1,AM CORPO E SAUDE,08,20171129,20161001,MG,4951
26276409,0001,1,PETER TRAINIG,08,20170321,20161002,SP,7107
26276880,0001,1,TAEKWONDOZN,04,20220609,20161003,SP,7107
26277729,0001,1,ACADEMIA RITMO E SAUDE,08,20161103,20161003,PR,0846
26279352,0001,1,,08,20180214,20161003,RJ,6001
26285793,0001,1,MARGO FITNESS,08,20170316,20161004,RJ,6001
26296197,0001,1,ESPACO ISSA,08,20161027,20161005,RJ,5897
26299383,0001,1,,08,20180214,20161005,ES,5703
26301452,0001,1,FUSION FIT,02,20161005,20161005,SC,8105
26303023,0001,1,DIEGGO BARRETO,02,20161005,20161005,PB,1981
26304702,0001,1,DIEGO PERSONAL TRAINER,08,20180116,20161006,SC,8087
26306945,0001,1,WP MIRANDA,08,20260114,20161006,RJ,6001
26307321,0001,1,ACADAMIS FITNESS,08,20240401,20161006,AL,2775
22653153,0002,2,GRUPO PERFORMANCE ACADEMIA - CENTRO,02,20161006,20161006,PR,7733
26311875,0001,1,THIAGO ALVES PERSONAL TRAINER,08,20161007,20161006,BA,3533
26312453,0001,1,SHAPE,02,20161007,20161007,PR,7825
26313870,0001,1,ACADEMIA + ESTILO,08,20170127,20161007,SP,6231
26314684,0001,1,,08,20180625,20161007,RS,8845
26315396,0001,1,RGR PILATES,04,20210223,20161007,AM,0255
26316090,0001,1,FISIO SAUDE,08,20170630,20161007,MG,4331
26317105,0001,1,PERSONAL TRAINER,08,20180131,20161007,RJ,6001
26321359,0001,1,KILSON PERSONAL,08,20171212,20161009,BA,3849
26322697,0001,1,LIFE SPORTS,02,20161010,20161010,SP,6323
26323026,0001,1,,08,20241209,20161010,MG,4959
26326088,0001,1,,08,20210708,20161010,SP,6275
26327209,0001,1,,08,20200227,20161010,SP,6549
26328423,0001,1,SHAPE GYM,02,20161010,20161010,MT,8985
26330932,0001,1,AMANDA BURGER FUNCIONAL,04,20210311,20161010,RJ,6001
26332614,0001,1,PERSONALFLEX,08,20190716,20161011,SP,7107
26335282,0001,1,RML FITNESS,08,20210526,20161011,SP,7107
26341655,0001,1,NEGRITO'S,08,20260225,20161013,RJ,5869
26345589,0001,1,TROIA ACADEMIA,08,20190730,20161013,MG,4647
26346891,0001,1,JOELJRTREINOPERSONALIZADO,04,20210416,20161013,SE,3105
26350368,0001,1,,08,20230601,20161014,SP,6213
26359899,0001,1,,08,20170531,20161017,PR,7751
26365800,0001,1,GADITAS ACADEMIA,08,20190913,20161017,PA,0627
26367047,0001,1,DRY FITNESS,08,20180511,20161017,SP,7107
26368422,0001,1,AMI DAY CARE,02,20161018,20161018,SP,7107
26368781,0001,1,FORMA FIT ACADEMIA,02,20161018,20161018,RN,1673
26368844,0001,1,E-LABORAR,08,20200131,20161018,SP,7107
26368965,0001,1,ESPACO PILATES,08,20201224,20161018,SE,3125
26369250,0001,1,18MILLESFIT,02,20161018,20161018,SP,6477
26369301,0001,1,ACADEMIA UP. FIT,08,20200603,20161018,PR,7513
26369653,0001,1,ASSOCIACAO ATLETICA FORMACAO DE CRAQUES,08,20181105,20161018,SP,6465
26371750,0001,1,MICHELLE PERSONAL,08,20171020,20161018,SP,7107
26374730,0001,1,MAI PILATES,08,20231221,20161018,SC,8105
26374872,0001,1,,08,20170224,20161018,MG,4917
26374899,0001,1,FOCO FIT,08,20200929,20161018,PR,7853
26376473,0001,1,L3 FUN TRAINING,02,20161018,20161018,BA,3849
26377074,0001,1,SM PERSONAL TRAINER,04,20210318,20161018,SC,8105
26384086,0001,1,ACADEMIA BODY FIT,08,20161021,20161019,CE,1347
26400362,0001,1,ACADEMIA,04,20210317,20161021,PR,7481
26400451,0001,1,ACADEMIA BLINDADO,08,20190605,20161021,PR,7597
26403427,0001,1,BAKANA TREINAMENTO ESPORTIVO,08,20210610,20161022,MG,4123
26406266,0001,1,ARENA ESPORTE E LAZER,04,20260526,20161024,AL,2837
26409269,0001,1,PILATEANDO O EQUILIBRIO E A HARMONIA DO CORPO,08,20170621,20161024,DF,9701
26411760,0001,1,DOUGLAS BORGES GODOI,08,20180509,20161024,RS,8591
26419766,0001,1,PRO FIT STUDIO TRAINING,04,20220128,20161025,AM,0255
26420606,0001,1,HELENA MASSAGENS,08,20230712,20161025,SP,7107
26421054,0001,1,KNOCKDOWN ACADEMIA,04,20210318,20161025,SC,5569
26421563,0001,1,,08,20180228,20161025,RJ,5915
26423328,0001,1,EDUARDO MACHADO TEAM,04,20231030,20161025,PB,2051
26425585,0001,1,IMPACTO FIT,08,20190221,20161026,GO,9503
26426746,0001,1,STUDIO DE TREINAMENTO FUNCIONAL LIMMA,08,20240205,20161026,BA,3597
26428252,0001,1,,03,20250630,20161026,AM,0255
26430112,0001,1,TAVARES PERSONAL,02,20230620,20161026,RJ,6001
26438963,0001,1,EVICTOR,04,20210319,20161027,RJ,5901
26439197,0001,1,FIT OUSADIA E ALEGRIA,08,20240522,20161027,PE,2513
26442850,0001,1,,08,20161128,20161028,SP,7079
26443402,0001,1,TOP FITNESS,04,20210223,20161028,AM,0255
26444787,0001,1,POSSIBILITY STUDIO,08,20220201,20161028,AM,0255
26446595,0001,1,LARISSA FREITAS,08,20161029,20161028,GO,9373
26446887,0001,1,STUDIO MB PILATES,04,20231027,20161028,RJ,6001
26449156,0001,1,RAFAEL NAZIAZENO FAVASSA,08,20170123,20161030,SP,7057
26450702,0001,1,GET FIT BRASIL,08,20180111,20161031,SP,7107
26450808,0001,1,WILL,08,20200403,20161031,AP,0605
26453047,0001,1,CORPORE,04,20210422,20161031,BA,3669
26457479,0001,1,STREET RUNNERS ASSESSORIA ESPORTIVA,04,20220208,20161031,MG,4371
26458801,0001,1,RLEITE,04,20220208,20161101,PR,7745
26460091,0001,1,PREVENS,08,20180509,20161101,PI,1219
21695124,0002,2,ACADEMIA BELA FORMA,08,20170503,20161101,BA,3363
26257960,0001,1,,08,20190212,20160928,SP,7107
26467164,0001,1,CARLOS LUCIANO DA SILVA OLIVEIRA,04,20210319,20161102,RJ,5869
26471317,0001,1,,08,20180410,20161103,SP,7107
26472955,0001,1,ACADEMIA AQUA BRASIL,08,20161109,20161103,MS,9051
26475924,0001,1,,08,20190219,20161103,SP,7107
26476793,0001,1,CHRYS FIT,04,20210416,20161103,MG,5095
26478087,0001,1,,08,20180122,20161104,RS,8955
26478968,0001,1,BELLA FORMA TREINAMENTO PERSONALIZADO,08,20180105,20161104,PR,7979
26479365,0001,1,RICARDO AVELAR,08,20171029,20161104,SP,7107
26481235,0001,1,ESPACO FITNESS ACADEMIA,04,20210303,20161104,RO,0687
26487715,0001,1,,08,20180727,20161106,SP,7075
26490179,0001,1,LIFE FITNESS ACADEMIA,04,20210209,20161104,ES,5693
26497736,0001,1,STUDIO UP MOVE,08,20170609,20161108,RS,8599
26499364,0001,1,DOJO ADATI NO BUDO,08,20231122,20161108,SP,6377
26492797,0001,1,STUDIO QI HAI,04,20210406,20161107,SP,6619
26500958,0001,1,ACADEMIA MOVIMENTO,02,20161108,20161108,BA,3533
26502061,0001,1,ALEX MORO PERSONAL TRAINER,08,20260312,20161108,SP,6707
26505403,0001,1,RAFAEL BRITO,08,20191030,20161108,BA,3849
26506433,0001,1,ESTUDIO PERSONAL JUNIOR CAVALCANTE,04,20210219,20161108,PA,0415
26518876,0001,1,SUSANA PERSONAL,08,20210126,20161110,PE,2457
24903166,0002,2,ACADEMIA CORPO E SAUDE,04,20260525,20161104,DF,9701
26520950,0001,1,STUDIO F2 - FIT & FIGHT CENTER,04,20220209,20161110,RJ,6001
26520986,0001,1,ACADEMIA I9ACAO,08,20201028,20161110,SP,7243
26523285,0001,1,MELO ASSESSORIA ESPORTIVA,08,20171020,20161110,SE,3189
26525197,0001,1,ACADEMIA FISICO MERGULHO,04,20260526,20161111,MG,5155
26527231,0001,1,ACADEMIA GYM FIT,08,20241015,20161111,SP,6477
26532137,0001,1,GISELLE DE SOUZA DE CONTO,08,20170531,20161112,PR,7535
26532912,0001,1,NATHALYA FERMIANO,08,20180802,20161112,SP,7079
26538352,0001,1,A2 ASSESSORIA,08,20250825,20161114,BA,3849
26541958,0001,1,STYLLUS ACADEMIA,04,20260609,20161116,MS,9143
26544910,0001,1,ACADEMIA INOVACAO FITNESS,08,20201014,20161116,SP,6333
26546794,0001,1,,02,20161116,20161116,PR,7523
26547673,0001,1,FIT BOX,08,20260506,20161111,ES,5699
26549359,0001,1,ACADEMIA NUCLEAR,08,20200124,20161117,RN,1761
26549435,0001,1,ACADEMIA SUPER ACAO,08,20210302,20161117,RN,1835
26550190,0001,1,,08,20220829,20161117,SP,7107
26553612,0001,1,SUPER FORMA ACADEMIA,08,20170906,20161117,SP,6209
26555014,0001,1,BARCELOS BETTERLIFE CONSULTORIA FIT EMPRESARIAL,08,20240612,20161117,PR,7493
26555696,0001,1,,08,20170807,20161117,RS,8541
26556903,0001,1,CORPO PILATES,08,20181018,20161117,BA,3849
26558081,0001,1,MUAY THAI GLEICE VIANNA,04,20210319,20161117,RJ,2909
26560717,0001,1,SAMARA TOTTI,04,20210326,20161118,SP,6875
26561549,0001,1,NP ACADEMIA,04,20260515,20161118,CE,1389
26564006,0001,1,LUCAS PORSANI - TREINAMENTO PERSONALIZADO,08,20170204,20161118,SP,6969
26565808,0001,1,VICTOR SEIXAS PERSONAL,08,20190705,20161118,BA,3849
26567807,0001,1,STUDIO PILATES ALICE MORELLI,04,20210226,20161120,SP,7107
26568496,0001,1,INVICTA STUDIO TRAINER,04,20210212,20161120,GO,9375
26569850,0001,1,YEZA FITNESS,08,20171116,20161121,AM,0255
26571411,0001,1,IRON GYM ACADEMIA,08,20240412,20161121,CE,1447
26571816,0001,1,ACADEMIA LUTA FITNESS,04,20220607,20161121,MG,5403
26579510,0001,1,CLEPERSONAL,04,20210318,20161122,SC,8039
26583787,0001,1,EDY VIDA PERSONAL,04,20210407,20161122,BA,3849
26585524,0001,1,SAPO TEAM,04,20210226,20161122,SP,7107
26587049,0001,1,KROSFITNESS,08,20200227,20161123,SP,7097
26589112,0001,1,,02,20160809,20160809,SP,7107
26590352,0001,1,FISIOPILATES IULIANA SOUSA,02,20161123,20161123,PI,1219
26590933,0001,1,,02,20161123,20161123,MG,2691
26593119,0001,1,BRENO THOMAZELLI PERSONAL TRAINER,02,20161123,20161123,ES,5705
26604551,0001,1,MOTRIZ VIVENCIA,08,20190130,20161124,SP,6219
26605414,0001,1,ACADEMIA CLUBE VALE,08,20171030,20161125,SP,7225
26606983,0001,1,,08,20190509,20161125,SP,7107
26609326,0001,1,BOX ZION,04,20231026,20161125,CE,1337
26612072,0001,1,STUDIO VITAL TRAINING,02,20161126,20161126,PA,0427
26612239,0001,1,CAROLINE MENDES,08,20170519,20161126,SC,8089
26612392,0001,1,MARCIA PIMENTA,04,20220208,20161126,RJ,2909
26612466,0001,1,RJM PERFORMANCE,08,20161126,20161126,RJ,6001
26617575,0001,1,CORE STUDIO PILATES,08,20210531,20161128,RS,8771
26621271,0001,1,DOJO DRAGON,08,20211222,20161128,PR,0842
26624521,0001,1,PRO FORMA ACADEMIA,08,20211124,20161128,SP,6639
26624979,0001,1,PERSONAL DENIS,08,20230918,20161129,SP,6285
26625044,0001,1,,04,20210316,20161129,RJ,6001
26626832,0001,1,YOGATERAPIA,08,20250922,20161129,SP,6249
26627282,0001,1,,02,20161129,20161129,SP,6969
26628364,0001,1,ZENEGGER GYM,04,20220608,20161129,RR,0034
26630892,0001,1,ACADEMIA GLOBAL,02,20161130,20161130,SP,7107
26646197,0001,1,,04,20240823,20161201,PA,0597
26648975,0001,1,,02,20161122,20161122,RS,8777
26650024,0001,1,ULLY DOS SANTOS BARREIRO,04,20210319,20161202,RJ,5813
26650425,0001,1,PVBLIVS ALVO,04,20240816,20161202,RS,8801
26656945,0001,1,,08,20190503,20161205,PR,7535
26472622,0001,1,A3 ACADEMIA SPORT CENTER,02,20161103,20161103,SE,3145
26664638,0001,1,FORMA FIT,08,20240805,20161206,MG,5403
26670817,0001,1,STUDIO ESPACO FITNESS,08,20170328,20161206,BA,3849
26673165,0001,1,ISOGAI ASSESSORIA FISICA,08,20210325,20161207,SP,6929
26675006,0001,1,,02,20161206,20161206,SP,7099
26675677,0001,1,PURO MOVIMENTO STUDIO DE PILATES E FISIOTERAPIA,04,20210419,20161207,MG,4091
26677984,0001,1,,04,20210415,20161207,SP,6163
26678321,0001,1,IRON FIT ACADEMIA,02,20161202,20161202,MT,9831
26685395,0001,1,FIRE FITNESS ACADEMIA,08,20170224,20161208,RN,1761
26688027,0001,1,ELYTTE FITNESS,02,20161209,20161209,SP,6563
26688604,0001,1,,08,20180711,20161207,RS,8559
26696115,0001,1,CENTRAL FITNESS ACADEMIA,08,20190318,20161212,PB,2199
26698013,0001,1,NEW CORP,04,20210317,20161212,PR,7513
26699912,0001,1,,08,20181220,20161212,SP,6929
26700622,0001,1,SUPER FITNESS ACADEMIA E CONDICIONAMENTO FISICO,08,20190422,20161212,BA,3849
26712615,0001,1,IMPACTO CENTRO DE CONDICIONAMENTO FISICO,08,20200305,20161010,ES,5607
26713089,0001,1,,08,20180927,20161214,BA,3849
26721856,0001,1,NOXII LIVE CENTER,02,20161215,20161215,SC,8179
26727658,0001,1,NOVA FITNESS,02,20161216,20161216,SP,7047
26728169,0001,1,ACADEMIA ELITE WAY,02,20161216,20161216,CE,1411
26730983,0001,1,ACADEMIA TROPA DE ELITE,08,20170911,20161217,RJ,2921
26732043,0001,1,RT FITNESS MEI,08,20181015,20161219,SP,6177
26732527,0001,1,CORE PILATES,02,20161219,20161219,SC,8105
26732806,0001,1,METTA PILATES,08,20180918,20161219,MG,5413
26738752,0001,1,EZEQUIEL MOURA,02,20240130,20161220,BA,3849
26739321,0001,1,ACADEMIA CARLOS ARAUJO,08,20170914,20161220,MG,5407
26739355,0001,1,RODRIGO KANBACH,08,20170316,20161220,RJ,5865
26739404,0001,1,TIAGO RODRIGUES,08,20170522,20161220,RJ,5801
14595051,0002,2,,08,20240909,20161220,MG,4133
26740387,0001,1,ACADEMIA BROTHERS,02,20240118,20161220,SE,3115
26742104,0001,1,ACADEMIA MASTER FITNESS,08,20171107,20161220,PE,2531
26745177,0001,1,,08,20170222,20161221,DF,9701
26747000,0001,1,FUNCIONAL 365,04,20210409,20161221,PE,2457
26748223,0001,1,ARENA STRIKER,08,20230824,20161221,SP,6313
26750576,0001,1,,08,20170322,20161221,RJ,6001
26752976,0001,1,ONE DAY STEP,08,20170531,20161222,SP,7107
26757279,0001,1,,08,20210329,20161223,MT,9067
26759422,0001,1,BRUNA VIANA PERSONAL TRAINER,08,20170323,20161225,SP,7183
26760290,0001,1,CENTRO DE TREINAMENTO MARCELO XIMENES,04,20210311,20161226,RJ,6001
26769178,0001,1,JACO FITNESS,04,20210319,20161228,RJ,5869
26770231,0001,1,,04,20260521,20161228,MG,4625
26775920,0001,1,CORPUS ACADEMIA,08,20181220,20161229,CE,1527
26778114,0001,1,ANGEL,04,20210210,20161230,DF,9701
26783277,0001,1,,04,20220209,20170102,SP,7107
26784677,0001,1,ACADEMIA STYLE LIFE,08,20190329,20170102,PB,2231
26785670,0001,1,STUDIO PROFIT,04,20210326,20170102,RJ,5839
26787037,0001,1,LIFE TRAINNER,04,20210408,20170103,SP,6897
26787980,0001,1,VIDA EM MOVIMENTO,08,20180531,20170103,RS,8839
26788561,0001,1,TDV GINASTICA LABORAL E ERGONOMIA,08,20181213,20170103,SP,6619
26789411,0001,1,AGATHA CRISTINA CIA DE DANCA,04,20210331,20170103,MG,4503
26789556,0001,1,ESPACO FASHION AMANDA,04,20210226,20170103,SP,7107
26789638,0001,1,CLUBE DE BOXE,08,20170814,20170103,MG,4123
26790284,0001,1,PERSONAL FILIPE GONCALVES,08,20180125,20170103,RS,8791
26790461,0001,1,SERGIO'S ESPORTES&CIA,04,20210226,20170103,SP,7107
26793424,0001,1,THIAGO OLIVEIRA,08,20260414,20170103,BA,3849
26794510,0001,1,FLAVIA M GREGORINI,08,20180121,20170104,SC,9985
12011878,0002,2,CROSSFIT,02,20170104,20170104,MG,4959
26796273,0001,1,********,08,20220517,20170104,PR,7771
26797432,0001,1,NEI SOUZA TFF,04,20210304,20170104,RS,8785
26799229,0001,1,ALE CONSULTORIA GOLD,08,20170803,20170104,SP,6875
26801810,0001,1,,08,20170221,20170104,RJ,6001
26807264,0001,1,FIGHT BRASIL,08,20210303,20170105,AP,0605
26808456,0001,1,OURO CENTRO DE EXCELENCIA FISICA,08,20190321,20170105,SC,8385
26810522,0001,1,ARENA CROSS,08,20170915,20170106,SP,7231
26810850,0001,1,CT LEONARDO REZENDE,08,20190315,20170106,ES,5699
26812058,0001,1,ACADEMIA ESTILO BOXE CLUB,08,20201120,20170106,BA,3965
26812493,0001,1,ESPACO SO PARA ELAS,08,20250723,20170106,MS,9175
26812595,0001,1,,08,20180928,20170106,SP,6969
26814829,0001,1,ACADEMIA MACHIONI,04,20260514,20170105,MT,9151
26819494,0001,1,MORAESCOACHING,08,20171106,20170108,PR,7535
26821051,0001,1,,08,20170131,20170109,DF,9701
26826195,0001,1,ACADEMIA FEMININA BEM ESTAR,08,20210512,20170109,MG,4445
26836173,0001,1,CLARA DAY MANDUCA FERREIRA,08,20220425,20170110,SP,6969
26838548,0001,1,,08,20181019,20170110,SP,6477
26840019,0001,1,CORPO EM FORMA,04,20210423,20170111,PB,2051
26841308,0001,1,WORLD FITNESS,02,20170111,20170111,SP,6803
07594978,0166,2,SMARTFIT,02,20170110,20170110,RS,8589
26842490,0001,1,,08,20250626,20170111,SP,7107
26849280,0001,1,,04,20210305,20170111,SP,7107
26849583,0001,1,,08,20170827,20170111,SP,7107
26849797,0001,1,CRIS PERSONAL TRAINER,08,20180718,20170112,MG,4941
26849959,0001,1,,08,20220509,20170112,SP,6219
26851057,0001,1,CORPUS ACADEMIA,08,20190307,20170112,PR,7747
26854413,0001,1,JOAOZINHO PERSONAL,02,20250110,20170112,MG,4123
26854506,0001,1,ALTERNATIVA FITNESS,08,20210817,20170112,RS,8587
26856058,0001,1,ESTILO LIVRE,08,20200214,20170112,GO,9473
26859716,0001,1,PILATES NATURE,02,20240130,20170113,RJ,5865
26863842,0001,1,MXT FIGHT ACADEMY MORUMBI,08,20170116,20170113,SP,7107
26863996,0001,1,STUDIO PILATES SONIA DE ALMEIDA,08,20180405,20170113,PR,7493
26864580,0001,1,ELIVELTON FERREIRA DE ALCANTARA,08,20181130,20170113,MS,9051
26867836,0001,1,,08,20201124,20170114,GO,9373
26869044,0001,1,M2 PERFORMANCE,08,20190906,20170114,RJ,5901
26869830,0001,1,SO SAUDE,02,20250425,20170115,SC,8233
26870025,0001,1,JR PERSONAL TRAINNER,08,20170724,20170115,DF,9701
26870100,0001,1,UNIAO2EW,08,20210618,20170115,SP,7107
26158297,0001,1,STUDIO MULHER QUALIDADE DE VIDA E BOA FORMA,02,20160913,20160913,SP,2951
26871306,0001,1,BRAVOS GYM,02,20170116,20170116,RS,8773
26874075,0001,1,ACADEMIA SPARTACUS,08,20200515,20170116,RS,8639
26874856,0001,1,PILATES SAUDE,04,20210203,20170116,SP,6501
26874948,0001,1,RODRIGO GOULART PERSONAL,08,20180123,20170116,RJ,5807
26877648,0001,1,,08,20210527,20170116,SP,6887
26878354,0001,1,SL STUDIO FITNESS,08,20210921,20170116,PR,7557
26878632,0001,1,NG2,08,20200914,20170116,SP,6511
26880696,0001,1,KDG.CONSULTORIA,08,20190722,20170116,SP,7075
26881065,0001,1,JUNIOR PERSONAL,04,20210325,20170117,RJ,5807
26881153,0001,1,LORD GYM,04,20210203,20170117,SP,7183
26882302,0001,1,ESTUDIOPILATES,02,20170117,20170117,SC,8103
26882578,0001,1,THIAGO,04,20210316,20170117,RJ,5865
26882805,0001,1,ALVO 02 FIT,02,20170117,20170117,SP,7107
26882856,0001,1,,08,20170323,20170117,PR,7667
26883227,0001,1,ARENA FITNESS,08,20170809,20170117,PR,7935
26887520,0001,1,ACADEMIA FLEXSMITH,08,20210125,20170117,SE,3105
26554094,0001,1,VANESSA APARECIDA DE MOURA,08,20170207,20161117,PR,7549
26891419,0001,1,ATLAS & AXIS PILATES,08,20171124,20170117,DF,9701
26892863,0001,1,CROSSFIT PEDRO LEOPOLDO,02,20170118,20170118,MG,4985
26893116,0001,1,BLACKJUNGLE CROSSFIT,08,20230713,20170111,RJ,2921
26893381,0001,1,FERNANDA PERSONAL,08,20260204,20170118,RJ,6001
26894516,0001,1,MASTER FITNESS,08,20170207,20170118,RS,8973
26895040,0001,1,THAIS HEALTH - PERSONAL TRAINER E NUTRICIONISTA,08,20170202,20170118,SP,7107
26896276,0001,1,STUDIO NILL KANGOO DANCE,08,20241031,20170118,DF,9701
26899170,0001,1,,04,20220209,20170118,SP,6545
26899791,0001,1,,04,20210401,20170118,MA,0723
26900303,0001,1,GS FITNESS,08,20190930,20170118,SP,7239
26900807,0001,1,,08,20170623,20170118,SP,6897
26900871,0001,1,MOVEDANCE,08,20211201,20170118,BA,3849
26901398,0001,1,STUDIO LIRIO,08,20190517,20170118,SP,6969
26897543,0001,1,FABIANA ABRAS PERSONAL,02,20170118,20170118,MG,4123
26907406,0001,1,,08,20170427,20170119,DF,9701
26907468,0001,1,FCHAGAS SPORTS,08,20170420,20170119,GO,9373
26910282,0001,1,,08,20210625,20170119,SP,7145
26911623,0001,1,ACADEMIA 4HEALTH,02,20170119,20170119,SP,2951
26911646,0001,1,,04,20210226,20170119,SP,7107
26913280,0001,1,LSA SPORTS,04,20210212,20170120,GO,9373
26914322,0001,1,DAY FIT,02,20170120,20170120,GO,9375
26914837,0001,1,ESPORTIVA ACADEMIA,08,20170710,20170120,SE,3141
26916394,0001,1,,08,20171019,20170120,MG,4457
26917660,0001,1,ACADEMIA PARA MULHERES GYM BIKE,04,20210423,20170120,PE,2607
26922745,0001,1,MEGAFIT,02,20170122,20170122,SP,7107
26924491,0001,1,DANCE FITNESS,08,20180321,20170123,PR,7475
26926202,0001,1,LUCAS CASTILHO,08,20170807,20170123,SC,8379
26928644,0001,1,VAAP CENTRO DE ORIENTACAO FISICA,02,20170123,20170123,RS,8687
26929990,0001,1,H M GESTAO DE RESULTADOS,08,20240125,20170123,GO,9373
26930880,0001,1,EM STUDIO FUNCIONAL,08,20190422,20170123,ES,5663
26931161,0001,1,EQUIPE PE DE VENTO ASSESSORIA ESPORTIVA,04,20210310,20170123,ES,5703
26933305,0001,1,GIGANTE POR NATUREZA,04,20210423,20170123,RN,0414
26934657,0001,1,,08,20190220,20170124,SP,7061
26935436,0001,1,ACADEMIA MOVIMENTO,02,20170124,20170124,MG,4697
26935752,0001,1,,08,20250626,20170123,CE,1559
26939065,0001,1,STUDIO FAMILY FITNESS II,08,20180102,20170124,MG,5407
26939982,0001,1,RAMON ANDRADE PERSONAL TRAINER,08,20250512,20170124,RJ,6001
26940228,0001,1,,08,20180222,20170124,SP,6619
26941566,0001,1,PROFIT ACADEMIA,02,20170124,20170124,RS,8585
26942076,0001,1,BODYUP,08,20220307,20160124,SP,6313
26943952,0001,1,COOPER LAZER E FITNESS,08,20170325,20170124,SP,7107
26947188,0001,1,"ACADEMIA, FISIOTERAPIA E PILATES BEM VIVER",02,20170125,20170125,MG,5049
26948276,0001,1,ACADEMIA SINO BRASILEIRA DE KUNGFU-CE,08,20200529,20170125,CE,1389
26948820,0001,1,BODY'S HEALTH STUDIO,08,20181220,20170125,RJ,5865
26949973,0001,1,STUDIO PILATES NAMASTH,08,20180216,20170125,RJ,5801
26951076,0001,1,,08,20190110,20170125,PR,7515
26951891,0001,1,CLINICA FISIO FIT,02,20170125,20170125,SP,6291
26951933,0001,1,PREPARADOR FISICO CAIO GALDINO,08,20180831,20170125,SP,6607
26954244,0001,1,CENTRO DE TREINAMENTO SPARTACUS,08,20200108,20170125,TO,9733
26956927,0001,1,ACADEMIA POINT TRAINING,08,20200820,20170126,SP,7107
21655903,0002,2,ACADEMIA RN FITNESS,02,20170126,20170126,PR,7481
26960600,0001,1,MA,08,20171229,20170126,PR,7691
26962141,0001,1,ACADEMIA EQUILIBRIUM,08,20171213,20170126,RS,8861
26967514,0001,1,SOUL ACADEMIA,02,20170127,20170127,MG,4733
26970159,0001,1,BIOFORMA FITNESS,02,20170127,20170127,SP,7107
26974251,0001,1,ACADEMIA IMPERIO FITNESS,02,20170127,20170127,PB,2175
26975768,0001,1,ELIDA COSTA PERSONAL,08,20210401,20170128,RJ,6001
26977120,0001,1,,08,20190222,20170129,RN,0436
26980437,0001,1,FAZ TEU NOME,02,20230728,20170130,RJ,6001
26982203,0001,1,ACADEMIA ESPACO FITNESS,08,20190724,20170130,GO,9581
26982450,0001,1,SUPER LIFE FUNCIONAL,02,20170130,20170130,SC,8189
26990245,0001,1,AEROFITNESS,08,20200626,20170131,ES,5701
26994649,0001,1,"FRANCO TREINADOR - ESPORTE, ATIVIDADE FISICA E SAUDE",02,20240813,20170131,SP,6847
26996782,0001,1,FFIT,08,20200404,20170131,PE,2531
26999592,0001,1,ACADEMIA ARENA FITNESS,08,20260326,20170131,MG,4147
27002956,0001,1,LHS ACADEMIA DE FUTEBOL,08,20190327,20170201,SP,6929
27003377,0001,1,RUN FITNESS ACADEMIA,08,20180131,20170201,MG,5297
27004180,0001,1,WESLEY SARAIVA TEAM,08,20180730,20170201,MG,4123
27004507,0001,1,ACADEMIA FITNESS RIO,08,20170925,20170201,SE,2647
27005463,0001,1,,08,20210714,20170201,MG,4123
27005666,0001,1,STUDIO BRUNO OTTONI,04,20201029,20170201,BA,3573
27005921,0001,1,CONDICIONAMENTOFISICOMAIS,08,20181227,20170201,MG,4903
27006169,0001,1,,08,20190710,20170201,BA,3741
27006737,0001,1,CENTRO DE TREINAMENTO JULIANA TEAM,08,20190926,20170201,MG,4945
27010828,0001,1,PRISCILA R F PICANCO,08,20180124,20170201,RJ,5809
18035190,0003,2,IMPERIO FITNESS,08,20220407,20170202,SP,6751
27018821,0001,1,VIDA ESPORTIVA,02,20220719,20170202,MG,4067
27021066,0001,1,KETTY MILLER PERSONAL TRAINER,04,20210226,20170202,SP,7107
27021791,0001,1,,08,20180131,20170203,SP,6419
27023352,0001,1,COLISEU ACADEMIA,08,20180809,20170203,MG,5293
27026868,0001,1,MOVIMENTE,08,20231213,20170203,GO,9221
27030346,0001,1,STUDIO HB TRAINING,08,20200417,20170204,PA,0447
27032650,0001,1,CRIS SANSON PERSONAL TRAINER,02,20170205,20170205,MS,9041
27034216,0001,1,,08,20180108,20170206,SP,6425
27036807,0001,1,,08,20200908,20170206,SP,7107
10552781,0002,2,TOP SHAPE GYM,08,20240726,20170206,RR,0032
27038241,0001,1,MEDEIROS AVALIACAO,08,20230123,20170206,RJ,5865
27039929,0001,1,,04,20210316,20170206,RJ,6001
27043946,0001,1,CTF-CESAR TREINAMENTO FUNCIONAL,02,20210727,20170206,RN,1761
27044615,0001,1,,08,20211022,20170207,SP,6377
27045390,0001,1,ESCOLINHA ARENA BOLA DE PRATA,08,20210823,20170207,SP,7107
27048133,0001,1,,08,20201027,20170207,PR,7777
27052097,0001,1,"BIO CONNECTION - SAUDE, ESPORTE E LAZER.",04,20210219,20170207,PA,0427
21679863,0002,2,ATLHETICA SPORT CENTER,08,20200129,20170207,TO,9559
27052928,0001,1,DE LIMA,04,20210311,20170207,RJ,6001
27054596,0001,1,KAKA BESCHIZZA TREINAMENTO PERSONALIZADO,08,20181106,20170207,MG,4123
27054621,0001,1,CAETANO DE OLIVEIRA,08,20190208,20170207,SC,8183
27056693,0001,1,POWER FITNESS,04,20210224,20170208,CE,1389
27057372,0001,1,HIDRO,08,20180517,20170208,GO,9201
27059064,0001,1,ALEXANDRE CONSULIN,04,20220610,20170208,SP,2951
27060043,0001,1,ACADEMIA EXPLOSAO,08,20220119,20170208,PA,0427
27063549,0001,1,DUA TERAPIA MANUAL E ESTETICA,04,20210407,20170208,BA,3849
27066929,0001,1,R4 FITNESS,08,20191016,20170209,SP,6477
27067649,0001,1,INTENSITY CONSULTORIA,08,20171221,20170209,RR,0301
27071937,0001,1,JBF PERSONAL TRAINER,08,20170223,20170209,MG,4123
27073724,0001,1,ACADEMIA SMART FITNESS,04,20190530,20170209,TO,9385
27076640,0001,1,FISIO CENTER,08,20231213,20170210,MG,4473
27078501,0001,1,STUDIO BODY FIT,02,20250226,20170210,SP,7107
27079031,0001,1,+ FIT ASSESSORIA ESPORTIVA,08,20210112,20170210,CE,1599
27079117,0001,1,STUDIO INVICTOS,08,20240206,20170210,RJ,5883
27087690,0001,1,RS ACESSORIA ESPORTIVA,08,20170320,20170212,RJ,5863
27087959,0001,1,CS PERSONAL,08,20170607,20170212,SP,7099
27089740,0001,1,,08,20180308,20170213,SC,8179
27090749,0001,1,AG STUDIO FIT,04,20231107,20170213,RJ,5833
27094280,0001,1,FENIX ESPACO FITNESS,08,20180530,20170213,MG,4521
27096251,0001,1,DONT STOP ACADEMIA,02,20170213,20170213,PR,7435
27100333,0001,1,,08,20260130,20170214,SP,6291
27102430,0001,1,,08,20170831,20170214,PR,7885
27105160,0001,1,,08,20180827,20170214,GO,9373
27105198,0001,1,CF FOUR HEADS,02,20170214,20170214,SP,7107
27107668,0001,1,MFG PERSONAL,04,20210310,20170214,SP,6291
27107999,0001,1,ACADEMIA ROMA,02,20170214,20170214,MG,5249
27109377,0001,1,GIPRAS ACADEMIA,02,20240527,20170214,MT,9069
27110042,0001,1,EDUCARE ESPORTES,08,20210601,20170214,SP,6377
27111738,0001,1,,02,20170214,20170214,RS,8833
27113701,0001,1,OCS MANAUS,08,20240214,20170215,AM,0255
27116582,0001,1,,08,20170403,20170215,SP,6887
27118374,0001,1,CIA DO ESPORTE,08,20170221,20170215,RS,1156
27118888,0001,1,SISTEMA MOVIMENTO INTEGRAL,02,20170215,20170215,CE,1389
27119553,0001,1,VALBER COACH,04,20210406,20170215,SP,6377
27121277,0001,1,LIFE FITNESS CENTER,08,20210817,20170215,MG,4957
27121897,0001,1,,08,20180319,20170215,RS,8729
27122758,0001,1,,08,20170602,20170216,SP,7017
27123564,0001,1,EQUILIBRIO DO CORPO PILATES,04,20210325,20170216,RJ,5925
17448589,0002,2,FEMINY ACADEMIA PARA MULHERES,08,20170901,20170214,SC,8159
27127700,0001,1,,04,20210226,20170216,SP,7107
27127766,0001,1,STUDIO FUNCIONAL,08,20181031,20170216,MG,4371
27129547,0001,1,MJI TRAINING,08,20170303,20170216,SP,6619
27131219,0001,1,MAIS ATIVA STUDIO PILATES E PERSONAL,04,20210303,20170216,RO,0003
27136742,0001,1,XTREME FITNESS,04,20210422,20170217,BA,3781
27138949,0001,1,,08,20180216,20170217,SP,6595
27139228,0001,1,CM ASSESSORIA ESPORTIVA LTDA,04,20210330,20170217,MG,4751
27139358,0001,1,,08,20211111,20170217,SP,6843
27140648,0001,1,DANIEL VIEIRA PERSONAL,08,20260413,20170217,MT,9067
27141216,0001,1,OFICINA DO CORPO,02,20231213,20170217,BA,3391
27143078,0001,1,FACA VALER,08,20210928,20170218,SP,7077
27144407,0001,1,CAIO COUTO - PERSONAL TRAINER,04,20210324,20170219,SP,7057
27144879,0001,1,ACADEMIA CLUBE FITNESS,08,20220107,20170219,AP,0605
27145194,0001,1,GH CENTRO DE TREINAMENTO,02,20170219,20170219,RS,8651
27147871,0001,1,ACADEMIA FORMATIVA,08,20200917,20170220,SP,7107
27151197,0001,1,ROBERTA ANDRADE ACADEMIA,02,20170220,20170220,SP,6217
27154298,0001,1,WALL FITNESS AV TORRES,02,20170216,20170216,MT,9067
27154313,0001,1,CROSSFIT SINOP,04,20260514,20170220,MT,8985
27154738,0001,1,STUDIO MOVEMENT FITNESS- PERSONAL TRAINING,02,20170220,20170220,DF,9701
27155379,0001,1,,04,20210326,20170220,SP,6477
26782921,0001,1,GLOBAL TRAINER CENTRO DE TREINAMENTO,08,20170220,20170102,PB,2027
27155831,0001,1,ESTUDIO PERSONAL TRAINER ANDRE TANNUS,04,20231124,20170220,SP,2993
27160168,0001,1,CTN JC,08,20211122,20170221,SP,7005
27163538,0001,1,QUALI FIT,08,20260406,20170221,MS,9051
27164923,0001,1,FISIO SAUDE,08,20170404,20170221,ES,5703
27167791,0001,1,ACADEMIA CHUTE BOXE MONGE,08,20180319,20161025,PR,7535
27168667,0001,1,GLOBAL TRAINER CT,08,20180524,20170222,PB,2027
27170409,0001,1,STUDIO PERSONAL FIT,02,20240826,20170222,AP,0605
27175630,0001,1,,08,20190520,20170222,SC,8343
27175841,0001,1,,08,20180112,20170222,SP,7107
27176340,0001,1,GUDOLLE STUDIO PILATES,04,20231121,20170222,RS,8589
27177009,0001,1,ACADEMIA KUKKIWON,04,20260527,20170222,GO,9373
27177731,0001,1,INSTITUTO ADONIO SILVA,08,20190828,20170223,GO,9373
27178864,0001,1,KARIN THUMEL,08,20190308,20170223,SP,6969
27179849,0001,1,UPFITNESS,08,20240321,20170221,RJ,5897
27182348,0001,1,,02,20170223,20170223,SP,7107
27182901,0001,1,,04,20260609,20170223,SP,7237
26051184,0002,2,CLASS FIT,08,20240319,20170223,MG,5401
27187968,0001,1,ELAINE MARI PERSINOTTO,08,20210423,20170224,SP,6579
27190523,0001,1,,04,20210218,20170224,MT,9067
27200040,0001,1,POLY PILATES,08,20211203,20170301,ES,5601
27202617,0001,1,P&P TREINAMENTO FUNCIONAL,08,20211022,20170301,MS,9125
27205573,0001,1,CBF ASSESSORIA ESPORTIVA,08,20220620,20170302,GO,0085
27210524,0001,1,,08,20220620,20170302,PR,7535
27214958,0001,1,RUI BICHINHO - NAJA TEAM,08,20211011,20170302,RS,8801
27217081,0001,1,,02,20231204,20170303,MA,0849
27218481,0001,1,CT SPARTA ESPORTE DE PERFORMANCE,08,20200928,20170303,MG,4123
27225385,0001,1,ACADEMIA ENERGIA E SAUDE,04,20231030,20170305,RS,8801
27227112,0001,1,,08,20180129,20170306,SP,6101
27236196,0001,1,FLAVIO RIBEIRO DOS SANTOS,08,20230914,20170306,SP,7107
27244163,0001,1,ADILSON JUNIOR,04,20220209,20170307,SP,6209
27245517,0001,1,,04,20210317,20170307,PR,7535
27249049,0001,1,ACADEMIA CORPO E SAUDE,04,20190514,20170308,PI,0312
27250386,0001,1,ZORBOBUDA,08,20210405,20170308,RJ,6001
27253900,0001,1,ANDRADE ATIVIDADE FISICA,02,20250206,20170308,PE,2531
27256066,0001,1,ESPACO FITNESS,08,20200306,20170308,RN,1835
27256897,0001,1,ADM,04,20260512,20170308,ES,5607
27257079,0001,1,,08,20180117,20170308,SC,8205
27261222,0001,1,VITALIS,08,20180130,20170309,PR,7751
27262566,0001,1,STUDIO VIVA PILATES,02,20170309,20170309,MG,5035
27262875,0001,1,TAIARA ELY DIAS DE MELO,04,20210226,20170309,SP,7107
27265580,0001,1,BURPEE FUNCIONAL - SUELLEN FIORDELIZE,08,20210201,20170309,PR,8461
27270150,0001,1,STUDIO FITNESS,08,20180206,20170310,SC,5573
27272751,0001,1,,02,20170310,20170310,RJ,0786
27273539,0001,1,,03,20260327,20170310,DF,9701
27273600,0001,1,,08,20240119,20170310,SP,7107
27275300,0001,1,CAMILA DOS SANTOS BINDA,08,20181226,20170310,RS,8785
27277669,0001,1,GPERSONAL,04,20210210,20170310,DF,9701
27277807,0001,1,,08,20180126,20170311,PR,7691
27277897,0001,1,RODRIGO MELO EVENTOS,04,20210413,20170311,SP,6543
27278572,0001,1,ACADEMIA DE MUSCULACAO VIDA ATIVA,08,20190523,20170311,TO,9649
27279576,0001,1,MARCIO CARVALHO PERSONAL TRAINER,08,20201029,20170312,SP,7107
27279606,0001,1,CAIQUE PERSONAL,08,20180522,20170312,SP,7107
27279657,0001,1,NELISE ANTUNES,08,20170425,20170312,MG,4123
27279748,0001,1,REABILITAR,04,20210422,20170312,BA,3571
27285759,0001,1,ACADEMIA EVOLUCAO,04,20220609,20170313,MG,2685
27285861,0001,1,ATP STUDIO PERSONAL,02,20170313,20170313,SP,7103
27294223,0001,1,STUDIO DE YOGA SHTI,08,20210331,20170314,PR,7691
27297495,0001,1,"PILATES TREINAMENTO, FORTALCECIMENTO, SAUDE E BEM ESTAR",08,20190207,20170314,RJ,5923
27297694,0001,1,POWER FITNESS ACADEMIA,02,20170314,20170314,MG,5025
27309321,0001,1,STUDIO K CENTRO DE TREINAMENTO FISICO,02,20170315,20170315,RS,8801
27313871,0001,1,SPEED + STUDIO FUNCIONAL,08,20180118,20170316,SC,9967
27314325,0001,1,KALLINOS ACADEMIA,08,20251219,20170316,RN,1779
27315255,0001,1,MANAUS ATLETIC FITNESS,04,20210223,20170316,AM,0255
27315867,0001,1,ANA LUCIA UCHOA PERSONAL,08,20180305,20170316,RJ,6001
27318884,0001,1,MAGALI LAMEIRA PERSONAL TRAINER,08,20181003,20170316,SP,6291
27319576,0001,1,JULI.RO PERSONAL TREINER,04,20210203,20170316,SP,6225
27320231,0001,1,MARCOS COACH CORPORATION,08,20170725,20170316,PR,7419
27324491,0001,1,ACADEMIA TRIPLO X,08,20240701,20170317,SP,7107
27326910,0001,1,INPULSE,08,20180507,20170224,MG,4733
27327326,0001,1,STUDIO TEAM ROCHA CROSS,08,20221228,20170317,RO,0029
27329836,0001,1,ARTE PILATES,04,20210305,20170317,SP,7107
27330249,0001,1,,08,20171220,20170317,SP,7029
27332973,0001,1,LUIS FLAVIO FISIO,04,20210317,20170318,PR,7535
27333604,0001,1,RECHINEL,08,20210430,20170318,SP,6619
27335519,0001,1,LIANA ROCHA,08,20240119,20170319,PI,1219
27335618,0001,1,PEDRO SALDANHA TRAINNER,04,20210303,20170320,MA,0921
27338115,0001,1,PHYSIQUE,08,20180528,20170320,PA,0427
27342099,0001,1,TFC STUDIO DE PILATES,08,20260420,20170320,RS,8801
27344678,0001,1,FISIOTERAPEUTA,08,20230623,20170320,RJ,6001
27346595,0001,1,ACADEMIA EQUILIBRIO,08,20180305,20170321,PA,0453
27347997,0001,1,FISO DIAS,08,20241220,20170321,MG,4123
08989331,0003,2,ATLETAS.COM,02,20170321,20170321,ES,5623
27360644,0001,1,CENTRO DE TREINAMENTO DENIS COSTA,04,20210409,20170322,PI,1159
27361267,0001,1,,08,20180510,20170322,SP,7083
27361488,0001,1,TRUST CROSSFIT,08,20250220,20170322,PR,7435
27364398,0001,1,NAT-COMBAT,08,20250822,20170322,TO,9481
27365399,0001,1,ACADEMIA SENADOR FITNESS,08,20171010,20170322,AL,2891
27365617,0001,1,,08,20180613,20170322,PR,7667
27365903,0001,1,,02,20170322,20170322,SP,7075
27367917,0001,1,,08,20210812,20170323,SP,6969
27368697,0001,1,,08,20170726,20170323,MG,4861
27368791,0001,1,,08,20171003,20170323,SP,6477
27373598,0001,1,THA PRESTI,08,20220118,20170323,SP,7237
27374950,0001,1,VIDA FUNCIONAL PERSONAL EKIP,08,20260407,20170323,MG,4123
27375551,0001,1,CENTRO DE TRINAMENTO PERSONALIZADO ILA AFFONSO,02,20240110,20170323,RJ,5801
27377740,0001,1,PATRICIA DE FARO NAZARETH,04,20210210,20170323,DF,9701
27379624,0001,1,ACADEMIA NEW LIFE PRIME,08,20210908,20170324,PE,2573
27380053,0001,1,RHUAN GERHARDT,08,20180403,20170324,ES,5623
27381226,0001,1,ACADEMIA REPUBLICA,08,20200129,20170324,PR,7959
27384606,0001,1,ACADEMIA HS,08,20170403,20170324,RJ,5801
27386125,0001,1,RT TREINAMENTO FUNCIONAL,08,20200205,20170324,RJ,5819
27387223,0001,1,TEAN PRO,08,20241021,20170325,RJ,6001
27387914,0001,1,,04,20220209,20170325,RJ,6001
27388319,0001,1,SHEILA REGINA,08,20171227,20170325,PR,7597
27394290,0001,1,CENTRO DE TREINAMENTO SHARKS,08,20200715,20170327,MG,4733
27395296,0001,1,LUCIMARA ROCHA,08,20171220,20170328,SP,6291
27395764,0001,1,MH PERSONAL,08,20190603,20170328,RS,8659
27395976,0001,1,HECTOR HORBACH PERSONAL,08,20180913,20170328,RS,8599
27397148,0001,1,ACADEMIA STRONGMAN,08,20170905,20170328,PE,2559
27398765,0001,1,ESPACO L&M FITNESS,08,20220912,20170328,AM,0255
27399396,0001,1,VALTER REIS - CONDICIONAMENTO E PERFORMANCE,08,20241101,20170328,SP,7107
27402972,0001,1,ROBERTA FITNESS,08,20200925,20170328,SP,6587
23907838,0002,2,EQUILIBRIO FITNESS,08,20180608,20170328,MG,5427
27409128,0001,1,FIT ON,08,20170530,20170329,MG,4123
27409486,0001,1,W.N FIGHT FITNESS,04,20210318,20170329,SC,8265
27413465,0001,1,,02,20170329,20170329,PR,7435
27416487,0001,1,GMTPERSONAL,02,20240925,20170329,SP,7107
27418901,0001,1,EDVANDRO BALBINOTTI PERSONAL TRAINER,08,20230614,20170329,PR,7617
27421717,0001,1,STUDIO BS,02,20170330,20170330,MS,9051
27425277,0001,1,GUSTAVO NAVES SILVA MELO,04,20210416,20170330,MG,4123
27431955,0001,1,ESPACO RM FITNESS,08,20190116,20170331,SC,8027
27434072,0001,1,ESCOLA DE ARTES MARCIAIS PACHECO TEAM,02,20170331,20170331,SP,6311
17540015,0002,2,ACADEMIA ATIVA,02,20170323,20170323,RS,8815
27435323,0001,1,EMERSON CAZUMBA,08,20170418,20170331,BA,3849
27435400,0001,1,FABIANY CALIXTO,08,20190514,20170331,DF,9701
27435557,0001,1,LA COSTA,08,20191104,20170331,SP,7107
27438608,0001,1,KARUNCHO TOP TEAM,08,20171229,20170331,MG,4219
27438644,0001,1,ESTUDIO DE PILATES ROSE FRANCO,08,20210811,20170331,SP,6361
27440519,0001,1,ZCN ASSESSORIA ESPORTIVA E CULTURAL,04,20220208,20170401,GO,9373
27441572,0001,1,TEAM RUNNING,08,20220520,20170401,SP,7151
27441586,0001,1,PERSONAL MAIS SAUDE,08,20171016,20170401,SC,8161
27444954,0001,1,VOLEI TUTA,08,20180709,20170403,RS,8791
27445423,0001,1,INDGRIT BONINI VIEIRA,08,20231208,20170403,SC,8039
27445655,0001,1,DOUGLAS LOPES,08,20170808,20170403,ES,5705
27445969,0001,1,JUDO TIAGO,04,20240807,20170403,DF,9701
27446100,0001,1,NUTRIFORMA,02,20170403,20170403,PI,1103
27453990,0001,1,DR MARCIO JOSE BARBOSA JR CREFITO 4 135282F,08,20200914,20170403,MG,4797
27454713,0001,1,,08,20180126,20170404,SP,7063
26983591,0002,2,QI PILATES UNIDADE MOEMA,08,20190701,20170130,SP,7107
27458964,0001,1,M2 ASSESSORIA ESPORTIVA,08,20210514,20170404,RJ,6001
27462733,0001,1,,08,20191001,20170404,PR,7481
27463303,0001,1,TOP TRAINING,08,20170821,20170404,MT,9167
27464970,0001,1,,08,20191113,20170404,MG,4733
27465605,0001,1,SMPF - STUDIO MEXA-SE PILATES E FISIOTERAPIA,02,20170405,20170405,SP,7107
27466890,0001,1,ACADEMIA TOP FIT,04,20210401,20170405,RR,0301
27466944,0001,1,ALEXANDRE VASCONCELOS PERSONAL TRAINER,08,20180323,20170405,MG,4123
27467479,0001,1,DOO A.R. PERSONAL,04,20210226,20170405,SP,7107
27472285,0001,1,,08,20231124,20170405,MG,4743
27472669,0001,1,ACADEMIA LEME FIORINO,08,20191101,20170405,SP,6477
27476093,0001,1,MOVE CENTRO DE TREINAMENTO FISICO,02,20220423,20170406,SC,5545
27479118,0001,1,,04,20240821,20170406,MG,4767
27481890,0001,1,STUDIO ONE,08,20190412,20170406,SC,8041
27486193,0001,1,,04,20231117,20170407,SP,6681
27486995,0001,1,GUILHERME AUGUSTO,08,20220805,20170407,MG,4637
27487879,0001,1,R2 FITNESS,02,20170407,20170407,MS,9073
27489745,0001,1,,08,20180103,20170407,RS,8801
27492665,0001,1,ACADEMIA GOLD FITNESS,04,20210423,20170407,RN,1761
27495931,0001,1,QUALITY COACH,08,20220427,20170408,SP,7107
27496196,0001,1,MAXIMO PERFORMANCE,08,20210503,20170408,SP,7107
27497790,0001,1,GESIOS MIKE,08,20240109,20170410,DF,9701
27501775,0001,1,INSTITUTO MARLIZIA VERAS,02,20230223,20170410,RN,1603
27505989,0001,1,FIT PMW - SAUDE & FITNESS,04,20210219,20170410,TO,9733
27507638,0001,1,VICTORIA PERSONAL FITNESS,04,20210310,20170411,SP,6291
27507686,0001,1,VIDA BOA GINASTICA,08,20180416,20170411,SC,8091
26895786,0001,1,TARIK ESPORTES,08,20170411,20170118,GO,9373
27510671,0001,1,SUZUKI TERAPIAS ALTERNATIVAS,08,20170711,20170411,RJ,5865
27513900,0001,1,PHISICO CENTER,02,20170411,20170411,SP,6209
27467960,0001,1,PONTO VITAL SOLUCOES EM QUALIDADE DE VIDA,02,20170405,20170405,MG,4123
27515789,0001,1,TUKAHA,02,20170411,20170411,SC,8105
27515839,0001,1,ANDRE ZANCHETTA PASSAMANI,08,20200505,20170411,ES,5627
27516249,0001,1,ACADEMIA POWER FORCE,02,20241118,20170411,MG,4827
27516263,0001,1,ACADEMIA SUPER FITNESS,08,20170921,20170411,BA,3849
27519534,0001,1,SPRINT TRAINING,08,20180425,20170412,CE,1559
27522439,0001,1,,02,20170412,20170412,SP,7099
27522543,0001,1,,08,20210830,20170412,CE,1529
27522842,0001,1,ESCOLINHA DE FUTEBOL REAL FORMOSA S&J,04,20210212,20170412,GO,9361
27522894,0001,1,ACADEMIA TOTAL FIT CLUB,02,20221006,20170412,SP,6789
27529264,0001,1,KAFU TRAINER,08,20170818,20170413,PR,7835
27529900,0001,1,VICTOR ALVES,08,20251111,20170413,MG,5155
27530902,0001,1,FIGHT SCIENCE TREINAMENTO E CONDICIONAMENTO FISICO,04,20210316,20170413,RJ,6001
27532539,0001,1,HEALTH FITNESS,08,20180413,20170413,RS,8591
27535478,0001,1,EA TREINAMENTO,08,20190226,20170415,RJ,6001
27535601,0001,1,,04,20210311,20170415,RJ,6001
27538306,0001,1,THIAGOVCAMPOSPERSONAL,08,20180119,20170417,PE,2531
27544251,0001,1,FISIO CENTER MARIANE VALE,08,20180517,20170417,MG,4743
11603093,0002,2,VIVA FITNESS,08,20190826,20170417,SC,8047
11104888,0002,2,UP ACADEMIA,08,20170913,20170418,RS,8771
20744304,0002,2,T2 CLUB FLEX,02,20170418,20170418,SC,8357
27553800,0001,1,,08,20260612,20170419,PR,7777
27555043,0001,1,ACADEMIA DO GILSINHO,02,20250207,20170419,RS,8833
27556962,0001,1,BRACHMANN STUDIO DE PILATES,08,20200129,20170419,RS,8841
27558596,0001,1,STRIKE FITNESS SUZANO,04,20220610,20170419,SP,7151
27559903,0001,1,,04,20220127,20170419,RJ,5821
27560087,0001,1,ESCOLINHA FUTURO MELHOR,04,20210304,20170419,RS,1000
27560498,0001,1,,08,20210812,20170419,RJ,5807
27561231,0001,1,,08,20171031,20170419,MS,9051
27561297,0001,1,J. L. BOSQUE MAIA ASSESSORIA ESPORTIVA,02,20240403,20170419,SP,6477
27561494,0001,1,CROSSFIT,02,20170419,20170419,MG,4813
27562373,0001,1,COACH TREINAMENTO FUNCIONAL,04,20220128,20170419,RS,8801
27562515,0001,1,CAVERNA FITNESS,08,20211020,20170419,BA,3849
27562823,0001,1,,08,20170922,20170419,PB,2147
27564705,0001,1,,08,20211028,20170419,SP,6219
27566596,0001,1,ACADEMIA FORCE FIT,08,20211214,20170420,SP,6689
27052510,0001,1,ALPHA FIT CAJAMAR,08,20200304,20170207,SP,6285
27572280,0001,1,FISIOLIFE ACADEMIA,02,20170420,20170420,PA,0551
27572302,0001,1,ACADEMIA MARTINS,08,20190204,20170420,SP,7197
27573779,0001,1,ACADEMIA SAUDE EM MOVIMENTO,04,20260612,20170420,SP,7149
27577293,0001,1,FERNANDA CARDOSO,08,20180605,20170422,SP,6293
27577596,0001,1,ACADEMIA FIGHTING SPORTS,04,20210209,20170422,ES,5699
27577799,0001,1,PERSONAL DEBORA,08,20220228,20170423,PR,7535
27578694,0001,1,VALERIA PERSONAL,08,20180720,20170423,PR,7535
27579346,0001,1,,08,20220429,20170424,BA,3647
27583333,0001,1,ACADEMIA LU CN8,08,20170524,20170424,PA,0415
27585554,0001,1,,08,20180130,20170424,SC,8105
27587535,0001,1,RICARDO FANTONI,08,20200415,20170424,RS,8771
27587777,0001,1,GYM COLISEU ASSESSORIA ESPORTIVA,08,20220929,20170424,SP,6545
27590072,0001,1,,08,20220719,20161006,RJ,5833
27591895,0001,1,DIAURUM AMBIENTALLIS,04,20260528,20170425,MG,4877
27594130,0001,1,,08,20220407,20170425,RJ,6001
27595490,0001,1,ACQUA SPORT ACADEMIA,08,20240816,20170425,RJ,5843
27595581,0001,1,,08,20170426,20170425,SP,6729
27596223,0001,1,,08,20260505,20170425,SP,6979
27599006,0001,1,SU RAMOS TREINAMENTO FISICO,08,20250214,20170426,RS,8801
27599839,0001,1,,08,20210324,20170426,MG,4235
27600388,0001,1,JAQUELINE BRAGA,08,20180117,20170426,SP,7097
27601144,0001,1,FITBODY CLUB,08,20180703,20170426,BA,3849
27602014,0001,1,PLENO VIGOR STUDIO PILATES,04,20210316,20170426,RJ,5897
27603102,0001,1,CFV,08,20250613,20170426,AM,0255
27605939,0001,1,TH PERSONAL TRAINER,08,20180205,20170426,MG,4697
27605988,0001,1,ACADEMIA ALPHA FITNESS,02,20170426,20170426,BA,3849
27606153,0001,1,PORTO PERSONAL TRAINER,04,20210226,20170426,SP,7107
27612535,0001,1,VIVAPILATES,08,20240105,20170427,PR,7535
27612623,0001,1,KATIELLY BARCELOS PERSONAL,04,20210209,20170427,ES,5705
27615142,0001,1,STUDIO VIS,08,20170825,20170427,SC,8105
27617667,0001,1,NAYALLA ROSA,08,20211224,20170427,DF,9701
27621883,0001,1,PAOLA FITNESS,08,20250516,20170428,RJ,5907
27622322,0001,1,,04,20210324,20170428,SP,6317
27625265,0001,1,,04,20210309,20170429,PR,7667
27625304,0001,1,,08,20180321,20170429,PR,7667
27114544,0001,1,VERTICAL TRAINING - POLE DANCE STUDIO,08,20170501,20170215,RS,8791
27629940,0001,1,,08,20170702,20170502,PR,7667
27630729,0001,1,LIFE FITNESS,08,20201111,20170502,SP,7131
27632727,0001,1,BRUNO VAN LUME PERSONAL TRAINER,04,20210409,20170502,PE,2531
27633538,0001,1,,04,20210218,20170502,MS,1196
27637215,0001,1,,08,20180710,20170502,RN,1879
27641867,0001,1,,04,20210408,20170503,SP,6179
27644722,0001,1,,02,20170503,20170503,SP,7107
27644981,0001,1,LUANA PASTORINI STUDIO PILATES,08,20180514,20170503,SC,8105
27649989,0001,1,ACADEMIA TOTAL FITNESS,08,20170522,20170503,PB,0450
27651071,0001,1,,08,20190424,20170504,RJ,5879
27651294,0001,1,,08,20190508,20170504,ES,5699
27654639,0001,1,JEH CORREIA,04,20210415,20170504,SP,6779
26023302,0001,1,ALINE BRANDINO MANRIQUE,08,20170504,20160824,SP,7107
27656311,0001,1,ACADEMIA CORPO EM ACAO,08,20230405,20170504,GO,9373
27658325,0001,1,STATUM PILATES,04,20220208,20170504,PR,7535
27659100,0001,1,,08,20180215,20170504,SP,6553
27659328,0001,1,IRON SISTERS,02,20210519,20170504,RS,8683
27660394,0001,1,VANDERLEIDE E CIA,08,20220223,20170504,MT,9067
27661250,0001,1,BEST FIT GYM,08,20180105,20170505,SC,8221
27663321,0001,1,PERFFORMANCE FITNESS,04,20220607,20170505,PE,2531
27664080,0001,1,,08,20180919,20170505,SP,7107
27664987,0001,1,IMPERIO FITNESS CLUB ACADEMIA,08,20220727,20170505,ES,5703
27665022,0001,1,IMPACTO ACADEMIA,04,20260603,20170505,MG,5219
27665237,0001,1,TEAM FOPPA,02,20230911,20170505,SC,8055
27669942,0001,1,POWER FITNESS ACADEMIA,02,20260519,20170505,BA,1112
27672196,0001,1,DANI PERSONAL,08,20220615,20170508,MG,4865
27672496,0001,1,ACADEMIA BOA FORMA,04,20210218,20170508,ES,5685
27673384,0001,1,MATHEUS SANDIM PERSONAL,08,20170818,20170508,SP,7149
27677833,0001,1,ACADEMIA PHISICAL,08,20200826,20170508,CE,1599
27683387,0001,1,ACADEMIA LIFE FITNESS,02,20260323,20170509,GO,9395
27686043,0001,1,BELIEVE FITNESS,02,20170509,20170509,AM,0255
27686178,0001,1,PROFESSOR SERGIO CASTRO - PERSONAL,08,20230810,20170509,SP,7107
27686805,0001,1,ANANDA YOGA,08,20170523,20170509,PR,7535
27691590,0001,1,,08,20180130,20170509,SP,6619
27694021,0001,1,,08,20210609,20170509,SP,7107
27698029,0001,1,CLAUDIA APARECIDA GONCALVES,08,20200826,20170510,SP,7107
27704260,0001,1,FABIO MACHADO PERSONAL TRAINER,08,20170611,20170510,RS,8801
27705833,0001,1,GUSTAVO PERSONAL,08,20190109,20170511,DF,9701
27708715,0001,1,VICTOR HUGO SOUZA,04,20210409,20170511,PE,2531
27710867,0001,1,,08,20201104,20170511,SP,7107
27710949,0001,1,TATI PERSONAL,08,20190624,20170511,PR,7667
27713465,0001,1,,08,20180124,20170511,MG,4683
27714222,0001,1,,08,20210922,20170511,PR,7927
27717786,0001,1,PERFORMANCE ACADEMIA,02,20170512,20170512,ES,5725
27718927,0001,1,,08,20210519,20170512,RJ,5833
27719865,0001,1,FORNEL,08,20190110,20170512,PR,7831
27721459,0001,1,,08,20180417,20170512,SC,8055
27724711,0001,1,ACADEMIA IMPERIO FITNESS,08,20180509,20170512,BA,3849
26920297,0001,1,KM PERSONAL,08,20170512,20170120,SP,6723
27726756,0001,1,,08,20180128,20170513,SP,7145
27729461,0001,1,ACADEMIA JUST LIFT,02,20250114,20170515,SP,6177
27730369,0001,1,,04,20210212,20170515,GO,9373
27730425,0001,1,MOVIMENTO BEM ESTAR,02,20210420,20170515,MA,0955
27739518,0001,1,CORPUS ACADEMIA FITNESS,02,20170516,20170516,BA,9859
27741770,0001,1,,08,20171129,20170516,SP,6425
27745568,0001,1,ACADEMIA MAGA FITNESS,04,20240830,20170516,BA,3403
27746317,0001,1,ACADEMIA CAMPOS,08,20180118,20170516,PB,1981
27747519,0001,1,TIGER FITNESS CLUB,08,20170605,20170516,DF,9701
27750123,0001,1,,08,20180202,20170517,PR,7927
27753283,0001,1,KAUAN MELLO PERSONAL,08,20210127,20170517,PR,7535
27754096,0001,1,JF PERSONAL TRAINER,08,20170517,20170517,PR,7535
27754348,0001,1,ONE FITNESS,02,20231020,20170517,CE,1585
27756123,0001,1,FABRICIO GOMES DE SOUZA 06467158440,04,20210426,20170517,AL,2825
27758102,0001,1,RICARDO PERSONAL TRAINER,08,20210119,20170517,SC,8327
27760905,0001,1,WMARAUJO,08,20170523,20170518,DF,9701
27765651,0001,1,DENYS SANTANA PERSONAL TRAINER,08,20180224,20170518,PE,2531
27768187,0001,1,GRUPO SAUDE EM MOVIMENTO,08,20180410,20170518,CE,1389
27768686,0001,1,PEREIRA TEAM,08,20210318,20170518,SP,7201
27774148,0001,1,ADRIANO BONILHA TENIS,08,20180808,20170519,SP,7083
24775273,0002,2,CROSS GARRA,08,20200115,20170519,PA,0447
27774325,0001,1,CAMILA WELLS,08,20180131,20170519,DF,9701
27775023,0001,1,ACADEMIA FIGHT SCHOOL,04,20210310,20170519,SP,7149
27777841,0001,1,,02,20170519,20170519,SP,7107
27778219,0001,1,TATIANA BAHOV,08,20181112,20170519,SP,7107
27780004,0001,1,PATRICIA EUGENIA,04,20210316,20170520,RJ,6001
27781828,0001,1,GUILHERME MENDES FIGHT TEAM,04,20210225,20170521,RS,8973
27782214,0001,1,EDMILSON TAVARES PERSONAL,08,20180128,20170522,SP,7121
27783205,0001,1,,08,20190213,20170522,PR,7985
27787547,0001,1,,04,20210225,20170522,RS,8801
27787905,0001,1,TOP FITNESS,08,20170620,20170522,RJ,5837
27791380,0001,1,PRO FITNESS,08,20230203,20170522,RJ,6001
27792439,0001,1,CORPO EM MOVIMENTO,08,20170911,20170522,SE,3213
27792963,0001,1,IMPACTUS ACADEMIA FITNESS,02,20170523,20170523,MG,4553
27793227,0001,1,,08,20230717,20170523,SP,7107
27794073,0001,1,ITS MOVE FUNCIONAL,04,20240812,20170523,SP,7107
27794920,0001,1,BELL ALCANTARA FISIOTERAPIA E PILATES,08,20180403,20170523,DF,9701
27799564,0001,1,,02,20170523,20170523,SP,6637
27800619,0001,1,Z FIT,04,20260525,20170519,RS,8801
27806465,0001,1,,02,20170524,20170524,MG,4733
27808714,0001,1,KAKI PERSONAL TRAINER,04,20210317,20170524,PR,7535
27811565,0001,1,COMPLEXO ESPORTIVO SAMIR SANTOS,08,20180510,20170523,RS,8815
27812663,0001,1,GREG FITNES,08,20170824,20170524,SP,6795
27814975,0001,1,B2 FITNESS,08,20230227,20170525,MG,4271
27816541,0001,1,CHRISTOPHER VITOR CIONEK - PERSONAL TRAINER,08,20220621,20170525,PR,7483
27817913,0001,1,JACQUELINE F F F,08,20210201,20170525,MG,4123
27818084,0001,1,FS ASSESSORIA ESPORTIVA,08,20170808,20170525,MG,4123
27821294,0001,1,MUAY THAI TIETE-SP,02,20220623,20170525,SP,7191
27821810,0001,1,SOBERANIA FITNESS ACADEMIA DE MUSCULACAO,08,20200116,20170525,TO,9533
27822942,0001,1,INICIATIVA FITNESS,08,20170529,20170525,ES,5625
27825251,0001,1,ANINHAFITNESS,08,20210127,20170526,PI,1219
27827199,0001,1,RHM SURFING,08,20180514,20170526,SP,6723
07322917,0002,2,ACADEMIA VIP SAUDE FITNESS,08,20190711,20170526,RN,1761
27831741,0001,1,OLD SCHOOL ACADEMIA,08,20170822,20170526,SP,6219
27839409,0001,1,TIME FIT TERESINA,04,20240820,20170529,PI,1219
11135814,0050,2,SMARTFIT,08,20170823,20170529,RJ,6001
27841134,0001,1,HP_FISIO,02,20220913,20170529,SP,7075
27841160,0001,1,HP FORMA,02,20170529,20170529,RJ,5859
27842158,0001,1,MARCIA FERREIRA DE MELO - PERSONAL TRAINER,08,20180131,20170529,PR,7483
27843123,0001,1,,08,20170824,20170529,SP,6979
27845060,0001,1,ESPACO VIDA E MOVIMENTO,02,20170522,20170522,MG,4123
27847084,0001,1,MAMEDE PERSONAL TRAINER,08,20190131,20170530,PB,2051
27850196,0001,1,REAGIR,02,20240927,20170530,SP,7107
27851055,0001,1,ENTRE FOLHAS FITNESS,08,20200417,20170530,MG,2663
27851578,0001,1,ACADEMIA FIT XTREME,08,20191009,20170203,PR,7535
27855789,0001,1,,08,20181209,20170530,DF,9701
27856708,0001,1,VBASTOS,08,20220708,20170530,RJ,6001
27857207,0001,1,FITNESS WOMAN,08,20180814,20170531,SP,7183
27857610,0001,1,FORCE FITNESS ACADEMIA,02,20170530,20170530,RS,8877
27682849,0002,2,,04,20240904,20170529,SP,7099
27859464,0001,1,,08,20190828,20170530,RS,8801
27863470,0001,1,JCJ CARGAS,08,20220628,20170531,MG,4743
27870958,0001,1,,02,20170601,20170601,RS,8815
27872725,0001,1,PANOBIANCO ACADEMIA,02,20170601,20170601,SP,7149
27874885,0001,1,FOCUS FITNES,04,20190514,20170601,BA,3449
27875104,0001,1,,08,20211201,20170601,RO,0003
27875821,0001,1,RA FITNESS ACADEMIA,08,20180301,20170601,CE,1599
27879687,0001,1,,08,20180524,20170602,PR,7535
27886602,0001,1,ULYSSES REIS PERSONAL TRAINER,08,20240802,20170602,PB,2051
27886782,0001,1,LIVE HEALTHY ASSESSORIA ESPORTIVA,02,20170602,20170602,SP,7107
27889730,0001,1,NAGYLA ALVARES,08,20190916,20170604,PR,7667
27891497,0001,1,SIMONE CRISTINA SCARPA ROMERO,08,20190508,20170605,SP,7057
27891644,0001,1,,02,20170605,20170605,PB,2229
27896096,0001,1,GOLDS GYM ACADEMIA,08,20180724,20170605,SP,6465
27900397,0001,1,LEVI DAUFENBACH PERFORMANCE EM EDUCACAO FISICA,02,20170605,20170605,SC,8373
27907018,0001,1,GABRIEL ESMANHOTTO,04,20210317,20170606,PR,7535
27911343,0001,1,ISAAC NASCIMENTO ASSESSORIA ESPORTIVA,08,20250129,20170606,BA,3849
27914352,0001,1,JK ACADEMIA,08,20180208,20170607,PB,2117
27916966,0001,1,CENTRO DE TREINAMENTO DE FUTEBOL BP FUT,08,20171103,20170607,RS,8599
27917873,0001,1,PERSONAL MONICA TOMAZ,04,20220209,20170607,SP,7057
27918753,0001,1,ARA TRAINING,08,20210224,20170607,MG,4123
27918999,0001,1,LUIS EDUARDO ARRUDA,08,20180607,20170607,CE,1389
27920587,0001,1,ACADEMIA CENTRO DE TREINAMENTO OLIMPICO,04,20210317,20170607,PR,7535
27922606,0001,1,THAI KOMBAT,04,20210407,20170608,BA,3849
27926368,0001,1,SEGATO FITNESS,08,20180719,20170608,SP,6137
27933697,0001,1,CARLINHOS CAETANO,08,20220825,20170609,SC,8179
27936055,0001,1,ARIELFIT,04,20210325,20170609,RJ,5833
27937966,0001,1,CTPROFIT,02,20170609,20170609,MG,4501
27939509,0001,1,ESPACO FITNESS ACADEMIA,08,20180115,20170609,PB,2127
27939781,0001,1,REINAR STUDIO FITNESS,08,20180129,20170609,SP,6189
27942306,0001,1,METODOLOGIA TAF,08,20171222,20170611,SP,6411
27942864,0001,1,BODY CONTROL,08,20260508,20170611,SP,6969
27943051,0001,1,FUN FIT ASSESSORIA,08,20180111,20170611,SP,7107
27943809,0001,1,,02,20170612,20170612,PR,7527
27944108,0001,1,JM ASSESSORIA FITNESS & PERSONAL TRAINER,08,20170912,20170612,PA,0427
27944932,0001,1,,02,20170612,20170612,SP,6681
27944970,0001,1,CORPO FORTE FITNESS CENTER,02,20170612,20170612,SP,6921
27948849,0001,1,EQUILIBRIO STUDIO DE PILATOS E FISIOTERAPIA,02,20170612,20170612,GO,0069
27949178,0001,1,,08,20220805,20170612,SP,7167
22902694,0024,2,******,02,20170612,20170612,PE,2531
27955309,0001,1,,08,20180427,20170613,SP,6219
27955702,0001,1,TOP FITNESS ACADEMIA,02,20170613,20170613,ES,5669
27958570,0001,1,RUN STRONG ASSESSORIA ESPORTIVA,08,20190107,20170613,RS,8801
27961304,0001,1,,02,20170613,20170613,RS,8681
27967006,0001,1,FHRANNCY,08,20180609,20170614,SP,7071
27970046,0001,1,CFT OLYMPUS,02,20250402,20170614,SP,7107
27972805,0001,1,JOYCE LIRA,04,20210419,20170615,PE,2435
27977674,0001,1,,04,20210209,20170616,ES,5663
27990059,0001,1,ACADEMIA CORPO E MENTE SA,02,20170619,20170619,MG,4801
27990772,0001,1,,08,20220819,20170619,MT,9871
27995400,0001,1,SUMMER FOR LIFE,04,20210406,20170620,SP,7075
24921465,0015,2,,02,20170620,20170620,SP,7107
27999202,0001,1,FIT LIFE,08,20200109,20170620,SC,8327
28000161,0001,1,KYRIA ARAUJO,08,20250314,20170620,MG,4595
28003537,0001,1,DAGNINO ESPORTES,04,20220209,20170620,SP,7107
28003693,0001,1,CLINICA DE AVALIACAO FISICA E TREINAMENTO DE FORCA,04,20220128,20170621,PI,1153
28007640,0001,1,CLINICA DO CORPO,08,20230731,20170621,PB,2051
28007739,0001,1,STUDIO ANDRE VIEIRA,08,20190124,20170621,SC,9945
28009281,0001,1,PATRICIA PERSONAL,04,20210317,20170621,PR,7745
28009321,0001,1,WORKOUT ACADEMIA,02,20210507,20170531,RJ,5915
27279060,0001,1,CAMPUS DE TREINAMENTO TEAM CIRIACO MUAY-THAI KICKBOXING,04,20231101,20170311,MT,9095
28015029,0001,1,,04,20210406,20170622,SP,6217
28018781,0001,1,,08,20170824,20170622,SP,6291
28019287,0001,1,STUDIO JO FITNESS,02,20170622,20170622,MG,4211
28020990,0001,1,FSUNDHAUS,08,20220606,20170622,RJ,6001
28022103,0001,1,HEALTHY SPORTS ACADEMY,04,20210316,20170622,RJ,6001
28022825,0001,1,VIVA SAUDE,08,20190527,20170622,SC,8105
28025517,0001,1,,08,20180216,20170623,SP,6163
28026025,0001,1,ACADEMIA IMPACTUS FIT,04,20210416,20170623,MG,5155
28026303,0001,1,OFFICINA 16 - PILATES E TREINAMENTO FUNCIONAL,02,20170606,20170606,PR,7535
28027072,0001,1,MOINHOS FITNESS,04,20260525,20170622,RS,8801
28027574,0001,1,MIND7+ CENTRO DA SAUDE FUNCIONAL,08,20220802,20170623,DF,9701
28032474,0001,1,TOP BOXE,04,20260525,20170623,RS,8801
28033823,0001,1,DRA.MIRANDA,08,20220826,20170624,RJ,5839
28033898,0001,1,POWER CLUB ACADEMIA-ME,08,20170717,20170624,PB,1981
28037320,0001,1,ACADEMIA WK,02,20190819,20170626,MS,9051
28044252,0001,1,STUDIO PILATES LISIANE RECHE,08,20201029,20170627,RS,8801
28044426,0001,1,AMANDA OCCHI PERSONAL TRAINER,08,20180117,20170627,PR,7691
28044665,0001,1,ACADEMIA ESTILO LIVRE,02,20170627,20170627,MG,5395
28045476,0001,1,MARIANA COSTA,08,20250117,20170627,SP,7107
28051386,0001,1,FF PILATES E REABILITACAO,08,20231221,20170627,RN,1761
28051689,0001,1,LETICIA MEDRADO,08,20180208,20170628,SP,6875
28052359,0001,1,LILI YOGA,02,20170628,20170628,MG,5401
28052485,0001,1,MAXIMA FIT ACADEMIA,08,20171023,20170628,MG,4763
26466589,0001,1,FSPC MULTIMARCAS,04,20210226,20161101,SP,7107
28057451,0001,1,AVANCE ACADEMIA,04,20210426,20170628,AL,2785
28060513,0001,1,SILVIA TUIU,04,20260522,20170628,SP,6249
28065635,0001,1,,08,20220816,20170629,MG,5413
28066919,0001,1,DIEGO PERIZZOTTO,08,20190509,20170629,SP,7145
28068434,0001,1,JULIANA CARVALHO STUDIO PILATES,04,20210219,20170629,PA,0427
28071730,0001,1,,08,20181123,20170629,SC,8291
28074214,0001,1,GREENFIT CT,02,20170630,20170630,PR,7721
28074719,0001,1,,08,20180124,20170630,SP,6427
28077023,0001,1,TOP FITNESS,08,20240809,20170630,RJ,5847
28077701,0001,1,MOVER,08,20190118,20170630,SC,8047
28078032,0001,1,LYUANG PERSONAL,04,20210409,20170630,PE,2537
28085119,0001,1,HEALTH & FITNESS PERSONAL STUDIO,08,20171227,20170702,PR,7535
28089880,0001,1,,08,20260210,20170703,SP,7107
28091082,0001,1,ANDRE LUIZ DA SILVA PERSONAL,04,20210324,20170703,SP,7057
28091513,0001,1,,08,20250405,20170703,PB,2185
28092935,0001,1,SPATIA TEAM,02,20240415,20170703,RN,1651
28093231,0001,1,JULIETE ANACLETO CENTRO DE TREINAMENTO FEMININO,02,20170703,20170703,SC,8245
28095417,0001,1,ESTACAO PILATES,08,20180131,20170703,RN,1761
28096417,0001,1,,08,20231004,20170703,ES,5703
28099039,0001,1,R&A GINASTICA,08,20220825,20170704,MG,5403
28106230,0001,1,MATHEUS,04,20210416,20170704,MG,4123
28107871,0001,1,DRV.TELES PERSONAL,08,20190321,20170705,RO,0003
28108185,0001,1,ESPACO BADHANE,08,20230726,20170705,SP,6477
28109045,0001,1,DAIANI P. MINOSSO PERSONAL TRAINER,08,20250822,20170705,PR,7751
28110685,0001,1,PULSEON ACADEMIA,02,20170705,20170705,MG,4123
28112731,0001,1,GUERRA SPORTS,08,20191022,20170705,SP,6311
28116888,0001,1,ATS TEAM,08,20180112,20170705,MG,5041
28119624,0001,1,,04,20220128,20170706,RS,8559
28120437,0001,1,ERICA ASSESSORIA ESPORTIVA,04,20210408,20170706,SP,7071
28126390,0001,1,ZL PERSONAL,08,20200227,20170706,AM,0255
22902694,0025,2,,02,20170707,20170707,AM,0255
28128952,0001,1,J.A. TREINAMENTO,04,20190531,20170707,SP,6619
28129053,0001,1,GIULI STUDIO PERSONAL,08,20210301,20170707,SP,7107
28129430,0001,1,PERSONAL,04,20210311,20170707,RJ,6001
28131174,0001,1,CROSSFIT BOTANICO,08,20200316,20170525,PR,7535
28137069,0001,1,EXCALIBUR BODYBUILDING E FITNESS,04,20210226,20170708,SP,7107
28143195,0001,1,SMILE FITNESS,02,20170710,20170710,SP,6579
28143297,0001,1,,08,20230224,20170707,RS,8929
28149872,0001,1,ALONGARE ASSESSORIA EM ATIVIDADES FISICAS,08,20171229,20170710,RN,1761
28151938,0001,1,SENSEI ELSON JUNIOR,08,20180914,20170711,BA,3849
28152117,0001,1,PH FIT,04,20210317,20170711,PR,9983
28155272,0001,1,,08,20240219,20170711,MG,4891
28155515,0001,1,PANOBIANCO PARELHEIROS,02,20170711,20170711,SP,7107
28157417,0001,1,FISIO JANINITEMPORIM,08,20220114,20170711,SP,7203
28159744,0001,1,PLUM MOVEL,04,20210311,20170711,RJ,6001
28162711,0001,1,KLASS ESPACO SAUDE,08,20210504,20170712,PR,7535
28164367,0001,1,DANILO SANTOS PERSONAL,08,20210429,20170712,SP,6155
28164898,0001,1,SOCCER 360 RN,08,20171020,20170712,RN,1761
28169442,0001,1,LOS SANTTOS MMA,04,20260609,20170712,MS,9051
28171811,0001,1,TAYANE TAVARES JARDIM,08,20180216,20170712,MG,4553
28172678,0001,1,,02,20210923,20170713,SP,7013
28173776,0001,1,ACADEMIA FITNESS TAPANA,08,20240507,20170712,PA,0427
28174178,0001,1,MOVA-SE,02,20260302,20170713,SP,6545
28174425,0001,1,PULSAR STUDIO PERSONAL,02,20170713,20170713,SP,6875
28174488,0001,1,F3 ACADEMIA,08,20200127,20170713,PI,1219
28174948,0001,1,ADRIANO VICTOR,04,20210325,20170713,RJ,5833
28177746,0001,1,FISIOTERAPIA CARLA M L HENRIQUES,04,20220607,20170713,RJ,6001
26069616,0001,1,,02,20221227,20160831,ES,5677
28184771,0001,1,,08,20230227,20170714,SP,7107
28185108,0001,1,ACADEMIA LIFE FITNESS,08,20181130,20170714,SE,3195
28186132,0001,1,,08,20190220,20170714,SP,6669
28189879,0001,1,MASSOTERAPIA E TECNICAS MANUAIS - HOPE,08,20250818,20170714,MS,9051
28190311,0001,1,JIU-JITSU APOLO,08,20200117,20170714,RJ,5819
28190501,0001,1,EDER QUIROPRAXIA,08,20180131,20170714,SC,8105
28190942,0001,1,REGINALDOORBILEM,04,20210415,20170715,SP,7079
28192195,0001,1,,08,20190611,20170716,SP,6461
28192885,0001,1,CN BOX SANTO ANTONIO DO SUDOESTE,02,20170716,20170716,PR,7857
28194795,0001,1,MALHACAO ACADEMIA,02,20250130,20170717,PR,7565
28199253,0001,1,EVOLUTION FIT,02,20220808,20170717,SE,3105
28205233,0001,1,LP SPORTS,08,20171209,20170718,SP,2965
28209867,0001,1,ENS ACADEMIA,08,20201014,20170718,CE,1389
28211922,0001,1,,08,20191110,20170718,RJ,5869
28215224,0001,1,JANJAN LIMA,08,20190129,20170719,RN,1761
28216223,0001,1,,08,20190315,20170719,SE,3195
28216362,0001,1,ANIMAL TEAM,04,20210310,20170719,SP,6155
28216805,0001,1,KEEP FITNEES,08,20250729,20170719,SP,6795
28220421,0001,1,,08,20170829,20170719,SC,8179
28220865,0001,1,FORMA PERSONAL STUDIO E PILATES,02,20170719,20170719,ES,5699
28221173,0001,1,LAUREANO TAVARES PERSONAL TRAINER,08,20220617,20170719,PE,2531
28223665,0001,1,LIVIA ALVES GONTIJO,08,20190329,20170719,MG,5403
28228523,0001,1,CLAUDIO MACEDO,08,20230606,20170720,PR,7667
28230559,0001,1,,08,20190718,20170720,SP,6553
28241914,0001,1,CLUBE DA CAMILINHA,08,20180802,20170721,SP,6311
28242031,0001,1,FEMININE BODY,08,20190503,20170721,SP,6789
28244318,0001,1,ELITE SAUDE E PERFORMANCE,08,20190502,20170723,SP,6715
28244900,0001,1,,08,20180125,20170723,PE,2531
28246241,0001,1,,04,20210203,20170724,MG,4703
28246457,0001,1,VIP ONE ACADEMIA,08,20190108,20170724,PR,7429
28249205,0001,1,P_COELHOC,08,20170805,20170724,RN,1761
28249808,0001,1,,08,20251203,20170724,SC,8183
28253509,0001,1,PERSONAL TATIANE STACCHETTI LEITAO,08,20170831,20170724,SP,6137
28253721,0001,1,DINAMICA ACADEMIA,04,20190530,20170725,AP,0605
28254519,0001,1,,02,20211222,20170725,MG,4959
28257759,0001,1,ESTANFIT ACADEMIA,02,20170725,20170725,SP,7107
28263769,0001,1,FB FITNESS,04,20210218,20170726,MS,9051
28269895,0001,1,LS FIT,04,20260515,20170726,CE,1433
28272632,0001,1,PROJETO BRILHAR,08,20170808,20170726,RS,8599
28273236,0001,1,,04,20210203,20170727,SP,7115
28275059,0001,1,PERSONAL MAICO CAMARGO,08,20171009,20170727,MT,9067
28275438,0001,1,ANDREI LOIOLA PERSONAL TRAINER,04,20210226,20170727,SP,7107
28275577,0001,1,STUD LIFE (STUDIO DE TREINAMENTO FISICO ),08,20180510,20170727,MS,9179
28275663,0001,1,INSTITUTO DE PILATES DE PILATES PRISCILLA RABELLO,04,20210326,20170727,SP,6313
28278479,0001,1,,04,20210203,20170727,SP,6391
27478389,0001,1,STUDIO ELISA BARBOSA,02,20170406,20170406,MG,4373
28283706,0001,1,SPARTAN TEAM,04,20220609,20170727,MG,5401
28287634,0001,1,RITMO ESTUDIO,08,20180528,20170728,SC,8229
28289390,0001,1,ACADEMIA ATIVA,02,20170728,20170728,PB,1969
28295452,0001,1,MAT PERSONAL,08,20190112,20170731,GO,9373
28296453,0001,1,TIO CHOCOLATE,04,20210224,20170731,CE,1585
28299079,0001,1,HABITUS FIT,04,20210413,20170731,SP,6853
28299911,0001,1,,08,20171023,20170731,MG,4763
28302480,0001,1,FIGHT FITNESS GYM,04,20260525,20170731,PE,2469
28302546,0001,1,JEFFREY SPORTS,04,20220209,20170731,SP,6639
28304199,0001,1,SEGUE ELAS,08,20190123,20170731,SC,8137
28304617,0001,1,REHABILITER,04,20190514,20170731,MA,0957
28308275,0001,1,ELIANE WINIARSKI,08,20180207,20170801,SC,8039
28309120,0001,1,,08,20200805,20170801,RS,8771
28310333,0001,1,SPORT INDOOR BY STUDIO,08,20240105,20170801,SP,7107
28313006,0001,1,SANDRO SAMIR DE OLIVEIRA MOJU,04,20220208,20170801,RJ,6001
28313611,0001,1,LILIAN LIMA,08,20180102,20170801,SP,7107
28320662,0001,1,RENATO GRUENEVALD,08,20180215,20170802,RS,8667
28320723,0001,1,TAINA,08,20210312,20170802,DF,9701
28322275,0001,1,DAN PERSONAL,08,20171206,20170802,SP,7107
28322986,0001,1,,02,20170802,20170802,RJ,5865
28330299,0001,1,SKILLS FITNESS,04,20210407,20170802,BA,3413
28332087,0001,1,TOP TEAM ACADEMIA,08,20221213,20170803,PB,1991
28332676,0001,1,SUPER FITNESS,08,20180823,20170803,CE,1569
28337324,0001,1,JESSICA DUARTE EDUCADORA FISICA,04,20220208,20170803,RJ,5879
28337808,0001,1,STUDIO JARDIM HOT YOGA,08,20191202,20170803,SP,7107
28338425,0001,1,DROP TRAINNER FITNESS,08,20171107,20170803,RJ,5813
28338674,0001,1,JAGUAR TREINAMENTOS,08,20210323,20170803,RO,0017
28340366,0001,1,ELSIONE ESPORTE,08,20250122,20170804,SP,6545
28341240,0001,1,,02,20170804,20170804,RS,8599
28342842,0001,1,K2 FITNESS ACADEMIA,08,20171212,20170804,PB,1911
28342854,0001,1,PERSONAL GUSTAVO XAVIER,08,20180125,20170804,SP,6389
28342909,0001,1,GABRIELTHAI,04,20210226,20170804,SP,7107
07594978,0180,2,,02,20170804,20170804,CE,1389
28349651,0001,1,PHYSIKUS ACADEMIA,02,20170805,20170805,PB,1923
28350365,0001,1,STUDIO PILATES PRISCILLA PADERNI,02,20170805,20170805,RJ,5869
27288151,0001,1,ACADEMIA R&B FITNESS,08,20200511,20170310,RJ,5801
28353252,0001,1,XERETA,04,20210226,20170807,SP,7107
28354570,0001,1,FONTES PERSONAL,08,20231212,20170807,SP,7107
28355364,0001,1,,02,20170807,20170807,SP,6545
28355925,0001,1,,08,20180208,20170807,SP,7017
28358709,0001,1,STUDIO TELMA ALMEIDA,08,20190212,20170807,MT,9185
28361944,0001,1,GABRIELA COSTA PERSONAL,08,20181029,20170807,BA,3993
28362571,0001,1,REVOLUTION GYM,08,20220322,20170807,SP,7107
28362934,0001,1,ALEMAO,08,20181126,20170808,SP,6789
28366146,0001,1,STRONG FIT,08,20191030,20170808,MS,9099
28368418,0001,1,STUDIO LIFE,08,20211020,20170808,RJ,5869
28371956,0001,1,CONDO FITNESS,08,20220215,20170808,SP,7107
28373422,0001,1,LAKE ACADEMIA DE GINASTICA,08,20250101,20170727,PR,7535
28376081,0001,1,MR PERSONAL,04,20210225,20170809,RS,8511
28378425,0001,1,STUDIO TR FIT,02,20240923,20170809,SP,6313
28380113,0001,1,JD KARATE,08,20210715,20170809,SP,7017
28382807,0001,1,TEMPLO XPLOUD,08,20221004,20170809,PR,7667
28384016,0001,1,GENKI TEAM LUTAS - PERSONAL TRAINER,08,20250403,20170809,RS,8801
28386767,0001,1,ART SPORT,08,20221010,20170810,SP,6713
28387144,0001,1,,04,20220209,20170810,SP,7107
28387273,0001,1,OCA CENTRO DE TREINAMENTO,02,20170810,20170810,SE,3105
28390389,0001,1,,04,20210309,20170810,PR,7777
28390424,0001,1,CORPO E VIDA JS,08,20180327,20170810,PI,1009
28392550,0001,1,EVOLUTHION GYM,02,20170810,20170810,PB,2221
28392620,0001,1,STUDIO POLE DANCE LAS CHICAS,08,20230726,20170810,SP,6331
28393591,0001,1,,04,20210203,20170810,SP,7209
28395144,0001,1,FRONTINI SPORTS ACADEMIA,08,20180131,20170810,SP,6323
28397415,0001,1,,08,20171208,20170811,GO,9381
28399045,0001,1,,08,20180913,20170811,SP,6219
28404868,0001,1,ACTION TREINAMENTO FISICO,08,20251111,20170812,RS,8801
28405102,0001,1,,08,20180404,20170812,PE,2521
28409455,0001,1,OFICINA FITNESS STUDIO,08,20260204,20170814,SP,7097
28409651,0001,1,IRON FITNESS,08,20180613,20170814,SP,6271
27123227,0001,1,VIVIAN DOMINICHELLI,08,20170814,20170216,SP,7057
28410492,0001,1,TORRES & FISIO,02,20230113,20170814,SP,7107
28410808,0001,1,ANDER SPORTS,08,20180216,20170814,PR,7535
28418631,0001,1,,08,20251215,20170815,SP,6291
28425036,0001,1,CR_ANZOATEGUI,08,20180104,20170815,SC,8045
28425896,0001,1,CRIS PERSONAL LAVA & SECA,08,20260224,20170815,SP,7107
28427981,0001,1,JESSICA FITNESS ACADEMIA,02,20170816,20170816,PE,2403
28432641,0001,1,PLAY FIT,02,20230322,20170816,SP,6155
28432932,0001,1,,08,20190130,20170816,SP,7107
28434830,0001,1,,02,20190916,20170816,SP,6361
28435078,0001,1,JEAN ESTEVO TREINAMENTO FISICO,08,20200624,20170816,SP,6291
28436744,0001,1,,08,20171215,20170816,MG,4553
28438552,0001,1,HEALTHY,02,20170817,20170817,PR,7667
28439256,0001,1,,04,20220128,20170817,BA,3849
28440623,0001,1,FITNESS ACADEMIA,08,20231228,20170817,BA,3509
28442860,0001,1,FELISBINO CENTRO DE TREINAMENTO,02,20170817,20170817,RJ,5863
28443800,0001,1,HELLAS,04,20210311,20170817,RJ,6001
28445661,0001,1,MAZZON EDUCADOR FISICO,08,20180821,20170817,SP,7107
28448060,0001,1,R.R.ESPORTES,08,20170916,20170817,SP,6921
28449509,0001,1,LABOR G - ASSESSORIA ESPORTIVA,02,20170818,20170818,SP,7107
27957922,0001,1,,08,20170818,20170613,RJ,6001
28457558,0001,1,TOP FITINESS ACADEMIA,08,20171228,20170818,SP,7097
28460138,0001,1,GT BEACHTRAINING,04,20220208,20170820,RJ,6001
28460217,0001,1,JURASSIC SWIMMING,04,20210210,20170820,DF,9701
28462542,0001,1,FITNESS CLUB,08,20200727,20170821,BA,3777
28465223,0001,1,,08,20180131,20170821,SP,6715
28466125,0001,1,,08,20200402,20170821,SP,2967
28468615,0001,1,,04,20210309,20170821,PR,7855
28469843,0001,1,TAMARA VERENA,08,20220926,20170821,SP,7107
28470477,0001,1,,08,20210422,20170822,RS,8659
28472328,0001,1,JERUSALEM ESPORTE CLUBE,02,20250722,20170822,PA,0048
28472659,0001,1,FABIO PERSONAL TRAINER,08,20211220,20170822,BA,3849
28474389,0001,1,J A FITNESS,08,20230331,20170822,PB,0456
28474414,0001,1,IRON FITNESS,02,20170822,20170822,BA,3533
28474623,0001,1,,08,20211015,20170822,BA,3807
28475219,0001,1,ILHABELLA FC,04,20210212,20170822,GO,9753
28478381,0001,1,YOGUE_SE,02,20170822,20170822,SP,6921
28481710,0001,1,,08,20170926,20170823,SP,6717
28484952,0001,1,GAR PERSONAL TRAINIG,02,20170823,20170823,DF,9701
28486218,0001,1,,04,20210423,20170823,RN,1639
28490243,0001,1,HY ATIVIDADES FISICAS,04,20210316,20170823,RJ,5897
28490971,0001,1,CRISTIAN PERSONAL,04,20210408,20170824,SP,7071
28491555,0001,1,PROGRAMA EVOLUTIO,08,20200108,20170824,RJ,5863
28494483,0001,1,PROFESSOR JONAS ALEX,02,20170824,20170824,RS,8801
28495889,0001,1,,02,20170824,20170824,SP,7071
28497040,0001,1,MOVING LIFE STYLE,04,20210406,20170824,SP,7075
28501566,0001,1,GESSE PEREIRA FREITAS,08,20180309,20170825,PR,7535
28508212,0001,1,,08,20260116,20170825,PR,7667
28515618,0001,1,ARITA DOJO,08,20180405,20170828,SP,6213
28516430,0001,1,,02,20170828,20170828,MS,9051
28517173,0001,1,SMART TRAINING,02,20170828,20170828,MG,5397
28521834,0001,1,LIFE STUDIO,08,20181121,20170828,PB,2051
28522018,0001,1,GETULIO NARDINI FILHO,08,20180416,20170828,SP,6213
28522551,0001,1,TATHY PERSONAL,08,20260126,20170828,RJ,6001
28524987,0001,1,BOX101 FUNCIONAL E TREINAMENTO,08,20171124,20170829,MG,4079
28526131,0001,1,,08,20210414,20170829,MG,4959
28528885,0001,1,GOMES - PROFISSIONAL DE EDUCACAO FISICA,04,20210310,20170829,SP,6291
28529820,0001,1,ACADEMIA BOA FORMA,02,20170829,20170829,RN,1759
28530341,0001,1,,04,20210317,20170829,PR,7691
28530438,0001,1,RAISA PRADO ASSESSORIA ESPORTIVA,08,20220106,20170829,DF,9701
28531365,0001,1,WFIT ACADEMIA,02,20170829,20170829,MG,4123
28531404,0001,1,TITANIUM GYM,02,20220803,20170829,SP,7145
28533333,0001,1,AMANDA ROCHA PERSONAL,08,20210616,20170829,SP,6861
28534045,0001,1,,08,20181003,20170829,SP,6619
28534435,0001,1,BRUNO MAGALHAES,08,20190830,20170829,SP,6213
28537159,0001,1,START RUN ASSESSORIA ESPORTIVA,08,20180615,20170830,PE,2531
28538925,0001,1,LIFT8,02,20170829,20170829,RS,8853
28540306,0001,1,,08,20180326,20170830,SP,6213
28542085,0001,1,,08,20210308,20170830,SC,8105
28543467,0001,1,LUTATRAINER,08,20250909,20170830,SC,8179
28543493,0001,1,PROFITNESS,08,20180606,20170830,RO,0693
28545100,0001,1,CAVALHIERI SPORTS,08,20210203,20170830,DF,9701
28548606,0001,1,JF MUSCLE STORE,04,20210409,20170831,PI,1219
28550238,0001,1,ARIANE BEATRIZ,08,20260203,20170831,RJ,5839
28558452,0001,1,ARENA ADRENALINA,08,20260430,20170901,PI,1219
28561401,0001,1,ACADEMIA VIVA BEM,02,20170901,20170901,PR,7629
28563268,0001,1,EGB FITNESS ACADEMIA,02,20240618,20170901,SC,8119
28565648,0001,1,RAQUETES E ACESSORIOS,04,20220124,20170902,RN,1761
28569208,0001,1,CHUTE CERTO,04,20210225,20170904,RS,8801
28575313,0001,1,EDISON GOMES DE MOURA,08,20190910,20170904,SP,6213
28575665,0001,1,VIVIANE,08,20210519,20170904,RJ,5801
28575706,0001,1,FIBRA CROSSFIT,02,20170904,20170904,SP,7107
12272853,0002,2,ACADEMIA BOA FORMA,04,20201027,20170901,PE,2435
28579031,0001,1,ACADEMIA MOVIMENTO,08,20180917,20170905,RS,8865
28586161,0001,1,HEVERTON PERSONAL,08,20240207,20170905,SP,7097
28587857,0001,1,KAKA TELLES PRADA,08,20180905,20170905,PR,7535
28587997,0001,1,PRIME TREINING,08,20210325,20170906,SP,6545
28592651,0001,1,VIGOR ESPACO SAUDE,08,20180530,20170906,CE,1475
28593402,0001,1,TEAM LUCIO CURADO,04,20210210,20170906,DF,9701
28596053,0001,1,,04,20210422,20170906,BA,3323
28597020,0001,1,ACADEMIA STAR FITNESS,02,20170906,20170906,PE,2551
28599607,0001,1,ESCOLINHA SAO FRANCISCO,08,20250926,20170908,RS,8575
28600527,0001,1,ATLAS GYM,02,20170908,20170908,PB,0466
28600705,0001,1,WALLONIA NUNES,04,20210224,20170908,CE,1585
28601150,0001,1,,04,20210419,20170908,SP,6639
28603804,0001,1,RENATA DE BRITO CARVALHO,08,20180509,20170909,RJ,5925
28606282,0001,1,VIDA BOA GINASTICA,08,20170913,20170911,SC,8253
28608117,0001,1,MINAS FITNESS,08,20190515,20170911,MG,4945
28611154,0001,1,,04,20220610,20170911,SP,6891
28611288,0001,1,ACADEMIA POWER FIT,02,20170911,20170911,BA,3723
28614598,0001,1,ACADEMIA TROPA DE ELITE,08,20180622,20170911,RJ,2921
28614818,0001,1,,08,20180620,20170911,SP,6963
28616228,0001,1,ESPACO CURURUPE,04,20220209,20170912,BA,3425
28618334,0001,1,ACADEMIA CORPO & SAUDE,08,20190422,20170912,BA,3363
18518549,0002,2,CB CROSSBOX,08,20221129,20170912,SP,6305
28623746,0001,1,ESPACO FITNESS ACADEMIA,08,20180515,20170912,AL,2705
28625654,0001,1,CAPITAL DA LUTA,08,20240325,20170913,SP,7107
28627531,0001,1,JOSE VINICIUS BENTO,02,20220418,20170913,MT,9067
28627718,0001,1,,08,20180323,20170913,GO,9473
28627955,0001,1,FIBERFIT ACADEMIA,08,20180724,20170913,SP,6477
28628755,0001,1,MORPHEUS STUDIO DE TREINAMENTO PERSONALIZADO,02,20250221,20170913,RJ,5877
28637670,0001,1,"EQUILIBRA, SAUDE, ESTETICA E PILATES",02,20170914,20170914,MG,4123
24395830,0002,2,FORCE ONE ACADEMIA,02,20170914,20170914,PR,7691
28638999,0001,1,ACADEMIA EXODO,04,20210303,20170914,CE,1255
28640367,0001,1,ACADEMIA PROCORP,08,20231221,20170914,SP,6477
28641414,0001,1,AF TREINAMENTO FISICO,08,20181217,20170914,SC,8055
28642373,0001,1,,02,20240105,20170914,SP,6681
28648072,0001,1,GUSTAVO COSTA,08,20180205,20170915,RN,1761
28649425,0001,1,SAUDE TOTAL,08,20180124,20170915,RJ,6001
28651444,0001,1,,02,20170914,20170914,RS,8771
28654050,0001,1,VIP ACADEMIA,08,20231019,20170915,PB,2051
28654290,0001,1,ACADEMIA DINAMIKA,08,20180104,20170915,PE,2301
28654837,0001,1,,02,20170915,20170915,SP,7071
28655065,0001,1,ZELIA GROLLI TREINAMENTOS FUNCIONAIS,04,20220208,20170915,PR,7471
28657073,0001,1,,08,20181220,20170916,RS,8791
28658802,0001,1,,08,20180504,20170917,SP,6291
28662129,0001,1,,02,20170914,20170914,SP,7107
28664602,0001,1,BH EMPREENDIMENTOS,08,20180103,20170918,RS,8423
28670508,0001,1,TRIBO FITNESS GUARUJA,08,20210917,20170919,SP,6475
28671567,0001,1,,08,20201218,20170919,CE,1321
28673082,0001,1,OFICINA DO CORPO,08,20170926,20170919,AL,2713
28675289,0001,1,CORPO EM CONSTRUCAO,08,20180112,20170919,MG,4445
28676292,0001,1,ACADEMIA SUL FITNESS,08,20240729,20170919,CE,1585
28129875,0001,1,EJ PERSONAL STUDIO & ACADEMIA,08,20180126,20170707,MG,4123
28679818,0001,1,ARENA FITNESS,08,20220824,20170919,GO,9641
28681931,0001,1,,08,20190116,20170920,MG,4725
28681945,0001,1,HIIT MAIS EMAGRECIMENTO E DEFINICAO,04,20210309,20170920,PR,7667
28681965,0001,1,FELIPE OLIVER,03,20260508,20170920,RJ,6001
26601434,0001,1,BODYFIT,08,20190711,20161124,SP,7145
28686714,0001,1,ALEXTREME,02,20220725,20170920,SP,7107
28688811,0001,1,,02,20170920,20170920,SP,7079
28690153,0001,1,STUDIO PILATES BY TALITA SAITO,08,20180724,20170920,MS,9055
28690657,0001,1,MARINHO TAVARES,04,20220209,20170920,SP,6477
28693154,0001,1,GENESIS FITCENTER,02,20170921,20170921,RS,8589
28693253,0001,1,VIP STUDIO TREINAMENTO FISICO PERSONALIZADO,08,20180118,20170921,RS,8841
28695267,0001,1,AEROFITNESS DEUS E FIEL,08,20210205,20170921,BA,3283
28695683,0001,1,"FDR FITNESS, DANCE & RHYTHM",02,20170921,20170921,SP,7075
28696068,0001,1,,08,20180713,20170921,SP,7107
28696815,0001,1,PERSONAL TRAINER JORGE LUIZ,08,20180829,20170921,MT,9067
28696827,0001,1,IRON BRUTUS TEAM TREINAMENTO ESPORTIVO E PERSONALIZADO,02,20170921,20170921,SP,7107
28697178,0001,1,ACADEMIA STATUS,08,20251210,20170920,RJ,5897
28698848,0001,1,INTERATIVE FITNESS,08,20180320,20170921,ES,5615
28707228,0001,1,PARKOUR GENERATIONS RIO,08,20170923,20170922,RJ,6001
28708018,0001,1,ESPACO JK,08,20240415,20170922,RS,8931
28713990,0001,1,BM PERSONAL,08,20221110,20170925,PA,0535
28715098,0001,1,ARON THAI BOXING,02,20170925,20170925,RS,8799
28716286,0001,1,,08,20240819,20170925,SP,7181
28717208,0001,1,ESTUDIO BRUNO ALFAIA,04,20240830,20170925,SP,7113
28723782,0001,1,FABIO OLIVEIRA,08,20191203,20170925,SP,7099
28723950,0001,1,SANTOSHA YOGASHALA,04,20220208,20170925,SC,8105
28724798,0001,1,,08,20221205,20170926,SP,7057
28725009,0001,1,,08,20180326,20170926,MG,5403
28726984,0001,1,MOURA PERFORMANCE,08,20240619,20170926,TO,0341
28727973,0001,1,CENTRO DE ARTES MARCIAIS FIGTH & FITNESS,08,20171227,20170926,SP,6789
28728950,0001,1,"GW ATIVIDADE FISICA, ESPORTE & LAZER",08,20251024,20170926,RN,1759
28729993,0001,1,,08,20180223,20170926,RJ,5867
28730511,0001,1,JULIANOBODY,08,20210415,20170926,RS,8669
28731930,0001,1,IRON FIRST,04,20210223,20170926,AP,0605
28734210,0001,1,TEAM VALMIR CHINES,08,20220221,20170926,RJ,2921
28737408,0001,1,L C PERSONAL TRAINER,08,20171123,20170927,SP,7107
28737912,0001,1,CRIS PERSONAL,08,20200226,20170927,SC,8175
28738175,0001,1,,04,20210225,20170927,RS,8801
28743710,0001,1,SABRINA,08,20180724,20170927,SP,7097
28743759,0001,1,,08,20180530,20170927,SP,7145
28750169,0001,1,ATHOS TREINAMENTO FISICO,08,20180515,20170928,SC,8179
28750639,0001,1,ADRIANO CARVALHO FITNESS,04,20210311,20170928,RJ,6001
28750674,0001,1,LOCAL FIT,08,20240314,20170928,SC,8105
28752021,0001,1,,02,20170928,20170928,RJ,6001
28758148,0001,1,XTREME WORKOUT ACADEMIA,08,20190218,20170929,SP,7181
28759050,0001,1,ACADEMIA PRIDE,02,20170928,20170928,RS,8511
28763590,0001,1,,08,20240122,20170929,RS,8561
28763660,0001,1,CATIVAR STUDIO FITNESS,08,20180123,20170929,SC,8161
28764342,0001,1,ESPACO NARUOM,08,20210723,20170929,SP,7075
28768210,0001,1,PATRIC SERVICOS DE CONDICIONAMENTO FISICO E SAUDE,04,20210407,20171002,BA,3849
39235825,0004,2,GOITACAZ FIT,02,20170929,20170929,RJ,5819
28770814,0001,1,,08,20180211,20171002,SP,6875
28771233,0001,1,MILLENIUS FITNESS,02,20171002,20171002,RN,1761
28773373,0001,1,CROSSTRAINING,08,20190226,20171002,SP,6275
14954760,0003,2,SENTIDO UNICO FITNESS,08,20210908,20171003,CE,1389
28784386,0001,1,LUCAS PERSONAL,08,20240418,20171003,DF,9701
28785049,0001,1,,08,20190314,20171003,SP,7057
28788301,0001,1,,04,20210413,20171004,SP,6757
28797774,0001,1,,08,20180126,20171005,RS,8771
28798295,0001,1,MIKE TENIS,08,20181030,20171005,PR,7667
28799520,0001,1,ESPACO ATIVIDADES AQUATICAS ANA FERRARI,08,20171218,20171005,ES,5629
28801270,0001,1,MOVI & MENTE,08,20180927,20171005,RN,1761
28801336,0001,1,RAFAEL PASSOS PERSONAL TRAINER,08,20180226,20171005,RS,8801
28802001,0001,1,CARLA MACHADO COSTA DE LIMA,08,20260202,20171005,RJ,5801
28547888,0001,1,,08,20180102,20170831,SP,6861
28805582,0001,1,SAUDE EM FOCO,08,20210304,20171005,BA,3807
28806506,0001,1,BRUNO CARVALHO,08,20190315,20171006,AM,0255
28807068,0001,1,VERITAS ACTIVE HEALTH,08,20160915,20160830,DF,9701
28808121,0001,1,LUCAS TREINO,08,20180313,20171006,RJ,6001
27117807,0001,1,HI5,08,20171116,20170215,PE,2513
28809528,0001,1,MIRTES ACUPUNTURA,04,20220128,20171006,CE,1389
28810070,0001,1,EWERTON MANOEL SANTANA DA SILVA,08,20171028,20171006,PE,2589
28273189,0001,1,RELATIVA ESPORTE LIVRE,08,20190429,20170727,SP,6365
05843539,0002,2,ACADEMIA CRISTAL,02,20171009,20171009,RS,8801
28821938,0001,1,ACADEMIA SMART POINT,08,20220323,20171009,SP,7075
07737623,0077,2,,02,20171009,20171009,RJ,6001
28824826,0001,1,ALTA TENSAO FITNESS,08,20241024,20171009,TO,9733
28826990,0001,1,STUDIO ACROPILATES,08,20180131,20171009,MT,9185
28829622,0001,1,GABRIEL KM TREINAMENTOS,02,20251216,20171010,SC,8127
28831895,0001,1,,04,20210413,20171010,SP,6921
28832214,0001,1,,02,20171010,20171010,SP,7107
28833391,0001,1,,04,20210408,20171010,RJ,5805
28834609,0001,1,M A FITNESS,08,20180625,20171010,RJ,5927
28836413,0001,1,FITHALL - EVENTOS E ASSESSORIA ESPORTIVA,08,20190206,20171010,CE,1525
28836507,0001,1,DENNIS BATISTA,08,20250212,20171010,MG,4123
28838218,0001,1,PERSONAL FERSB,08,20180418,20171010,PR,7691
28838666,0001,1,G6 SPORTS PERFORM,08,20180125,20171011,SP,6789
28840581,0001,1,ATIVA,04,20210331,20171011,MG,4031
28840606,0001,1,,04,20220610,20171011,SP,6891
16738149,0024,2,,02,20171011,20171011,SP,7107
28843379,0001,1,ACADEMIA NC BARRETO,04,20210203,20171011,SP,6219
28850676,0001,1,,08,20180926,20171013,SP,6569
28855787,0001,1,,08,20180309,20171016,SP,6981
28856439,0001,1,DANIEL BELLO,08,20250310,20171016,RS,8801
28859257,0001,1,JONAS GALBIATTO,08,20211013,20171016,MT,9067
28859294,0001,1,,08,20180403,20171016,SP,6323
28861377,0001,1,,08,20180319,20171016,RJ,6001
28864282,0001,1,ATMAN ACADEMIA,04,20240807,20171016,SC,8105
20042259,0002,2,VIVER BEM CONDICIONAMENTO FISICO LTDA,08,20231214,20170829,PR,7535
28871926,0001,1,CONCENT TRAINING,02,20240808,20171017,MG,4573
28874525,0001,1,,08,20180926,20171017,SC,8105
28880879,0001,1,FP TRAINING,04,20210203,20171018,SP,7115
28883102,0001,1,MARIA RODRIGUES BESSA OLIVEIRA,04,20210303,20171018,RO,0003
28883779,0001,1,XFITNESS ACADEMIA,04,20220607,20171018,PA,0427
28885511,0001,1,CROSSFIT LORAK ILHA,08,20171215,20171018,SC,8105
28890636,0001,1,RENATO FALCADI,04,20210203,20171019,SP,6249
28892522,0001,1,MANUNIKE,08,20171019,20171019,RJ,6001
28897172,0001,1,,08,20231030,20171019,SP,6689
28899290,0001,1,CENTRO DE TREINAMENTO FISICO- C.T VIKINGS BOX01,04,20231116,20171020,SP,7089
28900369,0001,1,,08,20180112,20171020,SP,6427
11135814,0055,2,SMARTFIT,08,20190708,20171020,RJ,2909
28902488,0001,1,CROSSFIT TIJUCA,08,20240710,20171020,RJ,6001
28903036,0001,1,A MAIS FIT ESTORIL,08,20181008,20171020,MG,4123
28904222,0001,1,F13 SPORTS,08,20230822,20171020,SP,7029
28904453,0001,1,,08,20180131,20171020,SP,7057
28905117,0001,1,AQUA CENTER,08,20171213,20171020,PB,2051
28905292,0001,1,TEAM RODRIGO VIANA,08,20171025,20171020,RJ,5925
28906326,0001,1,ACADEMIA R7 PERFORMACE,08,20201009,20171020,CE,1389
28906858,0001,1,METAMORFOSE,08,20180221,20171020,RS,5779
28907205,0001,1,CASSIA NAYARA PACHECO FELIPE,08,20210320,20171020,MG,4371
28912252,0001,1,CIA SAUDE E MOVIMENTO,08,20180606,20171023,SP,6425
28917453,0001,1,KIKO SILVA COMBAT,04,20210413,20171023,SP,7097
28918731,0001,1,LUCAS PEREIRA BORGES,04,20210318,20171023,SC,8327
28920358,0001,1,ELEN FITNESS,08,20180604,20171023,SP,6477
28921205,0001,1,GUTOSALLES,08,20250822,20171023,SP,6291
28921312,0001,1,NAIA SUASSUNA PERSONAL,04,20220124,20171024,PB,2051
28926310,0001,1,BICHO DA ONDA,02,20171024,20171024,RJ,5865
28927571,0001,1,ACADEMIA FISIO & FORMA,02,20171024,20171024,RS,8733
28930999,0001,1,CONTI,08,20201012,20171025,SP,6831
28931402,0001,1,MARCILIO PEREIRA DE OLIVEIRA,02,20171025,20171025,CE,1389
28932385,0001,1,KR DIAS ASSESSORIA ESPORTIVA LABORAL,02,20171025,20171025,GO,9373
28866246,0001,1,SOARES & SCHAIDEGGER ESPORTES E FITNESS,04,20210331,20171017,MG,5041
28935555,0001,1,POWERFUL FIT,04,20210316,20171025,RJ,5853
22902694,0029,2,SELF IT ACADEMIAS,02,20171025,20171025,BA,3849
28941225,0001,1,ACADEMIA MAX CORPUS,04,20220610,20171026,SP,6863
28941638,0001,1,STUDIO PERSONAL 7L,08,20200107,20171026,MG,5343
28941697,0001,1,LIFE FIT NOVA IGUACU,04,20260601,20171025,RJ,6001
28944085,0001,1,EQUIPE TRAINER 2,08,20180110,20171026,SP,7107
28945938,0001,1,NISIO PERSONAL,08,20230816,20171027,SC,8327
28947353,0001,1,FRAN PERSONAL,04,20220208,20171027,RJ,5877
28953922,0001,1,MOVE MAIS -ASSESSORIA ESPORTIVA PARA CONDOMINIOS,08,20260319,20171027,AL,2785
28954674,0001,1,,08,20231030,20171027,MG,4123
28955229,0001,1,ACADEMIA F2 FITNES,04,20260529,20171027,TO,9323
28957087,0001,1,RL ASSESSORIA ESPORTIVA,08,20180824,20171029,PA,0415
28958959,0001,1,ACADEMIA FITNESS & SPORTS,02,20171030,20171030,PR,9983
28959075,0001,1,ACADEMIA MEGA FITNESS,08,20191120,20171030,BA,3005
28960541,0001,1,MAJU BABY,08,20190204,20171030,PR,7407
28963380,0001,1,ACADEMIA SENSAZ,08,20200622,20171030,SP,6131
28966537,0001,1,TREINADOR JOAO ATAIDE,08,20210914,20171030,AM,0255
28969844,0001,1,ACADEMIA UP FITNESS,04,20260601,20171030,RJ,5869
28972134,0001,1,,04,20210225,20171031,RS,8801
28974997,0001,1,CAMILA ALESSANDRA NAVES,08,20171221,20171031,SP,6581
28976604,0001,1,DIDIO EVENTOS,08,20260219,20171031,SC,8179
13319372,0002,2,PERFORMANCE - CENTRO DE TREINAMENTO FISICO,08,20240302,20171031,MG,4107
28983601,0001,1,STUDIO DANIELLE MACHADO,08,20180125,20171101,MG,4675
28988861,0001,1,CENTRO DE BEM ESTAR ITA FIT,02,20171031,20171031,RJ,5837
28996463,0001,1,ELO ALVES PERSONAL,08,20200404,20171103,PB,2051
28997295,0001,1,APR YOGA & APR MARKETING,08,20250401,20171103,SP,6257
26913052,0001,1,CT MARCINHO FUTEVOLEI,08,20180430,20170120,RJ,6001
28355274,0001,1,LEAO CF,02,20170807,20170807,PA,0415
28952826,0001,1,MAXIMUS ACADEMIA,08,20210205,20171027,PB,2151
29005813,0001,1,REBECA MARILIA DE ALCANTARA ARAUJO SANTOS,08,20180404,20171106,SE,3105
29009779,0001,1,,02,20171106,20171106,RJ,6001
29009790,0001,1,STUDIO ON FITNESS,08,20211025,20171107,MG,4959
29012759,0001,1,ESCOLINHA DE FUTSAL FAMILIA LIMA COUCEIRO - FAMILIA L.C,04,20210408,20171107,SP,6371
29014043,0001,1,VILLA FITNESS,02,20171107,20171107,PE,2381
29015170,0001,1,PEDRO ALVES,08,20180125,20171107,GO,9445
29016834,0001,1,JESSICA SINDER,08,20180108,20171107,RJ,5813
29021549,0001,1,DANILO RABELO REIS,08,20180114,20171108,DF,9701
29026336,0001,1,ACADEMIA SHIMODA,04,20210310,20171108,ES,5691
29028090,0001,1,KGBACADEMIA@HOTMAIL.COM,04,20210303,20171108,MA,0889
29030983,0001,1,,04,20210407,20171108,BA,3849
29031547,0001,1,,03,20210407,20171108,SP,6979
29031665,0001,1,GEOVANNA PERSONAL TRAINER,08,20171222,20171108,MG,4733
29033618,0001,1,O CANHAO DO NORDESTE,08,20190109,20171109,PE,2609
29034526,0001,1,STUDIO PILATES EQUILIBRIO,02,20171109,20171109,GO,9599
29036059,0001,1,MOMENTUM PILATES,08,20250514,20171109,RS,8561
29040620,0001,1,,08,20180131,20171109,PR,7535
29041301,0001,1,BEM ESTAR ACADEMIA,02,20220202,20171109,TO,9529
29041922,0001,1,,08,20220509,20171109,MG,4123
29042109,0001,1,PERSONAL JOAO MARCOS,08,20180731,20171109,PA,0509
29045145,0001,1,,08,20180220,20171110,SP,6831
29046956,0001,1,TIA RAFA ASSESSORIA,08,20180511,20171110,CE,1389
29047060,0001,1,ACADEMIA MOVEMENT FITNESS ROSA,02,20171109,20171109,RJ,5833
29047796,0001,1,PATRICIA DE FREITAS,04,20210318,20171110,SC,0888
29047991,0001,1,RR STUDIO FUNCIONAL,08,20180506,20171110,RJ,6001
29050334,0001,1,VAILSON LACERDA PERSONAL TRAINER,02,20251203,20171110,SP,7107
29051748,0001,1,ISA PERSONAL - CENTRO DE TREINAMENTO FUNCIONAL,08,20180925,20171111,RJ,5869
29052340,0001,1,TATIANE XIMENES,08,20171219,20171111,RJ,5863
29054247,0001,1,FRAGATAS,08,20180503,20171112,SP,7107
29059500,0001,1,MARI DIAS,04,20240828,20171113,SP,6969
29061242,0001,1,,08,20190618,20171113,SP,7107
29061883,0001,1,FLAVIA LIZ STUDIO DE PILATES,02,20260408,20171113,PR,7535
29065887,0001,1,CLINICA PURE ESSENCE,08,20201229,20171114,GO,9389
29070874,0001,1,ESPACO CLINICO VIVER BEM,02,20171114,20171114,GO,9373
29073415,0001,1,CENTRO DE TREINAMENTO RAUL COLLEMAN,04,20190530,20171114,CE,1389
29076035,0001,1,,02,20220214,20171115,SP,6853
28139816,0001,1,FIT.STRONG TREINAMENTO FISICO E FUNCIONAL,08,20240703,20170710,SC,8177
28916794,0001,1,HERCULES FUNCTIONAL TRAINING,02,20171023,20171023,DF,9701
29080138,0001,1,PHYSIOLIFE,02,20220201,20171116,BA,3515
29081322,0001,1,DANILO MOISES PERSONAL TRAINER,08,20230207,20171116,BA,3685
29084596,0001,1,CENTRO TREINAMENTO VOLEIBOL,08,20190314,20171116,RS,8901
29085052,0001,1,GJF SPORTS,08,20180722,20171116,SP,7107
29087238,0001,1,RAMILA PERSONAL,08,20180112,20171117,RJ,5829
29087837,0001,1,,04,20240828,20171117,SP,7145
29089850,0001,1,,08,20180125,20171117,SP,7097
29095531,0001,1,LV FITNESS ACADEMIA,08,20180312,20171117,RJ,5819
28794369,0001,1,ADELINA MAGEDANZ,08,20180605,20171004,PR,7927
29100108,0001,1,PAMELA HIROSE,08,20180115,20171120,SP,6217
29102237,0001,1,,04,20260528,20171120,MG,4841
29104305,0001,1,****,02,20171120,20171120,SC,8105
29105492,0001,1,RIANI CONSULTORIA,04,20210311,20171120,RJ,6001
29107054,0001,1,ACADEMIA PERSONAL,02,20171121,20171121,CE,1389
29108247,0001,1,COACH CAMARGO,08,20171220,20171121,SP,6251
29110591,0001,1,,04,20220128,20171121,CE,1389
29113590,0001,1,,08,20201009,20171121,SP,7099
29115690,0001,1,MFERRAZ,08,20171126,20171121,SP,7145
29116448,0001,1,,04,20210324,20171122,SP,6317
29117178,0001,1,,08,20180105,20171122,SP,6291
29123128,0001,1,,04,20210203,20171122,MG,4865
29123743,0001,1,FUNCIONAL CAMP X,04,20210311,20171122,RJ,6001
29125276,0001,1,LILIANA,08,20171130,20171122,RJ,6001
29127045,0001,1,ACADEMIA D2 FITNESS,08,20190830,20171123,PE,2457
29128599,0001,1,BOX NUTRITION HORTOLANDIA,02,20171123,20171123,SP,2951
29128718,0001,1,BOMJA FUNCIONAL,08,20230530,20171123,BA,3849
29129222,0001,1,ACADEMIA BIOSHAPE,02,20171123,20171123,RS,8683
28834092,0001,1,MEGA FIT,02,20171010,20171010,PE,2629
29130691,0001,1,PEDRO ALMEIDA SERVICOS,08,20250424,20171123,MG,5091
29132579,0001,1,,08,20241011,20171123,MG,4445
24768989,0002,2,CROSSFIT PIONEIRO,08,20220320,20171122,SC,8339
29135788,0001,1,EM PERSONAL TRAINNER,08,20180518,20171123,BA,3685
29138375,0001,1,RANA PERSONAL TRAINER,08,20180509,20171124,PR,7535
29142325,0001,1,SB TOWER FIT ACADEMIA,02,20171117,20171117,MT,9067
29148006,0001,1,SAN BIZEN,04,20220209,20171127,SP,7107
29153207,0001,1,PRO SAUDE CLIN,08,20210423,20171127,SP,7245
29156720,0001,1,STUDIO FUNCIONAL FIGHT,08,20180421,20171127,MG,4733
29160126,0001,1,DANY BERNARDES PERSONAL TRAINER,04,20210203,20171128,SP,6149
29163700,0001,1,COREFIT,02,20240925,20171128,MG,4359
29168431,0001,1,,08,20230203,20171129,MG,4733
29172094,0001,1,PROFIT,02,20171129,20171129,MG,4157
29173948,0001,1,ESCOLINHA DE FUTEBOL OLHO NA BOLA,04,20210422,20171129,BA,3669
29181094,0001,1,,08,20210809,20171130,SP,7183
29183090,0001,1,,02,20190612,20171130,SP,6639
28193157,0001,1,KARINA ZARDO TREINADORA & PERSONAL TRAINER,04,20210311,20170716,RJ,6001
29188983,0001,1,ACADEMIA CARDOSO FITNESS,08,20250723,20171201,PB,0530
29190583,0001,1,HARMONIZE ESPACO TERAPEUTICO,08,20250929,20171201,BA,3849
29190606,0001,1,TAYLOR ASSESSORIA ESPORTIVA,08,20180403,20171201,PR,7535
29191655,0001,1,PERSONAL TREINNER,02,20240718,20171201,SP,7099
28351423,0001,1,JOYCE OLIVEIRA,08,20171201,20170806,SP,6131
29195589,0001,1,GEOVANNA RIBEIRO MORAIS EXERCICIOS FISICOS E SAUDE,04,20210212,20171203,GO,9373
29195655,0001,1,D L FISIOTERAPIA YOGA TREINAMENTO,08,20201201,20171203,RJ,6001
29195896,0001,1,MAIS SAUDE,02,20171203,20171203,BA,3849
29196668,0001,1,,08,20180725,20171204,DF,9701
29197371,0001,1,LIFE FITNESS ACADEMIA,08,20190226,20171204,RN,1603
29198511,0001,1,RAFAEL VELOSO TELES,04,20210419,20171204,SP,6713
29200137,0001,1,T-ZEUS ACADEMIA,02,20171204,20171204,RJ,5863
29201857,0001,1,ACADEMIA M.T. FITNESS,08,20210428,20171204,RS,8801
29203084,0001,1,MATHEUS MASCULINO FREZZA,08,20180615,20171204,SP,6639
29203133,0001,1,,08,20180717,20171204,SP,7107
29204754,0001,1,BILL TRAINER,04,20220607,20171204,RJ,6001
29207053,0001,1,LD ACADEMIA,08,20200316,20171205,CE,1505
29213214,0001,1,NEW SHAPE STUDIO,08,20171212,20171205,SC,8039
29214724,0001,1,NADINE GOMES MORAES,08,20180103,20171206,RS,8971
29217238,0001,1,BOX NUTRITION BRAGANCA,08,20190905,20171206,SP,6251
29217549,0001,1,ACADEMIA FORMA E BELEZA,08,20190813,20171206,PB,2129
29219749,0001,1,,08,20180115,20171206,SP,6131
29220577,0001,1,CORPO E MENTE ACADEMIA UNIVERSITARIA,02,20171206,20171206,MG,4553
29220624,0001,1,,08,20240229,20171206,RJ,5915
29221027,0001,1,BEST TRAINERS BRAZIL,04,20210310,20171206,SP,6291
29223016,0001,1,ACADEMIA MAROMBA FITNESS,04,20220208,20171206,RJ,5849
29224439,0001,1,ATTIVITA SPAZIO,08,20180102,20171207,SP,7097
29229207,0001,1,ARRUDA AQUATIC TRAINING,08,20210422,20171207,SP,6969
29229645,0001,1,ACQUA FIT,02,20171207,20171207,SP,6389
29230191,0001,1,,04,20220610,20171207,SP,6477
29230676,0001,1,PROFALBAN,04,20210210,20171207,DF,9701
29231294,0001,1,,08,20180709,20171207,GO,9379
29234512,0001,1,,04,20210408,20171208,SP,6179
29235288,0001,1,AG ATIVIDADES ESPORTIVAS E DE LAZER,04,20210423,20171208,RN,1761
29237475,0001,1,TOP FITNESS,02,20210728,20171208,BA,3669
29238267,0001,1,MARISTELA MIRANDA FISIOTERAPIA,04,20210310,20171208,SP,6291
29240641,0001,1,NEW BODY,04,20220208,20171211,SP,6211
29241962,0001,1,,04,20210203,20171211,MG,4865
29244090,0001,1,GARRA WORKOUT ESTUDIO,08,20230918,20171211,MG,4123
29202203,0001,1,MAUDAX ESPORTES E LAZER,04,20220126,20171204,SP,6181
29245374,0001,1,MATIAS PERSONAL,04,20231106,20171211,GO,1070
29245561,0001,1,ACADEMIA VIDA ATIVA,08,20190412,20171211,PR,7661
29245984,0001,1,GOLD ACADEMIA,08,20250829,20171211,RN,1761
29248683,0001,1,CIANFA FIGHTERS CIAMBRONI,08,20210721,20171211,SP,6929
29251322,0001,1,MK ACADEMIA DE GISNASTICA,04,20260529,20171212,PR,7735
29251752,0001,1,YELLOW FIT ACADEMIA,02,20171212,20171212,GO,9227
29252284,0001,1,VIVA MAIS FITNESS,04,20210224,20171212,CE,1389
29256221,0001,1,,08,20180516,20171212,PR,7535
29256323,0001,1,ALMEIDA TREINAMENTOS,08,20231026,20171212,RJ,6001
29256650,0001,1,RODOLFO CARLOS W F,04,20210219,20171212,PA,0427
29237469,0001,1,ESPACO COMVIVER,02,20171208,20171208,MG,4733
29259925,0001,1,ACADEMIA ENERGY FIT,02,20171213,20171213,RN,1843
29269097,0001,1,STUDIO INTEGRADO MORMAII FITNESS,02,20171214,20171214,SP,7077
29270060,0001,1,BG FITNESS,02,20171214,20171214,AL,2785
29280250,0001,1,MATHEUS ANDRADE,04,20210224,20171215,CE,1389
29280648,0001,1,JACOB,04,20220127,20171215,MG,4371
29284587,0001,1,MIX TRAINNING,02,20171215,20171215,RJ,6001
29288819,0001,1,,08,20180312,20171218,SP,7097
29289382,0001,1,,02,20230519,20171218,SP,7061
29290208,0001,1,ASSOCIACAO ATLETICA PORTONENSE,04,20210323,20171218,RS,8799
29290971,0001,1,SUMARA BRITO SOARES,08,20240909,20171219,SP,7107
29297602,0001,1,,08,20171227,20171219,MG,5091
19617033,0002,2,FITNESS ACADEMIA,04,20260520,20171220,GO,9589
29307570,0001,1,SAUDE DO CORPO E MENTE,04,20220128,20171221,BA,3849
27628870,0001,1,,08,20200118,20170501,RS,8487
28659792,0001,1,CLEITON LEITE,08,20171221,20170918,PE,2531
29311658,0001,1,MANO SANTANA ASSESSORIA FITNESS LTDA,02,20171221,20171221,RN,1761
29312588,0001,1,ALDRIN PERSONAL,02,20171222,20171222,PR,7749
29315309,0001,1,JONATHAN ALVES TREINAMENTO FUNCIONAL PERSONALIZADO,08,20241129,20171222,RS,8555
29315571,0001,1,,02,20240911,20171222,RJ,6001
29320526,0001,1,EXCLUSIVA FITNESS/ ACADEMIA ROSA,08,20180314,20171226,BA,3909
29321784,0001,1,CAROLINA BEZERRA,04,20210319,20171226,RJ,5901
29324387,0001,1,FIT DANCE,02,20171227,20171227,RN,1709
29330881,0001,1,,02,20171228,20171228,SP,6131
27269041,0001,1,STUDIO BIO FIT,08,20230626,20170310,SC,8067
29342231,0001,1,STUDIO PERSONAL INTEGRALIZE,02,20171222,20171222,MT,8989
27357725,0001,1,ACADEMIA CORPUS,02,20170315,20170315,SP,6213
29346059,0001,1,FITNESSLIFE,02,20180103,20180103,RS,8839
18048190,0002,2,,08,20250502,20180103,RS,8683
29353469,0001,1,PULSE 74,02,20180103,20180103,BA,3083
29386012,0001,1,JU COURA ACADEMIAS,02,20220124,20180109,PR,7777
29386132,0001,1,BIOFIT ACADEMIA,02,20180109,20180109,TO,9241
29388484,0001,1,LIFE FIT ACADEMIA,04,20201023,20180109,RO,0003
29401019,0001,1,VIVA MULHER,02,20180110,20180110,MG,5391
28760597,0001,1,,08,20180111,20170929,ES,5663
01965754,0002,2,,02,20180113,20180113,MA,0723
26702288,0001,1,ELIANA SANTOS PERSONAL TRAINER,08,20180113,20161212,DF,9701
29434860,0001,1,HAAS CROSSFIT,02,20180115,20180115,MG,4133
21188823,0002,2,PROFITNESS,08,20221228,20180115,SE,3195
29448634,0001,1,VIVIFIT,02,20180116,20180116,SP,7107
29451142,0001,1,,08,20230512,20180116,SP,7057
28923583,0001,1,ADRIANO MANOEL LEITE BRAZ,08,20180117,20171024,SP,7149
27837884,0001,1,QI,08,20180118,20170529,SC,8113
21357136,0002,2,,08,20201017,20180118,SP,6557
26909334,0001,1,FERNANDA MATTOS,08,20180121,20170119,SC,8327
29494009,0001,1,,02,20180122,20180122,SP,6477
29496135,0001,1,SATORI PILATES,02,20180122,20180122,CE,1321
29497134,0001,1,SUELLEN TEODORO TREINAMENTO PERSONALIZADO,08,20230208,20180122,GO,9571
29499121,0001,1,UNIVERSO ACADEMIA,02,20180122,20180122,BA,3443
29502607,0001,1,ANY FIT ACADEMIA,02,20180123,20180123,GO,9457
29516412,0001,1,ESPACO DO CORPO PROFESSORA AMANDA MEDEIROS,08,20181017,20180124,PB,1937
29312474,0001,1,ACADEMIA PALACE FIT,08,20190415,20171222,SP,6725
29525982,0001,1,,04,20201023,20180125,SP,6853
29526850,0001,1,KAHU SPORTS,02,20180122,20180122,PR,7535
29531768,0001,1,ACADEMIA C&V FITNNES,02,20180125,20180125,CE,1389
29536278,0001,1,FIBRATECH SPAZIO,02,20180126,20180126,MG,4733
29539883,0001,1,ESPACO SOUL PILATES,08,20190813,20180126,GO,9425
28453038,0001,1,,08,20180129,20170818,MG,4069
29553026,0001,1,AEROFITNESS,02,20180129,20180129,MA,0755
07594978,0193,2,SMARTFIT,02,20180124,20180124,RJ,6001
29565113,0001,1,STAR FITNESS,04,20260526,20180130,SE,3105
29566666,0001,1,ACADEMIA RUSTIC TRAINING,08,20210303,20180130,SP,7099
26013818,0001,1,JEET FIT ACADEMIA,08,20180906,20160823,TO,9241
29577314,0001,1,,02,20180131,20180131,RS,8691
29577747,0001,1,CORPO & COMPANHIA,08,20181004,20180131,SP,2951
28536760,0001,1,CLAUDINEI CAMPOS ARRUDA,08,20180131,20170830,SP,7145
29583180,0001,1,LU FITNESS,08,20220714,20180131,CE,1417
29584115,0001,1,SMART POWER FITNESS ACADEMIA,04,20231107,20180131,RN,1779
29596931,0001,1,SUOR FITNESS,02,20180201,20180201,BA,3449
29604556,0001,1,MYBOX MONTES CLAROS,02,20220310,20180202,MG,4865
29606690,0001,1,MY BOX SAO LUIS,08,20220128,20180202,MA,0921
29616525,0001,1,ACAO FITNESS ACADEMIA,08,20250219,20180205,SP,6427
29619647,0001,1,,02,20180205,20180205,MG,4895
29497974,0001,1,PROFITNESS,08,20210803,20180122,PB,0440
29625697,0001,1,TOP GYM ACADEMIA,08,20191206,20180206,MG,4387
29635338,0001,1,ACADEMIA EX FITNESS,04,20231031,20180206,RJ,6001
29639103,0001,1,,02,20180207,20180207,PR,7563
29649674,0001,1,SHOCK TRAINING,02,20180208,20180208,PI,1219
29657062,0001,1,MOVIMENTE-SE ACADEMIA,02,20180208,20180208,MA,0731
29660423,0001,1,CARPE DIEM ESPACO FITNESS,02,20180209,20180209,RS,8841
29403297,0001,1,DANFELL FITNESS,08,20201014,20180110,SP,7107
29666452,0001,1,,08,20191220,20180209,PR,7635
29679612,0001,1,GREEN LEMON FITNESS,02,20180209,20180209,SP,7099
29689005,0001,1,CROSS LIFE NUTRITON,08,20190520,20180215,RN,1779
29701460,0001,1,DINHO ACADEMIA,08,20250929,20180216,SC,8183
13399813,0002,2,INSTITUTO CARLA BORGES,08,20200312,20180219,PR,7807
29718559,0001,1,OFICINA DO CORPO RITMUS FITNESS,02,20180219,20180219,SC,8327
29721395,0001,1,STUDIO YU,08,20240709,20180220,DF,9701
29723247,0001,1,CK FUNCIONAL,08,20240116,20180220,ES,5705
29725804,0001,1,EVOLUCAO FITNESS,02,20241017,20180220,RS,8701
29729908,0001,1,FLAVIA MARTINS PILATES,08,20250820,20180220,RN,1761
29731904,0001,1,GM ACADEMIA FITNESS,04,20260528,20180221,MG,5335
29742768,0001,1,GLAUCO PADOVESI PERSONAL TRAINER,02,20180221,20180221,SP,7075
29102857,0001,1,ISIS FITNESS,02,20171120,20171120,PB,2225
29745782,0001,1,,02,20240531,20180222,MG,4123
29747986,0001,1,ACADEMIA PERFECT LIFE,04,20220607,20180222,PE,2531
29749931,0001,1,ACADEMIA FONTES FITNESS,02,20180222,20180222,SE,3251
29753961,0001,1,ESPACO VITAL TREINAMENTO PERSONALIZADO,02,20180222,20180222,SC,8215
26277341,0001,1,MTN - STUDIO FITNESS,08,20211228,20161003,MG,4029
29762370,0001,1,SAUDE FIT,08,20180803,20180223,RJ,5915
29763428,0001,1,MIP ESPACO MOVIMENTO INTEGRADO & PILATES,02,20180223,20180223,RN,1779
29768294,0001,1,OLIMPICROSS POWERED BY 94,08,20240515,20180223,SP,7107
26299034,0001,1,PRI FLUIR PILATES,08,20260316,20161005,RJ,5833
26682571,0001,1,ESPACO FITNESS ACADEMIA,04,20260526,20161208,PI,0318
27405229,0001,1,411FMX FITNESS,08,20241121,20170328,SP,6155
27436090,0001,1,QUALIFIT TRAINING ACADEMIA,02,20190918,20170330,MT,9067
27582959,0001,1,BR ACADEMIA,02,20170420,20170420,RS,8963
27945630,0001,1,ACADEMIA FLY,08,20250919,20170608,RS,8801
28300958,0001,1,,08,20200429,20170731,MG,4961
28411061,0001,1,ZV FITNESS,08,20200729,20170814,RN,1761
28729773,0001,1,FORMA FIT,08,20180905,20170926,PR,7421
29203719,0001,1,PULSE STUDIO HEALTHY FITNESS,02,20171204,20171204,SC,8105
29776909,0001,1,ACADEMIA ABOLICAO,02,20180226,20180226,RJ,6001
29779441,0001,1,ACADEMIA ROBERTA CANEDO,08,20201216,20180219,RJ,6005
29783384,0001,1,,08,20191125,20180226,SP,7145
29789619,0001,1,HIIT20 SAO CAETANO,02,20180227,20180227,SP,7077
29792303,0001,1,CROSFIT CETUS,02,20180227,20180227,CE,1559
29803670,0001,1,POWERCLUB ACADEMIA,02,20180228,20180228,MG,5731
29817538,0001,1,ACADEMIA CORPO E ARTE,08,20181211,20180301,RS,8875
20693490,0002,2,ESPACO FISICO,08,20191023,20180302,SP,6723
28585976,0001,1,CENTRO DE TREINAMENTO AGOTANI,02,20170905,20170905,PR,7777
29846760,0001,1,POWER FITNESS,02,20180305,20180305,MG,4637
29846952,0001,1,ELLA'S FITNESS MR,08,20220830,20180305,PR,7889
29857078,0001,1,VENTUS ORLEANS,02,20180306,20180306,SC,8229
29861785,0001,1,HLO CROSSFIT,02,20180306,20180306,SC,8175
29872301,0001,1,,08,20200522,20180307,SP,7181
29874017,0001,1,GTRAINNING,08,20251215,20180307,MG,4305
29881056,0001,1,MASTER FIT,02,20180308,20180308,ES,5709
29882843,0001,1,,08,20190905,20180308,MG,4861
29884575,0001,1,ACADEMIA FIT MUSCLE,04,20260521,20180308,PA,0499
29905413,0001,1,QUICK MASTER,04,20260522,20180223,PR,7535
29906498,0001,1,,08,20200128,20180312,PR,7719
29919301,0001,1,ACADEMIA IMPERIO,08,20201016,20180313,MG,4921
29920102,0001,1,NATURAL DONE,02,20180313,20180313,RS,8791
29924755,0001,1,REDFIT ACADEMIA,04,20260525,20180313,RS,7333
28327810,0001,1,ORLANDO LIMA PERSONAL TRAINER,08,20180314,20170802,ES,5655
29931810,0001,1,VIDA ATIVA,08,20250526,20180314,RJ,5819
26687288,0001,1,ACADEMIA ESPORTE VIDA,04,20190227,20161209,SP,6969
29943023,0001,1,MBRASIL ACADEMIA,02,20180315,20180315,PR,7769
29943948,0001,1,CTF BRUNO MALACARNE,02,20180315,20180315,ES,5713
29801264,0001,1,,08,20250911,20180227,SP,6163
29954517,0001,1,FISIO VIDA,02,20180316,20180316,ES,5703
29955775,0001,1,MOVEON STUDIO DE TREINAMENTO PERSONALIZADO,08,20200918,20180316,SP,6543
29956815,0001,1,ESTUDIO GT,08,20191127,20180316,SC,8039
29959552,0001,1,STABILITE PILATES STUDIO,08,20240409,20180316,SC,8105
29316240,0003,2,FD GINASTICA,02,20220712,20180316,SP,7107
29967576,0001,1,BOX TRINDADE,08,20181206,20180319,GO,9625
03797809,0003,2,ACADEMIA MUNDO FITNESS,08,20201029,20180319,AL,2859
13801317,0002,2,POSITION FITNESS,02,20180319,20180319,SP,6875
29978654,0001,1,VIPFITNESS,08,20231212,20180319,RN,1759
29981213,0001,1,FORMA FIT ACADEMIA,08,20240827,20180320,PR,7667
29981691,0001,1,ARENA FITNESS,02,20180320,20180320,GO,9235
29985170,0001,1,GANDHARA YOGA SPA TERAPIAS,02,20180320,20180320,PR,7493
29989693,0001,1,LOTUS PILATES,02,20180320,20180320,SC,8179
30001062,0001,1,HEALTH TRACK,02,20180321,20180321,SP,7107
30001657,0001,1,STUDIO TAF,02,20180321,20180321,MT,9185
30007114,0001,1,SOULFIT ACADEMIA,08,20220812,20180322,SP,6897
30007466,0001,1,RV ACADEMIA,08,20240930,20180322,SP,7107
30008123,0001,1,ACADEMIA CORPO FIT,08,20251119,20180322,PR,7583
30009660,0001,1,P1 FITNESS CENTER,02,20180322,20180322,PR,7435
30019362,0001,1,MAIS CENTRO DE TREINAMENTO E REABILITACAO,04,20260527,20180323,DF,9701
30022147,0001,1,CENTRO DE TREINAMENTO RAUL COLLEMAN,04,20201027,20180323,CE,1389
30023536,0001,1,,08,20241203,20180323,SP,7033
30033623,0001,1,PERSONAL FITNESS STUDIO,02,20180326,20180326,RS,8839
30039042,0001,1,ACQUA SPORTS,04,20260529,20180326,PR,7791
30039624,0001,1,MAXIMUS ACADEMIA,02,20180326,20180326,MA,0188
30043893,0001,1,BECALLEN FITNESS,08,20250428,20180327,SC,8105
12262155,0002,2,PERFORMANCE ACADEMIA,08,20191220,20180327,PR,7471
30047730,0001,1,XTREMA FITNESS,08,20190704,20180327,SE,3105
30051297,0001,1,ACADEMIA VIDA ATIVA,08,20210126,20180327,PB,2099
30053264,0001,1,ACADEMIA FLEXGYM,02,20180327,20180327,RS,8737
30057102,0001,1,ULTRA FITNESS,02,20220628,20180328,PA,0427
30057230,0001,1,,02,20260108,20180328,SP,7107
30057956,0001,1,MALIBU EXCLUSIVE ACADEMIA,02,20180328,20180328,SP,2951
30058615,0001,1,C.T. FUNCIONAL,02,20180328,20180328,MG,4083
30059815,0001,1,ACADEMIA NADO CENTER,02,20180328,20180328,MS,9051
30062649,0001,1,ACADEMIA ATITUDE FITNESS,02,20180328,20180328,PA,0509
30062757,0001,1,42 FIT,02,20180328,20180328,RJ,0786
30062782,0001,1,LIFE FITNESS ACADEMIA,02,20231116,20180328,MG,5079
30065326,0001,1,ACADEMIA CORPUS FITNESS,02,20180328,20180328,MG,4425
20110621,0002,2,TRAINNING ACADEMIA,02,20250207,20180329,SP,7037
30073975,0001,1,JL TRAINER,04,20220609,20180331,PR,7777
30077922,0001,1,R.R.S. - CONSULTORIA ESPORTIVA,08,20181214,20180402,SP,7107
30078567,0001,1,JUMPER STUDIO FITNESS,04,20210318,20180402,SC,8265
30079973,0001,1,DNA FIT,02,20180402,20180402,MS,9051
30091684,0001,1,,08,20220705,20180403,SP,6477
30096976,0001,1,,02,20180403,20180403,SP,7107
30102228,0001,1,BODY FIT ACADEMIA,02,20180404,20180404,MG,4633
28130010,0001,1,LIGA DOS PERSONAIS,04,20260521,20170707,MA,0921
30111430,0001,1,MACHADO CROSSFIT,02,20180404,20180404,DF,9701
30114720,0001,1,FIT TRAINING,08,20190405,20180405,PI,1221
28632509,0001,1,,02,20170913,20170913,RS,8599
29946119,0001,1,,02,20240826,20180315,SP,6425
30127173,0001,1,BELA FORMA,08,20220128,20180406,MG,4107
30132392,0001,1,USCORPS,08,20200204,20180406,DF,9701
25987337,0001,1,STUDIO K2 PERSONAL TRAINING,02,20160819,20160819,SC,8105
30143471,0001,1,SPASSO SAUDE FITNESS,08,20190123,20180409,RS,8801
30144053,0001,1,RMR ESPACO FITNESS,08,20190402,20180409,MG,5443
28154868,0001,1,STUDIO DE PILATES E FISIOTERAPIA CAROLINA CARDOSO,08,20180410,20170711,SP,6469
30159186,0001,1,STUDIO 7 PERSONAL FITNESS E PILATES,08,20190701,20180410,MG,4573
23157954,0002,2,,08,20190430,20180410,MG,4123
30165855,0001,1,ACADEMIA FITMUS,08,20251003,20180410,SP,6493
30189456,0001,1,KAROL SIMOES TREINAMENTO & PERFORMANCE,08,20240827,20180413,SP,6213
30189589,0001,1,SPARTAN FITNESS,02,20180413,20180413,AM,9847
30190884,0001,1,BRASILFITNESS,02,20180413,20180413,PI,1219
30195585,0001,1,PLENA FORMA,02,20180413,20180413,RS,8421
30202761,0001,1,DINHO TRAINING,04,20210203,20180416,SP,7115
30202864,0001,1,GT FIT,02,20180416,20180416,MG,4877
30214730,0001,1,INOVE ACADEMIA,02,20180417,20180417,SE,3169
30218913,0001,1,ACADEMIA PRO COMBAT,02,20180417,20180417,SP,7267
30224441,0001,1,PROFITNESS STUDIO FUNCIONAL,08,20230306,20180417,MA,0957
30226498,0001,1,BOX IPIRANGA,08,20190627,20180417,SP,6681
30243218,0001,1,,02,20180419,20180419,SP,6707
30247442,0001,1,CENTRO DE TREINAMENTO AMERICA,08,20200409,20180419,RS,8801
30249541,0001,1,INTERACAO HOME CLUB,08,20200519,20180419,SP,7107
30252814,0001,1,A CROSS,02,20250916,20180419,RJ,6001
30253239,0001,1,ACADEMIA GARRA,02,20180419,20180419,SP,7145
07594978,0209,2,SMARTFIT,08,20190201,20180420,SP,7057
28596356,0001,1,SUPER STRONG,02,20170906,20170906,PA,0483
30275513,0001,1,,02,20180423,20180423,SP,7107
30293777,0001,1,ACADEMIA EQUILIBRIUM,08,20200630,20180425,SE,3169
30295932,0001,1,WE FIT ACADEMIA,02,20180425,20180425,SP,7075
30300325,0001,1,STUDIO RC TRAINER,08,20220505,20180425,CE,1349
30302120,0001,1,GIGANTE GYM,02,20180425,20180425,CE,1389
27480266,0001,1,,08,20180425,20170406,SP,6681
30189722,0001,1,CORPO E VIDA JS,02,20180413,20180413,PI,1009
30313921,0001,1,ACADEMIA NEW LIFE,08,20220330,20180426,PR,7517
30319931,0001,1,ACADEMIA EXTREME,08,20201201,20180427,MA,0961
30321531,0001,1,STUDIO LEANDRA BOTELHO,08,20210408,20180427,MG,4529
30338395,0001,1,CORE,02,20180502,20180502,MG,4943
30345113,0001,1,CONTROLOGIA STUDIO DE PILATES,02,20180502,20180502,SC,8105
30352133,0001,1,SINERGIA,02,20180503,20180503,MG,4283
30357598,0001,1,CBX CROSSBOX,04,20260520,20180503,BA,3849
30367314,0001,1,BOX CROSSC3,04,20260527,20180504,AP,0605
30369159,0001,1,DNA SPORTS ACADEMIA,02,20180504,20180504,SP,6553
30372636,0001,1,CROSSFIT UBATUBA,08,20200908,20180426,SP,7209
30372663,0001,1,PORTO CENTER,02,20180504,20180504,BA,3515
30374865,0001,1,STUDIO VELOCITY,02,20220713,20180505,AM,0255
30387503,0001,1,TO MOVE STUDIO,02,20180507,20180507,MG,4961
30399294,0001,1,,02,20180508,20180508,SP,7079
30400192,0001,1,REDHUNTER CROSSFIT,02,20180508,20180508,SP,6637
30404154,0001,1,BIEN FIT,02,20180508,20180508,SP,6131
30406670,0001,1,FENIX CROSSFIT,08,20180829,20180509,MG,4123
30408790,0001,1,MAIS FIT ACADEMIA EIRELI,08,20190730,20180509,SC,8321
30409836,0001,1,N S FITNESS,04,20210423,20180509,RN,1805
30417585,0001,1,META FIT STUDIO PERSONAL TRAINER UBATUBA,08,20220309,20180510,SP,7209
30424557,0001,1,C M ACADEMIA,02,20180510,20180510,RJ,5853
29823041,0006,2,,08,20190312,20180510,MG,5343
30356137,0001,1,STUDIO B EXERCICIO NA MELHOR IDADE,02,20180503,20180503,SP,7145
26191329,0001,1,T. A. FIT,02,20160919,20160919,PR,7565
30434721,0001,1,,02,20180511,20180511,RJ,5867
30437243,0001,1,F&L STUDIO FITNESS,02,20180511,20180511,GO,9373
30448520,0001,1,VENAFIT STUDIO,02,20180514,20180514,SC,8031
30450586,0001,1,ACADEMIA WSC FITNESS,04,20201022,20180514,MT,9067
28120810,0001,1,ACADEMIA BEM ESTAR E MOVIMENTO,02,20170705,20170705,BA,3669
30454325,0001,1,ACADEMIA ESTACAO DO ESPORTE,02,20180515,20180515,SE,3105
29286948,0001,1,ASSESSORIA ESPORTIVA ALEF SALES,08,20200909,20171218,SP,7107
30470359,0001,1,D.V CENTRO DE TREINAMENTO,04,20201022,20180516,RS,8531
26486586,0001,1,GTPRIVATECOACH,08,20180516,20161105,SP,6281
30473448,0001,1,HAUER TRAINING,02,20180425,20180425,PR,7535
30473717,0001,1,STUDIO VIDA E MOVIMENTO,08,20180827,20180516,SP,7225
30484920,0001,1,CROSSFIT HIGH PULSE GUARAPUAVA,02,20180517,20180517,PR,7583
30487950,0001,1,ACADEMIA BROTHER'S,04,20231117,20180517,RS,8599
30492294,0001,1,ACADEMIA SPORT FITNESS,02,20180518,20180518,AM,0255
26996596,0001,1,FERNANDA FABIANO PERSONAL TRAINER,08,20180520,20170131,SP,7107
30506396,0001,1,FAHEL FIT,02,20180521,20180521,MG,5371
30509092,0001,1,ACADEMIA NATUREZA DO CORPO,08,20200505,20180521,MG,5353
30523248,0001,1,STUDIO LOTTUS PILATES E REABILITACAO,02,20180522,20180522,MG,5049
22902694,0032,2,,02,20180523,20180523,MA,0921
30552404,0001,1,CLINICA SAUDE MOVIMENT,02,20180524,20180524,MG,4445
19055406,0002,2,EMES FIT,02,20180525,20180525,RN,1603
24571525,0002,2,,04,20260521,20180525,PA,0427
29828112,0002,2,,08,20240905,20180525,MS,9051
30557842,0001,1,CONATUS,08,20260107,20180525,SP,7107
30558135,0001,1,,02,20260610,20180525,GO,9289
27173311,0002,2,FUNCIONAL FIT,08,20240731,20180525,SC,5547
30569165,0001,1,,08,20251010,20180528,SP,6789
30576249,0001,1,ACADEMIA PERFIL,02,20180529,20180529,SP,6475
30576892,0001,1,CROSS NUTRITION BOX CURITIBA,08,20251201,20180403,PR,7535
30581270,0001,1,ESTUDIO NOBRE,02,20180529,20180529,RS,8717
30582014,0001,1,TOP FITNES,04,20201027,20180529,CE,1395
30587186,0001,1,MOVIMENTO STUDIO FUNCIONAL,08,20240704,20180530,MG,4733
30610546,0001,1,POSTURA DINAMICA STUDIO DE PILATES,02,20180604,20180604,SP,7057
30613554,0001,1,M&S MOVIMENTO E SAUDE,02,20180604,20180604,SP,6581
30618553,0001,1,DAN GYM,02,20180604,20180604,PE,2465
30620237,0001,1,ACADEMIA MAIS FITNESS,04,20220608,20180605,DF,9701
30622879,0001,1,ACADEMIA OLD SCHOOL,04,20231026,20180605,CE,1385
30534968,0001,1,HAGE CROSSFIT,08,20221019,20180523,SP,7107
30629790,0001,1,AMAZONAS FIT ACADEMIA LTDA,02,20180606,20180606,AM,0255
30630229,0001,1,,02,20180530,20180530,MG,4133
19544073,0002,2,WS ACADEMIA,08,20221104,20180606,SP,6717
27771548,0001,1,,08,20180606,20170519,MG,4115
30637301,0001,1,AMC ACADEMIA,08,20210511,20180606,PR,7513
30638439,0001,1,PROQUALITY UNIDADE ESTREITO,08,20230916,20180606,SC,8105
30644745,0001,1,ACADEMIA KYRIOS FITNESS,08,20220107,20180607,SP,6579
30650282,0001,1,ACADEMIA TOP FITNESS,04,20201022,20180607,GO,9633
30652479,0001,1,,04,20231113,20180608,PR,7667
30655030,0001,1,MOINHO SAGUACU CONDICIONAMENTO FISICO LTDA,08,20241018,20180608,SC,8179
30655358,0001,1,ALPHA ACADEMIA,08,20200520,20180608,PB,2051
30656484,0001,1,,02,20180608,20180608,SP,6723
30665928,0001,1,,08,20230330,20180611,RJ,6001
30670956,0001,1,CENTER BOX,08,20250530,20180607,MG,4123
30671155,0001,1,,02,20180611,20180611,SP,6639
16886413,0002,2,MOBY FITNESS,02,20180612,20180612,SP,6475
30676414,0001,1,STUDIO JT,04,20260528,20180612,MG,4647
30677509,0001,1,SPORT CLINIC VINCENZI FITNESS,08,20220520,20180405,PR,7535
30678463,0001,1,BOX RECANTO CROSS TRAINING,08,20250523,20180612,SP,6789
30685882,0001,1,FERNANDA DA MATA STUDIO DE PILATES E FISIOTERAPIA ESPEC,02,20180612,20180612,PA,0443
20704345,0002,2,HA ACADEMIA,08,20190218,20180205,PR,7535
30691314,0001,1,ENZO BODYBUILDER & FITNESS,02,20180613,20180613,SC,8321
30692387,0001,1,DIVEAR28,08,20210819,20180613,MG,4123
28841733,0001,1,ACADEMIA UNISPORT MOGI,02,20171011,20171011,SP,6715
30698282,0001,1,AB FITNESS,02,20180614,20180614,SE,3109
30705194,0001,1,SAUT,02,20180614,20180614,SP,6181
30705204,0001,1,BARCELONA FITNESS,08,20230404,20180614,BA,3807
30714483,0001,1,,04,20231122,20180615,SP,7057
30720070,0001,1,LR CENTRO DE TREINAMENTO LUCAO RODRIGUES,02,20180618,20180618,MG,4767
30725098,0001,1,ACADEMIA G1,02,20180618,20180618,ES,5663
30728600,0001,1,IMPERIO DO CORPO,08,20200401,20180618,GO,9655
30732485,0001,1,ACADEMIA MAIS FIT,02,20180619,20180619,PR,7565
30733211,0001,1,,02,20180619,20180619,TO,9733
27761621,0001,1,THAUANA CAMARGOS PEREIRA,08,20180619,20170518,MG,4653
30733759,0001,1,FOR MOVING,08,20200803,20180619,CE,1389
30734722,0001,1,PANOBIANCO ACADEMIA DDV,08,20240716,20180619,SP,7005
30750270,0001,1,,08,20210930,20180620,SP,7077
09617405,0002,2,,08,20220610,20180621,SP,6249
30758121,0001,1,CFU,02,20180621,20180621,MG,5397
30759074,0001,1,THIGER FIT,02,20180621,20180621,RS,8599
30768140,0001,1,FIT 4 LIFE,02,20180622,20180622,SP,7079
30768872,0001,1,NUCLEO PRO-FIT,02,20180622,20180622,MG,4997
30769318,0001,1,CT21- CENTRO DE TREINAMENTO,02,20180622,20180622,SP,6427
30780843,0001,1,EQUIPE LIFE ATTITUDE,08,20200729,20180625,SP,7107
30781176,0001,1,,02,20231211,20180625,PR,7425
30781188,0001,1,STONE FIT - CENTRO DE TREINAMENTOS,02,20180625,20180625,SP,7167
30784174,0001,1,FENIX ACADEMIA,02,20241028,20180625,RN,1765
30788742,0001,1,TOPFITNESS ACADEMIA,02,20180626,20180626,PI,0330
30789874,0001,1,ACADEMIA PHYSICAL FITNESS EXCELLENCE GYM,02,20180626,20180626,PR,7517
30791220,0001,1,TEAM ERM,02,20180626,20180626,SP,7107
30791712,0001,1,ALONGUE LIFE,08,20190318,20180626,SC,8287
19941935,0002,2,FITNESS PRIME ACADEMIA,04,20260513,20180626,MA,0921
30797527,0001,1,,08,20210618,20180627,SC,8105
30801738,0001,1,MULTILAZER,08,20220310,20180627,BA,3913
30808256,0001,1,TM STUDIO FITNESS,04,20260529,20180628,AM,0255
30813705,0001,1,ESPACO FITNESS,08,20200818,20180628,RN,1743
30827731,0001,1,BOX - JD. CAMPOS ELISEOS,08,20250107,20180629,SP,6291
28235781,0001,1,,02,20170602,20170602,PR,7535
18621963,0003,2,STUDIO TAMARA DAUFEMBACK PERSONAL TRAINER,08,20240409,20180703,SC,8229
30846292,0001,1,DROP-SET GYM,04,20240820,20180704,PI,1219
30846744,0001,1,ACADEMIA CORPUS,02,20180704,20180704,MG,4251
29274753,0001,1,ACADEMIA TOP FITNESS,08,20180704,20171215,PE,2591
30847457,0001,1,,02,20180704,20180704,PE,2457
30852577,0001,1,,02,20210521,20180704,SP,6519
30856217,0001,1,,02,20180704,20180704,SP,7107
07594978,0217,2,SMARTFIT,02,20180705,20180705,SP,7107
30866600,0001,1,STUDIO FITMAIS,02,20180705,20180705,RS,8879
30877151,0001,1,ACADEMIA FISIOCORPO,08,20181128,20180709,TO,9695
30882352,0001,1,ACADEMIA MALHACAO,08,20200723,20180709,PA,0483
30894309,0001,1,TOP MAROMBA ACADEMIA DA TRANSFORMACAO,02,20180710,20180710,MA,0713
30895249,0001,1,XIMBO ACADEMIA,02,20180710,20180710,SP,7107
30900193,0001,1,GYMIX TREINAMENTO FISICO,02,20180711,20180711,RS,6045
30910271,0001,1,,08,20220331,20180712,SP,7135
30914429,0001,1,ALLONGARE CLINICA DE FISIOTERAPIA E PILATES,02,20180712,20180712,SC,8387
30915150,0001,1,ACADEMIA FM GYM,02,20180712,20180712,BA,3303
30916030,0001,1,RAFAEL CARVALHO,02,20180712,20180712,SP,7169
30922890,0001,1,PHYSIUM STUDIO DE PILATES,02,20180713,20180713,MS,9073
30926183,0001,1,CENTRO DE TREINAMENTO RAMPAZZO,08,20240304,20180713,SP,6569
30926568,0001,1,,08,20200828,20180713,MG,4865
30927327,0001,1,,02,20180713,20180713,RJ,6001
30936578,0001,1,PERFORMANCE ACADEMIA,02,20180716,20180716,RS,8805
15488126,0002,2,PERFORMANCE ACADEMIA,08,20210414,20180716,RS,8853
30942355,0001,1,,02,20180716,20180716,RS,8541
30944980,0001,1,CIA LIMIT ACADEMIA,04,20220609,20180717,MG,4625
30245843,0001,1,,08,20230420,20180327,PR,7535
30950290,0001,1,PERSONALFIT,02,20180717,20180717,RN,1761
30951481,0001,1,THE ONE,02,20180717,20180717,SP,6213
30953828,0001,1,HARMONIZA ESPACO PILATES,02,20180717,20180717,SP,6639
23126187,0002,2,,02,20180718,20180718,BA,3515
30965806,0001,1,SELECT TRAINING,02,20180718,20180718,BA,3873
30968579,0001,1,MUTANTES FITNESS ACADEMIA,02,20220712,20180719,MA,0763
30970508,0001,1,INOVE SAUDE CROSS PILATES E TREINAMENTO FUNCIONAL,08,20250417,20180719,MG,4723
30978097,0001,1,POWER FITNESS ACADEMIA,02,20180719,20180719,MT,9897
30980199,0001,1,ACADEMIA FULL FITNESS,02,20180720,20180720,SP,7107
30982483,0001,1,GUAPA ACADEMIA PARA MULHERES,08,20190510,20180720,RS,8863
27483082,0001,1,MERCURIOUS ASSESSORIA ESPORTIVA,08,20180720,20170406,GO,9373
30994828,0001,1,ALINE DA SILVA BIANCHI DE OLIVEIRA,02,20180723,20180723,SP,7107
30996048,0001,1,ACADEMIA MAXIMU'S FITNESS,04,20240820,20180723,PI,1219
30998350,0001,1,ACQUA LIFE HIDROGINASTICA E NATACAO,08,20260320,20180723,GO,9373
31000278,0001,1,BRUK BARRA,02,20180723,20180723,RJ,6001
31011518,0001,1,OSP POCKET,02,20180724,20180724,RJ,6001
31016226,0001,1,PRATIQUE APP,08,20200610,20180724,SP,7107
31016732,0001,1,DREAM STUDIO FITNESS,04,20260525,20180724,MT,9907
31021242,0001,1,,08,20200810,20180725,SP,7099
31021971,0001,1,ACADEMIA TOP LIFE,08,20220912,20180725,AL,2825
31024407,0001,1,,02,20180725,20180725,SP,6199
25962395,0001,1,ENERGY PERFORMANCE,04,20210226,20160816,SP,7107
31035503,0001,1,VELOCITY & KORE,02,20180726,20180726,RJ,6001
28204534,0001,1,,08,20180726,20170718,SP,7115
31056408,0001,1,STUDIO TEAMJANE,02,20180730,20180730,CE,1277
31071472,0001,1,ACADEMIA BIOTIPO FITNESS,04,20201022,20180731,RS,8801
31073159,0001,1,TOP BEACH ACADEMIA,02,20180731,20180731,ES,5697
28156611,0001,1,DRSILVA,08,20180731,20170711,SP,7107
31085383,0001,1,VIVER PILATES,02,20180801,20180801,MG,4941
31093710,0001,1,ESTUDIO ECOFIT PILATES,02,20180802,20180802,MG,5403
31093890,0001,1,J SUPERACAO FITNNES,02,20220815,20180802,AL,0562
31095497,0001,1,ATHOS PI ACADEMIA,02,20180802,20180802,PI,1175
29155283,0002,2,FIT CAMP,08,20251009,20180801,SC,8089
31109483,0001,1,R7 FITNESS CENTRO DE TREINAMENTO PERSONALIZADO,08,20221103,20180803,BA,3593
31112294,0001,1,,02,20180803,20180803,SP,6181
30356115,0001,1,FORGE CT CENTRO DE TREINAMENTO,02,20180503,20180503,RS,8801
31120149,0001,1,CROSS LUKVILA FITNESS,08,20190913,20180806,SP,7107
31140600,0001,1,EROS CROSSFIT,02,20180807,20180807,RS,8791
31141532,0001,1,IRON FITNESS,02,20180807,20180807,SC,8175
31152656,0001,1,BELLA FITNESS,02,20180808,20180808,BA,3991
31154330,0001,1,,08,20251030,20180806,SP,6639
31169757,0001,1,,08,20260131,20180809,SP,7099
28964151,0001,1,RAFAEL COSTA,08,20180812,20171030,ES,5647
31187283,0001,1,,02,20180813,20180813,SP,6377
18499250,0003,2,,08,20220811,20180813,RJ,5919
31207667,0001,1,ESPACO MAIS SAUDE,08,20250221,20180814,BA,3849
27459009,0001,1,,08,20180814,20170216,PR,7535
31237810,0001,1,ACADEMIA HERUS,02,20180815,20180815,RS,8815
31246985,0001,1,STUDIO BEM ESTAR,02,20180816,20180816,SP,6953
31250596,0001,1,ACADEMIA GALPAO 23 FIT,04,20260525,20180816,PE,2457
31254484,0001,1,CT 266,02,20180816,20180816,RJ,6001
31258790,0001,1,,02,20180817,20180817,CE,1389
31263248,0001,1,FLEX ACADEMIA,02,20180817,20180817,PA,0411
31275483,0001,1,ACADEMIA ESPACO FIT LTDA,02,20180820,20180820,ES,6011
31275805,0001,1,LET'S GO !,08,20200313,20180820,SP,6713
31280705,0001,1,SRS ACADEMIA & TREINAMENTO ESPORTIVO,02,20180820,20180820,PE,2525
31283521,0001,1,STUDIO MOOCA,02,20180820,20180820,SP,7107
31284941,0001,1,STUDIO DE DANCA LIFE FIT,02,20180820,20180820,RN,1841
31288883,0001,1,SERRA FITNESS,08,20230922,20180820,SC,8011
31294222,0001,1,LET'S FIT,02,20180821,20180821,SP,6787
31302331,0001,1,ACADEMIA NEW SHAPE,04,20220607,20180820,PA,0535
31304866,0001,1,"EX MOVE QUALIDADE DE VIDA, SAUDE E BEM ESTAR",02,20180822,20180822,MG,4123
31306888,0001,1,CENTRO DE TREINAMENTO HIGIA,02,20180822,20180822,SP,6543
31310160,0001,1,IMPERIO FITNESS,02,20180822,20180822,BA,3391
30915420,0005,2,,08,20230324,20180712,SP,7243
31315276,0001,1,STUDIO FITNESS,02,20180823,20180823,GO,9419
31315840,0001,1,ACADEMIA XTR3S,08,20210105,20180823,SP,7099
31331965,0001,1,AEROBIC GYN,08,20221214,20180824,SP,6345
31332791,0001,1,STAR FITNESS ACADEMIA,04,20260525,20180824,RS,8801
31342324,0001,1,,08,20201029,20180827,RJ,5829
31351766,0001,1,,02,20180828,20180828,PE,2477
31362824,0001,1,STRONGER FIT,02,20180828,20180828,SC,8105
31375023,0001,1,DMAX,02,20180829,20180829,SC,8005
31379216,0001,1,ACADEMIA PERFECT FORM,08,20210521,20180830,PE,2531
31380198,0001,1,IMPACTO ACADEMIA FITNESS,04,20210223,20180829,PA,0595
07594978,0223,2,SMARTFIT,02,20180830,20180830,SP,7107
31383685,0001,1,,04,20240828,20180830,SP,7097
31385664,0001,1,ESPACO ACQUA VIVA,04,20260609,20180830,SP,6409
31392330,0001,1,STUDIO LIV PILATES,02,20220301,20180831,MS,9051
31402046,0001,1,CROSS LIFE JARDIM BRASIL,08,20210212,20180903,SP,7237
31404243,0001,1,MENDES FITNESS,08,20210329,20180903,GO,9563
31407595,0001,1,ACADEMIA ARENNA HULK,08,20200812,20180903,MA,0921
31418974,0001,1,PROFITNESS,02,20191220,20180904,PB,1975
31419642,0001,1,,02,20180904,20180904,SP,6131
31419752,0001,1,,02,20180904,20180904,SP,6751
31441952,0001,1,VTS FITNESS,02,20180906,20180906,SE,3105
31446605,0001,1,WELLNESS ASSESSORIA ESPORTIVA R.O,08,20220601,20180906,TO,0367
31459479,0001,1,VIKINGS ACADEMIA,02,20180910,20180910,MG,5139
31475586,0001,1,,08,20260212,20180911,SP,6929
31479387,0001,1,1 QUARTETO,02,20180912,20180912,SP,7107
31485614,0001,1,SCULT ACADEMIA,04,20220209,20180912,SP,6715
31486556,0001,1,GOLD BODY FITNESS,02,20180912,20180912,ES,5645
31493297,0001,1,NAXOS TRAINING,02,20180503,20180503,PR,7535
31496822,0001,1,ATLETICA GYM,02,20180913,20180913,SP,6251
31500305,0001,1,,02,20180913,20180913,SP,7095
31526439,0001,1,POWER FIT ACADEMIA,04,20210324,20180905,SP,7095
31526648,0001,1,CIA DA SAUDE,04,20210426,20180917,BA,3893
31535007,0001,1,BELLA FIT ACADEMIA,02,20180918,20180918,GO,9301
31552734,0001,1,,08,20211109,20180919,SP,6923
31562594,0001,1,M.A.M. ACADEMIA,02,20180920,20180920,SP,7075
31562701,0001,1,MS GYM ACADEMIA,02,20180920,20180920,PB,2125
31567866,0001,1,,02,20180921,20180921,MG,4211
31573755,0001,1,,02,20180921,20180921,RS,8799
31576194,0001,1,STUDIO FUN CROSS,02,20180921,20180921,CE,1573
31582200,0001,1,,08,20210528,20180924,SP,7107
31586400,0001,1,,08,20230214,20180924,SP,7129
31598200,0001,1,ACADEMIA SUPERACAO,08,20191230,20180925,SE,3133
31228795,0001,1,,02,20180815,20180815,SP,6511
28534050,0002,2,CORPUS ACADEMIA,02,20180926,20180926,CE,1529
31611631,0001,1,UNIVERSO FITNESS ACADEMIA,02,20180926,20180926,SE,3233
31611757,0001,1,FIT TRAINING GYM,02,20180926,20180926,MG,4633
31616076,0001,1,STYLLUS FASHION E ESPACO DA MULHER,02,20180926,20180926,CE,1571
27618968,0001,1,TONYFERREIRATEAM,08,20180926,20170428,AM,0255
31619855,0001,1,ACADEMIA MENTE E FORCA,02,20180927,20180927,TO,0345
31623130,0001,1,VIS TREINAMENTO FUNCIONAL,08,20190904,20180927,SP,6165
26534258,0001,1,FIT FORCE,02,20161114,20161114,BA,3849
31637306,0001,1,ACADEMIA LEAO MARINHO,02,20180928,20180928,SP,7099
31639564,0001,1,,02,20180928,20180928,RS,8589
31655290,0001,1,CROSSFIT OURO BRANCO,02,20181001,20181001,MG,4917
31655932,0001,1,KING'S CROSS,08,20250811,20181001,AL,2785
31662948,0001,1,FISIO PILATES,04,20231120,20181002,BA,3313
31663939,0001,1,CENTRO DE TREINAMENTO FUNCIONAL CINESIA,08,20241211,20181001,SC,8069
31664849,0001,1,HARMONIE,08,20200302,20181002,MG,4371
31666047,0001,1,RACA FITNESS ACADEMIA,08,20240927,20181002,RS,8561
31668436,0001,1,,08,20191206,20181002,SC,8039
31680179,0001,1,+ FIT,08,20210621,20181003,SC,8105
31541416,0002,2,MEGA FITNESS ACADEMIA,08,20250513,20180918,MT,9151
24921465,0030,2,,02,20181004,20181004,RJ,5863
31692525,0001,1,ACADEMIA MASTER FIT,02,20181004,20181004,SC,1194
31697161,0001,1,D&B FITNESS,02,20181005,20181005,SP,6313
31701605,0001,1,CENTRO DE TREINAMENTO CORPO E ARTE,02,20181005,20181005,SC,8143
31703033,0001,1,,02,20181005,20181005,DF,9701
31714482,0001,1,ACADEMIA NEWELL FIT,02,20181008,20181008,SC,8113
04824648,0002,2,,02,20181008,20181008,RS,8951
28105888,0001,1,,08,20181009,20170704,RS,8839
31724287,0001,1,CROSS LIFE BARRA,08,20240403,20181009,RJ,6001
31730181,0001,1,TEMPLE GYM,02,20181009,20181009,ES,5625
31734120,0001,1,,04,20210406,20181010,SP,7075
31734481,0001,1,,02,20181010,20181010,MG,4123
31744507,0001,1,ACADEMIA MAROMBA FITNESS,02,20181011,20181011,PI,1071
27789354,0001,1,CROSSFIT 1586,02,20250825,20170522,MG,4751
22902694,0041,2,SELF IT ACADEMIAS HOLDING S.A.,02,20181011,20181011,PA,0483
28021307,0001,1,ROBERTA ALVES,08,20181015,20170622,SP,6689
31758573,0001,1,,02,20181015,20181015,PR,7667
31760157,0001,1,BEM ESTAR ACADEMIA,08,20191203,20181015,PB,2201
31760454,0001,1,,08,20200629,20181015,RS,8801
07594978,0228,2,SMARTFIT,02,20181015,20181015,RJ,6001
31762914,0001,1,FIRE CROSS,02,20210903,20181015,PE,2627
31763541,0001,1,RACE FIT,08,20190208,20181015,MG,4895
31764108,0001,1,F C STUDIO DE PILATES,02,20181015,20181015,BA,3849
31144704,0001,1,STUDIO CORPO FIT,08,20220504,20180808,CE,1567
31769071,0001,1,CROSS LIFE RETIRO,08,20210902,20181016,SP,6619
31773186,0001,1,BIOFIT SANTOS DUMONT,02,20181016,20181016,SE,3105
31775391,0001,1,,04,20260522,20181015,PR,9983
31775531,0001,1,MACFIT ACADEMIA,02,20230809,20181016,PA,0427
31778119,0001,1,IRON FITS,02,20181016,20181016,SC,8185
31790420,0001,1,CENTRO DE TREINAMENTO BIOFIT,08,20250404,20181017,RN,1871
31800798,0001,1,CENTRO DE TREINAMENTO OLYMPIA,04,20210423,20181018,RN,1685
31800837,0001,1,REDFIT PENHA DE FRANCA,08,20210107,20181018,SP,7107
31802113,0001,1,NATALIA NUNES,02,20181018,20181018,RS,8801
31810590,0001,1,JB MUSCULACAO,02,20240813,20181019,BA,3849
31811629,0001,1,SPARTA ACADEMIA,08,20190809,20181019,MG,4889
31811662,0001,1,LIFE FITNESS ACADEMIA,02,20211122,20181019,PE,2457
28508790,0001,1,,08,20190701,20170825,SP,7107
29814114,0001,1,MYBOX.BORDONSUMARE,08,20230627,20180301,SP,7149
14987485,0002,2,FORMUS ACADEMIA,08,20200221,20181019,SC,8327
31821032,0001,1,STUDIORUN,02,20181022,20181022,AM,0255
10500079,0006,2,ACADEMIA PHYSICAL CENTER,02,20181023,20181023,AP,0605
31562239,0002,2,HI EXPRESS,02,20260526,20181023,PE,2491
31838781,0001,1,WORLD FITNESS STUDIO,02,20181023,20181023,PB,1989
31850629,0001,1,MOVE ON ACADEMIA,02,20181024,20181024,CE,1321
31851457,0001,1,,02,20181024,20181024,SP,6953
31854355,0001,1,CROSS LIFE DOM PEDRO,02,20181024,20181024,SP,6619
31862054,0001,1,SAUDE PILATES,08,20220310,20181025,PB,2051
31863990,0001,1,,02,20181025,20181025,SP,7107
31868638,0001,1,,02,20181025,20181025,SP,7099
31871500,0001,1,,02,20181026,20181026,SP,6291
31880950,0001,1,,02,20181029,20181029,MA,0162
31888251,0001,1,POINT BOX SANTO ANDRE,08,20220321,20181029,SP,7057
31889070,0001,1,CG FITNESS,02,20181029,20181029,CE,1321
31906352,0001,1,IRON FITNESS,02,20181031,20181031,BA,3515
30746758,0001,1,ACADEMIA FUSION COMBAT FIT,02,20180620,20180620,AL,2785
31909891,0001,1,HASHTAG EXERCITAR BRINCANDO,08,20231219,20181031,MG,4733
31920524,0001,1,THAIS RODRIGUES,02,20181101,20181101,SP,6291
31935449,0001,1,CORE FITNESS,08,20190711,20181105,DF,9701
27351310,0001,1,EXPLOUD ACADEMIA,02,20240904,20170321,TO,9715
31935566,0001,1,ACADEMIA RAIZ,02,20181105,20181105,ES,5703
31939217,0001,1,CENTRO DE SAUDE PHYSICAL CENTER,02,20181105,20181105,BA,3945
31939717,0001,1,PROATIVO,02,20181105,20181105,RJ,5801
30521107,0001,1,STUDIO LONGEVITA,04,20220609,20180522,RJ,5865
26616901,0001,1,STUDIO PILATES GEOVANA FANTINATO,02,20161128,20161128,SP,6291
31947685,0001,1,CF ITAPEMA,02,20181106,20181106,SP,6475
31953619,0001,1,CROSS TREINO,04,20240808,20181106,MG,4123
31959698,0001,1,D - PRO TRAINING STUDIO,02,20181107,20181107,SP,6313
31965145,0001,1,ACADEMIA ATHLETICA,02,20181107,20181107,MT,9117
31978029,0001,1,BOX OLINDA,08,20191122,20181108,PE,2491
31981188,0001,1,NEW FORM ACADEMIA,02,20181109,20181109,SC,5543
31982243,0001,1,RR SANTOS ALMEIDA,08,20220217,20181109,SP,7237
31985155,0001,1,,08,20190122,20181109,SP,6875
31988318,0001,1,CROSSFIT CRANE,02,20181109,20181109,SP,6969
31988925,0001,1,ACADEMIA FORCA TOTAL,02,20181109,20181109,GO,9227
31838110,0001,1,FORCE FIT ACADEMIA,02,20181023,20181023,MG,4085
31996706,0001,1,ESTUDIO AFS ASSESSORIA ESPORTIVA,02,20181112,20181112,SP,6611
31997247,0001,1,CROSS EXPERIENCE JAGUAQUARA,04,20220609,20181112,BA,3653
32009183,0001,1,CROSS LIFE PERDIZES,08,20190605,20181113,SP,7107
32011705,0001,1,,02,20181113,20181113,PA,0427
32034309,0001,1,,08,20231121,20181116,CE,1401
32038335,0001,1,PUMP MAKE,04,20260527,20181118,GO,9485
32039966,0001,1,VJL TEAM,02,20181119,20181119,SC,8051
32054131,0001,1,NEW STYLE,08,20200121,20181120,RO,0020
32054233,0001,1,,02,20250120,20181120,SP,7135
32071637,0001,1,GEEK GYM,08,20241125,20181122,CE,1389
23811835,0002,2,COALIZAO GYM,08,20260514,20181122,PA,0427
32074730,0001,1,VIDA & MOVIMENTO,02,20181122,20181122,RJ,2909
32076923,0001,1,TRIBULUS STUDIO FIT,02,20220920,20181122,SP,7113
32078428,0001,1,J V FITNESS,08,20260415,20181122,MT,1034
32078777,0001,1,STUDIO LOTUS FISIOTERAPIA E PILATES,02,20181122,20181122,GO,9281
32086904,0001,1,ACADEMIA EVOLUCAO,02,20241128,20181123,PE,2521
32096982,0001,1,LA SANTE PILATES,08,20190613,20181126,RS,8599
32097077,0001,1,GOLD FITNESS,08,20200312,20181126,SP,6149
32098615,0001,1,INFORMA ACADEMIA,02,20181126,20181126,BA,3481
32101639,0001,1,,08,20201203,20181124,PR,7493
10498252,0002,2,RUBEL UNIDADE III,02,20181126,20181126,SP,7107
32112166,0001,1,AQUAZUL CENTRO POLIESPORTIVO,02,20260609,20181127,AP,0605
32123880,0001,1,,08,20191004,20181128,RS,8801
32124025,0001,1,MAY G ACADEMIA,02,20181128,20181128,SP,6477
32125407,0001,1,BIO PERFORMANCE ACADEMIA,02,20181128,20181128,PI,1123
32135571,0001,1,ACADEMIA MOTA FITNESS,08,20241003,20181129,PI,1013
32145854,0001,1,ACTION 360,08,20220121,20181130,SP,7107
32156852,0001,1,CTRM,02,20210413,20181203,SP,7107
32157407,0001,1,LIBRATAE,08,20250313,20181122,SP,7107
32160067,0001,1,CIA DO CORPO GYM,08,20260228,20181203,PE,2531
27470370,0001,1,BOA FORMA ACADEMIA,08,20181203,20170405,SC,9973
32163978,0001,1,,08,20230605,20181203,SP,7057
32178322,0001,1,,02,20181204,20181204,PE,2311
32179374,0001,1,CERCAFI - CENTRO DE REABILITACAO E CAPACITACAO FISICA,04,20260609,20181204,SP,6291
32179515,0001,1,ELITE CROSS STRONG GYM MOBILITY,02,20181205,20181205,RJ,5847
32185778,0001,1,,08,20221117,20181204,SP,7175
32196382,0001,1,MY BOX JOINVILLE,02,20210914,20181206,SC,8179
32200959,0001,1,,08,20201222,20181207,SP,7097
32201904,0001,1,INSTITUTO EDUCACIONAL HOLOS YOGA,02,20181207,20181207,RS,8801
32202170,0001,1,RIOS IRON FITNESS,02,20181207,20181207,RJ,1116
32204206,0001,1,UAI FIT ACADEMIA,02,20231227,20181207,PA,0535
28034039,0001,1,,02,20220321,20170624,RS,8815
32214970,0001,1,CROSS LIFE RESIDENCIAL JUNDIAI,08,20230314,20181210,SP,6619
32218926,0001,1,TIME FITNESS,08,20251215,20181210,BA,3007
32225976,0001,1,ACADEMIA STILO,08,20200221,20181211,DF,9701
32226339,0001,1,,02,20181211,20181211,SP,7107
32230124,0001,1,STUDIO FENIX/HARD FIT,02,20181211,20181211,SP,6705
32235959,0001,1,ACADEMIA ARENA FITNESS,08,20231127,20181212,GO,9373
32237868,0001,1,ACADEMIA PRO-FIT,08,20211123,20181212,MG,4137
32258806,0001,1,WORK OUT FIT,02,20181214,20181214,MG,4123
30044239,0001,1,EQUILIBRIUM STUDIO DE PILATES,08,20211129,20180327,RS,7317
32268495,0001,1,,02,20220811,20181214,RJ,5865
32273599,0001,1,STUDIO MARQUES,08,20190605,20181218,SP,6543
32275689,0001,1,NORTON MELLO PERSONAL EIRELI,02,20181218,20181218,SP,7107
32275951,0001,1,MUGO CROSS FIT,08,20240806,20181218,PA,0427
32285674,0001,1,ACADEMIA CORPUS FITNESS,08,20260210,20181219,PB,1939
32289155,0001,1,,08,20240628,20181219,RJ,5853
32291516,0001,1,,02,20181220,20181220,SP,7107
30339520,0001,1,BE EXCLUSIVE GYM,02,20180502,20180502,DF,9701
32292827,0001,1,GENESIS ACADEMIA,02,20210408,20181220,PI,1153
32295074,0001,1,4 BODY STUDIO EMS,08,20221214,20181220,BA,3849
32296962,0001,1,ACADEMIA VERA CRUZ,02,20181220,20181220,SP,6727
32299857,0001,1,,02,20181221,20181221,RN,1779
32312356,0001,1,OMEGA FITNES,08,20250715,20181226,PE,2531
32314241,0001,1,PILATES FOR LIFE,02,20181226,20181226,SP,7107
32320190,0001,1,ACADEMIA IMPACTO 16,08,20240923,20181227,RS,8771
32324100,0001,1,ACADEMIA LITORAL FITNESS,02,20181228,20181228,BA,3761
32326214,0001,1,CORPUS FIT,02,20181228,20181228,BA,3849
32332735,0001,1,,08,20200902,20190102,RS,0954
32336709,0001,1,MEGABOX,02,20190102,20190102,SP,6511
32340458,0001,1,UP - FIT ACADEMIA,08,20230303,20190103,MG,4371
32343775,0001,1,ACADEMIA PERFORMANCE,02,20260603,20190103,AP,0605
32355536,0001,1,ACADEMIA LIBERTY,04,20260528,20190104,MG,5403
32358216,0001,1,STUDIO BBF,04,20260529,20190103,TO,9733
32380216,0001,1,ESCOLA DE LEVANTAMENTO DE PESO OLIMPICO BETTERLIFE,02,20190108,20190108,BA,3413
32383439,0001,1,,04,20210223,20190108,AM,0281
32404251,0001,1,STUDIO LABFIT,02,20190110,20190110,MG,5035
27147923,0001,1,BETO TELES TREINAMENTO FUNCIONAL,08,20190110,20170220,AP,0605
32410051,0001,1,BEM ESTAR SAUDE CORPORATIVA,02,20190110,20190110,PR,7535
32428016,0001,1,IMPACTO ACADEMIA,02,20190112,20190112,MG,4575
32432137,0001,1,HFFITNESS,08,20200117,20190114,MG,4647
32442258,0001,1,,08,20190619,20190114,SP,7017
32446099,0001,1,TRIBUS ACADEMIA,02,20190115,20190115,MG,4371
32446587,0001,1,RF TRIATHLON,02,20190114,20190114,PR,7535
32449750,0001,1,ACADEMIA R.K. FITNESS,08,20200227,20190115,DF,9701
07594978,0263,2,SMARTFIT,02,20190115,20190115,RJ,6001
07594978,0272,2,SMARTFIT,02,20190115,20190115,RJ,6001
32452343,0001,1,STUDIO DE PILATES CHRISTIANE FERREIRA,02,20190115,20190115,PR,7535
32457084,0001,1,CROSS EXPERIENCE SAO MATEUS-ES,08,20231031,20190115,ES,5697
32317750,0001,1,TRAINING FITNESS ACADEMIA,02,20181227,20181227,PA,0427
32467455,0001,1,PERSONAL PILATES,02,20190116,20190116,SC,8339
32477414,0001,1,CROSS LIFE SJBV,08,20220901,20190117,SP,7083
32477760,0001,1,BLACK BULLS CROSS TRAINING,02,20190117,20190117,BA,3781
32482578,0001,1,ACADEMIA PETROVINA,04,20231101,20190117,MT,9181
28709409,0001,1,,08,20190118,20170922,SP,7099
32494464,0001,1,RUNNA STUDIO DE PILATES E TREINAMENTO FUNCIONAL,02,20190118,20190118,PR,7535
32497186,0001,1,PLAY45 FITNESS,02,20190118,20190118,SC,8105
27702036,0001,1,CROSSFIT DOS VALES,02,20170510,20170510,RS,8839
32519022,0001,1,CROSS LIFE MITSUTANI,08,20191206,20190122,SP,7107
32519271,0001,1,ACADEMIA MASTER FIT,02,20210505,20190122,SP,7113
32519368,0001,1,MOOVE SPORTS,02,20190122,20190122,CE,1389
32519888,0001,1,SMARTFORCE,02,20190122,20190122,RS,8801
32526481,0001,1,FIT TRAINING TREINAMENTO FUNCIONAL,08,20211222,20190122,SC,8047
32535564,0001,1,A91 CROSSFIT,03,20260601,20190123,PA,0443
32537703,0001,1,POWER FIT,02,20190123,20190123,PR,7535
32547639,0001,1,ACADEMIA NUTRI CORPO,08,20230123,20190124,GO,9635
32553365,0001,1,REDFIT,08,20211116,20190124,SP,7107
32563693,0001,1,LETS GO OUT,04,20220608,20190125,SE,3105
32564509,0001,1,CFSM UNIDADE TEIXEIRA DE FREITAS,04,20210422,20190125,BA,3993
32564646,0001,1,ACCIOS CENTRO DE TREINAMENTO FISICO,02,20190125,20190125,SC,8383
32564980,0001,1,,08,20191129,20190125,RS,8541
32568192,0001,1,BOX FOZ VILA A ACADEMIA,08,20220707,20190125,PR,7563
32574315,0001,1,CT - CIBULSKIS,02,20190128,20190128,MG,5049
32578581,0001,1,ACADEMIA OLIMPICA,08,20220224,20190128,AP,0605
32583933,0001,1,ACADEMIA BLACK FITNESS,04,20210224,20190128,CE,1585
32590842,0001,1,,02,20190129,20190129,RS,8515
32603162,0001,1,STRONDAFIT ACADEMIA,08,20210512,20190130,GO,9677
07594978,0278,2,SMARTFIT,02,20190130,20190130,RJ,5865
07594978,0283,2,SMARTFIT,08,20210825,20190130,RJ,5897
07594978,0286,2,SMARTFIT,02,20190130,20190130,RJ,6001
32608282,0001,1,BARRAS FITNESS ACADEMIA,02,20190130,20190130,PA,0595
32610028,0001,1,TRUST FITNESS,02,20190130,20190130,SP,6401
26861711,0001,1,,02,20170113,20170113,DF,9701
32613470,0001,1,LION FIT,02,20220725,20190130,SP,7009
32626131,0001,1,BODY FITNESS,04,20210303,20190131,MA,0921
26799108,0001,1,,08,20190131,20170104,SP,6875
32633156,0001,1,,02,20190201,20190201,PR,7535
32634811,0001,1,ESTUDIO VIVA PILATES,02,20190201,20190201,PB,2051
26664004,0002,2,JEF10 ESPORTES,08,20250905,20190201,MG,4725
32667761,0001,1,CT ALTA PERFORMANCE,02,20190205,20190205,RS,8801
32670456,0001,1,JULIANA OLIVEIRA STUDIO PERSONAL,02,20190205,20190205,DF,9701
32670785,0001,1,CROSS LIFE AUTONOMISTAS,08,20200818,20190205,SP,6789
18353376,0002,2,,02,20190206,20190206,PA,0427
32686717,0001,1,MH 85,04,20231101,20190206,MG,4123
32692619,0001,1,,02,20190207,20190207,DF,9701
32696232,0001,1,BM FITNESS,02,20190207,20190207,BA,3359
32712394,0001,1,,02,20190208,20190208,RJ,6001
32369686,0001,1,CROSSFIT JUIZ DE FORA,02,20190107,20190107,MG,4733
28700628,0001,1,,02,20170921,20170921,MT,9195
32721853,0001,1,ACADEMIA LIFE ARAGUARI,04,20210413,20190211,MG,4069
32724246,0001,1,,02,20190211,20190211,SP,7079
32725173,0001,1,AUTHENTIC FITNESS,02,20190211,20190211,MS,9063
30297805,0001,1,CENTRO DE TREINAMENTO BEM ESTAR,02,20180425,20180425,PR,7827
32727027,0001,1,MAESTRA ESPORTES,08,20250115,20190211,RJ,6001
32734445,0001,1,ACADEMIA THE MONSTER FIT,04,20220609,20190212,SP,7075
32737341,0001,1,CENTRO DE TREINAMENTO VIVA MAIS,04,20210223,20190212,PA,0561
26727816,0006,2,TECFIT MORUMBI I,02,20190212,20190212,SP,7107
32743192,0001,1,ACADEMIA POLIS FIT,08,20190827,20190212,MG,5343
32752208,0001,1,STUDIO FIT,08,20220215,20190213,SP,6715
32755021,0001,1,TOP FITNESS ESTUDIO PERSONALIZADO,02,20210329,20190213,SC,8355
32772306,0001,1,,08,20250327,20190214,PE,2459
32779303,0001,1,,02,20190215,20190215,SP,6181
32780203,0001,1,ACADEMIA SMART FIT,02,20190215,20190215,BA,3515
32780517,0001,1,IN CORPUS PILATES,02,20190214,20190214,PR,7927
32785250,0001,1,,08,20200821,20190215,SP,6219
32785542,0001,1,META SPORT FITNESS,02,20211004,20190215,MG,0578
32277754,0001,1,DIBELE PERSONAL E MARKETING,02,20181218,20181218,RS,8681
32798263,0001,1,,02,20190218,20190218,PR,7885
32798528,0001,1,BOX NUTRITION,08,20190715,20190218,SP,6511
32801054,0001,1,SS FITNESS CLUB,02,20190218,20190218,SP,7113
32810800,0001,1,,02,20190219,20190219,RS,8649
32818303,0001,1,NUCLEO DE TREINAMENTO FUNCIONAL (NTF),08,20200428,20190219,SP,6579
32822351,0001,1,ACADEMIA MILA PINHEIRO,02,20190219,20190219,MG,4413
32824965,0001,1,LEO'S FITNESS,02,20190220,20190220,GO,9753
32830909,0001,1,PROFIT,02,20190220,20190220,SE,3105
32835039,0001,1,MB CENTRO DE TREINAMENTO MARCELO BRIGIDO,04,20231026,20190220,AC,0139
30964086,0001,1,DELLAS ESPACO FIT,08,20200331,20180718,MG,5029
32847481,0001,1,GRACIE BARRA BOA VIAGEM,02,20190221,20190221,PE,2531
32848199,0001,1,DB TREINAMENTO PERSONALIZADO,02,20190221,20190221,PR,7535
32855882,0001,1,ACADEMIA OPEN,02,20190222,20190222,RS,8541
32857156,0001,1,LUNGLIFEGS22@GMAIL.COM,04,20210223,20190222,AP,0605
32860907,0001,1,CROSSFIT MAIRINQUE,02,20190222,20190222,SP,6669
32863551,0001,1,AIKO ACADEMIA,02,20210323,20190222,CE,1355
26201030,0001,1,CENTERFIT ACADEMIA,02,20160920,20160920,RS,8781
32880581,0001,1,UNIVERSAL FITNESS ACADEMIA,08,20190719,20190225,RN,1759
32703581,0001,1,BEPRO,08,20250521,20190208,MG,4123
32640433,0001,1,R L ASSESSORIA DE CORRIDAS,08,20210610,20190201,RJ,6003
28036532,0003,2,ACADEMIA POWER FITNESS,08,20220609,20190226,DF,9701
32889163,0001,1,JAKELINY FAGUNDES DE SOUZA,04,20210323,20190226,PR,7569
32891262,0001,1,LIFE FITNESS,08,20221121,20190226,MG,5023
32892488,0001,1,BRAZILIAN FIGHT BOX,08,20220609,20190226,GO,9373
32893010,0001,1,WGP FIGHT GYM,02,20190226,20190226,SP,7107
32900413,0001,1,MD3 FIT,08,20210604,20190227,CE,1389
32901674,0001,1,JOSI BERTI PILATES,08,20201109,20190226,SC,8175
32902648,0001,1,,08,20191113,20190227,MS,9165
07594978,0300,2,SMARTFIT,02,20190227,20190227,PR,7535
32903715,0001,1,35+ COACHING DE BEM-ESTAR - GRUPO CYNTHIA CHARONE,02,20190227,20190227,PA,0427
29976997,0002,2,TECFIT ICARAI,08,20210831,20190227,RJ,5865
32913203,0001,1,JR FITNESS ACADEMIA,08,20260209,20190228,PA,0531
32918884,0001,1,TOCCARE FISIOTERAPIA E SAUDE,02,20190228,20190228,GO,9373
32820676,0001,1,SA-FITNESS,08,20230705,20190219,RN,1779
32945252,0001,1,GAP PERSONAL,08,20220826,20190306,SP,6291
22902694,0056,2,,08,20250717,20190306,SP,7099
19852108,0002,2,,08,20210625,20190306,RS,8699
32951512,0001,1,ACADEMIA PEGADA FITNESS,04,20220110,20190307,SP,7107
32952472,0001,1,STAR FITNESS ACADEMIA,08,20230126,20190307,SP,6655
32957196,0001,1,XANDE NEGAO,02,20190307,20190307,RJ,6001
32957965,0001,1,STUDIO BLUETEAM,02,20190307,20190307,SP,7005
32965344,0001,1,SPACE FITNESS ACADEMIA,02,20190307,20190307,SC,8161
32968502,0001,1,FUSION ACADEMIA,02,20190308,20190308,ES,5611
32968997,0001,1,BLULIVE,02,20190308,20190308,SC,8117
32971924,0001,1,ACADEMIA M2,08,20190820,20190308,RJ,5837
32983880,0001,1,RFELIX TRAINING,02,20190311,20190311,PR,7563
32987774,0001,1,MR. SHAPE,04,20231117,20190311,SP,6493
32989528,0001,1,WINNER FIT,02,20190311,20190311,SP,6361
18843919,0002,2,EUGENIO FORTES ACADEMIA HORTO,02,20190312,20190312,PI,1219
33001530,0001,1,ACADEMIA SPORT & CIA,02,20190312,20190312,SP,7097
33014656,0001,1,ACADEMIA,02,20190313,20190313,BA,3849
33019794,0001,1,,02,20190313,20190313,SP,6271
33027653,0001,1,,02,20190314,20190314,SP,6779
33031192,0001,1,02 FLORIPA,04,20260519,20190314,SC,8105
31890552,0001,1,,08,20250710,20181029,MG,5097
33031713,0001,1,ACADEMIA ALTA PERFORMANCE,08,20241112,20190314,PE,2337
33040209,0001,1,HIGEIA,02,20190315,20190315,SP,6979
33046175,0001,1,ASSOCIACAO ATLETICA UNIFICADA LIGA DESPORTIVA UNIFAL,02,20180503,20180503,MG,5035
33046238,0001,1,RONALDO C LEITE PERSONAL TRAINER,02,20190315,20190315,SP,7107
33054049,0001,1,PANTER CENTRO DE TREINAMENTOS,08,20191118,20190318,GO,9583
33057014,0001,1,VIRNA RIBEIRO ESTUDIO DE PILATES,08,20190619,20190318,MA,0921
33062546,0001,1,CACERES FIT ACADEMIA,02,20190318,20190318,MT,9047
33072192,0001,1,CROSS BOX 77,08,20210513,20190319,BA,3965
33074061,0001,1,ACKER TREINAMENTO FUNCIONAL,02,20190319,20190319,RS,8729
33083698,0001,1,FOUR FIT,02,20190320,20190320,CE,1389
33084132,0001,1,ACADEMIA IRON STRONG,02,20190320,20190320,SC,8097
33086044,0001,1,ESCOLA MOTRIZ,02,20190320,20190320,SP,6181
33089279,0001,1,VITA PILATES,02,20190320,20190320,PE,2531
33089940,0001,1,STUDIO SLIMFIT,08,20200317,20190320,SC,8161
33111275,0001,1,GYM FITNESS,08,20240507,20190322,RN,1761
33112110,0001,1,OLD SCHOOL ACADEMIA,08,20220715,20190322,PI,1219
33127131,0001,1,ESPACO FITNESS,08,20200110,20190325,MG,5273
33127198,0001,1,ACADEMIA POWER FITNESS,08,20220408,20190325,MG,4237
33127976,0001,1,ACADEMIA ELIFER,02,20190322,20190322,SP,6681
33149941,0001,1,CLINICA AUTEM,08,20200417,20190326,DF,9701
33156016,0001,1,,08,20220112,20190327,RS,8773
33158865,0001,1,,02,20190327,20190327,SP,7131
33167522,0001,1,,02,20190327,20190327,SP,7107
27081337,0001,1,MISSAO CROSSFIT,02,20170210,20170210,MG,4365
33185027,0001,1,CROSS LIFE JARDIM PAULISTA,08,20241030,20190329,SP,7233
27039950,0001,1,INSPIRE PILATES E FISIOTERAPIA,02,20170206,20170206,PR,7667
33198077,0001,1,,08,20220419,20190330,MT,9067
33203599,0001,1,AZEN ACADEMIA,08,20220818,20190401,ES,5705
33208279,0001,1,INFIT ACADEMIA,04,20220610,20190401,SP,6477
27322109,0001,1,JMFITNESS,08,20190401,20170316,RJ,6001
33212530,0001,1,TOP3FIT ACADEMIA,08,20250527,20190401,SP,6671
33215178,0001,1,CARVALHO AVILA,08,20200219,20190402,RS,8791
33218498,0001,1,CENTRO DE TREINAMENTO R2-RUN,02,20190401,20190401,SC,8047
33219196,0001,1,TN CN ACADEMIA,02,20240410,20190402,PA,0415
27316816,0001,1,FRED MARQUES PERSONAL,02,20170316,20170316,MG,4559
33221207,0001,1,ANDRESSA SANTANA STUDIO PERSONAL,02,20190402,20190402,RS,8933
33221513,0001,1,,08,20190820,20190402,RS,8853
33224438,0001,1,ACADEMIA EVOLUTION FITNESS,08,20240228,20190402,GO,9227
33225378,0001,1,,02,20190402,20190402,PR,7885
33229330,0001,1,ENERGY TREINAMENTO FUNCIONAL,08,20200117,20190402,RN,1761
33233169,0001,1,JESSICA MACHADO,02,20190403,20190403,SP,6425
33241695,0001,1,STRONG SHAPE CROSSFIT,02,20190403,20190403,SC,8327
33247344,0001,1,,02,20190404,20190404,RS,8587
33248455,0001,1,BOX HF CROSSTRAINER,04,20260515,20190404,CE,1389
33251577,0001,1,STUDIO JENNI FIT,02,20190404,20190404,MG,4799
33256908,0001,1,ACADEMIA QUALITY FITY,02,20190404,20190404,SC,8047
33259865,0001,1,APRIMOREKIDS,02,20190404,20190404,SP,6619
33261325,0001,1,ESPACO DUE - PAMELA TEIXEIRA,02,20190405,20190405,PR,7435
33263866,0001,1,BIOSPORT,02,20190405,20190405,MG,4799
33265486,0001,1,MEGA TRAINING ACADEMIA,02,20190405,20190405,PI,1219
33270385,0001,1,FOR LIFE ACADEMIA,08,20221104,20190405,SP,7075
33279360,0001,1,TEAM HENRI10 FUNCIONAL,02,20190408,20190408,MS,9057
33279412,0001,1,CROSS BULLS,08,20240613,20190408,SP,6873
33280300,0001,1,ACADEMIA FORCE UP,08,20200630,20190408,SC,8251
33283621,0001,1,STUDIO PERSONAL,02,20190408,20190408,RJ,5909
33290161,0001,1,ACADEMIA CHUTE THAI BOXE FITNESS E FIGTH,04,20210422,20190408,BA,3901
33300050,0001,1,ACADEMIA PRTS,08,20200914,20190409,SP,7107
33305233,0001,1,HOPE FITNESS,08,20210928,20190409,BA,3515
33305971,0001,1,ELITE ACADEMIA,02,20190409,20190409,RN,1759
33316192,0001,1,PROQUALITY SANTA CRUZ,02,20190410,20190410,RJ,5925
33316814,0001,1,REVIGORE STUDIO DE PILATES E FISIOTERAPIA,08,20200915,20190410,MG,4343
33320229,0001,1,,02,20190410,20190410,SC,8105
33327733,0001,1,ACADEMIA CIA DO CORPO,02,20190411,20190411,MG,5105
33332088,0001,1,WOD PLAY,08,20251203,20190411,GO,9289
33370021,0001,1,MATRIX ACADEMIA FITNESS,02,20190416,20190416,SP,6331
33375566,0001,1,CROSS EXPERIENCE VARGINHA,02,20190416,20190416,MG,5413
33377351,0001,1,CT VIVA ACADEMIA,02,20190416,20190416,MG,4971
33385765,0001,1,,02,20190416,20190416,SP,7175
33388791,0001,1,OLIMPIA ACADEMY,02,20190417,20190417,BA,3593
28466265,0001,1,JULIANA PETRI,08,20190417,20170821,PR,7535
27453488,0001,1,FUNCIONAL RUNNING,08,20190418,20170403,DF,9701
33411565,0001,1,PILATES CORPO E VIDA,02,20190422,20190422,SP,6213
33416060,0001,1,MATCH FIT,02,20190422,20190422,PE,2379
33421254,0001,1,LK2 FITNESS,04,20260521,20190422,MA,0921
33432051,0001,1,,08,20230829,20190423,GO,9373
33433585,0001,1,,08,20190718,20190423,SC,8179
33447043,0001,1,MARTINS SPORTS TRAINING,02,20190424,20190424,SP,7107
24921465,0033,2,,02,20190424,20190424,BA,3849
33451914,0001,1,TOP FITNESS ACADEMIA,02,20190424,20190424,ES,5647
33454333,0001,1,STUDIO SIMETRIA,08,20201001,20190425,DF,9701
33457084,0001,1,STUDIO DE TREINAMENTO FUNCIONAL RENATA VOLKMER,02,20190425,20190425,SC,8105
33459406,0001,1,LEVEL UP,02,20190425,20190425,SC,8163
33464700,0001,1,ACADEMIA VITAL SPORT,08,20230419,20190425,MG,4217
33358166,0001,1,ACADEMIA ARENA FIT,02,20190415,20190415,MG,5191
33472426,0001,1,,02,20190426,20190426,RS,7335
33483075,0001,1,,02,20190429,20190429,MS,9051
33485901,0001,1,,02,20190429,20190429,SP,7107
33486746,0001,1,,02,20190429,20190429,SP,7071
33488707,0001,1,LEANDRO DIMAN PERSONAL TRAINING STUDIO,02,20190429,20190429,SC,8047
33489887,0001,1,PILATES GYM,02,20190429,20190429,PR,7667
33498630,0001,1,ESPACO INSPIRAR,02,20210331,20190430,SC,8239
20336543,0003,2,,02,20190502,20190502,RS,8729
33511118,0001,1,BOX CROSS TRAINING CHACARA INGLESA,08,20220119,20190502,SP,7075
33517332,0001,1,,08,20200923,20190503,MG,4123
33521739,0001,1,CROSS FIT CORPO E VIDA,08,20191211,20190503,MA,0773
33525154,0001,1,CROSS EXPERIENCE MORUMBI,02,20190503,20190503,SP,7099
33128753,0001,1,ACADEMIA TAVARES,02,20190322,20190322,SE,3163
33531481,0001,1,MS FITNESS,04,20210224,20190506,CE,1389
33551202,0001,1,ESPACO FITNESS ACADEMIA,04,20220609,20190507,BA,3405
33552800,0001,1,ANDRE BOAVA CONSULTORIA & TREINAMENTO PERSONALIZADO,08,20250116,20190507,SP,6569
33554850,0001,1,ACRO SPADA GINASTICA ACROBATICA,08,20190823,20190507,SP,6875
33557972,0001,1,PHYSIQUE MASTER ACADEMIA,08,20250630,20190508,GO,9571
33561900,0001,1,MUSCULAR FIT,02,20190508,20190508,SP,6169
33562111,0001,1,HIIT 83 FITNNES,02,20190508,20190508,SP,7107
07594978,0314,2,SMARTFIT,02,20190508,20190508,ES,5625
33568329,0001,1,ACADEMIA FEMININA DELLAS FIT,02,20190508,20190508,CE,1595
33571246,0001,1,FIT ONE TREINAMENTO PERSONALIZADO,02,20190509,20190509,RO,0003
33573282,0001,1,ACADEMIA CARLOS VASSALLI,02,20190509,20190509,PA,0427
33577689,0001,1,STUDIO FITNESS 02,02,20190509,20190509,SP,7099
33578431,0001,1,IRON HARD CORE TRAINING,02,20190509,20190509,SP,7083
33578468,0001,1,GMS TRAINING CENTER,08,20260305,20190509,RN,1761
33591175,0001,1,CROSS LIFE INDAIA,08,20200526,20190510,SP,6511
33603679,0001,1,LIFE FITNESS,02,20190513,20190513,MG,4603
28178415,0001,1,TOPFIT ACADEMIA,04,20260515,20170713,CE,1399
33608997,0001,1,VIDA E SAUDE,02,20190514,20190514,RS,8771
33611087,0001,1,GARRA CROSS,02,20190514,20190514,GO,9227
33612564,0001,1,ACADEMIA ARTE VIDA,08,20221128,20190514,CE,1331
33615074,0001,1,CROSS EXPERIENCE - HORTO,08,20231018,20190514,MG,5049
33627573,0001,1,ANDRE ACADEMIA FITNESS,02,20190515,20190515,RN,1613
33630999,0001,1,STUDIO GABRIELA FRIZON,02,20190515,20190515,SC,5751
33636042,0001,1,,02,20190516,20190516,SP,7107
33643733,0001,1,BOX LAVAPES,04,20220609,20190516,SP,6251
33649581,0001,1,CROSS FENIX,04,20260515,20190517,ES,5699
33653754,0001,1,HIPERFIT,02,20190517,20190517,SP,7107
33668155,0001,1,ESPACO PRO LIFE,08,20210317,20190520,SC,8027
69393577,0002,2,CROSS CASTELO BRANCO,02,20190521,20190521,MA,0921
33694586,0001,1,ACADEMIA USINA DO CORPO.,02,20190522,20190522,RJ,6001
07594978,0318,2,,02,20190522,20190522,SP,7107
30688739,0001,1,CROSSFIT DXT,02,20180613,20180613,ES,5699
30274304,0002,2,ACADEMIA BLACK LIONS TAEKWONDO,02,20190523,20190523,MG,5041
33710212,0001,1,CLA FITNESS,08,20250401,20190523,AP,0605
33720425,0001,1,PORTAL LIFE BEACH,02,20211019,20190524,BA,3471
33720520,0001,1,,08,20240719,20190524,SP,6425
33722848,0001,1,FENIX CROSS BOX,02,20190524,20190524,PA,0551
33724443,0001,1,ESPACO SAUDE,08,20211109,20190524,SC,8105
33724738,0001,1,TRIO - NATACAO E LAZER,08,20200220,20190524,RS,8849
33750466,0001,1,,02,20190528,20190528,PR,7535
33751820,0001,1,CROSS BULLS,08,20250529,20190528,SP,6251
33758982,0001,1,RED ONE,02,20190529,20190529,SP,6569
27310822,0001,1,,08,20190530,20170315,RS,8901
33788434,0001,1,STRONGER CENTRO DE TREINAMENTO,08,20250916,20190531,MS,9131
07594978,0320,2,SMARTFIT IMBUI SALVADOR,02,20190531,20190531,BA,3849
33808030,0001,1,,02,20190603,20190603,MG,4445
33808681,0001,1,ACADEMIA FISICO TOTAL,02,20190603,20190603,SP,6785
33812963,0001,1,CLUB CROSS JANDIRA,08,20241025,20190603,SP,6601
33817554,0001,1,SPARTA FITNESS,08,20210809,20190604,MG,4123
33823276,0001,1,MOVIMENTE STUDIO PILATES,02,20250114,20190604,MS,9165
33825188,0001,1,REFIT ACADEMIA LTDA,02,20190604,20190604,RS,6021
33836405,0001,1,OLTRAMARI & SILVA,02,20190605,20190605,PR,7751
33849997,0001,1,ACADEMIA MUNDIAL,02,20190606,20190606,PI,2249
33850581,0001,1,NC COMERCIO LTDA,02,20190606,20190606,AM,0255
33850798,0001,1,ATLETAS VIP ACADEMIA,02,20190606,20190606,ES,5703
33582201,0002,2,,08,20200319,20190606,RS,8619
33851839,0001,1,AQUARIUS STUDIO PERSONAL TRAINERS,02,20190606,20190606,SP,6645
26519187,0001,1,ACADEMIA SPORT CENTER,08,20190611,20161110,ES,5699
33856066,0001,1,ACADEMIA PHYSICAL FITNES,02,20190606,20190606,RJ,6001
33856994,0001,1,CROSSPARK FIT,02,20190606,20190606,GO,9373
32875573,0001,1,YLERA FITNESS,02,20190225,20190225,RJ,6001
33863613,0001,1,NOVO ESPACO DO CORPO ACADEMIA,02,20190607,20190607,RJ,5819
33865075,0001,1,,08,20241028,20190607,PR,7535
33866702,0001,1,BODY ACTION,02,20190607,20190607,RJ,6001
31708651,0001,1,LD CENTRO DE PERFORMANCE,02,20181008,20181008,PR,7667
33882058,0001,1,MARCO SENGES CONDICIONAMENTO FISICO E TERAPIAS HOLISTIC,02,20190610,20190610,RJ,5865
33890758,0001,1,STARTFIT ACADEMIA,02,20190611,20190611,PE,2531
33894897,0001,1,ARTY FIT,02,20190611,20190611,RN,1633
33907011,0001,1,FTG CENTRO DE TREINAMENTO,02,20190612,20190612,BA,3593
33908297,0001,1,GUIA METAMORFOSE ACADEMIA,02,20190612,20190612,BA,3849
33909320,0001,1,CORPO FITNESS ACADEMIA,02,20190612,20190612,TO,9461
33923944,0001,1,VIKINGS FUNCIONAL CROSS,02,20190613,20190613,SP,6653
33926351,0001,1,CT IBIRAQUERA,02,20190613,20190613,SC,8143
33928222,0001,1,,04,20231122,20190614,SP,7097
33931166,0001,1,CAVERNA FITNESS,04,20210401,20190614,RR,0301
26063843,0001,1,,02,20160830,20160830,SP,6291
33948178,0001,1,,08,20200903,20190617,SP,7145
33950475,0001,1,,08,20210422,20190617,SP,7107
33952775,0001,1,VITAL MAIS PILATES,02,20190617,20190617,MG,5403
33953547,0001,1,TECFIT SANTOS,02,20190617,20190617,SP,7071
33954438,0001,1,ALESSANDRO SAMGA,08,20221021,20190617,SP,6401
33954985,0001,1,STUDIO PUMP LAB,02,20190617,20190617,MT,9907
33965459,0001,1,ACQUAFIT SALINAS,02,20230526,20190618,PA,0523
34001777,0001,1,BLACK FIT,02,20190624,20190624,PR,7641
34005970,0001,1,TIAGO DA SILVA BRONDI TREINAMENTO PERSONALIZADO,02,20190624,20190624,SP,7107
34006667,0001,1,TOP FITNESS,02,20190624,20190624,CE,1385
34018835,0001,1,ESPACO FITNESS,08,20211227,20190625,BA,3429
34018933,0001,1,MASTER FITNESS,08,20221104,20190625,MG,4123
34020700,0001,1,TOP FITNESS ACADEMIA FEMININA,08,20250410,20190625,PA,0447
34024269,0001,1,CENTRO DE TREINAMENTO SPARTAN TRAINING,02,20190625,20190625,MT,9189
34027069,0001,1,ARENA FITNESS EVOLUTION,08,20240917,20190625,MA,0837
30259835,0002,2,,08,20210810,20190626,RJ,6001
34046690,0001,1,GYM PODIUM,02,20190627,20190627,PB,2173
34049512,0001,1,CROSS LIFE,04,20240812,20190627,MS,9165
34051256,0001,1,STUDIO ER2,02,20190627,20190627,SP,7017
31899318,0001,1,YES PILATES,08,20220225,20181030,BA,3515
34071201,0001,1,RESPIRAR PILATES E FISIOTERAPIA,08,20200923,20190701,ES,5703
34100796,0001,1,,08,20251102,20190703,BA,3573
29172094,0002,2,SPORT LIFE,08,20200116,20190703,MG,4157
34125595,0001,1,FISIO FITNESS,08,20210730,20190704,PE,2621
34125613,0001,1,NINJA FITNESS - ACADEMIA,02,20190705,20190705,MG,2677
34129243,0001,1,AXIS,02,20190705,20190705,RJ,6001
23918841,0002,2,ESPACO FITNNES BONFIM,08,20220729,20190705,MG,4161
34131407,0001,1,PRIME FT,02,20190705,20190705,GO,9373
34131445,0001,1,T-REX BOX,08,20220622,20190705,RN,1837
34133408,0001,1,MOVE STUDIO FITNESS,08,20220518,20190705,RS,8599
34141981,0001,1,,02,20190708,20190708,PR,7691
34147753,0001,1,CTE ACADEMIA,02,20190708,20190708,PR,7535
34147978,0001,1,OFICINA DO CORPO.1,02,20230808,20190708,RN,1755
34153651,0001,1,FIT COMPLEX,04,20240816,20190709,RS,8791
34154343,0001,1,CENTRO DE TREINAMENTO FISICO VM,08,20240215,20190709,MG,5055
28725043,0001,1,,08,20190710,20170926,PR,7535
34178373,0001,1,,02,20190711,20190711,SP,7107
34189349,0001,1,MOVE GYM ACADEMIA DE MUSCULACAO,02,20190712,20190712,RS,8599
07594978,0332,2,,02,20190712,20190712,SP,7107
34197016,0001,1,REDNECK,02,20190712,20190712,SP,6751
34212610,0001,1,BOX 405 - CROSS TRAINING,02,20190715,20190715,RN,1619
34216086,0001,1,ELEVE ACADEMIA,08,20220817,20190715,AM,0255
34226847,0001,1,,08,20200818,20190716,SP,6219
34229048,0001,1,CESEE,02,20190716,20190716,SP,6341
34255410,0001,1,SINTESE SAUDE INTEGRAL,02,20190718,20190718,SP,6203
34283074,0001,1,,02,20190722,20190722,PR,7481
34290372,0001,1,PLAY FITNESS,02,20190723,20190723,GO,9373
22902694,0070,2,,02,20190723,20190723,SP,7107
34294273,0001,1,ZIMPECK CONSULTORIA,02,20190711,20190711,SP,7057
34298006,0001,1,FIT PLUS,08,20251211,20190723,GO,9413
34304927,0001,1,MFIT STUDIO,04,20260609,20190724,MS,9075
16738149,0038,2,,02,20190724,20190724,SP,6477
34308582,0001,1,,02,20190724,20190724,PR,7777
34313134,0001,1,,02,20190725,20190725,SC,8265
34317911,0001,1,STUDIOZFIT,02,20190725,20190725,MA,0803
34320257,0001,1,ACT LIFE,02,20190725,20190725,SP,6181
34321772,0001,1,STABILIZE PILATES & FISIOTERAPIA,02,20190725,20190725,AM,0255
34103328,0001,1,ACADEMIA ESSENCIAL FITNESS,02,20190703,20190703,BA,3087
34332256,0001,1,CENTRO DE TREINAMENTO COMANDO 75.,02,20190726,20190726,GO,0053
34336470,0001,1,TECFIT LAGO SUL,04,20260527,20190726,DF,9701
29903154,0002,2,JA ACADEMIA,04,20220208,20190726,PR,7535
34348977,0001,1,,08,20240916,20190729,AL,2785
34350750,0001,1,ACADEMIA IRON MONSTER,08,20210423,20190729,AC,0107
34367822,0001,1,STORM,02,20190730,20190730,MG,5191
34368788,0001,1,ACADEMIA QUATRO ESTILOS,08,20260227,20190730,SP,6933
19686181,0005,2,,08,20231206,20190731,PR,7791
34377166,0001,1,VITALE FISIO PILATES,02,20190731,20190731,DF,9701
34380459,0001,1,LESFIT,08,20231220,20190731,SP,7083
34381325,0001,1,,02,20190731,20190731,PR,8467
34383806,0001,1,BODY FIT,02,20190731,20190731,SP,7103
34389691,0001,1,STUDIO PRIVE,02,20190801,20190801,MG,4079
21065598,0002,2,,08,20200713,20190801,SC,8319
34412802,0001,1,AGUIA REAL ACADEMIA,08,20240405,20190802,SP,6661
34423113,0001,1,,04,20260605,20190805,RS,8599
29563555,0001,1,VISAO FITNESS II,08,20181109,20180130,SP,7107
34430243,0001,1,ACADEMIA BECKMANN FITNESS,02,20190805,20190805,RJ,5915
34447051,0001,1,,02,20190806,20190806,MG,4865
34452537,0001,1,RIT DANCE,02,20190807,20190807,AL,2747
34455095,0001,1,,04,20240830,20190807,SP,6477
34461513,0001,1,STUDIO WOLLF FITNESS,02,20190807,20190807,MG,4133
34465019,0001,1,R3 SPORTS,02,20190808,20190808,CE,1581
34478760,0001,1,ALLFIT,02,20190808,20190808,PE,2531
34487796,0001,1,ESTUDIO MILENE FERREIRA,08,20230623,20190809,RS,8801
34496592,0001,1,THAMARA CORSINI,02,20240117,20190811,SC,8047
34497828,0001,1,CT GUARANI,02,20190812,20190812,SP,7005
34501500,0001,1,FORMULA SHAPE ACADEMIA,08,20220204,20190812,PR,7915
27954931,0001,1,ESTUDIO IGOR SOUZA,04,20220128,20170613,AP,0605
34510026,0001,1,SPORT FITNESS ACADEMIA,02,20230602,20190812,CE,1385
34518416,0001,1,HULK'S ACADEMIA,04,20260526,20190813,RO,0003
34518833,0001,1,DOCTORFIT CONDICIONAMENTO FISICO,08,20211130,20190813,SC,8137
34534866,0001,1,NOVA FENIX,08,20210729,20190814,SP,6979
31347273,0001,1,POWER BOX,02,20180827,20180827,ES,5703
34550373,0001,1,JS FITNESS,02,20230526,20190815,AL,2785
34550397,0001,1,,02,20190815,20190815,RJ,6001
34561465,0001,1,HIDROGINASTICA SUPERACAO,02,20190816,20190816,GO,9595
34561799,0001,1,,08,20240104,20190816,SP,7107
34562552,0001,1,ESTUDIO MAG - URB'S,02,20190816,20190816,SP,6477
34567789,0001,1,CROSS OSASCO STRONG,02,20190816,20190816,SP,6789
34569287,0001,1,LIFE MOVE,08,20201214,20190710,SP,7075
34573888,0001,1,CROSS LIFE SANTA BARBARA,02,20190819,20190819,MG,5143
27106648,0001,1,PAOLA CAROLINA TREINAMENTO PERSONALIZADO,04,20210304,20170214,RS,8785
34595430,0001,1,TREINOS ACADEMIA,02,20190820,20190820,PA,0595
34597368,0001,1,CASTRO SPORTS,08,20220311,20190820,DF,9701
34601713,0001,1,UP GYM,04,20260609,20190820,MT,1184
34606066,0001,1,SPARTA ACADEMIA,02,20190821,20190821,MA,0803
34608931,0001,1,ESPACO JULIANA SOUSA,02,20190821,20190821,GO,9325
34611264,0001,1,ACADEMIA BEM-ESTAR,04,20260609,20190821,SP,6795
34620836,0001,1,AMAZON BOX,02,20190822,20190822,PA,0401
28126927,0001,1,,08,20190822,20170706,RN,1761
34631942,0001,1,ACADEMIA TREINUM,08,20260416,20190822,PE,2491
29897385,0001,1,ACADEMIA PRIME HEALTH,08,20240422,20180309,SP,6259
34089756,0001,1,TORRE CROSS TRAINING,04,20231031,20190702,PI,1003
34228362,0003,2,TECFIT PINHEIROS I,02,20190826,20190826,SP,7107
34656290,0001,1,ACADEMIA FORMAS,02,20190826,20190826,BA,3963
34690907,0001,1,UNNICA ACADEMIA,02,20190828,20190828,MS,9073
34692399,0001,1,OSCAR ESTUDIO FITNESS,02,20190828,20190828,RS,8873
34693449,0001,1,STUDIO ANA OCKER PILATES,02,20190828,20190828,SC,8179
29788956,0001,1,PRO UP,08,20190829,20180227,RS,8801
26112187,0001,1,+ SAUDE,08,20190829,20160906,PB,2051
34705222,0001,1,SEVEN SPORTS,08,20210121,20190829,ES,2929
34729550,0001,1,GOGYM CROSS TRAINING,08,20200609,20190902,SP,7237
34735012,0001,1,HAMMER GYM,02,20190902,20190902,PR,7691
34736210,0001,1,,02,20190902,20190902,SP,7057
34736260,0001,1,,02,20190902,20190902,SP,6163
34744139,0001,1,ACADEMIA GO FIT,02,20190903,20190903,SP,7107
34751777,0001,1,AZO CLINIC PILATES & ESTETICA,02,20190903,20190903,SP,7107
34764782,0001,1,FERNANDA SAUDE STUDIO,08,20220420,20190904,BA,3993
34774207,0001,1,BZ CROSS TRAINING,08,20251229,20190905,PE,2337
34776121,0001,1,STUDIO PAULO MARQUES TREINAMENTO FUNCIONAL,02,20190905,20190905,RJ,5915
34787854,0001,1,ACADEMIA GOLD'S GYM BRASIL,04,20210419,20190906,PE,2451
34793813,0001,1,ILHA FIT,08,20220328,20190906,ES,5705
34799193,0001,1,PILATES STUDIO FIORI DI LOTOS,02,20190909,20190909,SP,7075
34802225,0001,1,ARENA FITNESS,08,20240618,20190909,AL,2705
34805245,0001,1,FORCE TRAINING STUDIO,02,20190909,20190909,PR,7823
34805825,0001,1,YOGA ESTUDIO SUDARSHANA,02,20190909,20190909,SP,7057
34806290,0001,1,RACE CIRCLIGHT,04,20231124,20190909,SP,6715
07594978,0357,2,,02,20190910,20190910,RS,8801
34820959,0001,1,ACADEMIA FITNESS CLUB,02,20190910,20190910,MS,9107
34834548,0001,1,FIT 360 SAUDE & BEM-ESTAR,02,20190911,20190911,PR,7431
34843824,0001,1,,02,20190912,20190912,SP,7145
34845285,0001,1,ZERO ONZE CENTRO FITNESS,02,20190812,20190812,SP,7107
34853371,0001,1,SPARTAN CROSSTRAINING,08,20231031,20190912,ES,5699
34857149,0001,1,STUDIO DE PILATES ERICA SILVEIRA,02,20190913,20190913,MG,5145
34859810,0001,1,,02,20190913,20190913,SP,7097
34863071,0001,1,,02,20190913,20190913,SP,7107
34863617,0001,1,ARRAIS FITNESS,08,20210504,20190913,MA,0921
34864197,0001,1,INPADEL CENTER,02,20190913,20190913,RS,8851
34886889,0001,1,VIP FUNCIONAL,08,20211005,20190916,SP,6689
34891075,0001,1,,02,20190917,20190917,PR,5453
34894954,0001,1,BODY STYEL ACADEMIA FUNCIONAL,08,20251202,20190917,SP,7107
34895721,0001,1,CLUBE EM CORPO,02,20190917,20190917,SP,6477
34900113,0001,1,NATAL FIT ACADEMIA,02,20190917,20190917,RN,1761
34903079,0001,1,ESCOLA DE LUTA - CENTRO DE ARTES MARCIAIS,02,20190917,20190917,MG,4573
34905128,0001,1,ACADEMIA MAIS SAUDE,08,20250115,20190918,MG,4141
34923477,0001,1,REPI - O RESGATE DA PESSSA IDEAL,02,20190919,20190919,MG,4123
32117992,0001,1,BOX SANTA,02,20181127,20181127,RN,1759
34956196,0001,1,CROSS NUTRITION BOX ALPHAVILLE,08,20200617,20190923,SP,6213
34957820,0001,1,,04,20240830,20190923,SP,6713
34963647,0001,1,LEGATUM TRIAD,02,20190923,20190923,SP,7183
34966379,0001,1,GRUPO LOBUS,04,20240808,20190923,RJ,6001
34973062,0001,1,ACADEMIA TOP FITNESS,02,20190924,20190924,PA,0509
34986244,0001,1,,02,20190925,20190925,SP,6251
30013662,0001,1,DOMINIO DA BOLA,02,20180322,20180322,PR,7885
35000867,0001,1,,02,20181016,20181016,SP,7107
35013842,0001,1,EVO FITNESS STUDIO,02,20190927,20190927,MG,5191
35027452,0001,1,CROSSIRON,02,20190930,20190930,SP,6179
35061628,0001,1,BEM ESTAR STUDIO DE PILATES,02,20191002,20191002,MT,9871
31695336,0001,1,CROSSBODY FUNCIONAL AO EXTREMO,02,20181005,20181005,SP,7107
35082624,0001,1,NEXUS,08,20200604,20191004,SP,7107
21076132,0002,2,BRAVA PILATES,02,20191004,20191004,SC,8039
35087646,0001,1,,02,20191004,20191004,SC,8339
35093874,0001,1,VITA MAX ACADEMIA,02,20231026,20191007,PI,1219
35100560,0001,1,ESPACO GERACAO 60 FORCA-SAUDE,02,20191007,20191007,SP,7107
35101505,0001,1,ACADEMIA CRIS VALENTE,02,20191007,20191007,DF,9701
35109012,0001,1,,02,20191008,20191008,SC,8161
35119850,0001,1,MOLDADOS A FERRO GYM,02,20191008,20191008,SP,6393
34224610,0001,1,,02,20190716,20190716,MS,9051
35146373,0001,1,,02,20191010,20191010,PR,7937
35150172,0001,1,,02,20191010,20191010,MG,4723
35150625,0001,1,ATIVA PILATES GUARUJA,02,20241210,20191010,SP,6475
29231254,0002,2,ONE ACADEMIA,08,20201009,20191010,ES,5625
35156420,0001,1,,02,20191011,20191011,RS,9821
35157985,0001,1,TEAM FALAVIGNA 2FSPORTS,02,20220325,20191011,RS,8801
35171829,0001,1,ACADEMIA ATIVA FITNESS,02,20191014,20191014,RJ,2921
35172777,0001,1,BIOLIGHT ACADEMIA,08,20220404,20191014,RS,8561
35179750,0001,1,,04,20260528,20191014,MG,4595
33006785,0001,1,CORPO ATIVO,02,20221122,20190312,ES,5699
35187132,0001,1,SHAPE FIT,02,20220822,20191015,CE,1527
35188551,0001,1,CODE,02,20191015,20191015,RS,8801
35190986,0001,1,,02,20191015,20191015,SP,6137
35192370,0001,1,ACADEMIA STILLO FITNESS,08,20200828,20191015,GO,9373
35210834,0001,1,NOVA GENES ACADEMIA,08,20231221,20191016,BA,3391
35214996,0001,1,BODYMY,02,20191016,20191016,SP,6291
07635954,0002,2,BOX CROSS MACAPA,04,20210223,20191017,AP,0605
35217765,0001,1,,08,20200610,20191017,SP,7151
35222517,0001,1,BEM ESTAR ACADEMIA TERAPEUTICA,02,20191017,20191017,RS,8667
35237534,0001,1,,04,20210305,20191018,SP,7107
35244810,0001,1,STUDIO MOVA PILATES,02,20191020,20191020,SP,7107
35247047,0001,1,CROSSFIT ESTIVADORES,02,20191021,20191021,PR,7535
35271250,0001,1,SEGURA HEALTH,02,20221109,20191022,SP,7107
14519051,0003,2,ACADEMIA INOVA FITNESS,02,20180124,20180124,BA,3403
19000114,0002,2,CENTRO DE CONDICIONAMENTO FISICO FERREIRA,08,20210813,20190722,MG,4123
35279984,0001,1,MAROMBA GYM FITNESS,02,20191023,20191023,MG,5257
35281961,0001,1,INSPIRE STUDIO DE PILATES,04,20240816,20191023,AL,2785
35282770,0001,1,ACADEMIA LIFE - ATITUDE & MOVIMENTO,08,20251002,20191023,AL,2785
35287998,0001,1,CBQ FITNESS,02,20191023,20191023,MG,4213
35289952,0001,1,STAR FITNESS ACADEMIA,04,20260603,20191023,MG,0604
35293541,0001,1,,02,20191024,20191024,SP,6219
35295664,0001,1,STUDIO GUTO LOPES PERSONAL,02,20191024,20191024,PA,0427
27994515,0001,1,YVE LEAO PILATES E FISIOTERAPIA,08,20191025,20170620,AL,2785
35337568,0001,1,WLCFIT ACADEMIA,02,20191029,20191029,MA,0887
35343542,0001,1,C4 FITNESS,02,20191029,20191029,MT,9059
35343613,0001,1,*****,08,20250429,20191029,SP,6179
34836706,0001,1,DN MAROMBA FITNESS,02,20190911,20190911,PE,2419
35362810,0001,1,SMART TRAINING,08,20230327,20191031,MG,4265
35363101,0001,1,VOLTS BOOTCAMP STUDIO,08,20210322,20191031,PE,2531
35372667,0001,1,TATICA GYM,02,20191031,20191031,SP,7095
35374437,0001,1,CAPITAL CROSS,02,20191031,20191031,GO,9373
35374829,0001,1,,02,20191031,20191031,SP,7107
35379219,0001,1,RESISTENCE,08,20240728,20191101,DF,9701
35394367,0001,1,CELERIS FIT,08,20230531,20191104,BA,3515
35397839,0001,1,FITWAY ACADEMIA,08,20250130,20191104,RS,8963
35402154,0001,1,EVOLUA TRAINING,02,20191104,20191104,DF,9701
33783054,0001,1,CONEXAO SP-MADRID,02,20190530,20190530,SP,7107
35441058,0001,1,SQUARE CROSSFIT,08,20250327,20191107,PB,2051
35447388,0001,1,MEDLEY NATACAO E HIDROGINASTICA,02,20191107,20191107,PR,7667
35449191,0001,1,OFICINA DO CORPO,02,20191107,20191107,MS,9123
35473192,0001,1,GYM FORCE ACADEMIA,02,20191111,20191111,SP,6155
15715864,0003,2,ACADEMIA MOVIMENTU'S,02,20191111,20191111,PR,7881
35476435,0001,1,E J STUDIO SAUDE,02,20191111,20191111,RJ,6001
35484941,0001,1,FIT CORPUS ACADEMIA,08,20220802,20191112,PI,1025
35488602,0001,1,VIVA MAIS CENTRO DE SAUDE,02,20191112,20191112,SC,8113
35509621,0001,1,INTENSE ACADEMIA DE GINASTICA E MUSCULACAO,08,20230823,20191113,RS,8749
35515084,0001,1,,02,20191114,20191114,PR,7739
35524177,0001,1,STUDIO E ACADEMIA AUGUSTO SALEH,08,20251001,20191114,RS,8791
35546864,0001,1,ARENNA FITNESS,08,20200507,20191119,PI,1219
35547244,0001,1,ACADEMIA AQUARIUS,02,20191119,20191119,MG,4881
35553336,0001,1,EVOLT FUNCIONAL FITNESS,08,20240401,20191119,ES,5691
35554177,0001,1,STUDIO FLUITARE,02,20191119,20191119,PR,7777
35563357,0001,1,BOX PORTO DE SANTANA,04,20260515,20191120,ES,5625
35577075,0001,1,STUDIO LION FIT,08,20200504,20191121,AL,2793
35590871,0001,1,Travassos Monteiro Treinamentos,02,20191122,20191122,RJ,6001
35594000,0001,1,,08,20200123,20191122,SC,8355
35604597,0001,1,TREINO ALFA,02,20240206,20191125,CE,1571
35618630,0001,1,SWIFIT ACADEMIA,02,20260528,20191126,AC,0107
35619829,0001,1,STUDIO HEAVY TRAINING,02,20191126,20191126,PB,2087
35623692,0001,1,UP ACADEMIA,02,20210805,20191126,GO,9375
35624761,0001,1,ACADEMIA FABRICA DE SAUDE,08,20240120,20191126,PA,0523
35629155,0001,1,MOINHOS FITNESS,08,20210831,20191127,RS,8801
35629566,0001,1,PRO UP ACADEMIA,08,20250125,20191127,RS,8801
35631322,0001,1,TOP FITNESS,02,20211217,20191127,PB,1917
35643163,0001,1,D Z CENTRO AQUATICO,02,20191128,20191128,ES,5703
35663362,0001,1,JULIA CZEPAK PERSONAL TRAINER,08,20220317,20191129,GO,9373
31467033,0001,1,DECISION FIT,08,20240423,20180911,SP,7107
35672993,0001,1,RC ACADEMIA,08,20231226,20191202,BA,3849
30287406,0008,2,BLUEFIT ASA NORTE,02,20191202,20191202,DF,9701
35688173,0001,1,LIFETIME FITNESS,02,20191203,20191203,MT,9871
35688594,0001,1,OF BRASIL,08,20230426,20191203,SP,7057
28975433,0001,1,EMPIRE TRAINING,08,20260416,20171031,ES,5641
35697914,0001,1,HOT 80,02,20191204,20191204,SP,7029
35700394,0001,1,ACADEMIA RM GIM,02,20191204,20191204,RN,1761
35703076,0001,1,ON TRACK,08,20260323,20191204,MG,4895
35703592,0001,1,STUDIO PERFORMANCE LTDA,02,20191204,20191204,ES,5629
35712478,0001,1,GYM FIT,02,20191205,20191205,SP,7273
35720972,0001,1,ACADEMIA SAULO SARDINHA,02,20191206,20191206,RJ,5819
29300686,0001,1,TAO PILATES & YOGA,08,20191206,20171220,AP,0605
35742016,0001,1,W.A PERFORMANCE E SAUDE,02,20191209,20191209,SP,6583
35750552,0001,1,EQUILIBRIO FIT,08,20250113,20191210,MG,5241
35750925,0001,1,POWER FIT CENTRO DE TREINAMENTO,02,20191210,20191210,SC,8279
35752349,0001,1,OPEN FORM,02,20191210,20191210,SC,8093
35765769,0001,1,,08,20200604,20191211,RS,8729
35768442,0001,1,ACADEMIA ANDAIA FITNESS,02,20191211,20191211,BA,3873
35772662,0001,1,BOX ARACRUZ,08,20221202,20191212,ES,5611
35773762,0001,1,ACADEMIA GUIA DO CORPO,02,20241017,20191212,CE,1389
35775726,0001,1,CORPUS PILATES & FISIO. ATT,02,20191212,20191212,DF,9701
35777540,0001,1,CTFC CENTRO DE TREINAMENTO FISICO E COMBATE,02,20191212,20191212,RJ,5893
35785154,0001,1,PRO FIT ACADEMIA,02,20191213,20191213,MG,5259
06901682,0004,2,MOINHOS FITNESS,08,20210916,20191213,RS,8801
35800006,0001,1,THE FIT ACADEMIA,02,20191216,20191216,PI,1219
35805255,0001,1,CASA DE TREINO,08,20231109,20191217,SP,6189
35806296,0001,1,STIVE GYM,08,20250219,20191217,PE,2519
35815035,0001,1,G & A TRAINING STUDIO,02,20191218,20191218,SC,8081
35823528,0001,1,HAPPY KIDS,02,20191219,20191219,CE,1589
35825840,0001,1,,02,20191219,20191219,SP,6789
35826095,0001,1,GUETHO ATOS,02,20210706,20191219,RS,8801
35842325,0001,1,VEGAS GYM ACADEMIA,04,20260605,20191218,RS,8801
35845774,0001,1,NOVA MINAS,02,20191224,20191224,MG,4945
35848325,0001,1,M&R STUDIO GYM,02,20191226,20191226,SP,6969
35850041,0001,1,ACADEMIA MULTI PERFORMANCE ISOMFLEX,02,20191226,20191226,AL,2701
35851934,0001,1,O2,08,20210408,20191226,SP,7183
35856734,0001,1,SEVEN CENTRO DE TREINAMENTO FISICO,08,20240619,20191227,MG,5009
35863666,0001,1,STUDIO FIVE,02,20191230,20191230,MG,4959
26059163,0001,1,EQUILIBRIO ACADEMIA,02,20160830,20160830,MG,4249
28154616,0001,1,,02,20230818,20170711,SP,6361
07594978,0353,2,,02,20190909,20190909,SP,7107
07594978,0378,2,,02,20200102,20200102,SP,7075
35881522,0001,1,"ACADEMIA LIFE FITNESS MUSCULACAO ,TREINAMENTO E RITIMOS",02,20200103,20200103,RR,0303
35817876,0001,1,ACADEMIA RR PERFORMACE,08,20220428,20191218,RJ,6001
35897943,0001,1,,02,20200106,20200106,CE,1243
35898412,0001,1,INFINNITY FITNESS,02,20200106,20200106,MG,5035
35913161,0001,1,GD13,02,20200107,20200107,GO,9373
35930729,0001,1,DC FITNESS,04,20260605,20200108,RS,8791
32636145,0001,1,CROSS LIFE FAZENDA,08,20200116,20190201,SP,6619
35943528,0001,1,ESTUDIO PRO TREINAMENTO FISICO & SAUDE,08,20210920,20200109,MG,4123
35944536,0001,1,ACADEMIA ESPACO FIT,02,20200109,20200109,AL,2807
35946392,0001,1,MARVEL ACADEMIA,02,20200109,20200109,PR,7735
34537817,0001,1,MORRO DA CRUZ SPORTS,02,20230629,20190814,DF,9701
35950235,0001,1,,02,20200109,20200109,MG,5441
35950589,0001,1,MOVA BEM-ESTAR,02,20200109,20200109,SP,7099
35958432,0001,1,ALIVIAR REABILITACAO SAUDE E BEM ESTAR,04,20220607,20200110,GO,9753
35967166,0001,1,ACADEMIA VIVER BEM,08,20210115,20200110,ES,5629
35975654,0001,1,TECH SPORT,02,20200113,20200113,MG,4957
35975793,0001,1,,08,20250122,20200113,SP,6363
35977139,0001,1,PRI M.E. FIT,02,20200113,20200113,SP,6681
35978104,0001,1,STUDIO NAFISIO PILATES E FISIOTERAPIA,02,20200113,20200113,AL,2785
35990371,0001,1,CORPO BELO,02,20200114,20200114,CE,1359
35995464,0001,1,J7 FIT,02,20200114,20200114,SP,6477
36004369,0001,1,ACADEMIA SANDES,02,20200114,20200114,PI,1105
36009531,0001,1,PERSONAL 10,08,20211104,20200115,RO,0003
36010813,0001,1,ACADEMIA BASICA,02,20260610,20200115,BA,3849
36011783,0001,1,,08,20211227,20200115,RJ,5813
36036429,0001,1,CIRCUITO FITNESS,02,20200115,20200115,BA,3993
36037853,0001,1,GO UP STUDIO,02,20200117,20200117,RS,8915
36038490,0001,1,IRON GYM,08,20230310,20200117,PR,7935
36043879,0001,1,PILATES & COMPANHIA,02,20200117,20200117,MG,4123
27709826,0001,1,,08,20200123,20170511,RJ,6001
36058607,0001,1,BE CROSSFIT,02,20200120,20200120,SP,6475
36059159,0001,1,,08,20240502,20200120,PE,2531
36075066,0001,1,GREEN FIT SAUDE E BEM ESTAR,02,20241002,20200121,SP,2965
36077542,0001,1,"AGS ACADEMIA, FITNESS E SOCCER",02,20200121,20200121,MG,4733
36079520,0001,1,ACADEMIA TREND FITNESS,02,20200121,20200121,PI,1167
36091805,0001,1,ACADEMIA PIT BULL FITNESS,08,20211117,20200122,SP,6427
36094087,0001,1,,08,20200827,20200122,SP,7107
36094229,0001,1,DOM - ESPACO INCLUSIVO DE TREINAMENTO INTEGRADO,08,20240704,20200122,AL,2785
36104809,0001,1,KEEP FITNES,02,20200123,20200123,SP,6795
36108206,0001,1,ACADEMIA POWER FIT,02,20200123,20200123,MG,5419
07594978,0387,2,,02,20200123,20200123,RJ,6001
36109843,0001,1,POWER FITNESS ACADEMIA,08,20201111,20200123,BA,3761
36116023,0001,1,GORILA RISE,02,20200123,20200123,MT,9167
36117362,0001,1,MAX CENTRO DE TREINAMENTO,02,20200123,20200123,PA,0595
32251174,0001,1,POWER FIT,08,20200804,20181213,PR,7823
36129786,0001,1,TECFIT ASA NORTE,08,20260223,20200124,DF,9701
35662902,0001,1,XPRIME ACADEMIA JUNDIAI,02,20191129,20191129,SP,6619
36139866,0001,1,G1 ACADEMIA,08,20210226,20200127,RN,1761
36144886,0001,1,"L.A ACADEMIA, SUPLEMENTOS E ALIMENTOS",04,20240819,20200127,CE,1527
36147998,0001,1,CENTRO DE TREINAMENTO ESPECIALIZADO ELITE,08,20200721,20200127,GO,9377
36153248,0001,1,STUDIO VOLARI PILATES,02,20200128,20200128,SC,8039
29580011,0001,1,FITNESSPORT ACADEMIA,08,20200128,20180131,SP,6769
36184822,0001,1,ACADEMIA CORPO ATIVO,08,20260325,20200129,MT,9067
26506616,0001,1,ACADEMIA ESTACAO FIT,08,20200129,20161108,PE,2531
24921465,0041,2,,02,20200130,20200130,SP,6969
36190806,0001,1,STUDIO BELLA CORP,02,20200130,20200130,RJ,5853
36192867,0001,1,STAR FIT,08,20230216,20200130,SP,7107
33780106,0001,1,ATLETICA JARDIM VANTE,02,20190530,20190530,SP,6913
36209884,0001,1,MOOVE HARD TRAINING,02,20200131,20200131,PR,7587
36210282,0001,1,,02,20200131,20200131,SP,6619
36213897,0001,1,RAIZ ESPORTE,08,20240722,20200131,SP,7107
36226230,0001,1,ACADEMIA SOL,02,20240527,20200203,SP,6897
36226474,0001,1,INSPIRE STUDIO PILATES,02,20200203,20200203,SC,8355
36241904,0001,1,ACADEMIA EVOLUCAO,08,20210921,20200204,SC,8105
36242241,0001,1,ABFC,02,20200117,20200117,SP,7107
36255108,0001,1,STUDIO INCORPUS,02,20200205,20200205,SC,8039
36267820,0001,1,,02,20200205,20200205,SC,8105
36271512,0001,1,ACADEMIA FORMULA FITNESS,08,20240112,20200206,PB,2051
36289382,0001,1,STUDIO VIVIANE ALVES,02,20200207,20200207,TO,9733
36292004,0001,1,,02,20200207,20200207,RJ,5807
36297903,0001,1,CROSS NUTRITION BOX - UNIDADE GOUVELANDIA-GO,08,20220401,20200207,GO,9799
36302080,0001,1,ACADEMIA TOP GYM,08,20240312,20200208,PR,7943
36308516,0001,1,SYFIT ACADEMIA,08,20231011,20200210,CE,1389
36309061,0001,1,P.H.D. ACADEMIA SPORTS,04,20220208,20200210,PR,7769
36324397,0001,1,CROSS EXPERIENCE SAO LOURENCO,04,20231116,20200211,MG,5273
36332460,0001,1,ATIVE O CORPO,04,20260527,20200211,DF,9701
35973876,0001,1,BREDER FIT ACADEMIA,08,20260218,20200113,SC,8267
36339202,0001,1,EVOSTRT XPRESS,08,20200727,20200212,AL,2785
26975740,0001,1,TREINADOR DESPORTIVO,08,20200212,20170128,PR,7733
36352114,0001,1,NEW LIFE ACADEMIA,02,20230413,20200212,SP,6929
36363121,0001,1,HEALTH FIRST CENTRO DE TREINAMENTO,08,20250331,20200213,PR,7667
36367879,0001,1,ACADEMIA CORPO E SAUDE,02,20200213,20200213,DF,9701
36372644,0001,1,CF QUINZE,02,20200214,20200214,SP,7121
24475182,0002,2,,02,20200214,20200214,RS,8849
36403569,0001,1,,08,20230120,20200217,RS,8801
36404342,0001,1,,02,20200217,20200217,SC,8105
36410590,0001,1,ACADEMIA PRATIQUE FITNESS,02,20200218,20200218,MG,4371
36415946,0001,1,JOGUFITNESS,02,20200218,20200218,MG,5413
32682316,0001,1,ACADEMIA XPLOUD GYM,04,20260527,20190206,GO,9373
36429484,0001,1,,08,20201216,20200219,SP,7107
36431119,0001,1,ACADEMIA ARENA,02,20200219,20200219,SP,6587
36436840,0001,1,IMKS ATIVIDADES FISICAS,02,20200219,20200219,SP,7107
36440640,0001,1,ACADEMIA FEMININA STUDIO DIVA Z,02,20200220,20200220,MS,9113
36443260,0001,1,STUDIO MOVE'B,02,20200220,20200220,RJ,6001
36443385,0001,1,ACADEMIA MEGA FIT,02,20200220,20200220,RJ,2913
36444272,0001,1,GUILHERME AMORIM PERSONAL TRAINER,04,20220609,20200220,SP,7107
36447759,0001,1,MAYARA GERBASI STUDIO PILATES,02,20200221,20200221,SP,6221
36452016,0001,1,ACADEMIA METABOLIC,02,20200221,20200221,SP,6899
36454884,0001,1,ALQUIMIA CROSS TRAINING,02,20200221,20200221,SE,3169
36465002,0001,1,TEMPLEFIT,08,20260401,20200224,RS,7379
36473501,0001,1,,08,20230425,20200226,SP,6281
36474954,0001,1,BOX CROSS ACADEMIA ABELARDO LUZ,04,20220208,20200226,SC,8001
17401416,0003,2,ULTRA,02,20200227,20200227,MG,5403
36489998,0001,1,CT PILATES ESTUDIOS,02,20200227,20200227,SP,7107
36505597,0001,1,SANDRA SANTOS PILATES STUDIO,02,20200228,20200228,SP,7107
36515594,0001,1,STUDIO FUNCIONAL FIGHT,04,20220607,20200302,CE,1505
36516529,0001,1,CROSS EXPERIENCE CARAGUATATUBA,08,20211207,20200302,SP,6311
36518404,0001,1,ACADEMIA DINAMICA DO CORPO,02,20200302,20200302,RJ,2923
36525382,0001,1,ACADEMIA DO CARLAO,02,20200303,20200303,SP,6181
36526109,0001,1,NATURAL ACADEMIA,02,20260528,20200303,CE,1505
36529081,0001,1,IFIT CLUB,02,20200303,20200303,SE,3251
36532862,0001,1,ACADEMIA SUPERFIT PRAIA,02,20200303,20200303,ES,5703
36545106,0001,1,,02,20200304,20200304,PR,7921
36566723,0001,1,PREMIER FITNESS,02,20230605,20200305,RJ,6001
36567431,0001,1,,02,20200305,20200305,MG,0622
36567937,0001,1,TECFIT ALDEOTA,04,20260515,20200305,CE,1389
36569090,0001,1,STUDIO ESTACAO FITNESS SL,02,20200305,20200305,BA,3873
36573655,0001,1,FERNANDES E BARBIERI,02,20200305,20200305,SP,7107
36581667,0001,1,ACADEMIA ATIVA,08,20210430,20200306,SP,6379
36582939,0001,1,ACADEMIA ZEUZ,08,20211020,20200306,SP,7107
36584098,0001,1,ACADEMIA M.A21,02,20200306,20200306,BA,3849
36597918,0001,1,,02,20200309,20200309,RS,8729
33656755,0001,1,STUDIO FITNESS,08,20200924,20190517,BA,3669
36608553,0001,1,AE - EDUCADORES FISICOS,02,20200309,20200309,MT,9035
33886468,0001,1,STUDIO FENIX TRAINER,02,20190611,20190611,MG,4617
36631453,0001,1,,02,20200311,20200311,PR,7935
36633723,0001,1,M GOLD,08,20210122,20200311,PA,0427
36637521,0001,1,STUDIO LOPES LIFE,02,20200311,20200311,BA,3993
21184702,0002,2,,02,20220524,20200312,CE,1443
36657471,0001,1,,02,20200312,20200312,SC,8327
35677961,0002,2,TOKKE QUALIDADE DE VIDA,08,20221208,20191202,DF,9701
16681502,0002,2,GMAX FIT ACADEMIA,08,20240528,20200313,PE,2435
36669832,0001,1,STUDIO CAROL SABATINI,04,20220608,20200313,ES,5683
36671189,0001,1,VL FITNESS,02,20200313,20200313,MG,4371
34875738,0001,1,PEGASUS CROSS TRAINNG,02,20220615,20190916,MG,4701
36685234,0001,1,HD CROSS,02,20200316,20200316,AM,0255
33758982,0002,2,CROSS NUTRITION BOX GIARDINO,08,20200812,20200316,SP,6569
36686076,0001,1,SPARTAN GYM ACADEMIA,08,20210104,20200316,RS,7347
27026209,0003,2,,08,20220321,20200316,MG,0566
36706078,0001,1,STUDIO DANI PORTELLA,02,20200317,20200317,RS,8841
36717863,0001,1,CROSS EXPERIENCE,08,20230217,20200318,MT,8985
36737622,0001,1,VOLTS BOOTCAMP TAMARINEIRA,08,20210622,20200320,PE,2531
36748526,0001,1,ACADEMIA CORPO ATIVO,02,20200323,20200323,TO,9733
36785452,0001,1,CT MAX FITTNESS,02,20200327,20200327,SP,7107
36845122,0001,1,,08,20250425,20200402,MG,4123
26625374,0001,1,JR STUDIO FITNESS,08,20200403,20161129,CE,1389
36877642,0001,1,MORI SPORT CENTER,08,20210416,20200406,PR,7825
36888037,0001,1,CONSULTORIA MOVFIT,02,20200407,20200407,MG,4123
36896979,0001,1,SMALL ACADEMIA,02,20200408,20200408,DF,9701
36931272,0001,1,,02,20200414,20200414,SP,6291
36940288,0001,1,ACQUA FIT ACADEMIA,08,20210812,20200415,MG,4553
36944777,0001,1,,02,20200416,20200416,RS,8801
36952731,0001,1,RELIGARE,02,20200417,20200417,RS,8771
36986530,0001,1,,02,20200423,20200423,RS,8639
36987067,0001,1,ARM FIT,02,20220613,20200423,GO,9357
36987912,0001,1,YPSOS ACADEMIA,08,20230102,20200423,RN,1761
36941245,0001,1,SIARLITON'S ACADEMIA,04,20231109,20200415,PA,0425
34956571,0001,1,FITNESS CLUB,02,20190923,20190923,MG,4917
37010784,0001,1,ESTUDIO PAMELA ANDRADE,08,20260519,20200427,MG,5385
37011332,0001,1,STUDIO LA FEMME - TREINAMENTO FUNCIONAL,08,20230118,20200427,MT,9763
35240127,0002,2,BELA FITNESS,02,20200428,20200428,MA,0120
37021064,0001,1,ACADEMIA TOP SHAPE GYM,02,20200428,20200428,RR,0301
37037359,0001,1,ACADEMIA WIN LIFE,02,20200430,20200430,SC,8261
37059467,0001,1,PSA ACADEMIA,04,20260529,20200504,GO,9373
37062745,0001,1,STUDIO DE PERSONAL,02,20200505,20200505,MG,5413
37063086,0001,1,,08,20230209,20200505,MG,5397
37066848,0001,1,JD FITNESS ACADEMIA,02,20200505,20200505,BA,3099
37089188,0001,1,IR MAX FITNESS,08,20200828,20200507,BA,3909
37098343,0001,1,NL PERSONAL STUDIO,02,20200508,20200508,GO,9269
37109221,0001,1,ADRENALINE FITNESS,04,20220608,20200511,MT,9067
35768114,0001,1,POWERUP,08,20220125,20191211,SC,8029
37117434,0001,1,STUDIO FITNESS JACKELINE PANCERI,02,20200512,20200512,SC,8379
37122932,0001,1,,02,20200512,20200512,RS,0968
37124801,0001,1,ACADEMIA PERSONALIZADA FLAVIO FIT,02,20200512,20200512,GO,9221
37129767,0001,1,,02,20200513,20200513,TO,9559
37139981,0001,1,MATCH FIT,08,20241210,20200514,PE,2531
37149392,0001,1,STUDIO FISIOCENTRO,03,20220128,20200515,MS,9051
35008061,0001,1,CT GABRIEL COELHO 1,02,20190927,20190927,RS,8737
37173577,0001,1,CORPO E MOVIMENTO,02,20200519,20200519,MG,4885
37177419,0001,1,CF ITAQUERA TRAINING FOR HIGH PERFORMANCE ATHLETES,08,20240126,20200519,SP,7107
37201320,0001,1,ACADEMIA ESTACAO VIDA,08,20230809,20200521,SE,3105
37208738,0001,1,WBR FIT ACADEMIA 8,02,20200522,20200522,MG,5343
37219111,0001,1,WBR FIT ACADEMIA 3,08,20251030,20200525,MG,5343
37225957,0001,1,,02,20200525,20200525,SP,7107
37227896,0001,1,LIFE STYLE ACADEMIA,08,20220114,20200526,TO,9729
28498973,0001,1,ACADEMIA SPORT STAR,08,20200526,20170824,RN,1761
37246502,0001,1,ACADEMIA MAIS SAUDE,02,20200526,20200526,BA,3801
37251332,0001,1,ESTACAO FIT ACADEMIA,02,20200528,20200528,PR,7681
32507127,0001,1,CIX LIFE PERFORMANCE,08,20200617,20190121,SP,7107
37254220,0001,1,,02,20200528,20200528,SP,2957
27663204,0001,1,ESTAR BEM STUDIO PILATES,08,20200529,20170505,SE,3105
37272735,0001,1,STUDIO JAQUEGALVAO,08,20241009,20200530,AL,2785
30769960,0002,2,UNIDADE ANAPOLIS,08,20250930,20200531,GO,9221
37280771,0001,1,ONLIFE ACADEMIA,02,20200601,20200601,SP,7079
37281955,0001,1,ACADEMIA ARENA FUNCTIONAL TRAINING,02,20200601,20200601,RO,0007
37286781,0001,1,VIVA BEM SPORTS,02,20200601,20200601,SP,6119
37289849,0001,1,FLEX ACADEMIA,02,20200601,20200601,RS,8507
37292200,0001,1,MOVIMENTE - ESPACO FITNESS,02,20200602,20200602,SC,0973
37298087,0001,1,,02,20200602,20200602,SP,7201
37300147,0001,1,R12 STUDIO TRAINING,02,20200602,20200602,MG,5035
37308981,0001,1,BOX RIBEIRAO PIRES,08,20230802,20200603,SP,6967
37315111,0001,1,,08,20240812,20200603,SP,6713
35691092,0001,1,,02,20260525,20191203,SP,6229
37331784,0001,1,FITNESS ONLINE CO,02,20200605,20200605,PR,7535
29169719,0001,1,ACADEMIA POLLO EVOLUTION,08,20200605,20171129,SP,6179
37338074,0001,1,SKYFIT ACADEMIA - UNIDADE SAO CARLOS,02,20200605,20200605,SP,7079
37343778,0001,1,,02,20260527,20200606,BA,3849
37347178,0001,1,ACADEMIA ELTON SILVA,02,20200607,20200607,PE,2361
37350649,0001,1,ACADEMIA OLYMPIA,02,20200608,20200608,BA,3849
37352526,0001,1,AXIOS ACADEMIA DO LAGO,08,20240424,20200608,SP,6251
34186300,0001,1,PAMELA NEHME PERSONAL STUDIO,02,20190711,20190711,RS,8877
37382432,0001,1,CF ITUVERAVA,02,20200610,20200610,SP,6583
37396845,0001,1,W - FIT,08,20230502,20200612,MG,5191
37420904,0001,1,ACADEMIA REVIVA,02,20200616,20200616,MG,5019
37424632,0001,1,CT MACROFIT,02,20200616,20200616,AM,0255
37426960,0001,1,,02,20200616,20200616,PR,7535
37429627,0001,1,STUDIO MILA GOLDSTEIN,02,20200616,20200616,RS,8801
37434579,0001,1,VELOZ RUN CLUB,02,20200617,20200617,RS,8801
37436830,0001,1,253,02,20200617,20200617,SP,6553
37441188,0001,1,C.T. MARCOS ROBERTO,08,20240108,20200617,MG,5027
37456544,0001,1,OFICINA DO CORPO,02,20200618,20200618,MG,2689
37458425,0001,1,ADVEN7US ACADEMIA 2,02,20250814,20200618,PA,0447
37499537,0001,1,ELETROHEALTH,08,20220613,20200623,SP,6313
28031370,0001,1,ACADEMIA PRIMEFITGYM,02,20170623,20170623,SP,6689
37522882,0001,1,STUDIO PERSONAL MARCOTITO,02,20200625,20200625,ES,5663
27020770,0001,1,,02,20170202,20170202,SP,6583
37540785,0001,1,AJAFEC,08,20230829,20200626,RJ,6001
37551239,0001,1,,08,20260224,20200628,SP,7107
37555392,0001,1,ACTION FORCE BOX,02,20200629,20200629,RO,0005
28133180,0001,1,R8 CROSSFIT ACADEMIA,08,20210903,20170707,PR,7427
34883681,0002,2,LIPOROBOTICA LAGOA DA PRATA,08,20240903,20200630,MG,4743
24921465,0043,2,,02,20200701,20200701,SP,7107
37579495,0001,1,TRAINING ACADEMIA,08,20230728,20200701,RO,0027
37591222,0001,1,STUDIO MEL FIT,02,20200702,20200702,MG,5055
37610740,0001,1,VIPPER STORE FITNESS,02,20200703,20200703,PB,1987
37615756,0001,1,ESPACO VIVER BEM,02,20200704,20200704,MG,5403
27374546,0001,1,,08,20200706,20170323,SP,6547
31211133,0001,1,HARMONIA FIT,08,20200710,20180814,RO,0009
37626730,0001,1,FLEX ACADEMIA,02,20200706,20200706,PA,0483
37637875,0001,1,,02,20200707,20200707,SP,7075
37638324,0001,1,SERTAO GYM FITNESS,08,20230117,20200707,SE,3211
37641596,0001,1,,08,20240502,20200707,CE,1589
37646690,0001,1,PROFIT ACADEMIA,02,20200707,20200707,GO,9425
37651181,0001,1,DINAMUS FIT,08,20220302,20200708,RS,8669
37655366,0001,1,CENTRO DE TREINAMENTO ONFIRE,02,20200708,20200708,SP,6311
37655611,0001,1,CT HOUSEFIT,02,20200708,20200708,MA,0921
37661817,0001,1,AP TRAINING,02,20200708,20200708,RJ,5875
31411511,0001,1,MARCELA CAMAROTTO PERSONAL TRAINER,08,20260330,20180903,PR,7565
37678460,0001,1,,02,20200710,20200710,PI,1219
37695625,0001,1,AD FITNESS,02,20200713,20200713,RJ,0780
37698817,0001,1,LIFEMOVE TREINAMENTO E SAUDE,02,20200713,20200713,SP,6131
37711800,0001,1,TOP STUDIO PERSONAL LTDA,02,20200714,20200714,GO,9459
37718342,0001,1,,02,20200714,20200714,RJ,6001
37731003,0001,1,Z3 TRAINING,08,20260114,20200715,PA,0427
37747802,0001,1,BIOGYM CAMPO BOM,02,20200716,20200716,RS,8577
37755368,0001,1,STUDIO VIP TREINAMENTO PERSONALIZADO,02,20200716,20200716,SC,8183
37756141,0001,1,ESTUDIO A&A FIT FUNCIONAL E MUSCULACAO,02,20200716,20200716,AM,0255
19852108,0005,2,,08,20231114,20200717,RS,8593
37769810,0001,1,ARTE & FORMA TREINAMENTO PERSONALIZADO,02,20200717,20200717,MS,9039
37780605,0001,1,,02,20200720,20200720,SC,5549
37784264,0001,1,LL FITNESS GYM,02,20200720,20200720,MA,0138
37797709,0001,1,INSTITUTO TECHNOBODY,02,20200721,20200721,RR,0301
30307919,0001,1,,08,20200723,20180426,SP,6681
37841666,0001,1,TEAM MARCUS GOES,02,20200724,20200724,PR,7667
37843203,0001,1,ACADEMIA AQUINO,02,20220621,20200724,GO,9361
31823290,0001,1,ALCATEIA CROSS,08,20220221,20181022,MS,9107
36810532,0001,1,,02,20200330,20200330,MG,0722
28266000,0001,1,,08,20200127,20170726,MG,5035
32045489,0001,1,STUDIO FIUZA PILATES & FISIOTERAPIA,02,20181119,20181119,BA,3413
27525631,0001,1,STUDIO JOUP,02,20170412,20170412,SC,8379
24540788,0002,2,,08,20220726,20190329,ES,5699
31977746,0001,1,ATITUDE FIT LTDA,08,20210121,20181108,SC,0898
28071665,0001,1,DONNA FIT ACADEMIA FEMININA,02,20170626,20170626,SC,8311
32660164,0001,1,,04,20210423,20190204,RN,1759
14760873,0002,2,ARENA ACADEMIA,02,20170613,20170613,RS,1154
28869882,0001,1,BOM FITNESS ACADEMIA,08,20190814,20171017,PB,0454
32013987,0001,1,BODY CLUB,02,20181113,20181113,MG,4069
37861848,0001,1,ENDORPHINE TRAINING,02,20200727,20200727,PB,2051
37861910,0001,1,BLUE BOX FITNESS,02,20200727,20200727,MG,4625
37863837,0001,1,PULSE CENTRO DE TREINAMENTO,02,20200727,20200727,RJ,5865
37869322,0001,1,,02,20200727,20200727,RS,8717
37893655,0001,1,ACADEMIA REFUGIO FITNESS,02,20221018,20200729,AM,0237
37893905,0001,1,ESTUDIO ROSSI,02,20200729,20200729,DF,9701
37894868,0001,1,HESTEN FIT,02,20200729,20200729,SP,7107
37895134,0001,1,CENTRO DE TREINAMENTO BRUNA ALVES,08,20260529,20200729,MG,5273
35491900,0002,2,LIDER ACADEMIA,02,20200729,20200729,PB,2051
37909979,0001,1,ACADEMIA FORCA FISICA,04,20220608,20200730,RN,1779
37914962,0001,1,ELITE GYM,02,20200730,20200730,MG,4791
37917665,0001,1,FITNESS ACADEMY LTDA.,04,20240814,20200730,SP,7107
37933862,0001,1,BODY FIT ACADEMIA LTDA,02,20200731,20200731,MT,9067
37951924,0001,1,ESTUDIO DE PILATES E FISIOTERAPIA,02,20200803,20200803,SC,8227
37952324,0001,1,,02,20200803,20200803,PR,7493
37954362,0001,1,,02,20200803,20200803,ES,5677
37961692,0001,1,ACADEMIA L3,02,20200804,20200804,CE,1389
37964484,0001,1,RELOAD ACADEMIA,04,20220208,20200804,SP,6543
37966445,0001,1,ELEN MARIA,02,20200804,20200804,PR,7469
32972617,0002,2,CROSS VIKINGS,03,20230323,20200804,SC,8233
30577221,0002,2,ACADEMIA MAIS TRAINING,02,20200804,20200804,PB,2051
37979546,0001,1,ACADEMIA JHON EVOLUTION,04,20231109,20200805,PA,0401
37979619,0001,1,PRO FORMA,02,20240509,20200805,MG,5427
37983132,0001,1,MOVING PILATES & TRAINING,02,20200805,20200805,SC,8327
37984147,0001,1,ACADEMIA PREMIUM,02,20200805,20200805,GO,9373
37986464,0001,1,PHISICAL EXCLUSIVE,02,20220314,20200805,PA,0427
37995058,0001,1,C. T. TEAM FELIPE SILVA,04,20220128,20200806,AM,0241
38000910,0001,1,STUDIO MOVESSENCE PILATES,08,20250214,20200806,MG,5413
38011471,0001,1,ZERO HIIT HOUSE,02,20200807,20200807,RS,8771
38024332,0001,1,LN FITNESS,02,20200810,20200810,PE,2457
38026610,0001,1,D.N.A. SPORT ACADEMIA,02,20200810,20200810,SP,7225
38027527,0001,1,SOUL FITNESS ACADEMIA,02,20200810,20200810,PI,1219
38029785,0001,1,BODY FITNESS,02,20240822,20200810,RJ,2909
38041540,0001,1,ESPACO BIENE,08,20211217,20200811,GO,9373
38048808,0001,1,BOX TIGER,02,20200811,20200811,SP,6475
38048844,0001,1,ESPACO FITNESS SAFIRA,02,20200811,20200811,MG,4877
38058776,0001,1,CF PANDA,02,20200812,20200812,RS,8683
38059253,0001,1,AG FIT ACADEMIA,02,20200812,20200812,CE,1369
38060038,0001,1,HIDRO ACTION,08,20260203,20200812,SC,8113
38064536,0001,1,,04,20220609,20200812,RJ,5901
19280420,0002,2,,08,20211210,20200812,PR,7563
32111407,0001,1,ACADEMIA MARIN'S FITNESS,02,20181127,20181127,CE,0985
38074444,0001,1,ACADEMIA MARCIA FREIRE INFINITY,08,20210506,20200813,SP,6969
22151422,0002,2,ACADEMIA MAQFIT,02,20200813,20200813,AL,2705
38097524,0001,1,ACADEMIA BUFALOS FITNESS,08,20220113,20200814,BA,3849
35780047,0002,2,,04,20260525,20200814,MT,9067
38110624,0001,1,ACADEMIA POWER FIT,02,20200817,20200817,MT,9819
38111272,0001,1,SUNSET FIT,08,20210511,20200817,PR,7941
38115212,0001,1,POWER GYM ACADEMIA,02,20200817,20200817,RJ,5847
38131404,0001,1,BODY SPACE FITNESS,02,20200818,20200818,PA,0427
31466825,0002,2,,03,20240604,20200818,RJ,5919
38137492,0001,1,,02,20200818,20200818,RS,8839
33558789,0001,1,NOVA AGUA VIVA ACADEMIA,02,20190508,20190508,SP,6477
38127657,0001,1,,02,20200818,20200818,SP,6457
38161611,0001,1,ESPACO 100 SAUDE,02,20200820,20200820,PE,2435
38176496,0001,1,,02,20200821,20200821,RS,8729
38180672,0001,1,BFITNESS,08,20210511,20200821,PE,2403
38196138,0001,1,CROSS TRAINING DO MORE,08,20211029,20200824,SP,7107
38200353,0001,1,XCLUSIVCORE STUDIO,02,20241021,20200824,BA,3435
36420466,0001,1,BODY CLUB,02,20200218,20200218,PE,2521
38226498,0001,1,ACADEMIA ATLETICA FIT,02,20200826,20200826,MA,0757
38245112,0001,1,BOLA D3,02,20200827,20200827,SP,6589
38246230,0001,1,THIAGO COSTA BOX CF,02,20200827,20200827,BA,3747
38259517,0001,1,TRIBO SPORT CENTER,02,20200828,20200828,SP,7107
38263525,0001,1,PACIFIT,02,20200828,20200828,PR,5507
38266141,0001,1,BOXGYM ACADEMIA,02,20200828,20200828,MG,4647
38266820,0001,1,PERSONAL FIVE,08,20211202,20200828,SP,7145
38277768,0001,1,IRON HOUSE,02,20200831,20200831,SC,8063
38284186,0001,1,KITSUNE,02,20220627,20200831,PR,7667
38284201,0001,1,CONTAINER ACADEMIAS,02,20200831,20200831,MG,2893
30703381,0001,1,METAFORM PILATES,04,20260603,20180614,MG,5403
14817168,0002,2,,08,20230927,20200831,PE,2561
38300974,0001,1,GARAGEM TOP13,08,20220729,20200901,CE,1549
38305022,0001,1,CROSS TRAINING EVOLUTION,02,20200901,20200901,SP,6789
07594978,0415,2,,02,20200902,20200902,ES,5703
38325687,0001,1,COREFIT,02,20220624,20200902,SP,7151
37996684,0001,1,CLINFISIO,08,20260316,20200806,SC,8103
38370511,0001,1,PANZER,02,20200908,20200908,MG,4355
38375360,0001,1,,02,20200908,20200908,RS,8599
33829410,0001,1,ACTION 360,02,20190604,20190604,SP,7107
38383752,0001,1,OLYMPUS ACADEMIA,02,20200909,20200909,MG,4589
38384460,0001,1,MOVEQUALITY STUDIO PERSONAL,08,20231226,20200909,PE,2381
27426797,0001,1,IRON BOX,08,20200910,20170330,MG,5343
38404454,0001,1,C. T. APOLLO,08,20250606,20200910,PE,2549
38414167,0001,1,WORLD FITNESS,02,20200910,20200910,SC,9985
38418318,0001,1,VIRIBUS CENTRO DE TREINAMENTO,08,20240627,20200911,SP,6969
38418330,0001,1,ARTUR GYM,02,20200911,20200911,PI,2285
38421703,0001,1,ACADEMIA NORTE FITNESS,08,20230323,20200911,RR,0301
38438900,0001,1,,02,20200914,20200914,PR,7667
38440135,0001,1,FIT BOX,08,20211019,20200914,PR,7777
38444145,0001,1,EVOQUE ACADEMIA,02,20200914,20200914,SP,6967
38452973,0001,1,ACADEMIA MAGNO THAI,02,20200914,20200914,MT,9925
38457382,0001,1,2FIT SOUL,02,20200915,20200915,SP,7107
07594978,0422,2,,02,20200915,20200915,ES,5703
38464096,0001,1,VIDA MAIS PILATES,02,20200915,20200915,SP,7145
38473887,0001,1,RD FITNESS,04,20231116,20200915,PE,2345
38476470,0001,1,,04,20240808,20200916,PR,7535
38476902,0001,1,CENTRO DE TREINAMENTO COLISEU SPORTS,02,20200916,20200916,RN,1761
38482885,0001,1,BEST CENTER FITNESS LTDA,04,20220609,20200916,SP,7057
38490171,0001,1,WHT XPLOUD ACADEMIA,04,20231116,20200916,PE,2521
22345970,0002,2,NACAO CROSSFIT,08,20240214,20200918,GO,9373
38559620,0001,1,AM FITNESS,08,20250612,20200918,RJ,6001
38589260,0001,1,POWER FIT,08,20210823,20200920,MG,4941
38597478,0001,1,START FITNESS,02,20200921,20200921,PE,2327
38650287,0001,1,COMPLEXO 83,02,20200922,20200922,PB,2225
32372942,0002,2,TCROSS,08,20230224,20200922,MG,4031
38710347,0001,1,ATHENAS GYM,04,20260603,20200923,SC,8329
38714715,0001,1,ACADEMIA PROFITNESS,02,20200923,20200923,SP,7095
38823608,0001,1,,02,20200924,20200924,SP,6493
38824560,0001,1,CT PRIME FIT,02,20200924,20200924,PE,2521
38824862,0001,1,SPARTANOS ACADEMIA,08,20231113,20200924,PA,0595
38924439,0001,1,GS PROGRAMMING,02,20200925,20200925,MG,5029
38927626,0001,1,TOP FITNESS ACADEMIA,02,20200925,20200925,RJ,5915
39145523,0001,1,ACADEMIA OLIMPO,02,20200928,20200928,PB,1981
39147382,0001,1,ACADEMIA SUPERACAO,08,20211021,20200928,SP,7191
39229337,0001,1,MIRANTE CENTRO DE TREINAMENTO,08,20220810,20200929,TO,9733
26008968,0001,1,SAO PAULO TOP TEAM,02,20160823,20160823,SP,6361
39243412,0001,1,BBT TRAINING,08,20260512,20200929,PR,7667
27261814,0002,2,DEFINE PILATES,02,20201001,20201001,SP,7107
39269294,0001,1,ACADEMIA MY MOVE JK,02,20201001,20201001,PR,7667
39269950,0001,1,ACADEMIA SPORT LIFE,02,20201001,20201001,RJ,5897
39276168,0001,1,STUDIO 7 FITNESS,02,20201001,20201001,MG,5401
34564985,0001,1,SPINNER CENTRO DE TREINAMENTO FUNCIONAL,08,20240124,20190816,SP,6711
39285141,0001,1,OLDSCHOOL,08,20210222,20201002,PE,2381
39286246,0001,1,,02,20201001,20201001,PR,7483
39289091,0001,1,CENTRO DE TREINAMENTO CASTALDELLI,02,20201002,20201002,SP,6969
39291038,0001,1,ACADEMIA ESTROND ELITE,02,20201002,20201002,SP,6177
39297094,0001,1,,02,20201003,20201003,SP,7107
39305408,0001,1,PERFORMANCE ACADEMIA,08,20231109,20201005,MG,5145
39314689,0001,1,ELI FIT,02,20201005,20201005,SP,7103
39320359,0001,1,+FIT,08,20210510,20201005,PE,2419
39328784,0001,1,,04,20240819,20201006,BA,3469
39329003,0001,1,,02,20201006,20201006,SP,6847
39342305,0001,1,STUDIO TAURUS FITNESS LTDA,02,20240321,20201007,MG,4123
39342388,0001,1,ACADEMIA I9 INOVE FITNESS,02,20201007,20201007,PB,2175
39344305,0001,1,,02,20201007,20201007,SP,6271
39349475,0001,1,CLUB FITNESS,02,20201007,20201007,PA,0561
39352220,0001,1,DS VALENTIM,02,20201007,20201007,MG,4981
39356773,0001,1,,04,20231121,20201008,SP,2969
39358755,0001,1,LA TEAM,02,20201008,20201008,PR,7589
39363438,0001,1,JC STUDIO,02,20201008,20201008,CE,1429
28970928,0002,2,MUVE FIT ACADEMIA,08,20260204,20201009,AM,0255
39377948,0001,1,,08,20240109,20201009,SP,6905
31638147,0001,1,,02,20180928,20180928,SP,6219
39382115,0001,1,CROSS EXPERIENCE,02,20201009,20201009,MT,8985
39395898,0001,1,CROSS EXPERIENCE RIO POMBA,04,20260610,20201013,MG,5115
39396495,0001,1,VEINOM FITNESS,02,20201013,20201013,MT,9067
39399174,0001,1,GARAGEM GYM,02,20201013,20201013,SP,6219
39401162,0001,1,PEDRO PERSONAL,08,20230904,20201013,RN,1761
39404482,0001,1,,02,20201013,20201013,SP,6251
39408050,0001,1,PANTHER ACADEMIA,02,20201013,20201013,ES,5655
39429604,0001,1,ACTUS BRASIL,02,20201015,20201015,RJ,6001
39430112,0001,1,ROCK GYM ACADEMIA,04,20220608,20201015,MT,9151
39431134,0001,1,,02,20201015,20201015,PR,7535
39432261,0001,1,SPARTACUS GYM,02,20240815,20201015,MT,9163
39434209,0001,1,M 1 FITNESS,02,20201015,20201015,PE,2531
39304624,0001,1,ACADEMIA FORCA DO CORPO,02,20201005,20201005,MG,4123
38355121,0001,1,SLIM FIT,02,20200904,20200904,SE,3157
39445147,0001,1,ACADEMIA NUMBER ONE FIT,04,20260605,20201016,GO,9445
39446615,0001,1,EXCLUSIVA FITNESS,02,20201016,20201016,PR,7477
39452546,0001,1,ACADEMIA GOLD GYM,08,20210308,20201016,SC,8041
39452908,0001,1,,02,20220411,20201016,RJ,6001
39472125,0001,1,SMITHFIT ACADEMIA,02,20201019,20201019,SP,6213
33895729,0001,1,,02,20190611,20190611,SP,7017
39488392,0001,1,TRAINING CORP ACADEMIA,04,20260603,20201020,SC,8081
39490473,0001,1,BOX PLANALTO,02,20201020,20201020,ES,5699
31728820,0001,1,STUDIO FEELZ,08,20220906,20181009,SP,7197
39504636,0001,1,FITNESS CENTER,02,20201021,20201021,CE,1389
39522054,0001,1,ESPACO R FITNESS,04,20240821,20201022,MG,5081
36582424,0001,1,BODY SHAPE ACADEMIA,02,20200306,20200306,RS,8757
34077121,0001,1,WL ASSESSORIA FITNESS,04,20260522,20190701,PR,7535
39531187,0001,1,,02,20201022,20201022,SP,7107
39531313,0001,1,CRISLAINE MOURA STUDIO DE PILATES,08,20221206,20201022,MS,9811
31504818,0001,1,ASSOCIACAO TAEKWONDO YAMASHITA,02,20210506,20180629,SP,6713
33933520,0001,1,M.A ACADEMIA,04,20260527,20190614,GO,9753
39538230,0001,1,YSE FITNESS - ACADEMIA,02,20201023,20201023,MG,4769
39544362,0001,1,MAHI,02,20201023,20201023,SP,6291
39545915,0001,1,MS FITNESS,02,20201023,20201023,PE,2381
31170520,0001,1,TEAM MOVING,02,20180810,20180810,CE,1585
39289127,0001,1,SAMYLLA OLIVEIRA STUDIO FITNESS,02,20201002,20201002,MG,4387
39564027,0001,1,,02,20240229,20201026,AL,2785
39570090,0001,1,ACADEMIA MY WORLD FITNESS GYM,02,20201026,20201026,MG,4069
34228362,0005,2,TECFIT MOEMA II,02,20201027,20201027,SP,7107
39582422,0001,1,OX ACADEMIA,02,20201027,20201027,BA,3833
39594597,0001,1,NP. BOX. CROSS GYM,02,20201028,20201028,RS,8767
26488381,0001,1,,04,20201029,20161104,RJ,2919
28900677,0001,1,JOSEANE,08,20201029,20171020,PB,1975
39610726,0001,1,RB ASSESSORIA ESPORTIVA,02,20201029,20201029,MS,9051
39616083,0001,1,ACADEMIA ALTA PERFORMANCE,04,20260515,20201029,CE,1349
22902694,0105,2,,02,20201030,20201030,RN,1779
26098449,0001,1,,08,20170822,20160903,RJ,5869
26419295,0001,1,SAUDE & MOVIMENTO,08,20170612,20161025,MG,4123
27743671,0001,1,CENTRO DE TREINAMENTO GUSTAVO LOVATO,08,20170926,20170516,RS,8561
28981479,0001,1,,08,20180126,20171101,SP,6131
39643551,0001,1,STUDIO SOUL MAIS FITNESS,02,20221229,20201103,RJ,5865
39652320,0001,1,CF SKULL,08,20230201,20201103,RO,0009
39669561,0001,1,JUDO CLUB MALHAR MANIA,02,20201104,20201104,DF,9701
39675866,0001,1,WMASTER ACADEMIA,02,20201105,20201105,MG,4133
39700381,0001,1,ADAUTO STUDIO PRESONAL TRAINER,02,20201106,20201106,SP,7237
39710651,0001,1,BRUNO TELES CENTRO DE TREINAMENTO PERSONALIZADO,02,20201109,20201109,GO,9301
39711671,0001,1,PACAEMBU CROSS TRAINING,04,20240819,20201109,RJ,2911
39712177,0001,1,STUDIO ESTACAO DO CORPO FITNESS,02,20201109,20201109,PA,0529
39719411,0001,1,ACADEMIA FLEX GYM,02,20201109,20201109,MG,4855
39720136,0001,1,CROSS EXPERIENCE JOINVILLE,02,20201109,20201109,SC,8179
39748616,0001,1,3 ELITE,02,20201111,20201111,MG,4675
39749388,0001,1,PERSONA - CT,02,20201111,20201111,PA,0427
39767996,0001,1,STARFIT ACADEMIA,02,20201112,20201112,PI,1003
39776452,0001,1,STUDIO PILATES ALINE ALMEIDA,02,20201113,20201113,PB,2175
39776622,0001,1,CROSS EXPERIENCE CRUZILIA,02,20201113,20201113,MG,4415
39777950,0001,1,TECFIT SAO LUIS,02,20201113,20201113,MA,0921
39779007,0001,1,INPULSE TREINAMENTOS,02,20201113,20201113,SP,6163
39785573,0001,1,,02,20201114,20201114,RS,8667
38063413,0001,1,CENTRO DE TREINAMENTO BASE,02,20200812,20200812,RS,8841
39790485,0001,1,ON ACADEMIA,02,20201116,20201116,RS,9829
39798395,0001,1,MB GYM,08,20240312,20201116,SP,7099
39806503,0001,1,STUDIO7 TREINAMENTO FUNCIONAL,04,20260610,20201117,MG,5213
39809275,0001,1,KAIZEN CENTRO DE TREINAMENTO,02,20201117,20201117,SP,7145
39817801,0001,1,H FIT OTTO,08,20221219,20201117,RS,8801
32797289,0001,1,CENTRO DE TREINAMENTO RIO PEQUENO,02,20190218,20190218,SP,7107
39826295,0001,1,JULIANA CAMPOS PILATES E FUNCIONAL,08,20210831,20201118,PR,7563
39827604,0001,1,FLUXTRAINING ATIVIDADES FISICAS,08,20250523,20201118,DF,9701
39830976,0001,1,,02,20201118,20201118,SP,7181
38925209,0001,1,KCFITNESS ASSESSORIA ESPORTIVA,08,20221020,20200925,SP,7107
07594978,0426,2,,02,20201119,20201119,CE,1389
39844338,0001,1,,08,20210914,20201119,RJ,6001
39844627,0001,1,CF BOX35,02,20201119,20201119,MG,4957
39846833,0001,1,ACADEMIA MASTER FIT,02,20201119,20201119,PB,2191
34181904,0001,1,EXCLUSIVE PERSONAL STUDIO ACADEMIA LTDA,02,20190711,20190711,MG,4941
39851000,0001,1,ALOHA HEALTH,08,20220331,20201119,SC,8105
39853392,0001,1,POWER HAAS STUDIO DE PILATES,02,20201120,20201120,RS,8915
39858101,0001,1,STUDIO FIT 360,02,20201120,20201120,MG,4123
39865825,0001,1,,03,20250604,20201119,PR,7477
39871534,0001,1,RED BOX CROSS TRAINNING,08,20210324,20201123,SP,7005
39885444,0001,1,BIO FITNESS,08,20221212,20201123,PE,2521
39889017,0001,1,VIDAS LIVRES,03,20230915,20201124,PR,7709
36601560,0001,1,BEMFIT ACADEMIA,02,20200309,20200309,PA,0595
39896061,0001,1,ACADEMIA MFIT,02,20201124,20201124,PI,1105
39896414,0001,1,OFEX STUDIO - OFICINA DO EXERCICIO,02,20201124,20201124,SP,7057
39901718,0001,1,STUDIO FIT21,08,20251008,20201124,MG,4733
39903890,0001,1,,08,20210730,20201125,CE,1401
39913174,0001,1,PERFORMANCE ACADEMIA,08,20220104,20201125,SC,8353
39919472,0001,1,WM LIFE,02,20201126,20201126,MA,0859
39927099,0001,1,CTZ,02,20201126,20201126,RN,1761
39927110,0001,1,REDFOX FIT,08,20210715,20201126,MG,4371
39928038,0001,1,A ACADEMIA,02,20201126,20201126,RR,0301
39933504,0001,1,INICIATIVA TREINAMENTOS,02,20201126,20201126,PR,7535
39950585,0001,1,SANTOS STUDIO DE PILATES,02,20201129,20201129,PR,7535
35440048,0002,2,ACADEMIA CORPO E ALMA,08,20201130,20191107,RS,8519
28110036,0001,1,,08,20201130,20170705,SP,6687
39973661,0001,1,ACADEMIA ACQUA MAIS,02,20201201,20201201,MG,4625
39987747,0001,1,ARENA FIT ESPACO HULK,02,20201202,20201202,SP,6149
39991937,0001,1,MADMAXGYM,08,20231012,20201202,RS,8801
40001154,0001,1,LIFE FIT,02,20201203,20201203,RJ,5901
38261563,0017,2,,08,20211130,20201203,MG,5403
40008565,0001,1,TOP FIT ACADEMIA,02,20201203,20201203,PI,2275
40021326,0001,1,ACADEMIA VIDA E MAR,02,20201204,20201204,SC,8105
35990657,0001,1,T J ACADEMIA,02,20200114,20200114,PB,2231
39888767,0001,1,MOVELAB,02,20201124,20201124,MG,5403
40032528,0001,1,PRO FITNESS ACADEMIA,02,20201207,20201207,RN,1697
40035976,0001,1,SER ESSENCIAL PILATES,02,20201204,20201204,MG,4123
40047530,0001,1,BENTS STUDIO PERSONAL,02,20201208,20201208,DF,9701
40050664,0001,1,BLACK FIT,02,20201208,20201208,BA,3799
40078615,0001,1,BOX FIT,02,20201210,20201210,SP,6565
40085741,0001,1,PROSPORTS EDF,08,20260528,20201211,MA,0921
14493823,0002,2,FRONTEIRA BOX,08,20260514,20201211,SC,8097
40089870,0001,1,PILATES LORENY SANTOS,02,20201211,20201211,MG,4445
40090101,0001,1,MONSTERGYM,08,20260130,20201211,DF,9701
31832383,0001,1,F3 ACADEMIA,08,20201211,20181023,PI,1219
40098940,0001,1,ACADEMIA STUDIO EVOLUCAO FIT,02,20201211,20201211,BA,3913
40101268,0001,1,,02,20201214,20201214,GO,9373
40101288,0001,1,THE HULK GYM,04,20231107,20201214,RN,1741
40108258,0001,1,HERA FITNESS,02,20201214,20201214,CE,1251
40112735,0001,1,VIDATIVA ACADEMIA,02,20201215,20201215,RS,8963
40112892,0001,1,NEXUS CARE,02,20201215,20201215,DF,9701
40114476,0001,1,ESPACO FITNESS,02,20201215,20201215,PB,2117
40116628,0001,1,WM FITNESS ACADEMIA,02,20201215,20201215,PA,0457
40129680,0001,1,VIBE ACADEMIA,02,20201216,20201216,RS,8599
40134204,0001,1,,02,20201216,20201216,SP,7107
31611702,0001,1,ANAMA TREINAMENTO,02,20180925,20180925,SP,7099
40139363,0001,1,ULTRA TRAINING,02,20201217,20201217,SP,7245
40150535,0001,1,REABILITACAO GUSMAO,02,20201218,20201218,MG,5371
40152901,0001,1,STUDIO DOUGLAS BERNARDES,02,20201218,20201218,GO,9433
40158698,0001,1,ACADEMIA BODY FIT GYM,02,20201218,20201218,MG,4959
40178481,0001,1,PROQUALITY ILHA CLUBE,02,20201222,20201222,RJ,5807
40178900,0001,1,ATIVA FITNESS,02,20201222,20201222,RS,8927
40190133,0001,1,ACADEMIA CORPO E SAUDE,02,20201223,20201223,PE,2621
39834215,0001,1,SEXTA ESPORTES,03,20250402,20201118,SP,7071
30220732,0001,1,MOVE ACADEMIA,02,20180417,20180417,SP,6583
40204267,0001,1,KONNEN FIT,02,20201228,20201228,RJ,6001
40208424,0001,1,,02,20201228,20201228,SP,7099
40222212,0001,1,COONECTAUP,02,20201230,20201230,SP,7103
40259041,0001,1,VERAS FUNCTIONAL FITNESS,02,20210105,20210105,DF,9701
26797952,0001,1,ANIELLE,08,20210106,20170104,SP,6131
40278499,0001,1,PHYSIS CLUBE DE TREINAMENTO,02,20210106,20210106,TO,9733
40279519,0001,1,ACADEMIA VIDA E SAUDE,04,20231026,20210106,TO,0331
40290859,0001,1,,08,20250618,20210107,SP,7071
40299770,0001,1,,02,20210107,20210107,DF,9701
40300559,0001,1,ACADEMIA START,02,20240828,20210107,RR,0301
40307059,0001,1,ACADEMIA JOTA NASCIMENTO,02,20210108,20210108,BA,3787
40308442,0001,1,GINASIO ACADEMIA,02,20210108,20210108,PI,1219
40311111,0001,1,ESPACO DALE,02,20210108,20210108,MT,9937
40318448,0001,1,ENGENHARIA DO CORPO,02,20210108,20210108,SC,8081
40333201,0001,1,,02,20210111,20210111,SP,7097
40335255,0001,1,ACADEMIA VITTA CORPUS,02,20210111,20210111,GO,1052
40338382,0001,1,ACADEMIA VIDA FIT,02,20210111,20210111,ES,0766
40357155,0001,1,FULL TIME ACADEMIA IBITURUNA,02,20210112,20210112,MG,4865
40357297,0001,1,HOOKS ARTES MARCIAIS,04,20231117,20210112,RS,8599
40364371,0001,1,,02,20210112,20210112,RS,8511
40371128,0001,1,,02,20210113,20210113,SP,6147
40371439,0001,1,,02,20210113,20210113,RJ,6001
40372502,0001,1,ACADEMIA HN GYM,02,20210113,20210113,CE,1389
40375035,0001,1,POSTO 016 BEACH SPORTS LTDA,08,20240807,20210113,SP,6969
40376836,0001,1,ACQUALAINE ACADEMIA,02,20210113,20210113,SP,6649
40384442,0001,1,MOVEMENT SPORT CROSS,02,20210113,20210113,PA,0453
40388500,0001,1,,02,20210114,20210114,PE,2531
40395929,0001,1,ANAHATA PILATES E TERAPIAS,02,20210114,20210114,PR,7535
40414197,0001,1,V.G.TRAINER,08,20240111,20210115,SP,6285
40416986,0001,1,TONYS LANCHES,02,20210115,20210115,SC,8373
40420582,0001,1,STUDIO GSS,02,20231110,20210115,SC,8161
40447677,0001,1,ACADEMIA FAMILY FITNESS,02,20210118,20210118,RS,8561
40456703,0001,1,,02,20210119,20210119,RJ,6001
40388500,0002,2,,02,20210114,20210114,PE,2531
40463315,0001,1,A FITNESS,02,20210119,20210119,SC,8089
27586804,0001,1,PROISSE REABILITACAO E SAUDE,02,20220624,20170424,SP,7107
40465878,0001,1,,02,20210119,20210119,SP,6269
40467233,0001,1,,02,20210119,20210119,RS,8513
28273547,0002,2,,08,20210914,20210120,PR,7565
40495222,0001,1,ACADEMIA DO MORRO,02,20210121,20210121,BA,3407
40498712,0001,1,CROSS EXPERIENCE RORAINOPOLIS,04,20231026,20210121,RR,0036
27169155,0001,1,,04,20210122,20170222,SP,6589
40513589,0001,1,NEW ERA CROSSWORK,02,20210122,20210122,PR,7691
40515307,0001,1,ASSESSORIA EXTREME RUN,08,20260416,20210122,MG,5035
27401581,0001,1,ARENA FAMILY CLUB,02,20170328,20170328,CE,1373
40525302,0001,1,ACADEMIA ELITE FITNESS,08,20250114,20210122,PR,7667
40529655,0001,1,CROSS ANDRADINA,02,20210122,20210122,SP,6141
32931026,0001,1,B. NSANTOS,08,20210208,20190301,PR,7625
40557351,0001,1,CROSS EXPERIENCE ANDRADAS,08,20220905,20210126,MG,4051
40563185,0001,1,ACADEMIA SUPERACAO FITNESS,02,20210126,20210126,RN,1653
40565002,0001,1,THREE CROSS COLATTO,08,20220726,20210126,SC,8081
40571640,0001,1,ADVEN7US ACADEMIA,02,20210126,20210126,PA,0447
40572014,0001,1,PORTAL FIT ACADEMIA,08,20240923,20210126,SP,6669
40579202,0001,1,ARENA CROSS PV,02,20210127,20210127,SP,6931
40582913,0001,1,MASTER FITNESS,02,20210127,20210127,ES,5725
40584600,0001,1,MB FITNESS,02,20210127,20210127,RJ,5915
40076161,0002,2,BLUEFIT,08,20210721,20210127,RO,0003
40596864,0001,1,PRIMEFIT ACADEMIA,04,20260605,20210127,TO,0072
36611675,0001,1,OLYMPUS CLUB,02,20200309,20200309,SP,6477
40602652,0001,1,BOX JORDANOPOLIS,08,20230418,20210128,SP,7075
40607493,0001,1,ACADEMIA T3,02,20210128,20210128,RN,1779
40617586,0001,1,ACADEMIA OLIVERR GYM LTDA,04,20231027,20210128,SE,3195
40625462,0001,1,NOVO SHAPE ACADEMIA,02,20210129,20210129,MG,4445
40633205,0001,1,GBT CROSS EIRELI,04,20231122,20210129,SP,7145
40643927,0001,1,,08,20250616,20210131,PR,7483
40646342,0001,1,BOX KAIZEN,08,20260515,20210201,SP,6313
40671670,0001,1,LIFE FITNESS,02,20210202,20210202,PR,7435
40674498,0001,1,,02,20210202,20210202,SC,8371
40675652,0001,1,CROSS EXPERIENCE NOVO HORIZONTE,02,20210202,20210202,SP,7099
29969380,0001,1,NOVO IMPACTO,08,20240223,20180319,BA,3653
40686929,0001,1,ALONGA GINASTICA LABORAL,02,20210203,20210203,PR,7691
40687688,0001,1,BLACK WOLF CROSSTRAINING ACADEMIA,02,20210203,20210203,SP,2943
40688122,0001,1,ACADEMIA A1 FIT,02,20210203,20210203,PR,7755
40689733,0001,1,ESPACO MARLI,02,20210203,20210203,PR,7745
40698099,0001,1,ACADEMIA ONLINE,02,20210203,20210203,PR,7535
33392009,0001,1,ACADEMIA SUPERACAO,08,20210203,20190417,SC,5585
40700204,0001,1,DRY ACADEMIA,02,20210203,20210203,GO,9653
26711724,0001,1,FERRAZ TRAINER,08,20210420,20161214,AL,2785
40717414,0001,1,ACADEMIA EU&ELA FITNESS,02,20260128,20210204,CE,1389
40721747,0001,1,,02,20210204,20210204,SP,7107
40722907,0001,1,LIFE FIT PRO,08,20211001,20210204,PR,7543
40736917,0001,1,ACADEMIA TEAM SANTOS,04,20240828,20210205,SP,6969
40383539,0001,1,GOLD'S GYM FITNESS,02,20210113,20210113,MT,9907
40559797,0001,1,PARK COMMUNITY FITNESS,02,20210126,20210126,MG,5155
40748727,0001,1,,02,20210208,20210208,PR,7563
40752209,0001,1,LA VIE SAUDE INTEGRAL,02,20210208,20210208,SP,7057
40754817,0001,1,G 1 FIT EQUIPAMENTOS DE MUSCULACAO,02,20210208,20210208,PB,2051
40755562,0001,1,BIOVITTARE FITNESS CLUB,02,20210208,20210208,SC,8309
40760617,0001,1,AGUAZUL,02,20210208,20210208,MG,4221
40762492,0001,1,PECORARE FITNESS,02,20210208,20210208,SP,6707
40764717,0001,1,JULIANA SUELLEN STUDIO DE PILATES E FISIOTERAPIA,02,20210208,20210208,BA,3413
40777200,0001,1,ETK,02,20210209,20210209,RJ,6001
28047427,0001,1,IN FIT -TREINAMENTO DESPORTIVO,08,20210209,20170627,RJ,6001
40784067,0001,1,CROSS EXPERIENCE CAXAMBU,08,20260228,20210209,MG,4309
40790177,0001,1,CENTRO DE TREINAMENTO TEAM MOREIRA,02,20210210,20210210,MS,9073
40790789,0001,1,VERONICA BITTENCOURT PERSONAL TRAINER,04,20260603,20210210,SC,8179
40806452,0001,1,SPARTACUS ACADEMIA,08,20240509,20210204,SP,6727
40809673,0001,1,,02,20210211,20210211,RS,8599
40811420,0001,1,POWER FITNESS,02,20210211,20210211,PR,7729
40816759,0001,1,POWER FIT,02,20210211,20210211,MG,5403
28410255,0001,1,TAYMILA FERREIRA MIRANDA,04,20210212,20170814,GO,9571
40829883,0001,1,IMPACTO FITNESS,02,20210212,20210212,SP,7181
34451268,0001,1,HSC ACADEMIA,02,20240322,20190807,PE,2589
40837637,0001,1,EAR TRAINING,02,20210212,20210212,MG,5015
40839278,0001,1,SPACO CAMILA VILACA,02,20210212,20210212,MG,4003
40841709,0001,1,CRF PERSONAL TRAINER,08,20240902,20210212,MG,4123
40850641,0001,1,CTM MAIRLA INGRID,02,20240119,20210215,CE,1389
40865713,0001,1,STUDIO ZION,02,20210216,20210216,SP,6251
32002703,0002,2,ELECTRIC_BODY,04,20260520,20210216,BA,3685
40871775,0001,1,IMPACTO FIT,02,20210216,20210216,SP,6563
40882781,0001,1,,02,20210217,20210217,AM,9841
40907865,0001,1,STUDIO BRENNA PAIVA FISIOTERAPIA E PILATES,02,20241220,20210218,CE,1389
40911855,0001,1,,02,20210219,20210219,PR,5535
40930212,0001,1,,08,20230412,20210222,MG,5387
40931566,0001,1,,08,20230614,20210222,RS,8963
40935871,0001,1,STUDIO POLLY PAES,02,20210222,20210222,MT,9151
40941983,0001,1,,02,20210222,20210222,SP,7107
34140117,0001,1,ACADEMIA BEATS CROSS,02,20190708,20190708,PR,7749
40945555,0001,1,STUDIO PILARES,02,20210222,20210222,MG,5425
40951431,0001,1,CT.017,02,20210223,20210223,PE,2499
40953656,0001,1,,04,20231027,20210223,MG,4371
40953766,0001,1,,08,20260611,20210223,SP,7107
40957232,0001,1,KAPA SPORTS,02,20210223,20210223,SP,6157
40957486,0001,1,ACADEMIA BAM BAM,02,20210223,20210223,RS,8963
40962272,0001,1,,08,20260131,20210223,SP,6589
40962343,0001,1,JOYFIT,08,20240124,20210223,MG,5191
40963532,0001,1,SILVERFIT ACADEMIA,02,20210223,20210223,BA,3267
30541061,0001,1,TOP FITNESS,04,20210224,20180523,CE,1493
40971859,0001,1,ESCARAVELHO CROSSTRAINING,02,20240703,20210224,MG,4123
40981947,0001,1,CLUBE DE TIRO TRINCHEIRA NORTE,02,20210224,20210224,DF,9701
40991977,0001,1,STUDIO AMANDA APOLINARIO,02,20210225,20210225,MG,5035
40992288,0001,1,START ESTUDIO TREINAMENTO FUNCIONAL,02,20210225,20210225,MG,4123
26611240,0001,1,DANIEL MIRANDA CATARINO,08,20221101,20161125,SP,7107
41006988,0001,1,,02,20210226,20210226,SP,7107
41015555,0001,1,,02,20210226,20210226,SC,8089
41033075,0001,1,FLEX,02,20210301,20210301,GO,9373
41040523,0001,1,IMPACTO FISICO,02,20210301,20210301,PI,1211
41040857,0001,1,MOVIMENTO INTEGRAL PILATES,02,20210301,20210301,DF,9701
41043833,0001,1,LS FITNESS,02,20210301,20210301,BA,3981
41048658,0001,1,,02,20210302,20210302,RS,8877
41049688,0001,1,GAS FITNESS,02,20210302,20210302,PI,1157
41051450,0001,1,CT INTENSIVE TRAINING,02,20210302,20210302,SP,2959
41067693,0001,1,VIBRE ACADEMIA,02,20210303,20210303,RN,1761
41070737,0001,1,BIO RUNNER,02,20210303,20210303,RS,8867
38452531,0001,1,THANOS BOX TRAINNING,08,20210303,20200914,CE,1389
28149447,0001,1,INTENSE LIFE,02,20251118,20170710,RS,8851
41088393,0001,1,ELEMENTO SC FIT ACADEMIA,08,20210525,20210304,SC,5537
41089108,0001,1,ACADEMIA CENTRAL FITNESS,02,20210304,20210304,PI,1219
41092468,0001,1,KITDANCE,02,20210304,20210304,MG,4079
41097752,0001,1,,04,20260609,20210304,SP,6189
41098717,0001,1,NOVA FOCUS FITNES,08,20240314,20210304,RJ,5833
41105432,0001,1,ART FIT ACADEMIA,08,20210512,20210305,AL,2865
41106706,0001,1,STARFIT ACADEMIA,02,20210305,20210305,PE,2633
41106765,0001,1,,02,20210305,20210305,MG,4733
41107854,0001,1,ACADEMIA DIVAS FITNESS,08,20230807,20210305,PE,2341
41109904,0001,1,JT FIT,04,20231106,20210305,SC,8161
39432106,0009,2,,02,20210304,20210304,SP,7107
41113947,0001,1,FISIOSTRUTURE,02,20210305,20210305,MG,4123
30384977,0001,1,ACADEMIA IMPERIAL,02,20180507,20180507,SP,6877
07246138,0002,2,,08,20231027,20210308,SP,7149
34341393,0001,1,TC TREINAMENTO INTEGRADO,04,20260603,20190727,PR,7915
35671781,0001,1,CROSSFIT VITRINI,08,20240816,20191202,SP,6425
41139398,0001,1,,02,20210309,20210309,MG,5403
41139794,0001,1,POWER FIT,02,20210309,20210309,MG,4389
41145827,0001,1,JULY & TICO ESTUDIO FUNCIONAL,02,20210309,20210309,ES,5625
41147266,0001,1,V TRAINING,02,20210309,20210309,MG,4123
41149265,0001,1,THE POWER II,08,20231228,20210309,SP,7107
34647976,0001,1,STRIKE THAI BOTUCATU,02,20210419,20190823,SP,6249
41156806,0001,1,STRONG CT,08,20230126,20210310,BA,3685
41163491,0001,1,CTM FDM FITNESS,08,20220125,20210310,BA,3385
41163854,0001,1,CROSS EXPERIENCE CANCELLI,08,20230301,20210310,PR,7493
41166131,0001,1,STUDIO FITNNES,02,20210310,20210310,PA,0056
26851054,0001,1,ARENA RAJ ACADEMIA,04,20210311,20170111,RJ,6001
28350896,0001,1,QUEIROZ QUALITY LIFE,04,20210311,20170806,RJ,6001
41171142,0001,1,MASTER FIT,02,20210311,20210311,BA,3267
41171983,0001,1,EQUIPE TIO YURI PERSONAL,08,20210831,20210311,GO,9331
41172509,0001,1,,02,20210311,20210311,MG,5155
41175990,0001,1,D V S LABORAL & FITNESS,02,20210311,20210311,AC,0139
41178915,0001,1,ACADEMIA VITAL PRO,02,20210311,20210311,RS,8667
41183599,0001,1,GARAGEM FIT,08,20251012,20210311,MG,4687
31415871,0001,1,ACADEMIA BOA FORMA SLZ,02,20180904,20180904,MA,0889
41185283,0001,1,FITNESS ACADEMIA BOULEVARD,02,20210311,20210311,SC,8081
41193158,0001,1,,02,20210312,20210312,RJ,5883
41195638,0001,1,ACADEMIA FITNESS E DANCE,02,20210312,20210312,PA,0447
41205227,0001,1,CENTRO DE TREINAMENTO CROSSBOL,02,20240222,20210313,DF,9701
41214207,0001,1,ELITE FIT,08,20230614,20210315,SE,3191
41222244,0001,1,M.A - CONSULTORIA E ASSESSORIA,08,20250211,20210315,BA,3849
27367393,0001,1,RPS SPOTS E EVENTOS,04,20210316,20170322,RJ,6001
41247756,0001,1,INTENSIVO BRUNO AUGUSTO,02,20210317,20210317,SC,8105
41252757,0001,1,DHIEGO LUIGI PERSONAL,08,20250812,20210317,SP,7107
41261071,0001,1,MEGA FITNESS,02,20210318,20210318,MG,4903
41280434,0001,1,,04,20260610,20210319,MG,4553
33488533,0001,1,ENFORCE FITNSS,02,20190429,20190429,SC,8391
41283043,0001,1,,02,20210319,20210319,PR,8467
41286415,0001,1,CROSSFIT ZERO TRES OITO,02,20210319,20210319,MG,4865
41300527,0001,1,RH+ FITNESS SPORTS NUTRITION,04,20240819,20210322,MG,4653
41303242,0001,1,CROSS EXPERIENCE,08,20210720,20210322,ES,5699
41311589,0001,1,,02,20210322,20210322,SP,7107
41321532,0001,1,ESPACO F2,04,20240814,20210323,SE,3141
41346391,0001,1,,02,20210325,20210325,PR,7759
41347751,0001,1,MY BOX ARIBIRI,04,20260515,20210325,ES,5703
30645236,0001,1,CENTRO DE TREINAMENTO LEO LOPES,02,20180607,20180607,PB,1917
41369142,0001,1,,04,20260610,20210326,MG,4959
41374971,0001,1,H C FITNESS,02,20210327,20210327,MA,0803
41396891,0001,1,SPARTAN FORCE,08,20220303,20210330,AL,2785
41398089,0001,1,L F ESTUDIO DE TREINAMENTO FISICO,02,20210330,20210330,GO,9433
41399777,0001,1,E - FUNCIONAL,02,20210330,20210330,MA,0921
41413676,0001,1,,04,20260608,20210331,AM,0255
41422538,0001,1,STUDIO DI FUNCIONAL,02,20210331,20210331,MG,0650
41422900,0001,1,BIG GYM FITNESS PREMIER,08,20220606,20210331,MS,9051
41430716,0001,1,C.T TEAM ALVES,02,20210401,20210401,AL,2833
41447462,0001,1,KK PERSONAL STUDIO,02,20210405,20210405,PB,2105
41455223,0001,1,ACADEMIA ALFA FITNESS,02,20210405,20210405,GO,9287
41455921,0001,1,,02,20210405,20210405,MG,4123
41456184,0001,1,MEIRA PERFORMANCE,02,20210405,20210405,SP,7107
41474525,0001,1,,08,20240826,20210406,MT,9151
39671279,0001,1,COMPLEXO POSEIDON CROSS TRAINING E ACAD,02,20201104,20201104,RS,8825
41504477,0001,1,MOVIMENTO FIT,02,20210408,20210408,SC,8303
32488604,0001,1,ACADEMIA CORPORE FITNESS,04,20260525,20190118,PE,2609
41514414,0001,1,,02,20210409,20210409,SP,7083
41520270,0001,1,PANOBIANCO ACADEMIA SAO VICENTE,02,20210409,20210409,SP,7121
41522579,0001,1,ELIM PILATES,02,20210409,20210409,MG,4123
33187867,0001,1,ACADEMIA SUPERACAO,02,20190329,20190329,MG,4951
41545122,0001,1,E-MOVE EMS STUDIO,02,20241209,20210412,RS,8801
24010579,0002,2,CORPO PILATES,02,20210413,20210413,GO,9373
41550066,0001,1,,04,20240816,20210324,RS,8419
20710902,0002,2,EQUILIBRIUM PILATES,02,20210413,20210413,RJ,6001
40376775,0004,2,BLUEFIT PATOS,02,20210413,20210413,PB,2117
41558980,0001,1,,02,20210413,20210413,MG,4625
41565592,0001,1,GM ADMINISTRACAO,02,20210413,20210413,BA,3685
41567481,0001,1,ACADEMIA IPITANGA FITNESS,04,20260522,20210414,BA,3685
41569432,0001,1,CT TATA TREINADORA,02,20210414,20210414,MG,5241
41577562,0001,1,LAGO SUL FIT,02,20210414,20210414,GO,9289
28006676,0001,1,,04,20210415,20170621,SP,6163
26240608,0001,1,MEU SPACO FITNESS,04,20210415,20160926,SP,7005
41582605,0001,1,,02,20210415,20210415,CE,1551
26043698,0001,1,STUDIO GE,08,20220128,20160826,MG,5403
41588074,0001,1,ACADEMIA IRON MONSTER,02,20210415,20210415,SP,7107
41592193,0001,1,CT FEMININO RENATA GOMES,02,20210415,20210415,RO,0008
27407482,0001,1,LUCAS PERSONAL TRAINER,04,20210416,20170328,MG,4123
33432398,0001,1,SOMOS,04,20210416,20190423,MG,4123
34652262,0001,1,ACADEMIA KASARAO FITNESS,08,20210505,20190826,MG,4123
41597702,0001,1,STUDIO FITNESS,08,20250324,20210416,PA,0060
41615445,0001,1,,02,20210418,20210418,SP,7057
41618947,0001,1,CLASSIC GYM STUDIO DE TREINAMENTO,02,20210419,20210419,RO,0017
34052634,0002,2,ACADEMIA HIT'S,02,20210419,20210419,RN,1761
41620273,0001,1,,02,20210419,20210419,PR,9983
41622084,0001,1,GARCIA JORDAO ACADEMIA,02,20210419,20210419,SC,8047
41636635,0001,1,POWER FITNESS ACADEMIA,02,20210420,20210420,MG,4675
41642891,0001,1,ACADEMIA MARIA TODA LINDA,08,20220406,20210420,AP,0605
41647837,0001,1,LINDSAY E LEANDRO FITNSS,02,20210420,20210420,MG,4123
30576639,0001,1,TITAN HOUSE,02,20220921,20180529,BA,3253
41664155,0001,1,ACADEMIA POWER & FIT,02,20210422,20210422,RJ,5921
08045026,0002,2,LIFE STYLE ACADEMIA,02,20210423,20210423,RS,8953
41682351,0001,1,CHAMPIONS OF LIFE,02,20210423,20210423,PR,7513
41685958,0001,1,JB FITNESS,08,20220818,20210423,SC,0900
30022465,0001,1,WF GYM,02,20210617,20180323,AL,2871
41708432,0001,1,ACADEMIA HOME GYM,02,20210426,20210426,PR,7923
41709753,0001,1,FITNESS CLUB CENTRO,02,20210426,20210426,PR,9983
41710622,0001,1,CT WOSNEY PACHECO,02,20210426,20210426,GO,1066
41713396,0001,1,ACADEMIA BODY FIT,02,20210426,20210426,BA,3849
41719869,0001,1,ESTUDIO CK,08,20241113,20210427,RS,8407
41723831,0001,1,ACADEMIA FISICO FORMA,04,20231109,20210427,PB,2143
41724310,0001,1,SKYFIT ACADEMIA - UNIDADE HORTOLANDIA,02,20210427,20210427,SP,2951
41734319,0001,1,NUTRI GYM,02,20210428,20210428,SP,7095
41742584,0001,1,AQUAAFIT,08,20210506,20210428,MG,4813
41745255,0001,1,STRONGER,02,20210428,20210428,RJ,5897
41748996,0001,1,AVALON CENTRO DE TREINAMENTO,02,20240328,20210429,GO,9227
41750638,0001,1,TREIN. FUNCI. FITNESS E MUSC. VANDERLEI SILVA 73,02,20210429,20210429,BA,3629
41755911,0001,1,,02,20210429,20210429,SP,7107
41761137,0001,1,ACADEMIA VIDA FIT,02,20210429,20210429,CE,1599
41766570,0001,1,VIVER BEM ACADEMIA,02,20210430,20210430,CE,1489
41778050,0001,1,MOOV UP,02,20210430,20210430,SC,8163
41799177,0001,1,ZILLO ACADEMIA,02,20210503,20210503,PB,2051
41809091,0001,1,ACADEMIA UNIVERSO FITNESS,02,20240725,20210504,BA,3849
41816718,0001,1,,02,20210504,20210504,MG,5041
41818169,0001,1,ACADEMIA GAVIOES ABC,02,20210504,20210504,SP,7075
41818658,0001,1,,02,20210504,20210504,BA,3497
41827933,0001,1,CROSSFIT JUDAH,02,20210505,20210505,MG,4445
41840750,0001,1,,02,20210506,20210506,SP,7079
29236717,0001,1,STUDIO VOLL,02,20171208,20171208,SP,7107
41844538,0001,1,CT XTREME,02,20210506,20210506,RO,0029
41846978,0001,1,STUDIO PRIORIZE,02,20210506,20210506,SP,6645
41862908,0001,1,PLAY BEACH CLUB,02,20210507,20210507,PB,2051
41868594,0001,1,CROSS EXPERIENCE CANOINHAS,02,20210507,20210507,SC,8073
41882472,0001,1,PRIME FIT ACADEMIA,02,20210510,20210510,RS,8855
41884728,0001,1,MULTIFIT,02,20210510,20210510,SP,7157
41885306,0001,1,300 SPARTA ACADEMIA LTDA,02,20210510,20210510,PR,7761
41890020,0001,1,FIIT ACADEMIA,02,20210510,20210510,PE,2419
41892986,0001,1,STUDIO JUMP,02,20210511,20210511,PA,0571
27741952,0001,1,CRISTIANO ARAUJO PERSONAL TRAINER,08,20210625,20170516,AL,2793
41897818,0001,1,,02,20210511,20210511,PR,7535
41900950,0001,1,HARD WORK GYM,02,20210511,20210511,CE,1389
41901277,0001,1,,02,20210511,20210511,ES,5663
41922761,0001,1,PREMIARE CENTER,02,20210512,20210512,SC,8179
41937527,0001,1,DR. EXERCICIO,02,20210513,20210513,MA,0761
41938777,0001,1,FREE LIFESTYLLE,02,20240813,20210513,SP,7099
41941327,0001,1,,02,20210513,20210513,SP,7145
41947533,0001,1,,02,20210514,20210514,ES,5625
41950565,0001,1,RED MONSTER,02,20210514,20210514,AL,2785
41953053,0001,1,SEVEN - TREINO INTEGRADO,02,20210514,20210514,SP,2941
26896858,0002,2,ACADEMIA SAUDE DO CORPO,08,20200921,20190326,BA,3413
33242758,0001,1,ONIAS STUDIO PILATES,02,20220223,20190403,SP,7107
33246652,0001,1,,03,20251117,20190404,GO,9433
33298708,0001,1,CROSS EXPERIENCE LOUVEIRA,08,20250217,20190409,SP,6647
38427909,0001,1,BONNE FORME,02,20200911,20200911,MG,4445
27543100,0001,1,AGUAS GERAIS,04,20190530,20170417,MG,4733
27588239,0001,1,CORPORE FITNESS ACADEMIA,08,20170918,20170424,MG,0644
33772453,0001,1,COLISEUM FITNESS,02,20190530,20190530,PE,2629
27629225,0001,1,INSPIRE FIT,08,20250808,20170501,RS,8877
27640392,0001,1,BRUNO ASSESSORIA LTDA,08,20170504,20170503,MG,5403
38527279,0001,1,ACADEMIA KS FITNESS,08,20251106,20200917,PE,2323
34253375,0001,1,BROTHERS FITNESS CAVAZANA,02,20190718,20190718,SP,6415
34374698,0001,1,SUPERACAO FITNESS,03,20260402,20190731,MG,4123
34577790,0001,1,RICARDO GABRIOLI TREINAMENTO FUNCIONAL,04,20260528,20190819,MG,5035
28892382,0002,2,ESPACO EQUILIBRIUM,02,20190821,20190821,RS,6033
34616269,0001,1,FLY PARKOUR,02,20190821,20190821,GO,9373
34816334,0001,1,PANTERA FITNESS,04,20210401,20190910,GO,9373
34931233,0001,1,AMIRABILE CONSULTORIA ESPORTIVA,02,20240405,20190919,SP,7115
35017522,0001,1,ACAMEMY,02,20190927,20190927,RN,1761
35106854,0001,1,ESPACO ANGELA BUENO PILATES,02,20191008,20191008,SP,6915
35378065,0001,1,STARFIT ACADEMIA,04,20240821,20191101,PB,1925
35449635,0001,1,BOX CARAPICUIBA,08,20230915,20191107,SP,6313
27876999,0001,1,STUDIO QUALITY,02,20170601,20170601,MG,4541
35809589,0001,1,MEGGA GYM,08,20220324,20191217,MG,5183
35887176,0001,1,BELIEVE STUDIO DE ARTES,02,20200103,20200103,GO,9425
35959920,0001,1,DOCTOR FIT,02,20200110,20200110,SP,6511
36097703,0001,1,GYNASIUM ACADEMIA,02,20200122,20200122,SP,6603
36355679,0001,1,ACADEMIA ENERGY KIDS,08,20200518,20200213,MG,5413
36375631,0001,1,ACADEMIA DO JUNINHO TANCREDO,02,20200214,20200214,SP,6929
36445273,0001,1,ACADEMIA UP CENTRO,08,20250911,20200220,RS,8935
28029547,0001,1,ACADEMIA PANTERA HAPKIDO,04,20210226,20170623,SP,7107
28044898,0001,1,PRATIKFIT,04,20210407,20170627,BA,3849
28051192,0001,1,CARBON FIT,08,20241122,20170627,SP,6589
36611425,0001,1,,02,20200309,20200309,PE,2381
36633178,0001,1,FIT BOX,02,20200311,20200311,PI,1093
36681678,0001,1,,04,20240830,20200316,SP,6715
22902694,0092,2,,02,20200403,20200403,PI,1219
28146805,0001,1,STUDIO CORDEIRO PERSONAL TRAINER,08,20180626,20170710,SP,7107
28183468,0001,1,WALQUIRIA FRADE,08,20180823,20170714,GO,9571
24430408,0002,2,SMART FIT RUBENS DE MENDONCA,02,20170724,20170724,MT,9067
28286984,0001,1,BODY SCHOOL,08,20201207,20170727,RS,8681
28374003,0001,1,CUIDAR E SAUDE,04,20210225,20170809,RS,8801
26194147,0001,1,SERGIO TOLEDO PERSONAL FIGHT,08,20210726,20160919,SP,7107
26203151,0001,1,,08,20170810,20160920,PA,0427
39326386,0001,1,,02,20201006,20201006,SP,6131
39328173,0001,1,POWER UP!,02,20201006,20201006,GO,9677
28449287,0001,1,,04,20210203,20170818,SP,6219
26190760,0001,1,CENTRO DE TREINAMENTO TALLES GRANJA,02,20220504,20160919,PE,2321
26257418,0001,1,ANA PAULA RIBEIRO,08,20220519,20160928,ES,5647
26313926,0001,1,EQUALIZE,08,20200218,20161007,SP,7107
28497272,0001,1,CLARA AYRES - ORIENTACAO INTEGRADA DE SAUDE,02,20231002,20170824,SP,7107
37685594,0001,1,ARON STUDIO PERSONAL,02,20200710,20200710,RJ,6001
26400856,0001,1,LIFESTYLE ESTUDIO DE TREINAMENTO FUNCIONAL,08,20171220,20161021,SP,6789
26500622,0001,1,LEANDRO ALMEIDA GUARDA-VIDAS,04,20210209,20161108,ES,5699
26541861,0001,1,CENTRO DE TREINAMENTO IMPACTO,08,20210225,20161116,MG,4723
37755094,0001,1,CROSS EXPERIENCE CAMPESTRE,08,20251219,20200716,MG,4219
26612459,0001,1,ALEXSANDRO JOAO BOTELHO,08,20180831,20161126,PR,7727
26630878,0001,1,KATIA FERREIRA,08,20170118,20161130,SP,6789
26635399,0001,1,ASSESSORIA ESPORTIVA GUI ALMEIDA,02,20161130,20161130,SP,7075
28636292,0001,1,BEM ESTAR STUDIO DE PILATES,04,20260528,20170913,MG,5283
26663921,0001,1,PERSONAL LIVE FITNESS,04,20210318,20161206,SC,8179
26690616,0001,1,PERSONALRAPHAELOLIVER,04,20220209,20161209,SP,7107
29200770,0001,1,,02,20171128,20171128,MT,9067
26752520,0001,1,NIKAELLY FERNANDES,04,20210303,20161222,MA,0921
26773314,0001,1,PHILIPP EBERT PERSONAL TRAINER,08,20180420,20161229,SP,7107
26786494,0001,1,AMAURI RIBEIRO,02,20170103,20170103,ES,5671
26794873,0001,1,,08,20170109,20170104,ES,5655
28704951,0001,1,GT FITNESS,04,20220208,20170922,SC,8383
39573114,0001,1,BADAPAZ BEM ESTAR,02,20221220,20201026,BA,3599
26905891,0001,1,DOCK CONSULTORIA ESPORTIVA,08,20171107,20170119,SP,7107
26928670,0001,1,LUCAS CARVALHO PERSONAL TRAINER,08,20220128,20170123,RS,8801
26934142,0001,1,RENATA BAVARESCO STUDIO PILATES,08,20180515,20170123,RS,8959
38142356,0001,1,,02,20200819,20200819,RN,1761
28781993,0001,1,BRUNO ROSA,04,20220209,20171003,RJ,6001
26983422,0001,1,,02,20170130,20170130,SC,5573
28831768,0001,1,FIT LIFE - ACADEMIA FEMININA,04,20260527,20171010,AP,0615
27127981,0001,1,CORPUS FLEX,08,20260203,20170216,RS,8801
39314923,0001,1,ATITUDE FITNESS,08,20250609,20201005,GO,9289
27233988,0001,1,,08,20180307,20170306,SP,7107
27280769,0001,1,JAQUELINE FATICHE NUTRICIONISTA E COACH,08,20180309,20170313,SP,7057
28907827,0001,1,RUDY REDY PERSONAL/DIGITAL,04,20231027,20171021,RJ,6001
28942633,0001,1,PROLOGUE BOX CROSSFIT,08,20240207,20171026,SC,8105
39834135,0001,1,YARA ESPORTES,02,20201118,20201118,SP,7071
29067934,0001,1,BRADO CROSS,08,20190918,20171114,SP,6511
29070952,0001,1,AMARO WELLNESS,08,20200206,20171114,TO,9733
29138701,0001,1,CORPUS ACADEMIA,02,20171124,20171124,MG,4345
29189281,0001,1,IMPACTO ACADEMIA DE MUSCULACAO,04,20231109,20171201,RN,1759
39995383,0001,1,STUDIO ARNOLD FIT,04,20260611,20201202,AP,0605
40010281,0001,1,CROSS EXPERIENCE,02,20201203,20201203,SP,7083
29288317,0001,1,FORMA FITNESS,02,20241009,20171218,MA,0947
40159502,0001,1,PADRAO DOURADO,02,20201218,20201218,RS,8801
40269594,0001,1,CPSTUDIO TREINAMENTO FISICO FUNCIONAL,02,20210106,20210106,RJ,6001
40350321,0001,1,SIMARA BOMFIM PILATES CLASSICO,08,20251224,20210112,GO,1066
29796480,0001,1,ACADEMIA JR,02,20180227,20180227,CE,1429
30052747,0001,1,CENTRO DE TREINAMENTO KD,02,20180327,20180327,RO,0017
30132118,0001,1,ACADEMIA CORPO E MENTE,02,20180406,20180406,BA,3117
40884404,0001,1,JANMILY OLIVEIRA PILATES E FISIOTERAPIA,08,20241106,20210217,PA,0565
30276064,0001,1,,08,20210212,20180423,MG,4123
30320628,0001,1,CASALLI FITNESS,02,20210712,20180427,RJ,0778
30519605,0001,1,ACADEMIA BEM ESTAR,02,20180522,20180522,RS,8839
30520045,0001,1,,02,20180522,20180522,RS,8785
41159358,0001,1,ACADEMIA SAO SALVADOR,08,20260429,20210310,PE,2381
41235093,0001,1,LIONS ACADEMIA,02,20210316,20210316,RO,0685
41287666,0001,1,,02,20210319,20210319,PR,7535
30772717,0001,1,,02,20180624,20180624,RS,7365
30846719,0001,1,STUDIO CAROL PRADO,02,20231206,20180704,GO,9379
41567633,0001,1,CORPORE ACADEMIA,02,20210414,20210414,PR,5525
41664586,0001,1,CAROLINA SANTOS PERSONAL TRAINER,02,20210422,20210422,SP,7107
31793761,0001,1,SUPERHERO,02,20181018,20181018,SC,8373
32397000,0001,1,GRANADA FORCA E CONDICIONAMENTO,02,20190109,20190109,SC,8175
07594978,0273,2,SMARTFIT,02,20190115,20190115,RJ,6001
32639149,0001,1,STUDIO HARD TRAINING,02,20251006,20190201,BA,3363
32679386,0001,1,MAIS FITNESS,08,20211130,20190206,PB,1953
31144625,0001,1,ACADEMIA FITNESS POWER,02,20250711,20180808,GO,9325
41965090,0001,1,ATHLETIC UP,02,20210517,20210517,RS,8637
41966353,0001,1,,08,20240522,20210517,SP,7107
26768243,0003,2,,02,20210517,20210517,MG,4123
41979673,0001,1,MAKAI STUDIO,02,20210517,20210517,SC,8039
41984864,0001,1,CENTRO TREINAMENTO NOVA ERA,08,20230628,20210518,MG,5403
41985875,0001,1,ACADEMIA DO TINAO,02,20210518,20210518,BA,3559
41987692,0001,1,REPLAY HEALTH CENTER,02,20210518,20210518,PA,0595
30038629,0001,1,VITA PLENA SAUDE E LONGEVIDADE,02,20180326,20180326,SP,7107
41989069,0001,1,VP TREINAMENTO FISICO LTDA,02,20210518,20210518,SP,7107
41990269,0001,1,KEYLA PRIETO TREINAMENTOS,08,20220131,20210518,SP,6477
41998930,0001,1,LIFE FIT SAM,02,20210519,20210519,RS,8857
42001505,0001,1,,02,20210519,20210519,SP,7005
42010765,0001,1,STUDIO POWER FITNESS,02,20210519,20210519,ES,5663
42016901,0001,1,COMMUNITY FITNESS MONSTER,02,20210520,20210520,MG,4865
42021257,0001,1,BEM FIT ACADEMIA DE MUSCULACAO E TREINOS PERSONALIZADOS,08,20241211,20210520,MG,4811
42021757,0001,1,ACADEMIA FORCE CLUB,04,20260609,20210520,SP,6835
42021943,0001,1,POWER GYM,02,20210520,20210520,PA,0427
27937459,0001,1,ACADEMIA BS,04,20260515,20170609,CE,1265
42023859,0001,1,ACADEMIA EVOLUCAO,08,20211015,20210520,RS,8839
42024005,0001,1,STATUM PILATES,02,20210520,20210520,PR,7535
42027114,0001,1,,02,20210520,20210520,MG,4123
27501703,0001,1,RM PERSONAL,08,20210520,20170410,MG,4123
34466048,0001,1,CERRADO ACADEMIA,02,20190808,20190808,GO,9373
42042920,0001,1,BONECA DE FERRO E BODYBUILDER FITNESS,04,20260527,20210521,BA,3363
42044128,0001,1,ACADEMIA MOTIVACAO FEMENINA,08,20220113,20210521,PE,2491
42045124,0001,1,OBJETIVA ESCOLA DE NATACAO E ATIVIDADES ESPORTIVAS,08,20260305,20210521,SP,6361
29164883,0001,1,PHYSICAL FITNESS ACADEMIA,02,20171122,20171122,MT,8999
42045607,0001,1,TERRAMAR FITNESS,02,20210521,20210521,SC,8225
42078688,0001,1,ACADEMIA SUMMERFIT PORTO BELO,08,20221130,20210525,SC,8265
33474980,0001,1,,08,20210525,20190426,PR,7535
42090627,0001,1,LU MAFRA,02,20210526,20210526,PR,7425
27000250,0001,1,BILL,02,20170201,20170201,BA,3761
42101464,0001,1,,02,20210526,20210526,SP,6377
42107073,0001,1,IRON FUNCTIONAL FITNESS,02,20210527,20210527,CE,1559
42108063,0001,1,TH CROSS 365,02,20210527,20210527,SP,6269
42108184,0001,1,NOEASY STUDIO LTDA,02,20210527,20210527,MG,4757
42115069,0001,1,,02,20210527,20210527,SP,7107
42115666,0001,1,ACADEMIA FEMININA,08,20211103,20210527,GO,9489
42118569,0001,1,OBOX TRAINING,02,20210527,20210527,SP,7047
27995258,0001,1,BRUNA CORDEIRO PILATES E PERSONAL,08,20210625,20170620,PR,7745
42168469,0001,1,ACADEMIA NATURAL FITNESS,04,20231106,20210601,GO,9221
42170113,0001,1,LION FITNESS,02,20210601,20210601,BA,1112
42171419,0001,1,CENTRO DE TREINAMENTO SILVER'S 3,02,20210601,20210601,MG,5427
42173643,0001,1,ESPACO FITNESS,04,20231101,20210601,MT,9167
42176235,0001,1,LYA REJANE ACADEMIA,02,20210602,20210602,PI,1219
42179774,0001,1,VAL VASCONCELOS STUDIO FITNESS,02,20210602,20210602,BA,3893
42193781,0001,1,,02,20210603,20210603,SP,7057
42194926,0001,1,ACADEMIA PHYSIQUE FITNESS,02,20210603,20210603,DF,9701
42207353,0001,1,SENSO VITAL,02,20210604,20210604,BA,3965
42207791,0001,1,,02,20210604,20210604,SC,8231
42216155,0001,1,GYMFLIX ACADEMIA,02,20210607,20210607,SP,6229
42224310,0001,1,POWER BOX TRAINING,02,20210607,20210607,PA,0415
35443940,0001,1,ESTACAO SAUDE ACADEMIA,08,20210607,20191107,PR,7505
42232312,0001,1,ACADEMIA TOP FITNESS,02,20210608,20210608,PI,1291
42232537,0001,1,ACADEMIA SPORT LIFE,04,20240821,20210608,PB,1981
42232723,0001,1,CORPUS FITNESS ACADEMIA,04,20260527,20210607,BA,3319
42243292,0001,1,START BOX TRAINING,08,20220328,20210608,RN,1719
42281742,0001,1,ESTUDIO JMM,02,20210610,20210610,MG,5049
42288745,0001,1,ALLENDE BUENO TREINAMENTO FUNCIONAL,08,20250925,20210611,RS,8569
42289388,0001,1,LIFESTYLE HEALTHY,02,20210611,20210611,SP,6453
31835577,0002,2,ACADEMIA FENIX,02,20210611,20210611,AM,0281
35780047,0003,2,AFMT,04,20260525,20210611,MT,9167
07762558,0003,2,TOGNETTO SERVICE,02,20210611,20210611,SC,8183
42296901,0001,1,,08,20251112,20210611,ES,5623
42297629,0001,1,RITMO ACADEMIA ESPORTE E LAZER,02,20210611,20210611,SP,6969
42301319,0001,1,ACADEMIA SAUDE VIP,02,20210612,20210612,PI,1207
30492230,0001,1,ACADEMIA SPORT FIT LIFE,08,20210614,20180518,MA,0921
42318225,0001,1,,02,20210614,20210614,MG,4941
42318933,0001,1,X-TREME GYM,02,20210614,20210614,MS,9807
42337668,0001,1,FM ACADEMIA,08,20240704,20210615,SP,7107
42338399,0001,1,,08,20220210,20210615,SP,7107
42343163,0001,1,COSMO FIT,02,20210616,20210616,MG,4865
41844063,0002,2,GYM POWER,08,20220225,20210616,MS,9051
42346741,0001,1,BOX TAQUARI RS,08,20230316,20210616,RS,8929
42348106,0001,1,CENTRO DE TREINAMENTO GYMGA,02,20210616,20210616,RN,1761
42348116,0001,1,WF ACADEMIA,08,20260318,20210616,DF,9701
42356892,0001,1,INSPILATES STUDIO,02,20210616,20210616,MS,9051
42377650,0001,1,BX ACADEMIA,02,20210618,20210618,GO,9227
42387669,0001,1,SERVEPRO MAROMBAS,02,20210618,20210618,CE,1253
42399585,0001,1,STUDIO DE TREINAMENTO FUNCIONAL RAFAEL DANTAS,02,20210621,20210621,PI,1161
42405735,0001,1,VENKO FITNESS CLUB,08,20230713,20210621,RS,8801
42418851,0001,1,,02,20210622,20210622,SP,6789
42433836,0001,1,KANG-DAE INSTITUTO DE ARTES MARCIAIS,08,20221207,20210622,PE,2381
42435525,0001,1,TREINNA FIT,02,20210623,20210623,SP,7075
42437492,0001,1,CROSS EXPERIENCE CANASVIEIRAS,08,20230217,20210623,SC,8105
42440175,0001,1,E30,02,20210623,20210623,PB,2237
42443287,0001,1,,08,20230925,20210623,RS,8963
18210506,0002,2,CS FITNESS ACADEMIA II,02,20260529,20210623,PA,0415
42448377,0001,1,CENTRO DE TREINAMENTO V,02,20210623,20210623,PB,2095
42455425,0001,1,ACADEMIA PRIME UP,08,20220322,20210624,SC,8233
42457714,0001,1,STUDIO FORMULA NATACAO,04,20231129,20210624,SP,7107
42460661,0001,1,RUGIDO ACADEMIA,02,20210624,20210624,SP,7171
42461852,0001,1,MAHAMUDRA ATIVIDADE FUNCIONAL,02,20240103,20210624,RS,8801
42464058,0001,1,LEQUIPE SERVICOS CLINICA HIDROGINASTICA E PILATES,02,20210624,20210624,MT,9929
42464810,0001,1,ACADEMIA SU FITNESS,02,20210624,20210624,AM,0255
38261563,0036,2,,08,20211130,20210625,RJ,6001
42474977,0001,1,ACADEMIA CALIFORNIA,02,20210625,20210625,RR,0309
42479153,0001,1,CX COQUEIRAL,02,20210625,20210625,MG,4373
42493216,0001,1,LION POWER ACADEMIA,02,20210628,20210628,PA,0499
42496682,0001,1,,02,20210628,20210628,MG,5021
36581887,0001,1,TEMPLE FIT,02,20200306,20200306,DF,9701
42521839,0001,1,,02,20210629,20210629,SP,7107
42525412,0001,1,LOTUS,03,20230113,20210630,ES,5663
42525772,0001,1,ACADEMIA PRATIQUE FITNESS,02,20210630,20210630,MG,4123
42499331,0002,2,,08,20250505,20210628,RJ,6001
42532421,0001,1,,08,20210702,20210527,SP,7107
42544903,0001,1,GAROTA FITNIS,02,20210701,20210701,PE,2481
42576943,0001,1,CORPUSS FIT ACADEMIA,02,20210704,20210704,CE,1329
42579067,0001,1,YOGA TOLEDO,08,20210930,20210705,PR,7927
35644328,0001,1,MOINHOS FITNESS,04,20260605,20191128,RS,8801
42590152,0001,1,ALPH GYM,04,20240822,20210705,SP,6619
42591439,0001,1,ACADEMIA PRATIQUE FITNESS,02,20210705,20210705,MG,4123
42594362,0001,1,COLISEU FITNESS,08,20250710,20210705,RN,1729
42600120,0001,1,CLINICA SALLUS,02,20210706,20210706,PR,7751
42610504,0001,1,,02,20210706,20210706,RS,8921
42621860,0001,1,VIP TRAINERS BRASIL,08,20230308,20210707,SP,7107
42623720,0001,1,CROSS EXPERIENCE REDENCAO,02,20210707,20210707,AM,0255
32781404,0001,1,ZOOMP ACADEMIA VICOSA,02,20190215,20190215,MG,5427
30448623,0001,1,SPORT MAIS ACADEMIA,02,20180514,20180514,CE,1585
42653738,0001,1,A10 ALTO DO CRUZEIRO,02,20210709,20210709,AL,2705
42656927,0001,1,FITNESS DO VALE,02,20210709,20210709,BA,3901
42658390,0001,1,TAMIRES LELIS PILATES STUDIO,02,20210709,20210709,BA,3849
42680453,0001,1,BOX WORKOUT,02,20210712,20210712,MG,4235
42689550,0001,1,STUDIO EDFIT LTDA,08,20230413,20210713,DF,9701
42689747,0001,1,CORPO & ARTE,02,20210713,20210713,RJ,6001
42691798,0001,1,CROSS EXPERIENCE PONTA NEGRA,08,20230109,20210713,AM,0255
24921465,0055,2,,08,20220304,20210713,RJ,6001
42714255,0001,1,BLACKFIT ESTUDIO PERSONALIZADO,02,20210714,20210714,PR,7933
42720867,0001,1,,02,20210714,20210714,SP,6425
42726002,0001,1,BIOFITNESS ACADEMIA,02,20210715,20210715,MG,4541
42732627,0001,1,ORESTES BATISTA CORRETOR DE IMOVEIS,02,20210715,20210715,PR,9915
42733825,0001,1,BOX FITHOUSE,02,20210715,20210715,SP,6929
30530066,0001,1,,02,20180523,20180523,SP,7107
42798833,0001,1,,08,20230215,20210721,SP,7183
42800487,0001,1,,02,20210721,20210721,SP,7057
42815447,0001,1,AMANDA MARTINS TREINAMENTO FISICO,08,20221013,20210721,SC,8105
39432106,0014,2,,02,20210719,20210719,SP,7107
42817375,0001,1,J7 FIT,02,20210722,20210722,SP,6477
42823727,0001,1,SAMAVEDA,02,20210722,20210722,PR,7535
42827876,0001,1,SWELLNESS FITNESS & CO.,02,20210722,20210722,CE,0985
42834053,0001,1,,02,20210723,20210723,PB,2225
32084960,0001,1,MANADA CROSS,02,20181123,20181123,GO,9433
32920909,0001,1,ACADEMIA BELLA FORMA,08,20260508,20190228,TO,9241
42842221,0001,1,CROSS HEROES,02,20210723,20210723,RS,7329
27559407,0002,1,I9 INOVE CENTER FITNESS - UNIDADE II,08,20230408,20200707,MG,4865
42847599,0001,1,ACADEMIA OUSE MAIS,02,20250113,20210723,GO,0031
42855799,0001,1,1RM ACADEMIA,02,20240412,20210726,RJ,6001
42855853,0001,1,CROSS SEDE,04,20260515,20210726,ES,5625
42860185,0001,1,INTENSE,02,20210726,20210726,PB,2125
42864596,0001,1,B.F.G. ACADEMIA,08,20231219,20210726,SP,6411
42869401,0001,1,CROSSBOX SUL,02,20210726,20210726,SC,8081
42870041,0001,1,CROSS 027,08,20230414,20210726,ES,5625
42876648,0001,1,CROSS NUTRITION BOX CARIACICA,02,20210727,20210727,ES,5625
42879630,0001,1,,02,20210727,20210727,RJ,6001
42888788,0001,1,USA GYM,08,20220419,20210727,PE,2457
42892817,0001,1,K DUTRA FITNESS,02,20210728,20210728,MA,0713
42894263,0001,1,THAIARA CARVALHAL PERSONAL,02,20210728,20210728,BA,3407
42894835,0001,1,SUPREMA TREINAMENTO INTELIGENTE,02,20210728,20210728,MG,4895
42896164,0001,1,INSTITUTO ALEXANDRE SIQUEIRA,02,20210728,20210728,PE,2627
42906450,0001,1,ESTUDIO B - AULAS COLETIVAS,08,20211207,20210728,RS,8781
42913882,0001,1,OLIVER TRAINER,02,20210729,20210729,RJ,5801
42914570,0001,1,ADRENALINA ESPORTE CENTRO,04,20231108,20210729,ES,5625
42917520,0001,1,VIBE PILATES E SAUDE,02,20210729,20210729,SE,3105
42921388,0001,1,,04,20240808,20210729,MS,9051
42924955,0001,1,VIRTTUS PERSONAL STUDIO,02,20210730,20210730,MG,4445
42927303,0001,1,ACADEMIA OLD SCHOOL,08,20220117,20210730,MG,4139
42929907,0001,1,DRAGON FITNESS,02,20210730,20210730,MS,9787
42935603,0001,1,FIGHT ZONE JJ,04,20231106,20210730,RS,8801
42939778,0001,1,ELITTE GYM LTDA,02,20210731,20210731,RJ,5849
42940172,0001,1,SYLVANIA ALVES,08,20240905,20210731,MG,4553
42947667,0001,1,WOMAN FITNESS,08,20250626,20210802,MG,4387
42963353,0001,1,,02,20210803,20210803,MG,4371
42965091,0001,1,BOX + FIT,08,20251113,20210803,RJ,6001
42965622,0001,1,ACADEMIA FITCLUB JR,04,20240814,20210803,SE,3125
42966307,0001,1,,02,20210803,20210803,MG,4123
24921465,0057,2,,08,20220518,20210803,BA,3849
42982567,0001,1,CORPO & VIDA,02,20210804,20210804,PR,7435
42988200,0001,1,ACADEMIA BORJAO FITNESS DF,02,20210804,20210804,DF,9701
42992039,0001,1,,02,20210804,20210804,SP,7201
42994926,0001,1,MAXIMUS,02,20210804,20210804,ES,5721
43004302,0001,1,ESPACO VIP PILATES,02,20210805,20210805,TO,9385
43006405,0001,1,ANDREI ANSCHAU TREINAMENTO PERSONALIZADO,02,20210805,20210805,PR,5535
43008554,0001,1,CENTRO DE TREINAMENTO SILVER FITNESS,02,20210805,20210805,RS,8791
43012294,0001,1,PREMIUM ACADEMIA,02,20210805,20210805,SP,7245
34269783,0001,1,CROSSFIT SAO JOAO DEL REI,08,20210805,20190719,MG,5249
43017039,0001,1,COMPLEXO SOU FITNESS,02,20210806,20210806,CE,1455
07594978,0427,2,,02,20210806,20210806,SP,7107
43021957,0001,1,,02,20210806,20210806,SP,7057
43026154,0001,1,ACADEMIA WAVE,02,20210806,20210806,SC,8061
43030959,0001,1,H. STELMAK SERVICO,02,20210807,20210807,PR,7435
43031634,0001,1,MAX FIT ACADEMIA,02,20210807,20210807,MA,0789
43056390,0001,1,IRANN FIT,02,20210810,20210810,AP,0609
48628366,0031,2,UNIMED ACADEMIA VIVER BEM,02,20210810,20210810,SP,6131
43063545,0001,1,ESPACO MOV360,02,20210810,20210810,SP,7107
31975616,0001,1,,08,20210901,20181108,SP,7135
43072850,0001,1,ORTHOPEDIC CLINICA DE FISIOTERAPIA,02,20210810,20210810,BA,3905
43073492,0001,1,STAR FIT ACADEMIA,02,20210811,20210811,SP,6189
43077123,0001,1,ARENA BOX ACADEMIA,08,20211020,20210811,SP,6291
43077383,0001,1,ACADEMIA POWER FITNESS DANCE,04,20231108,20210811,BA,3653
43077863,0001,1,220 FIT,02,20210811,20210811,CE,1447
43087044,0001,1,,08,20240228,20210811,PE,2531
43088015,0001,1,OLIVEIRA FITNESS,02,20210811,20210811,SP,6313
43098893,0001,1,BODYBE BRASIL,02,20210812,20210812,SP,6213
53379814,0002,2,,02,20210812,20210812,SP,7107
43117599,0001,1,ALPHA FIT ACADEMIA,08,20250311,20210813,PI,1023
22047056,0002,2,,02,20210819,20210813,MG,4111
43125753,0001,1,ENGENHARIA DO CORPO,02,20210813,20210813,BA,3515
43130887,0001,1,DA ROSA GYM BODYBUILDER,02,20210815,20210815,RS,8801
42281927,0001,1,CROSS EXPERIENCE AQUIDAUANA MS,08,20221013,20210610,MS,9021
43131298,0001,1,ESPACO REABILITAR,02,20210816,20210816,MG,4251
43139354,0001,1,GYM POWER,02,20210816,20210816,BA,3849
43141115,0001,1,,08,20220202,20210816,PB,2117
31390294,0002,2,STUDIO FITNESS - FELIPE PRECOMA,08,20210817,20200918,PR,7953
43151636,0001,1,,08,20240702,20210817,BA,3849
43151742,0001,1,W FIT ACADEMIA,04,20231108,20210817,GO,1052
43157574,0001,1,STUDIO SD,02,20210817,20210817,BA,3849
43163956,0001,1,R FITNESS ACADEMIA E PERFORMANCE LTDA,02,20210817,20210817,BA,3661
43171902,0001,1,G 2 ACADEMIA FITNESS,02,20210818,20210818,AL,2785
43174434,0001,1,INTENSEHIIT,02,20210818,20210818,RN,1759
43186075,0001,1,,02,20210819,20210819,PB,2151
43194081,0001,1,ACADEMIA ATITUDE,02,20210819,20210819,MG,4601
18229361,0002,2,CT KENSHIN,08,20220516,20210820,MS,9157
30107116,0003,2,,08,20260316,20210324,MG,4751
43212966,0001,1,VISTABELA ACADEMIA,02,20210820,20210820,TO,0199
43214739,0001,1,ACADEMIA BODY FORCE,02,20210820,20210820,SP,7029
43234282,0001,1,STUDIO A FITNESS,02,20210823,20210823,AM,0255
04549190,0002,2,,02,20210823,20210823,MG,4123
43236566,0001,1,LETFIT TREINAMENTO FUNCIONAL,02,20210823,20210823,SP,6929
43242598,0001,1,CROSSEXPERIENCE IBICOARA,04,20260601,20210823,BA,3543
43249005,0001,1,BPM 220 CROSS,02,20210824,20210824,ES,5625
43253167,0001,1,,08,20260130,20210824,RS,8791
43255952,0001,1,ACADEMIA AREA 51,02,20210824,20210824,PB,2027
43268526,0001,1,LOUP ACADEMIA,08,20220513,20210825,AL,0971
43268587,0001,1,,08,20250808,20210825,DF,9701
43272304,0001,1,FENIX ACADEMIA,02,20210825,20210825,MG,4133
43273534,0001,1,METT FIT ACADEMIA,02,20210825,20210825,BA,3661
43279976,0001,1,RM FITNESS ACADEMIA,02,20210825,20210825,RN,1761
07594978,0437,2,,02,20210826,20210826,PE,2531
43292324,0001,1,STUDIO ELIELSON SANTOS,02,20210826,20210826,PA,0425
43309123,0001,1,,02,20210827,20210827,PE,2381
43314785,0001,1,BIOFIT,02,20210827,20210827,TO,9245
43316530,0001,1,COMPLEXO CROSSBOL,02,20260212,20210827,DF,9701
43316631,0001,1,CT GARAGEM 68,02,20210827,20210827,AC,0139
43320313,0001,1,STUDIO SLIM FITNESS,08,20240129,20210828,MG,4601
43329688,0001,1,STUDIO EDY FITNESS,02,20210830,20210830,PE,2379
32136286,0001,1,,02,20181129,20181129,PR,7565
43351101,0001,1,ACADEMIA BROW FIT,02,20210831,20210831,MT,9167
43355655,0001,1,MEGA FIT OF,08,20240430,20210831,MG,4919
43360500,0001,1,,02,20210831,20210831,MT,8985
43363246,0001,1,HP ASSESSORIA ESPORTIVA,02,20210901,20210901,RJ,6001
33250322,0001,1,TREINAO DAS GURIAS,02,20190404,20190404,SC,8105
43382608,0001,1,DUJARDIN FITNESS,04,20260608,20210902,GO,9221
43383154,0001,1,APS,02,20210902,20210902,SP,6619
43384454,0001,1,AD3 STUDIO ACADEMIA,02,20210902,20210902,SC,8061
43386082,0001,1,PROFIVE,02,20210902,20210902,MS,9051
40798422,0002,2,ACADEMIA HOTACAO,02,20210902,20210902,PE,2443
43400853,0001,1,PONTO1FIT,08,20250902,20210903,MG,4269
43402740,0001,1,ARENA ACADEMIA,02,20210903,20210903,MG,5247
43409086,0001,1,BOX88 CENTRO DE TREINAMENTO,08,20230213,20210903,SC,8391
43409238,0001,1,,02,20210903,20210903,SP,7107
43409642,0001,1,,02,20210903,20210903,MG,4733
25080051,0002,2,CENTRO DE TREINAMENTO DRA SUZY CRUZ,08,20231211,20210908,PA,0427
43210128,0001,1,IRON HOUSE,02,20210820,20210820,SP,6727
43445773,0001,1,FIT STAGE,08,20240208,20210908,RS,8845
43446383,0001,1,,08,20230320,20210908,SP,7107
28016881,0001,1,START LIFE,02,20170622,20170622,PI,1159
43450117,0001,1,EVOLUCAO MUSCULAR,08,20230818,20210908,BA,3913
43454892,0001,1,MAXFIT,02,20210909,20210909,PI,1165
43457377,0001,1,NATALIA SILVA ALCANTARA LTDA,02,20210909,20210909,SP,7107
43461076,0001,1,MERCADO AVENIDA,02,20210909,20210909,RJ,5897
43462398,0001,1,RICARDO KPA,02,20210909,20210909,SP,7107
43463962,0001,1,LUCIAN COIMBRA PERSONAL STUDIO,02,20210909,20210909,MG,4939
39757618,0001,1,ACADEMIA STAR LIFE,08,20210910,20201112,DF,9701
43466037,0001,1,POINT FIT GYM,08,20240520,20210910,SP,6737
28009735,0004,2,TECFIT RECREIO,08,20250428,20210910,RJ,6001
43490144,0001,1,,02,20210913,20210913,RJ,6001
43491210,0001,1,M L MARTINS TREINAMENTO DESPORTIVO,08,20220401,20210913,DF,9701
43495075,0001,1,VITAFORM STUDIO,02,20210913,20210913,RJ,5805
24344651,0002,2,MOVAC CENTRO DE TREINAMENTO FUNCIONAL,02,20210913,20210913,RS,8589
43503982,0001,1,STUDIO CARINA ORNELAS,02,20210914,20210914,RJ,5819
37738806,0001,1,TIME DANONY,08,20240208,20200715,ES,5697
43509146,0001,1,IRONMAN ACADEMIA,02,20210914,20210914,PB,1981
43509393,0001,1,STUDIO SANDE OLIVEIRA,08,20240808,20210914,BA,3697
43510244,0001,1,FISICO & CIA CENTRO DE TREINAMENTO,02,20210914,20210914,MG,4791
43513269,0001,1,ARENA FITNESS,04,20260527,20210914,BA,3971
43514906,0001,1,CASTRO ASSESSORIA ESPORTIVA,08,20251105,20210914,BA,3413
43517263,0001,1,,02,20210914,20210914,SC,8229
43529365,0001,1,,08,20211015,20210914,SP,7107
43538303,0001,1,STUDIO MOVE 360,02,20210916,20210916,RJ,5815
43543929,0001,1,STRONDAFIT ACADEMIA,04,20260605,20210916,GO,9677
34262214,0001,1,PRIVILEGE TRAINING,02,20190719,20190719,ES,5625
36308577,0001,1,AXX SOLUCOES EM ENGENHARIA,08,20230505,20200210,PR,7535
43555856,0001,1,AQUA KIDS,02,20210917,20210917,SP,6875
33834741,0005,2,USINA SOCCER,08,20240627,20210917,PR,7583
43557504,0001,1,A2 ACADEMIA,08,20250205,20210917,PB,2223
43561172,0001,1,LIFE FIT,02,20210917,20210917,RJ,6001
43562597,0001,1,ESPACO SAUDE,08,20230809,20210917,GO,9373
37496883,0001,1,SUEI ESTUDIO FIT,02,20200623,20200623,MG,4903
28624752,0003,2,ACADEMIA BIOTECH,02,20210920,20210920,MG,5403
40735352,0002,2,R&S UNIDADE TROPEIROS,08,20221118,20210920,MG,4481
43589943,0001,1,MONTEIRO ACADEMIA,02,20210921,20210921,RJ,2911
43592817,0001,1,JL STUDIO,02,20210921,20210921,CE,1399
26877946,0001,1,381 CENTRO DE TREINAMENTO FUNCIONAL,02,20170116,20170116,SP,7075
43606493,0001,1,ARENA FITNESS,02,20210922,20210922,PB,2225
43608186,0001,1,STUDIO ZANZA GATTI,02,20210922,20210922,RJ,5883
43612723,0001,1,ATHLETIC MOVE,02,20210922,20210922,SP,6927
43615424,0001,1,PRIME FITNESS CONGONHAL,02,20210922,20210922,MG,4357
43624955,0001,1,STUDIO SAM SAUDE & FITNESS,02,20210923,20210923,DF,9701
43626180,0001,1,SAUDE E CONDICIONAMENTO VAI ALEM DO SHAPE,02,20260205,20210923,SC,8053
43632523,0001,1,,02,20210923,20210923,SP,6969
43635471,0001,1,ACADEMIA VILLE FITNESS,02,20210923,20210923,PE,0544
36183783,0001,1,ACADEMIA PLANETA FITNESS BETIM,02,20200129,20200129,MG,4133
31632254,0003,2,ACADEMIA FIT BRASIL,08,20230207,20210924,MG,5385
43661413,0001,1,ARENA ESPACO FITNESS,02,20210927,20210927,MG,4993
43670008,0001,1,ACADEMIA MONTENEGRO,02,20250416,20210927,BA,3849
31936671,0005,2,FS03 - SMART FIT BLUMENAU,02,20210928,20210928,SC,8047
43681052,0001,1,,04,20260610,20210928,MG,5401
36726601,0001,1,BOX CITY CROSS TRAINING,03,20240909,20200319,MG,5155
43686366,0001,1,,02,20210928,20210928,SP,7107
43688780,0001,1,,08,20220210,20210928,SP,7075
43689766,0001,1,BOX AME ESPORTES,02,20210928,20210928,RS,8553
27378995,0002,2,,02,20210929,20210929,MG,4159
33232087,0001,1,BOX URA,02,20190403,20190403,MG,5401
43714114,0001,1,LIKE ARENA BT,08,20250127,20210930,PB,2051
43719952,0001,1,,04,20260608,20210930,GO,9297
43731768,0001,1,5-HTP - GESTAO ESPORTIVA E ASSESSORIA,02,20211001,20211001,MG,4865
05239361,0010,2,,02,20211004,20211004,SP,7107
43756435,0001,1,STUDIO HORYA,02,20211004,20211004,PE,2381
36418517,0001,1,,08,20220120,20200218,PR,7481
43769719,0001,1,GAMBOA FUNCIONAL TRAINING,02,20250102,20211005,SC,8113
43769963,0001,1,K J M FITNESS,04,20231103,20211005,MA,0889
43770119,0001,1,SPORT CLINIC VINCENZI FITNESS,02,20211005,20211005,PR,7535
43774310,0001,1,NEXUM CROSSFIT,02,20211005,20211005,RS,8801
43776216,0001,1,BRUNO PERETTI - PERSONAL TRAINER,02,20211005,20211005,SP,6713
43779003,0001,1,,02,20211005,20211005,SP,6901
43785648,0001,1,ON FIT,02,20211006,20211006,MG,4089
43790942,0001,1,STUDIO SAUDE PILATES,02,20211006,20211006,SE,3105
43795556,0001,1,CREATIVE FITNESS,08,20240829,20211006,PB,1945
43800277,0001,1,CORE ASSESSORIA ESPORTIVA,02,20211007,20211007,RN,1761
27385340,0001,1,STUDIO K PERSONAL TRAINER E PILATES,02,20170324,20170324,GO,9329
43801258,0001,1,ANDRE LENARTOWICZ PERSONAL TRAINER LTDA,08,20250611,20211007,PR,7691
43807053,0001,1,,02,20211007,20211007,MG,5373
43809030,0001,1,PRIME FIT,02,20211007,20211007,SE,3103
43810434,0001,1,POWER FITNESS,08,20230929,20211007,MG,4779
34764080,0002,2,ACADEMIA QUALIDADE & VIDA,08,20230428,20211007,SP,7195
36999632,0001,1,UNBROKEN BOX,04,20231108,20200424,PR,7937
30360106,0001,1,BEM MAIS ACADEMIA,02,20180503,20180503,RS,8771
43651096,0001,1,SEJA FIT,02,20210924,20210924,MA,0879
41015500,0001,1,AM STUDIO FITNESS,02,20210226,20210226,GO,9233
40485200,0001,1,A&B FITNESS,08,20211020,20210120,AL,2705
42444382,0001,1,ACADEMIA FITNESS LIFE,08,20220502,20210623,MG,4627
41783474,0001,1,ACADEMIA FORCA REAL FITNESS,02,20210501,20210501,MG,4903
30287406,0013,2,BLUEFIT VALPARAISO DE GOIAS,02,20200622,20200622,GO,1066
36648600,0001,1,ARENA FITNESS,02,20200312,20200312,MG,4277
33886039,0001,1,ESCOLA DE LUTAS ROCEIRO,02,20190611,20190611,GO,9561
34883367,0001,1,KARINA CARVALHO GINASTICA ARTISTICA,02,20190916,20190916,DF,9701
33129992,0001,1,GIL TREINAMENTO FISICO PERSONALIZADO,02,20190325,20190325,RO,0003
34659915,0001,1,ACADEMIA HOME FITNESS,02,20190826,20190826,BA,3377
28119742,0001,1,TASSIA CENTRO DE TREINAMENTO CORPO MENTE E ESPIRITO,02,20260602,20170706,SP,6339
30658951,0001,1,REYVE ACADEMIA,08,20211206,20180608,SP,6475
41831425,0001,1,SAFEFIT,02,20210505,20210505,BA,3849
35703662,0001,1,ACADEMIA EVOLUTION,04,20231031,20191204,CE,1373
41730776,0001,1,FIT CINESE,08,20211210,20210428,RS,8591
32682206,0001,1,ACADEMIA BIO ATIVA,02,20190206,20190206,PR,7777
40523993,0001,1,,02,20210122,20210122,DF,9701
34170527,0001,1,,02,20190710,20190710,RS,8585
26113750,0001,1,THIAGO PAIVA TRAINER,08,20220408,20160906,RJ,5877
31174877,0001,1,BOX 358 OFICIAL,08,20250129,20180810,SP,7107
27675697,0001,1,ARENA FITNESS,02,20170508,20170508,PA,0483
30845683,0001,1,HEALTHNESS CONDICIONAMENTO FISICO,02,20180703,20180703,RJ,6001
42257142,0001,1,ESTUDIO HR,04,20260608,20210609,GO,9555
26516030,0001,1,AQUATICA ESCOLA DE NATACAO INFANTIL E HIDROGINASTICA,02,20161110,20161110,SP,2965
36698036,0001,1,,02,20200317,20200317,MT,9035
36774421,0001,1,,02,20200326,20200326,PR,0870
34545630,0001,1,ACADEMIA R1 FITNESS,02,20190815,20190815,RN,1761
31711350,0001,1,ACADEMY EXTREME POWER,02,20241204,20181008,AL,0971
37774269,0001,1,,02,20200718,20200718,PR,7667
41583601,0001,1,MIRA BOOTCAMP,02,20210415,20210415,SP,6291
28123633,0001,1,CAMILA PAIVA CENTRO DE ESPECIALIDADES,08,20220830,20170706,PB,2179
29280900,0001,1,FILIPI RIBEIRO PERSONAL,04,20220126,20171215,SP,6979
38273818,0001,1,ACADEMIA MULTT FITNESS,02,20220719,20200830,PI,1157
27672779,0001,1,JUMP GIRLS,04,20220128,20170508,BA,3013
33917511,0001,1,FERNANDA LORINI TREINAMENTO FUNCIONAL,02,20190613,20190613,RS,8737
39404429,0001,1,SPARTAN WORKS,02,20201013,20201013,PR,8457
43206522,0001,1,BELLA FITNESS ACADEMIA,02,20210820,20210820,PI,1177
42989222,0001,1,ESPACO ROYAL,02,20210804,20210804,MG,4031
29216542,0001,1,JC ASSESSORIA ESPORTIVA,04,20220208,20171206,MG,5021
36207628,0001,1,FENIX FIT,02,20200131,20200131,RS,8867
40958496,0001,1,N.S FITNESS,02,20210223,20210223,CE,1569
42438054,0001,1,,02,20210623,20210623,SP,7099
40284431,0001,1,TC HIIT ESTUDIO FITNESS E ACADEMIA,02,20210106,20210106,BA,3873
30389535,0001,1,STUDIO FITNESS B,08,20220215,20180507,AP,0617
26032031,0001,1,CAMILA CARDOSO,08,20220216,20160825,SC,8105
28973646,0001,1,,08,20220225,20171031,SE,3105
35098365,0001,1,FITT CENTER ACADEMIA,02,20191007,20191007,MG,5067
41975249,0001,1,CORPORIS PHYSIO FITNESS,08,20220314,20210517,PA,0415
29941428,0001,1,CIA DO CORPO GYM,02,20180315,20180315,PE,2491
33883940,0001,1,ESPACO EQUILIBRIO,02,20190610,20190610,SC,8379
40943562,0001,1,,08,20220330,20210222,SC,8357
27499290,0001,1,TOPFITNESS3X,08,20220405,20170407,RJ,6001
34379425,0001,1,CORPO E MENTE SALUBRE,04,20220118,20190731,BA,3685
34139996,0001,1,LALIANE SOUSA FITFUNCIONAL,02,20190708,20190708,PA,0415
27749664,0001,1,,08,20220419,20170517,SP,7107
35995454,0001,1,CF3 CROSS TRAINING,02,20200114,20200114,SP,7073
40321502,0001,1,CT EDSON BARBOSA,04,20260515,20210109,CE,0987
27449650,0001,1,CROSSFIT FOUR,02,20170403,20170403,SC,8327
35933265,0001,1,BF TRAINING,02,20200108,20200108,RJ,5803
39623824,0001,1,ESPACO DERMATES,08,20220524,20201030,PB,1981
33600773,0001,1,GO FOR FIT,02,20190513,20190513,RJ,5829
30435628,0001,1,STUDIO ALPHA TREINAMENTO PERSONALIZADO,02,20180511,20180511,GO,9395
43465912,0001,1,ENERGY CROSSTRAINING,02,20210910,20210910,TO,9241
34793072,0001,1,MURALHA FITNESS ACADEMIA,02,20190906,20190906,MG,5427
36366837,0001,1,PERFOMANCE ACADEMIA,04,20220608,20200213,TO,9691
28486962,0001,1,ACADEMIA PERFORMANCE,04,20220608,20170823,PB,2021
36146974,0001,1,KAFABRI,02,20220614,20200127,SP,6377
28323563,0001,1,,04,20220610,20170802,SP,6891
31771010,0001,1,,02,20181016,20181016,MS,9809
36581381,0001,1,C T PERSONAL MARCO ANTON10,02,20200306,20200306,SC,8269
28122343,0001,1,ARENA ARES ACADEMIA,08,20220621,20170706,SP,7107
26910654,0001,1,MARIBE - CONSULTORIA E TREINAMENTO,02,20170119,20170119,SC,8295
29539881,0001,1,HIIT CLUB 180,02,20180126,20180126,PR,7691
41997432,0001,1,DEGRAU TRAINING CENTRO DE TREINAMENTO,02,20210518,20210518,ES,5663
29976505,0001,1,ACADEMIA TCHOUK,02,20180319,20180319,PR,7751
32648637,0001,1,,02,20190204,20190204,MG,4123
26824990,0001,1,,08,20220708,20170109,MG,4553
30741298,0001,1,PERSONAL UP,02,20180619,20180619,PA,0447
32202619,0001,1,BIO PILATES,08,20220712,20181207,SP,6291
27364213,0001,1,STUDIO PAULA FREITAS,02,20170322,20170322,SP,6687
38281353,0001,1,ACADEMIA BLACK FIT,02,20200831,20200831,PE,2301
43226064,0001,1,,02,20210822,20210822,CE,1365
36357928,0001,1,HIDROTREINAMENTO,02,20200213,20200213,RN,1761
42414344,0001,1,GABRIELLI BOLONHA,02,20250610,20210621,SP,6477
31875400,0001,1,ACADEMIA LOTUS,08,20230328,20181026,MT,9047
33255382,0001,1,PRO FITNESS,02,20210818,20190404,RJ,6001
30605389,0001,1,GRUPO MOVE,08,20260313,20180603,MG,4601
36360452,0001,1,,08,20220914,20200213,SC,8105
41308691,0001,1,,02,20210322,20210322,SP,6511
26500873,0001,1,ACADEMIA POWER LIFFE,08,20221006,20161108,PR,7825
34858709,0001,1,,08,20221019,20190913,RS,8801
33458859,0001,1,,02,20190425,20190425,SP,7053
30190590,0001,1,ALCATEIA CROSS,02,20180413,20180413,SC,8333
31140257,0001,1,,08,20221108,20180807,SP,6219
29891452,0001,1,BUSTER FIT ACADEMIA,02,20180309,20180309,SP,7047
26334076,0001,1,GAMA FITINESS IVAN,08,20221116,20161011,BA,3849
42488900,0001,1,CT IRON SCHOOL,02,20210628,20210628,RS,8873
18390592,0002,2,FLAVIA OLIVEIRA ACADEMIA,02,20210806,20210806,PI,1073
35059029,0001,1,ACTION CENTER PILATES E FUNCIONAL,08,20221121,20191002,SP,7075
36712062,0001,1,LIFE MOVIMENT,02,20200318,20200318,PE,2487
41168228,0001,1,ESTUDIO CONCEPT - BEM ESTAR E PERFORMANCE,02,20210310,20210310,PR,7777
43439677,0001,1,,02,20210908,20210908,RJ,5865
42346340,0001,1,STUDIO FITNESS APRIMORE,02,20210616,20210616,GO,0077
35581441,0001,1,,02,20191121,20191121,SP,7099
29745428,0001,1,STUDIO VIVER MELHOR,04,20210212,20180222,GO,9205
30018743,0001,1,ACADEMIA IMPERIO DO CORPO,04,20210407,20180323,BA,3685
39494439,0001,1,FLAVIA FER FITINES,08,20251229,20201020,RJ,5869
40156517,0001,1,ACADEMIA TIGER FITNESS,08,20260409,20201218,MT,9067
41582477,0001,1,M.E LIFE STUDIO,02,20210414,20210414,SP,6211
32906016,0001,1,,08,20240619,20190227,RS,8801
33180905,0001,1,ACADEMIA FORCA E MUSCULO,02,20211126,20190328,BA,3729
42805367,0001,1,ATRIO ACADEMIA,02,20210721,20210721,SP,7107
26709989,0001,1,KONG FIT,02,20260529,20161212,RJ,6001
34626123,0001,1,ACADEMIA SONIC FITNESS,02,20190822,20190822,PA,0445
34790753,0001,1,DANIELA GUERRA ESPACO FITNESS,02,20190906,20190906,SC,8039
27420765,0001,1,,03,20240507,20170330,MG,4123
34895096,0001,1,ACADEMIA CORPO & SAUDE,08,20241005,20190917,SC,8199
30318829,0001,1,DONNE'S ACADEMIA,02,20210720,20180427,RR,0301
33568043,0002,2,VALLA FITNESS,08,20250529,20200506,SC,8089
29418603,0001,1,TOP GYM ACADEMIA,02,20180111,20180111,MG,2695
34308135,0001,1,,02,20190724,20190724,PR,7481
31737487,0001,1,REVITALIS PILATES E FUNCIONAL,02,20181010,20181010,MG,5403
40569534,0001,1,AELSON TRAINER,02,20210126,20210126,SE,3169
41175955,0001,1,ESTUDIO GISELLE BARROS,02,20210311,20210311,BA,3661
36356211,0001,1,ACADEMIA SPORT LIFE,04,20260609,20200213,MS,9051
43668794,0001,1,DAYANE LARISCE MACHADO,08,20230116,20210927,SC,8203
37703635,0001,1,ONEFIT ACADEMIA,02,20200713,20200713,ES,5625
27442868,0001,1,MICHELE FITNESS,02,20220322,20170402,SP,6621
30421099,0001,1,STUDIO ATIVA FITNESS,02,20180510,20180510,RO,0020
32075910,0001,1,MYO ON STUDIO,02,20220210,20181122,SP,6293
30005098,0001,1,CROSSFIT PARK EXTREME,02,20180322,20180322,DF,9701
42512425,0001,1,ELEVA FIT ACADEMIA,02,20210629,20210629,PR,8461
39270133,0001,1,ACADEMIA POWER FIT,08,20251103,20201001,CE,1389
30480802,0001,1,,02,20180517,20180517,SP,7107
34277955,0001,1,GODOY TREINAMENTO E TRATAMENTO,02,20190722,20190722,PR,7993
39874317,0001,1,ACADEMIA BOA FORMA,02,20201123,20201123,MA,0961
40129826,0001,1,: BE ONE ACADEMIA,02,20201216,20201216,SC,8367
36657297,0001,1,CROSSFIT SINISTRO,08,20230314,20200312,SC,8179
30079067,0001,1,VISAO FITNESS,08,20230315,20180402,SP,6415
36212064,0001,1,ACADEMIA DOUBLEX COTIA,02,20200131,20200131,SP,6361
32595018,0001,1,,08,20230321,20190129,SP,6221
35525961,0001,1,ACADEMIA SPORT CENTER,02,20191115,20191115,GO,9349
33874069,0001,1,STUDIO BIANCO BODYBUILDER,02,20190610,20190610,PR,7667
29626238,0001,1,FIT HOUSE ACADEMIA,02,20180206,20180206,PR,7427
36786839,0001,1,STUDIO TEAM FREITAS,02,20200327,20200327,CE,1505
38197926,0001,1,FUNCIO FIT,02,20200824,20200824,RJ,6001
40799010,0001,1,,02,20210210,20210210,SP,6891
40186287,0001,1,MEGA FITNESS ACD,02,20201223,20201223,PB,2125
30466265,0001,1,ACADEMIA MOTIVACAO,02,20220126,20180516,GO,9449
30351898,0001,1,LIFE FITNESS,02,20180503,20180503,SC,8251
27182400,0001,1,,02,20170223,20170223,SP,7107
34285198,0001,1,G&A,02,20190722,20190722,SP,7107
37865331,0001,1,,02,20200727,20200727,AM,0255
30667770,0001,1,BODY LIFE GYM,02,20180611,20180611,RS,5757
41062757,0001,1,ACADEMIA POWER FITNESS,02,20210302,20210302,GO,9751
28602904,0001,1,MOVIMENTUS,02,20170908,20170908,RJ,6001
31069218,0001,1,MT CROSS TRAINING,02,20180731,20180731,SP,6477
30458485,0001,1,MALVINA'S FITNESS,02,20230706,20180515,RJ,2921
37618948,0001,1,,02,20200705,20200705,RS,8569
34809933,0001,1,SMART FIT,02,20190909,20190909,DF,9701
31341904,0001,1,CROSSFIT SOULBA,02,20180827,20180827,BA,3807
29739252,0001,1,ESTETICA SARANDI,02,20180221,20180221,PR,8461
34211368,0001,1,ESPACO ALTA PERFORMANCE,02,20190715,20190715,CE,1561
41566111,0001,1,ACADEMIA CONNECTION FIT,02,20210414,20210414,MG,5403
39354671,0001,1,ACADEMIA STAR FITNESS,02,20201008,20201008,BA,3575
39448237,0001,1,ELITE MUSCLE,04,20260529,20201016,GO,9373
26541969,0001,1,ACADEMIA ESCULPINDO CORPOS,02,20220824,20161116,MG,4255
33786023,0001,1,Tubarun Assessoria Esportiva,02,20190531,20190531,PR,0870
29285518,0001,1,CENTRO DE TREINAMENTO CROSS BEACH,02,20171218,20171218,BA,3957
34979417,0001,1,RAMMA PERSONAL STUDIO,02,20190924,20190924,SP,6427
32800270,0001,1,RISEFIT PERSONAL STUDIO,02,20190218,20190218,SP,7107
42918994,0001,1,ESPACO CRESCER STUDIO,02,20210729,20210729,RJ,5865
27428809,0001,1,THRIBO CROSSFIT,08,20230921,20170330,MG,5035
36120447,0001,1,STUDIO FELIPE LIMA,02,20260602,20200124,SP,7033
22902694,0042,2,,08,20240904,20181018,MG,4123
32399932,0001,1,PRIME ACADEMIA,02,20190109,20190109,RN,1859
41382138,0001,1,B.S. FITNESS ACADEMIA,02,20210329,20210329,BA,3047
40132247,0001,1,R P FITNESS,08,20250122,20201216,AP,0605
22902694,0035,2,SELF IT ACADEMIAS HOLDING S.A,02,20180712,20180712,SE,3105
31409160,0001,1,ACADEMIA MOSCOU GYM,02,20180903,20180903,MG,4123
32071759,0001,1,ACADEMIA EVOLUCAO FITNESS,02,20181122,20181122,GO,1058
37958195,0001,1,CT ATIVA ACAO,02,20200803,20200803,SC,8105
40765636,0001,1,SUZAN FERNANDES PERSONAL STUDIO,02,20210208,20210208,MG,5143
28473362,0001,1,EIXO,04,20231030,20170822,DF,9701
37830260,0001,1,AYUME - CENTRO DE TREINAMENTO,02,20200723,20200723,SE,3141
29800629,0001,1,VO2 ACADEMIA,02,20180228,20180228,GO,9373
39613547,0001,1,STUDIO TAMIRIS MORAIS,02,20201029,20201029,MG,0756
40488002,0001,1,CROSS EXPERIENCE ACADEMIA NOVA RESENDE,04,20231116,20210120,MG,4901
40624037,0001,1,BIO FITNESS ACADEMIA,04,20231116,20210129,RS,8557
36358139,0001,1,ACADEMIA OLYMPIA,02,20200213,20200213,AM,9835
36029386,0001,1,,02,20200116,20200116,SP,6313
37442981,0001,1,STUDIO LIKE MOOVE,02,20200617,20200617,PR,7477
41265221,0001,1,I9 + ACADEMIA,08,20240828,20210318,RN,0422
33735941,0001,1,STUDIO BODY BALANCE - PILATES E WELLNESS,02,20190527,20190527,PR,7535
29539713,0001,1,FLEX,02,20180126,20180126,GO,9373
41688449,0001,1,AT BOX TRAINING,02,20210423,20210423,PE,2381
26931702,0001,1,FLORIPA FITNESS,04,20240807,20170123,SC,8327
21557869,0002,2,CT BAIXADA 2,02,20240912,20180329,SP,6475
27597002,0001,1,,02,20170425,20170425,PR,7667
43218815,0001,1,MB STUDIO PERSONAL,02,20210820,20210820,ES,5623
37785190,0001,1,CENTRO DE TREINAMENTO ERICK BITTENCOURT,02,20200720,20200720,SP,6271
32226990,0001,1,GYM FIT,02,20181211,20181211,RS,8851
43503352,0001,1,,02,20210914,20210914,SP,6713
32563164,0001,1,CT CROSSLENCOIS,02,20190125,20190125,MA,0733
41030431,0001,1,FELIX GYM,02,20210301,20210301,MS,9113
40930493,0001,1,ONE ACADEMIA,02,20210222,20210222,MG,4957
42332875,0001,1,METODO RPM,04,20260529,20210615,PR,7535
30807268,0001,1,COMPACT CORE FITNESS,08,20241217,20180628,PR,7563
33218305,0001,1,GRUPO SAEF,02,20241219,20190402,MA,0106
27018770,0001,1,S3FITNESS,02,20170202,20170202,PB,2143
37982920,0001,1,,08,20250120,20200805,MG,4123
30546933,0001,1,,02,20220601,20180524,ES,5603
37528937,0001,1,FB PILATES,02,20200625,20200625,RO,0003
29994013,0001,1,VO2 LIFE,02,20180321,20180321,SC,8039
31266056,0001,1,IMPACTO ACADEMIA,02,20180817,20180817,MG,0594
41141552,0001,1,SUA SAUDE,02,20210309,20210309,GO,9373
32110896,0001,1,RM RUY MELLO,02,20181127,20181127,SP,7107
31255982,0001,1,STUDIO POWER PREMIUM,08,20250304,20180816,RS,8599
38924638,0001,1,CLUB MULTIFUNCIONAL VIVER FITNESS,02,20200925,20200925,PE,2627
30395756,0001,1,BELA VIDA ACADEMIA PERSONALIZADA,02,20180508,20180508,RS,8801
36396151,0001,1,,02,20200217,20200217,SP,6197
43631363,0001,1,BC TRANSFORMANDO VIDAS ATRAVES DO ESPORTE,08,20250327,20210923,RS,8801
33510440,0001,1,LIFE PILATES,08,20250416,20190502,BA,3849
36075499,0001,1,TEKA SPORTS,02,20200121,20200121,PR,7535
29113907,0001,1,DIOGENES PERSONAL STUDIO,02,20171121,20171121,PB,2179
37363212,0001,1,TK ACADEMIA,02,20200609,20200609,SP,6251
39756052,0001,1,INSTITUTO ENERGIA VITAL,08,20250523,20201111,SP,7107
28577934,0001,1,,08,20250526,20120302,RS,8591
40384040,0001,1,,02,20210113,20210113,SP,7107
40051321,0001,1,BLUFIT ACADEMIA,02,20201208,20201208,GO,9363
42134126,0001,1,ESPARTA FITNESS,08,20250620,20210528,MG,4123
42730398,0001,1,,02,20210715,20210715,MG,4921
39372018,0001,1,SALUTI PILATES E FISIOTERAPIA,02,20201009,20201009,CE,1389
30045576,0001,1,MOTIVA MAIS STUDIO DE PILATES E FISIOTERAPIA,02,20180326,20180326,SC,8291
29664177,0001,1,NOOVA STORE,02,20180209,20180209,RN,1661
43076580,0001,1,,02,20250707,20210811,RO,0005
29275549,0001,1,HEAVY TRAINING,02,20171215,20171215,PI,1159
35966790,0001,1,XPLOUD FITNESS,02,20231122,20200110,CE,1245
32278215,0001,1,NOVA ACADEMIA SPORT LIF TOPP,02,20201124,20181218,SP,7075
42920970,0001,1,SOULFIT ACADEMIA,02,20210729,20210729,AP,0605
27043560,0001,1,RCS CLINICA DE NUTRICAO ESTETICA E ESPORTIVA,02,20170206,20170206,PE,2491
28869967,0001,1,ACADEMIA POWER LIFE,02,20211007,20171017,PE,2321
26340336,0001,1,,02,20250813,20161012,BA,3849
35001795,0001,1,ACADEMIA MASTTER CLASS COMPANY,02,20251013,20190926,RS,8801
39268579,0001,1,ACADEMIA MY MOVE SAUL,08,20250901,20201001,PR,7667
30831706,0001,1,UP GESTAO ESPORTIVA,02,20180702,20180702,SP,7107
41316495,0001,1,F.A.A. TREINAMENTO ESPORTIVO,02,20210323,20210323,PR,7535
31635267,0001,1,,02,20260608,20180928,BA,3849
28771398,0001,1,ACADEMIA LION,02,20240417,20171002,PA,0483
36940741,0001,1,RODRIGO BRIVIO & GEDOIS RIBEIRAO PRETO,02,20200415,20200415,SP,6969
34670978,0001,1,ACADEMIA MULHERES FITNESS,08,20251006,20190827,GO,1058
27090707,0001,1,JC FITNESS,02,20251003,20170213,MA,0194
40398659,0001,1,ERIKI GAIGHER - ESPORTES,02,20210114,20210114,ES,5605
34837444,0001,1,BOX TOTEM,02,20190911,20190911,CE,1389
39409084,0001,1,POWER GIRL PARANAITA,02,20201013,20201013,MT,9885
35587382,0001,1,OCTAGON TEAM,02,20220607,20191122,MG,5407
26416579,0001,1,PAULA FARIA PERSONAL TRAINER,04,20220128,20161025,GO,9403
33893315,0001,1,STUDIO POSITIVE,02,20190611,20190611,RS,9825
25990432,0001,1,PHYSICUS STUDIO,08,20180131,20160819,MG,4917
26501595,0001,1,TREINO TOTAL ACADEMIA PERSONALIZADA,02,20161107,20161107,RJ,5849
26773643,0001,1,,08,20170308,20161229,RS,8841
26878267,0001,1,RENATO SILVA PERSONAL TRAINER,08,20170116,20170116,CE,1355
22902694,0019,2,SELF IT ACADEMIAS,02,20170120,20170120,PE,2531
27153090,0001,1,,08,20260131,20170220,SP,6929
27235145,0001,1,TOP FITNESS,08,20251031,20170306,MA,0793
27348148,0001,1,RONI PETERSON DA SILVA,08,20171203,20170321,PR,7935
27620124,0001,1,,08,20200722,20170428,SP,6929
27645410,0001,1,,02,20170503,20170503,SP,7245
28724994,0001,1,,02,20170926,20170926,MG,4733
29200406,0001,1,,08,20181220,20171204,MG,4265
29336215,0001,1,TREINAMENTO FUNCIONAL MOVE,08,20190624,20171230,DF,9701
29457186,0001,1,RAMOS FIT CLUB,02,20180117,20180117,PE,2521
29846290,0001,1,SMART FIT - IMPERATRIZ,02,20180305,20180305,MA,0803
30981730,0001,1,STUDIO SIAO,02,20180720,20180720,SP,6515
32532299,0001,1,GINASIUM FITNESS,04,20260528,20190123,MG,4133
29310670,0008,2,,08,20221130,20190129,SP,7107
32662023,0001,1,7 FIT BOX FUNCIONAL,08,20241213,20190205,SP,6291
32972183,0001,1,BODYBE BRASIL,02,20190308,20190308,SP,7145
33563583,0001,1,LC STUDIO FITNESS,04,20240815,20190508,RJ,6003
34092210,0001,1,THE BOX CROSSTRAINING,02,20190702,20190702,RJ,0778
34773048,0001,1,STUDIO BELL DIAS,08,20230717,20190905,MG,4359
35513799,0001,1,FITNESS CONPANY,04,20260527,20191114,BA,3579
36112062,0001,1,SUNT CONSULTORIA EM SAUDE,02,20200123,20200123,RJ,5885
36309329,0001,1,STUDIO FITNESS,02,20200210,20200210,SP,6969
36441393,0001,1,EXTREME FITNESS,02,20200220,20200220,MG,4283
38220774,0001,1,JACK PERSONAL,02,20200825,20200825,SP,6589
39771444,0001,1,CT ANDRIO AMARAL SAUDE E ESTETICA,02,20201112,20201112,RS,8791
40935466,0001,1,,02,20210222,20210222,SP,6377
41304069,0001,1,JESSICA MELO PILATES E FISIOTERAPIA LTDA,02,20210322,20210322,SP,6477
28343963,0001,1,HULK CROSSTRAINNING,02,20170804,20170804,RJ,6001
42780854,0001,1,BODY CLUB,08,20240820,20210720,CE,1447
29968317,0001,1,ADRIANE LINDA ESPACO FITNESS,08,20210812,20180319,PI,1065
43381709,0001,1,BLACK HOUSE ACADEMIA,02,20210902,20210902,PR,7663
41932670,0001,1,STUDIO S FITNESS,02,20210513,20210513,PE,2445
35394699,0001,1,ACADEMIA SAUDE & ESTILO,02,20251020,20191104,MA,0895
27754390,0001,1,,08,20251217,20170517,RS,8649
43617479,0001,1,ACADEMIA BRAVURIA PERFORMANCE,02,20210922,20210922,SC,8373
30020397,0001,1,CROSS LIFE OURO PRETO BH,08,20260109,20180323,MG,4123
36654343,0001,1,ACADEMIA SPACO FITNESS,02,20200312,20200312,MG,2905
40403540,0001,1,FLIP,02,20210114,20210114,SP,6181
27424574,0001,1,ACADEMIA BEACH FITNESS,02,20260609,20170330,SE,3105
29754422,0001,1,NO LIMITE,02,20220909,20180222,MG,4083
40513373,0001,1,STUDIO PERSONAL TRAINER,02,20210122,20210122,PR,0870
34639068,0001,1,,02,20190823,20190823,MG,5401
28001049,0001,1,RABELO FITNESS,02,20170620,20170620,CE,1537
42521201,0001,1,CAPIVARAS CT,02,20210629,20210629,PR,7535
37793716,0001,1,,02,20260122,20200721,MG,4123
35170888,0001,1,,02,20191014,20191014,SP,7107
40490148,0001,1,ACADEMIA TOP LIFE FITNESS,02,20210120,20210120,PA,0377
42948400,0001,1,ACADEMIA AFTRAINING,02,20210802,20210802,PB,2055
35829414,0001,1,LEVITATE,02,20191219,20191219,SP,6291
41780374,0001,1,,02,20210501,20210501,SP,6291
39544137,0001,1,ANA BELTHER PERSONAL TRAINER,02,20201023,20201023,SC,8105
35155967,0001,1,,02,20191011,20191011,SP,6375
30169667,0001,1,TOP TRAINING FITNESS,02,20180411,20180411,PR,8461
28632553,0001,1,,02,20170913,20170913,PR,7493
35415349,0001,1,NATY CARVALHO FITNESS,02,20191105,20191105,SP,6475
34478599,0001,1,,02,20190809,20190809,SC,8161
39709835,0001,1,GARAJAO CROSS TRAINING,02,20201109,20201109,PR,7935
41253625,0001,1,BOX TAPAJOS TREINAMENTO FUNCIONAL,08,20260506,20210317,SP,7107
28186497,0001,1,,02,20170714,20170714,SP,7107
33356261,0001,1,ACADEMIA CANTALICE,02,20190415,20190415,PB,2181
35551516,0001,1,OPE PERFORMANCE E DESENVOLVIMENTO,08,20260424,20191119,BA,3685
37783374,0001,1,KDS TEAM,02,20200720,20200720,MS,9131
41035777,0001,1,TITAN ACADEMIA,02,20210301,20210301,PA,0415
33903553,0001,1,ACADEMIA,08,20260515,20190612,PB,1907
33693247,0001,1,TECFIT BOA VIAGEM,04,20260525,20190522,PE,2531
39506006,0001,1,FIT ACADEMIA,08,20260525,20201021,PE,2531
41521221,0001,1,ACADEMIA VIDA ATIVA ROTA DE COLISAO OCTOGONO,04,20260527,20210409,BA,3723
42150753,0001,1,,02,20210531,20210531,SP,7107
43389208,0001,1,REABILITY,04,20260601,20210902,BA,3821
42178609,0001,1,,02,20210602,20210602,PR,7563
43829737,0001,1,AVANTE SEMPRE,02,20211008,20211008,MG,4123
43830049,0001,1,QG GAROTA DE ACO,02,20211008,20211008,PE,2337
43839909,0001,1,,02,20211011,20211011,RS,8589
43851456,0001,1,STUDIO CRISTIANO AVELAR,02,20211013,20211013,MG,5239
43859657,0001,1,LUCCAS OLIVEIRA MELO,02,20211013,20211013,RS,8801
43865873,0001,1,ESPACO RM TREINAMENTO PERSONALIZADO,02,20211014,20211014,MG,4797
43865897,0001,1,DNA STUDIO FITNESS,02,20211014,20211014,PR,7493
43873237,0001,1,,02,20211014,20211014,SP,7107
43873741,0001,1,HOME FITNESS,02,20211014,20211014,MG,4917
43903842,0001,1,ACADEMIA FIT POINT,02,20211015,20211015,BA,3363
43906514,0001,1,CF NATURE STRENGTH,08,20260317,20211018,PR,7535
01340965,0004,2,ACP CROSS,02,20211018,20211018,RJ,6001
43926713,0001,1,STUDIO OLIVER BODY HEALTH,02,20211019,20211019,ES,5697
43928685,0001,1,ANA FISIO PILATES,02,20211019,20211019,BA,3341
43939397,0001,1,PILATES CONCEPT,08,20220601,20211020,PR,7691
43944221,0001,1,STUDIO E PRESTACAO DE SERVICOS,02,20211020,20211020,SP,7135
30681552,0002,2,BABY GYM ZONA SUL POA,08,20231113,20211020,RS,8801
43956109,0001,1,ACADEMIA APOLO,08,20221222,20211021,RN,1639
43958655,0001,1,OLIVEIRA & MALDONADO CONDICIONAMENTO FISICO,08,20240322,20211021,SP,7225
43959411,0001,1,F2 ACADEMIA,04,20260527,20211021,CE,1249
43960549,0001,1,,02,20211021,20211021,RS,1134
44006007,0001,1,STUDIO PERSONAL SKULL GYM,02,20211025,20211025,ES,5687
44013717,0001,1,ACADEMIA CORPO E FORMA,02,20240111,20211026,RS,8753
44018203,0001,1,MARINA MENDES STUDIO PILATES,02,20211026,20211026,PI,1219
44021748,0001,1,REPUBLIC BEAR,04,20240821,20211026,RJ,5899
44029713,0001,1,ESTUDIO FRANCIELI SCHALY,02,20211026,20211026,SC,8177
44032098,0001,1,SPACE PREMIUM,04,20240821,20211027,PB,1977
44036121,0001,1,CT KRAUSE,02,20211027,20211027,RS,8801
44036554,0001,1,CT TAINAR,02,20211027,20211027,BA,3579
44047761,0001,1,ER CENTRO DE TREINAMENTO,02,20211027,20211027,MG,4959
44054847,0001,1,HERA CF,02,20211028,20211028,GO,9361
44057638,0001,1,FIT HOUSE,02,20211028,20211028,MA,0921
44059398,0001,1,DIVERSOS FITNESS ACADEMIA,04,20240819,20211028,RJ,5869
44060940,0001,1,VOR MEIER,02,20211028,20211028,RJ,6001
44062983,0001,1,,02,20250402,20211028,SP,7107
44068786,0001,1,ACADEMIA DA PRAIA,02,20211029,20211029,RS,8773
44073712,0001,1,CROSS EXPERIENCE CRUZ DAS ALMAS,08,20251001,20211029,BA,3495
44076193,0001,1,JULIANA SOUZA STUDIO TRAINING,02,20211029,20211029,BA,3721
44076501,0001,1,POSH ACADEMIA,08,20230131,20211029,SC,8327
44088207,0001,1,CENTRO DE TREINAMENTO V7,02,20211101,20211101,SC,8177
19852108,0008,2,,08,20231114,20211103,RS,8899
44102868,0001,1,DELTA ACADEMIA,02,20211103,20211103,GO,9373
44104620,0001,1,FITMAX ACADEMIA,02,20211103,20211103,PI,1221
44114181,0001,1,PERSONAL TRAINING ACADEMIA,08,20251022,20211104,AL,2853
44131768,0001,1,BEMSTAR,04,20240826,20211104,BA,3849
44138459,0001,1,STUDIO TIL NEVES,02,20211105,20211105,PI,1109
44139768,0001,1,ARENA GL,02,20211105,20211105,RS,8435
44151357,0001,1,START FIT ACADEMIA,02,20211108,20211108,PR,7607
44158993,0001,1,DLFITNES ACADEMIA,04,20260518,20211108,CE,1519
44161970,0001,1,IURI PERSONAL TRAINER,08,20260427,20211108,SP,7107
44163218,0001,1,POWER BOX,08,20250519,20211108,RR,0301
44163334,0001,1,JOCK FREE,02,20211108,20211108,RJ,6001
44179487,0001,1,PLAY COIN,02,20211109,20211109,SP,7071
44179739,0001,1,TOCA DO TREINO,02,20211109,20211109,MA,0957
44185103,0001,1,ACQUATORRES FITNESS,08,20220803,20211110,MG,4123
44197163,0001,1,TRACKNAGEM,02,20211110,20211110,SP,7107
44203629,0001,1,ANDERSON LEITE TREINADOR,02,20211111,20211111,MG,5403
44203844,0001,1,ARENA CROSS IR,04,20231108,20211110,BA,3711
30807901,0003,2,ACADEMIA P'CORPO,04,20260608,20211111,AM,0255
44211196,0001,1,FF,02,20211111,20211111,PR,7691
32849667,0002,2,LIVE FIT,08,20250907,20211111,RS,8683
44223248,0001,1,STUDIO GYM,02,20211112,20211112,MS,9073
44227325,0001,1,W MASTER FITNESS ACADEMIA,02,20211112,20211112,CE,1483
44231150,0001,1,LIFE FITNESS ACADEMIA,02,20211112,20211112,ES,5671
44252213,0001,1,ENGENHARIA DO CORPO,02,20211116,20211116,DF,9701
44258953,0001,1,CLINICA LOTUS,02,20211116,20211116,PA,0401
44259086,0001,1,MAGRO FITNESS,02,20211116,20211116,SP,6885
44260866,0001,1,KETTLEBELL CLUB DE ATIVIDADES FISICAS,04,20231109,20211116,CE,1559
44266988,0001,1,KOMBOX FIT,02,20211117,20211117,GO,9373
44267178,0001,1,FIRE CORE STUDIO DETTY RECH,02,20211117,20211117,MT,9907
44271738,0001,1,,08,20220818,20211117,SC,8179
44272155,0001,1,CROSS TRAINING JACUI,02,20211117,20211117,SP,7107
44279961,0001,1,,02,20211118,20211118,SP,6887
44284715,0001,1,ULC MULTTRAINING,02,20211118,20211118,MG,4823
44302852,0001,1,,02,20211119,20211119,SP,7107
44307562,0001,1,ESPACO GISELLE RIBEIRO - FITNESS & SAUDE LTDA,04,20231116,20211119,SC,8057
44321918,0001,1,,02,20211122,20211122,MG,5373
44342587,0001,1,BOX VIDATLETICA,08,20260409,20211123,SP,6487
44345741,0001,1,,02,20211123,20211123,SP,7107
44348730,0001,1,CROSS XXI PVH,08,20250429,20211123,RO,0003
44359322,0001,1,FITSOUL,02,20211124,20211124,SC,8327
44365159,0001,1,BICUDOS ASSOCIACAO AQUATICA,02,20211124,20211124,SP,7107
44384487,0001,1,STEFANELLO CENTRO DE TREINAMENTO FISICO,02,20211126,20211126,RS,8905
44389867,0001,1,DO IS FIT ACADEMIA,08,20230530,20211126,SP,6689
44390148,0001,1,MFIT TREINAMENTO PERSONALIZADO,08,20230315,20211126,SP,7187
44393011,0001,1,ALPHA FITNESS,02,20240830,20211126,PA,0549
44393416,0001,1,ARENA FITNESS,02,20211126,20211126,SC,8327
44393947,0001,1,ACADEMIA BROTHERS E MINA'S,04,20231026,20211126,AP,0605
44404096,0001,1,ESPACO NOVOSHAPELG,08,20230517,20211129,PE,0552
44410794,0001,1,ACADEMIA MAXIMO FITNESS,02,20211129,20211129,MG,4319
44415249,0001,1,MASTER ACADEMIA,02,20211129,20211129,MG,0730
44429180,0001,1,ACADEMIA FORMA FIT,08,20251217,20211130,MG,4839
44442987,0001,1,STUDIO VOLL,02,20211201,20211201,SP,7107
44450188,0001,1,ACADEMIA BRUTAL FORCE,02,20211201,20211201,MS,9131
44455910,0001,1,CORPUS FIT,02,20211202,20211202,BA,3897
44458150,0001,1,,02,20211202,20211202,SP,7243
44464869,0001,1,STUDIO VOLL PILATES PELOTAS,02,20211202,20211202,RS,8791
44467448,0001,1,ACADEMIA AD3 BLUMENAU,08,20251002,20211202,SC,8047
44470149,0001,1,,02,20211203,20211203,SP,7237
30412194,0002,2,,08,20260122,20211203,MT,9067
44480948,0001,1,,02,20211203,20211203,PE,2589
20470718,0004,2,INSTITUTO DO MOVIMENTO,08,20250415,20211203,PE,2531
44492259,0001,1,GH FITNESS WORK,02,20211206,20211206,PR,7667
44506625,0001,1,MARIANO TREINAMENTO FISICO,02,20211207,20211207,RS,8619
34758448,0002,2,BLACKLIONS,08,20240523,20211207,PE,2531
44514294,0001,1,,02,20211207,20211207,BA,3653
44521207,0001,1,MOBISFISIO - FISIOTERAPIA E PILATES,08,20250107,20211208,CE,1389
44525564,0001,1,EVOFIT86,02,20211208,20211208,PI,1219
10821898,0002,2,COMPLEXO VIDA SAUDAVEL,02,20211209,20211209,RN,1787
44538070,0001,1,JUFIT ESPACO TRAINING,02,20211209,20211209,PB,2073
44542481,0001,1,LIFE SPORTS ACADEMIA,02,20211209,20211209,SP,7151
44549495,0001,1,ELITE FIT SAO CRISTOVAO,08,20240207,20211210,RJ,6001
44555482,0001,1,CROSS NUTRITION BOX SALVADOR,02,20211210,20211210,BA,3849
44564566,0001,1,,02,20211211,20211211,MG,4123
44573268,0001,1,R.E. FITNESS ACADEMIA FEMININA,02,20211213,20211213,TO,9733
44579400,0001,1,WELLNESS MOVIMENTO & SAUDE,08,20230314,20211214,DF,9701
44579658,0001,1,CENTRO DE TREINAMENTO JP PERSONAL,02,20211214,20211214,PB,2143
44579737,0001,1,,02,20211214,20211214,SP,6217
44580816,0001,1,BALA PERFORMANCE PERSONAL TRAINER,04,20260605,20211214,DF,9701
44582206,0001,1,LUIS FERREIRA PERSONAL,08,20250202,20211214,DF,9701
44582911,0001,1,CENTRO DE MUSCULACAO FITNESS,02,20211214,20211214,PI,1211
44584740,0001,1,,08,20240129,20211214,RJ,5851
44585209,0001,1,BLACK FIT,08,20230109,20211214,MT,9151
44590067,0001,1,JR FIT,02,20211214,20211214,DF,9701
44598479,0001,1,PHOENYX GYM LTDA,02,20211215,20211215,MG,5049
44601988,0001,1,,02,20211215,20211215,SP,6477
44607529,0001,1,XTREME CENTRO DE TREINAMENTO FUNCIONAL,02,20211216,20211216,SP,7149
44611568,0001,1,,08,20241204,20211216,SP,7107
44615414,0001,1,TOP ESCALADA E FITNESS,02,20211216,20211216,SP,6619
44618566,0001,1,ACADEMIA TRANSFORMACAO,02,20211217,20211217,SC,8081
44626276,0001,1,ATLAS SPORT,08,20230320,20211217,MG,5371
44637801,0001,1,ACADEMIA CENTRO NORTE FITNESS,02,20211220,20211220,GO,9587
44642131,0001,1,ACADEMIA BEEM FIT,02,20211220,20211220,SP,6477
44642584,0001,1,ESCOLA MOVEL FERNANDA FABBRI,02,20211220,20211220,MG,5403
44646515,0001,1,EVOLVE GYMBOX,08,20241105,20211220,BA,3363
44651711,0001,1,ACADEMIA DO BOLEIRO,02,20211221,20211221,PR,7777
44660754,0001,1,J&A FITNESS,02,20211222,20211222,RN,1881
44664741,0001,1,ACADEMIA CORPO IDEAL,02,20211222,20211222,MA,0110
44666900,0001,1,ACADEMIA C77,02,20211223,20211223,MA,0803
44669102,0001,1,,08,20240701,20211223,SP,7107
44670424,0001,1,FITPLAY,02,20211223,20211223,GO,9423
22590018,0002,2,BRAVE HERD CROSSFIT,08,20220817,20211224,DF,9701
44674009,0001,1,LM VELOSO,02,20211224,20211224,BA,3597
44681448,0001,1,STUDIO SHIRLI PRADO,02,20211227,20211227,GO,9201
44681710,0001,1,ACADEMIA BIOFORMA,02,20211227,20211227,CE,1593
44697739,0001,1,BONIN SERVICOS ESPORTIVOS,02,20211229,20211229,SP,6511
44703602,0001,1,CT AEROFIT,02,20211230,20211230,RS,8801
44713051,0001,1,BOX MG FUNCIONAL TRAINING,04,20260605,20220103,DF,9701
44713358,0001,1,ELITE TRAINING,02,20220103,20220103,SP,6291
44735209,0001,1,VAL LIMA,02,20230601,20220104,DF,9701
44748046,0001,1,OKITSU PERSONAL,02,20220105,20220105,SP,6713
44752606,0001,1,AMARCROSS,02,20220105,20220105,BA,3319
44760688,0001,1,BOX SM WORKOUTS,02,20220106,20220106,AM,0255
44763114,0001,1,J.E ACADEMIA,02,20220106,20220106,SP,6737
44766791,0001,1,ELITE ACADEMIA,04,20260601,20220106,BA,3265
44767067,0001,1,MEGA FIT ACADEMIA,02,20220106,20220106,SP,6643
44769528,0001,1,CORPU'S ACADEMIA,02,20220106,20220106,PI,2251
44774483,0001,1,ACADEMIA AQUARIUS,02,20220107,20220107,MG,4111
44778741,0001,1,ACADEMIA PLAY SPORTS,08,20230215,20220107,MG,5091
44779347,0001,1,,02,20220107,20220107,SP,6219
44798169,0001,1,ACADEMIA ESTACAO DO CORPO,02,20220110,20220110,GO,9423
44806801,0001,1,CORP FIT ACADEMIA,02,20220110,20220110,SP,7107
44813918,0001,1,MEGA FIT ACADEMIA,08,20250516,20220111,BA,3117
44820522,0001,1,DR E FITBOX HUB,02,20220111,20220111,PB,2137
44822783,0001,1,CRISTIANO RODRIGUEZ,02,20220111,20220111,PR,7535
44831004,0001,1,FIVE STAR FITNESS,02,20220112,20220112,RN,1693
44833386,0001,1,IRON FORGE CT,02,20220112,20220112,RJ,5867
44833657,0001,1,VIVIAN ROCHA ATIVIDADES PERSONALIZADAS,02,20220112,20220112,SC,8105
44834699,0001,1,GRATITUDE ESPACO DE SAUDE E BEM-ESTAR,02,20220112,20220112,BA,3661
44838150,0001,1,CT 300 MUAY THAI,02,20220112,20220112,MT,9067
44839015,0001,1,,02,20220112,20220112,RS,8851
44839628,0001,1,SPAC - CENTRO DE SAUDE E MOVIMENTO,02,20220112,20220112,ES,5703
44859440,0001,1,,08,20230927,20220113,SP,7183
44865187,0001,1,RIO FITNESS,04,20260605,20220114,TO,0359
44890022,0001,1,ACADEMIA EQUILIBRIUM,02,20220117,20220117,BA,3987
44901870,0001,1,,02,20220117,20220117,MA,0921
44911021,0001,1,START CROSS TRAINING,02,20220118,20220118,RJ,5847
44913878,0001,1,ACADEMIA FAMA,02,20220118,20220118,PA,0443
44927763,0001,1,CAVE CROSS TRAINING.,02,20220119,20220119,SP,6495
44941723,0001,1,VITA FITNESS,02,20220120,20220120,RS,8791
44943122,0001,1,BIO FITNESS,02,20220120,20220120,SC,8199
44943184,0001,1,,02,20220120,20220120,SP,7057
44952153,0001,1,,04,20260518,20220120,CE,1569
44953324,0001,1,ACADEMIA NOSSA SRA DA SAUDE,08,20250811,20220120,PE,2613
44955049,0001,1,ACADEMIA HARDCORE TRAINING,08,20220328,20220120,PE,2623
44955975,0001,1,7 FITNESS ACADEMIA,02,20220121,20220121,MA,0921
44957392,0001,1,,02,20220121,20220121,SP,7107
44961189,0001,1,TOTAL FITNESS,02,20220121,20220121,RR,0301
44965532,0001,1,,02,20220118,20220118,SC,8105
44979952,0001,1,,02,20220124,20220124,PR,7751
44980021,0001,1,EVER UP FITNESS,02,20220124,20220124,SP,6425
44983320,0001,1,JOAN SOARES STUDIO PERSONAL,02,20220124,20220124,SE,3115
44983331,0001,1,LEGATUS ACADEMIA,02,20220124,20220124,RJ,5903
45002226,0001,1,,02,20220125,20220125,SP,6213
45002600,0001,1,MYCLUB ACADEMIA,02,20220125,20220125,PE,2531
45006819,0001,1,ACADEMIA SS FORMA,02,20220125,20220125,RN,1779
44765373,0001,1,,02,20220106,20220106,SP,6877
45015669,0001,1,ATTOS CORE,02,20220126,20220126,PR,7999
45024185,0001,1,ACADEMIA HEALTH SPORT,02,20220126,20220126,MG,4123
44282264,0001,1,BEM - ESTAR ACADEMIA,02,20211118,20211118,RS,8507
45050902,0001,1,DUNAS FITNESS,02,20220128,20220128,RN,1761
45054273,0001,1,STUDIO MONTEIRO PILATES,02,20220128,20220128,MS,9051
45055827,0001,1,WF GESTAO ADMINISTRATIVA,02,20220128,20220128,MG,5049
45056418,0001,1,VIDA MAIS MOVIMENTO,02,20220128,20220128,RS,8801
45057903,0001,1,CENTRO DE TREINAMENTO LADO NEGRO,02,20220128,20220128,SP,7107
45065124,0001,1,ESTUDIO ELLEN A FITNESS,02,20220128,20220128,AM,0255
07594978,0465,2,,02,20220131,20220131,SP,7145
07594978,0467,2,,02,20220131,20220131,SP,7107
45078815,0001,1,,02,20220131,20220131,SP,6163
45079749,0001,1,PQ PERSONAL TRAINER,08,20240306,20220131,SP,7107
45094230,0001,1,OXIGENIO CENTRO DE TREINAMENTO,08,20230628,20220201,PB,2117
45143192,0001,1,ARENA FIGHT FUNCIONAL,08,20220420,20220203,PR,0878
45145951,0001,1,GO! STUDIO PERSONAL TRAINER,08,20241001,20220203,SC,8163
45146656,0001,1,CT GHY CARVALHO,02,20220203,20220203,BA,3293
45150282,0001,1,GIH STUDIO DE PILATES E ESTETICA,02,20220203,20220203,MS,9051
45152563,0001,1,PINK FITNESS STUDIO,08,20221111,20220204,SP,7107
45190532,0001,1,ATMOSFERA FITNESS,02,20220207,20220207,SP,7107
45206569,0001,1,FIGHT CLUB,02,20220208,20220208,MG,4725
45212451,0001,1,MOVE SAO JOAO CENTRO DE TREINAMENTO,02,20220209,20220209,PR,7871
45214644,0001,1,ARENA CROSS TRAINING,02,20220209,20220209,RJ,2909
45217996,0001,1,HOME FITNESS,08,20220308,20220209,CE,1429
45218133,0001,1,,02,20220209,20220209,RJ,6001
45221938,0001,1,NILMAR HAHN,02,20220209,20220209,RS,8599
45222722,0001,1,,08,20240430,20220209,RS,8801
45223918,0001,1,SUNFIT ACADEMIA,08,20251007,20220209,PB,2117
45227298,0001,1,PILATES HOUSE,02,20220209,20220209,SP,7057
33630999,0002,2,,02,20220210,20220210,SC,8339
45240138,0001,1,CLUBE DA LUTA,02,20220210,20220210,SP,6551
45258102,0001,1,LUCINEIA TAVARES STUDIO,08,20260310,20220211,SP,6921
12884704,0002,2,BRUTHUS CROSS,08,20240220,20220214,PI,1221
45295134,0001,1,ACADEMIA DS FIT,08,20240506,20220215,RS,8681
45298594,0001,1,STUDIO METODO 45,02,20220215,20220215,PR,7471
45102556,0001,1,J & M ACADEMIA,04,20260518,20220201,CE,1527
07594978,0473,2,,02,20220216,20220216,SE,3105
45318650,0001,1,ACADEMIA ALFA,02,20220216,20220216,GO,9473
45319824,0001,1,BEM ESTAR FIT,08,20250114,20220216,SP,6401
45323278,0001,1,,02,20220216,20220216,SP,6853
45323430,0001,1,VICTOR RODRIGUES CLINICA ESPEC. EMAGREC E HIPERTROFIA,02,20220216,20220216,MG,4305
45328925,0001,1,EISENFIT ACADEMIA,02,20220217,20220217,SC,8179
45329831,0001,1,ARENA FITNESS,02,20220217,20220217,RJ,5813
45347403,0001,1,STUDIO BIOFIT TREINAMENTO PERSONALIZADO E FISIOTERAPIA,02,20220218,20220218,MG,4643
45348672,0001,1,QUILOGRAMA ATHLETICA,02,20220218,20220218,SP,6553
45349416,0001,1,FOCCUS GYM,02,20220218,20220218,MG,4231
20044794,0002,2,A R E N A F I T,02,20220218,20220218,PA,0453
45356688,0001,1,,08,20241212,20220218,MG,5403
45378906,0001,1,UP FIT,02,20220221,20220221,MA,0809
45379983,0001,1,YOGA R ONE,02,20220221,20220221,SP,7107
45386095,0001,1,MASTER FITNESS,02,20220221,20220221,PR,7793
45395830,0001,1,CROSS X,08,20220610,20220222,BA,3661
45399099,0001,1,BARUC FIT,02,20220222,20220222,CE,1553
45405793,0001,1,,02,20220222,20220222,BA,3849
45414172,0001,1,AZURE ACADEMIA,02,20220223,20220223,PR,7535
45414773,0001,1,COLISEU ACADEMIA,08,20260131,20220223,PR,7505
45416188,0001,1,FONTE FITNESS,02,20220223,20220223,RJ,6001
45418660,0001,1,PRATIQUE SAUDE ACADEMIA,08,20251215,20220223,CE,1309
45419764,0001,1,,02,20220223,20220223,DF,9701
45424150,0001,1,FORMA FISICA ACADEMIA,02,20220223,20220223,RS,8795
45427155,0001,1,,08,20230613,20220223,SP,7107
45428718,0001,1,FIGHT - FIT,02,20220223,20220223,GO,9571
45429501,0001,1,STUDIO MM POWER FIT,02,20220223,20220223,MT,9831
45429770,0001,1,GOOD TRAINING,02,20220223,20220223,SP,2951
45430894,0001,1,"WELLNESS PREVENCAO , E REABILITACAO",02,20220224,20220224,MG,4445
45433263,0001,1,CAIXETA ACADEMIA,02,20220224,20220224,MG,2905
45439089,0001,1,,02,20220224,20220224,RN,1841
45439526,0001,1,,02,20220224,20220224,SP,7151
45439682,0001,1,TULIPA FITNESS,02,20220224,20220224,SP,7107
45441809,0001,1,BOSCOLO & CASTRO FITNES,08,20240805,20220224,SP,6969
45443169,0001,1,GABRIEL LOPES - MIO CENTER,02,20220224,20220224,PR,7427
45448767,0001,1,ACADEMIA CORPUS,02,20220225,20220225,BA,3805
45463666,0001,1,CT DO FELPS,02,20220225,20220225,ES,5705
45490119,0001,1,BROTHERS ACADEMIA,02,20220302,20220302,MS,9075
45503755,0001,1,EQUILIBRIO ACADEMIA,02,20220303,20220303,SP,7107
45504532,0001,1,,02,20220303,20220303,SP,7079
45509939,0001,1,BETTER HEALTH,02,20220303,20220303,MG,4879
45516198,0001,1,TEAMJUJULIMA,02,20220304,20220304,SP,7107
45522744,0001,1,STAR FIT ACADEMIA,02,20220304,20220304,TO,9685
45210561,0001,1,HOME BOX,02,20220208,20220208,PA,0048
45543959,0001,1,ESPACO MONTEIRO,02,20220307,20220307,GO,0077
45560008,0001,1,TOWERS SPORTS,08,20240108,20220308,SP,7107
45560476,0001,1,G.R.FIT,02,20220308,20220308,PR,7751
45562791,0001,1,NEW LIFE PILATES E FISIOTERAPIA,02,20220308,20220308,MG,4123
45566732,0001,1,,04,20260518,20220308,CE,1389
45569911,0001,1,,02,20220308,20220308,MA,0921
45572044,0001,1,CT FENIX FIT,02,20220308,20220308,PR,0870
45573415,0001,1,SOUL MOVE PILATES - ROOSEVELT,02,20220309,20220309,MG,5403
45573652,0001,1,GS FITNESS,08,20221128,20220309,MA,0921
45581597,0001,1,M. S TREINAMENTO FISICO EM SAUDE PERSONALIZADO,02,20220309,20220309,AP,0605
45582373,0001,1,CLEBER ACADEMIA,02,20220309,20220309,PA,0559
45583488,0001,1,ESTACAO FITNESS,02,20220309,20220309,SP,6825
45584088,0001,1,JONATAS J DE SOUSA SERVICOS DE PSICOMOTRICIDADE,08,20260605,20220309,GO,9373
45587601,0001,1,PROGRESS FITNESS - TREINAMENTO PERSONALIZADO,02,20220309,20220309,SC,8309
45592310,0001,1,BJORN BOX,04,20260518,20220310,CE,1389
45592321,0001,1,NOBULL FIT,02,20220310,20220310,RS,8791
26322697,0002,2,LIFE SPORTS,08,20240801,20220310,SP,6323
32379317,0002,2,C2FIT,02,20220310,20220310,BA,3755
45604727,0001,1,BW CONSULTORIA NUTRICIONAL,02,20220310,20220310,DF,9701
45605766,0001,1,ACADEMIA DUPLO IMPACTO,02,20220310,20220310,SP,6551
45613743,0001,1,SHAPE GYM,02,20220311,20220311,RS,8679
45619349,0001,1,KVERNA BOX,08,20240702,20220311,SP,7099
45627655,0001,1,,02,20220312,20220312,GO,9373
45634092,0001,1,SANTA.COM,02,20220314,20220314,RS,8801
45645281,0001,1,AURORA PILATES,02,20220314,20220314,RS,8511
45650752,0001,1,,02,20220315,20220315,MG,4815
45660632,0001,1,STUDIO NEWBOX,02,20220315,20220315,SP,7107
45661293,0001,1,ACADEMIA TAURUS,08,20250411,20220315,RS,8963
45199369,0001,1,KING GYM HIGH PERFORMANCE,02,20220208,20220208,RO,0005
45687354,0001,1,OUTMATCH FIT,02,20220317,20220317,RJ,2927
45689580,0001,1,ACADEMIA ATTITUDE,08,20260330,20220317,PE,2403
45690284,0001,1,,02,20220317,20220317,SP,6953
45690541,0001,1,ACADEMIA FERRAZ TRAINIG,02,20220317,20220317,PE,0552
45693685,0001,1,STUDIO JOY PILATES,02,20220317,20220317,SP,6511
45701247,0001,1,VINICIUS MARTINHO TREINAMENTO AVANCADO,08,20241022,20220318,PR,7691
45709327,0001,1,STUDIO FERNANDA SOLI,02,20220318,20220318,RO,0007
45712301,0001,1,,02,20220319,20220319,SP,7107
45713718,0001,1,DANILO PERSONAL FIGHT,08,20250611,20220319,SP,6361
45718799,0001,1,BOX DRX,08,20230310,20220321,PI,1219
45722020,0001,1,FLEXUS FITNESS II PARQUE DOS SERVIDORES,02,20220321,20220321,SP,6831
45729000,0001,1,SOULFIT,02,20220321,20220321,RS,8801
45731946,0001,1,ESPACO HOLISTICO ESTIMULAR & BRINCAR,04,20240816,20220321,AM,0255
45736346,0001,1,STUDIO STIK FITNESS,02,20220322,20220322,MG,5401
45737250,0001,1,CT MIRANDA,08,20260306,20220322,SP,6691
45739706,0001,1,POWER IMPACTY ACADEMY,02,20220322,20220322,SP,6619
45762524,0001,1,STUDIO EMBARE,08,20260309,20220323,SP,7071
45768195,0001,1,,02,20220324,20220324,SP,6519
45768494,0001,1,ACADEMIA LUCAS REIS FITNESS,04,20260522,20220323,BA,3849
45769103,0001,1,,02,20220324,20220324,SP,6377
45769176,0001,1,L H FORCE SPORTS,08,20240619,20220324,MA,0921
45769998,0001,1,,08,20230629,20220324,PR,7535
45773965,0001,1,,02,20220324,20220324,PR,7563
45775648,0001,1,CT JESSICA PASSOS LTDA,02,20220324,20220324,ES,5625
45784993,0001,1,CT TOCA DO LOBO,08,20240108,20220325,SP,6967
45786576,0001,1,,08,20250923,20220325,SP,6969
45789910,0001,1,ESCALE ESCALADA,02,20220325,20220325,GO,9373
45791961,0001,1,ACADEMIA IRON FIT,02,20220325,20220325,MG,4649
45792564,0001,1,ESTUDIO 7 FISIOTERAPIA E PILATES,02,20220325,20220325,SP,7005
45793680,0001,1,ACADEMIA NOVO SHAPE,02,20220325,20220325,MT,9925
45150888,0001,1,BOX MURICI,02,20220204,20220204,AL,2809
45558016,0001,1,RS BODILY,02,20220308,20220308,RS,8583
09114736,0003,2,,08,20240426,20220328,RJ,6001
45812058,0001,1,B STRONG FITNESSCENTER,02,20240828,20220328,MG,0618
45813040,0001,1,ACADEMIA SAUDE ATIVA,02,20220328,20220328,SC,8213
45818159,0001,1,ACADEMIA VFBOX,08,20230313,20220328,PE,2531
45820927,0001,1,,02,20220329,20220329,CE,1233
45823381,0001,1,E SHOW ACADEMIA DE GINASTICA,08,20240301,20220329,SP,6401
45830449,0001,1,GARAGEM GYM,02,20260525,20220329,SP,6219
45833691,0001,1,AQUATIC FITNESS ACADEMIA,02,20220329,20220329,MS,0143
45834354,0001,1,RW2 CROSSFIT,02,20220329,20220329,PE,2627
45837551,0001,1,EQUILIBRIUM SPORTS,08,20230912,20220330,MT,1096
45846301,0001,1,J.A FITNESS,02,20220330,20220330,SP,6477
45860686,0001,1,BOXLUMINUS,02,20220331,20220331,RN,1759
45867448,0001,1,ACADEMIA GYMGOODSHAPE,02,20220331,20220331,PI,0410
45870063,0001,1,DHEY PEIXOTO STUDIO FIT,02,20220331,20220331,BA,3803
35576830,0002,2,,02,20220401,20220401,SP,6689
45873322,0001,1,REVIVA TF,08,20221125,20220401,SC,8205
45890326,0001,1,CROSSFIT VIBE,02,20220404,20220404,ES,5625
45892958,0001,1,STUDIO ILHA FITNESS,02,20220404,20220404,MA,0849
45897903,0001,1,CROSSFIRE,02,20220404,20220404,GO,9681
45899243,0001,1,BOX CURUMIM GYM,02,20220404,20220404,SP,6101
45900718,0001,1,FISIOTERAPIA E PILATES LV,02,20220404,20220404,MG,5243
45912183,0001,1,CT RPG TRAINING,02,20220405,20220405,MA,0803
45509505,0001,1,CTMC1 CROSS TRAINING,08,20231221,20220303,MT,9047
45937203,0001,1,ACADEMIA EVOLUTION,02,20220406,20220406,MG,0638
45941367,0001,1,,02,20220407,20220407,SC,8343
45947325,0001,1,HM FITNESS,02,20220407,20220407,RN,1729
45969002,0001,1,MAIS SAUDE ACADEMIA,08,20231004,20220408,MG,4265
45969014,0001,1,MUSCLE GYM,02,20220408,20220408,SC,8233
45970248,0001,1,RAFAEL MARMOL CONSULTORIA EM FITNESS,02,20220408,20220408,PR,7535
45970994,0001,1,,02,20220408,20220408,RJ,6001
45992459,0001,1,ACADEMIA 18 EVOLUTION,02,20220411,20220411,SP,7121
46001478,0001,1,ACADEMIA COMPASSFIT,02,20220412,20220412,SP,6589
46002020,0001,1,METHODO PILATES,02,20220412,20220412,GO,9373
45653253,0001,1,,02,20220315,20220315,RS,8749
46016883,0001,1,STUDIO WRB PILATES E KICKBOXING,02,20220413,20220413,SE,3105
46018090,0001,1,,02,20220413,20220413,PE,2531
46018275,0001,1,FISIO FORMA ESTUDIO DE PILATES,02,20220413,20220413,PR,7935
46020306,0001,1,STUDIO KORE,02,20220413,20220413,SC,8105
46026401,0001,1,NDS FITNESS ACADEMIA,02,20220413,20220413,GO,1052
46028487,0001,1,STYLLU FITNESS MESSEJANA,02,20220413,20220413,CE,1389
46033608,0001,1,CENTRO DE TREINAMENTO LANNA GUIMARAES,02,20220414,20220414,ES,5703
46041283,0001,1,FLEX GLY ACADEMIA,02,20250813,20220414,PA,0427
46043492,0001,1,,02,20220415,20220415,MS,9055
46055246,0001,1,4 LIFE CLUBE,02,20220418,20220418,BA,3849
46068712,0001,1,OREON ACADEMIA,02,20220418,20220418,MT,0097
46071124,0001,1,PACER - SAUDE E TREINAMENTO,08,20250901,20220419,SC,8047
46080869,0001,1,SINERGIA FITNESS,02,20220419,20220419,SP,7037
46081205,0001,1,,08,20250529,20220419,SP,6181
30769960,0015,2,ANAPOLIS 02,08,20230829,20220420,GO,9221
30769960,0020,2,GOIANIA 08,08,20230829,20220420,GO,9373
46098499,0001,1,+ SAUDE STUDIO DE PILATES,02,20220420,20220420,BA,3849
46108306,0001,1,STUDIO SAUDE JA,02,20220422,20220422,SP,7245
46108449,0001,1,VELOSO TEAM CONSULTORIA ESPORTIVA,08,20260429,20220422,RS,8963
46110560,0001,1,ACADEMIA TNT FIT 24H EDGAR FACO,02,20220422,20220422,SP,7107
46111959,0001,1,NEON FITNESS ACADEMIA,02,20220422,20220422,PE,0558
45617687,0001,1,STUDIO PERFORMANCE,02,20220311,20220311,SP,6221
46151887,0001,1,EPIC FITNESS,02,20220426,20220426,MG,4961
46157393,0001,1,SENSE ESTUDIO PERSONAL GROUP,03,20260518,20220426,DF,9701
46162455,0001,1,IVY PAULA STUDIO,02,20220427,20220427,MG,5397
46164735,0001,1,IZFIT ACADEMIA,02,20250522,20220427,RN,1601
46165055,0001,1,IUPI ACADEMIA,08,20240125,20220427,SC,8027
46165709,0001,1,TM FITNESS,02,20220427,20220427,SC,8163
46168283,0001,1,HANGAR AMERICA BOOTCAMP,02,20220427,20220427,MT,9067
46170071,0001,1,PERFORMANCE FIT ACADEMIA,02,20220427,20220427,CE,1391
46184018,0001,1,PERSONAL PAULO ARAUJO,02,20220428,20220428,MG,4123
46184393,0001,1,STUDIO DE PILATES FERNANDA VIEIRA,02,20220428,20220428,SP,7107
46186182,0001,1,NEW LEVEL TRAINING,02,20220428,20220428,MG,5403
46198551,0001,1,VIDATIVA ACADEMIA,02,20220429,20220429,SC,8089
46201446,0001,1,STUDIO LAIS BALESTRERI,08,20260106,20220429,RS,8841
46202158,0001,1,LET'S MOVE CENTRO DE TREINAMENTO,02,20220429,20220429,SC,8103
46203078,0001,1,PSOCCER,04,20240816,20220429,DF,9701
46206927,0001,1,,02,20220429,20220429,RS,8619
46208771,0001,1,,02,20220429,20220429,RJ,6001
46218318,0001,1,SAUDE BH BRASIL,02,20220502,20220502,MG,4123
46219225,0001,1,EDMILSON FERNANDES STUDIO FITNESS,02,20220502,20220502,MG,4687
46221573,0001,1,,02,20220502,20220502,SP,6619
46226997,0001,1,VIP FITNESS ACADEMIA,02,20220502,20220502,SP,6909
46227418,0001,1,QUINTAL ZEN,04,20260608,20220502,GO,9361
46231912,0001,1,STUDIO MAR IN MOVE,02,20220502,20220502,SC,8105
46234616,0001,1,ACADEMIA DUTRA,02,20220502,20220502,PA,0625
46238773,0001,1,,02,20220503,20220503,MG,4371
46238841,0001,1,,02,20220503,20220503,MG,5133
46241338,0001,1,,02,20220503,20220503,SP,7107
46241382,0001,1,ESPACO ELLAS,08,20230413,20220503,PE,2639
46241943,0001,1,,02,20220503,20220503,MG,4751
46246276,0001,1,BLUE FIT,02,20220503,20220503,GO,9361
46251155,0001,1,,02,20220503,20220503,MG,4371
46255200,0001,1,BODY STATION,02,20220504,20220504,MG,4069
46259518,0001,1,,02,20220504,20220504,MG,4123
07594978,0490,2,,02,20220504,20220504,CE,1389
46266731,0001,1,VITALE REABILITACAO E PILATES,02,20220504,20220504,SC,8267
46268501,0001,1,LF CROSSBOX,08,20230324,20220504,PA,0571
46270324,0001,1,N-TOP FITNESS ACADEMIA,08,20251128,20220504,BA,3669
46275224,0001,1,CANARIO GYM,02,20220505,20220505,ES,5681
46279788,0001,1,ATLHETICA ACADEMIA SINOP,08,20260121,20220505,MT,8985
46281574,0001,1,CM FISIOTERAPIA E PILATES,02,20220505,20220505,SC,8081
46285146,0001,1,MS PILATES E FISIOTERAPIA,02,20220505,20220505,SP,7107
46311096,0001,1,FABI NOLL TREINAMENTO PERSONALIZADO,02,20220509,20220509,SP,7107
46312477,0001,1,,02,20220509,20220509,MG,4123
46312871,0001,1,TREINO PESADO ACADEMIA,02,20220509,20220509,MA,0923
46312894,0001,1,ACADEMIA PH.D SPORTS ROD. DA UVA,08,20221219,20220509,PR,7513
46321379,0001,1,GABRIEL BRITO TREINADOR FISICO,08,20260323,20220509,PA,0595
46346778,0001,1,NOVA FIT,02,20220511,20220511,SP,7107
46376341,0001,1,STUDIO BIANCA REIS,02,20220512,20220512,PA,0425
46377220,0001,1,ACADEMIA FORMA FIT,04,20260605,20220512,TO,9663
46387648,0001,1,M3 FITNESS,02,20220513,20220513,RO,0007
46389688,0001,1,,02,20220513,20220513,SP,7097
46389940,0001,1,ACADEMIA MEDEIROS E PINHEIRO LTDA,02,20220513,20220513,SP,7243
46401526,0001,1,,02,20220516,20220516,PR,7493
46403439,0001,1,,02,20220516,20220516,RS,8801
46407194,0001,1,,02,20220516,20220516,RJ,6001
43486122,0002,2,,08,20220818,20220517,PR,7435
46427202,0001,1,ACADEMIA OLD FIT,02,20220517,20220517,MG,4445
46436588,0001,1,FORMFITNESS,02,20220518,20220518,PE,2343
46439117,0001,1,FITNESS FEMME,04,20240902,20220518,SP,6209
46439563,0001,1,BOX 911,02,20220518,20220518,PE,2531
46440308,0001,1,,02,20220518,20220518,PR,7885
46440718,0001,1,CT WILL BRUNELLO,02,20220518,20220518,SC,8147
20600275,0002,2,CT ROCHA,02,20220518,20220518,RJ,2921
46461437,0001,1,NX FISIO & TRAINER,02,20220519,20220519,PR,7691
46464177,0001,1,POINTBOX SANTO ANDRE,08,20240109,20220519,SP,7057
46479443,0001,1,DRIP FITNESS,02,20220520,20220520,GO,9373
46479498,0001,1,BECARI CLINICA INTEGRADA,02,20220520,20220520,SP,7151
46486586,0001,1,OCTO CROSS TRAINING,02,20220521,20220521,MG,4123
46490739,0001,1,KARTAL ACADEMIA,02,20220522,20220522,ES,5699
46494867,0001,1,LIFE STYLE - ASSESSORIA ESPORTIVA 013,02,20220523,20220523,SP,7071
30728740,0002,2,BOX BOA VISTA COMPLEXO ESPORTIVO,08,20260221,20220523,SP,6555
46498805,0001,1,CLUTH CROSS TRAINING,08,20251128,20220523,SP,7145
46502271,0001,1,LUCIANA DIAS,02,20240826,20220523,RS,8511
46504367,0001,1,W. P. FITNESS,02,20220523,20220523,SP,6833
46512403,0001,1,LIFE ACADEMIA,02,20220524,20220524,PB,2039
46513243,0001,1,RODRIGO DIAS RIBEIRO,02,20220524,20220524,BA,3651
46565259,0001,1,,04,20240813,20220527,ES,5625
46566578,0001,1,P3 TRAINER,02,20220527,20220527,RJ,1116
46573744,0001,1,,08,20240226,20220527,SP,6131
46583978,0001,1,WD ACADEMIA,02,20220530,20220530,MG,4141
46589684,0001,1,,02,20220530,20220530,PR,7535
46590305,0001,1,SOMOS JUDO E FITNESS,02,20220530,20220530,SP,7107
46604620,0001,1,SELFIT,02,20220531,20220531,PE,2419
46607397,0001,1,,02,20220531,20220531,PR,7425
46607442,0001,1,CORPO E SAUDE ACADEMIA,02,20220531,20220531,PB,2039
46071175,0002,2,BIOFITNESS PERSONAL STUDIO,02,20220601,20220601,PR,7535
46620722,0001,1,ACADEMIA DESTAKE,08,20230915,20220601,RN,1761
46622799,0001,1,EVOLVE GYMBOX,02,20220601,20220601,GO,9445
46262363,0001,1,,02,20220504,20220504,MG,4123
46635411,0001,1,L FIT ACADEMIA,02,20220602,20220602,SC,8267
46642091,0001,1,ACADEMIA MOVEMENT FITNESS,02,20220602,20220602,MG,4007
46642594,0001,1,,08,20220630,20220602,SP,6831
46643371,0001,1,CF HANGAR,02,20220602,20220602,MG,4647
46646842,0001,1,RON VIKINGS CROSS TRAINING,08,20230105,20220601,CE,1427
46649172,0001,1,COLIZEUS GYM,02,20220603,20220603,AP,0605
46671085,0001,1,,02,20220606,20220606,PR,7751
46685367,0001,1,ACADEMIA POWER FITNESS,08,20230808,20220606,CE,1319
46687602,0001,1,ACADEMIA BIO FORMA,02,20220607,20220607,PA,0559
46691626,0001,1,FITFIGTH,08,20220905,20220607,PB,2107
24339925,0002,2,,02,20180528,20180528,PR,7535
46707319,0001,1,FC PILATES,02,20220608,20220608,PR,7691
24767111,0002,2,,02,20220608,20220608,RS,8511
46726861,0001,1,TUPA ITAIPUACU,02,20220609,20220609,RJ,5853
46728570,0001,1,STABILE ESPACO SAUDE,02,20220609,20220609,MG,4843
46732279,0001,1,ACADEMIA SPORT FITNESS,02,20220609,20220609,PE,2351
46744486,0001,1,,02,20220610,20220610,SP,6635
43402740,0002,2,ARENA ACADEMIA II - VARZELANDIA,02,20220610,20220610,MG,5417
46759693,0001,1,STUDIO DIGUINHO GUAIMBE,02,20220613,20220613,SP,6447
46767503,0001,1,FISICOS CENTRO DE TREINAMENTO,02,20220613,20220613,BA,3855
46780999,0001,1,SWELL PILATES,02,20220614,20220614,SP,7107
46782425,0001,1,SABRINA GONZAGA,02,20220614,20220614,SP,7115
46784858,0001,1,MUNDO GAIA CORPO E MENTE ZEN,08,20241127,20220614,RS,8569
46794919,0001,1,GM FITNESS,08,20241125,20220615,GO,9373
46796618,0001,1,,02,20220615,20220615,ES,5705
46797751,0001,1,CROSS BLACK BULL,02,20220615,20220615,SP,7099
46798204,0001,1,STUDIO A M,02,20220615,20220615,GO,9227
46802007,0001,1,VIANA FITNESS,02,20220615,20220615,GO,9373
29303771,0002,2,DUMBELLS ACADEMIA,02,20220621,20220621,CE,1389
46860463,0001,1,,08,20250825,20220621,SP,6607
46862270,0001,1,PIMENTEL FOOTBALL,08,20250428,20220621,MT,9907
46862284,0001,1,LION FITNESS,02,20220621,20220621,SP,7107
46528499,0001,1,,02,20220525,20220525,SC,8081
46876608,0001,1,TREINAMENTO PERSONALIZADO,02,20220622,20220622,MG,5403
46877170,0001,1,ACD ARENA,02,20220622,20220622,SC,8081
46878072,0001,1,EXCELLENCE TREINAMENTO INTEGRADO,02,20220622,20220622,RJ,6001
46878855,0001,1,LIVIN PERFORMANCE ACADEMIA,02,20220622,20220622,RS,8561
46884248,0001,1,ALOHA ACADEMIA CENTRO DE TREINAMENTO LEANDRO RATES,04,20240816,20220623,GO,9561
46884716,0001,1,SHARK SPORTING,08,20240830,20220623,SP,7145
46885964,0001,1,CROSS EXPERIENCE TAIUVA,02,20220623,20220623,SP,7165
46907799,0001,1,STUDIO R,02,20220624,20220624,GO,9655
46918831,0001,1,ACADEMIA SHITSUKE,02,20220627,20220627,RS,0966
46919644,0001,1,ADILIO VELOSO PERSONAL,02,20220627,20220627,MG,5413
46931562,0001,1,MOVIDA ASSESSORIA ESPORTIVA,04,20260522,20220627,BA,3849
46939603,0001,1,OLIMPICROSS POWERED BY 94 - PIRITUBA,08,20230511,20220628,SP,7107
46950380,0001,1,,02,20220628,20220628,GO,9373
46957954,0001,1,IGYM,02,20220629,20220629,SP,7107
46968639,0001,1,CROSS ALFA,08,20250320,20220630,RJ,5869
46974644,0001,1,BELVEDERE BEACH CLUB,08,20240131,20220630,PI,1219
46978269,0001,1,R PERSONAL MULTIFUNCIONAL,02,20220630,20220630,RS,8855
46987399,0001,1,,02,20220701,20220701,PE,2531
46988025,0001,1,V-POWER TREINAMENTO FISICO,02,20220701,20220701,SP,7107
46994077,0001,1,KLM - FISIOTERAPIA E TREINAMENTO,02,20220701,20220701,SP,7145
47026555,0001,1,STUDIO DAY TRAINER,02,20220705,20220705,GO,9687
47027576,0001,1,ESPACO K,02,20220705,20220705,PE,2419
47046217,0001,1,BELLA FIT,02,20220706,20220706,PA,0395
47050354,0001,1,RICARDO REIS,04,20240820,20220706,RS,8877
41609229,0002,2,,02,20241029,20220707,SP,7077
47066293,0001,1,OLIMPIA FISICO PERSONAL STUDIO,02,20220707,20220707,BA,3897
47069402,0001,1,CONECT FIT,02,20220707,20220707,SP,6681
47069991,0001,1,PANOBIANCO SBC TABOAO,02,20220707,20220707,SP,7075
47070954,0001,1,MATAHARI,02,20220707,20220707,SP,7099
47084554,0001,1,START FITNESS,02,20220708,20220708,RJ,2909
47093591,0001,1,,02,20220711,20220711,PR,7535
34791912,0002,2,,02,20220711,20220711,RJ,5833
47099877,0001,1,SPORT FITNESS ACADEMIA,02,20220711,20220711,BA,3973
47108723,0001,1,HEALTH FIT,02,20220711,20220711,PE,2627
47110278,0001,1,MAIS FITNESS,02,20220712,20220712,MG,4965
47112146,0001,1,NO SHAPE,04,20260601,20220712,BA,3363
47127761,0001,1,CROSS TRAINING JANU,08,20250808,20220713,MG,4703
47131041,0001,1,ACADEMIA ESPACO FITNESS ALAGOINHA,08,20260511,20220713,PI,9767
47131060,0001,1,MARIANA YOGA & AUTOCONHECIMENTO,08,20240624,20220713,SP,7107
47138986,0001,1,SPACE CROSS ACADEMIA,08,20240122,20220713,MG,5035
45259435,0001,1,RED DRAGON W. AGUIAR,02,20220211,20220211,MA,0901
47151599,0001,1,STUDIO I PILATES,02,20220714,20220714,SP,6285
47162368,0001,1,ACADEMIA SUPERACAO,08,20240612,20220715,RO,0029
47185610,0001,1,,02,20220718,20220718,MG,5413
47187472,0001,1,JVFIT ACADEMIA,04,20240827,20220718,CE,1319
47193132,0001,1,ROAR CROSS,02,20220718,20220718,RJ,5865
47200331,0001,1,ALMA FITNESS,02,20220719,20220719,PA,0535
47203846,0001,1,STUDIO MARYLIMA,02,20220719,20220719,AM,0255
47212304,0001,1,M7 FITNESS,02,20220719,20220719,PE,2491
47215304,0001,1,,02,20220720,20220720,RJ,6001
47220803,0001,1,,02,20220720,20220720,PR,7691
07594978,0499,2,,02,20220720,20220720,PR,7535
47232148,0001,1,ACELERADO,02,20220721,20220721,PR,7915
47234898,0001,1,ACSDEMIA PK FITNESS,02,20220721,20220721,PE,2531
47239446,0001,1,ESPACO FITNESS E DE LAZER BLACK DRAGON,02,20220721,20220721,MT,9095
47277743,0001,1,ACADEMIA VIDA ATIVA,02,20250515,20220725,BA,3929
47280868,0001,1,ALFA STUDIO KLEYTON RAMOS,02,20220725,20220725,PA,0433
47286582,0001,1,SF TREINAMENTO PERSONALIZADO,02,20220726,20220726,SC,8105
10584580,0003,2,BURNFIT,02,20220726,20220726,RN,1779
47306381,0001,1,ROCKET COMMUNITY FITNESS,02,20220727,20220727,MG,5029
11976393,0002,2,ROMANOS ACADEMIA,08,20250505,20220727,SP,6313
47318402,0001,1,ACADEMIA MUNDO FITNESS,02,20220727,20220727,PE,2613
47330096,0001,1,,02,20220728,20220728,SP,6465
47334755,0001,1,SABADIN ASSESSORIA ESPORTIVA,02,20220728,20220728,PR,7535
43545567,0003,2,,08,20221216,20220728,MG,4111
47342414,0001,1,MOUNTAIN GYM,02,20220729,20220729,RJ,5875
47342437,0001,1,STUDIO FITNESS E PERSONAL SEFORA OLIVEIRA,02,20240916,20220729,MG,4637
47347425,0001,1,ABSOLUT STRENGTH,02,20220729,20220729,DF,9701
47360088,0001,1,REINAN SANTANA STUDIO DE FUNCIONAL SQUARE,02,20220801,20220801,SE,3247
47361889,0001,1,,02,20220801,20220801,RN,1687
47379044,0001,1,ACADEMIA TAKE OFF SAUDE,02,20220802,20220802,GO,9555
47382921,0001,1,LNX TRAINING CLUB,02,20220802,20220802,MG,2673
47388656,0001,1,CROSSFIT BOX ONE,02,20220802,20220802,GO,9289
47414965,0001,1,FEMININA FITNESS ACADEMIA,02,20220804,20220804,MT,9887
47415160,0001,1,MEGATRAINING ACADEMIA,02,20220804,20220804,PB,1915
47417245,0001,1,FOR FIT ACADEMIA FEMININA,02,20220804,20220804,RS,8585
47418183,0001,1,THERAPY COLUNA JATAI,02,20220804,20220804,GO,9433
47421533,0001,1,DOCTOR WELLNESS- SAUDE & BEM ESTAR,02,20240926,20220804,SP,7121
47433549,0001,1,ESPACO ATIVO ACADEMIA,02,20220805,20220805,PR,7557
47435356,0001,1,ACADEMIA ONIX,02,20220805,20220805,SP,6511
47436284,0001,1,ACADEMIA SPARTANS,02,20220805,20220805,PR,7535
47440693,0001,1,,08,20240705,20220805,SP,6477
47444380,0001,1,ATITUDE CT,02,20220805,20220805,BA,3849
43205016,0003,2,ACADEMIA LIFE FIT,08,20221208,20220808,SE,3103
47478579,0001,1,ACADEMIA SPARTA,02,20220809,20220809,SP,7019
47490927,0001,1,RG QUALIDADE DE VIDA,02,20220809,20220809,MT,9067
47496259,0001,1,ACADEMIA HIGH FIT,02,20220809,20220809,PE,2557
47497380,0001,1,STUDIO DE PILATES TALITA LIMA LTDA,02,20220810,20220810,RJ,5869
45436640,0001,1,+ SAUDE,08,20230802,20220224,MG,4387
47499970,0001,1,STUDIO LP,02,20220810,20220810,MS,1196
47507010,0001,1,EIXO PILATES,02,20220810,20220810,DF,9701
47519685,0001,1,ESPACO ELLAS,08,20240822,20220811,ES,5699
47522736,0001,1,T3 STUDIO FITNESS,08,20260131,20220811,BA,3975
39432106,0021,2,,02,20220811,20220811,SP,6219
47538946,0001,1,TIMEEGIDIO ASSESSORIA ESPORTIVA,02,20220812,20220812,SP,6789
47541278,0001,1,CENTRO DE TREINAMENTO PERFORMANCE GYM,02,20220812,20220812,SC,8041
47560322,0001,1,,02,20220814,20220814,SC,8083
47576416,0001,1,GALVAO GYM,02,20220815,20220815,SP,2951
47577386,0001,1,MEE PILATES E SAUDE,02,20220815,20220815,SP,6789
47577604,0001,1,ALDEIA FITNESS,02,20220815,20220815,RJ,5837
47583192,0001,1,GALERA FITNESS ACADEMIA,08,20240925,20220816,GO,9571
47583706,0001,1,STUDIO BLOOM,02,20220816,20220816,SP,6291
47584872,0001,1,CRESCER STUDIO PILATES,08,20230707,20220816,MG,4733
47589680,0001,1,STUDIO TPACHECO FIT,08,20240722,20220816,SP,6645
47589806,0001,1,VOLTAGE EMS STUDIO,08,20230615,20220816,SP,7149
47598876,0001,1,ATLAS UNO PILATES,02,20220816,20220816,CE,1385
47601613,0001,1,SPACE FITNESS,02,20220817,20220817,CE,1315
47605098,0001,1,ACADEMIA E MODA RAFA FITNESS,02,20220817,20220817,BA,3491
47607393,0001,1,ACK TRAINING,02,20220817,20220817,SP,7107
37377220,0002,2,FIBRA ACADEMIA,02,20220817,20220817,RJ,5873
47611133,0001,1,ARENA LM,02,20220817,20220817,CE,1389
47618893,0001,1,CENTRO DE TREINAMENTO POLIANE FREITAS,02,20220818,20220818,MG,4371
47620048,0001,1,,02,20220818,20220818,RJ,6001
47621380,0001,1,KAIROS,02,20220818,20220818,RJ,5833
47622606,0001,1,GARAGEM ROCK FIT,02,20220818,20220818,SP,6139
47630172,0001,1,,02,20220818,20220818,RS,8801
18881925,0002,2,RANTAMYS WELLNESS CENTER,02,20220818,20220818,BA,3849
47635897,0001,1,PALMFIT,02,20220819,20220819,PI,1149
47636074,0001,1,,02,20220819,20220819,PR,8461
47639041,0001,1,,02,20220819,20220819,SP,6291
47644991,0001,1,HEALTHY ACADEMIA,02,20220819,20220819,CE,1389
47647908,0001,1,,02,20220819,20220819,SP,6921
47649650,0001,1,ACADEMIA C+ POSITIVO,08,20230712,20220820,CE,1373
47665111,0001,1,ORC GYM,02,20220822,20220822,SP,6291
47666260,0001,1,,02,20220822,20220822,PR,7493
47674704,0001,1,WM PERFORMANCE,08,20260611,20220823,MT,9151
47680999,0001,1,G. C. FITNESS,02,20220823,20220823,SP,6801
29327031,0002,2,ARENA FITNESS,02,20220824,20220824,PB,0496
47691976,0001,1,PROFITNESS ITANHANGA,02,20240829,20220824,RJ,6001
47694110,0001,1,STUDIO HUMANUS,02,20220824,20220824,PA,0427
47695281,0001,1,ESTUDIO DE PILATES FERNANDA CAMPBELL,02,20220824,20220824,MG,4497
45709327,0002,2,STUDIO FERNANDA SOLI II,02,20220825,20220825,RO,0007
47714020,0001,1,,02,20220825,20220825,SP,6969
47718783,0001,1,XTREME GYM,02,20220825,20220825,SP,6201
47725454,0001,1,ELAINE CAROLINE LOPES DE ARAUJO,08,20241219,20220826,PB,1981
47725629,0001,1,,02,20220826,20220826,GO,1066
47728052,0001,1,SMART GYM,02,20220826,20220826,PI,1181
47736778,0001,1,CF PUMAS ZN,08,20240401,20220826,SP,7071
47736891,0001,1,****,02,20220826,20220826,SP,7107
47750566,0001,1,ACADEMIA HOME GYM,02,20220829,20220829,PE,2521
47752885,0001,1,CROSS NUTRITION BOX TUCURUVI,08,20220829,20220829,SP,7107
47753532,0001,1,SAO BENTO SAUDE E BEM-ESTAR,02,20220829,20220829,GO,9325
47757621,0001,1,AUDAX,04,20240813,20220829,PR,7535
47766269,0001,1,ROMOALDO JUNIOR STUDIO FITNESS,02,20220829,20220829,AL,2825
47767635,0001,1,CROSS TRAINING TOUROS,04,20240816,20220830,GO,9221
47768886,0001,1,AQUA TRAINEST SPORTS,08,20250508,20220830,MG,4029
47781860,0001,1,ARCA CROSSFIT ITAMARAJU,08,20250707,20220831,BA,3613
47782948,0001,1,,02,20220831,20220831,RS,8531
47800899,0001,1,,02,20220901,20220901,CE,1389
47802067,0001,1,STUDIO ANDRESSA PORTO,02,20220901,20220901,BA,3965
47802080,0001,1,02 FITNESS ACADEMIA,02,20220901,20220901,MG,4483
47816295,0001,1,ACADEMIA DINAMICA,02,20220902,20220902,RJ,5925
47820583,0001,1,XN ONLINE,08,20260507,20220902,RJ,6001
47821239,0001,1,STUDIO CASTRO,02,20220902,20220902,GO,9933
47825407,0001,1,BLACK EVOLUTION ACADEMIA,02,20220902,20220902,MS,9051
47826074,0001,1,KADU BRITO,02,20220902,20220902,ES,5705
47836084,0001,1,,02,20220905,20220905,RS,8637
47843098,0001,1,,08,20230614,20220905,PR,7701
47859516,0001,1,,02,20220906,20220906,PR,7535
47863133,0001,1,CROSS NUTRITION BOX JARDIM ANGELA,08,20241004,20220906,SP,7107
47866065,0001,1,,02,20220906,20220906,GO,9227
47877088,0001,1,PILATES RAFAEL GOBBI,08,20260608,20220908,MG,4123
47881661,0001,1,VIVA PILATES,02,20220908,20220908,RJ,5925
47889398,0001,1,CROSS NUTRITION BOX GOIANIA NOROESTE,02,20220909,20220909,GO,9373
47891059,0001,1,CARDIOFIT,02,20220909,20220909,SP,7089
47891082,0001,1,RG BEACH CLUB,02,20220909,20220909,RS,8815
47910551,0001,1,SPINNING INDOR+ LTDA,08,20241101,20220912,MG,5413
47917343,0001,1,COLUNAR,02,20220912,20220912,MG,4665
47924314,0001,1,A3 FITNESS,02,20220913,20220913,AL,2887
40938404,0002,2,,02,20220913,20220913,RN,1759
47928169,0001,1,ANNA MENEZES FITNESS STUDIO,02,20220913,20220913,AL,2785
47523388,0001,1,CENTRO DE TREINAMENTO BROTHERS,02,20220811,20220811,ES,5703
44112694,0001,1,NEXT LEVEL TRAINING,02,20211103,20211103,MG,4387
47953962,0001,1,STUDIO EQUILIBRIO,02,20220914,20220914,PA,0545
47959144,0001,1,CLINICA FACILITE - FISIOTERAPIA E PILATES,08,20240823,20220915,CE,1389
47962390,0001,1,GOFIT ACADEMIA,08,20240402,20220915,RN,1759
47963768,0001,1,KS FIT DANCE,02,20220915,20220915,SC,8221
47964758,0001,1,CALIXTAO TRAINING,08,20241107,20220915,DF,9701
47976414,0001,1,,02,20220916,20220916,MT,9167
47980202,0001,1,STUDIO FITNESS BODY FENIX,02,20220916,20220916,SP,6473
47983097,0001,1,,02,20220916,20220916,SP,6929
47989288,0001,1,STUDIO K,02,20220918,20220918,GO,9373
29856932,0004,2,EVOLUCAO,08,20231116,20220919,RS,8531
47999223,0001,1,ADRIAN'S STUDIO DE FISIOTERAPIA E PILATES,02,20220919,20220919,SP,6469
48010679,0001,1,,02,20220920,20220920,PR,7535
48015710,0001,1,JC ACADEMIA,02,20220920,20220920,CE,1559
48027464,0001,1,GOAL PP FIT,02,20220921,20220921,RS,8855
48027553,0001,1,MBOX ACADEMIA,02,20220921,20220921,PE,2599
48027970,0001,1,,02,20220921,20220921,SP,6219
48030796,0001,1,C.T TEAM ANDRADE,02,20220921,20220921,PI,1053
48038719,0001,1,FOUR FIT ACADEMIA,02,20220921,20220921,MG,4123
13748641,0002,2,,08,20250408,20220922,SP,6177
48053976,0001,1,STUDIO FITNESS JULIANA MIGUEL,02,20220922,20220922,GO,9375
48057850,0001,1,STUDIO DG FITNESS E FIGHT,02,20220923,20220923,PI,1219
48061488,0001,1,,02,20220923,20220923,MG,4123
48063278,0001,1,ACADEMIA PERFORMANCE,02,20220923,20220923,GO,9393
48068990,0001,1,DEEP WATER,08,20250203,20220923,DF,9701
48085673,0001,1,ARENA PRAIA 95,08,20260120,20220926,MA,0961
48100781,0001,1,ACADEMIA GH,02,20220927,20220927,MG,4371
48101628,0001,1,,02,20220927,20220927,SP,6917
48102911,0001,1,PANABIANCO ACADEMIA VILA ANTONIETA,02,20220927,20220927,SP,7107
48112942,0001,1,****,02,20220928,20220928,SP,7107
48123975,0001,1,ESTUDIO PERSONAL DAIENE FERNANDES,02,20220928,20220928,SP,7265
48129791,0001,1,,02,20220929,20220929,SP,6291
48137779,0001,1,,02,20220929,20220929,RS,6021
48142320,0001,1,,02,20220930,20220930,SP,6969
48142386,0001,1,BOX 28,02,20220930,20220930,AL,2885
48146810,0001,1,CENTRO DE TREINAMENTO ATF,02,20220930,20220930,RS,8791
48146863,0001,1,ACADEMIA UNIVERSO FISICO,08,20230606,20220930,BA,3685
48160053,0001,1,ESPACO M2 ACADEMIA LTDA,02,20221003,20221003,RJ,6001
48161487,0001,1,,08,20230906,20221003,PR,7833
48176394,0001,1,ACADEMIA OLIMPIA,02,20241029,20221004,MA,0204
48178136,0001,1,ADVANCE FITSPO CLUB,08,20241011,20221004,PA,0447
48180287,0001,1,TREINAMENTO E DESENVOLVIMENTO PESSOAL,02,20221004,20221004,RS,8839
48180568,0001,1,,02,20221004,20221004,SC,8061
48195327,0001,1,GESTAO DO CORPO,02,20221005,20221005,CE,1389
47455495,0001,1,START FITNESS ACADEMIA,02,20220808,20220808,PB,1907
48203899,0001,1,STUDIO 7 PERFORMANCE,02,20221006,20221006,GO,9571
48208101,0001,1,FANFIT,02,20221006,20221006,AL,2865
48211317,0001,1,SANDRO SANTOS PERSONAL,02,20221006,20221006,SE,3115
48212416,0001,1,,08,20250509,20221006,RS,8801
31232005,0002,2,CENTRO DE TREINAMENTO FIGHT SPORTS,02,20221007,20221007,MS,9099
48221812,0001,1,FERRINI,02,20221007,20221007,RJ,5811
48237187,0001,1,VIDA ATIVA ACADEMIA,08,20260223,20221010,SP,6649
48241276,0001,1,W2FIT,02,20221010,20221010,GO,9373
48262800,0001,1,HABITUS BOX,02,20221011,20221011,GO,9581
47615586,0002,2,E-BODY ITAIM,02,20221013,20221013,SP,7107
47615586,0004,2,E-BODY PANAMBY,02,20221013,20221013,SP,7107
48277493,0001,1,,02,20221013,20221013,ES,5625
48291448,0001,1,LS TRAINNING & A TECH CONSULTORIA,08,20250513,20221014,SP,2953
48291945,0001,1,,02,20221014,20221014,SP,7107
48293720,0001,1,CARLOS ESPINHEIRA NETO,08,20230223,20221014,BA,3849
48302320,0001,1,MAX CENTER ACADEMIA,02,20221017,20221017,PR,7535
48303161,0001,1,GESTAO DO CORPO,02,20241119,20221017,CE,1493
48311814,0001,1,JOAO FELIPE MUNIZ EDUCADOR FISICO,02,20221017,20221017,PR,7565
48312324,0001,1,,02,20221017,20221017,SP,6969
48312724,0001,1,SOULFIRE CROSS CENTRO DE TREINAMENTO,02,20221017,20221017,GO,9221
48327272,0001,1,DM ASSESSORIA ESPORTIVA,02,20221018,20221018,SP,7075
48331312,0001,1,ESSENCIAL PILATES E EXERCICIOS FISICOS,02,20221018,20221018,SP,7099
48334185,0001,1,FISIO VITAL FISIOTERAPIA E PILATES,02,20221018,20221018,MG,4123
48336290,0001,1,,02,20221019,20221019,RS,8863
48345527,0001,1,VOOFIT ACADEMIA GTB,02,20221019,20221019,GO,9379
48353330,0001,1,,08,20250528,20221020,SP,7107
48357481,0001,1,ACADEMIA BOA FORMA,08,20231211,20221020,MT,9067
48366202,0001,1,BELA FORMA,02,20221020,20221020,MS,9063
11424138,0002,2,,02,20221021,20221021,BA,3685
48371749,0001,1,X7 ACADEMIA,02,20221021,20221021,AL,2705
48376310,0001,1,NW PILATES E FISIOTERAPIA,02,20221021,20221021,PR,9983
48383383,0001,1,,02,20221023,20221023,RO,0006
48388486,0001,1,ACADEMIA BODY & MIND,02,20221024,20221024,SP,7107
48394834,0001,1,,08,20251104,20221024,SP,7107
48395467,0001,1,ACADEMIA COLISEU,02,20221024,20221024,MG,5191
48286985,0001,1,,02,20221014,20221014,SP,6251
48411772,0001,1,,02,20221026,20221026,SP,7233
48419650,0001,1,CENTRO DE TREINAMENTO ESPORTIVO TIGER FIGHT,08,20230405,20221026,CE,1419
48433053,0001,1,TEDDY GRIPPA ESPACO FITNESS,02,20221027,20221027,ES,5713
48448673,0001,1,ANNA MARIA STUDIO DE PILATES,02,20221028,20221028,SP,7079
48465034,0001,1,ACADEMIA PARQUE DO CARMO,02,20221031,20221031,SP,7107
48469536,0001,1,THE BOX CROSS TRAINING,02,20221031,20221031,PA,0453
48470129,0001,1,AECOS,02,20221031,20221031,RJ,0770
48477952,0001,1,REDLINE TREINAMENTO FUNCIONAL,02,20221101,20221101,SP,6249
48482733,0001,1,CENTRO DE TREINAMENTO HUDSON TEIXEIRA,02,20221101,20221101,SC,8113
44921342,0002,2,VITALIZE,02,20221103,20221103,MG,4211
48501178,0001,1,STUDIO PILATES EQUILIBRIO,08,20231218,20221103,GO,9251
24626069,0003,2,BODY TEEN,02,20221104,20221104,PA,0415
48512157,0001,1,FERNANDO BORGES,02,20221104,20221104,PR,7691
48514737,0001,1,CROSS EXPERIENCE GLORIA,08,20230516,20221104,MG,5243
48519647,0001,1,,02,20221104,20221104,RO,0013
48238564,0001,1,LOCAL FIT ACADEMIA DE ESPORTES,02,20221010,20221010,SP,6475
48527561,0001,1,A 3 ACADEMIA,02,20221107,20221107,RN,1761
48531978,0001,1,WOD BOX CROSS TRAINING,02,20221107,20221107,AC,0139
48532699,0001,1,PANOBIANCO ACADEMIA VARZEA PAULISTA,02,20221107,20221107,SP,7233
48533520,0001,1,ALMADA FITNESS,02,20221107,20221107,BA,3317
48534623,0001,1,UTF ACADEMIA,02,20221107,20221107,SP,7107
48557398,0001,1,CENTRO DE TREINAMENTO FISICO FUNCIONAL CAMILA TIAGO,02,20221109,20221109,MG,2681
48565986,0001,1,BPJ CENTRO DE TREINAMENTO,02,20221109,20221109,RJ,6001
48570612,0001,1,THASSIO LIMA TREINADOR,08,20230808,20221109,MA,0833
48574059,0001,1,STUDIO VELOCITY,02,20221110,20221110,SP,6131
48590223,0001,1,STUDIO LIONS,08,20250106,20221111,MG,5165
48591503,0001,1,ACTIVE ACADEMIA,02,20221111,20221111,SP,6213
20695752,0002,2,PG - PERSONAL TRAINER,02,20220701,20220701,SP,7005
48592937,0001,1,,02,20221111,20221111,SP,7107
48595696,0001,1,,02,20221111,20221111,CE,1511
30287406,0018,2,,02,20221111,20221111,DF,9701
48598689,0001,1,INSPIRAR GINASTICA,02,20221111,20221111,PR,7915
48603578,0001,1,,02,20221113,20221113,RJ,5819
48609859,0001,1,STUDIO MOV,02,20221114,20221114,RS,8823
48638228,0001,1,YOFIT TRAINING CENTER,02,20221117,20221117,CE,1359
48642733,0001,1,ACADEMIA SPARTAFIT,08,20251028,20221117,MG,5401
48648355,0001,1,FORCE ONE TREINAMENTO PERSONALIZADO,02,20221117,20221117,RS,8895
48648937,0001,1,,02,20221118,20221118,RJ,5915
48656022,0001,1,PRIME FIT ACADEMIA,02,20221118,20221118,AP,0605
48662469,0001,1,VB PERSONAL E CONSULTORIA,04,20240814,20221119,GO,9373
48668790,0001,1,SOARES BLACK GYM,02,20221121,20221121,PB,2159
48669288,0001,1,ACADEMIA ESTUDIO ENERGY,02,20221121,20221121,SP,6853
48670104,0001,1,,02,20221121,20221121,RJ,6001
48676151,0001,1,SPORT LIFE,02,20221121,20221121,PA,0427
48679917,0001,1,ACTIE FIT TREINAMENTO ESPECIALIZADO EM EXERCICIO FISICO,02,20221121,20221121,SP,6311
43876817,0001,1,ESTIMULARE EMS CENTRO DE TREINAMENTO FISICO LTDA,02,20211014,20211014,GO,9459
48688483,0001,1,STUDIO ANA TEREZA PERSONAL TRAINER,02,20221122,20221122,MG,4819
48692080,0001,1,BODY SHAPE ACADEMIA,04,20260608,20221122,BA,3347
48712062,0001,1,LA VITA FITNESS,02,20221124,20221124,RS,6041
48724874,0001,1,ACADEMIA FITCENTER,02,20221125,20221125,PB,2165
48725928,0001,1,TEAM MASSARA MUAY THAI,02,20221125,20221125,MS,9165
48730473,0001,1,START GYM,02,20221125,20221125,PR,7525
48749598,0001,1,R M J SANTOS ACADEMIA,02,20221129,20221129,SP,7107
48754461,0001,1,ACADEMIA SUPERACAO FIT,02,20221129,20221129,SP,6713
48755620,0001,1,AVIX ARENA,02,20221129,20221129,SP,7099
48755678,0001,1,STUDIO GARRA FITNESS,08,20231028,20221129,MG,4123
48757027,0001,1,,02,20221129,20221129,RJ,5853
48781250,0001,1,,02,20221201,20221201,RJ,6001
48784043,0001,1,HR FITNESS,02,20221201,20221201,PB,0490
48793409,0001,1,,02,20221202,20221202,SP,7107
48795961,0001,1,ARENA CT,08,20231124,20221202,BA,3685
48802874,0001,1,ACADEMIA R1 SPORTS,02,20221205,20221205,MG,4171
48807185,0001,1,MOVING FIT,08,20230215,20221205,MG,4359
48813227,0001,1,CIA FITNESS ACADEMIA,02,20221206,20221206,BA,3027
48828253,0001,1,ALAN ZAIDER PERSONAL TRAINING,04,20260609,20221207,PR,7535
48828755,0001,1,ADRENALINE FITNESS,02,20221207,20221207,GO,9373
48829419,0001,1,,08,20251105,20221207,SC,0946
48839589,0001,1,S F T,08,20240522,20221208,RN,1761
14021765,0002,2,,02,20221201,20221201,RS,8839
48848328,0001,1,FLUIR ESPACO DE PILATES,08,20240719,20221208,RS,8437
48852457,0001,1,FREE SPORT,02,20221209,20221209,PR,7565
48868115,0001,1,LOTUSFIT ACADEMIA,08,20230428,20221212,SP,6669
48869041,0001,1,CT SINTESE,02,20221212,20221212,SP,6875
48876332,0001,1,L STUDIO FITNESS,02,20221213,20221213,PE,2427
48880216,0001,1,,02,20221213,20221213,SP,7237
48880664,0001,1,,02,20221213,20221213,SP,6291
48882876,0001,1,ACADEMIA VILA MAR FITNESS,02,20221213,20221213,BA,3849
48889105,0001,1,MR ACADEMIA,02,20221214,20221214,PB,1981
48894934,0001,1,XTREME GYM,02,20221214,20221214,GO,9301
48905044,0001,1,MUSCULAR ACADEMIA,02,20221215,20221215,SP,7245
48605423,0001,1,DC ATIVIDADES DE CONDICIONAMENTO FISICO,08,20231221,20221114,PB,2051
44386942,0001,1,N.C FUNCINAL & ASSESSORIA ESPORTIVA,02,20211126,20211126,MA,0795
48908489,0001,1,ESPACO FITNESS,02,20241217,20221216,PI,0350
48909209,0001,1,,02,20221216,20221216,MT,9907
48913569,0001,1,CENTRO DE TREINAMENTO MOVIMENTO E VIDA,08,20241115,20221216,SC,8379
48925746,0001,1,REALINHAR PILATES,02,20221219,20221219,SC,8327
48931063,0001,1,TSA FITNESS,02,20221219,20221219,SC,8187
48931202,0001,1,,02,20221219,20221219,SP,6551
48933660,0001,1,STUDIO MARINA TRUFFI,02,20221220,20221220,SP,7057
44965105,0002,2,VILLA FIT ACADEMIA,02,20221220,20221220,MA,0803
24220983,0002,2,FIGHT CLUB MTFIT,08,20240709,20221220,MT,9185
48948052,0001,1,,02,20221221,20221221,SP,6737
48952704,0001,1,SEC TRAINING ALIANCA,08,20240719,20221221,SP,6619
48959056,0001,1,PROJETO HARD,02,20221222,20221222,MG,5229
48965732,0001,1,,02,20221223,20221223,RJ,6001
48967819,0001,1,ESPACO FITNESS LTDA,02,20221223,20221223,PI,1219
48968902,0001,1,JONATAS ALVES FERREIRA FILHO PERSONAL,02,20250408,20221223,SP,6969
42773151,0002,2,,08,20240815,20221225,BA,3513
48975091,0001,1,BODYWELL ACADEMIA,04,20260611,20221226,DF,9701
48984384,0001,1,NILO CROSS TRANNING,08,20230622,20221227,DF,9701
48985483,0001,1,BODYFIT 1,02,20221227,20221227,BA,3651
48990554,0001,1,,08,20250725,20221228,PE,2323
48995004,0001,1,MONIQUE PERSONAL TRAINER,02,20221228,20221228,SP,7107
49003679,0001,1,STUDIO XAVIER FUNCIONAL E MUSCULACAO,02,20251029,20221229,BA,3953
49014565,0001,1,MARBE FITNESS,02,20230102,20230102,MA,0731
49043335,0001,1,EIXO SPORTS,02,20230103,20230103,RS,8851
49053560,0001,1,PAULO T. DE SOUZA,02,20230104,20230104,SP,6409
49055462,0001,1,NANDO CAVALCANTI PERSONAL TRAINER,08,20230317,20230104,PE,2531
49057768,0001,1,SET7 SAUDE CLINICA INTEGRADA,08,20251203,20230104,PA,0447
49070438,0001,1,LITORAL ACADEMIA,08,20240408,20230105,SP,7115
48821411,0001,1,RSALESEMAGRECIMENTOSAUDAVEL,02,20221206,20221206,SP,7107
49081952,0001,1,STATUS ACADEMIA,02,20230106,20230106,RS,5791
49097192,0001,1,,02,20230107,20230107,SP,6477
49102728,0001,1,ACADEMIA CORPO & MENTE,02,20230109,20230109,SP,7077
49104667,0001,1,,02,20230109,20230109,SP,7237
46595876,0001,1,LEIA CORREA GYM,02,20220530,20220530,PR,7607
49105880,0001,1,TEAM RAFA GONCALVES,02,20230109,20230109,SC,8055
18441797,0002,2,,02,20230109,20230109,CE,1373
49118785,0001,1,GO SHAPE BRASIL LTDA,02,20230110,20230110,DF,9701
49121260,0001,1,J J EDUCA ESPORTE,08,20250127,20230110,PR,7655
49121930,0001,1,,02,20230110,20230110,SP,6713
49126453,0001,1,CROSSBOX CAMALEAO,08,20230519,20230110,RN,1603
43144030,0003,2,BURNFIT CIDADE SATELITE,02,20230111,20230111,RN,1761
49142669,0001,1,NOVATOS FUTSAL,08,20241220,20230111,SP,7107
49149954,0001,1,SPA DO CORPO,02,20230111,20230111,RJ,5877
49155234,0001,1,FOCO ACADEMIA,02,20230112,20230112,MG,4733
49156721,0001,1,,02,20230112,20230112,GO,9373
49157206,0001,1,ATLAS ACADEMIA,02,20230112,20230112,SC,8165
49161642,0001,1,BOLD ESPACO D.VIVAN,02,20230112,20230112,PR,7435
49163068,0001,1,ALPHA CROSS MA,02,20230112,20230112,MA,0849
49170161,0001,1,BRN FITNESS TRAINING,02,20230112,20230112,SC,8047
49179769,0001,1,VR STUDIO PERSONAL TRAINER,02,20230113,20230113,RJ,5813
49180093,0001,1,B Z BARRIGA ZERO JUINA,02,20230113,20230113,MT,9831
48372177,0001,1,LETSGO CROSS CITY,02,20221021,20221021,GO,9645
49183036,0001,1,DRA. MAYARA SOUSA,08,20231130,20230113,GO,9301
49206805,0001,1,FLAVIA FELIX TREINAMENTO FUNCIONAL,02,20230116,20230116,TO,9723
49208908,0001,1,EDUARDO AGUIAR STUDIO DE PILATES,02,20230116,20230116,PE,2461
49213785,0001,1,,02,20230117,20230117,MS,9051
49220931,0001,1,IN BALLO,02,20230117,20230117,MG,4959
49223581,0001,1,COLISEU CENTRO DE TREINAMENTO,02,20230117,20230117,GO,9263
48245433,0001,1,STRONG GIRLS STUDIO FUNCIONAL,02,20221010,20221010,SC,8173
49232513,0001,1,OMNES PILATES,02,20230118,20230118,SP,6723
49235338,0001,1,CENTRO DE TREINAMENTO OLD SCHOOL LTDA,02,20230118,20230118,SP,7181
49240520,0001,1,WOLFIT,02,20230118,20230118,SP,6789
49249585,0001,1,CARUARU HALTERES CLUB,02,20230119,20230119,PE,2381
49249672,0001,1,STUDIOPROFIT,02,20230119,20230119,GO,9573
49268354,0001,1,CENTRO DE TREINAMENTO CALLADO TRAINER,02,20230120,20230120,MG,4123
49286076,0001,1,ALPHA TEAM ACADEMIA,02,20230123,20230123,ES,5611
49291472,0001,1,STUDIO DAN FITNESS,02,20230123,20230123,DF,9701
49296313,0001,1,VR PERSONAL,02,20230123,20230123,RJ,6001
49305462,0001,1,,02,20230124,20230124,SP,7107
16864184,0002,2,ACADEMIA ATHENAS FITNESS,08,20260221,20230124,SP,6291
49307186,0001,1,,02,20230124,20230124,SP,7107
49307528,0001,1,A2 LIFE ACADEMIA,02,20230124,20230124,CE,1389
49309406,0001,1,STUDIO FUNCIONAL SILVIA SOUZA,02,20230124,20230124,ES,5699
49310969,0001,1,VM TREINAMENTO FISICO,02,20230124,20230124,RS,8801
49311609,0001,1,MANAGER SERVICOS ADMINISTRATIVOS,02,20230124,20230124,SP,6131
49313276,0001,1,VITESSE STUDIO,02,20230124,20230124,BA,3849
49313324,0001,1,MN QUALIDADE DE VIDA E ASSESSORIA ESPORTIVA,02,20230124,20230124,PE,2313
49314590,0001,1,FAMILY PILATES,02,20230124,20230124,SP,7075
49316613,0001,1,HORUS ESPORTES,02,20230124,20230124,SC,8333
49316812,0001,1,ELITE FITNESS,02,20230124,20230124,MG,5425
49322984,0001,1,STUDIO CORPORE,02,20230125,20230125,MS,9051
49337707,0001,1,STUDIO PERFORMANCE,02,20230125,20230125,GO,9437
48846631,0001,1,,02,20221208,20221208,SC,8179
49341540,0001,1,MOVIMENT FITNESS,02,20230126,20230126,MG,4371
31086676,0002,2,CENTRO DE TREINAMENTO PERSONALIZADO TEAM FELIX,02,20230126,20230126,CE,1435
49350657,0001,1,,02,20230126,20230126,RS,8801
24031543,0002,2,STETIC PRIME,02,20230126,20230126,PA,0048
49364260,0001,1,I MORAES SERVICOS,02,20230127,20230127,SP,7107
49367950,0001,1,MIRELLY MENDES FISIOTERAPEUTA,02,20230127,20230127,GO,9571
31697439,0002,2,SLIM FIT ACADEMIA,08,20230706,20230127,PA,0443
49368750,0001,1,SR FITNESS ACADEMIA,02,20230127,20230127,PE,2513
49369336,0001,1,ZONE EXPERIENCE,02,20230127,20230127,CE,1389
49381507,0001,1,FITH30,08,20240628,20230130,PA,0429
21143233,0002,2,WING'S FIT,04,20260519,20230130,MG,4123
49382681,0001,1,,02,20230130,20230130,SC,8357
45444425,0001,1,ACADEMIA FITNESS E CIA,08,20230201,20220224,PA,0447
49403176,0001,1,BIOFIT ACADEMIA,02,20230131,20230131,MG,5157
49404181,0001,1,ACADEMIA LUSA,02,20230131,20230131,MS,9003
49404503,0001,1,ASP TREINAMENTO PERSONALIZADO,02,20230131,20230131,SC,8105
49405445,0001,1,WENNER MAGALHAES,02,20230131,20230131,DF,9701
49410306,0001,1,ACADEMIA NO MERCADO,08,20240122,20230131,MG,4123
49411709,0001,1,TMS ACADEMIA PERSONALIZADA,02,20230131,20230131,SP,6713
42964339,0002,2,ARENA ZERO ZERO,02,20230131,20230131,MT,9151
49417992,0001,1,ACADEMIA GAMA FITNESS,02,20230201,20230201,MG,4785
49421150,0001,1,,02,20230201,20230201,MG,5133
49425659,0001,1,,02,20230201,20230201,RS,1170
49433791,0001,1,FORCE FIT SPORTS,02,20230202,20230202,MG,4251
49435242,0001,1,,02,20230202,20230202,RN,1763
49436018,0001,1,,02,20230201,20230201,PR,7477
49444988,0001,1,PERIN STUDIO DE PILATES,02,20230202,20230202,RS,8953
49446884,0001,1,,02,20230202,20230202,SP,6235
49458518,0001,1,TERRITORIO FIT,02,20230203,20230203,SC,8327
49461081,0001,1,ACADEMIA WORKOUT,02,20230203,20230203,TO,9385
49869968,0002,2,STUDIO BC,02,20231211,20231211,PE,0550
49463451,0001,1,ACADEMIA ERIK CARDOSO,02,20230203,20230203,CE,1363
48740041,0001,1,,02,20221128,20221128,RS,8599
18352777,0003,2,BODY FIT,02,20230206,20230206,AP,0605
49476350,0001,1,SKYFIT ACADEMIA - UNIDADE INDAIATUBA,02,20230206,20230206,SP,6511
49477050,0001,1,GOYA - BOUTIQUE DE TREINAMENTO,02,20230206,20230206,RS,8801
49488956,0001,1,THAISE OLIVEIRA STUDIO DE PILATES,02,20230206,20230206,MS,9073
21158030,0002,2,,08,20240806,20230206,RS,8841
49491124,0001,1,,02,20230206,20230206,RN,1761
49495304,0001,1,ACADEMIA ESPACO MULHER FITNESS,02,20230207,20230207,SP,7135
49497668,0001,1,STUDIO LEOMARTINS MUSCULACAO E PERFORMACE,08,20260611,20230207,ES,5717
49499088,0001,1,ACADEMIA MEGA ESPORTE,02,20230207,20230207,ES,5703
49505017,0001,1,,02,20230207,20230207,PR,7751
49508936,0001,1,CASA DOS BOLEIROS,08,20251028,20230207,BA,3685
49515209,0001,1,,08,20250930,20230208,PR,7667
49518245,0001,1,LOBO GYM,02,20230208,20230208,MT,1186
04728712,0002,2,,02,20230119,20230119,SP,6771
49536813,0001,1,ELITE ACADEMIA,02,20230209,20230209,CE,1561
49554746,0001,1,,02,20230210,20230210,RJ,6001
37495039,0002,2,,02,20230210,20230210,SC,8075
49561271,0001,1,,02,20230210,20230210,MG,5341
49569348,0001,1,ACADEMIA MONSTER FIT,02,20230213,20230213,SE,3155
49569366,0001,1,BALANCO DO CORPO,02,20230213,20230213,AL,2889
49570616,0001,1,ACADEMIA KING CLUB,02,20230213,20230213,RS,8683
49575151,0001,1,FINITIS BRASIL,02,20230213,20230213,MA,0761
49578997,0001,1,ACADEMIA UNICA FIT,02,20230213,20230213,SP,6619
49582440,0001,1,CROSS TRAINING JOTA PE,02,20230213,20230213,AP,0615
45898199,0001,1,AGUIA FITNESS,02,20220404,20220404,MG,5385
49589239,0001,1,OLIMPIA FITNESS,02,20230214,20230214,BA,3591
49600897,0001,1,ACADEMIA A10 FITNESS & WELLNESS LTDA,02,20230214,20230214,AL,2733
49495867,0001,1,STUDIO DE PILATES BRUNA MARINHO,02,20230207,20230207,SC,8183
49608247,0001,1,MOVE LIA M.E,02,20230215,20230215,SP,6875
49617689,0001,1,,02,20230215,20230215,SP,7107
49621909,0001,1,FORT FIT ACADEMIA LTDA,02,20230215,20230215,RS,8599
46590834,0001,1,BRAVUS FITNESS,02,20241011,20220530,PE,2457
49624669,0001,1,INTEGRAL HARMONY,02,20230216,20230216,BA,3715
49628280,0001,1,UNIVERSO FITNESS,04,20260610,20230216,BA,3849
49629994,0001,1,,02,20230216,20230216,RS,7379
49434469,0001,1,CORPORE FIT ACADEMIA,02,20230202,20230202,AL,2885
49632898,0001,1,STUDIO DR FITNESS,02,20230216,20230216,MG,4223
49636758,0001,1,IRON HOUSE GYM,02,20230216,20230216,MG,5273
49640107,0001,1,BLACK FIT,04,20260609,20230217,MT,9151
49642615,0001,1,,02,20230217,20230217,SP,6547
49642680,0001,1,XFITNESS 7,02,20230217,20230217,PE,2513
45122550,0001,1,4LIFE,02,20220202,20220202,BA,3889
49674233,0001,1,ABNER GONSALVES,02,20230222,20230222,SC,8161
49675599,0001,1,STUDIO DE PILATES RENATA BOEING,02,20230222,20230222,SC,8293
49676989,0001,1,ANGELICA TOMAZELI PERSONAL TRAINER,02,20230222,20230222,RS,8541
49679627,0001,1,,02,20230223,20230223,MA,0921
49688210,0001,1,ACADEMIA ANK,04,20260610,20230223,BA,3959
49697271,0001,1,ECLIPSE ACADEMIA,02,20230224,20230224,PB,2215
49697409,0001,1,BEZERRA FITNESS & SAUDE,02,20230224,20230224,CE,1389
49698345,0001,1,LOCADEMIA,02,20230224,20230224,MA,0837
49725826,0001,1,STUDIO VILLA FIT,02,20230227,20230227,SP,7107
49729740,0001,1,STUDIO ADRIANA ALVES,02,20230227,20230227,SE,3247
49731727,0001,1,HABILIS STUDIO PILATES,02,20230227,20230227,SP,7107
49733814,0001,1,MOST,02,20230227,20230227,SP,6291
49740792,0001,1,PERFORMANCE CT,02,20230228,20230228,BA,3889
49743391,0001,1,STUDIO FUMES PERSONAL,02,20230228,20230228,SP,6249
49743543,0001,1,ACADEMIA LIFE FIT,02,20230228,20230228,PR,7863
45007011,0002,2,ACADEMIA THREE PILLARS,02,20230228,20230228,MS,9803
49759304,0001,1,MACKBULLS CROSSFIT,02,20230301,20230301,MS,9073
49759405,0001,1,FERREIRA E BRAZ,02,20230301,20230301,SP,6285
49774141,0001,1,RATIMBUM NATACAO & HIDROGINASTICA,02,20230302,20230302,MG,4577
49775347,0001,1,L. B. FITNESS,02,20230301,20230301,PR,7873
49776101,0001,1,,02,20230302,20230302,PR,7505
49776747,0001,1,RAPH4FIT STUDIO,02,20230302,20230302,RJ,5869
49780144,0001,1,ACADEMIA MIXTRAINER,02,20230302,20230302,PB,2097
49780294,0001,1,MD FITNESS,02,20230302,20230302,CE,1373
49781806,0001,1,COLINA FIT FUNCIONAL,08,20231122,20230302,ES,5699
49787219,0001,1,ESPACO CARVALHO,02,20230302,20230302,SP,7107
46886987,0001,1,MOVE SALUTE,08,20230302,20220623,RO,0003
49791812,0001,1,CORPO EM FORMA,02,20230303,20230303,PI,0362
07594978,0508,2,,08,20230719,20230306,MG,4123
07594978,0512,2,,08,20230719,20230306,MG,4123
49823873,0001,1,MB ESPACO FEMININO,02,20230306,20230306,MG,4371
49825563,0001,1,BOX INOVA RED,04,20260521,20230306,CE,1389
49829448,0001,1,GERACAO FITNESS,02,20230306,20230306,ES,5711
49835669,0001,1,MOINHOS FITNESS,02,20230307,20230307,RS,8801
49837376,0001,1,NATURAL FITNESS,04,20260521,20230307,CE,1269
49843906,0001,1,ACADEMIA BASTOS,04,20260605,20230307,TO,9213
49848300,0001,1,,02,20230308,20230308,RJ,5865
49858958,0001,1,ACADEMIA START FIT,02,20230308,20230308,MT,1078
49859774,0001,1,PERFIL - ACADEMIA TIJUCO PRETO,02,20230308,20230308,SP,6361
49860891,0001,1,CASSIA SAMPAIO ESTUDIO DE PILATES E FISIOTERAPIA,02,20230308,20230308,SP,6647
49866798,0001,1,TF FIT ACADEMIA,02,20230309,20230309,RS,8785
00318069,0025,2,,02,20230309,20230309,SP,7107
29161632,0002,2,ACADEMIA STAGIO,02,20230309,20230309,RS,8729
49877837,0001,1,NORTE FITNESS,08,20260130,20230309,RR,0301
49889522,0001,1,,02,20230310,20230310,MG,4865
49913216,0001,1,ACADEMIA ESTACAO SAUDE,02,20230313,20230313,CE,1489
49918044,0001,1,,02,20230313,20230313,SP,6219
49927448,0001,1,ACADEMIA NEW LIFE,02,20230314,20230314,BA,3655
49928913,0001,1,C.T. ELITE,02,20230314,20230314,MG,5277
49934118,0001,1,XBODY JK LTDA,02,20230314,20230314,SP,7099
49934560,0001,1,NUCLEO DE EXCELENCIA EM FISIOTERAPIA POS OPERATORIO,02,20230314,20230314,GO,9373
49935256,0001,1,SPORT CONTORNO,08,20241218,20230314,PR,7535
49944097,0001,1,SPORT FITNESS ACADEMIA,02,20230315,20230315,SP,7017
49944783,0001,1,PERFORMANCE FITNESS CLUBE,02,20230315,20230315,CE,1353
49944872,0001,1,ALFA G ACADEMIA,02,20230315,20230315,MG,4057
49945210,0001,1,CROSS EXPERIENCE,02,20230315,20230315,MA,0889
49945229,0001,1,SLM STUDIO LILIANE MELO,02,20230315,20230315,SP,6605
49948901,0001,1,CORPORIS ACADEMIA DE MUSCULACAO,02,20230315,20230315,PR,7935
49949658,0001,1,DYNAMIC ACADEMIA,02,20230315,20230315,SP,6501
49950466,0001,1,WILSON TENORIO PILATES,02,20230315,20230315,PE,2531
49952293,0001,1,FRONTIER 67,02,20230315,20230315,MS,9063
49956484,0001,1,,08,20250116,20230316,ES,5619
07594978,0526,2,,08,20230719,20230316,RN,1761
49959630,0001,1,VFITSP ACADEMIA,02,20230316,20230316,SP,7107
49961830,0001,1,,02,20230316,20230316,MT,9199
49966909,0001,1,,02,20230316,20230316,RJ,5865
49975955,0001,1,,02,20230317,20230317,MG,4371
49976468,0001,1,ALPHA CROSS TREINAMENTOS,02,20230317,20230317,MT,9185
49981735,0001,1,UP SPORT ACADEMIA,02,20230317,20230317,SC,8105
49983159,0001,1,ACADEMIA IMPERIO FITNESS,02,20230317,20230317,PE,2419
49996379,0001,1,,02,20230320,20230320,MG,4675
49996715,0001,1,AR PERSONAL STUDIO,02,20230320,20230320,RN,1687
49997066,0001,1,FIT LIGHT,02,20230320,20230320,RS,8619
49998157,0001,1,,02,20230320,20230320,SP,7107
49998286,0001,1,FF FITNESS,08,20230622,20230320,PB,2239
50006157,0001,1,WEBER FIT ACADEMIA,04,20260608,20230321,GO,9301
50011148,0001,1,,02,20230321,20230321,SC,8179
50015743,0001,1,STUDIO GARDEN PILATES,02,20230321,20230321,ES,5625
47675896,0001,1,STUDIO FUNCIONAL ATLETICA,02,20220823,20220823,GO,9675
50032257,0001,1,ACQUAFIT,02,20230322,20230322,RS,8619
50032436,0001,1,,02,20230322,20230322,SP,6165
50048363,0001,1,REVIVA ACADEMIA,02,20230323,20230323,BA,3533
50067835,0001,1,,02,20230324,20230324,MG,4865
50071873,0001,1,ACADEMIA DANYELLA FTNESS,02,20230324,20230324,SE,3121
50075411,0001,1,,02,20230324,20230324,RS,5993
50082466,0001,1,M5 ACADEMY LTDA,02,20230326,20230326,PB,2001
50088373,0001,1,LM PRIME FITNESS,02,20230327,20230327,MG,4553
49955028,0002,2,VO2 MAX ACADEMIA,02,20230316,20230316,PA,0447
50091091,0001,1,ESPACO FERRAROFIT,02,20230327,20230327,MA,0849
48690409,0001,1,BINGRESFIT,02,20221122,20221122,BA,3849
50093824,0001,1,,02,20230327,20230327,MG,4371
50097962,0001,1,RAMON OLIVEIRA SPORTS LTDA,02,20230327,20230327,SP,6875
50101479,0001,1,,02,20230327,20230327,SC,8047
50102876,0001,1,GLADIADOR HALTERES CLUB,02,20230327,20230327,PE,2599
50104092,0001,1,VILA FITNESS,02,20230328,20230328,BA,3023
50104956,0001,1,ACADEMIA BRUTE SHAPE,02,20230328,20230328,BA,3413
50107874,0001,1,PRB9 FITNESS,02,20230328,20230328,SP,7107
50110332,0001,1,ACADEMIA PRATIQUE FITNESS,02,20230328,20230328,SC,8105
50114434,0001,1,MEGA FITNESS,02,20230328,20230328,MA,0921
50121827,0001,1,NTFITLIFE ACADEMIA,02,20230329,20230329,SP,7107
43062698,0004,2,,02,20230329,20230329,RS,8705
50122602,0001,1,SPACE CENTRO DE TREINAMENTO,02,20230329,20230329,SE,3223
50126767,0001,1,RP CONSULTING,02,20230329,20230329,RJ,6001
50127383,0001,1,CT ESPACO FISICO,08,20250626,20230329,BA,3669
50134053,0001,1,CARLOS ESPINHEIRA NETO,02,20230329,20230329,BA,3849
50135959,0001,1,COMPLEXO MONSTER,08,20250102,20230329,CE,1389
50136242,0001,1,DUARTE TRAINING,02,20230329,20230329,SC,8047
50137205,0001,1,AQUAIGNIS STUDIO,02,20230329,20230329,BA,3363
50140838,0001,1,STUDIO VOLL,02,20230330,20230330,SP,7157
50143025,0001,1,ACADEMIA PRO FIT,02,20230330,20230330,GO,9221
50143509,0001,1,ACADEMIA SUL BRASIL,02,20230330,20230330,RS,8869
50151816,0001,1,CENTRO DE TREINAMENTO BRANDON,02,20230330,20230330,RS,8439
50153412,0001,1,PRO-FITNESS,02,20230330,20230330,GO,9373
50163508,0001,1,ACADEMIA AD3 ITAJAI,02,20230331,20230331,SC,8161
50172127,0001,1,ADC ASSESSORIA DE CONDICIONAMENTO FISICO,04,20260608,20230401,BA,3573
38655018,0003,2,COLASSO FIT,04,20260521,20230404,PI,1219
50200972,0001,1,STUDIO ANDRESSA COSTA FITNESS,02,20230404,20230404,MG,4069
50213520,0001,1,,02,20230405,20230405,SP,7107
50216789,0001,1,BOX ABR,08,20240429,20230405,SP,6475
33226997,0002,2,GOODBE SAUDE,02,20230405,20230405,SP,7107
50221997,0001,1,,02,20230405,20230405,PE,2531
50224183,0001,1,BONILHA E SOUZA ARENA CROSS,02,20230405,20230405,SP,6179
50233165,0001,1,,02,20230406,20230406,RS,8801
50237022,0001,1,BODYFIT,02,20230406,20230406,MA,0957
50238504,0001,1,NAMUR TREINAMENTO PERSONALIZADO,02,20230407,20230407,SP,7107
50258744,0001,1,D+ RITMOS,02,20230410,20230410,AM,9835
49486193,0001,1,AIRES HEALTH,02,20230206,20230206,BA,3363
50265250,0001,1,PANOBIANCO ACADEMIA,02,20230411,20230411,SP,7107
50268356,0001,1,,02,20230411,20230411,RS,8959
50273508,0001,1,AGUIA FIT,02,20230411,20230411,SE,3105
50276235,0001,1,ESPACO MOVIMENTE,08,20260610,20230411,CE,1515
50282210,0001,1,RAYAFIT ACADEMIA,02,20230412,20230412,ES,5703
50283727,0001,1,CT SUPER,02,20230412,20230412,SP,6477
50286455,0001,1,ATHENA,02,20230412,20230412,RS,8731
50289226,0001,1,IRON FITNESS,02,20230412,20230412,CE,1487
50290505,0001,1,,02,20230412,20230412,MG,4217
50291649,0001,1,MARIANA MATOS PILATES,02,20230412,20230412,TO,9241
50303738,0001,1,BLACK GOLD GYM,02,20230413,20230413,AP,0605
50307572,0001,1,FITNESS TRAINING,02,20230413,20230413,RS,8847
50308879,0001,1,ACADEMIA BIOFORCE FITNESS,02,20230413,20230413,SP,6219
50314171,0001,1,BIOFIT STUDIO,02,20230413,20230413,PB,2037
50328521,0001,1,THOR,02,20230414,20230414,SP,7077
50342453,0001,1,METAPHYSIO STUDIO PILATES E PERSONAL,02,20230417,20230417,SP,7121
50349097,0001,1,SPORT FIT ACADEMIA,08,20240429,20230417,MG,4123
50357621,0001,1,SKYFIT ACADEMIA - UNIDADE VOTUPORANGA,02,20230417,20230417,SP,7245
50361014,0001,1,,02,20230418,20230418,RS,8933
50362266,0001,1,HARAMYS ACADEMIA,02,20230418,20230418,CE,1389
50362871,0001,1,ACADEMIA POWER FIT,02,20230418,20230418,AL,2739
24389834,0010,2,ARA AV BRASIL,02,20230419,20230419,SP,6789
50383666,0001,1,DR. EXERCICIO,02,20230419,20230419,MA,0921
50388249,0001,1,STUDIO PILATES,02,20230420,20230420,MG,4069
50393061,0001,1,STUDIO DE FUNCIONAL LM,02,20230420,20230420,MG,5195
07594978,0529,2,,02,20230420,20230420,SP,7107
50400810,0001,1,IRON MAN FITNESS,02,20230420,20230420,PA,0401
50411940,0001,1,CENTRO FIT SBU ACADEMIA,02,20230424,20230424,PE,2559
50421390,0001,1,,02,20230424,20230424,MG,4165
50440802,0001,1,EC CLINICA DE ESTETICA E PILATES,02,20230425,20230425,SP,7131
50446048,0001,1,OLYMPIA FIT ACADEMIA,02,20230425,20230425,PA,0471
50449227,0001,1,NEIA REFLEXOTERAPEUTA,02,20230426,20230426,PR,7535
50457398,0001,1,STUDIO CORPO E ARTE,08,20250324,20230426,MG,5347
50457751,0001,1,TEKKEN FITNESS,02,20230426,20230426,RO,0005
50460321,0001,1,DARKFIT,02,20230426,20230426,PA,0415
44247783,0002,2,,02,20230427,20230427,PE,2577
50464666,0001,1,ANELISE POSSAMAI FISIOTERAPIA E PILATES,02,20230427,20230427,PR,7535
50468623,0001,1,,02,20230427,20230427,SP,6477
42841295,0002,2,LAVITA CROSS,08,20251021,20230427,SP,6221
50473656,0001,1,G FITZ ACADEMIA,02,20230427,20230427,PA,0447
50490939,0001,1,,02,20230428,20230428,PR,7535
50512429,0001,1,AMANDA AVILA TREINAMENTO FUNCIONAL,02,20230502,20230502,GO,9771
50514781,0001,1,,02,20230502,20230502,CE,1447
50533791,0001,1,CROSS ATITUDE VILA CARMELA,08,20240724,20230503,SP,6477
50535185,0001,1,BDK KARATE GABRICHE E FITNESS,02,20230503,20230503,SP,7083
50539133,0001,1,VIGOR ACADEMIA,02,20230503,20230503,MA,0873
50547301,0001,1,,02,20230504,20230504,MG,5403
50549593,0001,1,STUDIO VELOCITY,02,20230504,20230504,SP,7145
50568956,0001,1,ENDORFINA CROSS,02,20230505,20230505,SP,6477
50570230,0001,1,,08,20240104,20230505,RS,8801
50570609,0001,1,OITO 7 FITNESS ACADEMIA,02,20230505,20230505,CE,1389
50580189,0001,1,,08,20240401,20230508,CE,1547
50580438,0001,1,VIDA ATIVA STUDIO E ACADEMIA,02,20230508,20230508,MG,4647
50585615,0001,1,,02,20230508,20230508,SP,7107
50592259,0001,1,METAL ONE ACADEMIA,02,20230508,20230508,PR,7535
50598257,0001,1,ISABELA CRISTINA T. INACIO,08,20250610,20230509,SP,6219
50599068,0001,1,IMPACTO FITNESS,02,20230509,20230509,TO,9385
50616447,0001,1,MS FITNESS ACADEMIA,02,20230510,20230510,SP,6251
50620641,0001,1,VELLAS ENSEADA,02,20230510,20230510,SP,6477
50625256,0001,1,LIFE STUDIO DE PILATES,02,20230510,20230510,GO,9571
20148228,0002,2,F FIT ACADEMIA,02,20230510,20230510,GO,9451
50633524,0001,1,ELITE FITNESS ACADEMIA,02,20230511,20230511,PA,0427
50635675,0001,1,WS STUDIO,02,20230511,20230511,AC,0149
50647504,0001,1,,02,20230512,20230512,SP,7107
50648571,0001,1,BODYFIT ACADEMIA,02,20230512,20230512,MG,4371
50649751,0001,1,,02,20230512,20230512,SP,7107
50650023,0001,1,HABITUS TREINAMENTO,02,20230512,20230512,MG,4133
50650810,0001,1,PERFORMANCE ACADEMIA,02,20230512,20230512,MG,5111
50657114,0001,1,ACADEMIA FORCA E RESISTENCIA,02,20230512,20230512,PA,0427
50657400,0001,1,,02,20230512,20230512,SP,7107
50662161,0001,1,ATP TREINAMENTO PILATES,02,20230513,20230513,RS,8801
50682600,0001,1,,02,20230515,20230515,CE,1443
50685856,0001,1,ACADEMIA DI OLIVIERA FITNESS,02,20230516,20230516,SE,3195
50687857,0001,1,ACADEMIA EBENEZER,02,20230516,20230516,MG,4133
50688798,0001,1,,08,20230616,20230516,SP,7107
50690369,0001,1,FLAVIO DI GIOVANNI SAUDE E QUALIDADE DE VIDA,02,20230516,20230516,SP,7143
46293335,0002,2,,08,20250901,20230516,SP,6971
50696613,0001,1,CROSS EXPERIENCE TRES CORACOES,02,20230516,20230516,MG,5385
50698509,0001,1,,02,20230516,20230516,SP,7107
50702469,0001,1,ACADEMIA BODY ENERGY VESPASIANO,02,20230517,20230517,MG,5425
50705713,0001,1,THOR FITNESS,02,20230517,20230517,RJ,6001
50711576,0001,1,ACADEMIA SUPERACAO,02,20230517,20230517,SC,8105
50711618,0001,1,FITNESSLAB SAUDE E PERFORMANCE,02,20230517,20230517,SP,7113
50712001,0001,1,MTM-MAURELLY TERAPIA E MOVIMENTO,02,20230517,20230517,RS,8801
50714137,0001,1,ESPACO VIDA,02,20230517,20230517,MG,5385
50718129,0001,1,ACADEMIA INEVITAVEL,08,20250121,20230517,SC,8045
50720831,0001,1,ACADEMIA ATHLETIC WAY NOVA META,02,20230518,20230518,PA,0405
50722001,0001,1,GALPAO CORPO E RITMO,02,20230518,20230518,RN,1787
50730970,0001,1,ESTUDIO FUNCIONAL REGIAO FITNESS,02,20230518,20230518,BA,3861
50731513,0001,1,ACADEMIA TIGER,08,20251023,20230518,SP,7107
50739254,0001,1,CENTRO DE TREINAMENTO PERSONALIZADO JOHN FITNESS LTDA,02,20230519,20230519,MG,4659
50744048,0001,1,ACADEMIA MUSCLE FITNESS,08,20240508,20230519,RS,8815
50745198,0001,1,,02,20230519,20230519,BA,3849
12313445,0002,2,ACQUA KIDS ESCOLA DE NATACAO,08,20230815,20230519,MG,5403
50760294,0001,1,,02,20230522,20230522,SP,7107
50770998,0001,1,ESPACO GIRL FITNESS,02,20230522,20230522,SP,2949
50792723,0001,1,FEEL MOVEMENT & PERFORMANCE,02,20230523,20230523,SC,8083
50795757,0001,1,ESTUDIO C 3,02,20230524,20230524,AL,2757
50797339,0001,1,,02,20230524,20230524,RJ,6001
50799297,0001,1,CTI - CENTRO DE TREINAMENTO INTEGRADO,02,20230524,20230524,SC,8039
50800936,0001,1,,08,20250128,20230524,RS,8771
50801820,0001,1,EVOLUTION ASSES.ESPORTIVA,02,20230524,20230524,SP,6361
44392617,0001,1,ACADEMIA TOP ONE,08,20230525,20211126,MT,0097
50812950,0001,1,FABRICIO BASTOS,02,20230525,20230525,RJ,5847
50814999,0001,1,BODYTECH IGUATEMI FORTALEZA,02,20230525,20230525,CE,1389
50815010,0001,1,ACADEMIA PRATIQUE FITNESS,02,20230525,20230525,MG,4123
50818308,0001,1,CORPUS ACADEMIA,02,20230525,20230525,MG,4553
50826057,0001,1,TRANSFORMA STUDIO FITNESS,02,20230525,20230525,MG,0566
50826646,0001,1,ALL FITNESS CENTER,02,20230525,20230525,SP,6643
50829666,0001,1,EVOART PILATES,02,20230526,20230526,SP,6929
50830346,0001,1,,02,20230526,20230526,SP,6225
50832320,0001,1,STUDIO GARAGEM,02,20230526,20230526,SP,6713
50836558,0001,1,ACADEMIA L2 FITNESS,08,20251215,20230526,AL,2705
50839009,0001,1,ESTUDIO FIT FORM,08,20240711,20230526,GO,9221
50839304,0001,1,FISIOLOGIA BARBINI,02,20230526,20230526,SP,6291
50852555,0001,1,PONTES E MATHIAS SAUDE,02,20230529,20230529,SC,8105
50861716,0001,1,,02,20230529,20230529,MS,9051
50865679,0001,1,FLEX ACADEMIA,02,20230530,20230530,MA,0727
50877211,0001,1,FTEAM,02,20230530,20230530,PE,2627
50881330,0001,1,ARENA FITNESS SABRINA GABRIELA,02,20230530,20230530,SP,6885
50884632,0001,1,,02,20230531,20230531,RJ,5833
50898159,0001,1,TRAINING CENTER CHAMPION,02,20230601,20230601,MG,5273
50900801,0001,1,SPIRIT RUN,02,20230601,20230601,SP,7079
50903051,0001,1,CT KN FITNESS,02,20230601,20230601,AM,0255
50904139,0001,1,,02,20230601,20230601,PA,0427
50922794,0001,1,LIANE GONCALVES PERSONAL TRAINER,08,20250117,20230602,SC,8161
50924235,0001,1,,02,20230602,20230602,SP,6835
50926230,0001,1,,02,20230602,20230602,SP,6619
50926356,0001,1,EVOQUE ACADEMIA,02,20230602,20230602,SP,7077
50935966,0001,1,SPACE GYM,02,20230605,20230605,AL,2785
49789478,0002,2,,02,20230605,20230605,SP,7107
50942651,0001,1,PURE PILATES VILA ZILDA LTDA,02,20230605,20230605,SP,7107
50943811,0001,1,LEADER TREINAMENTO E REABILITACAO,02,20230605,20230605,SP,7197
50945424,0001,1,,02,20230605,20230605,ES,0762
50946308,0001,1,,02,20230605,20230605,PR,7691
50949753,0001,1,CTMV,02,20230605,20230605,BA,3849
50955062,0001,1,BLUEFIT,08,20240320,20230606,AC,0139
50968660,0001,1,GYM 9086,02,20230606,20230606,MT,9907
50974121,0001,1,SABRINA GOMES FISIOTERAPIA,02,20230607,20230607,MG,5049
46105271,0001,1,ACADEMIA POWER GYM,02,20220421,20220421,RJ,0786
50981956,0001,1,,02,20230607,20230607,RJ,0776
50988213,0001,1,STUDIO FUNCIONAL ANA'S FITNESS,02,20230608,20230608,PE,2343
51003935,0001,1,CATENA SPORTS,02,20230612,20230612,PB,2051
51007134,0001,1,ACADEMIA VIP ITAIPAVA,02,20230612,20230612,RJ,5877
51007926,0001,1,IRON GYN,02,20230612,20230612,BA,3807
51008970,0001,1,W - FIT,08,20250609,20230612,MG,5191
51015529,0001,1,ATIVA TREINAMENTO FUNCIONAL E CROSS TRAINING,02,20230612,20230612,SC,8057
51021098,0001,1,MALAQUIASBAGATIN,08,20230614,20230613,SP,7107
51022294,0001,1,JESSICA CORREA PILATES E FISIOTERAPIA,02,20230613,20230613,PR,7691
51024680,0001,1,SELFIT ACADEMIAS,02,20230613,20230613,SE,3195
51032880,0001,1,SKULL CALISTENIA,02,20230613,20230613,SP,7183
51038961,0001,1,O PILATES,02,20230614,20230614,SP,7107
51043583,0001,1,THALIA FIT,02,20230614,20230614,PR,7535
49650651,0001,1,JM CENTRO DE TREINAMENTO,08,20231218,20230217,MG,0688
51051105,0001,1,ACADEMIA PRATIQUE FITNESS,02,20230614,20230614,MG,4371
51053492,0001,1,LUCATELLI SPORTS,02,20230613,20230613,SP,7107
51061645,0001,1,ALMEIDA TRAINER,02,20230615,20230615,MG,4661
51066606,0001,1,BOX 44,02,20230615,20230615,SC,8371
51072479,0001,1,SILVA & RODRIGUES STUDIO DE PILATES LTDA,02,20230616,20230616,SP,7175
51076068,0001,1,ADRENAFLOW,08,20250217,20230616,SC,8105
51081984,0001,1,FUERZA,02,20230616,20230616,RJ,6001
51098349,0001,1,ACADEMIA VIP SAO JOSE,02,20230619,20230619,MG,4029
51112600,0001,1,,02,20230620,20230620,SC,8179
51114022,0001,1,ROBSON ALVES PERSONAL TRAINER E SAUDE,02,20230620,20230620,SP,7107
51115740,0001,1,MOVIMENTE PILATES,02,20230620,20230620,PE,2457
51116711,0001,1,GIL FIT,02,20230620,20230620,BA,3331
51127800,0001,1,THREE WAY ACADEMIA,02,20230621,20230621,SC,8161
49381178,0001,1,BSC BOX CLUB,02,20230130,20230130,CE,1389
51133321,0001,1,JANEIDE TOMAZ PILATES CLASSICO,02,20230621,20230621,PB,1931
51133553,0001,1,,02,20230621,20230621,SP,7149
51137246,0001,1,ACADEMIA TREME FITNESS,02,20230621,20230621,PA,0433
51138064,0001,1,WESLEY OLIMPIO-PERSONAL TRAINER,02,20230621,20230621,SP,7107
51143560,0001,1,ESTUDIO DE PILATES - CARLA OLIVEIRA,02,20230622,20230622,MS,9051
51145447,0001,1,BOX7 CROSSTRAINING LTDA,02,20230622,20230622,RS,8917
51155136,0001,1,CENTRO DE TREINAMENTO PERSONALIZADO POWERFIT,02,20230622,20230622,CE,1373
51158383,0001,1,,08,20240318,20230623,SP,7243
47964597,0002,2,,08,20250709,20230623,RJ,5847
51166613,0001,1,SEF GINASTICA ARTISTICA BY PAOLA DRUMMOND,02,20230623,20230623,RJ,6001
51168502,0001,1,IURY & SAUDE,02,20230623,20230623,MG,4893
51169523,0001,1,TRENTIN SERVICOS,02,20230623,20230623,RS,8655
51183605,0001,1,N7 FIT -UNIDADE NOVA CONTAGEM,02,20230626,20230626,MG,4371
51190954,0001,1,PERFORME,02,20230626,20230626,PE,2531
12958412,0002,2,IMPACTO TRAINIG ACADEMIA,02,20230627,20230627,MG,5341
51199591,0001,1,KC PERSONAL TRAINER,02,20230627,20230627,DF,9701
51200332,0001,1,GERFIT ACADEMIA,02,20230627,20230627,PE,2521
51205733,0001,1,STAR FITNESS,02,20230627,20230627,AL,2713
51208431,0001,1,HOPE LTDA,02,20230627,20230627,ES,2929
51212935,0001,1,STUDIO VOLL,02,20230628,20230628,SE,3169
51222114,0001,1,,02,20230628,20230628,RS,8933
51229894,0001,1,SKYFIT ACADEMIA - UNIDADE SAO JOSE DOS CAMPOS,02,20230629,20230629,SP,7099
51230990,0001,1,TOP FITNESS,04,20260610,20230629,BA,3849
51231773,0001,1,AELLO STUDIO PERSONAL,02,20230629,20230629,RS,8679
50686309,0001,1,HORUS CENTRO DE TREINAMENTOS,02,20230516,20230516,SC,8081
51248004,0001,1,STUDIO ISADEPAULO,02,20230630,20230630,PR,7691
51268398,0001,1,AREA 10 FITNESS,02,20230703,20230703,SC,5545
51269048,0001,1,CROSSJ,02,20230703,20230703,PE,2531
07594978,0539,2,,02,20230703,20230703,SP,7071
07594978,0544,2,,02,20230703,20230703,BA,3661
51273929,0001,1,ARON PIMENTEL PERSONAL TRAINER,02,20230703,20230703,MG,5379
51284345,0001,1,CENTRO DE TREINAMENTO E REABILITACAO MATHEUS MACHADO,08,20260423,20230704,SP,6897
51318197,0001,1,G A CENTRO DE TREINAMENTO,02,20230706,20230706,MG,4365
51329986,0001,1,TOP FITNESS ACADEMIA,02,20230706,20230706,PE,2525
51330257,0001,1,FORCE CROSS TRAINING,02,20230706,20230706,MS,9073
51333700,0001,1,GRATITUDE STUDIO,02,20230707,20230707,MG,4675
51334552,0001,1,ZRRIEL TRAINER,02,20230707,20230707,RJ,6001
47676907,0001,1,PLAY TECH GYM LTDA,08,20230713,20220823,MG,4733
51336919,0001,1,FIT TRAINING STUDIO,02,20230707,20230707,RJ,5903
51339200,0001,1,MEGA GYM AKADEMIA,02,20230707,20230707,SP,7107
51363764,0001,1,BIO FORMA,02,20230710,20230710,RN,1759
44416786,0001,1,YOUFIT CENTRO DE TREINAMENTO,02,20211129,20211129,SP,7107
51377320,0001,1,MOVE,02,20230711,20230711,PR,7493
51382426,0001,1,,02,20230711,20230711,SP,7273
51384716,0001,1,,08,20260414,20230711,RS,8683
51387255,0001,1,KENNEDY ACADEMIA,08,20250808,20230712,MG,4673
51404188,0001,1,,02,20230713,20230713,RJ,5819
51412936,0001,1,PSICOMOTRICIDADE TAGLIARI,02,20230713,20230713,PR,7691
51415456,0001,1,JAPA ASSESSORIA,08,20240117,20230713,RN,1761
51417761,0001,1,STUDIO NANDA DARC,02,20230713,20230713,GO,9471
51422986,0001,1,COMPLEXO ESPORTIVO STARK BOOM,02,20230714,20230714,MG,4723
51429562,0001,1,MAURICIO NUNES TREINAMENTO PERSONALIZADO,02,20230714,20230714,RS,8801
51430928,0001,1,,02,20230714,20230714,SP,6155
51440511,0001,1,SKYFIT ITAPECERICA DA SERRA,02,20230717,20230717,SP,6545
51447178,0001,1,M.A.R ASSESSORIA,02,20230717,20230717,SP,7107
51450463,0001,1,,02,20230717,20230717,SP,7107
51452859,0001,1,,02,20230717,20230717,SP,7183
51466702,0001,1,TESLATICS ELECTROFITNESS,02,20230718,20230718,SP,6639
51467007,0001,1,CAMOFITACADEMIA,02,20230718,20230718,RS,8841
51467767,0001,1,CROSSBOX TRAINING,08,20260224,20230718,PR,7527
51468173,0001,1,SOUL - SAUDE INTEGRATIVA,02,20230718,20230718,SC,8105
51469642,0001,1,IRON FIT II,02,20230718,20230718,AL,2705
51471614,0001,1,STUDIO JC,02,20230718,20230718,PE,2505
51473138,0001,1,,02,20230718,20230718,MG,4903
51480423,0001,1,ACADEMIA POWER GYM,04,20260608,20230719,BA,3781
51484090,0001,1,4 ACTION GYM,02,20230719,20230719,MG,4417
51490531,0001,1,,02,20230720,20230720,SP,6579
45248308,0002,2,CT DUO,08,20250910,20230720,PA,0443
51492746,0001,1,SKYFIT ACADEMIA - UNIDADE BRAGANCA PAULISTA,02,20230720,20230720,SP,6251
51494964,0001,1,TETO'S TREINO,02,20250812,20230720,GO,9373
51501816,0001,1,ACADEMIA SMART CITY CENTRO DE TREINAMENTO,02,20230720,20230720,BA,3849
51506260,0001,1,STUDIO PN ACADEMIA,02,20230721,20230721,SP,6427
51506697,0001,1,,02,20230721,20230721,MG,4123
51514231,0001,1,,02,20230721,20230721,SP,7107
51517676,0001,1,SIX NOROESTE,02,20230721,20230721,DF,9701
51527989,0001,1,ESPACO 9 DE JULHO,02,20230724,20230724,SP,7107
51531357,0001,1,ACADEMIA MUNDO FITNESS,02,20230724,20230724,SE,3247
51531962,0001,1,ESTUDIO DE ARTES MARCIAIS,08,20231211,20230724,SP,7183
51543223,0001,1,SLIMFIT ASA NORTE 2,02,20230725,20230725,DF,9701
51543431,0001,1,RB FITNESS ACADEMIA,02,20230725,20230725,SP,7107
07594978,0550,2,,02,20230725,20230725,PR,7691
07594978,0551,2,,02,20230725,20230725,PE,2531
51547199,0001,1,,02,20230725,20230725,SP,7079
51556743,0001,1,MD FITNESS,02,20230725,20230725,CE,1419
51557399,0001,1,FOCUS ACADEMIA,02,20230725,20230725,RN,1769
51560952,0001,1,SAUDE FITENSS,02,20230726,20230726,RJ,5843
51570214,0001,1,ENGRENA,08,20251201,20230726,DF,9701
36096547,0002,2,CENTRO DE TREINAMENTO FOCUS,08,20240315,20230726,PR,7745
13396172,0016,2,,02,20230726,20230726,RS,8561
51578569,0001,1,ELENIRA OLIVEIRA PERSONAL TRAINER,02,20230727,20230727,CE,1389
51592463,0001,1,STUDIO 23 PILATES & FISIOTERAPIA,02,20230727,20230727,SP,7107
51592900,0001,1,STUDIO VOLL,02,20230727,20230727,SP,7107
51595501,0001,1,,02,20230728,20230728,SP,6703
51616057,0001,1,STAR PILATES E CIA,02,20230731,20230731,RJ,6001
51616588,0001,1,,02,20230731,20230731,PR,7481
51623522,0001,1,ALFA FITNESS,02,20230731,20230731,RN,1677
51634198,0001,1,RUACH CROSSFIT,02,20230801,20230801,SC,8291
51637322,0001,1,,02,20230801,20230801,MS,9811
51646378,0001,1,LEVEL ONE STUDIO FITNESS,02,20230801,20230801,SC,8321
51651194,0001,1,ANA MAROMBINHA,02,20230802,20230802,SC,8039
51661830,0001,1,,08,20260116,20230802,SP,7107
51669900,0001,1,DL GYM ACADEMIA,02,20230803,20230803,CE,1447
51684649,0001,1,AXI FIT ACADEMIA,02,20230804,20230804,GO,9681
51685868,0001,1,DNA CROSS COMBATE,02,20230804,20230804,PA,0411
51688404,0001,1,,02,20230804,20230804,RJ,6001
51688617,0001,1,GYM ALEIXO,02,20230804,20230804,SP,6455
51693801,0001,1,ACTION 360,02,20230804,20230804,SP,6291
50925467,0002,2,,02,20230804,20230804,SC,8163
49467126,0001,1,MATHEUS CRISPIM TREINAMENTO PERSONALIZADO,02,20230203,20230203,SC,8233
51695710,0001,1,ARTHUR FITNESS,02,20230804,20230804,MG,5403
51730409,0001,1,,02,20230808,20230808,MS,9051
51731211,0001,1,ACADEMIA GUANAMFITNES,04,20260608,20230808,BA,3533
51739807,0001,1,ACADEMIA 1940,02,20230809,20230809,SC,8047
51746197,0001,1,ACADEMIA HERMANOS FITNESS,02,20230809,20230809,SP,6897
51758361,0001,1,VIP EMPREENDIMENTOS E SERVICOS LTDA,02,20230810,20230810,PB,2051
51759063,0001,1,ACADEMIA PERFORMANCE,02,20230810,20230810,CE,1445
51760316,0001,1,ESTUDIO DE PILATES HELOISE GABRIELE SILVERIO,02,20230810,20230810,MG,5191
51765424,0001,1,,02,20230810,20230810,MG,4763
28496711,0002,2,RENOVE FIT - PILATES E TREINO MULTIFUNCIONAL,08,20250724,20230810,GO,9373
51766435,0001,1,SPACE FITNESS,02,20230810,20230810,AM,0255
51767944,0001,1,,02,20230810,20230810,PR,7993
51768021,0001,1,,02,20230810,20230810,RJ,6001
51778646,0001,1,WORK FIT,02,20230811,20230811,PR,7905
51783662,0001,1,CT VIVA FITNESS,02,20230811,20230811,GO,9227
51799966,0001,1,LIVIA PENNONE PERSONAL TRAINER,02,20230814,20230814,SP,6291
51802702,0001,1,,02,20230814,20230814,SP,6291
51803053,0001,1,STUDIO DIGUINHO,02,20230814,20230814,SP,6617
51820144,0001,1,POWER GYM,08,20251125,20230815,MG,4093
51824983,0001,1,SPACE FIT,02,20230816,20230816,PB,1903
00318069,0032,2,,02,20230816,20230816,DF,9701
00318069,0042,2,,02,20230816,20230816,DF,9701
51827009,0001,1,BOLD CT,02,20230816,20230816,CE,1389
51828453,0001,1,,08,20231108,20230816,PR,9983
51829439,0001,1,CENTER FITNESS,02,20230816,20230816,MG,4005
51831974,0001,1,R PERFORMANCE,02,20230816,20230816,SE,3105
51843766,0001,1,ACADEMIA MULTIACAO LTDA,02,20230817,20230817,SP,2965
51851195,0001,1,BELLA FITNESS,04,20260608,20230817,BA,3513
51858957,0001,1,FLUIR PILATES,02,20230818,20230818,RJ,5847
51864747,0001,1,ALTAMATA ADVENTURE RUN,02,20230818,20230818,SP,7107
51865520,0001,1,ACADEMIA GAVIOES,02,20230818,20230818,SP,6969
51254044,0001,1,SS FITNESS,02,20230630,20230630,RS,8767
51868132,0001,1,,02,20230818,20230818,RS,8801
51868237,0001,1,,08,20241205,20230818,SP,6291
51870518,0001,1,ESPACO DESPERTAR,02,20230818,20230818,PR,7909
51872172,0001,1,M 10 PERFOMANCE,02,20230819,20230819,BA,3957
44915099,0001,1,,08,20230821,20220118,RJ,5909
51882706,0001,1,ACADEMIA STRONG,02,20230821,20230821,SP,6415
51884283,0001,1,,02,20230821,20230821,SP,6477
51885386,0001,1,CT CROSS LIFTING,02,20230821,20230821,SP,6639
51897062,0001,1,ENCORE BOOTCAMP,02,20230822,20230822,BA,3341
51898132,0001,1,ECCENTRIC CENTRO DE TREINAMENTO,02,20230822,20230822,RS,8555
51900323,0001,1,OLD STUDIO,02,20230822,20230822,ES,5611
51900472,0001,1,POLIANA RICCELY ARAUJO FRANCO,02,20230822,20230822,PB,1981
51909211,0001,1,,02,20230822,20230822,RS,9821
51918689,0001,1,ACADEMIA MOTIVACAO CROSS E FIGHT,02,20230823,20230823,RS,8633
51921638,0001,1,TERRITORIO FITNESS,02,20230823,20230823,RJ,5893
51926850,0001,1,ACADEMIA CORPO E MOVIMENTO,02,20230823,20230823,SP,7107
51933552,0001,1,EVOLARE - TREINAMENTO FISICO INTEGRADO,02,20230824,20230824,RS,8901
51943505,0001,1,ESSERE ESCOLA DE SER,02,20230824,20230824,SC,8047
47068446,0003,2,CT TAURUS,02,20230825,20230825,RJ,5867
51233894,0001,1,FORTFITNESS,02,20230629,20230629,MG,2691
51973632,0001,1,,02,20230828,20230828,SP,6415
51974627,0001,1,ACADEMIA AGUIAR,02,20230828,20230828,MG,5133
51976943,0001,1,NATACAO DA TIA HILDA,02,20230828,20230828,PA,0483
51984439,0001,1,BELA FORMA ACADEMIA,02,20230828,20230828,PI,1077
51561901,0002,2,,02,20230829,20230829,MT,9151
51991781,0001,1,L R PILATES,02,20230829,20230829,BA,3429
51992864,0001,1,PUPPY YOGA,02,20230829,20230829,SP,6579
51994430,0001,1,CT BRUTUS FIGHT,02,20230829,20230829,BA,3597
51998576,0001,1,STUDIO PERSONAL TRAINER,02,20230829,20230829,PR,7535
52011621,0001,1,X3 CROSS,02,20230830,20230830,MG,5235
52011776,0001,1,ESPACO CONEXAO MULHER,02,20230830,20230830,MG,5403
52014692,0001,1,CENTRAL FITNESS,02,20230830,20230830,CE,1589
52018946,0001,1,ESPACO VITA,02,20230830,20230830,PE,2545
52041061,0001,1,UNQ HARMONIZACAO,02,20230901,20230901,ES,5703
52045585,0001,1,ACADEMIA ENERGY FITNESS,02,20230901,20230901,PI,1159
52058227,0001,1,SKYFIT VILA SILVIANIA,02,20230904,20230904,SP,6313
52058400,0001,1,CLINICA D-LIFE,02,20230904,20230904,PR,7629
52058491,0001,1,STUDIO ARTE DO MOVIMENTO,02,20230904,20230904,RS,8801
46599572,0001,1,,02,20220531,20220531,MG,4675
52062001,0001,1,BRAVE CROSS,02,20230904,20230904,MA,0889
52062062,0001,1,,02,20230904,20230904,MG,4553
52064927,0001,1,META ACADEMIA,02,20230904,20230904,PE,2401
52076902,0001,1,JHITS ACADEMIA FEMININA,02,20230905,20230905,PA,0443
52083872,0001,1,ACADEMIA TITAS FITNESS,02,20230905,20230905,BA,3573
51858321,0001,1,CENTRO DE TREINAMENTO ANA NERI,02,20230818,20230818,RJ,6001
52091491,0001,1,PROFIT,02,20230906,20230906,BA,3515
52096516,0001,1,FOUR STUDIO,02,20230906,20230906,RS,8849
24921465,0069,2,,02,20230906,20230906,GO,9373
52097105,0001,1,LUDIMILA PERSONAL TRAINER,02,20230906,20230906,GO,9749
52110303,0001,1,,02,20230908,20230908,RS,8791
52110744,0001,1,,02,20230908,20230908,PR,7885
52128117,0001,1,SANTE STUDIO PRIME,02,20230911,20230911,SP,7131
52128496,0001,1,HEALTHY LIFE,02,20230911,20230911,SP,6221
52129551,0001,1,STUDIO AVIVAR FISIOTERAPIA E PILATES,02,20230911,20230911,MG,5403
52134200,0001,1,VITALITY GYM,02,20230911,20230911,SC,8007
52135361,0001,1,,02,20230911,20230911,RS,8683
52136184,0001,1,CONSULTORIA MATHEUS THOMAZ,02,20230911,20230911,RJ,5865
52142540,0001,1,,08,20231205,20230912,MG,4661
52151371,0001,1,GYM EVOLUTION,02,20230912,20230912,MG,5401
52163423,0001,1,ELETROLIFE BRASILIA,02,20230913,20230913,DF,9701
52167675,0001,1,,08,20250721,20230913,RN,1787
52171148,0001,1,,02,20230913,20230913,RO,0009
52175863,0001,1,MAGLI,02,20230914,20230914,RJ,5921
52178369,0001,1,LABFIT,02,20230914,20230914,SP,6843
52179303,0001,1,MANDRADE PERSONAL,02,20230914,20230914,SP,7107
52181445,0001,1,SAMARA GAVA STUDIO DE PILATES,02,20230914,20230914,MG,4111
52183945,0001,1,PULSE FITNESS & WELLNESS CLUB,08,20250902,20230914,PB,2051
52187050,0001,1,ELITE EXTREME,02,20230914,20230914,SC,8105
52191742,0001,1,ESPACO A.K. FISIOTERAPIA E PILATES,02,20230915,20230915,MG,5403
52193445,0001,1,TOPGRAN ACADEMIA,02,20230915,20230915,CE,1395
52202990,0001,1,,02,20230915,20230915,SC,8211
52204425,0001,1,FELITE ESPORTIVOS,02,20230915,20230915,SP,7107
52213529,0001,1,,02,20230918,20230918,RS,8617
52234690,0001,1,CENTRAL FIT,02,20230919,20230919,PB,1959
52235774,0001,1,STUDIO GARDEN FITNESS E SAUDE EMOCIONAL,02,20230919,20230919,SP,6291
52239062,0001,1,,02,20230919,20230919,ES,5663
52256547,0001,1,ESPACO FULL BODY,02,20230920,20230920,SP,6875
52261289,0001,1,,02,20230921,20230921,AM,0255
52267538,0001,1,CVS CONDICIONAMENTO FISICO,08,20260318,20230921,MG,2673
52271653,0001,1,JCL STUDIO FUNCIONAL E PILATES,02,20230921,20230921,SP,7115
52275721,0001,1,STYLLUS ACADEMIA ME,02,20230922,20230922,PB,2051
52275829,0001,1,JS STUDIO FIT,02,20230922,20230922,CE,9853
52277160,0001,1,STUDIO 6.0,02,20230922,20230922,MG,4289
52280006,0001,1,R2 - FISIOTERAPIA / ACUPUNTURA E PILATES,02,20230922,20230922,RJ,5925
52285430,0001,1,,02,20230922,20230922,SP,7107
52286901,0001,1,SM STUDIO PHYSICALL,02,20230922,20230922,SC,8163
52289844,0001,1,STUDIO LUIZ NAZARIO,02,20230923,20230923,AL,2707
52295196,0001,1,STUDIO PILATES NICOLI CORDEIRO,02,20230925,20230925,MG,4051
52299746,0001,1,RB ACADEMIA,02,20230925,20230925,SE,3181
52303299,0001,1,,08,20241114,20230925,SP,7099
52307595,0001,1,CS FITNESS,02,20230925,20230925,PE,2333
52309170,0001,1,LEO SARAIVA - PERSONAL,02,20230925,20230925,SP,7107
52316907,0001,1,GUEDES TRAINING CENTER,02,20230926,20230926,PA,0573
52329922,0001,1,STUDIO GUTO LOPES SELECT & CIA LTDA,02,20230927,20230927,PA,0427
52331846,0001,1,PREMIER STUDIO,02,20230927,20230927,SP,7079
52332151,0001,1,ACADEMIA ATP,04,20260529,20230927,CE,1389
52333869,0001,1,,02,20230927,20230927,MA,0803
52336883,0001,1,GREENLIFE MESSEJANA,02,20230927,20230927,CE,1389
52346239,0001,1,PASSOS FITNESS ACADEMIA,02,20230928,20230928,MG,5309
52347375,0001,1,FV FITNESS,02,20230928,20230928,AL,2793
52365433,0001,1,ACADEMIA RUMO FITNESS,02,20230929,20230929,PR,7535
52365721,0001,1,,02,20230929,20230929,PR,7667
52367426,0001,1,,02,20230929,20230929,SP,7107
52369380,0001,1,,08,20240325,20230929,SP,7107
52371177,0001,1,NINE FIT ACADEMIA,02,20230929,20230929,MT,9067
52383464,0001,1,ACADEMIA ESTUDIO FORCA MAXIMA,02,20231002,20231002,PE,2591
52384253,0001,1,,02,20231002,20231002,MG,4371
52384743,0001,1,4HAND TENNIS ACADEMY,08,20241004,20231002,RJ,6001
52399986,0001,1,PRIME FITNESS,02,20231003,20231003,MG,4925
52409726,0001,1,,02,20231003,20231003,CE,1579
52410906,0001,1,MATCAL,02,20231003,20231003,BA,3947
52415821,0001,1,MARTINS FITNESS CENTER,08,20250121,20231004,ES,5639
52420941,0001,1,BODY FACTORY,02,20231004,20231004,RN,1779
52423587,0001,1,ESPACO TERAPEUTICO PINGHENG,04,20260521,20231004,ES,5607
52432400,0001,1,,02,20231005,20231005,SP,7107
52434980,0001,1,NEO VIDA PILATES - SAUDE - FITNESS,02,20231005,20231005,MG,5403
52441157,0001,1,CROSS EXPERIENCE GUARATINGUETA CENTRO,08,20241001,20231005,SP,6469
52468905,0001,1,,02,20231009,20231009,SP,7107
52471555,0001,1,GABRIEL FERRAZ STUDIO,02,20231009,20231009,MG,5371
52472070,0001,1,POWER MAXX ACADEMIA,02,20231009,20231009,BA,3423
52491159,0001,1,GT BEACH FITNESS,08,20251021,20231010,PR,7587
52492415,0001,1,MINAS FIT ACADEMIA,02,20231010,20231010,MG,5403
52494658,0001,1,212 PRO,02,20231010,20231010,RJ,6001
52496091,0001,1,MCL PERSONAL,08,20241016,20231010,SP,7107
52500765,0001,1,STUDIO DE PILATES GUALTIERI,02,20231011,20231011,SP,6477
52192454,0001,1,HEROES CROSS TRAINNING,08,20260512,20230915,AP,0605
52536958,0001,1,CT STANG,02,20231016,20231016,MG,4371
52537712,0001,1,STUDIO LM FITNESS,02,20231016,20231016,PB,2129
52548995,0001,1,AUTHENTIC ACADEMIA,02,20231017,20231017,PI,1203
52551064,0001,1,SEVEN PERSONAL TRAINER,02,20231017,20231017,SP,6661
52552680,0001,1,,02,20231017,20231017,MG,4281
52561847,0001,1,NC4 SERVICOS FITNESS,02,20231017,20231017,CE,1389
52564493,0001,1,ACADEMIA PHYSICAL CENTER,02,20231017,20231017,PR,7691
52564969,0001,1,SALVIA STD,02,20231018,20231018,SC,8089
52571469,0001,1,PRO FIT - NUCLEO DE TREINAMENTO,02,20231018,20231018,RS,8801
52580447,0001,1,,02,20231018,20231018,SP,7107
52585135,0001,1,,02,20231019,20231019,MG,5403
52587788,0001,1,,02,20231019,20231019,SC,8159
52588819,0001,1,ACADEMIA PLATIUM,02,20231019,20231019,MG,4145
52592932,0001,1,SUN PILATES,02,20231019,20231019,PR,7535
52609091,0001,1,CROSS ASGARD,02,20231020,20231020,RJ,6001
52620447,0001,1,LIVENESS STUDIO PERSONAL,02,20231023,20231023,SC,8299
52622041,0001,1,F.L.P EDUCADOR FISICO PSICOMOTRICISTA,02,20231023,20231023,SP,6921
52625061,0001,1,MOTION FIT JARDIM HELENA I,02,20231023,20231023,SP,7107
52632906,0001,1,ALPHA GYM ACADEMIA,02,20231023,20231023,PA,0639
52641374,0001,1,CROSS 28,08,20250617,20231024,SP,7071
52647817,0001,1,CYCLING EXPERIENCE LTDA,08,20250519,20231024,SP,6681
52651368,0001,1,STUDIO FOCO FITNESS,02,20231024,20231024,GO,9361
52657981,0001,1,TONUS,02,20231025,20231025,ES,5697
52666601,0001,1,RAFAEL AOKI PERSONAL TRAINER E CONSULTORIA ESPORTIVA,02,20231025,20231025,SP,6291
52667954,0001,1,RHINOGYM ACADEMIA,02,20231025,20231025,RS,8569
52458982,0002,2,SKYFIT ACADEMIA - UNIDADE PAULISTA,02,20231025,20231025,PE,2513
52673823,0001,1,ACADEMIA USINA VIBE,02,20231026,20231026,PR,7583
52675144,0001,1,ACADEMIA BODY SPACE,08,20250307,20231026,MS,9015
52675448,0001,1,SIMBORA TRAINING,08,20250930,20231026,ES,5699
52679085,0001,1,BRAAVOS ACADEMIA,02,20231026,20231026,CE,1559
52682774,0001,1,BOX LION,08,20240926,20231026,SP,7099
52687253,0001,1,,02,20231026,20231026,SP,7107
52697909,0001,1,C6 FITNESS,02,20231027,20231027,SP,6625
52725972,0001,1,STUDIO DE MUSCULACAO OFICINA DO CORPO LTDA,02,20231030,20231030,PE,2357
52727322,0001,1,,02,20231031,20231031,PE,2531
52728840,0001,1,SKYFIT SAO RAFAEL,02,20231031,20231031,SP,7107
52729568,0001,1,UNISHAPE,02,20231031,20231031,MG,4123
52736590,0001,1,,02,20231031,20231031,RS,8771
52741276,0001,1,ESPACO FLUIR PILATES,02,20231031,20231031,RJ,5837
52745466,0001,1,034 FIT CENTRO DE TREINAMENTO,02,20231101,20231101,MG,4683
52749356,0001,1,CIA BIO FIT,02,20231101,20231101,AL,2813
52750523,0001,1,,02,20231101,20231101,SP,7107
52750636,0001,1,,08,20250507,20231101,MG,5403
05366708,0002,2,,02,20231101,20231101,SP,6619
52757276,0001,1,ACADEMIA PRATIQUE FITNESS,02,20231101,20231101,SC,8327
52765995,0001,1,ACADEMIA LIFE FITNESS,02,20231103,20231103,GO,9597
44178414,0001,1,STUDIOXMOVE,02,20211109,20211109,CE,1389
52795480,0001,1,BOX 074,02,20231106,20231106,BA,3419
52796327,0001,1,M7 FITNESS,02,20231107,20231107,CE,9853
52803052,0001,1,ACADEMIA ACTTIONLIGHT,02,20231107,20231107,PE,2531
52807064,0001,1,STUDIO CARLOS UILIAN TREINAMENTO FUNCIONAL,02,20231107,20231107,RO,0003
52815208,0001,1,STUDIO PERSONAL ELIDAIANE ANDRADE,02,20231108,20231108,SE,3119
52818330,0001,1,CN ESPACO FITNESS,02,20231108,20231108,PB,1937
52822339,0001,1,STUDIO ELEMENTO - PILATES AVANCADO,02,20231108,20231108,MG,4123
52830893,0001,1,GOFIT,02,20231109,20231109,ES,5629
52831034,0001,1,,02,20231109,20231109,CE,1389
52834224,0001,1,,02,20231109,20231109,SP,6457
52840440,0001,1,GERACAO FITNES,08,20240612,20231109,CE,1471
47386067,0002,2,,08,20250204,20231110,PA,0587
52850861,0001,1,TDS EMPREENDIMENTOS ESPORTIVOS,02,20231110,20231110,RJ,6001
52853228,0001,1,BROTHER FIT,02,20231110,20231110,PI,1153
52857997,0001,1,,02,20231110,20231110,SP,7057
44230549,0001,1,ELLAS FITNESS CENTRO DE TREINAMENTO INTEGRADO,08,20240812,20211112,RS,8489
52867730,0001,1,BESTFIT ACADEMIA UMARIZAL,02,20231110,20231110,PA,0427
52868497,0001,1,VO2 GYM,02,20231113,20231113,SC,8291
52869646,0001,1,ACADEMIA HEROS,02,20231113,20231113,PA,0415
52870941,0001,1,,02,20231113,20231113,SP,6619
47110883,0002,2,TIGERFIT,02,20231113,20231113,SP,6291
52876454,0001,1,OUTFIT SPORTS,08,20241008,20231113,ES,5705
52882956,0001,1,,02,20231114,20231114,RS,9825
13396172,0021,2,,02,20231114,20231114,RS,8769
52900623,0001,1,,02,20231116,20231116,PB,1981
07594978,0572,2,,02,20231116,20231116,MA,0921
07594978,0582,2,,02,20231116,20231116,SP,7107
52914045,0001,1,STUDIO VOLL PILATES,02,20231117,20231117,SP,6589
52918599,0001,1,STAR FITNESS ACADEMIA,04,20260610,20231117,BA,3877
52937592,0001,1,,02,20231120,20231120,PR,7535
52313774,0001,1,HOUSE FITNESS,02,20230926,20230926,GO,9571
52944226,0001,1,MULT FORMA LTDA,02,20231121,20231121,MG,4127
52949251,0001,1,,02,20231121,20231121,SP,6291
52962034,0001,1,CENTRO DE TREINAMENTO MARACANA II,02,20231122,20231122,SP,6921
52963597,0001,1,PUNTAKO PADEL PERFORMANCE,08,20240509,20231122,RS,8841
52967240,0001,1,MOURAO FIT,02,20231122,20231122,SP,6109
52969390,0001,1,BRMON ACTIVITIES,02,20231122,20231122,PR,7535
05239361,0017,2,,02,20231123,20231123,SP,7107
52980248,0001,1,ARENA FITNESS,02,20231123,20231123,MA,0136
52983685,0001,1,FENIX ACADEMIA,02,20231123,20231123,AM,0235
52984976,0001,1,HOUSE TRAINER,08,20240111,20231123,AP,0605
53013499,0001,1,SPORT FITNESS ACADEMIA,04,20260529,20231127,CE,1455
53014289,0001,1,PESSOA CUIDADO INTEGRADO,02,20231127,20231127,BA,3849
44540962,0001,1,REIS PERSONAL TRAINER,08,20231124,20211209,DF,9701
53021881,0001,1,RENASCER CORPO & MENTE,02,20231127,20231127,BA,3363
53022854,0001,1,CENTRAL PILATES,08,20250611,20231128,SP,7107
53026792,0001,1,INSTITUTO LUTAS,02,20231128,20231128,MG,4123
53045574,0001,1,THE SOUL PILATES - FISIOTERAPIA E PILATES LTDA,02,20231129,20231129,SP,6477
53059321,0001,1,,08,20260112,20231130,SP,6475
53059736,0001,1,,02,20231130,20231130,SP,6717
53059805,0001,1,,08,20260305,20231130,SP,6811
35743361,0002,2,ACADEMIA ARENA FITNESS,02,20231130,20231130,RJ,5899
53071504,0001,1,MY BOX AREA VERDE,08,20250326,20231201,SP,7075
53089609,0001,1,ACADEMIA ACTTION ATLANTIC,08,20251103,20231204,PE,2491
53097912,0001,1,BURPEE BOX,02,20231204,20231204,SP,7107
53102937,0001,1,ACADEMIA LENNY FITNESS,02,20231205,20231205,PA,0415
53104562,0001,1,CENTRO DE TREINAMENTO DK FIT,02,20231205,20231205,MG,4123
53113566,0001,1,,02,20231206,20231206,MS,9051
53116744,0001,1,PROFIT,02,20231206,20231206,AL,2889
53122253,0001,1,STUDIO DE PILATES MOVIMENTO,02,20231206,20231206,PB,1913
53135007,0001,1,,02,20231207,20231207,RJ,5805
53137813,0001,1,CELULA FIT,02,20231207,20231207,PR,7581
53140055,0001,1,CT ESPARTANO,02,20231208,20231208,RJ,5807
53140688,0001,1,TRIBO KIDS,02,20231208,20231208,SP,6573
53144031,0001,1,STUDIO 266,02,20231208,20231208,RJ,5883
29401800,0002,2,DC FIT ACADEMIA LTDA,02,20231211,20231211,PR,7541
53162670,0001,1,ATHLETICFIT,02,20231211,20231211,MT,9883
53166273,0001,1,,08,20250203,20231211,AL,2825
53175215,0001,1,GURIZADA ATIVA,08,20241229,20231212,RS,8841
53190986,0001,1,FORMA FITNESS,02,20231213,20231213,AL,2751
53196014,0001,1,VINICIUS PINHEIRO TRAINING & NUTRITION,02,20231214,20231214,PI,1219
53199819,0001,1,ACADEMIA CRISTAL,02,20231214,20231214,SP,7107
53202523,0001,1,ANDRESSA SEZERINO - TREINAMENTO FUNCIONAL,02,20231214,20231214,SC,8187
53213242,0001,1,WORLD TRAINING,02,20231215,20231215,PB,2117
53216725,0001,1,JS ASSESSORIA ESPORTIVA,02,20231215,20231215,SP,7075
53242561,0001,1,ACADEMIA FEMININA RAIANE RIBEIRO,02,20231218,20231218,PB,1911
53242815,0001,1,STUDIO ELISANGELA OLIVEIRA,02,20231218,20231218,AL,2785
53242933,0001,1,ACADEMIA CLINICA DO CORPO 04,02,20231218,20231218,SP,6475
53243585,0001,1,ACADEMIA PERFORMANCE,02,20231218,20231218,MT,1044
53243824,0001,1,PANOBIANCO MARTIM FRANCISCO,02,20231218,20231218,SP,7057
53249435,0001,1,ACADEMIA TOP FITNES,02,20231218,20231218,PI,2281
53257652,0001,1,MOINHOS FITNESS,08,20241017,20231219,RS,8801
53260216,0001,1,ACADEMIA MAIS EVOLUTION,02,20231219,20231219,GO,9445
53270504,0001,1,CT PANTEAO,02,20231220,20231220,BA,3849
53272709,0001,1,KELLER BEES,02,20231220,20231220,RS,8587
53273216,0001,1,ALLP FIT ACADEMIA,02,20231220,20231220,SP,7145
53280993,0001,1,,02,20231221,20231221,SP,7151
53282096,0001,1,TEIXEIRA PERSONAL,02,20231221,20231221,SP,6401
53283831,0001,1,STUDIO J. H. PILATES,02,20231221,20231221,SP,7107
53284472,0001,1,STUDIO DE PILATES GLENDALLE GUEDES,02,20231221,20231221,MG,4633
53285731,0001,1,VIVA PILATES E SAUDE,02,20231221,20231221,SP,7077
53285788,0001,1,THE SEN5ES WELLNESS CLUB,02,20231221,20231221,SP,6477
18442885,0008,2,LIVE ACADEMIA,02,20231221,20231221,AM,0255
53293434,0001,1,,02,20231222,20231222,MG,4637
53299770,0001,1,,02,20231226,20231226,PE,2309
53302602,0001,1,,02,20231226,20231226,CE,1375
33413792,0002,2,HIIT FITNESS,08,20240301,20231228,AP,0605
53338776,0001,1,STV PRODUCOES,02,20240102,20240102,RJ,6001
53339995,0001,1,,02,20240102,20240102,CE,1559
53350190,0001,1,ESPACO PANTERA,02,20240103,20240103,PI,2267
53356544,0001,1,,02,20240103,20240103,RS,8849
53358477,0001,1,ALISSON GRACIUTI PERSONAL TRAINER E FISIOLOGISTA,02,20240103,20240103,SP,6887
53377196,0001,1,,02,20240104,20240104,PE,2375
53379332,0001,1,COMPLEXO FUNCIONAL,02,20240105,20240105,MG,4885
53381959,0001,1,OFICIAL FIT ACADEMIA,02,20240105,20240105,MT,9925
53400778,0001,1,PRIMEFIT ACADEMIA,02,20240108,20240108,PA,0561
53401400,0001,1,STEEL,02,20240108,20240108,RS,8599
53430354,0001,1,,02,20240109,20240109,RN,1743
53435901,0001,1,HIPER BODY FITNESS,02,20240109,20240109,SP,7107
53436901,0001,1,STUDIO FUNCIONAL SIMONY SALES,02,20240110,20240110,PE,2589
53438429,0001,1,RACA GYM,02,20240110,20240110,MS,9157
53444134,0001,1,NECO HADDAD TENNIS E EVENTOS ESPORTIVOS,02,20240110,20240110,SP,7107
53445143,0001,1,,08,20251201,20240110,PR,7565
53446020,0001,1,ASSOCIACAO DE YOGA RUDRAKSHA,02,20231017,20231017,PR,7563
53451493,0001,1,STUDIO DE PILATES THAMIRES RUIVO,02,20240110,20240110,PR,7903
53454516,0001,1,YASMIN PILATES,02,20240111,20240111,MG,4957
53455586,0001,1,ELITE FITNESS E WELLNESS,02,20240111,20240111,PB,2091
53456722,0001,1,STUDIO VOLL,02,20240111,20240111,RO,0013
53461563,0001,1,STUDIO PERSONAL FITNESS,02,20240111,20240111,PA,0425
53472115,0001,1,HYPERCORE FITNESS,08,20260429,20240112,MG,5369
53481707,0001,1,EG STUDIO FITNESS E PILATES,02,20240112,20240112,PR,9983
53481763,0001,1,CT RAZZING,02,20240112,20240112,PR,8469
53482765,0001,1,,02,20240112,20240112,PR,7777
53492413,0001,1,IRONWOLF ACADEMIA,08,20240820,20240115,MG,5191
53109503,0002,2,,02,20240115,20240115,PB,2217
53505253,0001,1,RC ACADEMIA,02,20240115,20240115,AL,2751
53506331,0001,1,ACADEMIA OLYMPIC,02,20240115,20240115,MG,4003
53509920,0001,1,JULIA LIED FISIOTERAPEUTA,02,20240115,20240115,RS,8801
53515897,0001,1,,02,20240116,20240116,PE,2531
53517788,0001,1,WS FIT,08,20240530,20240116,PE,2631
53519407,0001,1,FL TRAINING,02,20240116,20240116,PR,7657
53521937,0001,1,ARI FELICISSIMO SAUDE E MOVIMENTO,02,20240116,20240116,SP,7107
53529043,0001,1,,08,20250808,20240117,RJ,5807
53529197,0001,1,CROSSFIT IN SHORE,02,20240117,20240117,SP,7071
24921465,0070,2,,02,20240117,20240117,MT,9067
53531087,0001,1,MD PERFORMANCE,08,20250116,20240117,MG,4371
53534303,0001,1,,02,20240117,20240117,PR,7535
24238993,0002,2,,02,20240117,20240117,PR,5453
53539584,0001,1,,02,20240117,20240117,SP,6239
53539644,0001,1,,02,20240117,20240117,SP,7107
53541758,0001,1,,02,20240117,20240117,MG,5403
53553351,0001,1,,02,20240118,20240118,ES,5699
39959065,0002,2,,08,20241015,20240119,PB,0464
53571932,0001,1,STILO GYM,02,20240119,20240119,PB,1937
53572177,0001,1,,08,20241219,20240119,SP,6875
53572603,0001,1,ACADEMIA SPORT EXTREME,02,20240119,20240119,AM,0255
53576570,0001,1,1RM FIT,02,20240119,20240119,DF,9701
53591926,0001,1,ACADEMIA AD3 DOM BOSCO ITAJAI,02,20240122,20240122,SC,8161
53593392,0001,1,RSFIT PERSONAL,08,20250426,20240122,SP,6403
53603497,0001,1,,02,20240122,20240122,MG,5401
53609016,0001,1,PILATES INFINITY POR VALQUIRIA CASTRO,02,20240123,20240123,DF,9701
53611663,0001,1,STUDIO FIT TREIAMENTO FUNCIONAL,02,20240123,20240123,SE,3163
53614058,0001,1,STUDIO CORE TREINAMENTO FISICO FUNCIONAL,02,20240123,20240123,PA,0629
53617488,0001,1,NEW SHAPE,08,20241022,20240123,SP,6913
53619057,0001,1,,02,20240123,20240123,CE,1447
53619571,0001,1,GRUPO BISPO,02,20240123,20240123,PE,2513
53632051,0001,1,PUMP FIT CLUB,02,20240124,20240124,PB,1981
53633399,0001,1,JM ARENA FITNESS,02,20240124,20240124,PB,2109
53634316,0001,1,ST TRAINING,02,20240124,20240124,PB,1919
53634811,0001,1,RICO FIT,02,20240124,20240124,SP,7107
53637844,0001,1,,02,20240124,20240124,SP,3065
53639651,0001,1,GOAL JACAREI,02,20240124,20240124,SP,6589
53643140,0001,1,EVERYLIFE STUDIO PERSONAL,02,20240124,20240124,CE,1389
53656811,0001,1,MFIT,02,20240125,20240125,PB,1987
53671367,0001,1,WELIFT,02,20240126,20240126,MT,9067
53677573,0001,1,W3 GYM,04,20260529,20240126,CE,1479
53678194,0001,1,STUDIO FUNCIONAL ANDERSON SOARES,02,20240126,20240126,RS,8685
53686794,0001,1,BODYTRAINING,08,20250919,20240128,ES,5611
53690658,0001,1,,02,20240129,20240129,RS,8767
53703478,0001,1,BLACK FIT ACADEMIA,02,20240129,20240129,MT,9151
53714511,0001,1,ESPACO FITNESS,02,20240130,20240130,PI,2279
53730877,0001,1,MEGGAFIT,02,20240131,20240131,PA,0457
53732727,0001,1,POWER FIT MASTER,02,20240131,20240131,SP,6137
07594978,0587,2,,02,20240131,20240131,SP,7107
53738619,0001,1,CENTRO FITNESS RANGEDOR,02,20240131,20240131,MA,0921
53740739,0001,1,FIELD PILATES MAIS,02,20240131,20240131,SP,7107
53746366,0001,1,,02,20240131,20240131,SC,8357
53751751,0001,1,,02,20240201,20240201,SP,6789
53759286,0001,1,F F STUDIO,02,20240201,20240201,GO,9227
53762260,0001,1,CLASSE A ESTUDIO FITNESS,02,20240201,20240201,SP,7057
53769848,0001,1,,02,20240202,20240202,SC,8105
53770697,0001,1,,02,20240202,20240202,SP,7107
53772484,0001,1,CENTRO DE TREINAMENTO ELIANE OLIVEIRA,02,20240202,20240202,AL,2885
53772751,0001,1,NOVO SHAPE ACADEMIA,02,20240202,20240202,MG,5257
53794522,0001,1,STUDIO VELOCITY,02,20240205,20240205,ES,5705
53800170,0001,1,ACADEMIA VM FITNESS,02,20240205,20240205,RN,1761
53802595,0001,1,SHT-FITNESSCOACHING,02,20240205,20240205,SP,7107
53809814,0001,1,HASHTAG ACADEMIA BARRA BONITA,02,20240205,20240205,SP,6205
53595892,0001,1,PHYSICALL,02,20240122,20240122,SP,7079
29666772,0002,2,EQUILIBRIUM ACADEMIA,02,20240206,20240206,PB,1965
53819582,0001,1,GYM FOR YOU,02,20240206,20240206,MS,9063
53828735,0001,1,ACADEMIA PATIO FIT,02,20240206,20240206,SP,6361
53830480,0001,1,OLIMPO GYM,02,20240206,20240206,PE,2569
53833826,0001,1,WAY TO FITNESS,02,20240207,20240207,SP,6713
53844404,0001,1,JOSI ALVES TREINAMENTO FUNCIONAL,02,20240207,20240207,RS,8683
53846674,0001,1,CASCONE ASSESSORIA FITNESS,02,20240207,20240207,SP,6213
53847941,0001,1,LUCAS OZAKO SIMAS EI,02,20240207,20240207,SP,7107
53858057,0001,1,VIBE ACADEMIA,02,20240208,20240208,PB,1981
53862012,0001,1,SMART FIT,02,20240208,20240208,RJ,5803
53870970,0001,1,START UP ACADEMIA,02,20240209,20240209,MG,5243
53880445,0001,1,ER CROSS,08,20250416,20240209,SP,6427
53891203,0001,1,ATRIA - STUDIO DE GINASTICA,02,20240212,20240212,PR,7535
53899669,0001,1,PEDRO TIAGO HEALTH & FITNESS,02,20240214,20240214,BA,3613
53904960,0001,1,,02,20240214,20240214,SP,7061
53912702,0001,1,MUSCLEWORLD ACADEMIA,02,20240215,20240215,SP,6291
53912800,0001,1,,02,20240215,20240215,SP,7107
53913140,0001,1,ACADEMIA PRATIQUE FITNESS,02,20240215,20240215,MG,4601
53915048,0001,1,FLEXFIT ACADEMIA,02,20240215,20240215,MT,9193
53916347,0001,1,26FIT,08,20240821,20240215,PR,7449
53924177,0001,1,,02,20240215,20240215,PR,7535
53930225,0001,1,SKYFIT LAPA,02,20240216,20240216,SP,7107
27952901,0002,2,,02,20240216,20240216,CE,1451
53938667,0001,1,POSITIVA ACQUA,02,20240216,20240216,ES,5705
53940629,0001,1,,02,20240216,20240216,RJ,6001
53948690,0001,1,STUDIO PATRICIA MARTINS - TREINAMENTO FUNCIONAL,08,20251209,20240217,DF,9701
53957179,0001,1,STARS FIT,02,20240219,20240219,BA,3807
53960726,0001,1,TWO FIT GYM,02,20240219,20240219,SP,6563
53965738,0001,1,FOLLOW UP,02,20240219,20240219,SC,8047
53971695,0001,1,JUFIT,02,20240219,20240219,PI,1105
53972440,0001,1,SKY FIT ACADEMIA - UNIDADE PRAIA GRANDE,02,20240219,20240219,SP,6921
53977368,0001,1,STUDIO 1.4,02,20240220,20240220,MG,4243
53981955,0001,1,STUDIO P7,02,20240220,20240220,DF,9701
53982902,0001,1,,02,20240220,20240220,MG,5125
53985910,0001,1,KLEBER AUGUSTO,02,20240220,20240220,AM,0255
53989501,0001,1,F DIAS STUDIO FITNESS,02,20240220,20240220,ES,5705
53990216,0001,1,L M CENTRO DE TREINAMENTO SAUDE E PERFORMANCE,02,20240220,20240220,PR,7435
54002450,0001,1,BRENO LOPES HOME PERSONAL TRAINER,02,20240221,20240221,PA,0427
54003195,0001,1,MR. DAUD,02,20240221,20240221,MS,9063
54003677,0001,1,MAIS PILATINHOS,08,20260223,20240221,SP,7107
54010853,0001,1,ACADEMIA FLAY FIT,02,20240221,20240221,MG,4123
54015743,0001,1,,02,20240222,20240222,SP,6545
54016692,0001,1,PHYSICAL FITNESS,02,20240222,20240222,SP,6331
54020280,0001,1,KASE BOX,02,20240222,20240222,CE,1389
54021959,0001,1,ERIKA PINHAL SAUDE E FITNESS,02,20240222,20240222,MG,5403
54022485,0001,1,,02,20240222,20240222,SP,7049
47750290,0003,2,SELFIT ACADEMIAS - UNIDADE ITAPIPOCA,02,20240222,20240222,CE,1429
54026082,0001,1,MARYA SANTOS PERSONAL TRAINER,02,20240222,20240222,MT,9067
54028812,0001,1,NOAOGYM FITNEES,02,20240222,20240222,PE,2445
54033452,0001,1,,02,20240223,20240223,SP,7057
54038749,0001,1,STUDIO LIFE FITNNES,02,20240223,20240223,MG,4855
54045475,0001,1,ACADEMIA 2 IRMAOS,02,20240223,20240223,MG,0636
53823693,0001,1,,02,20240206,20240206,MG,5227
54070281,0001,1,STUDIO DE PILATES THAIS MOURA,02,20240226,20240226,GO,9511
54076479,0001,1,PERSONAL SASSA MATHEUS LTDA,02,20240226,20240226,MG,4123
54077120,0001,1,ALPHA NEW ACADEMY,02,20240226,20240226,RS,8807
54077132,0001,1,TREINAMENTO FUNCIONAL POR FERNANDA OLIVEIRA,02,20240226,20240226,SP,6377
54077424,0001,1,PERFORME SPORTFIT,02,20240226,20240226,PA,0447
54078529,0001,1,LIFE SPORT ASSESSORIA ESPORTIVA,02,20240227,20240227,AP,0605
54080562,0001,1,,02,20240227,20240227,SP,7057
54081171,0001,1,ACTION ACADEMIA,02,20240227,20240227,MG,4899
25218650,0002,2,ACADEMIA POWER FITNESS,02,20240227,20240227,RN,1689
05239361,0020,2,,02,20240227,20240227,DF,9701
54101633,0001,1,ACADEMIA CZ FITNESS,02,20240228,20240228,PE,2341
54106484,0001,1,,02,20240228,20240228,SP,7107
54108598,0001,1,CETAP SPORT,02,20240228,20240228,RJ,5877
84941921,0002,2,,02,20240228,20240228,PR,7807
54120663,0001,1,AR STUDIO FUNCIONAL,02,20240229,20240229,PE,2549
54122610,0001,1,COACH FOGACA BASKETBALL,02,20240229,20240229,RS,8801
54124726,0001,1,EML ESTUDIO DE MOVIMENTO LIVRE,02,20240229,20240229,SP,7107
07594978,0595,2,,02,20240229,20240229,SP,7057
54139230,0001,1,GARAGE TRAINING,02,20240301,20240301,RS,5973
54139823,0001,1,,02,20240301,20240301,ES,5703
54141971,0001,1,GYM CENTRO DE TREINAMENTOS,02,20240301,20240301,RS,5941
54151817,0001,1,EPIK ACADEMIA,02,20240301,20240301,GO,9301
54165331,0001,1,SKYFIT ACADEMIA - UNIDADE GUARULHOS,02,20240304,20240304,SP,6477
07594978,0603,2,,02,20240304,20240304,AC,0139
54171066,0001,1,SCIENCE FITNESS PRODUTOS DIGITAIS,02,20240304,20240304,SP,6213
54175750,0001,1,METODO SUPERACAO,02,20240304,20240304,SC,8105
54186436,0001,1,CENTRO DE TREINAMENTO FAU SANTANA,02,20240305,20240305,BA,3391
54191265,0001,1,,02,20240305,20240305,RS,8771
54194561,0001,1,ACADEMIA TOPLIFE,02,20240305,20240305,PR,5531
54199643,0001,1,DAO DA MONTANHA,08,20241217,20240305,SC,8371
53968768,0001,1,STUDIO FIT,02,20240219,20240219,MG,5045
54206620,0001,1,TREINOS ACADEMIA 24 HORAS,02,20240306,20240306,PA,0595
54208110,0001,1,BIOTREINO ACADEMIA,02,20240306,20240306,MA,0769
54210409,0001,1,ML FIT,08,20240422,20240306,RN,1761
54214927,0001,1,CLODOALDO FITNESS & HEALTH,08,20260207,20240306,MS,9051
54217425,0001,1,,02,20240306,20240306,SP,7075
54224028,0001,1,,02,20240307,20240307,PA,0509
54224510,0001,1,STUDIO BIKE POP,02,20240307,20240307,SP,6313
54224881,0001,1,ARENA FIT,02,20240307,20240307,PI,0400
11244004,0002,2,,02,20240307,20240307,PR,7513
54232966,0001,1,INDI - PERSONAL TRAINER,02,20240307,20240307,PR,7751
54241225,0001,1,,02,20240308,20240308,RJ,6001
54242316,0001,1,TITANIUM HEROES ACADEMY,08,20260528,20240308,BA,3407
54247231,0001,1,CHERNOBYL GYM,02,20240308,20240308,SP,7145
54265106,0001,1,TABOADA RUNNERS,02,20240311,20240311,PA,0595
54266456,0001,1,,02,20240311,20240311,SP,7097
07594978,0605,2,,02,20240311,20240311,RO,0003
07594978,0607,2,,02,20240311,20240311,AC,0139
54270073,0001,1,PRO 360 ESCOLA DE PATINACAO,02,20240311,20240311,SP,7057
54283380,0001,1,MAX GYM,02,20240312,20240312,SC,8045
54287851,0001,1,MAX FITNESS,02,20240312,20240312,SP,6411
54236836,0002,2,CENTRO DE TREINAMENTO POWER FIT,08,20250922,20240312,PB,1911
54295151,0001,1,LUDICIDADE EM MOVIMENTO PN,02,20240312,20240312,PI,1219
54299921,0001,1,STUDIO VOLL,08,20240507,20240312,BA,3849
54321926,0001,1,STUDIO PERFORMANCE TREINAMENTO FUNCIONAL,02,20240314,20240314,CE,1273
54329243,0001,1,POINT BOX NACOES,08,20250127,20240314,SP,7057
54332102,0001,1,AB STUDIO FITNNES,08,20260401,20240314,CE,1413
54338536,0001,1,EXPRESS FIT,02,20240315,20240315,MG,4133
54340696,0001,1,TOP FITNESS,02,20240315,20240315,BA,3903
54342729,0001,1,,02,20240315,20240315,RJ,5901
54343425,0001,1,STUDIO CLUB,02,20240315,20240315,RJ,5895
54349161,0001,1,ROSSFIT ACADEMIA,02,20240315,20240315,SC,8323
54361747,0001,1,FITZ,02,20240318,20240318,RJ,6001
54365405,0001,1,,02,20240318,20240318,RS,8901
54368457,0001,1,CENTRO DE TREINAMENTO THAY DINIZ,02,20240318,20240318,RJ,2911
54373186,0001,1,IXTEPO,02,20240318,20240318,SC,8327
54377348,0001,1,ANDI TRAINING,08,20260121,20240318,SC,8081
54377892,0001,1,ACADEMIA ESPORTE E LAZER,02,20240319,20240319,BA,3369
54378604,0001,1,,02,20240319,20240319,RJ,5901
54379868,0001,1,ACADEMIA FORMA & SAUDE,02,20240319,20240319,PE,2389
54382165,0001,1,FITPLAN,02,20240319,20240319,SE,3105
54388934,0001,1,,08,20250115,20240319,SP,6563
54393565,0001,1,,02,20240319,20240319,SP,7169
46082767,0001,1,FYBS,08,20260501,20220419,BA,1112
54416635,0001,1,IMPACTO FITNESS,02,20240321,20240321,BA,3813
54421671,0001,1,CENTRO DE TREINAMENTO POWER LIFE,02,20240321,20240321,PR,7853
54425270,0001,1,PRO SAUDE,02,20240321,20240321,RJ,5847
54427203,0001,1,BODYLAB,02,20240321,20240321,MG,5403
54440506,0001,1,ACADEMIA TRAINER,02,20240322,20240322,MG,5335
54442117,0001,1,ESPACO CINTURA FINA,02,20240322,20240322,PI,1221
54455750,0001,1,,02,20240325,20240325,SP,6311
54456208,0001,1,MAYFIT,02,20240325,20240325,MG,4185
54277703,0001,1,M W HEALTH,02,20240311,20240311,MG,5387
54478602,0001,1,LUCAS SOUSA PERSONAL TRAINER _,08,20260303,20240326,DF,9701
54481868,0001,1,ACADEMIA GERACAO SAUDE,02,20240326,20240326,GO,9599
54484607,0001,1,A&J FITNESS,08,20250915,20240326,RJ,6001
53185458,0001,1,PANOBIANCO SAO JOAO DA BOA VISTA - CENTRO,02,20231213,20231213,SP,7083
54492098,0001,1,CJJ ESCOLA DE LUTAS,02,20240327,20240327,DF,9701
54501780,0001,1,LIGIA FEITOSA STUDIO PERSONAL,02,20240327,20240327,DF,9701
54516628,0001,1,DRI PERSONAL,02,20240328,20240328,SP,7107
53610984,0001,1,,02,20240123,20240123,SC,8031
54538449,0001,1,STUDIO A Z FITNESS,02,20240401,20240401,RJ,5915
54540645,0001,1,LIVE FIT,02,20240401,20240401,GO,9795
54543487,0001,1,CROSSTAURUS,02,20240401,20240401,DF,9701
18850250,0002,2,,02,20240401,20240401,RS,8491
54553154,0001,1,ACADEMIA FISICO E FORMA,02,20240402,20240402,RJ,5915
48502717,0002,2,,08,20250321,20240402,SP,6969
54565710,0001,1,PERSONAL3.0,02,20240402,20240402,RO,0009
54570079,0001,1,IATRAIN,02,20240403,20240403,PI,1159
54570112,0001,1,CENTRO DE TREINAMENTO CROSSFOLK,02,20240403,20240403,SP,6769
53482308,0001,1,MARLENE DE SOUZA DA ROCHA,08,20240403,20240112,SP,7107
54582195,0001,1,CAMILA NUNES ESTETICA & BEM-ESTAR,02,20240403,20240403,RJ,5843
54584787,0001,1,ACADEMIA PERSONALE SALUTARE,02,20240403,20240403,PR,7449
54585202,0001,1,FIT FOR LIFE STUDIO,02,20240403,20240403,SC,9985
54589480,0001,1,,02,20240404,20240404,GO,0053
54589661,0001,1,HORIKAWA SAUDE E PERFORMANCE,02,20240404,20240404,SP,7107
54592368,0001,1,ACADEMIA CORPO FIT,02,20240404,20240404,PR,7583
54593765,0001,1,,02,20240404,20240404,PR,7667
54608046,0001,1,ACADEMIA PH.D UVARANAS,02,20240405,20240405,PR,7777
54609053,0001,1,RAFAELA MARQUES CENTRO DE TREINAMENTO AVANCADO,02,20240405,20240405,MG,4285
05239361,0022,2,,02,20240405,20240405,RJ,6001
54613842,0001,1,ACADEMIA PLANETA AGUA,02,20240405,20240405,SP,6933
54616808,0001,1,STUDIO LT,02,20240405,20240405,RS,8841
54403510,0001,1,CLINICA DOS CAMPEOES,02,20240320,20240320,PR,7535
54631388,0001,1,,08,20260612,20240408,SP,7097
19020658,0002,2,RS ESTUDIO,02,20240408,20240408,SP,6511
54634692,0001,1,CURVES FITS,02,20240408,20240408,SC,8009
54287089,0001,1,ACTION GYM,02,20240312,20240312,AP,0605
54640118,0001,1,STUDIO PILATES ELLY SOUZA,02,20240408,20240408,BA,3849
54642088,0001,1,CENTRO DE TREINAMENTO JEAN CARDOSO,02,20240408,20240408,RS,8619
54650418,0001,1,ACADEMIA AM FIT,02,20240409,20240409,PR,7679
54651730,0001,1,FOLLEGO FITNESS ACADEMIA,02,20240409,20240409,SP,6377
54653848,0001,1,GABRIELA FAVERO PILATES E FISIOTERAPIA,02,20240409,20240409,SP,6875
54658569,0001,1,ACADEMIA COKA FITNESS ESPACO FAMILIA,02,20240409,20240409,SP,7077
54669948,0001,1,STUDIO MOVIMENT PILATES,02,20240410,20240410,SP,7107
19398188,0002,2,BRENDHA KOCZKODAY,02,20240410,20240410,RS,8681
54686297,0001,1,ACADEMIA BJA FITNESS,02,20240411,20240411,MG,4153
54693660,0001,1,PARALELA TRAINING,02,20240411,20240411,PR,7535
54695393,0001,1,PULSE STUDIO TRAINING,02,20240411,20240411,PA,0483
54698951,0001,1,CENTRO DE TREINAMENTO DOS CAMPEOES,02,20240411,20240411,PE,2517
54702538,0001,1,ACADEMIA ESPACO FITNESS,02,20240412,20240412,SP,7099
54703744,0001,1,ARENA V2,02,20240412,20240412,PE,2327
54704565,0001,1,NOBRE ARTE,02,20240412,20240412,SC,8081
54708476,0001,1,,02,20240412,20240412,PR,7667
54714387,0001,1,FIT MANIA RUA 10,02,20240412,20240412,PA,0595
54715288,0001,1,OLIMPO,02,20240412,20240412,BA,3563
13314677,0002,2,GO UP,02,20240412,20240412,PE,2549
54726055,0001,1,STUDIO MOVIMENTE-SE,02,20240415,20240415,MA,0202
54726528,0001,1,,02,20240415,20240415,MG,4733
54729020,0001,1,CISP,02,20240415,20240415,RS,8749
54732902,0001,1,PRO SIDE CENTRO DE TREINAMENTOS,08,20240826,20240415,RS,8589
54734337,0001,1,DBS FITNESS,02,20240415,20240415,MA,0803
54738178,0001,1,,02,20240405,20240405,RS,8841
54738941,0001,1,MB PERFORMANCE,02,20240415,20240415,RJ,6001
54549320,0001,1,JAIENE SARAIVA PILATES,02,20240401,20240401,SP,6969
54745126,0001,1,,02,20240416,20240416,PR,5497
54746210,0001,1,LIVING FIT PRO,08,20240712,20240416,GO,9373
54753253,0001,1,,02,20240416,20240416,RS,8801
54753310,0001,1,STUDIO FENIX,02,20240416,20240416,RJ,5867
25371073,0003,2,VIVA + FUSION FITNESS,08,20250922,20240417,PA,0415
54763664,0001,1,STUDIO AS10,02,20240417,20240417,ES,5719
54766177,0001,1,PHYSICUS ACADEMIA,02,20240417,20240417,CE,1545
54767151,0001,1,,02,20240417,20240417,SP,7107
54537573,0001,1,STUDIO DRA. LARISSA MARA,02,20240401,20240401,MG,5187
54781065,0001,1,FIT CENTER,02,20240417,20240417,PE,2419
53565614,0001,1,POINT FITNESS,02,20240119,20240119,RJ,5825
54787185,0001,1,TAUR TEAM,02,20240418,20240418,SP,7107
54805987,0001,1,UNIVERSO PILATES,02,20240419,20240419,SP,7107
54806501,0001,1,EUROPA FITNESS,02,20240419,20240419,PA,0463
54826564,0001,1,,02,20240422,20240422,RS,8637
54829103,0001,1,ACADEMIA TOP FITNESS,02,20240422,20240422,BA,3095
54830524,0001,1,FCF PERSONAL TRAINER,02,20240422,20240422,SP,7107
54847057,0001,1,GERMANO TEAM LTDA,02,20240423,20240423,SP,2951
54851270,0001,1,,02,20240423,20240423,PE,2627
54862629,0001,1,,02,20240424,20240424,MG,5397
29150275,0002,2,FOCUS FITNESS,02,20240424,20240424,MA,0961
54865877,0001,1,ESPLENDIDO PILATES & WELLNESS,02,20240424,20240424,MG,4723
54872802,0001,1,,02,20240424,20240424,SP,6635
54885393,0001,1,SPORT CONNECTION,02,20240425,20240425,BA,3685
54892535,0001,1,STUDIO FITNESS,02,20240425,20240425,MG,5343
54898224,0001,1,CENTRALFIT II,02,20240426,20240426,AL,2705
54906322,0001,1,,02,20240426,20240426,RS,8767
54926136,0001,1,STUDIO KAROL WEIAND,02,20240429,20240429,SE,3163
54930647,0001,1,CT HAMMER,02,20240429,20240429,MG,4231
54931102,0001,1,LIFE-X PILATES E BEM-ESTAR,02,20240429,20240429,PR,7535
54937494,0001,1,,08,20240830,20240429,SP,7107
54937943,0001,1,SPARTANOS CROSS TRAINING,02,20240429,20240429,SP,6637
54944568,0001,1,SIGMA CLUBE,02,20240430,20240430,ES,5705
54944937,0001,1,RAINHA FIT,02,20240430,20240430,PR,7691
54949803,0001,1,CLINICA REABILITAR,02,20240430,20240430,BA,3723
31486556,0002,2,GOLD BODY FITNESS,02,20240430,20240430,ES,5645
54955963,0001,1,VITTAE PILATES STUDIO,02,20240430,20240430,BA,3849
54977072,0001,1,CT FENIX,02,20240502,20240502,MG,4371
54978963,0001,1,,02,20240502,20240502,SP,6875
13826429,0010,2,,02,20240503,20240503,RN,1891
54992483,0001,1,,02,20240503,20240503,RJ,6001
54993199,0001,1,,08,20241209,20240503,RS,8561
54995387,0001,1,,02,20240503,20240503,BA,3699
54481390,0001,1,VOCE EM FOCO,02,20240326,20240326,RJ,6001
55006228,0001,1,BBC SPORTES LTDA,08,20250529,20240506,SC,8057
55006573,0001,1,OFICINA DO CORPO,08,20250724,20240506,CE,1427
55007217,0001,1,STUDIO PILATES,02,20240506,20240506,SP,7107
55031246,0001,1,STUDIO DE PILATES E FISIOTERAPIA,02,20240507,20240507,SP,6401
55036382,0001,1,CORPO & EQUILIBRIO,02,20240507,20240507,RJ,6001
55042690,0001,1,VIVA MAIS LAZER E SAUDE,02,20240508,20240508,MG,5191
55073518,0001,1,CLINICA VIDA E FLEXIBILIDADE,02,20240509,20240509,SC,8073
55075211,0001,1,SAVANAH STUDIO,02,20240509,20240509,BA,3661
55077888,0001,1,ACADEMIA ALPHA FIT,02,20240510,20240510,MA,0859
55098030,0001,1,,02,20240513,20240513,PR,7691
31890490,0002,2,EVOLUTION STUDIO PERSONAL,02,20240513,20240513,RJ,5853
42712099,0002,2,,02,20240513,20240513,RS,8729
55109498,0001,1,TX SAUDE,02,20240513,20240513,CE,1389
55114916,0001,1,HR STUDIO FIT,02,20240514,20240514,RJ,5897
55123670,0001,1,VIBE CROSS TRAINING,02,20240514,20240514,SP,7107
55125338,0001,1,SE7E ASSESSORIA ESPORTIVA E CULTURAL,02,20240514,20240514,SP,7107
55135987,0001,1,ACADEMIA FITNESS EVOLUTION,02,20240515,20240515,MA,0182
55142519,0001,1,JAIRO TRAINER,02,20240515,20240515,SC,8105
55143948,0001,1,,02,20240515,20240515,CE,1359
54695396,0001,1,RC STUDIO FITNESS,02,20240411,20240411,SP,6251
54658809,0001,1,SKY FIT TAUBATE,02,20240409,20240409,SP,7183
54947526,0001,1,CROSSLIFE BONFIM,02,20240430,20240430,BA,3901
55149344,0001,1,ARENA AMORIM LTDA,02,20240516,20240516,PE,2513
55159660,0001,1,DRAGONS GYM,02,20240516,20240516,MG,5191
55160065,0001,1,PAMELA MELLO PERSONAL TRAINER,02,20240516,20240516,SP,6669
55173085,0001,1,WG ACADEMIAS,02,20231204,20231204,DF,9701
55184936,0001,1,,02,20240519,20240519,MG,4029
55192311,0001,1,HERON PERFORMANCE,02,20240520,20240520,RJ,5877
55196662,0001,1,,02,20240520,20240520,PR,7841
55198895,0001,1,MAV TRAINER,02,20240520,20240520,SP,6877
55202296,0001,1,PREMIUM WORKOUT,02,20240520,20240520,SP,6331
55207598,0001,1,PLAYFIT MANGABEIRAS,02,20240521,20240521,MA,0925
55213114,0001,1,,02,20240521,20240521,SP,6291
55217043,0001,1,PILATES BRUNA NICOLETTI,02,20240521,20240521,SP,6291
55219601,0001,1,SIMONE RIBEIRO FISIOTERAPIA E PILATES,02,20240521,20240521,MG,4691
55225896,0001,1,STUDIO FORT LIFE,02,20240522,20240522,MG,4185
31834358,0006,2,EVOQUE ACADEMIA LARANJAL PAULISTA,02,20240522,20240522,SP,6629
24921465,0075,2,,02,20240522,20240522,SP,6425
55247280,0001,1,,02,20240523,20240523,PR,7933
55251053,0001,1,CENTRO DE TREINAMENTO HOUSE HT,02,20240523,20240523,RJ,6001
55259880,0001,1,ALFA CROSS,02,20240523,20240523,PA,0427
55261558,0001,1,ALIANCA MUAY THAI,02,20240524,20240524,BA,3849
55262084,0001,1,,08,20250415,20240524,CE,1389
55263896,0001,1,,02,20240524,20240524,RS,8841
55266085,0001,1,ACADEMIA POWER SHAPE,02,20240524,20240524,SP,7259
55275361,0001,1,ACADEMIA ATIVA,02,20240524,20240524,BA,3939
55286775,0001,1,2 SPIN,02,20240527,20240527,SP,7107
55291064,0001,1,,02,20240527,20240527,SP,6969
55293852,0001,1,,02,20240527,20240527,MG,4647
55295080,0001,1,OLIMPIA ACADEMIA,08,20250703,20240527,SP,6291
55295658,0001,1,PB ITAPIRA,02,20240527,20240527,SP,6553
55297381,0001,1,SKYFIT RAPOSO TAVARES,02,20240527,20240527,SP,6875
55312135,0001,1,ASSOCIACAO FUTUROS CAMPEOES DO MUAY THAI - AFCM,02,20240513,20240513,SC,8089
55313317,0001,1,ESCOLA 108 - YOGA E MEDITACAO,02,20240528,20240528,SP,7107
54269285,0001,1,JEL COQUEIRAL,02,20240311,20240311,ES,5703
55322194,0001,1,T.O.P PERSONAL,02,20240529,20240529,SP,6969
55323896,0001,1,TOP FITNEES ACADEMIA,02,20240529,20240529,PB,0462
55325284,0001,1,,08,20260507,20240529,SP,6861
55329140,0001,1,THE LION GYM ACADEMIA,02,20240529,20240529,MT,9199
55339799,0001,1,SK ACADEMIA,02,20240530,20240530,RN,1605
55341268,0001,1,ESPACO VIDA ATIVA CENTRO DE SAUDE & BEM-ESTAR,02,20240531,20240531,RS,8613
55344763,0001,1,STUDIO BRONZE FIT,02,20240531,20240531,SP,7107
55347917,0001,1,FEIRA FITNESS FRUN,02,20240531,20240531,BA,3515
55351526,0001,1,PRAXIS TREINAMENTO E REABILITACAO FUNCIONAL,02,20240601,20240601,RS,8779
07594978,0610,2,,02,20240603,20240603,RJ,6001
55367330,0001,1,FEMME FITNESS,02,20240603,20240603,GO,9473
55369707,0001,1,ACADEMIA CALIBRE,02,20240603,20240603,PA,0445
55382132,0001,1,BOX ALPHA,02,20240604,20240604,CE,1389
55389213,0001,1,SKYFIT BARRETOS,02,20240604,20240604,SP,6209
55389507,0001,1,CENTRO DE TREINAMENTO BRUNO FRANCA,02,20240604,20240604,PA,0415
55399096,0001,1,JM FITNESS ACADEMIA,08,20241206,20240605,CE,1375
55402030,0001,1,POWER CROSS,02,20240605,20240605,SP,7107
55408950,0001,1,,02,20240605,20240605,RS,8855
55412528,0001,1,,02,20240605,20240605,SP,6619
55434892,0001,1,RAFAELA STATKEVICIUS,02,20240607,20240607,SP,7145
55434988,0001,1,PROFITNESS,02,20240607,20240607,RO,0003
55438545,0001,1,,02,20240607,20240607,MG,4625
55438625,0001,1,STUDIO VITTA PILATES,02,20240607,20240607,SP,7237
55438863,0001,1,TUPA CROSS TRAINING,02,20240607,20240607,PA,0535
55442278,0001,1,ACADEMIA FORMULA FIT,02,20240607,20240607,AM,0255
55446925,0001,1,DC CONSULTORIA FITNESS,02,20240607,20240607,SP,7107
55448426,0001,1,BRAVOS CAMPO VERDE,08,20241211,20240607,MT,9779
55463675,0001,1,ONFIT ACADEMIA,02,20240610,20240610,MG,4877
55463984,0001,1,JM MUSCULACAO,02,20240610,20240610,SP,6475
22681690,0002,2,ALPHA FIT PLUS,02,20240610,20240610,MA,0803
55475457,0001,1,,02,20240611,20240611,RO,0009
23523557,0002,2,,02,20240611,20240611,MS,9051
18442885,0014,2,LIVE ACADEMIA,02,20240612,20240612,AM,0255
55497065,0001,1,,02,20240612,20240612,SP,7107
55499656,0001,1,ZULLI TREINADOR,02,20240612,20240612,MT,9167
55501809,0001,1,,08,20240906,20240612,AL,2785
55503683,0001,1,ACADEMIA FERA,02,20240612,20240612,SP,6563
55505436,0001,1,SPRINT ACADEMIA LTDA,02,20240612,20240612,CE,1389
41455921,0003,2,,02,20240612,20240612,MG,4123
55510245,0001,1,STUDIO SPORTISTA,02,20240613,20240613,CE,1441
55511416,0001,1,PULSE ESPORTES FIT,02,20240613,20240613,MG,4123
55519811,0001,1,LEOHAUBER PILATES E NUTRICAO,02,20240613,20240613,RS,8801
55520039,0001,1,MARCEL DRUMOND STUDIO FITNESS,02,20240613,20240613,MG,4263
55521151,0001,1,,02,20240613,20240613,SP,7107
55522014,0001,1,CLAUDIA SANTANA PILATES CLASSICO,08,20260323,20240613,MG,4371
55532595,0001,1,,02,20240614,20240614,SP,6875
54166217,0002,2,,02,20240614,20240614,PR,7691
55536153,0001,1,FULL FORCE ACADEMIA,02,20240614,20240614,MT,9929
55561845,0001,1,NEWFIT CT,04,20260529,20240617,CE,1311
55565661,0001,1,SKY FIT MACEIO,02,20240617,20240617,AL,2825
55577141,0001,1,HUB ACTION,02,20240618,20240618,SP,7057
33092835,0004,2,GYM-X CENTRO INTERNACIONAL DE GINASTICA IRANO CARVALHO,02,20240618,20240618,SC,8105
55602117,0001,1,FORBODY VILA VIRGINIA,02,20240619,20240619,SP,6969
22902694,0111,2,,02,20240620,20240620,PE,2531
55622236,0001,1,STUDIO TD PERSONAL,02,20240621,20240621,RJ,0786
55628045,0001,1,,02,20240621,20240621,PE,2531
55628090,0001,1,IBOXFITT,02,20240621,20240621,PB,2051
55629097,0001,1,,02,20240621,20240621,SP,7107
55632326,0001,1,MARKA STUDIO INTEGRADO PILATES +,02,20240621,20240621,GO,9373
55632677,0001,1,NUTRISHAPE GYM,02,20240621,20240621,CE,1253
55644971,0001,1,SKYFIT VILLE ROY,02,20240624,20240624,RR,0301
55652351,0001,1,PHYSICAL,02,20240624,20240624,SP,7175
55654642,0001,1,,02,20240624,20240624,SP,2951
55657152,0001,1,,02,20240624,20240624,PR,7769
53968782,0001,1,ULTRA ACADEMIA,02,20240219,20240219,GO,1066
55668806,0001,1,VITALE CENTRO DE SAUDE E PERFORMANCE,08,20250618,20240625,PE,2357
55669692,0001,1,,02,20240625,20240625,SP,7107
55672163,0001,1,YOUFIT,02,20240625,20240625,RJ,6001
55684801,0001,1,ACADEMIA VIGOR FITNESS,02,20240613,20240613,RS,8771
54615134,0001,1,GT ASSESSORIA ESPORTIVA,02,20240405,20240405,SP,7107
55689561,0001,1,,02,20240626,20240626,MG,5407
55691181,0001,1,CT RHINOS LTDA,02,20240626,20240626,SC,8147
55700362,0001,1,STUDIO PERSONAL VIVIANE VIGANO,02,20240627,20240627,PR,7751
13396172,0033,2,,02,20240627,20240627,RS,8801
24921465,0083,2,,02,20240627,20240627,AM,0255
55719100,0001,1,DR FIT ACADEMIA,02,20240628,20240628,MA,0961
55720331,0001,1,THAIS AGUIAR STUDIO PILATES E FISIOTERAPIA,02,20240628,20240628,MG,5343
55720439,0001,1,SAUDE & MOVIMENTO,02,20240628,20240628,RJ,6001
55727997,0001,1,,02,20240628,20240628,PR,7471
55728993,0001,1,J.CHAVES CONSULTORIAS,02,20240628,20240628,DF,9701
55749273,0001,1,ESPACO FITNESS,02,20240701,20240701,PR,0858
55749318,0001,1,TROPA,08,20250604,20240701,CE,1389
55752590,0001,1,JHONY M. PERSONAL TRAINER,02,20240701,20240701,SC,8055
55764363,0001,1,,02,20240702,20240702,SP,7157
55765204,0001,1,ACADEMIA LJ FITNESS,02,20240702,20240702,MA,0807
55765326,0001,1,,02,20240702,20240702,SP,6549
55776604,0001,1,ACADEMIA IMPACTO,08,20250509,20240703,PB,0532
55778217,0001,1,,02,20240703,20240703,ES,5623
55778750,0001,1,FELIPE FREITAS FITNESS AND HEALTH,02,20240703,20240703,GO,9325
55789020,0001,1,A2 ACADEMIAS,02,20240703,20240703,CE,1401
55790501,0001,1,ACADEMIA ATIVA,02,20240703,20240703,PB,2191
55798448,0001,1,ACADEMIA JP,02,20240704,20240704,BA,3713
55808081,0001,1,IN SHAPE ACADEMIA,02,20240704,20240704,AM,0253
55810919,0001,1,R FITNESS,02,20240704,20240704,MA,0132
55820248,0001,1,GOLD GYM,02,20240705,20240705,SP,7079
55821116,0001,1,CT BARBA,08,20251209,20240705,GO,9625
55822965,0001,1,,02,20240705,20240705,SP,6969
55829455,0001,1,ACADEMIA HEALTHY EXPERIENCE PROMOCAO E PROD. DE EVENTOS,02,20240706,20240706,SP,6739
55835339,0001,1,,02,20240708,20240708,MG,4633
55838299,0001,1,GUILHERME AMORIM FITNESS,02,20240708,20240708,MG,4365
55859633,0001,1,POUSO ALTO CROSS,02,20240709,20240709,MG,5051
24339925,0015,2,,02,20240709,20240709,PR,7751
55865601,0001,1,,02,20240709,20240709,MG,4069
55867557,0001,1,MK FITNESS GYM,02,20240710,20240710,GO,9425
55867885,0001,1,CROSS NUTRITION BOX TRES PONTAS,02,20240710,20240710,MG,5387
55868399,0001,1,MEGA FIT ACADEMIA,02,20240710,20240710,MT,9911
55868937,0001,1,ALLP FIT ACADEMIA,02,20240710,20240710,SP,6563
55869525,0001,1,HZFIT,02,20240710,20240710,RN,1761
55870891,0001,1,MAX PUMP BODY TRAINING CENTER LTDA,02,20240710,20240710,PR,7493
55871343,0001,1,,02,20240710,20240710,PR,7777
55876178,0001,1,RS FISIO,02,20240710,20240710,SP,7107
55876289,0001,1,RT FITNESS NESTOR,02,20240710,20240710,RS,8685
55880656,0001,1,CENTRO DE TREINAMENTO KAIROS,02,20240710,20240710,RJ,5851
55881428,0001,1,PLENAVITTA CLINICA DE TERAPIAS INTEGRADAS,02,20240710,20240710,SC,8327
55888031,0001,1,,02,20240711,20240711,AM,0255
55893304,0001,1,VITOI CROSS,02,20240711,20240711,MG,4669
55904144,0001,1,ML FITNESS CENTER,02,20240712,20240712,MG,5403
55904781,0001,1,,02,20240712,20240712,SP,6563
55914046,0001,1,,02,20240712,20240712,GO,9373
55926523,0001,1,GIGA SOCCER ACADEMY,02,20240715,20240715,SP,7075
55931428,0001,1,ACADEMIA THOR FIT,02,20240715,20240715,PA,0399
55943365,0001,1,ACADEMIA POWER GYM,02,20240716,20240716,GO,9231
55956778,0001,1,LB FITNESS,02,20240716,20240716,MA,0134
31834358,0016,2,EVOQUE ACADEMIA BOQUEIRAO,02,20240716,20240716,SP,6921
55962032,0001,1,FC TREINAMENTO E ASSESSORIA EM SAUDE,02,20240717,20240717,SC,8105
55965729,0001,1,RED SKULL FIT,02,20240717,20240717,AP,0605
55968248,0001,1,CAMILA PERINI PERSONAL TRAINER,02,20240717,20240717,SP,7107
55969756,0001,1,,02,20240717,20240717,SP,7107
55971155,0001,1,FORFIT STUDIO,02,20240717,20240717,SC,8047
55974170,0001,1,,02,20240717,20240717,SP,6415
55976068,0001,1,COMPASSFIT PUTIM,02,20240717,20240717,SP,7099
24339925,0016,2,,02,20240717,20240717,SP,6579
55978492,0001,1,UP GYM,02,20240717,20240717,SP,7107
55979519,0001,1,INOVE ACADEMIA,08,20260123,20240718,CE,1429
24339925,0018,2,,02,20240718,20240718,SP,6619
55982517,0001,1,ASSOCIACAO DE INCLUSAO AO MUAYTHAI TRADICIONAL,02,20240718,20240718,MG,5403
55991222,0001,1,,02,20240718,20240718,RS,8943
55997341,0001,1,LIVE CLINIC,02,20240719,20240719,PR,7535
55997681,0001,1,,02,20240719,20240719,MG,4733
55998648,0001,1,GAROTA FITNESS,02,20240719,20240719,CE,1305
55998912,0001,1,LIMA ACADEMIA,02,20240719,20240719,SP,2951
56007152,0001,1,ACADEMIA USINA OXY,02,20240719,20240719,PR,7583
56011884,0001,1,ODIN FITNESS,02,20240720,20240720,MA,0128
56024087,0001,1,ACADEMIA BODY EVOLUTION,02,20240722,20240722,SC,8047
56027929,0001,1,,02,20240722,20240722,RS,6031
56030855,0001,1,MOVIX CENTRO DE TREINAMENTO,02,20240722,20240722,ES,5625
56037283,0001,1,RISEPILATESBR,02,20240723,20240723,SP,6213
24921465,0087,2,,02,20240723,20240723,AC,0139
56042847,0001,1,BRAVAZ GYM,02,20240723,20240723,SP,6285
56043694,0001,1,STUDIO VALENA REJANE,02,20240723,20240723,PA,0427
42677734,0002,2,ACADEMIA CHAMPION GYM,02,20240723,20240723,SP,6535
56053964,0001,1,,02,20240723,20240723,BA,3849
56056478,0001,1,,02,20240724,20240724,MA,0803
56067889,0001,1,,02,20240724,20240724,MT,9067
56077376,0001,1,CENTRO TREINAMENTO EDUARDO MEDEIROS,02,20240725,20240725,MG,4123
56078549,0001,1,,02,20240725,20240725,RS,8917
56078861,0001,1,ANATOMIA DO CORPO,08,20240729,20240725,MG,4133
56087112,0001,1,FENIX BOX CONDICIONAMENTO FISICO,02,20240725,20240725,RS,8589
24921465,0091,2,,02,20240726,20240726,SP,7107
24921465,0092,2,,02,20240726,20240726,SP,2951
56101996,0001,1,VIVVA PILATES,02,20240726,20240726,SP,6921
56107969,0001,1,STUDIO 84 PILATES,02,20240726,20240726,SP,7237
56121744,0001,1,ACADEMIA BOA FORMA,02,20240729,20240729,CE,1489
56124361,0001,1,WS FITINESS,02,20240729,20240729,SE,3113
39291716,0003,2,9 FIT GYM,02,20240729,20240729,RJ,2911
56136695,0001,1,ELOS STUDIO PERSONAL,02,20240729,20240729,RS,8841
56145449,0001,1,HC REABILITACAO E PERFORMANCE,08,20240830,20240730,DF,9701
56145604,0001,1,BOUNCE PERSONAL STUDIO,02,20240730,20240730,PI,1219
56150106,0001,1,ACADEMIA NOVA CORPUS FIT,02,20240730,20240730,BA,3849
56150941,0001,1,CT JOSIVELTON FERREIRA,02,20240730,20240730,PE,2439
56170523,0001,1,STUDIO LUCKWU BALLET,02,20240731,20240731,PB,2051
56171575,0001,1,ACADEMIA UCRANIA,02,20240731,20240731,ES,5699
56177598,0001,1,G3 ACADEMIA,02,20240731,20240731,CE,1507
56185483,0001,1,ACADEMIA FEMININA NATHY FERNANDES,02,20240731,20240731,GO,9489
56200329,0001,1,MBORGES PERSONAL LTDA,02,20240801,20240801,PR,7535
54773216,0001,1,BLESS FIT ACADEMIA,02,20240417,20240417,CE,1253
56202675,0001,1,,08,20260109,20240801,MS,9073
56203377,0001,1,,02,20240801,20240801,SE,3123
56222428,0001,1,ACADEMIA VISION,02,20240802,20240802,PR,7427
56225625,0001,1,ZION MOTRIZ STUDIO - SAUDE INTEGRADA,02,20240802,20240802,GO,9227
56228459,0001,1,ESPACO LEVITAH,02,20240802,20240802,SP,6589
56228822,0001,1,BASE CALISTENIA,02,20240802,20240802,BA,3849
56237452,0001,1,,02,20240802,20240802,RS,8939
56240688,0001,1,RGPERSONALTRAINER LTDA,02,20240802,20240802,SP,7107
56257854,0001,1,RDPERSONAL,02,20240805,20240805,SP,6291
56260613,0001,1,,02,20240805,20240805,ES,5699
56261420,0001,1,VO2MAX PILATES,02,20240805,20240805,SP,6639
56262949,0001,1,,08,20250901,20240805,SC,8069
31834358,0020,2,EVOQUE ACADEMIA VILA PRUDENTE,02,20240805,20240805,SP,7107
54005750,0001,1,,02,20240221,20240221,PR,7535
55997812,0001,1,MR ACADEMIA,02,20240719,20240719,SP,7107
56304834,0001,1,RJ CROSS,02,20240806,20240806,RJ,6001
56319691,0001,1,,02,20240806,20240806,SC,8177
56338777,0001,1,BG FITNESS,02,20240807,20240807,AL,2785
56342939,0001,1,CARLOS EDUARDO TREINAMENTO,02,20240807,20240807,MG,4941
56345068,0001,1,SKYFIT,02,20240807,20240807,SP,6425
56364864,0001,1,,02,20240807,20240807,RS,9821
56390029,0001,1,,02,20240808,20240808,ES,5623
56416702,0001,1,GS FITNESS,02,20240808,20240808,PE,2301
56419174,0001,1,SKYFIT,03,20250409,20240809,MG,4687
56419570,0001,1,,02,20240809,20240809,PR,7777
56420361,0001,1,,02,20240809,20240809,RS,8835
56420881,0001,1,JONATAN BOQUES PERSONAL TRAINER,02,20240809,20240809,RS,8697
56422168,0001,1,GT FITNESS,02,20240809,20240809,SC,8105
56422294,0001,1,,02,20240809,20240809,SP,6597
56425849,0001,1,,02,20240809,20240809,CE,1495
56426020,0001,1,,02,20240809,20240809,SC,8311
50540792,0002,2,HM FIT,02,20240809,20240809,MG,4623
56430848,0001,1,CORPUS FIT ACADEMIA,02,20240809,20240809,MT,0101
56431645,0001,1,,02,20240809,20240809,CE,1417
56437545,0001,1,,02,20240811,20240811,SP,7121
56605424,0001,1,T12 FIT,02,20240813,20240813,PR,7777
56617655,0001,1,FUNCIONAL JESSE SILVA,04,20260611,20240813,AC,0651
56658706,0001,1,,02,20240813,20240813,RS,8951
56688113,0001,1,,02,20240814,20240814,RS,8683
56688874,0001,1,WALLACE RODRIGUES TREINAMENTOS,02,20240814,20240814,SP,6425
56729473,0001,1,ASSESSORE - GESTAO DE PROJETOS,02,20240814,20240814,PE,2531
56745976,0001,1,,02,20240814,20240814,RS,8899
56779086,0001,1,,02,20240815,20240815,RJ,5865
56794334,0001,1,PRIME FIT,02,20240815,20240815,RR,0313
56873443,0001,1,STUDIO IRON TRAINER,02,20240816,20240816,MG,4371
56879305,0001,1,DTL ECOMMERCER,02,20240816,20240816,SP,6425
56879744,0001,1,ACADEMIA SKYFIT ALTO UMUARAMA,02,20240816,20240816,MG,5403
56883212,0001,1,,02,20240816,20240816,DF,9701
56883418,0001,1,,02,20240816,20240816,PR,7607
56892609,0001,1,PS FIT STUDIO,02,20240817,20240817,BA,3445
56904552,0001,1,GREENFIT MOC,02,20240819,20240819,MG,4865
56906260,0001,1,QUALI VITTA,02,20240819,20240819,SP,6897
56922904,0001,1,A.M.T. ACADEMIA DE MUSCULACAO E TREINAMENTO,02,20240820,20240820,RS,1168
56923885,0001,1,CT STAR STRONG,02,20240820,20240820,GO,9785
56928603,0001,1,WORLD GYM PLANALTINA DF,02,20240820,20240820,DF,9701
56928614,0001,1,CLOVIS FIT SOB MEDIDA,02,20240820,20240820,SP,7107
56929050,0001,1,CORPO EM MOVIMENTO E FITNESS,02,20240820,20240820,GO,0083
56930007,0001,1,POWER UP TRAINING,02,20240820,20240820,RS,8489
56934712,0001,1,,02,20240820,20240820,SP,6921
56941062,0001,1,DC CENTER FIT,02,20240821,20240821,TO,9551
56941166,0001,1,FITNESS E CIA,02,20240821,20240821,PB,2051
56942976,0001,1,VITAL FLOW STUDIO,02,20240821,20240821,RS,8667
56949028,0001,1,,02,20240821,20240821,PR,5453
56949392,0001,1,,02,20240821,20240821,CE,1319
56950159,0001,1,ACADEMIA TITAN,02,20240821,20240821,SP,7155
56952122,0001,1,PROFIT,02,20240821,20240821,GO,9331
48386929,0001,1,ACADEMIA E CENTRO ESPORTIVO UNIVERSO FITNESS,02,20241014,20221024,BA,3879
24921465,0099,2,,02,20240822,20240822,SP,7121
56982586,0001,1,LM CENTRO DE TREINAMANTO,02,20240823,20240823,PE,2423
23566434,0010,2,,08,20250729,20240419,SC,8183
45728135,0001,1,ERICA FORNACIARI PILATES INTEGRADO,08,20240829,20220321,SP,6789
56992998,0001,1,ACADEMIA SKYFIT - BENTO FERREIRA,02,20240823,20240823,ES,5705
55852059,0001,1,VIDA ATIVA FITNESS,02,20240709,20240709,PB,0496
55704036,0001,1,,02,20240627,20240627,MG,4123
57003598,0001,1,PILATES FITNESS FISIOTERAPIA ESTETICA,02,20240826,20240826,SC,8105
57003850,0001,1,FISIO MOV & SAUDE,02,20240826,20240826,SP,7107
57004262,0001,1,CT. ALTA PERFORMANCE,02,20240826,20240826,PA,0633
57012354,0001,1,PULSAR FITNESS ACADEMIA,02,20240826,20240826,RJ,5801
57017010,0001,1,ZEUS ACADEMIA,02,20240826,20240826,PE,2441
57017484,0001,1,PILATES SAUDE E LONGEVIDADE,02,20240826,20240826,SP,7107
57025399,0001,1,,02,20240827,20240827,SP,6875
57030114,0001,1,SKYFIT ROTULA DO ABACAXI,02,20240827,20240827,BA,3849
57032264,0001,1,RF FITNESS JARDIM CARIOCA,02,20240827,20240827,RJ,5819
57033062,0001,1,,02,20240827,20240827,SC,8245
57036735,0001,1,LAFIT TIMBU,02,20240827,20240827,CE,1247
57041163,0001,1,STUDIO SIL,02,20240827,20240827,PE,2451
55044042,0001,1,STUDIO VOLL,08,20241001,20240508,BA,3849
57055971,0001,1,L E V E L GYM CLUB,02,20240828,20240828,SP,6165
57058027,0001,1,VICTOR CARRARA TREINAMENTOS,08,20250528,20240828,SP,7107
57069561,0001,1,PLK FITNESS,02,20240829,20240829,CE,1569
57069716,0001,1,,02,20240829,20240829,GO,9479
57071348,0001,1,MARINHO FITNESS,02,20240829,20240829,RJ,6001
57073534,0001,1,HOLY LION ACADEMIA,02,20240829,20240829,SC,8251
54427739,0001,1,FABIO AVELLAR ASSESSORIA FITNESS,08,20240829,20240321,SP,2951
57084036,0001,1,JA STUDIO,02,20240830,20240830,SE,3157
57084629,0001,1,,02,20240830,20240830,PE,2521
57089876,0001,1,APR FITNESS - PANOBIANCO VILA FORMOSA,02,20240830,20240830,SP,7107
57090670,0001,1,ACADEMIA KONNEN,02,20240830,20240830,RJ,6001
57093319,0001,1,STUDIO RAILENA CHAGAS,02,20240830,20240830,PA,0415
25332228,0002,2,STUDIO HAYLLA NAKAHARAPILATES LTDA,02,20240902,20240902,DF,9701
57107826,0001,1,ACADEMIA FOCCO TRAINER,02,20240902,20240902,PB,2131
57130067,0001,1,,02,20240903,20240903,SP,7157
49641849,0002,2,VITA FIT DAMAS DE ACO,02,20240903,20240903,MT,9937
57143657,0001,1,,02,20240904,20240904,SP,7107
57144523,0001,1,,02,20240904,20240904,CE,1411
57145071,0001,1,ACADEMIA TOP FITNESS,02,20240904,20240904,CE,1547
57147502,0001,1,,08,20250212,20240904,SP,6921
57149708,0001,1,BRUTOS FITNESS,02,20240904,20240904,RJ,5919
57157280,0001,1,,08,20250310,20240904,MG,4111
57162977,0001,1,KADUMA FITNESS,02,20240905,20240905,CE,1547
57163200,0001,1,,02,20240905,20240905,TO,9241
57170131,0001,1,UNIFIT,02,20240905,20240905,MG,4559
57171137,0001,1,GR POWER FITNESS,02,20240905,20240905,CE,1381
57172516,0001,1,AMTGYM,02,20240905,20240905,SP,6579
57185990,0001,1,ESPACO CINARA RODRIGUES,02,20240906,20240906,RJ,6001
57186001,0001,1,MOVEFIT CENTRO DE TREINAMENTO,02,20240906,20240906,RS,8967
32223545,0002,2,ACADEMIA MF FIT CENTER,02,20240906,20240906,RS,8879
02718150,0002,2,,02,20240906,20240906,SP,7107
57190207,0001,1,PANOBIANCO ACADEMIA,02,20240906,20240906,SP,6921
57203210,0001,1,ESPACO KATIA FERNANDES,02,20240909,20240909,PR,7749
57206456,0001,1,,02,20240909,20240909,MG,4371
57213122,0001,1,ARENA BIG,02,20240909,20240909,PB,1981
57214113,0001,1,,02,20240909,20240909,MS,9103
57216903,0001,1,CT GARRA,02,20240909,20240909,PA,0048
57218291,0001,1,IMPACT GYM,02,20240909,20240909,CE,1517
57233880,0001,1,SF JAU FIT ACADEMIA,02,20240910,20240910,SP,6607
57238141,0001,1,COSTA E OLIVEIRA PILATES E FISIOTERAPIA,02,20240911,20240911,DF,9701
57240195,0001,1,INSTITUTO SAUDE FEMININA,02,20240911,20240911,RO,0003
46779284,0001,1,,02,20220614,20220614,SC,8055
57240929,0001,1,,02,20240828,20240828,RJ,5869
57257991,0001,1,,02,20240912,20240912,MG,0590
57271989,0001,1,JM FITNESS,02,20240912,20240912,MG,5401
57277750,0001,1,,02,20240913,20240913,SP,7107
57284370,0001,1,GREEN LIGHT,02,20240913,20240913,SP,7107
57295689,0001,1,SAIYAN GYN,08,20260603,20240916,AP,0605
55853328,0001,1,LYWFIT ACADEMIA,02,20240709,20240709,PR,5453
57298641,0001,1,ALLP FIT ACADEMIA,02,20240916,20240916,SP,7157
57299502,0001,1,PANOBIANCO GUARAPUAVA,02,20240916,20240916,PR,7583
20810445,0002,2,ACADEMIA TOPFIT,02,20240916,20240916,MG,5359
57308419,0001,1,STUDIO BELA FITNESS,02,20240916,20240916,MS,9143
57332614,0001,1,MAIS GYM,02,20240918,20240918,SP,6291
52601250,0002,2,,02,20240918,20240918,SP,6689
45688202,0001,1,COACH MACAU,02,20220317,20220317,RS,8801
57354380,0001,1,,02,20240919,20240919,MA,0723
57357711,0001,1,D. C. PERSONAL TRAINER,02,20240919,20240919,SP,6101
57360882,0001,1,CF HYPE,02,20240919,20240919,MA,0727
57361895,0001,1,ACADEMIA HEALTH FIT,02,20240919,20240919,PR,0850
53492655,0001,1,G.M. STUDIO,02,20240115,20240115,RJ,5805
57374417,0001,1,STUDIO RAPHA RACCANELLO,02,20240920,20240920,PR,7535
57383276,0001,1,,02,20240922,20240922,ES,5677
57409942,0001,1,,08,20260413,20240924,DF,9701
57418935,0001,1,VITAL SPORT LIFE,02,20240924,20240924,SC,8335
57443096,0001,1,SKYFIT ACADEMIA GUARUJA,02,20240926,20240926,SP,6475
57445600,0001,1,INTENSE STUDIO BEM STAR,08,20251016,20240926,PR,7885
57446807,0001,1,SPORTS & SCIENCE,02,20240926,20240926,MG,4985
57448712,0001,1,CORPORY FIT,08,20251028,20240926,CE,1405
57451238,0001,1,PANOBIANCO,02,20240926,20240926,GO,9373
57459451,0001,1,NEW PILATES PRO,02,20240926,20240926,RJ,5897
53568605,0001,1,APEX FITNESS,02,20240119,20240119,MG,5191
57464443,0001,1,FENIX ACADEMIA,08,20260413,20240927,SP,6187
57467719,0001,1,,02,20240927,20240927,BA,3685
57487139,0001,1,,02,20240930,20240930,CE,1385
31093790,0002,2,,02,20240930,20240930,MG,4353
57495119,0001,1,BLACK BOX,02,20240930,20240930,SP,6361
57496489,0001,1,ALLP FIT ACADEMIA,02,20240930,20240930,SP,7145
57501057,0001,1,,02,20240930,20240930,RS,8801
57504467,0001,1,STUDIO TOP LIFE,02,20241001,20241001,AL,2825
57505041,0001,1,GYMGA ACADEMIA DE GINASTICA ARTISTICA,08,20260210,20241001,RN,1779
57505904,0001,1,SMART FIT,02,20241001,20241001,DF,9701
52972762,0001,1,START FITNESS STUDIO PERSONAL,02,20231122,20231122,BA,3661
57511056,0001,1,,02,20241001,20241001,BA,3849
57515296,0001,1,LIBRAVITA PILATES,02,20241001,20241001,SP,7107
57525163,0001,1,NEW LIFE STUDIO FUNCIONAL LTDA,02,20241002,20241002,SC,8175
57527994,0001,1,SILVERBACK ACADEMIA,02,20241002,20241002,BA,3419
57532642,0001,1,EQUILIBRIO PILATES E FISIOTERAPIA,02,20241002,20241002,SE,3169
57540324,0001,1,PLAY HUB,02,20241003,20241003,PR,7555
57540391,0001,1,,02,20241003,20241003,ES,5703
57545888,0001,1,ACADEMIA CORPO IDEAL,02,20241003,20241003,GO,9265
57551414,0001,1,ACADEMIA BODY4FIT,02,20241003,20241003,SP,7225
57552431,0001,1,STUDIO PROFIT,08,20260430,20241003,MG,4359
57552822,0001,1,TREINO 4LIFE,02,20241003,20241003,SP,7225
57557047,0001,1,CENTRO ESPORTIVO CAOPI JOINVILLE,02,20241004,20241004,SC,8179
57557856,0001,1,,08,20250707,20241004,MS,9165
57559168,0001,1,DYNAFIT ACADEMIA DE GINASTICA,02,20241004,20241004,MG,4149
57565258,0001,1,FORTLIFE STUDIO,02,20241004,20241004,SC,8161
57565695,0001,1,,02,20241004,20241004,RS,8839
57566652,0001,1,COUPLE FIT,02,20241004,20241004,RJ,5897
57588027,0001,1,CENTRO DE TREINAMENTOS UP,02,20241007,20241007,PR,7495
57597877,0001,1,ACADEMIA TOP FIT,02,20241008,20241008,BA,3627
57610134,0001,1,,02,20230102,20230102,RN,1761
57615434,0001,1,ZIZA FIT,02,20241009,20241009,RS,8429
18442885,0021,2,LIVE ACADEMIA,02,20241009,20241009,AM,0255
57619505,0001,1,ATITUDE FIT DANCA E PERSONAL,02,20241009,20241009,SC,8075
57620375,0001,1,,02,20241009,20241009,SE,3191
57621015,0001,1,LODUCA SPORTS,02,20241009,20241009,RJ,6001
57637397,0001,1,3F TREINAMENTO FUNCIONAL,02,20241010,20241010,SP,2965
57640481,0001,1,CT TRIADE,02,20241010,20241010,SP,7107
57644758,0001,1,GOLD EAGLE FITNESS CENTER,02,20241010,20241010,SP,6511
57647905,0001,1,ACADEMIA O2,02,20241010,20241010,MG,4033
57657346,0001,1,77 TREINAMENTO E REABILITACAO FUNCIONAL,02,20241011,20241011,RS,8873
57658931,0001,1,SET OVERALL ACADEMIA,02,20241011,20241011,SP,6425
57680914,0001,1,,08,20250618,20241014,PE,2583
57691968,0001,1,,02,20241015,20241015,SP,6213
57692916,0001,1,MATRIX FIT,02,20241015,20241015,BA,1112
57703898,0001,1,,02,20241016,20241016,MG,4301
57706684,0001,1,LACERDA ESPACO FTNES,02,20241016,20241016,MT,9197
57707882,0001,1,CROSS EXPERIENCE BARREIRINHAS,02,20241016,20241016,BA,3363
57710769,0001,1,RE9 PILATES,02,20241016,20241016,MG,4123
41148671,0002,2,,08,20250604,20241016,SP,6605
57717255,0001,1,SASAKI FIT,02,20241016,20241016,SP,7075
57718586,0001,1,,02,20241016,20241016,SP,6291
57719488,0001,1,,02,20241016,20241016,PR,7535
57728542,0001,1,ELITE ACADEMIA,02,20241017,20241017,RO,0675
57730389,0001,1,,02,20241017,20241017,RJ,6001
57736214,0001,1,ACADEMIA SKAYFIT AJU,02,20241017,20241017,SE,3105
57744554,0001,1,STUDIO DE PILATES BOA FORMA,02,20241018,20241018,MA,0921
57747154,0001,1,DS FITNESS,08,20250403,20241018,PI,1219
57752504,0001,1,FABRICIO FERREIRA PERSONAL TRAINER,02,20241018,20241018,SP,7107
57754097,0001,1,GYM PRIMEFIT LG,02,20241018,20241018,PE,0552
57765656,0001,1,381 CENTRO DE TREINAMENTO ESPECIALIZADO,02,20241021,20241021,SP,7057
57768125,0001,1,ESPACO VIVER / VIVER FIT,02,20241021,20241021,SP,6261
57771118,0001,1,STUDIO DE PILATES ATLAS,02,20241021,20241021,ES,5719
52291435,0001,1,RFIT PERSONAL,02,20230923,20230923,MG,4633
57774188,0001,1,SKYFIT ACADEMIA CARMINDO,02,20241021,20241021,MT,9067
57784827,0001,1,,02,20241022,20241022,GO,9325
31834358,0033,2,EVOQUE ACADEMIA SCS ALAMEDA,02,20241022,20241022,SP,7077
57790587,0001,1,ACADEMIA + TREINO,02,20241022,20241022,DF,9701
57794312,0001,1,DONNA VANDA MODAS E ACESSORIOS,02,20241022,20241022,SP,7107
57795059,0001,1,,02,20241022,20241022,RS,8975
57795515,0001,1,CROSSFISIC,02,20241022,20241022,SP,7077
57796790,0001,1,AK SAUDE INTEGRATIVA,02,20241022,20241022,SC,8117
57801951,0001,1,STUDIO THE YOSE CLUB,02,20241023,20241023,MT,8985
57819079,0001,1,ONNEFIT CENTRO DE TREINAMENTO,02,20241024,20241024,CE,1355
57822350,0001,1,CLINICA SOLE FISIOTERAPIA E PILATES,02,20241024,20241024,SP,6789
57825162,0001,1,PHISON CENTRO DE TREINAMENTO,02,20241024,20241024,PR,7477
57833127,0001,1,,02,20241024,20241024,MG,4123
57846147,0001,1,STUDIO DE PILATES VINICIUS HENRIQUE,02,20241025,20241025,ES,5699
57847602,0001,1,MP FUNCIONAL,02,20241025,20241025,SP,6979
57848952,0001,1,KONECCTA,02,20241025,20241025,SP,7145
57850176,0001,1,ROYAL SPORTS PIUMHI,02,20241025,20241025,MG,5029
57850320,0001,1,ESSENCE FISIOTERAPIA E PILATES,02,20241025,20241025,MG,2673
57857361,0001,1,VOLL PILATES STUDIOS RUDGE RAMOS,02,20241027,20241027,SP,7075
57877228,0001,1,ULTRA CAMBUI LTDA,02,20241029,20241029,SP,6291
57883453,0001,1,PERFORMANCE GYM,02,20241029,20241029,MA,0252
57887771,0001,1,,02,20241029,20241029,SP,7097
53258934,0001,1,PANTER FIT,08,20260304,20231215,PE,2331
57889603,0001,1,GYN FUSION CV,08,20251009,20241029,PR,7527
57894881,0001,1,PILATES HOLISTIC GROUP,02,20241030,20241030,MA,0921
57897445,0001,1,RHINNOS BOX,02,20241030,20241030,CE,1559
57901510,0001,1,STUDIO MOVIMENTUS FISIOTERAPIA E PILATES,02,20241030,20241030,MG,4209
57278606,0001,1,RM CENTRO DE TREINAMENTO,02,20240913,20240913,PI,1139
57909151,0001,1,ALMEIDA FITNESS,08,20250326,20241030,BA,3373
57913041,0001,1,STORGE CROSS TRAINING,08,20250117,20241031,MG,4625
55381837,0001,1,PERSONAL CORE,02,20240604,20240604,MG,4133
51320202,0002,2,CT SANTA HELENA,02,20241031,20241031,MG,5343
56886858,0001,1,,08,20241031,20240816,SP,6861
14534148,0002,2,ACADEMIA SUPERACAO,02,20241101,20241101,SC,8041
57932540,0001,1,PLATINUMFIT,02,20241101,20241101,MA,0745
57941144,0001,1,,02,20241101,20241101,AM,0255
57955097,0001,1,CASA UM YOGA & AYURVEDA,02,20241104,20241104,SP,7107
57958145,0001,1,EVOLVE,02,20241030,20241030,DF,9701
57958681,0001,1,PRIME FIT,02,20241104,20241104,SE,3207
57975451,0001,1,,08,20251203,20241105,SP,7107
57977138,0001,1,CT AFC ACADEMIA,02,20241105,20241105,MT,9067
24921465,0105,2,,02,20241105,20241105,MG,4733
57979576,0001,1,SKYFIT,02,20241105,20241105,BA,3849
57981547,0001,1,,02,20241105,20241105,PR,7607
57981744,0001,1,LC FISIOTERAPIA LTDA,02,20241105,20241105,SP,7107
57984667,0001,1,IMPERIO FITNESS ACADEMIA,02,20241105,20241105,MA,0839
57258916,0001,1,ARMOR,02,20240912,20240912,GO,9599
57995746,0001,1,,02,20241106,20241106,MT,9185
58001554,0001,1,MUSCLE.APP.BR,02,20241106,20241106,PR,7535
58011181,0001,1,,02,20241107,20241107,PR,7581
58014755,0001,1,ACADEMIA PRO FIT PALMEIRAS,02,20241107,20241107,SP,7151
58020500,0001,1,JORGE ANDRADE,02,20241107,20241107,RS,8785
58024489,0001,1,MADRE REDE DE APOIO,02,20241107,20241107,SP,7107
58027070,0001,1,SKYFIT BARRA DO GARCAS,02,20241108,20241108,MT,9035
57252158,0001,1,RA STUDIO DE PILATES,08,20241108,20240911,SP,7107
58032170,0001,1,STUDIO DALIA - PILATES,08,20241219,20241108,SP,7107
58033951,0001,1,ACADEMIA TRANSFORMAFIT,02,20241108,20241108,GO,9459
45562703,0002,2,NEW HEALTH ACADEMIA,02,20241108,20241108,CE,0991
58056368,0001,1,CENTRO DE TREINAMENTO BRUNO COSTA,02,20241111,20241111,RS,8801
58065576,0001,1,AGP,02,20241111,20241111,SP,7107
58067625,0001,1,TOP TREINO ACADEMIA,02,20241112,20241112,RS,8943
58067830,0001,1,,02,20241112,20241112,RS,0992
58067915,0001,1,,02,20241112,20241112,MG,4371
58068709,0001,1,ACQUA FLOW,02,20241112,20241112,SP,6477
35644328,0008,2,MOINHOS FITNES,04,20260605,20241112,RS,8801
58077885,0001,1,ZEF GYM,02,20241112,20241112,RN,1641
58079340,0001,1,,02,20241112,20241112,SP,7145
58086271,0001,1,,02,20241113,20241113,SP,6639
58096563,0001,1,CENTRO DE TREINAMENTO BIG HOUSE,02,20241113,20241113,RS,8909
07594978,0645,2,,02,20241114,20241114,MG,4123
58112816,0001,1,PLATZ ACADEMIA,02,20241114,20241114,SP,6969
54843561,0001,1,FLAVIA REZENDE SPORTE,02,20240423,20240423,SE,3105
58134699,0001,1,R2 MOVE FITNESS LTDA,02,20241118,20241118,SP,7107
58139621,0001,1,,02,20241118,20241118,AL,2851
58143650,0001,1,,02,20241118,20241118,PR,7563
58152244,0001,1,START FIT,02,20241119,20241119,CE,1595
58155654,0001,1,FORTILIGHT,02,20241119,20241119,SP,6291
58157130,0001,1,IRON CLUB,02,20241119,20241119,ES,5629
58161382,0001,1,PILATES GAROPABA,02,20241119,20241119,SC,8113
58161884,0001,1,JACKE PERSONAL TRAINER,02,20241120,20241120,SC,8387
58169866,0001,1,,02,20241121,20241121,RJ,6001
58173184,0001,1,STUDIO MOV PILATES,08,20260113,20241121,MA,0803
58176912,0001,1,PARDAL AULAS DE TENIS,02,20241121,20241121,SP,7077
58179109,0001,1,IMPERIUM ACADEMIA,02,20241121,20241121,SP,7109
58182368,0001,1,FORMULA SAUDE ACADEMIA,02,20241121,20241121,MT,9151
58183480,0001,1,NEW FIT ACADEMIA,02,20241121,20241121,PE,2419
58195671,0001,1,SKY FIT ACADEMIA - UNIDADE SAO VICENTE,02,20241122,20241122,SP,7121
58198283,0001,1,,02,20241122,20241122,PR,7535
58203070,0001,1,MATRIX FIT,02,20241123,20241123,RO,0003
53944874,0001,1,AGUIA FITNESS,02,20240216,20240216,PE,2357
54253803,0001,1,RITMUS GREEN,02,20240308,20240308,MG,4111
58212140,0001,1,,02,20241125,20241125,SP,7107
58220384,0001,1,,02,20241125,20241125,SC,8137
58220882,0001,1,EQUILIBRIUM PILATES E FUNCIONAL,02,20241125,20241125,RS,8801
58222236,0001,1,DOM FITNESS,02,20241125,20241125,MG,4959
58228780,0001,1,,02,20241126,20241126,RN,1883
58236354,0001,1,LORETO FITNESS,02,20241126,20241126,MA,0821
58238468,0001,1,GM FITNESS,02,20260603,20241126,CE,1373
58238489,0001,1,RODRIGO CAMPOS STUDIO DE PILATES,02,20241126,20241126,SP,6311
58239497,0001,1,FENIX ACADEMIA,02,20241126,20241126,BA,3625
58255098,0001,1,CAMILA PILATES,08,20250127,20241127,PE,2531
58263549,0001,1,ACADEMIA IMPACTO FITNESS,02,20241128,20241128,BA,3771
58264850,0001,1,SO PILATES,02,20241128,20241128,SP,7237
58266931,0001,1,,02,20241128,20241128,SP,6311
58267531,0001,1,,03,20260424,20240820,RS,8737
58275241,0001,1,START FIT,02,20241128,20241128,SP,7107
58280767,0001,1,ULTRA ACADEMIA BERTIOGA,02,20241129,20241129,SP,2965
58282289,0001,1,VIRTUDE ACADEMIA,02,20241129,20241129,MG,4601
58289670,0001,1,ACADEMIA SAUDE E FORMA,02,20241129,20241129,AL,2823
58301935,0001,1,CHECK-IN PILATES UNIDADE SAUDE,02,20241202,20241202,SP,7107
31834358,0037,2,EVOQUE ACADEMIA EXTREMA,02,20241202,20241202,MG,4501
45473921,0001,1,CFZEUS 2,02,20220228,20220228,MG,4365
58320163,0001,1,CLUBE FITNESS ACADEMIA,02,20241203,20241203,PE,2593
58324670,0001,1,BODY MOVE STUDIO DE PILATES LTDA,02,20241203,20241203,SP,6969
58328297,0001,1,,02,20241203,20241203,SP,7099
58330561,0001,1,4 FIT,02,20241203,20241203,ES,5629
58333441,0001,1,P.S.HEALTH & FITNESS,02,20241203,20241203,SP,6291
58069282,0001,1,NEW CARE ACADEMIA,02,20241112,20241112,CE,1389
58352541,0001,1,,02,20241205,20241205,RS,8927
58354519,0001,1,DHABI FITNESS,02,20241205,20241205,RJ,0772
58361442,0001,1,IRON FIT ACADEMIA,02,20241205,20241205,SP,6533
58362099,0001,1,STUDIO WANESSA DIAS,02,20241205,20241205,RJ,5869
58370094,0001,1,DOCTORFIT CURVELO,02,20241206,20241206,MG,4417
58372405,0001,1,EVOLUTION GYM,02,20241206,20241206,PR,7435
58377678,0001,1,SKY FIT SJP,02,20241206,20241206,PR,7885
58380138,0001,1,S TUMA ACADEMIAS,02,20241207,20241207,ES,5703
47712668,0002,2,EVOLUE STUDIO,02,20241208,20241208,SC,8105
48542720,0001,1,NAJOUA SALOMAO PERSONAL,08,20241210,20221108,PR,7535
58388583,0001,1,,08,20250426,20241209,SP,6921
58389777,0001,1,,02,20241209,20241209,MG,5041
54924302,0001,1,MONSTER RED ACADEMIA,02,20240429,20240429,SC,0888
58395664,0001,1,MD FITNESS,02,20241209,20241209,RS,8791
13396172,0035,2,,02,20241209,20241209,RS,8801
58398774,0001,1,NOVA FIT,02,20241209,20241209,SP,7107
58404830,0001,1,GARAGEM MAROMBA,02,20241210,20241210,PR,7769
58409084,0001,1,CROSS TANK,02,20241210,20241210,SC,8105
58419159,0001,1,7ZSTRONGFITNESS,08,20251119,20241211,MG,4409
58420964,0001,1,MOVFIT CT ACADEMIAS,02,20241211,20241211,PA,0535
58421592,0001,1,CRETA ACADEMIA,02,20241211,20241211,PA,0483
58423111,0001,1,,02,20241211,20241211,PR,7777
24746974,0002,2,LION HARD,02,20241211,20241211,PI,1219
53722802,0001,1,BABALUNA YOGA,08,20241219,20240130,SC,8105
54311072,0001,1,MJ FITNESS,02,20240313,20240313,RN,1761
58435891,0001,1,ACADEMIA ESCULTURA DO CORPO,02,20241212,20241212,MA,0160
58437417,0001,1,,02,20241212,20241212,SP,7099
58440610,0001,1,A10 PRIMAVERA,02,20241212,20241212,AL,2705
58441717,0001,1,SINTAH COMPANHIA DE ACADEMIAS,02,20241212,20241212,SP,6291
58442015,0001,1,ACADEMIA BLACK FITT,08,20251024,20241212,GO,9221
58443087,0001,1,LEDO FERRAZ PERFORMANCE,02,20241212,20241212,BA,3885
58445640,0001,1,WORLD GYM SAMAMBAIA SUL,02,20240923,20240923,DF,9701
58449488,0001,1,CAMILA MARTINS CENTRO DE TREINAMENTO,02,20241213,20241213,SC,8349
58452234,0001,1,GB FIT,02,20241213,20241213,SP,6969
58453672,0001,1,,02,20241213,20241213,PR,7691
58458218,0001,1,,02,20241213,20241213,MA,0909
58479564,0001,1,,02,20241216,20241216,SP,7107
58484516,0001,1,ACADEMIA ISAFITNESS,08,20260106,20241217,RN,1775
58484903,0001,1,ACADEMIA SPA,02,20241217,20241217,SC,0944
58485207,0001,1,CONDITION FITNESS CONSELHEIRO LAFAIETE,02,20241217,20241217,MG,4365
58489289,0001,1,TROPA PRO FIT BOX TRAINING,02,20241217,20241217,SP,6163
58493823,0001,1,+ ATIVO PILATES E FISIOTERAPIA,02,20241217,20241217,SP,6475
58510169,0001,1,CORRERIA 83,02,20241218,20241218,PB,2117
58513767,0001,1,MB FIT ACADEMIA,02,20241219,20241219,AL,2701
58526398,0001,1,EP ESTUDIO TREINAMENTO PERSONALIZADO,02,20241220,20241220,BA,3337
57559168,0002,2,DYNAFIT ACADEMIA DE GINASTICA,02,20241220,20241220,MG,4309
58532362,0001,1,FELLIPE BRAZ PERFORMANCE,08,20260220,20241220,SP,7107
58534987,0001,1,BAR DO MOIADO,02,20241220,20241220,MG,4085
58543139,0001,1,RESENHA BOX,02,20241223,20241223,MG,5049
58546025,0001,1,STUDIO JADY LUIZA,02,20241223,20241223,MG,4005
58556504,0001,1,GIGIO FITNESS,02,20241226,20241226,RJ,5853
58560738,0001,1,ACADEMIA CRISTAL FITNESS,02,20241226,20241226,BA,3013
57319136,0001,1,STETIC WF,02,20240917,20240917,MA,0723
58576274,0001,1,ACADEMIA DAVIDSON NOGUEIRA,02,20241229,20241229,MG,4123
58580851,0001,1,CENTER GYM,02,20241230,20241230,RO,0003
58581231,0001,1,MOVITA PILATES STUDIO,02,20241230,20241230,SC,8047
58581334,0001,1,JADSON SOUZA PERSONAL TRAINER,02,20241230,20241230,RS,8693
58583136,0001,1,STUDIO DO MOVIMENTO,02,20241230,20241230,RS,8589
58415649,0001,1,SUPERFIT ACADEMIA,02,20241210,20241210,MG,0570
58590172,0001,1,CORPUS FIT ACADEMIA,08,20250925,20250101,RO,0013
58595697,0001,1,UP FITNESS,02,20250102,20250102,SE,3105
58596973,0001,1,ACADEMIA TRIBO,02,20250102,20250102,PA,0433
58612852,0001,1,CONEXAO RITMICA,02,20250103,20250103,DF,9701
58614631,0001,1,LB CROSS TRAINING,02,20250103,20250103,MG,4939
58618429,0001,1,NOVA FIT,02,20250103,20250103,SP,7107
58643931,0001,1,JOAO AZEVEDO CONDICIONAMENTO FISICO,02,20250106,20250106,SC,8161
57766460,0001,1,RMC FIT ACADEMIA,02,20241021,20241021,SP,7107
58664355,0001,1,QUALITY LIFE PILATES E FISIOTERAPIA,08,20251222,20250107,MG,4387
58678034,0001,1,GERHARDT STUDIO PERSONAL - UMARIZAL,02,20250107,20250107,PA,0427
58686716,0001,1,,02,20250108,20250108,SC,8083
58687752,0001,1,I9 EMPREENDIMENTOS,02,20250108,20250108,AM,0215
24395830,0018,2,,02,20250108,20250108,PR,7583
58697389,0001,1,ISAIAS FITNESS,02,20250108,20250108,PI,1097
58709806,0001,1,,02,20250108,20250108,SP,7077
58719158,0001,1,,02,20250109,20250109,RJ,6001
58722644,0001,1,CT FALCAO LTDA,02,20250109,20250109,SC,5537
58731083,0001,1,,02,20250109,20250109,PR,7629
58744059,0001,1,ZATTAR TREINADOR DE ALTA PERFORMANCE,02,20250109,20250109,SC,8105
07594978,0644,2,,02,20241114,20241114,RS,8801
48462859,0001,1,CRIS MATOS NATACAO E PILATES,02,20221031,20221031,BA,3909
58780379,0001,1,,02,20250111,20250111,CE,1535
58802782,0001,1,PH ACADEMIA E SUPLEMENTOS,02,20250113,20250113,RN,1761
58816302,0001,1,GLADIADOR FITNESS,02,20250113,20250113,RJ,5901
58825713,0001,1,PILAR - STUDIO DE SAUDE INTEGRAL,02,20250113,20250113,MA,0921
58836699,0001,1,"PERFORMANCE ACADEMIA,",02,20250114,20250114,MG,5091
54401361,0001,1,STUDIO ANTONIO CARVALHO PERSONAL TRAINER,02,20240320,20240320,PI,1029
58853913,0001,1,MOUVE PILATES E FISIOTERAPIA,08,20251113,20250114,RN,1761
58859989,0001,1,CT ATIVA FUNCIONAL,02,20250114,20250114,MG,4755
58860171,0001,1,REVIVA,02,20250114,20250114,MG,4637
58861353,0001,1,LIVE HEALTHY SP,02,20250114,20250114,SP,7107
45814260,0001,1,ACADEMIA FALCON,02,20220328,20220328,PE,2301
58874895,0001,1,CROSSFIT CF,02,20250115,20250115,AL,2785
58876157,0001,1,CENTRO DE TREINAMENTO LT FITNESS,02,20250115,20250115,MA,0204
26625454,0003,2,,02,20250115,20250115,SP,7107
58894647,0001,1,SCHAFFER STUDIO SAUDE,02,20250115,20250115,RS,8589
58896617,0001,1,ACADEMIA KORPUSS,02,20250115,20250115,RS,5773
58897629,0001,1,CORE&ACAO,02,20250115,20250115,SP,7107
58899405,0001,1,A CASA DO CORREDOR,02,20250115,20250115,SP,6897
58901103,0001,1,NOVO SHAPE ACADEMIA,02,20250115,20250115,RR,0301
58905808,0001,1,,08,20250627,20250115,RO,0009
58584162,0001,1,PULSE NOVA ESPERANCA,04,20260522,20241230,SP,6219
58911799,0001,1,NEFERTITE FITNES,08,20250227,20250116,CE,1421
58912355,0001,1,ACADEMIA HARD LTDA,02,20250116,20250116,PR,7583
58913119,0001,1,KL FITNESS,02,20250116,20250116,GO,9425
58914287,0001,1,ACADEMIA ESPACO METABOLIC,02,20250116,20250116,MG,4107
58920672,0001,1,CT NOKA,02,20250116,20250116,PE,2433
58926549,0001,1,ESPACO VIDA FITNESS,02,20250116,20250116,PE,2343
58927839,0001,1,,02,20250116,20250116,SP,6219
58935292,0001,1,ACADEMIA IRON COAST 2 LTDA,02,20250117,20250117,SP,7115
58935697,0001,1,LAYLA BARROS PERSONAL TRAINER,02,20250117,20250117,CE,1389
58935962,0001,1,3D FITNESS,02,20250117,20250117,SP,6291
58937169,0001,1,MOVE ON,02,20250117,20250117,SP,7107
58940595,0001,1,ACADEMIA ATHLETICFIT,02,20250117,20250117,PA,0547
57316601,0001,1,GO FITNESS,08,20250117,20240917,SP,6699
58949035,0001,1,TRIADE CT,02,20250117,20250117,BA,3117
58950107,0001,1,,02,20250117,20250117,SC,8259
58950287,0001,1,,02,20250117,20250117,PR,7927
58951386,0001,1,POWER FIT,02,20250117,20250117,MG,0626
58955526,0001,1,SARTER PILATES,02,20250117,20250117,MG,4123
58959802,0001,1,JEFF TREINER,02,20250118,20250118,BA,3849
58960457,0001,1,,02,20250118,20250118,PE,2531
58973390,0001,1,,02,20250120,20250120,SP,7107
58982079,0001,1,STUDIO MC CROSS TRAINING,02,20250120,20250120,TO,9643
58983678,0001,1,,02,20250120,20250120,MG,4973
58997513,0001,1,S3 EMPREENDIMENTOS,02,20250121,20250121,CE,1457
59010767,0001,1,BLACK FIT,02,20250121,20250121,SP,7201
59012347,0001,1,HOME PILATES,02,20250121,20250121,SP,6619
59014488,0001,1,,02,20250121,20250121,SP,7079
59023468,0001,1,,02,20250122,20250122,RJ,5897
59024707,0001,1,ACADEMIA IPE,02,20250122,20250122,TO,9241
59024771,0001,1,,02,20250122,20250122,CE,1353
59026464,0001,1,VIDA FITNESS,02,20250122,20250122,SE,3207
59031223,0001,1,TREINADOR LEONIDAS,02,20250122,20250122,PR,7535
59033867,0001,1,ARENA 11,02,20250122,20250122,GO,9575
59040842,0001,1,NEXUS FIVE FITNESS,02,20250122,20250122,MG,4371
59051718,0001,1,WAKE CROSS TRAINING,02,20250123,20250123,SC,8237
59061629,0001,1,ACADEMIA 2 IRMAOS,02,20250123,20250123,MA,0104
59063605,0001,1,ACADEMIA FORCA FORMA E ACAO,02,20250123,20250123,SP,6789
59064078,0001,1,HIDROFORMA,08,20260417,20250123,PE,2457
59066187,0001,1,ELEVETE STUDIO FITNESS,02,20250123,20250123,RS,8769
59073058,0001,1,,02,20250124,20250124,SP,6511
59076852,0001,1,JEFF TRAINER ASSESSORIA ESPORTIVA ME,02,20250124,20250124,SP,6601
59078016,0001,1,EMAF HEALTHY STUDIO,02,20250124,20250124,PE,2531
59080061,0001,1,LCF PERSONAL,02,20250124,20250124,SP,7107
52728942,0001,1,WOD 31 CROSS TRAINING,02,20231031,20231031,SC,8263
06229391,0005,2,BIOS - CENTRO DE CONDICIONAMENTO FISICO,02,20250124,20250124,RJ,6001
59087870,0001,1,,02,20250124,20250124,SP,6945
59091869,0001,1,JAYNNE NAYARA FUNCIONAL FEMININO,02,20250124,20250124,PE,2551
58672545,0001,1,ACADEMIA MC FITNESS,02,20250107,20250107,SE,3123
59100041,0001,1,STUDIO MAMBA BOXE,02,20250126,20250126,SC,8231
59106064,0001,1,JACI FIT ACADEMIA,02,20250127,20250127,BA,3791
57010756,0001,1,ALTO GIRO STUDIO DE SPINNING,02,20240826,20240826,GO,9633
58439818,0001,1,JK FITNESS,02,20241212,20241212,MA,0921
48985483,0002,2,BODYFIT 2,02,20250127,20250127,BA,3651
59113683,0001,1,,02,20250127,20250127,SP,7107
59115455,0001,1,CENTRO DE TREINAMENTO OLIMPO,02,20250127,20250127,BA,3381
59116690,0001,1,,02,20250127,20250127,SC,8105
59117015,0001,1,STUDIO F PERFORMANCE,02,20250127,20250127,SP,7107
59117076,0001,1,SUPER FIT GYM,02,20250127,20250127,PI,1113
59123282,0001,1,START PLUS CENTRO DE TREINAMENTO PERSONALIZADO,02,20250127,20250127,PR,7905
59128484,0001,1,FITNESS ACADEMY,02,20250127,20250127,CE,1251
59134145,0001,1,STUDIO A PILATES,02,20250128,20250128,GO,9681
59142789,0001,1,TATIANE CAMARGO - STUDIO DE PILATES E FISIOTERAPIA,02,20250128,20250128,PR,7427
59149291,0001,1,,02,20250128,20250128,RS,8771
59156536,0001,1,NINA'S STUDIO FIT,02,20250129,20250129,RN,1759
59158332,0001,1,,02,20250129,20250129,PR,7535
59161801,0001,1,,02,20250129,20250129,RS,8801
59171727,0001,1,ESTUDIO DEBORA SOUZA,02,20250129,20250129,MG,4123
59171852,0001,1,STUDIO BIANCA GODOY,02,20250129,20250129,SP,6887
59182544,0001,1,NOVA ACAO ACADEMIA LTDA,08,20260306,20250130,SP,6427
59185446,0001,1,FLOW HIVE ACADEMIAS,02,20250130,20250130,SC,8093
59188766,0001,1,STUDIO RENOVA PILATES,08,20260304,20250130,SE,3105
59188980,0001,1,,02,20250130,20250130,SP,7057
59189834,0001,1,SODRE TEAM,02,20250130,20250130,SP,6249
59198414,0001,1,,08,20260120,20250130,RS,8801
59201759,0001,1,MAX LIFE STUDIO PERSONAL,02,20250130,20250130,SP,6109
59204567,0001,1,L T EMPREENDIMENTOS,02,20250130,20250130,RN,1787
48052069,0001,1,B ACADEMIA,02,20240905,20220922,BA,3413
41604804,0002,2,BIG FIT CLUB,08,20260423,20250131,MS,9131
59215775,0001,1,SPACE FIT,02,20250131,20250131,RS,8693
59224621,0001,1,STUDIO DE PILATES,02,20250131,20250131,SP,6669
59227088,0001,1,ACADEMIA SAUDE FIT,02,20250131,20250131,BA,3515
59227848,0001,1,SUPREMA GYM,02,20250131,20250131,SP,6323
59240658,0001,1,MOVE ON,02,20250203,20250203,RJ,6001
59242795,0001,1,ACADEMIA POWERFIT,02,20250203,20250203,MG,4011
59247679,0001,1,PROJETO VIDA,02,20250203,20250203,MG,4123
59253539,0001,1,,08,20260612,20250203,SP,7057
59262215,0001,1,PURE PILATES,02,20250203,20250203,SP,6219
59279304,0001,1,,02,20250204,20250204,RN,1761
59286932,0001,1,COACH CARLAO,02,20250204,20250204,MG,5049
59291298,0001,1,CROSSFIT CTF,02,20250204,20250204,BA,3833
59295622,0001,1,ACADEMIA BRASIL NOVO,02,20250205,20250205,AP,0605
59298209,0001,1,GB FITNESS,02,20250205,20250205,PR,7587
59299604,0001,1,PERSONAL STUDIO ELITTE,02,20250205,20250205,PA,0411
59300656,0001,1,,02,20250205,20250205,SP,6619
59301384,0001,1,,02,20250205,20250205,SP,6475
59301733,0001,1,WILLIAM RAFAEL DUTRA,02,20250205,20250205,SC,8105
59304856,0001,1,,02,20250205,20250205,BA,3515
59310819,0001,1,THE BLACK'S THAI,02,20250205,20250205,MG,4959
59317235,0001,1,QUALI VIDA ACADEMIA,02,20250206,20250206,RJ,6001
59317268,0001,1,,02,20250206,20250206,RS,8853
59319230,0001,1,MILENE MARCIA,02,20250206,20250206,MG,4235
59322316,0001,1,,02,20250206,20250206,SP,7107
59322467,0001,1,PERSONAL JULLYHANDRO,02,20250206,20250206,GO,9373
59323693,0001,1,ESPORTE FABRIK,02,20250206,20250206,GO,9227
59340282,0001,1,CT LIONCROSS,02,20250207,20250207,GO,9439
59344046,0001,1,TEAM FOCADOS,02,20250207,20250207,MA,0947
59344668,0001,1,KM FIT,02,20250207,20250207,MG,5415
59345745,0001,1,ELITE GYM,02,20250207,20250207,MG,4239
59346400,0001,1,,02,20250207,20250207,PR,7535
57547518,0001,1,RITCHIL BRITO ASSESSORIA ESPORTIVA,02,20241003,20241003,SE,3105
59349336,0001,1,MAYCON REGAZZO DE MELO,02,20250207,20250207,SP,6875
59351657,0001,1,,02,20250207,20250207,SP,6689
59359865,0001,1,,02,20250207,20250207,SP,7107
59371136,0001,1,POWER GYM,02,20250210,20250210,MG,4799
14863783,0002,2,BODYTECH HADDOCK LOBO,08,20250502,20250210,RJ,6001
59374627,0001,1,LOVE FITNESS,02,20250210,20250210,SE,3105
59379969,0001,1,KEEP TRAINING,02,20250210,20250210,SP,7107
48565426,0001,1,STUDIO PERFORMANCE,02,20221109,20221109,MT,0125
59387070,0001,1,,02,20250210,20250210,PR,7435
59391423,0001,1,,02,20250210,20250210,SP,7107
59404405,0001,1,TOKA FITNISS,02,20250211,20250211,MG,4103
59405620,0001,1,ONFITNESS,02,20250211,20250211,MG,4123
59414398,0001,1,WE PILATES,02,20250211,20250211,SP,7107
59418740,0001,1,YELL FORCE,02,20250212,20250212,MG,4123
07594978,0673,2,,02,20250212,20250212,RN,1761
59422409,0001,1,ACADEMIA ACTION,02,20250212,20250212,MS,9051
59422714,0001,1,ACADEMIA IMPERIO GOLD,02,20250212,20250212,CE,1365
59425580,0001,1,C.T. CLEAN FOODS,02,20250212,20250212,SP,6219
59428662,0001,1,ACADEMIA DEFITNESS,02,20250212,20250212,SP,6477
55070399,0001,1,,02,20240509,20240509,SP,7107
59440828,0001,1,ASSESSORIA ESPORTIVA MAIS SAUDE MAIS VIDA,02,20250212,20250212,SP,6371
59441837,0001,1,ACADEMIA CORPO E SAUDE,02,20250213,20250213,DF,9701
59459343,0001,1,ACADEMIA ALPHA FITNESS,02,20250213,20250213,PE,2521
59460203,0001,1,VITOR VAREJAO PERSONAL TRAINER,02,20250213,20250213,SP,6727
59466810,0001,1,LUCIANA HERRERA PILATES E TREINAMENTO FUNCIONAL,02,20250214,20250214,MT,9151
59468248,0001,1,TERRITORIO FIT ACADEMIA & CROSS,02,20250214,20250214,ES,5703
59480819,0001,1,,02,20250214,20250214,SP,7273
59481811,0001,1,ATTIVOS STUDIO PERSONAL,02,20250214,20250214,AP,0605
59483277,0001,1,PRATIQUE + SOLUCOES ESPORTIVAS,02,20250214,20250214,SC,8221
13977838,0004,2,LIVING FITNESS,02,20250216,20250216,SC,8179
59494812,0001,1,,02,20250217,20250217,RN,1779
59501760,0001,1,ESTUDIO VIDA EM MOVIMENTO,02,20250217,20250217,RJ,5901
59504587,0001,1,CACTOS CROSS,02,20250217,20250217,RN,1639
48142455,0001,1,GA ACADEMIA,02,20220930,20220930,MS,9051
59513318,0001,1,,02,20250217,20250217,SP,6795
59514199,0001,1,WCF PILATES,02,20250217,20250217,PB,1981
59514408,0001,1,FRATELLI SPORTS,02,20250217,20250217,SP,7107
59517057,0001,1,EM PERSONAL TRAINER,02,20250218,20250218,SP,7107
59521182,0001,1,,02,20250218,20250218,SP,7107
59524406,0001,1,,02,20250218,20250218,RJ,6001
59534371,0001,1,FG TREINOS PERSONALIZADOS,02,20250218,20250218,SP,7107
59540489,0001,1,,08,20260519,20250219,MG,4877
59546202,0001,1,PERFORMANCE ACADEMIA,02,20250219,20250219,PA,0533
59551038,0001,1,O BASICO FUNCIONA,02,20250219,20250219,BA,3533
59555394,0001,1,,02,20250219,20250219,MG,4417
59557345,0001,1,SAUDE FACIL FITNESS,02,20250219,20250219,MG,4123
59559793,0001,1,,08,20250728,20250219,SP,7107
59560282,0001,1,ANIMA STUDIO PILATES,02,20250219,20250219,SC,8081
59561206,0001,1,FORCA TOTAL ACADEMIA,02,20250219,20250219,SC,8189
59563686,0001,1,,08,20251125,20250220,MG,4733
59564748,0001,1,PHD ACADEMIA CAMPINA GRANDE,02,20250220,20250220,PB,1981
59571728,0001,1,VANDERSON JUNIO PERSONAL TRAINER,02,20250220,20250220,GO,9373
59572403,0001,1,GYM KIDS,02,20250220,20250220,PE,2337
59575709,0001,1,BOX 3008 CROSS,02,20250220,20250220,SP,6969
59577088,0001,1,ACADEMIA ARTES E EVENTOS SPACOVILLE,02,20250220,20250220,GO,9373
59577761,0001,1,NEWVIBE,02,20250220,20250220,PR,7493
59581213,0001,1,GE7 ESPORTES,02,20250220,20250220,SC,8105
59584495,0001,1,EMILI BORSOI PERSONAL TRAINER,02,20250221,20250221,SC,8081
59599229,0001,1,CT HAMMER,02,20250221,20250221,MG,5293
57336929,0001,1,SKY FIT GOIANIRA,02,20240918,20240918,GO,9375
59605278,0001,1,SUPERACAO,02,20250222,20250222,RS,7399
59606854,0001,1,HIGOR CRISTHIAN CONSULTORIAS,02,20250222,20250222,PA,0441
59611850,0001,1,PRO FITNNES,02,20250223,20250223,RS,8853
59617509,0001,1,,08,20260415,20250224,SP,7107
59619545,0001,1,,02,20250224,20250224,PR,7535
59627478,0001,1,,02,20250224,20250224,MG,4123
59628310,0001,1,"TEART - MOVIMENTO QUE INSPIRA, DESPERTANDO POTENCIAIS.",02,20250224,20250224,MS,9051
59637536,0001,1,,02,20250225,20250225,RJ,6001
59638267,0001,1,INSTITUTO GESTARE - FISIOTERAPIA PELVICA E PILATES,02,20250225,20250225,GO,9445
59641284,0001,1,PERSONAL LUANNA,02,20250225,20250225,SP,7071
59643824,0001,1,,02,20250225,20250225,SP,6969
59653054,0001,1,NANZER CONSULTORIA ESPORTIVA,02,20250225,20250225,SP,6587
59659389,0001,1,VOE CROSS,02,20250225,20250225,GO,9373
59330873,0001,1,ESPACO EQUILIBRATES,02,20250206,20250206,RJ,6001
59064075,0001,1,,02,20250123,20250123,SP,7231
59661043,0001,1,ACTIVITY ACADEMIA PLATINUM,02,20250226,20250226,RJ,6001
59661575,0001,1,ACTION 360,02,20250226,20250226,SP,7099
59664660,0001,1,ESTUDIO DE MUSCULACAO STE,02,20250226,20250226,MG,4123
59665367,0001,1,BOX86,02,20250226,20250226,MT,9863
59665808,0001,1,,02,20250226,20250226,PR,7885
59666697,0001,1,GR TREINAMENTO PERSONALIZADO,02,20250226,20250226,SP,7107
59669243,0001,1,WIP,02,20250226,20250226,SP,6305
59678628,0001,1,BIG GYM,02,20250226,20250226,MS,9051
59678956,0001,1,BIG GYM,02,20250226,20250226,MS,9051
59679631,0001,1,HARMOS,02,20250226,20250226,PR,7535
54943160,0001,1,CORE ESTUDIO DE PILATES,02,20240430,20240430,PR,7535
59687698,0001,1,,02,20250227,20250227,PR,7535
59689956,0001,1,TR3S FIT,02,20250227,20250227,RS,8901
59690850,0001,1,THAIS LARA SAUDE E QUALIDADE DE VIDA LTDA,02,20250227,20250227,SP,6789
59695307,0001,1,JS TREINAMENTOS,02,20250227,20250227,RS,1174
59697819,0001,1,,02,20250227,20250227,MG,5413
59698107,0001,1,ATRIUM ACADEMIA,02,20250227,20250227,MA,0961
07594978,0680,2,,02,20250227,20250227,SP,7071
59702207,0001,1,TATIANE MELLO ESPORTES,02,20250227,20250227,SP,7107
59703699,0001,1,DONNA PILATES COMERCIO,02,20250227,20250227,SP,7157
59710207,0001,1,MBK TREINAMENTO,02,20250228,20250228,SC,8105
59711973,0001,1,BOX ZERO2,02,20250228,20250228,GO,9473
59712748,0001,1,IRYS LEDRA SAUDE E PERFORMANCE LTDA,02,20250228,20250228,GO,9373
59718101,0001,1,LEGION ELITE ACADEMY,02,20250228,20250228,RS,8589
59741664,0001,1,ARAGUAIA FIT,02,20250305,20250305,GO,9769
51843152,0001,1,ESPACO MAIS SAUDE,02,20230817,20230817,BA,3021
59747849,0001,1,STUDIO VS,02,20250305,20250305,MG,4885
59749652,0001,1,EFATA MUSCULACAO E HIDROGINASTICA,08,20260506,20250305,MG,5343
59749738,0001,1,,02,20250305,20250305,PR,7525
51095025,0002,2,,02,20250305,20250305,SP,7075
59751557,0001,1,AF FITNESS,02,20250305,20250305,CE,1361
59753173,0001,1,CTMKFIT1,02,20250305,20250305,AL,2727
59552874,0001,1,STUDIO ESTHER ROCHA,08,20260306,20250219,RJ,5883
59759584,0001,1,BODYFIT CAEM,02,20250306,20250306,BA,3401
59760712,0001,1,AC SAUDE,02,20250306,20250306,BA,3485
59769618,0001,1,,02,20250306,20250306,RJ,6001
41186391,0002,2,MEGA FORMA,02,20250306,20250306,AM,0255
59770315,0001,1,,02,20250306,20250306,SP,6831
59771244,0001,1,BOX TIROL,02,20250306,20250306,RN,1761
59778284,0001,1,AURA FIT,02,20250307,20250307,RS,8847
59780639,0001,1,ACADEMIA SANCHES COMPANY,02,20250307,20250307,SP,7077
59785995,0001,1,CENTRO DE TREINAMENTO FILLIPE COELHO,02,20250307,20250307,SP,6969
59791375,0001,1,ATTIVITA,02,20250307,20250307,DF,9701
59791550,0001,1,,02,20250307,20250307,SP,7107
53010707,0002,2,,02,20250307,20250307,MT,9067
59795176,0001,1,U FIT ACADEMIA,02,20250307,20250307,SC,8163
59795913,0001,1,F T FITNESS,02,20250307,20250307,CE,1389
54167534,0001,1,STUDIO LUIZA VINOTTI DE GINASTICA ARTISTICA,02,20240304,20240304,SC,8161
59808205,0001,1,ZENFIT ACADEMY,02,20250310,20250310,PA,0529
59808413,0001,1,,02,20250310,20250310,SP,6969
59809610,0001,1,PRO FIT ACADEMIA,02,20250310,20250310,MT,9911
59811629,0001,1,ACADEMIA SOARES FITNESS,02,20250310,20250310,BA,3071
59812525,0001,1,STRONG FITNESS ACADEMIA,02,20250310,20250310,AL,2785
59812593,0001,1,,02,20250310,20250310,SP,7109
31834358,0043,2,,02,20250310,20250310,GO,9373
59821449,0001,1,POWER MOUNTAIN,02,20250310,20250310,ES,5727
59823144,0001,1,,02,20250310,20250310,RS,8853
59830400,0001,1,TIME & LIFE PILATES E BEM-ESTAR,02,20250311,20250311,PB,1981
59836042,0001,1,POWER GYM,08,20260130,20250311,PA,0054
57810593,0002,2,PANOBIANCO PERUIBE,02,20250311,20250311,SP,6853
59843236,0001,1,,02,20250311,20250311,PR,7535
59846844,0001,1,,02,20250311,20250311,SP,6527
59849209,0001,1,SHAPE FITNESS,02,20250311,20250311,AM,0255
59855157,0001,1,ACADEMIA EFITNESS,02,20250312,20250312,CE,1423
53114458,0001,1,ESPACO FITNESS,02,20231206,20231206,PR,7421
58490878,0001,1,ESTUDIO DE ARTES MARCIAIS E MUSCULACAO EQUIPE ROCHA,02,20241217,20241217,GO,9289
59857793,0001,1,,02,20250312,20250312,RJ,5869
59858065,0001,1,,02,20250312,20250312,AL,2785
59858137,0001,1,SG ASSESSORIA ESPORTIVA,08,20260327,20250312,PB,2051
59864625,0001,1,BOX DE CROSS TRAINING SPIPE CALARGE,02,20250312,20250312,MS,9051
59866412,0001,1,+3 ACADEMIA,02,20250312,20250312,SC,8131
59866447,0001,1,FLEXIBILIZE PILATES,02,20250312,20250312,PR,7535
59874703,0001,1,,02,20250312,20250312,SP,7107
52055791,0001,1,,02,20230903,20230903,SP,7245
59879666,0001,1,TRIADE - MOVIMENTE-SE COM PROPOSITO,02,20250313,20250313,PR,7991
59881465,0001,1,VITAE STUDIO DE PILATES E FUNCIONAL,08,20250703,20250313,MG,5403
59882488,0001,1,BODY GYM,02,20250313,20250313,PR,7573
59882651,0001,1,ALONGA PILATES,02,20250313,20250313,SP,6875
59888804,0001,1,ANDRESSA SILVANO TRAINEER,02,20250313,20250313,RS,8801
56770459,0001,1,MUDE CENTRO DE TREINAMENTO,02,20240814,20240814,RS,8501
59894229,0001,1,OKA FITNESS,02,20250313,20250313,AP,0605
59898135,0001,1,,02,20250314,20250314,MG,5027
59902305,0001,1,MYWAY STUDIO,02,20250314,20250314,PR,7435
21543725,0002,2,,02,20250314,20250314,SP,6181
59909295,0001,1,,02,20250314,20250314,MG,4133
59926638,0001,1,LEADERSHIP FITNESS,02,20250317,20250317,MA,0837
59927261,0001,1,W. S. ESPACO FITNESS,02,20250317,20250317,MT,0099
59928746,0001,1,,02,20250317,20250317,SP,6511
59937791,0001,1,SPAFIT,02,20250317,20250317,PE,2489
33129064,0002,2,ART MUSCLE ACADEMIA,02,20250317,20250317,PE,2549
59942878,0001,1,7 PILLATES STUDIO,02,20250317,20250317,SP,7157
44926531,0001,1,HELITE,02,20220119,20220119,SC,8265
59947321,0001,1,SWIM TIME,02,20250318,20250318,RN,1761
59947485,0001,1,BELA FORMA STUDIO,02,20250318,20250318,DF,9701
59950460,0001,1,MALIBU,02,20250318,20250318,SP,6929
59955439,0001,1,MATEUS OLIVEIRA PERSONAL TRAINER,02,20250318,20250318,RN,1779
59959579,0001,1,ZERO3 PRO,02,20250318,20250318,SP,7107
54872701,0001,1,ENIRAK LEE FIGHT FITNESS,08,20250325,20240424,MG,4877
59965092,0001,1,ELCIMAR VILELA JR,02,20250318,20250318,GO,9413
22902694,0134,2,,02,20250319,20250319,MA,0921
59987245,0001,1,ACADEMIA PERGAMUS FITNESS,02,20250319,20250319,MT,9151
59990865,0001,1,@STUDIO PRO GYM FITNESS,02,20250320,20250320,MG,4123
59992038,0001,1,STUDIO SAUDE E PERFORMANCE,02,20250320,20250320,SP,6647
59994018,0001,1,,02,20250320,20250320,PR,7535
59083233,0001,1,,02,20250124,20250124,ES,5655
59999717,0001,1,,02,20250320,20250320,ES,5629
60001099,0001,1,PLANET FITNESS,02,20250320,20250320,GO,9281
60001822,0001,1,ATMOSFERA ACADEMIA - PERSONAL,02,20250320,20250320,MT,9907
60016841,0001,1,,02,20241125,20241125,RS,8541
46539451,0001,1,BOX LEON CENTRO DE TREINAMENTO,02,20220525,20220525,DF,9701
60021197,0001,1,PRIME FISIO,02,20250321,20250321,RJ,5865
60024526,0001,1,STUDIO BODY FIT LTDA,02,20250321,20250321,MG,0722
60027312,0001,1,,02,20250321,20250321,RJ,5869
60028853,0001,1,,02,20250321,20250321,SP,7131
60036677,0001,1,JR PERSONAL,02,20250322,20250322,SP,7237
60045526,0001,1,REIS CORP ACADEMIA,02,20250324,20250324,GO,1066
60054334,0001,1,V3FIT,02,20250324,20250324,GO,9373
60064721,0001,1,BODY FITNESS,02,20250325,20250325,RJ,5901
50046756,0002,2,RACE BOOTCAMP,02,20250325,20250325,MG,4123
07594978,0703,2,,02,20250325,20250325,RJ,5865
07594978,0705,2,,02,20250325,20250325,RJ,5869
60082951,0001,1,NBFITNESS,02,20250325,20250325,SP,6219
59780352,0001,1,,02,20250307,20250307,MG,4123
60091230,0001,1,ALLP FIT ACADEMIA,02,20250326,20250326,PB,1981
60094343,0001,1,CROSS GANDU,02,20250326,20250326,BA,3523
60102838,0001,1,BODYWORKS,02,20250326,20250326,MG,4371
60120833,0001,1,,02,20250327,20250327,RS,8755
60121470,0001,1,ACADEMIA VITORIA,02,20250327,20250327,GO,1074
60121982,0001,1,STORGE CROSS TRAINING LTDA,02,20250327,20250327,MG,4625
60124284,0001,1,HIIT LIVE IT ORLA,02,20250327,20250327,TO,9733
60124659,0001,1,IN - CENTRO ESPORTIVO,02,20250327,20250327,MG,4477
60129361,0001,1,,02,20250327,20250327,PE,2513
60134182,0001,1,QUALIFIT CENTRO DE SAUDE & BEM-ESTAR,02,20250328,20250328,SP,6345
60140904,0001,1,,02,20250328,20250328,RJ,5819
60146557,0001,1,MOVVA PILATES,02,20250328,20250328,GO,9373
60161093,0001,1,EQUILIBRIO ESPACO PILATES,02,20250331,20250331,SP,6225
60166419,0001,1,TEMPLE GYM,02,20250331,20250331,ES,5625
60167221,0001,1,,02,20250331,20250331,SP,6291
60171775,0001,1,,02,20250331,20250331,PR,7607
55778273,0001,1,SC FITNESS,02,20240703,20240703,PE,2549
60180570,0001,1,SKYFIT,02,20250401,20250401,RJ,5853
60182481,0001,1,"EPICO, EXERCICIO, SAUDE E REABILITACAO.",02,20250401,20250401,MT,9067
60183645,0001,1,BODYLYFETEAM,02,20250401,20250401,RN,1761
60184955,0001,1,ACADEMIA MKV FIT,02,20250401,20250401,SP,6745
60192113,0001,1,,02,20250401,20250401,PR,7535
60192449,0001,1,ASMETT,02,20250401,20250401,DF,9701
60207159,0001,1,TOP SHAPE FITNESS ACADEMIA,02,20250402,20250402,MG,4601
60208620,0001,1,A+ FIT,02,20250402,20250402,SP,6291
60223315,0001,1,,02,20250402,20250402,SP,7115
60228779,0001,1,DELAS FIT,02,20250403,20250403,PA,0373
60230462,0001,1,,02,20250403,20250403,RJ,6001
60236318,0001,1,KATHLEEN TREINAMENTO FEMININO,02,20250403,20250403,SP,7145
60237186,0001,1,,02,20250403,20250403,SP,6291
60238814,0001,1,,02,20250403,20250403,SP,6269
27157503,0002,2,STUDIO JUNIA GUIMARAES,02,20250403,20250403,MG,4865
60239287,0001,1,TL HEALTH & FITNESS,02,20250403,20250403,SP,7099
60250253,0001,1,MEGA TREINO ACADEMIA,02,20250404,20250404,RO,0683
60251065,0001,1,PANOBIANCO,02,20250404,20250404,DF,9701
60252183,0001,1,STUDIO VOLL ACLIMACAO,02,20250404,20250404,SP,7107
60253656,0001,1,,02,20250404,20250404,PR,7535
60254849,0001,1,STUDIO META FITNESS,02,20250404,20250404,RS,8713
60257207,0001,1,MG TRANSPORTES,02,20250404,20250404,PB,1987
60259232,0001,1,DC PERSONAL TRAINER,02,20250404,20250404,SP,6213
60266917,0001,1,,02,20250405,20250405,ES,5629
59666155,0001,1,,02,20250226,20250226,RJ,5865
60273698,0001,1,CORPO E SAUDE CEU AZUL,02,20250407,20250407,GO,1066
60279597,0001,1,MB FITNESS,02,20250407,20250407,AP,0607
60283039,0001,1,ORLA 67,02,20250407,20250407,MS,9073
60289391,0001,1,CV STUDIO,02,20250407,20250407,MG,5083
60292237,0001,1,ESPACO MOVITA,02,20250407,20250407,MS,9073
60299111,0001,1,DELTA ACADEMIA,02,20250408,20250408,ES,5623
60301134,0001,1,,02,20250408,20250408,SP,6219
60301625,0001,1,PEDALMOOVE STUDIO,02,20250408,20250408,RJ,6001
60302525,0001,1,ULTRA ACADEMIA SANTO ALBANO,02,20250408,20250408,SP,7107
60305910,0001,1,LIVON SERVICOS DE SAUDE E BEM ESTAR,02,20250408,20250408,DF,9701
60308070,0001,1,ACADEMIA PRO FORMA,02,20250408,20250408,PA,0373
60308792,0001,1,ALDEIA FITNESS E PERFORMANCE,08,20250812,20250408,SP,7107
60313171,0001,1,,02,20250408,20250408,SP,7107
60317901,0001,1,NOVA GYM ACADEMIA,02,20250409,20250409,PI,1061
60322507,0001,1,GLAUBER NUTRI GYM,02,20250409,20250409,PI,1159
56037545,0002,2,,02,20250409,20250409,RJ,6001
60323955,0001,1,ACADEMIA VIDA FIT NUTRITION,02,20250409,20250409,AP,0605
53456722,0002,2,STUDIO VOLL,02,20250409,20250409,RO,0013
60330349,0001,1,,02,20250409,20250409,SP,7265
60331806,0001,1,OMEGA FITNESS,02,20250409,20250409,PE,2463
60335550,0001,1,STUDIO NOOR PILATES E YOGA,02,20250409,20250409,PR,7535
60339836,0001,1,GF BIO FORMA,02,20250410,20250410,SC,5539
60347843,0001,1,DAMONILE KIDS FUN,02,20250410,20250410,SP,6969
45062389,0002,2,CTGA DYANA SILVA,02,20250410,20250410,MT,9067
50758649,0001,1,FA SPORTS,02,20230521,20230521,PE,2531
60364011,0001,1,COMPLEXO ESPORTIVO MAA,02,20250411,20250411,GO,9211
60368817,0001,1,,02,20250411,20250411,MG,4123
60372575,0001,1,SUPER DELAS ACADEMIA,02,20250411,20250411,SC,8089
60378591,0001,1,,02,20250412,20250412,AM,0255
60386921,0001,1,SKYFIT ACADEMIA,02,20250414,20250414,MA,0793
60387959,0001,1,CROSS NUTRITION BOX PITANGUEIRAS- LF LTDA,02,20250414,20250414,BA,3685
60394736,0001,1,RENAN LINS FITNESS,02,20250414,20250414,RS,8511
60400097,0001,1,GYM FITNESS,02,20250414,20250414,PI,0995
60407674,0001,1,VIVA +,02,20250415,20250415,MG,5425
60411068,0001,1,PILATES FITNESS,02,20250415,20250415,BA,3579
60293995,0002,2,LIFEFIT,08,20260519,20250415,SC,8105
60422221,0001,1,FORMA FITNESS CENTRO DE TREINAMENTO LTDA,02,20250415,20250415,GO,9373
60143157,0001,1,FER PILATES STUDIO,02,20250328,20250328,BA,3379
60428971,0001,1,,02,20250416,20250416,MG,5397
60436589,0001,1,MOVIMENT CROSS TRAINING,02,20250416,20250416,MG,4123
60446096,0001,1,,02,20250417,20250417,SP,6465
60449896,0001,1,MAIETTO TREINAMENTO PERSONALIZADO,02,20250417,20250417,SP,6219
60453955,0001,1,,02,20250417,20250417,RJ,5869
60454062,0001,1,USMAHN ACADEMIA PERSONALIZADA,02,20250417,20250417,RS,8939
60479371,0001,1,KM GYM CENTRO DE MUSCULACAO,02,20250422,20250422,CE,1585
12183586,0002,2,STUDIO JACKSON LEAL,02,20250422,20250422,BA,3647
60504304,0001,1,SPACE MOVE,02,20250423,20250423,ES,5647
60511610,0001,1,FITNESS CLUBE,02,20250423,20250423,MG,4633
60512502,0001,1,SU MARTINS CONSULTORIA FITNESS,08,20260526,20250423,SC,8355
60522379,0001,1,RAIA SUL,02,20250424,20250424,RS,8801
60524848,0001,1,DOUBLE H,02,20250424,20250424,MG,4123
60531422,0001,1,B SHAPE,02,20250424,20250424,RS,8801
60532908,0001,1,,02,20250424,20250424,MG,5421
60536468,0001,1,IDEAL STUDIO FITNES,02,20250424,20250424,ES,5623
60541764,0001,1,,02,20250425,20250425,CE,1389
60542025,0001,1,RN CROSS,02,20250425,20250425,RN,1837
60549880,0001,1,,02,20250425,20250425,MG,4123
60550827,0001,1,,08,20250505,20250425,RJ,5877
60550901,0001,1,ACADEMIA ULTRA,02,20250425,20250425,GO,1058
60550912,0001,1,ACADEMIA TITANS,02,20250425,20250425,PR,8467
60552253,0001,1,RICCO FIT,08,20250616,20250425,SC,8395
60320368,0001,1,INSPIRE PILATES - SANTA PAULA,02,20250409,20250409,SP,7077
60558148,0001,1,LOVIVER PILATES STUDIO,02,20250426,20250426,SP,7145
60567695,0001,1,BIO HEALTH ACADEMIA,02,20250428,20250428,MG,5035
60574396,0001,1,,02,20250422,20250422,SP,6251
58091484,0002,2,STUDIO LEVEL UP,02,20250428,20250428,SC,8081
60589537,0001,1,ORANGYM FIT,02,20250429,20250429,MA,0757
60594626,0001,1,R1 POWER FITNESS,02,20250429,20250429,SP,7145
60598854,0001,1,,02,20250429,20250429,SP,7107
60600571,0001,1,LIFE ASSESSORIA SIGNATURE,02,20250429,20250429,SE,3105
35644328,0010,2,MOINHOS FITNESS,04,20260605,20250429,RS,8801
60608922,0001,1,MD ALTA PERFORMANCE,02,20250429,20250429,MA,0829
60612737,0001,1,ACADEMIA MAXIMUS,02,20250430,20250430,RJ,5833
60613639,0001,1,MMFISIO,02,20250430,20250430,SP,7107
31951796,0002,2,,02,20250430,20250430,SC,8161
60624904,0001,1,PANOBIANCO GREEN VILLAGE,02,20250430,20250430,SP,6769
60638446,0001,1,ESPACO VALE VERDE,02,20250502,20250502,PB,1975
60662404,0001,1,,02,20250505,20250505,SP,6149
60676790,0001,1,STUDIO ESPACO DO CORPO FISIO & PILATES,02,20250505,20250505,RO,0681
60692965,0001,1,ESTACAO FITNESS,02,20250506,20250506,ES,5699
60697121,0001,1,HILIFE CLUB,02,20250506,20250506,RN,1761
60716520,0001,1,LUCIENE SPORTA - COND FISICO,08,20260206,20250507,SP,6715
60716827,0001,1,,02,20250507,20250507,PR,7535
60717473,0001,1,ELITE FORCE,02,20250507,20250507,RS,8801
16101820,0002,2,CORPO&MENTE,02,20250507,20250507,BA,3829
60735732,0001,1,,02,20250508,20250508,CE,1529
60736586,0001,1,STUDIO MP TRAINING,02,20250508,20250508,RS,8935
60737446,0001,1,CT SPORT FITNESS,02,20250508,20250508,SP,6669
60737685,0001,1,,02,20250508,20250508,SP,6425
60739325,0001,1,ACADEMIA MOVE++,02,20250508,20250508,RS,8791
60742033,0001,1,CENTRO DE TREINAMENTO MOVE,02,20250508,20250508,MG,5139
60747542,0001,1,DSFIT,02,20250509,20250509,AL,2785
60756778,0001,1,FISIOTERAPEUTA FERNANDA BISPO,02,20250509,20250509,SE,3105
07594978,0717,2,,02,20250512,20250512,PR,7667
60784403,0001,1,MZZ MOVEMENT,02,20250512,20250512,RJ,6001
60786576,0001,1,G2 FIT,02,20250512,20250512,BA,3833
60790738,0001,1,CIA FIT,02,20250512,20250512,PE,2531
60793658,0001,1,VELLUS,02,20250513,20250513,MG,4123
45954715,0001,1,,02,20220407,20220407,MG,5343
44411391,0001,1,,02,20211129,20211129,SP,7075
60809517,0001,1,,02,20250513,20250513,SP,6155
60814840,0001,1,,02,20250514,20250514,SP,7119
60829748,0001,1,LIFEZONE,02,20250514,20250514,RN,1837
60846907,0001,1,ATLAS MOVE CT,02,20250515,20250515,PE,2461
60847048,0001,1,,02,20250515,20250515,RJ,5813
60849313,0001,1,PERFORMANCE CT,02,20250515,20250515,MG,4795
60856958,0001,1,ALPHA GYM,02,20250516,20250516,PA,0453
60857011,0001,1,ET GYM,02,20250516,20250516,AL,2747
60859461,0001,1,FORDIUS FITNESS,02,20250516,20250516,PA,0535
60860930,0001,1,ROSANA NERI,02,20250516,20250516,SP,6789
60863227,0001,1,CORPO EM ACAO,02,20250516,20250516,SP,7099
52879171,0001,1,JACKSON AMARAL TREINAMENTO FUNCIONAL,08,20240417,20231113,RS,1020
53007470,0001,1,TEAM ELITE ACADEMIA,08,20250209,20231127,RS,8801
60865357,0001,1,DENIS ACADEMIA EXERCITAR FITNESS,02,20250516,20250516,MG,4973
60865775,0001,1,ORLA DA VILA,02,20250516,20250516,DF,9701
60866020,0001,1,,02,20250516,20250516,SP,7121
27287786,0002,2,,02,20230615,20230615,CE,1389
60868224,0001,1,OLYMPUS FIT,02,20250516,20250516,CE,1349
60499626,0001,1,CENTRO DE TREINAMENTO GYM,02,20250423,20250423,GO,9373
60891070,0001,1,FELTZ PILATES STUDIO,02,20250519,20250519,SP,7145
60897529,0001,1,REV BIKE INDOOR,02,20250519,20250519,BA,3117
60898710,0001,1,,02,20250519,20250519,MG,5029
60909194,0001,1,BIO FITNESS STUDIO,02,20250520,20250520,AL,2763
60913560,0001,1,MORE LIFE ACADEMIA,02,20250520,20250520,SC,8291
58563868,0001,1,STUDIO TH DE PILATES,02,20241227,20241227,RJ,6001
60925932,0001,1,LURRA FITNESS,02,20250521,20250521,MG,5403
60928733,0001,1,CENTRO DE TREINAMENTO E REABILITACAO REMOV,02,20250521,20250521,MG,4147
60928776,0001,1,CIPRIANO PERSONAL TRAINER PREMIUM,02,20250521,20250521,SC,8233
60933491,0001,1,,02,20250521,20250521,MG,5413
44247783,0003,2,STUDIO MEGA FITNESS,02,20250521,20250521,PE,2577
60939805,0001,1,BRAVUS ACADEMIA,02,20250521,20250521,MG,4497
60940414,0001,1,ACADEMIA PASSAPORTEFIT,02,20250521,20250521,TO,9733
60942740,0001,1,YASMIN FONTES,02,20250521,20250521,SP,7107
60944602,0001,1,EXTREME PERSONAL FITNESS,02,20250521,20250521,SP,6637
60947100,0001,1,ALINE BOROSKY PERSONAL TRAINER,02,20250522,20250522,RS,8717
60948091,0001,1,TADEU PAIVA ASSESSORIA ESPORTIVA,02,20250522,20250522,MG,4733
60955809,0001,1,STUDIOMK,02,20250522,20250522,RJ,5889
60958810,0001,1,ACADEMIA SERTAO FITNESS,02,20250522,20250522,PE,2437
60963616,0001,1,ACADEMIA SUPREMA,02,20250522,20250522,PA,0483
60967299,0001,1,ACADEMIA DO PORTAL,02,20250523,20250523,MA,0841
60971864,0001,1,ZEN ACADEMIA PERSONALIZADA,02,20250523,20250523,RS,8815
60979224,0001,1,PRESIDENCIAL STUDIO,02,20250523,20250523,RJ,5813
59377732,0001,1,T&MCONSULTORIA,02,20250210,20250210,SE,3105
58272641,0001,1,AMOV SAUDE E TEREPIAS,02,20241128,20241128,SP,7107
50608885,0001,1,CT CROSS CHIVUNK,02,20230509,20230509,SP,7107
60172718,0001,1,MAX FITNESS CLUB,02,20250331,20250331,MG,4217
13396172,0044,2,,02,20250526,20250526,RS,8771
22902694,0143,2,,02,20250526,20250526,MT,9067
61016011,0001,1,DU PERSONAL TRAINER,02,20250527,20250527,SP,6639
61016172,0001,1,,02,20250527,20250527,PR,7885
61016277,0001,1,PERFECT BODY,02,20250527,20250527,RJ,5869
52852116,0001,1,THE BOX,02,20231110,20231110,MG,4111
47810355,0001,1,ACADEMIA SUELI OURO VERDE,02,20220901,20220901,SP,6249
61040753,0001,1,JANFIT ACADEMIA,02,20250528,20250528,PB,2003
61051619,0001,1,ACADEMIA INOVE FITNESS,02,20250528,20250528,MG,5097
61053578,0001,1,FIRST CENTRO DE TREINAMENTO,02,20250528,20250528,SC,8291
61054462,0001,1,LUDY STUDIO DE PILATES,02,20250528,20250528,PR,7513
61055764,0001,1,PRIME FITNESS ACADEMIA,02,20250528,20250528,PA,0595
61063048,0001,1,RELIVE CLUB,02,20250529,20250529,SP,6291
57150838,0001,1,CORPORE ELEUTERIO,02,20240904,20240904,CE,1253
61068313,0001,1,OHANA STUDIO PILATES E FISIOTERAPIA,02,20250529,20250529,MG,5343
61071736,0001,1,,08,20260211,20250529,SP,7149
61085936,0001,1,ACADEMIA VIDA ATIVA 2,08,20251014,20250530,MG,4667
61092194,0001,1,"MF CONDICIONAMENTO, DANCA E FITNESS",02,20250531,20250531,SP,6969
61100682,0001,1,JABIM HACMONE DOS SANTOS LIMA,02,20250602,20250602,PE,2357
61111587,0001,1,,02,20250602,20250602,MG,4865
61113524,0001,1,PORAO COMMUNITY FITNESS,02,20250602,20250602,BA,3391
61113535,0001,1,,02,20250602,20250602,SP,6477
61126341,0001,1,CENTRO DE TREINAMENTO PEDRO ROCHA,02,20250603,20250603,PE,2499
61130794,0001,1,STUDIO FUNCIONAL CROSS PRISCILA FRANCO,02,20250603,20250603,MS,9073
61132412,0001,1,,02,20250603,20250603,PR,7859
61136730,0001,1,,02,20250603,20250603,SP,7107
61138508,0001,1,ESTUDIO FIT HOME,08,20260425,20250603,DF,9701
61144826,0001,1,,02,20250603,20250603,RS,8701
61144980,0001,1,MISTER ACADEMIA,02,20250604,20250604,BA,3319
61158626,0001,1,,02,20250604,20250604,SP,6603
61177808,0001,1,VIVER BEM MULHER,02,20250605,20250605,ES,5703
61181040,0001,1,,02,20250605,20250605,SP,6707
61182493,0001,1,,08,20250728,20250605,SP,7145
61184186,0001,1,SHAPEFITT TREINAMENTO FUNCIONAL,08,20260305,20250605,RO,0003
61197590,0001,1,CENTRO DE TREINAMENTO ZODY FIT,02,20250606,20250606,PA,0535
61203197,0001,1,BM FIT,02,20250606,20250606,PE,2593
52097303,0001,1,SIM EMPREENDIMENTOS,02,20230906,20230906,RS,8489
61215954,0001,1,ACADEMIA TOP FITNESS,02,20250609,20250609,SE,3169
05303700,0003,2,STUDIO FITCLASS,02,20250609,20250609,SP,7107
22521083,0002,2,,02,20250609,20250609,PE,2489
61223787,0001,1,LUCAS VILLEGAS PERSONAL TRAINING,02,20250609,20250609,MS,9051
61229112,0001,1,,08,20250714,20250609,RS,8801
61229528,0001,1,GOLD FITNESS,02,20250609,20250609,TO,0199
61233423,0001,1,SOUL FITNESS ACADEMIA,02,20250609,20250609,ES,5663
61236146,0001,1,CENTRO DE TREINAMENTO BROTHERS GYM,02,20250610,20250610,MG,4123
61238605,0001,1,NEW GYM,02,20250610,20250610,SP,7239
61240573,0001,1,OASIS CLUB,02,20250610,20250610,RJ,5807
51294699,0001,1,,08,20250610,20230704,SP,7107
61249547,0001,1,IMPERIO ACADEMIA,08,20250710,20250610,SP,7005
61257380,0001,1,EDU WERNECK PERSONAL ESTUDIO,02,20250611,20250611,PR,7563
61265465,0001,1,PHOENIX ACADEMIA,02,20250611,20250611,PA,0415
61265619,0001,1,,02,20250611,20250611,SP,7107
61267177,0001,1,,02,20250611,20250611,PB,2051
61271843,0001,1,SKYFIT DIC CAMPINAS,02,20250611,20250611,SP,6291
61280812,0001,1,CNBOX TAQUARA,02,20250612,20250612,RS,8927
61285493,0001,1,ESSENCIAL SAUDE EMPRESARIAL,08,20251219,20250612,SP,6861
61286531,0001,1,,02,20250612,20250612,RJ,5803
61293266,0001,1,STUDIO MIRELLI NOVAES,02,20250613,20250613,SP,6291
61297753,0001,1,CT JM,02,20250613,20250613,AM,0255
61297873,0001,1,SOPHITNESS ACADEMIA,02,20250613,20250613,CE,1405
61298292,0001,1,PADRAOLST,02,20250613,20250613,AM,0225
61299218,0001,1,,02,20250613,20250613,SP,6155
61304089,0001,1,ACADEMIA BELLA FIT,02,20250613,20250613,CE,1489
61304956,0001,1,ON FIT TREINAMENTO PERSONALIZADO,02,20250613,20250613,RJ,6001
61311474,0001,1,UAI FIT ACADEMIA,08,20260119,20250614,PA,0535
61323672,0001,1,SPORTFIT AQUA,08,20251117,20250616,PE,2459
61328579,0001,1,,02,20250616,20250616,MG,4167
53243824,0002,2,,02,20250616,20250616,BA,3965
61144826,0002,2,,02,20250603,20250603,RS,8647
61338386,0001,1,,02,20250617,20250617,PR,7535
61339130,0001,1,ACADEMIA MAIAUATA FITNESS,02,20250617,20250617,PA,0465
61343421,0001,1,ACADEMIA POWER FIT,02,20250617,20250617,PB,0496
61344864,0001,1,IMPULSO FITNESS,02,20250617,20250617,MT,9151
61346545,0001,1,,02,20250617,20250617,PR,7535
61349321,0001,1,,02,20250617,20250617,PR,7749
61350411,0001,1,STUDIO LILIANE BRUM,02,20250617,20250617,SC,8185
61365082,0001,1,MOVIMENTE-SE +: ESPORTE E RECREACAO,02,20250618,20250618,BA,3965
61365394,0001,1,PULSE FIT,02,20250618,20250618,PB,2051
48085573,0001,1,X1 PERFORMANCE ESPORTIVA,02,20220926,20220926,SP,7107
61370307,0001,1,MOVANCE,02,20250618,20250618,SC,8329
55906528,0001,1,ALLP FIT ACADEMIA,02,20240712,20240712,ES,5697
61374002,0001,1,MODHERNA FIT ACADEMIA,02,20250618,20250618,SP,6403
61379929,0001,1,TREINADOR MORAES,02,20250619,20250619,SP,6219
61401682,0001,1,ADSON MINDSET,02,20250623,20250623,GO,9307
61421455,0001,1,TMB BODY PERFORMANCE,02,20250624,20250624,GO,9307
61425504,0001,1,STUDIO FITNESS RC VALENTE,02,20250624,20250624,GO,9445
61426000,0001,1,AM2 ACADEMIA DE GINASTICA,02,20250624,20250624,SP,6209
61426445,0001,1,APT DA SAUDE E PERFORMANCE,02,20250624,20250624,RS,8801
61430024,0001,1,EMOVE EXERCICIO E SAUDE,02,20250624,20250624,SP,7107
48148459,0001,1,START FITNESS,02,20220930,20220930,RJ,5893
61441927,0001,1,CROSS ARENA,02,20250625,20250625,MG,4123
61444061,0001,1,ACADEMIA VIPPER STORE,02,20250625,20250625,RN,1639
53677573,0005,2,W3 GYM,04,20260529,20250625,CE,1479
61445514,0001,1,WW ACADEMIA,02,20250625,20250625,AL,2869
61453455,0001,1,MOVING ACADEMIA,02,20250625,20250625,RS,5799
61456143,0001,1,,02,20250625,20250625,SP,6249
60922198,0001,1,EQUILIBRIUM FIT CENTRO DE TREINAMENTO FUNCIONAL,02,20250520,20250520,SP,6261
61459956,0001,1,,03,20251031,20250626,SP,7197
30287406,0027,2,BLUEFIT,02,20250626,20250626,DF,9701
61460818,0001,1,,02,20250626,20250626,RS,8815
57658779,0001,1,,02,20241011,20241011,SP,6179
61468991,0001,1,POWER FIT ACADEMIA,02,20250626,20250626,MG,4849
61469652,0001,1,ACADEMIA GG FITNESS,02,20250626,20250626,AL,2771
61469917,0001,1,STUDIO WFIT,02,20250626,20250626,RJ,5833
45870063,0002,2,DP PRIME STUDIO,02,20250626,20250626,BA,3803
61474713,0001,1,VONDER PILATES,02,20250626,20250626,SP,7157
50965450,0001,1,SPORT FITNESS,08,20260416,20230606,PB,2117
61481465,0001,1,,02,20250627,20250627,SC,8179
61489152,0001,1,,02,20250627,20250627,RJ,6001
61490685,0001,1,FITNESS MANIA ACADEMIA,02,20250627,20250627,RS,8569
61516986,0001,1,IMC STUDIO FITNESS,02,20250630,20250630,RS,8605
61518305,0001,1,LUCAS TANNOUS PERSONAL STUDIO,02,20250627,20250627,MS,9051
61519159,0001,1,,02,20250630,20250630,SP,6619
61530048,0001,1,,02,20250701,20250701,MG,4723
61545577,0001,1,TREINAMENTALE,02,20250701,20250701,SP,6601
61551130,0001,1,,02,20250702,20250702,SP,6619
61284296,0003,2,,02,20250612,20250612,RS,8801
61284296,0006,2,,02,20250612,20250612,RS,8801
61560459,0001,1,MOVISTAR ACADEMIA,08,20250707,20250702,RS,8421
61562118,0001,1,VO2 ACADEMIA,02,20250702,20250702,MS,9051
61570955,0001,1,,02,20250703,20250703,CE,1305
61572168,0001,1,PRIMEFIT,02,20250703,20250703,RJ,2913
61591332,0001,1,CENTRO DE TREINAMENTO LIMA,02,20250704,20250704,GO,9373
61602127,0001,1,ACADEMIA CERRADO FITNESS,02,20250704,20250704,GO,9597
61619432,0001,1,CT MIRAMOTO SAO VICENTE,02,20250707,20250707,SP,7121
07594978,0742,2,,02,20250707,20250707,AM,0255
07594978,0743,2,,02,20250707,20250707,PB,2051
61622894,0001,1,CITY GYM,02,20250707,20250707,PB,2117
59909458,0001,1,KALM STUDIO DE PILATES,02,20250314,20250314,SP,2953
55170432,0002,2,,02,20250707,20250707,PE,2571
61638022,0001,1,ONFIT ACADEMIA & ESPORTES,02,20250708,20250708,MG,4899
61639868,0001,1,BOX 92,02,20250708,20250708,PB,2079
34530453,0002,2,,02,20250708,20250708,SP,7107
48898831,0001,1,ACADEMIA SUPERACAO,02,20221215,20221215,PE,2531
61652945,0001,1,ACADEMIA F2 FITNES,02,20250708,20250708,PE,2293
53542257,0001,1,CT. TRIPLO X,02,20240117,20240117,BA,3595
61662270,0001,1,LPS FITNESS,02,20250709,20250709,SE,3185
61663304,0001,1,,02,20250709,20250709,RS,8801
61664676,0001,1,ALCANCE STUDIO FITNESS,02,20250709,20250709,MG,4573
61664833,0001,1,STUDIO ELAS FITNESS,02,20250709,20250709,GO,9361
61671454,0001,1,SALU FITNESS,02,20250709,20250709,PE,2321
61682372,0001,1,FREE RUNNER ASSESSORIA ESPORTIVA,02,20250710,20250710,PB,2051
61684782,0001,1,,08,20251103,20250710,SP,6589
61688281,0001,1,,02,20250710,20250710,SP,6291
61696477,0001,1,,02,20250711,20250711,SP,7107
61698946,0001,1,,02,20250711,20250711,RS,8769
61700299,0001,1,JC FIT ACADEMIAS,02,20250711,20250711,PI,1219
61701592,0001,1,MF3 ACADEMIA,02,20250711,20250711,CE,1435
61704187,0001,1,AYANA PILATES,02,20250711,20250711,RS,8839
61705156,0001,1,,02,20250711,20250711,SP,6113
61706467,0001,1,DAY ONE,08,20250903,20250711,SP,6511
61709328,0001,1,,02,20250711,20250711,MA,0921
48713050,0005,2,,02,20250712,20250712,BA,3849
61725857,0001,1,,02,20250714,20250714,GO,9459
61731499,0001,1,OZ FITNESS,02,20250714,20250714,SE,3233
04821707,0002,2,DUMBBELLS GYM,02,20250714,20250714,BA,3467
61739484,0001,1,MS PERFORMANCE,08,20260504,20250714,PR,7769
61740609,0001,1,CT IRONBACK MS,02,20250714,20250714,MS,9131
61744740,0001,1,MAZA ASSESSORIA ESPORTIVA,02,20250715,20250715,SP,6321
52560686,0002,2,,02,20250715,20250715,SP,7237
61754278,0001,1,,02,20250715,20250715,PR,7675
29483165,0002,2,,02,20250715,20250715,PR,7407
61450015,0001,1,,02,20250625,20250625,SP,6511
61187568,0001,1,ELEVA PILATES E FISIOTERAPIA,02,20250606,20250606,MG,5427
61764542,0001,1,PRIME ACADEMIA,02,20250716,20250716,RN,1885
57348820,0003,2,26FIT,08,20250716,20250424,MT,8985
61768157,0001,1,,02,20250716,20250716,RN,1759
61769702,0001,1,ACADEMIA FOR LIFE,02,20250716,20250716,RJ,6001
61772103,0001,1,THOR,02,20250716,20250716,GO,9373
61794862,0001,1,WAVE CENTRO DE TREINAMENTO E PERFORMANCE,02,20250717,20250717,MT,8985
61810835,0001,1,PREMIER SARAPUII,02,20250718,20250718,RJ,5833
41604804,0003,2,BIG FIT CLUB,02,20250718,20250718,SC,8039
61816766,0001,1,PILATES ALINE FERREIRA,02,20250718,20250718,SP,6713
61817687,0001,1,INOVE CROSS TRAINING,02,20250718,20250718,SC,8179
61817969,0001,1,M FIT ACADEMIA,02,20250718,20250718,RJ,5833
61827874,0001,1,CUIDAR PILATES FISIOTERAPIA,02,20250720,20250720,MS,9051
55383642,0001,1,IDEALE CIRCUITOS E CORRIDAS,08,20250721,20240604,RJ,6001
61835066,0001,1,CROSS 360,02,20250721,20250721,PE,2559
61836907,0001,1,BARRA ACQUA - CASA FITNESS,08,20260227,20250721,ES,5703
61840784,0001,1,A.R.B SUPLEMENTOS LTDA,02,20250721,20250721,RS,8801
61851536,0001,1,STUDIO EVO2C,08,20260429,20250722,MG,4123
61854744,0001,1,,02,20250722,20250722,ES,5647
53278957,0001,1,S2 ACADEMIA,02,20231221,20231221,SP,7071
61862679,0001,1,KRAFT HAUS CT,02,20250722,20250722,SP,6645
61867876,0001,1,PRIME VITA PILATES,02,20250722,20250722,GO,9361
61786300,0002,2,,02,20250723,20250723,SC,8179
61882211,0001,1,ACADEMIA CLIMEFF,02,20250723,20250723,MG,4939
61883628,0001,1,,02,20250723,20250723,SP,7107
61886543,0001,1,SKY FITNESS JARDIM AMERICA,02,20250723,20250723,MS,9073
61888158,0001,1,LPROFIT TREINAMENTO PERSONALIZADO VARGEM GRANDE,02,20250723,20250723,RJ,6001
61890373,0001,1,STUDIO DE PILATES AMANDA PIZANI,02,20250723,20250723,SC,8027
61890880,0001,1,,02,20250723,20250723,PE,2457
61893432,0001,1,UNIQUE DNA,02,20250724,20250724,PE,2513
61897903,0001,1,PILATES KAMILA VILANOVA,02,20250724,20250724,PI,1219
61903331,0001,1,ENDORFIT STUDIO,02,20250724,20250724,BA,3651
61903451,0001,1,,02,20250724,20250724,SP,6249
61908664,0001,1,CENTRO DE TREINAMENTO ESPORTIVO FW FUNCIONAL,08,20260304,20250724,RJ,5869
61914547,0001,1,PERSONAL MAYARA HELLEN TREINAMENTO FISICO PERSONALIZADO,02,20250725,20250725,RJ,5869
61915934,0001,1,CYCLE 26,02,20250725,20250725,PA,0535
48220575,0001,1,NAGILLA BORGES EMAGRECIMENTO,02,20221007,20221007,MS,9051
61940610,0001,1,ACADEMIA BATALHAO FITNESS,02,20250728,20250728,BA,3523
61946553,0001,1,TAIS RIEPING TREINO PERSONALIZADO,02,20250728,20250728,PR,7535
61951001,0001,1,,02,20250728,20250728,RJ,6001
54685146,0001,1,,02,20240411,20240411,ES,5677
51829226,0001,1,ELITE ACADEMIA,02,20230816,20230816,CE,1429
55132941,0001,1,IRON GYM,02,20240515,20240515,BA,3711
61806112,0001,1,ADFIT ACADEMIA,02,20250718,20250718,PB,2151
46700160,0001,1,,02,20220607,20220607,PR,7493
55258311,0001,1,KALI TATICAL,02,20240523,20240523,SP,7107
49440850,0001,1,FITCLASS VILA DAS BELEZAS,02,20230202,20230202,SP,7107
61807942,0001,1,GREEN NATURE,02,20250718,20250718,MS,9173
48973828,0001,1,ELIANJOS,02,20250115,20221226,BA,3629
46599840,0001,1,CROSS XIRU,02,20220531,20220531,RS,8651
53965293,0001,1,CENTRO DE TREINAMENTO FISICO TUKINHA AGUIAR,02,20240219,20240219,MG,5415
49156015,0001,1,,02,20230112,20230112,SP,6229
46634532,0001,1,,02,20220602,20220602,MT,9819
46355690,0001,1,ACADEMIA MUNDO FITNESS,08,20250918,20220511,AL,2745
55882154,0001,1,ACADEMIA SPORT FITNESS,02,20240710,20240710,BA,3971
57562206,0001,1,PAMP FIT ACADEMIA,02,20241004,20241004,SP,7107
58867660,0001,1,OMNIFIT,02,20250114,20250114,RJ,6003
55468081,0001,1,DANIELLI DIAS STUDIO DE MUSCULACAO,02,20240610,20240610,ES,1114
50219303,0001,1,ACADEMIA PRATIQUE FITNESS,02,20230405,20230405,MG,4123
59663249,0001,1,,02,20250226,20250226,MG,4123
45773236,0001,1,FIVE BOX,02,20220324,20220324,RO,0005
57445539,0001,1,,02,20240926,20240926,MG,4123
49001890,0001,1,ACADEMIA MOMENTUM FIT,02,20221229,20221229,MS,9141
51911068,0001,1,TAY FITNESS,02,20230822,20230822,PA,0543
55807875,0001,1,HULK'S ACADEMIA,02,20240704,20240704,RO,0003
60239297,0001,1,SMALLFIT ACADEMIA,02,20250403,20250403,SP,6291
60589086,0001,1,CARNEIRO GYM SQ,02,20250429,20250429,CE,1545
61486769,0001,1,CGL ASSESSORIA ESPORTIVA,08,20251124,20250627,PR,7667
22957739,0002,2,GRUPO FENIX,02,20250214,20250214,AM,0255
59075197,0001,1,,02,20250124,20250124,SP,7099
50923968,0001,1,LONG LIFE,02,20230602,20230602,PA,0535
52067403,0001,1,FFTEAM CONSULTORIA,02,20230901,20230901,MG,4123
45806447,0002,2,LYNX STUDIO HAUER,02,20231123,20231123,PR,7535
53740439,0001,1,,02,20240131,20240131,PI,1101
55661876,0001,1,SAMUEL CAVALCANTE,02,20240625,20240625,GO,9373
31834358,0018,2,EVOQUE ACADEMIA CURITIBA,02,20240802,20240802,PR,7535
44351683,0001,1,NEO FIT,02,20211124,20211124,PR,7679
44361914,0001,1,JO PILATES,02,20211124,20211124,GO,9545
46865919,0001,1,,02,20220622,20220622,MA,0803
48789951,0001,1,EDU GUSMAO,08,20221206,20221202,SP,7107
49553565,0001,1,TRAINER KM,02,20230210,20230210,MS,9065
49622850,0001,1,ACADEMIA METROFLEX,02,20230216,20230216,MA,0731
50413968,0001,1,ACADEMIA RJHST,02,20230424,20230424,MA,0134
50816624,0001,1,,02,20230525,20230525,SP,7149
51861677,0001,1,EAGLER GYM,02,20230818,20230818,PA,0625
52037786,0001,1,GENESIS PERFORMANCE,02,20230901,20230901,MT,9871
52162649,0001,1,CF 109 OCIAN,02,20230913,20230913,SP,6921
54345344,0001,1,RADAELLI BIO PERSONAL,02,20240315,20240315,SP,7017
54703423,0001,1,GYM PRO ELITE,02,20240412,20240412,MG,4403
55070438,0001,1,BANKAI ACADEMIA,02,20240509,20240509,GO,9297
55227594,0001,1,CASANOVA GYM,02,20240522,20240522,RJ,5869
55392241,0001,1,JULIO FIBES PERSONAL,02,20240604,20240604,SC,8047
55797244,0001,1,MF ACADEMIA,02,20240704,20240704,MG,4733
56170118,0001,1,,02,20240731,20240731,SC,8143
56903554,0001,1,ACADEMIA ALL FITNESS,02,20240819,20240819,SC,8047
56979985,0001,1,STUDIO DG FITNESS,02,20240823,20240823,SP,7145
57180012,0001,1,ACADEMIA M E FITNESS,02,20240906,20240906,BA,3849
57507452,0001,1,ESPACO DE DESENVOLVIMENTO INFANTIL MOVIMENTAR,02,20241001,20241001,RJ,6001
58927798,0001,1,WFIT ACADEMIA,02,20250116,20250116,PA,0483
51275483,0001,1,FIT TRAINING STUDIO PERSONAL,02,20230703,20230703,GO,9425
59642584,0001,1,MOVE MAIS,02,20250225,20250225,SE,3105
60273789,0002,2,,02,20250407,20250407,ES,5705
61071561,0001,1,META FIT ACADEMIA,02,20250529,20250529,SP,7047
60663875,0001,1,NEW SENSATION,02,20250505,20250505,PR,7913
59971103,0001,1,MATRIX 3D,02,20250319,20250319,SP,7107
60972010,0001,1,,02,20250915,20250523,MG,4133
61675353,0001,1,FISIO EZ,08,20251227,20250710,BA,3849
51650965,0001,1,,02,20230802,20230802,PR,7481
58987864,0001,1,,02,20250120,20250120,SP,7107
58174270,0001,1,SKYFIT PARAISO DO TOCANTINS,02,20241121,20241121,TO,9519
52141366,0001,1,,02,20230912,20230912,BA,3849
54972073,0001,1,,02,20240502,20240502,MG,4371
58672853,0001,1,,02,20250107,20250107,BA,3849
48770787,0001,1,CT FEMININO RENATA GOMES,02,20221130,20221130,RO,0007
46592502,0001,1,ITZ FITNESS CLUB,02,20220530,20220530,MA,0803
60477386,0001,1,,02,20250422,20250422,CE,1389
51110926,0001,1,STUDIO TREINO LIVRE,08,20260129,20230620,MG,2669
59818957,0001,1,,02,20250310,20250310,BA,3413
56924901,0001,1,STUDIO PARA MULHERES,02,20240820,20240820,SC,8197
44759969,0001,1,FILIPE CHAGAS CONSULTORIAS,02,20220106,20220106,GO,9221
48788045,0001,1,IPE STUDIO DE PILATES,02,20221201,20221201,GO,9373
60135516,0001,1,,02,20250328,20250328,MS,9165
55655902,0001,1,DOCTORFIT CURITIBA BIGORRILHO,02,20240624,20240624,PR,7535
52305753,0001,1,ATRION,02,20230925,20230925,RS,8785
52693863,0001,1,SKYFIT ACADEMIA - UNIDADE SAO VITO,02,20231027,20231027,SP,6131
49673987,0001,1,MARCIO CACAPA CROSTRAINING,02,20230222,20230222,MT,9167
57413634,0001,1,VIDIGAL STUDIO,02,20240924,20240924,MA,0889
44090714,0001,1,CENTRO DE TREINAMENTO FUNCIONAL VIDA EM MOVIMENTO,02,20250110,20211101,AM,0253
44729589,0001,1,NICO HECK TRAINING,02,20220104,20220104,RS,8717
00318069,0058,2,,02,20250515,20250515,RS,8801
55555472,0001,1,MOOVE FIT STUDIO FEMININO,02,20240617,20240617,SP,6109
44981574,0001,1,CROSSBARRA CENTRO DE TREINAMENTO,02,20220124,20220124,SP,6205
60457089,0001,1,INSTITUTO GO,02,20250417,20250417,SP,7029
50586976,0001,1,JL PERFORMANCE,02,20230508,20230508,MG,5347
52475063,0001,1,,02,20231009,20231009,PE,2485
57252877,0001,1,STUDIO STEPHANIE MARTINS,02,20240911,20240911,SP,6377
59086023,0001,1,CRISTIANO KALATA,02,20250124,20250124,RS,8877
61931554,0001,1,FOKS TREINAMENTO,02,20250726,20250726,MG,4867
59168985,0001,1,ACADEMIA SPORTFIT,08,20260305,20250129,BA,3815
46002160,0001,1,,02,20220412,20220412,RJ,6001
50718515,0001,1,IRON WORKS,02,20230517,20230517,MG,4371
50417699,0001,1,,02,20230424,20230424,RO,0025
53694432,0001,1,ACADEMIA BIA PERSONAL TRAINER NO PAIN NO GAIN & BC,02,20240129,20240129,MG,4695
45436590,0001,1,CENTRO DE TREINAMENTO D.A.,02,20220224,20220224,MG,4633
45261745,0001,1,,02,20220211,20220211,ES,5705
47140930,0002,2,COELHO FITNESS,08,20260316,20240627,MA,0230
55676243,0001,1,XTREME FIT,02,20240625,20240625,MG,4133
60154348,0001,1,ACADEMIA AD3 BLUMENAU,02,20250330,20250330,SC,8047
51344259,0001,1,ACADEMIA TIME LIFE,02,20230707,20230707,MA,0763
46848724,0001,1,DIAMANTE EXTREME FITNESS,08,20260327,20220621,MG,5397
58237417,0001,1,ACADEMIA IMPERIO FITNESS,02,20241126,20241126,MS,9051
53128183,0001,1,,08,20260330,20231207,MG,5165
54108227,0001,1,ESPACO CITTA SAUDE E MOVIMENTO,02,20240228,20240228,RJ,5865
50367532,0001,1,IRON FORCE ACADEMIA,02,20230418,20230418,RJ,5891
52422736,0001,1,MOUVE STUDIO,02,20231004,20231004,PR,7825
59717707,0001,1,STUDIO PERSONAL PERFORMANCE ACTION,02,20250228,20250228,GO,9557
50433349,0001,1,PEDRO FELIPE TREINADOR,02,20230425,20230425,GO,9373
59661191,0001,1,,02,20250226,20250226,SP,6477
46628837,0001,1,WF SOCCER,02,20220601,20220601,DF,9701
50309405,0001,1,ROOTS FITNESS ACADEMIA,02,20230413,20230413,SP,7071
49821807,0001,1,,02,20230306,20230306,SC,8183
44499254,0001,1,ACADEMIA CENTRO DE TREINAMENTO FISICO VIDA SAUDAVEL,02,20211206,20211206,MT,0133
55085020,0001,1,IRON GYM CT,02,20240510,20240510,MG,4877
54669190,0001,1,ACADEMIA C2,02,20240410,20240410,PE,2519
57170895,0002,2,FISIO FITNESS,02,20250422,20250422,SC,8179
61459689,0001,1,A C GYM,02,20250626,20250626,PA,0371
59192453,0001,1,FLY STUDIO,02,20250130,20250130,RS,8661
51345762,0001,1,ARENA GYM,02,20230707,20230707,PE,2337
61183210,0001,1,FIIT+ LTDA,02,20250605,20250605,PE,2393
60015602,0001,1,PRIME FIT STUDIO DE TREINAMENTO,02,20250321,20250321,MS,9051
44415870,0001,1,ESPACO BEACH CLUB,02,20211129,20211129,SP,7005
59670758,0001,1,CENTRO DE TREINAMENTO ZAGATTO,02,20250226,20250226,GO,9403
48028671,0001,1,,02,20220921,20220921,ES,5699
55642777,0001,1,STUDIO RAQUEL RIBEIRO,02,20240623,20240623,SP,2967
30969410,0002,2,ACADEMIA FITTIPALDI,04,20260522,20220407,SP,6445
53059426,0001,1,NEW MUNDI,02,20231130,20231130,RS,8801
36339651,0002,2,ACADEMIA PORTO FIT,08,20260610,20240913,RS,8511
55218494,0001,1,SOLFIT ESTUDIO,02,20240521,20240521,RJ,5801
58799998,0001,1,FUNCIONALMENTE,02,20250113,20250113,MG,4365
56982805,0001,1,BLUEFIT,02,20260612,20240823,BA,3965
58973506,0001,1,SOUL GYM,02,20250120,20250120,RJ,5853
50289517,0001,1,ESPACO CONEXAO EQUILIBRIO,04,20260611,20230412,DF,9701
48625266,0001,1,ACADEMIA FOCUS FITNESS,02,20221116,20221116,MG,4371
61953726,0001,1,ENDURANCE FITNESS,08,20260213,20250728,RS,8801
61959662,0001,1,LEVE NANUQUE,02,20250729,20250729,MG,4885
61959764,0001,1,,08,20260319,20250729,MG,5403
61960528,0001,1,U FIT ACADEMIA,02,20250729,20250729,PR,7823
61964166,0001,1,EVE RODRIGUEZ LTDA,02,20250729,20250729,RS,8963
33587523,0002,2,JB PILATES E SAUDE,02,20250729,20250729,SP,6285
61967548,0001,1,LEVEL UP CROSS TRAINING,02,20250729,20250729,PR,7493
61986532,0001,1,AMF VENTURA,02,20250730,20250730,MG,4637
61999503,0001,1,RANCHO FITNESS,02,20250731,20250731,SE,3211
61999757,0001,1,,02,20250731,20250731,RS,8633
62009740,0001,1,STUDIO VINHAL FITNESS,02,20250731,20250731,GO,9373
62012783,0001,1,,02,20250731,20250731,PE,2423
62018918,0001,1,ESCOLA DE CORRIDA DE NITEROI,02,20250801,20250801,RJ,5865
62020320,0001,1,STUDIO FORMA PERSONAL TRAINING,08,20250822,20250801,SP,6915
62031290,0001,1,GAVIOES TABOAO DA SERRA 2,02,20250801,20250801,SP,7157
62033894,0001,1,,02,20250801,20250801,MG,4371
22902694,0150,2,,02,20250804,20250804,MA,0921
62053637,0001,1,,02,20250804,20250804,MG,4371
62057367,0001,1,ARENA BEACH BOX,02,20250804,20250804,SP,6921
62061672,0001,1,DOXO GYM,02,20250804,20250804,PR,7937
62062243,0001,1,BK ACADEMIA PARA MULHERES,02,20250804,20250804,SP,7107
07594978,0754,2,,02,20250805,20250805,SP,6713
07594978,0756,2,,02,20250805,20250805,RS,8771
86972684,0003,2,ACADEMIA MENTE E CORPO,02,20250805,20250805,TO,9627
62074043,0001,1,,02,20250805,20250805,SP,7107
62075432,0001,1,ALCATEIA CF,02,20250805,20250805,MG,5029
62078672,0001,1,MOVE FITNESS,02,20250805,20250805,DF,9701
48305313,0003,2,ACADEMIA T-FIT,02,20250805,20250805,RN,0436
62083660,0001,1,CROSS STRONG CROSS TRAINING,02,20250805,20250805,SP,6729
62087940,0001,1,ELEVE,02,20250805,20250805,SC,8073
62095895,0001,1,PILATES AXIS,02,20250806,20250806,SP,7107
62104504,0001,1,PRO FIT ACADEMIA,02,20250806,20250806,PR,7899
62112930,0001,1,SKYFIT SERRANA,02,20250807,20250807,SP,7131
62112976,0001,1,C.T. MOVIMENT FIT PRIME,02,20250807,20250807,SP,6861
62114435,0001,1,GORILLAS ACADEMIA,02,20250807,20250807,MT,9907
62114457,0001,1,AMORA PILATES,02,20250807,20250807,SP,7107
62119469,0001,1,ARAUJO ESPORTES,08,20251010,20250807,MG,5407
62122709,0001,1,ULTRA ACADEMIA LINHARES,02,20250807,20250807,ES,5663
62123838,0001,1,HARMONY PILATES,02,20250807,20250807,PR,7691
62134455,0001,1,STUDIO DE PILATES NOVA VIDA,02,20250808,20250808,PR,7535
62140070,0001,1,MASTER FITNESS,02,20250808,20250808,MG,5403
62143304,0001,1,BRAVE FIT,02,20250808,20250808,RJ,5897
62158857,0001,1,CL FITNESS BS,02,20250811,20250811,CE,1349
62160139,0001,1,ACADEMIA DL FITNESS,02,20250811,20250811,BA,3705
62162693,0001,1,ACADEMIA E FUNCIONAL ALIANCA TRAINNING,02,20250811,20250811,BA,3969
62164662,0001,1,,02,20250811,20250811,SC,8175
62164898,0001,1,CONEXAO ACQUA FITNESS,02,20250811,20250811,BA,3849
62182788,0001,1,LY FITCLUB AULAS COLETIVAS,02,20250812,20250812,PR,7733
62183160,0001,1,,02,20250812,20250812,SP,7077
62186956,0001,1,ACADEMIA TITAN,02,20250812,20250812,BA,3413
62192730,0001,1,,02,20250812,20250812,AL,2785
62199154,0001,1,FABRICA DO SHAPE ACADEMIA,02,20250813,20250813,SC,5583
62206624,0001,1,TOTAL FIT ACADEMIA,02,20250813,20250813,PA,0052
62208538,0001,1,N G INSTRUTORA DE EDUCACAO FISICA,02,20250813,20250813,PR,7649
62220776,0001,1,COMPLEXO ESPORTIVO OLIVEIRA - CEO,02,20250814,20250814,PA,0447
62232055,0001,1,BLOOD ACADEMY,02,20250814,20250814,SP,7243
62235659,0001,1,JESSICA VIANA PILATES,02,20250814,20250814,PR,7471
62240394,0001,1,SILVANA PSICOMOTRICISTA E EDUCADORA FISICA,02,20250815,20250815,RS,8705
62241727,0001,1,ESPACO TM PILATES,02,20250815,20250815,SP,6291
62248270,0001,1,,02,20250815,20250815,RJ,2909
62249074,0001,1,INSPIRE PILATES SANTA TEREZINHA,02,20250815,20250815,SP,7057
62250342,0001,1,ACTION 360,02,20250815,20250815,SP,7107
62255064,0001,1,,02,20250815,20250815,SP,7107
62266632,0001,1,,02,20250818,20250818,SP,6619
62277346,0001,1,RITINHA ALMEIDA PERSONAL,08,20260130,20250818,MG,4743
62284396,0001,1,C5 CENTRO DE SAUDE INTEGRADO,02,20250818,20250818,SC,8233
62286087,0001,1,EXPERIENCE FIT LOTE 92,02,20250818,20250818,PE,2457
62295273,0001,1,CENTRO DE TREINAMENTO LEGACY,02,20250819,20250819,SP,6713
62298962,0001,1,ATITUDE FITNESS,02,20250819,20250819,MG,4633
62300188,0001,1,ELITE FITINESS,02,20250819,20250819,AL,2741
62303308,0001,1,ALEXIA FERRAZ PILATES E FISIOTERAPIA,02,20250819,20250819,MG,5343
62317418,0001,1,,02,20250820,20250820,SP,7097
62319950,0001,1,CENTER FIT ACADEMIA,02,20250820,20250820,PB,2053
62323707,0001,1,,02,20250820,20250820,SP,6313
62326898,0001,1,MOVIMENTO LIFE STYLE,02,20250820,20250820,SC,8245
62329887,0001,1,SPARTA FIT,02,20250821,20250821,MG,4111
13436559,0002,2,ACADEMIA CORPUS FITNESS,02,20250821,20250821,AL,2783
06637167,0002,2,,08,20260522,20250821,RS,8801
62333189,0001,1,,02,20250821,20250821,PR,7691
62337297,0001,1,XP FIT,02,20250821,20250821,DF,9701
62338294,0001,1,,02,20250821,20250821,SP,7047
62338951,0001,1,UP PILATES STUDIO,02,20250821,20250821,SP,6639
62339674,0001,1,,02,20250821,20250821,PR,7535
62341228,0001,1,VIVAZ-STUDIO E SAUDE,02,20250821,20250821,SC,8039
62343517,0001,1,ACADEMIA PRIME FITNESS,02,20250821,20250821,ES,5625
62343865,0001,1,VIVA 50+ STUDIO PERSONALIZADO,02,20250821,20250821,GO,9425
62352573,0001,1,,02,20250822,20250822,SP,6155
62354658,0001,1,MOOVGYM - MOVIMENTO E SAUDE,02,20250822,20250822,RJ,6001
46628951,0002,2,,02,20250822,20250822,SP,7075
62356772,0001,1,STRIKE FIT,02,20250822,20250822,SP,6313
62361445,0001,1,EQUILIBRIO FITNESS ACADEMY,02,20250822,20250822,RS,8939
62370136,0001,1,MAMUTE,02,20250823,20250823,SP,6969
62378695,0001,1,ACADEMIA ATIVA,02,20250825,20250825,PB,2191
62387388,0001,1,ESPACO SERH,02,20250825,20250825,PE,2381
62390923,0001,1,,02,20250825,20250825,RJ,6001
62412612,0001,1,STUDIO CIA DO CORPO,02,20250826,20250826,PE,2521
62415871,0001,1,HARRYSSON PERSONAL E CONSULTORIA ESPORTIVA LTDA,02,20250826,20250826,AP,0605
62415884,0001,1,,02,20250826,20250826,SP,6429
62432834,0001,1,TRIADE TRAINNING,02,20250827,20250827,MG,5049
62443575,0001,1,ATMOS GYM,02,20250828,20250828,RJ,6001
05239361,0032,2,,02,20250829,20250829,RJ,6001
62465262,0001,1,VILA FITNESS ACADEMIA,02,20250829,20250829,PI,1157
62466443,0001,1,,02,20250829,20250829,SP,6219
62466466,0001,1,,02,20250829,20250829,SP,6219
62471744,0001,1,IMPACTO ACADEMIA,02,20250829,20250829,MT,9025
62476164,0001,1,PLUSS PILATES CLINICO E FISIOTERAPIA,02,20250829,20250829,PR,9983
24921465,0146,2,,02,20250901,20250901,BA,3849
62491875,0001,1,FELIPE MEDINA SAUDE E PERFORMANCE,02,20250901,20250901,SP,7145
62492045,0001,1,ELITE CROSS TRAINING,02,20250901,20250901,PI,1219
62497677,0001,1,VIVIAN PILATES,02,20250901,20250901,PR,7749
62516839,0001,1,ACADEMIA DOPA GYM,02,20250902,20250902,BA,3589
62521410,0001,1,,02,20250902,20250902,MT,1184
62537230,0001,1,GREENLIFE METROPOLITAN,02,20250903,20250903,RN,1761
62541114,0001,1,SETANI,02,20250903,20250903,SP,7099
62544204,0001,1,ESPACO REABILITAR FISIOTERAPIA E PILATES,02,20250903,20250903,SP,6569
62545453,0001,1,MUSCLE POWER,02,20250903,20250903,PE,2289
62548692,0001,1,ACADEMIA STAR FITNESS,02,20250903,20250903,ES,5669
62549348,0001,1,FAME FULL ACADEMY,02,20250903,20250903,CE,1367
62552791,0001,1,NANDA BRUNO YOGA & WELLNESS,02,20250903,20250903,SP,7107
62555181,0001,1,VSA FITNESS,02,20250904,20250904,PE,2627
62555689,0001,1,,08,20251219,20250904,SE,3101
62557655,0001,1,,02,20250904,20250904,SP,6165
62560614,0001,1,TAINA PEREIRA FISIOTERAPIA,08,20260423,20250904,SP,7145
25115142,0009,2,TOTAL FIT MARILIA,02,20250904,20250904,SP,6681
62571852,0001,1,DUBAI FIT,02,20250904,20250904,PE,2381
62577487,0001,1,JESSICA SANTIAGO STUDIO DE PILATES,02,20250905,20250905,PR,0870
62578481,0001,1,LEVEL OSVALDO CRUZ,02,20250905,20250905,SP,6793
62580049,0001,1,SKY FIT PIRAPORA,02,20250905,20250905,MG,5023
62329848,0001,1,ACADEMIA VIBEFITSTUDIO,02,20250821,20250821,MG,4733
62565117,0002,2,ACADEMIA AD3 BLUMENAU GARCIA,02,20250908,20250908,SC,8047
07594978,0775,2,,02,20250908,20250908,SP,6477
62607446,0001,1,HENRY LIMA CONDICIONAMENTO FISICO,02,20250908,20250908,SP,7107
62194994,0001,1,THAINA BESSA FISIOTERAPIA E PILATES,02,20250812,20250812,PR,7667
62613952,0001,1,VILAR NOVO GAMA,02,20250101,20250101,GO,1058
62618788,0001,1,TK FITNESS ACADEMIA E FUNCIONAL,02,20250908,20250908,AC,0147
62619178,0001,1,,02,20250908,20250908,RS,5961
62625840,0001,1,MOVE IN,02,20250909,20250909,RS,8919
62628331,0001,1,STUDIO MUSAS FIT,02,20250909,20250909,MS,9051
62631042,0001,1,ACADEMIA IMPULSE GYM,02,20250909,20250909,PR,7493
62633996,0001,1,IRON SCHOOL GYM,02,20250909,20250909,SC,5545
62635737,0001,1,ACADEMIA NOVA GERACAO,02,20250909,20250909,SP,7107
12512270,0002,2,ACADEMIA NORTH STAR,02,20250909,20250909,SE,3247
62638540,0001,1,ESPACO SAUDE MEDFIT,02,20250909,20250909,PB,2175
62643458,0001,1,,02,20250909,20250909,SP,7107
60447741,0003,2,ACADEMIA AD3 FLORIANOPOLIS CENTRO 2,02,20250910,20250910,SC,8105
62674548,0001,1,RD GYM,02,20250911,20250911,PR,5487
62677290,0001,1,ACADEMIA CORPO & MOVIMENTO,02,20250911,20250911,MG,4265
62686346,0001,1,INSANO ACADEMIA CIDADE NOVA VI,02,20250912,20250912,PA,0415
62687536,0001,1,VIDA FIT,02,20250912,20250912,CE,1599
07594978,0779,2,,02,20250912,20250912,RJ,6001
62690501,0001,1,,08,20260407,20250912,MG,4123
62695326,0001,1,TREINO COMPLETO ASSESSORIA ESPORTIVA,02,20250912,20250912,SP,7107
62695938,0001,1,ESTUDIO FLAVIO CHELA,02,20250912,20250912,PR,7887
62700132,0001,1,JP TRAINING,02,20250912,20250912,SC,8327
42955754,0002,2,VENOM FIT,02,20250915,20250915,MT,9151
62721397,0001,1,FORMA FIT,02,20250915,20250915,RN,1671
62739096,0001,1,TOOH PERSONAL TRAINER,02,20250916,20250916,SP,6165
62743889,0001,1,DAYTONA CT,02,20250916,20250916,GO,9433
62748719,0001,1,TEAM AVILA,02,20250916,20250916,MS,9085
62755995,0001,1,IRON FITNESS,02,20250917,20250917,MG,5241
62757537,0001,1,ACADEMIA IRON,02,20250917,20250917,MG,4371
62760271,0001,1,,02,20250917,20250917,RJ,5883
62761694,0001,1,AGAPE CENTRO MULTIDISCIPLINAR,02,20250917,20250917,MT,9789
62762005,0001,1,"SANUS - ESPORTE, SAUDE E BEM-ESTAR",02,20250917,20250917,SP,6291
62765088,0001,1,,02,20250917,20250917,PI,1219
62765315,0001,1,,04,20260529,20250917,CE,0983
62768266,0001,1,HIGH PULSE SAO FRANCISCO,02,20250917,20250917,PR,7535
62768356,0001,1,DRAGON BOX,02,20250917,20250917,MG,4281
62769954,0001,1,VINICIUS ESPORTES,02,20250917,20250917,BA,3913
62776883,0001,1,F. J. C. DE ARAUJO,02,20250918,20250918,BA,3515
62785311,0001,1,STUDIO VITALITE,02,20250918,20250918,DF,9701
62788612,0001,1,CORRE DOS CRIAS,02,20250918,20250918,RJ,5897
28651444,0002,2,PARADOX ACADEMIA DOIS IRMAOS,02,20250918,20250918,RS,8625
62795857,0001,1,ARENA KIDS,02,20250918,20250918,PE,2461
62798652,0001,1,L12 PERFORMANCE,02,20250919,20250919,MA,0921
62802347,0001,1,ULTRA BONSUCESSO,02,20250919,20250919,RJ,6001
62806075,0001,1,VS GOLD SKY MALL ROTATORIA,02,20250919,20250919,PR,7667
62808933,0001,1,,02,20250919,20250919,RS,8589
62828623,0001,1,LOHAN GYM,02,20250922,20250922,RN,1761
62832234,0001,1,,02,20250922,20250922,RS,8637
62838673,0001,1,CONSULTORIA ESPORTIVA,02,20250922,20250922,MG,4145
13219158,0003,2,SUBLIME FITNESS,02,20250923,20250923,RS,0962
62875768,0001,1,ACADEMIA FORM FITNESS,02,20250924,20250924,SP,7149
62875856,0001,1,ACADEMIA EMERSON MIRANDA,02,20250924,20250924,SP,7099
62878523,0001,1,ALLP FIT ACADEMIA,02,20250924,20250924,SP,6219
62879602,0001,1,PAMELA HONORATO STUDIO DE PILATES,02,20250924,20250924,SP,6639
62881274,0001,1,EVOLVE,02,20250924,20250924,DF,9701
62889735,0001,1,SPIN N SOUL PIRACICABA,02,20250925,20250925,SP,6875
62892077,0001,1,ACADEMIA CORPO E FORMA,02,20250925,20250925,RO,0005
62896438,0001,1,STUDIO INSPIRAR,02,20250925,20250925,SC,8229
62404709,0002,2,,02,20250925,20250925,ES,5685
07594978,0781,2,,02,20250925,20250925,RJ,5863
62898886,0001,1,ALIFIT,02,20250925,20250925,CE,1389
62902491,0001,1,,02,20250925,20250925,TO,9241
62501065,0001,1,ACADEMIA MOVIMENT,02,20250901,20250901,RJ,5813
62935886,0001,1,DBO3 ESPORTES,02,20250929,20250929,SP,6179
22902694,0164,2,,02,20250929,20250929,RN,1761
62942714,0001,1,FANTASIA TH FITNESS,02,20250929,20250929,MA,0230
07157747,0002,2,,02,20250929,20250929,RN,1675
62946644,0001,1,STUDIO PAULO SOUTELE,02,20250929,20250929,SC,8047
62955917,0001,1,ACQUALINE ESCOLA DE NATACAO,02,20250930,20250930,AL,2705
62957487,0001,1,ALWAYS FIT ACADEMIAS,02,20250930,20250930,CE,1585
62959126,0001,1,RDEFANTI MOVIMENTO E PERFORMANCE,02,20250930,20250930,RJ,5865
62977561,0001,1,MOVE STUDIO FUNCIONAL,02,20251001,20251001,RJ,5819
62989941,0001,1,,02,20251001,20251001,BA,1110
29602967,0002,2,ACADEMIA GOLD STAR FITNESS LTDA,02,20251002,20251002,SE,3169
63005496,0001,1,ACADEMIA HIDROFITNESS,02,20251002,20251002,SP,6405
63010939,0001,1,LLEVITAR ESTUDIO DE PILATES,02,20251002,20251002,SP,6315
63019925,0001,1,,02,20251003,20251003,ES,5703
16542537,0002,2,,02,20251003,20251003,RS,8705
63032962,0001,1,GOOVE,02,20251003,20251003,SP,6969
63033086,0001,1,KORMANN FITNESS,02,20251003,20251003,MT,9067
63049014,0001,1,,02,20251006,20251006,DF,9701
63053629,0001,1,STAUSKI ESPORTES,02,20251006,20251006,PR,7535
63063402,0001,1,,02,20251006,20251006,SC,8163
63070139,0001,1,INSTITUTO DESENVOLVA,02,20251007,20251007,RJ,6001
63071627,0001,1,,02,20251006,20251006,CE,0983
63077318,0001,1,ARENA VENTANIA,02,20251007,20251007,PR,5497
63096292,0001,1,ACADEMIA AD3 CURITIBANOS,02,20251008,20251008,SC,8093
24483387,0002,2,,02,20251008,20251008,SP,7145
63098972,0001,1,ACADEMIA TNT FIT 24H RAIMUNDO,02,20251008,20251008,SP,7107
63109783,0001,1,,02,20251009,20251009,SC,8105
63114224,0001,1,,02,20251009,20251009,SP,7107
63126631,0001,1,OLYMPIA GESTAO ESPORTIVA,02,20251009,20251009,SP,7151
63127746,0001,1,STUDIO AG FITNESS,02,20251009,20251009,BA,3515
63128467,0001,1,ACADEMIA CORPO CONECTADO,02,20251010,20251010,BA,3631
63128947,0001,1,VIDYA STUDIO INDAIATUBA,02,20251010,20251010,SP,6511
22902694,0168,2,,02,20251010,20251010,PI,1219
63131179,0001,1,ZPILATES,08,20260330,20251010,MS,9051
63133829,0001,1,ACADEMIA MEGATEAM ARACAPE,02,20251010,20251010,CE,1389
63138052,0001,1,ALLP FIT VALENCA,02,20251010,20251010,BA,3957
63138286,0001,1,,02,20251010,20251010,MG,4145
63140788,0001,1,CT POKAS INFINITY,02,20251010,20251010,MG,4667
63145786,0001,1,,02,20251011,20251011,MG,4573
63165512,0001,1,SAUDE EM DOMINIO,02,20251013,20251013,SP,7107
63166395,0001,1,STUDIO VOLL,02,20251013,20251013,SP,6213
63174343,0001,1,MR FITNESS ACADEMIA,02,20251014,20251014,PA,0595
07737623,0081,2,,02,20251014,20251014,SP,6511
63186441,0001,1,STUDIO DINHO,02,20251014,20251014,AL,2877
63187972,0001,1,AMARE PILATES,02,20251014,20251014,SP,6589
63191531,0001,1,VOCE NO SHAPE,02,20251014,20251014,SP,6477
63192535,0001,1,XTREME ACADEMIA,02,20251014,20251014,BA,3413
63196593,0001,1,ACADEMIA FORMULA FIT,02,20251015,20251015,PI,0278
63210896,0001,1,BIANCA MARTINS STUDIO DE PILATES,02,20251015,20251015,SP,6177
07594978,0788,2,,02,20251016,20251016,MG,4751
07594978,0791,2,,02,20251016,20251016,RJ,6001
63231016,0001,1,METABOLICA,02,20251016,20251016,SP,6619
62791158,0001,1,ACADEMIA NOVA RADICAL FITNESS,02,20250918,20250918,SP,7107
63246435,0001,1,CLEUBERT BRAGA,02,20251017,20251017,MG,4123
63246866,0001,1,,02,20251017,20251017,MT,0099
63250665,0001,1,,02,20251017,20251017,SC,8081
63266322,0001,1,DIFERENTAO CONSULTORIA ESPORTIVA,02,20251020,20251020,RO,0013
24395830,0024,2,,02,20251020,20251020,PR,7691
24921465,0159,2,,02,20251020,20251020,MT,9067
24921465,0160,2,,02,20251020,20251020,MT,9151
63276964,0001,1,PILATES MOVE +,02,20251020,20251020,RJ,6001
63295613,0001,1,ACADEMIA DEJUDOKAMINARI,02,20251021,20251021,PR,7535
63325903,0001,1,SAVAGE STUDIO,02,20251023,20251023,SP,7107
63330287,0001,1,DFINE.FIT JARDIM JACIRA ACADEMIA DE GINASTICA E MUSC.,02,20251023,20251023,SP,6545
63337740,0001,1,FORCE FIELD ACADEMIA,02,20251023,20251023,PR,7731
63339992,0001,1,NEXA PERFORMANCE,02,20251023,20251023,SP,7107
63346412,0001,1,ON FORCE,02,20251024,20251024,SP,6213
63351385,0001,1,RURAL FITNESS 377,02,20251024,20251024,RO,0020
63353412,0001,1,DANILO GOMIDE STUDIO DE TREINAMENTO,02,20251024,20251024,MG,5137
63358734,0001,1,SKYFIT PEDREIRAS,02,20251024,20251024,MA,0861
63358992,0001,1,,02,20251024,20251024,PE,2457
63365226,0001,1,STUDIO INCAZA,02,20251025,20251025,PA,0415
63374647,0001,1,,02,20251027,20251027,RS,8831
63382932,0001,1,GORILA FITNESS,02,20251027,20251027,MA,0921
63383094,0001,1,CLINICA CLARICE SOARES,02,20251027,20251027,MG,5155
63383560,0001,1,,02,20251027,20251027,RS,8681
63397041,0001,1,BASE ATIVA PILATES E PERSONAL TRAINING,02,20251028,20251028,SP,7079
63398117,0001,1,,02,20251028,20251028,SP,7107
59887668,0004,2,,02,20251029,20251029,PR,7535
59887668,0005,2,,02,20251029,20251029,PR,5453
63415040,0001,1,ACADEMIA ONE FIT,02,20251029,20251029,MG,4417
13396172,0050,2,,02,20251029,20251029,RS,8877
63429883,0001,1,ACADEMIA ABREU FITNESS,02,20251029,20251029,CE,1307
63433480,0001,1,STUDIO VELOCITY,02,20251030,20251030,CE,1389
63435233,0001,1,MG FITNESS ACADEMIA,02,20251030,20251030,MA,0783
63451738,0001,1,,02,20251031,20251031,RS,8639
63467465,0001,1,EVO FISIOTERAPIA E SAUDE INTEGRADA,02,20251101,20251101,SE,3105
63470154,0001,1,BOULANGER LABS,02,20251101,20251101,MG,5133
63476906,0001,1,VIAFIT FAMILY,02,20251103,20251103,GO,9227
63478617,0001,1,ALLP FIT ACADEMIA,02,20251103,20251103,ES,5697
63479090,0001,1,PERFORMMA 360,02,20251103,20251103,RJ,5865
63479550,0001,1,HOGI PILATES,02,20251103,20251103,RJ,5865
63479911,0001,1,MF REAB.,02,20251103,20251103,SP,7107
63484407,0001,1,,02,20251103,20251103,MT,9067
63487487,0001,1,FUNCIONAL CORPO E MOVIMENTO,02,20251103,20251103,MT,9195
63489682,0001,1,,02,20251103,20251103,RJ,5925
07594978,0796,2,,02,20251103,20251103,DF,9701
07594978,0802,2,,02,20251103,20251103,GO,9373
63491901,0001,1,OLYMPIA CENTER,02,20251103,20251103,BA,3957
63500720,0001,1,ALLAZ FIT,02,20251104,20251104,MG,5035
63503889,0001,1,PUNK HEALTH CLUB,02,20251104,20251104,GO,9373
56660951,0003,2,,02,20251104,20251104,SP,6131
63510201,0001,1,,02,20251104,20251104,SP,6933
63515545,0001,1,L.E.V. TRAINING & CO,02,20251104,20251104,SP,6311
63520516,0001,1,,02,20251105,20251105,DF,9701
63523769,0001,1,FORCA PURA,02,20251105,20251105,PE,2591
63524507,0001,1,REBECA OLIVEIRA - PILATES E FISIOTERAPIA,02,20251105,20251105,RO,0004
63533685,0001,1,ACADEMIA STUDIO C,02,20251105,20251105,BA,3601
63535988,0001,1,ESTUDIO SINGULAR PILATES & FISIOTERAPIA,02,20251105,20251105,BA,3685
63543732,0001,1,BLACK PRO ESPORTES,02,20251106,20251106,SP,7107
63555021,0001,1,ROCHA PERFORMANCE,02,20251106,20251106,PE,2415
63558940,0001,1,ACADEMIA ATHERA,02,20251106,20251106,SP,7107
63559399,0001,1,ANA PAULA PIRES FISIOTERAPIA,02,20251106,20251106,SP,6579
63560545,0001,1,ATLETIVE ACADEMIA,02,20251107,20251107,CE,1383
63585851,0001,1,ASFIT CONSULTORIA,02,20251110,20251110,SP,6883
63600755,0001,1,,02,20251110,20251110,ES,5699
63607260,0001,1,ATHLETIC ACADEMIA,02,20251111,20251111,PB,2085
63608872,0001,1,F & F FITNES,02,20251111,20251111,PI,1219
63609519,0001,1,P6 GYM I,02,20251111,20251111,SP,7107
63612183,0001,1,OLYPIKUS ACADEMIA DE GINASTICA,02,20251111,20251111,MT,8995
63615201,0001,1,WORLD GYM PRO SALVADOR,02,20251111,20251111,BA,3849
63615360,0001,1,GUERREIRO CROSS,02,20251111,20251111,MA,0921
63626798,0001,1,,08,20260330,20251112,CE,1559
41846978,0002,2,,02,20251112,20251112,SP,6645
63637579,0001,1,NUCLEO VILA LUME,02,20251112,20251112,RN,1713
63642079,0001,1,ELITECROSS FUNCIONAL,02,20251112,20251112,SP,6163
63651695,0001,1,START FIT ACADEMIA,02,20251113,20251113,TO,0090
07594978,0806,2,,02,20251113,20251113,RJ,5847
63665362,0001,1,BY FITNESS,02,20251113,20251113,BA,3883
57891951,0003,2,GADELHA ACADEMIA,02,20251114,20251114,AC,0649
63674686,0001,1,SKY FIT,02,20251114,20251114,GO,9373
63693927,0001,1,,02,20251117,20251117,SP,7107
63694106,0001,1,JRV REDECOPPE,02,20251117,20251117,SP,6157
63694215,0001,1,SAUDE PLENA,02,20251117,20251117,MG,4553
63699723,0001,1,GO FITNESS,02,20251117,20251117,RS,8849
63703798,0001,1,ACADEMIA SHOTOKAN,02,20251117,20251117,GO,9575
63712009,0001,1,M. HOUSE FIT ACADEMIA,02,20251118,20251118,PA,0054
63713411,0001,1,GRUFIT ACADEMIA,02,20251118,20251118,MA,0791
63715602,0001,1,LIV WELLNESS,02,20251118,20251118,BA,3849
63718819,0001,1,ESCOLA CRISTA DO ESPORTE,02,20251118,20251118,SC,8089
63719321,0001,1,,02,20251118,20251118,PR,7691
63729338,0001,1,CORRA COM PROPOSITO,02,20251118,20251118,SP,7107
63731371,0001,1,,08,20260529,20251119,SP,7107
63741239,0001,1,,02,20251119,20251119,MS,9051
63743908,0001,1,GS FITNESS CLUB,02,20251119,20251119,PE,2553
63744539,0001,1,ACADEMIA CHILLY FIT CLUB,02,20251119,20251119,RJ,5853
63753488,0001,1,ESTACAO FITNESS,02,20251120,20251120,MA,0911
63762423,0001,1,FOCUS BODY & HEALTH,02,20251121,20251121,SP,6723
63778239,0001,1,MAX SOUZA PERSONAL TRAINER,02,20251124,20251124,AM,0255
63779315,0001,1,CORPORIUM ACADEMIA II LTDA,02,20251124,20251124,PR,7977
63779921,0001,1,ECLAR TRAINING,02,20251124,20251124,RJ,6001
63790809,0001,1,ACADEMIA PORCELANA FITNESS,02,20251124,20251124,SP,7107
63793498,0001,1,EXCLUSIVA ACADEMIA FEMININA,02,20251124,20251124,PE,2359
63809621,0001,1,,02,20251125,20251125,SP,6619
63813188,0001,1,BABITONGA BEAUTY FITNESS WELLNESS,02,20251125,20251125,SC,8319
18054266,0002,2,A2 FITNESS VEGAS,02,20251126,20251126,AL,2825
63830944,0001,1,,02,20251126,20251126,RJ,6001
07594978,0815,2,,02,20251127,20251127,SP,7107
07594978,0818,2,,02,20251127,20251127,DF,9701
63847804,0001,1,MARCELO FALCAO PERSONAL TRAINER,02,20251127,20251127,RS,8801
63854003,0001,1,LIVENESS PINHALZINHO,02,20251128,20251128,SC,8253
63858566,0001,1,STUDIO IMPULSE PILATES E FISIOTERAPIA,02,20251128,20251128,SP,7107
63186103,0001,1,,02,20251014,20251014,MG,4123
62823739,0001,1,H2 FITNESS,02,20250922,20250922,BA,3581
63048743,0001,1,,02,20251006,20251006,SC,8237
63392407,0001,1,MAXIMUS FIT CENTER,02,20251028,20251028,PA,0425
63880237,0001,1,CT HONOR,02,20251201,20251201,RJ,6001
63884617,0001,1,,02,20251201,20251201,MS,9073
63891161,0001,1,FLUXO GYM,02,20251201,20251201,RJ,6001
63901856,0001,1,CT TIGER FIT,02,20251201,20251201,SP,6543
63908681,0001,1,,02,20251202,20251202,SP,6101
73305088,0003,2,FISIOPILATES JB,02,20251127,20251127,RS,8785
63914432,0001,1,OXFITNESS TRAINING CENTER,02,20251202,20251202,SC,8367
63914692,0001,1,JANAINA DOBIS PERSONAL,02,20251201,20251201,PR,7777
63919631,0001,1,ESPACO BEM ESTAR PILATES E FISIOTERAPIA,08,20260326,20251202,MG,5241
63926942,0001,1,VILLA FITNESS,02,20251203,20251203,BA,3417
63936521,0001,1,SKYFIT,02,20251204,20251204,MA,0803
62072260,0001,1,,02,20250805,20250805,RS,8791
63946659,0001,1,,02,20251205,20251205,SP,7107
63946969,0001,1,AUREA GYM ACADEMIA,02,20251205,20251205,PA,0427
63948903,0001,1,ACADEMIA TFCFITNESS,02,20251205,20251205,BA,3407
63949430,0001,1,B2S CROSS,02,20251201,20251201,RJ,5901
63742478,0001,1,,02,20251119,20251119,SP,7107
63668059,0001,1,STUDIO DE PILATES E FISIOTERAPIA,02,20251114,20251114,SE,3157
63965350,0001,1,KBAL FITNESS ACADEMIA,02,20251208,20251208,DF,9701
52640700,0005,2,,02,20251208,20251208,CE,1349
63970670,0001,1,,02,20251205,20251205,RN,1761
63971079,0001,1,GISLAINE A BARBOZA - ESP. EM ATIVIDADES FISICAS,02,20251208,20251208,PR,7667
63983847,0001,1,STUDIO DIEGO LUZ LTDA,02,20251208,20251208,RS,8801
63984370,0001,1,,02,20251209,20251209,GO,9301
63988636,0001,1,ESSENZA PILATES,02,20251203,20251203,BA,3413
63995449,0001,1,MAXIMUS FITNESS ACADEMIA,02,20251209,20251209,MG,4267
63995970,0001,1,ESPACO VITTA,02,20251209,20251209,MA,0218
63999469,0001,1,EMERSON EVOLUTION,02,20251210,20251210,CE,1233
64001502,0001,1,MBROS RUN & EVENTS,02,20251209,20251209,SP,6249
64001559,0001,1,,02,20251209,20251209,SP,7121
64001872,0001,1,SKYFIT AEROPORTO,02,20251203,20251203,SP,6477
64001882,0001,1,P2 PERFORMANCE,02,20251209,20251209,PA,0427
64002459,0001,1,LAR FITNESS,02,20251201,20251201,SP,6969
64004160,0001,1,STUDIO INSPIRIS,02,20251210,20251210,GO,9605
35074207,0002,2,MD CROSS,02,20251211,20251211,AL,0971
64014390,0001,1,STUDIO FUNCIONAL IVSON LINNEKER,02,20251210,20251210,PE,2457
64014598,0001,1,FENIX FITNESS,02,20251210,20251210,AL,2753
64030469,0001,1,MOVIMENTO FITNESS,02,20251211,20251211,TO,9273
64038101,0001,1,,02,20251209,20251209,PR,7667
64040120,0001,1,LIFE GYM ACADEMIA,02,20251209,20251209,RO,0003
64041149,0001,1,CENTRO DE TREINAMENTO,02,20251212,20251212,PA,0415
64058085,0001,1,ACADEMIA GAVIOES,02,20251215,20251215,SE,3105
64058911,0001,1,PERFORM,02,20251211,20251211,SP,6113
64063269,0001,1,ACADEMIA SPARTA M&G,02,20251215,20251215,SE,3103
64068294,0001,1,LP PERFORMANCE,02,20251215,20251215,RJ,5893
64069591,0001,1,ACADEMIA ATTITUDE 1,02,20251216,20251216,PE,2403
22902694,0177,2,,02,20251216,20251216,PE,2531
64081806,0001,1,THE ULTIMATE TRAINING OF FITNESS,02,20251216,20251216,SP,6813
64082426,0001,1,ACTION 360,02,20251216,20251216,SP,7107
64087947,0001,1,,02,20251217,20251217,PI,1219
64093158,0001,1,,02,20251216,20251216,SP,7107
64093364,0001,1,IMPACT MOVE,02,20251217,20251217,ES,0760
64095372,0001,1,BASE MEGA,02,20251216,20251216,RJ,6001
64109248,0001,1,GIL CARLOS JR PREPARACAO FISICA,02,20251218,20251218,RS,8801
64113109,0001,1,JK COMPANY FITNESS,02,20251212,20251212,MS,9051
64139029,0001,1,REABILITAR,02,20251210,20251210,BA,3691
64144155,0001,1,ON GYM,02,20251222,20251222,SP,7107
64154429,0001,1,ARENAQUATICA,02,20251222,20251222,RS,8801
64157568,0001,1,AVA ACADEMIA,02,20251222,20251222,PA,0621
64159184,0001,1,BMX PERFORMANCE,02,20251219,20251219,PR,7667
64160330,0001,1,G12 FITNESS,02,20251223,20251223,MA,0116
64170674,0001,1,ASSOCIACAO ESPORTIVA SOCIAL E CULTURAL PAPAOLEGUAS,02,20251222,20251222,PA,0427
64183001,0001,1,ACADEMIA VIGOR FITNESS,02,20251229,20251229,RN,1631
64187225,0001,1,NEXO,02,20251223,20251223,SP,7107
64185703,0001,1,MJ PERSONAL,02,20251229,20251229,GO,9511
64207264,0001,1,,02,20251230,20251230,MG,4123
07594978,0772,2,,02,20250905,20250905,SP,6377
64237574,0001,1,CARLOS FORTES TREINADOR,02,20260103,20260103,MG,4733
64262992,0001,1,,02,20251229,20251229,RJ,5865
64268911,0001,1,ACADEMIA MALHACAO,02,20251219,20251219,GO,9395
64271894,0001,1,SALUS STUDIO DE PILATES,02,20251218,20251218,PR,7607
55985404,0002,2,,02,20260105,20260105,SP,7107
64278533,0001,1,INSPIRE PILATES COBILANDIA,02,20260106,20260106,ES,5703
64285549,0001,1,LM NUTRICAO E FITNESS,02,20260106,20260106,PE,2381
62525974,0001,1,INFINITY GYM,02,20250902,20250902,MS,0143
64300244,0001,1,BF FIT CENTER,02,20260106,20260106,MT,8985
64308507,0001,1,CAROL LIMA PERSONAL TRAINER,02,20260107,20260107,SP,7107
08072295,0008,2,PRATIQUE TUBARAO,02,20260107,20260107,SC,8367
08072295,0013,2,PRATIQUE CENTRO DE PALHOCA,02,20260107,20260107,SC,8233
08072295,0019,2,PRATIQUE ARENA GUARANI,02,20260107,20260107,MG,4123
08072295,0037,2,PRATIQUE JOINVILLE - SC,02,20260107,20260107,SC,8179
08072295,0041,2,PRATIQUE ITABIRA GABIROBA,02,20260107,20260107,MG,4633
08072295,0049,2,PRATIQUE JUSTINOPOLIS,02,20260107,20260107,MG,5091
08072295,0056,2,PRATIQUE PAGANI 2- BISTEK,02,20260107,20260107,SC,8233
08072295,0067,2,PRATIQUE CRICIUMA,02,20260107,20260107,SC,8089
08072295,0073,2,PRATIQUE SERTAO MARUIM - SAO JOSE,02,20260107,20260107,SC,8327
08072295,0083,2,PRATIQUE CHACARA BETIM,02,20260107,20260107,MG,4133
08072295,0113,2,PRATIQUE INDUSTRIAL,02,20260107,20260107,MG,4371
08072295,0120,2,PRATIQUE ARENA BV,02,20260107,20260107,MG,4123
08072295,0124,2,PRATIQUE FORQUILINHAS,02,20260107,20260107,SC,8327
64332044,0001,1,ESTUDIO DE PILATES MOVIMENTO QUE TRANSFORMA,02,20260107,20260107,CE,1389
64336469,0001,1,OFICIAL TRAINING,02,20260107,20260107,GO,9373
64337285,0001,1,INPULSE BRASL,02,20260106,20260106,SP,7107
64344968,0001,1,,02,20260108,20260108,RJ,6001
64345307,0001,1,HAIS FITNESS,02,20260108,20260108,PA,0477
64367249,0001,1,STUDIO FB,02,20260109,20260109,PI,1219
64368092,0001,1,VT CENTRO DE TREINAMENTO,02,20260107,20260107,RJ,6001
64368171,0001,1,,02,20260107,20260107,SP,7145
63187346,0001,1,BLUEFIT BANCARIOS,02,20251014,20251014,PB,2051
64371270,0001,1,ZONA PRIME,02,20260109,20260109,PI,1167
64374450,0001,1,CASA IGNIS PILATES & WELLNESS,02,20260106,20260106,SP,7107
64375171,0001,1,CENTHER ACADEMIA,02,20260109,20260109,SP,6999
64384271,0001,1,,08,20260116,20260109,RS,8637
64406178,0001,1,LOOP FIT 3,02,20260112,20260112,PB,2051
64406776,0001,1,CENTRO INTEGRADO VIDA ATIVA,02,20260109,20260109,PE,0558
64410783,0001,1,,02,20260112,20260112,SP,7245
64413715,0001,1,,02,20260109,20260109,RJ,6001
64422576,0001,1,W.T.T. PILATES,02,20260112,20260112,RJ,6001
64423391,0001,1,,02,20260112,20260112,RS,5937
62566632,0001,1,ACADEMIA IRONVIDA,02,20250904,20250904,BA,3833
64434984,0001,1,STUDIO K,02,20260113,20260113,MG,4891
64438067,0001,1,,02,20260112,20260112,SP,7107
64442873,0001,1,ACADEMIA PEREK FORGE,02,20260113,20260113,PR,7599
64446971,0001,1,,02,20260113,20260113,RJ,6001
64451761,0001,1,MRA PILATES,02,20260113,20260113,RJ,6001
64457405,0001,1,TEAM H LEANDRO,02,20260113,20260113,MS,9073
64459184,0001,1,FELIPE GUTIERREZ PERSONAL,02,20260113,20260113,SP,7107
61284296,0034,2,,02,20260114,20260114,RS,8877
64477105,0001,1,CENTRO DE TREINAMENTO THE RUNNERS,02,20260108,20260108,MA,0937
64483311,0001,1,,02,20260114,20260114,RN,1759
64488353,0001,1,,02,20260114,20260114,MG,4123
64488397,0001,1,SKYFIT PARQUE PALMEIRAS,02,20260114,20260114,SP,6979
64495371,0001,1,ARCO DOURADO FITNESS E SAUDE,02,20251219,20251219,GO,9375
64499245,0001,1,LEO TRAINER,02,20260115,20260115,MG,4475
64499717,0001,1,BIOFIT,02,20260115,20260115,RN,1761
64502110,0001,1,,02,20260115,20260115,MT,9925
64502910,0001,1,BERSANI ACADEMIA DE AUTODEFESA E MUSCULACAO,02,20260115,20260115,RO,0003
64513587,0001,1,,02,20260115,20260115,SC,8179
64514106,0001,1,,02,20251220,20251220,SP,7145
52546750,0005,2,,02,20260115,20260115,MS,9125
64522396,0001,1,B3 FITNESS,02,20260114,20260114,BA,3685
64523259,0001,1,MORE LIFE,02,20260113,20260113,GO,9393
64532162,0001,1,CROSSKING,02,20260116,20260116,ES,5655
64537245,0001,1,,02,20260116,20260116,PR,7885
64538766,0001,1,CORPO EM MOVIMENTO,02,20260112,20260112,RJ,5883
64562131,0001,1,Z4 TRAINING & HEALT,02,20260119,20260119,BA,3363
64562251,0001,1,VITTA SAUDE & MOVIMENTO,02,20260116,20260116,SC,8105
64565118,0001,1,,02,20260119,20260119,MS,9051
64568735,0001,1,CMOV ESPACO FITNESS,02,20260116,20260116,PE,2443
64569889,0001,1,,02,20260119,20260119,SP,7107
64582195,0001,1,ALLP FIT,02,20260119,20260119,MG,4123
64593241,0001,1,,02,20260119,20260119,SP,6737
64594350,0001,1,MOVING PILATES,02,20260120,20260120,SP,7107
64596466,0001,1,PROJETO EMAGRECA,02,20260120,20260120,ES,5693
64601429,0001,1,,02,20260114,20260114,PB,1981
64603397,0001,1,,02,20260120,20260120,MG,4635
64604621,0001,1,METODO READY,02,20260120,20260120,SP,7047
64606941,0001,1,WJB TREINAMENTOS,02,20260120,20260120,RS,8771
64612730,0001,1,STUDIO SAUDE E FITNESS,02,20260120,20260120,RN,1837
64613147,0001,1,TTRAINER,02,20260120,20260120,SP,7107
64614089,0001,1,FUT PRIME ACADEMY,02,20260120,20260120,MG,4855
64619048,0001,1,H2O TREINAMENTOS E CONSULTORIA,02,20260121,20260121,MG,4743
64259751,0001,1,ROGERIO PERSONAL 60+,08,20260121,20260102,MG,4123
64623909,0001,1,ALCATEIA,02,20260121,20260121,SE,3111
64625077,0001,1,PERFORMA,02,20251203,20251203,RJ,6001
41609229,0006,2,,02,20260121,20260121,SP,7107
64634622,0001,1,,02,20260119,20260119,PE,2531
64636658,0001,1,REIVAX - CORPO EM ACAO,02,20260121,20260121,RJ,6001
64637021,0001,1,,02,20260119,20260119,AM,0255
64639042,0001,1,PEDRINI CENTRO DE TREINAMENTO,02,20260121,20260121,MS,9107
64639440,0001,1,,02,20260121,20260121,RJ,5869
62627980,0001,1,,02,20250909,20250909,SP,7075
64652402,0001,1,NEW LIFE HUMAITA,02,20260122,20260122,RJ,6001
64657677,0001,1,,02,20260121,20260121,SP,7107
64660508,0001,1,ACADEMIA BONECA DE ACO,02,20260121,20260121,MT,8987
64662065,0001,1,AUGUSTO PERSONAL,08,20260402,20260122,ES,5625
64662633,0001,1,,02,20260122,20260122,SP,7099
64664075,0001,1,AMANDA SEBEN PILATES E LPF,02,20260122,20260122,PR,7541
64666879,0001,1,VFP TREINAMENTO E SAUDE,02,20260122,20260122,SP,7107
64669537,0001,1,IDEAL SHAPE ACADEMIA,02,20260122,20260122,SC,8089
64669952,0001,1,PHYSIC BLZ,02,20260122,20260122,RS,8801
59505702,0002,2,,02,20260122,20260122,SC,8179
64672332,0001,1,,02,20260121,20260121,SP,7107
64676188,0001,1,GTRAINNING - NUCLEO DE TREINAMENTO FUNCIONAL,02,20260123,20260123,MG,4305
22902694,0189,2,,02,20260123,20260123,PA,0415
64680884,0001,1,GC CROSS FITNESS E PILATES,02,20260122,20260122,SP,7113
64682357,0001,1,,02,20260123,20260123,RN,1801
64682817,0001,1,ACADEMIA 24H JACU PESSEGO,02,20260123,20260123,SP,7107
64684288,0001,1,,02,20260116,20260116,SP,6179
64693692,0001,1,ACADEMIA MONTEIRO FITNESS,02,20260123,20260123,RJ,5819
64706111,0001,1,,02,20260123,20260123,DF,9701
64708329,0001,1,ACADEMIA GW FIT,02,20260126,20260126,BA,3529
64718196,0001,1,ESTATUTI FITNSS,02,20251229,20251229,SP,7183
64718456,0001,1,ACADEMIA ATITTUDE,02,20260126,20260126,PR,7691
64719098,0001,1,ACADEMIA SKY FIT,02,20260123,20260123,BA,3993
64723427,0001,1,ABBONIZIO PERSONAL,02,20260126,20260126,SP,6969
64727206,0001,1,VORAH ACADEMIA,02,20260122,20260122,PB,1987
64731293,0001,1,,02,20260127,20260127,RS,8771
64731438,0001,1,AMORIM PERSONAL,02,20260127,20260127,PR,7535
64733438,0001,1,ESPACO DO PILATES E FISIOTERAPIA,02,20260127,20260127,PR,7667
64733998,0001,1,CRM ACADEMIA,02,20260116,20260116,PR,7565
64735494,0001,1,,02,20260121,20260121,SP,6529
64735952,0001,1,,02,20260127,20260127,ES,5647
64736916,0001,1,,02,20260127,20260127,SP,6291
64743611,0001,1,ESSENCIA SAUDE E MOVIMENTO,02,20260127,20260127,SP,6551
64750188,0001,1,,02,20260127,20260127,CE,1545
64755120,0001,1,ACADEMIA GAVIOES,02,20260128,20260128,SP,7145
64758390,0001,1,CAMELIA PILATES ESMALTERIA E ESTETICA INTEGRADA,02,20260128,20260128,SP,7077
64763848,0001,1,ACADEMIA VITORIA FIT,02,20260127,20260127,PA,0401
64764437,0001,1,VITTA SAUDE E PERFORMANCE,02,20260122,20260122,ES,5611
64767500,0001,1,,02,20260128,20260128,MG,4895
64773142,0001,1,,02,20260127,20260127,BA,3449
64780016,0001,1,DB PERSONAL TRAINER,02,20260128,20260128,BA,3849
64784322,0001,1,MEDALLIA FIT,02,20260129,20260129,MG,5037
64784742,0001,1,ORION ACADEMIA,02,20260123,20260123,MT,9907
64787877,0001,1,,02,20260122,20260122,RJ,5807
64788495,0001,1,MARINA LANFERDINI FISIOTERAPIA ESPECIALIZADA,02,20260129,20260129,PR,7535
64792094,0001,1,MOVA-SE,02,20260128,20260128,PR,7885
64797621,0001,1,ACADEMIA JOY,02,20260130,20260130,PR,0862
60949392,0005,2,,02,20260130,20260130,GO,9473
64819307,0001,1,VANDINHO PERSONAL TRAINER,02,20260129,20260129,MG,4031
