cnpj_basico,cnpj_ordem,matriz_filial,nome_fantasia,situacao,data_situacao,data_inicio,uf,municipio_codigo
39881972,0001,1,EQUILIBRE FISIO,08,20220519,20201123,SE,3105
39886568,0001,1,TOP UP FITNESS,02,20201124,20201124,CE,1389
39896109,0001,1,,08,20210105,20201124,PR,0870
39912925,0001,1,ACADEMIA + FIT FUNCIONAL E MUSCULACAO,02,20201125,20201125,RS,8791
39917234,0001,1,C. T. PATRICK GALVAO,02,20201125,20201125,AP,0605
39921932,0001,1,CORPOFIT,02,20201126,20201126,AL,2785
39925927,0001,1,UBER FIT TERRA NOVA ACADEMIA DE MUSCULACAO,02,20201126,20201126,MG,5403
39934198,0001,1,BASE 158 GUARULHOS,02,20201127,20201127,SP,6477
39938421,0001,1,ROOTS FUNCIONAL,02,20201127,20201127,GO,9221
39959206,0001,1,POWER FIT,08,20240219,20201130,RN,1761
39969160,0001,1,REVERTE GYM,04,20220610,20201201,SP,6921
39974194,0001,1,FM SPORTS,02,20201201,20201201,DF,9701
38261563,0011,2,,08,20211130,20201201,ES,5703
39975900,0001,1,ACADEMIA EXTREME,02,20201201,20201201,PR,7583
39978320,0001,1,ACADEMIA TOP FITNESS,08,20240415,20201201,BA,3371
39987384,0001,1,,08,20211213,20201202,RS,8801
39993608,0001,1,ACADEMIA INVICTUS,04,20260603,20201202,SC,8161
38261563,0019,2,,08,20211130,20201203,CE,1389
40006325,0001,1,CF ANUBIS,08,20210616,20201203,RJ,5877
40019048,0001,1,PRO FITNESS ACADEMIA,02,20201204,20201204,SP,6863
40021348,0001,1,MOVIMENTO E FORMA FITNESS,02,20201204,20201204,MT,9067
40036483,0001,1,HIGH VOLTAGE GYM TRAINING CENTER,08,20260108,20201207,PE,2631
40041341,0001,1,CORPUS SPORT CENTER,02,20201207,20201207,CE,1417
40059756,0001,1,GYM FITNESS,04,20260611,20201209,AP,0607
40061089,0001,1,NORDESTE FITNESS,02,20201209,20201209,RN,1761
24921465,0047,2,,08,20230906,20201209,SP,6929
40064095,0001,1,,02,20201209,20201209,SP,6849
18996615,0002,2,STUDIO PERSONAL AMANDA AMORIM,08,20201209,20171215,BA,1112
22311095,0002,2,OLIMPIA FITNESS,08,20230929,20201210,PR,7583
26000515,0001,1,,08,20201210,20160822,SP,7107
36181670,0001,1,,08,20201210,20200129,GO,9473
40083837,0001,1,,02,20201211,20201211,RJ,6001
40090054,0001,1,CROSS EXPERIENCE FLAMBOYANT,08,20230105,20201211,SP,6291
40098817,0001,1,ACADEMIA CRYS7,02,20201214,20201214,CE,1585
40100235,0001,1,ACADEMIA STARGYM,08,20260430,20201214,CE,1373
40107055,0001,1,MILENA DICKEL PERSONAL TRAINER,02,20201214,20201214,RS,9821
40117013,0001,1,ACADEMIA OLIMPICA SAO LOURENCO,02,20201215,20201215,PR,7535
40119510,0001,1,ACADEMIA BIOFIT,02,20201215,20201215,BA,3867
38261563,0027,2,,08,20211130,20201216,PE,2531
40134707,0001,1,AUGE FITNESS,04,20260522,20201216,BA,3685
40022033,0001,1,ACADEMIA TECAO,02,20201204,20201204,BA,3947
40139351,0001,1,ACADEMIA M 3,02,20201217,20201217,PE,0548
40151091,0001,1,VITTAL FIT,02,20201218,20201218,BA,3773
40153042,0001,1,EMPODERA FITNESS,02,20250129,20201218,SP,6415
40155309,0001,1,S S FITNESS,02,20241021,20201218,RN,1741
40158721,0001,1,STUDIO VILLA'S PILATES,02,20201218,20201218,MT,9151
40161031,0001,1,TEAM LEMOS,02,20201218,20201218,MA,0921
28686028,0001,1,,08,20201221,20170920,ES,5693
40166723,0001,1,,08,20250325,20201221,RJ,6001
40169340,0001,1,,02,20201221,20201221,ES,5703
40184026,0001,1,STUDIO DE TREINAMENTO FERNANDO NUNES,02,20201222,20201222,CE,1373
40184457,0001,1,ACADEMIA PARK FITNESS,04,20220607,20201222,PA,0427
40187443,0001,1,SFRP TREINAMENTO ESPORTIVO E FITNESS LTDA,08,20231026,20201223,SP,7097
40189081,0001,1,J C ACADEMIA,02,20201223,20201223,PE,2289
40209440,0001,1,LIFE UP,02,20201228,20201228,MG,4941
26873084,0002,2,JULIANE DIAS STUDIO DE PILATES,08,20221230,20210104,MG,4939
40239902,0001,1,FAMILY HEALTH,04,20231116,20210104,SP,7197
30358026,0001,1,LIMIT FITNESS,08,20210324,20180503,RS,8669
40246136,0001,1,CENTRO TREINAMENTO OLIVEIRA,02,20210104,20210104,MG,5023
40255302,0001,1,ACADEMIA HELLO FORCE TRAINING,02,20210105,20210105,PR,7479
40255414,0001,1,,08,20211209,20210105,SP,6451
40259148,0001,1,,02,20210105,20210105,SC,8105
40285492,0001,1,,02,20210106,20210106,MG,4123
32134639,0002,2,TT ACADEMIA,08,20220817,20210107,PI,1211
36819021,0002,2,META CENTRO DE TREINAMENTO,08,20241022,20210107,RS,7353
40300780,0001,1,SEVEN FIT,02,20240415,20210107,RJ,6001
40307236,0001,1,FORCA E FORMA ACADEMIA,02,20210108,20210108,PA,0048
40307422,0001,1,B9 TREINAMENTO,04,20231106,20210108,PR,7535
40314300,0001,1,M&G ASSESSORIA ESPORTIVA,02,20210108,20210108,RJ,6001
40314542,0001,1,ACADEMIA EVOLUTION TRAINING,04,20240821,20210108,RJ,2921
40386456,0001,1,NEXT,02,20210113,20210113,RS,8791
40394593,0001,1,TOTAL HEALTHY ACADEMIA,02,20210114,20210114,SP,6305
40400135,0001,1,STUDIO NOVO CORPO,04,20260610,20210114,MG,4123
40404374,0001,1,PHELIPE DI SANTI,08,20210705,20210114,SE,3105
36673089,0001,1,CROSS EXPERIENCE ATIBAIA,08,20220707,20200313,SP,6181
40436436,0001,1,,02,20210118,20210118,SP,6607
40438620,0001,1,BLACK FIT,02,20210118,20210118,SP,6487
40439635,0001,1,STUDIO MOVEMENT,02,20210118,20210118,PA,0639
40445362,0001,1,,02,20210118,20210118,RS,8955
40453881,0001,1,,02,20210119,20210119,PA,0509
40476238,0001,1,FIRST BOX,08,20240726,20210120,MG,4927
40495639,0001,1,THE KING MUSCULACAO E PILATES,02,20210121,20210121,SC,5737
40498092,0001,1,TREINADOR CARLOS FIGUEIRA,02,20210121,20210121,SP,6579
40504766,0001,1,ACQUA POWER HIDROGINASTICA E NATACAO,02,20210121,20210121,GO,9485
40505951,0001,1,,08,20220504,20210121,SP,6903
40506955,0001,1,STUDIO BODY FITNESS,02,20210121,20210121,RJ,6001
40508176,0001,1,,02,20210121,20210121,RS,8417
40516656,0001,1,,04,20231116,20210122,PE,2351
40518674,0001,1,,02,20210122,20210122,PR,7535
40525936,0001,1,G7 CROSS TRAINING,02,20210122,20210122,RS,8705
40544680,0001,1,PROL SAUDE,02,20210125,20210125,BA,3689
40559646,0001,1,,02,20210126,20210126,RJ,5807
40563776,0001,1,VIDA ACADEMIA,02,20210126,20210126,SP,6215
40567290,0001,1,,02,20210126,20210126,SC,8039
40567530,0001,1,START CROSS,02,20210126,20210126,SP,6131
40570678,0001,1,IMPACTOS FIT,02,20210126,20210126,GO,9227
40580963,0001,1,HUNTERS CROSS TRAINING,02,20240326,20210127,CE,1389
40583686,0001,1,MY BOX S1,08,20220104,20210127,RJ,5897
40586522,0001,1,STARFIT ACADEMIA,04,20240807,20210127,TO,9685
40587371,0001,1,WD FIT ACADEMIA,08,20220307,20210127,BA,3373
40591369,0001,1,S M PERSONAL,02,20210127,20210127,RJ,5839
40593867,0001,1,,02,20210127,20210127,RJ,5837
40594255,0001,1,FORMA ACADEMIA,02,20210127,20210127,PI,1219
29254843,0001,1,ACADEMIA FOCUS,02,20171212,20171212,PR,7791
40606743,0001,1,,02,20210128,20210128,SC,8179
40608842,0001,1,,02,20210128,20210128,MG,5301
18648823,0003,2,K FIT,02,20210128,20210128,PI,1077
40611523,0001,1,OMS,02,20210128,20210128,SC,8113
40612043,0001,1,CT NA PONTA DO PE,08,20211116,20210128,DF,9701
26068436,0001,1,D+FITNESS,08,20210129,20160831,PE,2531
40635301,0001,1,ENGENHARIA DO CORPO,02,20210129,20210129,SC,8105
40646554,0001,1,ASTRAND FITNESS ACADEMIA,02,20210201,20210201,SP,6291
40653097,0001,1,CROSS EXPERIENCE NOSSO TETO,08,20240509,20210201,SP,6953
40655892,0001,1,BOX 21 CROSS TRAINING,02,20210201,20210201,ES,5661
40661929,0001,1,LEAD ACADEMIA,08,20210903,20210201,SC,8383
40668056,0001,1,ACADEMIA MOVIMENTO,02,20210202,20210202,MA,0921
40668452,0001,1,ACADEMIA FOGUINHO ESPORTES,02,20210202,20210202,SP,7133
28565725,0001,1,BARBOZASPORTES,04,20210203,20170903,SP,6637
40687093,0001,1,STUDIO DE TREINAMENTO E SAUDE MARCELO PRADO,02,20210203,20210203,SP,7145
40705025,0001,1,LPO BRASIL,08,20240229,20210204,RS,8801
40718805,0001,1,START TRAINING,02,20210204,20210204,RS,8839
29808852,0001,1,BOX COLOSSO,02,20180228,20180228,CE,1389
40729051,0001,1,STUDIO MULHERES FIT,02,20210202,20210202,PB,2179
40733386,0001,1,ANDERSON EI,04,20240815,20210205,RJ,6001
40734081,0001,1,ACADEMIA MEGA FITNES,02,20210205,20210205,BA,3593
40737247,0001,1,ACADEMIA NOSSO FOCO NOSSA META,02,20210205,20210205,MG,4315
40740968,0001,1,VFITNESS,02,20210206,20210206,PR,7815
30558698,0001,1,STUDIO PILATES FERNANDA VIANA,02,20250211,20180525,DF,9701
40759411,0001,1,M E SPORTS,08,20211026,20210208,GO,9535
40759421,0001,1,DIEGO TORRES STUDIO PERSONAL ATALAIA,02,20210208,20210208,SE,3105
27071291,0001,1,FERNANDO TAEKWONDO,08,20260514,20170209,ES,5705
40781860,0001,1,,08,20211025,20210209,PE,2521
40784623,0001,1,POWER FIT,08,20260528,20210207,PE,2629
27023552,0001,1,,04,20260525,20170203,DF,9701
28640564,0001,1,FER BORBES PERSONAL E ARTIGOS FITNESS,04,20210210,20170914,GO,9379
40793037,0001,1,,02,20210210,20210210,RJ,6001
40793225,0001,1,SPORTFITNESS,02,20210210,20210210,RN,1761
40794589,0001,1,CLINICA VITALLE,02,20210210,20210210,SP,6149
40800467,0001,1,PILATES 7.8,02,20210210,20210210,SP,6477
40801965,0001,1,CASA DO KAME,08,20220721,20210210,PE,2401
40804785,0001,1,MY FITNESS PRIME,02,20210210,20210210,PR,7633
40805380,0001,1,ACADEMIA MAROMBA,02,20210210,20210210,GO,1066
40813680,0001,1,CPM FTNESS,02,20210211,20210211,CE,1389
40820348,0001,1,ACADEMIA RR,02,20210211,20210211,MG,5157
35285850,0001,1,SPORT TOTAL FITNESS ACADEMIA,08,20240327,20191023,GO,9373
31288290,0002,2,,08,20241105,20210212,DF,9701
25032265,0002,2,,02,20190725,20190725,PR,7667
40833635,0001,1,,02,20210212,20210212,SP,7057
40837603,0001,1,,02,20240808,20210212,MG,4445
40838688,0001,1,R.P TREINAMENTOS E CONSULTORIA,02,20210212,20210212,GO,9373
40842201,0001,1,,02,20210212,20210212,SC,8047
40851327,0001,1,,02,20210215,20210215,PR,7625
40851383,0001,1,EFTEAM,02,20210215,20210215,PA,0433
40857298,0001,1,BOX 160,02,20210215,20210215,SP,7071
40857756,0001,1,IZA COSTA TREINAMENTO FISICO,02,20210215,20210215,MG,4167
40309183,0001,1,CM PERFORMANCE,04,20260610,20210108,MG,4061
40875735,0001,1,PAREDOES DA PRAIA,02,20210217,20210217,RJ,6001
39981629,0001,1,STUDIO DELTA,02,20201201,20201201,BA,3861
29310670,0001,1,,02,20171221,20171221,SP,7107
40893839,0001,1,,02,20210218,20210218,SP,6323
27683888,0001,1,,08,20210226,20170509,PR,7885
28340850,0001,1,ACADEMIA BEAT DOWN GYM,04,20210219,20170804,PA,0427
40912485,0001,1,ACADEMIA CSFF,02,20210219,20210219,PR,7595
33651556,0002,2,,08,20240126,20210219,DF,9701
40914779,0001,1,,08,20250331,20210219,AL,2735
40931104,0001,1,MR GALPAO FITNESS,08,20220712,20210222,PB,1931
40932078,0001,1,,02,20210222,20210222,SE,3157
40936828,0001,1,TF42,02,20240129,20210222,PE,0552
40937074,0001,1,INSTITUTO HOPE,02,20210222,20210222,SP,6155
40939029,0001,1,CROSS EXPERIENCE,02,20210222,20210222,SP,6469
40955507,0001,1,GTC SPORTS,08,20220519,20210223,SP,7107
40958272,0001,1,GUABIFISIO,02,20210223,20210223,SC,8123
31549599,0001,1,ONEFIT ACADEMIA E TURISMO,02,20220620,20180919,MT,9871
40969416,0001,1,CROSS EXPERIENCE JARDIM ESPERANCA,02,20210224,20210224,MG,4733
40977384,0001,1,,08,20250129,20210224,MG,5125
40980338,0001,1,CENTRO DE TREINAMENTO VULCANO,02,20210224,20210224,RJ,5897
40981842,0001,1,,02,20210224,20210224,PR,7731
40794045,0001,1,WJ SERVICOS,02,20210210,20210210,TO,9321
40994421,0001,1,PR ACADEMY,02,20210225,20210225,RN,1725
26903397,0001,1,HABITAT HEALTH,02,20240205,20170119,SP,7107
27526059,0001,1,,04,20210226,20170412,SP,7107
41006714,0001,1,MANIA FIT,04,20240902,20210226,SP,7157
41006871,0001,1,MONTANHA FITNESS,02,20210226,20210226,BA,3849
41009281,0001,1,CORPO EM MOVIMENTO,02,20210226,20210226,RS,8877
41014611,0001,1,ARENA BEACH BALL,08,20250709,20210226,GO,9511
41017951,0001,1,PERSONALE FITNESS,02,20210226,20210226,AL,2785
41023582,0001,1,ZOOM FITNESS,02,20210227,20210227,PR,7535
41039740,0001,1,BUSH STUDIO,08,20240822,20210301,PR,7407
41047210,0001,1,OVERALL FITNESS CLUB,04,20231030,20210301,MS,9137
41048699,0001,1,ACADEMIA ENNES,02,20210302,20210302,RS,8933
41054539,0001,1,HF FITNESS,04,20231106,20210302,MG,4351
41063838,0001,1,CENTRO DE TREINAMENTO - MURALHA,08,20230207,20210302,MA,0921
27644846,0001,1,LUCIANO SALES PERSONAL TRAINER,04,20240820,20170503,MA,0921
41067461,0001,1,AFERA,02,20210303,20210303,MG,4079
41070810,0001,1,GIRLS FITNESS,02,20210303,20210303,MG,4665
27218928,0001,1,CWB FISIOTERAPIA,08,20210303,20170303,PR,7535
26841022,0001,1,ACADEMIA POWER HOUSE,08,20211203,20170111,RS,8901
41093621,0001,1,,02,20210304,20210304,RS,8851
41093991,0001,1,,02,20210304,20210304,RJ,6001
41095735,0001,1,ACADEMIA COMPASSFIT,02,20210304,20210304,SP,6589
41105410,0001,1,MIKAEL MEDEIROS PERSONAL TRAINER,08,20220131,20210305,PB,2051
40812523,0001,1,VOOGA FITNESS,02,20210211,20210211,RJ,6001
41122070,0001,1,LS PERSONAL TRAINER,02,20210307,20210307,CE,1419
41127413,0001,1,REABILIT CENTRO CLINICO,02,20210308,20210308,RS,8569
41133234,0001,1,RHUMAS FITNESS ACADEMIA,08,20230831,20210308,BA,3847
41147417,0001,1,ACADEMIA DO COELHO,08,20221025,20210309,RN,1761
35672159,0001,1,,04,20210310,20191202,SP,7149
27671126,0001,1,ASS TRIADE,04,20210311,20170508,RJ,6001
28026002,0001,1,,04,20260601,20170623,RJ,6001
29214810,0001,1,,04,20210311,20171206,RJ,6001
41172212,0001,1,C T LISBOA FITNESS,04,20260527,20210310,BA,3965
41196978,0001,1,ESTUDIO DE TREINAMENTO H A,02,20210312,20210312,PA,0441
41212636,0001,1,,02,20210315,20210315,MG,5435
41218333,0001,1,BOX 4 DE MAIO,02,20210315,20210315,GO,9221
41219826,0001,1,CENTRO DE TREINAMENTO AF FITNESS,02,20210315,20210315,CE,1339
41226328,0001,1,CENTRO DE TREINAMENTOS PRISCILA ROCHA,08,20251205,20210316,PA,0483
41230050,0001,1,UP TRAINER ACADEMIA,02,20210316,20210316,MG,4223
41231760,0001,1,FIT BOX,02,20210316,20210316,RJ,6001
41231889,0001,1,CROSS LIFE VERA CRUZ,02,20210316,20210316,RS,8957
41237530,0001,1,OLDSCHOOL,02,20210316,20210316,MT,9871
41244651,0001,1,FITFISIO BRASIL,08,20250425,20210317,CE,0991
41246220,0001,1,CENTRO FISICO DEMOUT 2,02,20210317,20210317,RJ,5863
41250676,0001,1,MOVE TEAM,02,20210317,20210317,RJ,5849
41252132,0001,1,ENGENHARIA DO CORPO,02,20210317,20210317,MS,9051
41259949,0001,1,ACADEMIA TOP FITNESS,04,20260525,20210317,MT,9867
28586800,0001,1,PESO LIVRE,08,20220323,20170905,SC,8179
30247087,0002,2,,08,20220513,20210318,SP,6291
41271646,0001,1,CROSS EXPERIENCE,08,20240118,20210318,MG,5397
41283932,0001,1,STUDIO 4X4 CENTRAL FIT,04,20240820,20210319,MA,0921
41286043,0001,1,KING STUDIO,02,20210319,20210319,SC,8349
41286416,0001,1,APLICATIVO AKVA,08,20240229,20210319,SC,8199
41297279,0001,1,TR PERFORMANCE E CIENCIA,02,20210322,20210322,MG,4123
41305502,0001,1,DELLAS FIGTH,08,20240625,20210322,SP,6209
38427236,0001,1,CROSS EXPERIENCE GRA DUQUESA,02,20200911,20200911,MG,4553
39552767,0001,1,FOCUS FITNESS,02,20201025,20201025,AL,2885
41323631,0001,1,MARIANA COSTA E SILVA ESPORTES,02,20210323,20210323,SP,7145
41330295,0001,1,EVOLUTHION GYM,02,20210324,20210324,PB,2221
26802067,0001,1,SQUARISI ASSESSORIA ESPORTIVA,08,20210331,20170105,SP,6291
41339252,0001,1,SINTONIA STUDIO PILATES,02,20210324,20210324,RJ,5853
41340923,0001,1,ALZA FITNESS,02,20210324,20210324,RS,8729
41350268,0001,1,CENTRO DE TREINAMENTO 73,02,20210325,20210325,BA,3711
41351621,0001,1,BOX 037,02,20210325,20210325,MG,4521
41158699,0001,1,POWERFIT ACADEMIA,02,20210310,20210310,MG,5191
41362149,0001,1,CENTRO DE DESENVOLVIMENTO INFANTIL DOMAN BRASIL,08,20211208,20210326,DF,9701
41364643,0001,1,,02,20210326,20210326,RJ,6001
41367949,0001,1,AMAZON FIT,02,20210326,20210326,AP,0605
41381968,0001,1,ACADEMIA STUDIO FITNESS,02,20210329,20210329,PA,0415
26233035,0001,1,DNA FITNESS,08,20250603,20160926,MG,5071
41400408,0001,1,FUNCIONAL FIT,04,20260608,20210330,AM,0221
41413768,0001,1,CT3 PATETAS,02,20210331,20210331,RJ,6001
41414683,0001,1,CAON STUDIO DE PILATES,08,20250116,20210331,SC,8183
41417790,0001,1,"PREVINE, CENTRO DE SAUDE FISICA",04,20231113,20210331,RS,8791
41436088,0001,1,ACADEMIA START FITNESS,02,20210401,20210401,ES,5611
41459782,0001,1,BUFFALUS FITNESS CENTER,02,20210405,20210405,SC,8221
41459831,0001,1,HMOOVE STUDIO FITNESS,02,20210405,20210405,SC,8353
41462700,0001,1,,02,20210405,20210405,RS,8649
26684807,0001,1,CLEITON FIGHT TEAM PERSONAL,04,20210406,20161208,SP,7075
41467775,0001,1,STUDIO EQUILIBRIUM PILATES E SAUDE,02,20210406,20210406,MG,5403
25988496,0001,1,ESPACO AGUA VITAL,08,20250121,20160819,BA,3849
41494731,0001,1,ALVORFIT,02,20210407,20210407,AP,0609
41511313,0001,1,PILATES HILARIAO STUDIO DE CONTROLOGIA,02,20210409,20210409,BA,3849
41519733,0001,1,PRIMEFIT,02,20210409,20210409,RJ,6001
41522876,0001,1,TOP FITNESS,02,20210409,20210409,PI,1227
41523013,0001,1,STUDIO LUANA DIAS,04,20260609,20210409,MS,9051
41534680,0001,1,HONEST MARKET,02,20210412,20210412,SP,7099
41568873,0001,1,,02,20210414,20210414,SP,7201
41569954,0001,1,RAR CONSULTORIA ESPORTIVA,08,20230131,20210414,RJ,6001
34673224,0001,1,,08,20210413,20190827,PR,7885
28014707,0001,1,,04,20210415,20170622,SP,6687
41588219,0001,1,ENGENHARIA DO CORPO,08,20210415,20201105,RN,1761
41594781,0001,1,RAFAEL ENGRAZIA STUDIO FITNESS,02,20210415,20210415,RS,8801
27753310,0001,1,ACADEMIA HD FITNESS,04,20210416,20170517,MG,4123
41472870,0001,1,TRIBO LAB CROSS TRAINING,02,20210406,20210406,MG,5041
41607403,0001,1,CENTRO DE TREINAMENTO ESPORTIVO ESTUDIO MONICA SILVA,02,20210416,20210416,MG,5273
41607585,0001,1,INTENSE JAU,08,20220609,20210416,SP,6607
33776374,0001,1,MONSTER ACADEMIA,04,20210419,20190530,SP,6639
41638722,0001,1,,08,20230109,20210420,RS,8801
41641092,0001,1,PRIME GYM ESPACO FITNESS,02,20210420,20210420,BA,3849
41647167,0001,1,,02,20210420,20210420,MG,4413
41647452,0001,1,ACLA'SSPORTS,02,20210420,20210420,SP,7107
41662728,0001,1,PAULO DAINEZE STUDIO PERSONAL TRAINER,02,20210420,20210420,PR,7859
41685416,0001,1,INSTITUTO SARAIVA,02,20210423,20210423,CE,1389
41697671,0001,1,ACADEMIA DE MUSCULACAO LEAO DE JUDA,02,20241210,20210426,MS,9063
38261563,0023,2,,08,20211130,20201214,BA,3849
34846108,0001,1,HOMEOSTASE,02,20190912,20190912,MG,4625
40284078,0001,1,BMC ATIVIDADE PROFISSIONAL,08,20210426,20210106,RS,8813
41712919,0001,1,,02,20210427,20210427,RS,8599
41714005,0001,1,REACAO FIT LTDA,02,20210427,20210427,RJ,6001
41717389,0001,1,TRIBO ARRAIAL,02,20210427,20210427,BA,3807
41720538,0001,1,,02,20210427,20210427,SP,7107
41731982,0001,1,WR FIT,04,20260609,20210428,MT,9167
30558843,0001,1,ESSENCIAL,04,20240822,20180525,SP,6861
41737847,0001,1,ACADEMIA POP STAR,08,20260319,20210428,PA,0535
41751295,0001,1,CROSS EXPERIENCE LONDRINA - MARITACAS,08,20230823,20210429,PR,7667
41752095,0001,1,INFOCCO ACADEMIA,02,20210429,20210429,SP,6789
41760164,0001,1,,02,20210429,20210429,PR,7857
41761374,0001,1,META X PERFORMANCE,02,20210429,20210429,SP,7107
29484473,0001,1,,08,20211014,20180119,SP,7135
41764706,0001,1,ACADEMIA SMARTLIFE,02,20210429,20210429,BA,3849
41771514,0001,1,ACADEMIA ALPHA SHAPE,08,20230815,20210430,SC,8093
41775163,0001,1,,02,20210430,20210430,SP,6213
41776301,0001,1,THAIS MOURA AULAS DE CONDICIONAMENTO FISICO,02,20210430,20210430,SP,6511
41787937,0001,1,CROSS EXPERIENCE,02,20210503,20210503,RS,8531
41796468,0001,1,,02,20210503,20210503,SP,6477
41797262,0001,1,CLINICA DE PILATES DR. MATHEUS PINTANEL,02,20210503,20210503,RS,8791
41808066,0001,1,XTREME,08,20210625,20210504,RJ,5847
41823434,0001,1,,04,20231030,20210505,PA,0415
41824551,0001,1,STUDIO BOOX,08,20220822,20210505,SP,7107
41826349,0001,1,,02,20210505,20210505,SP,6165
41828288,0001,1,ACADEMIA LIBERTY,04,20240808,20210505,MS,9051
41836331,0001,1,LA FITNESS,02,20210505,20210505,CE,1469
41837125,0001,1,SMART PLAY ACADEMIA,02,20210505,20210505,PR,9983
41865655,0001,1,ASSESSORIA JHADY REIS,02,20210507,20210507,MT,9779
18761137,0002,2,ATLETICA ACADEMIA,02,20210507,20210507,SC,8081
41869053,0001,1,CF MOIKANOS,02,20210507,20210507,SP,6291
41898174,0001,1,ESPACO AGUA,02,20210511,20210511,RJ,6001
41912024,0001,1,POWERGIM,02,20210512,20210512,CE,1447
41917187,0001,1,STUDIO DILCEU BARROS,02,20210512,20210512,RS,8877
41917486,0001,1,PERFORMANCE TRAINING ACADEMIA,02,20210512,20210512,ES,5703
41918969,0001,1,CROSS EXPERIENCE,02,20210512,20210512,PE,2381
41926974,0001,1,ACADEMIA LA VITA,03,20220414,20210512,PA,0427
41927628,0001,1,ESTUDIO VP TRAINER,08,20250703,20210513,SP,7107
41928518,0001,1,AGBOX STUDIO,08,20260122,20210513,PB,2051
41930129,0001,1,RUBEM.STACIARINIPUTTINI@GMAIL.,08,20231229,20210513,DF,9701
41932135,0001,1,SURYA ASSESSORIA ESPORTIVA,02,20210513,20210513,SP,7107
41936145,0001,1,ARENAT3,08,20251017,20210513,BA,3397
41946976,0001,1,THETA ALTA PERFORMANCE,03,20250429,20210514,PR,7535
41950942,0001,1,FAESTUDIO,02,20210514,20210514,ES,5721
41951473,0001,1,ACADEMIA INOVE,02,20210514,20210514,RS,8509
33269154,0001,1,STUDIO THIAGO LIMA,02,20190405,20190405,BA,3515
33331371,0001,1,,08,20210512,20190411,PR,7777
33389233,0001,1,ANJUS CROSS CENTRO DE TREINAMENTO,02,20250305,20190417,RJ,5853
33641806,0001,1,SENHUKI EQUILIBRIO,02,20190516,20190516,SP,7089
38305387,0001,1,,02,20200901,20200901,AL,2785
33861405,0001,1,SMART FIT,02,20190607,20190607,DF,9701
27624567,0001,1,SOUTH PILATES,08,20210324,20170428,CE,1389
27429856,0001,1,BEATITUDE - PILATES E TREINAMENTO FUNCIONAL,02,20170330,20170330,SP,7107
27629593,0001,1,YNSPIRE YOGA,08,20210218,20170502,SC,8175
27650890,0001,1,,08,20211125,20170504,SP,6569
34283968,0001,1,EVOLUCAO EM MOVIMENTO,08,20221028,20190722,RS,8801
34320451,0001,1,IRON FITNESS ACADEMIA,08,20260209,20190725,SP,7121
27695817,0001,1,,08,20180521,20170510,PR,7535
34427741,0001,1,MF MUSCLI FIT,02,20190805,20190805,SP,6547
34573639,0001,1,MANAHAU CROOSFIT,02,20190819,20190819,GO,9543
34608351,0001,1,HIDROTHERMAS,08,20231220,20190820,PE,2513
34668901,0001,1,,02,20190827,20190827,ES,5703
34670195,0001,1,BEE FIT,02,20190827,20190827,PI,1159
27790892,0001,1,MOVIKIDS,08,20180906,20170522,PR,7535
35337343,0001,1,FISIO LIFE CENTRO DE PILATES,02,20191029,20191029,BA,3849
35387947,0001,1,BOX TEAM CASSARO,02,20191101,20191101,ES,5703
30780370,0001,1,CTI FABRICIO BORGES,02,20180621,20180621,RJ,5849
27915351,0001,1,NANDO SILVA,08,20260312,20170607,RJ,5889
36098863,0001,1,,08,20210304,20200122,MG,4733
36242666,0001,1,JL STUDIO,02,20200204,20200204,PR,7807
27984886,0001,1,BARBOZA PREPARACAO FISICA,08,20191202,20170619,RS,8791
36414396,0001,1,A3 ACADEMIA,02,20200218,20200218,PB,2051
36491675,0001,1,TOP FITNESS,02,20200227,20200227,RJ,5865
28075753,0001,1,HANGAR GYM,02,20170628,20170628,SP,7225
37021418,0001,1,VAYU CORPO EM MOVIMENTO,08,20200625,20200428,SC,8105
37082924,0001,1,BFIT,02,20200507,20200507,MG,4675
28193771,0001,1,DIOGO FROES ARANTES,04,20210212,20170717,GO,9625
37129063,0001,1,,08,20210108,20200512,PR,7591
37207554,0001,1,BOX MILENIO,04,20240813,20200522,ES,5703
28275701,0001,1,SMART COMPANY ACADEMIA,02,20170727,20170727,SP,6553
28322206,0001,1,JULIA LIMA PERSONAL,04,20210318,20170802,SC,8105
25966648,0001,1,PEQUENOS GUERREIROS BRAZILIAN JIU-JITSU,08,20190919,20160817,RJ,5809
13387209,0002,2,ACADEMIA VIDA ATIVA,08,20220420,20160901,SP,6445
28400237,0001,1,CLASI GINASTICA,04,20240808,20170811,RJ,6001
26194481,0001,1,STUDIO AP,02,20160919,20160919,SP,6913
26203438,0001,1,FIT TRAINER,08,20180201,20160920,MS,9739
26206729,0001,1,,04,20210423,20160920,RN,1761
28440646,0001,1,BIOATIVA,08,20171228,20170817,SP,7097
28447804,0001,1,MATHEUS BRASIL,08,20210826,20170817,MG,4123
26226932,0001,1,,02,20160923,20160923,MG,4733
26268156,0001,1,ALAMEDA STUDIO PILATES,08,20200206,20160930,SP,7107
39416533,0001,1,CF TITANIUM,02,20201014,20201014,RJ,5869
28566344,0001,1,JANDIRY,08,20170904,20170903,RS,8771
26508170,0001,1,MEGA FITNESS,08,20181101,20161108,CE,1373
26558467,0001,1,LIFE SPORTS BRASILIA,08,20170302,20161118,DF,9701
28606534,0001,1,SOMAR COM CIENCIA,08,20180527,20170911,SC,8233
36411620,0001,1,NOVA FORMA ACADEMIA,08,20240118,20200218,PB,1981
26639998,0001,1,ACADEMIA TETE FITNESS,04,20260526,20161201,PI,1205
26528115,0001,1,,08,20181220,20161111,PR,7667
39522534,0001,1,DB FIT LTDA,02,20201022,20201022,AL,2747
28705347,0001,1,,04,20210226,20170922,SP,7107
28708883,0001,1,CLARILAINE BARROSO,04,20210331,20170922,MG,4625
26854070,0001,1,ACADEMIA T2,08,20170118,20170112,SP,7005
38069650,0001,1,TL TAMI LAPCHINSKI - STUDIO DE PILATES E FUNCIONAL,02,20200812,20200812,SC,8073
26954840,0001,1,,08,20190129,20170125,SC,5561
28783625,0001,1,,08,20220706,20171003,SP,6181
27031044,0001,1,MIXIRICA COACH & FITNESS,08,20170823,20170204,PR,7873
27075754,0001,1,ESPACO FITNESS,08,20170510,20170209,PB,2151
27090164,0001,1,,08,20200117,20170213,SP,7097
27095618,0001,1,EDU FISICA EOA,08,20170224,20170213,PR,7673
27114633,0001,1,PRINCIPE AGUIAR,04,20210224,20170215,PE,2323
26041667,0001,1,TOP MONSTER,08,20240506,20160826,RO,0007
27283388,0001,1,,04,20210304,20170313,RS,8865
27334365,0001,1,PRO TRAINING - TREINAMENTO PERSONALIZADO,08,20170402,20170319,MG,4733
27453536,0001,1,VOCE EM FORMA - CENTRO DE TREINAMENTO FUNCIONAL,08,20170420,20170403,SP,6521
01702335,0002,2,FISIOCENTER,02,20171114,20171114,MG,4145
29140036,0001,1,GSW SPORTS,08,20180223,20171124,MG,4737
29189752,0001,1,CAVANHA GYM,04,20210324,20171201,SP,7057
29263718,0001,1,SOUPLESSE STUDIO DE PILATES,08,20230307,20171213,MS,9051
40109162,0001,1,,02,20201214,20201214,DF,9701
27907281,0001,1,,04,20240902,20170606,SP,6689
29397969,0001,1,CENTRO DE TREINAMENTO RALFK TRAINER,02,20180110,20180110,BA,3567
29412461,0001,1,FAM FITNESS,02,20180111,20180111,RJ,0788
40332028,0001,1,JESSICA SANTOS PILATES E FISIOTERAPIA,02,20210111,20210111,GO,9267
28059532,0001,1,GUIMARAES GIM,04,20190531,20170627,RS,8801
29876886,0001,1,ACADEMIA IRON FIT,02,20180308,20180308,SP,7107
30084596,0001,1,,02,20180402,20180402,RS,8791
40841318,0001,1,RE FORCE CROSSFIT,04,20260610,20210212,MG,4625
40885015,0001,1,,02,20210217,20210217,SP,2995
40906913,0001,1,CT IZA SOUSA - CENTRO DE TREINAMENTO PERSONALIZADO,02,20210218,20210218,MG,4005
26063617,0002,2,CROSSFIT UAI,08,20210527,20180516,MG,5403
30495684,0001,1,FITCLUB,04,20201023,20180518,RO,0003
41126747,0001,1,MOVIMENTO PILATES,02,20210308,20210308,SP,7107
41148671,0001,1,,02,20210309,20210309,SP,6605
41171460,0001,1,STREEET CROSS,04,20260515,20210311,ES,5703
30641375,0001,1,BOX PEDRO DE TOLEDO,08,20200320,20180606,SP,6681
41410849,0001,1,SOMAVILLA CENTRO DE TREINAMENTO,02,20210330,20210330,RS,8823
41514730,0001,1,ACADEMIA HIPERTROFIT,02,20210409,20210409,SP,7209
28480973,0002,2,,04,20240822,20180725,MA,0803
31488312,0001,1,START FIT STUDIO PERSONAL,08,20260429,20180912,MG,4763
41955380,0001,1,,02,20210514,20210514,SP,7107
28407113,0001,1,PROFILE ACADEMIA,02,20170814,20170814,RS,8653
32002108,0001,1,ACADEMIA GENESIS FIT,02,20181112,20181112,CE,1369
32157530,0001,1,GYM HOUSE,02,20181203,20181203,SP,7107
32173126,0001,1,CORPUS ACADEMIA ADT,02,20181204,20181204,SP,6101
32741298,0001,1,ACADEMIA PERSONAL FISIO,02,20190212,20190212,SP,6361
41963973,0001,1,ACADEMIA DESTAK,02,20210517,20210517,RS,8853
41972012,0001,1,ESPACO EQUILIBRIUM ACADEMIA,02,20210517,20210517,SP,6597
41972021,0001,1,,02,20210517,20210517,BA,3849
41976302,0001,1,,02,20260612,20210517,MG,0686
33810061,0001,1,,08,20231005,20190603,MG,4111
41981043,0001,1,D2W ESPORTE E SAUDE,08,20230823,20210518,SP,7107
41993266,0001,1,KRATOS ACADEMIA,02,20210518,20210518,PR,7843
41993805,0001,1,FAMILY FITNESS,02,20210518,20210518,PR,7623
39830439,0001,1,NUCLEO SANTA ROSA E BEM ESTAR - AMARE SCHOOL,02,20201118,20201118,MG,4123
42012911,0001,1,ACADEMIA RODRIGO FORCA BRUTA,04,20231106,20210519,MG,4123
42048502,0001,1,,08,20240522,20210522,SP,7107
42049522,0001,1,HZO ESPACO FITNESS,02,20210522,20210522,ES,5625
42054454,0001,1,INSTITUTO DESFRUSTRAR,02,20210524,20210524,SP,7107
42055372,0001,1,I9FIT,02,20210524,20210524,RJ,6001
42073942,0001,1,IBODY ELETROFITNESS,08,20220713,20210525,MG,5403
42084266,0001,1,ESTUDIO LUIZ HENRIQUE,02,20210525,20210525,SP,7133
42086161,0001,1,,02,20210525,20210525,BA,3849
42094046,0001,1,CRISTO REI,08,20230623,20210526,SP,7099
28811709,0002,2,BOX CFX,02,20210526,20210526,MA,0723
42098776,0001,1,IMPERIO MAROMBA,02,20210526,20210526,PA,0595
24045364,0002,2,BURNIFIT LAGOA NOVA,02,20170928,20170928,RN,1761
42106873,0001,1,CT MARCOS ROBERTO,08,20250228,20210527,PR,7667
42111364,0001,1,PRO M ACADEMIA,04,20260611,20210527,AC,0139
42112874,0001,1,WM FIT,02,20210527,20210527,RN,1833
42115800,0001,1,,08,20220309,20210527,MG,4733
42125827,0001,1,ACADEMIA DE MUSCULACAO ESTACAO DA FORMA,04,20231031,20210528,AM,0255
42131902,0001,1,ACADEMIA CORPUS,04,20231116,20210528,PE,2521
33829792,0001,1,FUTEBOL CLUBE CRT-23 BENEVIDES,02,20250324,20190604,PA,0429
41714899,0001,1,,08,20210531,20210427,RJ,5925
42147301,0001,1,VILA FUNCIONAL,08,20250227,20210531,DF,9701
42149449,0001,1,,08,20260127,20210531,MG,4223
42150162,0001,1,JR SANTOS ACADEMIA,08,20260306,20210531,PI,1215
42152779,0001,1,IRON SOLDIER,02,20210531,20210531,RS,8651
42161523,0001,1,I.R. PERFORMANCE,02,20210601,20210601,SE,3169
42163677,0001,1,SPARTA ACADEMIA CROSSFIT,04,20231109,20210601,PA,0068
42165979,0001,1,DAN PERSONAL - HEALTHY LIFE,04,20240814,20210601,DF,9701
42166672,0001,1,,04,20260522,20210601,SP,6607
42178803,0001,1,MAD SOROCABA,02,20210602,20210602,SP,7145
42196256,0001,1,R CROSS TREINAMENTO PERSONALIZADO,02,20210603,20210603,SP,7107
42198368,0001,1,CLUB DO MOVIMENTO,02,20210604,20210604,BA,3869
42215188,0001,1,ABREU ACADEMIA MOVIMENTE O CORPO,02,20210607,20210607,PA,0587
32574591,0001,1,MESSEJANA FITNESS,08,20210609,20190128,CE,1389
42225135,0001,1,UOU BOX,02,20210607,20210607,GO,9373
42234810,0001,1,,02,20210608,20210608,MG,4501
42239395,0001,1,HERCULES FUNCTIONAL,02,20210608,20210608,DF,9701
42249741,0001,1,STUDIO DE MUSCULACAO NAYARA,02,20210608,20210608,PA,0535
32991247,0001,1,PERFORMANCE TREINAMENTOS,02,20190311,20190311,SC,8351
42251239,0001,1,ACADEMIA CROSS EXPERIENCE BELEM,02,20210609,20210609,PA,0427
42263895,0001,1,LUCIANO DA SILVA - TREINAMENTO FISICO,02,20210609,20210609,SC,8167
42264215,0001,1,STUDIO PERSONALIZADO TIZIANNE DIAS,02,20210609,20210609,SP,6509
42265263,0001,1,LIFE TRAINING ACADEMIA,02,20210609,20210609,SC,8011
42274793,0001,1,BRAVUS GYM,02,20210610,20210610,PE,2605
42278393,0001,1,NA_SUSPENSUS,02,20210610,20210610,SP,7145
42281064,0001,1,,02,20210610,20210610,CE,1389
42281399,0001,1,PERSONAL MOVA-SE,08,20260522,20210610,GO,9221
42286291,0001,1,ANB ACADEMIA,08,20230605,20210611,MG,4877
42290798,0001,1,,02,20210611,20210611,PR,7563
42319454,0001,1,BIO FIT ACADEMIA,02,20210614,20210614,MT,9869
42324393,0001,1,IMPERIAL FIT SAUDE INTEGRADA,02,20210615,20210615,MG,4431
42330763,0001,1,SHARK STUDIO,08,20241205,20210615,GO,9373
42339372,0001,1,TATI FERRARI PERSONAL TRAINERS,02,20210615,20210615,SP,7107
42342380,0001,1,EMAGRECENTER.CV,02,20210616,20210616,PR,9969
42349427,0001,1,MT SPORTS,08,20260115,20210616,DF,9701
34458196,0001,1,,04,20240808,20190807,ES,5699
11186192,0005,2,ACADEMIA SUPER FIT,08,20240611,20210617,MG,5401
35279984,0002,2,MAROMBA GYM FITNESS,02,20210617,20210617,MG,5257
42377209,0001,1,WM FIT,02,20210618,20210618,PE,2373
42380026,0001,1,PRINCIPAL GYM,02,20210618,20210618,CE,1373
42380142,0001,1,WHITE TIGER,08,20250717,20210618,SP,7107
42405026,0001,1,,02,20210621,20210621,SP,6875
31663583,0001,1,IN.PULSO CONSULTORIA E PERSONAL TRAINER,08,20221121,20181002,SC,8089
42405713,0001,1,,02,20210621,20210621,PR,7493
42407655,0001,1,STUDIO SOUL PILATES,02,20210621,20210621,SP,6291
42407679,0001,1,BRAVE HERD,08,20220114,20210621,DF,9701
39988120,0001,1,SPEED SPORTS,02,20201202,20201202,DF,9701
42412078,0001,1,ESPACO QUALIVIDA,08,20251013,20210621,MG,5241
42419332,0001,1,FITNESVALENGAS,02,20210622,20210622,PI,1137
42425861,0001,1,ACADEMIA GOODLIFE FITNESS,08,20230816,20210622,SP,6551
42426105,0001,1,ESPACO SOU CORPO E MENTE,02,20210622,20210622,SP,6425
42426358,0001,1,,02,20210622,20210622,PR,7425
42438560,0001,1,THOR ACADEMIA,02,20240821,20210623,SP,6569
42441739,0001,1,ACADEMIA META,02,20210623,20210623,GO,9373
29716625,0001,1,SER FITNESS ACADEMIA,02,20180219,20180219,SC,5547
42457750,0001,1,,02,20210624,20210624,MG,4133
42459653,0001,1,PLANET CLUB,08,20241111,20210624,RS,8589
42460752,0001,1,MONIQUE GUMURY ESTUDIO DE PERSONAL,04,20240819,20210624,RJ,5877
42469316,0001,1,,02,20210625,20210625,RS,8877
42471865,0001,1,IMPERIAL FIT ACADEMIA,02,20210625,20210625,PB,1981
42472520,0001,1,,08,20220502,20210625,SP,6553
42490020,0001,1,PWR ACADEMIA,02,20210628,20210628,RS,8877
28682591,0001,1,NUCLEO DE SAUDE INTEGRADA SOBRAL CHAHARA,02,20170920,20170920,PB,2051
42492006,0001,1,AQUABLUE ACADEMIA,02,20210628,20210628,MG,5425
42492607,0001,1,,08,20251126,20210628,SP,7107
42497703,0001,1,ACADEMIA PRATIQUE FITNESS,02,20210628,20210628,MG,4123
42502268,0001,1,EXCLUSIVA ACADEMIA FEMININA,02,20210628,20210628,PE,2359
42506537,0001,1,,02,20210629,20210629,RJ,5839
42507104,0001,1,RJ FIT,02,20210629,20210629,RJ,1116
42508568,0001,1,WEFIT TREINAMENTO PERSONALIZADO,02,20210629,20210629,GO,9433
28321732,0001,1,CENTRO DE TREINAMENTO DANIEL GALINA,02,20170802,20170802,SP,7089
29226830,0001,1,XANDE NEGAO,02,20171206,20171206,RJ,6001
42511296,0001,1,ROD'ART DF,08,20230103,20210629,DF,9701
42515449,0001,1,DENTAL CORE,02,20210629,20210629,SC,8047
42522941,0001,1,LIFE ACADEMIA,02,20210629,20210629,PA,0625
42525205,0001,1,BR XTREME CENTRO DE TREINAMENTO,04,20260601,20210629,BA,3965
42528342,0001,1,BURPEE PERSONAL TRAINER,08,20211108,20210630,PR,8461
36025769,0001,1,IMPERIO ACADEMIA FITNESS,02,20200116,20200116,PA,0637
42532776,0001,1,FERNANDO KISSNER PERSONAL TRAINER,02,20210630,20210630,SC,8275
42545140,0001,1,KING FIT ACADEMIA,02,20210701,20210701,RJ,5905
42547285,0001,1,ARENA FITNESS ACADEMIA,02,20210701,20210701,MS,9019
42555843,0001,1,CF KING,08,20220829,20210701,RS,8801
42556497,0001,1,DRAVEN ACADEMIA,02,20210701,20210701,SC,5591
30756306,0001,1,M3 GYM,02,20180621,20180621,SP,7107
32845346,0001,1,BRANDAO CROSSFIT,08,20221027,20190221,MG,4123
42573739,0001,1,ACADEMIA UP LIFE,02,20210703,20210703,PB,1955
42586129,0001,1,,02,20210705,20210705,PE,2531
42588877,0001,1,TOP FITNESS ACADEMIA,02,20210705,20210705,PE,2607
42590454,0001,1,STUDIO PERON TREINAMENTO PERSONALIZADO,02,20210705,20210705,SC,8221
28238515,0001,1,TEAM GIAROLLA BRAZILIAN JIU JITSU,08,20210705,20170721,MG,5413
42597329,0001,1,SAUDE E TREINAMENTO INTEGRADO VOLTOLINI,02,20210706,20210706,PR,7935
42603734,0001,1,CENTRO DE ATIVIDADE FISICA E ESPORTIVA STAR FIT,08,20230920,20210706,MT,9777
42614897,0001,1,ACADEMIA MEGA FORMA,08,20220607,20210707,PB,2005
42618283,0001,1,PHYSICUS ACADEMIA,08,20211201,20210707,CE,0989
30626557,0001,1,,02,20180605,20180605,SP,7107
38261563,0037,2,,08,20211130,20210707,RJ,6001
42637473,0001,1,MAIS ATIVA STUDIO PILATES E PERSONAL,02,20231122,20210708,RO,0003
42637516,0001,1,WEST FIT,02,20210708,20210708,RJ,5883
42637571,0001,1,,02,20210708,20210708,PR,7535
42639126,0001,1,ESPACO BEM VIVER,08,20230116,20210708,SP,6425
37207176,0001,1,ES ACADEMIA,08,20210708,20200522,SC,0973
42650185,0001,1,CAVEIRAO CROSS CENTER,02,20210709,20210709,PR,7691
42672565,0001,1,SALOMITE DOS SANTOS DELGADO,02,20210712,20210712,PB,1981
42673054,0001,1,STUDIO HARDCORE,08,20260307,20210712,SP,7131
42674696,0001,1,STRONG FITNESS ACADEMIA,02,20210712,20210712,RS,8705
42681834,0001,1,TREINAMENTO IDEAL,02,20210712,20210712,SP,7107
42684416,0001,1,BOX MAESTRO 02,02,20210712,20210712,PR,7535
42685440,0001,1,DELTA FITNESS,02,20210713,20210713,SP,0808
42706818,0001,1,AL2FUTEBOLFUNCIONAL,02,20210714,20210714,SP,7057
42721128,0001,1,ST FIT STORE,02,20210714,20210714,RN,1761
42723307,0001,1,JOSY TORRES ACADEMIA,08,20260418,20210715,MA,0937
42732926,0001,1,CT ARENA 56,02,20210715,20210715,GO,1052
42736402,0001,1,ACADEMIA ELITE,02,20210715,20210715,SP,6885
42736787,0001,1,KIDS DO PASSINHO,02,20210715,20210715,MA,0921
32730726,0002,2,BOX SHARK,08,20230614,20210715,CE,1389
42740706,0001,1,,02,20210716,20210716,SP,7107
42744923,0001,1,ESPACO SAUDE E MOVIMENTO,02,20210716,20210716,PB,2179
31424968,0001,1,ACADEMIA GARDNA PRO SPORT,02,20180904,20180904,PA,0447
35852747,0001,1,H.P-7,08,20250603,20191226,SP,7107
42751528,0001,1,,04,20231122,20210716,SP,6969
42754133,0001,1,PERSONAL FITNESS,02,20210716,20210716,MT,0089
42756070,0001,1,EVOLVE GYMBOX,02,20210717,20210717,DF,9701
42762359,0001,1,OFICINA DA SAUDE,02,20210719,20210719,GO,9373
42764391,0001,1,ACADEMIA CLINICA DE CORPOS,02,20251113,20210719,BA,3513
42768151,0001,1,ACADEMIA LOBOS,02,20210719,20210719,CE,1389
42787567,0001,1,ACADEMIA FITNESS CLUB,02,20210720,20210720,GO,9373
42791843,0001,1,LUVID ESPORTES,02,20210720,20210720,MG,4199
42792313,0001,1,COACH TASSINARI - CROSS TRANING,02,20210720,20210720,RS,8521
42792939,0001,1,LIONS TRAINING,02,20210720,20210720,MG,4387
42793391,0001,1,CROSSFIT JURERE,08,20230728,20210720,SC,8105
42793504,0001,1,GOOD VIBE ESTUDIO,02,20210720,20210720,SP,6477
42799532,0001,1,SKYFIT ACADEMIA - UNIDADE AMERICANA,02,20210721,20210721,SP,6131
42802247,0001,1,STUDIO GEOVANA GUBERT,02,20210721,20210721,PR,7511
42812140,0001,1,ACADEMIA FORMULA FISICA,02,20240819,20210721,SE,3105
42812508,0001,1,ASTER FIT,02,20240828,20210721,RJ,0774
39432106,0015,2,,02,20210719,20210719,SP,7107
36700309,0001,1,ACADEMIA SAUDE & FITNESS,02,20200317,20200317,PR,7691
40541059,0001,1,ATIVOS CROSS TRAINING,02,20210125,20210125,DF,9701
42846366,0001,1,TERRA SPORTS - CENTRO DE TREINAMENTO FUNCIONAL,02,20210723,20210723,RS,8705
42848246,0001,1,MAC GYM CENTRO DE TREINAMENTO,02,20210723,20210723,BA,3697
42856038,0001,1,SETTE SAUDE E CONDICIONAMENTO FISICO,08,20220627,20210726,SP,7107
40769007,0001,1,,02,20210209,20210209,PR,7527
18957034,0003,2,,08,20220513,20210726,MG,5049
42874660,0001,1,JP STUDIO,02,20210727,20210727,RS,8533
40389990,0001,1,CENTRO DE TREINAMENTO LIFE FIT COMPANY,02,20210114,20210114,RO,0003
42878541,0001,1,NEUROPERFORMANCE PEPE,02,20231130,20210727,RJ,6001
42894308,0001,1,PLENA FORMA ACADEMIA,02,20210728,20210728,TO,9683
42895241,0001,1,ACADEMIA LUCIA BERENGUER,02,20210728,20210728,PE,2531
42899569,0001,1,FLEXFIT ACADEMIA,02,20210728,20210728,MT,9195
42911303,0001,1,GL FITNESS ACADEMIA,08,20220412,20210729,CE,1277
42911432,0001,1,STUDIO PERSONAL BIRA RAIZZARO,02,20210729,20210729,SP,6927
42917480,0001,1,SPORT FIT ACADEMIA,02,20210729,20210729,BA,3431
42919147,0001,1,LET'S ROLL ACADEMIA LTDA,04,20260603,20210729,SC,8105
42919934,0001,1,,02,20210729,20210729,RS,8841
42929061,0001,1,BLUEFIT,08,20240508,20210730,RO,0003
42929396,0001,1,,08,20220610,20210730,RS,8815
42929798,0001,1,,02,20210730,20210730,SP,6969
32141167,0001,1,OHPUS FIT,02,20181128,20181128,PR,7513
42934245,0001,1,MAXFORMA PRIME ACADEMIA,02,20210730,20210730,CE,1389
42935115,0001,1,ACADEMIA SOUZA FITNESS,02,20210730,20210730,GO,9373
42936033,0001,1,SOU+GYM ACADEMIA,02,20210730,20210730,BA,3849
42936805,0001,1,POSITIVE SHOP,02,20210730,20210730,RJ,6001
42939257,0001,1,CENTRO DE PROMOCAO DE SAUDE,02,20240208,20210731,MT,9833
42948892,0001,1,MOVIMENTO STUDIO PILATES,02,20210802,20210802,MS,9051
42958163,0001,1,ICARUS,02,20210802,20210802,SP,7107
42377139,0001,1,GIARDULLI PRIME TRAINING,02,20210618,20210618,MT,9907
42967402,0001,1,STUDIO GALVAO TREINAMENTO PERSONALIZADO,02,20210803,20210803,PE,2521
42968738,0001,1,CROSS EXPERIENCE SAO JUDAS,02,20210803,20210803,BA,3661
42972324,0001,1,CROSS WOLVES,02,20210803,20210803,SP,6289
42991503,0001,1,WAKANDA BOX,08,20220506,20210804,PE,2631
43007425,0001,1,WS FITNESS,02,20210805,20210805,RN,1863
07594978,0429,2,,02,20210806,20210806,MG,4123
40994453,0001,1,228.800.648-05,02,20210225,20210225,SP,7097
36452430,0002,2,,02,20210806,20210806,SP,7107
43020550,0001,1,,02,20210806,20210806,SP,7097
43037515,0001,1,,02,20210809,20210809,RS,5939
43038860,0001,1,ON BEACH SPORTS,04,20260605,20210809,DF,9701
43040927,0001,1,,02,20210809,20210809,RJ,5833
43041423,0001,1,ACADEMIA CORPO EXTREMO,02,20210809,20210809,PE,2351
43043560,0001,1,UP LIFE FUNCIONAL,02,20210809,20210809,ES,5675
13826429,0004,2,,08,20240702,20210809,RN,1623
43047144,0001,1,ACADEMIA ATHLETICA,02,20210809,20210809,PA,0443
43062222,0001,1,CENTRO DE TREINAMENTO TOCA DO FERRO,02,20210810,20210810,MA,0921
43070724,0001,1,UP!FIT DUNAS,02,20210810,20210810,CE,1319
43079429,0001,1,CROSS EXPERIENCE PARK RURAL,02,20231218,20210811,RS,8531
43096093,0001,1,,02,20210812,20210812,MG,4123
43097176,0001,1,CENTRO DE TREINAMENTO METAMORFOSE,02,20210812,20210812,RJ,5801
43103622,0001,1,RS ACADEMIA FITNESS,02,20210812,20210812,RN,1621
43107815,0001,1,STUDIO PILATES CORPO E MENTE EM EQUILIBRIO,02,20210812,20210812,GO,9373
43115538,0001,1,,02,20210813,20210813,SP,7107
43120231,0001,1,REDE + BEHENCK,02,20210813,20210813,PR,9969
42567889,0001,1,STUDIO PILATES VIVIAN ZANSAVIO,02,20210702,20210702,SP,7047
07594978,0432,2,,02,20210816,20210816,SP,7057
43135701,0001,1,ACADEMIA ARTE DO CORPO,02,20210816,20210816,RJ,5803
43138046,0001,1,GRT TRAINER,02,20210816,20210816,BA,3993
43143116,0001,1,,02,20210816,20210816,RN,1761
43143728,0001,1,ACADEMIA COLISEU,08,20211126,20210816,MG,4445
43144030,0001,1,BURN FIT CIDADE JARDIM,02,20210816,20210816,RN,1761
43150704,0001,1,CT DOS CAMPEOES,02,20210817,20210817,MS,9111
30769960,0005,2,UNIDADE ALTO BUENO T4,08,20230829,20200805,GO,9373
43158080,0001,1,LIFE FIT ACADEMIA DS,02,20210817,20210817,MG,4453
43168436,0001,1,ACADEMIA UPFORM VOCE EM MOVIMENTO,02,20210818,20210818,SE,3251
43172615,0001,1,PRO ATIVA GYM DOURADINA,02,20210818,20210818,MS,9805
43176843,0001,1,ARENA PREMIUM,02,20210818,20210818,MA,0921
43179568,0001,1,STUDIO4LIFE,02,20210818,20210818,SP,6477
36359201,0001,1,PERFORMANCE ACADEMIA,02,20200213,20200213,MS,9165
43198687,0001,1,ELITE ACADEMIA,02,20210819,20210819,PI,1021
43198742,0001,1,DI SPORTS ASSESSORIA ESPORTIVA,02,20210819,20210819,SP,7107
43201149,0001,1,ACADEMIA GH - MAX,08,20231215,20210819,BA,3443
43203073,0001,1,EDUARDA ALMEIDA FISIOTERAPIA E PILATES,02,20210819,20210819,MG,5243
43205047,0001,1,FORMIGA FIT ACADEMIA,02,20210820,20210820,SP,7159
43205057,0001,1,,08,20230224,20210820,SP,7107
43205200,0001,1,ACADEMIA ESTACAO FITNES,08,20241021,20210820,PE,2521
07594978,0436,2,,02,20210820,20210820,RJ,6001
43207365,0001,1,,02,20210820,20210820,SP,6969
37963396,0001,1,OVERALL 90,02,20260602,20200804,MT,9067
32802629,0001,1,CENTERFIT,02,20210921,20190218,SP,6981
43215684,0001,1,CENTRO DE TREINAMENTO 91,08,20260108,20210820,PR,7935
43217021,0001,1,BELLAFIT ACADEMIA,04,20231116,20210820,PE,2399
43220039,0001,1,,02,20210821,20210821,RS,8785
37754573,0001,1,TEAM THAYS,02,20200716,20200716,CE,1389
43232860,0001,1,WI FITNESS ACADEMIA,02,20210823,20210823,RJ,5871
28467142,0001,1,HAMERMMULLER,08,20210823,20170821,RS,8919
43238634,0001,1,DALLAQUA FIT,02,20210823,20210823,SP,6315
43244876,0001,1,STUDIO DE TREINAMENTO PERSONALIZADO BRUNA CORTES,08,20240812,20210823,MG,4133
43247702,0001,1,QUALYTA ALPHAVILLE,08,20230729,20210823,ES,5699
43248538,0001,1,,02,20210824,20210824,MG,4843
43254854,0001,1,,02,20210824,20210824,PR,7639
43257782,0001,1,REDMOB,02,20210824,20210824,SC,8105
43265877,0001,1,BOX 26,02,20210824,20210824,CE,1447
43268363,0001,1,ACADEMIA MALHA FITNESS,02,20210825,20210825,MT,9871
43270238,0001,1,ALEX SILVA CENTRO DE TREINAMENTO,02,20210825,20210825,MG,4951
36835388,0001,1,EVOLVE GYMBOX.,02,20200401,20200401,DF,9701
43286484,0001,1,ELITE CENTRO DE TREINAMENTOS,02,20210826,20210826,MG,5273
43287452,0001,1,A1 TRAINING,02,20210826,20210826,SC,8107
43289264,0001,1,BLACK PANTHER,02,20210826,20210826,RJ,6001
43291719,0001,1,ACADEMIA VIGOR,02,20210826,20210826,SE,3231
43293932,0001,1,ACADEMIA FERRO FORTE,08,20240110,20210826,MA,0889
28886121,0001,1,JUDO FIALHO,08,20210827,20171018,PB,1981
43309037,0001,1,CTF - CENTRO DE TREINAMENTO FUNCIONAL,02,20210827,20210827,CE,1447
26525090,0001,1,ACADEMIA MAIS VIDA,08,20210827,20161111,RS,8581
37567770,0001,1,LA FIT ACADEMIA,02,20200630,20200630,GO,9367
43347619,0001,1,CENTRO DE TREINAMENTO BFX,08,20241030,20210831,RJ,5833
27865578,0001,1,CROSSPORTO,02,20170531,20170531,TO,9559
43364663,0001,1,STUDIO EQUILIBRIO DO CORPO,08,20240226,20210901,BA,3363
36448672,0001,1,,02,20200221,20200221,SP,6645
05239361,0009,2,,02,20210901,20210901,SP,7107
43376629,0001,1,ACADEMIA BEM ESTAR,02,20210901,20210901,AL,2801
43382785,0001,1,AGATHA VERSIANI,02,20210902,20210902,MG,4123
43384743,0001,1,STUDIO SOUL FTNESS,02,20210902,20210902,SP,6543
43385452,0001,1,,02,20210902,20210902,RJ,6001
43387019,0001,1,ACADEMIA BOXFIT,02,20210902,20210902,SP,0802
43400201,0001,1,ACADEMIA SAUDE EM MOVIMENTO,02,20210903,20210903,PB,2059
43406358,0001,1,,02,20210903,20210903,SP,6477
43406945,0001,1,RN ASSESSORIA ESPORTIVA,04,20260609,20210903,MS,9051
43407131,0001,1,MAROMBAS MAGNIFICAS,02,20210903,20210903,BA,3947
43408058,0001,1,BOX 64,02,20210903,20210903,PI,1115
43417159,0001,1,,02,20210904,20210904,SP,6313
43434242,0001,1,RHINOGYM,02,20210908,20210908,PR,7563
43439696,0001,1,,02,20210908,20210908,SP,6589
43441224,0001,1,SUNSET SPORT BAR,02,20210908,20210908,RS,8853
32302538,0001,1,ACADEMIA PERSONAL FIT,02,20181221,20181221,MA,0877
43466364,0001,1,,02,20210910,20210910,SC,8135
28009735,0005,2,TECFIT IPANEMA,02,20210910,20210910,RJ,6001
43475214,0001,1,GLAD HIIT,02,20210910,20210910,RJ,5827
43476185,0001,1,POWER GYM,02,20210910,20210910,CE,1389
43476418,0001,1,AREA FITNESS,02,20210910,20210910,RS,9821
43477745,0001,1,,02,20210910,20210910,MA,0869
33627671,0001,1,R MOV PERFORMANCE,02,20190515,20190515,PR,7933
43493150,0001,1,,08,20220831,20210913,PE,2531
43500781,0001,1,STUDIO UPGRADE,02,20210913,20210913,RS,8955
43503199,0001,1,ACADEMIA BOA FORMA,02,20210914,20210914,GO,9677
43503610,0001,1,LEVEL UP FITNESS,02,20210914,20210914,PR,0884
43509601,0001,1,ML FITNESS,02,20210914,20210914,AL,2785
43516978,0001,1,TAO PERSONAL PILATES E ARTIGOS ESPORTIVOS LTDA,02,20210914,20210914,SC,8113
43522791,0001,1,FORTITUDE STUDIO,04,20231110,20210915,PE,2531
43526620,0001,1,FTNESS LIFE,02,20210915,20210915,SP,6563
43527119,0001,1,ESTUDIO VERUS,02,20210915,20210915,RJ,5915
43528282,0001,1,PERFORMANCE FITNESS,02,20250522,20210915,SE,3205
43530266,0001,1,DRY FITNESS ACADEMIA,02,20210915,20210915,SP,6969
43539025,0001,1,GYM TURU,02,20210916,20210916,MA,0921
43548707,0001,1,,02,20210916,20210916,PR,7731
43553770,0001,1,DIEGO MANSANO,02,20210917,20210917,MS,9051
43555547,0001,1,ARMY CENTRO DE TREINAMENTO,02,20210917,20210917,MG,5427
43558960,0001,1,BODY MOVIMENT,08,20220801,20210917,RJ,6001
39534988,0003,2,LIVE ACADEMIA,02,20210917,20210917,AM,0255
43563850,0001,1,BULL FITNESS,02,20210917,20210917,MS,9073
43573213,0001,1,MEGA FITNESS,08,20220729,20210920,SE,3105
37131813,0001,1,,02,20200513,20200513,SC,8375
24389834,0006,2,ARA BELA VISTA,08,20240402,20210920,SP,6789
43580623,0001,1,STUDIO MUSCULACAO R. GUEDES,02,20210920,20210920,GO,9373
41905020,0001,1,EVOQUE ACADEMIA,02,20210511,20210511,SP,6689
43602425,0001,1,DORF CROSSFIT,02,20210921,20210921,SC,8047
43603544,0001,1,THALIA FIT,02,20210921,20210921,PR,7535
43605968,0001,1,STRONGERFIT ACADEMIA,08,20260302,20210922,MG,4959
43607568,0001,1,VOLL STUDIOS,02,20210922,20210922,SP,6511
43609503,0001,1,CENTRO DE TREINAMENTO DO BAIANO,08,20260107,20210922,GO,9297
43613813,0001,1,ACADEMIA MASTER 2,02,20210922,20210922,CE,1571
43619101,0001,1,CRISTIANA REICHERT PERSONAL TRAINER,02,20210922,20210922,SC,8339
43623515,0001,1,ACADEMIA ZEUS,02,20210923,20210923,MG,5091
41357758,0001,1,TRAIN UP - STUDIO E PERSONAL,02,20210325,20210325,PR,7807
43638752,0001,1,CM4 ACADEMIA,04,20240827,20210923,PE,2623
43641867,0001,1,STUDIO W7,02,20210924,20210924,PR,7945
07594978,0445,2,,02,20210924,20210924,DF,9701
43643225,0001,1,STUDIO JESSICA BORGES,02,20210924,20210924,MG,4345
43651338,0001,1,ARENA PARK,02,20210924,20210924,CE,1559
26996514,0001,1,ACADEMIA BARRA FITNESS,08,20210927,20170131,ES,5703
43659933,0001,1,STUDIO 4U PERSONAL TRAINING,02,20210927,20210927,PR,7535
43663852,0001,1,,02,20210927,20210927,SP,7097
43673171,0001,1,SIGA,02,20210927,20210927,RJ,6001
31936671,0006,2,FS01 - SMART FIT COQUEIROS,02,20210928,20210928,SC,8105
43677192,0001,1,WAY FIT STUDIO PERSONAL,02,20231124,20210928,PB,2117
43677205,0001,1,PERSOLIFE ACADEMIA,02,20210928,20210928,RS,8599
43681606,0001,1,PURE PILATES,02,20210928,20210928,RJ,5897
43686912,0001,1,D STUDIO FITNESS,02,20210928,20210928,RJ,5919
43694823,0001,1,STUDIO DE PILATES FABIANA ROLIM,02,20210929,20210929,PE,2531
43707998,0001,1,CROSS VILA FITNESS,04,20231121,20210929,RJ,5901
43708878,0001,1,ACADEMIA VIDA FITNESS,02,20210929,20210929,SE,3243
43711048,0001,1,BLACKSULL FITNESS,02,20210930,20210930,RS,8801
43712143,0001,1,CROSS LIFE LARGO DO AARAO,02,20210930,20210930,RJ,6001
43712566,0001,1,FORCE FITNESS,08,20250711,20210930,PR,7841
43716783,0001,1,CTCROSSCHIVUNK,04,20240816,20210930,SP,7107
43719287,0001,1,,02,20210930,20210930,PR,7691
43723619,0001,1,VITAL FIT ESTUDIO,08,20231011,20210930,MG,4133
43728835,0001,1,PANOBIANCO ACADEMIA UNIDADE AMPARO,02,20211001,20211001,SP,6137
43736585,0001,1,WORLD GYM,02,20211001,20211001,DF,9701
43753203,0001,1,ACADEMIA CORPO & CIA,08,20240723,20211004,SP,6469
43753448,0001,1,ESPACO GERACAO SAUDE,02,20211004,20211004,RS,8707
23083503,0002,2,ACADEMIA CORPO & ARTE,02,20211004,20211004,MG,5091
43756143,0001,1,RGO PERSONAL TRAINER,02,20211004,20211004,SP,7107
43756699,0001,1,MY BOX PEDREIRA,08,20250425,20211004,SP,7107
43757682,0001,1,ALCATEIA FITNESS,02,20211004,20211004,SP,6629
43759148,0001,1,,02,20260608,20211004,SP,6183
43763066,0001,1,,02,20211004,20211004,MG,4079
43768992,0001,1,DELFOS STUDIO,08,20231030,20211005,MG,4231
43772190,0001,1,MR. MAXFIT,02,20211005,20211005,SP,6771
43773898,0001,1,JUMARTUSCELLI TREINAMENTO PERSONALIZADO,02,20211005,20211005,SP,7107
43556613,0001,1,STUDIO DANIEL KISIELOW - SAUDE E MOVIMENTO,02,20210917,20210917,SP,7107
31186441,0001,1,TDA- TEAM DOURADO ACADEMIA,02,20180813,20180813,SP,7107
43786776,0001,1,ACADEMIA RANGEL TRAINER,02,20211006,20211006,SP,6311
31180248,0001,1,HIIT BOOTCAMP,02,20180810,20180810,MT,9151
43797367,0001,1,BODYBUILDER ACADEMIA,02,20211006,20211006,PA,0447
43801382,0001,1,FISIO FORMA ACADEMIA,02,20211007,20211007,SE,3157
43801550,0001,1,,02,20211007,20211007,RJ,6001
43806049,0001,1,POSITIVA ACADEMIA,08,20220405,20211007,SP,7107
43819490,0001,1,ACADEMIA SPORT FIT,02,20211008,20211008,RJ,5839
36698578,0001,1,ATENAS FUNCIONAL TRAINING,08,20220611,20200317,PI,1219
43531943,0001,1,FORMAFIT,08,20220804,20210915,SP,6281
26505666,0001,1,ARENAFIT ACADEMIA,02,20161108,20161108,BA,3533
34182904,0001,1,APOGEU CENTRO DE TREINAMENTO,08,20240806,20190711,BA,3849
43686723,0001,1,ALFA,02,20250604,20210928,MT,9871
33865044,0001,1,BOX SUPERACAO ASSESSORIA E CONSULTORIA ESPORTIVA,02,20190607,20190607,TO,9733
36481820,0001,1,PERFORMACE ACADEMIA,08,20230216,20200227,SC,8083
37945780,0001,1,LIFE EX,02,20200803,20200803,GO,9373
29404835,0001,1,TUDO TOP CONVENIENCIA DE BEBIDAS,04,20260521,20180110,PA,0054
36223918,0001,1,SOULFIT+,08,20211217,20200203,PR,5505
35413770,0001,1,LCA SAUDE INTEGRADA,02,20191105,20191105,SP,6619
28103875,0001,1,WORKOUT BODY AND FITNESS,08,20230615,20170704,RJ,6001
31279005,0001,1,ACADEMIA IPARANA FITNESS,02,20210309,20180820,CE,1373
33523155,0001,1,REFUGIO DO CORPO,02,20190503,20190503,ES,5699
34924368,0001,1,SOU CROSSFIT,04,20260520,20190919,BA,3849
27932372,0001,1,TFC,04,20210419,20170609,PE,2513
37863935,0001,1,PERSONAL STUDIO,02,20200727,20200727,CE,1581
39712429,0001,1,CENTRO DE TREINAMENTO PERSONALIZADO,02,20201109,20201109,MG,4881
40571524,0001,1,ACADEMIA MAROMBA,02,20210126,20210126,GO,9445
42658644,0001,1,DRFIT TRAINING,02,20210709,20210709,DF,9701
40780290,0001,1,BOX COQUEIRAL DE ARACRUZ,08,20220428,20210209,ES,5611
28061151,0001,1,,08,20220113,20170628,MG,4733
28227504,0001,1,ACESSORIA ESPORTIVA FIT4FUN,08,20220113,20170720,SC,8175
37972412,0001,1,,02,20200804,20200804,SC,8089
39978977,0001,1,HYBRID FUNCTIONAL TRAINING,08,20220712,20201201,SP,6769
25958568,0001,1,,04,20220125,20160816,MG,4553
28714317,0001,1,,08,20210830,20170314,SP,7075
36496232,0001,1,MAIA ASSESSORIA,08,20230309,20200228,PR,7691
21195457,0002,2,POWERTOP FITNESS,02,20200731,20200731,CE,1321
28322073,0001,1,JOSY PERSONAL TRAINER,04,20220128,20170802,GO,9399
28215643,0001,1,STUDIO DE DANCA - DANCE &FITNESS,08,20220524,20170719,PI,1153
40775112,0001,1,A S COMBAT,02,20210209,20210209,PA,0427
28763937,0001,1,,08,20220201,20170929,CE,1389
28962854,0001,1,CAROLINA DINIZ PILATES E FUNCIONAL,08,20241220,20171030,SP,6969
28996303,0001,1,BIO RITMO ACADEMIA,04,20260519,20171103,SC,8375
27100120,0001,1,ASSOCIACAO WASHI-KI-O KARATE DO SHORIN RYU,08,20230208,20170214,SP,6309
31960872,0001,1,SPORT KIDS ACADEMIA INFANTIL,02,20210531,20181107,RJ,5849
35006814,0001,1,CENTRO DE TREINAMENTO FABRICIO COUTINHO,08,20220211,20190927,RJ,5883
41699296,0001,1,BEN FITNESS & SERVICOS GRAFICOS,02,20240209,20210426,AM,0255
32519801,0001,1,MAXIMUS ACADEMIA,02,20190122,20190122,MG,2691
41795997,0001,1,,08,20220315,20210503,RS,8771
28073771,0001,1,WB SPORTS,02,20231208,20170629,DF,9701
37889819,0001,1,AMERICAN GYM,02,20200728,20200728,GO,9571
36448622,0001,1,,02,20200221,20200221,SP,6875
26419476,0001,1,EVIDENCE ACADEMIA,02,20220118,20161024,BA,3965
33682108,0001,1,,02,20190521,20190521,SP,7107
42700528,0001,1,STUDIO VALICELI,02,20210713,20210713,MG,4123
33099811,0001,1,MR FITNESS,02,20190321,20190321,PB,1911
38210850,0001,1,CAXAMBU CROSS,04,20260603,20200825,MG,4309
33963994,0001,1,OLIMPOS FITNESS CENTER,08,20220427,20190618,PR,7777
35827863,0001,1,ARENA XTREME FITNESS,02,20191219,20191219,RJ,5819
40348080,0001,1,,02,20210112,20210112,SP,7017
41964568,0001,1,UP FIT ACADEMIA,02,20210517,20210517,MG,4787
40560630,0001,1,TIA POLLY NATACAO INFANTIL,02,20210126,20210126,PB,2051
28708029,0001,1,,08,20220601,20170922,SP,6587
35574785,0001,1,CT ENCORE,02,20191121,20191121,BA,3695
40390333,0001,1,VIDA CORRIDA ASSESSORIA ESPORTIVA,02,20210114,20210114,RS,8815
37174699,0001,1,CT NORDICUS,04,20231113,20200519,RJ,5897
26888847,0001,1,PREMIUM TRAINING CENTER,02,20170117,20170117,PA,0535
30726042,0001,1,CLUB7 FITNESS,04,20220608,20180618,DF,9701
30847618,0001,1,ELITE WORKOUT,02,20180704,20180704,SP,6831
28178000,0001,1,ACADEMIA PLATAFORMA,02,20170713,20170713,PE,2531
28694341,0001,1,NATO GYM,02,20210527,20170921,BA,3645
39708633,0001,1,OSMAR OLIVEIRA PERSONAL TRAINER,02,20201108,20201108,AM,0235
37361305,0001,1,STUDIO GUI ALVES,02,20200609,20200609,MG,4367
40578906,0001,1,ACADEMIA PRIME,02,20210126,20210126,PR,7757
28435947,0001,1,CLINICA E ESPACO VEZZA DE ESTETICA E PILATES,02,20240923,20170814,MT,9067
40578518,0001,1,USEYOSH,02,20210127,20210127,PR,7717
31479830,0001,1,ACADEMIA POLIFITNESS,08,20220725,20180911,BA,3473
32027326,0001,1,,02,20181114,20181114,PR,7937
34284184,0001,1,ACADEMIA DS FIT,08,20250821,20190722,PB,0510
36205958,0001,1,,08,20220729,20200131,MG,4733
32547933,0001,1,,02,20190124,20190124,MG,5029
28126117,0001,1,KATIUSSY MENIN PERSONAL TRAINER,08,20200531,20170706,RS,8841
39762363,0001,1,STUDIO HOMEM DE PEDRA,02,20201112,20201112,MS,9051
31911455,0001,1,ACADEMIA OMEGA FITNESS,02,20181031,20181031,MG,4123
36224644,0001,1,,02,20200203,20200203,SP,6619
37954626,0001,1,AE FITNESS,03,20240624,20200803,MA,0921
38281483,0001,1,BOX HOUSE CENTRO DE TREINAMENTO,02,20200831,20200831,RJ,0770
40759551,0001,1,SC STUDIO NOVO SHAPE,02,20210208,20210208,GO,9599
33873526,0001,1,FUNFIT PERSONAL,08,20221125,20190610,DF,9701
29297053,0001,1,,02,20171219,20171219,SC,8183
41287071,0001,1,,02,20210319,20210319,PR,7691
37956589,0001,1,ACADEMIA LIONS FIT,08,20221018,20200803,PB,2151
27240611,0001,1,ACADEMIA ATITUDE FITNESS,02,20220908,20170307,BA,3685
35837377,0001,1,HORUS TREINAMENTO FISICO,02,20191221,20191221,DF,9701
37451679,0001,1,IMPORTS ACP,02,20200618,20200618,MA,0961
31706798,0001,1,ACADEMIA COLISAO,02,20181007,20181007,MG,5359
41921631,0001,1,STUDIO DE PILATES E FISIOTERAPIA NEW STAR,02,20210512,20210512,SP,7057
28301438,0001,1,CENTRO DE TREINAMENTO ZAGATTO,02,20170731,20170731,GO,9403
38158019,0001,1,,08,20251223,20200820,RS,8637
37970805,0001,1,ACADEMIA IRON GYM,02,20200804,20200804,PR,7777
31001184,0001,1,XPLOUD FITNESS,04,20210423,20180723,RN,1741
38187235,0001,1,ACADEMIA ALTA FORMA FITNESS,02,20200822,20200822,MA,0717
39394088,0001,1,ACADEMIA MARCELO LIMA,04,20220128,20201013,PA,0507
39661311,0001,1,MR FITNESS,02,20201104,20201104,RJ,5841
40014705,0001,1,GNR ACADEMIA,02,20201204,20201204,BA,3759
40108188,0001,1,STUDIO MAHALO PILATES,02,20201214,20201214,RJ,6001
34366478,0001,1,BOX33,04,20210426,20190730,AL,2785
34441240,0001,1,FITNES TRAINING,08,20230615,20190806,GO,9373
34545089,0001,1,WINZ ACADEMIA,02,20190815,20190815,SC,8175
28809140,0001,1,FIT ONE TREINAMENTOS PERSONALIZADOS,02,20171006,20171006,AM,0255
42072300,0001,1,VERI GOMES CENTER TRAINNING,02,20210525,20210525,CE,1401
28167304,0001,1,STUDIO FUN,08,20221213,20170712,MG,4123
32192966,0001,1,BOX NOVA RUSSIA - FITNESS - NUTRITION - MINDSET,08,20230102,20181206,PR,7777
40667989,0001,1,CROSS JEF 10,02,20210202,20210202,MG,4725
37281251,0001,1,CIENCIA DA DINAMICA CORPORAL,02,20200601,20200601,MG,5427
41482018,0001,1,CORE TREINAMENTO FISICO,08,20230111,20210407,TO,9733
32905769,0001,1,BEST YOU,02,20190227,20190227,SP,6619
40577279,0001,1,ACADEMIA NOVA MX,02,20210126,20210126,RJ,5833
36029596,0001,1,DROP TRAINING,02,20200116,20200116,SP,6787
41386056,0001,1,CROSS R828,08,20230130,20210329,AL,2705
34711066,0003,2,,08,20230302,20201124,SP,6741
32887801,0001,1,LIFE CORE CONDICIONAMENTO FISICO,02,20190226,20190226,BA,3413
28187820,0001,1,IMPERIUM FITNESS,02,20170714,20170714,CE,1389
41314658,0001,1,,02,20210323,20210323,RS,8841
43012069,0001,1,ESPACO ELITE FEMININA,08,20260519,20210805,SP,6425
33277711,0001,1,MY BOX SAO JOSE DA LAPA,02,20260602,20190408,MG,2649
40902760,0001,1,STUDIO LORRUAMA AQUINO,02,20210218,20210218,BA,3579
11073980,0003,2,ACADEMIA SPORT EXTREMA,02,20210408,20210408,MG,4501
40190981,0001,1,ZAADY FITNESS,02,20221025,20201223,SE,3195
37967503,0001,1,,02,20200804,20200804,RJ,5927
38375439,0001,1,SMART FIT,02,20260528,20200908,GO,1066
35156057,0001,1,THREE BOX TREINAMENTO FUNCIONAL,02,20210319,20191011,RS,8963
43735759,0001,1,STUDIO ISABELLA ROCHA,08,20230328,20211001,PA,0535
28241130,0001,1,STUDIO VITALITA,02,20170721,20170721,SP,6291
42003322,0001,1,CFSSA,02,20210519,20210519,BA,3849
34179405,0001,1,RIHNO PERFORMANCE TRAINING,02,20190711,20190711,RS,8749
40622782,0001,1,ACADEMIA RITMO CERTO,02,20210129,20210129,PR,7777
34789745,0001,1,STUDIO FITNESS ALINE CARVALHO,02,20190906,20190906,SP,6189
37287697,0001,1,FULL BODY TRAINING,04,20260527,20200601,DF,9701
26246486,0001,1,IGOR CANUTO,08,20230424,20160927,PR,7667
33442629,0001,1,FERNANDO SOUSA FITNESS,02,20190424,20190424,SP,6789
32678903,0001,1,FITSHAPE,02,20190206,20190206,PR,7495
38537610,0001,1,,04,20260611,20200918,AP,0613
30882150,0001,1,RODOLFO MARINHO PERSONAL,02,20180709,20180709,PI,1043
33929891,0001,1,SANTE FIT,02,20190614,20190614,PE,2337
32694506,0001,1,GARAGEM FITNESS,02,20190207,20190207,SP,6731
29848013,0001,1,ESPACO ACQUA + FIT,02,20180305,20180305,TO,9733
38008008,0001,1,BOX ORQUIDEAS,02,20200807,20200807,SP,7075
32588200,0001,1,DRA. BEATRIZ DEJANE,02,20190129,20190129,SP,7107
36097439,0001,1,SOUFIT,02,20200122,20200122,SC,8233
40138586,0001,1,R1 STUDIO PERSONAL,02,20201217,20201217,GO,9225
41949752,0001,1,ACADEMIA VIVA SPORTS,02,20210514,20210514,SP,6619
33538113,0001,1,,02,20190506,20190506,RS,8541
34900705,0001,1,PREMIER SPORTS,02,20190917,20190917,RS,8801
40805477,0001,1,MUNDO ROSA,08,20250512,20210210,SP,7149
36351664,0001,1,INGLESES CROSSFIT,02,20200212,20200212,SC,8105
40785364,0001,1,PITBULL ACADEMIA,02,20210209,20210209,PA,0595
40149484,0001,1,OLYMPHUS ACADEMIA,02,20230417,20201217,MA,0757
34639923,0001,1,,02,20190823,20190823,SP,7135
42853015,0001,1,ACADEMIA BOA FORMA,02,20210725,20210725,PB,2087
42234150,0001,1,STUDIO KD,02,20210608,20210608,MG,5401
41102496,0001,1,GINASIO FIT,08,20250711,20210304,CE,1373
43780255,0001,1,ACADEMIA WG FITNESS,02,20231113,20211005,RO,0047
37555973,0001,1,OLYMPIA CYM,02,20200629,20200629,PA,0621
30567220,0001,1,ACADEMIA HOTACAO,02,20180528,20180528,PE,2443
26286972,0001,1,ACADEMIA LPC,08,20230802,20161003,BA,3413
19468128,0004,2,HIDROPOWER,03,20250805,20200205,PR,7483
32720097,0001,1,,08,20241220,20190211,MG,4133
37260640,0001,1,ACADEMIA IMPERIO,02,20200528,20200528,SC,8327
26019368,0001,1,TEAM CINTIA GRANDE,02,20160824,20160824,PR,7771
32463839,0001,1,4 FIT CENTER,02,20190116,20190116,RS,8851
26234372,0001,1,SKULL GYM,02,20210630,20160926,SP,6477
42356575,0001,1,STUDIO DAVID JOBIM,02,20210616,20210616,AL,2785
34250187,0001,1,CLINICA MOURA,02,20190718,20190718,BA,3643
42341881,0001,1,ACADEMIA MMFITNESS,08,20241218,20210616,BA,3413
36231657,0001,1,LUIZ CICARELLO,02,20200203,20200203,PR,7769
42813333,0001,1,HFIT STUDIO,08,20240202,20210721,MG,5179
35522684,0001,1,SPRINT ACADEMIA,02,20260601,20191114,GO,9277
33118719,0001,1,KLAVIE RIO DO SUL,04,20231110,20190322,SC,8291
26502263,0001,1,FORTEM,02,20161107,20161107,RS,8801
36275577,0001,1,ACADEMIA TOP FITNESS,08,20231114,20200206,PE,2591
32554371,0001,1,,02,20240909,20190124,SP,6291
30498319,0001,1,RASTHAI MMA SCIENCE,04,20260522,20180418,PR,7535
31176264,0001,1,PIMENTA'S SPORTS E TREINAMNETO,02,20180810,20180810,SP,6969
37523657,0001,1,UP FIT CENTRO DE TREINAMENTO,02,20200625,20200625,MT,0097
36399778,0001,1,,02,20200217,20200217,MG,5403
29380504,0001,1,CROSSFIT LORAK,02,20180108,20180108,SC,8105
28812577,0001,1,ACADEMIA SPACE GYM CAJURU,04,20260519,20170116,PR,7535
34319520,0001,1,STUDIO CARDIO RUNNING FORCE,04,20240807,20190725,RO,0004
29273431,0001,1,RIZZONE,04,20240812,20171214,DF,9701
35363826,0001,1,STRONG FITNESS,04,20240823,20191031,PI,1207
39405247,0001,1,STUDIO DE TREINAMENTO FISICO JC,08,20240828,20201013,MG,4079
41192952,0001,1,CENTRO DE TREINAMENTO MUNDO FITNESS,02,20210312,20210312,BA,3393
31296218,0001,1,STUDIO SPORT & MOVIMENTO,02,20180821,20180821,GO,9227
42112510,0001,1,IRON BEAR RX,02,20260521,20210527,SP,6927
42265015,0001,1,,02,20210609,20210609,PR,7535
27538466,0001,1,CENTRO DE TREINAMENTO ELEUTERIO COMBAT,02,20220214,20170417,PA,0048
34575508,0001,1,BORJAO FITNESS,02,20190819,20190819,MG,4861
30760983,0001,1,POWER GYM,02,20220920,20180621,CE,1263
42025584,0001,1,BIOCORPUS PIRACICABA,02,20210520,20210520,SP,6875
32320364,0001,1,PORTO FUNCIONAL,08,20250127,20181227,RS,8771
22902694,0030,2,,02,20180207,20180207,CE,1389
27935593,0001,1,SAUDE DA MULHER - STUDIO FITNESS,08,20250305,20170609,SP,7107
26277275,0001,1,LOBO FIT,02,20161003,20161003,GO,9609
39237991,0001,1,K11 FIT,02,20200929,20200929,SP,6219
37885400,0001,1,,02,20200728,20200728,RS,8801
29789611,0001,1,KORPUS VITALE,02,20221010,20180227,RS,8801
43228805,0001,1,ARENA DO SOL,02,20210823,20210823,PB,2117
39298089,0001,1,MULTI MOVIMENTO STUDIO DE PILATES,02,20201003,20201003,SE,3169
41608239,0001,1,TIGER CROSS,02,20210416,20210416,SP,7145
32720066,0003,2,ACADEMIA AMERICA CONCEPT,08,20250519,20201209,RR,0301
41971293,0001,1,GO!FITCLUB,02,20210517,20210517,ES,5625
39145764,0001,1,GIGA,02,20200928,20200928,SP,7069
36932058,0001,1,ACADEMIA CORPO E SAUDE,02,20200414,20200414,DF,9701
07594978,0395,2,,02,20200214,20200214,SP,6291
30253145,0001,1,ACADEMIA D'FITNESS,02,20180419,20180419,RJ,5849
43169874,0001,1,STUDIO PERSONAL TRAINER GFIT,02,20210818,20210818,SP,6859
43281668,0001,1,MONSTER HOUSE ACADEMIA,02,20210825,20210825,BA,3711
42798659,0001,1,A REDOMA CENTRO DE TREINAMENTO PERSONALIZADO,02,20250715,20210721,SE,3141
28400792,0001,1,,02,20170811,20170811,MG,4123
40693438,0001,1,ACADEMIA 99 FIT,02,20210203,20210203,RS,8603
27726095,0001,1,ACADEMIA TOP FIT,02,20170513,20170513,SP,7017
30048881,0001,1,,02,20180327,20180327,SC,8105
42367341,0001,1,,08,20250908,20210617,SP,6219
40663218,0001,1,IMPERIUM ACADEMIA,02,20210201,20210201,ES,5611
42959156,0001,1,JEFINHO PERSONAL,04,20260601,20210802,BA,3661
34605308,0001,1,RENAN RODRIGUES TREINAMENTO FISICO,02,20190821,20190821,TO,9733
33047026,0001,1,BETE FITNESS,02,20250924,20190315,BA,3849
21102316,0002,2,MAIS FIT ACADEMIA,02,20190114,20190114,MG,4625
26167475,0001,1,WESLEY DE OLIVEIRA TOBIAS,02,20260423,20160914,PR,7591
37294473,0001,1,ACADEMIA ATHLETIC,02,20200602,20200602,SP,6327
15180379,0002,2,STUDIO CROSS 5,04,20260528,20180305,SP,7107
30906057,0001,1,GOATBOX CROSS TRAINING,02,20201111,20180711,SP,7145
26451178,0001,1,,08,20191014,20161031,SP,7135
27302989,0001,1,ACADEMIA DE ARTES MARCIAIS,08,20180730,20170315,SC,8039
28945979,0001,1,,08,20190329,20171027,PR,8461
30544790,0001,1,WORLD GYM CURITIBA,02,20180411,20180411,PR,7535
30677072,0001,1,PILATES TATILA COUTINHO,08,20190123,20180612,ES,5703
31561394,0001,1,,02,20180920,20180920,RJ,6001
33545015,0001,1,CFC7,02,20190507,20190507,SP,7071
33661651,0001,1,ACADEMIA MOVIMENTO FITNESS,02,20190520,20190520,BA,3631
43325767,0001,1,,04,20231108,20210830,ES,5705
26146716,0001,1,,02,20160912,20160912,RJ,6001
26178352,0001,1,PERSONAL DANI,08,20211005,20160915,SP,6631
26978830,0001,1,,08,20190329,20170130,MG,4865
27058191,0001,1,ELIAS SPORTS,04,20210413,20170208,MG,4195
27063240,0001,1,FIBRAS ACADEMIA DE FUTEBOL,02,20210719,20170208,PR,5511
27153392,0001,1,,02,20170220,20170220,SP,7107
27198066,0001,1,PERFORMANCE FITNESS,08,20190508,20170227,PR,7967
27239608,0001,1,,08,20210301,20170307,PR,5453
27449643,0001,1,,08,20170921,20170403,SC,8349
27960746,0001,1,ROGER PERSONAL,08,20180205,20170613,MG,5401
28521838,0001,1,HULK FIGHT,08,20170912,20170828,MG,4123
28925914,0001,1,HCM SAUDE E BEM ESTAR,08,20200706,20171024,SP,7145
29170171,0001,1,JIEI BUJUTSU,04,20210423,20171129,RN,1671
29250541,0001,1,E.C.MEIA BOCA,02,20260217,20171212,SP,7075
31695155,0001,1,,02,20181003,20181003,SP,6163
32795392,0001,1,4FITDAY,08,20230113,20190218,SP,6213
33453841,0001,1,ESPACO MULTIART,08,20201023,20190425,BA,3685
35297809,0001,1,,08,20240222,20191024,SP,7079
35383308,0001,1,CROSS BOX NUTRITION,04,20260605,20191101,RS,8599
35311995,0001,1,ACADEMIA VIDA SAUDAVEL,08,20260326,20191025,BA,3849
36697646,0001,1,MARATHONA ACADEMIA,02,20200317,20200317,SC,8015
10641136,0002,2,A A B B FITNESS,08,20250207,20200608,PR,7749
34922557,0001,1,CROSS FITNESS,02,20190919,20190919,BA,3993
38184021,0001,1,SPORT FITNESS,02,20200821,20200821,SP,6861
28274524,0001,1,WYW ENG,04,20240807,20170727,SC,8105
40867746,0001,1,IRONBERG FLORIPA,02,20210216,20210216,SC,8105
41917001,0001,1,CLEO FITNESS ACADEMIA,02,20210512,20210512,SP,6233
30023671,0001,1,FENIX STUDIO FITNESS,08,20260206,20180323,RN,1671
29695078,0001,1,,08,20260424,20180216,PR,5487
43238964,0001,1,VIVARE - SAUDE E BEM ESTAR,02,20210823,20210823,RS,8961
41387996,0001,1,GARRA CENTRO DE TREINAMENTO,04,20240807,20210329,SC,8113
39237772,0001,1,NOCAUTE,08,20251201,20200929,RJ,5833
38357304,0001,1,ACADEMIA CORPO EM FORMA,02,20200905,20200905,CE,1419
42078789,0001,1,STUDIO BETO JUNIOR,08,20251219,20210525,SP,7183
27184864,0001,1,TEMPLARIOS GYM,08,20260120,20170223,MA,1281
38314529,0001,1,CHECK POINT,02,20200902,20200902,PB,2051
40245916,0001,1,,02,20210104,20210104,MT,9167
37582775,0001,1,ESTUDIO PILATES CAMILA NOGUEIRA,02,20200701,20200701,MS,9165
43335921,0001,1,MOOV CENTRO FUNCIONAL,02,20210830,20210830,RS,8801
42516870,0001,1,PERFIT STUDIO,02,20210629,20210629,SP,6361
42151246,0001,1,,02,20210531,20210531,BA,3467
36387019,0001,1,,02,20200215,20200215,BA,3685
39374799,0001,1,ACADEMIA VIKINGS LTDA,02,20201009,20201009,SP,7107
41272932,0001,1,,02,20210318,20210318,SP,2953
34834815,0001,1,PILATES FOR HEALTH STUDIO,02,20190911,20190911,SP,7107
36565287,0001,1,WORLD GYM,04,20260529,20200305,GO,9595
26500537,0001,1,STUDIO PILATES BRENNA MENEZES,02,20161108,20161108,SP,6469
38155067,0001,1,,02,20250203,20200819,MG,5403
41452644,0001,1,RD FITNESS,02,20210405,20210405,PA,0465
42898265,0001,1,,02,20210728,20210728,SP,7107
34706434,0001,1,CENTRO ESPORTIVO THIAGO COELHO,02,20190829,20190829,GO,9387
36387822,0001,1,,02,20250516,20200216,RJ,5853
27717924,0001,1,,02,20170512,20170512,GO,9221
34968682,0001,1,ELITE UPFIT ACADEMIA,02,20190924,20190924,SP,7035
41117418,0001,1,,02,20210306,20210306,SP,6969
38301158,0001,1,OTAVIO LEMOS PERSONAL E 3DPRINT,02,20230327,20200901,RJ,5869
30355898,0001,1,ESPACO VIVA FITNESS,04,20260520,20180503,BA,3593
38206148,0001,1,XTREME FITNESS,02,20260526,20200824,GO,9267
29685092,0001,1,ACADEMIA FIT PLANET,04,20260526,20180215,SE,3105
43146203,0001,1,FUSION FIT ACADEMIA,02,20210816,20210816,MG,4733
26795077,0001,1,,04,20260601,20170104,SP,6921
36448497,0001,1,MK FIT,02,20200221,20200221,SP,7149
29067997,0001,1,TIAGO ARAGAO BRASIL CENTRO DE TREINAMENTO,04,20260612,20171114,SP,6511
38732692,0001,1,,02,20200923,20200923,SP,7099
43858361,0001,1,,02,20211013,20211013,SP,6689
43859216,0001,1,TREINADOR JUNIOR REIS,02,20211013,20211013,SP,6309
43863019,0001,1,BELLA FITNESS,02,20211013,20211013,RO,0003
43868385,0001,1,CF CAMPINAS-SOUSAS,02,20211014,20211014,SP,6291
43869188,0001,1,PAVAO ACADEMIA,02,20211014,20211014,SP,6737
43878311,0001,1,,02,20211014,20211014,SC,8311
43883539,0001,1,PROJETO VIDA,08,20251016,20211015,MG,4123
10485702,0002,2,MUSCULO & FIBRA ACADEMIA,02,20211014,20211014,BA,3983
07594978,0453,2,,02,20211015,20211015,RJ,6001
43903831,0001,1,GOLD FITNESS,04,20231026,20211018,TO,0080
43939291,0001,1,CENTRO DE TREINAMENTO NAZAR,02,20211020,20211020,MG,5079
43939899,0001,1,DONNA ACADEMIA FEMININA,08,20220705,20211020,RS,8655
43761163,0002,2,CASTELO CROSS,08,20260113,20211020,ES,5627
43942190,0001,1,BOX GYM CT,02,20211020,20211020,SP,7135
43945491,0001,1,VIBE FIT,02,20211020,20211020,RJ,5871
43946035,0001,1,TOP TENIS,08,20230717,20211020,MG,4751
43952652,0001,1,DFS SUPLEMENTOS E ACADEMIA,04,20260612,20211021,SP,6291
43958004,0001,1,LE FIT,02,20211021,20211021,RJ,5867
43978977,0001,1,FORMA FIT SLIM,02,20211022,20211022,RJ,5803
43982350,0001,1,MONSTER GYM,02,20211022,20211022,SP,6425
43993319,0001,1,PEDRO RIBEIRO,08,20230317,20211024,RJ,6001
43998573,0001,1,WM ACADEMIA,04,20231107,20211025,PB,1981
43999893,0001,1,ENDORFIT ACADEMIA,08,20260428,20211025,MG,5303
44012709,0001,1,THE ONE WAL,02,20211025,20211025,BA,1112
44015720,0001,1,ADRENALINE FITNESS,02,20211026,20211026,MT,9067
44017612,0001,1,ROMMA ACADEMIA,02,20211026,20211026,PE,2457
44025129,0001,1,JB FITNESS & ASSESSORIA ESPORTIVA,08,20240731,20211026,SP,7107
37981488,0002,2,ALAGOINHAS CENTRO DE TREINAMENTO,02,20211026,20211026,BA,3313
44032307,0001,1,SHAPE,02,20211027,20211027,MG,5035
44033162,0001,1,ACADEMIA BEM VIVER,02,20211027,20211027,MG,4421
44033228,0001,1,,02,20250325,20211027,SP,7107
44033670,0001,1,ESPACO DO MOVIMENTO,08,20220308,20211027,SP,6969
44035304,0001,1,KRATOS PERFORMANCE,02,20211027,20211027,RJ,2913
44040441,0001,1,NOVA FISIO PILATES E MUSCULACAO,02,20211027,20211027,RJ,5849
29333999,0002,2,ACADEMIA SUPREME FITNESS - UNIDADE II,08,20240419,20211027,GO,9799
44046495,0001,1,,02,20211027,20211027,SP,6589
44048412,0001,1,CARDIORUNNERS ASSESSORIA ESPORTIVA,02,20211027,20211027,SC,8373
44049505,0001,1,FORMA FIT ACADEMIA,02,20211028,20211028,MA,0793
41373622,0002,2,WL FITNESS,02,20211029,20211029,MA,0803
44069905,0001,1,TRAINING CENTER POWERBUILD,02,20211029,20211029,MS,9147
44076431,0001,1,ACADEMIA CSFIT,02,20260613,20211029,MG,4123
44077876,0001,1,PHYSICUS ACADEMIA,02,20211029,20211029,PI,1177
44090782,0001,1,UP GRUPO FITNESS,02,20211101,20211101,AP,0605
44103627,0001,1,JULLIANA BRITO STUDIO PERSONAL,02,20211103,20211103,GO,9373
44106264,0001,1,RAFFAEL JUNIO PERSONAL,02,20211103,20211103,GO,9413
44116394,0001,1,ACADEMIA LGFIT,02,20211104,20211104,MS,9013
44117773,0001,1,STUDIO G&M,02,20211104,20211104,RS,8951
44126176,0001,1,GALPAO SPORTS,02,20211104,20211104,SP,6789
44126614,0001,1,ACADEMIA CANUTO FITNESS,02,20211104,20211104,PA,0559
33521315,0002,2,STUDIO S FUNCIONAL,08,20250324,20211105,SP,6929
44135313,0001,1,ACADEMIA LEAO,02,20211105,20211105,PA,0401
44136220,0001,1,,08,20241122,20211105,SP,6477
44139139,0001,1,S & A SAUDE ATIVA,04,20231121,20211105,RJ,2911
44139373,0001,1,ANGELUS,02,20211105,20211105,RJ,6001
44148626,0001,1,BOYPRO ATHLETICS,02,20211107,20211107,RJ,5825
44159103,0001,1,MOVCALISTHENIC,08,20251021,20211108,DF,9701
44159493,0001,1,AJSPORTS,02,20211108,20211108,SP,6789
44161660,0001,1,,02,20240531,20211108,AL,2781
44163014,0001,1,CME CENTRO DE TREINAMENTO PERSONALIZADO,02,20211108,20211108,SC,8183
44169013,0001,1,SPORT 10 ACADEMIA,02,20211109,20211109,MA,0803
44172915,0001,1,UNBROKEN FUNCTIONAL FITNESS,02,20260611,20211109,GO,9445
44176040,0001,1,NUFLOW STUDIO,02,20211109,20211109,SP,6311
44179131,0001,1,ESPACO VITAL PILATES E SAUDE,02,20211109,20211109,MG,4889
44181273,0001,1,FULLIFE EXPRESS,02,20211109,20211109,SP,6131
44190344,0001,1,AK DEMIA,08,20240112,20211110,PE,2577
44197011,0001,1,,02,20211110,20211110,RJ,5925
44201306,0001,1,FORTIUS TREINAMENTO FISICO INTEGRADO,02,20211110,20211110,SC,8047
44207798,0001,1,CT IRON FITNESS,02,20211111,20211111,MG,5207
44221691,0001,1,BLUEFIT JUNDIAI,02,20211112,20211112,SP,6619
44247234,0001,1,,04,20260612,20211116,MG,4123
44263441,0001,1,,02,20211117,20211117,PR,7535
44268643,0001,1,,02,20211117,20211117,SP,7027
44270016,0001,1,GO FIT ACADEMIA,02,20211117,20211117,MG,4921
44273666,0001,1,BOX LEON CROSS,02,20211117,20211117,BA,3459
44279791,0001,1,KM TREINAMENTO,02,20211118,20211118,MG,5403
44286556,0001,1,,08,20230521,20211118,SP,6561
44305925,0001,1,ART PRODIGY JIU-JITSU,02,20211119,20211119,RJ,5863
44310120,0001,1,RL FIT,02,20211119,20211119,PE,2491
44331069,0001,1,UBERFIT TIBERY,02,20211122,20211122,MG,5403
44335171,0001,1,COUTHFIT ACADEMIA,02,20211123,20211123,GO,9329
44348398,0001,1,,08,20230405,20211123,SP,7107
44354779,0001,1,,02,20211124,20211124,RS,8633
44355429,0001,1,ENGENHARIA DO CORPO,02,20211124,20211124,GO,9373
44361486,0001,1,,02,20211124,20211124,SP,6713
44362027,0001,1,ALCATEIA CROSSFIT ARENA,02,20211124,20211124,BA,3849
44363642,0001,1,CROSSFIT CARCARA,02,20211124,20211124,SE,3105
44381463,0001,1,ACADEMIA CORPO QUENTE,02,20211125,20211125,PE,2443
44383383,0001,1,DR. EXERCICIO,02,20211125,20211125,MA,0921
44401498,0001,1,FIT SOARES,08,20220419,20211128,PE,2511
44406503,0001,1,ACADEMIA EQUILIBRIO,02,20211129,20211129,SC,8105
44409289,0001,1,RICK FITNESS ACADEMIA LTDA,04,20240827,20211129,MG,5049
44411859,0001,1,,02,20211129,20211129,MS,9051
44413728,0001,1,CENTRO DE TREINAMENTO VON LINSINGEN,02,20211129,20211129,PR,7633
44421008,0001,1,GABRIEL BATISTA PERSONAL TRAINER E CONSULTORIA,04,20260612,20211130,MG,4123
44421812,0001,1,STUDIO 92 TREINAMENTO PERSONALIZADO,02,20211130,20211130,SP,6875
44423460,0001,1,XTRAINING,02,20211130,20211130,SP,6311
44425572,0001,1,,02,20211130,20211130,SP,7107
44438723,0001,1,,08,20260325,20211201,RS,8773
44449444,0001,1,MUNDO ZEN KIDS,02,20211201,20211201,SP,6579
44456048,0001,1,CACAU PERES YOGA,08,20221025,20211202,SP,7107
44458237,0001,1,,02,20211202,20211202,SP,7079
44459745,0001,1,FORMA FITT ACADEMIA,04,20231110,20211202,GO,9221
44475313,0001,1,ACADEMIA UP FIT,02,20211203,20211203,PR,7623
44477624,0001,1,STUDIO BOOST,02,20211203,20211203,SC,8117
44477932,0001,1,TIME TEAM,02,20211203,20211203,DF,9701
44488299,0001,1,BURPEE PERSONAL TRAINER LTDA,08,20220107,20211206,PR,8461
02244493,0002,2,SMART FIT,02,20211206,20211206,SP,6213
44504258,0001,1,MC MUTIPROFISSIONAL,02,20211207,20211207,RS,8589
44528544,0001,1,E-BODY PERDIZES,08,20230302,20211208,SP,7107
44533246,0001,1,PURE PILATES PORTO ALEGRE,02,20211209,20211209,RS,8801
44535333,0001,1,ESTUDIO B - AULAS COLETIVAS,02,20211209,20211209,RS,8781
44538025,0001,1,IRON BLACK,02,20211209,20211209,SC,8179
44539100,0001,1,FITNESS HOUSE,02,20211209,20211209,ES,5623
44549272,0001,1,ESPACO TEAMFABY,02,20211210,20211210,MA,0963
44549870,0001,1,CRISTAO DE ALTA-PERFORMANCE,02,20211210,20211210,PR,7691
44551011,0001,1,,02,20211210,20211210,BA,3515
44552048,0001,1,,02,20211210,20211210,SP,6919
44553511,0001,1,ACADEMIA FITNESS BOA FORMA,02,20211210,20211210,MG,4011
44556036,0001,1,SPACE FIT,02,20211210,20211210,MA,0851
44559056,0001,1,PABLO PS ASSESSORIA ESPORTIVA,08,20251217,20211211,DF,9701
44566220,0001,1,NEXT LEVEL STUDIO,02,20211213,20211213,PR,7481
44582734,0001,1,ACADEMIA ESPARTANOS,04,20260611,20211214,AP,0605
44583316,0001,1,ACADEMIA ESPACO SAUDE,08,20250131,20211214,ES,5673
44605925,0001,1,ACADEMIA CIA DO CORPO,02,20211216,20211216,GO,9227
44607363,0001,1,,02,20211216,20211216,SP,6983
44612079,0001,1,,02,20211216,20211216,SP,6929
44619678,0001,1,,02,20211217,20211217,RJ,5865
44621004,0001,1,ESCOLA DE NATACAO AQUAKIDS,02,20240919,20211217,RN,1761
44625126,0001,1,,02,20211217,20211217,RS,8769
44631500,0001,1,ALTA PERFORMANCE,02,20211218,20211218,MG,4387
44657068,0001,1,STUDIO JANAINA JATOBA,02,20211221,20211221,BA,3625
44659996,0001,1,COLESEU CROSS,03,20260223,20211222,BA,3311
44666922,0001,1,GYM FITNESS,02,20211223,20211223,SP,6111
44687555,0001,1,STUDIO VANESSA VIDAL,02,20211228,20211228,RO,0015
44687934,0001,1,FLOW FITNESS,02,20211228,20211228,SP,6415
44706419,0001,1,FENIX ACADEMIA OEIRAS DO PARA,02,20211230,20211230,PA,0503
12507165,0002,2,CENTRALFIT ACADEMIA,08,20230926,20220103,AL,2705
44714934,0001,1,,02,20250128,20220103,MA,0228
44718630,0001,1,SENADOR CROSS,04,20260610,20220103,BA,3515
44718939,0001,1,TAURUS ACADEMIA,02,20220103,20220103,RS,8719
44728674,0001,1,ANILHA FITNESS GYM,02,20220104,20220104,PR,7871
44730815,0001,1,ACADEMIA BOA FORMA,02,20220104,20220104,PB,2013
44600273,0001,1,ACADEMIA PERFORMANCE,08,20220721,20211215,RJ,2921
44767773,0001,1,WEST FIT,02,20220106,20220106,RJ,6001
44779898,0001,1,CROSS EXPERIENCE,08,20240809,20220107,MT,9067
44785267,0001,1,TAIANA BIANCHINI TREINAMENTO FISICO,02,20220107,20220107,SC,8105
44805162,0001,1,BODY CENTER,02,20220110,20220110,RJ,5869
44813346,0001,1,TRY FITNESS ACADEMIA LTDA,02,20220111,20220111,BA,3849
44833238,0001,1,ACADEMIA INFORMA,02,20220112,20220112,MG,5397
44833634,0001,1,FITNESS LIFE,02,20220112,20220112,SP,7107
44834330,0001,1,LIVING PILATES E TREINAMENTO,08,20220708,20220112,DF,9701
44834918,0001,1,PERFORMA FIT,02,20220112,20220112,PE,2531
44839145,0001,1,STUDIO SAUDE E MOVIMENTO/ACOLHER CENTRO TERAPEUTICO,02,20220112,20220112,RS,8613
44856138,0001,1,CROSS TREINO @OFICIAL,02,20220113,20220113,MG,4123
44863758,0001,1,ESSENCIAL TERAPIAS,02,20220113,20220113,PA,0415
44864349,0001,1,TATI POWER FIT,08,20240716,20220114,RS,8807
44874119,0001,1,BOX 084 CROSS TRAINING,02,20220114,20220114,RN,1759
44898628,0001,1,ESPACO AZUL NATACAO E HIDROGINASTICA,02,20220117,20220117,PE,2629
44899189,0001,1,,02,20220117,20220117,SP,7057
41070850,0003,2,POWER FIT,02,20220118,20220118,MT,9067
44921846,0001,1,WFB VENDAS E CONSULTORIA,02,20220119,20220119,PR,7435
44927344,0001,1,PRIME FIT ACADEMIA,02,20220119,20220119,PE,2331
44931651,0001,1,,08,20250425,20220119,SP,7107
44934596,0001,1,AREA 45 CROSS,08,20231201,20220119,PR,7927
44942949,0001,1,BUTTERFLY CT,02,20220120,20220120,RN,1761
29957684,0002,2,ACADEMIA GULA DA SAUDE,08,20221219,20220121,SC,8089
44965141,0001,1,ACADEMIA FORMULA FITNESS,02,20220121,20220121,MG,4031
44969273,0001,1,ACADEMIA EURO TRAINING,08,20230221,20220121,SP,6655
44970152,0001,1,PROFA SAMIRA DUMIT,02,20220121,20220121,MA,0921
44978594,0001,1,MAGALDI TREINAMENTO FISICO FUNCIONAL,02,20220124,20220124,RJ,6001
44978863,0001,1,STUDIO PILATES DAVI RODRIGUES,02,20220124,20220124,AL,2641
44984181,0001,1,STUDIO 012 PILATES - FISIOTERAPIA E PILATES,02,20220124,20220124,SP,6271
44989203,0001,1,SPACO FITNES PAPAGAIO,02,20220124,20220124,MA,0757
45003667,0001,1,MONSTER FIT ACADEMIA,03,20240923,20220125,PA,0623
45007587,0001,1,TN ACADEMIA,02,20220125,20220125,RN,1761
44203837,0001,1,SL FISIOTERAPIA,02,20211110,20211110,BA,3671
45020479,0001,1,FISIOLOGIA APLICAVEL - TREINAMENTO E PERFORMANCE,04,20240816,20220126,SP,7107
45020498,0001,1,CRL FITNESS,02,20241016,20220126,AL,2885
45024856,0001,1,PANOBIANCO ATIBAIA,02,20220126,20220126,SP,6181
45024955,0001,1,TF FUNCIONAL CROSS,02,20220126,20220126,PI,1219
45030888,0001,1,ACADEMIA SUPERA DE MUSCULACAO,02,20241114,20220126,RS,8791
45033789,0001,1,ACADEMIA CONEXAO,02,20220127,20220127,RS,8705
45047443,0001,1,,02,20210831,20210831,SP,7107
45051073,0001,1,STUDIO SIMETRIA FIT,02,20220128,20220128,GO,9227
45060675,0001,1,ACADEMIA DETROIT,02,20220128,20220128,MG,4371
45062641,0001,1,STUDIO HORSE,02,20220128,20220128,SP,7121
44929076,0001,1,BARRA FIT FUNCIONAL STUDIO,02,20220119,20220119,RJ,5897
53175653,0001,1,ACADEMIA GYNKIDS,02,20231212,20231212,BA,3363
45074858,0001,1,SMBA - FITNESS,08,20230113,20220131,SP,7107
07594978,0466,2,,02,20220131,20220131,SP,7107
45077264,0001,1,TREINART ACADEMIA,08,20220529,20220131,CE,1447
42333699,0002,2,ACADEMIA GYM TRAINING HARDCORE ALEIXO,02,20220131,20220131,SP,6787
45091405,0001,1,MONSTERNUTRI,02,20220131,20220131,AP,0605
45093563,0001,1,ESPACO MOVIMENTO REVERSA,08,20240627,20220201,RS,8705
45093587,0001,1,HEISER FITNESS,02,20220201,20220201,RJ,5833
45096947,0001,1,MOINHOS FITNESS,02,20220201,20220201,RS,8801
45109067,0001,1,RZ4 ACADEMIA,02,20220201,20220201,CE,1389
45126537,0001,1,ANA PAULA CHAVES PILATES,02,20220202,20220202,MG,4941
45128317,0001,1,SPACE JUMP,02,20220202,20220202,GO,9373
45136890,0001,1,,02,20220203,20220203,RS,8729
45140333,0001,1,T M PERSONAL TRAINER E SUPLEMENTOS,02,20220203,20220203,MT,9897
45144226,0001,1,MARCIA GRACIELLY REPRESENTACOES & SERVICOS,02,20220203,20220203,MT,9191
45151716,0001,1,ACADEMIA THOR FIT,02,20220204,20220204,PR,7407
45152992,0001,1,ACADEMIA START,02,20220204,20220204,MG,4147
45159030,0001,1,KORPER STUDIO,02,20220204,20220204,CE,1389
18874695,0002,2,,08,20230803,20220207,SP,7107
45180632,0001,1,VITA,02,20220207,20220207,SP,7107
45193178,0001,1,CROSS RUN,04,20240826,20220207,BA,3849
14222410,0002,2,ACADEMIA BOA FORMA,02,20220208,20220208,CE,1493
45193866,0001,1,STUDIO PILATES,02,20220208,20220208,BA,3581
30769960,0012,2,PALMAS 02,08,20230829,20220208,TO,9733
45196070,0001,1,ENGENHARIA DO CORPO,02,20220208,20220208,GO,9373
45202295,0001,1,ACADEMIA CIPRAS,08,20240513,20220208,SP,7057
45208338,0001,1,ACADEMIA TOP FITNESS,02,20220208,20220208,RN,1927
45212940,0001,1,BOX CASTELANDIA,02,20220209,20220209,ES,5699
45213104,0001,1,G L FITNESS,02,20241101,20220209,PI,1207
37112477,0002,2,,02,20220209,20220209,SP,7107
45219577,0001,1,SEVEN STUDIO FITNESS,08,20260113,20220209,MT,9035
45220359,0001,1,MARIO SILVA,08,20220819,20220209,MT,9007
45224203,0001,1,,02,20220209,20220209,SP,6163
45227406,0001,1,STRENGTH AND HEALTH: TREINAMENTO E PERFORMANCE,02,20220209,20220209,SP,7107
45228695,0001,1,VIDORI - TREINAMENTO FISICO PERSONALIZADO,02,20220209,20220209,SC,8327
45228719,0001,1,ESSENCIAL FISIOTERAPIA & PILATES,02,20220209,20220209,SP,7099
45231967,0001,1,ARENA FUTURO BEACH,02,20220210,20220210,AP,0615
45235364,0001,1,WB TREINAMENTO PERSONALIZADO,08,20260310,20220210,MG,4123
22155619,0003,2,,08,20241209,20220211,RS,8801
45258869,0001,1,CHAUSSE & ABREU,02,20220211,20220211,BA,3597
45264574,0001,1,ARCADIA,02,20220212,20220212,MA,0921
45264661,0001,1,MFIT ACADEMIA,02,20220212,20220212,PI,1217
45284344,0001,1,STUDIO COACH JR TREINAMENTO FISICO FUNCIONAL,08,20240405,20220214,SP,6967
45292540,0001,1,MOINHOS FITNESS,02,20220215,20220215,RS,8801
45040271,0001,1,VIDA FIT,02,20220127,20220127,BA,3671
45313742,0001,1,STUDIO KORE,02,20220216,20220216,SP,7107
45316581,0001,1,STUDIO MOTIVA,02,20220216,20220216,SC,8027
45323751,0001,1,39FIT ITAQUERA,02,20220216,20220216,SP,7107
45326339,0001,1,,08,20220923,20220216,SP,6789
45327248,0001,1,DUCKS BOX DE CROSSFIT,02,20220216,20220216,PA,0483
45329648,0001,1,PLENA FORMA,02,20220217,20220217,RJ,5869
45338323,0001,1,LIVIA ALMEIDA PREPARACAO ESPORTIVA,02,20220217,20220217,RJ,5843
45338616,0001,1,FF TREINAMENTO FUNCIONAL,02,20220217,20220217,SP,7057
45339240,0001,1,ANDRE LUIS DE OLIVEIRA PINTO,04,20260612,20220217,SP,6291
45340572,0001,1,F3 ESTUDIO FUNCIONAL,08,20230109,20220217,MG,4865
16541758,0002,2,ACADEMIA CORPORE FITNESS,08,20240521,20220217,MT,9929
45351401,0001,1,C2 FIT ACADEMIA,02,20241008,20220218,SE,3105
45352970,0001,1,ACADEMIA PERSONALIZADA ALINE LEMES,02,20220218,20220218,PR,7605
45376956,0001,1,EVOLVE GYMBOX,02,20220221,20220221,DF,9701
45380127,0001,1,VO2 TREINAMENTOS,02,20220221,20220221,PR,7607
45383408,0001,1,SHAPPE FITNESS ACADEMIA,02,20241128,20220221,PA,0483
12427476,0002,2,INSTITUTO DE TREINAMENTO EU SOU,02,20220221,20220221,SP,6605
45386782,0001,1,CLUBE DA LUTA,02,20220221,20220221,PR,7425
45392684,0001,1,PRO HORSE GYM,02,20220222,20220222,MG,4997
45399241,0001,1,STUDIO E BOX TOTAL FIT,02,20220222,20220222,MA,0134
45401046,0001,1,ACADEMIA 100 FITNESS,02,20220222,20220222,SP,6291
45411208,0001,1,ACADEMIA MORADA FITNESS,08,20241018,20220222,PE,2333
45411713,0001,1,POWER FIT,02,20220222,20220222,MS,9063
45417707,0001,1,,08,20221221,20220223,RJ,6001
45426532,0001,1,,08,20231018,20220223,MG,4463
45432782,0001,1,,02,20220224,20220224,SP,7107
45433804,0001,1,FRAN WOLF STUDIO PERSONALIZADO,02,20220224,20220224,PR,7945
45442024,0001,1,STUDIO FUNCIONAL NILTINHO TRAINER,02,20220224,20220224,RN,1761
45449522,0001,1,ESPACO FISIO SAUDE,02,20220224,20220224,BA,3965
45456299,0001,1,RB FIT,02,20220225,20220225,RS,8793
45458730,0001,1,CROSS NUTRITION BOX SARZEDO,02,20220225,20220225,MG,0730
45459912,0001,1,BOX ARUA,02,20220225,20220225,SP,6189
45489260,0001,1,,02,20220302,20220302,PR,7745
45493398,0001,1,GR ASSESSORIA ESPORTIVA,02,20220302,20220302,SP,7107
45494126,0001,1,ACADEMIA LINE FITNESS,02,20220302,20220302,ES,5699
45508670,0001,1,,02,20220303,20220303,PR,7565
45515162,0001,1,STUDIO BOM PASTOR,08,20250724,20220303,RJ,5873
45518879,0001,1,IRONBERG SAO CAETANO,02,20220304,20220304,SP,7077
45521938,0001,1,A10 CLUB,02,20220304,20220304,AL,2705
45524867,0001,1,CT 1812,02,20220304,20220304,SP,7237
45526752,0001,1,,02,20220304,20220304,MG,4123
45537181,0001,1,GR FIT CENTRO DE TREINAMENTO FUNCIONAL,08,20250520,20220307,MG,4733
45540203,0001,1,CF SOUTH,02,20220307,20220307,RS,8801
45543829,0001,1,MARIA DO CARMO PERSONAL,08,20230926,20220307,GO,9437
45545387,0001,1,STUDIO E ACADEMIA THIAGO LANDIM,02,20220307,20220307,MG,4149
45567240,0001,1,,02,20220308,20220308,RJ,6001
45567959,0001,1,FOZ DO IGUACU CENTRO DE ATIVIDADES FISICAS LTDA,02,20220308,20220308,PR,7563
45568018,0001,1,CENTRO DE TREINAMENTO FENIX,02,20220308,20220308,PR,7971
45571024,0001,1,ACADEMIA STAR FITNESS,04,20240822,20220308,PE,2357
45575176,0001,1,,02,20220309,20220309,RJ,6001
45583736,0001,1,LIVE ACADEMIA DE DANCA,08,20250205,20220309,AM,0255
45583863,0001,1,RCF ESPORTES,02,20220309,20220309,RJ,6001
45586437,0001,1,OUROFITNNES,02,20220309,20220309,RJ,5861
45590257,0001,1,,02,20220309,20220309,ES,5625
45614084,0001,1,SLIM ACADEMIA,02,20220311,20220311,SE,3119
45619920,0001,1,TOP FITNESS,02,20220311,20220311,SE,3127
45621333,0001,1,ACADEMIA RESTARTE,08,20240513,20220311,PI,1131
45638276,0001,1,,04,20240827,20220314,PE,2323
45641991,0001,1,,02,20220314,20220314,SP,7057
45650925,0001,1,DIDA FPERSONAL TRAINER,08,20251125,20220315,SP,6411
45654562,0001,1,,02,20220315,20220315,SP,7107
01986340,0002,2,ACADEMIA PERFORMANCE,08,20240123,20220316,SP,6275
45670711,0001,1,ACADEMIA COLLEGE FITNESS CENTER,02,20220316,20220316,SP,6897
45673051,0001,1,ANDRESSA MATTOS HEALTH,02,20220316,20220316,SP,7151
45676265,0001,1,BUNKER,02,20220316,20220316,CE,1373
45686010,0001,1,L F STUDIO,02,20220317,20220317,ES,5623
45701118,0001,1,STUDIO FUNCIONAL GEISA BARROS,02,20220318,20220318,BA,3117
45703768,0001,1,,02,20220318,20220318,BA,3993
33834741,0006,2,ACADEMIA USINA CLUB,08,20240625,20220318,PR,7583
45707390,0001,1,JC FITNESS FUNCIOLATES,08,20240603,20220318,SP,6713
45716785,0001,1,VITALY FISIOTERAPIA E PILATES,02,20220321,20220321,MG,4387
45717273,0001,1,,02,20220321,20220321,SP,6291
45720340,0001,1,,02,20220321,20220321,PR,7777
45726795,0001,1,VARSONE & FURLAN,02,20220321,20220321,SP,7095
45728048,0001,1,,04,20240816,20220321,SP,7107
45734660,0001,1,ACADEMIA VITAL PRO,08,20220526,20220322,RS,8591
45739761,0001,1,ACADEMIA VIVA FITNESS,02,20220322,20220322,PE,2357
45740663,0001,1,,02,20220322,20220322,SP,7107
45743581,0001,1,,02,20220322,20220322,PI,1219
45751538,0001,1,SHIRLEI BRUNELI PERSONAL STUDIO,02,20220323,20220323,SE,3247
45751850,0001,1,TAKEY SPORTS AQUATICO E FITNESS,02,20220323,20220323,MG,5403
45757415,0001,1,STUDIO SBM,02,20220323,20220323,MS,9131
45758853,0001,1,ACADEMIA SOTI'S,08,20230214,20220323,SP,7107
45761164,0001,1,STUDIOER,02,20220323,20220323,PR,7535
45770606,0001,1,,02,20220324,20220324,BA,3849
45772017,0001,1,,02,20220324,20220324,SP,7145
45772716,0001,1,MAXIMU'S ACADEMIA - FORCA E MOVIMENTO,02,20220324,20220324,SC,8325
45775522,0001,1,STUDIO DE PILATES FABIANA SABEDOTTI,02,20220324,20220324,PR,7777
45779847,0001,1,BLACK BULL FIT,02,20220324,20220324,SP,6601
45788133,0001,1,D&D SPORTS,02,20220325,20220325,SP,6361
45803552,0001,1,PROQUALITY PREMIUM VOLTA REDONDA,02,20220328,20220328,RJ,5925
45806814,0001,1,POWER HOUSE,02,20220328,20220328,MG,4647
45808554,0001,1,ACADEMIA SPARTACUS,02,20220328,20220328,MG,4911
45810623,0001,1,PERSONAL 3L,02,20220328,20220328,MS,9165
45814000,0001,1,,02,20220328,20220328,MG,4945
45814701,0001,1,AREAFIT,02,20220328,20220328,PI,1153
45829599,0001,1,STUDIO TRINITY,02,20220329,20220329,RJ,5925
45831517,0001,1,,02,20220329,20220329,RS,8541
45842581,0001,1,COREFIT,02,20220330,20220330,RJ,5801
45858671,0001,1,ACADEMIA MAIS SAUDE,02,20220331,20220331,SP,6553
45870739,0001,1,EB STUDIO FITNESS,02,20220401,20220401,CE,1461
45881033,0001,1,ACADEMIA OPCAO FITNESS,08,20241010,20220401,SP,6415
45883720,0001,1,,02,20220402,20220402,SC,8047
45892745,0001,1,VF ESPORTES,04,20240816,20220404,SP,7107
45895318,0001,1,AM REABILITACAO & PERFORMANCE,02,20220404,20220404,TO,9627
45895803,0001,1,DAAP FIT,02,20220404,20220404,SP,6427
45900434,0001,1,SOMA YOGA SHALA,02,20220404,20220404,RJ,5867
45924707,0001,1,BLUEFIT ACADEMIA,02,20220406,20220406,SP,6713
45927906,0001,1,,02,20220406,20220406,BA,3685
45933361,0001,1,TRIUM COMMUNITY FITNESS,02,20220406,20220406,MG,4371
45933756,0001,1,ROTA DO MERGULHO,02,20220406,20220406,GO,9305
45935728,0001,1,,02,20220406,20220406,RJ,5865
45941652,0001,1,FIT CORE STUDIO,02,20220407,20220407,MG,4371
45942975,0001,1,ABBA,02,20220407,20220407,SP,6155
45945848,0001,1,STUDIO RAFA TRAINER,02,20220407,20220407,AL,2833
45964847,0001,1,,02,20220408,20220408,SC,8233
45965767,0001,1,ACADEMIA M2,02,20220408,20220408,MG,4919
45971378,0001,1,VIA FITNESS,02,20220408,20220408,SC,8221
45982834,0001,1,CROSS SAO LOURENCO,02,20220411,20220411,MG,5273
45983929,0001,1,RITCARDIO,02,20220411,20220411,MT,9871
07594978,0479,2,,02,20220411,20220411,MG,4123
46001009,0001,1,ACADEMIA BODYLIFE,02,20220412,20220412,RN,1761
46002760,0001,1,CROSS EXPERIENCE,02,20220412,20220412,SP,6149
46006148,0001,1,MISTER TRAINER,02,20220412,20220412,MT,9185
46008097,0001,1,MARFIT SPORT E CONSULTORIA LTDA,08,20231222,20220412,SP,6177
46011644,0001,1,TRIBUS TREINAMENTO FISICO FUNCIONAL,02,20220412,20220412,SC,8179
46012283,0001,1,W STUDIO,08,20251014,20220412,MG,5035
46020422,0001,1,FAST FIT,08,20250409,20220413,MG,4865
46023143,0001,1,,02,20220413,20220413,RS,8815
46026295,0001,1,ACADEMIA DO FOQUINHA,02,20220413,20220413,SP,6339
45957499,0001,1,TREINAMENTO FEMININO,02,20220407,20220407,DF,9701
46038429,0001,1,,02,20220414,20220414,SP,7107
46038966,0001,1,STUDIO ALL CORE,02,20220414,20220414,SP,7107
46041775,0001,1,BOX 46,02,20220414,20220414,SC,8163
46065023,0001,1,URSO JIU-JITSU TEAM,02,20220418,20220418,SP,6261
46067275,0001,1,DALDEIA CT,02,20220418,20220418,RS,8683
46076141,0001,1,ACADEMIA FOCO FIT,02,20220419,20220419,ES,5703
46078579,0001,1,,02,20220419,20220419,SP,7151
46093059,0001,1,,02,20220420,20220420,SP,7075
46097261,0001,1,TEAM NERIS,02,20220420,20220420,RS,8669
46126489,0001,1,MAIS SAUDE - PILATES E FISIOTERAPIA,08,20260325,20220425,MG,4111
46126700,0001,1,EID ESTUDIO PILATES,02,20220425,20220425,RO,0003
46127662,0001,1,,02,20220425,20220425,CE,1401
46132686,0001,1,LAMARCAS ESCOLA DE DANCA,02,20220425,20220425,RJ,6001
46136429,0001,1,,02,20220425,20220425,RS,8589
45965935,0001,1,MASSARIOL,02,20220408,20220408,PA,0595
46153467,0001,1,ACADEMIA R1 SPORTS,02,20220426,20220426,MG,4171
46154987,0001,1,,02,20220426,20220426,SP,7107
46156300,0001,1,CCB,02,20220426,20220426,MG,4133
46156382,0001,1,ACADEMIA GOVERNADOR FITNESS,02,20220426,20220426,SC,8111
46171775,0001,1,,02,20260317,20220427,BA,3319
46173732,0001,1,TEAM_RN,02,20220427,20220427,BA,3595
29138745,0002,2,,08,20230104,20220428,SP,7107
46199358,0001,1,CENTRO DE SAUDE E PERFORMANCE IURY GOMES RODRIGUES,02,20220429,20220429,SE,3141
46199798,0001,1,ACADEMIA SHAPE,02,20220429,20220429,PB,2041
46200889,0001,1,ACADEMIA H8 FITNESS,02,20220429,20220429,SP,6547
46208482,0001,1,STUDIO FITNESS LENA GURU,02,20220429,20220429,PA,0427
46223537,0001,1,BELIEVE WELLNESS STUDIO,02,20220502,20220502,DF,9701
46223833,0001,1,LIFE FITNESS,02,20220502,20220502,PB,0532
46239278,0001,1,,02,20220503,20220503,MG,4123
46239373,0001,1,,02,20220503,20220503,MG,4123
46239493,0001,1,,02,20220503,20220503,MG,5425
24921465,0062,2,,02,20220503,20220503,SP,7107
46243793,0001,1,AUTHENTIC PILATES,08,20221129,20220503,SC,8233
46252863,0001,1,,02,20220503,20220503,RS,8771
46256932,0001,1,BODYONE HUB DE SAUDE,02,20220504,20220504,RS,8577
46257484,0001,1,CACTUS FITNESS BOX,02,20241127,20220504,AL,2785
46260114,0001,1,,02,20220504,20220504,MG,4123
17247744,0002,2,PULSE MARY DOTA,02,20220504,20220504,SP,6219
46268398,0001,1,ATLAS GYM,02,20220504,20220504,PE,2321
46272777,0001,1,ESPACO K PILATES,02,20220504,20220504,BA,3849
46280854,0001,1,CENTRO DE PILATES CLEDIANE FOLLMANN,02,20220505,20220505,SC,8125
46284335,0001,1,SPAZIO RENOVARE,08,20220915,20220505,MG,4733
46285580,0001,1,PRIME SUPLEMENTOS ALIMENTARES,03,20230308,20220505,GO,9301
46289041,0001,1,ACADEMIA CROSSFIT MR,02,20220506,20220506,MA,0106
46289869,0001,1,CENTRO DE TREINAMENTO BALISA,02,20220506,20220506,RJ,5807
46299439,0001,1,STUDIO L.CORE SAUDE INTEGRADA,02,20220506,20220506,BA,3773
44055568,0001,1,REGYM ACADEMIA LTDA,02,20211028,20211028,SC,8229
46300757,0001,1,CLASSIC' S STRONG GYM,02,20220506,20220506,SP,6713
46314665,0001,1,STUDIO POWER FIT,02,20220509,20220509,SP,6645
46328302,0001,1,EVOLUCAO FITNESS,02,20220510,20220510,RS,1174
22137884,0002,2,REEF,08,20250814,20220510,PE,2531
46340765,0001,1,,08,20230307,20220510,SP,6789
46351603,0001,1,MD FIT,02,20220511,20220511,GO,9373
46353727,0001,1,STUDIO AERO FITNESS,02,20220511,20220511,PB,0498
45941981,0002,2,ACADEMIA ELITE,02,20220511,20220511,MG,5403
46363850,0001,1,PIAFI BRASIL,02,20220512,20220512,RS,8801
46380711,0001,1,BOX MOVE - ESPACO FITNESS,02,20220513,20220513,PR,0844
46385237,0001,1,,02,20220513,20220513,RS,8933
46394338,0001,1,,02,20220514,20220514,RS,8801
46268820,0001,1,UP - PROMOCAO DA SAUDE,02,20220504,20220504,PR,7535
46273949,0001,1,T.BROX GYM,02,20220505,20220505,MG,4697
46262967,0001,1,ELETRO HOME FIT,02,20220504,20220504,PR,7535
46402214,0001,1,BOTELHO FITNESS,02,20220516,20220516,SP,7071
46402260,0001,1,UNIFIT ACADEMIA,02,20220516,20220516,RN,1759
46402411,0001,1,,08,20230605,20220516,SP,2985
46429840,0001,1,ACQUA FORMA FITNESS,02,20220517,20220517,SP,7057
46430232,0001,1,,02,20220517,20220517,MS,9051
46430384,0001,1,V DIAS CAMPOS DA COSTA LTDA,04,20260609,20220517,MT,9035
46430685,0001,1,,02,20220517,20220517,SP,6179
46430828,0001,1,ADRYANNA FITNESS,02,20220517,20220517,AP,0605
46437139,0001,1,PROFITNESS ACADEMIA E COMERCIO,02,20220518,20220518,PI,1141
46438022,0001,1,SMART FIT MAGUARI,02,20220518,20220518,PA,0427
33172521,0002,2,BEBOX,02,20220517,20220517,SP,7099
46443322,0001,1,,02,20220518,20220518,SC,8179
46449215,0001,1,STUDIO MAROMBA,02,20220518,20220518,BA,3501
46463461,0001,1,STUDIO SAR FIT,02,20220519,20220519,PA,0401
46468937,0001,1,BUDOKAN ACADEMY,02,20220519,20220519,PE,2521
46471088,0001,1,SHOGUN TEAM ASA NORTE,02,20220520,20220520,DF,9701
46473673,0001,1,ACADEMIA TOP FIT,02,20220520,20220520,CE,1263
46480143,0001,1,,02,20220520,20220520,PR,7535
46491013,0001,1,G POWER ACADEMIA,02,20220523,20220523,PA,0595
46494242,0001,1,THE POWER ACADEMIA,02,20220523,20220523,PI,1055
46498429,0001,1,DOCTORFIT FLORIPA,08,20221208,20220523,SC,8105
46509726,0001,1,,02,20220524,20220524,PR,7691
46509848,0001,1,FITNESS STORM,02,20220524,20220524,PR,7589
46529088,0001,1,ACADEMIA TOP FITNESS,02,20220525,20220525,AL,2885
46531552,0001,1,46 CROSS TRAINING,02,20220525,20220525,PR,7541
46535436,0001,1,STUDIO ALPHA TP INHUMAS,02,20220525,20220525,GO,9395
46389273,0001,1,FERNANDA SOUSA CENTRO DE TREINAMENTO,02,20220513,20220513,SC,8141
46548226,0001,1,STUDIO FITNESS,02,20220526,20220526,PA,0559
46560473,0001,1,LUB PILATES,02,20220526,20220526,SP,7145
46573034,0001,1,LEO PERFORMANCE,04,20260611,20220527,CE,1253
46584285,0001,1,RO STUDIO FITNESS,02,20220530,20220530,BA,3761
46586997,0001,1,GR3 CROSS,02,20220530,20220530,GO,9373
46588062,0001,1,STUDIO NATHALIA SOBRAL,02,20220530,20220530,SP,6921
46590443,0001,1,ORIGEM - SAUDE E PERFORMANCE HUMANA,02,20220530,20220530,MG,4941
46599479,0001,1,I9 FIT,02,20220531,20220531,RJ,6001
46599766,0001,1,GROUP ACADEMIA,08,20240301,20220531,PB,2133
46604160,0001,1,ACADEMIA KING,02,20220531,20220531,SP,6589
13433169,0002,2,ACADEMIA CORPO EM FORMA 2,04,20260526,20220531,PB,2049
46608213,0001,1,RED GYM CT,02,20220531,20220531,SP,6291
46617836,0001,1,STUDIO PERSONAL PRIME,08,20260522,20220601,MT,9067
46626994,0001,1,,02,20220601,20220601,RS,8599
46627272,0001,1,BOX DESAFIO,02,20220601,20220601,GO,9431
46627316,0001,1,ACADEMIA FENIX,02,20220601,20220601,GO,9361
46639692,0001,1,,08,20230116,20220602,SP,7077
46648031,0001,1,BOX ONE,08,20240527,20220603,ES,5681
46671688,0001,1,,02,20220606,20220606,PR,7535
46682039,0001,1,PROFORMA TREINAMENTO PERSONALIZADO,02,20220606,20220606,GO,9563
46694234,0001,1,CWB TEAM TREINAMENTOS ESPORTIVOS,08,20250128,20220607,PR,7535
46697830,0001,1,PERFORMA FIT,02,20220607,20220607,SP,7233
46700871,0001,1,AQUA FIORI ASSESSORIA AQUATICA,02,20220607,20220607,SP,6291
46704776,0001,1,STUDIO EVOLUCAO,02,20220608,20220608,SP,2953
46706668,0001,1,ARENA SPORTS TRAINING,02,20220608,20220608,MG,4997
46707026,0001,1,DELAS ESPACO FITNESS,02,20220608,20220608,PA,0559
46710431,0001,1,SCORPION GYM,02,20220608,20220608,PA,0427
46711592,0001,1,ESFERA TREINAMENTO PERSONALIZADO,02,20220608,20220608,SP,6293
46726312,0001,1,CROSS BOX FULL FIGTHER,02,20220609,20220609,SP,6689
46731791,0001,1,PILATES 939,02,20220609,20220609,SP,6969
46758992,0001,1,GEO FIT ACADEMIA,08,20260107,20220613,RN,1759
46764980,0001,1,A.C.M. ACADEMIA,02,20220613,20220613,SP,6689
46766223,0001,1,,08,20240105,20220613,PR,8461
46769765,0001,1,RE PILATES,08,20250414,20220613,SP,6689
46775543,0001,1,WORKOUT,02,20220614,20220614,MG,4751
46786673,0001,1,STUDIO DE MUSCULACAO MB,02,20220614,20220614,DF,9701
46792935,0001,1,BRISA FITNESS,02,20220615,20220615,MA,0943
46799673,0001,1,BOX JAVALI,02,20220615,20220615,SC,8053
46804320,0001,1,MOTRIX,02,20220615,20220615,MG,5403
46811924,0001,1,MAKENZ FISIOTERAPIA E PILATES,02,20220617,20220617,PB,1981
46826211,0001,1,,08,20240808,20220618,PR,7481
46846354,0001,1,,02,20220621,20220621,MG,4647
46855118,0001,1,LIVING,02,20220621,20220621,MG,5425
46859703,0001,1,ALINE MELO LEITE,08,20260109,20220621,PA,0595
46864628,0001,1,RAFAEL TONET CONSULTORIA,02,20220621,20220621,RS,8785
46866728,0001,1,ARENA EVOLUTION,02,20220622,20220622,MG,0686
46870005,0001,1,REFERENCIA ASSESSORIA ESPORTIVA,02,20220622,20220622,SP,7107
46871937,0001,1,NEW LEO FITNESS,02,20220622,20220622,AM,0255
46876390,0001,1,SELVA CENTRO DE TREINAMENTO,02,20220622,20220622,SE,3105
46888006,0001,1,CROSSFIT SAO ROQUE,02,20220623,20220623,SP,7113
46900954,0001,1,,02,20220624,20220624,MA,0861
46915380,0001,1,ATIVASPACE,02,20220626,20220626,MA,0921
46933401,0001,1,,02,20220628,20220628,SP,6607
46937312,0001,1,SET THE PACES,02,20220628,20220628,SP,7075
46955099,0001,1,ALFA ACADEMIA,02,20220629,20220629,PA,0493
46958957,0001,1,ACADEMIA WAYNE,02,20220629,20220629,CE,1523
46959836,0001,1,,02,20220629,20220629,SP,6713
46971559,0001,1,CLINICA UNIRFISIO,02,20220630,20220630,RJ,6001
46980261,0001,1,THAHARD,02,20220630,20220630,SC,8105
46981801,0001,1,GOWFIT,02,20220630,20220630,SP,6931
46995214,0001,1,CAMARGO TRAINING & PERFORMANCE,02,20220701,20220701,MT,9893
47007983,0001,1,ESPACO FOCO E ACAO FISIOTERAPIA E PILATES,02,20220704,20220704,GO,9373
47014387,0001,1,ACADEMIA BOA FORMA,02,20220704,20220704,BA,3299
47014482,0001,1,ACADEMIA ABSOLUT,04,20240819,20220704,RJ,2909
47030794,0001,1,ACADEMIA POWER FITNESS,02,20220705,20220705,PB,1929
47054530,0001,1,BASIC FIT ACADEMIA,02,20220706,20220706,CE,1395
47075787,0001,1,STUDIO DE EMS,02,20220707,20220707,GO,9373
47085750,0001,1,ITA FIT,04,20240823,20220708,PA,0471
47093474,0001,1,ACADEMIA CORPO LEVE,02,20220711,20220711,PA,0475
47101473,0001,1,ACADEMIA SPYKE FITNESS,04,20240820,20220711,SP,7107
47104442,0001,1,STUDIO DE PILATES E YOGA FAMILIA AMARAL,02,20220711,20220711,SC,8105
47119240,0001,1,AJR CONSULTORIAS,02,20220712,20220712,MG,4123
47131162,0001,1,,02,20220713,20220713,RJ,5915
47137920,0001,1,SKYFIT ACADEMIA - UNIDADE PORTO FERREIRA,02,20220713,20220713,SP,6915
47138330,0001,1,EXCALIBUR FITNESS CENTER,02,20220713,20220713,SC,8305
47138443,0001,1,ELITE TRAINING,02,20220713,20220713,ES,5703
47157737,0001,1,,02,20220714,20220714,AM,0255
47162222,0001,1,MF SERVICOS DE EDUCACAO FISICA E SAUDE.,08,20241001,20220715,SP,7107
47164004,0001,1,STUDIO POWER FIT JM TREINAMENTO FUNCIONAL,02,20220715,20220715,SP,6601
47166998,0001,1,AV FITNESS,02,20220715,20220715,PE,2397
47168180,0001,1,,02,20220715,20220715,SE,3105
47187433,0001,1,ACADEMIA COMMANDOS FITNESS,02,20240904,20220718,AM,0255
47189176,0001,1,,04,20240816,20220718,RS,8801
47198271,0001,1,ACADEMIA STUDIO BEM FITNESS,02,20220719,20220719,AL,2785
47199767,0001,1,ACADEMIA GERACAO FITNESS,02,20220719,20220719,SE,3195
47209573,0001,1,GOODFORMA,02,20220719,20220719,PE,2341
46098236,0001,1,SERPINHA TENIS,08,20220720,20220420,DF,9701
38499480,0002,2,LR FITNESS ACADEMIA,02,20220720,20220720,PI,0300
47223744,0001,1,DAY FIT ACADEMIA,08,20230824,20220720,MG,4631
47234909,0001,1,METANOIA GYM,02,20220721,20220721,SP,7107
47238512,0001,1,300 FIT CLUB,08,20240904,20220721,PB,2085
47239111,0001,1,,02,20220721,20220721,SP,6619
47239896,0001,1,ESTUDIO ADRIANA SILVA PILATES E FISIOTERAPIA,02,20220721,20220721,MG,5133
47240210,0001,1,ROMERO TEAM ESPORTES,04,20240816,20220721,RS,8801
47250732,0001,1,SMITH ACADEMIA,02,20220722,20220722,PR,7907
47251544,0001,1,ACADEMIA COLISEU,02,20240927,20220722,PA,0040
47255311,0001,1,RSA FITNESS,04,20240902,20220722,SP,7047
47259217,0001,1,,02,20220722,20220722,SP,7107
47278278,0001,1,ESPACO BELLAS FIT,02,20220725,20220725,CE,1351
47287521,0001,1,,02,20220726,20220726,PR,7535
47295348,0001,1,,02,20220726,20220726,CE,1381
47298811,0001,1,L2 (CENTRO DE TREINAMENTO),02,20220726,20220726,MG,5273
47309107,0001,1,CRIAS DA BOLA,08,20260609,20220727,RJ,6001
46939686,0001,1,ROSE STUDIO FIT,02,20220628,20220628,TO,9733
47314011,0001,1,STUDIO WORLD FIT,02,20220727,20220727,PB,2109
47319730,0001,1,HEALTH MOVEMENT,02,20220727,20220727,SP,7107
47323216,0001,1,CROSS ALTERNATIVA,02,20220728,20220728,SC,8339
47323405,0001,1,ADRENALINA FITNESS,02,20220728,20220728,MG,4553
47328276,0001,1,,02,20220728,20220728,SP,7107
47330562,0001,1,STUDIO VM TRAINING,02,20220728,20220728,SP,7027
47336993,0001,1,T1 GYM,02,20220728,20220728,PE,2519
47347183,0001,1,FISICO E FORMA ATIVIDADES FISICAS,02,20220729,20220729,RJ,5915
47353607,0001,1,VIA ESTUDIO TREINAMENTO RESISTIDO,02,20220729,20220729,RS,8801
47360528,0001,1,GOLDEN FIT GYM,08,20251208,20220801,MG,4487
47368050,0001,1,HAMASHIA ALTA PERFORMANCE,02,20220801,20220801,MG,5425
47368462,0001,1,ATOM LTDA,08,20260323,20220801,SP,7145
47249133,0002,2,,02,20220801,20220801,PE,2531
47383292,0001,1,,02,20220802,20220802,SP,6569
14460531,0002,2,,02,20220803,20220803,SP,6875
47399672,0001,1,ESTUDIO CAMILA MAGALHAES,02,20220803,20220803,MG,5385
47401584,0001,1,GB PILATES,02,20220803,20220803,SP,6131
47403671,0001,1,STUDIO XTREME FITNESS,08,20221018,20220803,RN,1761
47404465,0001,1,STUDIO DE PILATES KARINE LOPES,08,20230309,20220803,GO,9625
47420396,0001,1,TRAP,02,20220804,20220804,SP,7107
47427917,0001,1,MECCA GYM,02,20220804,20220804,PR,7603
47431894,0001,1,,08,20240321,20220805,SP,6875
47437376,0001,1,PHYSIC ENERGY ELETROESTIMULACAO,08,20250423,20220805,PR,7483
04328700,0004,2,,02,20220805,20220805,SP,6221
47129378,0001,1,PHD FAZENDA RIO GRANDE PR,02,20220713,20220713,PR,9983
47455314,0001,1,E-FIT BH,08,20260512,20220808,MG,4123
47463396,0001,1,RUAH STUDIO PILATES,02,20220808,20220808,PR,7563
47466884,0001,1,,02,20220808,20220808,SP,6263
47490960,0001,1,ACADEMIA EVOLUTION FITNESS,08,20240417,20220809,MG,2903
47495630,0001,1,INCLUIR ASSISTENCIA INFANTIL LTDA,08,20230821,20220809,PE,2627
47511331,0001,1,,02,20220810,20220810,MG,4371
45602461,0001,1,TORFIT ACADEMIA,02,20220310,20220310,SP,6549
47541110,0001,1,BOX 365 CROSS TRAINING,02,20220812,20220812,SP,6363
47551223,0001,1,FIT CLUB ACADEMIA,02,20220812,20220812,AL,2705
47553380,0001,1,CT VIDA ATIVA SM,08,20241018,20220812,RS,8841
47567572,0001,1,,08,20230320,20220815,PB,1981
47579962,0001,1,,02,20220815,20220815,SP,7107
47582950,0001,1,GARDEN CENTRO DE TREINAMENTO,02,20220816,20220816,PR,7591
47589503,0001,1,PROGRESSIVE TRAINING,02,20220816,20220816,SC,8357
47591612,0001,1,,02,20220816,20220816,RS,8901
47592612,0001,1,SHAPE ACTION,02,20220816,20220816,RJ,5887
47592768,0001,1,VIVA BEM STUDIO PILATES,02,20220816,20220816,SC,8161
47597355,0001,1,MAIS LEVE LABORAL,04,20240826,20220816,SP,6219
47598001,0001,1,ACADEMIA SUPERACAO,08,20241031,20220816,MS,9051
47598238,0001,1,CORPUS FIT,02,20220816,20220816,BA,3849
47601730,0001,1,ACADEMIA BPFIT,02,20220817,20220817,CE,1481
47602940,0001,1,,02,20220817,20220817,SP,6619
47611812,0001,1,RCAM PREPARACAO FISICA,08,20240925,20220817,DF,9701
47615586,0001,1,E-BODY MASTER FRQ-01,02,20220817,20220817,SP,7107
47625953,0001,1,LUIS GUILHERME SIMOES CARDOSO PERSONAL,02,20220818,20220818,SP,6861
47627026,0001,1,SPARTANO FITNESS,02,20220818,20220818,SP,7067
47630856,0001,1,NITFIT STUDIO PERSONAL,02,20220818,20220818,RJ,5865
47630938,0001,1,IMPACTO ACADEMIA,02,20220818,20220818,BA,3405
47631870,0001,1,POWERFIT TRAINING,02,20220818,20220818,ES,5699
47637976,0001,1,CLASSICAL PILATES FLORIPA,02,20220819,20220819,SC,8105
47639171,0001,1,ACADEMIA PERSONALIZADA LEANDRO TERRA,02,20220819,20220819,SC,8179
47641768,0001,1,MORINEL CONSULTORIA ESPORTIVA,08,20230117,20220819,RS,8683
47645850,0001,1,NUMBER ONE CENTER FIT,02,20220819,20220819,RS,8927
47658813,0001,1,,02,20220822,20220822,RS,8525
47661180,0001,1,,02,20220822,20220822,AM,0255
47682361,0001,1,,02,20220823,20220823,SP,7107
47686074,0001,1,L.M MULTIFITNESS,02,20220823,20220823,RJ,5819
47689698,0001,1,CT UNIQUE,02,20220823,20220823,RS,8589
42309347,0002,2,ALLP FIT ACADEMIA,02,20220824,20220824,SP,7107
47696681,0001,1,IMPACT GYM,02,20220824,20220824,MG,4123
47696961,0001,1,IMPACTO GYM ACADEMIA,02,20220824,20220824,SP,7107
47703815,0001,1,ON THE GO,02,20220824,20220824,SP,7107
47706682,0001,1,DAIPILATES,02,20220824,20220824,SC,8179
47713172,0001,1,A F SPORTS,02,20220825,20220825,SP,6291
47722057,0001,1,STUDIO DE PILATES BONETTI,02,20220825,20220825,SP,6477
47729564,0001,1,DREICE ANTUNES STUDIO PERSONAL LTDA,02,20220826,20220826,RS,8877
47756401,0001,1,POWER FORCE,08,20240606,20220829,MG,4445
47757022,0001,1,JOTA FIT,02,20220829,20220829,SP,7141
47759223,0001,1,,02,20220829,20220829,SP,6313
47759417,0001,1,,08,20251203,20220829,SC,8039
47768026,0001,1,DONADIO FITNESS,02,20220830,20220830,SP,7107
47777508,0001,1,+ FIT ACADEMIA,02,20220830,20220830,BA,3593
47786369,0001,1,,02,20220831,20220831,MG,4029
47787851,0001,1,ACADEMIA NOVA ATHENAS VB,02,20220831,20220831,SP,6477
47788851,0001,1,STUDIO PHYSIS PERFORMANCE & SAUDE,02,20220831,20220831,RJ,2921
41609229,0005,2,,02,20241029,20220831,SP,7077
47798107,0001,1,PILATES CAMILA VEGA,02,20220831,20220831,SP,7097
47803352,0001,1,BODY EVOLUTION,02,20220901,20220901,PI,1015
47806142,0001,1,UPLAY FITNESS GUARAPUAVA,02,20220901,20220901,PR,7583
47808116,0001,1,ACADEMIA TOM BUENO CENTRO TREINAMENTO E EMAGRECIMENTO,02,20220901,20220901,SP,6295
36987067,0002,2,ARM FIT,08,20241016,20220902,GO,9357
47815954,0001,1,BEM ESTAR STUDIO FEMININO,02,20220902,20220902,MG,4445
47819179,0001,1,MALVADAO FIT,02,20220902,20220902,SP,6475
47839408,0001,1,SKY FIT ACADEMIA,02,20220905,20220905,GO,9221
47842809,0001,1,WS PERSONAL TRAINER,02,20220905,20220905,PA,0427
47853041,0001,1,,08,20230804,20220906,CE,1411
47854330,0001,1,KI CORPO ACADEMIA,02,20220906,20220906,PB,2051
47854571,0001,1,UP CROSSTRAINING,08,20260430,20220906,CE,1389
47854681,0001,1,VALERIA LEAL - STUDIO DE PILATES,08,20241204,20220906,PE,2521
47861545,0001,1,,02,20220906,20220906,MG,4279
47866935,0001,1,AL FITNESS STUDIO E FUNCIONAL,02,20220906,20220906,PE,2351
47874424,0001,1,ALATUS CROSSFIT,02,20220908,20220908,SC,8039
47874690,0001,1,FORMA ACADEMIA SAMPAIO,02,20220908,20220908,RJ,5909
47879072,0001,1,PAMILA PERSONAL TRAINER LTDA,02,20220908,20220908,RJ,5819
47886506,0001,1,BOX APOLO CROSSTRAINING,02,20220908,20220908,ES,5699
47887449,0001,1,,02,20220909,20220909,MG,4625
58229691,0020,2,UNIMED DE SANTOS,02,20220909,20220909,SP,7071
47909103,0001,1,ACADEMIA CORPO EM MOVIMENTO,02,20220912,20220912,CE,1389
47915746,0001,1,BODYPLAY ACADEMIA,02,20220912,20220912,MA,0757
47928059,0001,1,TACIA STRAVINI STUDIO DE PILATES,02,20220913,20220913,SP,6619
47931526,0001,1,ACADEMIA FENIX POWER FIT,02,20220913,20220913,RN,1779
47931561,0001,1,POWER LIFE ACADEMIA,02,20220913,20220913,MA,0817
47944068,0001,1,STUDIO VILA POMPEIA - PILATES E FUNCIONAL,02,20220914,20220914,SP,7107
47972577,0001,1,FIT E CROSS TRAINING CENTER,02,20220915,20220915,MG,2687
47993131,0001,1,ACADEMIA IMPERIO FIT,04,20240813,20220919,PR,7435
47998566,0001,1,,02,20220919,20220919,SP,7243
48011073,0001,1,M2 FIT STUDIO DE MUSCULACAO,02,20220920,20220920,GO,9531
48011352,0001,1,FIT FORCE ACADEMIA,02,20220920,20220920,MG,5403
48025807,0001,1,OLIMPO'S GYM,02,20220921,20220921,SC,8175
48025931,0001,1,MAIORAL TUCUJU ACADEMIA,02,20220921,20220921,AP,0605
48026864,0001,1,CT ORTOFIT,02,20220921,20220921,RS,8931
48028321,0001,1,,02,20220921,20220921,SP,6511
48039084,0001,1,STUDIO SINERGIA,02,20220921,20220921,MG,5393
48045271,0001,1,LIFE 360 TREINAMENTO FUNCIONAL,02,20220922,20220922,SP,7071
48051153,0001,1,SELVA CROSS,02,20220922,20220922,MS,9021
48058437,0001,1,IDEIA FITNESS,02,20220923,20220923,RS,8685
48059771,0001,1,,02,20220923,20220923,BA,3685
48065129,0001,1,CF KAIROS,08,20231220,20220923,PR,7535
48067897,0001,1,,02,20220923,20220923,SP,6875
47757451,0001,1,CROSS NUTRITION BOX TUCURUVI,02,20220829,20220829,SP,7107
48087302,0001,1,OFF SHORE TRAINING,08,20250829,20220926,SP,7071
48095739,0001,1,POWER FIT,02,20220927,20220927,ES,5703
48099771,0001,1,E-FIT SAPIRANGA,02,20220927,20220927,RS,8899
48101041,0001,1,ELETRO CLUB JOAO PESSOA,08,20251001,20220927,PB,2051
48102431,0001,1,,02,20220927,20220927,SP,6291
36896500,0002,2,,08,20240627,20220927,SP,6853
48122338,0001,1,PERSONAL RICA SCHULTZ,08,20241121,20220928,SP,7071
41190122,0002,2,ACADEMIA FEMININA VALERIA CRISTINA,08,20240926,20220928,MT,8985
48127311,0001,1,GYM CENTER,02,20220929,20220929,SC,8165
48131523,0001,1,,02,20220929,20220929,SP,7071
48132744,0001,1,EXTREME CENTRO DE TREINAMENTO,04,20240830,20220929,BA,3965
48136148,0001,1,,08,20241104,20220929,MG,4625
48146107,0001,1,ACADEMIA E STUDIO GHFIT LTDA,02,20220930,20220930,MG,4203
48150828,0001,1,STUDIO HYBRID,02,20220930,20220930,SP,7131
48168160,0001,1,ESPACO FIT,08,20250502,20221003,CE,1529
48174652,0001,1,FITWAY,02,20221004,20221004,RN,1795
48205612,0001,1,CT ALANA RIBEIRO,08,20231025,20221006,PA,0561
48213980,0001,1,BOX MUFASA,02,20221006,20221006,CE,1389
48218318,0001,1,ENERGY ACADEMIA,02,20221007,20221007,MA,0855
24921465,0064,2,,02,20221007,20221007,SP,7057
48226664,0001,1,POWER HOUSE FITNESS GYM,02,20221007,20221007,SP,6969
48231143,0001,1,THE BLACK PANTHER,02,20221008,20221008,PA,0415
48243496,0001,1,STUDIO DE TREINAMENTO FISICO BAIXINHA PERSONAL,02,20221010,20221010,RS,8525
48246132,0001,1,TOP FITNESS,02,20221010,20221010,AL,2853
48248158,0001,1,GOULART CENTER,08,20241009,20221010,MS,9057
48252957,0001,1,IN-FORMA ACADEMIA,02,20221011,20221011,MG,4951
44967445,0003,2,XTREME FITNESS 3,02,20221011,20221011,PE,2305
48255727,0001,1,DG ATHLETIC TRAINING,02,20221011,20221011,SP,7237
48256733,0001,1,TREINADOR VECHIA,08,20260417,20221011,PR,7535
48266465,0001,1,TITANIUM ACADEMIA,02,20221012,20221012,PI,1219
45816934,0001,1,ECEFIT,02,20220328,20220328,PB,1981
48273139,0001,1,STUDIO K ACADEMIA,02,20221013,20221013,SP,6921
48291261,0001,1,ACADEMIA AMANDA BAILAO,02,20250123,20221014,SP,6779
48293940,0001,1,BLACK FITNESS PINHEIRO,08,20230301,20221014,RS,8801
48313037,0001,1,ACQUA MANIA FITNESS,02,20221017,20221017,GO,9487
48326850,0001,1,ACADEMIA MEGA FITNESS - 3,02,20221018,20221018,GO,9753
48328380,0001,1,THALITA & HELCIO FIT STUDIO,02,20221018,20221018,PR,7535
48332336,0001,1,ESTUDIO FEMININO JOYCE ARAUJO,08,20251110,20221018,TO,9385
48332600,0001,1,NZT48 ORANGE,02,20221018,20221018,CE,1343
48341367,0001,1,COMUNIDADE FITNESS WOLF LTDA,02,20221019,20221019,MG,4573
48343332,0001,1,,08,20240227,20221019,SP,6821
48343814,0001,1,VIVER FISIOTERAPIA E PILATES,02,20221019,20221019,RJ,5833
48346306,0001,1,GIGI BITTENCOURT ASSESSORIA ESPORTIVA,02,20221019,20221019,MS,9073
48347573,0001,1,ALLP FIT ACADEMIA,02,20221019,20221019,RS,8801
48351800,0001,1,COSTA E MASSENA CONDICIONAMENTO FISICO E PILATES LTDA,02,20221020,20221020,RJ,6001
48363714,0001,1,EVON,02,20221020,20221020,RJ,5865
48372257,0001,1,,02,20221021,20221021,MG,4133
48376150,0001,1,FRATELLI ITAICI,02,20221021,20221021,SP,6511
48386383,0001,1,RECUPERA FISIOTERAPIA E PELATES,02,20221024,20221024,RS,8841
48387358,0001,1,ELLA FITNESS,02,20221024,20221024,MA,0925
48388338,0001,1,,02,20221024,20221024,SP,6547
48388686,0001,1,CORPUS ACADEMIA,02,20221024,20221024,MG,5293
48395619,0001,1,LION GYM BRASIL,02,20221024,20221024,PE,2361
48399249,0001,1,VERA ACADEMIA E STUDIO DE PILATES,02,20221025,20221025,RS,8949
45515662,0002,2,RUBEL SAUDE,02,20221026,20221026,SP,7107
48411001,0001,1,,02,20221026,20221026,PR,7953
48412392,0001,1,WD CENTRO DE TREINAMENTO,02,20221026,20221026,AL,2785
48415102,0001,1,TB PERSONAL,08,20260414,20221026,DF,9701
48415827,0001,1,BRUTALIT ACADEMICA,04,20240827,20221026,CE,1389
48420291,0001,1,IRON SCHOOL,02,20221026,20221026,RJ,5879
48421379,0001,1,TEENS ASSESSORIA,08,20240328,20221026,SP,7107
48422408,0001,1,SAUDE EM MOVIMENTO PERSONAL & PILATES,08,20230213,20221026,SP,7107
48423019,0001,1,SOLDIER GYM,02,20221026,20221026,SC,5541
48428424,0001,1,CENTRO FISICO SOURCE LTDA,02,20221027,20221027,RS,8901
48439214,0001,1,STUDIO FC TRAINING,02,20221027,20221027,RJ,5829
48442349,0001,1,STUDIO BLUE FITNESS,02,20221027,20221027,AL,2887
48445323,0001,1,MARINHO ACADEMIA,02,20221028,20221028,AL,2785
48461437,0001,1,STUDIO XTREME FITNESS,08,20241024,20221031,RN,1761
48462292,0001,1,CT TEAMMARCELO,02,20221031,20221031,PR,5527
13396172,0010,2,,02,20221031,20221031,RS,8901
48467345,0001,1,*,02,20221031,20221031,SC,8089
48473351,0001,1,MOVIF,03,20240219,20221031,AL,2789
48483696,0001,1,IRON CENTER,02,20221101,20221101,SE,3129
17926847,0002,2,,08,20230703,20221103,RS,8555
44571341,0001,1,STUDIO FULLBODY,02,20211213,20211213,MG,4755
48505518,0001,1,DUO STUDIO,02,20221103,20221103,SC,8055
48514211,0001,1,****,02,20221104,20221104,RJ,6001
48519898,0001,1,ARENA FITNESS,02,20221104,20221104,MA,0921
48526117,0001,1,SR FITNESS ACADEMIA,04,20260605,20221106,TO,0082
48527809,0001,1,ESPACO FITNESS,02,20221107,20221107,MG,5385
48527921,0001,1,ESPACOFIT,02,20221107,20221107,GO,9775
48535456,0001,1,TISSA YOKOTA TREINAMENTO FUNCIONAL,02,20221107,20221107,SP,7107
48536351,0001,1,BORA BOX,02,20221107,20221107,RJ,5849
48537659,0001,1,MZFIT ACADEMIA,02,20221107,20221107,RS,8963
48537703,0001,1,,02,20221107,20221107,SP,7107
48542416,0001,1,GO NOW HIGIENOPOLIS,02,20221108,20221108,SP,7107
48545802,0001,1,,02,20221108,20221108,SP,7157
48546209,0001,1,BOX ZERO 14,02,20221108,20221108,SP,6219
48549175,0001,1,IMPERIUM FITNESS,02,20221108,20221108,PB,2225
48552842,0001,1,AKAD,02,20221108,20221108,DF,9701
48560563,0001,1,STUDIO FITNESS DIAMANTES,02,20221109,20221109,SP,6689
48568738,0001,1,CENTRO DE TREINAMENTO WCORREIA,08,20260429,20221109,MG,5023
48570306,0001,1,,02,20221109,20221109,RS,8687
48573327,0001,1,ACADEMIA NEW FITNESS,02,20221110,20221110,AL,2811
48573696,0001,1,FW ACADEMIA,02,20221110,20221110,RS,8893
48574903,0001,1,SPARTAN FITNESS,02,20221110,20221110,BA,3377
48577862,0001,1,STUDIO MOVIMENTOS,08,20230519,20221110,SP,6181
48580589,0001,1,LF CROSS CENTRO DE TREINAMENTOS,02,20221110,20221110,CE,1579
48580684,0001,1,MAXIMUS CENTRO DE TREINAMENTO,02,20221110,20221110,RJ,5925
48587204,0001,1,PLAY CENTRO DE TREINAMENTO E SAUDE,02,20221111,20221111,PE,2521
48589403,0001,1,MATHEUS QUEIROZ ESPORTES,02,20221111,20221111,MG,4123
24990019,0002,2,,08,20231226,20221111,ES,5705
48597111,0001,1,A7 ACADEMIA,02,20221111,20221111,MA,0731
48598152,0001,1,ESTUDIO JUNIOR AMARAL,02,20221111,20221111,DF,9701
48605564,0001,1,STUDIO - VIDA + ATIVO,02,20221114,20221114,PB,0492
48606132,0001,1,,02,20221114,20221114,SC,8179
48611252,0001,1,ACADEMIA TRIBO FITNESS,02,20221114,20221114,MG,4125
48618112,0001,1,,02,20221116,20221116,SP,7071
48625658,0001,1,SEARA BRASIL ESPORTES,02,20221116,20221116,CE,1389
48637766,0001,1,CENTRO DE TREINAMENTO FIBRAD'OSS,02,20221117,20221117,SP,6825
48650334,0001,1,ACADEMIA TAVARES ELDORADO,02,20221118,20221118,GO,9373
48650821,0001,1,MSEIXAS TREINAMENTO E FUTEBOL LTDA,02,20221118,20221118,RJ,6001
48653879,0001,1,ASSESSORIA FITNESS RICARDO,08,20260211,20221118,SP,7107
48667821,0001,1,ARENA MIX,02,20221121,20221121,PB,2103
48675576,0001,1,VERUM PILATES,02,20221121,20221121,PR,7493
48685864,0001,1,ACADEMIA CORPUS FIT,02,20221122,20221122,BA,3423
48687648,0001,1,STUDIO STAR FITNESS LTDA,02,20221122,20221122,MG,4371
48688271,0001,1,RESPLANDECER PILATES CLASSICO,02,20221122,20221122,BA,3403
48688496,0001,1,A.R PERSONAL,08,20250117,20221122,GO,9413
48690394,0001,1,HUNTER GYM,02,20241216,20221122,RJ,6001
48693492,0001,1,,02,20221122,20221122,SP,6219
48697509,0001,1,,02,20221123,20221123,RS,6059
48708562,0001,1,,02,20221123,20221123,MG,4553
47693378,0001,1,ACADEMIA ELITTE FITNESS,02,20220824,20220824,PE,2381
48714178,0001,1,MOVA ESPACO PILATES E FISIOTERAPIA,02,20221124,20221124,MG,4147
48727651,0001,1,ACADEMIA EVOLUTION,02,20221125,20221125,PE,2321
48742785,0001,1,,08,20240328,20221128,SP,7097
48752296,0001,1,DAU RODRIGUES GYM FITNESS,08,20230116,20221129,SP,7185
48769390,0001,1,FORCA T,02,20221130,20221130,PE,2605
24361144,0002,2,CENTRO DE TREINAMENTO HARDFIT,02,20221202,20221202,SP,6685
48791096,0001,1,EDI PERSONAL TRAINER E CONSULTORIA FITNESS,08,20230329,20221202,MG,4625
48804871,0001,1,META SHAPE ACADEMIA,08,20251217,20221205,CE,1247
48814816,0001,1,TR PILATES LTDA,02,20221206,20221206,SP,7071
48819966,0001,1,SUPERA TRAINING PHB,02,20250509,20221206,PI,1153
48820069,0001,1,DAMAI FITNESS ACADEMIA,02,20221206,20221206,RS,6049
48826695,0001,1,BODY HOUSE,08,20240603,20221207,PE,2381
48831188,0001,1,ACADEMIA ATIVA FITNESS,02,20221207,20221207,BA,3351
48843906,0001,1,IBEX AVENTURA,02,20221208,20221208,SP,7083
41070850,0004,2,POWER FIT,02,20221212,20221212,MT,9167
48862086,0001,1,MOVERE STUDIO FUNCIONAL,02,20221212,20221212,PE,2531
48864882,0001,1,ONE TREINAMENTO FISICO FUNCIONAL,02,20221212,20221212,SP,6229
48865948,0001,1,ACADEMIA DRAGOES,02,20221212,20221212,MG,4973
48866431,0001,1,ROTA 153 CROSSFIT,02,20221212,20221212,RS,8559
48871095,0001,1,,04,20260608,20221213,CE,1399
45905792,0001,1,PERSONAL SANTOS FERRETI,02,20220404,20220404,MT,9025
48876938,0001,1,SALLE SANTE,02,20221213,20221213,SP,6681
48877474,0001,1,,02,20221213,20221213,RS,8801
48878970,0001,1,GYMFIT,02,20221213,20221213,MA,0807
48883726,0001,1,,08,20240606,20221214,RS,8801
48886004,0001,1,BULBA CROSS,02,20221214,20221214,MT,9067
48889889,0001,1,ACADEMIA COUTINHO,02,20221214,20221214,MA,0156
48899246,0001,1,LION CENTRO DE TREINAMENTO,02,20221215,20221215,RJ,5867
46139609,0001,1,GOODFIT ACADEMIA,02,20220425,20220425,SP,7071
48913209,0001,1,SKY FIT BUENO T63,02,20221216,20221216,GO,9373
48921702,0001,1,ACADEMIA SUPER ACAO,02,20221219,20221219,MA,0164
48928330,0001,1,,02,20221219,20221219,RS,8729
48931631,0001,1,ARENA FITNESS,02,20221219,20221219,BA,3709
48349050,0001,1,ART FIT ESTUDIO,02,20221019,20221019,SC,8105
48944389,0001,1,MVA STUDIO,02,20221220,20221220,PE,2589
48948179,0001,1,,02,20221221,20221221,PE,2531
48957208,0001,1,MOVVAPP,02,20221222,20221222,SP,7107
48958068,0001,1,STUDIO CLEYTON PEDROSO,02,20221222,20221222,BA,3661
48965257,0001,1,CT ARENA FIGHT,08,20260306,20221223,MG,5397
48966044,0001,1,ACADEMIA NUTRI BODY,02,20221223,20221223,MG,4601
48991282,0001,1,CROSSBOX - CENTRO DE TREINAMENTO PERSONALIZADO,08,20240220,20221228,PI,1219
48996645,0001,1,CAIROSFIT,02,20241127,20221228,BA,3753
49001954,0001,1,ACADEMIA ESSENCIAL FITNESS,02,20221229,20221229,BA,3087
49004822,0001,1,RAPPEREIRA,02,20221229,20221229,SP,6291
48448027,0001,1,NAMETALA AZZI - EDUCACAO FISICA E SAUDE,02,20240917,20221028,SP,7107
45805154,0001,1,,08,20251002,20220328,MG,4749
49042806,0001,1,ATLETICA ACADEMIA,02,20230103,20230103,SC,8215
49053676,0001,1,ACADEMIA FENIX,04,20260608,20230104,AC,0107
49057004,0001,1,MOVEMENT STUDIO,02,20230104,20230104,MG,4257
49061539,0001,1,ACADEMIA GOLDEN FITNESS GYM,02,20230104,20230104,SP,7075
49068347,0001,1,ACADEMIA TITANIUM,02,20230105,20230105,TO,9559
49069501,0001,1,PILLATEAR POR POLLYANNA SALES,02,20230105,20230105,MG,4959
48959469,0002,2,MAXFORMA PRIME ACADEMIAS,02,20221222,20221222,CE,1389
49072123,0001,1,HORA BOX ACADEMIA,02,20230105,20230105,MG,5371
49081030,0001,1,,02,20230106,20230106,MG,4101
49082513,0001,1,ACADEMIA UNIVERSAL,02,20230106,20230106,SP,6969
49084949,0001,1,EQUILIBRIO CENTRO DE TREINAMENTO.,02,20230106,20230106,PA,0567
49110170,0001,1,ACADEMIA HALTER FITNESS,02,20230109,20230109,DF,9701
48173501,0001,1,ACADEMIA POWERFIT IBITURUNA,02,20221004,20221004,MG,4599
49124583,0001,1,,02,20230110,20230110,SP,7107
49129933,0001,1,ACADEMIA GAMELEIRA FITNESS,04,20260610,20230110,BA,3963
49132521,0001,1,HABITAT FITNESS,02,20230110,20230110,RJ,5867
49135084,0001,1,SPARTA CENTRO DE TREINAMENTO PERSONALIZADO,02,20230110,20230110,MT,9779
48921723,0002,2,WGYM,02,20221219,20221219,PE,2513
46239795,0001,1,,02,20220503,20220503,MG,4123
49161224,0001,1,IRON CROSS,02,20230112,20230112,RO,0025
49167013,0001,1,IRMAOS DN,02,20230112,20230112,RS,8673
49171802,0001,1,CT VILAS,08,20230302,20230113,BA,3685
49173349,0001,1,BOX ITANGUA,02,20230113,20230113,ES,5625
49175882,0001,1,EVOGYM PIRANHAS,02,20230113,20230113,AL,2841
49034967,0001,1,GARAGEM DO TERRORG,08,20240521,20230103,CE,1337
49202248,0001,1,ASSESSORIA KT,02,20230116,20230116,MA,0921
49206042,0001,1,BODYACTION,02,20230116,20230116,SC,8089
49211411,0001,1,NOBREGA CT,02,20230117,20230117,RS,8801
49212564,0001,1,FIT CRONOS ACADEMIA,02,20230117,20230117,MG,4123
49219053,0001,1,ENERGY STUDIO,02,20230117,20230117,SP,7107
49220744,0001,1,STUDIO DE PILATES JERUSA CESARI,02,20230117,20230117,SC,8055
49221071,0001,1,CENTRO DE TREINAMENTO - ALDEIA DA TRIBO,02,20230117,20230117,SP,6967
49223899,0001,1,OLIVER GYM,02,20230117,20230117,MA,0937
49225821,0001,1,ACADEMIA OLD SCHOOL,02,20230117,20230117,SC,8047
49227547,0001,1,,02,20230117,20230117,SP,7107
45682026,0001,1,STUDIO SHILTON MARTINS,02,20220316,20220316,MA,0727
49242885,0001,1,BELLA FITNESS,02,20230118,20230118,SP,6911
49246455,0001,1,ACADEMIA S&S FIT,08,20251205,20230118,SP,7107
49247170,0001,1,FENIX ACADEMIA,02,20230119,20230119,MG,4051
49249607,0001,1,MARCAO STUDIO PERSONAL,02,20230119,20230119,GO,9373
49252709,0001,1,ST ACADEMIA,02,20230119,20230119,SP,7107
46720267,0001,1,,02,20220608,20220608,RS,8801
44125009,0001,1,ACADEMIA ESTETICA DO CORPO,08,20241029,20211104,MT,9071
49266834,0001,1,GOOD GYM,08,20230411,20230120,CE,1247
49269007,0001,1,,02,20230120,20230120,SP,6619
49271053,0001,1,STUDIO JU CORTEZ,02,20230120,20230120,MS,9051
49273497,0001,1,RR FITNESS,02,20230120,20230120,ES,5725
49285615,0001,1,UNDER FIT,02,20230123,20230123,MG,0648
44101043,0001,1,PILATES ON LIFE,02,20211103,20211103,MA,0921
49325395,0001,1,TOP TEAM ACADEMIA,02,20230125,20230125,PB,1991
38402553,0002,2,,02,20230125,20230125,SC,8179
49337535,0001,1,BULL BOX,02,20230125,20230125,PA,0447
48960522,0001,1,,02,20221222,20221222,SP,6969
49354694,0001,1,STUDIO MOVIMENT3,02,20230126,20230126,PA,0415
49358960,0001,1,NATALIA CORPO E MOVIMENTO LTDA,08,20250407,20230127,MG,5293
49359464,0001,1,PANTHER CROSS,02,20230127,20230127,BA,3321
49365099,0001,1,STUDIO ATIVOFIT,02,20230127,20230127,PB,1975
49367404,0001,1,ACADEMIA CLIMEFF VILLA,02,20230127,20230127,MG,4939
49367673,0001,1,STUDIO FITNESS,02,20230127,20230127,RS,8791
49368955,0001,1,ACADEMIA BRAYAN DAGUANO,02,20230127,20230127,PR,8465
49371564,0001,1,,02,20230127,20230127,MG,4223
49375465,0001,1,HARMONIC FITNESS,02,20230128,20230128,DF,9701
49381571,0001,1,CASA DE RESULTADOS CENTRO DE TREINAMENTO,02,20230130,20230130,GO,9225
49390521,0001,1,GREG PAZ,02,20230130,20230130,DF,9701
49391585,0001,1,SCORPION FIT,02,20230130,20230130,MG,4239
49419115,0001,1,ACADEMIA ALTA PERFORMANCE,02,20230201,20230201,BA,3857
49421633,0001,1,STUDIO ATIVUS,02,20230201,20230201,RJ,5833
49422291,0001,1,RESPIRE ESTUDIO,02,20230201,20230201,RJ,5865
49433072,0001,1,,02,20230201,20230201,PR,7777
47370183,0001,1,INNOVE BODY FITNESS,02,20220801,20220801,MG,4851
49442697,0001,1,STUDIO BERTELLI'S,02,20230202,20230202,SP,7145
49443524,0001,1,STRONG FITNESS,02,20230202,20230202,BA,3683
49448224,0001,1,WELLS TREINAMENTO,02,20230202,20230202,DF,9701
49448704,0001,1,ZOE ESPACO PARA MULHERES,02,20230202,20230202,PE,2345
49455046,0001,1,CROSSFIT SAUDE INDAIATUBA,02,20230203,20230203,SP,6511
49456369,0001,1,,08,20250509,20230203,SP,6969
49458256,0001,1,NR CROSS,02,20230203,20230203,SP,6595
45015508,0001,1,MONNSTER ACADEMIA,02,20220126,20220126,RJ,5847
49461948,0001,1,,08,20250109,20230203,PE,2457
49463775,0001,1,DRAKO ACADEMIA,08,20260131,20230203,PR,7667
49471690,0001,1,FIGHT LOGIC,04,20260611,20230204,DF,9701
49206203,0001,1,BULLTECH ACADEMIA,02,20230116,20230116,PR,7699
18352777,0004,2,BODY FIT,02,20230206,20230206,AP,0605
49476145,0001,1,L10 TRAINER SAO JOAO,08,20251007,20230206,MG,4133
49476868,0001,1,,02,20230206,20230206,AM,0255
49479752,0001,1,,08,20251220,20230206,SC,8311
37152363,0002,2,,02,20230206,20230206,SP,7145
49485912,0001,1,SAKUMOTO PERSONAL FIGHT,02,20230206,20230206,SP,7107
49495563,0001,1,PURE PILATES POMPEIA,02,20230207,20230207,SP,7107
49496605,0001,1,RACA FITNESS,08,20250512,20230207,RN,1779
49497892,0001,1,,02,20230207,20230207,MG,5373
49502711,0001,1,BOX RS TRAINING,08,20230411,20230207,CE,1519
49502887,0001,1,ACADEMIS KICKBOXING FIGHT,02,20230207,20230207,RJ,5801
49505678,0001,1,ANDREIA NELIS STUDIO DE PILATES,02,20230207,20230207,GO,9373
44049180,0001,1,AF FITNESS ACADEMIA,02,20211028,20211028,PA,0465
49527219,0001,1,AQUADEMIA,02,20230208,20230208,RO,0003
49533436,0001,1,EIBOX,02,20230209,20230209,AL,2785
49536230,0001,1,MEDSON VIEGAS,08,20240122,20230209,PE,2531
49536372,0001,1,TOP FITNESS,08,20231215,20230209,AL,2853
48114214,0001,1,ESPACO VIVER MAIS,02,20220928,20220928,PR,7587
49549386,0001,1,INDIGO STUDIO YOGA & PILATES,02,20230210,20230210,MG,4691
21704256,0002,2,ACADEMIA + TREINO,02,20230210,20230210,DF,9701
49555819,0001,1,ACADEMIA VITORIA,02,20230210,20230210,GO,1074
49558875,0001,1,RAFAELA FIORIO STUDIO DE PILATES,02,20230210,20230210,ES,5687
49570499,0001,1,VITAL,02,20230213,20230213,GO,9395
49577946,0001,1,MOVFIT ACADEMIA,08,20240909,20230213,TO,9721
49591151,0001,1,PSICOSWIM LTDA,02,20230214,20230214,SP,7107
49596416,0001,1,ACADEMIA B91,08,20240522,20230214,SC,8327
49596563,0001,1,NGT CONSULTORIA FITNESS,02,20230214,20230214,SP,7149
49596864,0001,1,ANDERSON BERGAMASCHI PERSONAL TRAINER,02,20230214,20230214,SC,8125
49601262,0001,1,STUDIO SOMA,02,20230214,20230214,SC,8105
49608635,0001,1,STUDIO DE PILATES DERMAPHYSIO,02,20230215,20230215,SP,6361
49609980,0001,1,LION CROSS,02,20230215,20230215,PE,2575
49610737,0001,1,ACADEMIA SAUDE INTEGRAL LTDA,08,20240619,20230215,PR,7513
49618704,0001,1,CF MINEIROS,02,20230215,20230215,MG,4133
07862517,0006,2,VIBE FITNESS,08,20230619,20230216,AC,0107
49627323,0001,1,,02,20230216,20230216,SC,8327
49628566,0001,1,RP FITNESS,08,20240304,20230216,AL,2785
49196192,0001,1,MOVI MENTE STUDIO DE PILATES,02,20230116,20230116,GO,9459
49631292,0001,1,MOVING FIT,08,20250825,20230216,MG,4359
49632899,0001,1,,02,20230216,20230216,SP,6619
49635563,0001,1,PILATES NA SUA CASA,02,20230216,20230216,SP,7107
49639146,0001,1,RL FITNESS,02,20230217,20230217,MG,4217
49639753,0001,1,GALPAO DO TREINO,08,20251107,20230217,RS,8871
49642961,0001,1,FRATELLO CROSSTRAINING,02,20230217,20230217,SP,6913
49653144,0001,1,RA FIT,02,20230218,20230218,MA,0803
49673060,0001,1,,02,20230222,20230222,RS,8637
49678714,0001,1,IMPERIO FITNESS,02,20230223,20230223,BA,3691
49685484,0001,1,,02,20230223,20230223,MG,5049
49688546,0001,1,OLYMPIA FITNESS,02,20230223,20230223,MT,8985
49696118,0001,1,PERFORMANCE TRAINERS,02,20230224,20230224,GO,9373
49700722,0001,1,NETO MEIRA ESPACO SAUDE,02,20230224,20230224,PE,2479
49712456,0001,1,LG PERSONAL STUDIO,04,20260605,20230225,TO,9385
49720282,0001,1,PROJETO AMANTES DO BAIRRO COMANDOS GYMFORCE,08,20250117,20230227,RJ,5869
49723809,0001,1,INSPIRE ACADEMIA,02,20230227,20230227,PA,0595
49731696,0001,1,DUO FIT,02,20230227,20230227,RN,1805
49738245,0001,1,BODY MAIS PILATES,02,20230228,20230228,RJ,5897
49739561,0001,1,ACADEMIA CEIB,02,20230228,20230228,DF,9701
49741623,0001,1,T+ CONDICIONAMENTO FISICO,02,20230228,20230228,SP,7107
49743236,0001,1,CLINICA CORPO E MOVIMENTO,02,20230228,20230228,MG,4085
49746380,0001,1,STUDIO CLINICA RANNA PILATTES E MOVIMENTOINTEGRADO,02,20230228,20230228,DF,9701
49746898,0001,1,,08,20240625,20230228,SP,7077
49754343,0001,1,ACADEMIA W.J C&A CUIDANDO DO CORPO E DA MENTE,02,20230301,20230301,PI,0280
49760197,0001,1,ACADEMIA DUMAVILLE,02,20230301,20230301,MG,4481
49770758,0001,1,RAIZ DOURADA ACADEMIA,02,20230301,20230301,SC,8349
49774517,0001,1,ACADEMIA PRATIQUE FITNESS,02,20230302,20230302,MG,4633
49776639,0001,1,,02,20230302,20230302,MG,2691
49784631,0001,1,CORPO A MAIS,08,20250219,20230302,MG,5091
49789924,0001,1,GYMNOPOLIS - ESPACO FUNCIONAL,02,20230302,20230302,PE,2381
17992840,0002,2,,02,20230303,20230303,MG,4795
49800423,0001,1,PROFIT GYM,02,20230303,20230303,PR,7777
49806259,0001,1,IMPACTO ACADEMIA,02,20230303,20230303,MS,9089
49814862,0001,1,NEL CORE - BODY&MIND WELNESS,02,20230306,20230306,PR,7535
49815795,0001,1,CLUB FITNESS ACADEMIA,02,20230306,20230306,RJ,5919
07594978,0509,2,,08,20230719,20230306,MG,4123
07594978,0511,2,,08,20230719,20230306,MG,4123
07594978,0516,2,,08,20230719,20230306,AL,2785
07594978,0519,2,,08,20230719,20230306,MG,4123
49818392,0001,1,HAROLDO MENDES ESPORTES(HME),02,20230306,20230306,RS,8801
44991835,0001,1,,02,20220124,20220124,RJ,2921
43096078,0002,2,,02,20230306,20230306,RS,8791
49825499,0001,1,ULTRA TREINAMENTO FISICO,02,20230306,20230306,TO,9733
49828753,0001,1,LEVIDA PILATES,02,20230306,20230306,PR,7535
28551969,0002,2,MK ACADEMY,02,20230307,20230307,RN,1761
49840053,0001,1,VS FITNESS - VIDA E SAUDE,02,20230307,20230307,TO,9441
49840383,0001,1,STUDIO PRISCILA DE PAULA,02,20230307,20230307,RJ,5915
23566434,0006,2,,02,20230307,20230307,SC,8183
11316567,0002,2,AQUATICA ATIVIDADES NA AGUA,02,20230308,20230308,RJ,5801
49864855,0001,1,,02,20230309,20230309,PE,2531
49867267,0001,1,MAXFIT,02,20230309,20230309,MG,0742
49867455,0001,1,,02,20230309,20230309,PR,7535
49869744,0001,1,FABIULA DEOCLIDES VILELA PERSONAL TRAINER,02,20230309,20230309,DF,9701
49872946,0001,1,ACADEMIA FUNCIONAL REVIVA,02,20230309,20230309,SP,6737
49886663,0001,1,BUILD BODY ELETROESTIMULACAO JUNDIAI,02,20230310,20230310,SP,6619
49908453,0001,1,,02,20230313,20230313,SP,6517
49910283,0001,1,ALEXANDRE ANDRIGHETTO,02,20230313,20230313,SC,8233
49912515,0001,1,CORPUS PRIME,02,20230313,20230313,TO,9239
49917152,0001,1,,02,20230313,20230313,CE,1351
49923629,0001,1,XBODY OURI LTDA,02,20230314,20230314,SP,6795
49944749,0001,1,STUDIO CROSS,02,20230315,20230315,PI,1165
49945001,0001,1,TREHON STUDIO FIT,02,20230315,20230315,MG,0750
49946300,0001,1,,02,20230315,20230315,SP,7057
49946367,0001,1,,02,20230315,20230315,SP,7107
49956560,0001,1,STAR FIT ACADEMIA,02,20230316,20230316,RJ,5833
49958349,0001,1,GARAGEM BOX,02,20230316,20230316,PE,2405
15155183,0002,2,HUSSAR GYM,02,20230316,20230316,SP,6549
49959662,0001,1,BODY FIT ACADEMIA,02,20230316,20230316,AL,2871
49962450,0001,1,BARBELL STUDIO,02,20230316,20230316,SP,6877
49963541,0001,1,ACADEMIA PRATIQUE FITNESS,02,20230316,20230316,SC,8161
49970793,0001,1,,08,20241031,20230317,PR,7535
49980602,0001,1,,02,20230317,20230317,MG,5403
49982073,0001,1,,02,20230317,20230317,RJ,5865
45017214,0001,1,AREA 51 CENTRO DE TREINAMENTOS,02,20220126,20220126,MG,4961
49984921,0001,1,ACADEMIA CIA DO CORPO,02,20230317,20230317,SP,6769
49988711,0001,1,STUDIO DE REABILITACAO E PERFOMANCE NS,02,20230318,20230318,PA,0425
49994574,0001,1,BRAVE BOX,02,20230320,20230320,SP,6341
49994948,0001,1,PERFORMANCE & SAUDE,02,20230320,20230320,ES,5705
49997894,0001,1,CLEBINHO FISICO,02,20230320,20230320,AL,2705
49998166,0001,1,,02,20230320,20230320,SP,7107
50004576,0001,1,M.A FITNESS ACADEMIA MIGUEL ALMEIDA,08,20250207,20230321,CE,1559
50009491,0001,1,,08,20230718,20230321,RJ,6001
20744304,0003,2,,02,20230321,20230321,SC,8047
50021423,0001,1,ESPACO CORPO E VIDA,02,20230321,20230321,MG,4123
50031115,0001,1,W & F ACQUA FITNESS,02,20230322,20230322,BA,3391
50031545,0001,1,,02,20230322,20230322,PR,0836
50032178,0001,1,FUNCIONAL JURERE,02,20230322,20230322,SC,8105
50035869,0001,1,ACADEMIA LIFE FITNESS,02,20230322,20230322,MG,2685
50036769,0001,1,VOLL PILATES,02,20230322,20230322,BA,3993
50040803,0001,1,ACADEMIA ATITUDE,02,20230322,20230322,BA,3807
50041248,0001,1,,02,20230322,20230322,SP,6151
50043000,0001,1,,02,20230322,20230322,MG,4123
50047086,0001,1,MARIANA TARU ASSESSORIA ESPORTIVA,02,20230323,20230323,MG,4633
40905524,0002,2,ACADEMIA CONCEITO FITNESS,02,20230323,20230323,AP,0615
17589221,0002,2,PALOMA HERCULANO TREINAMENTO FEMININO,02,20230323,20230323,MG,4675
50049361,0001,1,STUDIO LT,08,20240612,20230323,SP,6979
50050444,0001,1,TAURA SANTA CRUZ DO SUL,08,20250721,20230323,RS,8839
45562703,0001,1,NEW HEALTH ACADEMIA,02,20220308,20220308,CE,0991
50058703,0001,1,M2 ACADEMIA,02,20230323,20230323,AL,2771
50064884,0001,1,,02,20230324,20230324,RJ,5885
50066693,0001,1,,02,20230324,20230324,RN,1761
50066704,0001,1,STUDIO CORPOREA,02,20230324,20230324,SP,6477
50070873,0001,1,STUDIO ALTA PERFORMANCE,02,20230324,20230324,SP,6867
50072340,0001,1,PB FITNESS JUNDIAI,02,20230324,20230324,SP,6619
50075095,0001,1,TOP LINE ACADEMIA,02,20230324,20230324,CE,1527
50076102,0001,1,ACADEMIA FIT LIFE,02,20230324,20230324,MT,0111
50078099,0001,1,ESTUDIO DE PILATES MD,02,20230324,20230324,SP,7107
50089815,0001,1,STUDIO PERSONAL,08,20260412,20230327,SC,8039
50089870,0001,1,DYNAMO TREINAMENTO FUNCIONAL,02,20230327,20230327,RJ,6001
50093110,0001,1,GUYME FITNESS,02,20230327,20230327,RS,8599
50105468,0001,1,ACADEMIA IRON HEALTH,04,20260610,20230328,BA,3293
45454995,0001,1,RODTEC TECNOLOGIA,02,20220225,20220225,SP,6219
29775060,0002,2,ACADEMIA GALPAO DE TREINO,08,20250529,20230328,AM,0255
50129358,0001,1,PROQUALITY MANIACS,02,20230329,20230329,SC,8045
47269730,0002,2,,08,20251223,20230329,RS,8893
50136111,0001,1,GOLD FIT STUDIO PERSONAL TRAINER,02,20230329,20230329,RJ,2907
50140873,0001,1,HC PILATES,02,20230330,20230330,MG,4123
50143467,0001,1,,02,20230330,20230330,RJ,0784
50143655,0001,1,XTRAINING CROSS,02,20230330,20230330,MG,5397
50148706,0001,1,MOTORA,02,20230330,20230330,MG,4733
50150207,0001,1,ACADEMIA SWIW FIT,02,20230330,20230330,SP,6251
47323954,0001,1,CENTRO DE TREINAMENTO THIAGO SANTANA CARRIJO,08,20230411,20220728,MG,4609
48028262,0001,1,GO FITNESS,02,20220921,20220921,RN,1863
50166199,0001,1,THALES BAYARD FITTENIS,02,20230331,20230331,RS,8771
50174919,0001,1,RAIZ CROSS TRAINING,02,20230402,20230402,SE,3109
49782644,0001,1,RENATO CIANFA DA SILVA,08,20230403,20230302,SP,7107
50191298,0001,1,,02,20230403,20230403,SP,6219
50200184,0001,1,GM BOX/CROSS TRAINING E TREINAMENTOS,02,20230404,20230404,MA,0162
50210052,0001,1,FITNESS TRAINER USER,02,20230404,20230404,SP,7107
50212226,0001,1,BE MORE,02,20230405,20230405,PE,2491
50214572,0001,1,,02,20230405,20230405,SP,7063
30356115,0002,2,,02,20230405,20230405,RS,8801
50218375,0001,1,IS TREINAMENTO FUNCIONAL,02,20230405,20230405,GO,9753
50220784,0001,1,MORGANA LIMA PERSONAL TRAINER,08,20240126,20230405,RS,8599
50227708,0001,1,SPARTACROSS,02,20230405,20230405,SP,7107
49994267,0001,1,HOME BOX,02,20230320,20230320,AM,0255
50229847,0001,1,SOUL FITNESS,02,20230406,20230406,MG,4657
50232542,0001,1,,08,20240422,20230406,SP,7107
50238180,0001,1,DYLAN CARLOS - TREINAMENTO FISICO,08,20241018,20230406,PA,0447
50260169,0001,1,FORMULA ASSESSORIA ESPORTIVA,02,20230410,20230410,MT,9151
50266437,0001,1,ABSOLUT FITNESS,02,20230411,20230411,BA,3849
50268122,0001,1,ACADEMIA GENESIS FITNESS,08,20250205,20230411,MG,4871
50274298,0001,1,SPIN N SOUL,02,20230411,20230411,SP,7057
50277983,0001,1,,02,20230411,20230411,ES,5607
50278931,0001,1,,02,20230411,20230411,PR,7535
50281941,0001,1,IRON BLACK,02,20230412,20230412,MG,5285
50287125,0001,1,ACADEMIA MONSTER LIFE,02,20230412,20230412,AM,0267
50289037,0001,1,WELFARE FITNESS,02,20230412,20230412,MG,5011
50290361,0001,1,PROJECT FIT ACADEMIA,02,20230412,20230412,SC,8027
50297754,0001,1,PALOMA SOARES,08,20250723,20230412,SP,7107
50298871,0001,1,ESTUDIO SOUL,08,20240508,20230412,PA,0415
50299594,0001,1,,02,20230413,20230413,SP,7107
50302196,0001,1,LABORATORIO GYM,02,20230413,20230413,PE,2381
50304668,0001,1,CT FERNANDO SILVA,02,20230413,20230413,RJ,2909
42309347,0006,2,ALLP FIT ACADEMIA,02,20230413,20230413,SP,7107
50312304,0001,1,N & M FIT,02,20230413,20230413,BA,3849
07594978,0528,2,,02,20230414,20230414,RJ,6001
50328398,0001,1,,08,20250305,20230414,SC,8105
50338669,0001,1,MF STORE,02,20230417,20230417,RJ,6001
50340094,0001,1,ATENA FITNESS ACADEMIA,08,20250716,20230417,CE,1373
50342934,0001,1,C T GRINGA,02,20230417,20230417,RJ,2921
48007415,0001,1,GAIVOTA FITNESS COMMUNITY,02,20220919,20220919,BA,3849
50365606,0001,1,CENTRO DE TREINAMENTO MEDUSA,02,20230418,20230418,SP,7095
50366245,0001,1,FENIX PERSONAL TRAINER,02,20230418,20230418,RS,8841
50371332,0001,1,VIDA PRO A SUA ACADEMIA,02,20230419,20230419,RS,5935
50375152,0001,1,,02,20230419,20230419,MG,5193
50377008,0001,1,CENTRO DE TREINAMENTO FITNESS PRISMA,02,20230419,20230419,MG,4371
50381893,0001,1,STUDIO LILIA LOPES-PILATES E SAUDE FUNCIONAL,02,20230419,20230419,MA,0921
50383011,0001,1,ACADEMIA PRATIQUE FITNESS,02,20230419,20230419,MG,4723
17496232,0002,2,,08,20260317,20230419,MS,9051
50386905,0001,1,GARDEL FIT BH,02,20230420,20230420,MG,4123
50387462,0001,1,SKYFIT ITAPETININGA,02,20230420,20230420,SP,6547
50388483,0001,1,ALPHA BODYBUILDER,02,20230420,20230420,MT,8985
50410857,0001,1,STUDIO VOLL,02,20230424,20230424,MG,4257
50411846,0001,1,CYBORG FITNESS,02,20230424,20230424,SP,7107
50419666,0001,1,JUDSON TREINADOR,02,20230424,20230424,SC,8191
50420970,0001,1,,08,20250306,20230424,SP,6219
50429756,0001,1,SOBERANOS,02,20230425,20230425,RJ,5833
50430538,0001,1,MDC FITNESS WELLNESS,02,20230425,20230425,AL,2861
50434102,0001,1,,04,20260522,20230425,SP,6219
50441628,0001,1,,02,20230425,20230425,RS,8441
50444312,0001,1,R1 ACADEMIA,02,20230425,20230425,PE,2559
50444680,0001,1,STUDIO THACYANA RIBEIRO,02,20230425,20230425,PB,2051
50449609,0001,1,ACADEMIA FISIOCOR FITNESS,02,20230426,20230426,MG,4693
50451458,0001,1,,02,20230426,20230426,RS,8801
50458563,0001,1,,02,20230426,20230426,PR,7953
50459118,0001,1,BRUNO VIOTTI CONSULTORIA LTDA,08,20241025,20230426,MG,4895
50466665,0001,1,ACADEMIA ESPACO FITNESS,02,20230427,20230427,MA,0162
50480682,0001,1,NOVA GERACAO FIT 10,02,20230428,20230428,SP,7107
50481261,0001,1,PERSONAL TRAINING ACADEMIA,02,20230428,20230428,AL,2853
50483461,0001,1,PERFORMANCE ACADEMIA,02,20230428,20230428,ES,5725
50490161,0001,1,MARX FIT CONSULTORIA ONLINE,02,20230428,20230428,SP,7107
50510786,0001,1,PILATES ALTO DA LAPA,08,20240128,20230502,SP,7107
50514110,0001,1,WELLNESS FIT CLUB,08,20250716,20230502,RJ,6001
50516761,0001,1,MARA STUDIO DE PILATES & FISIOTERAPIA,02,20230502,20230502,MS,9051
50517850,0001,1,,02,20230502,20230502,PR,7691
50523181,0001,1,ADSON RAMON STUDIO PERSONAL,02,20230503,20230503,SE,3105
50523627,0001,1,L NASCIMENTO,02,20230503,20230503,RN,1615
65139248,0002,2,,08,20231228,20230503,MG,4123
50535286,0001,1,CENTRO DE TREINAMENTO LUCAS FERNANDES,02,20230503,20230503,PI,1211
50536261,0001,1,FITLAB CENTRO DE PERFORMANCE,02,20230503,20230503,MT,9167
44225200,0001,1,ACADEMIA MB FITNESS,02,20211112,20211112,PE,2357
50544031,0001,1,,02,20230504,20230504,SP,6291
50549347,0001,1,,02,20230504,20230504,RS,8791
50550886,0001,1,TF ASSESSORIA ESPORTIVA,08,20230803,20230504,SP,7107
50551581,0001,1,FENIX ACADEMIA,02,20230504,20230504,RS,8839
50556202,0001,1,,08,20230905,20230504,SP,7107
50564506,0001,1,CAFI,02,20230505,20230505,BA,3849
50570214,0001,1,STUDIO FELIPE FARIAS CENTRO DE TREINAMENTO FISICO,02,20230505,20230505,SC,8367
50578101,0001,1,STUDIO VOLL,02,20230507,20230507,BA,3363
50603814,0001,1,MEB FITNESS,02,20230509,20230509,RJ,6001
50605000,0001,1,BLACK FIT ACADEMIA,02,20230509,20230509,MT,8983
50619754,0001,1,MAXFIT ACADEMIA,08,20240619,20230510,GO,9545
50622207,0001,1,,02,20230510,20230510,SC,8291
50624117,0001,1,UCANFIT ACADEMIA,02,20230510,20230510,SP,7075
50626817,0001,1,MARECHAL ACADEMIA,02,20230510,20230510,SC,8081
50633657,0001,1,LION GYM ACADEMIA,08,20230828,20230511,SC,0924
50641468,0001,1,SPARTAN RACE ACADEMIA,08,20240729,20230511,MA,0815
50649039,0001,1,D&K EMPRESA DE SAUDE E FITNESS,02,20230512,20230512,CE,1389
50649085,0001,1,IMPACTO FIT,02,20230512,20230512,RJ,5909
50654675,0001,1,A C FITNESS,02,20230512,20230512,BA,3333
50654881,0001,1,,02,20230512,20230512,PR,7691
50657817,0001,1,LAFE ACADEMIA LTDA,08,20260223,20230512,SC,8117
50657827,0001,1,LEVITAR CLINICA DE SAUDE E PILATES,08,20241014,20230512,ES,5651
50667050,0001,1,METAMORFIT,02,20230515,20230515,SE,3189
50667661,0001,1,STUDIO MONALLE DANTAS,02,20230515,20230515,MA,0731
50669516,0001,1,,02,20170124,20170124,RS,8713
50677314,0001,1,POSITIVE TREINAMENTO INTEGRADO,02,20230515,20230515,SP,6509
50677677,0001,1,UAI FITNESS CROSS TRAINING,02,20230515,20230515,MG,4471
50678165,0001,1,STUDIO AMR FIT,02,20230515,20230515,BA,3685
50491452,0001,1,INPULSUS CENTRO FITNESS,08,20230816,20230428,SP,6637
42419332,0002,2,FITNESVALENGAS,02,20230516,20230516,PI,1225
50695676,0001,1,LIFE FORCE - STUDIO KORE JARDIM SAO LUIS RIBEIRAO PRETO,02,20230516,20230516,SP,6969
50698906,0001,1,MAMUT CROSSTRAINING,02,20230516,20230516,SP,7181
50699052,0001,1,INTERFIT,02,20230516,20230516,PA,0411
50712864,0001,1,MS GINASTICA ARTISTICA JARDIM ATLANTICO,02,20230517,20230517,GO,9373
50722047,0001,1,FR FITNESS,02,20230518,20230518,PE,2589
50727546,0001,1,,02,20230518,20230518,SP,7107
50728647,0001,1,ARENA CHAMINE,02,20230518,20230518,SC,8089
50730042,0001,1,CT16,02,20230518,20230518,RJ,6001
28138552,0002,2,URBAN FIT CENTER,02,20230518,20230518,SP,6249
50737716,0001,1,GERSON AQUINO STUDIO DE PERSONAL TRAINER,02,20230519,20230519,PA,0427
48400369,0001,1,THE ONE FITNESS CLUB,02,20221025,20221025,SP,7071
50755087,0001,1,,02,20230520,20230520,SP,6369
50760663,0001,1,PLAY FIT,02,20230522,20230522,MA,0809
50787140,0001,1,PANOBIANCO TATUI CENTRO,02,20230523,20230523,SP,7181
50791143,0001,1,,02,20230523,20230523,MG,4553
50795347,0001,1,ESPACO FITNESS,02,20230524,20230524,PE,2475
50797511,0001,1,,02,20230524,20230524,SP,6477
50127827,0001,1,STUDIO JL CROSS,08,20250613,20230329,PE,2571
50804027,0001,1,GYM J23 CENTRO DE TREINAMENTO,02,20230524,20230524,RJ,5863
50806963,0001,1,,08,20260128,20230524,SP,6707
50813873,0001,1,ACADEMIA MONTE OLIMPO,02,20230525,20230525,RS,6029
50815348,0001,1,TIAGO MEOTTE - TREINAMENTO FUNCIONAL,02,20230525,20230525,RJ,5895
50819641,0001,1,ACADEMIA RITMO 10,02,20230525,20230525,AL,2785
18881925,0003,2,CENTRO DE TREINAMENTO RANTAMYS,02,20230527,20230527,BA,3849
50849836,0001,1,14ST GYM,02,20230529,20230529,SC,8039
50855425,0001,1,ESSENCE ACADEMIA,08,20231122,20230529,GO,1066
50856265,0001,1,ACTO ACADEMIA,02,20230529,20230529,PE,2531
50856875,0001,1,V.H. PERSONAL,02,20230529,20230529,PR,7435
50860183,0001,1,US FIT,02,20230529,20230529,PB,1981
50860372,0001,1,TO MOVE STUDIO FITNESS,02,20230529,20230529,MG,5401
50867064,0001,1,UP FITNESS,02,20230530,20230530,MG,4133
50867630,0001,1,CENTRO DE TREINAMENTO USINA,02,20230530,20230530,PR,7583
50868797,0001,1,SNAKE GYM ACADEMIA,02,20230530,20230530,PE,2549
50869408,0001,1,SKY FIT SHOPPING CERRADO,02,20230530,20230530,GO,9373
50871587,0001,1,,02,20230530,20230530,SP,7145
50885009,0001,1,TEAM BEDIM - ACADEMIA E PILATES,02,20230531,20230531,PR,7935
45787984,0001,1,TIO JOAO PERSONAL INFANTIL,02,20220325,20220325,SP,6163
50888741,0001,1,G13 - COLONIAL,02,20230531,20230531,SP,7107
50892696,0001,1,MINAH SHAKTI - YOGA PERSONAL E MASSAGEM INDIANA,08,20260521,20230531,MT,9185
50897645,0001,1,WORKOUT CROSS TRAINING,08,20250612,20230601,PR,7953
07594978,0534,2,,02,20230601,20230601,RJ,6001
50904459,0001,1,IMPERIO PILATES E FISIOTERAPIA,04,20260521,20230601,CE,1373
50908173,0001,1,JANA MICHELETTO PERSONAL,02,20230601,20230601,SP,7107
50921091,0001,1,I9 FITNESS MA,02,20230602,20230602,MA,0877
12835643,0003,2,PRIMEFIT ACADEMIA,02,20230602,20230602,PE,2607
50922404,0001,1,ACADEMIA POWER FITNESS,02,20230602,20230602,PI,0406
50923917,0001,1,CAROL SOUZA PERSONAL STUDIO,02,20230602,20230602,SC,8047
50926357,0001,1,SHANTI STUDIO,08,20250219,20230602,PA,0595
50939260,0001,1,BRASFORT ACADEMIA,08,20240603,20230605,PI,1211
44715984,0001,1,STUDIO HT,02,20220103,20220103,SP,7169
50946211,0001,1,SMALL ACADEMIA DE GINASTICA,02,20230605,20230605,SC,8341
50948329,0001,1,ACADEMIA CORPO E EQUILIBRIO,08,20260131,20230605,CE,1389
50954524,0001,1,ACADEMIA OLIMPO FIT,02,20230606,20230606,MT,8991
42705413,0002,2,OLIMPO GYM,08,20260206,20230606,SP,6969
50966287,0001,1,BL PERSONAL,02,20230606,20230606,SP,7107
50973115,0001,1,IRON GYM,02,20230607,20230607,SP,6219
50974319,0001,1,,02,20230607,20230607,DF,9701
50976487,0001,1,,08,20240701,20230607,MG,4633
46741501,0001,1,,02,20220610,20220610,SP,7243
50993160,0001,1,COMPANY FITNESS,02,20230609,20230609,MG,4633
49480201,0001,1,INOVAFIT,02,20230206,20230206,CE,1411
50995846,0001,1,GERACAO FIT,08,20231228,20230609,MG,4787
51009658,0001,1,SUPERACAO,02,20230612,20230612,RJ,0776
47467863,0001,1,CLINICA NADAR,02,20220808,20220808,PR,5487
51026008,0001,1,VH FITNESS,08,20230630,20230613,RS,8801
51027919,0001,1,BRAGANCA FITNESS,02,20230613,20230613,AL,2799
51042544,0001,1,T.CANDELARIA CONSULTORIA FITNESS,02,20230614,20230614,SP,7107
51043139,0001,1,CASSIANO COLOMBO PERSONAL,02,20230614,20230614,RS,8877
51044409,0001,1,,02,20230614,20230614,RJ,5833
51044653,0001,1,STUDIO CORE,02,20230614,20230614,BA,3769
51044697,0001,1,ESPACO ELLIE PERSONAL TRAINING,02,20230614,20230614,PR,7563
51055149,0001,1,KC TREINAMENTOS E ACESSORIA ESPORTIVA,02,20230615,20230615,DF,9701
51063405,0001,1,RGF ACADEMIA,08,20240205,20230615,SP,7243
51071174,0001,1,FISICON ESPORTE ACADEMIA,02,20230616,20230616,SP,6329
51073894,0001,1,,02,20230616,20230616,MG,4733
51081953,0001,1,FIT ACADEMIA II,02,20230616,20230616,CE,1585
36111257,0002,2,ACADEMIA CHL FORCE FITNESS,02,20230619,20230619,SC,5551
51110269,0001,1,,08,20251124,20230620,SP,6551
51112111,0001,1,EQUILIBRIO FITNESS STUDIO,02,20230620,20230620,PA,0415
51125517,0001,1,STUDIO PERSONAL - MUSCULACAO E TREINO FUNCIONAL,02,20230621,20230621,PI,1225
47950646,0001,1,CT TEAMGILCYBORG,02,20220914,20220914,BA,3647
51133322,0001,1,IRON GYM,02,20230621,20230621,PR,7721
51138034,0001,1,ENERGIM,02,20230621,20230621,MG,5055
51138637,0001,1,A.M.L. EDUCACAO FISICA,08,20240704,20230621,SP,7107
51143353,0001,1,LAYLA TABOSA STUDIO DE PILATES E FISIOTERAPIA LTDA,02,20230622,20230622,PA,0427
51144439,0001,1,PILATES ONFIT,02,20230622,20230622,MA,0921
16856350,0002,2,SUPER FIT ACADEMIA,04,20260526,20230621,AL,2791
51149472,0001,1,,02,20230622,20230622,SC,8047
51164048,0001,1,GUI BARROS ATENDIMENTO PERSONALIZADO,02,20230623,20230623,SP,7107
51164709,0001,1,STUDIO START FUNCIONAL,02,20230623,20230623,MG,4371
51166281,0001,1,,02,20230623,20230623,SP,7107
51170680,0001,1,TITANS BOX,08,20240903,20230623,CE,1389
51176061,0001,1,GIULIA VILELA PERSONAL TRAINER,02,20230625,20230625,MG,4371
51178852,0001,1,FORMA TREINAMENTO FISICO,08,20260420,20230626,DF,9701
51180432,0001,1,,08,20250807,20230626,MG,5403
51187142,0001,1,CROSS RED SKULLS,02,20230626,20230626,SP,7149
51190201,0001,1,ESPACO FUNCIONAL KIDS,02,20230626,20230626,ES,5705
51192671,0001,1,ACADEMIA QUALIDADE E VIDA,02,20230626,20230626,SP,7195
51202308,0001,1,STUDIO FERNANDA FLORO,04,20260611,20230627,GO,1066
51207576,0001,1,STAR FIT,04,20260605,20230627,TO,0165
51212282,0001,1,ACADEMIA PERFORMANCE,02,20230628,20230628,MG,4959
51219661,0001,1,NEW FORCE GYM,02,20230628,20230628,RS,8507
51220742,0001,1,ACADEMIA R1,02,20230628,20230628,ES,5625
51221759,0001,1,OFFICIALFIT,02,20230628,20230628,PI,1219
26315230,0002,2,K FITNESS ACADEMIA,08,20250822,20230628,BA,3429
51230298,0001,1,CT BAD DOG,02,20230629,20230629,RJ,6001
51236927,0001,1,PURE PILATES,02,20230629,20230629,SP,7107
45015508,0002,2,MONNSTER ACADEMIA,02,20230630,20230630,RJ,5847
51254463,0001,1,,02,20230630,20230630,ES,5699
51271392,0001,1,STUDIO TRAJANO SAUDE E BEM-ESTAR,02,20230703,20230703,RJ,5849
51282207,0001,1,,02,20230704,20230704,PR,7427
51284359,0001,1,,02,20230704,20230704,RN,1823
51287793,0001,1,STUDIO EVOLUTION TRAINING,02,20230704,20230704,RO,0015
51291616,0001,1,NEW LIFE EVOLUTION LTDA,02,20230704,20230704,CE,1261
51293137,0001,1,QG CAMILLA PERROTTA,02,20230704,20230704,RJ,5833
51293952,0001,1,LIVRE PILATES,02,20230704,20230704,SP,6689
51296202,0001,1,ACADEMIA BIO FITNESS,02,20230704,20230704,CE,1347
51303792,0001,1,ACADEMIA CORPO & SAUDE,02,20230630,20230630,PE,2405
51310564,0001,1,REAL FITNESS BC,02,20230705,20230705,SC,8039
50657555,0001,1,,02,20230512,20230512,MT,9035
51321987,0001,1,THIAGO OLIVEIRA PERSONAL TRAINER,08,20250613,20230706,DF,9701
51325936,0001,1,GREE FIT,02,20230706,20230706,PB,2175
51326993,0001,1,STUDIO FITNESS ALINE DASSI,02,20230706,20230706,SC,8175
36058171,0002,2,BOX FC,02,20230707,20230707,GO,9265
51342564,0001,1,LOBUS GYM,02,20230707,20230707,SP,2967
51343057,0001,1,,02,20230707,20230707,SP,6847
51343090,0001,1,STUDIO PHYSICAL FITNESS,02,20230707,20230707,MG,4911
51347085,0001,1,VIA FORMA ACADEMIA,02,20230708,20230708,CE,1263
51360305,0001,1,SUELEN FERNANDES STUDIO DE PILATES ME,02,20230710,20230710,GO,9363
51361007,0001,1,,08,20250814,20230710,RS,8501
51364416,0001,1,CINTIA RIGOLETO,02,20230710,20230710,SE,3105
51366126,0001,1,JO ATIVIDADE FISICA PERSONALIZADA,08,20250610,20230710,PR,7535
51370516,0001,1,STRONG FIT,02,20230711,20230711,SP,6477
40086899,0002,2,,02,20230711,20230711,SC,8125
51378128,0001,1,ACADEMIA PERFORMACE RJ,02,20230711,20230711,MT,9907
51378919,0001,1,WORK FITNESS SAUDE E BEM ESTAR,02,20230711,20230711,GO,9451
51390328,0001,1,EL SHADDAI SPORTS,02,20230712,20230712,MG,5191
51393648,0001,1,BOX PARDUS,02,20230712,20230712,RN,1759
51394586,0001,1,ACADEMIA SPORT LIGHT,02,20230712,20230712,SP,6713
51403942,0001,1,ELITE FUNCIONAL CROSS,02,20230713,20230713,MG,4445
43255952,0002,2,ACADEMIA AREA 51,08,20240306,20230713,PB,2027
51408330,0001,1,,02,20230713,20230713,RN,1761
51408885,0001,1,UTF VILA MATILDE,02,20230713,20230713,SP,7107
51411450,0001,1,,08,20240529,20230713,RJ,6001
51417693,0001,1,ACADEMIA TURBO VR,02,20230713,20230713,MA,0921
51420881,0001,1,RONAINA VIEIRA,02,20230714,20230714,MG,0744
51424845,0001,1,ESPACO FERNANDA BOTELHO,02,20230714,20230714,SP,6713
51424854,0001,1,INSTITUTO NASCIMBENE DE ATIVIDADE FISICA,02,20230714,20230714,SP,6619
51425109,0001,1,FIT FUNCIONAL CHIRLEY CRISTINA,02,20230714,20230714,SC,5557
51429551,0001,1,MAVERICK ACADEMIA LTDA,02,20230714,20230714,SP,6689
51436272,0001,1,ACADEMIA BIG FIT,02,20230716,20230716,BA,3661
51437991,0001,1,ALCANTARA ACADEMIA,02,20230716,20230716,PI,1219
51438048,0001,1,,02,20230716,20230716,MS,9085
21848629,0002,2,,02,20230717,20230717,MG,5401
51446397,0001,1,ACADEMIA DO JHONY LTDA,02,20230717,20230717,PR,7657
51447594,0001,1,METABOLIC,02,20230717,20230717,SC,8105
51448607,0001,1,ACADEMIA PROFIT FITNESS,02,20230717,20230717,BA,3495
51452414,0001,1,BRUK IPANEMA,02,20230717,20230717,RJ,6001
51454425,0001,1,ACADEMIA HEALFIT,02,20230717,20230717,BA,3849
51467424,0001,1,,02,20230718,20230718,MG,4123
51467623,0001,1,TEAM MAKIS ELITE PERFORMANCE,02,20230718,20230718,SP,6969
51470949,0001,1,,02,20230718,20230718,RS,8841
51478041,0001,1,STUDIO BIOFIT,02,20230719,20230719,SP,6729
51479512,0001,1,,02,20230719,20230719,SP,7077
48087194,0001,1,EVOLUTION,02,20220926,20220926,MT,8985
51495200,0001,1,CENTRO DE TREINAMENTO XINAMPA,02,20230720,20230720,MG,5403
51496813,0001,1,UNIVERSO FITNESS,02,20230720,20230720,MG,4697
51498444,0001,1,NOSSO ESPACO ESTUIDIO DE PILATES,02,20230720,20230720,RS,8589
51498689,0001,1,,02,20230720,20230720,PB,2223
51500371,0001,1,MAC GYM CENTRO DE TREINAMENTO,02,20230720,20230720,RN,1651
51510219,0001,1,REABILITAR STUDIO,02,20230721,20230721,BA,3431
51510722,0001,1,SILVANA ACADEMIA,02,20230721,20230721,PA,0395
51511910,0001,1,,02,20230721,20230721,BA,3747
51523077,0001,1,ACADEMIA MOUNTAIN GYM,02,20230723,20230723,MG,4143
51526104,0001,1,,08,20240321,20230724,SP,6987
51534258,0001,1,STUDIO PILATES SLAVIC,02,20230724,20230724,SP,7057
51543737,0001,1,SKYFIT ACADEMIA - UNIDADE MARILIA,02,20230725,20230725,SP,6681
47668007,0002,2,,02,20230725,20230725,RS,8801
51552418,0001,1,MAPE FITNES ACADEMIA,04,20260608,20230725,BA,3741
51552709,0001,1,,02,20230725,20230725,RJ,5897
51203676,0001,1,CTKL CENTRO DE TREINAMENTO KAETHY LITTLE,02,20230627,20230627,PB,1965
13396172,0017,2,,02,20230726,20230726,RS,8685
51580087,0001,1,AMERICA FITNESS CENTER,02,20230727,20230727,RS,8901
51580788,0001,1,ACADEMIA PRIME FITNESS,02,20230727,20230727,PA,0427
51582053,0001,1,,02,20230727,20230727,BA,3515
07594978,0553,2,,02,20230727,20230727,GO,9373
51586627,0001,1,L2 BOX,02,20230727,20230727,PE,2443
51589491,0001,1,,02,20230727,20230727,MG,4733
51594194,0001,1,AS2 ACADEMIA,02,20230728,20230728,PB,2125
51065870,0001,1,LCTEAM CONSULTORIA,02,20230615,20230615,AL,2785
51597500,0001,1,MASTERFIT - ACADEMIA,02,20230728,20230728,MG,4865
51608731,0001,1,GROW FIT,02,20230729,20230729,CE,1389
51615867,0001,1,VLS STUDIO DE YOGA E BEM ESTAR LTDA,02,20230731,20230731,SP,6789
51627942,0001,1,ACADEMIA ROSYNHA FITNES,02,20230731,20230731,PA,0483
51638731,0001,1,ABFITNESS ACADMEIA CORPO E MENTE_.,02,20230801,20230801,BA,9859
51639533,0001,1,EQUILIBRIUM CENTRO DE TREINAMENTO,02,20230801,20230801,ES,5601
29303771,0003,2,DUMBBELLS,02,20230802,20230802,CE,1389
51650531,0001,1,GREGOSFIT ACADEMIA,02,20230802,20230802,CE,1543
51654310,0001,1,TREINO VIP NOVA FORMA,02,20230802,20230802,ES,5663
51670985,0001,1,X1 FITNESS,02,20230803,20230803,PE,2531
51674382,0001,1,STUDIO ELEANDRO MEC,02,20230803,20230803,RJ,5813
51699608,0001,1,STUDIO THAIS CRISTINA,02,20230805,20230805,MG,5391
51713363,0001,1,WM INCORPORADORA E PARTICIPACOES,02,20230807,20230807,DF,9701
51726989,0001,1,,02,20230808,20230808,PB,1981
51727168,0001,1,,02,20230808,20230808,PR,7535
51731975,0001,1,CF SQUAD SANTOS,08,20250326,20230808,SP,7071
51734429,0001,1,HARMONIA PILATES STUDIO,02,20230808,20230808,MG,5407
51734520,0001,1,ARENA OPEN,02,20230808,20230808,RJ,6001
51735924,0001,1,LONGEVITA PILATES,02,20230808,20230808,SP,6131
48965390,0002,2,ACADEMIA TOP FIT,02,20230810,20230810,MA,0709
51761258,0001,1,CT LU. OLIVEIRA,02,20230810,20230810,AP,0605
51761305,0001,1,,02,20230810,20230810,PE,2513
51765739,0001,1,ACADEMIA CORPO E MENTE,02,20230810,20230810,MT,9071
51768033,0001,1,ESPACO WORKOUT,02,20230810,20230810,MG,4123
51772881,0001,1,TEAM BERGSON DIAS,02,20230811,20230811,PA,0415
51773362,0001,1,CT WOLF PALACE,02,20230811,20230811,BA,3989
51778830,0001,1,,02,20230811,20230811,PE,2531
51782736,0001,1,SKYFIT DIADEMA,02,20230811,20230811,SP,6377
51793631,0001,1,COMANDO FIT,02,20230814,20230814,SC,8055
51795836,0001,1,ACADEMIA ESPORTE PRO-LIFE,02,20230814,20230814,BA,3845
51798065,0001,1,GANBATTE PILATES,02,20230814,20230814,SP,6177
51805153,0001,1,COMPLEXO ESPORTIVO HEITOR REZENDE,02,20230814,20230814,MG,4733
51806874,0001,1,,08,20240124,20230814,BA,3515
51813578,0001,1,STUDIO RM PILATES,02,20230815,20230815,SP,6969
00318069,0033,2,,02,20230816,20230816,DF,9701
00318069,0041,2,,02,20230816,20230816,DF,9701
51828923,0001,1,,02,20230816,20230816,PR,7777
51829757,0001,1,HARMONIA DO CORPO,02,20230816,20230816,RO,0020
48817110,0001,1,STUDIO PERSONAL ATENA,02,20221206,20221206,PA,0429
51846218,0001,1,CT AKVA,02,20230817,20230817,RJ,5869
51847032,0001,1,CERFIT ACADEMIA,02,20230817,20230817,MG,4625
51857302,0001,1,ACADEMIA FJ SANTOS,08,20260105,20230817,PE,2627
51863957,0001,1,,02,20230818,20230818,ES,5705
51866905,0001,1,ACADEMIA DRENA CORPUS,02,20230818,20230818,PR,7425
28195090,0004,2,INVICTUS ACADEMIA,02,20230818,20230818,GO,9373
51871397,0001,1,CT BELLA FIT,02,20230818,20230818,CE,1503
51879300,0001,1,PERFILCROSS,08,20251223,20230821,PE,2531
51880902,0001,1,CFB GYM,02,20230821,20230821,SP,7057
51889691,0001,1,MEGA FITNESS CAUCAIA,04,20260529,20230821,CE,1373
51890594,0001,1,ACADEMIA MAX FORMA,02,20230821,20230821,AL,2761
51891194,0001,1,LIONS CT,02,20230821,20230821,RJ,5805
51892620,0001,1,BS FITNESS,02,20230821,20230821,PR,7535
51901180,0001,1,,02,20230822,20230822,MA,0943
51902734,0001,1,VPERFORM,02,20230822,20230822,RS,8759
51902919,0001,1,S2 FIT,08,20241230,20230822,DF,9701
51903195,0001,1,SANTIAGO,02,20230822,20230822,SP,7107
51925795,0001,1,ESPACO FLAVIO CAMARGO,02,20230823,20230823,SP,6761
51927779,0001,1,ESTUDIO MF TREINAMENTO INTEGRADO,02,20230823,20230823,MG,5195
51932025,0001,1,"PERFORMA EM TREINAMENTO, SAUDE E REABILITACAO",02,20230824,20230824,MG,5403
51932284,0001,1,META FIT,02,20230823,20230823,PA,0535
51934903,0001,1,FC FITNESS,02,20230824,20230824,CE,1389
51935359,0001,1,UPFIT,02,20230824,20230824,RS,8677
44033395,0001,1,,02,20211027,20211027,CE,1305
30254935,0002,2,BIOFORMA ACADEMIA,02,20230824,20230824,RN,1761
50497414,0002,2,SENA ADRENALINE,08,20240430,20230825,RO,0003
51953976,0001,1,ACADEMIA MILON POWER,08,20250910,20230825,AL,2719
51954380,0001,1,ESPACO FLUIR STUDIO DE PILATES,02,20230825,20230825,GO,9373
51854985,0001,1,BODY CLINIC - CENTRO DE SAUDE INTEGRATIVA,02,20230817,20230817,MA,0803
50727162,0001,1,,02,20230518,20230518,SP,7107
49470152,0001,1,MG PERSONAL,02,20230204,20230204,SP,7107
51986587,0001,1,CLINICA DE MUSCULACAO E JIU-JITSU,02,20230829,20230829,GO,9625
51987177,0001,1,PULSEON ACADEMIA,02,20230829,20230829,MG,4123
51995783,0001,1,ELITE FITNESS,08,20231213,20230829,CE,1357
52005784,0001,1,ALTFIT,02,20230830,20230830,MG,5403
52010052,0001,1,STUDIO FILIPE GONZAGA PILATES E MUSCULACAO,02,20230830,20230830,MG,5403
26819596,0002,2,VIVER BEM ESPACO DE PILATES - FILIAL 1,02,20230830,20230830,SC,8047
49248177,0001,1,LOIOLA FITNESS,02,20230119,20230119,MA,0727
52027996,0001,1,NEW LIFE TREINAMENTOS,02,20230831,20230831,AM,0255
52029541,0001,1,ESTUDIO QUALIVIDA,02,20230831,20230831,RJ,6001
52033229,0001,1,SPORT VIDA ACADEMIA,02,20230831,20230831,BA,3849
40527639,0002,2,ESTRELA FITNESS,02,20230901,20230901,AL,2715
52064120,0001,1,STUDIO MOOVE PILATES,02,20230904,20230904,RJ,5919
51203148,0001,1,ACADEMIA PHYSICAL CENTER,08,20230904,20230627,RJ,5817
52068169,0001,1,ELLITE FITNESS,02,20230904,20230904,MS,9131
52069695,0001,1,CROSS EXPERIENCE CAMPINAS,02,20230904,20230904,SP,6291
52076921,0001,1,MOVIMENTO FITNESS,02,20230905,20230905,RJ,6001
00318069,0048,2,,02,20230905,20230905,DF,9701
00318069,0050,2,,02,20230905,20230905,RJ,5819
52077703,0001,1,STUDIO QUALITY TRAINING,02,20230905,20230905,SC,8311
52080257,0001,1,,02,20230905,20230905,SP,6131
52080342,0001,1,CT CORREIA,02,20230905,20230905,SC,8111
52082268,0001,1,TIME FOCUS CT,02,20230905,20230905,MG,4123
52087586,0001,1,CMN TREINAMENTO INDIVIDUAL E ASSESSORIA,02,20230905,20230905,MS,9113
51578916,0001,1,,08,20240503,20230727,SP,6921
44246518,0001,1,BEACH CYCLE IPANEMA,02,20211116,20211116,RJ,6001
14528844,0002,2,HASHTAG ACADEMIA RIO CLARO,02,20230906,20230906,SP,6979
52104135,0001,1,,08,20241217,20230906,PI,1101
52111080,0001,1,,02,20230908,20230908,RS,7333
52125355,0001,1,R.G PERFORMANCE,08,20240408,20230911,RS,6073
52126090,0001,1,ENERGYFIT,02,20230911,20230911,RN,1759
52127419,0001,1,IRON GYM,02,20230911,20230911,PA,0507
52128164,0001,1,,02,20230911,20230911,MG,4123
38381503,0002,2,ATHLETIC LIVING,08,20240423,20230911,DF,9701
00318069,0051,2,,02,20230911,20230911,DF,9701
52139913,0001,1,ESPACO CORPO EM LINHA,08,20260328,20230911,SC,8105
52140941,0001,1,DAYSE MELO DEMORE PERSONAL,02,20230911,20230911,MG,4387
46134338,0001,1,YESHUA ESTACAO,02,20220425,20220425,AL,2785
33608997,0002,2,VIDA E SAUDE,02,20230912,20230912,RS,8577
52161672,0001,1,IRONCORE ACADEMIA,02,20230913,20230913,SP,6175
52175571,0001,1,EVOLUIR FITNESS ACADEMIA,02,20230914,20230914,MG,4691
52179380,0001,1,APOLO CROSS TRAINING,02,20230914,20230914,MS,9051
52179425,0001,1,PRIM 21 FUNCIONAL E CROSSTRAINING,02,20230914,20230914,SC,8135
52187490,0001,1,,02,20230914,20230914,SC,8175
52191919,0001,1,CROSS TRAINING SJN,02,20230915,20230915,MG,5257
52192053,0001,1,UNBU CF,02,20230915,20230915,CE,1389
52193437,0001,1,CENTRO DE TREINAMENTO PRO-SAUDE,02,20230915,20230915,RS,8849
52194848,0001,1,,08,20260525,20230915,SP,6969
52195910,0001,1,,02,20230915,20230915,SP,7107
52202342,0001,1,MUTACAO FIT,02,20230915,20230915,MT,9067
52215502,0001,1,,02,20230918,20230918,RJ,6001
52221015,0001,1,,08,20260106,20230918,CE,1389
52230466,0001,1,START LIFE ACADEMIA,02,20230919,20230919,GO,9625
52238313,0001,1,,02,20230919,20230919,SP,7189
52241250,0001,1,STUDIO PARK TRAINING,02,20230919,20230919,RO,0007
52246538,0001,1,MORAES FITNESS LTDA,02,20230920,20230920,MG,0730
52252652,0001,1,MASTER FITT,02,20230920,20230920,SP,6477
52255865,0001,1,ACADEMIA MEGA POWER,02,20230920,20230920,SP,6251
46268485,0001,1,PILAR FITNESS,08,20251024,20220504,PA,0595
52262083,0001,1,PRISPORTS ACADEMIA & STUDIOS,02,20230921,20230921,RJ,5915
52264998,0001,1,CENTRO DE TREINAMENTO SPORT FITNESS,02,20230921,20230921,MA,0773
52266039,0001,1,,02,20230921,20230921,SC,8179
52267319,0001,1,STUDIO REFORCE,02,20230921,20230921,MG,5035
52271874,0001,1,ESPACO SETE,02,20230921,20230921,PE,2341
52275194,0001,1,BEGINS FIT,02,20230922,20230922,GO,9599
52278479,0001,1,GATOMICO,02,20230922,20230922,MA,0743
52285904,0001,1,ACADEMIA TREINE MAIS,08,20251216,20230922,CE,1389
52286488,0001,1,TREINOS ACADEMIA,02,20230922,20230922,PA,0595
52290594,0001,1,F K STUDIO FITNESS,02,20230923,20230923,RS,8431
36031161,0002,2,,02,20230925,20230925,SP,7107
52296485,0001,1,PONTO FIT,08,20241024,20230925,MS,9787
52301028,0001,1,TH TREINAMENTO ESPECIFICO,02,20230925,20230925,SC,8055
52306759,0001,1,FR FORCA E CONDICIONAMENTO,02,20230925,20230925,SC,8221
52242962,0001,1,,02,20230919,20230919,MA,0953
52311680,0001,1,CENTER FITNESS ACADEMIA,02,20230926,20230926,MG,4589
24395830,0010,2,FORCE ONE,02,20230926,20230926,SC,8183
52313073,0001,1,,02,20230926,20230926,SP,6457
52331184,0001,1,ALPHA TRADING INTERNATIONAL,02,20230927,20230927,SP,6281
52331878,0001,1,FORMULA FITNESS ACADEMIA,08,20231127,20230927,MG,4683
52332592,0001,1,,02,20230927,20230927,SP,7107
50019586,0001,1,ACADEMIA IRONFIT,02,20230321,20230321,SP,7171
52340185,0001,1,AKDEMIA E FUNCIONAL,02,20230927,20230927,PB,2047
52341257,0001,1,LUANA PILATES,02,20230927,20230927,MS,9073
52353300,0001,1,CH FITNESS,02,20230928,20230928,MG,4359
52354684,0001,1,WALERIA BOLDT - PILATES E FISIOTERAPIA,02,20230928,20230928,ES,5625
52356666,0001,1,LIFE PRIME CLUB,02,20230928,20230928,BA,3449
52357830,0001,1,,02,20230928,20230928,SC,8105
52363687,0001,1,F5 CENTER FITNES,02,20230929,20230929,AL,2887
52365220,0001,1,,02,20230929,20230929,RJ,6001
52366263,0001,1,YOUR HEALTH PILATES CLASSICO,02,20230929,20230929,PR,7535
52366609,0001,1,,02,20230929,20230929,SP,6589
52383398,0001,1,,02,20231002,20231002,SP,7265
52385419,0001,1,ACADEMIA CORPO PERFEITO,02,20231002,20231002,PE,2441
52388363,0001,1,GMS ACADEMIA DE GINASTICA E MUSCULACAO LTDA,02,20231002,20231002,RS,8541
52392257,0001,1,LIFE CORE PILATES,02,20231002,20231002,SP,6619
52408173,0001,1,CT GAZ CENTRO DE TREINAMENTO E SAUDE,08,20250601,20231003,SC,8081
52417844,0001,1,ACADEMIA PERFOMACE E ACAO,02,20231004,20231004,RN,1771
52418404,0001,1,,02,20231004,20231004,CE,1247
52419925,0001,1,,02,20231004,20231004,MS,9051
52421356,0001,1,MOVERE STUDIO DE PILATES,02,20231004,20231004,SP,7099
52425822,0001,1,SKYFIT LEME,02,20231004,20231004,SP,6635
52432370,0001,1,,02,20231005,20231005,MG,5213
52434154,0001,1,,02,20231005,20231005,SP,6293
52435123,0001,1,VIDA EM FORMA PERSONAL STUDIO,02,20231005,20231005,SP,6549
52436145,0001,1,ACADEMIA PHYSICUS,02,20231005,20231005,MA,0889
52438610,0001,1,CENTRO DE TREINAMENTO DEA PAULO AMARAL,02,20231005,20231005,ES,5625
52440709,0001,1,,02,20231005,20231005,SP,6239
52452328,0001,1,CS FORCE BOX,08,20250507,20231006,MG,5273
52455316,0001,1,,02,20231006,20231006,SC,8103
52456873,0001,1,WORLD GYM PRIME,02,20231006,20231006,DF,9701
52457027,0001,1,,02,20231006,20231006,ES,2929
51991704,0001,1,,02,20230829,20230829,CE,1417
52470375,0001,1,,02,20231009,20231009,MG,5343
52477108,0001,1,PERSONAL FIT,02,20231009,20231009,SP,7099
21180917,0002,2,QUALYTA PERFORMANCE,02,20231009,20231009,ES,5705
52480623,0001,1,ALPHA FITNESS,02,20231009,20231009,BA,3515
52483979,0001,1,,02,20231010,20231010,PE,2513
52484282,0001,1,SKYFIT ACADEMIA,02,20231010,20231010,PA,0054
52494262,0001,1,ACADEMIA JEAN GASPARINI,02,20231010,20231010,SP,6779
52495247,0001,1,SAO RAFAEL CENTRO DE CONCIONAMENTO FISICO,02,20231010,20231010,BA,3849
52495695,0001,1,MY HOUSE YOGA,02,20231010,20231010,MS,9051
52497134,0001,1,HOUSEFITNESS497,02,20231010,20231010,CE,1343
52500950,0001,1,STUDIO K.A,02,20231011,20231011,AL,2853
52510855,0001,1,,02,20231011,20231011,PE,2531
52538165,0001,1,REVLIFE ACADEMIA,02,20231016,20231016,PA,0411
52546254,0001,1,STUDIO ALE RODRIGUES,02,20231017,20231017,MS,1196
52549935,0001,1,RN10 SPORTS ACADEMY,02,20231017,20231017,RS,8637
52551695,0001,1,TO FIT,02,20231017,20231017,RJ,5865
52562571,0001,1,POSTURALE PILATES & SAUDE,02,20231017,20231017,BA,3515
52569479,0001,1,ACADEMIA NEW FIT,02,20231018,20231018,PA,0509
52570506,0001,1,CORPE ESTUDIO DE PILATES,02,20231018,20231018,SP,7075
52571675,0001,1,MY FITNESS NILO,08,20250816,20231018,RS,8801
52576185,0001,1,,02,20231018,20231018,MG,4865
44123369,0001,1,STAR FITNESS,02,20211104,20211104,MT,9897
52576694,0001,1,ACADEMIA LPC POWER FITNESS,02,20231018,20231018,BA,3413
52445803,0001,1,SKYFIT ACADEMIA BAURU,02,20231005,20231005,SP,6219
07594978,0566,2,,02,20231019,20231019,PR,9983
07594978,0568,2,,02,20231019,20231019,DF,9701
52595171,0001,1,,02,20231019,20231019,MG,4069
52596740,0001,1,PRIME STUDIO,02,20231019,20231019,MS,9173
52600402,0001,1,STUDIO WMS PERSONAL TRAINER,02,20231020,20231020,MG,4115
47201703,0002,2,RIO SUPLEMENTOS,02,20231020,20231020,MG,4211
52610727,0001,1,ESCOLA DE NATACAO E HIDROGINASTICA MAJELLA,02,20231020,20231020,PA,0427
52611632,0001,1,,02,20231020,20231020,PR,7739
52613055,0001,1,STUDIO PERSONAL ROSE SILVA,02,20231020,20231020,BA,3255
52613816,0001,1,ULTRA ACADEMIA,02,20231021,20231021,DF,9701
52621493,0001,1,BODY & SOUL - TREINAMENTO ESPECIALIZADO LTDA,02,20231023,20231023,SP,6875
52622226,0001,1,ELEVEN,02,20231023,20231023,SP,7183
52624466,0001,1,SOLEAR SAUDE E MOVIMENTO,04,20260521,20231023,ES,5625
52629835,0001,1,TREINO ROMA,02,20231023,20231023,PI,1219
52632002,0001,1,,02,20231023,20231023,MS,9073
52633731,0001,1,,02,20231023,20231023,SP,7121
52634986,0001,1,ESPACO HIDRO,02,20231023,20231023,PE,2435
52645394,0001,1,STUDIO TORMENA PERSONAL TRAINER,02,20231024,20231024,PR,7507
44045556,0002,2,PROFIT 2,02,20231024,20231024,AL,2883
52650455,0001,1,,02,20231024,20231024,SP,6969
52664385,0001,1,ZOCFIT,02,20231025,20231025,SC,8105
52675579,0001,1,,02,20231026,20231026,PR,5519
52687859,0001,1,ORANGE FIT,02,20231026,20231026,PE,2491
52690216,0001,1,JBRASIL GYM,02,20231027,20231027,AL,2863
52699735,0001,1,N4 FIT,08,20241016,20231027,RJ,2921
52702691,0001,1,STUDIO B,02,20231027,20231027,SP,7201
52703334,0001,1,GH PERSONAL TRAINER,02,20231027,20231027,PA,0415
52717904,0001,1,ACADEMIA LUCAS GASPARIN,02,20231030,20231030,SP,6797
52721654,0001,1,,02,20231030,20231030,PR,7667
52723016,0001,1,MALHADAO COMPANY,02,20231030,20231030,PB,0484
52723842,0001,1,CROSS EXPERIENCE ITUMBIARA,02,20231030,20231030,GO,9425
52729098,0001,1,BOX COOPHAB,02,20231031,20231031,RN,1779
52731362,0001,1,,02,20231031,20231031,PR,7885
52735018,0001,1,HYDROEDEN ACADEMIA,02,20231031,20231031,SP,7145
52737935,0001,1,,08,20240404,20231031,AL,2785
52746618,0001,1,SB STUDIO DE MUSCULACAO,02,20231101,20231101,GO,9373
52750647,0001,1,,02,20231101,20231101,SP,6377
52755748,0001,1,CDT GINASTICA TOTAL,02,20231101,20231101,SP,7187
20824048,0002,2,SHPPING FIT ACADEMIA,02,20231101,20231101,PA,0531
52763925,0001,1,CENTRO DE TREINAMENTO DUO,02,20231103,20231103,GO,9301
52782347,0001,1,,02,20231106,20231106,RJ,6001
52789285,0001,1,STUDIO VELOCITY,02,20231106,20231106,SP,7107
52792346,0001,1,ESPACO SAUDE E BEM ESTAR,02,20231106,20231106,BA,3533
52799481,0001,1,KINGDOM CROSS,02,20231107,20231107,AL,2785
52805321,0001,1,QUANTUM HEALTH,02,20231107,20231107,BA,3685
52806390,0001,1,START PILATES FISIOTERAPIA E ESTETICA LTDA,02,20231107,20231107,PR,7535
52808005,0001,1,LUDAY PILATES E FISIOTERAPIA,02,20231107,20231107,MG,5401
52809630,0001,1,DS ACADEMIA,02,20231107,20231107,SC,8023
47402617,0001,1,AJ PILATES,02,20220803,20220803,SP,7075
52824082,0001,1,ESPACO LOTUS PILATES,02,20231108,20231108,SC,8179
52825377,0001,1,ESPACO ALECRIM LTDA,02,20231108,20231108,RJ,6001
35602836,0004,2,A MELHOR ACADEMIA,02,20231108,20231108,SP,7107
52830097,0001,1,ALPHA BODY ACADEMIA,02,20231109,20231109,SP,7097
43878975,0003,2,,08,20240118,20231109,PE,2457
52846275,0001,1,,02,20231110,20231110,SP,6403
52852565,0001,1,CINJO SPORTS TREINAMENTO ESPORTIVO,02,20231110,20231110,SP,6645
52869308,0001,1,VIACRUX ESCALADA,02,20231113,20231113,SP,6921
52869341,0001,1,FOCO FIT,02,20231113,20231113,MG,4903
52877108,0001,1,,02,20231113,20231113,CE,1565
52882611,0001,1,,08,20240112,20231114,SP,6637
52884323,0001,1,MOVE GYM CROSS,02,20231114,20231114,BA,3769
31404425,0002,2,RODRIGO PONCE PREPARADOR FISICO,02,20231114,20231114,SP,7071
52901152,0001,1,,02,20231116,20231116,SP,7107
52920995,0001,1,DB FIT ELDORADO,02,20231117,20231117,AL,2747
52952557,0001,1,APOLLO FITNESS PERSONAL STUDIO,02,20231121,20231121,SP,6161
37263268,0003,2,ACADEMIA BRUTA MONSTRO,08,20250813,20231121,CE,1341
52964127,0001,1,CENTRO DE TREINAMENTO INVICTU'S,02,20231122,20231122,PE,2617
52964173,0001,1,ACADEMIA MP FITNESS,08,20240719,20231122,MG,4321
52971971,0001,1,CT JRFITNESS,02,20231122,20231122,PE,2457
52972604,0001,1,VITTAD,02,20231122,20231122,SP,6361
52976011,0001,1,CT JUNIOR JACARE,02,20231123,20231123,CE,0991
52976802,0001,1,NONATO MOTA PERFORMANCE TRAINING,02,20231123,20231123,MA,0921
52977315,0001,1,STUDIO EM PERSONAL,02,20231123,20231123,MS,9145
53002729,0001,1,ACADEMIA GH-MAXFIT,02,20231125,20231125,BA,3443
49080189,0001,1,,08,20231125,20230106,PR,7493
53019429,0001,1,,02,20231127,20231127,PR,7751
53019587,0001,1,FIT 7 ACADEMIA,02,20231127,20231127,BA,3731
53049754,0001,1,ELITE ACADEMIA,02,20231129,20231129,PA,0587
53060864,0001,1,NUTRI ACAO,02,20231116,20231116,RS,8777
53062650,0001,1,ESTACAO DO CORPO,02,20231130,20231130,ES,5655
53076046,0001,1,ACADEMIA BETALGYM,02,20231201,20231201,SP,7107
53076222,0001,1,,02,20231201,20231201,RS,8729
53079413,0001,1,RACKEL TREINADORA,02,20231202,20231202,PI,1159
53088869,0001,1,ARENA MOBFIT,08,20250226,20231204,PE,2531
53092501,0001,1,EFIT ACADEMIA,02,20231204,20231204,MA,0154
53094895,0001,1,,02,20231204,20231204,SP,7183
53101292,0001,1,ELIZA TAVARES STUDIO FEMININO DE TREINAMENTO PERSONALIZ,04,20260529,20231205,CE,1337
53101597,0001,1,,02,20231205,20231205,PE,2577
53105426,0001,1,PLATAFORMA 21,02,20231205,20231205,RJ,6001
52921063,0001,1,J.A PROFIT ACADEMY,02,20231117,20231117,PE,2467
52959529,0001,1,,02,20231122,20231122,PR,7535
53120923,0001,1,HOUSE PRO FITNESS,08,20240415,20231206,AP,0605
53130569,0001,1,CROSS NUTRITION BOX POJUCA,02,20231207,20231207,BA,3805
53158370,0001,1,,02,20231211,20231211,RS,8801
53159635,0001,1,RF SAUDE E LONGEVIDADE,08,20260313,20231211,PR,7535
53163712,0001,1,,02,20231211,20231211,SP,7071
22653153,0006,2,RAV ACADEMIA,02,20231212,20231212,PR,7733
53176817,0001,1,,02,20231212,20231212,SP,2943
53183720,0001,1,NATURAL ACADEMIA,02,20231213,20231213,BA,3501
53187557,0001,1,SKYFIT SOROCABA JARDIM SIMUS,02,20231213,20231213,SP,7145
44370155,0002,2,ACADEMIA X FIT,02,20231213,20231213,RR,0301
53192798,0001,1,GERACOES KIDS,02,20231213,20231213,SP,7097
53197298,0001,1,ROYALFIT ACADEMIA,02,20231214,20231214,MT,9177
39291716,0002,2,9 FIT GYM,02,20231214,20231214,RJ,5869
53201667,0001,1,DIVAS FIT,04,20260612,20231214,TO,9241
53203011,0001,1,WS STUDIO,02,20231214,20231214,PI,1219
53203326,0001,1,PROFIT ACADEMIAS,02,20231214,20231214,CE,1475
53204302,0001,1,TRIBO CROSSTRAINING,02,20231214,20231214,PR,7681
53204635,0001,1,BOLHA D'AGUA NATACAO E HIDROGINASTICA,02,20231214,20231214,SP,6877
53204646,0001,1,BODYSOUL GYM,08,20240111,20231214,SP,7097
53209604,0001,1,ATHLETIC ACADEMIA,04,20260611,20231215,AC,0157
53214212,0001,1,ESPACO FITNESS,02,20231215,20231215,SE,3159
53219197,0001,1,RP TREINAMENTO ESPORTIVO,02,20231216,20231216,RN,1741
53221157,0001,1,,02,20231217,20231217,SP,6969
53241367,0001,1,SPARTA ACADEMIA,02,20231218,20231218,PR,7451
53246392,0001,1,,02,20231218,20231218,MG,4625
53246547,0001,1,,08,20250408,20231218,PR,7791
53251024,0001,1,NOW FIT PRIME,02,20231218,20231218,PR,7535
53254665,0001,1,ARI PILATES CLINICO FISIOTERAPIA E TREIN FUNCIONAL,02,20231219,20231219,MG,4813
53257769,0001,1,CT OLDSCHOOL LTDA,02,20231218,20231218,PE,2531
53110663,0001,1,GC EDUCACAO FISICA,08,20250912,20231205,BA,3993
53266869,0001,1,,02,20231220,20231220,PR,7535
53267157,0001,1,FG GYM,02,20231220,20231220,SP,7151
53273004,0001,1,,02,20231220,20231220,RJ,5865
53282875,0001,1,PROFITNESS,02,20231221,20231221,BA,3471
53285296,0001,1,,08,20250414,20231221,SP,6547
18442885,0009,2,LIVE ACADEMIA,02,20231221,20231221,AM,0255
53323273,0001,1,R SANTOS E F RODRIGUES ACADEMIA LTDA,02,20231228,20231228,SP,6191
53337743,0001,1,,02,20231228,20231228,MG,4123
53342160,0001,1,,02,20240102,20240102,RJ,2921
53353172,0001,1,ACADEMIA D.A. FITNESS,02,20240103,20240103,RJ,5867
53355959,0001,1,,02,20240103,20240103,SP,6635
53359994,0001,1,CROSS ALVORADA,02,20240103,20240103,RS,8511
53365681,0001,1,DLFIT ACADEMIA,02,20240104,20240104,SC,8077
53382513,0001,1,,02,20240105,20240105,SP,6469
53384264,0001,1,LUCAS SOARES GESTOR DE SAUDE,02,20240105,20240105,PI,1073
53387928,0001,1,FG STUDIO,02,20240105,20240105,MG,4123
53390141,0001,1,R.A FITNESS,02,20240105,20240105,PA,0429
53393762,0001,1,ALTO CENTRO DE FUNCTIONAL FITNESS,04,20260608,20240106,GO,9211
53405309,0001,1,,02,20240108,20240108,SC,8175
53408758,0001,1,ACADEMIA REIS DO PUMP,02,20240108,20240108,RN,1633
53414301,0001,1,ACADEMIA FAMILY FIT,02,20240108,20240108,GO,9271
53421008,0001,1,ARENA CENTER FITNESS,08,20251117,20240109,CE,1447
53421299,0001,1,STAR FITNESS ACADEMIA SAUDE E BEM ESTAR,02,20240109,20240109,CE,1417
53427037,0001,1,EM PERFORMANCE STUDIO,08,20240619,20240109,GO,9221
53430404,0001,1,ALLAN ALVES PERSONAL TRAINER,02,20240109,20240109,SP,7107
49997742,0002,2,XGYM,02,20240110,20240110,BA,3007
53446838,0001,1,OCEAN STUDIO PERSONAL,02,20240110,20240110,SP,6249
53452147,0001,1,SMARTFORCE,02,20240110,20240110,RS,8801
49963891,0001,1,,02,20230316,20230316,SP,6213
53457900,0001,1,K2 PRO SAUDE E BEM ESTAR LTDA,02,20240111,20240111,SP,6795
53458721,0001,1,STUDIO VOLL,02,20240111,20240111,SP,7121
53469358,0001,1,ACADEMIA SUPERACAO,02,20240112,20240112,PI,1219
43755703,0002,2,STUDIO MOVEMENT,02,20240112,20240112,BA,3661
53471922,0001,1,SUPERACAO ACADEMIA,02,20240112,20240112,MG,4303
53479859,0001,1,SKYFIT ACADEMIA - UNIDADE MANSOES SANTO ANTONIO,02,20240112,20240112,SP,6291
53479918,0001,1,LION FORCE FITNESS,02,20240112,20240112,RS,8681
53480741,0001,1,MS MOTIVA ESTUDIO DE TREINAMENTO,02,20240112,20240112,PE,2627
53480961,0001,1,ACADEMIA ARENA FITNESS,02,20240112,20240112,CE,1505
53481054,0001,1,VILA SAUDE,02,20240112,20240112,RS,8693
53492392,0001,1,,02,20240115,20240115,MG,4123
53493585,0001,1,ACADEMIA TOP LIFE,02,20240115,20240115,MG,5261
53499066,0001,1,R&S FITNESS ACADEMIA LTDA,02,20240115,20240115,PA,0427
53534280,0001,1,WELLS ESTUDIO,02,20240117,20240117,GO,9389
18442885,0010,2,,02,20240117,20240117,AM,0255
53540870,0001,1,,02,20240117,20240117,RJ,5867
53550037,0001,1,,02,20240118,20240118,SP,7071
53556438,0001,1,TFORCE TREINAMENTO FISICO,02,20240118,20240118,RJ,5867
53562339,0001,1,,02,20240118,20240118,SC,8233
45441880,0002,2,CROSS EXPERIENCE,02,20240118,20240118,PA,0415
53567022,0001,1,CIENCIA DO FUTEBOL ZN,08,20260610,20240119,SP,7107
53567586,0001,1,CROSS EXPERIENCE BELA VISTA,02,20240119,20240119,BA,3993
53569993,0001,1,JACARE FITNESS,02,20240119,20240119,SC,8105
53570154,0001,1,***,02,20240119,20240119,SP,7107
53570770,0001,1,,02,20240119,20240119,SP,7107
53603977,0002,2,,02,20240123,20240123,ES,5705
53623822,0001,1,CIA DO CORPO,02,20240123,20240123,ES,5705
53628246,0001,1,JULIELE & RAVENA ELASTIC TRAINING,08,20250509,20240124,BA,3661
53641731,0001,1,PIMENTA ASSESSORIA,02,20240124,20240124,MG,4445
53652726,0001,1,YELLOW ESTUDIO DE BIKE,02,20240125,20240125,RS,8637
53653084,0001,1,GK - CENTRO DE TREINAMENTO,02,20240125,20240125,MT,9777
53667294,0001,1,UP FITNESS,02,20231208,20231208,BA,3597
53674116,0001,1,CAFU CENTRO DE TREINAMENTOS,02,20240126,20240126,SP,6425
53674960,0001,1,D FITNESS,02,20240126,20240126,SC,8089
53678149,0001,1,CAGS PREVENCAO,02,20240126,20240126,RS,8801
53688861,0001,1,IRON BEAR,02,20240129,20240129,MG,4917
53690042,0001,1,LAFES - FISIOLOGIA CIENTIFICA DO EXERCICIO LTDA,02,20240129,20240129,SP,7071
53693280,0001,1,ESPACO FITNESS CRIS LOPES,02,20240129,20240129,GO,9379
12692445,0002,2,,02,20240130,20240130,AL,2785
53710495,0001,1,CONSCIENCIA CORPORAL MARZANI,08,20240503,20240130,PR,7535
53715616,0001,1,STUDIO SAMANTHA FRAMIL,08,20260223,20240130,MG,5273
53717378,0001,1,,08,20241231,20240130,PR,0868
53729246,0001,1,,04,20260608,20240131,BA,3313
53738735,0001,1,NPRF - EDUCACAO FISICA,02,20240131,20240131,GO,9413
17591373,0002,2,ACADEMIA CONEXAO FITNESS,04,20260515,20240131,BA,3849
53739989,0001,1,BR STUDIO,02,20240131,20240131,BA,3897
53740146,0001,1,ESPACO FLUIR - DEIXA FLUIR,02,20240131,20240131,BA,3725
53741315,0001,1,START ACADEMIA CRUZEIRO,02,20240131,20240131,PB,1981
53742303,0001,1,TEAM OLD SCHOOL,02,20240131,20240131,PR,7733
53749749,0001,1,SKY FIT ANDRADAS,02,20240201,20240201,MG,4123
53752930,0001,1,STUDIO VELOCITY SANTO ANDRE,02,20240201,20240201,SP,7057
53753107,0001,1,UNIDADE PRIME,02,20240201,20240201,RS,8801
53755015,0001,1,QUALITY CENTRO DE SAUDE E ESTETICA,08,20240704,20240201,SE,3145
53759811,0001,1,UNDERGROUND PRIVATE,02,20240201,20240201,SP,7227
53765692,0001,1,TAVARES SILVA ASSESSORIA ESPORTIVA,08,20240614,20240201,PE,2491
53770009,0001,1,INVICTUS,02,20240202,20240202,MG,4903
53772628,0001,1,ACADEMIA XPOWER,02,20240202,20240202,BA,3895
53788118,0001,1,STRONG ACADEMIA,02,20240203,20240203,RO,0003
53793797,0001,1,R & K FITNESS E SAUDE,02,20240205,20240205,PA,0401
53819823,0001,1,ACADEMIA FITNESS CLUB,02,20240206,20240206,RN,1717
07594978,0589,2,,02,20240206,20240206,SP,7107
53820694,0001,1,MEU STUDIO PERSONAL TRAINING,08,20251218,20240206,SC,8105
53823337,0001,1,ACADEMIA PLLENA FORMA,02,20240206,20240206,RS,8559
53826769,0001,1,EXTREME STUDIO - SAUDE E PERFORMANCE,02,20240206,20240206,RJ,5805
53833749,0001,1,ACADEMIA ELITE,02,20240207,20240207,SP,2943
53833924,0001,1,CF VALE ENCANTADO ACADEMIA,02,20240207,20240207,ES,5703
53838169,0001,1,,02,20240207,20240207,SP,6921
53840764,0001,1,HIDRO FITNESS,02,20240207,20240207,MG,4965
53851966,0001,1,CJR PERSONAL,02,20240208,20240208,MG,4133
53852028,0001,1,ACADEMIA TOTAL FITNESS,02,20240208,20240208,GO,9445
53852748,0001,1,,02,20240208,20240208,RS,8781
53855860,0001,1,LIONS FITNESS,02,20240208,20240208,MA,0937
53865139,0001,1,CULTURAL PILATES,02,20240208,20240208,SC,8357
53869512,0001,1,ACADEMIA VIPPER STORE FITNESS,02,20240209,20240209,PB,2169
53875961,0001,1,CROSS CAJAMAR,08,20251008,20240209,SP,6285
53879671,0001,1,,02,20240209,20240209,SP,7107
53881895,0001,1,STEP UP,02,20240209,20240209,RS,8749
53885651,0001,1,BKFIT,02,20240210,20240210,CE,9855
53903215,0001,1,,08,20241211,20240214,SP,7107
53906261,0001,1,ENERGYCORE,02,20240214,20240214,SC,8107
53907452,0001,1,JEM TREINAMENTO FISICO,02,20240214,20240214,RS,8801
53908159,0001,1,REIKI PILATES,02,20240214,20240214,PR,7691
53909067,0001,1,R A HIGH PERFORMANCE,02,20240214,20240214,SP,7107
53934492,0001,1,STUDIO VIDA FITNESS,02,20240216,20240216,GO,9373
53934767,0001,1,FAGUNDES CROSS,02,20240216,20240216,BA,3515
53936056,0001,1,,02,20240216,20240216,PR,7563
53938750,0001,1,PRO FITNESS ACADEMIA PENAPOLIS,02,20240216,20240216,SP,6847
53955562,0001,1,DGM EDUCARE,02,20240219,20240219,RJ,5865
53967319,0001,1,LF CENTRO DE TREINAMENTO,02,20240219,20240219,SP,7245
53978187,0001,1,BIKE AND FLY CAMBUI,02,20240220,20240220,SP,6291
53979022,0001,1,JP PERFORMANCE STUDIO,02,20240220,20240220,MS,9051
53982347,0001,1,,02,20240220,20240220,SP,6529
53984508,0001,1,ACADEMIA CORPORI,02,20240220,20240220,PB,2035
53987527,0001,1,CENTRO DE TREINAMENTO BRUNA BALARIN,02,20240220,20240220,SP,6379
53987757,0001,1,R1 FITNESS UNIDADE KATIA,02,20240220,20240220,GO,9373
53997947,0001,1,,02,20240221,20240221,RS,8399
54001478,0001,1,STUDIO CAMILA CAMPOCI,02,20240221,20240221,SP,6779
54003186,0001,1,CENTRO DE SAUDE E MOVIMENTO PERYCLES FERREIRA LTDA,08,20240610,20240221,PE,2531
54016127,0001,1,SIGNUS PILATES STUDIO,08,20260430,20240222,SP,7075
54019218,0001,1,ACADEMIA HUMAN FIT,02,20240222,20240222,SP,6457
54022420,0001,1,RGF ACADEMIA,02,20240222,20240222,SP,7243
14093043,0002,2,ELEVE STUDIO,02,20240222,20240222,CE,1389
54028813,0001,1,LUDOVICO CROSS TRAINING,02,20240222,20240222,PE,2333
54030543,0001,1,PILATES GINA LIBERATO,02,20240222,20240222,CE,1349
54033649,0001,1,CENTRO DE TREINAMENTO ESPORTIVO GISELLE MEDRADO,02,20240223,20240223,BA,3533
54039053,0001,1,IGOR MELO SAUDE E PERFORMANCE,02,20240223,20240223,RN,1779
54062331,0001,1,LIKE FIT,02,20240226,20240226,CE,1559
54074193,0001,1,GYM RK2 FITNESS,02,20240226,20240226,CE,1389
54079435,0001,1,BLACK EAGLE TRAINING CENTER,02,20240227,20240227,SP,6929
54083354,0001,1,FITLIFE PASSO DOS FORTES,02,20240227,20240227,SC,8081
05239361,0019,2,,02,20240227,20240227,SP,7107
54090079,0001,1,CHAPADA C F,08,20250829,20240227,GO,9211
54091894,0001,1,BRASIL ARENA BEACH CAMBE,02,20240227,20240227,PR,7471
54092306,0001,1,CT SQUADRAO FLAVIODANTAS,02,20240227,20240227,RN,1619
54093298,0001,1,ACADEMIA CORPO EM ACAO,02,20240227,20240227,AL,2785
54098552,0001,1,TEAM JAKKE,02,20240227,20240227,SC,8039
54103763,0001,1,,02,20240228,20240228,SP,6849
54120479,0001,1,NUCLEO DE SAUDE PERFORMANCE,02,20240229,20240229,MG,4489
54120655,0001,1,,02,20240229,20240229,SP,6175
54120797,0001,1,PRIME FIT,02,20240229,20240229,PI,1219
54121400,0001,1,SIOLI ED. FISICA,02,20240229,20240229,RJ,5865
54127942,0001,1,LIFE MATRIZ ACADEMIA,02,20240229,20240229,PB,2051
54127983,0001,1,JANFITNESS ACADEMIA,02,20240229,20240229,CE,1331
54131312,0001,1,,08,20260312,20240229,MG,4003
54131953,0001,1,,08,20240507,20240229,MA,0921
54137064,0001,1,PUCCI PREPARACAO FISICA,02,20240229,20240229,SP,7107
54142072,0001,1,PANOBIANCO IBITINGA,02,20240301,20240301,SP,6493
54144956,0001,1,CENTRO DE TREINAMENTO TROMBETAS,02,20240301,20240301,PA,0505
54146167,0001,1,F. DA COSTA OLIVEIRA EDUCADOR FISICO,02,20240301,20240301,SP,6969
54148893,0001,1,CW ACADEMIA,02,20240301,20240301,MG,4399
54151614,0001,1,STARBEAT ACADEMIA,02,20240301,20240301,SP,6941
07594978,0601,2,,02,20240304,20240304,AC,0139
54171701,0001,1,WO ACADEMIA,02,20240304,20240304,PI,1219
54173748,0001,1,,02,20240304,20240304,SP,7107
54174074,0001,1,,02,20240304,20240304,SP,7107
54175656,0001,1,,02,20240304,20240304,PR,7935
54195074,0001,1,MOVIMENTO DELAS,02,20240305,20240305,MS,9051
53862296,0001,1,ACADEMIA HOME GYM,02,20240208,20240208,PR,7923
54209260,0001,1,ACADEMIA IN SHAPE,02,20240306,20240306,SC,8117
54223923,0001,1,ACTUS ACADEMIA,02,20240307,20240307,PA,0443
54225158,0001,1,A FIRMA MUSCULACAO PERSONALIZADA,02,20240307,20240307,PR,7481
24921465,0073,2,,02,20240307,20240307,GO,9571
54232166,0001,1,VS GOLD SHANGRI-LA,02,20240307,20240307,PR,7667
54233364,0001,1,BONIN FISIOTERAPIA E MOVIMENTO EM EVIDENCIA,02,20240307,20240307,SC,8291
54237785,0001,1,BELL'A FORMA ACADEMIA,08,20241127,20240307,MS,9051
54249624,0001,1,,02,20240308,20240308,ES,5647
54250291,0001,1,,02,20240308,20240308,MA,0929
54258189,0001,1,VA STUDIO FUNCIONAL TRAINER,02,20240309,20240309,ES,5663
54273429,0001,1,GRAN FITNESS,02,20240311,20240311,GO,9425
54274168,0001,1,PILATES RAYANE CORDEIRO,02,20240311,20240311,PB,2117
54282354,0001,1,IF GYM,02,20240312,20240312,CE,1559
54294729,0001,1,ORION FIT ACADEMIA,02,20240312,20240312,MG,5413
54295452,0001,1,,02,20240312,20240312,SP,7107
54303294,0001,1,EVOFIT STUDIO,02,20240313,20240313,MG,5371
54310987,0001,1,,02,20240313,20240313,MG,4633
54313076,0001,1,MEGABEACH,02,20240313,20240313,CE,1373
41796468,0002,2,,02,20240314,20240314,SP,6477
54321627,0001,1,ACADEMIA VIVA+,02,20240314,20240314,BA,3963
54327908,0001,1,SALUS,08,20260209,20240314,RJ,6001
54329525,0001,1,TH STUDIO PILATES,02,20240314,20240314,PR,5453
54340665,0001,1,CELSO RICARDO STUDIO PERSONAL,02,20240315,20240315,PR,7769
54341063,0001,1,ALIANCA FITNESS,02,20240315,20240315,GO,9227
10819904,0002,2,ACADEMIA LEAO GYM,02,20240315,20240315,AM,0213
54073121,0001,1,,02,20240226,20240226,ES,5703
54095729,0001,1,,02,20240227,20240227,PE,2531
54352655,0001,1,OLYMPIA FITINESS ITZ,02,20240316,20240316,MA,0803
54372709,0001,1,ADRIELLY CROSS TRAINING,02,20240318,20240318,GO,9437
54382464,0001,1,ALEXIA ALVES ACADEMIA,02,20240319,20240319,SP,6425
54392985,0001,1,FLAMMA CF,02,20240319,20240319,SP,7107
54396986,0001,1,INOVAFIT,02,20240320,20240320,CE,1411
54398632,0001,1,,02,20240320,20240320,SP,7145
54406793,0001,1,LADIES COMBAT,02,20240320,20240320,ES,5705
54414450,0001,1,FIT GIRLS UMUARAMA,02,20240321,20240321,PR,7935
54417277,0001,1,ACADEMIA CIDADE DUTRA,02,20240321,20240321,SP,7107
54420219,0001,1,ML PILATES,02,20240321,20240321,MA,0833
54425967,0001,1,LIFE STUDIO,02,20240321,20240321,PR,7921
54432630,0001,1,PANOBIANCO WASHINGTON LUIS,02,20240322,20240322,SP,6291
54433786,0001,1,VERTEBRARE,02,20240322,20240322,SE,3105
54444204,0001,1,,02,20240322,20240322,SP,7151
54444614,0001,1,ESTUDIO FUNCIONAL A Z,02,20240322,20240322,PR,7435
54444704,0001,1,ACADEMIA IMPPERIUM FIT,02,20240322,20240322,MG,5425
54473752,0001,1,ACADEMIA TITANIUM,02,20240326,20240326,RN,1743
54474692,0001,1,A S G COMPANY,02,20240326,20240326,MG,0632
54478132,0001,1,,02,20240326,20240326,PA,0369
25131345,0002,2,VIP ACADEMIA,02,20240326,20240326,MG,4901
54486524,0001,1,GERBER ACADEMIA,02,20240326,20240326,SC,8327
54488188,0001,1,ESTACAO FITNESS,02,20240326,20240326,SP,7145
54490959,0001,1,CENTRO DE TREINAMENTO XBODY,02,20240327,20240327,RJ,2921
54491123,0001,1,,02,20240327,20240327,RJ,5919
54491232,0001,1,REVIVER STUDIO DE PILATES,02,20240327,20240327,MG,4185
54491343,0001,1,,02,20240327,20240327,MG,5035
54492979,0001,1,Z3,02,20240327,20240327,SP,6921
54496142,0001,1,LIFE ESTUDIO PERSONAL,04,20260521,20240327,ES,5655
54500618,0001,1,,02,20240327,20240327,SP,7107
51323330,0002,2,LIFE ACADEMIA E BEM ESTAR,02,20240327,20240327,PR,7777
54508964,0001,1,,02,20240328,20240328,MG,4643
54512897,0001,1,VERSATT,08,20250822,20240328,SP,7107
54514728,0001,1,POWERGYM,02,20240328,20240328,MA,0246
54514764,0001,1,,02,20240328,20240328,PR,7935
54517946,0001,1,ACADEMIA ESPACO TOP FIT,02,20240328,20240328,PA,0547
54531153,0001,1,DUO RS ASSESSORIA ESPORTIVA,02,20240401,20240401,SP,7157
54535543,0001,1,ACADEMIA XTREMEFIT,02,20240401,20240401,AM,0255
54549255,0001,1,POLE QUEENS,02,20240401,20240401,SP,6969
54559416,0001,1,,02,20240402,20240402,SP,7181
54562760,0001,1,WORLD FITNESS ACADEMIA,02,20240402,20240402,RJ,5819
54567132,0001,1,STUDIO PERFORMANCE,02,20240402,20240402,SP,7217
54567764,0001,1,CENTRO DE TREINAMENTOS CIRCUITO FUNCIONAL KIDS GH,08,20250905,20240402,ES,5703
54581280,0001,1,,02,20240403,20240403,MG,4417
54588906,0001,1,ACADEMIA POWER FIT,02,20240404,20240404,MG,4123
54593939,0001,1,ZMOTION EMS,08,20251009,20240404,MG,4147
54594108,0001,1,G10 PERFORMANCE E SAUDE,02,20240404,20240404,SP,6823
54595881,0001,1,ALTA FIT ACADEMIA,02,20240404,20240404,RN,1759
54596410,0001,1,STUDIO DE PILATES MARILIA NUNES,02,20240404,20240404,GO,9271
54604690,0001,1,MASTER FIT,02,20240404,20240404,MA,0174
26159729,0002,2,ACADEMIA GO HEALTH,08,20250508,20240405,RJ,6001
54613052,0001,1,CROSS HERO,02,20240405,20240405,ES,5625
54619160,0001,1,ACADEMIA EQUILIBRIO UNIDADE II,02,20240405,20240405,MG,4857
54125947,0001,1,FITNESS CENTER- FENIX ACADEMIA,02,20240229,20240229,PA,0433
48612005,0002,2,BASEPRO,08,20250529,20240407,SC,8081
54632909,0001,1,,02,20240408,20240408,SP,7107
54640667,0001,1,,02,20240408,20240408,SP,7107
54641446,0001,1,DREUX CONSULTORIA,02,20240408,20240408,RJ,6001
54647849,0001,1,,02,20240409,20240409,MG,4819
54650794,0001,1,IMPERIO FITNESS,02,20240409,20240409,BA,3413
54654489,0001,1,,02,20240409,20240409,SP,7099
54654916,0001,1,ARMS TRAINNING,02,20240409,20240409,RS,8839
54658558,0001,1,,02,20240409,20240409,MG,4371
54660784,0001,1,SPACE FITNESS ACADEMIA,02,20240409,20240409,MG,4623
54668855,0001,1,IMPULSE RUNNERS,02,20240410,20240410,MG,4371
54671462,0001,1,PURE PILATES,02,20240410,20240410,BA,3849
54671605,0001,1,EDY ESPACO SAUDE & LAZER,02,20240410,20240410,BA,3889
54673189,0001,1,RODRIGO BRAZ PERSONAL TRAINER,02,20240410,20240410,SP,7107
54675511,0001,1,FORMA E ESTILO,02,20240410,20240410,SP,7107
54678733,0001,1,BRAVE SPINNING,02,20240410,20240410,RS,8667
54685667,0001,1,SKYFIT RONDONOPOLIS,02,20240411,20240411,MT,9151
54686672,0001,1,RED GYM,02,20240411,20240411,SP,6499
54690535,0001,1,DEISY'S GYM - CENTRO DE TREINAMENTO,02,20240411,20240411,RO,0013
54692665,0001,1,BLACK FIT,02,20240411,20240411,TO,0167
54695451,0001,1,BAXIM STRONG,02,20240411,20240411,ES,5625
54698719,0001,1,HEXUS CENTRO DE TREINAMENTO,02,20240411,20240411,SC,5537
54705085,0001,1,MOVEMENT FITNESS STUDIO,02,20240412,20240412,BA,3445
54706284,0001,1,MYSORE BSB,02,20240412,20240412,DF,9701
54707972,0001,1,META ACADEMIA,02,20240412,20240412,CE,1395
54730081,0001,1,LIVENESS STUDIO PERSONAL,02,20240415,20240415,SC,8165
54743941,0001,1,ACADEMIA AQUARIUS FITNESS,02,20240416,20240416,SP,7107
54747757,0001,1,BODY FIT,02,20240416,20240416,PI,1127
54750180,0001,1,MASTERFIT,02,20240416,20240416,RJ,5875
54756764,0001,1,AC TREINAMENTO FEMININO,02,20240416,20240416,SC,8179
54765244,0001,1,,02,20240417,20240417,SP,6929
54766871,0001,1,POWER UP ACADEMIA,02,20240417,20240417,SP,7135
54774139,0001,1,,02,20240417,20240417,AL,2705
54776891,0001,1,HOPE CROSS,02,20240417,20240417,SP,6877
54781896,0001,1,CARINA BRUM HEALTH TRAINER,08,20250828,20240418,SC,8081
54783926,0001,1,MS STUDIO DE PILATES,02,20240418,20240418,SP,7107
17778111,0002,2,BIOFITNESS,02,20240418,20240418,SP,6227
54806536,0001,1,,02,20240419,20240419,MT,9151
54807701,0001,1,FISIOLIFE PILATES,02,20240419,20240419,PE,2399
54809817,0001,1,,02,20240419,20240419,SP,7143
54811669,0001,1,,02,20240419,20240419,SC,8367
54833571,0001,1,WM FIT,02,20240422,20240422,MT,9871
54834051,0001,1,AS STUDIO FITNESS,02,20240422,20240422,MG,4279
54836890,0001,1,STUDIO IMPERIO FITNNES,02,20240422,20240422,AL,2799
54845502,0001,1,MAT MARTINEZ PERSONAL,08,20250512,20240423,SP,7107
54862631,0001,1,ESTUDIO EVOLUTION,02,20240424,20240424,RJ,6001
54874372,0001,1,ACADEMIA TOP GYM FITNESS,02,20240424,20240424,BA,3371
54874913,0001,1,ESTUDIO 4 PILATES E FUNCIONAL,02,20240424,20240424,SP,7225
46146962,0002,2,R2L - A FORMULA DO MOVIMENTO,02,20240425,20240425,RJ,5925
54892712,0001,1,STUDIO DE PILATES SINERGIA,08,20240723,20240425,RS,8589
50109890,0003,2,,02,20240426,20240426,SP,7083
54906712,0001,1,PIMENTA FITNESS,02,20240426,20240426,GO,1052
54908346,0001,1,ERGOMENTALIA,02,20240426,20240426,GO,9373
54923822,0001,1,BRENDA BOM TREINAMENTO FISICO,02,20240429,20240429,RS,8721
54924640,0001,1,FELIPE OLINO ASSESSORIA ESPORTIVA E NUTRICAO,02,20240429,20240429,SP,7107
54927415,0001,1,CAIO CORREIA PERSONAL CONSULT LTDA,08,20241205,20240429,SP,6177
54928414,0001,1,19/15 CROSSFIT,02,20240429,20240429,RS,8729
54930983,0001,1,GINASTICA TEXACO,02,20240429,20240429,SP,6477
54942402,0001,1,,02,20240430,20240430,MG,4123
54948927,0001,1,PRACAFIT,02,20240430,20240430,SP,6213
54958233,0001,1,MAROMBA FITNESS,02,20240501,20240501,BA,3429
54965712,0001,1,QUINTAL DO ELKER,02,20240502,20240502,MS,9051
54976830,0001,1,PEDRO TRINDADE PERFORMANCE TRAINING,02,20240502,20240502,RS,8841
54976882,0001,1,FLEXIVITA PILATES,02,20240502,20240502,PR,7535
54980709,0001,1,HYPE SAUDE INTEGRADA,02,20240502,20240502,SC,8121
54983063,0001,1,UP CROSS TRAINING,02,20240503,20240503,MT,9777
41921877,0002,2,ESPACO SAUDE RJ,08,20260331,20240503,MS,9073
54993411,0001,1,B M CROSS,02,20240503,20240503,MA,0921
54188985,0001,1,,02,20240305,20240305,SP,6953
55014371,0001,1,LM TREINOS PERSONALIZADOS,02,20240506,20240506,MG,4123
55019090,0001,1,GO NOW VILA MADALENA,02,20240506,20240506,SP,7107
55020031,0001,1,ORANGE ACADEMIA,02,20240506,20240506,SP,7107
55024712,0001,1,VIBE FIT,02,20240507,20240507,MG,4301
55031795,0001,1,TOP GYM,02,20240507,20240507,PR,7943
55043644,0001,1,SPACE FRANCA,02,20240508,20240508,SP,7221
55046873,0001,1,DANI PERSONAL,08,20251112,20240508,SP,7107
55052434,0001,1,ACADEMIA MOOVE 262,08,20250825,20240508,MG,4977
55055871,0001,1,,02,20240508,20240508,PR,7691
55058054,0001,1,EVOK ACADEMIA,02,20240508,20240508,PB,1965
55058608,0001,1,ACADEMIA DNA 3G,02,20240508,20240508,SP,6477
55077660,0001,1,,02,20240510,20240510,RS,8955
55080780,0001,1,ESPACO SAUDE,02,20240510,20240510,RJ,5819
55084996,0001,1,ACADEMIA EVOLUTION,02,20240510,20240510,PR,7927
55085029,0001,1,GUERRAFIT,02,20240510,20240510,PB,2045
55089576,0001,1,SG POWER FITNESS,02,20240510,20240510,PE,2469
55097311,0001,1,ACADEMIA BODY FIT,02,20240513,20240513,PI,2269
55097785,0001,1,STUDIO ATRIO,02,20240513,20240513,SP,6289
55098516,0001,1,,02,20240513,20240513,RS,8801
55102166,0001,1,A.SCHUTZ LTDA,02,20240513,20240513,SC,8233
55103756,0001,1,STUDIO CORPO & PERFORMANCE,02,20240513,20240513,RJ,5837
55109535,0001,1,CARLOS FERREIRA TREINAMENTO PERSONALIZADO,02,20240513,20240513,MG,4123
55111241,0001,1,ENS TRAINING,02,20240513,20240513,PE,2571
55117855,0001,1,AQUAVIBE,02,20240514,20240514,RJ,6001
55120712,0001,1,STUDIO R1,02,20240514,20240514,PR,7885
52493049,0002,2,,02,20240515,20240515,PE,2357
55136775,0001,1,ONFIT ACADEMIA,02,20240515,20240515,PE,2323
54406868,0001,1,,02,20240320,20240320,SC,8053
54314425,0001,1,SELFIT,02,20240313,20240313,PE,2589
55148321,0001,1,INSANO HYROX,08,20241104,20240516,PE,2531
55159197,0001,1,GUERRA BROTHERS,02,20240516,20240516,SP,7057
55161883,0001,1,CT FUNCIONAL,02,20240516,20240516,PE,2457
55165470,0001,1,STUDIO PILATES DANIELA FERNANDA,02,20240516,20240516,PR,7667
55173176,0001,1,LCP ACADEMIA DE CROSSTRAING,02,20240517,20240517,SP,7181
55173662,0001,1,BLACK FIT ACADEMIA ACESSORIA ESPORTIVA,02,20240517,20240517,MA,0857
55175824,0001,1,,02,20240517,20240517,SP,7107
55176854,0001,1,COMPLEXO ESPORTIVO E LAZER ARENA STEEL BULLS,02,20240517,20240517,DF,9701
55187624,0001,1,,02,20240520,20240520,RJ,5919
55197584,0001,1,,02,20240520,20240520,SP,7107
55197823,0001,1,NOIXFIT&SPORT,02,20240520,20240520,SP,7075
55203840,0001,1,JK ACADEMIA,02,20240520,20240520,PE,2527
55216646,0001,1,S/A ACADEMIA,02,20240521,20240521,AC,0145
55226572,0001,1,,08,20250627,20240522,RN,1761
55229141,0001,1,******,02,20240522,20240522,SC,8055
55234764,0001,1,POWER FITNESS OURO PRETO,02,20240522,20240522,MG,4921
39607252,0002,2,ACADEMIA STAYFIT,08,20260302,20240522,PE,2419
37821213,0002,2,,08,20251104,20240523,CE,1389
55246098,0001,1,EMAR TREINAMENTO INTEGRADO,02,20260324,20240523,RN,1603
55247952,0001,1,,02,20240523,20240523,MG,4331
55256933,0001,1,,02,20240523,20240523,SP,7107
55258824,0001,1,TRIADE DA SAUDE,08,20260123,20240523,SP,7107
55259422,0001,1,ACADEMIA SUPERACAO,02,20240523,20240523,PA,0415
55269167,0001,1,,02,20240524,20240524,SP,6475
55273753,0001,1,,02,20240524,20240524,RS,9823
55288403,0001,1,,02,20240527,20240527,SP,7107
55303144,0001,1,EJ EXAMES A DOMICILIO,02,20240528,20240528,SP,7107
55303930,0001,1,,08,20260422,20240528,SP,7097
55308899,0001,1,,02,20240528,20240528,MT,8985
55310786,0001,1,STUDIO DE ACADEMIA R N SPARTAN LTDA,02,20240528,20240528,AM,0211
55312590,0001,1,FM TREINAMENTO,02,20240528,20240528,PR,7535
55321565,0001,1,IBITIFIT,02,20240529,20240529,MG,5187
55322273,0001,1,LDBSUCENA,02,20240529,20240529,GO,9373
55326640,0001,1,STUDIO ESSENCE PILATES,02,20240529,20240529,MG,4763
55329613,0001,1,,02,20240529,20240529,RJ,5909
55344178,0001,1,PROACTIVE PILATES,02,20240531,20240531,MG,5403
55348614,0001,1,STUDIO DE PILATES ANNA JULIA MAGALHAES,02,20240531,20240531,PA,0447
55359084,0001,1,CT RODRIGO SANTOS,02,20240603,20240603,BA,3399
55369040,0001,1,THE FITNESS,02,20240603,20240603,CE,1389
55379724,0001,1,LR FITNESS SPORTS ASSESSORIA ESPORTIVA,02,20240604,20240604,SP,7107
55380517,0001,1,,02,20240604,20240604,SP,6477
55387123,0001,1,VKN CROSSFIT,02,20240604,20240604,SP,6795
55391407,0001,1,,02,20240604,20240604,SP,6313
55398712,0001,1,KATIA APARECIDA OLIVEIRA - KPM,02,20240605,20240605,SP,6361
55399328,0001,1,PATRICK MAIA CENTRO DE TREINAMENTO,02,20240605,20240605,ES,5623
41164891,0004,2,,02,20240605,20240605,CE,1447
55404892,0001,1,ELEVEN GYM CLUB,02,20240605,20240605,MT,9035
55420538,0001,1,OZAWA FIT,02,20240606,20240606,PA,0639
55426796,0001,1,,02,20240606,20240606,SP,7121
55428757,0001,1,,02,20240606,20240606,SP,7107
55431809,0001,1,FORT FISIO,02,20240606,20240606,PA,0415
55435789,0001,1,,08,20251105,20240607,PB,2051
55437780,0001,1,BRAVOS ASSESSORIA ESPORTIVA,02,20240607,20240607,RJ,5853
51901180,0002,2,,08,20260212,20240610,MA,0206
55462556,0001,1,ESTUDIO ESTACAO DA SAUDE,02,20240610,20240610,PE,2447
55466252,0001,1,,02,20240610,20240610,PR,7535
55468068,0001,1,STUDIO UP ACADEMIA,02,20240610,20240610,MS,9051
55469204,0001,1,,02,20240610,20240610,SC,8233
55474144,0001,1,ENERGY FITNESS ACADEMIA,02,20240611,20240611,PA,0427
55480736,0001,1,,02,20240611,20240611,MG,4959
55481656,0001,1,PERSONAL FAMILY,02,20240611,20240611,SP,6897
55493869,0001,1,ACADEMIA IRONSHAPE,02,20240612,20240612,RS,1160
18442885,0015,2,LIVE ACADEMIA,02,20240612,20240612,AM,0255
55501079,0001,1,SMILE FIT ACADEMIA,02,20240612,20240612,SP,7107
55505450,0001,1,SKYFIT DIC CAMPINAS,02,20240612,20240612,SP,6291
55518812,0001,1,,02,20240613,20240613,PR,7691
55521432,0001,1,T4 FITNESS,02,20240613,20240613,CE,1373
55526618,0001,1,,02,20240614,20240614,SP,7107
55535669,0001,1,METODOLOGIA BODYPRIME,08,20260513,20240614,CE,1389
55541541,0001,1,FEIRA FITNESS JARDIM EUROPA,02,20240615,20240615,BA,3515
55158825,0001,1,COMPANY SAUDE,02,20240516,20240516,SP,7107
55548520,0001,1,STUDIO FITNESS PRISCILA MARTINS,02,20240617,20240617,MG,4045
55557488,0001,1,AEROMOVVE,02,20240617,20240617,RJ,5847
55561085,0001,1,,02,20240617,20240617,SP,7107
55561452,0001,1,ATM FIT,02,20240617,20240617,MG,0644
54244143,0001,1,OLIMPO ACADEMIA,02,20240308,20240308,PR,7633
55583289,0001,1,SKYFIT MATAO,02,20240618,20240618,SP,7149
55590190,0001,1,AREA CORPUS TREINOS E PERFORMANCE,02,20240619,20240619,TO,0341
55598326,0001,1,TRIAD ACADEMIA,02,20240619,20240619,PI,1211
55601013,0001,1,JOSE WILLIAM PSICOMOTRICISTA,02,20240619,20240619,PE,2491
55601631,0001,1,ACADEMIA MASTER GYM,02,20240619,20240619,MT,1034
55602756,0001,1,DEXA ACADEMIA,02,20240619,20240619,PE,2401
55603404,0001,1,STUDIO VANESSA PEREIRA,02,20240619,20240619,SP,7221
40979688,0002,2,,02,20240620,20240620,RS,7301
55611585,0001,1,FLAVIO AUGUSTO PERSONAL,02,20240620,20240620,MG,4123
55622192,0001,1,PLANTAO FITNESS LTDA,02,20240621,20240621,BA,3827
55634574,0001,1,ACADEMIA ARENA FITT,02,20240621,20240621,BA,3965
55644352,0001,1,BOX ONE LIFE,02,20240624,20240624,RN,1711
55082864,0001,1,STUDIO TATA EMPREENDIMENTOS,02,20240510,20240510,MG,4553
55514874,0001,1,ACADEMIA BLISS FIT,02,20240613,20240613,RR,0301
55236337,0001,1,,02,20240522,20240522,MA,0921
55680542,0001,1,,08,20250410,20240626,ES,5629
55698156,0001,1,TARSILA DUARTE PERSONAL TRAINER,02,20240626,20240626,PB,2051
24921465,0082,2,,02,20240627,20240627,TO,9385
55713161,0001,1,STUDIO CONECT PILATES,02,20240627,20240627,BA,3965
55716798,0001,1,SET FITNSS ACADEMIA,02,20240628,20240628,PI,1109
55719336,0001,1,SBJ FITNESS,02,20240628,20240628,MA,0937
55723034,0001,1,EMPIRE GYM,02,20240628,20240628,MG,4165
55744582,0001,1,LIFE FIT ACADEMIA,02,20240701,20240701,RN,1765
55746913,0001,1,EPULSE MOEMA,02,20240701,20240701,SP,7107
55754215,0001,1,,02,20240701,20240701,SP,7107
55759576,0001,1,ESSENCE PILATES,02,20240702,20240702,GO,9373
55759643,0001,1,STUDIO DE ATIVIDADES FISICAS TATIANA ALMEIDA,02,20240702,20240702,PB,2051
55761195,0001,1,STUDIO M ACADEMIA,02,20240702,20240702,PB,2155
55766395,0001,1,MAKENZY TV,02,20240702,20240702,SP,6547
24921465,0084,2,,02,20240702,20240702,SP,6249
55777883,0001,1,,02,20240703,20240703,SP,6137
55796778,0001,1,WILLIAM SANTOS SERVICOS DE TREINAMENTO FISICO,02,20240704,20240704,SP,6639
55816038,0001,1,ACADEMIA IMPACTO,02,20240705,20240705,GO,9539
55818052,0001,1,R73 ACADEMIA,02,20240705,20240705,BA,3811
55825290,0001,1,THAIS R. FIGUEIREDO PERSONAL TRAINER,02,20240705,20240705,SP,7047
55838622,0001,1,STUDIO DE MUSCULACAO,08,20250614,20240708,MG,4123
55844648,0001,1,ACADEMIA FORTGYM,08,20260612,20240708,MA,0921
55845131,0001,1,PUSH FITNESS,02,20240708,20240708,PB,2039
55851375,0001,1,SMARTBUILDGYM ACADEMIA,02,20240709,20240709,RJ,5911
55852473,0001,1,SILVA GYM,02,20240709,20240709,RJ,5865
55854346,0001,1,COACH CAMARGO,08,20260414,20240709,PR,7885
55855251,0001,1,ACADEMIA ESPACO FITNESS,02,20240709,20240709,PI,0288
55861054,0001,1,,02,20240709,20240709,MG,5427
55862339,0001,1,,02,20240709,20240709,SC,8163
55866823,0001,1,CT FITLIFE,08,20251215,20240710,SP,7057
55866869,0001,1,Q2 ACADEMIA,02,20240710,20240710,CE,1447
58410341,0009,2,,02,20240710,20240710,MA,0921
31834358,0008,2,EVOQUE ACADEMIA - VALO VELHO,02,20240710,20240710,SP,7107
55876100,0001,1,UP LIFE,02,20240710,20240710,RJ,5833
55880233,0001,1,,02,20240710,20240710,SP,7107
55883783,0001,1,BIO UP TREINAMENTO PERSONALIZADO E CONSULTORIA FITNESS,02,20240710,20240710,SP,6477
55888962,0001,1,JK TEAM CONSULTORIA ESPORTIVA,02,20240711,20240711,PR,7751
55894047,0001,1,STUDIO R.7 PILATES LTDA,02,20240711,20240711,SP,6377
55894607,0001,1,,02,20240711,20240711,RS,8651
55897621,0001,1,FORFITNESS STUDIO DE PILATES,02,20240711,20240711,MG,4675
55898185,0001,1,GC CONSULTORIA E TREINAMENTO PERSONALIZADO,02,20240711,20240711,AM,0255
55902463,0001,1,DS TRAINING LTDA,02,20240712,20240712,SP,7107
55907311,0001,1,HD FIT,02,20240712,20240712,RN,1779
55908027,0001,1,STUDIO VELOCITY FLORIANOPOLIS,02,20240712,20240712,SC,8105
55911582,0001,1,UNIAO GYM,02,20240712,20240712,SP,7107
54493436,0001,1,FLEX GYM ARAPONGAS,02,20240327,20240327,PR,7427
31834358,0012,2,EVOQUE ACADEMIA HOMERO THON,02,20240715,20240715,SP,7057
55931047,0001,1,STUDIO MOVEMENT,02,20240715,20240715,GO,9419
55932534,0001,1,ESPACO LARANJEIRAS,02,20240715,20240715,RJ,6001
36635227,0002,2,ACADEMIA ALTA PERFOMANCE,02,20240716,20240716,RN,1793
55948607,0001,1,,02,20240716,20240716,SC,8227
55963999,0001,1,,02,20240717,20240717,SC,8355
55965104,0001,1,,08,20240904,20240717,CE,1373
55968459,0001,1,BOA FORMA ACADEMIA,02,20240717,20240717,RJ,5885
55969193,0001,1,OPEN STUDIO,02,20240717,20240717,MG,4365
55970458,0001,1,UP FITNESS,02,20240717,20240717,BA,3957
55980578,0001,1,AR TREINAMENTO,02,20240718,20240718,DF,9701
55985404,0001,1,STUDIO VOLL,02,20240718,20240718,SP,6789
55994086,0001,1,JAPAN ACADEMIA PARINTINS,02,20240718,20240718,AM,0269
22125234,0011,2,,02,20240719,20240719,SP,7145
40371439,0002,2,,02,20240719,20240719,RJ,6001
56018988,0001,1,,03,20240908,20240722,AL,2785
56024941,0001,1,LS TREINAMENTO FUNCIONAL,02,20240722,20240722,SP,6581
56032364,0001,1,NORTH BE MOVE,02,20240722,20240722,MG,4079
56034016,0001,1,ACADEMIA DE SIPALKI-DO - ARTE MARCIAL COREANA JEONGDO,02,20240722,20240722,AM,0261
56037717,0001,1,SMART TECH ACADEMIAS,02,20240723,20240723,BA,3965
20680982,0002,2,ATITUDE FITNESS,02,20240723,20240723,RJ,5867
56057133,0001,1,,02,20240724,20240724,MA,0130
56060884,0001,1,T2G CROSS TRAINING,02,20240724,20240724,SP,6427
56061441,0001,1,JOBERT BRASIL PERSONAL,02,20240724,20240724,MA,0897
56061900,0001,1,ACADEMIA REFIT,02,20240724,20240724,MG,4673
56063673,0001,1,WT STUDIO PERSONAL TRAINER,02,20240724,20240724,MG,4877
56083416,0001,1,F. A. TREINAMENTO FUNCIONAL,02,20240725,20240725,MS,9043
56086951,0001,1,STUDIO MOVE MENT,02,20240725,20240725,SP,6477
56087058,0001,1,,02,20240725,20240725,SP,7107
56087244,0001,1,STUDIO ZN PILATES,02,20240725,20240725,RJ,6001
56088559,0001,1,ACADEMIA IRON FITNESS,02,20240725,20240725,BA,3415
56097225,0001,1,JR GUEDES ACADEMIA,02,20240726,20240726,CE,1389
24921465,0090,2,,02,20240726,20240726,AC,0139
29194336,0002,2,STUDIO FITNESS CENTRO DE TREINAMENTO,08,20250506,20240726,RS,8685
56102223,0001,1,ESPACO MOVIMENTO FITNESS,02,20240726,20240726,PE,2521
56103691,0001,1,BOX 54 STUDIO FUNCIONAL,02,20240726,20240726,SP,7107
56103738,0001,1,IMPACTO GYM,02,20240726,20240726,GO,9993
56105303,0001,1,PROHIT ACADEMIA,02,20240726,20240726,MG,5343
56116793,0001,1,,02,20240727,20240727,AP,0603
56116915,0001,1,PHYSICAL TRAINING AND HEALTH,02,20240727,20240727,MA,0921
56121686,0001,1,RW FITNESS,02,20240729,20240729,SP,6477
56123929,0001,1,STUDIO 212,02,20240729,20240729,MG,5401
56126690,0001,1,JESSICA ROCHA STUDIO PILATES,02,20240729,20240729,SC,8367
56130819,0001,1,CHERNOBYL ACADEMY,02,20240729,20240729,RJ,0774
07594978,0623,2,,02,20240730,20240730,AM,0255
56154075,0001,1,STUDIO BIA RUFFO,02,20240730,20240730,PR,7691
56159099,0001,1,FITBOX ANTONINO,02,20240730,20240730,PB,2211
56162042,0001,1,CT ARNOLDO FIT,02,20240730,20240730,RS,8801
56169823,0001,1,BRUNO TORBITONI CONSULTORIA ESPORTIVA LTDA,02,20240731,20240731,SP,7047
56175131,0001,1,BBETTER,02,20240731,20240731,SP,6291
56176546,0001,1,ACADEMIA MEGA FORCE II,02,20240731,20240731,SP,7075
56183730,0001,1,IRON REVOLUTION,02,20240731,20240731,PR,7777
56184982,0001,1,ACADEMIA POWER GYM,02,20240731,20240731,PI,1219
56196922,0001,1,MOTIV-ACAO ESTUDIO FITNESS,02,20240801,20240801,PR,7535
56209290,0001,1,STUDIO FABRICIO BASTOS,02,20240801,20240801,ES,5703
56213215,0001,1,ACADEMIA AD3 BRUSQUE CENTRO II,02,20240801,20240801,SC,8055
56222048,0001,1,,02,20240802,20240802,SP,6469
56223271,0001,1,RED SHAPE ACADEMIA,02,20240802,20240802,PB,2051
56225385,0001,1,,02,20240802,20240802,SP,7107
56236807,0001,1,NICEONE,02,20240802,20240802,SP,7135
56237385,0001,1,,02,20240802,20240802,PR,7541
56245833,0001,1,,08,20241014,20240802,RS,8801
56257866,0001,1,SOLLUS RUN TREINAMENTO,02,20240805,20240805,SP,7075
55911008,0001,1,,02,20240712,20240712,SC,8179
56263073,0001,1,ACADEMIA XTREME FIT,02,20240805,20240805,MT,8985
56295234,0001,1,LIFT STORE FITNESS,02,20240805,20240805,RN,1759
56102560,0001,1,STUDIO'S FORCE,02,20240726,20240726,SC,8005
56301192,0001,1,RACE BOOTCAMP RP,02,20240806,20240806,SP,6969
56303240,0001,1,PV PERFORMANCE,02,20240806,20240806,RJ,6001
56343712,0001,1,,02,20240807,20240807,SP,7107
22653153,0007,2,,02,20240807,20240807,PR,7733
56348802,0001,1,ARNOLD,02,20240807,20240807,PA,0529
55826854,0001,1,,02,20240705,20240705,CE,1389
56392480,0001,1,EMANOEL JONAS PERSONAL,02,20240808,20240808,PI,1153
56416329,0001,1,MARCELO DE CAMARGO CINTRA FRANCO,02,20240808,20240808,SP,7107
56416887,0001,1,GS ACADEMIA,02,20240808,20240808,PR,7683
56422136,0001,1,STUDIO ISA FERRARI PERSONAL TRAINER,02,20240809,20240809,PR,7591
40655934,0003,2,AMERICAN FIT - PARAISOPOLIS,02,20240809,20240809,SP,7107
56429414,0001,1,VICTOR DE OLIVEIRA CONSULTORIA FITNESS,02,20240809,20240809,DF,9701
56431479,0001,1,ACADEMIA AD3 ARARANGUA,02,20240809,20240809,SC,8027
56431559,0001,1,AGUIA CROSS TRAINING,02,20240809,20240809,BA,3775
56480422,0001,1,SKYFIT PIRASSUNUNGA,02,20240812,20240812,SP,6887
56525412,0001,1,,08,20251030,20240812,PR,7493
56544520,0001,1,MF JB ACADEMIA DE GINASTICA,08,20240906,20240812,RS,8801
48992284,0004,2,CENTRO DE TREINAMENTO F SANTOS,02,20240813,20240813,PE,2627
56637562,0001,1,PK SERVICOS E ASSESSORIA,02,20240813,20240813,PI,2277
56659893,0001,1,DJ CENTRO DE TREINAMENTO,02,20240813,20240813,SP,7135
56660951,0001,1,MUSCLEFIT,02,20240813,20240813,SP,6875
56661040,0001,1,WG ACADEMIAS,02,20230814,20230814,DF,9701
56661983,0001,1,,02,20240813,20240813,SP,6251
56687215,0001,1,CTKORPUS,02,20240814,20240814,PR,7885
56729116,0001,1,PULSEFIT ACADEMIA,02,20240814,20240814,MG,5403
56874232,0001,1,CLINICA ESSENCIAL,02,20240816,20240816,PI,1003
56878613,0001,1,CT BRUTUS,02,20240816,20240816,RS,8801
54061793,0001,1,STUDIO MOVIMENTA!,02,20240226,20240226,RS,8841
55873068,0001,1,,02,20240710,20240710,SP,6415
56908690,0001,1,L.A. FITNESS,02,20240819,20240819,SC,8197
56919654,0001,1,SKILL FITNESS,02,20240819,20240819,PE,2333
56938634,0001,1,ACADEMIA SPORTFIT,02,20240820,20240820,BA,3473
56940921,0001,1,,02,20240821,20240821,PR,7885
56943628,0001,1,,02,20240821,20240821,PR,7583
56950195,0001,1,STUDIO RECALL,02,20240821,20240821,RS,8749
56951073,0001,1,PERSONAL ALINE SCHEUER,02,20240821,20240821,SC,8105
56961801,0001,1,,02,20240822,20240822,SP,6619
56962212,0001,1,NEST FIT ACADEMIA,02,20240822,20240822,AP,0605
56965921,0001,1,BLACK ESTUDIO PERSONAL,02,20240822,20240822,PR,7563
56968698,0001,1,AQUILA CROSS TRAINING,02,20240822,20240822,PR,7503
56970563,0001,1,,02,20240822,20240822,SP,6425
56974911,0001,1,,02,20240822,20240822,CE,1321
56975069,0001,1,DOCTOR FIT CAMPO GRANDE,02,20240822,20240822,MS,9051
56977422,0001,1,,02,20240822,20240822,SP,6717
56987408,0001,1,PICO 603,02,20240823,20240823,SP,7107
56988016,0001,1,,02,20240823,20240823,PE,2573
57006316,0001,1,GERACAO SAUDE,02,20240826,20240826,RS,8793
57010073,0001,1,VITAL STUDIO DE PILATES,02,20240826,20240826,SC,8089
44874020,0002,2,,08,20250728,20240826,SC,8359
57019142,0001,1,ANDREA CRISTINA NAVARRO,02,20240826,20240826,SC,8105
57022680,0001,1,,02,20240827,20240827,RS,8499
49541526,0002,2,,02,20240827,20240827,PE,2627
57036227,0001,1,CROSS HUNTER,02,20240827,20240827,ES,5703
57042909,0001,1,ACADEMIA PIONEER FIT,02,20240828,20240828,MG,5067
57044462,0001,1,OLIVEIRA & MONTEIRO SAUDE E BEM-ESTAR,02,20240828,20240828,DF,9701
57070970,0001,1,BRAVEBEAR BOX,02,20240829,20240829,RS,5785
57073778,0001,1,ARENA FITNESS,02,20240829,20240829,TO,9341
57074894,0001,1,,02,20240829,20240829,PR,7789
57086814,0001,1,,02,20240830,20240830,BA,3685
57103580,0001,1,PANOBIANCO TUCURUVI,02,20240902,20240902,SP,7107
57103634,0001,1,,02,20240902,20240902,MG,4553
57106543,0001,1,CTL3,02,20240902,20240902,RJ,6001
53878643,0001,1,EVEN FIT,02,20240209,20240209,SP,7143
57118277,0001,1,SELFIT ANANINDEUA,02,20240902,20240902,PA,0415
57123688,0001,1,CENTRO DE TREINAMENTO STAR FIT,02,20240903,20240903,RS,8799
57123823,0001,1,ACADEMIA MAIS SAUDE 10,02,20240903,20240903,PB,2175
57128458,0001,1,MOVIMENTO E AFETO,02,20240903,20240903,RO,0005
47537354,0002,2,LEONARDO GOMES FITNESS,02,20240903,20240903,RJ,5819
57137330,0001,1,LAZER ATIVO,02,20240903,20240903,MG,5401
57148183,0001,1,,02,20240904,20240904,RJ,5813
54787719,0001,1,AMO ESPORTE,02,20240418,20240418,AL,2785
57151856,0001,1,,02,20240904,20240904,MG,0730
57155945,0001,1,P3 TRAINNER,02,20240904,20240904,RJ,1116
51267563,0001,1,DAILY,02,20230703,20230703,DF,9701
57164442,0001,1,GOODBE JARDINS,02,20240905,20240905,SP,7107
57168990,0001,1,ACADEMIA SUPERCAO,08,20250509,20240905,RJ,5875
55726128,0001,1,ANGEL ACADEMIA,08,20240906,20240628,PA,0427
57184883,0001,1,THEFIT,02,20240906,20240906,BA,3413
57186668,0001,1,WORKOUT STUDIO,02,20240906,20240906,RJ,6001
57201229,0001,1,SKYFIT CEILANDIA,02,20240909,20240909,DF,9701
57203478,0001,1,,08,20260211,20240909,SC,8233
57209411,0001,1,PANOBIANCO - VILA SUISSA,02,20240909,20240909,SP,6713
57213419,0001,1,STUDIO PR,02,20240909,20240909,PB,2117
57221449,0001,1,STUDIO FITNESS,02,20240910,20240910,MT,0117
57230695,0001,1,PRIMICIA PILATES,08,20250815,20240910,SP,7107
57238195,0001,1,PERFORMANCE,02,20240911,20240911,RS,8801
57238217,0001,1,STUDIO MARLON CASTRO PILATES,02,20240911,20240911,ES,5703
57242057,0001,1,STUDIO PILATES DRA FERNANDA NEVES,02,20240911,20240911,MG,5343
57243266,0001,1,GUEDES REABILITACAO LTDA,02,20240911,20240911,SP,7107
57245032,0001,1,,02,20240911,20240911,CE,1411
57245262,0001,1,THAI PILATES STUDIO TRAINING,02,20240911,20240911,GO,9373
57252634,0001,1,,02,20240911,20240911,MG,5035
57256135,0001,1,RJ FIT,02,20240912,20240912,RJ,2911
57256256,0001,1,ACADEMIA DISCOVERY GYM,02,20240912,20240912,PI,1219
05239361,0025,2,,02,20240912,20240912,DF,9701
05239361,0026,2,,02,20240912,20240912,DF,9701
42802640,0002,2,STUDIO BE FITNESS,02,20240912,20240912,SP,6291
57264033,0001,1,CROSSTIME,02,20240912,20240912,GO,9373
57268512,0001,1,CLINICA LUMINI,08,20250818,20240912,BA,3515
57273521,0001,1,POWERFIT,08,20241016,20240913,AL,2879
50010596,0001,1,ACADEMIA PRINCESA FITNESS,02,20230321,20230321,SE,3247
07594978,0631,2,,02,20240913,20240913,BA,3849
21050040,0007,2,LENON FIT,04,20260605,20220926,SP,6213
57278670,0001,1,CORPORALL ACADEMIA,02,20240913,20240913,SP,6291
53259454,0001,1,,02,20231219,20231219,RS,8815
57030353,0001,1,PALOMA SKARLET FISIOTERAPIA E PILATES,02,20240827,20240827,MG,4133
57296728,0001,1,COMPLEX,02,20240916,20240916,MG,4077
57301470,0001,1,,08,20251119,20240916,PE,2381
57310149,0001,1,OXY FITNESS,02,20240916,20240916,SC,8271
57318367,0001,1,MABI PILATES,02,20240917,20240917,RS,8771
57318601,0001,1,MOUV PILATES E FISIOTERAPIA,02,20240917,20240917,SP,6131
57319999,0001,1,ALIVE PRO FITNESS,02,20240917,20240917,MG,4105
52551716,0004,2,B7 BODYFITNESS,02,20240917,20240917,CE,1389
53444582,0002,2,CLINICA TICIANA BRANDAO & STUDIO DE PILATES,02,20240917,20240917,MA,0861
57329092,0001,1,WINFIT,02,20240918,20240918,BA,3849
57338133,0001,1,,02,20240918,20240918,RN,1685
57341396,0001,1,CLAUDINO DE SOUZA E SILVA NETO,02,20240918,20240918,MG,4133
57349622,0001,1,ACADEMIA IMPACTO FIT,02,20240919,20240919,PR,7877
57355007,0001,1,VIA SAUDE ACADEMIAS,02,20240919,20240919,CE,1559
57355082,0001,1,MAGNA FERRO STUDIO FITNESS,08,20251223,20240919,MA,0889
57358445,0001,1,STUDIO FUNCIONAL,02,20240919,20240919,BA,3685
57362443,0001,1,ACADEMIA IMPERIO FITNESS,02,20240919,20240919,AL,2859
57375863,0001,1,ESCOLA DE FUTEVOLEI COQUEIRAO,02,20240920,20240920,RJ,6001
57378490,0001,1,CENTRAL FIT GYM,02,20240920,20240920,PE,2461
57388877,0001,1,FIT BOING ACADEMIA,02,20240923,20240923,MT,0119
57392943,0001,1,,02,20240923,20240923,ES,5629
57398416,0001,1,Z7 PERSONAL STUDIO,02,20240923,20240923,RJ,5811
57399702,0001,1,BJ FIT,02,20240923,20240923,PR,7583
57405999,0001,1,,08,20260528,20240924,RS,8801
57408956,0001,1,,02,20240924,20240924,PR,7521
57410282,0001,1,ATLETICA GYM,02,20240924,20240924,TO,9683
57410801,0001,1,ACADEMIA RRG FIT,02,20240924,20240924,PB,1981
57420334,0001,1,MEGA ACADEMIA,02,20240924,20240924,SP,6795
57425083,0001,1,FORMA FITNESS CENTRO DE TREINAMENTO FISICO,02,20240925,20240925,RO,0011
57440924,0001,1,SAUDE BEM ESTAR,02,20240925,20240925,PE,2531
57442225,0001,1,TOGARMA TREINAMENTO FUNCIONAL,02,20240925,20240925,BA,3117
57108902,0002,2,,02,20240926,20240926,BA,3849
57449713,0001,1,STUDIO SHAYD NATHAN,03,20251118,20240926,GO,9511
57452422,0001,1,AF ASSESSORIA,02,20240926,20240926,BA,3849
48584587,0001,1,FABRICA DAS MONSTRAS,08,20240926,20221110,MS,9051
57453922,0001,1,PERSONAL VIP,02,20240926,20240926,RJ,6001
57462156,0001,1,,02,20240927,20240927,SP,6131
57464276,0001,1,BIASRM FISIOTERAPIA LTDA,02,20240927,20240927,SP,7107
57468891,0001,1,,02,20240927,20240927,SP,6707
57469639,0001,1,D'SAFIT,02,20240927,20240927,TO,9243
57469714,0001,1,,02,20240927,20240927,RS,8791
57471311,0001,1,PILATES AMANDA DANIELA,02,20240927,20240927,SP,6131
20245038,0002,2,ACADEMIA PRO-FORMA PALLADIUM,02,20240927,20240927,SP,6953
57484504,0001,1,STUDIO PERSONAL TRAINER MARCOS AURELIO,02,20240930,20240930,PE,2495
57505715,0001,1,KENFHIS ACADEMIA,02,20241001,20241001,PR,7795
57507309,0001,1,,02,20241001,20241001,SP,7131
57508827,0001,1,BEM ME CUIDO,02,20241001,20241001,PR,7535
57514423,0001,1,NASCIMENTO TREINO E CONSULTORIA ESPORTIVA,02,20241001,20241001,CE,1389
57516100,0001,1,,02,20241001,20241001,MG,4133
57535404,0001,1,POWER FITNESS,02,20241002,20241002,MG,5249
57535728,0001,1,IMPERIOUS FITNESS,02,20241002,20241002,PE,2503
57535976,0001,1,CLUB 21,02,20241002,20241002,MG,4957
57541041,0001,1,97 PERFORMANCE,02,20241003,20241003,CE,1389
57546083,0001,1,,02,20241003,20241003,RJ,6001
57546481,0001,1,SELFIT ARACATI,02,20241003,20241003,CE,1321
57546662,0001,1,OLIMPO GYM,02,20241003,20241003,GO,1058
57551845,0001,1,DEROO FIT,02,20241003,20241003,GO,9403
57559356,0001,1,NS DREAMS,02,20241004,20241004,SP,6477
57560839,0001,1,GF FITNESS,08,20260227,20241004,DF,9701
57562178,0001,1,,02,20241004,20241004,GO,9373
57562651,0001,1,,02,20241004,20241004,SP,6361
57564113,0001,1,STUDIO 13,02,20241004,20241004,BA,3477
57569029,0001,1,OFICINA DO CORPO CENTRO DE TREINAMENTO PERSONALIZADO,02,20241004,20241004,SP,7239
57569886,0001,1,OTIMOS FITNESS,08,20241125,20241004,CE,1447
57377829,0001,1,RENASCIMENTO FIT,02,20240920,20240920,SP,7107
57585734,0001,1,SKY FIT LAGOA DA PRATA ACADEMIA,02,20241007,20241007,MG,4743
57586432,0001,1,,02,20241007,20241007,SP,6201
57592767,0001,1,SAULO B. MACHADO ASSESSORIA ESPORTIVA E PERSONAL,02,20241007,20241007,SP,6969
57446570,0001,1,ACADEMIA PURA MASSA,02,20240926,20240926,BA,3087
57611784,0001,1,,02,20240601,20240601,RN,1669
57612044,0001,1,EVERTON MARTINS STUDIO,08,20250603,20241008,RS,8651
57614138,0001,1,SECA BARRIGA TRAINER,02,20241008,20241008,AM,0241
57621339,0001,1,,02,20241009,20241009,RN,1761
57624829,0001,1,,02,20241009,20241009,SP,7017
57632824,0001,1,STUDIO DE PILATES AVIVAH AMANDA VAZ,02,20241010,20241010,RJ,2921
57634507,0001,1,,08,20251023,20241010,RN,1761
57637459,0001,1,CT LONGATTO,02,20241010,20241010,SP,7041
57641051,0001,1,,02,20241010,20241010,RS,8649
57641411,0001,1,TITANIUM ACADEMIA,02,20241010,20241010,MG,5241
57643508,0001,1,ACADEMIA NEWLIFE,02,20241010,20241010,BA,3689
57645149,0001,1,SS FIT,02,20241010,20241010,MG,4733
47371132,0002,2,ESPACO EQUILIBRIO,02,20241010,20241010,SP,6477
57647483,0001,1,,02,20241010,20241010,PR,7535
57650508,0001,1,GALERIA BOX,02,20241011,20241011,PI,1219
57650961,0001,1,ATLETICA FITNESS,02,20241011,20241011,PB,0540
57652312,0001,1,WG ACADEMIAS,02,20231024,20231024,DF,9701
57667084,0001,1,DOISRDOIS PERSONAL TRAINERS,02,20241013,20241013,RN,1651
57677200,0001,1,STUDIO VITAL - PILATES E YOGA,02,20241014,20241014,SP,7107
54684996,0002,2,TOTAL SAUDE ACADEMIAS,02,20241014,20241014,RN,1741
57681767,0001,1,FISIOSAUDE,02,20241014,20241014,PA,0415
57687390,0001,1,,02,20241015,20241015,ES,5703
57692917,0001,1,ACADEMIA VIBE FIT,02,20241015,20241015,PR,5453
57698369,0001,1,ESSENCIAL FIT,02,20241015,20241015,RJ,5847
57538311,0001,1,PRAXIS CONSULTORIA FITNESS,08,20241023,20241002,RS,8801
57704385,0001,1,,02,20241016,20241016,SP,6921
57704737,0001,1,CT ALISSON ANTONIO,02,20241016,20241016,MG,5049
57708392,0001,1,STUDIO DE PILATES ISABELLA MAYARA,02,20241016,20241016,PE,2327
57717028,0001,1,ACADEMIA BOA FORMA,02,20241016,20241016,BA,3725
57723105,0001,1,PNTRAINER,02,20241017,20241017,DF,9701
54242175,0001,1,VILA,02,20240308,20240308,MG,5427
57724720,0001,1,ACADEMIA CORPO E SAUDE,02,20241017,20241017,DF,9701
57725184,0001,1,ACADEMIA START CLUB,02,20241017,20241017,GO,1058
57729065,0001,1,STUDIO FABRICIA JACINTO,02,20241017,20241017,SC,8061
57732049,0001,1,BROTHERS COMBAT,02,20241017,20241017,BA,3805
57743032,0001,1,ACADEMIA FITNESS,02,20241018,20241018,BA,3419
43928685,0002,2,ANA FISIO PILATES,02,20241018,20241018,BA,3937
57746187,0001,1,,02,20241018,20241018,SP,7107
57766895,0001,1,DUXFIT,02,20241021,20241021,PI,1219
57776475,0001,1,CT DOKA SERAFIM,02,20241021,20241021,RJ,5801
57776682,0001,1,CSG FITNESS,02,20241021,20241021,SP,6875
57782598,0001,1,FENIX FIT ACADEMIA,02,20241022,20241022,PI,1109
57791191,0001,1,ESPACO CORPUS VITTA,02,20241022,20241022,MG,5403
57805333,0001,1,STUDIO K2 PILATES,02,20241023,20241023,PE,2531
57821039,0001,1,BOXN1,02,20241024,20241024,PR,7867
57824381,0001,1,CABRALFITNESS,02,20241024,20241024,PB,2089
57827442,0001,1,TEAM MUTANTE,02,20241024,20241024,RJ,6001
57829023,0001,1,,08,20250827,20241024,RS,8945
57831271,0001,1,LG FIT ACADEMIA,02,20241024,20241024,CE,1337
57837545,0001,1,ALLP FIT ACADEMIA,02,20241025,20241025,SP,6131
57838347,0001,1,LETICIA CHAVES PILATES E FISIOTERAPIA,02,20241025,20241025,RS,8511
57842097,0001,1,PERSONAL CAIO FARNEZI,02,20241025,20241025,SP,6789
44750105,0001,1,BRABUS ACADEMIA,08,20241025,20220105,SP,6689
57859660,0001,1,,02,20241028,20241028,MG,4123
57873659,0001,1,,02,20241029,20241029,CE,1389
57877042,0001,1,STUDIO SPINNING POWER,02,20241029,20241029,RS,8785
57880708,0001,1,EU FITNESS,02,20241029,20241029,AC,0107
57886347,0001,1,LIBRA FIT CONSULTORIA,02,20241029,20241029,PR,7535
57890130,0001,1,STUDIO EMERSON MELO,02,20241029,20241029,PE,2509
57893894,0001,1,SOFIT,02,20241030,20241030,PE,2435
57894359,0001,1,ACADEMIA BLACKRED FIT,02,20241030,20241030,CE,1547
57896341,0001,1,,02,20241030,20241030,RJ,5925
54656126,0002,2,SMARTFIT,02,20241030,20241030,BA,3909
57904240,0001,1,MOOD +,02,20241030,20241030,MG,4799
57906157,0001,1,W FITNESS ACADEMIA,02,20241030,20241030,PI,2253
57912596,0001,1,,02,20241031,20241031,MG,4633
57914629,0001,1,ALL FITNESS CENTRO DE TREINAMENTO,04,20260608,20241031,BA,3719
57918282,0001,1,,02,20241031,20241031,SP,7099
57923275,0001,1,MEGA SAUDE ACADEMIA,02,20241031,20241031,PE,2381
57923395,0001,1,IDEA MUSCLE,02,20241031,20241031,SP,7057
57923893,0001,1,ESPACO HELIO RIBEIRO EQUILIBRIO & SAUDE,02,20241031,20241031,SP,6953
57924430,0001,1,MUSCLE FACTORY,04,20260611,20241031,CE,1247
57929969,0001,1,MOTA SAUDE & PERFORMANCE,02,20241101,20241101,SC,0890
57972659,0001,1,INSTITUTO MOLDAVITA,02,20241105,20241105,RS,8771
57973544,0001,1,LEVITAE PILATES,02,20241105,20241105,SP,7149
57723174,0001,1,IMPACTU ACADEMIA,02,20241017,20241017,PB,2233
57990138,0001,1,INVERT FIT,02,20241106,20241106,BA,1112
57996074,0001,1,CENTRO DE TREINAMENTO GABARRA,02,20241106,20241106,SP,6969
57999811,0001,1,TREINADORA ALANA CARNEIRO,02,20241106,20241106,PI,1219
58002176,0001,1,TITANIUM ACADEMIA,02,20241106,20241106,RS,8841
58003082,0001,1,ARENA FITNESS,02,20241106,20241106,ES,5673
58004108,0001,1,ACADEMIA ALEX E DANI,08,20260113,20241106,ES,5699
58009314,0001,1,GW FITNESS,02,20241107,20241107,TO,9461
58013237,0001,1,50+ STUDIO,02,20241107,20241107,RS,8813
58016455,0001,1,,02,20241107,20241107,PR,7927
58020656,0001,1,METODO GOLFINHOS,02,20241107,20241107,RJ,0780
58032926,0001,1,,02,20241108,20241108,RS,8569
58036643,0001,1,RESENDE GYM ACADEMIA,02,20241108,20241108,PI,1023
58039981,0001,1,IRON FIT,08,20260323,20241108,MG,5121
58041820,0001,1,PLAYER UP,02,20241109,20241109,RS,8915
58050128,0001,1,TS HOUSE STUDIO DE PILATES,02,20241111,20241111,PR,7481
58050539,0001,1,IMPACTO FITNESS,02,20241111,20241111,PI,1035
58053274,0001,1,VIDA LEVE PILATES E FISIOTERAPIA,02,20241111,20241111,SP,7107
58056880,0001,1,,02,20241111,20241111,SP,6411
58070157,0001,1,AM STUDIO DE PILATES E FISIOTERAPIA,02,20241112,20241112,SP,6547
58077441,0001,1,COMPASSFIT PLAZA,02,20241112,20241112,SP,7099
58078567,0001,1,FITCORPUS,02,20241112,20241112,GO,9509
58078614,0001,1,ANA CAROLINA PERSONAL,08,20250218,20241112,PB,1981
35644328,0009,2,MOINHOS FITNESS,04,20260605,20241114,RS,8801
57879323,0001,1,ARIZONA CROSSTRAINING,02,20241029,20241029,SE,3123
18442885,0025,2,LIVE ACADEMIA,02,20241118,20241118,AM,0255
58145468,0001,1,ACADEMIA BOA FORMA,02,20241119,20241119,PI,1003
58148283,0001,1,STC,02,20241119,20241119,SP,6291
58169777,0001,1,,02,20241121,20241121,SP,6715
58171942,0001,1,FELIPE KUDO FIGHT CENTER,02,20241121,20241121,SP,6589
58178661,0001,1,CT IVAN ARAUJO,02,20241121,20241121,BA,3749
58194458,0001,1,M2 FIT ESTUDIO,02,20241122,20241122,RJ,6001
58198509,0001,1,ACADEMIA CRISTAL,02,20241122,20241122,SP,7107
58205546,0001,1,,02,20241124,20241124,MS,9179
07594978,0654,2,,02,20241125,20241125,GO,9373
58214512,0001,1,VIDATIVA TREINAMENTO FISICO E SAUDE,02,20241125,20241125,MG,4123
58222823,0001,1,JEMEGUI PERSONAL,02,20241125,20241125,MT,9067
58228555,0001,1,SOU MULTI,02,20241126,20241126,SP,6213
58231373,0001,1,RED GYM,02,20241126,20241126,PE,2491
47332355,0001,1,OVERALL FITNESS,02,20220728,20220728,MG,4147
58235223,0001,1,INSPIRE FIT,02,20241126,20241126,RS,8877
58235850,0001,1,FC PHYSICAL ACADEMIA,02,20241126,20241126,BA,3941
31800061,0002,2,IB FITNESS,08,20260204,20241126,CE,1337
58256674,0001,1,KENNEDCOACH,02,20241127,20241127,AL,2785
58256898,0001,1,ACADEMIA BIO SPORT,02,20241127,20241127,RS,8635
58267011,0001,1,YAN FIT,08,20251018,20241128,AL,2785
58281113,0001,1,PAULA CARLYANE STUDIO DE PILATES,02,20241129,20241129,GO,9433
58282816,0001,1,,02,20241129,20241129,SP,7225
58288702,0001,1,IRONBERG FORTALEZA,02,20241129,20241129,CE,1389
22681690,0003,2,4ALPHA FIT,02,20241129,20241129,MA,0803
58301712,0001,1,,02,20241202,20241202,RR,0301
58303657,0001,1,ACADEMIA SKY FIT PARQUE BRASILIA,02,20241202,20241202,GO,9221
58308106,0001,1,A.R PILATES STUDIO,02,20241202,20241202,SP,7047
58308617,0001,1,PULSE CROSS TRAINING,02,20241202,20241202,MG,5427
54771524,0001,1,STUDIO F&J EVOLUTION FIT,02,20240417,20240417,GO,9599
58316694,0001,1,LM COMPLEX ACADEMIA,02,20241202,20241202,RN,1779
57368404,0001,1,"CF STUDIO DE PILATES, FISIOTERAPIA E ESTETICA AVANCADA.",02,20240920,20240920,PR,7535
48012812,0001,1,TPM FUNCIONAL,02,20220920,20220920,SC,9941
58340350,0001,1,,02,20241204,20241204,PR,7667
58341347,0001,1,,02,20241204,20241204,SP,6707
58345811,0001,1,STUDIO VITTA,02,20241204,20241204,SC,8107
58347197,0001,1,SKYFIT SIM FEIRA DE SANTANA,02,20241204,20241204,BA,3515
58347578,0001,1,STUDIO CORPO E ALMA LTDA,02,20241204,20241204,SP,7225
58348621,0001,1,3S FITNESS,02,20241204,20241204,PR,7435
58358875,0001,1,MARCELO CERRETTI PERSONAL TRAINER,02,20241205,20241205,SP,7107
58374069,0001,1,,02,20241206,20241206,RS,8839
58391069,0001,1,TOTALFIT,02,20241209,20241209,AM,0251
58395412,0001,1,,02,20241209,20241209,RS,8561
58398810,0001,1,IRONFLOW,02,20241209,20241209,SP,7107
58409074,0001,1,,02,20241210,20241210,SP,7107
49570616,0002,2,ACADEMIA KING CLUB,02,20241211,20241211,RS,8683
29345310,0002,2,,08,20260407,20241211,PR,7691
58421464,0001,1,CENTRO DE TREINAMENTO CT DOS CAMPEOES CROSSFIT,02,20241211,20241211,AM,0255
58422653,0001,1,CORPORE FIT,08,20250211,20241211,RN,1713
58426367,0001,1,ELITE CENTRO DE TREINAMENTO,02,20241211,20241211,MG,2667
58428321,0001,1,POWER FITNESS,02,20241211,20241211,MG,5041
07594978,0668,2,,02,20241211,20241211,BA,3685
58430340,0001,1,,02,20241211,20241211,PR,7427
52601250,0005,2,,02,20241211,20241211,SP,6689
58435815,0001,1,RCFIT,02,20241212,20241212,BA,3849
58440463,0001,1,VIVARE PILATES NATAL,02,20241212,20241212,RN,1761
58442166,0001,1,ACADEMIA BLACK FITTNESS,08,20251024,20241212,GO,9221
58447478,0001,1,CUREFIT,02,20241212,20241212,SC,8039
58447512,0001,1,,02,20241212,20241212,SP,6219
58452174,0001,1,STUDIO INFINITY PRO,02,20241213,20241213,DF,9701
48281027,0002,2,AMERICAN FIT,02,20241213,20241213,PA,0407
58458487,0001,1,,02,20241213,20241213,SP,7131
58470171,0001,1,ROSA NAIMARA SAUDE,02,20241216,20241216,PR,7535
58477569,0001,1,TAY SPULVERATO ESTIMULACAO MOTORA,02,20241216,20241216,SP,6291
58485539,0001,1,,02,20241217,20241217,SP,7107
58487416,0001,1,ALLP FIT ACADEMIA,02,20241217,20241217,PR,7425
58487706,0001,1,NAATIVA TRAINING,02,20241217,20241217,PB,2051
58491039,0001,1,CT ZERO DOZE,02,20241217,20241217,SP,6469
58492374,0001,1,HARAMYS ACADEMIA,02,20241217,20241217,CE,1389
58496426,0001,1,,02,20241217,20241217,SP,6543
07594978,0669,2,,02,20241218,20241218,SP,7107
58504297,0001,1,,02,20241218,20241218,RJ,5801
58505236,0001,1,ACADEMIA EXTREMO,02,20241218,20241218,TO,0074
58508008,0001,1,,02,20241218,20241218,ES,5713
58508861,0001,1,AMARCROSS,02,20241218,20241218,BA,3885
58517545,0001,1,,02,20241219,20241219,SP,6921
45425988,0001,1,ACADEMIA CORPO EM ACAO,04,20260518,20220223,CE,1495
24475182,0003,2,,02,20241220,20241220,RS,8849
58543252,0001,1,WG TRANING,02,20241223,20241223,AM,0255
58545230,0001,1,HEALTHPRO SAUDE,02,20241223,20241223,SP,6977
58546687,0001,1,PRO LIFE,02,20241223,20241223,SE,3175
58554835,0001,1,IRON FIT ACADEMIA,02,20241226,20241226,MG,4589
58559146,0001,1,UM ASSESSORIA ESPORTIVA,02,20241226,20241226,SP,6713
54041542,0001,1,,02,20240223,20240223,RJ,6001
58583723,0001,1,ORIGENS PILATES,02,20241230,20241230,RJ,6001
58584372,0001,1,ACADEMIA GYM FIT,02,20241230,20241230,PE,2491
58219252,0001,1,WELLNESS FIT CLUB,02,20241125,20241125,RJ,6001
58019966,0001,1,THAIS TAVARES STUDIO DE PILATES,02,20241107,20241107,BA,3573
58587158,0001,1,R E J ESPACO FITNESS,02,20241231,20241231,PB,2163
52046806,0001,1,ACADEMIA NEW LIFE,02,20230901,20230901,MG,4231
48497273,0001,1,NADE MAIS,02,20221103,20221103,MG,4445
58613980,0001,1,BOX DE TREINAMENTO FUNCIONAL,08,20251219,20250103,MA,0785
50059044,0001,1,GO LIFESTYLE,08,20260217,20230323,SC,8089
58633756,0001,1,ACADEMIA SUPERACAO,02,20250106,20250106,RS,8445
58658275,0001,1,FRANCISCO JADSON BEZERRA CORREA,02,20250107,20250107,CE,1375
58666746,0001,1,QUIRINO STUDIO PILATES,02,20250107,20250107,SP,6969
58675028,0001,1,,02,20250107,20250107,CE,1373
58700654,0001,1,,02,20250108,20250108,RJ,6001
58721266,0001,1,FABRICA CT MONTES CLAROS,02,20250109,20250109,MG,4865
58728568,0001,1,PHOENIX ACADEMIA,02,20250109,20250109,PR,7991
58733305,0001,1,AMPARO FITNESS,02,20250109,20250109,BA,3831
58734758,0001,1,,02,20250109,20250109,SC,8161
58736221,0001,1,MOVMENTE STUDIO PILATES,02,20250109,20250109,MG,5003
58736948,0001,1,STUDIO DE PILATES FABIANA GONZAGA,02,20250109,20250109,SE,3105
58737391,0001,1,ESPACO FITNESS,08,20250528,20250109,SC,8061
07594978,0657,2,,02,20241125,20241125,RJ,6001
58749799,0001,1,,02,20250110,20250110,SP,6897
58750475,0001,1,PANOBIANCO LAGUNA,02,20250110,20250110,RJ,5847
58757699,0001,1,RIO FIT ACADEMIA,02,20250110,20250110,MS,9143
22902694,0128,2,,02,20250110,20250110,PE,2457
58764494,0001,1,CT KEL FITNESS,02,20250110,20250110,SC,8251
58769243,0001,1,JOAO VITOR TRAINER,02,20250110,20250110,GO,9227
58771519,0001,1,,02,20250110,20250110,ES,5697
58772216,0001,1,ACADEMIA VIVA SPORTS,02,20250110,20250110,SP,6269
58809657,0001,1,STUDIO PERSONAL ALINE FELICIANO,02,20250113,20250113,CE,1385
58811327,0001,1,,02,20250113,20250113,SP,7097
58842288,0001,1,IRON-Z,08,20250507,20250114,MA,0849
58842310,0001,1,VO2 MAX TURBO MUSCULACAO,02,20250114,20250114,RN,1671
58847958,0001,1,STUDIO 20,02,20250114,20250114,PE,2511
58851864,0001,1,EVOLUTION STUDIO,02,20250114,20250114,DF,9701
58857218,0001,1,,02,20250114,20250114,SC,8105
58861020,0001,1,GLO LTDA,02,20250114,20250114,PR,7535
58863640,0001,1,,02,20250114,20250114,SP,7107
58866628,0001,1,,02,20250114,20250114,MA,0921
58869577,0001,1,ACADEMIA EVOLUIR,02,20250114,20250114,PE,2457
58879880,0001,1,BENHUR ENDERLE PERSONAL TRAINING,02,20250115,20250115,RS,8801
58880505,0001,1,ACADEMIA RADICAL FITNESS,02,20250115,20250115,GO,9325
58897522,0001,1,NEW CORPORE,02,20250115,20250115,RJ,6001
58900306,0001,1,,08,20260323,20250115,MG,4123
58902831,0001,1,CLINICA REVITALIZA,02,20250115,20250115,RS,8851
58909398,0001,1,ARENA FITNESS,02,20250116,20250116,PI,1153
58909587,0001,1,CENTRO DE TREINAMENTO MATHEUS JULIANI,02,20250116,20250116,MG,5397
58921674,0001,1,ISA BONATTO STUDIO INTEGRADO,02,20250116,20250116,RS,8593
58922506,0001,1,ACADEMIA POTIGUAR FITNESS,02,20250116,20250116,RN,0432
58924885,0001,1,PURE PILATES SAO LUCAS,02,20250116,20250116,SP,7107
58929722,0001,1,RHAMON DEMETRIO PERSONAL,02,20250116,20250116,CE,1389
58937722,0001,1,SAUDE E MOVIMENTO ACADEMIA,02,20250117,20250117,ES,5681
58938592,0001,1,PULSE STUDIO HEALTHY FITNESS,02,20250117,20250117,SC,8105
58946952,0001,1,,02,20250117,20250117,SP,7107
58949661,0001,1,ARENA FITNESS,02,20250117,20250117,BA,3413
58951638,0001,1,STUDIO PILATES E FISIOTERAPIA JAISE LOURENCO,02,20250117,20250117,SC,8379
52624622,0001,1,GYM ACADEMIA MOVIMENTO PIEDADE,02,20231023,20231023,SP,6857
58974135,0001,1,STUDIO THERAPILATES,02,20250120,20250120,SP,6131
58980664,0001,1,ESPACO FUNCIONAL AFONSO LAYME,02,20250120,20250120,PE,2381
58987557,0001,1,,02,20250120,20250120,RS,8963
58989370,0001,1,ACADEMIA INEVITAVEL,02,20250120,20250120,SC,8045
58998467,0001,1,MAURO E BAGATIN,02,20250121,20250121,SP,7107
59011561,0001,1,WELLGYM,08,20260527,20250121,SP,6689
59014165,0001,1,ACADEMIA PUMP PRO,02,20250121,20250121,MG,5293
59015371,0001,1,STUDIO MAVI,02,20250121,20250121,SE,3105
59015555,0001,1,POWER START,02,20250121,20250121,SP,7047
59017851,0001,1,DANIELE SILVEIRA PERSONAL TRAINER,02,20250121,20250121,SP,7107
59020829,0001,1,,02,20250121,20250121,SC,8047
59021472,0001,1,,02,20250121,20250121,SP,6403
59030851,0001,1,ACADEMIA G12,08,20260409,20250122,MG,5403
59030998,0001,1,ACESSORIA FITNESS,02,20250122,20250122,RN,1761
59033748,0001,1,,02,20250122,20250122,SP,6589
59036347,0001,1,YOURMOTION MOVIMENTO E SAUDE,02,20250122,20250122,SP,6619
59036696,0001,1,VILA 1891,08,20260427,20250122,GO,9595
48959469,0010,2,MAXFORMA PRIME ACADEMIAS,02,20250123,20250123,CE,1389
59049471,0001,1,IDEAL FITT,02,20250123,20250123,SP,6853
59055040,0001,1,ACADEMIA VIDA FITNESS,02,20250123,20250123,CE,1279
59055222,0001,1,,02,20250123,20250123,SP,6293
59057328,0001,1,BEUSTRATEGY,02,20250123,20250123,RJ,6001
59061742,0001,1,JS MOVE&TRAINER,02,20250123,20250123,MA,0861
59062021,0001,1,FIRE EQUIPAMENTOS ESPORTIVOS E ACESSORIOS,02,20250123,20250123,RJ,5897
59062219,0001,1,MUSCLE NUTRI CONSULTORIA,02,20250123,20250123,PR,7535
59062536,0001,1,,02,20250123,20250123,RS,8599
59063050,0001,1,EVOLUTION TRAINING CENTER,02,20250123,20250123,MA,0757
59065689,0001,1,,02,20250123,20250123,MG,4707
59067268,0001,1,TOP TRAINING PREMIUM,02,20250123,20250123,AL,2745
59071610,0001,1,VITAE PILATES STUDIO,02,20250123,20250123,SC,8327
59073244,0001,1,,02,20250124,20250124,SP,7107
43528048,0003,2,,02,20250124,20250124,PI,0312
59085934,0001,1,,02,20250124,20250124,SP,7115
59089886,0001,1,STUDIO PHYSIORIENTE,02,20250124,20250124,SP,6219
52980470,0003,2,ONE FIT ACADEMIA ESPORTIVA,02,20250124,20250124,SP,7029
59094081,0001,1,,02,20250124,20250124,PA,0048
59100380,0001,1,,02,20250126,20250126,PR,7555
59106902,0001,1,DIEGO MADUREIRA PERSONAL TRAINER,02,20250127,20250127,MG,4123
48985483,0003,2,BODYFIT 3,02,20250127,20250127,BA,3651
59114591,0001,1,FLY ACADEMIA,02,20250127,20250127,SP,6647
59114922,0001,1,ACADEMIA SURREAL SENNA,02,20250127,20250127,BA,3807
59117658,0001,1,,02,20250127,20250127,MG,5051
59119381,0001,1,FLOW ESSENCIAL,02,20250127,20250127,SP,7107
59119630,0001,1,,02,20250127,20250127,SP,6969
59120786,0001,1,ACADEMIA AD3 LAGES,02,20250127,20250127,SC,8183
59125797,0001,1,GUI OLIVEIRA PERSONAL TRAINER,02,20250127,20250127,SC,8183
59131739,0001,1,,02,20250128,20250128,RJ,6001
59134192,0001,1,,02,20250128,20250128,PE,2521
59146110,0001,1,ANDREI C S MACHADO,02,20250128,20250128,PR,7535
59151220,0001,1,TURBOFIT,02,20250128,20250128,SE,3123
59152311,0001,1,CM PILATES,02,20250128,20250128,SP,7047
59156890,0001,1,,08,20251103,20250129,PR,7691
59157984,0001,1,,02,20250129,20250129,ES,5693
59158547,0001,1,ACADEMIA EXPERIENCIA ATOMICA FITNESS,08,20251204,20250129,MG,4091
58427536,0002,2,,02,20250129,20250129,SP,7107
58125110,0001,1,,02,20241117,20241117,SC,8105
59175294,0001,1,INTENSE STUDIO DE GINASTICA,02,20250129,20250129,MG,4703
59180237,0001,1,STUDIO KANANDA MALHEIRO,02,20250129,20250129,BA,3773
59186370,0001,1,PRIME SHAPE,02,20250130,20250130,GO,9373
59190461,0001,1,SETTE CLUB,02,20250130,20250130,PE,2443
59191899,0001,1,VINTAGE ACADEMIA,02,20250130,20250130,MG,5403
54028483,0001,1,PILATEAR,02,20240222,20240222,PR,7667
59193838,0001,1,,02,20250130,20250130,CE,1447
59194740,0001,1,THE FIT,08,20260112,20250130,SP,6547
59204661,0001,1,MF - FUNCIONAL CENTER,02,20250130,20250130,BA,3803
59206747,0001,1,RFIT CENTRO DE TREINAMENTO,02,20250131,20250131,PB,2129
59218296,0001,1,STUDIO PERSONAL VANESSA ALMEIDA,02,20250131,20250131,SP,6569
59218962,0001,1,,02,20250131,20250131,MG,4629
59221387,0001,1,,02,20250131,20250131,SP,7243
59223219,0001,1,ACADEMIIA PRIME,02,20250131,20250131,PR,7547
59223310,0001,1,RENATO MARQUES ACADEMIA,02,20250131,20250131,PI,1219
59224612,0001,1,,08,20250313,20250131,SC,8081
59225106,0001,1,BLESS FIT ACADEMIA,02,20250131,20250131,CE,1351
54871500,0002,2,,02,20250201,20250201,SC,8127
59240120,0001,1,ON TRAINING,02,20250203,20250203,RJ,5807
59240156,0001,1,ARETE,02,20250203,20250203,RJ,5865
59240243,0001,1,CAFE MARANHAO PERSONAL TRAINER E CONSULTORIA ONLINE,02,20250203,20250203,RJ,5865
59245975,0001,1,ACADEMIA PACHECO FIT,02,20250203,20250203,CE,1373
35107701,0002,2,,08,20260220,20250203,SP,7107
59248421,0001,1,THRAKAR STUDIO,02,20250203,20250203,SP,7107
59249590,0001,1,ATIVA FITNESS,02,20250203,20250203,RJ,5803
59250038,0001,1,NAUTIS NATACAO INFANTIL,08,20251125,20250203,GO,9373
59251292,0001,1,,02,20250203,20250203,RJ,6001
59256270,0001,1,MF ASSESSORIA ESPORTIVA,02,20250203,20250203,SP,7107
56983506,0002,2,SUBLIME FITNESS,02,20250203,20250203,RS,8963
59257668,0001,1,ACADEMIA BDFITNESS,02,20250203,20250203,CE,1389
59260663,0001,1,PI PILATES,02,20250203,20250203,SP,7075
59266947,0001,1,ANA FIT PERSONAL STUDIO LTDA,02,20250204,20250204,BA,3265
59266992,0001,1,ENDORFIT,02,20250204,20250204,BA,3661
56051424,0002,2,BONECA DE ACO,02,20250204,20250204,MT,8987
59287522,0001,1,STUDIO ARAM FIT,02,20250204,20250204,SP,7057
59292428,0001,1,GV PERSONAL TRAINER,08,20250426,20250205,SP,7107
59292621,0001,1,WB PERSONAL TRAINER,02,20250205,20250205,SP,6915
26094341,0002,2,ACADEMIA TOTAL FITNESS,02,20250205,20250205,CE,1375
59296256,0001,1,,02,20250205,20250205,RJ,6001
59299706,0001,1,HANDFIT ACADEMIA,02,20250205,20250205,TO,9519
59300100,0001,1,,02,20250205,20250205,SP,6269
59303510,0001,1,TRIADE,02,20250205,20250205,MS,9051
59318447,0001,1,FJ PERSONAL TRAINER,02,20250206,20250206,DF,9701
59323981,0001,1,,02,20250206,20250206,PR,7535
59326606,0001,1,SHEMOVES,08,20260211,20250206,PR,7535
59329209,0001,1,INVICTOS BJJ,02,20250206,20250206,DF,9701
59331302,0001,1,,02,20250206,20250206,RS,8917
52418149,0001,1,LIFE STUDIO,02,20231004,20231004,PB,1987
58928307,0001,1,ALLAN PERSONAL TRAINER,02,20250116,20250116,MT,8985
43064125,0002,2,CENTRO DE TREINAMENTO PURA ENERGIA,02,20250207,20250207,PB,2229
59345667,0001,1,OUSADIA FITNESS ACADEMIA,02,20250207,20250207,CE,1303
59347176,0001,1,,02,20250207,20250207,SP,6371
59351454,0001,1,,02,20250207,20250207,MA,0803
59353090,0001,1,KARLA CARVALHO PILATES,02,20250207,20250207,SC,8047
38125393,0006,2,BLUEFIT DUQUE,02,20250210,20250210,PA,0427
59372277,0001,1,,02,20250210,20250210,SC,8105
59372512,0001,1,ESCOLA DE GINASTICA ARTISTICA PALMAS,02,20250210,20250210,TO,9733
59373398,0001,1,,02,20250210,20250210,RJ,6001
59378882,0001,1,NV BUSINESS,02,20250210,20250210,RJ,6001
59380688,0001,1,ACADEMIA DNFITNESS,02,20250210,20250210,CE,1471
59397013,0001,1,RAGOSO EDER,02,20250211,20250211,RJ,2919
59398668,0001,1,ESPACO FITNESS MARIA DA CONCEICAO,02,20250211,20250211,RN,1761
59405329,0001,1,ACADEMIA ESTACAO,02,20250211,20250211,DF,9701
48321919,0004,2,ULTRA ACADEMIA,02,20250211,20250211,MT,9151
59420710,0001,1,,02,20250212,20250212,SP,6699
07594978,0671,2,,02,20250212,20250212,SP,7107
07594978,0675,2,,02,20250212,20250212,BA,3849
59421858,0001,1,,02,20250212,20250212,RJ,5853
59432727,0001,1,SAUDE E LEVEZA STUDIO,02,20250212,20250212,SP,7107
59440713,0001,1,BOX BRABUZ CENTRO DE TREINAMENTO,02,20250212,20250212,AL,2871
59447517,0001,1,,08,20251202,20250213,MG,4123
59448161,0001,1,,08,20260514,20250213,SP,7121
59448224,0001,1,ACADEMIA TEIXAS REACAO,02,20250213,20250213,BA,3045
59449309,0001,1,CT FIT LTDA,02,20250213,20250213,SP,6477
48592717,0001,1,,02,20221111,20221111,PR,7691
59458177,0001,1,STUDIO SEVEN BIRIGUI,02,20250213,20250213,SP,6229
59460010,0001,1,ALE PETRONI PILATES,02,20250213,20250213,SP,7107
59469550,0001,1,RADWOMAM,02,20250214,20250214,BA,3849
59469735,0001,1,ACADEMIA ESPACO FITNESS,02,20250214,20250214,SP,6145
59469918,0001,1,FLUIR VITORIA DA CONQUISTA,02,20250214,20250214,BA,3965
59470762,0001,1,,02,20250214,20250214,PR,7667
59473630,0001,1,ALTA SPORTS,02,20250214,20250214,RJ,6001
59476555,0001,1,GINASTICA EP,02,20250214,20250214,MG,5387
59480266,0001,1,FIT GYM,02,20250214,20250214,AP,0605
59483978,0001,1,,02,20250214,20250214,PE,2531
59118669,0001,1,FABIOLA LOPES PERSONAL TRAINER LTDA,02,20250127,20250127,AL,2785
59096434,0001,1,,02,20250125,20250125,RS,8801
59505808,0001,1,TH PRIME,02,20250217,20250217,BA,3993
59512198,0001,1,LIFE GYM,02,20250217,20250217,CE,9857
59514938,0001,1,PURE PILATES VILA ROMANA,02,20250217,20250217,SP,7107
59516912,0001,1,FABRICA CT,02,20250218,20250218,SC,8161
59519159,0001,1,MOVIMENTO CORPORAL,02,20250218,20250218,MG,2697
59542108,0001,1,ANTONY FITNESS,02,20250219,20250219,BA,3413
49154176,0001,1,STUDIO NEW LIFE,02,20230112,20230112,SP,6507
59552090,0001,1,XPLAY ACADEMIA LTDA,02,20250219,20250219,PR,7777
59558579,0001,1,SPEED ONE II,02,20250219,20250219,SP,6311
59560830,0001,1,STIVE GYM.,02,20250219,20250219,AL,2735
59575011,0001,1,,02,20250220,20250220,RS,8801
59576200,0001,1,M. CORE,02,20250220,20250220,RJ,5801
59581507,0001,1,SINAPSE ACADEMIA,02,20250220,20250220,PR,7571
59588296,0001,1,CORPO VIDA,02,20250221,20250221,TO,9341
59592321,0001,1,DEBORA CHIQUITO PERSONAL,02,20250221,20250221,SP,7107
59592713,0001,1,HANGAR FIT,02,20250221,20250221,MA,0733
59594207,0001,1,NEW LIFE STUDIO,02,20250221,20250221,MG,4387
59595944,0001,1,HECTH FUTEVOLEI,02,20250221,20250221,RJ,6001
59600474,0001,1,DESALIRA,02,20250221,20250221,MG,4865
59621015,0001,1,STUDIO UNIT,02,20250224,20250224,SP,7107
59626753,0001,1,,02,20250224,20250224,RS,8937
59628260,0001,1,,02,20250224,20250224,MG,4371
59629666,0001,1,ACADEMIA LIFE,02,20250224,20250224,BA,1112
59638019,0001,1,HERMES FIT,02,20250225,20250225,AL,2785
59642877,0001,1,VALDERI SPORTS,02,20250225,20250225,MG,5403
59647309,0001,1,FP REABILITACAO & TREINAMENTO,02,20250225,20250225,SC,8105
59650563,0001,1,,02,20250225,20250225,RN,1779
59651324,0001,1,STUDIO VALCIR SILVA,02,20250225,20250225,SP,7109
59655295,0001,1,TEAM LOPES,02,20250225,20250225,GO,9373
59663737,0001,1,,02,20250226,20250226,RR,0301
59665470,0001,1,STUDIO PILATES REABILITES E REVIGORE,02,20250226,20250226,GO,9373
59669979,0001,1,ESSENCIA PILATES E FISIOTERAPIA,02,20250226,20250226,MG,4751
59670701,0001,1,TR CROSS TRAINING,02,20250226,20250226,SP,6521
59671929,0001,1,U FIT ACADEMIA,02,20250226,20250226,SC,8039
59678305,0001,1,BLACK FIT ACADEMIA,02,20250226,20250226,TO,9323
59684547,0001,1,,02,20250227,20250227,MG,4123
59688009,0001,1,STUDIO GRISI - CANDEIAS,08,20250729,20250227,BA,3965
59690240,0001,1,,02,20250227,20250227,MG,4123
59691739,0001,1,BLESSED ZEN,02,20250227,20250227,SP,6547
07594978,0685,2,,02,20250227,20250227,DF,9701
59704838,0001,1,REAL FIT,02,20250228,20250228,MG,4123
59705122,0001,1,EB STUDIO PERSONAL,02,20250228,20250228,SE,3105
59715238,0001,1,ACADEMIA POWERFIT EXTREME,02,20250228,20250228,MS,9165
59720744,0001,1,BRUNA LEAL ESPORTE & LAZER,02,20250228,20250228,SP,6789
53313586,0001,1,ACADEMIA POWER BRASIL,02,20231227,20231227,MA,0897
59728536,0001,1,LUCAS COUTINHO OLANDESI,02,20250303,20250303,SP,7107
59728892,0001,1,DANIEL MUZZO PERSONAL STUDIO,02,20250303,20250303,RS,8677
59746078,0001,1,STUDIO IRON FITNESS,02,20250305,20250305,MG,2673
59750626,0001,1,VQ ESCOLA DE GINASTICA,02,20250305,20250305,CE,1389
51095025,0004,2,,02,20250305,20250305,SP,7107
49770194,0002,2,,08,20250528,20250306,SC,8237
59757868,0001,1,,02,20250306,20250306,RJ,6001
16763006,0002,2,,02,20250306,20250306,MG,5413
53045276,0001,1,ACADEMIA NBESS,02,20231129,20231129,SP,7107
59770756,0001,1,ALLMOVE,02,20250306,20250306,DF,9701
59771996,0001,1,ACADEMIA ALPHA FIT,02,20250306,20250306,RN,1853
59773568,0001,1,HUMAN PERFORM,02,20250306,20250306,EX,9707
59783339,0001,1,INVICTUS LABORATORIO ATLETICO,02,20250307,20250307,DF,9701
59791833,0001,1,HYPER FIT ACADEMIA,02,20250307,20250307,TO,0197
59797832,0001,1,PANOBIANCO ACADEMIA,02,20250308,20250308,SP,7107
59799763,0001,1,STUDIO DO MOVIMENTO,02,20250308,20250308,SC,8105
59808124,0001,1,BIG FORM,02,20250310,20250310,SP,7149
55064963,0001,1,R M PILATES E FISIOTERAPIA,02,20240509,20240509,AL,2853
59816143,0001,1,VELOCITY GUARUJA,02,20250310,20250310,SP,6475
59823565,0001,1,STUDIO LANINHA MANTEGAZINI,02,20250310,20250310,ES,5697
59826050,0001,1,CROSS TEAM FOR EVERYONE,02,20250310,20250310,SP,6969
59830283,0001,1,FIKFIT,02,20250311,20250311,SP,6291
59831801,0001,1,MOVE STUDIO,02,20250306,20250306,SC,8143
59833167,0001,1,,08,20250912,20250311,MG,4123
59847198,0001,1,,02,20250311,20250311,SP,7107
59849710,0001,1,,02,20250311,20250311,SP,6887
13396172,0039,2,,02,20250311,20250311,RS,8773
59851417,0001,1,START FITNESS,02,20250311,20250311,AL,2865
59852978,0001,1,CX BOQUEIRAO,02,20250312,20250312,RS,8589
59854515,0001,1,SOUL FITNESS,02,20250312,20250312,PB,0440
59856489,0001,1,,02,20250312,20250312,MG,5343
59856744,0001,1,,02,20250312,20250312,PR,7667
59865241,0001,1,GAMAFIT,08,20260125,20250312,GO,9571
59865486,0001,1,PERSONAL TRAINER - ARTHUR BEMFICA,02,20250312,20250312,MG,4123
59869358,0001,1,YONZEN YOGA,02,20250312,20250312,PR,7885
59870079,0001,1,PERSONAL TRAINER MARIA PINHEIRO,02,20250312,20250312,AM,0235
59877756,0001,1,,02,20250313,20250313,SP,7107
59878570,0001,1,ATOS GABRIEL TEAM,02,20250313,20250313,AL,2785
59878592,0001,1,REAL FITNESS,02,20250313,20250313,BA,3281
59879778,0001,1,ACADEMIA QUALIDADE DE VIDA,02,20250313,20250313,SC,8139
59886765,0001,1,ALINHAR,02,20250313,20250313,SP,6345
59895131,0001,1,ALPHA FITNESS,02,20250313,20250313,PE,2297
59907344,0001,1,JEFINHO LIMA - CENTRO DE TREINAMENTO,02,20250314,20250314,RN,1851
59908212,0001,1,SOMAFIT,02,20250314,20250314,CE,1561
59912602,0001,1,STUDIO VELOCITY LAGOA,02,20250314,20250314,RJ,6001
59913505,0001,1,,02,20250314,20250314,MG,4123
32810802,0003,2,ACADEMIA SPARTAN FIGTH FIT,02,20250317,20250317,SP,6563
59931795,0001,1,,02,20250317,20250317,SC,8047
59932604,0001,1,DL FITNESS ACADEMIA,02,20250317,20250317,RS,8667
59933737,0001,1,,02,20250317,20250317,SP,6689
55263635,0001,1,,08,20250317,20240524,SP,7107
59946903,0001,1,CENTRO DE TREINAMENTO TS,02,20250318,20250318,SP,6477
59946979,0001,1,,02,20250318,20250318,SP,7107
59947475,0001,1,POWERMOVE - MOVIMENTO E PERFORMANCE FUNCIONAL,02,20250318,20250318,RN,1779
24339925,0030,2,,02,20250318,20250318,PR,7535
59961141,0001,1,VIPS ACADEMIA,02,20250318,20250318,ES,5625
59961902,0001,1,STUDIO POP,02,20250318,20250318,PE,2521
59964772,0001,1,CARLOS VILELA,02,20250318,20250318,GO,9413
59967411,0001,1,CROSS LC4,02,20250318,20250318,MG,5401
59968317,0001,1,ALFA FITNESS ACADEMIA,02,20250318,20250318,PE,2415
59973686,0001,1,JG SILVA TREINAMENTO E DESENVOLVIMENTO,02,20250319,20250319,RJ,6001
59975046,0001,1,GENESIS ASSESSORIA ESPORTIVA,02,20250319,20250319,PR,7535
59977179,0001,1,300 FIT CLUBE,08,20251201,20250319,PB,2085
59979184,0001,1,CT ULTRA STRENGTH LTDA,02,20250319,20250319,PA,0523
59980075,0001,1,,02,20241216,20241216,RS,8561
59983046,0001,1,,02,20250319,20250319,SP,6897
59987593,0001,1,DIRCIANA GIARETTA PILATES CLASSICO,02,20250319,20250319,RS,8737
59991764,0001,1,EVOLUTION FITNESS,02,20250320,20250320,RN,1741
59995331,0001,1,EUROFIT ACADEMIA,02,20250320,20250320,BA,3935
59996466,0001,1,CORPUS GYM,02,20250320,20250320,MG,4865
59996699,0001,1,,02,20250320,20250320,RJ,0786
59998926,0001,1,ACADEMIA PUREBLOOD,02,20250320,20250320,SP,7107
31834358,0044,2,EVOQUE ACADEMIA PARAISOPOLIS,02,20250320,20250320,SP,7107
60000739,0001,1,,02,20250129,20250129,SC,8053
60001122,0001,1,FIT FIGHT CLUB ACADEMIA,02,20250320,20250320,MG,4895
60003074,0001,1,GR FITNESS ACADEMIA,02,20250320,20250320,BA,3533
60003240,0001,1,,02,20250320,20250320,SP,6589
60003862,0001,1,ACADEMIA PRO SAUDE,02,20250320,20250320,RJ,5847
60005990,0001,1,INSTITUTO AC'ALMA,02,20250320,20250320,BA,3523
60007979,0001,1,VOLL PILATES SACOMA,02,20250320,20250320,SP,7107
60008031,0001,1,ACADEMIA PUMP UP,02,20250320,20250320,MT,9151
60009987,0001,1,EVOLUTION CROSS TRAINING,02,20250320,20250320,BA,3849
60013319,0001,1,CENTRO DE TREINAMENTO FP TEAM FIGHT,02,20250321,20250321,PR,7571
60014463,0001,1,PILATES VANESSA TEIXEIRA,02,20250321,20250321,SP,7107
60024472,0001,1,CT 42,02,20250321,20250321,PR,7659
60044257,0001,1,,02,20250324,20250324,SP,7107
60047629,0001,1,FABRICA DE MONSTROS PREMIUM,02,20250324,20250324,SC,8161
60049005,0001,1,BRAVE GYM,02,20250324,20250324,RJ,5813
60051928,0001,1,LF SAUDE E BEM ESTAR,02,20250324,20250324,SP,6291
60054820,0001,1,KAIKY FITNESS ACADEMIA,02,20250324,20250324,MA,0733
60057558,0001,1,LTF SERVICOS,02,20250324,20250324,SP,6291
60057788,0001,1,SAUDE VIVA,02,20250324,20250324,BA,3931
60066598,0001,1,MPA FITNESS,02,20250325,20250325,PA,0595
60074263,0001,1,,02,20250325,20250325,SP,7107
07594978,0687,2,,02,20250325,20250325,SP,7157
07594978,0690,2,,02,20250325,20250325,SP,7057
60088552,0001,1,ACADEMIA BRACO FORTE,02,20250326,20250326,CE,1437
60093027,0001,1,ACADEMIA COSTA,02,20250326,20250326,GO,0057
28052196,0002,2,,08,20260222,20250327,SC,8161
60119006,0001,1,ACADEMIA UNIVERSITARIA PRIME,04,20260608,20250327,BA,3957
60120301,0001,1,STUDIO TREINADOR ERIVELTO MARTINS LTDA,02,20250327,20250327,RJ,2907
60120954,0001,1,RICARDO JR PERSONAL TRAINER,02,20250327,20250327,SP,7107
59014296,0001,1,,02,20250121,20250121,SP,7157
60128314,0001,1,,02,20250327,20250327,SP,6969
60132054,0001,1,AR3 SPORT FITNESS DD,02,20250328,20250328,BA,3087
54182486,0001,1,,02,20240304,20240304,SP,7107
60132954,0001,1,ALBUQUERQUE,02,20250328,20250328,PE,2465
60133064,0001,1,CT VILA VALQUEIRE,02,20250328,20250328,RJ,6001
60133301,0001,1,,08,20251015,20250328,BA,3849
60141212,0001,1,ACADEMIA VIVA FITNESS,02,20250328,20250328,SC,0892
60164383,0001,1,SGF PILATES E FUNCIONAL,02,20250331,20250331,SP,6979
60169484,0001,1,,08,20260206,20250331,BA,3849
60170703,0001,1,ALPHA FITNESS,02,20250331,20250331,BA,3593
60184659,0001,1,RAY OLIVER PERSONAL TRAINER,02,20250401,20250401,SP,7107
60186163,0001,1,STUDIO A2 RESENDE,02,20250401,20250401,RJ,5883
60188043,0001,1,SOUL PILATES STUDIO,02,20250401,20250401,GO,9373
60192404,0001,1,,02,20250401,20250401,BA,3685
60193453,0001,1,,02,20250401,20250401,PR,7535
60193680,0001,1,,02,20250401,20250401,AL,2785
60195754,0001,1,,02,20250401,20250401,SP,6291
60197482,0001,1,,02,20250401,20250401,SP,6425
60198126,0001,1,CT VAPO VAPO,02,20250401,20250401,PE,2457
60209877,0001,1,,02,20250402,20250402,PR,7667
60218267,0001,1,,02,20250402,20250402,RJ,6001
56319674,0001,1,DM STUDIO DE TREINAMENTO PERSONALIZADO,02,20240806,20240806,GO,9221
60221127,0001,1,RB BRAVOS JIU-JITSU ACADEMY,02,20250402,20250402,PA,0415
60221999,0001,1,,02,20250402,20250402,SP,6969
60229162,0001,1,,02,20250403,20250403,RJ,6001
60234279,0001,1,,02,20250403,20250403,PR,7535
60234855,0001,1,,02,20250403,20250403,RS,5997
37555895,0002,2,INVICTUS ACADEMIA,02,20250403,20250403,MT,9027
60239319,0001,1,IRON GYM GD,02,20250403,20250403,PI,1073
60239347,0001,1,USE FIT,03,20250610,20250403,TO,9241
60246252,0001,1,CROSSFIT UBATUBA,02,20250404,20250404,SP,7209
60246869,0001,1,,02,20250404,20250404,SP,6291
59887668,0002,2,,02,20250404,20250404,SP,6875
60253530,0001,1,,02,20250404,20250404,RN,1617
60255126,0001,1,GENERAL GYM,02,20250404,20250404,MG,4663
60261507,0001,1,STUDIO INFINITY PILATES LTDA,02,20250404,20250404,MS,9073
60264776,0001,1,ARENA GL SPORTS LTDA,02,20250405,20250405,MG,4371
60275520,0001,1,STUDIO INTENSE PILATES E FISIOTERAPIA,02,20250407,20250407,SP,6547
60278416,0001,1,CJ CENTRO ESPORTIVO,08,20250714,20250407,PE,2491
60283177,0001,1,STUDIO DE PERFORMANCE VOCE +,08,20260309,20250407,PR,7677
60293596,0001,1,ACADEMIA CORDEIRO & LEAO,02,20250407,20250407,MA,0951
60299501,0001,1,BRASILFIT,02,20250408,20250408,RJ,5861
60299915,0001,1,,02,20250408,20250408,PR,7435
60304913,0001,1,,02,20250408,20250408,RS,6079
60316294,0001,1,ACADEMIA HALTERE-SE,02,20250408,20250408,MG,4031
60317425,0001,1,CEMOVI,02,20250409,20250409,SC,8233
60319232,0001,1,,02,20250409,20250409,SP,7107
60322821,0001,1,SEMPER PILATES E QUIROPRAXIA,02,20250409,20250409,ES,5677
60323339,0001,1,STUDIO MARIA SANTOS,02,20250409,20250409,ES,5623
60329172,0001,1,ARENA SPARTA,02,20250409,20250409,BA,3449
48623749,0001,1,EQUIPE SHILTON SANTOS,02,20221116,20221116,SP,7107
60338766,0001,1,ACADEMIA FORCA GYN,02,20250410,20250410,SP,6477
60351716,0001,1,FELP PERSONAL TRAINER,02,20250410,20250410,GO,9269
56684321,0001,1,VILLA'S FIT FUNCIONAL E MUSCULACAO,02,20240813,20240813,SC,8391
60361405,0001,1,CENTRO DE TREINAMENTO KACIQUE TEAM ACADEMIA,02,20250411,20250411,RR,0301
60362575,0001,1,BURN 360,02,20250411,20250411,CE,1247
60362797,0001,1,ACADEMIA FISIOFITNESS,02,20250411,20250411,AM,0253
60364308,0001,1,SOBRE VIVER PSICOLOGIA E ESTUDIO DE PILATES,02,20250411,20250411,MG,5403
60366475,0001,1,ACADEMIA NEOFIT,02,20250411,20250411,RS,8827
60370628,0001,1,ACADEMIA SC FITNESS,02,20250411,20250411,BA,3715
60373497,0001,1,IRON PUNK,02,20250411,20250411,BA,3669
60374645,0001,1,STUDIO CYNTHIA MICHELLY,02,20250411,20250411,PR,7535
24446367,0002,2,BODY FIT CENTER,02,20251029,20250414,MT,8985
58433966,0003,2,,08,20250728,20250414,SC,8183
60389652,0001,1,ACADEMIA TG FITNESS,02,20250414,20250414,RN,1873
60392363,0001,1,LIVENESS DC STUDIO PERSONAL,02,20250414,20250414,SC,8097
60398364,0001,1,,02,20241223,20241223,SC,8177
60410548,0001,1,,02,20250415,20250415,SP,7107
60420383,0001,1,CM PILATES STUDIO,02,20250415,20250415,RS,8851
48057316,0001,1,OFICINA DO CORPO,02,20220922,20220922,PE,2315
60422592,0001,1,,02,20250415,20250415,PR,7513
54840257,0001,1,W.A FIT,02,20240422,20240422,BA,3949
60429613,0001,1,FISIO FIT GYM,02,20250416,20250416,RS,6079
60430951,0001,1,B+FITNESS,02,20250416,20250416,RS,8489
60437608,0001,1,,02,20250416,20250416,RJ,6001
60440080,0001,1,,08,20260303,20250416,MG,5403
60440123,0001,1,,02,20250416,20250416,SP,6291
60451137,0001,1,ACADEMIA PH.D SPORTS,02,20250417,20250417,PR,7513
60451562,0001,1,ACADEMIA SIRIUS,02,20250417,20250417,BA,3651
60453154,0001,1,RITMO FORTE ACADEMIA,02,20250417,20250417,SP,2965
60454573,0001,1,ATIVE PERFORMANCE,02,20250417,20250417,PR,7777
60455702,0001,1,IN PULSE,02,20250417,20250417,RJ,5883
60475462,0001,1,,02,20250422,20250422,SP,7225
60488168,0001,1,PULSE20,02,20250422,20250422,RS,8649
27326161,0002,2,AGS FITNESS,02,20250422,20250422,GO,9535
60504139,0001,1,W7 ACADEMIA ITAJAI CENTRO,02,20250423,20250423,SC,8161
31810569,0004,2,ACADEMIA BIOTECH DESTERRO,02,20250423,20250423,MG,5401
60507766,0001,1,STUDIO FITNESS,02,20250423,20250423,PE,2523
60508888,0001,1,OVX SAUDE E PERFORMANCE,02,20250423,20250423,AM,0255
60511948,0001,1,ULTRA,08,20260303,20250423,SP,6219
60513849,0001,1,ACADEMIA PERFIL FITNESS,02,20250423,20250423,AP,0673
55353808,0001,1,CENTRO DE TREINAMENTO ALPHA,02,20240602,20240602,RS,8785
60515606,0001,1,MOTRIZ,08,20250828,20250423,SP,6607
60519432,0001,1,,02,20250424,20250424,PR,7667
60522096,0001,1,ZENI FITNESS CENTER,02,20250424,20250424,SP,6691
60526943,0001,1,STUDIO RS VALENTIM,02,20250424,20250424,RJ,5807
60530319,0001,1,LUCAS BRAGA,02,20250424,20250424,PR,7535
60540942,0001,1,CT E ACADEMIA STARTFIT,02,20250425,20250425,MG,4323
60549563,0001,1,,02,20250425,20250425,RJ,6001
60552589,0001,1,MARIO VICTOR PERSONAL TRAINER,02,20250425,20250425,BA,3685
60562389,0001,1,7 FIT,02,20250426,20250426,PE,2513
60565646,0001,1,ACADEMIA EXTREME,02,20250427,20250427,MG,5343
60568590,0001,1,ACADEMIA FISICUS,08,20251229,20250428,AL,2833
60576023,0001,1,AMARALINA RAMOS GARCIA STUDIO PILATES,02,20250428,20250428,RS,8855
60581627,0001,1,PB NAVIRAI,02,20250428,20250428,MS,9113
60583805,0001,1,,02,20250428,20250428,PR,7751
60585514,0001,1,LIV PILATES,02,20250428,20250428,MS,9073
60587264,0001,1,ACADEMIA MAROMBA,02,20250428,20250428,SP,6509
60590751,0001,1,GYM CEZAR,02,20250429,20250429,ES,5697
60591239,0001,1,TR CROSS TRAINING GEORGE OETTERER,02,20250429,20250429,SP,6521
58913663,0001,1,PYETRO ACADEMIA,02,20250116,20250116,PA,0054
60593482,0001,1,ACADEMIA SUPREMO FITNESS,02,20250428,20250428,PA,0369
60593723,0001,1,,02,20250429,20250429,SP,7107
60602217,0001,1,,02,20250429,20250429,SP,7107
60605142,0001,1,STUDIO TRAINER MAHL,08,20250514,20250429,MS,9787
60606237,0001,1,SE7EN - SEVEN CROSS TRAINING,02,20250429,20250429,BA,1112
60612193,0001,1,ESPACO FLOW FIT,02,20250430,20250430,SP,7107
60614214,0001,1,ESPACO NYSA PILATES,02,20250430,20250430,SP,6467
60621261,0001,1,ACADEMIA CORPO EM FORMA,02,20250430,20250430,PE,2433
60626838,0001,1,,02,20250430,20250430,SP,7107
60629683,0001,1,ESPACO FITNESS MORAIS,02,20250430,20250430,AL,2705
13826429,0012,2,,02,20250505,20250505,RN,1669
60666271,0001,1,FLOW PILATES STUDIO,02,20250505,20250505,PR,7563
60674190,0001,1,MF7 STUDIO,02,20250505,20250505,SP,7107
60674460,0001,1,STUDIO DE PILATES DRIELLEN FLORENTINO,02,20250505,20250505,MG,5401
60674883,0001,1,ACADEMIA NOVA FITNESS,02,20250505,20250505,BA,3629
60676464,0001,1,,02,20250505,20250505,RJ,6001
60292622,0001,1,STUDIO PG - TREINAMENTO E EVOLUCAO,02,20250407,20250407,SP,6511
60448812,0001,1,ACADEMIA SUPREMA,02,20250417,20250417,GO,9221
60688047,0001,1,,02,20250506,20250506,PR,7667
60691778,0001,1,ACADEMIA FITLIFE,02,20250506,20250506,BA,3543
60693990,0001,1,ARENA FITNESS TFE,02,20250506,20250506,AL,2785
60700080,0001,1,ANA WATEMBAK,08,20260611,20250506,PR,7535
60700632,0001,1,ESTUDIO DE PILATES JULIANA MIRANDA,02,20250506,20250506,SP,6273
60707309,0001,1,FIT CENTER,02,20250507,20250507,MG,0698
39725945,0002,2,,02,20250507,20250507,SP,6647
60709507,0001,1,,02,20250507,20250507,SP,7237
60719875,0001,1,ACADEMIA SHALOM,08,20251218,20250507,AL,2729
60726763,0001,1,ROCHA FITNESS ACADEMIA,02,20250508,20250508,PA,0427
60726891,0001,1,RDS INTERMEDIACOES,02,20250508,20250508,SP,7107
60737172,0001,1,CLAUDINEI LIMA TRAINING CENTER,02,20250508,20250508,BA,3913
60740009,0001,1,CLAUDIANE NG PILATES LTDA,02,20250508,20250508,BA,3849
60746410,0001,1,,02,20250509,20250509,SP,7183
60747233,0001,1,,02,20250509,20250509,SP,7145
60747788,0001,1,NUANCE GYM,02,20250509,20250509,RJ,6001
60755711,0001,1,ACADEMIA CALIFORNIA PRIME,02,20250509,20250509,SE,3233
60762075,0001,1,ZAPSTEP ACADEMIA,02,20250509,20250509,MG,4123
60772062,0001,1,FIT COMPANY,02,20250512,20250512,RJ,5833
07594978,0710,2,,02,20250512,20250512,DF,9701
07594978,0719,2,,02,20250512,20250512,PR,7691
07594978,0725,2,,02,20250512,20250512,RJ,5897
60775349,0001,1,CAHJU CENTRO DE TREINAMENTO INTEGRADO,02,20250512,20250512,SP,7033
60776527,0001,1,RBF 2 - REDE BRASIL FIT SERVICOS DE ACADEMIA,02,20250512,20250512,PE,2521
60776730,0001,1,ACADEMIA BUFALO FITNESS,02,20250512,20250512,PA,0513
60779536,0001,1,FOCALIZZARE PILATES SAUDE E MOVIMENTO ITAPIRA,02,20250512,20250512,SP,6553
60787491,0001,1,PILATES HOUSE STUDIO,02,20250512,20250512,RJ,5901
60788409,0001,1,CT TRANSFORMACAO,02,20250512,20250512,MA,0921
60795998,0001,1,,02,20250513,20250513,BA,3629
47494365,0002,2,FOCUS FUNCIONAL,02,20250513,20250513,SP,6509
60800758,0001,1,,02,20250513,20250513,SP,6663
49198033,0001,1,STUDIO VOLL,02,20230116,20230116,AC,0139
37621861,0002,2,INTENSE ACADEMIA,02,20250513,20250513,PA,0415
60813034,0001,1,STUDIO CIRCULO,02,20250513,20250513,BA,3685
48281027,0003,2,AMERICAN FIT,02,20250514,20250514,PA,0535
60823899,0001,1,STRONG LIFE GYM,02,20250514,20250514,SP,6563
60826650,0001,1,SOUL PILATES,02,20250514,20250514,MG,4675
60830448,0001,1,SKY FIT SANTA ISABEL,02,20250514,20250514,SP,7037
60839593,0001,1,ACADEMIA MAXFIT,02,20250515,20250515,MG,4903
60840472,0001,1,VINNY GUIMARAES CENTRO DE REABILITACAO,02,20250515,20250515,PE,2521
00318069,0057,2,,02,20250515,20250515,SP,7097
60845754,0001,1,STUDIO JOTA PILATES,02,20250515,20250515,SP,6181
60847872,0001,1,,02,20250515,20250515,SE,3197
60852859,0001,1,,02,20250515,20250515,SP,6969
48726610,0001,1,,08,20250206,20221125,PR,7583
60857940,0001,1,,02,20250516,20250516,ES,5617
60858266,0001,1,PRIME FITNESS ACADEMIA,02,20250516,20250516,PB,2241
60859304,0001,1,,02,20241220,20241220,RS,8593
60860351,0001,1,,02,20250516,20250516,PR,7535
60860669,0001,1,BRAVES JARDIM DAS AMERICAS,02,20250516,20250516,PR,7535
50354199,0001,1,STUDIO FIT,08,20230815,20230418,PI,1215
60862655,0001,1,STUDIO PERSONAL JACK CARDOSO,02,20250516,20250516,SC,8379
60863210,0001,1,ANITA K STUDIO DE GR,02,20250516,20250516,PR,7751
60865661,0001,1,CRONOS,02,20250516,20250516,GO,9561
60868019,0001,1,V2 ACADEMIA,08,20260227,20250516,CE,0991
60871700,0001,1,ACADEMIA BIO FIT,02,20250516,20250516,MS,1196
60873614,0001,1,COREUP TRAINING,08,20250801,20250516,RS,8933
60876318,0001,1,DOCA FIT ACADEMIAL LTDA,02,20250517,20250517,MG,4123
60883452,0001,1,,02,20250519,20250519,BA,3721
60883870,0001,1,NEXUS ACADEMIA,02,20250519,20250519,MG,5403
60883940,0001,1,HYBRIDU'S FIT CENTRO DE TREINAMENTO,02,20250519,20250519,RS,9821
60890454,0001,1,SOMUS GYM,02,20250519,20250519,RJ,5847
60893515,0001,1,SAUDE EM VIDA,02,20250519,20250519,MS,9051
60909106,0001,1,,02,20250520,20250520,SP,7057
60910454,0001,1,ATE O SIM,02,20250520,20250520,RJ,6001
60914403,0001,1,STUDIO MERLIN MARTINS,02,20250520,20250520,PR,7535
60924955,0001,1,PLAY FIT,02,20250520,20250520,PA,0447
60925850,0001,1,ACADEMIA GENESIS,02,20250521,20250521,MG,4123
54552979,0001,1,BODYFIT ACADEMY,08,20250521,20240402,BA,3651
60929416,0001,1,ACADEMIA P FITNESS,02,20250521,20250521,CE,1537
60930797,0001,1,OVER FIT CENTRO MORATO,02,20250521,20250521,SP,6427
60943573,0001,1,VIRTUS TRAINING,02,20250521,20250521,MG,4387
60954525,0001,1,,02,20250522,20250522,SP,6585
60955496,0001,1,,02,20250522,20250522,RJ,6001
60958371,0001,1,,02,20250522,20250522,SC,8047
60962942,0001,1,LU ESPACO FITNESS,02,20250522,20250522,MG,4787
22902694,0142,2,,02,20250523,20250523,MA,0937
29259430,0003,2,ACADEMIA STRIKE,02,20250523,20250523,SP,6405
60979619,0001,1,STUDIO RPLIFE,02,20250523,20250523,MS,9051
60981986,0001,1,,02,20250523,20250523,PR,7535
60983245,0001,1,,02,20250523,20250523,SP,7175
60985194,0001,1,,02,20250524,20250524,RO,0029
60994271,0001,1,ARENA 21 CENTRO DE TREINAMENTO,02,20250526,20250526,RJ,6001
60997691,0001,1,,08,20251105,20250526,SP,7099
61003361,0001,1,LIRA E GOMES FITNESS,02,20250526,20250526,DF,9701
61006918,0001,1,BRASFORT FITNESS,02,20250526,20250526,PI,1211
61008205,0001,1,HYPER - ESTUDIO DE TREINAMENTO PERSONALIZADO,02,20250526,20250526,SP,6645
61028763,0001,1,BG ESTRATEGIA E RESULTADOS,02,20250527,20250527,DF,9701
61047024,0001,1,,02,20250528,20250528,MS,9051
61052231,0001,1,PORTO GYM,02,20250528,20250528,RJ,5819
61056684,0001,1,ALLP FIT JUIZ DE FORA,02,20250529,20250529,MG,4733
61062960,0001,1,,08,20250929,20250529,SP,7107
61065078,0001,1,STUDIO CS14,02,20250529,20250529,PA,0443
61066034,0001,1,DAY BOA FORMA,02,20250529,20250529,PI,0366
61066757,0001,1,RNS ASSESSORIA ESPORTIVA,02,20250529,20250529,MG,4365
61067342,0001,1,ENERGIA PLUS,02,20250529,20250529,PB,2207
61069289,0001,1,ROCHA ATIVIDADES CONDICIONAMENTO FISICO,02,20250529,20250529,BA,3685
61070412,0001,1,,02,20250529,20250529,CE,1351
24687482,0002,2,ACADEMIA FISIOFITNESS ESTETICA E PILATES,02,20250529,20250529,AM,0255
61071325,0001,1,ERIC NARON PERSONAL TRAINER,02,20250529,20250529,BA,3391
61081847,0001,1,ATRIO PRO-FIT ACADEMIA,02,20250530,20250530,GO,9373
61084744,0001,1,ACADEMIA SANTA CECILIA,02,20250530,20250530,RR,0028
59289513,0002,2,SMARTIFIT,02,20250602,20250602,BA,3313
61109977,0001,1,FILIPE CELINO,02,20250602,20250602,SP,7107
61111343,0001,1,,02,20250602,20250602,SP,7099
61115617,0001,1,VIDAFIT FISIOTERAPIA E PILATES,08,20260507,20250602,PR,7483
61116452,0001,1,SKYFIT TIRADENTES,02,20250602,20250602,SP,7107
55804748,0001,1,SF FITNESS,02,20240704,20240704,MA,0943
61126480,0001,1,,02,20250603,20250603,RS,8801
61129006,0001,1,ACADEMIA MAXXFIT,02,20250603,20250603,SP,7097
61129069,0001,1,ESCOLAS DE BASE RT,02,20250603,20250603,RS,8785
61131712,0001,1,MAHELA FISIOTERAPIA,02,20250603,20250603,SP,6213
61135250,0001,1,INTEGRAR PILATES E FISIOTERAPIA,02,20250603,20250603,RN,1779
50665114,0001,1,FIT GIRLS ACADEMIA,02,20230514,20230514,SC,8163
61147459,0001,1,COLISEU GYM,02,20250604,20250604,RN,1759
61149674,0001,1,SKYFIT NASSER,02,20250604,20250604,MS,9051
61151552,0001,1,PEDRONI ASSESSORIA ESPORTIVA,02,20250604,20250604,ES,5703
51198181,0002,2,CENTRO DE TREINAMENTO FEMININO GEISE OLIVEIRA,02,20250604,20250604,GO,9361
61158269,0001,1,,02,20250604,20250604,SP,6579
61159241,0001,1,STUDIO MALTA FITNESS,02,20250604,20250604,AL,2815
61159467,0001,1,BSQ CLUBE PRIME,02,20250604,20250604,PI,1219
61167753,0001,1,G18 EVENTOS E TREINAMENTOS,08,20251201,20250605,PR,7901
61172860,0001,1,VITAL PRO CONDICIONAMENTO FISICO,02,20250605,20250605,RS,8717
61176606,0001,1,BIOGYM SAPIRANGA,02,20250605,20250605,RS,8899
61178278,0001,1,BARROS ACADEMIA,02,20250605,20250605,RJ,5851
61178466,0001,1,VITAE STUDIO DE PILATES E FUNCIONAL,02,20250605,20250605,MG,5403
61180968,0001,1,,02,20250605,20250605,MG,4133
61183212,0001,1,,02,20250605,20250605,PR,5453
54978115,0001,1,STUDIO DE PILATES GISELE VAIZ,02,20240502,20240502,SC,8179
61196178,0001,1,ALPHA FITNEES,02,20250606,20250606,MG,5417
61198513,0001,1,TOCCA GYM,02,20250606,20250606,BA,3849
61200753,0001,1,STUFIO F - ACADEMIA CUITEGI,02,20250606,20250606,PB,2005
61223535,0001,1,,02,20250609,20250609,SC,8105
61230517,0001,1,,02,20250609,20250609,SP,6155
61234009,0001,1,,02,20250609,20250609,PB,1929
61245977,0001,1,STUDIO PERSONAL SUZANO,02,20250610,20250610,SP,7151
28650590,0002,2,BOX GOLGOTA,02,20250610,20250610,GO,1066
61263817,0001,1,ROSAAEREA,02,20250611,20250611,RJ,6001
61264298,0001,1,AMG FITNESS & FISIO,02,20250611,20250611,SP,7107
61266502,0001,1,YOGA NATALIA GOMIDE,02,20250611,20250611,SP,7107
50524005,0002,2,REVIVER PILATES,02,20250612,20250612,MG,4111
56691021,0002,2,,02,20250612,20250612,SP,7099
61282808,0001,1,FIC,02,20250612,20250612,PA,0433
61297474,0001,1,CT AGRO FITNESS,02,20250613,20250613,SC,8001
61302654,0001,1,ATIVIDADES ESPORTIVAS BASTOS,08,20251212,20250613,BA,3685
61303052,0001,1,ACADEMIA CORPO EVOUTION,02,20250613,20250613,BA,3849
61316024,0001,1,MFS PILATES E FISIOTERAPIA,02,20250615,20250615,MG,4123
61329246,0001,1,,02,20250616,20250616,ES,5639
61330790,0001,1,S.A TREINAMENTO,02,20250616,20250616,RS,8801
48183018,0001,1,ACADEMIA ESPACO FITNESS,02,20221004,20221004,BA,3669
61340524,0001,1,,02,20250617,20250617,SP,7107
61343284,0001,1,BEM-ESTAR TOTAL,02,20250617,20250617,BA,3887
59443863,0001,1,BODY HEALTH WELLNESS CENTER,02,20250213,20250213,MG,4223
61350568,0001,1,KARLA SOARES PERSONAL TRAINER,02,20250617,20250617,MT,9871
61354341,0001,1,CT VALENCA,02,20250617,20250617,SP,7121
61363532,0001,1,ATHLETIC FITNESS ACADEMIA,02,20250618,20250618,PA,0565
19911088,0002,2,ENDORF TIME PILATES,02,20250620,20250620,PR,7633
61393733,0001,1,PERFORMANCE & RECOVERY GETULIO OLIVEIRA,02,20250621,20250621,MA,0937
61402508,0001,1,STUDIO DE MUSCULACAO,02,20250623,20250623,PA,0447
61404157,0001,1,,02,20250623,20250623,RJ,6001
61413507,0001,1,FIT AIRLIVE,02,20250623,20250623,SC,8179
61419811,0001,1,STUDIO AMAZONAS FITNESS,02,20250623,20250623,AM,0255
61422900,0001,1,,02,20250624,20250624,DF,9701
61423044,0001,1,,02,20250624,20250624,RS,8669
61423742,0001,1,,08,20250902,20250624,MG,4123
61424778,0001,1,,02,20250624,20250624,SC,8183
61425061,0001,1,PILATES CORPO EM HARMONIA,02,20250624,20250624,SP,6361
61430058,0001,1,CROTONA ACADEMIA,02,20250624,20250624,PR,7471
61439801,0001,1,,02,20250625,20250625,CE,1389
61439843,0001,1,ALFA FITNESS,02,20250625,20250625,BA,3499
61440168,0001,1,RITA GUERRA PERSONAL,02,20250625,20250625,SP,6979
61446920,0001,1,VENTURA,02,20250625,20250625,SP,7107
61449091,0001,1,,02,20250603,20250603,RJ,6001
60562389,0002,2,M7 FITNESS,02,20250625,20250625,PE,2491
61455627,0001,1,MOVIMENTAR STUDIO DE PILATES,02,20250625,20250625,MG,4371
61258313,0001,1,ORY FITNESS CLUB,02,20250611,20250611,CE,1389
60889747,0001,1,CMI - ESTUDIO DE PILATES,02,20250519,20250519,MG,4123
54684996,0005,2,TOTAL SAUDE ACADEMIA,02,20250626,20250626,RN,1761
53637329,0001,1,STUDIO MAIS SAUDE,02,20240124,20240124,RJ,5849
61468678,0001,1,,02,20250626,20250626,RS,8599
24921465,0127,2,,02,20250626,20250626,GO,9373
61470310,0001,1,PERSONAL GUILHERME ZAGO,02,20250626,20250626,SP,6645
24921465,0138,2,,02,20250626,20250626,SP,6789
61474824,0001,1,ACADEMIA BEM ESTAR,02,20250626,20250626,PE,2301
61479731,0001,1,MONKO CENTRO FITNESS,02,20250627,20250627,RS,8955
61487694,0001,1,TK START ACADEMIA,02,20250627,20250627,SE,3195
61505646,0001,1,VILLA BEACH,02,20250630,20250630,MA,0727
61506263,0001,1,,02,20250630,20250630,SP,6131
18419015,0002,2,NEW CT,02,20250630,20250630,SE,3111
61517856,0001,1,ATIVA FITNESS,02,20250630,20250630,CE,1351
61525782,0001,1,PB JEQUIRITUBA,02,20250701,20250701,SP,7107
61532938,0001,1,BODY CLUB,02,20250701,20250701,GO,9425
28689294,0002,2,BUNGEE TALITA LOYOLLA,02,20250702,20250702,MG,4167
61549319,0001,1,,02,20250702,20250702,MG,5391
61554893,0001,1,VK FITNESS,02,20250702,20250702,PR,7691
61555137,0001,1,STUDIO SENNA,02,20250702,20250702,SP,7153
61555149,0001,1,TEAM FITNESS,02,20250702,20250702,RJ,2909
61284296,0011,2,,02,20250612,20250612,RS,8683
61284296,0017,2,,02,20250612,20250612,RS,8771
61569598,0001,1,ESPACO FITNES E LAVAJATO PADRAO,02,20250703,20250703,MA,0200
61284296,0021,2,,02,20250612,20250612,RS,8801
61570574,0001,1,RN SPORT,02,20250703,20250703,SP,6175
61571047,0001,1,ACADEMIA MANSAO MAROMBA SANTO ANDRE,02,20250703,20250703,SP,7057
61576022,0001,1,ELITE FITNESS,02,20250703,20250703,PA,0539
61576058,0001,1,TAMIRES PERSONAL TRAINER,02,20250703,20250703,PE,2531
55262991,0001,1,,02,20240523,20240523,RN,1885
24395830,0022,2,FORCE ONE ACADEMIA,02,20250703,20250703,SP,6219
61582053,0001,1,WMN PILATES E FUNCIONAL,02,20250703,20250703,MG,4365
27734639,0002,2,ACADEMIA SPORT LIFE,02,20250703,20250703,ES,5725
61587588,0001,1,STUDIO RAPHAELA BERTOLINI,02,20250703,20250703,SP,6263
61591943,0001,1,MARCUS FERNANDES PERSONAL,02,20250704,20250704,BA,3849
61598007,0001,1,THE SOURCE STUDIO,02,20250704,20250704,SC,8163
61601931,0001,1,ESPACO LUZ PERFORMANCE,02,20250704,20250704,MG,5403
61603664,0001,1,CORPUS CT,02,20250704,20250704,MG,4309
07594978,0738,2,,02,20250707,20250707,ES,5703
61622385,0001,1,SUPER FIT,02,20250707,20250707,SP,7107
61625461,0001,1,SPORTFISIO PILATES,02,20250707,20250707,PR,7691
50727212,0002,2,TWO ASES GYM - HIGIENOPOLIS,02,20250707,20250707,SP,7107
28595118,0002,2,EXTREME,02,20250707,20250707,SP,6217
61629477,0001,1,,02,20250707,20250707,SP,7075
61631233,0001,1,,02,20250707,20250707,PR,7761
61632221,0001,1,STUDIO SUELEN ANDRADE PILATES & PERFORMANCE ESPORTIVA,02,20250707,20250707,SP,7107
61637285,0001,1,NAIA TERAPIAS INTEGRATIVAS,02,20250708,20250708,PA,0551
61637446,0001,1,ESTUDIO PHYSICARE,02,20250708,20250708,CE,1389
61637514,0001,1,MICHELE WETLER STUDIO FITNESS,02,20250708,20250708,ES,5687
52360551,0001,1,SP.MOVE STUDIO PILATES,02,20230929,20230929,PR,7691
61642691,0001,1,ACADEMIA CORPO A CORPO,02,20250708,20250708,MG,5403
57300798,0001,1,RECANTO DOS MAROMBAS,02,20240916,20240916,MG,0648
61646300,0001,1,AKILI ESTUDIO,02,20250708,20250708,RJ,5883
55067297,0001,1,STUDIO TATIANE OLIVEIRA,02,20240509,20240509,RJ,5925
51153106,0001,1,,02,20230622,20230622,CE,1389
61665656,0001,1,CT AJR - TREINAMENTO FUNCIONAL,08,20251007,20250709,MG,4519
61672498,0001,1,CASA DO SOL,02,20250709,20250709,PA,0427
61672637,0001,1,ACADEMIA SUPERACAO II,02,20250709,20250709,RO,0013
61675469,0001,1,STUDIO RAFAELI MISTICO - PERSONAL PILATES,08,20260312,20250710,SP,6433
61675741,0001,1,,02,20250710,20250710,SP,6689
61676711,0001,1,,02,20250710,20250710,PR,5467
61678270,0001,1,LU COUTO PILATES,02,20250710,20250710,SP,7107
61683848,0001,1,,02,20250710,20250710,MG,4957
61686263,0001,1,HELEVE - FISIOTERAPIA E PILATES,02,20250710,20250710,PR,7535
61687228,0001,1,,02,20250710,20250710,SP,7097
61689426,0001,1,CAICARA FITNESS,02,20250710,20250710,MA,0152
51835317,0004,2,,04,20260612,20250711,SP,6897
61705945,0001,1,,02,20250711,20250711,SP,6717
48713050,0006,2,,02,20250712,20250712,BA,3515
61728209,0001,1,EXERTOP ACADEMIA,02,20250714,20250714,RJ,5837
61734227,0001,1,ACADEMIA FITMUSCULACAO,04,20260529,20250714,CE,1545
49367051,0001,1,LAGARTO'S TRAINING STUDIO,02,20230127,20230127,ES,5637
47441819,0001,1,,02,20220805,20220805,MT,9937
61750499,0001,1,,02,20250715,20250715,PR,7825
46830499,0001,1,,08,20260205,20220620,SP,6969
61758379,0001,1,STUDIO FIGHT LAB JIU JITSU LTDA,02,20250715,20250715,BA,3849
61584581,0001,1,,02,20250703,20250703,SP,6177
54028035,0001,1,ACADEMIA NINTAI,02,20240222,20240222,SP,6349
61765536,0001,1,E.N PERFORMANCE,02,20250716,20250716,RN,1619
61766961,0001,1,GIUFIT PILATES,02,20250716,20250716,RJ,6001
61767254,0001,1,ROCK FITNESS ACADEMIA,02,20250716,20250716,GO,9625
57679857,0002,2,,02,20250716,20250716,SP,6153
54404928,0001,1,,02,20240320,20240320,SP,7075
61777902,0001,1,ACADEMIA DAY ONE,02,20250716,20250716,SP,6825
61784730,0001,1,MOVE FITNESS ACADEMIA,02,20250717,20250717,SP,6979
61795611,0001,1,,02,20250717,20250717,MG,4123
61795632,0001,1,STUDIO ENERGY FIGHT E FUNCIONAL,08,20260204,20250717,PR,0878
61805582,0001,1,,02,20250718,20250718,SP,7075
61806979,0001,1,,02,20250718,20250718,PR,7471
61809145,0001,1,EDOS FIT ADHEMAR DE BARROS,02,20250718,20250718,SP,6475
61811429,0001,1,,02,20250718,20250718,CE,1261
61816954,0001,1,,02,20250718,20250718,RJ,6001
61819530,0001,1,ACADEMIA MAROMBA,02,20250718,20250718,MT,9047
61819623,0001,1,SIMETRIA POR GIOVANNA MARCON,02,20250718,20250718,SC,8045
24752179,0002,2,SEVEN FIT,02,20250721,20250721,BA,3965
61838968,0001,1,STUDIO ANA CONSOLINE,02,20250721,20250721,SP,6569
17815649,0002,2,ACQUA HIDROFITNESS,02,20250721,20250721,AM,0269
44563997,0002,2,,02,20240812,20240812,SP,7029
61860666,0001,1,35+FIT,02,20250722,20250722,RS,8771
61861160,0001,1,LARISSA ALVES STUDIO DE PILATES E FISIOTERAPIA,02,20250722,20250722,SE,3105
61866155,0001,1,,02,20250722,20250722,SP,7053
61866863,0001,1,,02,20250722,20250722,RS,8769
61867932,0001,1,PRIME FIT 5,02,20250722,20250722,SC,8061
61786930,0002,2,,02,20250723,20250723,SC,8161
22902694,0147,2,,02,20250723,20250723,PA,0427
61877795,0001,1,,02,20250723,20250723,PR,7691
61880948,0001,1,STUDIO ALEX PEDRA - UNIDADE PELINCA,02,20250723,20250723,RJ,5819
61882212,0001,1,ACADEMIA VIDA ATIVA,02,20250723,20250723,MT,9191
61883556,0001,1,BI8,02,20250723,20250723,RJ,6001
61884910,0001,1,NA HARMONY,02,20250723,20250723,SP,7107
61889703,0001,1,,02,20250723,20250723,SC,8233
61895047,0001,1,STUDIO MILENA CAVALCANTE,02,20250724,20250724,AL,2719
61899657,0001,1,,02,20250724,20250724,MG,4733
52013999,0003,2,,08,20260204,20250725,ES,5675
61914703,0001,1,ONE FITNESS TERRA RICA,02,20250725,20250725,MT,8985
61915707,0001,1,WB STUDIO MONTANHA LTDA,02,20250725,20250725,ES,5669
61931210,0001,1,REEF 2 ACADEMIA,02,20250726,20250726,PE,2531
61945619,0001,1,CIA DO CORPO,02,20250728,20250728,PE,2531
49413698,0001,1,,08,20250807,20230131,SP,6979
61946860,0001,1,UPPER GATE CENTRO DE TREINAMENTO,02,20250728,20250728,RJ,6001
61947906,0001,1,EDFITNESS,02,20250728,20250728,BA,3729
61948764,0001,1,CLUB GYM,02,20250728,20250728,DF,9701
61949040,0001,1,ACADEMIA EQUILIBRIO FITNESS,02,20250728,20250728,PB,2065
59473535,0001,1,,02,20250214,20250214,RS,8771
49706242,0001,1,LEVEL ACADEMIA,02,20230224,20230224,MG,5409
61840782,0001,1,,02,20250721,20250721,RN,1651
05239361,0014,2,,02,20230413,20230413,RJ,6001
52233472,0001,1,ULTRA ACADEMIA GAMA,02,20230919,20230919,DF,9701
53551023,0001,1,ACADEMIA STRUG FIT UNIDADE 2,02,20240118,20240118,RN,1779
58019567,0001,1,BENESSERE ACCADEMIA,02,20241107,20241107,MS,9051
54848059,0001,1,F.A.C CENTRO DE TREINAMENTO E REABILITACAO,02,20240423,20240423,PI,1219
44766144,0001,1,GALERIA PEOPLE FIT ALCANTARA,02,20220106,20220106,RJ,5897
51334289,0001,1,,02,20230707,20230707,MA,0813
60581614,0001,1,SELFIT ACADEMIAS,02,20250428,20250428,BA,3363
54463200,0001,1,ACADEMIA KR FITNESS,02,20240325,20240325,TO,0185
61578651,0001,1,STUDIO JL HAIMOVICI,02,20250703,20250703,RS,8815
59892416,0001,1,SKYFIT GUAPORE RIBEIRAO PRETO,02,20250313,20250313,SP,6969
51229887,0001,1,IMPACTO FITNESS,02,20230629,20230629,RN,1779
22902694,0135,2,,02,20250319,20250319,MA,0889
50208425,0001,1,,02,20230404,20230404,MG,4371
58705340,0001,1,CROSS DELTA,02,20250108,20250108,MA,0943
58245824,0001,1,ELETROVOLTZ,08,20250922,20241127,SP,7107
49040042,0001,1,DC STUDIO FITNESS,02,20230103,20230103,MA,0921
46922288,0001,1,ESTHER RODRIGUES CAMARGO,08,20260324,20220627,RJ,5927
54954020,0001,1,ALL IN ONE ACADEMIA,02,20240430,20240430,DF,9701
51254739,0001,1,STTUDIO FITNESS MARI SANTOS,02,20230630,20230630,MS,9093
14209370,0002,2,STUDIO ELLEVE,08,20251014,20230628,SC,8105
50490615,0001,1,FENIX ACADEMIA,02,20230428,20230428,CE,0993
54483940,0001,1,FISIOPILATES,08,20251027,20240326,MG,4877
47788953,0001,1,,02,20220831,20220831,SC,8055
58440776,0001,1,CHAPADA FITNESS,02,20241212,20241212,GO,9305
57103456,0001,1,STIMULO PILATES,02,20240902,20240902,SP,2951
58297263,0001,1,,02,20241201,20241201,RN,1741
44838259,0001,1,VASCONCELOS PSICOMOTRICIDADE,02,20220112,20220112,MA,0921
55593828,0001,1,SMARTSUPPS INVACAO EM SUPLEMENTOS,02,20240619,20240619,SP,7145
61562298,0001,1,STUDIO MS YOGA & BEM-ESTAR,02,20250702,20250702,SP,6875
44559329,0001,1,FLAVIA MONTEIRO PERSONAL TRAINER,08,20250122,20211211,DF,9701
44774515,0001,1,FULL FITNESS,08,20260511,20220107,PE,2605
45018188,0001,1,BE LOVE AULAS COM AMOR,08,20231130,20220126,SC,8309
45742472,0001,1,ACADEMIA DFS GALILEU,02,20220322,20220322,BA,1112
52933432,0001,1,JP FUNCIONAL,02,20231120,20231120,GO,9487
57322754,0001,1,CERES PILATES,02,20240917,20240917,MS,9051
60489687,0001,1,CT CENTRO DE TREINAMENTO ALESSA PEREIRA,02,20250422,20250422,PR,7807
61342003,0001,1,ESPACO ESTETICO E CULTURAL DESISTIR JAMAIS LTDA,02,20250617,20250617,PA,0369
44173046,0001,1,STUDIO VZOLL,02,20211109,20211109,SP,7099
45987460,0001,1,ARENA GYM,02,20220411,20220411,RS,8709
44257836,0001,1,GORILA GYM,02,20211116,20211116,RJ,5849
46639509,0001,1,STUDIO PILATES CM MENEZES,02,20220602,20220602,SP,7107
46857054,0001,1,,02,20220621,20220621,SC,8333
48611864,0001,1,VIP GYM TREINAMENTO PERSONALIZADO,02,20221114,20221114,SC,8097
51214164,0001,1,,02,20230628,20230628,SP,7107
51310299,0001,1,FCT,02,20230705,20230705,AL,2785
52646322,0001,1,,02,20231024,20231024,BA,3469
53203316,0001,1,CRISTAL ACADEMIA,02,20231214,20231214,SP,6477
53497395,0001,1,CT ADVENTURE,02,20240115,20240115,PE,2381
55097359,0001,1,CROSS ZEUS II,02,20240513,20240513,RJ,5813
55365106,0001,1,CENTER PRIME FITNESS,02,20240603,20240603,MG,5401
55760559,0001,1,TERRITORIO FITNESS,02,20240702,20240702,MG,4095
57058212,0001,1,MOV STUDIO DE PILATES,08,20250624,20240828,SC,8251
57423495,0001,1,VALENTE FITNESS,02,20240925,20240925,RJ,6001
57499746,0001,1,IAC - INSTITUTO ALMEIDA CAMPOS,02,20240930,20240930,GO,9227
57923854,0001,1,TIME EDU PERFORMANCE PERSONALIZADA,02,20241031,20241031,MG,4123
57929179,0001,1,,08,20260213,20241101,MG,4959
57954727,0001,1,SETFIT ACADEMIA,02,20241104,20241104,SP,7097
57984662,0001,1,ACADEMIA SKY BLUE,02,20241105,20241105,SC,8105
58064290,0001,1,FENIX PERSONAL TRAINER,02,20241111,20241111,SP,7107
58708825,0001,1,ACADEMIA EVOLUTION,02,20250108,20250108,PE,2341
58791141,0001,1,SERTAO GYM,02,20250112,20250112,BA,3423
53351033,0001,1,ACADEMIA SPRINT FITNESS,02,20240103,20240103,GO,9495
59536685,0001,1,Z FITNESS ACADEMIA,02,20250218,20250218,BA,3595
59629341,0001,1,KEEP PILATES,02,20250224,20250224,SP,6969
59670945,0001,1,SUNSET FIT,02,20250226,20250226,GO,9373
44389717,0005,2,NASN FUNCIONAL - UNIDADE PINHEIROS,08,20250815,20250401,SP,7107
60773898,0001,1,ACADEMIA PROFIT,02,20250512,20250512,BA,3873
61228096,0001,1,GAROTAS DE FERRO,02,20250609,20250609,PR,7811
55173112,0001,1,,02,20240517,20240517,SP,7107
59640196,0001,1,,02,20250225,20250225,PR,7535
45651646,0001,1,POTENCIAL FITNESS ACADEMIA,02,20220315,20220315,MA,0803
58543904,0001,1,TOP GYM JANU,02,20241223,20241223,MG,4703
47978949,0001,1,PRISMA YOGA & TERAPIAS,08,20260119,20220916,PR,7535
54745722,0001,1,,02,20240416,20240416,RS,8801
48957133,0001,1,ACADEMIA SPORT VIDA,08,20260106,20221222,PR,7747
54661339,0001,1,ALFA FITNESS,02,20240409,20240409,GO,9373
58030754,0001,1,STUDIO BRABUS,08,20260204,20241108,SP,7107
47774140,0001,1,STUDIO RZ,02,20220830,20220830,RJ,5873
61248497,0001,1,CTZ RIO,02,20250610,20250610,RJ,6001
59394290,0001,1,FOCUS FITNESS,02,20250211,20250211,RJ,5833
44962834,0001,1,CHAMPIONS GYM,02,20220121,20220121,CE,1431
54961526,0001,1,STUDIO JULIANA XAVIER,02,20240501,20240501,CE,1409
49498304,0001,1,,02,20230207,20230207,SP,7097
44337393,0001,1,PRIME FIT ACADEMIA,02,20211123,20211123,PR,7707
51328994,0001,1,IRON WORLD,02,20230706,20230706,SC,5549
54388769,0001,1,,02,20240319,20240319,PE,2453
46770411,0001,1,MOVE UP ASSESSORIA DOS MOVIMENTOS,02,20241216,20220613,AM,0255
54719870,0001,1,ACADEMIA IMPERIUM,02,20240413,20240413,BA,3387
45880832,0001,1,MATHEUS LEHRER PERSONAL TRAINER,02,20220401,20220401,SC,8181
55505265,0001,1,,02,20240612,20240612,PR,7885
45876989,0001,1,ONEWAYFIT,02,20220401,20220401,DF,9701
47654344,0001,1,FUN FIT,02,20220821,20220821,RS,8801
57239510,0001,1,MUV GYM,02,20240911,20240911,GO,9531
49428441,0002,2,ACADEMIA NOVA FORMA,08,20260227,20230410,PI,0392
59401768,0001,1,,02,20250211,20250211,SP,7099
53369490,0001,1,,02,20240104,20240104,PR,7667
59130695,0001,1,,02,20250128,20250128,SP,7121
52233720,0001,1,,02,20230919,20230919,MG,4561
60960142,0001,1,OFICIAL GYM,02,20250522,20250522,SP,6291
51270099,0001,1,ACADEMIA FORCA E SUPERACAO,02,20230703,20230703,AL,2745
54050483,0001,1,CT FERNANDO MACHADO SILVA,02,20240224,20240224,RS,8683
54030274,0001,1,MUM FITNESS,02,20240222,20240222,GO,9289
57710520,0001,1,PANOBIANCO OSASCO,02,20241016,20241016,SP,6789
55020787,0001,1,FISIOMOV,02,20240506,20240506,GO,9227
55598391,0001,1,,02,20240619,20240619,MG,4123
53477537,0001,1,,02,20240112,20240112,RJ,6001
48438112,0001,1,MAXIMUS ACADEMIA E CONSULTORIA EM SAUDE,02,20241121,20221027,PA,0427
55330461,0001,1,STUDIO VIGORAR PILATES,02,20240529,20240529,GO,1066
60369601,0001,1,PWR AMERICANA,08,20260415,20250411,SP,6131
58703864,0001,1,4 ESTACOES FIT,02,20250108,20250108,RS,8915
44963455,0001,1,MUNDO FIT,02,20220121,20220121,MS,0141
49407347,0001,1,GOODBE PARQUE DAS NACOES,02,20230131,20230131,SP,7057
48630654,0001,1,MERI OUVERROSA,02,20221116,20221116,SC,8113
58555659,0001,1,STUDIO TONUS,02,20241226,20241226,SP,7107
51103715,0001,1,ACADEMIA EXTREME FITNNES,02,20230619,20230619,MT,9167
59818929,0001,1,,08,20260512,20250310,SP,7107
55402306,0001,1,BRANDAO FORMA FIT,02,20240605,20240605,RN,1775
56071074,0001,1,TITANIUM ACADEMIA,08,20260522,20240724,MG,4371
53902657,0001,1,M2 ACADEMIA,02,20240214,20240214,ES,5699
59375863,0001,1,CROSS EXPERIENCE PILAR,02,20250210,20250210,AL,2837
54867229,0001,1,LIONS FIT,04,20260609,20240424,SP,6225
53994561,0001,1,FM TREINAMENTO FUNCIONAL,02,20240221,20240221,MS,9051
47974408,0001,1,BATEX TOP TEAM,04,20260611,20220916,AP,0615
55892456,0001,1,,04,20260611,20240710,CE,1389
51238245,0001,1,CRISTAL ACADEMIA,02,20230629,20230629,SP,7121
61951135,0001,1,EQUIPE RODRIGO BRIVIO,02,20250728,20250728,RJ,6001
61953463,0001,1,OLYMPUS CROSS TRAINING,02,20250728,20250728,PI,1219
61953603,0001,1,FITZONE,02,20250728,20250728,CE,1389
61960097,0001,1,,02,20250729,20250729,PR,7425
61961283,0001,1,,02,20250729,20250729,CE,1447
61966547,0001,1,EKSPLOWD,02,20250729,20250729,RN,1719
61981267,0001,1,ESTACAO-FITNESS,02,20250730,20250730,DF,9701
61985358,0001,1,THE RUBY'S GYM,02,20250730,20250730,SC,8179
07594978,0750,2,,02,20250730,20250730,AM,0255
07594978,0751,2,,02,20250730,20250730,AM,0255
61988823,0001,1,DOJO YATTA,02,20250730,20250730,SP,6477
61994262,0001,1,CROSS RC,02,20250730,20250730,MG,4859
61994567,0001,1,B FIT ACADEMIAS,02,20250730,20250730,ES,5611
61995335,0001,1,A1000K FITNESS,02,20250730,20250730,BA,3685
62001560,0001,1,ESPACO SER,02,20250731,20250731,PA,0447
62016716,0001,1,,02,20250731,20250731,SC,8081
62018860,0001,1,NEXT FIT ACADEMIA,02,20250801,20250801,RJ,5833
62022616,0001,1,,02,20250801,20250801,MS,9073
62024894,0001,1,,02,20250801,20250801,RJ,6001
62026718,0001,1,,08,20260126,20250801,SE,3169
62042209,0001,1,IMPACTO ACADEMIA,02,20250803,20250803,MA,0767
22902694,0151,2,,02,20250804,20250804,PI,1153
62053728,0001,1,PHD KENNEDY,02,20250804,20250804,PR,7535
62062712,0001,1,BUMP CORE - STUDIO,02,20250804,20250804,SP,7071
62063051,0001,1,G LEAL ACADEMIAS LTDA,02,20250804,20250804,CE,1389
62065120,0001,1,WORKOUT,02,20250804,20250804,DF,9701
62071244,0001,1,ELITE CLUB,02,20250805,20250805,MG,4625
62073543,0001,1,EXTREMA FIT,02,20250805,20250805,TO,9659
62083628,0001,1,A2 FIT,02,20250805,20250805,RJ,6001
62093416,0001,1,ACADEMIA UM A MAIS FITNESS LTDA,02,20250806,20250806,ES,5699
62095717,0001,1,LS FIT,02,20250806,20250806,RR,0301
62099553,0001,1,,02,20250806,20250806,SP,7107
62099711,0001,1,GET FITNESS,02,20250806,20250806,GO,9373
62101901,0001,1,STUDIO NOVOS CICLOS,08,20250812,20250806,SP,7107
62104700,0001,1,HEITOR REIS - NUTRICAO E TREINAMENTO LTDA,08,20251216,20250806,SC,8039
62015405,0001,1,CORPORE FIT,02,20250731,20250731,RN,1713
62119880,0001,1,MAISAFIT,02,20250807,20250807,RN,1759
62133324,0001,1,ACADEMIA SEMPRE EM FORMA,02,20250808,20250808,MG,5249
62136615,0001,1,,02,20250808,20250808,RS,8801
62137590,0001,1,BRAVES CT,02,20250808,20250808,PR,7535
62141164,0001,1,SOTER ACADEMIAS,02,20250808,20250808,MG,5403
62142387,0001,1,ACADEMIA IMPERIO,02,20250808,20250808,DF,9701
62145929,0001,1,,02,20250808,20250808,SP,7107
62156057,0001,1,ESPACO FLORENCE - PILATES & FISIOTERAPIA,02,20250811,20250811,MG,4371
62156818,0001,1,BODY HEALTH WELLNESS CENTER,02,20250811,20250811,MG,5385
62161365,0001,1,MEGA FITNESS,02,20250811,20250811,SE,3209
62162016,0001,1,BOA FORMA ACADEMIA,02,20250811,20250811,SC,8175
62168894,0001,1,ALL LAVRAS FIT,02,20250811,20250811,MG,4763
62170012,0001,1,FP STUDIO DE PILATES,02,20250811,20250811,MG,5249
62181316,0001,1,STAR PLATINUM GYM,02,20250812,20250812,MG,5241
62188654,0001,1,,08,20251024,20250812,PR,7493
62199340,0001,1,,02,20250813,20250813,SP,7107
62199520,0001,1,BOX CR1 FITNESS,02,20250813,20250813,RS,8801
62203744,0001,1,EDUARDO ARAUJO PERSONAL TRAINER,08,20251114,20250813,MG,4865
62206477,0001,1,TURBO TRAINING,02,20250813,20250813,MG,4387
62207621,0001,1,EXPERIENCE STUDIO - PILATES & ELASTIC TRAINING,02,20250813,20250813,PE,2513
24921465,0143,2,,02,20250814,20250814,SP,6969
17790212,0002,2,BIOFITNESS CONDICIONAMENTO FISICO,02,20250814,20250814,PE,2465
62241077,0001,1,ACADEMIA 3 IRMAOS,02,20250815,20250815,AL,2775
62241408,0001,1,,02,20250815,20250815,PR,7535
35644328,0012,2,MOINHOS FITNESS,04,20260605,20250815,RS,8683
62245973,0001,1,STUDIO VELOS,02,20250815,20250815,RJ,5849
62252621,0001,1,,02,20250815,20250815,SP,7107
62265584,0001,1,,02,20250818,20250818,SP,7107
62266273,0001,1,ACADEMIA MOVIMENT,02,20250818,20250818,AM,0279
62266388,0001,1,AP SD ACADEMIA DE ESPORTES LTDA,02,20250818,20250818,MG,5213
62268411,0001,1,,02,20250818,20250818,SP,7107
62268536,0001,1,MT MARIANA TELES FISOTERAPIA E PILATES,02,20250818,20250818,BA,3413
62274657,0001,1,,02,20250818,20250818,SP,6489
62295892,0001,1,SPARTA ACADEMIA,02,20250819,20250819,PB,2073
62298999,0001,1,FURIA FITNESS,02,20250819,20250819,MA,0106
62311315,0001,1,RMPERSONAL,02,20250820,20250820,SP,6371
62312972,0001,1,BOXWORKOUT,02,20250820,20250820,RN,1615
62313006,0001,1,,02,20250820,20250820,SC,8327
62314533,0001,1,MOVIMENTO FLUIR,02,20250820,20250820,DF,9701
62317659,0001,1,IRONCEI STUDIO DE TREINAMENTO PERSONALIZADO,02,20250820,20250820,DF,9701
62333329,0001,1,DSFIT,02,20250821,20250821,AL,2785
62335068,0001,1,KAWAMOTO TEAM - UNIDADE BOSQUE,02,20250821,20250821,SP,7099
62350636,0001,1,PILATES SUZANA VIEIRA,02,20250822,20250822,SP,7157
14692835,0002,2,PERFORMANCE FIT,02,20250822,20250822,BA,3305
62365482,0001,1,OLIVER FIT,02,20250822,20250822,PA,0465
62367210,0001,1,STUDIO PERSONALIZADO EQUIPE LOPES,04,20260611,20250823,AP,0615
62373475,0001,1,GYM PUMP HOUSE,02,20250824,20250824,PA,0631
62376937,0001,1,CORPUS GYM,02,20250825,20250825,TO,9355
62377803,0001,1,,02,20250825,20250825,CE,1389
62395170,0001,1,CORE BALANCE,02,20250825,20250825,PA,0427
62399427,0001,1,STRONG FITNESS,02,20250826,20250826,DF,9701
62399883,0001,1,STUDIO DULCI VIEIRA,02,20250826,20250826,SP,7121
62403165,0001,1,SKYFIT CAMINHO DO MAR,02,20250826,20250826,SP,7075
62419776,0001,1,CT JULIANO BARBARINI,02,20250827,20250827,SE,3105
62424631,0001,1,,02,20250827,20250827,RJ,5877
62425261,0001,1,ROCK BODY,02,20250827,20250827,RJ,5867
62428827,0001,1,B&D TREINAMENTOS E SERVICOS,02,20250827,20250827,BA,3117
62434181,0001,1,SANTEJO RUN ASSESORIA ESPORTIVA,02,20250827,20250827,SP,7071
62434795,0001,1,DAGOS CROSSTRAINING,02,20250827,20250827,MT,1046
22902694,0153,2,,02,20250828,20250828,PE,2531
48834404,0002,2,NK STUDIO,02,20250828,20250828,SC,8047
62448743,0001,1,MONICA TEODORA PILATES FUNCIONAL,02,20250828,20250828,MG,4133
62462554,0001,1,,02,20250829,20250829,SC,8083
62472018,0001,1,GAVIOES EMBU DAS ARTES,02,20250829,20250829,SP,6401
37363212,0002,2,TK ACADEMIA,02,20250829,20250829,SP,6251
62472310,0001,1,FUI TREINAR SAUDE E FITNESS,02,20250829,20250829,MG,4123
62492911,0001,1,SOUZA SPORTS,02,20250901,20250901,SP,7107
62496029,0001,1,DW TRAINING,02,20250901,20250901,PR,7535
62502391,0001,1,ACADEMIA GOFIT,02,20250901,20250901,AL,2775
62511790,0001,1,ADRENALINE FITNESS,02,20250902,20250902,GO,9753
62521421,0001,1,KAREN PALHANO,02,20250902,20250902,SP,7145
62525278,0001,1,EVERE GYM,02,20250902,20250902,SP,6717
62525843,0001,1,SPA DO MOVIMENTO POR LETICIA FAGUNDES/PILATES E LPF,02,20250902,20250902,RS,8839
51241829,0005,2,SIMPLIFIT ACADEMIAS SUL,02,20250903,20250903,PI,1219
62534385,0001,1,STARTLIMIT,02,20250903,20250903,RS,8729
62541698,0001,1,SANTE GYM,02,20250903,20250903,BA,3083
49480201,0002,2,UNIDADE NATAL,08,20260206,20250903,RN,1761
62547095,0001,1,BLUE LAKE,02,20250903,20250903,SP,7077
62548579,0001,1,SLIM MODEL,02,20250903,20250903,MG,5403
62556067,0001,1,,02,20250904,20250904,MG,4123
62561984,0001,1,CROSS META,02,20250904,20250904,MS,9757
25115142,0005,2,TOTAL FIT ARARAS,02,20250904,20250904,SP,6165
25115142,0008,2,TOTAL FIT JACAREI 1,02,20250904,20250904,SP,6589
25115142,0011,2,TOTAL FIT MONTES CLAROS,02,20250904,20250904,MG,4865
62563369,0001,1,,02,20250904,20250904,SP,6579
62578931,0001,1,HYPE FIT,02,20250905,20250905,BA,3431
62582134,0001,1,,02,20250905,20250905,RJ,6001
62008688,0001,1,,02,20250731,20250731,SP,6831
62446268,0001,1,MR STUDIO FITNESS,02,20250828,20250828,MG,4491
07594978,0774,2,,02,20250908,20250908,SP,7107
62605231,0001,1,STUDIO FITNESS JAMILLE TELES,02,20250908,20250908,BA,3973
62606248,0001,1,KAIZEN FIT,02,20250908,20250908,SP,2967
62606577,0001,1,ONE BOX,02,20250908,20250908,AL,2785
24921465,0155,2,,02,20250908,20250908,GO,9433
62611236,0001,1,,02,20250908,20250908,SP,6221
35644328,0014,2,MOINHOS FITNESS,04,20260605,20250909,RS,8801
62639060,0001,1,ESPACO MOOV. PILATES,02,20250909,20250909,SP,7107
53299781,0003,2,,02,20250910,20250910,RS,9825
62646189,0001,1,LH FIT,02,20250910,20250910,PI,1083
22902694,0157,2,,02,20250910,20250910,MA,0889
62651516,0001,1,MM STUDIO,02,20250910,20250910,RJ,6001
62659481,0001,1,STUDIO SER FIT - SANTOS,02,20250910,20250910,SP,7071
62669556,0001,1,AURAVITTA PILATES,02,20250911,20250911,SP,6619
62691127,0001,1,LION CROSS FITNESS,02,20250912,20250912,BA,3569
62693201,0001,1,PRISCILA JESSICA DOS SANTOS PILATES E FISIOTERAPIA LTDA,02,20250912,20250912,MG,4123
62694582,0001,1,RM ACADEMIA,02,20250912,20250912,MG,4239
62702420,0001,1,PILATES KARINA PIRES,02,20250912,20250912,PE,2521
62716745,0001,1,INSPIRE PILATES,02,20250915,20250915,PR,7691
62732489,0001,1,ACADEMIA NEW FENIX,02,20250915,20250915,SP,7107
62504657,0001,1,IMPACTO FITNESS,08,20260205,20250901,PR,7493
61806031,0002,2,,02,20250916,20250916,BA,3849
62746693,0001,1,CLEIDE MARINHO,02,20250916,20250916,RN,1857
62751058,0001,1,,02,20250916,20250916,SP,7107
62756699,0001,1,STUDIO LEVEL UP,02,20250917,20250917,SC,8081
62757889,0001,1,AURA GYM,02,20250917,20250917,SP,7107
62768435,0001,1,STUDIO VOLL PERDIZES,02,20250917,20250917,SP,7107
62772379,0001,1,4PERFORMANCE,02,20250917,20250917,RS,8815
62781039,0001,1,,02,20250918,20250918,DF,9701
62788933,0001,1,STUDIO PA4,02,20250918,20250918,RJ,5801
62789069,0001,1,,02,20250331,20250331,RJ,5865
60132954,0002,2,ALBUQUERQUE,02,20250919,20250919,PE,2531
62800451,0001,1,ARES CENTRO DE TREINAMENTO,02,20250919,20250919,MA,0829
62801117,0001,1,,02,20250919,20250919,SP,7107
62811581,0001,1,INTEGRA MOVE,02,20250919,20250919,SP,7183
62813378,0001,1,AC STUDIO DE PILATES,02,20250920,20250920,SP,7107
43489773,0003,2,ACADEMIA VIDAFIT,02,20250922,20250922,CE,1385
62837583,0001,1,,02,20250922,20250922,SC,8117
62838232,0001,1,J. G. G. SPORT,02,20250922,20250922,BA,3515
62839481,0001,1,INSPIRE PILATES BUTANTA,02,20250922,20250922,SP,7107
62853870,0001,1,,02,20250923,20250923,SP,7071
62863473,0001,1,K&G STUDIO FITNESS,02,20250923,20250923,RS,0966
62865786,0001,1,,02,20250924,20250924,SP,7075
62866240,0001,1,GFIT ACADEMIA,02,20250924,20250924,AL,2795
62866370,0001,1,,02,20250924,20250924,PB,1945
62887295,0001,1,,02,20250925,20250925,SP,6291
51670345,0003,2,,02,20250925,20250925,SP,6469
62894363,0001,1,SKYFIT PEDERNEIRAS,02,20250925,20250925,SP,6835
07594978,0785,2,,02,20250925,20250925,DF,9701
62899862,0001,1,SEVEN FIT CLUB,02,20250925,20250925,PE,2419
62669702,0001,1,MAXIMUS CENTRO DE TREINAMENTO,02,20250911,20250911,SP,6949
62909010,0001,1,WL STUDIO,02,20250926,20250926,BA,3397
62933862,0001,1,LIFE SPORT,02,20250929,20250929,PR,7667
14235271,0002,2,,02,20260529,20250929,RJ,5915
62944952,0001,1,MOVIMENTAR - SAUDE INTEGRATIVA,02,20250929,20250929,MS,9051
62953247,0001,1,LIFE UP,02,20250929,20250929,SC,8179
60963819,0002,2,OLYMPIA MUSCULACAO FEMININA,02,20250930,20250930,MG,5207
62967001,0001,1,ARENA L3,02,20250930,20250930,CE,1437
62968183,0001,1,MISSAO SHAPE ACADEMIA,02,20250930,20250930,CE,1389
62968935,0001,1,PANOBIANCO ACADEMIA,02,20250930,20250930,SP,6639
62977495,0001,1,ARENA 022,02,20251001,20251001,RJ,5829
62987213,0001,1,ENERGY FIT,02,20251001,20251001,PB,2209
62989715,0001,1,NIKA FITNESS,02,20251001,20251001,BA,3669
62419428,0001,1,VBM FITSTUDIO FEMININO,02,20250827,20250827,GO,9227
62992345,0001,1,INSPIRE FITNESS,02,20251001,20251001,RS,5981
62992865,0001,1,KORPUS STUDIO,02,20251001,20251001,AM,0255
62997665,0001,1,TS FIT,02,20251001,20251001,RS,8619
63001303,0001,1,KING BENEGAO PERSONAL PRO LTDA,02,20251002,20251002,SP,6217
63006777,0001,1,ACADEMIA IRON HIIT,02,20251002,20251002,BA,3413
63011331,0001,1,SLIM FIT MORUMBI,02,20251002,20251002,SP,7107
38458225,0002,2,VALE CENTRO DE TREINAMENTO,02,20251002,20251002,SP,6905
70141189,0003,2,,02,20251002,20251002,RN,1779
63032118,0001,1,TK FITNESS,02,20251003,20251003,RJ,5865
63049578,0001,1,IPEC EDUCACAO,08,20251209,20251006,PA,0427
63050539,0001,1,FOUR FIT ACADEMIA,02,20251006,20251006,PI,1023
63052478,0001,1,TRAINER,02,20251006,20251006,AM,0255
56105016,0002,2,VELOCITY,02,20251007,20251007,DF,9701
63074845,0001,1,INVICTUS CROSS TRAINING,02,20251007,20251007,SP,7243
63076382,0001,1,ACADEMIA WELNESS FITNESS,02,20251007,20251007,RS,7297
63079606,0001,1,,02,20251007,20251007,RJ,5865
63080866,0001,1,STUDIO PRO FIT,02,20251007,20251007,MG,4223
63094876,0001,1,TIA TATI NATACAO,02,20251008,20251008,GO,9373
63096116,0001,1,,02,20251008,20251008,SP,7107
63102213,0001,1,VIEIRA FITNESS NOVA VENEZA,02,20251008,20251008,SP,7149
63105952,0001,1,IBOX FITNESS CLUB,02,20251008,20251008,PE,2627
63109256,0001,1,POWERFIT CENTRO DE TREINAMENTO,02,20251009,20251009,PB,1911
63110433,0001,1,VILAR NOVO GAMA,02,20250516,20250516,GO,1058
63110992,0001,1,BRONZATI PRIME GYM,02,20251009,20251009,SP,6581
33314680,0002,2,ENNERGY FIT,02,20251009,20251009,PI,1219
63113577,0001,1,ES FITNESS,02,20251009,20251009,BA,3761
63120644,0001,1,,02,20251009,20251009,SP,7107
46857141,0002,2,ACADEMIA STAY FIT,02,20251009,20251009,AL,2785
63122875,0001,1,MOVIMENTE,02,20251009,20251009,MT,9047
63131690,0001,1,ESPACO I,02,20251010,20251010,RJ,5861
63133287,0001,1,FALCOCT CENTRO DE TREINAMENTO,02,20251010,20251010,SP,7103
63136810,0001,1,,02,20251010,20251010,SP,7047
63156614,0001,1,FIT CENTER,02,20251013,20251013,SP,6323
63156658,0001,1,ESTUDIO PERSONAL ALB LTDA,08,20260511,20251013,PR,7511
20606351,0002,2,PRIME GYM FITNESS,02,20251013,20251013,RS,8873
63176438,0001,1,TROIA,02,20251014,20251014,RS,8877
63177359,0001,1,PH.D SPORT LONDRINA TIRADENTES,02,20251014,20251014,PR,7667
63184599,0001,1,SPARTA FITNESS ACADEMIA,02,20251014,20251014,MG,4921
63079807,0002,2,ACUA SAUDE,02,20251007,20251007,MS,9051
63194313,0001,1,IRON LAB,02,20251014,20251014,GO,9377
63195313,0001,1,STUDIO FITNESS UP,02,20251015,20251015,MT,9879
63196849,0001,1,TAIAMA SALLE PILATES,02,20251015,20251015,MS,9131
63198495,0001,1,NUCLEO TRAINING,02,20251015,20251015,SC,8289
48549537,0002,2,MOVIMENTO FEMININO,02,20251015,20251015,RS,8771
63209010,0001,1,ACADEMIA ROCHA,02,20251015,20251015,BA,3575
62947365,0001,1,,02,20250929,20250929,PI,1181
62890528,0001,1,LIFE FIT,02,20250925,20250925,PB,2171
63098432,0001,1,PILARES,02,20251008,20251008,RN,1761
63216199,0001,1,MACEIO MOVE STUDIOS DE TREINAMENTO,02,20251016,20251016,AL,2785
63226230,0001,1,4BEACH CLUB BAURU,02,20251016,20251016,SP,6219
07594978,0789,2,,02,20251016,20251016,GO,9571
03147548,0002,2,,02,20251016,20251016,SP,7107
63244047,0001,1,,02,20251017,20251017,RS,8939
63250496,0001,1,CENU CONDICIONAMENTO FISICO LTDA,02,20251017,20251017,SP,7107
63268101,0001,1,PERFORMANCE TRAINING,02,20251020,20251020,PA,0427
63274121,0001,1,LADY PERSONAL FITNESS,02,20251020,20251020,RR,0301
63276606,0001,1,GC CONDICIONAMENTO FISICO,02,20251020,20251020,SP,7107
63277256,0001,1,,02,20251020,20251020,PR,7691
30746458,0002,2,STUDIO VITA,02,20251020,20251020,SP,6259
63283939,0001,1,,02,20251021,20251021,MS,9073
63294216,0001,1,CARDIOICEFIT,02,20251021,20251021,RN,1761
63296474,0001,1,ACADEMIA MOVE,02,20251021,20251021,MT,9893
63306607,0001,1,JANILSON MOURA TREINADOR,02,20251022,20251022,PI,1219
63307814,0001,1,ACADEMIA IZEPE IMPULSO UP,02,20251022,20251022,MG,5381
63310963,0001,1,MUSCULACAO SUPERVISIONADA,02,20251022,20251022,SP,6897
63311520,0001,1,IRON FITNESS,02,20251022,20251022,BA,3691
63320015,0001,1,,02,20251022,20251022,RJ,0786
63330158,0001,1,ACADEMIA IRON BROTHERS,02,20251023,20251023,ES,5647
63339217,0001,1,FLIPERIA,02,20251023,20251023,SC,8161
63353093,0001,1,,02,20251024,20251024,CE,1389
63359860,0001,1,,08,20260514,20251024,MG,4797
63362497,0001,1,STUDIO DAM FITNESS,02,20251024,20251024,SP,6429
63377381,0001,1,PERSONAL NICOLAS ANDRE,02,20251027,20251027,SP,6713
63384332,0001,1,SIRIUS MIND & PILATES,02,20251027,20251027,SP,6361
63385456,0001,1,ACADEMIA SAUDE,02,20251027,20251027,RJ,6001
63391848,0001,1,,02,20251028,20251028,DF,9701
63157014,0001,1,MOVX ACADEMIA,02,20251013,20251013,SP,6361
63400533,0001,1,,02,20251028,20251028,SP,6969
63409988,0001,1,,02,20251028,20251028,DF,9701
63412164,0001,1,YAN FIT,02,20251029,20251029,AL,2785
63412482,0001,1,CASTROFIT STUDIO,02,20251029,20251029,GO,9413
59887668,0003,2,,02,20251029,20251029,PR,7535
63417656,0001,1,LAGO'S PILATES,02,20251029,20251029,RO,0029
63417757,0001,1,TEAM DIAS CONSULTORIA ESPORTIVA,02,20251029,20251029,BA,3965
63420422,0001,1,STAR FITNESS ACADEMIA DE GINASTICA,02,20251029,20251029,MG,4733
63421782,0001,1,ACADEMIA INSPIRAR,02,20251029,20251029,PR,7915
63450770,0001,1,ACADEMIA JAMILLE KIARA - CANOAS,02,20251031,20251031,PE,2443
63451344,0001,1,STUDIO CORPO E AGUA,02,20251031,20251031,SP,6197
63464354,0001,1,MOB PILATES,02,20251031,20251031,SP,7057
63464748,0001,1,,02,20251031,20251031,MS,9051
63468173,0001,1,,02,20251101,20251101,SP,6291
63480486,0001,1,MAIS FITNESS,02,20251103,20251103,ES,5721
63491064,0001,1,MOB PILATES,02,20251103,20251103,SP,7057
63508153,0001,1,FIT WOME MULHERES EM FORMA,02,20251104,20251104,GO,9919
63510001,0001,1,,02,20251104,20251104,SP,7183
63510202,0001,1,ACADEMIA TRYBALL,02,20251104,20251104,PA,0483
63511659,0001,1,ACADEMIA AD3 PENHA,02,20251104,20251104,SC,8245
63523053,0001,1,TIA DAISA CROSSKIDS,02,20251105,20251105,GO,1058
63524611,0001,1,,02,20251105,20251105,ES,5703
63525645,0001,1,CASA MAHA TERAPIAS,02,20251105,20251105,SP,7107
62539174,0001,1,REABILITARE STUDIO DE PILATES,02,20250903,20250903,MS,9063
63529537,0001,1,STUDIO PODIUM,02,20251105,20251105,BA,3993
63535336,0001,1,,02,20251105,20251105,RJ,5839
63251283,0001,1,PERFORMANCE ACADEMIA,02,20251017,20251017,PI,1023
63543819,0001,1,,02,20251106,20251106,RS,8841
63545496,0001,1,,02,20251106,20251106,SP,6685
63553174,0001,1,,02,20251106,20251106,PE,2577
63560747,0001,1,GO FORCE,02,20251107,20251107,SP,7145
63565609,0001,1,FLUIDA PILATES,02,20251107,20251107,SP,7107
63565799,0001,1,BW ESPORTES,08,20260326,20251107,SP,7107
63566283,0001,1,IUDICE SPORT,02,20251107,20251107,AP,0605
63569359,0001,1,,02,20251107,20251107,SE,3105
63575558,0001,1,MR NUTRICAO E TREINAMENTO,02,20251107,20251107,SP,6361
63310711,0001,1,,02,20251022,20251022,BA,3685
63591356,0001,1,FABIFIT,02,20251110,20251110,CE,1389
63596302,0001,1,,02,20251110,20251110,RS,7293
63597671,0001,1,ACADEMIA VILLA PRIME,02,20251110,20251110,BA,3849
63599857,0001,1,CROSS CIRCUIT,02,20251110,20251110,BA,3685
63608106,0001,1,STUDIO VIDA TITNESS,02,20251111,20251111,BA,3721
63614294,0001,1,MOVE ARENA,02,20251111,20251111,RJ,6001
63618627,0001,1,ACADEMIA SAUDE SAO LOURENCO LTDA,02,20251111,20251111,PE,2573
63622759,0001,1,,02,20251111,20251111,MG,4123
63633745,0001,1,,02,20251112,20251112,SP,7107
63642757,0001,1,PARAIZO ASSESSORIA,02,20251112,20251112,SP,6595
52005622,0002,2,QUALITY FIT - UNIDADE II,02,20251112,20251112,PB,2179
24339925,0032,2,,02,20251113,20251113,PR,7535
63654698,0001,1,PRIME FIT,02,20251113,20251113,GO,9539
63670883,0001,1,PRIME FITNESS,02,20251114,20251114,MA,0897
63676717,0001,1,,02,20251114,20251114,SP,6313
63329170,0001,1,ARENA BEACH CLUB GOIANA,02,20251023,20251023,MG,0620
63514824,0001,1,,02,20251104,20251104,MT,9067
63446881,0001,1,,02,20251030,20251030,PR,7667
63692657,0001,1,,02,20251117,20251117,MG,5133
63696987,0001,1,,02,20250113,20250113,PR,7583
63697095,0001,1,AP PERFORMANCE & ENDURANCE,02,20251117,20251117,SP,6619
63699881,0001,1,IN MOTION STUDIO FITNESS,02,20251117,20251117,RJ,6001
63705045,0001,1,ACADEMIA GAVIOES,02,20251117,20251117,SP,6915
63719206,0001,1,,02,20251118,20251118,PR,7691
63721883,0001,1,,02,20251118,20251118,TO,9733
63723953,0001,1,,02,20251118,20251118,MT,9925
63724521,0001,1,M.E. ASSESSORIA ESPORTIVA,02,20251118,20251118,RS,8801
63740280,0001,1,,02,20251119,20251119,CE,1345
63742403,0001,1,PANOBIANCO TELEMACO BORBA,02,20251119,20251119,PR,7915
40463740,0002,2,STUDIO MISS FITNESS,02,20251124,20251124,SC,8295
63782449,0001,1,ACADEMIA DO PIT,02,20251124,20251124,RJ,5833
63782994,0001,1,ACADEMIA CORPO & FORMA,02,20251124,20251124,AL,2793
63785013,0001,1,,02,20251124,20251124,SP,7145
63792020,0001,1,,02,20251124,20251124,CE,1409
63793521,0001,1,HM FIT TREINAMENTO ESPORTIVO,02,20251124,20251124,SC,8221
63800586,0001,1,ESTUDIO OSMARIO JUNIOR,02,20251125,20251125,BA,3565
63801123,0001,1,,02,20251125,20251125,SC,8369
63801181,0001,1,EVOTECH ACADEMIA,02,20251125,20251125,MG,5403
63801883,0001,1,AWN PERSONAL,02,20251125,20251125,DF,9701
63808665,0001,1,CENTRO DE TREINAMENTO NATURAL FIT,02,20251125,20251125,RS,8791
63809015,0001,1,GO! FITNESS,02,20251125,20251125,SC,8081
63586882,0001,1,PRO.MOOV,02,20251110,20251110,RO,0013
63413499,0001,1,STRONG CT,02,20251029,20251029,MA,0719
63710473,0001,1,AGUIAR PHYSICAL,02,20251117,20251117,PA,0599
63817849,0001,1,,02,20251126,20251126,SP,7107
52097303,0003,2,SIMFIT ACADEMIA - FILIAL CURUMIM,02,20251118,20251118,RS,8915
60949392,0003,2,,02,20251126,20251126,GO,9425
63832986,0001,1,,02,20251126,20251126,SP,6795
63846338,0001,1,,02,20251127,20251127,PR,7667
07594978,0814,2,,02,20251127,20251127,SP,7107
63848815,0001,1,,02,20251127,20251127,SP,7097
63858503,0001,1,HTC CENTRO DE TREINAMENTO,02,20251128,20251128,PR,7563
63861263,0001,1,EMILLY CERQUEIRA STUDIO TREINAMENTO FUNCIONAL,02,20251128,20251128,ES,5647
63867926,0001,1,MVK GYM,02,20251128,20251128,SP,6689
62120197,0001,1,ORPHEU TEAM,02,20250807,20250807,MG,5027
07594978,0757,2,,02,20250805,20250805,AM,0255
63801123,0002,2,,02,20251216,20251216,SC,8369
63652565,0001,1,,02,20251113,20251113,ES,5705
63874857,0001,1,ACADEMIA IMPACT FITNESS,02,20251201,20251201,CE,1253
63878922,0001,1,SKYFIT NOVO ANGULO,02,20251201,20251201,SP,2951
63899650,0001,1,ERGOVIDA,08,20260609,20251202,GO,9373
63901130,0001,1,,02,20251202,20251202,ES,5699
63902674,0001,1,,02,20251202,20251202,AL,2785
52747871,0002,2,KALANGO FITNESS CENTER,02,20251204,20251204,AP,0605
41921853,0002,2,SLIM - STUDIO FITNESS,02,20251204,20251204,BA,3355
63928122,0001,1,,02,20251203,20251203,RJ,5819
63928208,0001,1,,02,20251203,20251203,RJ,5833
63932286,0001,1,LETICIA ONAGA PREPARACAO FISICA,02,20251201,20251201,SP,7107
63943325,0001,1,INFINITY,02,20251204,20251204,ES,5703
63945517,0001,1,,02,20251204,20251204,MG,4141
63946364,0001,1,,02,20251204,20251204,MS,9051
63743344,0001,1,KAWE BRITO PERFORMANCE,02,20251119,20251119,SP,6361
63960137,0001,1,MAXIMIS ACADEMIA LTDA,02,20251205,20251205,PA,0427
63970959,0001,1,TOYOFIT,02,20251205,20251205,PE,2459
63975110,0001,1,RBN ASSESSORIA ESPORTIVA,02,20251208,20251208,SP,7107
50550877,0005,2,C4 TIRADENTES,02,20251209,20251209,SP,7107
63986534,0001,1,PANOBIANCO ACADEMIA BIRIGUI,02,20251209,20251209,SP,6229
63990172,0001,1,CASE GYM,02,20251208,20251208,RJ,6001
63899478,0005,2,,02,20251201,20251201,RS,8443
63899478,0006,2,,02,20251201,20251201,RS,8577
64007632,0001,1,CT MAROMBA,02,20251210,20251210,PB,1949
64021235,0001,1,STUDIO VIDA ATIVA,02,20251202,20251202,MG,4625
64033644,0001,1,POWERFIT,02,20251212,20251212,PI,1223
64039658,0001,1,ITS FIT,02,20251208,20251208,GO,9373
64042079,0001,1,BASE,02,20251212,20251212,RJ,6001
64051423,0001,1,CFI FIT,02,20251211,20251211,MG,4633
64064781,0001,1,TRANSFORMA ACADEMIA,02,20251215,20251215,SP,7107
64066993,0001,1,PLANETA FITNES ACADEMIA,02,20251215,20251215,PA,0062
63867540,0001,1,,08,20260123,20251128,RO,0009
64069623,0001,1,IRON HOUSE,02,20251216,20251216,MG,4117
22902694,0178,2,,02,20251216,20251216,PE,2531
64076027,0001,1,NBP STUDIO FITNESS,02,20251211,20251211,SP,6163
64079367,0001,1,M MARTINS DA COSTA,02,20251216,20251216,AM,0255
64080631,0001,1,MOVHELTH,02,20251216,20251216,GO,9433
64081877,0001,1,,02,20251215,20251215,BA,3807
00318069,0065,2,,02,20251217,20251217,SP,7107
64089703,0001,1,ACADEMIA STYLLE FITNESS,02,20251216,20251216,PA,0443
64091034,0001,1,ALLP FIT ACADEMIA,02,20251216,20251216,RN,1761
64091113,0001,1,ACADEMIA KIME- KAN,08,20260507,20251212,RJ,5847
64093639,0001,1,SIMETRIA,02,20251212,20251212,MS,9051
64094151,0001,1,WE STUDIO,02,20251217,20251217,SP,7107
64096556,0001,1,STUDIO ESTEVES PILATES,02,20251217,20251217,MG,4133
64097794,0001,1,TREINADOR RAFAEL VALADARES,02,20251217,20251217,PR,7535
64098118,0001,1,STUDIO MOVEMENTE FUNCIONAL TRAINNING,02,20251217,20251217,MG,4771
64102850,0001,1,COACH & HEALTH,02,20251218,20251218,SP,6979
64103448,0001,1,INVICTUS,02,20251217,20251217,MG,5371
24921465,0164,2,,02,20251218,20251218,SP,7107
64110956,0001,1,PUB STARK BOOM LTDA,02,20251209,20251209,MG,4723
64137500,0001,1,BW NATACAO,02,20251219,20251219,CE,1349
64140918,0001,1,UPPER CLUB SPORT,02,20251222,20251222,RJ,6001
64141181,0001,1,MOVIMENT MAIS FITNESS,02,20251216,20251216,MA,0921
64142752,0001,1,,02,20251222,20251222,SP,6589
64157614,0001,1,INTENSE STUDIO PERSONAL LTDA,02,20251223,20251223,MG,4371
64165732,0001,1,PLANETA CALISTENIA,02,20251226,20251226,MG,5343
48911018,0002,2,,02,20251226,20251226,BA,3599
64189807,0001,1,CENTRAL FITNESS,02,20251211,20251211,RJ,0782
64190847,0001,1,,02,20251229,20251229,SP,7107
64195602,0001,1,,02,20251219,20251219,SP,7107
64197109,0001,1,STUDIO FORTES PILATES E FISIOTERAPIA,02,20251230,20251230,CE,1389
64202819,0001,1,JE POWER PILATES,02,20251229,20251229,RO,0005
54442027,0002,2,,02,20251231,20251231,SP,6583
64209867,0001,1,,02,20251226,20251226,SP,7107
64210662,0001,1,FRANCISCO JR PERSONAL,02,20251230,20251230,GO,1052
07594978,0780,2,,02,20250912,20250912,RJ,5869
64216116,0001,1,CONNECT FIGHT,02,20251223,20251223,SP,6291
64217756,0001,1,SAUDE PLENA ACADEMIA,02,20251218,20251218,MG,5371
62878232,0001,1,D COSTA ACADEMIA,02,20250924,20250924,PE,2627
64250639,0001,1,PRO FITNESS LTDA,02,20251230,20251230,SP,7079
64251712,0001,1,,02,20251222,20251222,SP,6335
64252379,0001,1,,02,20251218,20251218,SP,6969
64252391,0001,1,DIDA PERSONAL,02,20251211,20251211,SP,6411
64253223,0001,1,,02,20260102,20260102,SP,7057
64255365,0001,1,STUDIO 7 PERSONAL,02,20251231,20251231,DF,9701
64256306,0001,1,,02,20251230,20251230,RJ,5915
64257901,0001,1,,02,20251222,20251222,RS,9825
64260758,0001,1,ARKYN FIT,02,20251219,20251219,PR,7599
64262487,0001,1,PROWOD CROSSTRAINING,02,20251223,20251223,RS,8683
64262937,0001,1,,02,20251224,20251224,MG,4331
64285742,0001,1,,02,20260106,20260106,RS,8801
64297762,0001,1,,02,20260106,20260106,MG,5047
64302841,0001,1,ESTUDIO WG PERSONAL,02,20260106,20260106,GO,9221
64315519,0001,1,STUDIO RDJ,02,20260102,20260102,SP,6979
08072295,0009,2,PRATIQUE VILA OLIMPICA,02,20260107,20260107,MG,4123
08072295,0033,2,PRATIQUE HERCILIO LUZ,02,20260107,20260107,SC,8105
08072295,0042,2,PRATIQUE JURERE INTERNACIONAL,02,20260107,20260107,SC,8105
08072295,0062,2,PRATIQUE CRICIUMA 2,02,20260107,20260107,SC,8089
08072295,0078,2,PRATIQUE CURVELO,02,20260107,20260107,MG,4417
08072295,0084,2,PRATIQUE ICARA,02,20260107,20260107,SC,8137
08072295,0096,2,PRATIQUE SAO BENETIDO,02,20260107,20260107,MG,5155
08072295,0102,2,PRATIQUE GLORIA,02,20260107,20260107,MG,4123
08072295,0114,2,PRATIQUE PATO BRANCO CENTRO,02,20260107,20260107,PR,7751
08072295,0130,2,PRATIQUE PALMEIRAS,02,20260107,20260107,MG,4123
64334685,0001,1,GUSTAVO API PREPARACAO FISICA,02,20260107,20260107,PR,7535
64339927,0001,1,CLINICA VEM SER,02,20260108,20260108,PR,7535
64341538,0001,1,JUNIOR PERSONAL PRO,02,20260108,20260108,PE,2573
64346957,0001,1,VIBE ACADEMIA SSB,02,20260108,20260108,RN,1863
64358231,0001,1,LEAL SOLUCOES EM PILATES,02,20260108,20260108,SP,6477
64365465,0001,1,,02,20260107,20260107,RN,1881
64369397,0001,1,ESPACO FITNESS GIRL,02,20251222,20251222,GO,9221
64371626,0001,1,PRIME GYM,02,20260109,20260109,PR,7927
64371857,0001,1,DEL NINO ESTETICA E PILATES,02,20260107,20260107,SP,6563
64381027,0001,1,L P FENIX,02,20260109,20260109,GO,9403
64389627,0001,1,DANIELLE RAPOSO FISIOTERAPIA E PILATES,02,20260109,20260109,SP,6475
64398989,0001,1,CT R.PITBULL,02,20260111,20260111,BA,3875
64404185,0001,1,,02,20260109,20260109,SP,7107
64406691,0001,1,HIBRIDO NORT,02,20260112,20260112,AP,0615
64414623,0001,1,TERRACOTA PILATES E SAUDE,02,20260112,20260112,MT,9035
64415600,0001,1,STYLEFIT 2.0 ACADEMIA,02,20260112,20260112,PA,0411
64435781,0001,1,,02,20260113,20260113,MS,9063
64438485,0001,1,ASCEND GYM STUDIO DE MUSCULACAO PERSONALIZADA,02,20260113,20260113,SC,5579
22902694,0182,2,,02,20260113,20260113,MA,0921
64446102,0001,1,SILLAS PERSONAL,02,20260113,20260113,RJ,6001
64448964,0001,1,ACADEMIA P5,02,20260113,20260113,BA,3091
64449476,0001,1,NEW LIFE FITNESS CLUB INDEPENDENCIA,02,20260113,20260113,PA,0415
64450297,0001,1,,02,20260112,20260112,SP,6551
64451762,0001,1,ALMEIDA PERFORMANCE,02,20260113,20260113,SP,7097
64456934,0001,1,STUDIO VOLL,02,20260113,20260113,SP,7107
64457238,0001,1,ROBSON ANDRADE PERSONAL,02,20260113,20260113,SP,7107
64458013,0001,1,SFIT ACADEMIA,02,20260113,20260113,RJ,6001
64464029,0001,1,AREA FIT CENTRO DE TREINAMENTO,02,20260113,20260113,SP,6159
64471276,0001,1,,02,20260112,20260112,RJ,5915
64472352,0001,1,,02,20260113,20260113,PE,2629
64487352,0001,1,STUDIO FIGHT MARCELLA MONACCHI,02,20260113,20260113,SP,6475
64490264,0001,1,,02,20260107,20260107,SP,7071
64494629,0001,1,ACADEMIA IMPACTO,02,20260114,20260114,GO,9595
64497152,0001,1,STUDIO CORE3,02,20260113,20260113,SC,8143
64501225,0001,1,ESTUDIO 360,02,20260114,20260114,SP,6373
64508043,0001,1,ACTION 360 VILA LEOPOLDINA.,02,20260115,20260115,SP,7107
64508065,0001,1,ACADEMIA FAMILIA SPARTA,02,20260114,20260114,BA,1112
64526704,0001,1,,02,20260116,20260116,RS,8815
64527004,0001,1,VERT GYM,02,20260113,20260113,PR,7535
64530282,0001,1,TEAM PEGASUS,02,20260116,20260116,MG,5313
64531367,0001,1,,02,20251209,20251209,SP,7243
64532359,0001,1,WFIT ACADEMIA,02,20260116,20260116,GO,9437
64532962,0001,1,,02,20260115,20260115,PE,2531
64536216,0001,1,STUDIO MULHER FITNESS,02,20260116,20260116,MG,4527
64542433,0001,1,COMUNIDADE FIT,02,20260115,20260115,MG,5401
64567229,0001,1,STUDIO 540,02,20260119,20260119,RS,8773
64575280,0001,1,ZEN PILATES BY ELOISA MARA,02,20260119,20260119,PR,7535
64575648,0001,1,PILATES LIFE 7,02,20260119,20260119,MA,0921
64579255,0001,1,,02,20260116,20260116,SP,7075
64611559,0001,1,DANIEL NOVAIS TP,02,20260120,20260120,MS,9051
64618177,0001,1,,08,20260210,20260120,PE,2435
64620424,0001,1,VION PILATES,02,20260116,20260116,SP,7057
64620736,0001,1,FIT ONE,02,20260119,20260119,PR,7427
64621894,0001,1,TREINAMENTOS AMS,02,20260119,20260119,SC,8233
64629494,0001,1,TP PERSONAL TRAINING,02,20251208,20251208,SP,6969
64648498,0001,1,SIGMETAL ACADEMIA,02,20260122,20260122,BA,3533
64649538,0001,1,GJFITNESS ACADEMIA,02,20260120,20260120,RN,1779
64650737,0001,1,,02,20260121,20260121,RJ,6001
64656854,0001,1,,02,20260121,20260121,SP,6953
64661984,0001,1,ACADEMIA CONFIANCA FITNESS,02,20260121,20260121,SP,6957
64663140,0001,1,PONTO FITNESS ACADEMIA,02,20260122,20260122,DF,9701
64664508,0001,1,TSG ESPORTES,02,20260122,20260122,RS,8801
64669338,0001,1,ACADEMIA CORPO EM DIA,02,20260122,20260122,MG,4357
64679200,0001,1,AGEFIT,02,20260121,20260121,BA,3083
64679221,0001,1,RP PERFORMANCE,02,20260121,20260121,PR,7535
64684443,0001,1,DENISE DA SILVEIRA LEITE EDUCADORA FISICA,02,20260121,20260121,SP,6477
64685593,0001,1,B4RUN,02,20260121,20260121,SP,7107
64685822,0001,1,V P FITNESS,02,20260119,20260119,CE,9853
64686282,0001,1,ACTION 360,02,20260123,20260123,SP,7107
64686583,0001,1,RECRUTA ACADEMIA,02,20260123,20260123,PB,2221
64691121,0001,1,MOVT APP,02,20260123,20260123,SP,7107
64692389,0001,1,STUDIO DE PILATES NAYADINI DIAS,02,20260122,20260122,CE,1389
64693702,0001,1,,02,20260122,20260122,SP,7107
64710872,0001,1,MBSTUDIO TREINAMENTO FISICO PERSONALIZADO,02,20260123,20260123,SC,8179
64710884,0001,1,CORPO LIBRE BLUMENAU,02,20260119,20260119,SC,8047
64712242,0001,1,MORAES & NEIVA SAUDE E BEM-ESTAR LTDA,02,20260126,20260126,SP,2951
64716572,0001,1,PLENARTE BALLET,02,20260121,20260121,SP,7107
64718542,0001,1,ACADEMIA ELEMENTO X,02,20260126,20260126,PE,2539
64722573,0001,1,CHIORO SWIM,02,20260126,20260126,SP,7107
64725714,0001,1,,02,20260122,20260122,SP,7079
64726172,0001,1,,02,20260126,20260126,SC,8081
64726553,0001,1,PERFORMANCE E SAUDE,02,20260126,20260126,PA,0569
64730353,0001,1,ESTUDIO CORPO ATIVO,02,20260127,20260127,BA,3849
64736181,0001,1,R3 FITNESS,02,20260127,20260127,ES,5611
64743821,0001,1,STUDIO WELLNESS 2,02,20260123,20260123,PI,1153
64744737,0001,1,WE PEREZ JUNIOR SERVICOS DE SAUDE,02,20260127,20260127,GO,9473
64745382,0001,1,MPS FITNESS,02,20260127,20260127,DF,9701
64749836,0001,1,TOP FIT ACADEMIA,02,20260127,20260127,MT,9151
64750570,0001,1,AHA CONSULTORIA,02,20260121,20260121,MG,4123
64754388,0001,1,ACADEMIA IRON FIT,02,20260127,20260127,PR,7843
64754509,0001,1,RESPIRE PILATES,02,20260128,20260128,MT,9789
64758424,0001,1,CENTRO DE TREINAMENTO PERSONALIZADO INGRIDE JOICE,02,20260128,20260128,MG,5041
64762440,0001,1,,02,20260128,20260128,MG,5025
64765368,0001,1,TOP FIT AGUA QUENTE,02,20260128,20260128,RJ,5915
64768086,0001,1,HOLA PILATES STUDIO,02,20260128,20260128,PR,7535
64768254,0001,1,STUDIO DE PILATES ANA LAURA PEREIRA,02,20260128,20260128,MG,4069
64769096,0001,1,ANNIELE MATOS ESTUDIO DE PILATES,02,20260128,20260128,BA,3843
64771565,0001,1,JEL MARUIPE,02,20260126,20260126,ES,5705
64773909,0001,1,CT STUDIO - CENTRO DE TREINAMENTO JAYRA,02,20260128,20260128,SE,3207
64775671,0001,1,VM GOLD ACADEMY,02,20260129,20260129,PR,8473
64776620,0001,1,GIULIANA PERSONAL TRAINER,02,20260123,20260123,SP,7075
64777560,0001,1,AFIT,02,20260128,20260128,MA,0757
64779841,0001,1,GDANCE STUDIO,02,20260127,20260127,CE,1447
64782341,0001,1,JULIANA QUADROS PERSONAL TRAINER,02,20260129,20260129,RJ,5847
64794099,0001,1,STUDIO PANK,02,20260129,20260129,ES,5709
64795153,0001,1,,02,20260129,20260129,AM,0255
64798256,0001,1,,02,20260130,20260130,CE,1585
64799160,0001,1,HARMONIZE PILATES - PILATES E FISIOTERAPIA,02,20260130,20260130,PR,7481
64800320,0001,1,SKYFIT,02,20260128,20260128,PE,2457
64802422,0001,1,ALLISSON VIEIRA DOS SANTOS,02,20260130,20260130,SP,7107
64806107,0001,1,,02,20260130,20260130,RJ,5865
64809408,0001,1,,02,20260130,20260130,RJ,6001
64846742,0001,1,STUDIO DE PILATES FERNANDA CASTRO,02,20260128,20260128,PE,2457
64850158,0001,1,BRUNO ARANTES HEALTH & PERFORMANCE,02,20260202,20260202,AM,0255
64850573,0001,1,,02,20260128,20260128,SP,7107
64866883,0001,1,GORILAZ CT,02,20260202,20260202,CE,1389
64869329,0001,1,STUDIO MOVI.MENTE PILATES E FISIOTERAPIA,02,20260202,20260202,MG,5391
64872402,0001,1,CASA MF,02,20260202,20260202,SP,7071
64873171,0001,1,YINTERACAO,02,20260202,20260202,SP,7107
64878758,0001,1,INSIST SERVICOS,02,20260129,20260129,GO,9221
64881909,0001,1,SLMB FIT PERFORMANCE,02,20260106,20260106,GO,9599
64882184,0001,1,GREENLIFE COCO,02,20260202,20260202,CE,1389
64886044,0001,1,,02,20260203,20260203,PR,7691
64892519,0001,1,,02,20260202,20260202,RN,1779
64893226,0001,1,ACADEMIA CHL SUPREME,02,20260203,20260203,SC,8251
64434479,0001,1,,02,20260112,20260112,RS,8681
64899865,0001,1,,02,20260203,20260203,ES,5647
64905781,0001,1,LK PERSONAL TRAINING,02,20260203,20260203,CE,1389
64914406,0001,1,JUNGLE FIT,02,20260204,20260204,RJ,5869
64916650,0001,1,VOCE MAIS FIT TREINAMENTO FISICO,02,20260130,20260130,SP,6969
64918456,0001,1,SMART FIT CRUZEIRO,02,20260204,20260204,DF,9701
53435997,0002,2,STAR FITNESS ACADEMIA,02,20260204,20260204,PA,0441
64924154,0001,1,LS FIT ACADEMIA,02,20260204,20260204,TO,9527
64926297,0001,1,ESPACO TOTUS TUUS TRAINER,02,20260123,20260123,PA,0447
64926383,0001,1,,02,20260204,20260204,MG,4123
64926528,0001,1,SAUDE EM MOVIMENTO,02,20260204,20260204,MA,0803
64933993,0001,1,RITMO & SAUDE - VIDA EM MOVIMENTO,02,20260203,20260203,PB,2051
64941084,0001,1,JULIANA CARRARA STUDIO DE PILATES E FISIOTERAPIA LTDA I,02,20260204,20260204,SP,6671
64941868,0001,1,STUDIO PIUVITA,02,20260204,20260204,RJ,5919
64949876,0001,1,DSF ASSESSORIA ESPORTIVA,02,20260203,20260203,SP,6291
64374544,0001,1,,02,20260109,20260109,MG,5397
64955498,0001,1,,02,20260205,20260205,CE,1389
64956715,0001,1,,02,20260128,20260128,SP,7107
64957526,0001,1,,02,20260205,20260205,CE,1389
64958059,0001,1,STUDIO BIOLIFE,02,20260205,20260205,MS,0161
64958204,0001,1,RP FITNESS,02,20260205,20260205,MA,0218
64960801,0001,1,,02,20260203,20260203,SP,7107
64972892,0001,1,ACADEMIA ALPHA,02,20260206,20260206,PA,0477
64974176,0001,1,,02,20260206,20260206,PR,7691
30287406,0028,2,,02,20260206,20260206,DF,9701
64976276,0001,1,MOVE PLAY,02,20260206,20260206,RJ,6001
64985243,0001,1,,02,20260206,20260206,CE,1337
64988349,0001,1,ACADEMIA FLORESTA,02,20260206,20260206,MG,4553
64988503,0001,1,,02,20251210,20251210,SP,6619
64995172,0001,1,YUJNESS,02,20260203,20260203,SP,6983
65019961,0001,1,,02,20260209,20260209,RS,8801
65020602,0001,1,,02,20260209,20260209,PR,7667
65021096,0001,1,,02,20260206,20260206,PB,2049
65022206,0001,1,GLAUBER MOURA BEACH TENNIS TREINAMENTOS,02,20260206,20260206,SP,7225
65022817,0001,1,VBTEAM CONSULTORIA,02,20260209,20260209,SC,8081
65024088,0001,1,RD PERSONAL E CONSULTORIA ESPORTIVA,02,20260209,20260209,SP,6313
65029633,0001,1,BLUEFIT LIV MALL,02,20260206,20260206,PB,2051
65032051,0001,1,CORPORE INTEGRA,02,20260209,20260209,SP,6291
65037097,0001,1,ACADEMIA AD3 CAMPOS NOVOS,02,20260206,20260206,SC,8069
65043338,0001,1,LUCAS ZUNINO FISIOTERAPIA E PILATES,02,20260209,20260209,SC,8291
65043485,0001,1,,02,20260206,20260206,SP,7057
65049530,0001,1,,02,20260209,20260209,SP,6131
65051277,0001,1,GD ASSESSORIA EM SAUDE E ESPORTE,02,20260210,20260210,RS,5933
65064005,0001,1,,02,20260210,20260210,SC,8113
65064886,0001,1,MUNDI PILATES,02,20260206,20260206,AM,0255
65071747,0001,1,FABRICA DE MONSTROS FORTALEZA,02,20260210,20260210,CE,1389
65078445,0001,1,ACADEMIA SPARTA,02,20260211,20260211,MG,4123
65078993,0001,1,ACADEMIA LIMA FITNESS,02,20260211,20260211,AM,0221
65080536,0001,1,SIRLEI LIMA PILATES,02,20260211,20260211,PR,7493
65082897,0001,1,MIOTTO FITNESS,02,20260211,20260211,SC,8221
65085007,0001,1,,02,20260123,20260123,MG,4123
65090964,0001,1,CONSULTORIA KF TEAM,02,20260211,20260211,PR,7483
65094529,0001,1,ESSENCE PILATES,02,20260209,20260209,PR,7523
65096614,0001,1,RAFAEL SOUZA TREINAMENTOS,02,20260211,20260211,MS,9073
65101186,0001,1,BELA LUZ PILATES,02,20260212,20260212,MG,5155
65102460,0001,1,JORNADA YOGI,02,20260211,20260211,SP,7107
65107846,0001,1,ACADEMIA MAISFIT,02,20260212,20260212,MG,4109
65108542,0001,1,ESPACO BEM ESTAR FITNESS,02,20260212,20260212,MG,4419
65109096,0001,1,ESPACO RESSIGNIFICAR PILATES INTEGRATIVO,02,20260212,20260212,MG,5413
65111462,0001,1,CROSS EXPERIENCE PATOS DE MINAS,02,20260212,20260212,MG,4959
65130287,0001,1,LUI PILATES,02,20260212,20260212,PR,7667
65132929,0001,1,,02,20260213,20260213,PR,7935
65133162,0001,1,,02,20260213,20260213,SP,6865
65149375,0001,1,,02,20260216,20260216,MS,9051
65150331,0001,1,,02,20260213,20260213,RS,8801
62431585,0001,1,MEIRELLES COMPANY,02,20250827,20250827,SC,8161
65165297,0001,1,PANOBIANCO CIANORTINHO,02,20260218,20260218,PR,7505
65167018,0001,1,,02,20260213,20260213,MG,4123
65167963,0001,1,NAYY PERSONAL TRAINER,02,20260218,20260218,DF,9701
65168091,0001,1,,02,20260216,20260216,SC,8067
65169875,0001,1,LL FITNESS,02,20260209,20260209,BA,3943
65182726,0001,1,FITHUB SERVICOS,02,20260218,20260218,SP,6831
65185115,0001,1,IRON CF,02,20260218,20260218,ES,5687
65193940,0001,1,RAFAEL MENDES SAUDE E CONDICIONAMENTO,02,20260219,20260219,SC,8105
24395830,0025,2,ACADEMIA FORCE ONE LTDA,02,20260219,20260219,SC,8105
65205873,0001,1,ACADEMIA ADRENALINA,02,20260218,20260218,SP,6547
65206264,0001,1,PILATES VILLA,02,20260212,20260212,SP,7107
65224551,0001,1,LC PRIME FITNESS,02,20260220,20260220,MG,4885
65225985,0001,1,STUDIO ELIANA LEAO,02,20260220,20260220,PA,0425
65227114,0001,1,STUDIO HELEN ESTEVAM,02,20260220,20260220,SP,7029
65227983,0001,1,WAL SUPLEMENTOS,02,20260219,20260219,AM,0255
65228104,0001,1,,02,20260220,20260220,RS,8599
65228431,0001,1,FUNCIONAL HOUSE LTDA,02,20260220,20260220,BA,3579
65228465,0001,1,ACADEMIA ESPACO BEM ESTAR FEMININO,02,20260220,20260220,BA,3813
65228714,0001,1,,02,20260220,20260220,PR,7535
65232109,0001,1,MOVIMENTE,02,20260220,20260220,SP,7107
65251148,0001,1,STUDIO TAINARA FERREIRA,02,20260220,20260220,SC,8055
65254870,0001,1,TEAM BUENO GYM,02,20260223,20260223,MG,4881
07594978,0830,2,,02,20260223,20260223,AC,0139
65264677,0001,1,,02,20260223,20260223,MT,8999
65266369,0001,1,CT E FISIOTERAPIA GUSTAVO DINIZ,02,20260219,20260219,MG,4477
63001047,0001,1,CROSSFIT LIA TREZE,02,20251002,20251002,SC,8361
65273512,0001,1,,02,20260219,20260219,MG,4123
55729295,0002,2,REDE LION FITNESS,02,20260224,20260224,BA,3849
65296693,0001,1,FABIANE MARTINS,02,20260224,20260224,SP,6619
65305488,0001,1,VASSELAI CONSULTORIA,02,20260224,20260224,PR,7513
65310705,0001,1,RS MUSCULACAO E FUNCIONAL,02,20260225,20260225,SC,8117
65311890,0001,1,,02,20260225,20260225,MG,4479
65313230,0001,1,UPCROSS BOX TRAINING LTDA,02,20260224,20260224,PE,2531
65313888,0001,1,LIONS FIT TRAINING LIONS,02,20260225,20260225,GO,9221
65317128,0001,1,LP LIKE A PRO ALAGOAS,02,20260225,20260225,AL,2785
65319765,0001,1,,02,20260223,20260223,SP,7107
65320222,0001,1,DF FIT ACADEMIA,02,20260225,20260225,AM,0255
65321293,0001,1,ACADEMIA PERUCABA FIT,02,20260225,20260225,AL,2763
65321698,0001,1,,02,20260223,20260223,SP,6969
65337023,0001,1,DOMINIUM,02,20260225,20260225,SC,8045
65342005,0001,1,,02,20260220,20260220,SP,7121
65345481,0001,1,FUNCIONAL CLUB WELLNESS,02,20260225,20260225,SP,7107
65345809,0001,1,GEISA VC FITNESS,02,20260226,20260226,PA,0427
65350056,0001,1,NTIME GYM,02,20260225,20260225,MG,4701
65354415,0001,1,STUDIO MADUREIRA - PERSONAL TRAINER,02,20260226,20260226,MG,4213
65356478,0001,1,CT FORCA FISICA,02,20260224,20260224,SP,6291
65357929,0001,1,FOLLMANN PERSONAL TRAINER,02,20260226,20260226,PR,7583
65359367,0001,1,LM FITNESS,02,20260128,20260128,RS,8801
62916281,0001,1,PIRULITANDO ACADEMIA INFANTIL,02,20250926,20250926,MT,9067
65371414,0001,1,PRIMAL PERFORMANCE RA,02,20260227,20260227,ES,5655
65372125,0001,1,JAULA MACEIO,02,20260226,20260226,AL,2785
65374002,0001,1,TITAN GYM,02,20260227,20260227,DF,9701
65377320,0001,1,ACTIVELIFE,02,20260211,20260211,SP,7107
65378229,0001,1,THE HOUSE HEALTH CLUB,02,20260227,20260227,GO,9373
65379744,0001,1,SHOBU-KAN ACADEMIA,02,20260220,20260220,MG,5273
65390732,0001,1,STUDIO PRISCILLA GAIBA,02,20260228,20260228,ES,5725
62232127,0001,1,,02,20250814,20250814,PR,7591
65411424,0001,1,AMORIM STUDIO,02,20260226,20260226,SP,6213
65414832,0001,1,,02,20260302,20260302,PR,7691
65420520,0001,1,DIANA FERNANDES STUDIO DE PILATES,02,20260302,20260302,GO,9325
65426902,0001,1,,02,20260302,20260302,AL,2785
65427153,0001,1,PERSONAL & ASSESSORIA,02,20260302,20260302,SP,7107
65434412,0001,1,ON FITNESS ACADEMIA,02,20260303,20260303,PI,1169
65438110,0001,1,DIAMOND GYM CLUB,02,20260303,20260303,PR,7941
65441153,0001,1,,02,20260303,20260303,MS,9055
65444865,0001,1,JP TREINAMENTO PERSONALIZADO,02,20260226,20260226,CE,1389
65446743,0001,1,UNIONX FORCE,02,20260302,20260302,SP,6595
57805219,0002,2,,02,20260303,20260303,MG,4029
65451960,0001,1,IRON DOJO,02,20260302,20260302,MG,5033
13396172,0055,2,,02,20260303,20260303,RS,8801
65463461,0001,1,HEALTH GYM - INHAUMA,02,20260303,20260303,RJ,6001
65464244,0001,1,LYRIS WELLNESS CLUB,02,20260303,20260303,SP,6875
65465053,0001,1,STUDIO MONIQUE AIRES,02,20260227,20260227,SP,7075
65465195,0001,1,ACADEMIA POINT FITNESS,02,20260302,20260302,ES,5703
65472221,0001,1,KAREN VAZ ATIVIDADES AQUATICAS,02,20260304,20260304,MG,4037
65477829,0001,1,,02,20260304,20260304,SP,6317
65484290,0001,1,STUDIO ZAMPIERI LTDA,02,20260227,20260227,SC,8105
65485239,0001,1,AM2RUNNERS - ASSESSORIA ESPORTIVA,02,20260304,20260304,PR,7535
65493269,0001,1,DIAZ FLOW TRAINING,02,20260304,20260304,SP,7107
65493420,0001,1,ACADEMIA CENTRO FIT,02,20260305,20260305,PI,1075
65494578,0001,1,DM CONSCIENCIA EM MOVIMENTO,02,20260305,20260305,SP,7107
65499620,0001,1,,02,20260305,20260305,SP,6469
31758146,0002,2,,02,20260303,20260303,RS,8785
65504165,0001,1,MOVE - REABILITACAO E TREINAMENTO,02,20260305,20260305,PI,1159
50366340,0002,2,,02,20260305,20260305,RJ,6001
65507529,0001,1,JOELMA ARAUJO PINHEIRO,02,20260305,20260305,AL,2749
65507825,0001,1,ESPACO CONCEITUAL PILATES II,02,20260305,20260305,GO,9373
65520415,0001,1,,02,20260302,20260302,MG,4123
65520426,0001,1,KARINE PAZ STUDIO DE PILATES,02,20260306,20260306,RS,8801
65524350,0001,1,ACADEMIA C&E SPORT FITNESS,02,20260302,20260302,MT,8991
65525072,0001,1,VILA FIT,02,20260305,20260305,CE,1321
65531350,0001,1,FABRICA UNBK II,02,20260306,20260306,MG,5041
65532914,0001,1,HEPICO,02,20260306,20260306,RJ,5865
65535319,0001,1,ACADEMIA MARIU'S,02,20260306,20260306,AP,0605
65535975,0001,1,ARENA 129,02,20260305,20260305,RJ,5897
65544531,0001,1,GABRIEL LUIS OLIVEIRA DOS SANTOS,02,20260306,20260306,SP,7107
65553961,0001,1,BIOFORMA-MELANCIAS,08,20260311,20260306,CE,1593
65560624,0001,1,LELIZ QUEIROZ CLASSIC PILATES STUDIO,02,20260305,20260305,PA,0425
65567475,0001,1,LITORAL FIT CLUB LTDA,02,20260306,20260306,BA,3721
65572043,0001,1,COUPLE GYM PERSONAL TRAINER,02,20260306,20260306,MG,4625
65581040,0001,1,GM TRAINING,02,20260304,20260304,SP,6291
65584659,0001,1,STUDIO LETICIA FARRAJOTA PILATES E YOGA,02,20260306,20260306,SP,7097
65585738,0001,1,,02,20260310,20260310,SP,6229
65586971,0001,1,,02,20260310,20260310,RS,8801
65594288,0001,1,BRASIL PERFORMANCE,02,20260310,20260310,GO,9373
22902694,0192,2,,02,20260310,20260310,PB,1965
65597907,0001,1,PURE PILATES,02,20260310,20260310,RJ,5897
65412526,0001,1,MARCONDES JR CONSULTORIA ESPORTIVA,02,20260302,20260302,RN,1779
65612485,0001,1,ANDRE TURCO CONSULTORIA ESPORTIVA,02,20260311,20260311,PR,7535
65616065,0001,1,WORLD CROSS E LUTAS,02,20260311,20260311,PA,0415
65619774,0001,1,,02,20260304,20260304,SP,7107
65621306,0001,1,STUDIO DE PILATES GABRIELA PALIN,02,20260311,20260311,SP,6969
65623432,0001,1,,02,20260306,20260306,SP,6291
65627240,0001,1,,02,20260311,20260311,SP,6789
65631980,0001,1,,02,20260311,20260311,SP,7107
65635572,0001,1,MOVEMENT CT-SERTAO SANTANA,02,20260312,20260312,RS,5761
65635996,0001,1,STUDIO FUNCIONAL FORCA E MOVIMENTO,02,20260312,20260312,AL,2713
65642288,0001,1,RB ASSESSORIA ESPORTIVA,02,20260309,20260309,AL,2785
65645063,0001,1,CETENARESKI FISIOCARE,02,20260312,20260312,PR,7535
65645793,0001,1,,02,20260309,20260309,SP,7107
65645968,0001,1,,02,20260310,20260310,SP,7153
65646491,0001,1,,02,20260312,20260312,RJ,6001
65650019,0001,1,WD PERFORMANCE,02,20260311,20260311,MG,4733
65654304,0001,1,,02,20260312,20260312,MG,4123
65655159,0001,1,TG TREINADOR,02,20260312,20260312,MT,9067
65656583,0001,1,RBL CONSULTORIA,02,20260311,20260311,DF,9701
65662580,0001,1,,02,20260312,20260312,MG,4123
65663282,0001,1,,02,20260313,20260313,PR,7535
65667243,0001,1,MACIEL HIDRO E MOVIMENTO,02,20260313,20260313,MT,9151
65667916,0001,1,THE MET CLUB GYM,02,20260313,20260313,PR,7481
62386378,0001,1,ACADEMIA VC FITNESS,02,20250825,20250825,BA,3521
65676357,0001,1,,02,20260309,20260309,MA,0208
65678191,0001,1,TANQUE TEAM BRAZILIAN JIU-JITSU,02,20260313,20260313,PA,0427
65696406,0001,1,,02,20260312,20260312,GO,9445
65698196,0001,1,,02,20260311,20260311,BA,3593
65699796,0001,1,,02,20260316,20260316,PR,7535
65704120,0001,1,,02,20260316,20260316,CE,1347
65705909,0001,1,TOTAL FIT,02,20260316,20260316,AC,0145
65706523,0001,1,NANNAS FITNESS,02,20260310,20260310,SP,6477
65709621,0001,1,CT VM10 PERFORMANCE,02,20260316,20260316,PA,0427
65711603,0001,1,ACADEMIA STUDIO EVOLUCAO FIT,02,20260310,20260310,BA,3913
65713586,0001,1,CENTRO DE TREINAMENTO ANNY CAROLINE,02,20260316,20260316,PR,7563
65714862,0001,1,POWER FITNESS,02,20260316,20260316,PA,0579
65722583,0001,1,,02,20260317,20260317,PR,7531
65722678,0001,1,ACADEMIA HORA MAXIMA,02,20260317,20260317,MG,4733
30083511,0002,2,CIRCUITO PILATES,02,20260317,20260317,MG,5241
65730924,0001,1,A FABRICA DE CAMPEOES,02,20260317,20260317,AL,2849
65731430,0001,1,,02,20260317,20260317,SC,8175
65733934,0001,1,STUDIO TERE PERSONAL TRAINER,02,20260317,20260317,RS,8617
65734456,0001,1,,02,20260316,20260316,SP,6969
63523767,0002,2,ESSENZA SAUDE & BEM ESTAR,02,20260318,20260318,RS,8851
65752984,0001,1,LIFE FIT,02,20260316,20260316,MG,4021
65754824,0001,1,PEDALLE STUDIO,02,20260318,20260318,RS,8771
65762556,0001,1,,02,20260317,20260317,GO,9373
65764915,0001,1,ARON GYM,02,20260317,20260317,RS,6049
65768360,0001,1,,02,20260318,20260318,RJ,5853
65781807,0001,1,FABRICIO ALMEIDA PERSONAL TRAINER,02,20260318,20260318,PA,0427
65783341,0001,1,STUDIO ANNY,02,20260318,20260318,PR,7887
65789432,0001,1,PANOBIANCO,02,20260319,20260319,SP,7033
65790151,0001,1,,02,20260319,20260319,AM,0255
65794597,0001,1,,02,20260305,20260305,SP,7107
65798014,0001,1,ACADEMIA PULSO TREINAMENTO E NUTRICAO,02,20260319,20260319,SC,8143
07594978,0838,2,,02,20260320,20260320,RN,1761
65801551,0001,1,,02,20260305,20260305,SP,6271
07594978,0843,2,,02,20260320,20260320,RJ,6001
65802174,0001,1,CBA CROSS TRAINING,02,20260319,20260319,MT,9067
65805653,0001,1,AP ACADEMIA FITNESS BONITO,02,20260320,20260320,PE,2345
65809484,0001,1,ONFIT,02,20260318,20260318,SP,0794
65817459,0001,1,IRON REVOLUTION,02,20260316,20260316,PR,7777
65822672,0001,1,,02,20260321,20260321,MG,5373
65827282,0001,1,HABILITAFIT,02,20260321,20260321,MG,4123
65835559,0001,1,ACADEMIA SUPERACAO,02,20260321,20260321,TO,9385
65613535,0001,1,"INTEGRAR SERVICOS ESPORTE, SOCIAIS E EDUCACIONAIS",02,20260310,20260310,RN,1691
65076189,0002,2,,02,20260323,20260323,SP,7075
65850301,0001,1,,02,20260318,20260318,SP,7079
65855279,0001,1,STUDIO FUNCIONAL IMPACTO SPORTS,02,20260323,20260323,SC,8179
65865308,0001,1,,02,20260323,20260323,SP,6619
65868433,0001,1,SANMAR PILATES,02,20260311,20260311,SC,8163
65870211,0001,1,RENOFIT ACADEMIA,02,20260313,20260313,SP,6563
65877220,0001,1,HIT FITNESS,02,20260324,20260324,BA,3713
65889470,0001,1,DANIELE FONTENELE PERSONAL,02,20260324,20260324,SP,7077
63653684,0001,1,X ACADEMIA ESPACO E SAUDE,02,20251113,20251113,RJ,6001
35644328,0021,2,MOINHOS FITNESS,04,20260605,20260325,RS,8801
65907325,0001,1,,02,20260324,20260324,PR,7667
24921465,0175,2,,02,20260326,20260326,BA,3849
65921745,0001,1,AR STUDIO,02,20260326,20260326,PR,7535
65927265,0001,1,BIO FIT COROA DO MEIO,02,20260313,20260313,SE,3105
65928933,0001,1,STUDIO JOY GYMNASTICA,02,20260326,20260326,SP,7115
65940572,0001,1,JI FITNESS E WELLNESS,02,20260326,20260326,SP,7107
65941737,0001,1,IMPERIO ROMANO FITNESS,02,20260112,20260112,RN,1671
65950052,0001,1,,02,20260320,20260320,SP,7057
65975533,0001,1,CENTRO DE TREINAMENTO DA ROTULA CTR,02,20260327,20260327,BA,3849
65975806,0001,1,,02,20260330,20260330,PR,7691
64381553,0001,1,WAVE PILATES,02,20260109,20260109,SC,8251
65978706,0001,1,,02,20260330,20260330,SP,7107
65980135,0001,1,,02,20260330,20260330,PR,7535
65980532,0001,1,STUDIO DANIELE OTTO,02,20260330,20260330,PR,0844
65986185,0001,1,,02,20260325,20260325,RJ,5865
65986512,0001,1,,02,20260330,20260330,BA,3849
65989875,0001,1,ACADEMIA EVANIO DA SILVA,02,20260327,20260327,SE,3247
22841335,0002,2,IRON ZONE GYM,02,20250926,20250926,RJ,6001
66005577,0001,1,MATCH FIT,02,20260326,20260326,PE,2629
66005705,0001,1,CROSS LEGADO,02,20260331,20260331,GO,9317
66006239,0001,1,,02,20260330,20260330,ES,5703
66010377,0001,1,,02,20260330,20260330,SC,8117
66011279,0001,1,,02,20260327,20260327,SC,8179
66015596,0001,1,,02,20260325,20260325,MG,4703
66024150,0001,1,,02,20260331,20260331,SC,8047
66025037,0001,1,UPADHI METHODS,02,20260401,20260401,SP,6181
66026833,0001,1,START FITNESS,02,20260331,20260331,BA,3773
66031439,0001,1,033 TREINAMENTO FISICO,02,20260330,20260330,SP,7097
66037505,0001,1,CW FIT,02,20260401,20260401,MG,4267
66038883,0001,1,ELANA FISIOTERAPIA E PILATES,02,20260331,20260331,BA,3965
66054170,0001,1,MCB PILATES EM FORMA,02,20260401,20260401,MG,4123
66054844,0001,1,,02,20260401,20260401,SP,7057
66056947,0001,1,KOPER STARKER CONSULTORIA ESPORTIVA LTDA,02,20260402,20260402,SP,6213
66058221,0001,1,,02,20260306,20260306,SP,6131
42324393,0002,2,BODY & MIND BY IMPERIAL FIT,02,20260408,20260408,MG,4431
66132943,0001,1,,08,20260527,20260408,MS,9051
66135902,0001,1,MAXARANGUAPE FITNEES,02,20260408,20260408,RN,1749
66139268,0001,1,STUDIO VIDA ATIVA,02,20260407,20260407,RJ,6001
66141366,0001,1,WQ STUDIO FITNESS,02,20260408,20260408,PB,1975
66151996,0001,1,,02,20260408,20260408,PR,7915
66155618,0001,1,ENDY NAIARA CRUBER STUHLER,02,20260408,20260408,SC,8057
66173214,0001,1,,02,20260409,20260409,SP,6715
66178672,0001,1,MENTE FORTE,02,20260409,20260409,PI,1219
66180056,0001,1,PULSAR VITALLITY,02,20260408,20260408,GO,9625
66195910,0001,1,FORMA STUDIO FITNESS,02,20260410,20260410,PE,2341
66204039,0001,1,PLANALTO GYM,02,20260410,20260410,SP,6969
66217078,0001,1,ESTUDIO CAMARGO,02,20260413,20260413,GO,9625
66219725,0001,1,,02,20260409,20260409,SP,7069
66223987,0001,1,HIDROFISIO,02,20260410,20260410,MG,5223
66226773,0001,1,IMUA PILATES STUDIO,02,20260409,20260409,SP,7107
66227902,0001,1,,02,20260410,20260410,MG,4123
66232180,0001,1,STUDIO DE PILATES CASSIA BRANSFORD,02,20260410,20260410,BA,3393
66234702,0001,1,,02,20260413,20260413,SP,7107
66235930,0001,1,INPULSE FISIOTERAPIA E PILATES,02,20260413,20260413,MA,0921
66236231,0001,1,ACQUA SAUDE,02,20260310,20260310,DF,9701
66243217,0001,1,BLUMEN PILATES,02,20260411,20260411,SC,8047
66245286,0001,1,CHECK-IN PILATES - UNIDADE VILA CLEMENTINO,02,20260414,20260414,SP,7107
66256185,0001,1,CK CREW,02,20260414,20260414,PR,7905
66258239,0001,1,BOX SOUTO,02,20260408,20260408,MG,4209
66261623,0001,1,SOARES ACADEMIA DE FUTEBOL,02,20260414,20260414,ES,5625
66270328,0001,1,,02,20260414,20260414,SP,6689
66276579,0001,1,SALUS STUDIO DE SAUDE E PERFORMANCE,02,20260414,20260414,SC,8339
66280851,0001,1,LIONS TREINAMENTOS,02,20260415,20260415,PR,7921
66280982,0001,1,MEIYO PERFORMANCE,02,20260415,20260415,CE,1411
66283025,0001,1,,02,20260409,20260409,MG,4123
66292476,0001,1,IMPERIO FITNESS 2.0,02,20260415,20260415,TO,9715
66295034,0001,1,CENTRO DE TREINAMENTO FISICO CARVALHO,02,20260414,20260414,SP,6897
66298395,0001,1,METODOLOGIA BIODELTA MUSCULACAO - ACLIMACAO,02,20260414,20260414,SP,7107
66298540,0001,1,,02,20260414,20260414,PE,2531
66302841,0001,1,,02,20260416,20260416,MG,4123
66305279,0001,1,,02,20260414,20260414,SP,6671
66308418,0001,1,ACTION 360,02,20260416,20260416,SP,7107
66313606,0001,1,CORPO ATIVO,02,20260416,20260416,PR,7535
66316992,0001,1,CASAL FITNESS,02,20260415,20260415,SP,7057
60646797,0002,2,FITNESS SQUAD,02,20260417,20260417,MG,4733
66320659,0001,1,PERFORMANCE TRAINING,02,20260416,20260416,ES,5687
66321255,0001,1,BEL FIT,02,20260416,20260416,GO,9995
07594978,0867,2,,02,20260417,20260417,MG,4123
07594978,0871,2,,02,20260417,20260417,AM,0255
66328054,0001,1,K9 FIT,02,20260417,20260417,MT,9873
66353064,0001,1,KAVEIRA CROSS,02,20260420,20260420,AP,0605
66360480,0001,1,,02,20260420,20260420,CE,1597
66367537,0001,1,AQ PERFORMANCE,02,20260421,20260421,SP,6401
66375472,0001,1,,02,20260415,20260415,SP,6875
66376610,0001,1,BIANCA GONCALVES STUDIO,02,20260408,20260408,MG,4123
66378649,0001,1,ESPACO SINTONIA DO CORPO,02,20260410,20260410,MG,4985
66379688,0001,1,,02,20260422,20260422,CE,1389
66381337,0001,1,,02,20260416,20260416,SP,7135
63293438,0001,1,DUCROSS,02,20251021,20251021,MS,9051
66383975,0001,1,ACADEMIA PANOBIANCO TIQUATIRA,02,20260409,20260409,SP,7107
66391589,0001,1,AMACROSS ACADEMIA LTDA,02,20260422,20260422,SP,7071
66392513,0001,1,,02,20260422,20260422,SP,7107
66400454,0001,1,CELES - CIENCIA APLICADA AO TREINO DE FORCA,02,20260422,20260422,DF,9701
66403085,0001,1,BELLAFIT ACADEMIA,02,20260423,20260423,MA,0953
66406198,0001,1,SPARTANS ACADEMIA,02,20260423,20260423,PE,2531
66414505,0001,1,NOVAMENTE,02,20260422,20260422,SP,7017
18396252,0002,2,CENTRAL FIT,02,20260423,20260423,PB,2239
66427265,0001,1,MGYM ACADEMIA,02,20260423,20260423,MS,9051
66428788,0001,1,EXCLUSIVA GYM,02,20260424,20260424,MG,4371
66437202,0001,1,ACADEMIA AD3 BLUMENAU - UNIDADE 10,08,20260505,20260413,SC,8047
66437466,0001,1,,02,20260424,20260424,MG,4901
66440028,0001,1,ESTICA ESTUDIO DE ALONGAMENTO,02,20260424,20260424,PR,5453
66443440,0001,1,,02,20260422,20260422,SP,7107
66462026,0001,1,,02,20260427,20260427,MS,9115
66462687,0001,1,ACADEMIA PLAY FIT,02,20260427,20260427,GO,9373
66463615,0001,1,,02,20260415,20260415,SP,6569
66472616,0001,1,ELITE ASSESSORIA ESPORTIVA,02,20260424,20260424,PE,2531
66473484,0001,1,PERSONAL TRAINING,02,20260427,20260427,SP,7107
66474816,0001,1,,02,20260423,20260423,MG,4763
66474992,0001,1,,02,20260423,20260423,MG,4133
66475557,0001,1,,02,20260423,20260423,SP,6945
49443173,0004,2,,02,20260428,20260428,MG,4137
66490454,0001,1,CENTRO ESPORTIVO DE ESCALADA ITAJUBA,02,20260428,20260428,MG,4647
66492432,0001,1,,02,20260427,20260427,MG,4133
66493401,0001,1,OLYMPUS MP,02,20260428,20260428,RS,5759
66493474,0001,1,STUDIO JUSCELIO XAVIER,02,20260428,20260428,GO,9325
66497718,0001,1,,02,20260428,20260428,SP,6477
66501176,0001,1,LEVELS SPORT LIFE,02,20260424,20260424,SP,7141
66504597,0001,1,ACADEMIA MUTACAO,02,20260423,20260423,SP,7145
66508609,0001,1,,02,20260429,20260429,RO,0003
66511816,0001,1,CENTRO DE CONDICIONAMENTO FISICO SAO LUIS,02,20260427,20260427,SP,7107
66520460,0001,1,ACADEMIA DUMBBELLS PANAMERICANO,02,20260428,20260428,CE,1389
66520753,0001,1,NOSSA VIBE TRAINING,02,20260429,20260429,MA,0733
66522613,0001,1,ACADEMIA FORCA & SAUDE,02,20260423,20260423,CE,1389
66522831,0001,1,EDUARDA CRISTINA - PERSONAL TRAINER,02,20260427,20260427,SC,8081
66523328,0001,1,,02,20260429,20260429,MS,9051
62230381,0001,1,PANOBIANCO ITABORAI,02,20250814,20250814,RJ,5837
66526357,0001,1,,02,20260428,20260428,SP,6323
66534721,0001,1,PRIME FIT ACADEMIA H.I,02,20260429,20260429,RJ,6001
66552502,0001,1,CA FITNESS,02,20260423,20260423,MG,4107
66587453,0001,1,CORPOS VITHALLYS PILATES E TERAPIA INTEGRATIVA,02,20260430,20260430,SP,7071
66596116,0001,1,ER PERFORMANCE,02,20260504,20260504,MG,4895
66599294,0001,1,,02,20260504,20260504,PR,7563
57559168,0003,2,DYNAFIT ACADEMIA DE GINASTICA,02,20260505,20260505,MG,5273
66600341,0001,1,,02,20260504,20260504,SP,6533
66602865,0001,1,GOLFINHOS,02,20260505,20260505,MG,5105
66602960,0001,1,,02,20260504,20260504,MT,9067
66614508,0001,1,BARRETO SAUDE INTEGRADA,02,20260505,20260505,BA,3873
66624574,0001,1,CRIANDO O JOGO,02,20260505,20260505,SC,8327
66626684,0001,1,,02,20260506,20260506,RS,8903
66628061,0001,1,NATALIA MENDES,02,20260506,20260506,DF,9701
66635555,0001,1,NOVA ERA STUDIO DE PILATES,02,20260506,20260506,SP,6789
66639546,0001,1,PRIMUS FITNESS,02,20260506,20260506,RJ,6001
66644357,0001,1,MACEDO PILATES E SAUDE,02,20260506,20260506,SC,8395
66645204,0001,1,,02,20260506,20260506,RS,8637
66660427,0001,1,IRON FORGE GYM,02,20260507,20260507,MG,5007
66661642,0001,1,ZANCA TEAM,02,20260507,20260507,SP,7077
66665748,0001,1,SDT FITNESS,02,20260507,20260507,MG,4535
66666125,0001,1,FIREUP ACADEMIA,02,20260507,20260507,SP,7115
66666958,0001,1,PULSE ACADEMIA SUA SAUDE EM PRIMEIRO LUGAR,02,20260429,20260429,SP,6469
66673877,0001,1,TUANY FIT.,02,20260505,20260505,RJ,0782
66673995,0001,1,,02,20260507,20260507,MG,5035
66678253,0001,1,CAIO NEWTON,02,20260508,20260508,GO,9373
66679888,0001,1,ABITAH PITUBA,02,20260508,20260508,BA,3849
63882564,0001,1,,02,20251201,20251201,SC,8105
66685198,0001,1,ACADEMIA PERFORMANCE FIT,02,20260415,20260415,PE,2381
66692135,0001,1,TREINADORA BEATRIZ BATISTA,02,20260506,20260506,PI,1077
60962060,0004,2,,02,20260511,20260511,SP,6425
66726168,0001,1,ACADEMIA NOVA ODESSA,02,20260511,20260511,SP,6769
66726270,0001,1,LR ACADEMIA,02,20260511,20260511,SP,6291
24921465,0178,2,,02,20260512,20260512,SP,7107
66733500,0001,1,,02,20260430,20260430,SP,6969
66736040,0001,1,JF PRO CONSULTORIA,02,20260512,20260512,PR,5453
66738573,0001,1,CT METAMORFOSE CAMPOS,02,20260512,20260512,RJ,5819
66740186,0001,1,S.A FITNESS,02,20260511,20260511,BA,3029
66745624,0001,1,LUDMILA TAVARES MELO MOREIRA,02,20260512,20260512,GO,9919
66751812,0001,1,COXA TEAM CENTRO DE TREINAMENTO FUNCIONAL E FORCA,02,20260512,20260512,SP,6163
66756069,0001,1,STUDIO PATRICIA FIGUEIREDO PILATES E FISIOTERAPIA,02,20260512,20260512,RJ,0788
66762500,0001,1,STUDIO GESSICA TOLEDO,02,20260513,20260513,ES,5623
66767916,0001,1,LIFE FIT - ACADEMIA,02,20260513,20260513,TO,0191
66768350,0001,1,,02,20260513,20260513,SC,8083
59422811,0002,2,ESPACO ROSA LUZ,02,20260513,20260513,RS,8717
66776557,0001,1,SCFITNESS,02,20260513,20260513,SP,7107
66777561,0001,1,CENTRO DE TREINAMENTO CHALUB COMBAT,02,20260511,20260511,SP,7183
66779733,0001,1,,02,20260514,20260514,SP,6969
66786669,0001,1,,02,20260514,20260514,SP,7077
66793653,0001,1,ESPACO FITNESS NACOES,02,20260514,20260514,SP,7005
66802332,0001,1,VF STUDIO SAUDE E PERFORMANCE,02,20260513,20260513,SC,8327
66806994,0001,1,MARRAZZO POWER HOUSE,02,20260515,20260515,MG,5397
66811930,0001,1,STUDIO MARCOS TULIO PILATES,02,20260515,20260515,MG,4625
66813327,0001,1,ARENAFIT,02,20260515,20260515,PE,2573
66814280,0001,1,ACADEMIA AXUS CLUB LTDA,02,20260515,20260515,PR,7535
66828817,0001,1,DS PERFOMANCE,02,20260518,20260518,SP,7147
66829513,0001,1,CINIE STUDIO DE PILATES,02,20260515,20260515,RS,8659
66831929,0001,1,STUDIO GUILHERME BARROS,02,20260515,20260515,MG,4799
61426000,0002,2,,02,20260518,20260518,SP,6209
66833973,0001,1,RXA PERFORMANCE,02,20260518,20260518,SP,7107
66834306,0001,1,FENIX ACADEMIA,02,20260515,20260515,PA,0483
66841448,0001,1,IVM PERFORMANCE,02,20260507,20260507,SP,7077
66844007,0001,1,STUDIO PILATES CAMILA ARAUJO,02,20260518,20260518,MG,4069
66849576,0001,1,VANESSA FALCAO PERSONAL TRAINER LTDA,02,20260518,20260518,SP,7107
66853553,0001,1,ACADEMIA JL,02,20260514,20260514,BA,3585
66855308,0001,1,,02,20260515,20260515,SC,8045
07594978,0891,2,,02,20260519,20260519,RJ,5865
07594978,0896,2,,02,20260519,20260519,RJ,6001
66862513,0001,1,,02,20260518,20260518,SP,7107
66863749,0001,1,STUDIO HUB FITNESS,02,20260519,20260519,RS,8771
30287406,0029,2,,02,20260520,20260520,DF,9701
66884250,0001,1,BASIC FULL,02,20260520,20260520,GO,9373
66884425,0001,1,S. S. SEVERO CROSSBOX,02,20260518,20260518,BA,3849
66894506,0001,1,STUDIO PILATES VELOSO,02,20260520,20260520,MA,0861
66901822,0001,1,,02,20260521,20260521,PR,7667
66907958,0001,1,,02,20260521,20260521,RJ,5853
66914103,0001,1,SUPER ACAO ACADEMIA BSM,02,20260521,20260521,AL,2711
33028391,0002,2,CROSS ARKANJO,02,20260521,20260521,SP,7105
66922127,0001,1,RAFAEL BRANDAO PERSONAL,02,20260520,20260520,DF,9701
66924357,0001,1,CF TREINAMENTO PERSONALIZADO,02,20260521,20260521,SC,8105
66938823,0001,1,ALFA VITTA FITNESS LTDA,02,20260508,20260508,SP,6511
66939339,0001,1,MH FIT,02,20260518,20260518,SP,7107
66949410,0001,1,MONDAI FIGHT CLUB,02,20260521,20260521,MG,4123
66962096,0001,1,,02,20260521,20260521,MG,4957
22902694,0201,2,,02,20260525,20260525,RN,1761
22902694,0205,2,,02,20260525,20260525,MA,0921
66970523,0001,1,MAXIMUM FIT,02,20260521,20260521,MG,0602
65832093,0002,2,REEF,02,20260525,20260525,PE,2531
66972284,0001,1,,02,20260525,20260525,CE,1385
66982112,0001,1,,02,20260522,20260522,SP,6323
66982373,0001,1,ARENA JARDINS,02,20260518,20260518,MA,0733
63137762,0001,1,ACADEMIA SPARTACUS,02,20251010,20251010,RJ,5847
66988362,0001,1,,02,20260526,20260526,SP,7107
66988526,0001,1,ACTION 360,02,20260526,20260526,SP,7107
66989977,0001,1,BOXSETE,02,20260526,20260526,MT,9191
66992806,0001,1,+ FIT ACADEMIA FEMININA,02,20260526,20260526,SP,7017
60949392,0020,2,,02,20260527,20260527,GO,9753
67020254,0001,1,BRAVES REBOUCAS,02,20260518,20260518,PR,7535
67021851,0001,1,,02,20260527,20260527,PR,5453
67028901,0001,1,ACADEMIA MOTIVE COHAB,02,20260526,20260526,PE,2531
67029733,0001,1,,02,20260527,20260527,ES,5643
67035977,0001,1,,02,20260527,20260527,SP,7047
67036161,0001,1,MATHEUS SILVA - PERSONAL TRAINER,02,20260528,20260528,GO,9373
67038822,0001,1,ATIVA ACADEMIA,02,20260528,20260528,SP,6379
67039477,0001,1,CT RIDENES LIMA,02,20260528,20260528,MG,5403
67041338,0001,1,,02,20260528,20260528,RJ,5813
67042095,0001,1,ACADEMIA PANOBIANCO LAGOA SECA,02,20260528,20260528,CE,1447
67046163,0001,1,,02,20260528,20260528,SP,6711
67051063,0001,1,,02,20260528,20260528,BA,1112
67060827,0001,1,MOTUM PILATES,02,20260529,20260529,SP,7107
67064654,0001,1,,02,20260529,20260529,SP,6487
67068019,0001,1,RR FITNESS,02,20260526,20260526,PI,1139
67086013,0001,1,ACADEMIA FIT DE SANTA CRUZ DA SERRA,02,20260601,20260601,RJ,5833
67087365,0001,1,LUCAS LIMA SAUDE E FITNESS,02,20260528,20260528,RJ,6001
67089814,0001,1,PROJETARHS PURE PILATES,02,20260601,20260601,SC,8039
67090306,0001,1,,02,20260528,20260528,PE,2535
67092391,0001,1,EUFIT ACADEMIA,02,20260601,20260601,PA,0595
67092545,0001,1,BORU CENTRO DE COMBATE,02,20260601,20260601,RO,0003
67093228,0001,1,,02,20260601,20260601,CE,1389
67100029,0001,1,STUDIO NUTRISHAPE,02,20260601,20260601,SP,7121
67112166,0001,1,PURE PILATES JARDIM AMERICA,02,20260601,20260601,SP,7097
67115793,0001,1,ACADEMIA RD FIT,02,20260602,20260602,PE,2551
67117842,0001,1,,02,20260526,20260526,SP,6213
67125446,0001,1,DEBORAH RODRIGUES STUDIO DE PILATES,02,20260602,20260602,MG,4123
67132264,0001,1,MONNSTER ACADEMIA,02,20260603,20260603,RJ,6001
67133741,0001,1,ARENA FITNESS,02,20260602,20260602,PE,2457
67145630,0001,1,,02,20260522,20260522,PE,2509
67146032,0001,1,,02,20260514,20260514,RJ,5901
67153119,0001,1,,02,20260604,20260604,PB,1981
07594978,0900,2,,02,20260608,20260608,CE,1389
07594978,0907,2,,02,20260608,20260608,PE,2531
65782938,0001,1,CT SELVA,02,20260319,20260319,BA,3413
67202007,0001,1,MAXFORMA ACADEMIAS,02,20260608,20260608,CE,1389
67202471,0001,1,FALK CONSULTORIA ESPORTIVA E NUTRICAO,02,20260608,20260608,ES,5629
67203383,0001,1,,02,20260602,20260602,PE,2589
67215104,0001,1,MANOELA AZEVEDO,02,20260609,20260609,PR,7563
67215414,0001,1,WIN TRAINING STUDIO,02,20260609,20260609,RS,8693
67218299,0001,1,JP PERSONAL,02,20260602,20260602,RJ,5833
67224961,0001,1,STUDIO JR,02,20260609,20260609,GO,9433
67230456,0001,1,,02,20260604,20260604,SP,7107
13396172,0064,2,,02,20260609,20260609,PR,7493
67238640,0001,1,,02,20260610,20260610,MG,4865
07594978,0910,2,,02,20260610,20260610,RJ,6001
67239539,0001,1,,02,20260609,20260609,MG,0730
67241595,0001,1,ACADEMIA NEOFIT,02,20260610,20260610,RR,0034
07594978,0917,2,,02,20260610,20260610,DF,9701
67255815,0001,1,,02,20260610,20260610,PR,7691
67266777,0001,1,STUDIO DE PILATES GABRIELA ARAUJO CALDEIRA,02,20260519,20260519,SP,6949
67276521,0001,1,FORCE STUDIO,02,20260611,20260611,GO,9373
67285896,0001,1,BRAVO FIT ACADEMIA,02,20260612,20260612,PB,1981
67287850,0001,1,LA STUDIO FITNESS,02,20260612,20260612,GO,9625
67288455,0001,1,TFX PERFORMANCE INSTITUTE,02,20260609,20260609,SP,6979
67290690,0001,1,RA TREINAMENTOS,02,20260611,20260611,AC,0139
67293804,0001,1,ACADEMIA LEOES DE JUDA,02,20260612,20260612,GO,9605
67297965,0001,1,,02,20260611,20260611,RJ,5915
63916665,0001,1,,02,20251202,20251202,CE,1247
04939705,0001,1,PRO FORMA,08,20061019,20020304,SC,8105
03300824,0001,1,PEDRA SPORTS LTDA,04,20260515,19990716,BA,3849
04943851,0001,1,TOP FIT GYM,08,20220131,20020222,MG,4957
92543081,0001,1,,08,20160831,19890105,RS,7397
01661333,0001,1,ACADEMIA MASTER TRAINING,08,20130314,19970121,SP,6291
04954569,0001,1,FORFIT,02,20050827,20011024,SP,7107
03313964,0001,1,ACADEMIA CORPUS,08,20131017,19990726,PB,2051
04956904,0001,1,ALONGUE-SE,08,20251222,20020319,RS,8685
01668297,0001,1,ACADEMIA PHISICAL,02,20051103,19970224,GO,9489
03320874,0001,1,,08,20081231,19990629,SP,7107
04964563,0001,1,ACADEMIA IMPACTO,04,20190329,20020314,RJ,6001
92715762,0001,1,,04,20180913,19890523,RS,8801
04967149,0001,1,,08,20200228,20020320,SP,7107
01679151,0001,1,,02,20241017,19970120,SP,6291
03340116,0001,1,CENTAURUS ACADEMIA,04,20181204,19990816,BA,3669
00060612,0001,1,,08,20131028,19940414,SP,7107
03340654,0001,1,,08,20210827,19990811,SP,6291
04986388,0001,1,,08,20050119,20011217,SP,6713
04988738,0001,1,,04,20190111,20020208,RJ,5833
03348226,0001,1,,02,20050305,19990817,RJ,5853
00073658,0001,1,ASSOCIACAO W.J.JR. JIU JITSU E JUDO,04,20181024,19940524,RJ,5901
05002574,0001,1,ACADEMIA PHISICO CENTER,02,20051103,20020412,SP,7239
05004432,0001,1,PRO FIT ACADEMIA,04,20260515,20020320,BA,3807
03359928,0001,1,ACADEMIA FISICO & FORMA,04,20181228,19990824,SP,6369
05012909,0001,1,ACADEMIA ZAPINE,04,20181025,20020311,PE,2531
03370538,0001,1,ACADEMIA IRON,08,20150209,19990827,BA,3807
05016855,0001,1,ACADEMIA MOVIMENTO,08,20180514,20020418,PR,7401
05017213,0001,1,ACADEMIA FORMACAO E CIA DE DANCA,04,20260513,20020320,RS,8963
01721516,0001,1,ACADEMIA OFICINA DO CORPO,02,20051103,19970320,MT,8987
05035459,0001,1,,08,20181120,20020327,MG,4733
00107063,0001,1,,02,20051103,19940707,MG,4123
05037744,0001,1,VH FITNESS,04,20260514,20020426,MG,4123
03392060,0001,1,KRAFT ACADEMIA,08,20020621,19990913,SC,8023
05042674,0001,1,,08,20150209,20020510,AM,0255
05044596,0001,1,VITAL FITNESS,04,20260525,20020513,MS,9051
00114945,0001,1,ACADEMIA BODY PROGRESS,08,20181114,19940718,SC,8159
00119758,0001,1,HIDROGINASTICA BLUE WATER,08,20111116,19940721,RS,8599
03404083,0001,1,ACADEMIA MK3,04,20260513,19990917,MA,0921
05053357,0001,1,,04,20260513,20020410,RS,8801
05053588,0001,1,ACADEMIA DE YOGA PRANA,04,20180928,20020419,RS,8785
03408555,0001,1,ACADEMIA ALFREDO,08,20250103,19990825,BA,3661
03414135,0001,1,,08,20150209,19990924,BA,3849
05067936,0001,1,ACADEMIA GYM ENERGY CENTER,04,20210224,20020514,CE,1389
03420191,0001,1,,08,20040722,19990924,RS,8791
03422534,0001,1,C.O.R.P.U.S. 2000,04,20190206,19990928,SP,6601
05081026,0001,1,ACQUADEMIA,02,20050205,20020415,SP,6861
05087017,0001,1,PROGRAMA VIP,08,20140730,20020503,PR,7667
03436545,0001,1,STYLLUS FITNESS,04,20210303,19991001,MA,0863
03438903,0001,1,,08,20000818,19991006,RJ,5819
05099711,0001,1,ACADEMIA VENILSON FIT,02,20051103,20020502,SP,7107
03451147,0001,1,EXPLOSAO PHYSICAL CENTER,04,20181219,19991006,SP,7121
94063351,0001,1,MOINHOS FITNESS CENTER,08,20150209,19910529,RS,8801
03452701,0001,1,ART CORPUS,08,20070920,19990929,PE,2531
05107208,0001,1,,04,20201020,20020524,MG,4903
03455621,0001,1,,02,20010508,19991014,RS,8657
03466459,0001,1,ACADEMIA HERCULES,02,20221006,19991018,RJ,5925
05124559,0001,1,ACADEMIA AMERICAN HEALTHY AND FITNESS,08,20150209,20020613,PR,7535
05124580,0001,1,,04,20190227,20020620,SP,7107
05124822,0001,1,GAFF STUDIO COPACABANA 01,04,20231107,20020611,RJ,6001
03471535,0001,1,GOLD GYM BRASIL,08,20140917,19991006,SP,6475
05127053,0001,1,PERFORMACE,08,20110324,20020619,SC,8089
05134894,0001,1,OXIGENIO FITNESS CLUB,02,20020705,20020705,CE,1559
03480726,0001,1,FISIOSUL,04,20210419,19991020,PE,2427
03484352,0001,1,,08,20000317,19991104,MG,4723
01827822,0001,1,ACADEMIA KICKERS FIGHT & FITNESS,02,20051103,19970414,SP,7107
03488281,0001,1,NOVA FIT PILATES & PERSONAL TRAINING,08,20160331,19991105,SP,7107
03490701,0001,1,SPORT CENTER ACADEMIA,08,20220721,19991103,MG,4111
05150858,0001,1,MAHATMA,04,20181207,20020716,PA,0563
01837919,0001,1,EL SHADAI,04,20240826,19970429,SP,2967
05158302,0001,1,NITRO FITNESS,04,20260525,20020709,RN,1761
03505240,0001,1,,08,20130827,19991105,RJ,6001
03514915,0001,1,,04,20181206,19991110,MG,4733
94700267,0001,1,HABEAS CORPUS ACADEMIA,02,20051103,19920611,RS,8801
03521935,0001,1,ACADEMIA GERACAO SAUDE,08,20081231,19991126,PE,2513
03522146,0001,1,ACADEMIA DE MUSCULACAO E LOCALIZADA -VIDA ATIVA,08,20160328,19991122,RR,0301
03524466,0001,1,SANCHEZ SPORTS FITNESS,08,20250318,19991126,RS,8801
07433897,0001,1,ACADEMIA FITNESS BRASIL,08,20260327,20050610,MS,9051
03527317,0001,1,ACADEMIA SHURIKEN,04,20181018,19991126,GO,9373
03530891,0001,1,ACADEMIA MILLENIUM,08,20150209,19991118,SP,6475
01870426,0001,1,,08,20071119,19970527,SP,6715
03534379,0001,1,INOVE ACADEMIA,02,20050716,19991125,RJ,5897
03538091,0001,1,VIVA MAIS ACADEMIA,08,20190923,19991125,MG,5403
05207087,0001,1,,02,20181108,20020621,SP,6291
94990629,0001,1,ACADEMIA CORPO SANO,08,20040521,19921230,RS,8867
01882067,0001,1,ACADEMIA GOLFINHO AZUL,02,20051103,19860519,MT,9067
03553775,0001,1,,02,20051103,19991210,SP,7107
03557716,0001,1,ACADEMIA DO COUNTRY,08,20200127,19991123,RJ,6001
00270368,0001,1,LET'S ACADEMIA,08,20151110,19941011,SP,7075
03566074,0001,1,BRENDA & FELIPE ESCOLINHA DE FUTEBOL,04,20210304,19991222,RS,6045
95227245,0001,1,,02,20040828,19930803,RS,8599
05242855,0001,1,BIO RITIMO ACADEMIA,02,20020820,20020820,PR,7989
05248991,0001,1,,02,0,20020823,ES,5703
03585233,0001,1,ACADEMIA ESPORTIVA E LANCHONETE,04,20231027,20000107,SP,7107
05256547,0001,1,,08,20081231,20020424,CE,1389
03591322,0001,1,ACADEMIA CORPUS,02,20051103,20000106,SP,7099
01922523,0001,1,,08,20081231,19970625,CE,1389
05269665,0001,1,,08,20150209,20020905,RN,1761
03609508,0001,1,,04,20241127,20000121,MG,4123
05282758,0001,1,,02,20050319,20020902,RS,8561
05282922,0001,1,CLIN ACADEMIA DE GINASTICA,08,20040709,20020911,MG,4881
03614597,0001,1,GOLDEN SPORT'S,02,20051103,20000127,SP,7107
01942201,0001,1,ACADEMIA SPORT FITNESS,04,20210423,19970624,RN,1761
01942981,0001,1,,02,20020831,19970702,SP,6619
05296908,0001,1,,08,20081231,20020712,RS,8951
05299196,0001,1,ACADEMIA TOP ONE CLUB,08,20230206,20020807,SC,8105
05299511,0001,1,,08,20150209,20020912,RJ,6001
01955366,0001,1,PHYSICUS ACADEMIA ELAS,08,20201007,19970124,PI,1219
00340351,0001,1,CRIS LY,02,20051103,19941010,SP,7107
05309090,0001,1,,08,20250825,20020617,PR,7777
96583166,0001,1,OFICINA DO CORPO,02,20040911,19930422,SP,7083
01967889,0001,1,ACADEMIA TOP FITNESS,04,20180918,19970715,DF,9701
03649246,0001,1,INFINITY FIT,02,20031018,20000203,SP,6177
03650531,0001,1,AQUA SPORTS CENTER,02,20051103,20000208,RO,0003
00353189,0001,1,ACADEMIA VIDA,08,20260218,19941219,CE,1389
01974634,0001,1,,08,19991103,19970717,SP,7107
03653952,0001,1,CENTRO DE ATIVIDADES FISICA E DE ALAZER CORPO E AGUA,02,20051103,20000221,MA,0757
01977011,0001,1,,04,20210224,19970721,CE,1429
03662058,0001,1,,04,20181026,20000204,CE,1389
03668781,0001,1,ACADEMIA FORMA DO CORPO,04,20180828,20000222,MG,5403
97013619,0001,1,GALA,02,20050924,19931005,RS,8801
03670929,0001,1,KRAFT,08,20081231,20000228,SP,7107
05348039,0001,1,,08,20101217,20021002,RJ,5897
03679830,0001,1,ACTIV TREINAMENTO PERSONALIZADO,02,20051103,20000229,SC,8105
07706404,0001,1,ACADEMIA ROX,04,20180403,20051108,SC,8349
03686253,0001,1,GYM THINGS,02,20050827,20000308,PR,7691
05361970,0001,1,,08,20180718,20021029,PE,2531
00400927,0001,1,MAX FORMA,03,20150126,19950123,BA,3849
05374999,0001,1,,08,20040528,20021025,MG,4445
05378003,0001,1,ACADEMIA LU,04,20240813,20021108,PA,0427
02025477,0001,1,,08,20230406,19970811,DF,9701
02028036,0001,1,,08,20130222,19970806,RS,8685
97429153,0001,1,PRATIQUE,08,20040607,19940415,MG,4123
05388256,0001,1,ACADEMIA VITOR BAHIA,04,20181025,20020606,BA,3849
02035504,0001,1,,02,20051103,19970815,CE,1389
00424727,0001,1,ACADEMIA PONTE FITNESS E DANCE,02,20051103,19950208,RS,9825
03724990,0001,1,,02,20180919,20000329,MG,5035
03727686,0001,1,ACADEMIA DE NATACAO DA BARRA,08,20250527,20000323,MG,4877
05407934,0001,1,FORCA E SAUDE,02,20051103,19860821,RS,8801
00435044,0001,1,ACADEMIA AQUASPORT,08,20170102,19950207,SP,6787
02059411,0001,1,CENTRO AQUATICO MARIMAR,02,20050827,19970501,PA,0427
03746839,0001,1,,04,20210316,20000405,RJ,6001
05428797,0001,1,ESPACO PILATES,08,20210414,20021211,PE,2457
03754896,0001,1,ESPACO VOX,02,20000412,20000412,SC,8143
05431138,0001,1,ANATOMIA ACADEMIA,08,20150209,20021202,RS,8837
02072277,0001,1,SAN VIGOR ACADEMIA,08,20090722,19970819,RJ,5873
03757783,0001,1,ACADEMIA JARDIM CAMBURI,02,20050910,20000323,ES,5705
03762029,0001,1,ACADEMIA FERNANDA,08,20150209,19981019,RJ,5877
00460004,0001,1,ACADEMIA MUAY THAI MANCILLA,08,20161221,19950302,SC,8039
00460382,0001,1,,04,20190124,19950303,MG,4573
05437887,0001,1,IMPACTO ACADEMIA,08,20150209,20021206,BA,3429
03766424,0001,1,ACADEMIA MOVIMENT,08,20100616,20000410,RN,1761
05441646,0001,1,ACADEMIA APOLLO FITNESS,04,20180918,20021223,BA,3849
05444523,0001,1,ACADEMIA AQUATICUS,04,20210224,20020927,CE,1389
05449009,0001,1,,08,20081205,20021219,SC,8105
02090003,0001,1,PERFORMANCE ACADEMIA,08,20230613,19970801,MS,9165
00473030,0001,1,C & L FITNESS ACADEMIA,08,20131120,19950310,CE,1389
07817578,0001,1,PREVINE LABORAL,08,20181228,20060118,SP,6619
05455478,0001,1,QUADRA 2 - GINASTICA & MUSCULACAO,04,20180928,20021223,RS,8841
05459666,0001,1,ACADEMIA CORPO ATIVO,02,20040206,20021219,SP,6377
05466139,0001,1,,04,20180904,20030106,MG,4123
05467318,0001,1,OMEGA FITNESS,08,20251010,20021217,SP,7071
03794869,0001,1,,02,20051103,20000424,SP,6357
00495898,0001,1,PONTO 1 ACADEMIA,02,20051103,19950309,ES,5703
05476687,0001,1,,08,20030416,20030109,SC,8309
05477414,0001,1,,08,20170929,20030117,SP,7107
03807273,0001,1,PW FITNESS ACADEMIA,02,20050305,20000509,CE,1585
02124994,0001,1,,04,20190111,19970915,RJ,2909
05482778,0001,1,CROSSFIT RB II,02,20250109,20030110,AC,0139
05483848,0001,1,ONE LIFE FITNESS,04,20210218,20030127,MS,9051
03817551,0001,1,MARE MAR,08,20210823,20000407,BA,3849
03817604,0001,1,VIDA NOVA ACADEMIA,04,20240816,20000414,RS,8801
05493905,0001,1,TOTAL TRAINING,08,20240103,20030113,SC,8105
00522824,0001,1,ACADEMIA JAZZ BELL,02,20051103,19950307,SP,6681
05496350,0001,1,,08,20191008,20030123,RJ,6001
07888934,0002,2,CORPUS ACADEMIA,08,20160921,20060223,MG,4921
05499930,0001,1,BEST CONDITION,08,20110527,20030127,RJ,5915
05502758,0001,1,,04,20260512,20021231,SP,7107
05504039,0001,1,BIO MOVIMENTO,08,20041129,20030203,RS,8841
03843462,0001,1,MAX ACADEMIA,02,20051103,20000530,CE,1389
05508922,0001,1,ACADEMIA MUSCULOS,08,20130805,20021219,SP,6715
05512963,0001,1,,08,20070706,20030207,SP,7133
05516386,0001,1,,03,20061003,20030127,MG,4371
05519686,0001,1,,08,20180528,20030129,MG,4123
05522820,0001,1,MOTIVACAO,04,20181016,20030214,SP,7107
00557565,0001,1,ACADEMIA BODY SHAPE,02,20050827,19950418,MG,4123
05526089,0001,1,,04,20190227,20030218,SP,7107
05531651,0001,1,BOOMERANG,04,20210326,20030128,SP,6415
00564800,0001,1,,02,20220110,19950314,RJ,1116
05533737,0001,1,,04,20181016,20020912,SP,7107
05542943,0001,1,NO LIMITE - ACADEMIA,08,20131126,20030311,PR,7667
05549874,0001,1,,02,20030310,20030310,SP,6131
03892518,0001,1,NATE,04,20241127,20000615,RJ,5825
05551269,0001,1,ATMOSFERA ACADEMIA DE GINASTICA,08,20170329,20030224,MS,9051
01945304,0002,2,BASE ACADEMIA,08,20020516,19990729,SP,7107
05552979,0001,1,,04,20260514,20030220,MG,4123
02205638,0001,1,,08,20210225,19970904,SP,7107
05558065,0001,1,ACADEMIA CORPO E MOVIMENTO,02,20030225,20030225,RS,8779
00589738,0001,1,RECRUTA ZERO,08,20001025,19950504,PR,7493
05561732,0001,1,FORMULA FITNESS ACADEMIA,08,20071106,20030314,SC,8027
05561876,0001,1,FREESTYLE,02,20050305,20030321,CE,1389
02214774,0001,1,,08,20180427,19971016,SP,7075
00600426,0001,1,,08,20221014,19950515,MG,5401
02226073,0001,1,MATIAS ACADEMIA,08,20190617,19971112,SC,8105
05577201,0001,1,FIGHT COMPANY,08,20150818,20030320,SP,7017
05580482,0001,1,ACADEMIA FORMA TOTAL,08,20181002,20030325,RS,8531
05580903,0001,1,,02,20030325,20030325,RJ,5897
05581123,0001,1,MARATONA QUALIDADE DE VIDA,02,20030314,20030314,SP,7107
00612272,0001,1,,02,20021116,19950510,SP,6795
05588713,0001,1,SAUDE & SINERGIA - ACADEMIA DE GINASTICA,08,20230224,20030328,PA,0427
05589690,0001,1,,08,20090922,20030218,RS,8801
05590213,0001,1,REALCE CIA. DO CORPO,02,20030403,20030403,RS,8749
03930164,0001,1,,08,20151229,20000704,SP,7071
00617694,0001,1,,02,20040312,19950516,SP,7107
05593154,0001,1,EXERCITTY - CENTRO DE EXCELENCIA FISICA E QUALID.VIDA,08,20200605,20030410,MG,4763
02248139,0001,1,BALANCE ACADEMIA,08,20230602,19971120,GO,9373
00631513,0001,1,FITNESS E COMPANY,08,20151026,19950518,RJ,6001
02253053,0001,1,FELIZ IDADE,04,20260512,19971125,RJ,6001
05613192,0001,1,FIT ART,08,20230111,20030416,DF,9701
02256751,0001,1,TECHNO FIT,02,20051103,19971001,RJ,5869
05616212,0001,1,CENTRO DE ATIVIDADES SAUDE E BELEZA,04,20210416,20030425,MG,4921
02259603,0001,1,,08,20020813,19971118,RS,8801
02849964,0002,2,BODY PLANET FITNESS CLUB,08,20080609,20010606,RJ,5865
03959300,0001,1,CARLOS ALBERTO DA SILVA REPRESENTACOES,08,20250714,20000712,RN,1759
05621963,0001,1,ACADEMIA FITNESS CENTER DE MUSCULACAO,02,0,20030423,PB,2117
03961516,0001,1,,08,20111212,20000801,SP,6495
00646125,0001,1,INSTITUTO PRANAYAMA,08,20200722,19811113,DF,9701
05625693,0001,1,,04,20210408,20030416,SP,7071
05639116,0001,1,ACADEMIA CORPORE FITNESS,04,20181026,20030514,AM,0255
05654283,0001,1,,02,20051103,20030505,SP,2951
03409542,0002,2,,08,20060426,20010904,BA,3515
03996485,0001,1,CENTRO DE PREPARACAO FISICA E DESENVOLVIMENTO,02,20210420,19790423,MS,9051
02297708,0001,1,NEW TRAINING,02,20001230,19971014,SP,7107
00686681,0001,1,,08,20101008,19950706,SP,7107
03750459,0002,2,ACADEMIA CIA DO MOVIMENTO,08,20190311,20010724,RS,8785
02322217,0001,1,PARQUE SAUDE - CENTRO DE ATIVIDADES FISICAS,08,20100113,19980108,RS,8841
05691438,0001,1,CORPUS FITNESS ASSESSORIA EM QUALIDADE DE VIDA,08,20150123,20030602,SP,6619
05696557,0001,1,,04,20260515,20030610,BA,3849
03944180,0006,2,,04,20190227,20010301,SP,7107
05705493,0001,1,ACADEMIA TITANIUM,04,20210330,20030616,MG,4365
00719684,0001,1,,08,20200312,19950719,SP,7107
04050817,0001,1,MAX FORMA ACADEMIA E FITINESS,04,20210326,20000919,SP,6313
04056386,0001,1,,08,20150209,20000922,BA,3861
02356166,0001,1,ACADEMIA PAULO BUBOIS,04,20231024,19980210,DF,9701
04071959,0001,1,ACADEMIA SOUL FITNESS,02,20051103,20000920,BA,3413
04691803,0002,2,MASTER ACADEMIA DE GINASTICA,08,20071011,20040805,MG,4123
02373913,0001,1,ACADEMIA VIDA E MOVIMENTO,04,20190130,19980220,PE,2627
04083567,0001,1,FIT ACADEMIA,08,20031008,20000901,SP,7107
04086461,0001,1,BION FITNESS,02,20051103,20001006,PE,2531
07709060,0001,1,ACADEMIA,04,20180925,20051103,ES,5699
04980382,0002,2,,02,20031018,20020801,RJ,5865
00763456,0001,1,TRANS FORMA ACADEMIA,08,20090226,19950815,RS,8833
04091636,0001,1,GOLDEN GYM,08,20060123,20001010,RJ,5897
05742019,0001,1,,04,20201023,20030625,SP,6163
07825966,0001,1,ADRENALINA SPORT,08,20150209,20060131,GO,9373
04093128,0001,1,FORT ACADEMIA,04,20181026,20000914,CE,1389
05749891,0001,1,SPORT LIFE,04,20210422,20030625,BA,3253
05151050,0002,2,ESPACO DE META,04,20181026,20040413,CE,1389
02394959,0001,1,VINTE METROS,04,20181214,19980120,SP,6477
04104081,0001,1,,02,20051103,20001009,BA,3685
05758779,0001,1,CTAM,04,20220607,20030708,CE,1389
02410258,0001,1,,08,20180223,19980206,SP,7151
05772964,0001,1,,02,20030710,20030710,SP,6875
05777209,0001,1,FISIOCORPUS,02,0,20030715,BA,3849
05780807,0001,1,PRO-LLIFE ACADEMIA,02,0,20030728,PB,2051
05781030,0001,1,MARCONI SURF WEAR,04,20180925,20030717,BA,3449
02423097,0001,1,ESPACO BRASIL,08,20030917,19980120,SP,7107
06162198,0002,2,ENERGY,04,20181026,20041021,CE,1389
05790943,0001,1,NAKAMURA TOP TEAM,04,20220607,20030725,GO,9373
04138644,0001,1,PHYSICAL CENTER,04,20181107,20001027,PI,1219
05792807,0001,1,ACADEMIA GOLD FITNESS,08,20180427,20030710,SP,6149
05794919,0001,1,,08,20200213,20030724,SP,6729
02436026,0001,1,,08,20140403,19980326,PB,1981
02440472,0001,1,,08,20150209,19980330,SP,7107
04153832,0001,1,ACADEMIA SEMPRE VIVA II,02,20051103,20001107,SP,7107
04154497,0001,1,,08,20160815,20000914,SP,6361
05810580,0001,1,,08,20181017,20030805,RS,8685
05814817,0001,1,,08,20171019,20030710,SP,7107
05816867,0001,1,,08,20180716,20030725,SP,7145
05821693,0001,1,ARARA FITNESS,04,20181025,20030819,BA,3889
02456164,0001,1,VIA BRASIL,02,20050827,19980407,SP,6619
04172400,0001,1,ESPACO SHAOLIN DO CARIRI,08,20170124,20001124,CE,1447
04175512,0001,1,,08,20070711,20001204,PE,2531
00844972,0001,1,CATAVENTO,02,20051103,19951006,MG,4445
04182822,0001,1,POWER FREE,08,20220105,20001129,SP,7107
02473385,0001,1,,08,20100129,19980408,PE,2531
05843470,0001,1,ACADEMIA CORPO EM EVIDENCIA,08,20050307,20030801,SP,6921
05843797,0001,1,POWER FIGHT ACADEMY,04,20220607,20030724,SP,7107
05845372,0001,1,UPV SPORTS,08,20160106,20030819,RS,8511
05847154,0001,1,CENTRO DE ATIVIDADES FERNANDESERRES,08,20240831,20030820,RS,8951
05847581,0001,1,,08,20160718,20030805,SP,7047
05848052,0001,1,S P PILATES & ROLFING,08,20130626,20030724,SP,6291
05848082,0001,1,ACADEMIA RITMO DO CORPO,02,20230130,20030722,RS,8815
05851277,0001,1,,02,0,20030821,SP,6291
05853612,0001,1,NEOFIT CENTRO DE ATENDIMENTO PERSONALIZADO,08,20050504,20030828,SC,8267
04200543,0001,1,,08,20060614,20001206,SP,6291
05866265,0001,1,ACADEMIA RENASCENCA,02,20030711,20030711,MA,0921
02494188,0001,1,,02,20051103,19980417,MG,4213
05867317,0001,1,TPD,08,20150209,20030813,BA,3863
05868415,0001,1,VALENTE,08,20060609,20030905,SP,7243
02497906,0001,1,CORE FITNESS,08,20181120,19980504,DF,9701
00879245,0001,1,ACADEMIA KINSOR,04,20190322,19951026,RS,8801
05887071,0001,1,C.T.H.-CENTRO DE TREINAMENTO HERCULES,08,20120827,20030709,TO,9733
02513276,0001,1,SPOT FITNESS,08,20180706,19980511,SP,7107
04229771,0001,1,,04,20260512,20010112,SP,6789
00892843,0001,1,ACADEMIA CHARM E ENERGIA,02,20031004,19951031,RJ,6001
04235648,0001,1,DIVINO CORPO,02,20051103,20001227,RS,8785
02531367,0001,1,T W E,08,20140618,19980507,PR,7435
05911174,0001,1,VIDA & SAUDE,08,20040115,20031001,RS,8531
04257699,0001,1,,08,20150209,20010122,SP,6213
04258900,0001,1,ACADEMIA FLAVIA FITNESS,02,20051028,20010118,MA,0921
02543614,0001,1,POWER MUSCLE ACADEMIA,02,20051103,19980525,GO,9373
05923240,0001,1,TODA FIT,08,20220131,20031008,MT,9185
05924496,0001,1,CORPUS FITNESS,04,20181120,20031014,PB,2051
00916761,0001,1,,04,20180906,19951120,SC,8105
02545920,0001,1,ACADEMIA PERFORMANCE,08,20150209,19980511,SP,7107
05927321,0001,1,AGDSKFVT,04,20240816,20030829,RS,8683
05927761,0001,1,,08,20140107,20030925,MG,4123
05932037,0001,1,TAKANEKA LAN-GAMES & CAFE,08,20231107,20031006,PR,7535
02562580,0001,1,SCATENA ACADEMIA,04,20260512,19980506,SP,6853
04284650,0001,1,H2 O ACADEMIA,04,20180911,20010206,SP,7107
04284682,0001,1,ATLETICA ACADEMIA,08,20040429,20010205,PR,7935
04287185,0001,1,,08,20211129,20010129,SP,6831
05953038,0001,1,,08,20230607,20031010,SP,6369
04287872,0001,1,PERALTA ACADEMIA CIDADE DUTRA,02,20231124,20010117,SP,7107
02574716,0001,1,ACADEMIA AQUARIUS,02,20051103,19980529,MG,5257
05963011,0001,1,EQUIPE 3 EM 1,04,20210303,20031103,RO,0003
00950016,0001,1,,08,20020521,19951206,GO,9373
05965194,0001,1,ACADEMIA SPORT BRASIL,08,20070409,20031016,DF,9701
04300162,0001,1,,08,20060622,20010215,RS,8801
05966909,0001,1,PRAINHA FITNESS ACADEMIA,08,20221003,20031028,SC,8319
04308605,0001,1,BIOENERGIA PALLADIUM CENTER,08,20021227,20010220,RS,8841
23222508,0002,2,JOK ACADEMIA,02,20051103,19900510,MG,4209
05980629,0001,1,,02,20031030,20031030,MG,4409
05981705,0001,1,BODY HOT,04,20181214,20031021,SP,6477
00964873,0001,1,ACADEMIA DE TAEKWONDO MARIA SILVEIRA,03,20000831,19951215,RS,8815
04318831,0001,1,,02,20010220,20010220,SP,6131
05990603,0001,1,,02,20031107,20031107,SC,8057
04327101,0001,1,ACADEMIA TAIYO II,02,20051103,20010112,SP,7183
05995125,0001,1,CARIN TERESINHA VIER,08,20131226,20031111,RS,8847
02607185,0001,1,,08,20170811,19980626,RJ,5811
06002144,0001,1,GIL ACADEMIA,08,20220223,20031110,BA,3993
02607483,0001,1,,08,20150209,19980701,SP,6477
02609327,0001,1,,02,20041126,19980506,SP,7107
00983176,0001,1,WATERSIDE,02,20051103,19951130,SP,7107
04337462,0001,1,,02,20051103,20010216,SP,7107
04338301,0001,1,,08,20081231,20010305,SC,8089
04340058,0001,1,,02,20051103,20010306,SC,8025
06013044,0001,1,VIA DO CORPO ACADEMIA,08,20060518,20031118,RS,8515
06017048,0001,1,ACADEMIA GINASTICA BIO PILATES,08,20071219,20031118,SP,6291
04351840,0001,1,ACADEMIA ESPACO FITNESS,02,20051103,20010315,RN,1887
04357715,0001,1,,08,20081231,20010313,SP,7071
06027529,0001,1,,04,20210316,20030926,RJ,5897
04362297,0001,1,MAMMA ITALIA,08,20190626,20010326,PE,2531
04366783,0001,1,ACADEMIA ESPORTE MAXIMO,04,20180918,20010320,RN,1759
06036585,0001,1,ACADEMIA BOA FORMA,04,20181010,20030714,PR,5453
06037919,0001,1,PRO FITNESS,08,20060418,20031210,RS,8651
01014143,0001,1,TAPAJOS ACADEMIA,04,20210219,19960124,PA,0044
06041964,0001,1,GOLFINHO CENTRO DE CONDICIONAMENTO FISICO.,04,20210407,20031219,BA,3849
06044719,0001,1,ACADEMIA PERFIL,04,20181011,20031209,MG,4123
06044943,0001,1,ACADEMIA OPCAO,04,20180918,20031210,CE,1389
04380607,0001,1,,02,20051103,20010330,RJ,6001
06051190,0001,1,CIA.POSTURAL - FITNESS & SAUDE,08,20240228,20031217,RS,8801
06055794,0001,1,GENESIS ACADEMIA,08,20171227,20031203,RS,8841
04388664,0001,1,ACADEMIA PERSONAL CENTER,08,20090804,20010418,RS,8801
02662119,0001,1,CARA DE MAROMBA,04,20210408,19980728,RJ,5805
06066935,0001,1,TOP TRAINING,04,20180928,20031209,RS,8683
04404598,0001,1,ACADEMIA IRON,08,20150209,20010420,SP,6579
06081123,0001,1,,08,20130128,20040105,SP,6689
06083546,0001,1,STUDIO UP,02,0,20031229,SP,7135
06090710,0001,1,BODYFUN ACADEMIA,08,20180405,20031008,SP,6291
06092095,0001,1,,02,20041023,20040127,SP,6179
06094520,0001,1,INSTITUTO DO CORPO WELLNESS HEALTH,04,20180828,20040114,DF,9701
01063298,0001,1,MOVIMENT,02,20050108,19960202,SP,6615
04429231,0001,1,ACTIVE ACADEMIA E ESTETICA,04,20231122,20010420,SP,6689
06104352,0001,1,ACADEMIA SERGIO MARIOLA,02,20051103,20031104,RJ,5847
06107505,0001,1,BY FIT CLUB,04,20180925,20040213,RJ,6001
04434237,0001,1,ACADEMIA MUNDO JOVEM,08,20081231,20010508,PE,2521
04434330,0001,1,,04,20240823,20010424,RJ,5833
04436126,0001,1,,08,20180725,20010424,SP,2951
02706503,0001,1,FITNESS CENTER,04,20181010,19980804,RS,8801
06118339,0001,1,ACADEMIA ESPACO SAUDE,08,20121026,20040210,PE,2435
01078677,0001,1,,02,20231010,19960306,SP,7099
06120969,0001,1,EM MOVIMENTO ACADEMIA,08,20150209,20040206,ES,5705
04445594,0001,1,,08,20080521,20010411,SP,7107
06121898,0001,1,ACADEMIA ESPARTA,08,20090506,20040204,MG,4123
01086352,0001,1,GOFIT,02,20220323,19960312,AP,0605
06134561,0001,1,XGYM,02,20041023,20040122,RJ,6001
06135338,0001,1,CIA.DO EXERCICIO,02,20050910,20040226,SC,8027
02721898,0001,1,SABOR E AGUA ATIVIDADES AQUATICAS,08,20081231,19970905,MG,4123
06138356,0001,1,,08,20080804,20040304,RJ,6001
02723240,0001,1,ESPACO QUALY VIDA FISIO FITNESS,08,20210128,19980901,MG,4123
55197420,0001,1,M M BODY WORK,02,20050924,19851126,SP,6541
55217053,0001,1,,08,20150209,19851122,SP,7107
02725853,0001,1,EFFECT PERSONAL TRAINING,08,20150209,19980820,PR,7563
06143716,0001,1,ACADEMIA PALAZZO,04,20181017,20040301,DF,9701
17513847,0001,1,ACADEMIA YUCCA,08,20211228,19831006,MG,4371
06148347,0001,1,ACADEMIA DESTAK,08,20100319,20040311,RS,8853
04476914,0001,1,ACQUAMANIA NATACAO E HIDROGINASTICA,02,20051103,20010529,RJ,6001
06154098,0001,1,,04,20260518,20040204,SP,7057
01111907,0001,1,J/E LOCACAO E TURISMO,08,20210519,19960327,BA,3849
06155160,0001,1,,08,20170901,20040312,SP,7005
06158900,0001,1,ACADEMIA JR. HALTERES,08,20190122,20040317,PA,0427
04485078,0001,1,,08,20180813,20010521,SP,7071
04486087,0001,1,BEM ESTAR ACADEMIA,02,20050730,20010601,SC,8047
06635133,0001,1,PORTAL FITNESS,02,20200826,20040624,RS,8815
35488659,0001,1,ACADEMIA SONHO D AGUA,04,20210423,19901101,PB,2051
06167178,0001,1,ASAKA,08,20150209,20031114,MT,9027
04496597,0001,1,ACADEMIA FORCA E VIDA,04,20190320,20010613,DF,9701
06172421,0001,1,ACADEMIA CORPO FIT,04,20181018,20040315,GO,9227
01132210,0001,1,,04,20181122,19960313,SC,8073
06176007,0001,1,,08,20240104,20040322,SP,7057
04507879,0001,1,,08,20210730,20010604,PR,7535
02767406,0001,1,,02,20051103,19980909,SP,7107
73532228,0001,1,AGUA & CIA,04,20181011,19930928,RJ,6001
06185967,0001,1,,02,0,20040211,SP,7099
04512502,0001,1,STUDIO PILATES,02,20051103,20010611,SP,6677
35727130,0001,1,BG FITNESS,02,20051103,19920310,AL,2785
06189541,0001,1,,08,20190510,20040402,SP,7237
04515785,0001,1,STILLOS ACADEMIA DE GINASTICA,04,20181107,20010619,PI,1219
06189959,0001,1,,08,20100105,20040406,SE,3105
35742972,0001,1,,08,20110330,19920710,AL,2785
06190973,0001,1,MOVING ACADEMIA,02,20051103,20040325,RS,8595
04519662,0001,1,,02,20050129,20010619,SP,7107
55801559,0001,1,,08,20060324,19860529,SP,7107
01158061,0001,1,,08,20061106,19960423,MG,4031
01158083,0001,1,SPORT FITNESS,08,20120702,19960419,RJ,6001
02782311,0001,1,ACADEMIA DE GINASTICA E MUSCULACAO '' ARNOLD'',08,20130220,19981006,RN,1881
06202056,0001,1,ACADEMIA ARRUDA,08,20180830,20040414,PE,2513
02783156,0001,1,SCHMIDT FITNESS,08,20210520,19980924,SP,7097
01159889,0001,1,NEW ACADEMIA,08,20170206,19960424,RS,5969
04530995,0001,1,ACADEMIA FORCA E ACAO,08,20020916,20010625,MG,4431
01163508,0001,1,NEXT TRAINING,02,20050827,19960424,SC,8105
04537123,0001,1,ACADEMIA DU PARK - ESPORTE & LAZER,04,20181128,20010705,ES,5703
04537456,0001,1,PHISYCAL PERSONAL ACADEMIA,08,20050111,20010703,RS,8541
06213681,0001,1,ACADEMIA PERFIL,08,20151005,20040405,SC,8179
02793220,0001,1,,08,20250123,19981016,CE,1549
04541746,0001,1,ACADEMIA ATHLETIC CENTER,04,20210309,20010710,PR,7583
06696544,0001,1,ACADEMIA FISIOFITNESS,02,0,20040720,MG,4687
07844348,0001,1,,02,20060131,20060131,SP,6425
73872590,0001,1,,08,20081231,19931207,RJ,6001
06223950,0001,1,QUALLY VITTA - SAUDE E ESTETICA,08,20241113,20040422,PR,7535
07412420,0001,1,ACADEMIA W L TROAD,04,20220610,20050603,SP,6287
73901266,0001,1,ACADEMIA FORMATHO,08,20090922,19931215,PR,7535
56100852,0001,1,,02,20050924,19860812,SP,7107
06225013,0001,1,LUCIGOL ESPORTE,08,20150209,20040405,TO,9241
02802617,0001,1,ACQUA FITNESS,08,20250704,19981005,BA,3849
02805295,0001,1,ACADEMIA IDEALIZE,08,20240902,19981001,PR,7777
06229391,0001,1,BIOS - CENTRO DE CONDICIONAMENTO FISICO,02,0,20040329,RJ,6001
04559105,0001,1,DUGGEN ACADEMIA DE MUSCULACAO,08,20051027,20010706,SC,8047
56174378,0001,1,CORPURIS ACADEMIA,08,20150209,19860812,SP,6395
06234168,0001,1,ACADEMIA OFICINA DO CORPO,08,20041216,20040428,SC,8081
06234469,0001,1,ACADEMIA IRON FITNESS,02,20240315,20040403,BA,3549
01189429,0001,1,CIA. DO CORPO,04,20181204,19960509,BA,3543
04566404,0001,1,SPORT INDOOR,08,20130516,20010702,SP,7107
06240299,0001,1,ACADEMIA PAULO CARVALHO,04,20181121,20040311,BA,3685
01201642,0001,1,HAUCK PHYSICAL CLUB,08,20150112,19960518,MG,4123
74145608,0001,1,,02,20051103,19940117,RJ,6001
06259845,0001,1,ACADEMIA MOTIVACAO,08,20250825,20040512,BA,3573
04586695,0001,1,MILLENIUNN FITNESS,08,20081111,20010320,RS,8791
02832676,0001,1,SMA STUDIO MARCO AURELIO,08,20210706,19981007,MG,4799
07832440,0001,1,ACADEMIA MEGA FITNESS,04,20210416,20060127,SE,3223
02834386,0001,1,,02,20051103,19981111,PB,1937
56477649,0001,1,CENTRO ESPORTIVO JAUENSE,08,20050726,19860930,SP,6607
36577617,0001,1,,02,20051103,19920408,RJ,5847
04598189,0001,1,ACADEMIA ESPACON CINCO,08,20081231,20010731,GO,9269
06274045,0001,1,ACADEMIA EVOLUCAO,08,20091229,20040412,SP,6969
06276434,0001,1,O CASARAO DO CORPO ACADEMIA,04,20181106,20040310,PA,0427
06281185,0001,1,,02,20051103,20040517,SP,7107
06281351,0001,1,GYM FITNESS,08,20081203,20040528,RN,1761
02848644,0001,1,,02,20051103,19981112,RJ,6001
04608103,0001,1,ACADEMIA KOREO,04,20181120,20010814,MS,9051
04612285,0001,1,-ACADEMIA SPORT PHISICAL,04,20190130,20010821,PE,2427
06294588,0001,1,POINTER ASSESSORIA & EVENTOS ESPORTIVOS,03,20110419,20040514,MG,5413
01240485,0001,1,STUDIO MOTA ACADEMIA,02,20051103,19960603,SP,6811
06298595,0001,1,ACADEMIA CULTURA FISICA,04,20181011,20040301,MG,5155
02861456,0001,1,ACADEMIA MEXA-SE,08,20081231,19981001,SC,8291
04621767,0001,1,MP ATIVIDADES FISICAS,02,0,20010725,DF,9701
01244837,0001,1,MOVIMENTO MODA FITNESS,08,20120523,19960603,SP,6681
06301802,0001,1,QUADRA POLIESPORTIVA DO CANJICA,08,20180913,20040608,MG,4123
06305596,0001,1,,02,0,20040513,RS,8791
06306491,0001,1,HOME FITNESS,08,20230301,20040129,PE,2531
01249981,0001,1,ACADEMIA DE GINASTICA LINDA FITNESS,08,20251117,19960604,SC,8161
02869744,0001,1,ARION FIT,02,20051103,19981126,RS,8901
06311035,0001,1,ACADEMIA IVAN FERREIRA,08,20190321,20040602,BA,3849
06311566,0001,1,FISIO FITNESS - ESTUDIO DO CORPO,08,20200917,20040527,RS,8683
04633051,0001,1,,02,20051103,20010821,SC,8367
04634272,0001,1,CIRCUITO DO CORPO,02,20051103,20010903,PB,2051
04634278,0001,1,ACADEMIA FORMA FISICA,08,20110223,20010827,MG,5425
06316290,0001,1,CIA DO FITNESS,08,20161010,20040507,MG,5035
02878730,0001,1,BOTO & LION,08,20150209,19981207,SP,7107
74761081,0001,1,VIDEO LOCADORA BETE,02,20051103,19941104,RS,8801
04640032,0001,1,APICE FITNESS & WELLNESS,02,20050827,20010813,RS,8801
74769514,0001,1,,02,20051103,19941109,RS,8801
02884279,0001,1,CENAGI LTDA,04,20260512,19981209,CE,1389
06331654,0001,1,,08,20240419,20040617,MG,5273
06337709,0001,1,,04,20201029,20040614,RJ,5865
04655052,0001,1,ACADEMIA SPORT LIFE,04,20181204,20010622,BA,3669
01276048,0001,1,ACADEMIA VIDA & AGUA,04,20260515,19960627,SC,8105
01278682,0001,1,UPPER ESPORTES,04,20180911,19960625,SP,6291
01279237,0001,1,,08,20210204,19960701,RS,8705
02898160,0001,1,MAXXI FORM,04,20181010,19980928,SP,7107
04660275,0001,1,,04,20181030,20000529,RS,8801
06346182,0001,1,,08,20190429,20040505,SP,7107
06346537,0001,1,ACADEMIA CORPO JOVEM,02,20051103,20040621,BA,3871
06348472,0001,1,ACADEMIA VITAL FORMA,08,20060824,20040705,RS,8749
02904219,0001,1,ACADEMIA PERFORMACE,08,20100705,19981221,SC,8327
01289853,0001,1,ACQUA & SPORTS,02,20051103,19950901,SC,8047
04673698,0001,1,,04,20181122,20010918,SC,8179
04674906,0001,1,CLUB DA LULUZINHA PRO-FORMA,08,20150209,20010910,TO,9241
20184727,0001,1,,08,20061018,19860109,MG,4625
04678294,0001,1,ACADEMIA PRATIQUE,04,20181205,20010906,GO,1052
02917058,0001,1,,04,20181017,19981204,RJ,6001
06371713,0001,1,ACADEMIA ATIVA SPORT CENTER,08,20220810,20040614,ES,5703
04684971,0001,1,STAFF ACADEMIA,08,20051201,20010926,RS,8801
01304654,0001,1,AQUADEMIA,08,20150209,19960711,GO,9373
57440893,0001,1,,08,20120914,19870521,SP,7149
57490039,0001,1,,08,20170810,19870820,SP,6291
02929915,0001,1,ACADEMIA DO CARLAO,08,20040121,19980812,MG,5373
38034906,0001,1,ACADEMIA BOCA,04,20210401,19930927,DF,9701
04701554,0001,1,ACADEMIA ESPACO DO CORPO,08,20121105,20011010,PB,2051
06865861,0001,1,TED GYM,04,20240808,20040510,MG,4123
02937864,0001,1,ACADEMIA RELAX,08,20090113,19990113,PE,2531
20455473,0001,1,,08,20210224,19830405,MG,4733
06871434,0001,1,BIOFORMA ACADEMIA,03,20061221,20040720,PE,2531
04708169,0001,1,PLANETA FITNESS ACADEMIA,04,20210416,20010920,MG,4123
02947928,0001,1,PODIUM ACADEMIA,04,20190129,19990121,PI,1167
01328964,0001,1,,08,20220524,19960707,SP,7107
02949231,0001,1,VITAL SPORT CENTER,04,20201029,19981222,RJ,5895
02954033,0001,1,ACADEMIA SPORT E DANCE,08,20031226,19990120,CE,1389
04725953,0001,1,TREINO FITNESS ACADEMIA,02,20051103,20011018,MG,4763
01351510,0001,1,ACADEMIA FLARE FITNESS,08,20150408,19960807,AL,2825
02971173,0001,1,ACADEMIA BIO FITNESS,08,20240110,19990210,BA,3849
06912581,0001,1,GRUPO SOCIAL INTEGRAL,04,20190206,20040705,RJ,2911
06913109,0001,1,ACADEMIA MOVIMENTO DO CORPO,08,20211203,20040708,RJ,6001
06913193,0001,1,FORMA SB ACADEMIA,02,0,20040705,RS,8863
02974805,0001,1,NERU'S PIZZA BAR,04,20180828,19990211,GO,9375
04745841,0001,1,ACTIVE ACADEMIA,02,20051103,20011031,PE,2381
02978197,0001,1,MASTER SPORT,02,20051103,19971204,SP,6477
01358805,0001,1,,08,20030923,19960809,RS,8599
06926459,0001,1,,08,20060516,20040806,SP,6155
06927542,0001,1,FIT ACADEMIA,08,20060905,20040810,RS,8599
06927890,0001,1,WELL ACADEMIA,02,0,20040723,BA,3849
06938315,0001,1,ACADEMIA ESTACAO DO CORPO,04,20181026,20040427,CE,1389
06945616,0001,1,XTREAM ACADEMIA,02,0,20040701,SP,7107
01380866,0001,1,BODY LIMITS,02,20051103,19960806,RJ,6001
01380920,0001,1,SELVA ACADEMIA,04,20240807,19960820,AC,0139
39130497,0001,1,,02,20051103,19900205,RJ,6001
06956764,0001,1,,08,20131212,20040730,SP,7107
01979622,0001,1,EIZENS SPORT CENTER,02,20051103,19970721,SP,7077
06958372,0001,1,JC FITNESS,04,20181017,20040826,DF,9701
39223805,0001,1,,08,20081231,19930304,RJ,6007
76815356,0001,1,,08,20050629,19830502,SC,8177
04788358,0001,1,ACADEMIA PETUNIA,02,20051022,20011129,RO,0009
01393330,0001,1,,08,20020715,19960820,SP,7097
01397517,0001,1,,04,20210408,19960812,SP,7071
04794950,0001,1,ZEUS ACADEMIA,08,20081231,20011109,MG,4733
06969469,0001,1,PERFORMANCE,04,20210406,20040820,SP,7017
01405956,0001,1,POWER ACADEMIA,02,20210504,19960829,MG,5391
67141986,0003,2,,08,20040528,20021127,SP,6477
04804747,0001,1,,08,20200727,20011207,MG,4123
03032052,0001,1,CIA DA AUA,08,19990923,19990308,PR,7679
04810687,0001,1,,02,20021012,20011129,RS,8727
06986539,0001,1,EMBELEZE,04,20190131,20040827,PB,2143
04816000,0001,1,ACADEMIA BIODINAMICA,02,20050827,20011128,MG,4167
06994951,0001,1,PERSONAL COMPANY,04,20181011,20040819,MG,4123
06996693,0001,1,SPORT VIDA,08,20191119,20040902,PR,5453
03044899,0001,1,ACTIVE SPORTS,08,20040407,19990317,RN,1661
01421105,0001,1,SPRINT ACADEMIA,04,20180913,19960701,RS,8881
04822448,0001,1,ACADEMIA CIA DO CORPO,02,20051103,20011214,ES,5623
01421975,0001,1,HIGH SOCCER,02,20190710,19960912,SP,7107
03046450,0001,1,,08,20241205,19990318,PR,7667
04829102,0001,1,ACADEMIA ESPORTE TOTAL,08,20100909,20011025,RJ,6001
39843941,0001,1,,04,20181130,19930914,RJ,5865
04842503,0001,1,ACADEMIA ESPACO VITAL,08,20170314,20020103,SE,3111
07019068,0001,1,ACADEMIA EQUILIBRIO,08,20140627,20040722,SP,6163
07026769,0001,1,BODY - HOUSE,08,20080313,20040927,RS,8801
21945605,0001,1,,02,20051103,19860624,MG,4123
01447651,0001,1,FABIANA ABDALLA - PERSONAL TRAINER,02,20051103,19960918,GO,9269
07028856,0001,1,ACADEMIA BETO PUNK,02,20200417,20040929,BA,3611
03074956,0001,1,ACADEMIA ERGOFORM,04,20181121,19990305,AL,2785
07030204,0001,1,GYM CENTER CHARLEN LUZ,02,0,20040819,ES,5697
04854172,0001,1,CHOICE,02,20051103,20011220,PR,7535
03077505,0001,1,ACADEMIA ATHIVA,04,20190109,19990316,SP,6251
03079018,0001,1,ACADEMIA PERSONAL,02,20051103,19990325,TO,9241
04857191,0001,1,ACADEMIA NATAACAO,08,20060403,20020114,PR,7955
77700250,0001,1,ACQUA FORMA,02,20001209,19831124,PR,7701
04860752,0001,1,,04,20181024,20020108,RJ,5901
06573909,0001,1,,04,20181017,20040712,RJ,6001
40396418,0001,1,,02,20240312,19920221,RJ,6001
07040142,0001,1,ACADEMIA VITALI SPORTS,08,20190422,20041006,PR,7535
07413188,0001,1,PRIME FITNESS,02,20050503,20050503,SP,6477
07041322,0001,1,,08,20241216,20041015,SP,7097
22130108,0001,1,ACADEMIA STAR TRAINER,08,20120410,19860624,MG,5403
59278275,0001,1,,08,20030409,19880711,SP,7107
04877127,0001,1,CORPO.COM ACADEMIA,02,20051103,20020130,RJ,5897
07055592,0001,1,POINT DELLAS,08,20161107,20041015,MG,4733
40561458,0001,1,ACADEMIA RAIZ,02,20051103,19910924,BA,3573
03102987,0001,1,PHISICAL CENTER ACADEMIA,08,20081126,19990420,RO,0003
07061309,0001,1,,04,20241127,20040916,RJ,5877
07062642,0001,1,,02,20040927,20040927,SC,8047
03105784,0001,1,NOVA UNIAO,08,20011226,19990422,RN,1761
07064544,0001,1,ACADEMIA VIDA LIVRE,08,20210326,20041104,RS,8801
01483425,0001,1,ACADEMIA DE MUSCULACAO BIA FITNESS,04,20181128,19961016,ES,5693
03120209,0001,1,ESPACO VIVENCIA,08,20170727,19990503,SE,3105
03122283,0001,1,,08,20080220,19990423,SP,7183
07083810,0001,1,CORPUS ESPACO SAUDE,04,20210423,20041117,RN,1841
07084469,0001,1,ACADEMIA CORPORE,08,20150209,20040825,SC,8027
01497949,0001,1,UP FITNNES ACADEMIA,08,20171120,19961022,RS,8801
07415842,0001,1,SINAPSE SAUDE EM MOVIMENTO,02,20050606,20050606,RS,8801
07092324,0001,1,ACADEMIA SPORT FITNESS,04,20180906,20041111,PR,7745
04917478,0001,1,STUDIO COMPASSO ACADEMIA,02,20051103,20020220,SP,6321
03138132,0001,1,METAL BIKE & GARRA EQUIP.MUSCULACAO,04,20201027,19990507,RN,1837
04919088,0001,1,GRECO FORMA,02,20051103,20020201,PA,0427
07098423,0001,1,,04,20220607,20041119,SP,7191
04920116,0001,1,,04,20180828,20020214,SP,6423
07102602,0001,1,,08,20170904,20041104,SP,7107
07103994,0001,1,ACADEMIA BIO HOUSE,04,20260513,20041125,PI,1153
07105007,0001,1,COMPANY FITNESS,04,20181002,20041025,CE,1447
04928918,0001,1,ACADEMIA BOA FORMA,02,20200727,20020130,PE,2559
04935525,0001,1,,08,20030428,20020311,MG,4553
07116046,0001,1,ACADEMIA AASW,08,20091222,20041201,PR,7535
07125416,0001,1,KADEMIA DO KADU,04,20180925,20041130,SP,6717
07126285,0001,1,ACADEMIA USINA DO CORPO,08,20160105,20041206,GO,9373
03166666,0001,1,ACADEMIA COLOSSUS,08,20220719,19990519,RR,0301
07144274,0001,1,ACADEMIA AGUA VIVA,08,20170420,20041216,SE,3111
07144423,0001,1,MAFISIO PILATES,02,0,20041112,SP,6213
01546400,0001,1,,02,20051103,19960613,SP,7107
01546425,0001,1,ACADEMIA PHYSICAL TRAGNIN,04,20180911,19961122,AL,2785
07149627,0001,1,ACADEMIA ENTE EM FORMA,02,20230419,20041124,AL,2885
41585621,0001,1,PERFORMANCE,04,20210224,19921104,CE,1389
41591009,0001,1,ACADEMIA MALHACAO,02,20051103,19920821,CE,1389
41606070,0001,1,RAM DAS YOGAS,08,20220606,19920916,CE,1389
07160455,0001,1,VIDA ATIVA,04,20220610,20041207,RS,8943
07164289,0001,1,,04,20210416,20041110,MG,4123
07165460,0001,1,SPORT VITAL,04,20190329,20041217,RJ,6001
07834093,0001,1,SPORT ACADEMIA,04,20181018,20060206,GO,9373
07172335,0001,1,,08,20170220,20050106,MG,4625
07182316,0001,1,KALE ESPACO SAUDE,02,20050107,20050107,DF,9701
03216072,0001,1,ACADEMIA NEW FITNESS,04,20180906,19990615,MG,4959
03218904,0001,1,ACADEMIA SOPHYGUY,08,20250408,19990616,DF,9701
07190600,0001,1,,04,20181227,20050124,SP,2965
60559424,0001,1,,02,20010324,19890529,SP,7107
07191073,0001,1,FENIX ESPORTES,04,20180913,20050127,RS,8619
07415916,0001,1,,08,20240712,20050426,SP,7121
23608375,0001,1,ESCOLA DE NATACAO GOLFINHO,02,20051103,19890117,MA,0921
03230459,0001,1,ACADEMIA SPORTFITNESS,04,20180928,19990614,RS,8637
01588715,0001,1,MAXIMUS GYM GOLD,02,20051103,19961216,RR,0301
03238303,0001,1,,02,20051103,19990616,MG,4733
03239477,0001,1,MOTIVACAO,08,20130619,19990524,SP,7107
07199588,0001,1,CURVES,04,20210316,20050117,RJ,6001
07205088,0001,1,,08,20130730,20050201,RS,8591
07205445,0001,1,,02,20041229,20041229,RJ,5865
07208510,0001,1,STYLLUS ACADEMIA,08,20200910,20050119,SC,8233
07128698,0001,1,W. MENEZES PRESTACAO DE SERVICO,08,20101104,20041125,RS,8791
01608676,0001,1,ATIVACAO ACADEMIA DE GINASTICA E MUSCULACAO,08,20240405,19961223,PR,7535
03255987,0001,1,ACADEMIA DE GINASTICA E HIDROGINASTICA,02,20051103,19990629,PR,7779
01614468,0001,1,ACADEMIA CORPO ATIVO,08,20061123,19970110,PB,1965
07220477,0001,1,FORMA ESTEICA E SAUDE ACADEMIA,08,20090105,20050217,MG,4601
23971542,0001,1,,08,20061106,19880225,MG,4123
03268733,0001,1,WINNER'S FITNESS ACADEMIA,08,20220120,19990708,MT,9067
03270286,0001,1,ACADEMIA DE MUSCULACAO TRADICIONAL,04,20181107,19990709,RN,1761
42775692,0001,1,PORTO DE MINAS CAPOEIRA,02,20240624,19920916,MG,4123
03273479,0001,1,ACADEMIA IN CORPORE GYM,04,20260515,19990709,SC,9971
42804773,0001,1,ACADEMIA CORPORAL PROMOCOES E EVENTOS ESPORTIVOS,04,20180925,19920616,MG,4123
01632736,0001,1,,04,20190226,19860219,DF,9701
79785952,0001,1,MOBI SPORT,02,20051103,19870112,PR,7535
24187593,0001,1,JUDO CLUBE LEAO,08,20040322,19880928,RN,1761
01638042,0001,1,ACADEMIA FAVORITA SPORT CENTER,04,20201029,19970130,MG,5403
03287730,0001,1,ESCRITORIO BOA FORMA ACADEMIA,02,20210512,19980217,PI,1003
03290987,0001,1,,08,20150209,19990621,DF,9701
07247964,0001,1,,08,20230210,20050131,SC,8179
07248517,0001,1,AMFITNESS,02,20050218,20050218,SP,7107
07261983,0001,1,CENTRO DE APRENDIZADO PA-KUA,08,20230519,20050307,DF,9701
24489437,0001,1,ACADEMIA ESPACO LIVRE,08,20150209,19900607,PB,2051
61581591,0001,1,,04,20181023,19900117,SP,7107
07266675,0001,1,MUSCLE MANIA,02,20050214,20050214,SP,7107
07267589,0001,1,AROLDO ACADEMIA MUSCULACAO,08,20180516,20050309,CE,1389
07270054,0001,1,ACADEMIA ATIVIDADE,02,20050317,20050317,RS,8729
24711913,0001,1,,08,20191230,19871214,MT,9067
24771032,0001,1,,08,20170809,19880922,MT,9067
07295325,0001,1,FITFORMA,08,20210210,20050224,CE,1247
07295873,0001,1,FENIX FITNESS,08,20051031,20050328,PE,2427
07296441,0001,1,ACADEMIA GUSTAVO BORGES,02,20050221,20050221,PR,7535
24893695,0001,1,ACADEMIA NAD'ARTE,02,20051103,19880301,DF,9701
07309497,0001,1,,02,20050316,20050316,SP,7053
25039884,0001,1,NADANCA,08,20070523,19890106,GO,9373
07319581,0001,1,,04,20181024,20050405,ES,5705
07329722,0001,1,M COMPANY,04,20210226,20050311,SP,7107
07334310,0001,1,PERSONAL FIT STUDIO,08,20070605,20050420,RS,8801
07338117,0001,1,VITALLE,08,20181123,20050317,PE,2531
25304700,0001,1,ACADEMIA CCRPUS,08,20021213,19880613,MG,4179
80894066,0001,1,ESCOLA DE NATACAO MG,02,20051103,19890720,PR,7691
07345719,0001,1,,02,20050413,20050413,MG,4895
07349458,0001,1,IMPACTO ACADEMIA,08,20090422,20050427,PB,1981
07350130,0001,1,CENTRO ACADEMICO J B FORMA,08,20200309,20050311,RJ,5913
07355900,0001,1,,04,20180906,20050429,PR,7535
07360161,0001,1,ACADEMIA NOVO STILO,08,20150209,20050426,CE,1389
25501545,0001,1,,08,20150209,19881201,MG,5373
07363889,0001,1,CIA DA FORMA,02,20050405,20050405,PR,7535
07364040,0001,1,,08,20071106,20050425,SP,6589
07368479,0001,1,STYLLU'S ACADEMIA,04,20180911,20050506,MG,4069
07371654,0001,1,LABORAL FITNESS,04,20190130,20050504,PE,2357
07374965,0001,1,,08,20070703,20050510,SP,6219
07376071,0001,1,,02,20050513,20050513,SC,8039
25657867,0001,1,,04,20190123,19920225,MG,4779
07381955,0001,1,ACADEMIA H2O,02,20050505,20050505,PR,7735
07386472,0001,1,ACADEMIA CORPO MALHADO,04,20180925,20050519,CE,1389
07389696,0001,1,WORLD GYM ACADEMIA,08,20150209,20050520,AL,2785
07396800,0001,1,"LIFE,SAUDE,ESPORTE,CULTURA E LAZER",04,20241127,20050519,MG,4123
26042804,0001,1,,02,20050903,19900522,MG,4371
63363980,0001,1,FALCAO APOLO E HALTERES,08,20081231,19910121,CE,1389
46369575,0001,1,ESCOLA DE NATACAO MAROLA,04,20190321,19810819,SP,7107
07884625,0001,1,TIROL FITNESS,04,20210416,20060316,MG,4123
64184351,0001,1,,08,20181009,19900816,SP,7107
27057611,0001,1,,04,20181011,19830624,RJ,6001
27112648,0001,1,,04,20190115,19811211,RJ,6001
27113109,0001,1,SPARTACUS CLUB,08,20081231,19820422,RJ,6001
64397201,0001,1,WALL STREET FITNESS,04,20190327,19901123,MG,4123
64681935,0001,1,ACADEMIA PRIMEIRO MOVIMENTO DANCA GINASTICA E MUSCULACA,02,20051103,19901017,SP,6205
27640416,0001,1,ACADEMIA LEON,04,20181017,19820811,RJ,6001
64985856,0001,1,CORPO CIA,02,20030719,19901210,SP,6469
27728013,0001,1,RENATA PACHECO FITNESS & ARTS,08,20230306,19820910,ES,5705
65054686,0001,1,,08,20251021,19930310,SP,7099
84140623,0001,1,CORPUS ACADEMIA,04,20220607,19911223,PA,0533
48600886,0001,1,ACADEMIA ATLANTIS,02,20051103,19770614,SP,7075
84595743,0001,1,KIM TAE KWON DO,04,20181205,19930412,RO,0003
07559229,0001,1,ACADEMIA DO BAIRRO BONINI,02,20050808,20050808,RS,8619
01073046,0001,1,ACADEMIA CORPO & MENTE,02,20040110,19960305,RS,8813
28454148,0001,1,,04,20181024,19841227,RJ,5863
65890238,0001,1,,08,20220531,19910508,SP,7089
28665859,0001,1,,08,20060628,19870720,RJ,6001
28705002,0001,1,,08,20250407,19850617,RJ,5833
66062795,0001,1,FORMA ATIVA,08,20040122,19910918,SP,7107
28958478,0001,1,,04,20220609,19841128,RJ,5925
11103561,0001,1,BEFIT ACADEMIA,02,20051103,19861010,MA,0921
29280997,0001,1,,04,20181017,19850712,RJ,6001
49627581,0001,1,ACADEMIA OFICINA DO CORPO,08,20030812,19780117,SP,6291
66454471,0001,1,ENERGIA CENTRO DE SAUDE E ATIVIDADES FISICAS,02,20051103,19930108,MG,4733
29777109,0001,1,,02,20051103,19851022,RJ,5925
50104769,0001,1,UNIEF,02,20051103,19790523,SP,6619
66837006,0001,1,,02,20020622,19930301,SP,6875
12220109,0001,1,,04,20190129,19870903,CE,1573
30473698,0001,1,,02,20040619,19791106,RJ,6001
30476410,0001,1,,08,19810917,19810306,RJ,6001
30712962,0001,1,,02,20051103,19801113,RJ,6001
67638155,0001,1,,02,20051103,19920828,SP,7107
30834493,0001,1,CORPO EM EVIDENCIA,08,20150209,19860430,RJ,5915
51154243,0001,1,ACTIVA,08,20201021,19790202,SP,7107
67849323,0001,1,,02,20051103,19920512,SP,7107
51394781,0001,1,LUIART GINASTICA E NATACAO,08,20030807,19810331,SP,6929
88301536,0001,1,,02,20051103,19820805,RS,8801
68159219,0001,1,,02,20051103,19921218,SP,7107
68247592,0001,1,,02,19980930,19920707,SP,6865
13457940,0001,1,HOME ACADEMIA,04,20181107,19840503,BA,3849
51821080,0001,1,,08,20050405,19830106,SP,6425
68556042,0001,1,DI PAOLA,08,20200623,19920610,RJ,5839
68589787,0001,1,MARCELO POWER ENERS,08,20201203,19920715,RJ,6001
68628361,0001,1,,02,20021214,19920925,RJ,6001
68643998,0001,1,,08,20201123,19920914,RJ,6001
68651249,0001,1,,08,20140107,19921023,RJ,6001
31832983,0001,1,CULTURAL,08,20081231,19880517,RJ,5865
31846561,0001,1,LOBO ACADEMIA,04,20210325,19881130,RJ,5925
69255008,0001,1,AQUA & FIT,02,20240517,19941202,SP,7057
32545865,0001,1,ESTACAO SPORT CENTER,02,20051103,19901109,RJ,5837
32579534,0001,1,CORPOSUADO,02,20050624,19890623,RJ,5867
90536012,0001,1,ACADEMIA PERSONAL TRAINER,02,20051103,19851126,RS,8801
15479694,0001,1,ACADEMIA DE FISICULTURISMO E ARTES MARCIAIS,08,20150209,19811027,MS,9051
71139547,0001,1,,02,20051103,19930628,MG,4123
53714515,0001,1,,08,20231116,19860404,SP,7057
04250600,0002,2,,08,20071122,20050603,SP,7107
71836365,0001,1,CRUZEIRO DO SUL,04,20190108,19930719,SP,7157
07416433,0001,1,BOB BURNING ACADEMIA,04,20260518,20050525,SP,7107
71995278,0001,1,,04,20210415,19930903,SP,6323
16291866,0001,1,BUENO EVENTOS,08,20150625,19880203,BA,3573
91553172,0001,1,VIVA VIDA,02,20051103,19870216,RS,8531
72388176,0001,1,RIO GYM,02,20051103,19930506,RJ,6001
54682646,0001,1,,08,20040114,19890222,SP,7083
72555535,0001,1,FITNESS SOCIETY ACADEMIA,04,20190115,19930804,RJ,6001
72615347,0001,1,PLENA MENTE ACADEMIA E ESCOLA DE NATACAO,08,20070509,19941014,DF,9701
92105337,0001,1,,02,20050924,19880426,RS,8771
55097257,0001,1,ACADEMIA DO EDINHO 100 LIMITE,08,20220105,19851023,SP,7043
07402635,0001,1,STUDIO FITNESS,08,20161109,20050520,MG,5397
07408746,0001,1,,02,20050603,20050603,GO,9373
07429714,0001,1,R-2 FITNES,04,20181220,20050519,SP,7075
07441119,0001,1,ACADEMIA APOLLO,08,20080812,20050607,RN,1743
07443843,0001,1,,04,20190227,20050609,SP,7107
07463205,0001,1,FITNES E CIA,04,20181025,20050628,PE,2531
07474076,0001,1,D STAK SPORT CENTER,02,20050620,20050620,AM,9843
07481373,0001,1,ACADEMIA SCORPION FITNESS,08,20150209,20050628,SP,7107
03516142,0001,1,HALLEY ACADEMIA,04,20181107,19991118,PI,1219
07505169,0001,1,ACADEMIA CENTRAL CORPO,02,20190813,20050725,RS,8801
07513802,0001,1,BOIA COMERCIO DE BEBIDAS,02,20050715,20050715,SP,6929
07530891,0001,1,VO2 MAX ACADEMIA,08,20091109,20050804,PE,2381
07530944,0001,1,,08,20080917,20050810,MS,9051
07542405,0001,1,FICCUS,08,20190125,20050726,BA,3515
07543056,0001,1,WINNER FITNESS CENTER,04,20190226,20050804,GO,9373
07547228,0001,1,ACADEMIA CIA DO CORPO,04,20260515,20050817,SC,8047
07557272,0001,1,MAG FORMA,08,20240527,20050829,PB,2051
07560369,0001,1,FW13,08,20111219,20050810,MG,4865
07566606,0001,1,START POINT ACADEMIA,02,20050826,20050826,BA,3849
07566660,0001,1,PAULA FITNESS & CIA,08,20180209,20050804,SP,6379
05335772,0001,1,ACADEMIA PERFORMANCE PIRACICABA,02,20031115,20021010,SP,6875
07591862,0001,1,,08,20111220,20050912,MG,4565
07592221,0001,1,FISIO FITNESS,02,20050909,20050909,MG,4123
07594647,0001,1,BEM ESTAR FIT,04,20260512,20050914,CE,1389
07604589,0001,1,ACADEMIA GISELE,08,20180829,20050908,MG,5191
07606316,0001,1,POWER HOUSE ACADEMIA,04,20190322,20050816,RS,8801
07611345,0001,1,CIA STEIN FITNESS,04,20181030,20050919,RS,8801
07633827,0001,1,ALE SPORT,08,20220315,20050826,DF,9701
07641602,0001,1,,02,20050926,20050926,ES,5625
19692649,0001,1,CULTURA & FORMA,04,20190115,19850710,ES,5703
07652770,0001,1,ACADEMIA DE GINASTICA CORPO EM FORMA LTDA,08,20220926,20050926,MG,4371
07675056,0001,1,ACADEMIA A3,04,20180920,20050328,SP,7107
07676700,0001,1,ACADEMIA SPORT COMPANY,08,20150521,20050915,BA,3849
07677734,0001,1,ACADEMIA TOP FITNESS,02,20051110,20051110,SP,6141
07692983,0001,1,,02,20051108,20051108,SP,6131
07695567,0001,1,EX TREME,02,20051116,20051116,RS,8683
03598341,0001,1,,03,20191227,20000119,SP,7135
07712808,0001,1,BODY CENTER ACADEMIA,02,20051025,20051025,PR,7535
07713444,0001,1,ACADEMIA ESPORTE FITNESS,08,20240313,20051110,MG,5443
07715736,0001,1,ESPACO ATLETICO,08,20150209,20050930,SP,7107
07720624,0001,1,ACADEMIA CORPO E ATITUDE,02,20051205,20051205,SC,8269
07726080,0001,1,TREINEBEM,02,20051124,20051124,SC,8105
07735811,0001,1,,04,20231122,20051121,SP,7145
07169905,0001,1,,02,20041230,20041230,SP,6291
07746840,0001,1,NEW LIFE ACADEMIA,08,20070829,20051004,SP,7107
07755494,0001,1,CORPO ATIVO,04,20210408,20051128,RJ,5883
07760456,0001,1,,04,20181130,20051220,RJ,5865
07765682,0001,1,PLENA FORMA,08,20170719,20051027,RS,8801
07773570,0001,1,WM ACADEMIA,08,20260323,20060105,PB,2051
07776130,0001,1,PRESS FITNESS,08,20200831,20051223,RJ,6001
07789419,0001,1,SPORT LIFE,08,20100706,20060112,RN,1639
07791566,0001,1,OASYS ACADEMIA E CLINICA DE TREINAMENTO FISICO,04,20210317,20060103,PR,7535
07796978,0001,1,,02,20051222,20051222,MG,4123
07801023,0001,1,ACADEMIA NEW POINT SPORT,08,20141125,20060119,MG,4123
07807380,0001,1,CURVES ACADEMIA,08,20170110,20060124,GO,9373
07808308,0001,1,RODRIGO AFONSO OLIVEIRA,08,20161031,20060118,MG,4387
07855345,0001,1,MALHART,08,20190827,20060214,SC,8183
07866600,0001,1,A VITORIA E NOSSA ACADEMIA,04,20210305,20051228,SP,7107
07869145,0001,1,JANE E THIAGO AQUAS CLUB,08,20190515,20060221,RJ,2909
07879488,0001,1,QUEIROZ ACADEMIA COMPANHIA FITNESS,02,20060310,20060310,BA,3913
01301685,0001,1,COMPLEMENTOS,08,20221101,19960709,RS,8541
07901477,0001,1,FIT WORK ACADEMIA,04,20210224,20060314,CE,1389
07910224,0001,1,ACADEMIA BOA FORMA,04,20181107,20060330,RN,1643
07929570,0001,1,ESTACAO SAUDE,08,20130108,20060323,ES,5623
07938530,0001,1,,08,20160113,20060404,PR,7691
07939647,0001,1,PRAIA FITNESS - ACADEMIA DE GINASTICA LTDA.,08,20070105,20060411,ES,5703
07953962,0001,1,G FITNESS,08,20081003,20060411,RS,7375
07958073,0001,1,ACADEMIA FITCENTER,08,20080401,20060425,RS,8655
07970120,0001,1,ACADEMIA DOLCE VITA,02,20060419,20060419,SP,7149
07980044,0001,1,,04,20180828,20060426,SP,7029
07980783,0001,1,KORPER STUDIO - PILATES E BEM ESTAR,08,20080310,20060426,SP,7107
07984045,0001,1,ESTUDIO SUPERA FIT,02,20240925,20060202,AL,2891
07989751,0001,1,LA VIE STUDIO,02,20060505,20060505,CE,1389
07994914,0001,1,MARACANA FIT CENTER,08,20230209,20060428,SP,6929
01650008,0001,1,TOTAL LOGISTICA TERCEIRIZACAO DE SERVICOS,04,20231030,19970127,BA,3849
07999090,0001,1,,04,20181010,20060502,SC,8105
08004581,0001,1,BODY PROJECT,08,20201001,20060405,RJ,5847
08009197,0001,1,,08,20140827,20060515,SP,7099
08023259,0001,1,ACADEMIA TAMIS,02,20060511,20060511,SP,7107
08024088,0001,1,ACADEMIA BOA FORMA,08,20131118,20060517,SP,6455
08025337,0001,1,SAUDE DA MULHER,08,20130715,20060424,MG,4123
08033850,0001,1,RIO SPORT CLUB,04,20181219,20060524,SP,7097
08045352,0001,1,VISUAL ACADEMIA,08,20230823,20060207,CE,1389
08046546,0001,1,ESPACO E FORMA,08,20150209,20060516,SP,6377
08048950,0001,1,BIO CORPO ACADEMIA,02,20060517,20060517,SP,6179
08053717,0001,1,ACADEMIA ALTERNATIVA,08,20231006,20060607,PR,7935
08068573,0001,1,CINESIO VIDA LTDA,08,20160121,20060601,RS,8589
08073195,0001,1,,08,20170606,20060602,SP,7225
08074451,0001,1,,08,20250903,20060612,MG,4625
08092416,0001,1,ACADEMIA PULSAR,02,20060609,20060609,MG,4985
08101393,0001,1,BOA FORMA ACADEMIA,08,20160812,20060620,RS,8637
08104247,0001,1,CENTRO CONDICIONAMENTO FISICO,08,20110217,20060612,RS,8801
08104609,0001,1,,08,20150209,20060524,SP,2959
08117172,0001,1,EUGENIO FORTES ACADEMIA ILHOTAS,04,20210409,20060703,PI,1219
07684520,0001,1,ACADEMIA PHYSICAL FITNESS,08,20251113,20051116,GO,9425
03954035,0001,1,FITNESS & CIA,08,20200814,20000725,MA,0803
03892611,0001,1,,08,20150209,20000619,RJ,6001
05753293,0001,1,ACADEMIA UNIVERSIDADE DO CORPO,08,20151214,20030707,ES,5703
05974617,0001,1,UNISPORTS,02,20031016,20031016,CE,1389
06959988,0001,1,CORPORAL ACADEMIA,04,20190115,20040809,RJ,5807
05323081,0001,1,,04,20181206,20021007,MG,4137
07810182,0001,1,,08,20170825,20060103,SC,8183
06232621,0001,1,ACADEMIA TRANSFORMA,08,20250606,20040217,MG,5371
05640691,0001,1,,08,20220411,20030428,SP,7107
07809553,0001,1,ACADEMIA TEMPLO DA SAUDE,08,20180717,20060101,RS,8757
03502399,0001,1,,02,20051103,19991112,SP,7099
07401190,0001,1,ATHLETICA ACADEMIA,02,20050510,20050510,RS,8951
04957190,0001,1,ACADEMIA CORPO E ARTE,04,20190109,20020123,SP,6427
05192063,0001,1,,08,20150209,20020130,SP,7107
05477529,0001,1,,02,20051103,20021216,SP,6323
03345545,0001,1,,08,20161111,19990817,SP,7099
03519401,0001,1,MILLENNIUM FIT STATION,04,20181017,19991103,DF,9701
05516888,0001,1,,04,20201023,20030102,SP,7071
05801496,0001,1,ACADEMIA AM2,02,20030725,20030725,SP,6155
05805967,0001,1,ACADEMIA ESTICA VIDA,08,20151026,20030805,SC,8199
05864332,0001,1,,08,20100823,20030827,PR,7691
05885184,0001,1,EUGENIO FORTES ACEDEMIA WELLNESS,02,0,20030918,PI,1219
50932532,0002,2,,02,20031004,19940322,SP,7077
01241778,0001,1,ICEBERG ESPORTES,04,20181011,19960610,MG,4123
68174663,0003,2,FORMULA ACADEMIA,08,20080930,20031126,SP,6291
07402911,0001,1,FELIPE RODRIGUES PERSONAL TRAINER,08,20191216,20050321,RJ,5865
07452294,0001,1,,08,20180528,20050610,SP,7107
07636042,0001,1,ACADEMIA POINT FITNESS,08,20260226,20051003,ES,5703
07684451,0001,1,,08,20150209,20050701,SP,7107
03164168,0001,1,MAXIMUS ARENA CT,02,20050827,19990514,MG,4371
06086915,0001,1,CLUB SAUDE ACADEMIA FITNESS,08,20241030,20031127,BA,3849
00322999,0001,1,FINES ACADEMIA ME,04,20180911,19941128,ES,5703
04817273,0001,1,JP ACADEMIA,04,20190130,20011204,PE,2403
06278319,0001,1,ACADEMIA DA USINA,04,20210316,20020320,RJ,6001
05685168,0001,1,ACADEMIA ATIVACAO,08,20061219,20030605,SC,8233
02192655,0001,1,,04,20231107,19970909,RJ,6001
03750441,0001,1,CORPO SAUDAVEL,08,20260427,20000412,GO,9373
03799859,0001,1,MUSCULATION,04,20180828,20000502,SC,8089
05301458,0001,1,SWELL-ACADEMIA DE GINASTICA,08,20121008,20020930,PB,2051
07189578,0001,1,MARCO AURELIO FITNESS CLUB,04,20181017,20050117,DF,9701
07193665,0001,1,,04,20180925,20050120,MG,4733
07345712,0001,1,ACADEMIA ESPACO PERSONAL,04,20181016,20050404,SP,7107
07381228,0001,1,ATITUDE,08,20150407,20050407,PE,2629
04194574,0001,1,,02,20051103,20001130,SP,7107
01145683,0001,1,LONG LIFE - ACADEMIA,04,20181026,19960417,AM,0255
07540451,0001,1,SUPERACAO ACADEMIA,08,20061213,20050817,PB,2051
03011512,0001,1,ACADEMIA TRANSPIRACAO,02,20001109,19990301,SC,8057
07684460,0001,1,TOP TRAINING,02,20051114,20051114,AL,2745
05930395,0001,1,JAN ACADEMIA,08,20221107,20031010,PB,2003
03140024,0001,1,ARTE SPORT,02,20061201,19990423,CE,1389
07829638,0001,1,ATLETICA ACADEMIA,02,20060201,20060201,MT,8983
07879327,0001,1,,08,20211126,20060222,SP,2951
23366263,0001,1,ECCENTRYC ACADEMIA DE GINASTICA,08,20150209,19870608,MG,4123
86921947,0001,1,,08,20170125,19940317,RJ,6001
26952614,0001,1,ACADEMIA ESPACO VITAL,08,20191230,19910514,GO,9379
07925743,0001,1,FIT COMPANY,02,20060314,20060314,PR,7535
06939619,0001,1,OXYGENE,08,20050426,20040824,BA,3849
07006925,0001,1,,08,20051004,20040903,SP,6291
10947653,0001,1,,08,20150209,19870108,PB,2051
36523736,0001,1,,08,19981030,19911016,RJ,5869
04194421,0001,1,ACADEMIA LYU'S,08,20191024,20001206,PE,2357
01600027,0001,1,ACADEMIA COLISEU ART-FITNESS,04,20210423,19961220,RN,1761
06978421,0001,1,,04,20210305,20030728,SP,7107
06118908,0001,1,,08,20170821,20040217,SP,6411
04689668,0001,1,ACADEMIA COMPANY FITNESS,08,20181220,20010925,CE,1447
01745675,0001,1,NATACAO SIMONE BENGARD,08,20210119,19970401,BA,3849
07671509,0001,1,ACADEMIA BEM ESTAR,02,20051018,20051018,SP,7183
04429737,0001,1,,04,20181010,20010423,SP,7107
08023246,0001,1,,04,20180920,20060522,SP,7107
04928481,0001,1,ACADEMIA CORPUS SANUS,04,20210416,20020225,MG,4123
03650412,0001,1,FLAVIA TORRES ACADEMIA,02,20051103,20000214,RJ,6001
07513318,0001,1,,02,20050705,20050705,SP,6271
04999592,0001,1,FITNESS CHAPECO ACADEMIA,08,20150209,20020321,SC,8081
93470425,0001,1,KIDOKAN ACADEMIA DE GINASTICA,08,20211112,19900706,RS,8801
00110339,0001,1,ACADEMIA TRIATHLON,08,20211004,19940708,BA,3849
05055704,0001,1,,08,20050517,20020426,SP,6477
93661833,0001,1,CT BELA VISTA,02,20031025,19900821,RS,8801
93707255,0001,1,PRECOR,02,20020824,19900830,RS,8839
03420594,0001,1,,02,20041224,19990921,SC,8383
03426450,0001,1,MISTRAL,04,20181010,19990813,RS,8801
05080732,0001,1,,08,20150209,20020523,MG,4123
05098357,0001,1,JUMP GYM ACADEMIA,02,20240119,20020603,PR,7513
05102225,0001,1,ACTUS ACADEMIA,08,20150226,20020614,SC,8327
05105201,0001,1,,04,20231027,20020521,RJ,6001
01803161,0001,1,ACADEMIA ADRENALINA,04,20180928,19970424,RS,8791
03464254,0001,1,ACADEMIA PONTO DO CORPO,02,20050827,19991014,RS,8681
05133810,0001,1,,08,20150209,20020613,SP,6789
05141166,0001,1,,04,20210316,20020619,RJ,6001
05159257,0001,1,,08,20150209,20020627,RJ,6001
03507371,0001,1,ACTION ACADEMIA,02,20001230,19991116,PR,7691
94704608,0001,1,ACADEMIA NOVO STYLO,08,20170307,19941120,RS,8713
03539388,0001,1,,08,20160727,19991201,MG,4733
00248655,0001,1,ACADEMIA CB,02,20060307,19941018,CE,1355
03553434,0001,1,,08,20081219,19991210,PR,7991
05236838,0001,1,ACADEMIA DEBIAZI,08,20050524,20020807,ES,5683
05248615,0001,1,ACADEMIA 7 DE SETEMBRO,04,20201103,20020617,SP,7107
03588438,0001,1,,02,20000112,20000112,SP,6375
05265878,0001,1,ACADEMIA VIGOR,02,20051103,20020823,SC,8045
00388275,0001,1,ACADEMIA CORPO & VIDA,02,20200603,19950109,MG,4877
97397145,0001,1,ACADEMIA SPORT TRAINING,08,20081231,19940412,BA,3849
05431749,0001,1,,08,20190805,20021210,SP,6271
05474693,0001,1,,08,20181227,20021230,MG,5403
05512148,0001,1,,08,20150209,20010706,RS,8915
00558306,0001,1,ACADEMIA VIGOR,04,20190116,19950420,PE,2513
05549790,0001,1,VIDATIVA,08,20080821,20030225,SP,6681
03920787,0001,1,IMBUI FITNESS LTDA -ME,04,20190326,20000701,BA,3849
03955821,0001,1,EL SHADAY,08,20081231,20000724,SC,8077
05659608,0001,1,,04,20210415,20030515,SP,7145
04023353,0001,1,,02,20000830,20000830,RJ,6001
02366751,0001,1,ESPACOVITTAL,08,20200717,19980205,BA,3849
05728182,0001,1,ACADEMIA EVOLUCAO,08,20150209,20030602,RS,8839
02409517,0001,1,ACADEMIA GALPAO 81,04,20210310,19980311,SP,6291
05802851,0001,1,,08,20191011,20030801,ES,5703
04194215,0001,1,ACADEMIA CORPO ATIVO,08,20090305,20001121,SP,7145
00865225,0001,1,AGITU'S ACADEMIA,02,20021214,19950928,RJ,5865
04233197,0001,1,ADIAS ACADEMIA,08,20161206,20010110,SP,6175
05910274,0001,1,BODY FIT,02,20040807,20030924,SP,6131
02552660,0001,1,,08,20150209,19980525,RJ,6001
04278221,0001,1,ACADEMIA IMPULSE VITAL,08,20111227,20010130,GO,9373
04281948,0001,1,TARGET,02,20051103,20010207,SP,7107
04286112,0001,1,,02,20050624,20010213,PR,7667
04291083,0001,1,HERMES SPORT'S,04,20181221,20010214,SP,7099
00945731,0001,1,CORPUS & CIA,02,20050827,19951121,SC,8081
02612014,0001,1,,02,20050827,19980616,SP,6131
06042420,0001,1,,02,20031211,20031211,SC,8163
04396161,0001,1,PERFIL ACADEMIA,02,20010420,20010420,MG,4941
04419851,0001,1,CLUB FITNESS VIGOR,08,20180809,20010416,SP,7107
01058496,0001,1,TEMPO LIVRE ACADEMIA,08,20160310,19960222,MG,4553
06094284,0001,1,DSTAK,02,20240801,20040128,MS,9051
06118501,0001,1,,04,20190201,20040213,MG,4387
06124513,0001,1,BARROS ACADEMIA,04,20190130,20040227,PE,2521
01091675,0001,1,,08,20080402,19960314,GO,9373
02756268,0001,1,,08,20150112,19980915,SP,7107
73427825,0001,1,SPRINT SPORT,08,20021203,19930930,MT,9151
06192080,0001,1,RICARDO PRESAS,04,20260518,20040322,SP,6681
04523145,0001,1,STAGIO,08,20150219,20010612,RS,8729
04528802,0001,1,IMPACTU'S ACADEMIA,08,20071218,20010622,GO,9373
74028051,0001,1,,04,20181121,19940107,BA,3685
06240084,0001,1,NORDEST FITENN S,08,20150209,20040312,BA,3849
02829856,0001,1,F B L TRAINING,04,20210310,19981006,SP,6291
04591679,0001,1,,08,20201220,20010710,BA,3849
06283293,0001,1,DOWNTOWN ACADEMIA,04,20181011,20040524,RJ,6001
04632320,0001,1,ACADENIA BARRA TRAINING,04,20181025,20010628,BA,3849
37166832,0001,1,,08,20071126,19930108,DF,9701
02892379,0001,1,VILLA FITNESS,04,20181220,19980518,SP,7075
04695922,0001,1,,08,20230419,20010924,SP,6291
02942063,0001,1,NEW FITNESS ACADEMIA,08,20170406,19990119,GO,9473
04712748,0001,1,,04,20231031,20010918,SP,6969
06880881,0001,1,ACADEMIA RANKING,04,20181011,20040707,MG,4123
01339341,0001,1,ACADEMIA PROJETO SPORT II,04,20190118,19960724,MG,5401
02961799,0001,1,,08,20100705,19990203,SC,8055
02987415,0001,1,ENERGY FITNESS CLUB,02,20051103,19990222,RJ,6001
04767251,0001,1,PORTAL SAUDE ACADEMIA LTDA ME,04,20210305,20010906,SP,7107
06988544,0001,1,NB GYM,02,20231023,20040902,SP,7099
03040749,0001,1,EM FORMA,02,20040306,19990315,MG,4637
07010389,0001,1,BODY FLEX ACADEMIA LTDA,04,20181011,20040826,RJ,6001
07036952,0001,1,,03,20240613,20041008,PR,7535
07045998,0001,1,ACADEMIA MAX SPORT,08,20230125,20041025,PB,2051
04879704,0001,1,VIDATIVA,08,20161214,20020130,PR,7837
04898667,0001,1,,02,20051103,20011226,RJ,6001
04913966,0001,1,,08,20230929,20020115,RJ,6001
07095561,0001,1,ACADEMIA BOA FORMA,04,20181002,20041105,PI,1007
07103557,0001,1,ACADEMIA ACAO DO CORPO,02,20041027,20041027,RJ,5827
01510573,0001,1,GOURMET E COMPANHIA,08,20061009,19961022,SP,7107
41249095,0001,1,GAFIEIRA ETC & TAL,04,20181025,19930817,PE,2531
07145510,0001,1,VIVA LEVE ACADEMIA,04,20181120,20041223,PB,2051
03208581,0001,1,AGUAS DE CANE,02,20051103,19990610,SC,8105
03209472,0001,1,FITNESS CLUB,08,20020524,19990518,SP,6369
07190918,0001,1,,08,20190919,20041222,SP,7107
03221880,0001,1,,03,20060817,19990617,SP,7107
42066167,0001,1,TRAINING CENTER,08,20150209,19921204,BA,3849
07216991,0001,1,,08,20150209,20041222,SP,6969
07222206,0001,1,PRO - FITNESS,08,20211206,20050124,SP,7107
24590705,0001,1,ACADEMIA POWER FITNESS CENTER,08,20160303,19900524,RN,1891
07273942,0001,1,,08,20130131,20030417,SP,6969
07304368,0001,1,F.F.BARCELLOS,08,20070706,20050405,RS,8801
07351367,0001,1,,02,0,20050419,MG,4779
25456054,0001,1,ACADEMIA CORPO IDEAL,04,20190131,19880916,MG,2649
07360872,0001,1,ACADEMIA OXIGENI FITNESS,04,20180925,20050505,PE,2521
26204156,0001,1,ACADEMIA SPACO MAIS,02,20050624,19910424,MG,4885
64047715,0001,1,,08,20181010,19901016,SP,7107
85264505,0001,1,ACADEMIA TOP PHYSICAL,04,20210318,19920310,SC,8161
86573193,0001,1,,08,20120112,19940825,MG,4123
05445271,0001,1,MEGAFORMA,02,20051103,20021227,PB,1981
67216572,0001,1,,02,20051103,19911107,SP,7107
31527310,0001,1,,08,20211027,19870619,RJ,2921
32244519,0001,1,,08,20150922,19890428,RJ,6001
69719029,0001,1,ACADEMIA HEDLA LOPES,02,20051103,19930331,CE,1389
33821018,0001,1,KORPUS ACADEMIA,08,20100705,19890109,BA,3849
05724452,0001,1,,08,20200902,20030616,DF,9701
34799734,0001,1,BELA FORMA,02,20051103,19900605,RR,0301
55041099,0001,1,,04,20181220,19880315,SP,7077
07439376,0001,1,ACADEMIA CORPO EM ACAO,08,20100923,20050609,MG,5403
07443736,0001,1,BAMBU STUDIO DE PILATES,04,20260513,20050621,RS,8801
07489423,0001,1,ACADEMIA B4,08,20240621,20050714,MS,9051
07521816,0001,1,FISIO & SPORTS,02,20050727,20050727,SP,6165
07545800,0001,1,ACQUA SPORT ACADEMIA DE NATACAO E HIDROGINASTICA,08,20130307,20050815,SP,6155
07733364,0001,1,,08,20150209,20051130,MG,4123
07776882,0001,1,,08,20080617,20051221,PA,0427
07778328,0001,1,,02,20051228,20051228,SP,6477
07826428,0001,1,MIRANDA TRAINER ACADEMIA,04,20210318,20060203,SC,8039
07909174,0001,1,ACADEMIA O2,08,20140317,20060317,PR,5487
07957035,0001,1,HEALTH FIT LTDA,08,20080117,20060426,RS,8801
03694697,0002,2,ACADEMIA PRO-FITNESS,04,20181024,20040127,ES,5705
05398595,0002,2,FITNESS ACADEMIA,04,20210331,20040423,MG,4625
38517298,0002,2,,08,20050530,19940323,MG,4625
02251428,0001,1,CENTRO DE DANCA ANA UNGER,02,20010915,19971118,PA,0427
05498452,0001,1,FITNESS E TRAINING,04,20181106,20030129,PA,0427
71417257,0001,1,,02,20051103,19931214,MG,4079
55359665,0001,1,,02,20051103,19881121,SP,6979
05124611,0001,1,WELL ACADEMIA,02,20051103,20020610,BA,3849
00202969,0001,1,,08,20190128,19940914,RJ,6001
00311288,0001,1,ACADEMIA NEW LIFE,04,20181214,19941121,SP,6477
05305103,0001,1,ACADEMIA ACQUAFISICO ESPORTES,02,20051103,20020910,MG,4123
05308263,0001,1,PHYSICAL,04,20260513,20020923,MA,0919
03817044,0001,1,FORMA ACAO,04,20210415,20000518,SP,7145
00513569,0001,1,LIFEFIT GYM,04,20260512,19950323,SP,6349
05583051,0001,1,,02,20051103,20030327,RS,8599
05751364,0001,1,SHARON CENTRO ESTETICO,08,20070329,20030618,RS,8599
00832321,0001,1,STILLUS,02,20051103,19950927,BA,3849
04169071,0001,1,,02,20051103,20001113,BA,3849
02469572,0001,1,POWER GIM FITNES,08,20240906,19980324,MG,4625
05848815,0001,1,ACADEMIA SUL WRESTLERS,08,20250728,20030605,RS,8801
04362990,0001,1,,08,20211123,20010327,GO,9373
06119920,0001,1,,04,20210304,20040130,RS,8813
06248498,0001,1,MAX ACADEMIA,08,20070503,20040503,SP,7149
06831114,0001,1,LAZER GOLFINHO,08,20161214,20040705,PR,7483
37855996,0001,1,CENTRO ESPORTIVO BOA FORMA,02,20051103,19930720,GO,9373
03072811,0001,1,"CORPO, SAUDE & COMPANHIA",08,20130107,19990406,SC,8089
07027103,0001,1,VITORIA FIT,02,0,20041013,BA,3849
04918943,0001,1,,02,20051103,20020227,RS,8839
07101373,0001,1,CLARA LUZ,02,20041122,20041122,CE,1389
07111507,0001,1,RETOQUE,08,20161227,20041123,RS,8649
03226721,0001,1,,08,20130621,19990618,MG,4683
03258382,0001,1,,02,20230107,19990702,CE,1389
07313118,0001,1,,02,20050315,20050315,SC,0973
07595985,0001,1,NEVES SPORT'S CENTER,08,20190311,20050915,MG,5091
70946207,0001,1,SAVASSI TAEKWON DO,04,20181206,19930324,MG,4123
07876742,0001,1,CENTRO DE DESENVOLVIMENTO DE KI,08,20231003,20060215,PR,7535
05305770,0001,1,ACTION LIFE,08,20240925,20020909,SP,6477
04104557,0001,1,ACADEMIA FEELING,02,20050827,20001023,PR,7777
02444981,0001,1,SAUDE E PERFORMANCE MULTISPORTS,08,20121009,19980325,SP,7107
06140866,0001,1,,04,20190328,20040112,RJ,5865
01165361,0001,1,TONING SYSTEMS,08,20210512,19960419,PA,0427
05969495,0001,1,TONI MATOS SPORT,04,20240807,20031023,DF,9701
04283986,0001,1,,08,20120522,20010129,SP,6291
07723298,0001,1,LIFE,08,20201103,20051122,RJ,5847
05992798,0001,1,,02,20031105,20031105,MG,4733
53341699,0001,1,ACADEMIA PINHEIROS,02,20051103,19840308,SP,7107
03977046,0001,1,PERFORMANCE FITNESS LTDA,08,20211015,20000808,BA,3849
02996373,0001,1,,04,20181220,19990222,SP,6377
07711318,0001,1,,02,20051109,20051109,ES,5705
63821953,0001,1,ACADEMIA QUALIVI FITNEES,03,20210426,19910322,PA,0535
96293089,0001,1,,08,20121227,19930820,SP,7107
06255322,0001,1,,08,20191216,20031222,SP,6361
02681817,0001,1,,08,20151218,19980811,SP,6213
16462137,0001,1,,08,20080324,19880303,SE,3105
03961244,0001,1,,02,20050827,20000712,SP,6921
04571347,0001,1,CLUBE E ACADEMIA HUNSCARAIR,04,20220128,20010726,PI,1007
06081912,0001,1,ACADEMIA MOVEMENT,02,20051103,20031223,MT,9035
04909132,0001,1,,08,20180914,20020131,SP,7057
03310738,0001,1,H.R. SPORT CENTER,08,20141127,19990721,SP,7107
04967084,0001,1,ACADEMIA DUPLO IMPACTO,04,20181016,20011206,SP,7107
05045231,0001,1,ACADEMIA PARAGEM FITNESS BURITIS,08,20180102,20020425,MG,4123
05143824,0001,1,EQUIPE HONORIO JAGUNCO - RECREIO,04,20181011,20020701,RJ,6001
07638429,0001,1,APOLLO ACADEMIA,03,20210304,20051004,MG,4683
94553575,0001,1,,08,20000411,19920420,RS,8599
00225600,0001,1,FORGE FITNESS,02,20011201,19940926,SP,6969
03525840,0001,1,,04,20220610,19991123,RJ,6001
05305939,0001,1,,04,20190227,20020625,SP,7107
05319954,0001,1,CHRIS SPORTS,02,0,20020927,SP,6291
05330937,0001,1,LABOR FITNESS LTDA,08,20190128,20021009,MA,0921
01998303,0001,1,,02,20051103,19970714,SP,7135
03686464,0001,1,,04,20180918,20000229,MA,0727
05436122,0001,1,MULTI SPORT ACADEMIA,02,20021212,20021212,SP,6519
05448715,0001,1,,04,20181128,20021230,ES,5703
05494912,0001,1,SPRINT TOTAL,02,20031018,20021219,SP,7107
02166976,0001,1,ACADEMIA VIVA VIDA,02,20240801,19970922,SC,8161
03863640,0001,1,M.W. SAUDE E ESTETICA,08,20051014,20000523,RS,8853
02025067,0002,2,ACADEMIA D+ SAUDE,04,20260513,20000512,PE,2345
00615111,0001,1,ACADEMIA RENATO MACIEL,08,20160803,19950524,PE,2491
05613723,0001,1,SCHIMIDT ACADEMIA,08,20191010,20030417,SP,6639
02280418,0001,1,,02,20051103,19971204,BA,3515
00703213,0001,1,M2 CLUB FITNESS,04,20181026,19950718,CE,1389
02395435,0001,1,ACADEMIA CORPUS,08,20150420,19980218,RS,8653
04128265,0001,1,,04,20181010,20001107,SP,7107
05927572,0001,1,HS LOPES,08,20250516,20030821,RJ,6001
04293541,0001,1,,04,20181010,20010124,SP,7107
06065051,0001,1,,02,20051103,20031218,RS,8933
01060262,0001,1,MYDAS ACADEMIA,04,20210303,19960216,RO,0003
04444092,0001,1,,08,20110607,20010509,PB,1981
06142910,0001,1,,08,20050905,20040303,SP,7097
02745259,0001,1,ACADEMIA IDEAL FITNESS,08,20190925,19980910,RO,0003
02831008,0001,1,ACADEMIA SAUDE FITNESS,08,20181128,19981104,RN,1761
01212468,0001,1,STUDIO TRAINNING,02,20040326,19960522,MG,4997
01229940,0001,1,TEO ACADEMIA,02,20050827,19960528,SP,6621
00847181,0001,1,ACADEMIA MALHACAO,04,20231026,19951004,MA,0921
07952986,0001,1,SUB:4 ATIVIDADES ESPORTIVAS,04,20210304,20060418,RS,8589
57281255,0001,1,,02,20051103,19870408,SP,7107
07632476,0001,1,PRO FITNESS,04,20210311,20050926,RJ,6001
06914711,0001,1,REI ACADEMIA,08,20080312,20040812,BA,3313
06935609,0001,1,IPANEMA SPORT SITE CLUB,08,20210719,20040809,RJ,6001
01451328,0001,1,ACADEMIA LOKAL,04,20260513,19960927,DF,9701
07076531,0001,1,CLINICA MESSINA,08,20130222,20041022,SP,7107
03147619,0001,1,IMPACTO,08,20181018,19990513,RS,8801
07127920,0001,1,CIA DO CORPO,02,20040922,20040922,SP,7107
24142564,0001,1,GALERIA FISICA,04,20210409,19881207,PE,2531
07257364,0001,1,,02,0,20050303,TO,9311
80744170,0001,1,,08,20010305,19880817,SC,8259
07378234,0001,1,ACADEMIA PITYBULL,08,20150209,20050517,PB,2175
63498273,0001,1,LIVRARIA IESHUA,08,20150209,19910820,CE,1337
08773079,0001,1,ACADEMIA DE MUSCULACAO MARIO SILVA,08,20200109,19831026,PE,2531
02499714,0001,1,ECOFITNESS,04,20220608,19980416,MA,0889
10878387,0001,1,,08,20040903,19861106,RN,1761
85310183,0001,1,MENFIS SPORT CENTER,02,20051103,19920520,SC,8357
30343255,0001,1,,02,20051103,19790615,RJ,5865
69357549,0001,1,HIGH PERFORMANCE ACADEMIA,08,20081210,19921123,CE,1389
07617040,0001,1,ACADEMIA DE MUSCULACAO CORPO SARADO,08,20260122,20050809,GO,9555
07879624,0001,1,,08,20150119,20060313,SC,8105
07943339,0001,1,,08,20220307,20060406,RS,8593
08015405,0001,1,,08,20071029,20060517,SP,7145
08051813,0001,1,FLOR DE LOTUS ESTETICA,08,20161010,20060516,SP,6587
08113349,0001,1,PRO-CORPORE,08,20160621,20060706,RS,8801
06190030,0001,1,PAULAO GYM,02,20051103,20040401,RS,8721
01132780,0001,1,BOX 7,08,20250801,19960410,AL,2785
26766345,0001,1,AD FITNNES ACADEMIA,04,20190226,19910109,MT,9067
40764557,0001,1,,04,20181107,19911125,RN,1761
07243450,0001,1,ACADEMIA CORPOS,08,20201217,20050223,SP,6985
01204671,0001,1,,02,20001209,19960515,SP,7075
07499911,0001,1,ACADEMIA FORMIGA,02,20050628,20050628,DF,9701
07805548,0001,1,,08,20150209,20060105,SP,7107
01528409,0001,1,4 U CONSULTORIA ESPORTIVA,08,20220621,19961025,SP,6619
05868318,0001,1,FERNANDO LEITE PERSONAL TRAINER,08,20171222,20030826,SP,6209
04602719,0001,1,COOPERATIVA DO CORPO,02,20051103,20010705,RS,8683
06991396,0001,1,,02,0,20040916,MG,4625
02613658,0001,1,PERSONAL FITNESS,08,20210927,19980701,RS,8661
53648242,0001,1,,08,20211124,19840716,SP,7107
07088266,0001,1,TPM,08,20220126,20041022,SP,7107
08072685,0001,1,FIT CO PERSONAL TRAINING,02,20060601,20060601,SP,6587
01685141,0002,2,ACADEMIA VICTORIA CENTRO DE TREINAMENTO,08,20230509,20020221,SP,6969
07174334,0001,1,MAROMBA ACADEMIA DE MUSCULACAO,08,20230705,20050104,SC,8143
31977747,0001,1,CENTRO BASICO DE JUDO E GINASTICA,08,20221229,19880408,RJ,5819
01717988,0001,1,ACADEMIA VIBRACAO,08,20230316,19970318,BA,3669
07888590,0001,1,ACADEMIA VIBRACAO,08,20231219,20060314,SP,7079
04296987,0001,1,MPE - MARCOS PROMOCOES ESPORTIVAS E ACADEMIA 4 ESTILOS,08,20231017,20010221,MG,4775
17577537,0001,1,,02,20050618,19830117,MG,4123
02244285,0001,1,,02,20051103,19971120,RS,8561
65035701,0001,1,,08,20240319,19910220,SP,7107
00515269,0001,1,PYLFTH,02,20051103,19950330,DF,9701
06132023,0001,1,CORPUS ACADEMIA,04,20240814,20040209,GO,9459
00755953,0001,1,MALHACAO ACADEMIA,02,20050827,19950718,SC,8083
06090882,0001,1,,02,20051103,20040122,SP,6219
05566878,0001,1,,02,20030227,20030227,SP,7107
01540365,0001,1,PLAY FITNESS,02,20051103,19961120,MA,0813
05161076,0001,1,CLINICA DE CONDICIONAMENTO FISICO ESTACAO SAUDE,02,20051103,20020724,MG,5387
03910242,0001,1,,08,20241111,20000615,SP,7107
03737587,0001,1,SKY FITNNES,08,20150619,20000406,SP,7107
04423370,0001,1,ACADEMIA BY CORPUS,04,20180911,20010427,RJ,6001
02262986,0002,2,FITNESS CLUB,08,20150209,20030825,GO,9571
06112673,0001,1,,02,20050924,20040206,SP,6929
36086205,0001,1,,08,20150209,19900309,RJ,6001
01233075,0001,1,VITRINE DO CORPO,08,20130911,19960515,RJ,5819
66667718,0001,1,,02,20051103,19910920,SP,7107
37234846,0001,1,ACADEMIA FORCA BRUTA,08,20190925,19911119,GO,9373
54959408,0001,1,STADIUM CLUB S/C,02,20051103,19850917,SP,7107
06017998,0001,1,ACADEMIA FYSICUS,04,20190124,20031203,MG,4463
07106185,0001,1,MATERIAL ESPORTIVO E ACADEMIA DO ALEMAO,02,0,20041117,SP,7115
00359123,0001,1,CLINI CORPO,08,20140506,19941121,PR,7493
07224217,0001,1,,02,0,20050127,SC,5543
02333033,0001,1,MAGNO ACADEMIA,02,20010225,19980126,PB,2051
02721557,0001,1,BOA FORMA ACADEMIA,04,20260512,19980806,ES,5625
01133954,0001,1,ENERGETIC ACADEMY,04,20260514,19960410,PR,7943
07131807,0001,1,ACADEMIA CANNYON FITNESS,02,20260520,20041216,BA,3849
03730871,0001,1,,04,20260525,20000324,MS,9051
04104609,0001,1,93.3 FIT,02,20051103,20001020,PR,7971
02906887,0001,1,EMI ACADEMIA,02,20260331,19981222,RS,8713
08148261,0001,1,ACADEMIA PERFORMACE,02,20060616,20060616,SP,6861
08149455,0001,1,FISICAL TRAINING,02,20250110,20060712,SP,7075
08156527,0001,1,,08,20180201,20060718,MG,4123
08158704,0001,1,VISION FITNESS ACADEMIA,08,20150209,20060719,AL,2785
08174956,0001,1,CIA DO CORPO FITNESS,04,20260513,20060718,RS,8841
08177782,0001,1,STUDIO FITNESS WEDNA LIMA,08,20210203,20060714,GO,9361
08192547,0001,1,,08,20240229,20060719,SP,7107
08199244,0001,1,COMPANHIA LABORAL,08,20090330,20060720,RJ,5865
08208541,0001,1,A C SAUDE E EVENTOS,08,20070918,20060804,MG,4959
08208830,0001,1,VIVA ACADEMIA,08,20211216,20060803,ES,5623
08215260,0001,1,GUINHO WELLNESS,02,20060725,20060725,SP,6639
08215432,0001,1,MC CAPACITACAO PROFISSIONAL,08,20210811,20051010,ES,5703
08219050,0001,1,ACADEMIA CORPS FITNESS,08,20080703,20060809,DF,9701
08219199,0001,1,AP - FITNESS,08,20150915,20060724,SP,7107
20221557,0001,1,,02,20140506,20140506,ES,5601
08221792,0001,1,CLAUDIA FITNESS,08,20130926,20060719,RS,8801
08231511,0001,1,,08,20081104,20060808,SP,7107
08234730,0001,1,CURVES,08,20140909,20060804,DF,9701
20222013,0001,1,ENIGMA ACADEMIA,08,20170110,20140509,RS,8511
08236995,0001,1,,02,20240527,20060726,SP,7107
08243279,0001,1,ACADEMIA FITNESS,08,20181113,20060818,BA,3545
20495914,0001,1,,08,20180201,20140625,SP,6927
20222514,0001,1,MB ASSESSORIA E CONSULTORIA EM TREINAMENTO ESPORTIVO,04,20210218,20140509,MS,9157
14715886,0001,1,EJ PERSONAL TRAINER E CONSULTORIA EM FITNESS,08,20150316,20111204,MG,4123
08257658,0001,1,,08,20190912,20060811,SP,7107
08257912,0001,1,,04,20201023,20060825,SP,6511
08260674,0001,1,,08,20150209,20060823,CE,1389
08267443,0001,1,,02,20060830,20060830,ES,5625
08289599,0001,1,CORPOREPILATES,08,20160316,20060913,BA,3849
08289953,0001,1,MUAY THAI BRASIL,02,20220829,20060830,PR,7535
07472615,0002,2,ACADEMIA ESPORTE E SAUDE,08,20080807,20060901,SC,8265
08302772,0001,1,PREMIER,08,20220120,20060914,MS,9051
08306673,0001,1,FITNESS VH TAE TAE-BO,08,20220211,20060921,PA,0427
08311551,0001,1,LUGIZ - CONDICIONAMENTO FISICO,08,20090629,20060824,SP,7107
08321063,0001,1,FILHOS DO TIGRE KARATE-DO,08,20111110,20060928,SC,8105
20224619,0001,1,,08,20190129,20140511,PB,2051
08330056,0001,1,,02,20060905,20060905,RS,8585
08334225,0001,1,,04,20180828,20061002,MG,5403
08336165,0001,1,VITALITY ACADEMIA,08,20170123,20061005,BA,3849
08342028,0001,1,,08,20200129,20060926,SP,6727
08345138,0001,1,FUTURA DANCE ESTACAO DO CORPO,02,20061003,20061003,PR,7937
08357064,0001,1,TOP LIFE ACADEMIA,04,20220608,20061002,DF,9701
08357639,0001,1,CORPUS ACADEMIA,08,20130221,20060927,MG,4961
08358718,0001,1,LABORAL CORPPUS,02,20060929,20060929,RS,8569
08360231,0001,1,SKORPYONS ACADEMIA,04,20190118,20061003,BA,3993
08367398,0001,1,REDE NEW FIT ACADEMIA,08,20080915,20061016,PR,7493
08369759,0001,1,CURVES,08,20231201,20061020,MA,0921
08377653,0001,1,CENTRO DE TREINAMENTO FISICO E GINASTICA INICIATIVA,04,20210225,20061006,RS,8791
08381893,0001,1,TWIST ACADEMIA,02,20250116,20060915,PA,0427
08382919,0001,1,GAIA FIT,02,20061024,20061024,MG,4123
08396019,0001,1,PLANETA FITNESS,08,20250918,20061009,BA,3849
08401798,0001,1,A.A.R.T. FITNESS ACADEMIA,08,20141204,20061027,SP,7107
08415356,0001,1,DILA EMPREENDIMENTOS,02,20061107,20061107,AM,0225
08418174,0001,1,GRUPO SAUDE E VIDA,02,20061025,20061025,MG,4123
08422134,0001,1,BARRA FIT ACADEMIA,08,20170823,20061101,SC,8105
08423994,0001,1,,04,20181219,20061020,SP,7071
08427589,0001,1,E+ ACADEMIA STUDIO,04,20240827,20061101,CE,1389
08428562,0001,1,,08,20160426,20060922,SP,6921
08429194,0001,1,ACADEMIA SPORT,02,20220321,20061110,PI,1159
08453007,0001,1,CENTRO DE YOGA GANESHA,08,20160623,20061122,RS,8801
08460160,0001,1,ACADEMIA DE GINASTICA SUPERACAO,08,20180302,20061107,SP,2993
50843556,0002,2,MARATHON,08,20140417,20061110,SP,6219
08492579,0001,1,,08,20111216,20061129,SP,7057
08509562,0001,1,ACADEMIA BOA FORMA,02,20061206,20061206,SP,6465
08513369,0001,1,ASSOCIACAO ACAO CAPOEIRA,02,20250618,20061204,PR,7535
08513900,0001,1,PRISTA MOTTA,04,20181011,20061117,RJ,6001
08516603,0001,1,ACADEMIA MAIS VOCE,04,20181128,20061208,ES,5699
08532259,0001,1,ARTE E MOVIMENTO ACADEMIA,04,20240902,20061116,SP,7077
08546980,0001,1,,04,20181002,20061123,RJ,5903
08561774,0001,1,STUDIO DE PILATES PRO CORPO,02,20061220,20061220,RS,8433
08563044,0001,1,YES! ACADEMIA - EDUCANDO COM SAUDE,02,20061208,20061208,SP,7017
08568408,0001,1,,02,20061208,20061208,MG,5383
08575313,0001,1,TRIADE CAPACITACAO FISICA,08,20180123,20070105,SP,6259
08579802,0001,1,ACQUAPERSONAL,02,20070109,20070109,RS,7297
08584869,0001,1,ACADEMIA AQUA SPORT,02,20070111,20070111,SC,8233
64220700,0002,2,,08,20200316,20060130,MG,4733
08593300,0001,1,PRAXIS ACADEMIA,08,20151016,20061222,SP,7107
08594199,0001,1,ACADEMIA BELMIRO GIORDANI,02,20061221,20061221,SP,7071
08602424,0001,1,ACADEMIA PRO TREINO,02,20210823,20070123,RS,8651
08605999,0001,1,,04,20220609,20070110,RJ,5865
08621614,0001,1,FITNESS CENTER,08,20071004,20070119,RS,8691
08626733,0001,1,ARES PILATES FITNESS,08,20210219,20070111,MG,4895
08632015,0001,1,ACADEMIA DALTRO,08,20150209,20070131,BA,3669
08632053,0001,1,,02,20070126,20070126,SP,7107
08635998,0001,1,,08,20150209,20061229,RJ,6001
08644644,0001,1,CORPORE ESTETICA E GINASTICA LTDA,02,20070103,20070103,PE,2457
08652770,0001,1,,02,20070216,20070216,MG,4733
08652829,0001,1,,04,20260526,20070212,SP,6323
08661055,0001,1,CURVES,04,20260514,20070223,MG,4123
08675371,0001,1,HIDROVIDA,02,20070130,20070130,MG,4123
08681114,0001,1,UP FITNESS CENTER,08,20241212,20061204,SP,7107
08683075,0001,1,DYVAS COMPANY ACADEMY,04,20181207,20070307,PE,2457
08683285,0001,1,CONVAK CONTRUCOES LTDA ME,08,20230307,20070305,CE,1339
08690447,0001,1,,04,20260518,20070118,SP,6477
08711296,0001,1,THE BEST GYM,08,20250123,20070312,RJ,6001
08712214,0001,1,ACADEMIA PIT BUS,04,20181023,20070307,PR,7667
08712360,0001,1,,08,20210215,20070215,SP,7201
08714336,0001,1,FPLA,02,20250618,20070227,PE,2531
08718657,0001,1,STYLUS ACADEMIA,04,20220609,20070321,PR,7529
08742610,0001,1,AF SERVICOS,08,20121119,20070330,SP,7107
08743278,0001,1,ACADEMIA CORPO E FORMA,04,20190530,20070327,MG,0602
08751259,0001,1,PERSONAL Z ACADEMIA,02,20070329,20070329,SP,6163
08753706,0001,1,ACADEMIA BRAZIL PERFORMANCE,04,20210330,20070130,MG,4691
08753812,0001,1,WORLD TRAINER,08,20150209,20070223,GO,9227
08759628,0001,1,CURVES,04,20231109,20070329,RJ,5869
08763946,0001,1,,08,20090626,20070330,SC,8179
08769420,0001,1,,04,20260515,20070419,SC,8089
08789809,0001,1,,02,20070313,20070313,RJ,5897
08792734,0001,1,PERCORRER,02,20070420,20070420,RS,8801
08801198,0001,1,ACADEMIA AD3 PALHOCA,08,20260427,20070328,SC,8233
08801645,0001,1,,02,20070125,20070125,SP,6639
08810047,0001,1,,08,20230720,20070509,PE,2521
08811398,0001,1,MARCELLO CEPELLO ASSESSORIA ESPORTIVA,02,20070425,20070425,SP,7107
20629772,0001,1,ESTUDIO JORGE HENRIQUE,02,20140714,20140714,SP,6403
08821356,0001,1,,04,20190329,20070507,RJ,6001
08830446,0001,1,,08,20110118,20070426,SP,7107
08830566,0001,1,FITWELL,04,20181030,20070504,RS,8801
08841398,0001,1,EVOLUCAO,02,20070510,20070510,MG,4687
08843074,0001,1,,02,20070510,20070510,RJ,6001
08847687,0001,1,VILLA ATHLETICA,02,20070523,20070523,MG,5403
08847884,0001,1,ACADEMIA UNIGOL,08,20080425,20070523,MG,5403
08850783,0001,1,ACADEMIA DI SPORTS,02,20070427,20070427,SP,7133
08850892,0001,1,,08,20230926,20070423,SP,7107
08856807,0001,1,TDF ACADEMIA LTDA,02,20070514,20070514,PE,2381
08858239,0001,1,LABORATIVIDADE,08,20191216,20070525,SP,7107
08863195,0001,1,MFITNESS,08,20190903,20070517,RJ,6001
08865564,0001,1,,08,20160908,20070604,PR,7565
08875812,0001,1,CORPO SANTO ACADEMIA LTDA,08,20150209,20070516,PE,2531
08890446,0001,1,ACADEMIA NIKO,08,20240509,20070518,SP,7107
08901923,0001,1,,08,20240415,20070622,SP,6681
08904517,0001,1,NEW LIFE SPORTS,08,20220818,20070528,GO,9373
08169539,0001,1,,04,20190129,20060703,CE,1373
08203122,0001,1,ACADEMIA IMPACTO,04,20210311,20060706,RJ,6001
08397709,0001,1,STUDIO CRISTINA TOLEDO,08,20240306,20061011,AL,2785
08410229,0001,1,ENGENHARIA ESQUELETICA TERAPIA CORPORAL,08,20190424,20061106,MG,5403
08668312,0001,1,KORPUS ACADEMIA,02,20070226,20070226,MS,9051
08920601,0001,1,CORUJAS TRAINNER,04,20210317,20070215,PR,7477
08924431,0001,1,CORPORE ACADEMIA,08,20201214,20070629,GO,9609
08932839,0001,1,,04,20190116,20070625,PE,2381
08937038,0001,1,ACADEMIA REGINA AMBAR ASSUMPCAO,08,20220923,20070625,SP,7033
08952259,0001,1,EVEN FASTER SPORTS,02,20070724,20070724,RS,8801
08955210,0001,1,ACADEMIA OXYGEN,08,20151210,20070626,RS,8901
08990708,0001,1,ACADEMIA PODIUM,08,20131002,20070807,SC,8171
08993262,0001,1,LABORAL FIT,08,20091006,20070810,RS,8791
08998091,0001,1,,04,20181011,20070807,MG,4123
20226310,0001,1,DUAL FIT ACADEMIA,02,20140507,20140507,PR,7583
07737623,0003,2,,02,20070726,20070726,RJ,6001
07737623,0004,2,,02,20070726,20070726,RJ,6001
09002582,0001,1,CENTRO FITINESS,02,20070525,20070525,RN,1745
09006421,0001,1,FITNESS CENTER,02,20070815,20070815,RS,8691
09013456,0001,1,ESPACO CORPORAL SITIO ATIVO - PERSONAL TRAINER,08,20130315,20070727,RS,8801
09033826,0001,1,ACADEMIA SAUDE EM FORMA,04,20210401,20070905,MA,0761
09037238,0001,1,SPEED FITNESS,04,20210330,20070806,MG,4751
09040687,0001,1,,04,20190201,20070828,CE,1321
09050638,0001,1,,08,20130305,20070828,RJ,6001
08467137,0001,1,ESPACO FITNESS,02,20061127,20061127,PA,0427
09054217,0001,1,ACADEMIA OFICINA DO MOVIMENTO,08,20080620,20070905,SP,7057
09056638,0001,1,CARBON CENTRO DE TREINAMENTO,02,20070712,20070712,BA,3849
09058143,0001,1,ACADEMIA ESPACO FITNESS,02,20070809,20070809,DF,9701
09064525,0001,1,,08,20150209,20070816,SP,7107
09072274,0001,1,ATHIVACAO ACADEMIA,08,20210406,20070906,RJ,6001
09072732,0001,1,,08,20161025,20070831,SP,7107
09074738,0001,1,VITA SAUDE CONSULTORIA ESPORTIVA,04,20181121,20070924,BA,3685
09077632,0001,1,,08,20121009,20070911,RS,8963
09077659,0001,1,ESPACO ATITUDE,02,20070905,20070905,SP,7107
09079011,0001,1,,04,20240819,20070903,RJ,5869
09085124,0001,1,POSH PHYSICAL CENTER,08,20200622,20070927,SC,8105
20229184,0001,1,ANDREZA OLIVEIRA,08,20180201,20140512,RJ,6001
09100537,0001,1,PEDAL PURA VIDA,08,20190114,20070927,DF,9701
09106497,0001,1,ADRENA LIMITS,08,20210106,20070925,RS,8801
09107138,0001,1,ACADEMIA PHYSICAL,04,20181206,20070919,MG,4371
09109863,0001,1,,04,20260514,20070910,PR,7535
09110571,0001,1,,08,20190514,20071005,BA,3849
09110839,0001,1,,02,20241004,20070824,SP,6921
09114824,0001,1,OLIMPIA ACADEMIA,02,20070928,20070928,SP,6713
09114854,0001,1,ELITE'S PERSONAL,02,20071002,20071002,RS,8593
09117798,0001,1,MAIS ENERGIA ACADEMIA,08,20180315,20070910,MG,5401
09119088,0001,1,ACADEMIA HIT FIT,04,20231027,20070823,SP,7107
09122966,0001,1,SO ELAS,08,20210122,20070925,ES,5663
09132667,0001,1,ACADEMIA VIVER,08,20120606,20071008,SP,7097
09133209,0001,1,COUNTOURS EXPRESS,04,20181211,20071017,GO,9221
09134526,0001,1,ACADEMIA SAUDE E VIDA,08,20190206,20071017,PE,2491
09135136,0001,1,DOUGLAS GILMAR ATHANASIO,08,20181001,20071008,SP,6843
09137412,0001,1,ACADEMIA DO PARQUE,02,20071018,20071018,BA,3849
09139078,0001,1,,08,20130903,20070726,SP,7107
09141191,0001,1,ACADEMIA COLISEUM,02,20250411,20071010,BA,3865
09152036,0001,1,GANESHA NUCLEO DE IOGA,08,20210511,20071018,SE,3105
20231225,0001,1,,04,20220209,20140512,SP,6579
09162148,0001,1,,02,20071022,20071022,SP,6219
09174101,0001,1,ACADEMIA PERFORMANCE,04,20181106,20071031,PA,0557
09180463,0001,1,ACADEMIA COLOMBO,04,20220609,20071026,PR,7691
09180851,0001,1,STUDIO FITNESS,04,20260513,20071026,RS,8599
09193810,0001,1,PERFORMANCE ACADEMIA,02,20071029,20071029,MG,4733
09206387,0001,1,STYLUS ACADEMIA,04,20181211,20071114,MT,9095
09206559,0001,1,ACADEMIA COMPANHIA DO CORPO,08,20151215,20071122,MA,0889
09209745,0001,1,ACADEMIA NOVO MILENIO II,04,20210212,20071121,GO,9375
09210178,0001,1,ESPACO LIVRE,08,20080514,20071029,SP,6477
20233455,0001,1,PRESTES ASSESSORIA ESPORTIVA,02,20140424,20140424,DF,9701
09234628,0001,1,ACADEMIA TOTAL FIT SPORTS,02,20071011,20071011,SP,6291
09236536,0001,1,PR ACADEMIA,02,20071128,20071128,RS,8643
09239891,0001,1,ACADEMIA BELLA FITNESS,02,20071206,20071206,RJ,5869
09246597,0001,1,ACADEMIA ./. HELIOPOLIS,02,20071022,20071022,SP,7107
09254185,0001,1,,02,20071213,20071213,RJ,6001
09262599,0001,1,ACADEMIA BOMFIM,02,20240925,20071022,PE,2629
09269941,0001,1,,08,20201009,20071212,SP,7097
09277135,0001,1,GALVAO SPORT CENTER,04,20210209,20071217,ES,5701
09277538,0001,1,BODY STATION,04,20260529,20071213,TO,9385
09284041,0001,1,CT LCS CARVALHO FITNESS - FEJJB,02,20210914,20071226,BA,3965
09295076,0001,1,,02,20071221,20071221,SC,8321
08628205,0001,1,CEBOLA JIU JITSU,08,20090812,20070124,SP,6583
09300250,0001,1,,08,20080408,20080109,SP,6181
09304342,0001,1,NUCLEO ACADEMIA & SAUDE & FITNESS,08,20160107,20080106,MG,4031
09304672,0001,1,ALTO GRAU ACADEMIA DE MUSCULACAO E GINASTICA,08,20191029,20080109,SC,8089
09315124,0001,1,CENTRO DE INICIACAO AQUATICA E DESPORTIVA 4 NADOS,04,20181017,20080121,DF,9701
09324213,0001,1,BODY FIT ZEN - ESPACO SAUDE,08,20181025,20071211,SP,7107
09324508,0001,1,FRANKLIN FITNESS,02,20080124,20080124,SE,3169
09327514,0001,1,RUNNING EXERCICIOS FISICOS,08,20200609,20080124,SC,8327
09329530,0001,1,PROVIDA,08,20091013,20080114,SP,6581
09330146,0001,1,ACADEMIA VIVARA,04,20220106,20080124,RS,8599
09331198,0001,1,FRENSCH.BIO,02,20220706,20080128,PR,7963
09341869,0001,1,,08,20171129,20080115,SP,6173
09347166,0001,1,ESPACO VITAL YAM YOGA AYURVEDA E MEDITACAO,04,20210219,20080211,PA,0425
09352375,0001,1,ACADEMIA NOLASCO,08,20221219,20080122,PA,0509
09352737,0001,1,STUDIO PILATES G2,08,20200103,20080131,CE,1389
09376850,0001,1,M.J. ACADEMIA,02,20080215,20080215,SP,6967
20238511,0001,1,,08,20160517,20140513,MG,4733
09378797,0001,1,ROGERIO PIMENTA ACADEMIA PERSONALIZADA,08,20201006,20080220,BA,3413
09378827,0001,1,HIDROVIDA,08,20120330,20080218,ES,5691
09379580,0001,1,A3 FITNESS ACADEMIA,08,20180206,20080215,GO,9373
09383869,0001,1,,08,20130927,20080213,SP,6707
09385662,0001,1,LM PERSONAL,04,20181026,20080226,CE,1389
20238755,0001,1,,08,20190502,20140513,MS,9131
09391213,0001,1,ACADEMIA FORCA & SAUDE,02,20070130,20070130,SE,3171
09391829,0001,1,,08,20160822,20080228,PE,2531
09395695,0001,1,,08,20210910,20080229,SP,7099
09407821,0001,1,,08,20201105,20080220,MG,4371
09411061,0001,1,,08,20160316,20080116,SP,7107
09418962,0001,1,,08,20100811,20080228,SP,6291
09426618,0001,1,,08,20121130,20080305,SP,7107
09427537,0001,1,ACADEMIA CORPORION,08,20211118,20080310,ES,5703
09431418,0001,1,PROQUALITY FITNESS CENTER,02,20080312,20080312,RJ,5807
09432574,0001,1,EMPLOYEE FITNESS CORPORATION,08,20141211,20080314,SP,7145
09435524,0001,1,CORPO ATIVO ACADEMIA,08,20220325,20080324,SC,8105
09438381,0001,1,ACADEMIA BOA FORMA,08,20121101,20080219,SP,7221
09441333,0001,1,,02,20080324,20080324,SP,6137
09443338,0001,1,ACADEMIA QUATRO ESTACOES,04,20181128,20080318,ES,5699
09447281,0001,1,ACADEMIA CORPO EM EQUILIBRIO,02,20080310,20080310,MG,5393
09449138,0001,1,,08,20181002,20080325,SC,8081
09451332,0001,1,ACADEMIA GYN FITNESS,04,20180828,20080326,GO,9373
09452511,0001,1,ESPACO AGUA VIVA,02,20080325,20080325,RJ,6009
04375540,0002,2,THE PILATES STUDIO - BRASILIA,08,20131017,20080328,DF,9701
09455511,0001,1,,08,20120223,20080325,CE,1389
09459378,0001,1,EXTREME FITNESS,08,20110815,20080401,PR,7913
09463174,0001,1,,04,20181221,20080320,SP,6425
09465219,0001,1,DISTAK SPORT CENTER,02,20220426,20080331,SP,6681
09468545,0001,1,BIOFITNESS ACADEMIA,04,20181120,20080407,MS,9141
09470898,0001,1,,08,20220606,20080331,SP,7071
09472468,0001,1,CORPO PERFEITO FITNESS,02,20080229,20080229,SP,6477
09474822,0001,1,ACADEMIA ESTACAO SAUDE,08,20210917,20080403,BA,3597
09480654,0001,1,ACADEMIA FLEX GYM,04,20181026,20080411,AM,0255
09480845,0001,1,ZANATTA TRAINING ACADEMIA,04,20231030,20080410,MT,9907
09485215,0001,1,ACADEMIA DE MUSCULACAO CORPO ATIVO,08,20180125,20080409,MG,4919
02269688,0002,2,SHAPE,08,20090129,20080403,RS,8877
09494068,0001,1,DIEGO NORONHA CAVALCANTI - ME,08,20161031,20080327,SP,6969
09495606,0001,1,NUCLEA SAUDE E BEM ESTAR,08,20250725,20080416,RS,8801
09496280,0001,1,,02,20080401,20080401,SP,6695
06112673,0002,2,,08,20150731,20080415,SP,6929
09502062,0001,1,RONNY ACADEMIA,04,20210219,20080423,PA,0425
09504282,0001,1,IMPACTO ACADEMIA,04,20181009,20080423,RO,0015
09505243,0001,1,ACADEMIA CORPO LIVRE,08,20141222,20080422,PE,2489
09509619,0001,1,ACADEMIA FISIFORM,08,20260325,20080414,SP,7099
09520905,0001,1,CLUBE 89,02,20230721,20080326,GO,1060
09520960,0001,1,CURVES SANTA CRUZ LTDA,02,20251110,20080415,RJ,6001
09528396,0001,1,SPORT & SAUDE ACADEMIA,02,20080404,20080404,BA,3515
09529627,0001,1,,08,20191126,20080402,MG,4733
20243780,0001,1,WINNER FIT,02,20140513,20140513,SP,6605
09540281,0001,1,GO 30,02,20080428,20080428,MG,4123
09540473,0001,1,BARRA NOVA FITNESS,08,20150601,20080424,RN,1639
09540742,0001,1,,04,20210415,20080505,SP,7145
09541993,0001,1,,08,20110608,20080506,SP,6163
09549595,0001,1,VIDA FIT ACADEMIA,08,20100611,20080409,SC,8105
09553430,0001,1,,04,20180904,20080430,SP,7145
09561466,0001,1,ACADEMIA ESPACO VITAL,04,20181120,20080519,MS,9051
09565065,0001,1,,08,20170807,20080514,SP,7107
09165212,0001,1,,02,20070921,20070921,RS,8771
09584788,0001,1,ART PILATES STUDIO,02,20080528,20080528,AM,0255
09590078,0001,1,VITALITY FORCE,08,20161212,20080602,RO,0007
09590518,0001,1,ARENA FITNE,02,20080603,20080603,CE,1389
09595445,0001,1,ACADEMIA NOVA GERACAO,08,20190926,20080602,PE,2521
09597633,0001,1,PROJETO ESPORTIVO FAZ ATLETA,02,20080423,20080423,MG,5273
09598106,0001,1,,08,20110419,20080529,SP,6761
11356048,0001,1,ACADEMIA FISIO FITNESS,08,20171011,20091127,MG,4021
20245891,0001,1,ACADEMIA CLUB FIT,08,20171121,20140513,MG,5155
09604640,0001,1,,04,20181011,20080529,MG,4123
09608171,0001,1,FITNESS ACADEMIA,08,20170221,20080530,GO,9373
09611185,0001,1,VITALLY PILATES,08,20240319,20080429,RS,8801
09613207,0001,1,ACADEMIA S4,08,20170825,20080310,PE,2513
09613453,0001,1,ACADEMIA FORMA E SAUDE,08,20180919,20080307,SP,6827
09615190,0001,1,XISTARCA ASSESSORIA E EVENTOS,08,20160205,20080609,CE,1389
09620242,0001,1,,04,20190104,20080506,SP,6639
09625497,0001,1,ACADEMIA PRAIA FIT,02,20080520,20080520,RJ,5851
09631713,0001,1,CORPO LIVRE,02,20240306,20080425,BA,3849
09633929,0001,1,,04,20180928,20080530,RS,8785
09637340,0001,1,ACADEMIA DO LULINHA,04,20260513,20080620,MA,0717
09647332,0001,1,,08,20171113,20080612,MG,4867
09648419,0001,1,LABORAL GYM,08,20130701,20080606,MG,4123
09654598,0001,1,ACADEMIA PERFORMANCE,04,20240902,20080609,SP,7157
20490375,0001,1,ATLETICA ACADEMIA,08,20180608,20140623,PA,0583
09686603,0001,1,ACADEMIA DE MUSCULACAO TRAINING GYM,08,20210831,20080620,PR,9983
10297482,0001,1,ACADEMIA DE GINASTICA ATHLETIC FITNESS,02,20080820,20080820,SP,7201
09722676,0001,1,,04,20210316,20080619,RJ,6001
10299439,0001,1,LABOR SYSTEM,08,20120703,20080820,SP,7107
10303273,0001,1,,02,20240325,20080820,MA,0921
10303827,0001,1,,08,20200519,20080825,SP,6929
10306258,0001,1,STARBEM ACADEMIA,02,20080812,20080812,PR,7885
10314317,0001,1,ACADEMIA BIOCENTRO,08,20150618,20080806,RS,8801
10317838,0001,1,MIX FIT ACADEMIA LTDA ME,02,20080814,20080814,ES,5705
10140306,0001,1,,08,20190627,20080625,SP,7107
10321971,0001,1,ACADEMIA CONEXAO SAUDE,04,20260526,20080815,SP,7095
20254139,0001,1,ACADEMIA WAVE,02,20140514,20140514,SC,8221
10328767,0001,1,SPORT - FITNESS MUSCULACAO,04,20181010,20080725,PR,7535
10330939,0001,1,,08,20140131,20080911,SC,8105
18243884,0002,2,CIA FITNESS,08,20171220,20140514,RO,0005
10345060,0001,1,,04,20210310,20080820,SP,7149
20258036,0001,1,SS FITNESS ACADEMIA,08,20140919,20140515,SP,6587
09911200,0001,1,MENTE & CORPO,08,20210302,20080708,RS,8651
20258609,0001,1,ACADEMIA DOJO,08,20140901,20140515,SC,8113
09913236,0001,1,ELDORADO FITNESS,08,20170406,20080709,MG,4371
09941953,0001,1,ACADEMIA VERSATIL CLUBE DA BOA FORMA,04,20181025,20080707,PE,2531
10366840,0001,1,ACADEMIA DA FABI,08,20210531,20080925,MG,5239
10372268,0001,1,,02,20080924,20080924,PE,2301
10372840,0001,1,BEAUTY MAGIC,08,20180206,20080922,SP,7107
10375182,0001,1,FITNESS & CIA,04,20181025,20080916,PE,2531
10376620,0001,1,VIVER QUALIDADE DE VIDA,02,20080925,20080925,BA,3573
10381039,0001,1,,08,20110127,20080911,SP,6607
10142216,0001,1,ACADEMIA OLYMPIA,08,20201216,20080714,PE,2625
10383232,0001,1,ACADEMIA LOPES,02,20080930,20080930,RJ,6001
20262773,0001,1,,08,20190807,20140515,PB,2051
10390743,0001,1,ACADEMIA EVOLUCAO,04,20231031,20081007,CE,1373
10395874,0001,1,LETICIA MELLO STUDIO PILATES,02,20211006,20080916,SP,6713
20265569,0001,1,BLACK TAIME,08,20180201,20140516,CE,1455
20266238,0001,1,CLAUDIA FACHIN GUARDA,02,20140515,20140515,RS,8801
20266431,0001,1,PETRU`S CENTRO DE TREINAMENTO DE POLEDANCE,08,20180201,20140516,SP,6979
10411208,0001,1,TOP 1 GYM,08,20220221,20081002,SP,6429
10411630,0001,1,TOTAL FORMA,08,20200731,20080922,RJ,5865
10412283,0001,1,WEISS ACADEMIA,08,20190424,20081015,SC,8291
10414934,0001,1,SPORT SAUDE,04,20231030,20080917,PB,2051
10419077,0001,1,ACADEMIA CORPO E FORMA,04,20210309,20081013,PR,8451
10419617,0001,1,IRON LIFE,02,20081014,20081014,SP,7071
20267949,0001,1,ATLETIC FIT,04,20190228,20140516,PE,2531
20268190,0001,1,VIVA MAIS COMIGO,08,20170524,20140516,RJ,6001
10422596,0001,1,GYMLIFE,04,20210226,20081006,SP,7107
10423881,0001,1,,08,20190809,20081014,PR,7535
10145113,0001,1,CENTRO ESPORTIVO FITNSS,08,20200701,20080708,GO,9389
20268767,0001,1,,02,20140516,20140516,SP,6953
10157445,0001,1,BIO FITNESS ACADEMIA,04,20181009,20080715,PI,1219
10429607,0001,1,ACADEMIA GAVIOES,08,20120301,20081013,SP,7107
10171444,0001,1,,02,20080704,20080704,SP,7107
10171665,0001,1,OFICINA DO CORPO,04,20260513,20080716,PE,2381
10432561,0001,1,ACADEMIA B4L,02,20081015,20081015,SC,8047
10212065,0001,1,,02,20080702,20080702,MG,4123
10216712,0001,1,MILA TOLEDO FITNESS,02,20080716,20080716,SP,7107
10217358,0001,1,BRASIL FITNESS,04,20201029,20080718,BA,3087
10219035,0001,1,W M FITNESS CENTER,04,20181011,20080703,RJ,6001
10225727,0001,1,,04,20210401,20080723,MA,0961
10225739,0001,1,ACADEMIA AMS COMPANY,02,20080627,20080627,SP,7107
10225816,0001,1,,08,20100519,20080722,SP,7107
10229213,0001,1,SUL PERFORMANCE,08,20100525,20080724,RS,8801
10234384,0001,1,FISICALGYN,08,20201126,20080709,GO,9373
10256586,0001,1,PERSONAL & RH,04,20260514,20080811,MG,5403
10264269,0001,1,ACADEMIA DEFINITION COM,08,20231121,20080813,PE,2609
10265496,0001,1,ESTACAO FITNESS ACADEMIA,04,20240821,20080814,MG,4111
10266141,0001,1,ONIX FIT,08,20221226,20080812,RN,1761
10267503,0001,1,,02,20080729,20080729,RS,8853
10269562,0001,1,,02,20080815,20080815,MG,4387
10271604,0001,1,,08,20150828,20080807,RS,8589
10447783,0001,1,,08,20101020,20081003,SP,7145
10450888,0001,1,,02,20081020,20081020,RJ,6001
10453133,0001,1,,08,20230329,20081016,RS,8599
10454435,0001,1,H2 FITNESS,02,20081022,20081022,RN,1759
10458374,0001,1,JOSE CARLOS ANDRADE,08,20230613,20081030,PR,8475
10459338,0001,1,NADUARTE FITNESS CENTER,08,20220805,20081107,MG,4445
20274360,0001,1,PENEDO FITNESS ACADEMIA,08,20150820,20140519,AL,2833
10463079,0001,1,ACADEMIA PLENA FORMA,04,20260515,20081031,BA,3565
10474827,0001,1,L C IMOVEIS,04,20210401,20081110,PA,0573
10476552,0001,1,,02,20080821,20080821,SP,7107
10476879,0001,1,ACTIVE ACADEMIA,04,20210224,20081104,CE,1389
03266978,0002,2,IN TRAINING,04,20220609,20140620,PR,7777
10481987,0001,1,,04,20210304,20081021,RS,8901
20275239,0001,1,HR CROSSTRAINING,02,20220124,20140519,SC,8105
10491054,0001,1,ONLIY WAIY FITINESS,08,20100422,20081124,AM,0255
20275583,0001,1,ACADEMIA POWER FITNESS,08,20150707,20140519,PA,0633
10502004,0001,1,ACADEMIA + SAUDE,08,20210226,20081126,MG,4133
10504096,0001,1,ACADEMIA POWER LIFE,02,20260519,20081121,CE,1537
10512632,0001,1,AGUA VIVA ACADEMIA NATACAO E MUSCULACAO LTDA,08,20141215,20081121,SP,6305
10521426,0001,1,,08,20190327,20081202,SP,6219
10522021,0001,1,ITAPARICA N'ATIVA SAUDE E FITNESS,02,20081204,20081204,BA,3623
10522046,0001,1,,08,20090519,20081125,RS,8801
10523208,0001,1,,02,20190227,20081127,SP,6875
10524816,0001,1,ACADEMIA RADICAL FITNESS,08,20250526,20081002,SP,7107
20276376,0001,1,ACADEMIA CORPO PERFEITO,02,20260602,20140519,AM,0255
10526422,0001,1,ONY ACADEMIA,04,20190123,20081210,MG,4007
10530902,0001,1,ACADEMIA DE GISNASTICA & MUSCULACAO ARENA I,04,20240826,20081205,BA,3413
10531375,0001,1,ACADEMIA ESTIMULO,08,20190905,20081212,BA,3849
10537106,0001,1,LEMOS & KRAUSE ACADEMIA,04,20181107,20081216,PI,1219
10538051,0001,1,TOP CENTER BOXE CLUB,04,20201029,20081216,BA,3849
10538779,0001,1,ESPACO ESSENCIAL FITNESS,04,20210219,20081215,TO,9241
10540063,0001,1,A.F.,04,20210317,20081111,PR,7535
10540400,0001,1,ACADEMIA CORPHOS,02,20081208,20081208,SP,6713
10543917,0001,1,ACADEMIA DIFERENCIAL,02,20081211,20081211,SP,6875
10546176,0001,1,BIO QUALITY,02,20081112,20081112,RJ,6001
10547646,0001,1,PRIDE,04,20190226,20081128,GO,9373
10548159,0001,1,SAUDE.COM,04,20220610,20081211,RS,8853
10548699,0001,1,ACADEMIA ARTE,04,20260515,20080710,BA,3849
10549928,0001,1,,04,20210310,20081211,SP,6291
10550104,0001,1,,02,20081212,20081212,SC,8161
10554066,0001,1,NILSON FITNESS,08,20231226,20081216,BA,3653
10554677,0001,1,CADEMIA GOLD CLUB,02,20081204,20081204,SP,7129
20277511,0001,1,ACADEMIA SENSUS,08,20200330,20140519,MG,4123
10568887,0001,1,HOME FITNESS,02,20250328,20081118,PA,0427
09052991,0002,2,,02,20081222,20081222,SP,7167
10577297,0001,1,GRBS EMPREENDIMENTO,08,20230403,20090116,BA,3849
10584164,0001,1,ACADEMIA CLEIBSON RODRIGUES RIBEIRO,02,20090120,20090120,MT,9091
10589447,0001,1,ACADEMIA BODYLIGHT,02,20230920,20090121,BA,3829
10609180,0001,1,ACADEMIA BOA FORMA,04,20201027,20090129,CE,1475
10610925,0001,1,IMPERIO FITNESS ACADEMIA E GINASTICA,04,20181129,20090202,PR,7955
10612766,0001,1,,04,20181130,20090122,RJ,5911
10613985,0001,1,RESIDENCE FITNESS,04,20210423,20090128,RN,1761
10615575,0001,1,I10 ASSESSORIA ESPORTIVA,02,20200217,20090130,CE,1455
10615820,0001,1,MAAZ & ARANTES FITNESS,02,20081209,20081209,SP,6349
10621631,0001,1,ACADEMIA PHD,02,20260325,20090126,SP,7107
10630988,0001,1,FORCA FISICA ACADEMIA,02,20090205,20090205,SP,6291
10635327,0001,1,FUTURA FITNESS,02,20250116,20090204,SP,7107
10636383,0001,1,ACADEMIA FORCA EXTREMA,08,20230619,20090211,CE,1569
10643962,0001,1,,02,20090206,20090206,RJ,6009
10649826,0001,1,ACADEMIA DE MORO,04,20190328,20090217,MG,4865
10656014,0001,1,PHYSICAL,04,20240826,20090217,BA,3413
10658009,0001,1,TOPSFIT ACADEMIA,02,20220224,20090225,CE,1349
10662691,0001,1,ESPACO SAUDE - LIMITE PESSOAL,04,20190129,20090107,PI,1153
20281191,0001,1,MAIS ACADEMIA,08,20210107,20140516,RS,8589
10495366,0002,2,DHARMA,08,20091127,20090213,SP,7107
10665898,0001,1,ACDADEMIA DE FISICULTURISMO FORCA E RESISTENCIA,08,20220721,20090213,SE,3237
10669218,0001,1,ACADEMIA PRO-FISICO,08,20220120,20081222,SP,6293
20281488,0001,1,VILLELA ENERGIA,02,20140516,20140516,DF,9701
10674639,0001,1,BANDA BICHO SOLTO,02,20090217,20090217,RJ,5865
10678260,0001,1,ESTUDIO D,02,20240607,20090217,RS,8951
10690135,0001,1,ACADEMIA FORCA DUPLA,04,20210422,20090304,BA,3655
10694573,0001,1,J.A.V.G. TRAINING,04,20210226,20090218,SP,7107
10698761,0001,1,ITALO REIS CONDICIONAMENTO FISICO,02,20090317,20090317,BA,3849
10699461,0001,1,ACADEMIA NITRO FITNESS,08,20260218,20090313,CE,1559
10702720,0001,1,ACAO E MOVIMENTO,08,20220119,20090209,SP,7107
10703489,0001,1,L H ACADEMIA,03,20120706,20090219,RJ,5901
10706280,0001,1,ACADEMIA SKULTURAL,08,20160211,20090319,PE,2381
10707879,0001,1,VIDA LABORAL E POSTURAL,08,20210831,20090319,RS,8877
10708286,0001,1,SPACO MIX ACADEMIA,04,20201027,20090306,SC,8143
10708898,0001,1,,04,20240815,20090323,MG,4941
10709906,0001,1,,04,20181219,20090129,SP,7071
10710611,0001,1,GENESIS ACADEMIA DE GINASTICA E ARTES MARCIAIS,02,20090204,20090204,SP,6789
10712329,0001,1,CENTRO DE ATIVIDADE FISICA PERFORMANCE,08,20101109,20090320,RS,8801
10714034,0001,1,ESPACO FITNESS,08,20110927,20090311,SP,7137
20282801,0001,1,DL FITNESS ACADEMIA,02,20140519,20140519,BA,3533
07345719,0002,2,,08,20170502,20090323,MG,4123
10724638,0001,1,CONCEITO FITNESS & SPORTS,08,20180822,20090323,SP,7107
10727713,0001,1,ACADEMIA CORPO E ALMA,08,20251020,20090326,MT,1038
10730392,0001,1,ACADEMIA STAR LIGHT,08,20130708,20090319,SP,6787
10732631,0001,1,PRO-SPORT ACADEMIA,04,20210210,20090317,GO,9325
10740018,0001,1,ACADEMIA NEW LIFE,03,20130401,20090319,ES,5603
10747423,0001,1,ACADEMIA IMPACTO,04,20190326,20090304,BA,3083
10753435,0001,1,,08,20120530,20090325,SP,7107
10754294,0001,1,OFICINA DO CORPO FITNESS CENTER,04,20180904,20090403,MG,5155
10757332,0001,1,ACADEMIA NUTRIFISICO,02,20090406,20090406,BA,3849
10757636,0001,1,STUDIO DE MUSCULACAO RACA,08,20180131,20090413,MT,9067
10763478,0001,1,ESPACO CORPO & EQUILIBRIO,08,20210609,20090416,SC,8089
20284184,0001,1,ATHLETICA ACADEMIA,04,20260514,20140430,MT,9151
10766769,0001,1,ACADEMIA FIT ONE - II,08,20181226,20090305,SP,7107
10770502,0001,1,BPM ACADEMIA,08,20210723,20090331,SP,6969
10776721,0001,1,ACADEMIA RITMO FITNESS,08,20231130,20090417,MG,4123
10779358,0001,1,LITORAL FITNESS,04,20210407,20090423,BA,3721
10783684,0001,1,,08,20110127,20090427,BA,3685
10797174,0001,1,ACADEMIA FENIX,04,20210310,20090422,SP,6929
10798953,0001,1,,02,20090428,20090428,PR,7687
36786705,0002,2,FISION ACADEMIA,04,20190320,20090506,MS,9123
10804164,0001,1,ACADEMIA CORPO PERFEITO,08,20130510,20090507,PB,1937
10804522,0001,1,ACADEMIA SAUDE E HARMONIA,08,20180307,20090428,ES,5703
10805288,0001,1,GESA,02,20090127,20090127,SP,7005
10808627,0001,1,ACADEMIA SAUDE TOTAL,02,20090430,20090430,SC,8205
10809265,0001,1,,02,20090413,20090413,SP,6969
10811821,0001,1,ACADEMIA LIMON FITNESS,04,20210226,20090424,SP,7107
10815954,0001,1,ACADEMIA ART'DENCE,08,20130403,20090507,BA,3515
10773092,0001,1,CORPO & MOVIMENTO PILATES,08,20200709,20090323,SP,7107
10809026,0002,2,VITOR ACADEMIA,04,20181120,20090429,MS,9051
10839565,0001,1,ACADEMIA DE MUSCULACAO E GINASTICA FISICUS BRASIL ME,04,20181030,20090330,RS,8815
10842826,0001,1,,02,20090519,20090519,PR,7425
10846700,0001,1,ACADEMIA E ENTRETENIMENTO SPACO PHYSICAL,02,20090525,20090525,GO,9595
10847186,0001,1,ACADEMIA ENERGIA,02,20090508,20090508,SP,6857
10850652,0001,1,OXIGENIO ACADEMIA,08,20211015,20090525,PB,2117
10854510,0001,1,ESPACO FEMININO,08,20181011,20090527,CE,1493
10856134,0001,1,IMPACTO BELEZA ESTETICA,08,20190313,20090525,SP,7057
10856677,0001,1,4 LIFE,08,20110526,20090526,SC,8357
10857409,0001,1,CULTURA ATLETICA,04,20210419,20090429,SP,6717
10860483,0001,1,ACADEMIA APOLO,02,20090529,20090529,BA,3963
20287361,0001,1,,02,20140521,20140521,MG,4733
10871865,0001,1,ESPACO SAUDE,08,20180201,20090210,SC,8267
10872196,0001,1,MARCUS VINICIUS PERSONAL,08,20130121,20090519,RJ,5915
10882339,0001,1,KAYKY FITNESS,04,20181127,20090527,PR,7493
10884806,0001,1,GRUPO SEMPRE EM FORMA LTDA,02,20250307,20090608,MA,0803
10887119,0001,1,EQUIPE S - 2,08,20180803,20090610,PE,2531
10890034,0001,1,ACADEMIA 1.000 VOLTS,08,20161230,20090528,SP,6689
10891801,0001,1,SCORPION ACADEMIA,04,20181107,20090424,PI,1219
01482758,0003,2,PRO-PHISICAL,08,20150929,20090603,SP,7107
10898751,0001,1,AEROBIC SPORT CENTER,08,20100106,20090609,SP,6929
10915543,0001,1,STHETIC LIFE,08,20230125,20090513,CE,1389
10919597,0001,1,STUDIO FITNESS ACADEMIA,02,20090616,20090616,RJ,5819
10935787,0001,1,ACADEMIA PRATIC SPORT,04,20181121,20090424,SE,3195
20289643,0001,1,ACADEMIA MODELO DO CORPO,02,20140521,20140521,RO,0005
10941933,0001,1,INSTITUTO DE SAUDE E BEM ESTAR,02,20090603,20090603,SP,7107
10954951,0001,1,HIDRO G ATIVIDADES AQUATICAS,02,20090707,20090707,ES,5703
10955112,0001,1,ACADEMIA NAGASHIMA MUSCULACAO E MODELAGEM,02,20090625,20090625,RN,1877
10955221,0001,1,ACADEMIA HUMMER,02,20220524,20090709,RS,8599
10958485,0001,1,PERSONA CORPO E MENTE LTDA,08,20120203,20090701,SP,7077
10969719,0001,1,QUALIDADE & EQUILIBRIO CONSULTORIA,08,20120228,20090707,RS,8531
10970902,0001,1,PHYSICUS ACADEMIA,02,20230105,20090710,PR,7663
10971517,0001,1,,04,20201103,20090630,SP,7107
10975983,0001,1,ACADEMIA SUPER 7,08,20190813,20090721,RJ,6001
10976849,0001,1,CORPUS LIFE,08,20140117,20090703,SP,7107
09639783,0001,1,VILASPA BY LOCCITANE,04,20210311,20080619,RJ,6001
10981657,0001,1,,04,20210330,20090720,MG,4723
10982500,0001,1,ACADEMIA ESPACO PHISICO,04,20201027,20090723,MA,0943
10983406,0001,1,RITHIMU'S POWER SERVICOS,04,20260514,20080111,PA,0427
10984956,0001,1,VILA HIDROGINASTICA,02,20260525,20090624,SP,6875
03813333,0002,2,CORPO EM FORMA,08,20170831,20090724,PE,2531
10988613,0001,1,ACADEMIA IMPACTO,08,20170803,20090717,SP,6549
10989305,0001,1,BIO EQUILIBRIO GINASTICA LABORAL,02,20090722,20090722,RS,8589
10991001,0001,1,LEO CHAMMA ATIVIDADES FISICAS,02,20181102,20090714,SP,7107
10992037,0001,1,ACADEMIA MALHACAO NOVA GUTIERREZ,08,20170105,20090721,MG,4123
10992739,0001,1,,08,20181122,20090715,SP,6165
11002488,0001,1,DINAMICA FITNESS,08,20140227,20090708,SP,6361
11004027,0001,1,IN SHAPE ASSESSORIA ESPORTIVA,08,20161103,20090722,SP,7107
11013949,0001,1,RS EVENTOS,08,20180227,20090803,RS,8589
20292184,0001,1,STUDIO PILATES BEM VIVER,08,20200121,20140521,SP,7099
11022876,0001,1,,08,20171016,20090722,SP,7107
11033890,0001,1,CORPO & ARTE ACADEMIA,02,20090629,20090629,SP,6401
11041614,0001,1,ACADEMIA VITALY,08,20180220,20090806,SP,6885
11056101,0001,1,GENLAB,08,20110615,20090804,SP,6131
11061334,0001,1,SPRINT ACADEMIA,08,20180410,20090810,SP,6637
10903939,0002,2,WORK BODY,08,20200818,20090805,SP,6435
11069279,0001,1,,08,20150820,20090804,SP,6759
20293827,0001,1,FEEL,08,20240419,20140521,SP,7107
11071151,0001,1,BELLA FORMA ACADEMIA,04,20210423,20090814,PE,2315
11073980,0001,1,ACADEMIA SPORT,02,20090820,20090820,MG,4501
11074012,0001,1,ACADEMIA VIP BELA VISTA,04,20181030,20090731,RS,8801
11075063,0001,1,,03,20131216,20090729,RJ,5813
11080286,0001,1,ACADEMIA ELOHIM,02,20090716,20090716,RN,1613
11081920,0001,1,ALTERE ACADEMIA,02,20090810,20090810,CE,1389
11085944,0001,1,,04,20260512,20090812,ES,5705
11089411,0001,1,DICORPO ACADEMIA DE MUSCULACAO,03,20150126,20090820,RN,1761
01945304,0003,2,,04,20210226,20090824,SP,7107
10861159,0001,1,CTN ACADEMIA,08,20170717,20090601,CE,1389
11099384,0001,1,,08,20130823,20090821,SP,6251
11102119,0001,1,ACADEMIA CORPO EM MOVIMENTO,04,20190104,20090820,SP,6897
11103385,0001,1,,08,20160429,20090821,SP,6165
11103670,0001,1,ACADEMIA VIDA,08,20111209,20090824,RS,8941
11104074,0001,1,ACADEMIA GERACAO SAUDE,04,20181204,20090826,BA,3565
11111199,0001,1,LR BENESSERE,08,20161214,20090902,DF,9701
11114449,0001,1,,08,20151015,20090811,SP,7107
11121470,0001,1,ACADEMIA STAR MUSCLE,04,20190104,20090825,SP,6563
11126690,0001,1,,04,20240808,20090831,RJ,6001
11126938,0001,1,EXPRESSAO CORPORAL,02,20090811,20090811,PR,7979
11137819,0001,1,STUDIO PILATES VIANA,02,20090618,20090618,SP,6789
11141438,0001,1,LAVERA'S MODA ACADEMIA,08,20160218,20090914,RN,1761
11141469,0001,1,SPA FITINESS,08,20170111,20090819,SP,6667
11141483,0001,1,ACADEMIA ATHLETICA,08,20181107,20090915,MT,9117
11143509,0001,1,ACADEMIA VIDA ATIVA,08,20120409,20090819,SP,6753
11151252,0001,1,ARTE MANIA,02,20090917,20090917,RJ,6001
11153449,0001,1,EXTREME FITNESS,04,20181204,20090911,BA,3515
11153993,0001,1,LUTADORES PONTO COM,04,20210408,20090819,RJ,2921
11157653,0001,1,PERFORMACE ACADEMIA,08,20100817,20090918,SC,0908
11163678,0001,1,,02,20090903,20090903,RN,1761
11165310,0001,1,YES FITNESS,02,20090915,20090915,RN,1779
11169280,0001,1,,08,20170512,20090915,PR,7535
08983458,0002,2,SPACO AQUATICO,08,20210128,20090922,MT,9151
11182774,0001,1,ACADEMIA E PESO,02,20210114,20090928,PB,2207
11186326,0001,1,ACADEMIA PAMPULHA FIT,04,20180904,20090930,MG,4123
11186778,0001,1,NATAL RUNNER,04,20181107,20090911,RN,1761
11187384,0001,1,ACADEMIA ACAO,02,20090924,20090924,BA,3849
11187595,0001,1,,02,20090923,20090923,RJ,5877
11189789,0001,1,NEO FITNESS,04,20181009,20091001,RO,0003
20297712,0001,1,D N SPORT FITNESS,02,20140430,20140430,RN,1761
11190665,0001,1,,04,20210226,20090921,SP,7107
11192163,0001,1,LUNE WELLNESS PILATES E CONDICIONAMENTO FISICO,04,20181206,20091001,MG,4123
11202426,0001,1,,08,20151113,20090921,RS,8801
11207533,0001,1,INVICTUS CENTRO DE TREINAMENTO,02,20190813,20091008,PA,0561
11215800,0001,1,ACADEMIA LIGHT CENTER,04,20181024,20091013,RJ,5869
11219385,0001,1,,08,20170426,20091013,SC,0926
11220342,0001,1,SHAK BAR,04,20181018,20091009,GO,9373
11223608,0001,1,ACADEMIA ESPORTE E VIDA,08,20200929,20091014,MG,5403
20298928,0001,1,TRAINER FIT,02,20140522,20140522,MG,4449
11236717,0001,1,,08,20210204,20091007,SP,6291
20299257,0001,1,ACADEMIA STARFIT,02,20230208,20140522,PE,2457
11241592,0001,1,ACADEMIA ESPARTA,08,20220813,20091013,GO,9677
14716792,0001,1,MOVIMENTO ESTUDIO,02,20111122,20111122,SP,6323
11245105,0001,1,,04,20210225,20091020,RS,8561
11251537,0001,1,,08,20230905,20091022,MG,4123
11251761,0001,1,BODY CENTER,02,20091023,20091023,MG,4079
11253381,0001,1,STIMULO ACADEMIA,02,20091022,20091022,BA,3391
20299917,0001,1,META CENTRO DE TREINAMENTO,02,20140521,20140521,RS,8771
11259791,0001,1,BIO FORMA,04,20180828,20090825,SP,6423
11264234,0001,1,ACADEMIA BOA FORMA,02,20090930,20090930,BA,3983
11264522,0001,1,ACADEMIA MOVIMENTO,02,20091008,20091008,SP,6565
11268581,0001,1,BIOVIDA ATIVIDADE FISICA,04,20210407,20091027,BA,3849
11276382,0001,1,D'ELLAS ACADEMIA FEMININA,08,20130909,20091030,RJ,5849
11279120,0001,1,BORGES ATIVIDADES FISICAS,08,20170920,20091103,MG,5385
11285998,0001,1,CASA DE MASSAGEM JAU,04,20181016,20091028,SP,7107
11288521,0001,1,CIA DO CORPO,08,20131213,20090916,SP,6549
11290158,0001,1,ACADEMIA CYBORG,04,20210305,20091027,SP,7107
11292228,0001,1,STARBEM SOLUCOES EM QUALIDADE DE VIDA,02,20091029,20091029,SP,7107
11293274,0001,1,PRO-SAUDE ACADEMIA,08,20141212,20091103,SP,7107
20300996,0001,1,ANA MERLIN,08,20171207,20140522,SP,7077
11296846,0001,1,ESPACO SAUDE ACADEMIA,04,20210422,20091023,BA,3669
20301119,0001,1,ACADEMIA I9,04,20181025,20140522,PE,2531
11309337,0001,1,RENOVA ACADEMIA,08,20250122,20091113,MS,9051
11316567,0001,1,AQUATICA ATIVIDADES NA AGUA,02,20091117,20091117,RJ,5801
11322072,0001,1,ACADEMIA MAYNARA,02,20091117,20091117,SE,3105
11322502,0001,1,,04,20260512,20091117,RJ,6001
10677327,0001,1,ACADEMIA CORPO EM MOVIMENTO,02,20090227,20090227,SE,3159
11322784,0001,1,ACADEMIA GAROPABA ATIVA,08,20110331,20091118,SC,8113
11335047,0001,1,"SALPESQ SAUDE, LAZER, PREVENCAO ESPORTE E QUALIDADE DE",08,20160216,20091123,RS,8653
11337619,0001,1,FAST CORREDORES,02,20091117,20091117,SP,7145
11338513,0001,1,MOVIMENT'S ACADEMIA,02,20091118,20091118,SP,6451
11340753,0001,1,,08,20110216,20091118,PR,5499
11345374,0001,1,,04,20181122,20091124,SC,8327
11294429,0001,1,,02,20091106,20091106,MG,4211
11352361,0001,1,ACADEMIA ATITUDE,08,20200824,20091116,SP,6177
11363142,0001,1,,03,20110210,20091117,SP,6155
11363469,0001,1,ACADEMIA PRAIA FITNESS,08,20190401,20091201,RN,1761
11374950,0001,1,ACADEMIA STILLU'S,02,20091203,20091203,GO,9373
11381396,0001,1,MAXFORCA ACADEMIA,08,20170929,20091204,BA,3099
11388156,0001,1,F2 ACADEMIA,02,20091210,20091210,MG,4079
11389596,0001,1,ACADEMIA BOA FORMA,04,20210422,20091203,BA,3099
11391022,0001,1,,08,20170217,20091208,SC,8047
11393844,0001,1,ACADEMIA FITNESS 90C,08,20171122,20091211,CE,1495
11397470,0001,1,POINT DA FORMA FITNESS,02,20251009,20091214,AM,0255
11402142,0001,1,ACADEMIA GLEISON FITNESS,08,20201218,20091130,RJ,5819
11406925,0001,1,INSPIRE E EXPIRE STUDIO PILATES,08,20170215,20090930,PR,7691
11409469,0001,1,REABILITAR,02,20091209,20091209,MG,4141
11415926,0001,1,PEGADA FITNESS,02,20091218,20091218,MG,4123
11417420,0001,1,ACADEMIA PURO IMPACTO NB & TATI.,08,20100405,20091201,SP,7107
11418870,0001,1,ACADEMIA FLEX ITALE,08,20130306,20091222,SC,8383
11424170,0001,1,ACADEMIA FLASH,02,20091211,20091211,SE,3123
11425095,0001,1,",ACADEMIA BRACO FORTE",04,20181024,20091223,RJ,5869
11426564,0001,1,,02,20091217,20091217,SP,6209
11433606,0001,1,,08,20210325,20100104,SP,7183
11433898,0001,1,,08,20200903,20091230,BA,3313
11434497,0001,1,LIFE ACADEMIA,08,20101123,20091223,PR,7483
11444625,0001,1,ACADEMIA CIA DO CORPO,08,20160706,20091221,RS,7313
11447809,0001,1,,02,20091126,20091126,PR,7767
11453945,0001,1,ELITE ACADEMIA,04,20240821,20100111,MG,4625
11454004,0001,1,MULLER ACADEMIA,08,20180104,20091223,SP,6645
11459770,0001,1,ACADEMIA E SEGURANCA COMBAT,02,20100113,20100113,MG,5197
11460288,0001,1,ACADEMIA SPORT FITNESS,08,20170810,20100113,AL,2785
11462341,0001,1,,08,20140124,20100114,MG,4123
11462989,0001,1,VIP GYM,04,20181121,20100114,AL,2785
11464783,0001,1,ACADEMIA PEDRA,02,20091228,20091228,SP,6495
11466478,0001,1,IBEAS ACADEMIA DE EDUCACAO FISICA,08,20211215,20100114,SP,6717
11466770,0001,1,STUDIO VANESSA MANTOVANI,08,20180814,20100105,SP,6291
11467797,0001,1,,08,20250910,20100113,SP,6969
11463046,0002,2,MELHORIDADE,08,20151002,20100113,GO,9373
11479166,0001,1,,08,20100804,20100112,SP,7107
20306969,0001,1,DO PESO,08,20180201,20140523,PE,2457
11489371,0001,1,ACADEMIA MEGA FITNESS,08,20230515,20100126,MG,5035
11492062,0001,1,,08,20170621,20100126,MG,4733
20307141,0001,1,,08,20181218,20140523,PR,7535
11505412,0001,1,,04,20210419,20100201,MG,4733
11506704,0001,1,FITNESS ACADEMIA,04,20181004,20100118,SP,7107
11507547,0001,1,QUALY VIDA,08,20101004,20100126,GO,9433
11507782,0001,1,,08,20191030,20100201,MG,4633
11515223,0001,1,ACADEMIA PURA MASSA,04,20260515,20100126,BA,3087
11525876,0001,1,MAP FITNESS,02,20100202,20100202,GO,9269
11529764,0001,1,,08,20160629,20100202,BA,3515
11532377,0001,1,,08,20181129,20100113,SP,6371
11532718,0001,1,ACADEMIA BOA FORMA FITNESS,08,20151216,20100203,SP,7213
11540067,0001,1,,08,20140716,20100210,SP,7097
11548155,0001,1,TCHIBUM,02,20210511,20100210,GO,9301
11552610,0001,1,,08,20181026,20100212,MG,5385
11556455,0001,1,CHRISGUGU PERSONAL FITNESS,08,20180201,20100212,SP,7071
11558367,0001,1,,08,20180201,20100213,PA,0447
11564278,0001,1,FORCA & ACAO ACADEMIA,08,20191210,20100204,SP,7107
11572504,0001,1,ITAPEMA RUNNER'S,02,20260129,20091123,SC,8163
11582086,0001,1,APSPORTS,08,20191007,20100202,SP,7107
11603103,0001,1,,04,20190122,20091210,BA,3851
11608805,0001,1,,08,20180605,20091207,SP,6751
11609629,0001,1,ELYTE FITNESS,02,20090527,20090527,RN,1761
11617480,0001,1,ACADEMIA INFINITI,02,20100224,20100224,BA,3513
20310960,0001,1,MAISEHOME,04,20210305,20140523,SP,7107
11620256,0001,1,DANIEL ANDO CONSULTORIA ESPORTIVA,08,20111109,20100118,SP,7107
11627042,0001,1,BOX CROSS MACAPA,08,20210223,20100302,AP,0605
11631929,0001,1,VITA TREINAMENTO PERSONALIZADO,08,20180124,20100304,RS,8921
11637467,0001,1,ACADEMIA CORPORE FITNESS,02,20100304,20100304,SC,8163
11652338,0001,1,ESPACO D'AGUA,02,20100104,20100104,PR,7535
11461247,0002,2,"CLINICA ODONTOLOGICA, ESTETICA E SAUDE PLENNA",08,20210308,20100111,RS,8855
11655738,0001,1,ACADEMIA SUELI,02,20100301,20100301,SP,6249
11659188,0001,1,ACADEMIA MOVIMENTO FITNESS,08,20250407,20100226,AL,2793
11659552,0001,1,ACADEMIA SPORT DANCE,08,20210203,20100302,SP,6969
11664271,0001,1,FITNESS ACADEMIA,08,20170126,20100302,RS,5773
11666067,0001,1,ACADEMIA DE GINASTICA FORCA FISICA,04,20190131,20100219,RN,1927
11667390,0001,1,ANNA CLARA ACADEMIA,02,20100310,20100310,PA,0427
11676083,0001,1,ACADEMIA OPHICINA DO CORPO,08,20170720,20100312,MA,0803
11677133,0001,1,ACADEMIA PHYSICAL FITNESS,08,20180201,20100312,AM,0255
11661137,0001,1,ACADEMIA DENNYS SOUZA,08,20170206,20100309,PE,2531
11687235,0001,1,,08,20161226,20100310,AL,2853
20313270,0001,1,MUSASHI TRAINING CENTER,08,20150119,20140524,MG,4415
11691125,0001,1,,02,20100212,20100212,RS,7337
11691957,0001,1,FITNESS AND TRAINING,08,20160222,20100127,SP,6475
11692706,0001,1,ACADEMIA CORPO ATLETICO,02,20100202,20100202,PI,1053
11699155,0001,1,,04,20181002,20100315,CE,1487
11709130,0001,1,INDIOS,02,20100316,20100316,SP,7077
20314375,0001,1,4U STUDIO PILATES,08,20190424,20140526,PR,7493
11726042,0001,1,ASSOCIACAO DE MUSCULACAO DE FORTALEZA,02,20100312,20100312,CE,1389
11726548,0001,1,,02,20100324,20100324,GO,9545
20314920,0001,1,FRANCIELLE & FITNESS,08,20161107,20140526,PR,5453
11740274,0001,1,ACADEMIA CRC SAUDE,04,20210210,20100324,GO,9325
11749588,0001,1,ACADEMIA FISIOCORPO,08,20180614,20100329,MG,5343
11755708,0001,1,SPORTIF ACADEMIA PERSONNALITE,08,20200227,20100325,CE,1389
10839006,0002,2,DNA UNIDADE BELVAL,08,20180223,20100322,SP,6213
11758515,0001,1,PILATES STUDIO,03,20141208,20100311,RS,8801
11761781,0001,1,NERCI TEIXEIRA ALVES,02,20190314,20100312,PR,7733
11771398,0001,1,ELITE FITNESS ACADEMIA,08,20170613,20100324,RN,1643
11727174,0001,1,ATP META FITNESS,08,20140516,20100323,MG,4123
11776513,0001,1,,08,20140919,20100406,MG,4123
11789655,0001,1,,02,20100407,20100407,MG,4123
11813736,0001,1,TONUS,08,20120416,20100413,PA,0427
11817415,0001,1,ACADEMIA DOJO JUDO E MUSCULACAO,08,20140717,20100401,SP,6761
11826015,0001,1,,08,20110328,20100416,MG,4959
11836272,0001,1,ACADEMIA MASTER,02,20100405,20100405,RN,1733
11838175,0001,1,MILENIUM ACADEMIA,04,20181121,20100419,AL,2785
11838517,0001,1,VIP PERSONAL,08,20210813,20100420,MS,9073
11843700,0001,1,TITANIO FITNESS,08,20170404,20100420,RS,8801
11856086,0001,1,MELHOR FORMA,08,20160804,20100409,RS,8801
11858516,0001,1,,08,20150220,20100401,RS,8595
11860208,0001,1,ESTILO STUDIO FITNESS,08,20170808,20100426,SC,8179
11864901,0001,1,BIO FORMA ACADEMIA,08,20211020,20091130,BA,3965
11868701,0001,1,VITALE FITNESS,02,20100414,20100414,RN,0430
11875458,0001,1,TOTAL FITNESS,04,20240830,20100409,SP,7151
11880904,0001,1,FITNESS DAY BRAZIL,04,20210226,20100426,SP,7107
11886872,0001,1,ULTIMATE SPORT CENTER,02,20100414,20100414,ES,5611
11888733,0001,1,,08,20140614,20100503,SP,6853
11833419,0001,1,I-9 FITNESS,08,20250617,20100312,SP,6691
11903519,0001,1,ACADEMIA TITANS,08,20170601,20100506,SC,8161
11909999,0001,1,ESPACO TERAPEUTICO CORPO & FORMA,02,20260601,20100507,MS,9089
11917110,0001,1,,08,20181002,20100510,BA,3419
11923475,0001,1,,04,20210316,20100511,RJ,6001
09065995,0002,2,PLAY ACADEMIA,08,20210224,20100426,SP,7017
11923627,0001,1,GRUTTA FIT,08,20161020,20100510,RN,1761
11936909,0001,1,SHIFT - UNINDO CONCEITOS,02,20100510,20100510,SP,6469
11941933,0001,1,ACADEMIS MULTIMIX TRAINING,02,20240826,20100514,PB,1961
11943769,0001,1,FISIOBELLE,08,20160401,20100510,RJ,5883
11947114,0001,1,ACADEMIA PERFOMACE,04,20220128,20100515,RR,0301
11948119,0001,1,,08,20120109,20100415,SP,7107
20321843,0001,1,CENTRO DE TREINAMENTO THAI TEAM DARIO,04,20210226,20140526,SP,7107
11953357,0001,1,ACADEMIA LEOES DA SERRA,04,20210426,20100517,PB,1919
11959349,0001,1,,02,20100518,20100518,SP,6553
11970903,0001,1,PERSONAL VIP - ACADEMIA FUNCIONAL,08,20140806,20100510,CE,1389
11985408,0001,1,,08,20140602,20100524,GO,9329
11986050,0001,1,,08,20201112,20100524,RS,8801
11992819,0001,1,,04,20210323,20100526,PR,7461
11993121,0001,1,,02,20100518,20100518,SP,6717
11993176,0001,1,SPA DA MENTE,08,20110322,20100524,RS,8801
12001345,0001,1,,04,20181226,20100315,SP,6249
12021086,0001,1,ACADEMIA PORTO SEGURO,04,20210225,20100531,RS,8801
12023279,0001,1,FW FITNESS E VIAGENS,02,20210728,20100531,RJ,5847
20324377,0001,1,,08,20180425,20140527,RS,8423
12029687,0001,1,ACADEMIA CORPO & ACAO,02,20100518,20100518,SP,6703
12039865,0001,1,ACADEMIA FEMININA,08,20160519,20100603,PE,2381
12039920,0001,1,RODOLFO MARTINS,08,20140227,20100524,SP,7145
11964645,0001,1,,02,20240304,20100512,SP,6477
12045756,0001,1,LIFELABOR,08,20190710,20100601,SP,6131
12047925,0001,1,ESPACO FUNCIONAL TARCISIO RIBAS,08,20191216,20100607,MS,9073
12049533,0001,1,GALILEU ACADEMIA,04,20190320,20100513,PA,0427
12053226,0001,1,,08,20191118,20100602,MG,5115
12058221,0001,1,CORPO E MENTE,04,20210423,20100607,PE,2475
12059530,0001,1,STUDIO DUO,08,20220609,20100608,DF,9701
12061780,0001,1,,03,20211009,20100609,EX,9707
12063597,0001,1,RECONECTAR,04,20260601,20100521,SP,6181
12073361,0001,1,,08,20101005,20100528,SP,6689
12073788,0001,1,ACADEMIA PHISYCAL FITNESS,02,20100531,20100531,SP,0814
12074061,0001,1,,08,20110615,20100601,SP,6635
12077750,0001,1,CHIVUNK,02,20230621,20100525,RJ,5903
12078318,0001,1,ACADEMIA P 10,04,20210212,20100614,GO,9221
12079113,0001,1,FITNESS LIFE,02,20100609,20100609,SP,7145
12079157,0001,1,MTZ SPORT FITNESS,08,20180910,20100611,MG,4821
20325949,0001,1,ACADEMIA VANDERLAN MIRANDA,08,20200226,20140527,PA,0465
12081254,0001,1,ACADEMIA SUPERACAO,04,20210310,20100615,SP,6443
12083520,0001,1,PP FITNESS ACADEMIA,02,20100609,20100609,MA,0921
12086184,0001,1,ACADEMIA IMPERIO,02,20100527,20100527,SP,7107
12087791,0001,1,BKB,08,20160721,20100616,BA,3849
10914817,0002,2,PLEXOS ACADEMIA,02,20230622,20100430,SP,6689
12096056,0001,1,ACADEMIA EXPANCAO,04,20210318,20100618,SC,8039
12098363,0001,1,NEW FITNESS,02,20100617,20100617,SC,9967
12099746,0001,1,,08,20210906,20100608,BA,3965
12105642,0001,1,MAIS FITNESS ACADEMIA,02,20100617,20100617,MG,5083
12107123,0001,1,BELISSIMA FORMA GINASTICA FEMININA,04,20210318,20100618,SC,8179
12110671,0001,1,,02,20100621,20100621,MG,4355
12112206,0001,1,STUDIO MOVIMENTO DANCA E ARTE,08,20200616,20100419,SP,6503
12113252,0001,1,ALTERNATIVA,02,20100617,20100617,ES,5625
12114301,0001,1,AXIAL-STUDIO ACADEMIA DE PILATES,08,20101025,20100609,SP,6249
12115687,0001,1,ACADEMIA FAMA,04,20240822,20100617,BA,3045
12115888,0001,1,ACADEMIA VISA FORMA,08,20190218,20100622,MG,5403
12116353,0001,1,ACADEMIA UNIVERSITARIA,02,20100611,20100611,BA,3873
12117436,0001,1,AQUA LIFE,08,20111226,20100610,BA,3533
12117742,0001,1,,02,20231023,20100622,MG,4675
12118512,0001,1,ESPACO FYSYCO,03,20150126,20100614,SP,6131
07737623,0050,2,FORMULA,08,20220526,20140527,SC,8105
07737623,0055,2,FORMULA,02,20140527,20140527,RJ,6001
20327412,0001,1,ACADEMIA ATITUDE FITNESS,08,20180704,20140527,SP,7151
12128247,0001,1,ESPACO SAUDE,08,20140901,20100525,ES,5705
12132255,0001,1,SAMUELS PERFORMANCE COACH,08,20160427,20100628,RR,0301
20327814,0001,1,META ACADEMIA,08,20170512,20140526,RS,8935
12144037,0001,1,IMPACTO GYM,02,20100615,20100615,CE,1413
12147938,0001,1,STUDIOS MOVIMENTO E EQUILIBRIUM,04,20210310,20100621,SP,6291
12160402,0001,1,,04,20181122,20100206,PR,7677
12163394,0001,1,STUDIO CORPO E MENTE,08,20251025,20100706,MS,9051
12164258,0001,1,ACADEMIA HERALDA SANCHES,08,20171201,20100621,PA,0435
12164793,0001,1,ESPACO X FITNESS,04,20231031,20100706,PI,1219
12166059,0001,1,,02,20100602,20100602,RS,8749
12183264,0001,1,UP PERSONAL TRAINING,08,20151222,20100701,PR,7691
12184129,0001,1,ACADEMIA SAUDE E VIGOR,02,20100701,20100701,BA,3579
12185837,0001,1,PAULO MARCELO MAIA LOPES,08,20160722,20100707,BA,3849
12186676,0001,1,POWER PHISICAL,08,20240306,20100622,SP,6425
12187867,0001,1,CENTERFIT,04,20210413,20100705,MG,0574
12194198,0001,1,DK ACADEMIA,02,20260605,20100616,SP,7107
12208107,0001,1,CV PILATES,08,20210608,20100712,RS,8801
12213883,0001,1,,08,20190129,20100712,PB,1981
12224991,0001,1,CORPO LIGHT ACADEMIA E ESTETICA PARA MULHERES,04,20190125,20100713,RO,0005
12227185,0001,1,WORLD FITNESS,02,20100713,20100713,MG,4683
12240670,0001,1,DAY FIT PERSONAL TRAINER,02,20100716,20100716,SP,6887
12243582,0001,1,CORRERIA,08,20170609,20100707,SP,7143
12245628,0001,1,TR FIT CONDICIONAMENTO FISICO,08,20220310,20100713,PR,7667
12246668,0001,1,ACADEMIA NUTRIFORMA,02,20100707,20100707,BA,3357
12249799,0001,1,CORPO A MAIS ASSESSORIA ESPORTIVA,08,20171213,20100712,SP,7107
12258211,0001,1,ACADEMIA VIP TRAINNER,08,20131223,20100720,MG,4123
12261408,0001,1,,08,20250109,20100721,MG,4479
12266315,0001,1,ARENA PURO FERRO,08,20160609,20100722,MG,4123
12267343,0001,1,ESTUDIO DE PILATES ARTHUR,08,20191107,20100720,DF,9701
12271819,0001,1,MORAES ACADEMIA,08,20191014,20100715,RJ,5863
12284831,0001,1,,08,20140526,20100720,SP,7113
12291065,0001,1,,04,20210311,20100719,RJ,6001
12292072,0001,1,,02,20100719,20100719,SP,7107
12294556,0001,1,STUDIO VENTAPANE,02,20100721,20100721,RJ,5847
12300264,0001,1,ACADEMIA CONEXAO FISICA,02,20100729,20100729,SE,3235
12306711,0001,1,LIFE ACADEMIA,02,20210423,20100727,SP,7225
67161620,0002,2,FIT CENTER,04,20210324,20100720,SP,7083
04919088,0002,2,GRECO FORMA,02,20081120,20081120,PA,0427
12314975,0001,1,ACADEMIA PLENA FORMA,02,20100802,20100802,AM,0969
12316036,0001,1,ACADEMIA VIP,04,20181228,20100628,SP,7183
12318914,0001,1,,08,20150826,20100802,ES,5727
08644821,0002,2,SMART FIT,08,20240920,20100802,DF,9701
12330053,0001,1,AUTENTIC RUN,02,20100803,20100803,BA,3849
12339760,0001,1,ACADEMIA NATURAL FORCE,08,20160816,20100806,SC,0922
12347997,0001,1,SPORT PHYSICUS,04,20181009,20100806,BA,3849
12352486,0001,1,,08,20260529,20100809,RJ,5867
12357682,0001,1,,04,20260526,20100802,SP,6509
12361243,0001,1,KALL FITNESS,08,20111103,20100730,PR,7885
12370683,0001,1,IRON FITNESS,02,20100803,20100803,MT,9067
12373060,0001,1,FRANCA FIT,08,20240620,20100813,GO,9221
12373600,0001,1,,08,20240828,20100811,PB,1981
12387180,0001,1,FORMATTO R ACADEMIA,04,20181025,20100813,PE,2531
12391052,0001,1,ACADEMIA BEM ESTAR FITNESS,08,20230721,20100817,BA,3465
12398377,0001,1,,08,20180327,20100722,SP,6425
12402474,0001,1,PRO HEALTH FITNESS STUDIO,08,20240513,20100811,RJ,6001
12410045,0001,1,,02,20100727,20100727,SP,7107
12411413,0001,1,ACADEMIA MEDLEY,04,20260515,20100816,CE,1411
12423330,0001,1,PHYSICAL,04,20190328,20100824,RJ,5879
12437407,0001,1,TOWER FIT,02,20100805,20100805,RS,8541
12445543,0001,1,,08,20230602,20100810,SP,7107
12446747,0001,1,CURVES SANTANA,04,20181016,20100812,SP,7107
20338199,0001,1,LUNE,08,20140626,20140528,SP,6251
12462051,0001,1,A E !!!,08,20120127,20100802,SP,7183
12466786,0001,1,STUDIO WELLNESS PERSONAL,02,20100820,20100820,SP,7243
12469578,0001,1,ACADEMIA UNIVERSITARIA,04,20210219,20100831,TO,9559
12444672,0002,2,IT PILATES ACADEMIA LTDA - ME,08,20110128,20100901,SP,6771
12498538,0001,1,,08,20161208,20100909,SP,6715
12499923,0001,1,RFL ACADEMIA SAUDE DO CORPO,04,20181024,20100720,RJ,2913
12506669,0001,1,ACADEMIA VIDATTIVA,02,20240923,20100909,PE,2457
20340108,0001,1,MAMBI ACADEMIA,04,20240813,20140528,AM,0283
12514564,0001,1,,08,20160224,20100816,SP,7057
12528230,0001,1,STUDIO DUETT - ESTETICA E BOOTCAMP,08,20190731,20100914,BA,3849
12530519,0001,1,,02,20100915,20100915,MS,9169
12538946,0001,1,ACADEMIA CIA DO CORPO,08,20180302,20100916,MG,4625
12546212,0001,1,SR FITNESS ACADEMIA,08,20210820,20100917,PE,2513
12547480,0001,1,S TRAINING ACADEMIA,04,20181107,20100628,PI,1219
12553803,0001,1,,08,20170117,20100823,RJ,6001
12554350,0001,1,FUZI-FITNESS ACADEMIA,08,20230216,20100914,SE,3105
12554565,0001,1,FLEXFIT ACADEMIA,08,20180629,20100909,SP,6131
12558396,0001,1,ROAD GYM FITNESS CENTER,02,20100823,20100823,RJ,0786
12560483,0001,1,,08,20160120,20100921,SP,6213
20342040,0001,1,BETTER LIFE FITNESS,08,20250723,20140528,AM,0255
20342105,0001,1,,08,20150205,20140527,PA,0471
12591826,0001,1,,04,20210309,20100917,PR,7667
12596561,0001,1,FORMA E MOVIMENTO,08,20170825,20100923,PE,2491
12607334,0001,1,GAMP,02,20100902,20100902,RJ,6001
11416003,0001,1,ACADEMIA CORPUS,02,20091123,20091123,MG,4147
12616572,0001,1,MAPI ACADEMIA,04,20210304,20100930,RS,8589
20343672,0001,1,ACADEMIA TOP GYM,04,20190131,20140528,PB,0492
12621965,0001,1,ATLETIC FITNES ACADEMIA,08,20240206,20100927,MA,0803
12623626,0001,1,MEXA-SE PESSOAS E QUALIDADE DE VIDA,08,20260327,20101004,MG,4917
12624156,0001,1,,08,20180201,20101004,PA,0427
12627822,0001,1,TOP TRAINER FITNESS,04,20260525,20101004,MS,9041
12637152,0001,1,,04,20210226,20100928,SP,7107
12642712,0001,1,,08,20200506,20101006,MG,4371
12651305,0001,1,,08,20230626,20101001,SP,7149
12653167,0001,1,FATU'S ACADEMIA,08,20180403,20100830,SP,6371
12657853,0001,1,,02,20220208,20100818,RJ,6001
12657899,0001,1,,08,20130301,20100929,AL,2819
20345063,0001,1,,08,20180816,20140529,SP,6807
12662858,0001,1,CRESAUDE,08,20160608,20101006,SP,6323
12665405,0001,1,SPORT LIFE ACADEMIA,02,20101014,20101014,BA,3811
12666019,0001,1,CTMORENINHAS,02,20101014,20101014,MS,9051
12669960,0001,1,,08,20191126,20101015,MG,5035
12671144,0001,1,DIAS FITNESS,08,20210622,20101015,BA,3621
12671220,0001,1,,02,20101015,20101015,PR,7909
12688688,0001,1,INSPIRE TREINAMENTO FUNCIONAL,08,20180201,20101019,DF,9701
12696772,0001,1,ACADEMIA RUBI,04,20181016,20100927,SP,7107
12697146,0001,1,TOP VIDA ACADEMIA,02,20100720,20100720,MG,4123
20346321,0001,1,GO HARD TRAINER E SUPLEM. NUTRICIONAIS -ART. ESPORTIVOS,08,20190222,20140529,PR,7583
12700745,0001,1,ACADEMIA ESTACAO SAUDE,02,20101020,20101020,RJ,5869
12706463,0001,1,FIRE GYM,02,20101005,20101005,PR,7989
12708265,0001,1,ACADEMIA ANATOMIA,04,20190116,20101019,RR,0301
12722482,0001,1,,02,20101013,20101013,SP,7107
12741686,0001,1,OMEGA 3 ACADEMIA,02,20101004,20101004,PE,2381
12765703,0001,1,ACADEMIA PJ MELO FITNESS,02,20101026,20101026,MA,0130
12780066,0001,1,STUDIO RAS,08,20240617,20101029,BA,3597
12782345,0001,1,VIVERE ACADEMIA,02,20101025,20101025,SP,7245
12793075,0001,1,ACADEMIA PHYSICAL CENTER,02,20101103,20101103,MG,4697
12800444,0001,1,,04,20190118,20101103,BA,3639
12819896,0001,1,STUDIO PERSONAL,02,20101026,20101026,SP,6891
12825397,0001,1,ACADEMIA SAUDE BODY FITNESS,04,20240816,20101015,RS,8847
12825448,0001,1,,08,20180131,20101109,RS,8941
12829700,0001,1,HARD FITNESS,08,20150324,20101109,PA,0427
12831550,0001,1,IMPULSUS FITNESS CENTRO PERSONALIZADO,08,20130208,20101109,MT,8985
12833867,0001,1,PODIUM ESPORTES,04,20260526,20101105,SP,7107
12836744,0001,1,,08,20210928,20101111,SP,7107
12850522,0001,1,EXTREME SPORT,08,20170810,20101014,SP,2945
12850639,0001,1,,08,20140528,20101025,SP,7135
12863294,0001,1,ACADEMIA FITNES,04,20210422,20101110,BA,3419
12869535,0001,1,ACADEMIA ATLETICA,08,20180423,20101117,MG,4573
12900251,0001,1,SWASTHYA YOGA STUDIO,08,20190424,20101104,SP,7107
12910175,0001,1,BIO - FISICO,02,20101117,20101117,SP,6155
12915430,0001,1,,08,20121127,20101112,SP,6251
08236995,0002,2,,02,20240527,20101105,SP,7107
20353530,0001,1,ENJOY FITNESS,02,20140530,20140530,SP,7107
20353862,0001,1,INSPIRE PILATES STUDIO,02,20140530,20140530,PR,7535
12934122,0001,1,ACADEMIA FENIX,04,20210304,20101125,RS,8399
12934578,0001,1,,08,20211129,20101124,SC,8179
12947524,0001,1,,08,20161117,20101117,SP,7107
12949334,0001,1,,08,20231010,20101110,SP,6377
12753617,0001,1,CLAUDIA FASHION,04,20260525,20101026,AM,0207
12968698,0001,1,PRIME ACADEMIA PERSONALIZADA,02,20101130,20101130,PR,7493
12971078,0001,1,ACADEMIA BIOFITNESS,08,20201222,20101126,AL,2849
12987797,0001,1,POWER FITNESS,08,20250203,20101126,PR,7729
12987964,0001,1,ACADEMIA UNIVERSO,02,20260327,20101122,PB,1989
12988526,0001,1,,02,20101209,20101209,RS,8599
20356031,0001,1,,02,20140530,20140530,SP,6291
12992008,0001,1,,08,20150903,20101210,SC,8073
12996309,0001,1,ACADEMIA ESPACO 10,08,20180405,20101210,BA,3667
13001484,0001,1,CORPO MENTE SAUDE EMPRESARIAL,08,20160726,20101118,SP,7107
13013868,0001,1,LUCAS BORGES PERSONAL TRAINER,02,20250110,20101215,BA,3849
13019121,0001,1,BODY CARE,02,20101207,20101207,SP,7107
13022475,0001,1,RO2,04,20210224,20101208,CE,1389
13025104,0001,1,ACADEMIA DA VOLDAC,02,20101220,20101220,RJ,5925
13031004,0001,1,PHISICO,04,20181128,20101221,ES,5661
13035796,0001,1,ACADEMIA NG,08,20180223,20101112,AL,2641
13051101,0001,1,RENOV,08,20180215,20101227,BA,3573
13054433,0001,1,ACADEMIA MR. UNIVERSO,04,20190226,20101228,GO,9373
13056104,0001,1,ACADEMIA BOA FORMA,02,20101231,20101231,GO,9509
10797933,0001,1,,08,20150630,20090427,SP,7121
13062937,0001,1,GYMNASTIKE ACADEMIA,08,20151214,20101224,SP,6639
13068271,0001,1,ACADEMIA EQUILIBRIO,04,20210422,20101124,BA,3441
13068315,0001,1,EQUILIBRIO,04,20210316,20110105,RJ,5913
13069124,0001,1,ACTIVE LIFE,08,20221221,20101219,PR,5535
13071686,0001,1,,08,20160227,20110105,RJ,6001
13073989,0001,1,MEGA FITNESS,04,20181009,20110105,CE,1373
13080749,0001,1,SCALA ACADEMIA,08,20241010,20101209,RS,8705
13087512,0001,1,PRO-SAUDE FISIOTERAPIA & PILATES,08,20130725,20101124,RS,8801
13090056,0001,1,STABILE PILATES,08,20111020,20110107,MG,5035
13097510,0001,1,SALUTES,04,20260526,20101220,SP,7107
13105158,0001,1,ACADEMIA EVOLUTION,04,20181207,20110113,MA,0889
13116992,0001,1,,08,20200211,20110111,SP,7033
13126641,0001,1,FEMINA E MASCULIN FITNESS,04,20210203,20110119,MG,4865
20360641,0001,1,CORPO & VIDA,08,20220916,20140602,PE,2427
13128813,0001,1,PERFECT PILATES,02,20110118,20110118,CE,1389
13133333,0001,1,ACADEMIA CORPORACAO,02,20110119,20110119,GO,1058
13133674,0001,1,,08,20190607,20110106,RJ,5833
13137675,0001,1,ACADEMIA IRMOS UNIDOS,08,20191114,20110119,SE,3217
13153691,0001,1,SPORT FITNESS ACADEMIA,08,20180320,20110118,CE,1527
13155020,0001,1,LEIDE ACADEMIA SAUDE E VIDA,02,20110125,20110125,CE,1585
13165072,0001,1,,08,20191112,20110119,PE,2573
13170603,0001,1,ACADEMIA CORPUS & MENTI,08,20110429,20101027,SP,7075
11303607,0001,1,FIT BRASIL ACADEMIA,08,20190619,20091112,SC,8177
13181053,0001,1,NEVER STOP ACADEMIA,08,20120914,20110128,MG,4365
20362905,0001,1,CF HOUSE,04,20181205,20090516,GO,9445
20363148,0001,1,,08,20140616,20140602,PR,7583
20363221,0001,1,STUDIO FIT,02,20220606,20140602,MG,5213
13210658,0001,1,SM POWERFIT,08,20160212,20110207,GO,9361
13211298,0001,1,ACADEMIA TOP FIT,04,20181017,20110203,DF,9701
09304319,0001,1,ATRIO ACADEMIA,02,20080116,20080116,MG,5419
20363604,0001,1,ARMINI STUDIO PILATES,02,20140602,20140602,MG,4387
13216892,0001,1,ACE CONSULTORIA EM SAUDE E FITNESS,08,20130724,20110207,BA,3661
13219158,0001,1,SUBLIME FITNESS,02,20110203,20110203,RS,8511
13224272,0001,1,,02,20110201,20110201,MS,9051
20364142,0001,1,ACADEMIA CORPO SARADO,08,20151009,20140602,PB,1975
13232412,0001,1,,08,20220803,20110203,SP,7107
13234005,0001,1,,08,20181210,20110203,RS,8545
13239698,0001,1,MARCILIO NETO ACADEMIA,08,20200318,20110120,PI,1223
13241285,0001,1,GO FIT ACADEMIA,08,20240418,20110211,SP,6475
13248979,0001,1,,08,20180201,20110214,SP,6291
13250096,0001,1,ACADEMIA PRO FIT,02,20110214,20110214,RJ,5915
13250193,0001,1,PILATES DA VILA STUDIO,02,20110209,20110209,SP,7107
13252967,0001,1,,08,20140919,20110215,SC,9943
13185226,0001,1,STUDIO ECO,02,20110118,20110118,SP,7107
13258406,0001,1,FISYCAL ACADEMIA,04,20181016,20110207,SP,7107
10851831,0001,1,FITPREV,04,20190226,20090521,DF,9701
11909200,0002,2,FENOMENAL ACADEMIA,04,20190104,20110119,SP,6415
13265866,0001,1,BIOFITNESS MANAUS,02,20210409,20110217,AM,0255
13275994,0001,1,LILIAN SANTOS PERSONAL TRAINER,08,20180201,20110219,DF,9701
13280835,0001,1,1ST GYM ESPORTES,02,20240120,20110221,SP,7107
13281770,0001,1,BELO CORPO,04,20210422,20110217,BA,3513
13284886,0001,1,,04,20190104,20110210,SP,6165
13285981,0001,1,ACADEMIA WINS,08,20220816,20080402,PR,7535
13290391,0001,1,MENDES FITNESS ACADEMIA,02,20110222,20110222,GO,9563
13297241,0001,1,,08,20171228,20110223,RS,8577
13307429,0001,1,FEMINE FITNESS CENTER,02,20110222,20110222,TO,9733
11613969,0003,2,ACADEMIA H1,08,20180423,20110224,PE,2531
13310060,0001,1,CAPITANYA DO CORPO ACADEMIA,04,20260515,20110228,BA,3849
13312281,0001,1,ACADEMIA WELLNESS GYM,02,20110224,20110224,SP,6605
13312837,0001,1,ACADEMIA VERSALLITY,04,20201023,20110119,SP,6969
13313897,0001,1,MEDEIROS FITNESS,08,20190925,20110225,MT,9883
13314462,0001,1,FEMME ACADEMIA,02,20110228,20110228,SP,6291
13315892,0001,1,,08,20191015,20110216,SP,7107
13316923,0001,1,ACADEMIA IMPACTO,02,20110223,20110223,SP,6173
13328341,0001,1,,04,20201022,20110303,GO,9373
13331354,0001,1,,08,20170810,20110225,SP,7005
09486239,0001,1,MEGA ACADEMIA,02,20080311,20080311,SP,6477
20522640,0001,1,K2 STUDIO FITNESS,04,20210413,20140630,SP,6921
12059429,0001,1,CROSSFIT SELVA,02,20100608,20100608,DF,9701
13350904,0001,1,PERFORMANCE ACADEMIA,04,20260513,20110215,RS,8589
13352619,0001,1,OXY PERFORMANCE&HEALTH,02,20110310,20110310,RS,8801
13358433,0001,1,SINERGIA,08,20200825,20110303,CE,1337
13372656,0001,1,,08,20140423,20110316,MA,0258
13374068,0001,1,PEIXINHO MUSCULACAO,04,20210304,20110316,RS,8589
20369048,0001,1,ACADEMIA MOVIMENT,02,20140603,20140603,SP,6861
13376705,0001,1,FOCO FITNESS,04,20231117,20110310,SP,6595
13379720,0001,1,,04,20210413,20110211,SP,6699
13386249,0001,1,ACADEMIA ESPACO CROMUS,04,20260514,20110316,MG,4123
13386544,0001,1,ACADEMIA MEGA FITNESS,08,20120719,20110314,SP,6803
13391226,0001,1,CORPO E CIA STUDIO PILATES,02,20110316,20110316,RS,8801
13398369,0001,1,ACADEMIA DE MUSCULACAO E NATUREZA,08,20161122,20110214,RN,1779
13399653,0001,1,QUALY VITA,08,20210420,20110318,SP,7107
13403377,0001,1,ESTILO ACADEMIA,08,20160229,20110322,MG,4033
11472050,0001,1,HIDRO+SAUDE,08,20200807,20100114,MG,4625
13416348,0001,1,STAND-UP ACADEMIA,02,20110324,20110324,MG,4123
13216014,0001,1,ACADEMIA VIDA ATIVA,04,20181024,20101230,ES,5625
13423828,0001,1,ESPACO FITNESS ACADEMIA,02,20110328,20110328,PE,2327
13424799,0001,1,ESTIMULO VITAL,04,20210225,20110324,RS,8801
13426449,0001,1,MAIS VIDA LTDA,08,20211220,20110214,RS,8589
13428736,0001,1,,08,20200413,20110325,MG,4123
08912132,0001,1,CURVES,08,20190502,20070608,PR,7535
13432053,0001,1,ACADEMIA PRO-FIT,02,20110310,20110310,RS,8791
13432528,0001,1,FT STUDIO,08,20221223,20110325,BA,3597
13434300,0001,1,,04,20180906,20110302,SP,7177
13454246,0001,1,ACADEMIA BEKO,04,20181123,20110331,PR,7749
13465194,0001,1,ACADEMIA ESPARPANO FITNG,04,20201027,20110404,MA,0921
13478216,0001,1,TNT FITNESS,04,20210423,20110401,RN,1761
13159251,0002,2,ACADEMIA FOX TRAINING,08,20140924,20110401,SP,6875
13481750,0001,1,ACADEMIA SPORT E SAUDE,04,20210309,20110325,PR,0836
13484207,0001,1,J. H. BEM ESTAR CONSULTORIA EMPRESARIAL,08,20131119,20110330,AC,0139
13484604,0001,1,GN TREINAMENTO DE RESULTADOS,08,20201204,20110408,SC,8081
05876178,0002,2,ACADEMIA MF,08,20260602,20110407,MG,4865
13488342,0001,1,MARCOS FINKBEINER FITNESS,08,20180131,20110408,SC,8175
13490825,0001,1,LOTUS ACADEMIA,02,20110401,20110401,SP,7107
13494678,0001,1,BEMSTAR ACADEMIA,02,20110411,20110411,BA,3801
13500869,0001,1,,08,20160418,20110328,SP,6511
11325336,0002,2,,02,20110411,20110411,PR,7667
13510019,0001,1,GARRA ACADEMIA,04,20210212,20110414,GO,9263
13520329,0001,1,VIDATIVA ACADEMIA,02,20110324,20110324,RJ,5907
13169866,0001,1,,08,20130123,20110126,SC,8267
13522968,0001,1,FREE STYLE STUDIO FITNESS,04,20181016,20110411,SP,7107
13526464,0001,1,,08,20141209,20110407,SP,6251
13533174,0001,1,BIO FIRST,04,20181016,20110328,SP,7107
13533189,0001,1,,08,20251024,20110414,SC,8199
13534164,0001,1,,08,20161110,20110331,SP,6635
10724074,0001,1,ACADEMIA CENTRAL FITNESS,08,20211104,20090327,SC,8367
13536078,0001,1,KYODAI ACADEMIA,02,20110324,20110324,SP,7107
13550093,0001,1,ACADEMIA VISUAL,02,20110419,20110419,PE,2477
13557902,0001,1,,02,20110415,20110415,SP,7107
13569613,0001,1,ACADEMIA FORCA DINAMICA,04,20190116,20110428,PE,2631
13596081,0001,1,VIP PILATES,04,20180828,20110504,DF,9701
13596484,0001,1,,02,20210518,20110505,SC,8081
13603689,0001,1,ACADEMIA OMEGA,08,20220520,20110429,SP,7077
13605518,0001,1,,08,20171228,20110419,SP,7107
11207597,0002,2,,08,20170419,20110504,MA,0921
13612541,0001,1,PRO-PHISICAL ACADEMIA,08,20161222,20110415,RJ,5843
13613228,0001,1,ATLETHIC ACADEMIA,08,20170516,20110503,ES,5679
13620871,0001,1,ORTOFISICO,08,20200504,20110509,CE,1389
13628178,0001,1,ACADEMIA FITLAB,04,20210309,20110506,PR,7563
13636979,0001,1,ACADEMIA PITBULL,04,20210401,20110512,MA,0755
13648792,0001,1,BODY FIT STUDIO PILATES,08,20120723,20110503,SP,6251
13659524,0001,1,,04,20260512,20110511,RJ,5897
13668243,0001,1,POSTURE STUDIO PILATES,08,20190826,20110506,SP,7107
13675200,0001,1,ESPACO FIT,02,20110520,20110520,PR,7427
13677419,0001,1,ACADEMIA CORPORE,02,20110520,20110520,SC,8219
13681508,0001,1,,02,20110427,20110427,RS,8869
13704833,0001,1,,08,20131023,20110526,MG,4733
20498011,0001,1,,02,20140625,20140625,SP,6969
13720139,0001,1,,04,20181011,20110527,RJ,6001
13724428,0001,1,ACADEMIA I9,08,20120319,20110530,MG,4069
13735441,0001,1,,08,20161216,20110601,BA,3849
13735887,0001,1,,08,20231213,20110517,SP,6411
13736969,0001,1,ACADEMIA EQUILIBRIO,02,20110531,20110531,SC,8179
13742824,0001,1,,08,20170210,20110602,MG,4123
13744128,0001,1,,08,20180201,20110602,SP,6209
20381306,0001,1,WORLD TRAINING,04,20220607,20140604,PR,7535
13748340,0001,1,ACADEMIA OPCAO,04,20210413,20110602,SP,6921
13637917,0001,1,RMI CENTRO DE ATIVIDADE FISICA SAUDE E BEM ESTAR,08,20141222,20110404,BA,3849
13763213,0001,1,ACE FITNESS STUDIO,08,20130805,20110601,PE,2531
13766115,0001,1,ACADEMIA POINT FITNESS,04,20260515,20110204,BA,3331
20382249,0001,1,ACADEMIA COLISEU ART-FITNESS,04,20201027,20140602,RN,1761
13774196,0001,1,BODY LIFE,04,20181121,20110607,BA,3413
