cnpj_basico,cnpj_ordem,matriz_filial,nome_fantasia,situacao,data_situacao,data_inicio,uf,municipio_codigo
41150958,0001,1,H BOX 45,02,20210309,20210309,RN,1849
26512790,0001,1,SERGINHO RICK FITNESS LTDA,04,20210310,20161109,SP,6291
41162240,0001,1,CROSSTURBOH CAPITAO,02,20210310,20210310,SP,7075
27665375,0001,1,MK 52 ACADEMIA,04,20210311,20170504,RJ,6001
27969400,0001,1,RODOLPHO AUGUSTO,02,20250515,20170614,RJ,6001
41176917,0001,1,VICTOR UMUOKPOKE ATIVIDADES ESPORTIVAS.,02,20210311,20210311,SP,7107
40851509,0002,2,ACADEMIA TOTAL FITNESS,02,20210311,20210311,MG,5177
41183035,0001,1,EVOLUTION TRAINING,02,20210311,20210311,GO,9403
41189554,0001,1,MAIS SAUDE BOX,02,20210312,20210312,PI,1199
41199208,0001,1,ATIVE,02,20210312,20210312,SC,8143
41215337,0001,1,FHORMAFITNESS,02,20210315,20210315,PE,2617
41220192,0001,1,EQUIPE DIFERENCIAL,08,20220620,20210315,RJ,5865
41229509,0001,1,ACADEMIA ASSEF FITNESS,02,20210316,20210316,AM,0255
41234189,0001,1,ACADEMIA START FIT,02,20210316,20210316,PE,2535
41235026,0001,1,STUDIO ROFTNESS,02,20210316,20210316,SP,6875
41235446,0001,1,STUDIO PERSONAL PRIME,02,20210316,20210316,SC,8339
41241362,0001,1,ACADEMIA MUNDO FIT,02,20210316,20210316,MG,4123
41250067,0001,1,,04,20240820,20210317,RN,1885
41252205,0001,1,MVS TREINAMENTOS,08,20220119,20210317,SP,7107
41254909,0001,1,FORCA E SAUDE,02,20210317,20210317,MG,5387
28068840,0001,1,PUSH UP,04,20210318,20170628,SC,5537
32798263,0002,2,,02,20210318,20210318,PR,7885
41261062,0001,1,ACTIVE LIFE,02,20210318,20210318,PR,5535
41262302,0001,1,,02,20210318,20210318,MG,5171
41267914,0001,1,,02,20240110,20210318,MG,4371
41297434,0001,1,H FIT STUDIO,02,20210322,20210322,ES,2929
41310916,0001,1,PEREIRA EXPERIENCIE ACADEMIA,04,20240822,20210322,RS,8845
27727441,0001,1,M.F. FUTSAL,04,20210323,20170514,RS,8933
36056340,0001,1,ENGENHARIA DO CORPO,02,20200120,20200120,SC,8039
41317521,0001,1,PERSONAL TRAINER STUDIO,02,20210323,20210323,SP,6511
26020367,0001,1,,02,20160824,20160824,SC,8081
41320992,0001,1,ACADEMIA IMPACTO FITNESS,08,20230725,20210323,MG,5319
41330847,0001,1,LIT FITNESS,08,20230130,20210324,PB,1981
41333143,0001,1,CROSS LIFE PILAR,08,20211130,20210324,SP,6689
20676459,0002,2,CLINICA S FISIC - FISIOTERAPIA E PILATES,08,20230731,20210324,MG,4371
41354959,0001,1,STUDIO VELOCITY,02,20210325,20210325,PR,7535
27315341,0001,1,FRANCA THAI KARATE,02,20260414,20170316,SP,6477
40965018,0001,1,STUDIO LESTE,02,20210223,20210223,SC,8081
41365796,0001,1,CT WOLF,02,20210326,20210326,SC,8045
41382833,0001,1,GYMPROVA ESTUDIO,02,20210329,20210329,RJ,5883
41397509,0001,1,ACADEMIA NOVA OPCAO FITNESS,02,20210329,20210329,BA,3849
41399289,0001,1,PREVINE FIT,02,20210330,20210330,RS,8895
41399681,0001,1,SHAPE BOUTIQUE,02,20210330,20210330,RS,8801
41402864,0001,1,SPLASH FIT,08,20210428,20210330,SP,6177
41403712,0001,1,ACADEMIA CORPO FITNESS,02,20210330,20210330,RS,1002
33426285,0001,1,CENTRO DE TREINAMENTO CAPIXABA,08,20251218,20190423,MG,4031
41432130,0001,1,MUNDIAL FITNESS,08,20240926,20210401,GO,9373
41440457,0001,1,MECA BODYBUILDING CENTER,02,20210402,20210402,RS,8581
41450345,0001,1,ACADEMIA AMF FITNESS,02,20210405,20210405,SP,7015
41455885,0001,1,FREITAS FITNESS,02,20210405,20210405,PI,1151
41456380,0001,1,BAILARINA PREPARADA,02,20210405,20210405,DF,9701
41459840,0001,1,FABIO BELO PERSONAL STUDIO,02,20210405,20210405,BA,3445
41469433,0001,1,,02,20210406,20210406,SP,6163
27603102,0002,2,CFV PARQUE DAS LARANJEIRAS,08,20250213,20210407,AM,0255
41487068,0001,1,,08,20220309,20210407,SP,6269
27072014,0001,1,STUDIO CROS FITNESS,02,20170209,20170209,BA,3873
41487859,0001,1,H M FITNESS,02,20210407,20210407,PA,0393
41489786,0001,1,VITTA + ACADEMIA,02,20210407,20210407,GO,9543
29089797,0001,1,GETING SHAPE PERSONAL TRAINING,04,20210408,20171117,RJ,5805
41498472,0001,1,,02,20210408,20210408,SP,2949
41506173,0001,1,ESPACO PILATES & FITNES,02,20210408,20210408,RS,8543
41512469,0001,1,BEACH TENNIS,02,20210409,20210409,SP,7107
40376775,0003,2,BLUEFIT EPITACIO,02,20210409,20210409,PB,2051
41516686,0001,1,48 PRO FITNESS CENTER,02,20210409,20210409,SC,8105
41517700,0001,1,CLINIMOVE TREINAMENTO E REABILITACAO,08,20220308,20210409,GO,9221
41532386,0001,1,,02,20210412,20210412,PR,7563
41541870,0001,1,PRIME FITNESS,02,20210412,20210412,PE,2521
32903517,0001,1,,02,20220707,20190227,SP,6543
40376775,0005,2,BLUEFIT CAMPINA GRANDE,02,20210413,20210413,PB,1981
41566413,0001,1,FIT ACADEMIA,08,20240520,20210414,ES,5703
41575646,0001,1,HEALTH LIFE,04,20231121,20210414,SP,7071
26847710,0001,1,STUDIO DE PILATES CARLA BOGHOSSIAN,02,20211206,20170111,SP,6969
41582017,0001,1,TEIXEIRA & TOMBA,08,20260129,20210415,MG,4911
41585272,0001,1,CORPOREO FITNESS ACADEMIA,02,20210415,20210415,PB,2149
41588626,0001,1,RZJR EMAGRECIMENTO E SAUDE,02,20210415,20210415,SP,7107
41590304,0001,1,CROSS EXPERIENCE SJ DO RIO PARDO,08,20220531,20210415,SP,7095
41601512,0001,1,VIVA MAIS,02,20210416,20210416,MG,5015
41604654,0001,1,CROSS INVICTOS,02,20210416,20210416,MT,9035
41606762,0001,1,RM FITNESS,02,20210416,20210416,SP,6213
41096054,0001,1,CENTRO DE TREINAMENTO RODRIGO SILVA,08,20220613,20210304,SC,8275
41619498,0001,1,CROSS EXPERIENCE AEROPORTO,08,20231016,20210419,RR,0301
41620991,0001,1,,02,20210419,20210419,PR,7535
41651089,0001,1,L ROCHA TREINAMENTO PERSONALIZADO E REA,02,20260601,20210420,GO,9289
27867940,0001,1,DSS SERVICOS,04,20210422,20170601,BA,3597
41662785,0001,1,MAX ELITE,08,20230731,20210422,SP,6159
41671565,0001,1,,02,20210422,20210422,SP,6969
29457097,0001,1,TOP FITNESS BREJO,02,20210714,20180117,PE,2351
28257405,0001,1,STUDIO FUSION ACADEMIA,02,20250926,20170725,RN,1779
26258614,0001,1,ESCOLINHA DE FUTEBOL BOM DE BOLA,04,20210423,20160928,PB,2051
41686399,0001,1,TEAM JESS,02,20210423,20210423,SP,7057
34515181,0001,1,ACADEMIA CLINICA DO CORPO,02,20260210,20190813,BA,3515
41370434,0001,1,TRX CROSS TRAINING,02,20210326,20210326,GO,9373
41542749,0001,1,A - FITNESS ACADEMIA,04,20231116,20210412,PA,0395
41696159,0001,1,AC LIMITADA,08,20210830,20210426,MG,5385
41696423,0001,1,GV & M STUDIO PERSONAL,02,20210426,20210426,SP,6261
28893023,0001,1,CLINICA DE ATIVIDADE FISICA BEM ESTAR,08,20210426,20171019,SP,7039
41702933,0001,1,ENGENHARIA DO CORPO,02,20210426,20210426,RN,1761
26081318,0001,1,INSPIRE PILATES VITORIA REABILITACAO,02,20160901,20160901,ES,5705
41713525,0001,1,STUDIO DE TREINAMENTO FUNCIONAL FUSION,02,20210426,20210426,BA,3829
41714432,0001,1,ALCANCY,02,20210427,20210427,SP,7107
32418773,0001,1,WORKOUT BOX,08,20210427,20190111,AM,0255
41727707,0001,1,THIAGO ELIAZAR TREINO E NUTRICAO ESPORTIVA LTDA.,02,20240213,20210427,MG,4123
41735334,0001,1,,02,20210428,20210428,SP,7183
41747758,0001,1,BABY RAIA,08,20210713,20210428,GO,9221
41766145,0001,1,CT. ZERO,04,20240826,20210430,BA,3849
41770741,0001,1,STUDIO JOANA RODRIGUES,02,20210430,20210430,SP,6477
41772635,0001,1,TOCA DO LEAO,08,20251203,20210430,SP,7097
41774496,0001,1,ALPHA PILATES,02,20210430,20210430,BA,3513
41788757,0001,1,LIANA ANDRADE FISIOTERAPIA,02,20210503,20210503,PI,1219
41791912,0001,1,MAROMBA ACADEMIA,02,20240325,20210503,MA,0961
41799454,0001,1,,08,20241212,20210503,CE,1559
41824143,0001,1,CORPORE FIT ACADEMIA,02,20210505,20210505,PI,1219
30183635,0002,2,,02,20210505,20210505,RJ,5819
41829431,0001,1,XTRACK ACADEMIA,08,20210714,20210505,SC,8161
41830063,0001,1,RAYSSA BASTOS,02,20210505,20210505,GO,9433
41834513,0001,1,,08,20251212,20210505,RS,8923
41836378,0001,1,STUDIO PILATES GISELE BAISI,02,20210505,20210505,SP,6251
41850016,0001,1,ATTITUDE ACADEMIA,08,20220310,20210506,PE,2403
41850133,0001,1,PRADO MULTIATIVIDADES,02,20210506,20210506,RS,5771
41851549,0001,1,PLENA FORMA ACADEMIA,02,20210506,20210506,MG,4865
41852637,0001,1,ADRIANA SCHEID TREINAMENTO FISICO,02,20210506,20210506,RS,8541
41853005,0001,1,GALILEU CROSS,04,20260522,20210506,RJ,5853
41853757,0001,1,PERFORMANCE ACADEMIA TREINAMENTO FUNCIONAL,02,20210506,20210506,RJ,5885
41860294,0001,1,ORIGENS CENTRO DE TREINAMENTO,02,20210507,20210507,PB,2043
31700609,0001,1,BOTANICO FITNESS,02,20181005,20181005,PR,7535
34916447,0001,1,STUDIO WORKOUT,08,20210617,20190918,DF,9701
40380886,0001,1,,02,20210113,20210113,PR,7535
41876188,0001,1,MERUFITNESS ACADEMIA,08,20240220,20210510,CE,1465
41880421,0001,1,STUDIO BUILDBOX,02,20210510,20210510,GO,9373
35091889,0001,1,,02,20230309,20191006,PA,0447
41882777,0001,1,ACADEMIA DAMASCULO,02,20210510,20210510,GO,9473
41884217,0001,1,HERO FIT,02,20210510,20210510,RJ,6005
41884934,0001,1,WN FIT STUDIO DE PERSONAL,02,20210510,20210510,GO,9625
41888180,0001,1,CROSS EXPERIENCE SANTA CRUZ,08,20250925,20210510,MG,4733
29245894,0001,1,MAIRA CAETANO STUDIO PILATES,02,20171211,20171211,PA,0427
41901203,0001,1,ACADEMIA ACQUA BLUE,08,20230718,20210511,SP,7145
41912608,0001,1,,02,20210512,20210512,MG,4733
41915645,0001,1,ESPACO PODEROSA STUDIO DE MUSCULACAO,02,20210512,20210512,RO,0029
41920425,0001,1,STUDIO MOVEMENT PERSONAL,02,20210512,20210512,MG,5403
41927869,0001,1,SMART FUNCIONAL TREINER,04,20260518,20210513,CE,1411
41932215,0001,1,,02,20210513,20210513,RS,8671
41936259,0001,1,NORTE FIT ACADEMIA,08,20260302,20210513,MG,4865
41940851,0001,1,CENTRO DE TREINAMENTO RED LION,02,20210513,20210513,MS,9073
41941018,0001,1,,02,20210513,20210513,PR,7731
41951056,0001,1,BELA FITNESS,04,20231114,20210514,MG,4755
41955354,0001,1,W A ACADEMIA,02,20210514,20210514,PR,7547
41957355,0001,1,CFX3,04,20240814,20210514,SP,7107
33728010,0001,1,STUDIO AMANDA MORETI,08,20210913,20190524,MT,8993
33954046,0001,1,TOP FITNESS,02,20190617,20190617,BA,3393
34064612,0001,1,CENTRO DE TREINAMENTO JE FITNESS,02,20190628,20190628,PA,0395
34267394,0001,1,VULCANO CROSS TRAINING,02,20190719,20190719,PR,7425
27671925,0001,1,ACADEMIA DAMAS FITNESS,04,20210219,20170508,PA,0555
34338072,0001,1,ACADEMIA GERACAO FITNESS,02,20190726,20190726,CE,1307
34413524,0001,1,,02,20190802,20190802,SP,7107
34525745,0001,1,ALLIANCE ALTO DE PINHEIRO,08,20210225,20190813,SP,7107
34643151,0001,1,SUPER FORMA ACADEMIA,02,20190823,20190823,SP,6311
34688139,0001,1,RW ACADEMIA,02,20190828,20190828,PE,2491
34566594,0001,1,EQUILIBRE-SE PILATES & FISIOTERAPIA,04,20260520,20190816,BA,3849
27745757,0001,1,ANDREIA GASGON,08,20211118,20170516,SP,7071
34863637,0001,1,ACADEMIA DE MUSCULACAO FENIX,02,20190913,20190913,BA,3515
34971755,0001,1,ACADEMIA ENERGY FIT,04,20231030,20190924,PA,0415
35169714,0001,1,W & S PERSONAL,08,20200904,20191014,RS,8599
28760250,0001,1,PROFESSOR HALYFER,08,20191015,20170929,RS,8557
27286039,0001,1,ESPACO FEMINALLIS,08,20191015,20170313,PR,7535
35219627,0001,1,ACADEMIA CROSSFITNESS,08,20220118,20191017,RN,1759
35220416,0001,1,IMPERIO FITNESS,08,20240321,20191017,PE,2325
35237451,0001,1,STUDIO DE PILATES BRENA RAMOS,02,20191018,20191018,BA,3849
35239399,0001,1,ACADEMIA YOU UP FIT,04,20220609,20191018,SP,7107
38711011,0001,1,STUDIO MAIS PILATES,02,20200923,20200923,PR,7431
35183365,0001,1,MR BODYBUILDING ACADEMY,08,20210920,20191014,BA,3975
27893002,0001,1,TAAI EDUARDA PERSONAL TRAINER,08,20170831,20170605,PR,7947
35633269,0001,1,,02,20191127,20191127,PR,7477
35688767,0001,1,,02,20220613,20191203,PB,2039
35942041,0001,1,,02,20200109,20200109,MG,4283
35998556,0001,1,,02,20200114,20200114,BA,3515
36101428,0001,1,STUDIO LINEA'R ACADEMIA PERSONALIZADA E FUNCIONAL,02,20200122,20200122,DF,9701
36173374,0001,1,PACE CLUBE,02,20220217,20200129,RJ,6001
36183582,0001,1,AQUANEW HIDROGINASTICA E NATACAO,02,20200129,20200129,SC,8137
36431747,0001,1,BOX GT,02,20200219,20200219,PB,2027
36640437,0001,1,CROSS EXPERIENCE TRES RIOS,02,20200311,20200311,RJ,5919
28120241,0001,1,ACADEMIA MAIS SAUDE,08,20250704,20170706,DF,9701
28120727,0001,1,STUDIO E + FITNESS,02,20170706,20170706,MG,4891
36846788,0001,1,ESPACO FUNCIONAL SANDRA FERREIRA,02,20200327,20200327,MA,0773
28154057,0001,1,ISIS BARBOSA PERSONAL TRAINER,08,20170911,20170711,SP,6291
28165957,0001,1,JONATHAN MERLO PERSONAL,08,20180608,20170712,SC,8081
28245315,0001,1,MARCELL SOUZA CONSULTORIA EM FITNESS,02,20210617,20170723,SP,7107
28293639,0001,1,,04,20220208,20170729,RJ,6001
37308979,0001,1,BOX FIT,02,20200603,20200603,PR,7673
25967135,0001,1,PILATES BODY ART,08,20180529,20160817,RS,8771
37448439,0001,1,CENTRO DE TREINAMENTO NOMAD,02,20200617,20200617,BA,3413
26256608,0001,1,C SPORTS,08,20180109,20160928,SP,7273
39454973,0001,1,LIFE STYLE ACADEMIA,02,20201016,20201016,ES,5725
26594249,0001,1,GLORIA ESTUDIO PILATES,04,20210407,20161123,BA,3849
26718748,0001,1,TATIPERSONAL,08,20170421,20161215,ES,5697
26745328,0001,1,ACADEMIA M M FITNESS,08,20250821,20161220,PA,0563
30699447,0001,1,W. R SALA TERAPEUTICA E PERSONAL TRAINEE,02,20180614,20180614,DF,9701
38008037,0001,1,ARENA CONSULTORIA FITNESS LTDA,02,20200807,20200807,RJ,6001
28707002,0001,1,,08,20171228,20170922,SP,6229
39561976,0001,1,CROSS EXPERIENCE CACHOEIRA PTA,04,20240904,20201026,SP,6273
26824467,0001,1,,04,20210406,20170109,SP,7047
38040145,0001,1,ACADEMIA ARENA,02,20200811,20200811,TO,9463
26859497,0001,1,,02,20170113,20170113,SP,6529
33388346,0001,1,SANBEL EMPREENDIMENTOS,02,20190417,20190417,AP,0605
38086582,0001,1,ACADEMIA ANDRE FITNESS,04,20220607,20200813,PA,0427
26941693,0001,1,,08,20211214,20170124,MG,4123
28786399,0001,1,,08,20180104,20171004,SC,8357
27024624,0001,1,PERSONAL ABREU,08,20170208,20170203,SP,7209
39640553,0001,1,CORUJA TOP TEAM,02,20201102,20201102,PA,0411
16738149,0026,2,,02,20171018,20171018,SP,7107
29058607,0001,1,,04,20190530,20171110,RJ,5897
29237603,0001,1,,04,20210330,20171208,MG,4443
29328056,0001,1,MY BOX SAO JOAO,08,20200515,20171227,SP,6155
40154793,0001,1,ACADAMIA ALONGA VIDA,02,20220318,20201218,BA,3909
40155107,0001,1,WOD PERFORMANCE,04,20231113,20201218,SP,6875
29543149,0001,1,CORPO EM FORMA FITNESS,08,20230330,20180126,DF,9701
29682797,0001,1,DIAS FIT,02,20180215,20180215,MS,9051
26719594,0002,2,JESUS MELO ACADEMIA,08,20250822,20210119,PI,1165
29787935,0001,1,,02,20180227,20180227,SP,6327
29920309,0001,1,CT STUDIO BIKE,04,20240816,20180313,RS,8801
40822119,0001,1,HIGH PERFORMANCE,02,20210211,20210211,PR,7481
30192742,0001,1,HORUS ESPACO FITNESS,08,20231017,20180413,MG,4155
40918877,0001,1,MOVE COMPANY,02,20210219,20210219,RS,8915
41190746,0001,1,CT ALTA INTENSIDADE,02,20210312,20210312,MS,9043
24921465,0028,2,,02,20180717,20180717,SP,7107
30998743,0001,1,,08,20211103,20180723,SP,7107
31106374,0001,1,DANI OLIVEIRA PILATES,02,20180803,20180803,SP,7107
31306059,0001,1,WEST CENTER ACADEMIA,02,20260608,20180822,GO,9227
31394643,0001,1,RENATA MOREIRA - STUDIO DE PILATES,02,20180831,20180831,SP,7107
31539995,0001,1,XTREME GYM,08,20210624,20180918,ES,5663
31744102,0001,1,ACADEMIA DEL SOL LTDA,02,20181011,20181011,CE,1389
08274378,0002,2,ACTION BEACH SPORTS,02,20260612,20181026,RS,8685
07594978,0252,2,SMARTFIT,02,20190115,20190115,RJ,6001
22902694,0053,2,,02,20190130,20190130,SP,6619
32619682,0001,1,PATRICIA VIEIRA CLINICA DE FISIOTERAPIA E PILATES,02,20190131,20190131,PR,7565
32656408,0001,1,CROSSFIT PIUMA,02,20190204,20190204,ES,5683
41963724,0001,1,,02,20210517,20210517,RS,8681
41973890,0001,1,STUDIO EVOLUTION FUNCIONAL,02,20210517,20210517,SP,7107
41980598,0001,1,PERFORMA 809,02,20241126,20210518,AP,0605
41985643,0001,1,CENTRO DE TREINAMENTO CS,02,20210518,20210518,CE,1265
20373970,0002,2,,02,20210519,20210519,PR,7483
42001055,0001,1,QUALIVI FITNESS,02,20210519,20210519,PA,0535
42002258,0001,1,ALPHA ACADEMIA,08,20250407,20210519,TO,9311
42003248,0001,1,PLENITUDE PILATES E FISIOTERAPIA,08,20220420,20210519,SC,8047
42007038,0001,1,PERSONAL STUDIO ELITE FIT,02,20210519,20210519,RS,8853
42011612,0001,1,,08,20221025,20210519,SP,7075
28123935,0001,1,,08,20210525,20170706,MG,4123
42027288,0001,1,REVOO TAILORED STUDIO,02,20210520,20210520,SC,8179
42028018,0001,1,,02,20210520,20210520,MG,4123
42029903,0001,1,CENTRO DE TREINAMENTO RAFAEL LIMA,02,20210520,20210520,SP,6565
42029936,0001,1,XPLODY ACADEMIA,02,20210520,20210520,MG,5031
42034963,0001,1,ACADEMIA CHAMPIONS FITNESS GR,02,20210521,20210521,AM,0255
42035301,0001,1,,02,20210521,20210521,MG,4553
42037407,0001,1,SEBASTIAO FITNESS,08,20250602,20210521,MG,5155
42037872,0001,1,BOX PERIMETRAL,08,20230911,20210521,SP,7057
42043731,0001,1,MANI FIT,02,20210521,20210521,PE,2457
29164883,0003,2,ACADEMIA SAGA,08,20221103,20210521,MT,9109
42055403,0001,1,JESSICA GARCIA PERSONAL TRAINER,08,20230419,20210524,GO,9395
42055453,0001,1,,02,20210524,20210524,SP,6875
42072297,0001,1,DANKE CENTRO DE TREINAMENTO,02,20210525,20210525,SP,7107
42082102,0001,1,,02,20210525,20210525,SP,7107
42082614,0001,1,YOU FIT ELETROESTIMULACAO,02,20210525,20210525,RS,8847
36187174,0001,1,C F PINHEIRO,04,20260521,20200130,MA,0869
42089657,0001,1,ACADEMIA NEW LIFE PERFORMANCE,02,20210526,20210526,CE,1585
42102586,0001,1,SABRINASIQ,02,20240826,20210526,MT,9151
42109167,0001,1,QUILOGRAMA FIT,02,20210527,20210527,SP,6553
42110349,0001,1,LADY AQUAFIT ACADEMIA,08,20250325,20210527,SP,6715
42114029,0001,1,TRANSFORMERS ACADEMIA,04,20260521,20210527,MA,0961
28373752,0001,1,ACADEMIA LAMI,08,20210528,20170808,RS,8801
42125791,0001,1,VITALITY CLIN,02,20210528,20210528,PR,7535
42128638,0001,1,ESPACO SENA FITNESS,08,20240521,20210528,RO,0003
42130512,0001,1,ESTUDIO DE PILATES BRUNA DINIZ,04,20260521,20210528,MA,0849
42152607,0001,1,C. B. STUDIO DE PERSONAL,02,20210531,20210531,PR,7505
42153671,0001,1,,02,20210531,20210531,RJ,6001
28274715,0001,1,,08,20200705,20170727,MG,4123
32983139,0001,1,,02,20190311,20190311,RS,8959
42158942,0001,1,,02,20210601,20210601,RS,8729
42159237,0001,1,,02,20210601,20210601,SP,6639
40898528,0001,1,CT MARCAO ACADEMIA,02,20210218,20210218,GO,9571
30197937,0001,1,ELEVE,02,20180413,20180413,AL,2785
42166191,0001,1,CENTRO DE TREINAMENTO JARDEL DAVID,02,20210601,20210601,GO,9369
42166717,0001,1,JB FITNESS ACADEMIA,02,20250127,20210601,PE,2483
42167838,0001,1,EVIDENCE SUL,02,20210601,20210601,PB,2051
42179347,0001,1,SANDRA KUIPERS,02,20210602,20210602,SC,8039
42179897,0001,1,VCB PERSONAL TRAINER,02,20210602,20210602,MG,4123
42181774,0001,1,ACADEMIA THE GEMEAS,02,20210602,20210602,ES,5615
42070902,0001,1,ACADEMIA INTENSE,08,20210709,20210525,RS,8749
42217163,0001,1,,02,20210607,20210607,SP,7077
42217551,0001,1,D FIT CENTRO DE REABILITACAO FISICA E TREINAMENTO,02,20210607,20210607,MG,4231
31883891,0001,1,CROSS LIFE PINDA,08,20240521,20181029,SP,6861
42223712,0001,1,SIMETRIA STUDIO DE PILATES,08,20251218,20210607,MA,0803
42227839,0001,1,GISLAYNE CARVALHO PERFORMANCE,02,20210607,20210607,MG,5403
42234206,0001,1,PILATES HEALTH & MIND,02,20210608,20210608,MG,4123
42234593,0001,1,ENGENHARIA DO CORPO,04,20231103,20210608,AL,2785
42246234,0001,1,CAAS ASSESSORIA FITNESS,02,20210608,20210608,BA,3965
42253026,0001,1,CORPO ATIVO,02,20210609,20210609,PI,2279
42254488,0001,1,VIVAZ FITNESS CENTER,02,20210609,20210609,PR,7683
34667284,0001,1,ACADEMIA BODYBULDING POWER,02,20190827,20190827,PE,2521
42264377,0001,1,,02,20210609,20210609,SP,7107
42267947,0001,1,ESPACO FITNESS TALITA MENDES,02,20210609,20210609,PR,7791
42271507,0001,1,ACADEMIA RELLY,02,20210610,20210610,RS,8653
42272173,0001,1,,02,20210610,20210610,PR,7535
42281379,0001,1,CINTIA CAGNIN,02,20210610,20210610,SP,2953
42284592,0001,1,SAMIRA STUDIO PILATES E FISIOTERAPIA,02,20210610,20210610,MA,0957
42288279,0001,1,ACADEMIA MILLENNIUM FITNESS,08,20250214,20210611,SP,7107
42289002,0001,1,ESSENCIAL TRAINING,02,20210611,20210611,ES,0760
42293801,0001,1,STUDIO BARBARA SOUSA,02,20210611,20210611,SP,7107
27103501,0001,1,VIDA ATIVA PILATES,02,20210920,20170214,MG,4149
42296938,0001,1,ESTUDIO SR PILATES,02,20210611,20210611,SC,8367
42298012,0001,1,IMPERIO FITNESS,08,20220919,20210611,RS,7355
42298231,0001,1,EJS CEGUIM FITNESS,08,20231213,20210611,MG,4959
42301146,0001,1,CROWN VALPARAISO,02,20210612,20210612,GO,1066
42309347,0001,1,ALLP FIT ACADEMIA,02,20210614,20210614,SP,7107
42312990,0001,1,AESTHETIC GYM,08,20231123,20210614,MG,4941
41889581,0001,1,FERNANDO GALVAO PERSONAL TRAINER,08,20210614,20210510,GO,9221
42347071,0001,1,,08,20230223,20210616,SP,6313
42350564,0001,1,ASHVATTA SAUDE INTEGRATIVA,08,20241222,20210616,SC,8161
42351714,0001,1,STUDIO PILATES ANA FLAVIA,04,20240823,20210616,MG,5403
42363205,0001,1,IRON CROSS TRAINING,02,20210617,20210617,SP,7135
42373707,0001,1,,02,20210617,20210617,SC,8327
42374500,0001,1,,02,20210617,20210617,SP,7099
42385919,0001,1,ACS TRAINER,02,20210618,20210618,GO,9423
42387776,0001,1,ACADEMIA FIVE FITNESS,02,20210618,20210618,MA,0921
42415452,0001,1,SUPREME COURT ACADEMIA,02,20210621,20210621,AC,0153
24389834,0005,2,ARA KM 18,08,20240402,20210621,SP,6789
42421773,0001,1,FETTKD,04,20260605,20210609,TO,9519
42441358,0001,1,ACADEMIA POWER FITNESS,02,20210623,20210623,ES,5623
42447365,0001,1,CM ACADEMIA & COMERCIO,04,20240819,20210623,PA,0441
30757763,0001,1,CF VIKINGS-ACADEMIA,04,20260605,20180621,RS,8801
42457088,0001,1,PERSONA FIT STUDIO,02,20210624,20210624,PR,7513
42457641,0001,1,PERSONALIZE SAUDE E TREINAMENTO,02,20210624,20210624,MG,4123
42464265,0001,1,THAYS MORAIS STUDIO DE PILATES,02,20210624,20210624,GO,9625
36540622,0001,1,THE FIT SIDE,08,20230626,20200303,RS,8801
42472474,0001,1,ACADEMIA ANGELUS FITNESS,02,20210625,20210625,MG,4691
36497283,0001,1,,02,20200228,20200228,PR,7471
42493481,0001,1,FISIO MOVE,08,20230825,20210628,SP,7079
39556859,0001,1,,08,20231123,20201026,SP,7107
42502635,0001,1,MY BOX URUGUAIANA,02,20210628,20210628,RS,8951
42503717,0001,1,2 JZ FITNESS,02,20210628,20210628,RN,1681
42507658,0001,1,,02,20250425,20210629,MG,4381
42509467,0001,1,ACADEMIA ALPHA FIT,02,20210629,20210629,BA,3807
34350737,0001,1,GALPAO,02,20190729,20190729,CE,1373
42520291,0001,1,ACADEMIA VEM SER,02,20210629,20210629,MG,4359
42520303,0001,1,SER SAUDE,02,20210629,20210629,SP,7107
42522829,0001,1,REAL SOROCABA ASSESSORIA ESPORTIVA,02,20210629,20210629,SP,7145
42529341,0001,1,JEFF A. TRAINING IN COMPANY E PERSONAL,02,20210630,20210630,PR,7535
42539511,0001,1,NU-FIT ACADEMIA,02,20210630,20210630,SP,6873
26741631,0001,1,ESTILO DE VIDA,02,20161220,20161220,SP,6213
42542366,0001,1,KAREN SECOLINI,08,20241219,20210701,SP,7107
42554116,0001,1,CENTRO DE TREINAMENTO LENO CAIRES,02,20210701,20210701,BA,3355
42554641,0001,1,STUDIO L30,02,20210701,20210701,SP,7107
42555277,0001,1,PREMIUM CORPUS.,02,20210701,20210701,PR,7535
34865645,0001,1,CENTRO INTEGRADO ANDREIA CHIAVINI MOVIMENTO E BEM ESTAR,02,20190913,20190913,SC,8175
36126810,0001,1,CROSS EXPERIENCE JAGUARE,04,20260515,20200124,ES,5713
35364449,0001,1,PURE PILATES,02,20191031,20191031,SP,6155
42563649,0001,1,,02,20210702,20210702,SP,6713
42563762,0001,1,AVIER PILATES E FISIOTERAPIA,02,20210702,20210702,SC,8179
42565209,0001,1,I9 FIT STORE,02,20210702,20210702,MG,4865
42566904,0001,1,STUDIO VOLL,02,20210702,20210702,RS,8951
42567634,0001,1,ACADEMIA PRO-SAUDE,02,20210702,20210702,RN,1629
42590870,0001,1,STUDIO MISLANE,02,20210705,20210705,BA,3965
42593620,0001,1,PILATES + SAUDE,02,20210705,20210705,ES,5703
42596997,0001,1,,02,20210706,20210706,MG,4553
38093117,0001,1,J PRO ASSESSORIA ESPORTIVA,08,20240507,20200814,RN,1761
35606697,0002,2,ROCCO - ESCOLA DE NATACAO E ACADEMIA,08,20231201,20210706,PR,7777
42601549,0001,1,BOX79,02,20210706,20210706,SE,3125
31553997,0001,1,M3 STUDIO,08,20240131,20180919,PE,2457
26119657,0001,1,DT-FIT ACADEMIA,04,20260526,20160906,PB,2139
42622665,0001,1,ESTACAO CROSS,02,20210707,20210707,RS,8879
42629432,0001,1,,02,20210707,20210707,PR,7425
36188203,0001,1,LABORAL TECH,08,20210707,20200130,PR,7443
42636123,0001,1,ACADEMIA SOUZA FITNESS,04,20260608,20210708,AM,0255
37130534,0001,1,STUDIO FIT,08,20210708,20200512,ES,5685
36456392,0001,1,CROSS EXPERIENCE BELVEDERE,02,20200221,20200221,AM,0255
42642354,0001,1,STUDIO PHYSICUS,02,20210708,20210708,PB,2091
33533260,0001,1,GO FITNESS ACADEMIA,02,20190506,20190506,MG,0666
42650764,0001,1,XTREME HEALTH,02,20210709,20210709,RJ,2921
42667376,0001,1,BOB ZIKA PERSONAL,02,20210712,20210712,SP,6969
42669004,0001,1,ACQUA LIFE - NATACAO E HIDROGINASTICA,02,20210712,20210712,GO,9561
42685668,0001,1,BLACK GYM STUDIO,08,20210915,20210713,MS,9073
42692487,0001,1,,02,20210713,20210713,PR,7535
42703725,0001,1,STAR FIT ACADEMIA,02,20210713,20210713,PA,0591
42709575,0001,1,WORKOUT CLUB BELMONTE,08,20250411,20210714,PE,2569
42711442,0001,1,ACADEMIA ESPACO FITNESS,08,20220211,20210714,TO,9521
42711947,0001,1,BABY RAIA,08,20240321,20210714,GO,9221
42713356,0001,1,STUDIO V2,02,20210714,20210714,RJ,5881
42718109,0001,1,RK FITNESS ACADEMIA,08,20230721,20210714,SP,7107
42724691,0001,1,GO PERSONAL FITNESS,02,20210715,20210715,RS,8785
42730448,0001,1,VANESSA FERNANDES,02,20260522,20210715,CE,1389
42737853,0001,1,PILATES E TERAPIAS FERRARESI,02,20210715,20210715,SP,7075
33721896,0001,1,L A FITNESS,02,20190524,20190524,MA,0761
42741872,0001,1,,02,20210716,20210716,RS,8877
42743152,0001,1,ESTUDIO COACH FERRAZ,02,20210716,20210716,MS,9107
42744663,0001,1,FITNESS STUDIO,08,20240131,20210716,SP,7121
42745241,0001,1,TREINO EXTRA MULTIDISCIPLINAR,02,20210716,20210716,RJ,6001
42755446,0001,1,ESPACO BLACK FITNESS,02,20210717,20210717,BA,3809
42756469,0001,1,FIRE COMMUNITY FITNESS,02,20210717,20210717,CE,1389
42583140,0002,2,,04,20231110,20210719,GO,9275
42766174,0001,1,ACADEMIA TIMER FITNNES,02,20210719,20210719,MG,5091
42773099,0001,1,MOVIMENTE,02,20240123,20210719,BA,3413
42773151,0001,1,EUCLIDES CROSS,08,20241016,20210719,BA,3513
42775325,0001,1,G. L. MURIOKA PILATES,02,20210719,20210719,SP,6219
42776442,0001,1,FUNCIONAL KIDS ACADEMIA INFANTIL,02,20210719,20210719,RS,7327
42782536,0001,1,ROSSI PILATES E FISIOTERAPIA,02,20210720,20210720,GO,9265
42802640,0001,1,,02,20210721,20210721,SP,7237
42808245,0001,1,LONG LIFE PILATES,02,20210721,20210721,PR,7885
42828621,0001,1,NETO BARROS CONDICIONAMENTO FISICO,08,20251110,20210722,RS,8841
42834278,0001,1,,02,20210723,20210723,MG,4125
42836693,0001,1,ELITHE ACADEMIA,02,20210723,20210723,SP,6853
42837668,0001,1,STUDIO DE MUSCULACAO,02,20210723,20210723,DF,9701
42840143,0001,1,CODEX ACADEMIA,02,20231110,20210723,MA,0921
22488114,0002,2,,02,20210723,20210723,RJ,6001
42846103,0001,1,STUDIO VOLL,02,20210723,20210723,SP,6311
26318671,0001,1,CROSS BOX,08,20210726,20161007,SP,7057
42855752,0001,1,,02,20210726,20210726,SP,6507
42856282,0001,1,POWER FITNESS LTDA,02,20210726,20210726,ES,5685
42860967,0001,1,REDFOX.FIT,02,20210726,20210726,MG,4371
42864754,0001,1,LINE 2,02,20210726,20210726,MG,4445
42869140,0001,1,CENTRO DE TREINAMENTO CROSS,02,20210726,20210726,PR,7907
42872518,0001,1,ABADE FITNESS,02,20251110,20210726,BA,3965
33233103,0001,1,CROSS TRAINING BOX 4,02,20190403,20190403,GO,9571
41187890,0001,1,CENTRO DE TREINAMENTO BATURITE,02,20210312,20210312,CE,1341
42913652,0001,1,,08,20240618,20210729,PR,7777
42914020,0001,1,INTEGRAL MENTE CONSULTORIA,08,20250207,20210729,SC,8011
42914197,0001,1,ANNABELLA ESPACO FITNESS,02,20210729,20210729,MT,9151
42914385,0001,1,,04,20231106,20210728,MG,4123
42914824,0001,1,BOX COD,02,20210729,20210729,CE,1389
42915068,0001,1,HORIANNY DE FREITAS BOA SORTE,02,20210729,20210729,GO,9373
42922461,0001,1,,08,20240911,20210729,SP,7107
42922556,0001,1,CARBON FITNESS,02,20210729,20210729,SP,6789
42934107,0001,1,BIOFITTNESS CVR,04,20231109,20210730,RN,1637
42936306,0001,1,CROWN CANAL,02,20210730,20210730,ES,5705
42938577,0001,1,CENTRO DE TREINAMENTO C.S,02,20210730,20210730,CE,1265
42954618,0001,1,,02,20210802,20210802,PR,7427
42957029,0001,1,STUDIO FIT,02,20210802,20210802,PR,7493
42965851,0001,1,GOOD SHAPE,02,20210803,20210803,RN,1761
42968725,0001,1,ENGENHARIA DO CORPO,02,20210803,20210803,TO,9241
42972706,0001,1,INOVA ITAPECERICA,02,20210803,20210803,SP,6545
42974277,0001,1,STUDIO CICERO TRAINING,02,20210803,20210803,BA,3993
43003180,0001,1,,02,20210805,20210805,MG,5049
43007502,0001,1,BIO FITNESS,02,20251009,20210805,PA,0503
43012124,0001,1,STUDIO FRANCIELE MENDES,08,20241202,20210805,MG,4005
43013054,0001,1,NAC FITNES,02,20210805,20210805,GO,0069
43036040,0001,1,MEYRE MELLO STUDIO FITNESS,08,20230104,20210809,MG,4633
43036677,0001,1,NUTRIFIT,04,20260601,20210809,BA,3967
43043653,0001,1,CROSSLIFE PRICUMA,08,20230223,20210809,RR,0301
43046035,0001,1,ACADEMIA S M FITNESS,02,20210809,20210809,SE,3237
43057837,0001,1,PBGLICERIO ACADEMIA,02,20210810,20210810,SP,6291
43059020,0001,1,ACADEMIA CENTHAURO,08,20260115,20210810,BA,3363
43068135,0001,1,PODER DA DAMA,04,20231129,20210810,SP,7107
27209166,0001,1,FORMA FITNESS,02,20170302,20170302,RO,0011
43078535,0001,1,NUTRIFIT ACADEMIA,02,20210811,20210811,CE,1591
43079035,0001,1,VALENCA FITNESS,02,20210811,20210811,SC,8179
43084913,0001,1,CORPO DE MULHER FITNESS,02,20210811,20210811,SP,6389
43093643,0001,1,LAZULLI PILATES,02,20210812,20210812,SP,7107
43112319,0001,1,AIRONMAN NATACAO & HIDROGINASTICA,02,20210813,20210813,ES,5697
43116170,0001,1,,02,20210813,20210813,SP,6949
43120143,0001,1,,02,20210813,20210813,PR,7815
42821476,0001,1,KNOCKOUT FITBOXING,02,20210722,20210722,RN,1761
42972243,0001,1,,02,20240606,20210803,SP,7107
43134165,0001,1,CORPO EM EQUILIBRIO ESTUDIO,02,20210816,20210816,RJ,5883
43138456,0001,1,SANTE CLUB,02,20210816,20210816,PE,2531
36573136,0002,2,,08,20230426,20210816,SP,6589
29025845,0001,1,,02,20171108,20171108,CE,1529
43140766,0001,1,CENTRO DE TREINAMENTO FISICO IXTEPOS,04,20231113,20210816,SC,8327
43140790,0001,1,ZENI STUDIO FITNESS,02,20210816,20210816,PI,1037
43143844,0001,1,STUDIO SILVIA NERY,02,20210816,20210816,MG,4069
43146361,0001,1,ENGENHARIA DO CORPO,08,20220428,20210816,DF,9701
43148292,0001,1,ACADEMIA VIDA & SAUDE,02,20210816,20210816,CE,1257
43148697,0001,1,ACADEMIA MOLDADOS A FERRO,02,20210816,20210816,MA,0807
43154348,0001,1,KFITNESS STUDIO SUAR SORRINDO,02,20210817,20210817,MG,4565
43158354,0001,1,ALPHA FIT CLUB,02,20210817,20210817,PR,7473
43163130,0001,1,RESULTS CONSULTORIA FITNESS,08,20250122,20210817,MG,4961
43175344,0001,1,BEBETOS ACADEMIA,02,20210818,20210818,PE,2403
39747269,0001,1,,04,20240820,20201111,RN,1761
13826429,0006,2,,02,20210819,20210819,RN,1765
43197013,0001,1,,02,20210819,20210819,SP,7107
43200329,0001,1,CROSS EXPERIENCE SANTA TECLA,02,20210819,20210819,RS,8531
43200982,0001,1,ARENA HARD,02,20210819,20210819,SP,6621
43206458,0001,1,HIDRO_VIDA ESPACO SAUDE,02,20210820,20210820,GO,0057
43210594,0001,1,STUDIO PAULO CARVALHO,02,20210820,20210820,SP,7107
43211195,0001,1,ACADEMIA ABATI PERSONAL,08,20231220,20210820,SC,8031
43213749,0001,1,,02,20210820,20210820,PR,7563
43213888,0001,1,TREINADOR DIOGO SANTOS ASSESSORIA ESPORTIVA,04,20231129,20210820,SP,7107
43227284,0001,1,ACADEMIA OXYPOWER,08,20220310,20210823,PE,2519
43227835,0001,1,GYM FOR MONSTERS SUPLEMENTOS ALIMENTARES,02,20210823,20210823,SP,7107
43229712,0001,1,SPERFORMANCE ATLETICISMO,02,20210823,20210823,SP,6681
43230514,0001,1,ERGOPREV CURSOS E CONSULTORIA,02,20210823,20210823,PA,0415
43234024,0001,1,CROSS BOX,02,20210823,20210823,SC,8105
43234231,0001,1,STUDIO W21,02,20210823,20210823,SP,6363
43240429,0001,1,EVOLUTION CROSS TRAINING,02,20210823,20210823,CE,1585
43244749,0001,1,ACADEMIA I9 FITNESS,02,20210823,20210823,MA,0889
43247731,0001,1,,08,20230603,20210824,SP,7047
43247835,0001,1,TITANIUM FITNESS,04,20260610,20210824,MG,4371
43248408,0001,1,PERSONAL CLEVERSON ZAGO,02,20210824,20210824,PR,7701
41187890,0002,2,CENTRO DE TREINAMENTO ARACOIABA,02,20210824,20210824,CE,1323
43257311,0001,1,MOVIMENTE,02,20210824,20210824,MG,5207
43258012,0001,1,FIT CONPANY,04,20231116,20210824,SP,7099
30050039,0001,1,,02,20180327,20180327,RS,8707
43266925,0001,1,CENTRO DE TREINAMENTO FISICO IMPULSE,02,20210825,20210825,MG,4101
43289121,0001,1,,02,20210826,20210826,RN,1787
43290131,0001,1,ARUANA FITNESS,02,20210826,20210826,SE,3105
43292636,0001,1,'POWER CROSSTRAINING',04,20231108,20210826,ES,5703
43296174,0001,1,,02,20210826,20210826,SP,6477
40550053,0001,1,ERNANE REZENDE TREINAMENTO ESPORTIVO,02,20210125,20210125,MG,4553
43304370,0001,1,RECOVERY CROSSTEAM II,08,20211028,20210827,TO,9733
43306816,0001,1,POWER FITNESS,02,20210827,20210827,PA,0401
43308609,0001,1,,02,20210827,20210827,RJ,6001
43311470,0001,1,L.G.K ACADEMIA,02,20210827,20210827,SP,7075
43315725,0001,1,,08,20260129,20210827,SP,6913
43316395,0001,1,CENTRO DE TREINAMENTO RYAN,02,20210827,20210827,BA,3363
43338063,0001,1,VIVER COM SAUDE,02,20210830,20210830,MG,4371
05876714,0002,2,ACADEMIA CORPO PERFEITO,02,20210831,20210831,PA,0635
43362376,0001,1,FITLIFE ACADEMIA,02,20210901,20210901,SC,8215
43362915,0001,1,LOURES ESTUDIO DE PILATES,02,20210901,20210901,GO,9505
43370157,0001,1,ALFA CROSS/DANCE,08,20250821,20210901,MG,5035
43376041,0001,1,START 30 PERSONAL GROUP,08,20220118,20210901,SP,6163
43379113,0001,1,,02,20210901,20210901,MG,5381
43385215,0001,1,,02,20210902,20210902,MG,5385
43403879,0001,1,PILATES ALOHA,02,20210903,20210903,SP,7077
43424040,0001,1,J.A ARENA LTDA,08,20260307,20210906,SC,8173
43427744,0001,1,BRASIL FITNESS ACADEMIA,08,20240301,20210906,GO,1060
43439630,0001,1,CF TRINDADE,02,20210908,20210908,RJ,6001
43445387,0001,1,ENGENHARIA DO CORPO,02,20210908,20210908,CE,1389
43459628,0001,1,METAMORFOSE HIBRIDY TRAINING,02,20210909,20210909,PR,7915
43461526,0001,1,ESPACO DO CORPO,02,20210909,20210909,RS,8877
43463251,0001,1,BODY EVOLUTION,04,20240823,20210909,MG,4865
43468171,0001,1,STUDIO BEN FITNESS,08,20240802,20210910,ES,5663
43475703,0001,1,CROSS EXPERIENCE FRANCISCO BELTRAO,08,20241111,20210910,PR,7565
43486293,0001,1,ADALETE YOGA,08,20230406,20210913,SP,6291
43499283,0001,1,,02,20210913,20210913,SP,6511
43499772,0001,1,ACADEMIA GREEN FITNESS,02,20210913,20210913,PE,2531
43505200,0001,1,DRGFIT ACADEMIA,02,20210914,20210914,MG,4841
43507238,0001,1,A.LAMBERTHINI STUDIO LTDA,02,20210914,20210914,SP,7107
37564593,0001,1,BODYBUFF STUDIO PERSONAL,08,20220307,20200630,RO,0017
43509820,0001,1,ACADEMIA MOVIMENT FIT,02,20210914,20210914,SP,7209
43207774,0002,2,GRECIA ACADEMIA,08,20251006,20210914,PE,2521
43515983,0001,1,CEAP CLASSE A,02,20210914,20210914,MG,5403
43517131,0001,1,KARINA SOUZA - PILATES E FISIOTERAPIA,02,20210914,20210914,MA,0921
43526469,0001,1,POWER PLATE ELDORADO,02,20210915,20210915,GO,9373
43529212,0001,1,FYT CLUB,02,20210915,20210915,SP,6425
43535575,0001,1,CT ANDRESSA GARRIDO,02,20210915,20210915,MG,4945
43540229,0001,1,ESPACO SAUDE E CONDICIONAMENTO,08,20260408,20210916,RS,8619
43546620,0001,1,ACADEMIA PRIME GYM,02,20210916,20210916,SP,6219
43549003,0001,1,IRON GYM TRAINING CENTER,02,20210916,20210916,SP,6411
43561171,0001,1,WODFIT CENTRO DE TREINAMENTO,08,20220819,20210917,MS,9051
43561262,0001,1,ACADEMIA ATLETICA,04,20231026,20210917,TO,9241
43561418,0001,1,CROSS EXPERIENCE BARRA DA ESTIVA,08,20240325,20210917,BA,3355
43573290,0001,1,ACADEMIA QUALITY FIT AQUA,08,20250210,20210920,SC,8047
39416440,0001,1,ACADEMIA PERFORMANCE,08,20210920,20201014,AL,2845
43584743,0001,1,AUTONOMIA,02,20210920,20210920,MG,4235
33037957,0002,2,SUN VALE PILATES E FISIOTERAPIA,02,20210920,20210920,SP,7099
43593181,0001,1,NOVA GERACAO NG 8 LTDA,08,20220113,20210921,SP,7107
43598148,0001,1,"INSPIRAR, ACUPUNTURA, FISIOTERAPIA PILATES E YOGA",02,20210921,20210921,SP,7071
29884982,0003,2,GRUPO MOVIMENTO,08,20211201,20210922,MG,4993
43617126,0001,1,SPORT MARAU,08,20250111,20210922,RS,8737
43623683,0001,1,CROSSFIT PARAISO,08,20220131,20210923,TO,9519
40460085,0001,1,INOVEFIT,08,20211026,20210119,CE,1355
43628618,0001,1,KINESIS STUDIO,08,20250614,20210923,PA,0427
43635209,0001,1,YOGA COM MILANO,02,20210923,20210923,SP,7107
07594978,0444,2,,02,20210924,20210924,PE,2531
07594978,0446,2,,02,20210924,20210924,DF,9701
07594978,0448,2,,02,20210924,20210924,RJ,6001
43643440,0001,1,ACADEMIA NETO ALMEIDA TRAINING,04,20260601,20210924,BA,3751
43647842,0001,1,COLISEU CONDICIONAMENTO FISICO,02,20210924,20210924,MG,4559
43652985,0001,1,ACADEMIA MOOVE,04,20240827,20210924,PE,2531
42955754,0001,1,VENOM FIT,02,20210802,20210802,MT,9151
43662669,0001,1,SUPERFIT ACADEMIA,02,20210927,20210927,MA,0869
31936671,0003,2,FS04 - SMART FIT CENTENARIO,02,20210928,20210928,SC,8089
43677221,0001,1,IZACK MARTINS,02,20210928,20210928,PB,2051
43681713,0001,1,,02,20210928,20210928,MG,4445
43688203,0001,1,ACADEMIA MUNDO FITNESS,04,20240821,20210928,PB,2221
43688263,0001,1,CROSSFIT TREINAMENTOS LOTUS,08,20240228,20210928,RJ,5869
43688697,0001,1,PANOBIANCO ACADEMIA,02,20210928,20210928,SP,6163
34117004,0001,1,ODA FITNESS CLUB,02,20190704,20190704,SC,8179
43694461,0001,1,ACADEMIA FISIO LIFE,08,20250513,20210929,SP,6597
43697370,0001,1,MV IMPACT LIFE - ASSESSORIA ESPORTIVA,02,20210929,20210929,SP,7071
38231902,0001,1,TROTS,02,20200826,20200826,SP,7075
43724666,0001,1,"BRUNO CUNHA - SAUDE ,ESTETICA & PERFORMANCE",02,20210930,20210930,SP,7115
43730904,0001,1,FIT PLUS ACADEMIA,04,20231114,20211001,PA,0427
43731882,0001,1,PJOTA CENTRO DE TREINAMENTO,08,20240608,20211001,RS,8815
43738333,0001,1,,08,20240402,20211001,SP,7099
43746434,0001,1,STUDIO FIT,08,20240424,20211003,PR,7535
43752652,0001,1,STUDIO ROMANA PILATES,04,20240816,20211004,SP,7107
43759723,0001,1,EVOQUE ACADEMIA,02,20211004,20211004,SP,7107
43760753,0001,1,CORPO E MENTE STUDIO FITNESS,08,20250326,20211004,PR,5515
43765179,0001,1,NOSSO BOX CENTRO DE TREINAMENTO ESPORTIVO,08,20230511,20211005,MG,4123
43767910,0001,1,SUPER CROSS BREJO SANTO,08,20240410,20211005,CE,1349
43769718,0001,1,LIONS FIT CLUB YHWH CENTRO DE TREINAMENTO,02,20211005,20211005,BA,3091
43113754,0001,1,STUDIO INSPIRE,02,20210813,20210813,GO,9625
24395830,0006,2,FORCE ONE,02,20211006,20211006,SC,8179
43796404,0001,1,MATCHFIT,02,20211006,20211006,PE,2573
43810042,0001,1,ACADEMIA LU LIBERTY,08,20250717,20211007,PA,0427
43811088,0001,1,GYM PARK DOMBAS,02,20211007,20211007,BA,3501
32709238,0001,1,ANDRE KIMURA PILATES,08,20211008,20190208,PR,7505
37466290,0001,1,RAFAEL MONTEIRO ESTUDIO DE PILATES,02,20200619,20200619,GO,1066
31936671,0004,2,FS05 - SMART FIT AGRONOMICA,02,20210928,20210928,SC,8105
39511905,0001,1,CIA DO CORPO,02,20201021,20201021,RS,8661
32391289,0001,1,BIOCORPO,02,20260522,20190109,SC,8039
43791449,0001,1,,08,20230424,20211006,PR,7563
27058307,0001,1,GO TRAINING CENTRO DE TREINAMENTO ESPORTIVO,08,20220516,20170208,SC,8105
40624291,0001,1,ACADEMIA MP FIT,02,20210129,20210129,PR,7927
39340173,0001,1,EDHY FIT ACADEMIA,02,20201007,20201007,BA,3485
37813338,0001,1,COACH PRETO,08,20250115,20200722,SP,7079
43614615,0001,1,ELITE CROSS,08,20230823,20210922,SP,7071
32965416,0001,1,,08,20250402,20190307,SP,6131
36987524,0001,1,ACADEMIA MUNDO FITNESS,08,20231207,20200423,SE,3105
29117764,0001,1,,02,20171122,20171122,SP,7071
41213108,0001,1,,02,20210315,20210315,RS,8599
40932249,0001,1,,02,20210222,20210222,RS,8771
36108822,0001,1,CENTRO ESPORTIVO RIVUS,08,20250523,20200123,ES,5625
29010693,0001,1,COMPLEXFIT,04,20220128,20171107,DF,9701
30430652,0001,1,RODRIGO DIAS CONSULTORIA DE TREINOS,02,20210930,20180511,CE,1389
31397546,0001,1,STUDIO BASSI,02,20180831,20180831,MG,4813
31844029,0001,1,CROSS LIFE SOCORRO,08,20220119,20181024,SP,7143
26736734,0001,1,CORPORE STUDIO,02,20161219,20161219,MG,5135
26540886,0001,1,CENTRO DE TREINAMENTO UNIVERSO FEMININO,02,20211210,20161116,MG,4647
28009529,0001,1,BEM ESTAR PILATES,02,20220601,20170621,GO,9221
28031700,0001,1,ESPACO FITNESS,02,20221208,20170623,TO,9519
39752631,0001,1,ACADEMIA PIT BULL,04,20220128,20201111,MA,0204
29893366,0001,1,FISIOGUERRA,02,20180308,20180308,RJ,6001
29544887,0001,1,IMPERIUS ACADEMIA,02,20180126,20180126,RO,0007
27152732,0001,1,MOVEMENT ACADEMIA,02,20170220,20170220,TO,0349
27564314,0001,1,PROF.* ELIANE MIRANDA - PERSONAL TRAINNER,04,20260601,20170419,RJ,6001
40018627,0001,1,STUDIO FITNESS,02,20220525,20201204,RJ,6001
27994385,0001,1,SMART MONKEY,04,20240828,20170620,SP,7071
34730386,0001,1,,08,20220208,20190902,MG,4671
29153899,0001,1,LK RUNNING,08,20240503,20171127,SP,6713
25987150,0001,1,,04,20220209,20160819,SP,6361
41417119,0001,1,ACADEMIA BENFIT,08,20251210,20210331,PR,7745
30699695,0001,1,,02,20180614,20180614,BA,3849
33738627,0001,1,EVOLUCAO TREINAMENTO FUNCIONAL,02,20190527,20190527,MG,4733
43399883,0001,1,PRO HORSE GYM,08,20220221,20210903,MG,4997
29351134,0001,1,KHIPER ACADEMIA,04,20260521,20180103,MG,4279
40676968,0001,1,BIO FITNESS,02,20210202,20210202,SC,8001
37319223,0001,1,FENIX CROSS,02,20200604,20200604,SP,6969
40442597,0001,1,,02,20210118,20210118,RJ,6001
36093350,0001,1,BEM ESTAR FITNESS,08,20240612,20200122,MA,0707
43311184,0001,1,STUDIO ALINHAR,02,20210827,20210827,RJ,5883
35701968,0001,1,STUDIO BODY FIT,02,20191204,20191204,MG,4123
31868692,0001,1,SPORTS CAMP ALEX MILLER,02,20181025,20181025,SP,6163
28962098,0001,1,YULLY PEDRA PERSONAL,08,20221212,20171030,BA,3515
27527293,0001,1,ESTUDIO AS2,08,20220318,20170412,AL,2879
37231782,0001,1,BOX VILA VITORIA,08,20220321,20200526,SP,6689
28745240,0001,1,CENTRO DE TREINAMENTO CFP7,02,20170927,20170927,MG,5025
33709587,0001,1,DRAXX CROSSFIT,02,20190523,20190523,MS,9165
37361191,0001,1,GYM MONSTER FITNESS,02,20200609,20200609,MS,9143
33583269,0001,1,FITNESS GYM CENTER,02,20250526,20190510,MG,4725
40238336,0001,1,CENTRO DE TREINAMENTO PRIDE,08,20220510,20210104,CE,1495
30244611,0001,1,CAROL VERISSIMO,08,20220426,20180419,PI,1057
32056633,0001,1,ACADEMIA BELMOFIT,02,20181120,20181120,SC,5745
29626268,0001,1,UP ACADEMIA,02,20180206,20180206,MG,5021
32650393,0001,1,WELL FITNESS,02,20260602,20190204,TO,9559
32168991,0001,1,,02,20181204,20181204,PR,7675
32594058,0001,1,BODY BUILDER,02,20190129,20190129,ES,5667
33663183,0001,1,STUDIO T GIRLS,02,20190519,20190519,PR,7515
28030405,0001,1,MUSCLE PLUS ACADEMIA,08,20220516,20170623,PR,7535
41666015,0001,1,C. T. QUALITY LIFE,08,20220516,20210422,PE,2631
30715573,0001,1,FFA - FORCA FALCAO DE ATLETISMO,02,20210312,20180615,CE,1389
36253238,0001,1,ACADEMIA ATIVA FITNESS,08,20220517,20200205,PE,2599
28499088,0001,1,,02,20250226,20170824,CE,1585
26627902,0001,1,,02,20161129,20161129,MG,5397
42218673,0001,1,,08,20220603,20210607,SP,6291
41865765,0001,1,GRIFO SOLUCOES,02,20210507,20210507,PR,7885
39789875,0001,1,CT CAMPEOES,04,20260515,20201115,CE,1389
29630064,0001,1,ARENA FITNESS ACADEMIA,04,20220608,20180206,PI,1219
26122782,0001,1,STUDIO SOULBOX,08,20220613,20160908,SP,7107
41645120,0001,1,RESILIENCE GYM,08,20220714,20210420,RJ,5903
42246160,0001,1,PHYSIQUELIVE PRO,08,20220621,20210608,RS,8651
42815624,0001,1,CENTRO DE TREINAMENTO GLADIADORES,02,20210721,20210721,ES,5647
28630144,0001,1,ABC PERSONAL FIGHT,08,20220628,20170913,SP,7183
39798777,0001,1,C.T. FISICO 1570,02,20201116,20201116,RJ,6001
26102741,0001,1,BR STUDIO FITNESS ACADEMIA PERSONALIZADA,02,20220611,20160905,RJ,5897
30580372,0001,1,CENTER FIT,08,20240207,20180529,RS,8831
42038272,0001,1,ANJU MACE,02,20210521,20210521,SC,8039
38026315,0001,1,ECOSPEED,02,20200809,20200809,PR,7675
40810118,0001,1,ALFADUO DESENVOLVIMENTO HUMANO,02,20210211,20210211,ES,5703
43173389,0001,1,CORPOS 7 HELENA EUZEBIO,02,20210818,20210818,SP,7107
36497944,0001,1,MATHEUS DE PINHO ATIVIDADES ESPORTIVAS,08,20250328,20200228,MG,4387
41132616,0001,1,OLYMPO BODY WORKS,02,20210308,20210308,MA,0921
28491958,0001,1,MAIS60ESPACOSAUDE,08,20220815,20170824,DF,9701
41390754,0001,1,USE TRAINING,08,20220726,20210329,MG,4123
28491433,0001,1,,08,20220801,20170824,MG,4123
29303893,0001,1,STUDIO XTREME FITNESS,08,20220803,20171220,RN,1761
29294863,0001,1,FAST FIT,02,20171219,20171219,RJ,1116
35368097,0001,1,ACADEMIA ATHLETICA,03,20250208,20191031,PA,0443
43486122,0001,1,,02,20210913,20210913,PR,7435
37070449,0001,1,BRASIL PERFORMANCE,04,20260529,20200505,GO,9373
43514626,0001,1,THADEUS PASSOS FITNESS,02,20210914,20210914,AL,2741
40352303,0001,1,TEAM CHARLIE,02,20210112,20210112,AP,0605
40545939,0001,1,CT OLIMPO PERFORMANCE,02,20210125,20210125,CE,1389
41363085,0001,1,TANKER,02,20210326,20210326,PB,1981
40668910,0001,1,INFINITE PILATES,02,20210202,20210202,MG,4675
37452942,0001,1,NA MEDIDA CERTA,02,20200618,20200618,PA,0563
43208667,0001,1,NEW OPEN CROSS,08,20221118,20210820,SP,7107
36452011,0001,1,ACADEMIA EMPOWER FITNESS,08,20220919,20200221,PA,0427
39962827,0001,1,,02,20201130,20201130,SP,6165
43023510,0001,1,UP STUDIO FITNESS,02,20210806,20210806,SP,6275
28450374,0001,1,,08,20240902,20170818,SP,7107
32648058,0001,1,IN FIT,08,20230124,20190203,CE,1389
42168974,0001,1,ALL FIT ACADEMIA DE GINASTICA E MUSCULACAO,08,20221010,20210601,RS,8801
27221232,0001,1,INTERNATIONAL ACADEMY,02,20170303,20170303,SP,6209
40340604,0001,1,LIFE FITNESS EI,02,20210111,20210111,RS,8419
30769287,0001,1,ESPACO HARMONIE PILATES,02,20180622,20180622,PR,7635
36603294,0001,1,GOBATTI GYM,02,20200309,20200309,SP,6921
35009719,0001,1,HASHTAG FIT,02,20210804,20190927,SP,6619
35537095,0001,1,,02,20191118,20191118,RN,1741
37705186,0001,1,ACADEMIA ANIMAL KING,02,20200713,20200713,RJ,5813
30801176,0001,1,,02,20201117,20180626,RJ,6001
31132689,0001,1,ANGEL ESTUDIO DE PILATES,02,20180807,20180807,SC,8055
42338101,0001,1,BOX CROSSTRAINING CT39/10,02,20210615,20210615,MA,0879
33085542,0001,1,"KASHI KENDRA -CENTRO DE ESTUDOS FILOSOFICOS,YOGA E MEDI",08,20250423,20190320,SP,7107
33163663,0001,1,ATP STUDIO,02,20190327,20190327,GO,9573
33330441,0001,1,HIPOLITO PILATES STUDIO,08,20260223,20190411,PR,7481
34502135,0001,1,FM CURADORIA EM SAUDE,02,20190812,20190812,DF,9701
28164393,0001,1,PUMP FIT,02,20170712,20170712,MG,4133
41719940,0001,1,FOCO ACADEMIA,02,20210427,20210427,SC,8175
26592012,0001,1,TONI TRAINER,02,20161123,20161123,SC,8055
33753503,0001,1,ACADEMIA MIX E TOP OFICIAL,02,20190528,20190528,CE,1389
34776251,0001,1,,02,20190905,20190905,SC,8227
28323478,0001,1,LZ WORK FIT ACADEMIA,02,20220926,20170802,SP,7097
29212712,0001,1,CROSSFIT ESPACO CERAMICA,02,20171205,20171205,SP,7077
38159684,0001,1,PRIME FIT ACADEMIA,02,20200820,20200820,MG,4641
31152420,0001,1,ACADEMIA LIFE,08,20230102,20180808,PR,7771
33657617,0001,1,RDZ SPORTS,02,20190517,20190517,MA,0921
27118027,0001,1,EAASY FITNESS,02,20170215,20170215,RS,8541
43044893,0001,1,STUDIO 1 TREINAMENTO FUNCIONAL,02,20210809,20210809,RJ,6003
39491310,0001,1,PERSONAL TRAINER RAFAELA OLIVEIRA,08,20240822,20201020,MS,9051
32984628,0001,1,ESPACO WEX,02,20190311,20190311,AM,0255
43788395,0001,1,BT FITNESS ACADEMIA,08,20230119,20211006,RN,1787
33979474,0001,1,FENIX ACADEMIA,02,20190619,20190619,MT,8985
40279112,0001,1,WELTON LYRIO CONSULTORIA EM FITNESS,02,20210106,20210106,ES,5611
31615912,0001,1,,02,20180926,20180926,ES,5637
28890964,0001,1,STIQSE,08,20230316,20171019,CE,1389
41661717,0001,1,REVOLUTION ACADEMIA,02,20210422,20210422,SP,6275
38193530,0001,1,,02,20200824,20200824,RS,8835
32229169,0001,1,SEVEN SPORTS - PREPARACAO FISICA,02,20181211,20181211,SP,6511
28096921,0001,1,S K TRAINING,02,20230216,20170703,PA,0483
33352826,0001,1,CROSS HIIT,02,20190414,20190414,SP,6545
33612421,0001,1,CENTRO DE TREINAMENTO ESTACAO FITNESS,02,20190514,20190514,RS,8705
38499663,0001,1,ENERGY BLACK,02,20200917,20200917,RS,8511
30907909,0001,1,GURIZIN TEAM,02,20180711,20180711,MT,1082
37092951,0001,1,PILATES FRED CAMPOS,02,20200508,20200508,MG,4267
36193444,0001,1,ESPACO FEMININO DE JUARA,02,20200130,20200130,MT,9819
34228362,0006,2,TECFIT BOX IPIRANGA I,02,20210121,20210121,SP,7107
28016214,0001,1,LIDER FITNESS,08,20230525,20170622,SP,6429
43639306,0001,1,ACADEMIA 360 GRAUS,02,20210923,20210923,PA,0401
41382717,0001,1,CT NAVROZ,02,20210329,20210329,PI,1219
42459531,0001,1,CROSS EXPERIENCE PARACATUZINHO,08,20241226,20210624,MG,4939
35136171,0001,1,,02,20191009,20191009,SP,7121
26844422,0001,1,,02,20170111,20170111,PE,2531
34276056,0001,1,PARANA ACADEMIA,02,20190722,20190722,RS,8771
32483993,0001,1,SQUARE,02,20190117,20190117,PE,2457
40565720,0001,1,AMANDA REINEHR ACADEMIA,02,20210126,20210126,PR,0860
28802829,0001,1,ZONTA PERSONAL TRAINER,08,20230905,20171005,SP,6669
31697439,0001,1,SLIM FIT ACADEMIA,08,20231101,20181005,PA,0427
38545689,0001,1,ESTUDIO DE PILATES CARINE BECKER,02,20200918,20200918,RS,8801
29521773,0001,1,ARENA SUNSET,02,20180124,20180124,SC,5577
42171424,0001,1,CENTRO DE TREINAMENTO CROSS MASTER,02,20210601,20210601,BA,3691
40095123,0001,1,CROSS TRAINING BRAVU'S,02,20201212,20201212,AL,2853
29919334,0001,1,STUDIO FORCA EM MOVIMENTO,02,20180313,20180313,SC,9977
43355576,0001,1,LOWE STUDIO,02,20210831,20210831,PR,7513
42616742,0001,1,,02,20210707,20210707,RJ,5851
29398737,0001,1,ATLETAS CLUB E ACADEMIA,02,20180110,20180110,ES,5623
28717724,0001,1,PILATES CM POR DRA. LARISSA MARTINS,02,20170925,20170925,RJ,2909
40306105,0001,1,JC CONDICIONAMENTO FISICO,08,20250730,20210107,SP,6589
33928057,0001,1,,02,20190614,20190614,SC,8199
37964264,0001,1,ATLETA DE PESO,02,20200804,20200804,SP,7107
42999880,0001,1,DOJO PACOTI - CENTRO DE TREINAMENTO FUNCIONAL,02,20210805,20210805,CE,1497
42936579,0001,1,TB FITNESS,02,20210730,20210730,RJ,5811
28191677,0001,1,STUDIO VIVER PILATES,08,20231003,20170715,PA,0415
35823568,0001,1,ACADEMIA WINNER,02,20191219,20191219,MG,4301
38494184,0001,1,,08,20250807,20200917,SP,6771
31071069,0001,1,,02,20180731,20180731,SP,7149
35256029,0001,1,GERACAO SUPLEMENTOS,04,20231030,20191021,GO,9373
34786751,0001,1,,02,20240425,20190906,RJ,6001
39595992,0001,1,STUDIO ADAGIO,08,20240116,20201028,SP,7071
34720889,0001,1,UNIFIT,02,20190830,20190830,MG,4559
39372809,0001,1,JMR FITNESS,08,20240916,20201008,BA,3965
35798104,0001,1,ID STUDIO FITNESS,02,20191216,20191216,ES,5705
34352982,0001,1,TS ESTUDIO,02,20190729,20190729,SP,7099
32805662,0001,1,STUDIO PERSONAL ADOLFO BORGES,08,20260127,20190218,PR,7547
33320653,0001,1,VELOCITY & RACE MARILIA,02,20190410,20190410,SP,6681
29288317,0002,2,FORMA FITNESS,02,20241009,20200811,MA,0921
43412323,0001,1,,02,20210903,20210903,RS,8801
43645471,0001,1,ARENA FITNESS,08,20241213,20210924,RJ,5921
27007796,0001,1,,02,20260608,20170201,PR,7607
36104165,0001,1,STUDIO DM - DANCE & MOVIMENT,02,20200123,20200123,PA,0551
28275293,0001,1,KMD FITNESS,02,20240510,20170727,PB,2171
42179468,0001,1,CT R2 FITNESS,02,20210602,20210602,RN,1759
33000913,0001,1,CAPITAL TREINAMENTO E ASSESSORIA FITNEESS,02,20190312,20190312,MT,9907
35719013,0001,1,AQUILES ACADEMIA,02,20191205,20191205,SP,7107
37248930,0001,1,SALTE ACADEMIA,08,20241209,20200527,RS,8801
43691888,0001,1,,04,20260601,20210928,BA,3385
35654980,0001,1,ALINE NEGRA FITNESS,02,20191129,20191129,SP,6543
34530453,0001,1,MATEUS SUPLEMENTOS E PRODUTOS NATURAIS,02,20190814,20190814,RN,1691
27339502,0001,1,YOGA EDUCACAO,02,20220405,20170320,RJ,6001
30489740,0001,1,PILATES ROBERTA CHAVES,02,20180517,20180517,AC,0139
39441215,0001,1,FLEX FLOW,02,20201015,20201015,RJ,6001
27951416,0001,1,ATIVA ACADEMIA,02,20170612,20170612,MT,0095
38229946,0001,1,,02,20200826,20200826,SP,7157
32000888,0001,1,ACADEMIA SUPERACAO,02,20210519,20181112,PE,2457
31460497,0001,1,,02,20180910,20180910,ES,5623
39254514,0001,1,CLIN PILATES,02,20200930,20200930,GO,9373
34022634,0001,1,FISIO PILATES,02,20190625,20190625,SP,6569
37365967,0001,1,SPARTA CLUB,02,20200609,20200609,GO,0055
39658963,0001,1,INVICTUS CT,02,20201103,20201103,SP,7099
42727464,0001,1,ACADEMIA NEW FITNESS,02,20210715,20210715,GO,9297
35703694,0001,1,,02,20191204,20191204,SC,8161
30096759,0001,1,ACADEMIA PUMP FIT,08,20180803,20180403,GO,9373
26902598,0001,1,HIPERATIVIDADE RUNNERS,02,20220920,20161214,DF,9701
41701064,0001,1,,08,20250516,20210426,ES,5703
30997392,0001,1,CENTRO DE TREINAMENTO DINO TEAM,02,20180723,20180723,MG,4959
28180357,0001,1,SPECIALE ACADEMIA,02,20170713,20170713,MG,5397
32140735,0001,1,FIT'INESS,08,20250623,20181129,MT,8987
32201734,0001,1,MOB CENTRO DE TREINAMENTO,02,20240229,20181207,MG,5191
41453492,0001,1,GO FIT ACADEMIA,02,20210405,20210405,PB,1919
30842857,0001,1,THE GUARDIANS CAPAO DA CANOA,02,20180703,20180703,RS,8915
36277169,0001,1,STUDIO PADRAO CARVALHO,02,20200206,20200206,GO,9373
28605740,0001,1,,02,20170910,20170910,PR,7691
40539228,0001,1,,02,20210125,20210125,SP,7145
36275806,0001,1,,02,20200206,20200206,RJ,5877
42341673,0001,1,STARK FITNESS STUDIO & BOOM ACADEMIA DE FUTEBOL,08,20251027,20210616,MG,4119
40235524,0001,1,,02,20210103,20210103,MG,5425
37721505,0001,1,ARUA SPACO FITNESS,02,20200714,20200714,PA,0535
32948062,0001,1,VEG ASSESSORIA ESPORTIVA,02,20190306,20190306,SP,6979
37218640,0001,1,HOME TRAINING,02,20200525,20200525,PE,2457
42967197,0001,1,ACADEMIA FORCA E POTENCIA,02,20210803,20210803,CE,1389
37621677,0001,1,,02,20200706,20200706,SP,7107
27407158,0001,1,NAOR MOVIMENTACAO,02,20210823,20170328,BA,3849
29813239,0001,1,SUPER TREINO ACADEMIA,02,20251029,20180301,MS,9051
26427284,0001,1,FELINNUS GYM,08,20180419,20161026,PE,2457
27618277,0001,1,ROBERTA PEDROSO FITNESS,04,20210311,20170427,RJ,6001
28097559,0001,1,T-800 ASSESSORIA ESPORTIVA,08,20180220,20170704,SP,7077
29100528,0001,1,EXTREME FIT ACADEMIA,02,20171120,20171120,PE,2599
33288311,0001,1,ACADEMIA EVOLUCAO,02,20260526,20190408,BA,3045
33666197,0001,1,ACADEMIA PHYSICAL,02,20190520,20190520,GO,9561
38440874,0001,1,,02,20200914,20200914,SP,7075
34557547,0001,1,,08,20220225,20190815,SP,6515
26003740,0001,1,FIT COMPANY,02,20160822,20160822,SP,6359
26159495,0001,1,NARJARA,08,20170420,20160913,MG,5427
26470837,0001,1,,04,20210415,20161103,SP,6603
27060765,0001,1,,08,20210311,20170208,MG,4123
27385776,0001,1,STUDIO KUSTER,02,20170324,20170324,SC,8285
27409573,0001,1,SPORT MUSCULO,08,20170410,20170329,GO,9373
27472278,0001,1,,04,20210406,20170405,SP,6787
28127368,0001,1,ACADEMIA ESTACAO FITNES,02,20170707,20170707,MG,4283
28211155,0001,1,LUCIANA FURLAN PILATES E TREINAMENTO FUNCIONAL,08,20210218,20170718,MG,4733
29033987,0001,1,TF TREINAMENTO FUNCIONAL,02,20171109,20171109,GO,9459
29231635,0001,1,,08,20230710,20171207,RJ,6001
29353861,0001,1,IRON II,02,20180103,20180103,SP,6229
27884738,0001,1,BRUNA VENTURA ANDRADE 03956710517,08,20180716,20170602,BA,3965
30008137,0001,1,,04,20260528,20180322,MG,5021
30281074,0001,1,,02,20180424,20180424,RS,8419
30638223,0001,1,FR PERFORMANCE,02,20180606,20180606,MG,4867
25012848,0002,2,,08,20231001,20180626,RJ,5819
32803154,0001,1,WAGNER ACADEMIA,04,20231109,20190218,PA,0447
32897840,0001,1,ACADEMIA ENERGIA POSITIVA,02,20190227,20190227,MG,4487
32981313,0001,1,ICONHACROSS,02,20190311,20190311,ES,5651
33372720,0001,1,ACADEMIA MAROMBA FITNESS,02,20240923,20190416,SE,3195
34912516,0001,1,,08,20220803,20190918,SP,7083
35446992,0001,1,ACADEMIA ARQUIVO X,02,20250423,20191107,BA,3463
36532324,0001,1,,08,20260425,20200303,RS,8823
37904324,0001,1,SANCA FIT,02,20200729,20200729,RJ,6001
38099083,0001,1,OPEN BOX CROSS TRAINING,02,20200814,20200814,SP,7103
38146543,0001,1,LIONS ARENA CT,02,20200819,20200819,RJ,6001
38152648,0001,1,PROFESSOR RODRIGO,08,20250724,20200819,SP,7107
41881553,0001,1,CONCEPT CLUB,04,20260522,20210510,BA,3685
42416981,0001,1,,08,20240821,20210622,SP,7075
43761163,0001,1,CASTELO CROSS,02,20211004,20211004,ES,5627
41513493,0001,1,PERSONAL MARCO FERREIRA,08,20230104,20210409,MG,5403
28435580,0001,1,ICORPUS ACADEMIA,02,20170816,20170816,MG,5005
42543127,0001,1,STUDIO GEORGIA OLIOZA,02,20210701,20210701,ES,5605
29330767,0001,1,ACADEMIA BIOFORMA,02,20171228,20171228,MG,5035
31030377,0001,1,MKG ACADEMIA,02,20180726,20180726,SC,8055
41825538,0001,1,STUDIO PILATES ORAIDES CRISTIANE SCHREINER,02,20210505,20210505,RS,8785
37367306,0001,1,ACADEMIA HANGAR,02,20200609,20200609,MG,4111
42005043,0001,1,ACS TREINAMENTO PERSONALIZADO,02,20210519,20210519,MA,0921
42074891,0001,1,AKF ACADEMIA,02,20210525,20210525,SP,7209
35488887,0001,1,ACADEMIA KHARTOS,02,20191112,20191112,AM,0207
40397941,0001,1,,02,20240307,20210114,PR,7513
32649764,0001,1,RAPHAEL ELEUTERIO PERSONAL STUDIO,02,20190204,20190204,MG,5433
33757743,0001,1,CENTRO DE REFERENCIA JANGADEIRO DE OURO,02,20190528,20190528,SP,7079
35415839,0001,1,ESTACAO MOVIMENTO,02,20191105,20191105,PR,7565
36416349,0001,1,,08,20260219,20200218,SP,2943
30009808,0001,1,BACKER CROSSFIT,08,20260310,20180322,RJ,5897
35685693,0001,1,ACADEMIA PERFORMANCE,02,20191203,20191203,ES,0760
26582784,0001,1,EQUILIBRIO & MOVIMENTO STUDIO DE PILATES,02,20161122,20161122,RJ,6001
35672635,0001,1,,02,20241228,20191202,SC,8047
27742060,0001,1,PILATES MARISA COSTA,02,20260127,20170516,GO,9373
42576036,0001,1,ATOS ACADEMIA,02,20251015,20210703,AM,0255
27317139,0001,1,DG ASSESSORIA ESPORTIVA,04,20210226,20170316,SP,7107
36987708,0001,1,WDK TREINAMENTO FUNCIONAL,02,20200423,20200423,SP,6955
27026690,0001,1,,08,20260512,20170203,AP,0605
29255952,0001,1,MAXIMA FIT ACADEMIA,02,20171212,20171212,SC,8157
30669259,0001,1,,04,20260515,20180611,CE,1589
27082282,0001,1,ACADEMIA FORMA FITNESS,04,20260515,20170210,BA,3849
27609898,0001,1,INSTITUTO MESTRE CLAUDIO,04,20260521,20170427,PA,0427
34856490,0001,1,,02,20230410,20190912,PE,2531
41063806,0001,1,DSC CROSS BOX,04,20260522,20210302,BA,3413
40001467,0001,1,,02,20201203,20201203,SP,7075
31856807,0001,1,ACADEMIA SUMMER,04,20260525,20181025,PE,2513
34745366,0001,1,ACADEMIA ROBERTO AUDI,04,20260527,20190903,BA,3533
42445633,0001,1,,02,20210623,20210623,MG,5413
41313337,0001,1,ACADEMIA BOA FORMA,04,20260608,20210323,BA,3725
33373684,0001,1,,04,20260609,20190416,MS,9051
26542038,0001,1,STUDIO ONE,02,20260613,20161116,MS,9073
43826849,0001,1,,02,20211008,20211008,PR,7719
43827539,0001,1,PREDILETA FISIOTERAPIA & PILATES,02,20211008,20211008,SP,7107
43831606,0001,1,,02,20211009,20211009,MG,4123
43840932,0001,1,,02,20211011,20211011,ES,5665
43842847,0001,1,,02,20211011,20211011,RS,8915
43848409,0001,1,ATT - ACADEMIA DE TREINAMENTO PARA TRIATLO,08,20221129,20211013,PE,2531
43851109,0001,1,IZABELLA PAES ESPACO FITNESS,02,20211013,20211013,RJ,0782
43861744,0001,1,ACADEMIA MAROMBAS GYM,02,20211013,20211013,MT,9067
43866215,0001,1,PROPULSE SETE LAGOAS,08,20250423,20211014,MG,5343
43877622,0001,1,LS TRAINING,04,20231110,20211014,GO,9249
43879643,0001,1,STUDIO FISIO PILATES JP,02,20211014,20211014,SP,7107
43880267,0001,1,DIAS FIT ACADEMIA,04,20231113,20211014,SP,6619
43880916,0001,1,BOO ACADEMIA,02,20211014,20211014,SC,8047
43883881,0001,1,SPORT PERFORMANCE,02,20211015,20211015,RJ,6001
43888138,0001,1,LEO PRO-FIT,08,20260529,20211015,MG,4801
43888664,0001,1,MECAFIT,08,20250318,20211015,RN,1759
43895813,0001,1,POWER FITNESS ACADEMIA,02,20231129,20211015,SC,0886
43898175,0001,1,,08,20250204,20211016,RS,8915
28387273,0002,2,OCA CENTRO DE TREINAMENTO,08,20231218,20211018,SE,3105
43907713,0001,1,,02,20211018,20211018,SP,7107
43920921,0001,1,SKYFIT ACADEMIA - UNIDADE SAO JOSE DO RIO PRETO,02,20211019,20211019,SP,7097
43920942,0001,1,ROX FITNESS,02,20211019,20211019,SC,8105
31936671,0009,2,FS08 - SMART FIT FLORIPA SHOPPING,02,20211019,20211019,SC,8105
43941331,0001,1,CT MELLO E MOREIRA,02,20211020,20211020,MS,9011
43945730,0001,1,CHAMPS PERFORMANCE,02,20211020,20211020,SP,6383
43947562,0001,1,,02,20211020,20211020,SP,6479
43952337,0001,1,MODELLA STUDIO PERSONAL,02,20211021,20211021,CE,1447
40651901,0002,2,BOX FIT&LIFE,04,20260515,20211021,CE,1389
39432106,0018,2,,02,20211021,20211021,SP,7107
09067627,0002,2,FOCUS ACADEMIA RIBEIRO,02,20211021,20211021,MA,0731
43973568,0001,1,PN PERSONAL STUDIO,02,20211021,20211021,BA,3965
43976069,0001,1,LORD'S ACADEMIA,02,20211022,20211022,AM,0227
43995186,0001,1,STUDIO DE MUSCULACAO E FUNCIONAL ELOISA MESQUITA,02,20211025,20211025,PI,1051
43996056,0001,1,NADAF CROSSTRAINING,02,20211025,20211025,RJ,6001
44000150,0001,1,EVOLUTION FIT CONSULTORIA,02,20211025,20211025,SP,7107
44002604,0001,1,COMPLEXO VITALITY,08,20240719,20211025,CE,1247
44003593,0001,1,,02,20211025,20211025,SP,7057
44008808,0001,1,GYMFTNESSCARU,02,20211025,20211025,SC,8331
44012640,0001,1,M MAIS FITNESS,02,20211026,20211026,SP,7107
33107674,0002,2,N1 FITNESS E SUPLEMENTOS,02,20211026,20211026,SP,7181
38924788,0002,2,MISSAO FITNESS,02,20211026,20211026,BA,3901
44023822,0001,1,ACADEMIA POWER HOUSE,02,20211026,20211026,RS,8901
44031662,0001,1,ACADEMIA VIDA FITNESS,02,20211027,20211027,PI,0304
44033151,0001,1,TRUSTER WELLNESS CLUB,08,20250902,20211027,RJ,5847
44043492,0001,1,TREINAMENTO PERSONALIZADO CORPO E MOVIMENTO,02,20211027,20211027,RJ,5801
44045556,0001,1,PROFIT,02,20211027,20211027,AL,2883
44049920,0001,1,DAVID FALCAO,02,20211028,20211028,MA,0757
44052544,0001,1,KROTON ACADEMIA,08,20240716,20211028,RS,8561
44052944,0001,1,SENSIA SAUDE EM MOVIMENTO,02,20211028,20211028,PR,7535
44062331,0001,1,LEO BORTOLATO ASSESSORIA FITNESS,02,20211028,20211028,SP,7107
44070721,0001,1,LIFE ACADEMIA,02,20211029,20211029,RN,1683
44071535,0001,1,ALTA PERFORMANCE E ACADEMIA ESTIVA,08,20251229,20211029,SP,2959
44074031,0001,1,,02,20211029,20211029,MG,4123
44074630,0001,1,E30 FITNESS,02,20211029,20211029,SP,7107
44074736,0001,1,CALISTHENICS MOVEMENT,02,20211029,20211029,MG,4133
44097452,0001,1,STUDIO FIT 248,02,20211103,20211103,PE,2419
19852108,0007,2,,08,20231114,20211103,RS,8927
44114332,0001,1,LOURENCETTI PERSONAL,02,20211104,20211104,SP,6763
44116742,0001,1,CT WODZONE,08,20240805,20211104,RN,1761
44118177,0001,1,,02,20211104,20211104,PR,7593
44143785,0001,1,RHINOGYN ACADEMIA,02,20211105,20211105,RS,8569
44151879,0001,1,CAFF CENTRO DE ATIVIDADE FISICA E FISIOTERAPIA,02,20211108,20211108,MS,9159
44151937,0001,1,ELITE FITNESS,02,20211108,20211108,BA,3379
44161063,0001,1,SC ACADEMIA DE GINASTICA & PERSONAL TRAINING,02,20211108,20211108,MG,4481
44161311,0001,1,ALVO CORPORAL ACADEMIA,02,20211108,20211108,RS,6057
44165935,0001,1,,02,20211108,20211108,PR,8461
44170438,0001,1,ACADEMIA JESSICA MENEZES,02,20211109,20211109,PE,2413
44173470,0001,1,STUDIO DE PILATES E RPG FREESOUL,02,20211109,20211109,RJ,6001
44176186,0001,1,STUDIO VOLT,02,20211109,20211109,SP,7097
44181781,0001,1,ESPACO SAUDE ACADEMIA,02,20211109,20211109,PI,1111
32964641,0002,2,,08,20231006,20211110,SP,6477
44195347,0001,1,PERSONAL RAIZ ACADEMIA,08,20211217,20211110,SE,3141
44199832,0001,1,CROSS VIKINGS FLORIPA,08,20240821,20211110,SC,8105
27078133,0002,2,EVOLUCAO DO CORPO,02,20211111,20211111,PB,2079
44214076,0001,1,ACADEMIA CENTER FITNESS,02,20211011,20211011,PR,7917
44217035,0001,1,,08,20230215,20211111,SP,7077
44219131,0001,1,ESTUDIO EKOS,04,20240813,20211111,ES,5699
44222300,0001,1,,02,20211112,20211112,MG,4387
44223883,0001,1,ACADEMIA PERSONAL FITNESS,02,20211112,20211112,MG,5023
44230440,0001,1,STUDIO GOES TREINAMENTO FUNCIONAL,02,20211112,20211112,RS,6049
44231335,0001,1,,02,20211112,20211112,RS,8541
44255427,0001,1,,02,20211116,20211116,SP,7107
44262348,0001,1,BOX ESPARTANO,04,20240816,20211117,AL,2771
44266325,0001,1,SPACE BODY ACADEMIA,02,20241029,20211117,PA,0415
44281656,0001,1,,02,20211118,20211118,SP,7107
44291707,0001,1,VIDA PLENA OFICINA DO CORPO E ACADEMIA,02,20211118,20211118,RS,5987
44297792,0001,1,,02,20211119,20211119,SP,7107
44305703,0001,1,,08,20220110,20211119,MG,4553
44306099,0001,1,CROSS EXPERIENCE JARDIM SATELITE,08,20230307,20211119,SP,7099
44308798,0001,1,,02,20211119,20211119,SP,7107
44328253,0001,1,MARCOS MUNHOZ,02,20211122,20211122,SP,7107
44333237,0001,1,ACADEMIA DE MUSCULACAO LOBO,02,20211123,20211123,MG,5081
44351244,0001,1,ELDER GUIMARAES ALVES PERSONAL TRAINER,02,20211124,20211124,DF,9701
44353972,0001,1,FOCUS ACADEMIA,02,20211124,20211124,RJ,2927
44359574,0001,1,LEFITBOX,08,20250821,20211124,AM,0255
44370261,0001,1,ACADEMIA HARD TRAINING,08,20250107,20211125,PR,7583
44373811,0001,1,,02,20211125,20211125,MG,4133
44374202,0001,1,EDINEUZA RODRIGUES ACADEMIA,08,20251024,20211125,PA,0415
44380466,0001,1,INTENSITY ACADEMIA,02,20211125,20211125,PA,0427
44384296,0001,1,ACADEMIA CROSS LIFE SAO SEPE,02,20211126,20211126,RS,8895
44385648,0001,1,FISIOFIT,02,20211126,20211126,PA,0501
44387260,0001,1,STUDIO FABRICIO MATOS PERSONAL,02,20211126,20211126,RJ,6001
44388840,0001,1,FORCE GYM,08,20240516,20211126,SP,6875
44391401,0001,1,GABRIELANERI,02,20211126,20211126,SP,6177
44392437,0001,1,CLASSIC CLINIC,02,20211126,20211126,SC,8047
44402886,0001,1,PULSAR STUDIO DE PILATES E DANCA,02,20211128,20211128,SP,7079
44405069,0001,1,ESTUDIO BEM ESTAR,02,20211129,20211129,PR,7777
44406489,0001,1,,02,20211129,20211129,SP,6875
44410253,0001,1,CRAZY EVOLUTION,08,20230515,20211129,PE,2491
44412611,0001,1,"LOTUS FISIO, PILATES E YOGA",02,20211129,20211129,SP,6563
44425570,0001,1,STUDIO MATHEUS RAMOS - MR,02,20211130,20211130,SP,6209
12194198,0002,2,,02,20260605,20211130,SP,7107
44435876,0001,1,LIFE FIT ACADEMIA,02,20251127,20211130,PA,0040
44439042,0001,1,STUDIO EQUILIBRIO PILATES,02,20211201,20211201,SP,6379
44442617,0001,1,ACADEMIA ESPORT FITNESS,02,20211201,20211201,PA,0471
44463907,0001,1,SID LEST,02,20211202,20211202,SP,7107
44464963,0001,1,STUDIO DE MOVIMENTO CONSTANTE,02,20211202,20211202,SC,8179
44470274,0001,1,LIFE SPORT,02,20211203,20211203,CE,1511
44470431,0001,1,H2O ESPACO AQUATICO,02,20211203,20211203,PB,2051
44476788,0001,1,INOVE FITNESS GYM,02,20211203,20211203,RJ,6001
44488733,0001,1,CROSS EXPERIENCE,08,20230703,20211206,PI,1219
44488812,0001,1,STUDIO FITNESS IS TIME,02,20211206,20211206,PB,1975
44489621,0001,1,BLACK SUPLEMENTOS CORPO PERFEITO,02,20211206,20211206,PI,1089
44513160,0001,1,,08,20220517,20211207,MS,9051
44516967,0001,1,ACADEMIA TENDA FITNESS,02,20211207,20211207,CE,1367
44530961,0001,1,,02,20211208,20211208,BA,3543
44542783,0001,1,ACADEMIA GYM POWER,04,20260605,20211209,DF,9701
44547760,0001,1,CROSSEXPERIENCE CURRAIS NOVOS,02,20211210,20211210,RN,1661
33988086,0002,2,MAIS FITINESS,08,20250905,20211210,PE,2431
44553226,0001,1,MAXFIT CENTRO DE TREINAMENTO,02,20211210,20211210,RS,8525
44571893,0001,1,RHINOCROSS TRAINING,02,20211213,20211213,RJ,5847
44573323,0001,1,JC&MP SPORTS,08,20220118,20211213,MG,5049
44578448,0001,1,ACADEMIA NEW GYM,02,20211214,20211214,MG,4271
44586250,0001,1,CROSS TRAINING R 3,02,20211214,20211214,MA,0723
44589541,0001,1,AGUAMEDLEY,08,20231002,20211214,MT,9067
44592423,0001,1,ESPACO FIT,04,20240812,20211215,GO,9373
44602739,0001,1,CROSS LIFE VILA SONIA,08,20221207,20211215,SP,7107
44606920,0001,1,DS FITNESS,02,20211216,20211216,SP,7171
44611109,0001,1,ADOLFO ZORZETE TRAINER,08,20230314,20211216,SP,6435
30769960,0008,2,PALMAS 01,08,20250930,20211216,TO,9733
44616419,0001,1,NA MIDIA FITNESS,02,20211216,20211216,BA,3901
44619798,0001,1,CROSSFIT ANDREA BOX,02,20211217,20211217,RR,0309
44637176,0001,1,ARENA MOOCA,08,20250512,20211220,SP,7107
44637345,0001,1,GERALDO VAZ EXCLUSIVE TRAINING,08,20221010,20211220,TO,9733
44642852,0001,1,CATIANA PERSONAL TRAINER,02,20211220,20211220,RJ,6001
44647156,0001,1,BOX VILA HELENA,08,20240803,20211221,SP,7057
44648390,0001,1,WM ACADEMIA,02,20211221,20211221,TO,9733
44648585,0001,1,ACADEMIA DO BOLEIRO BOQUEIRAO,08,20221111,20211221,PR,7535
07594978,0461,2,,02,20211221,20211221,BA,3849
44658463,0001,1,CENTRO DE TREINAMENTO TRAINER,02,20211222,20211222,MG,4283
44659707,0001,1,MBS FISICO,08,20240516,20211222,RJ,5901
44660404,0001,1,,08,20230123,20211222,SP,7079
24889298,0003,2,SPAZZIO,08,20250214,20211222,BA,3341
44666910,0001,1,LIFT FIT & WELLNESS CLUB,08,20251215,20211223,SP,6291
44667865,0001,1,CT HEART FIT,02,20211223,20211223,SP,6477
44669367,0001,1,ACADEMIA GAVIOES,02,20211223,20211223,SP,7107
44674444,0001,1,MD ACADEMIA,02,20211224,20211224,PA,0415
44678104,0001,1,CROSS 360,08,20251117,20211227,PI,1011
07594978,0462,2,,02,20211227,20211227,BA,3849
44688292,0001,1,,02,20211228,20211228,BA,3515
07594978,0463,2,,02,20211228,20211228,RJ,6001
44697299,0001,1,U.S.A FITNESS,08,20251208,20211229,BA,3685
44727921,0001,1,BRAGA SPORTS,02,20220104,20220104,SP,6189
44730206,0001,1,STUDIO DE PILATES E ACADEMIA CARMEM FURBINO,08,20251031,20220104,MG,5321
44746065,0001,1,PORTTO CENTRO DE TERAPIA,08,20220926,20220105,MT,9151
44753575,0001,1,,02,20220105,20220105,SC,8047
44761644,0001,1,ACADEMIA ROTA DO CORPO,02,20220106,20220106,MG,0588
44766688,0001,1,EBIT ACADEMIA E PERSONAL,02,20220106,20220106,RS,8517
44769540,0001,1,MAYAFLOW,02,20220106,20220106,PR,7691
18761137,0003,2,,02,20220106,20220106,SC,8081
44775574,0001,1,ACADEMIA APOLLO RIBEIRO,08,20241204,20220106,BA,3587
44781541,0001,1,STUDIO FIT TREINAMENTO FUNCIONAL,02,20220107,20220107,MG,4921
44786505,0001,1,CARLA CARVALHO PILATES E FUNCIONAL,02,20220107,20220107,SC,8143
44787925,0001,1,PILATES INTEGRAL,02,20220107,20220107,BA,3413
30009843,0002,2,,02,20220108,20220108,RS,8647
44803727,0001,1,ACADEMIA MAGNUM FIT,02,20220110,20220110,GO,9373
44814193,0001,1,CN ACADEMIA,02,20220111,20220111,GO,9227
44823259,0001,1,CAIVANO ASSESSORIA ESPORTIVA,08,20250909,20220111,SP,7107
44824491,0001,1,ACADEMIA HASHTAG SAUDE,02,20220111,20220111,PE,2513
44830485,0001,1,BODYFIT STUDIO,02,20220112,20220112,DF,9701
44835302,0001,1,START FIT ACADEMIA,02,20220112,20220112,MG,4251
44840503,0001,1,FOCUS PILATES E TREINAMENTO FUNCIONAL,02,20220112,20220112,SP,6249
44840984,0001,1,SERVUS NUTRICAO E PERSONAL TRAINING,08,20221219,20220112,DF,9701
44844110,0001,1,EROS TRAINING CENTER,02,20220112,20220112,SP,7225
44852272,0001,1,ACADEMIA R5 FITNESS,02,20220113,20220113,SE,3191
41954511,0002,2,GTF TREINAMENTO DE FUTEVOLEI,08,20240919,20220113,MS,9051
44865964,0001,1,REVITALIZE ACADEMIA,02,20220114,20220114,SC,8273
44868241,0001,1,GET UP DESENVOLVIMENTO INFANTIL,02,20220114,20220114,MG,5035
44869676,0001,1,STUDIO ISIS,02,20220114,20220114,SP,6361
44869908,0001,1,STUDIO PERSONAL TRAINER MANU MENEZES,02,20220114,20220114,SC,8001
44871692,0001,1,,02,20220114,20220114,SP,7107
44876863,0001,1,ACADEMIA OLIMPO,02,20220114,20220114,PE,2475
44894203,0001,1,OMEGA STUDIO,02,20220117,20220117,MG,5191
44922930,0001,1,MAHEC APUCARANA,02,20220119,20220119,PR,7425
44926718,0001,1,STUDIO DE PILATES,02,20220119,20220119,SP,7107
44934229,0001,1,,08,20250507,20220119,SP,6363
44939632,0001,1,JUDO PARTICULAR,02,20220120,20220120,SP,6219
40123551,0002,2,STYLEFIT,02,20220120,20220120,MG,4089
44940983,0001,1,INSTITUTO VITA SAUDE,02,20220120,20220120,SE,3105
44944951,0001,1,TRAINING CENTER TOP FIT,02,20220120,20220120,BA,3873
44947070,0001,1,PROFIT ACADEMIA,02,20220120,20220120,PR,7827
44954514,0001,1,ACADEMIA JMFITNESS,04,20240822,20220120,RN,1651
44958447,0001,1,STUDIO EQUILIBRIUM,02,20220121,20220121,ES,5697
44958925,0001,1,,02,20220121,20220121,PR,7659
44959214,0001,1,GRACIE BARRA JAMBREIRO,02,20220121,20220121,MG,4895
44970913,0001,1,,02,20220122,20220122,RS,7381
44982778,0001,1,CIAFIT ACADEMIA,02,20231005,20220124,PE,2531
44985195,0001,1,PULSE ESTUDIO PERSONALIZADO,02,20220124,20220124,PR,7489
44986119,0001,1,,02,20220124,20220124,PR,7777
44986617,0001,1,ACADEMIA SPARTA,02,20220124,20220124,SP,7145
34567554,0002,2,,02,20220124,20220124,SP,6219
44993725,0001,1,CLUB FIT REDINHA,02,20220124,20220124,RN,1761
44996166,0001,1,PAIAO ASSESSORIA ESPORTIVA,02,20220125,20220125,SP,6969
45014328,0001,1,SALLES EDUCA,02,20220126,20220126,MG,4123
45020729,0001,1,JOKER TRAINING CLUB,02,20220126,20220126,BA,3515
45029418,0001,1,IRONWORKS GYM,08,20240118,20220126,DF,9701
45045771,0001,1,BURN TRAINING,02,20220127,20220127,ES,5699
44998980,0002,2,ACADEMIA CORPO VIDA SAUDAVEL,02,20220127,20220127,MA,0819
45060884,0001,1,ESTUDIO PERSONALIZADO MAIS SAUDE,02,20220128,20220128,MG,4097
45061122,0001,1,J1 PILATES,08,20250410,20220128,SP,7107
45063461,0001,1,ACADEMIA MOVIMENTO,02,20220128,20220128,RS,8881
45075915,0001,1,ACADEMIA ATLETICA FITNESS,02,20220131,20220131,AL,2705
45078203,0001,1,STUDIO AK FIT,02,20220131,20220131,PR,5453
45082394,0001,1,ACADEMIA MOOVE FITNESS,02,20220131,20220131,PR,7777
45092192,0001,1,,02,20220131,20220131,PE,2431
07594978,0469,2,,02,20220202,20220202,PR,7513
45126050,0001,1,CROSS DANGER,02,20220202,20220202,RJ,6001
45132517,0001,1,HIMPETUS CENTRO DE SAUDE FISICA LTDA,02,20220203,20220203,SP,7077
45134531,0001,1,,02,20220203,20220203,MG,4371
45137319,0001,1,EVOLUTION FIT,02,20220203,20220203,SP,7273
45137762,0001,1,CANSI TRAINING,02,20220203,20220203,ES,5623
45138940,0001,1,ELITE FIT,02,20220203,20220203,RJ,5925
45141150,0001,1,,02,20220203,20220203,SP,6291
45143178,0001,1,GARRA CROSS 002,04,20240812,20220203,GO,9227
45147239,0001,1,IRON GYM,04,20240826,20220203,SP,6141
45149574,0001,1,ACADEMIA SPARTA,08,20260115,20220203,AL,2755
45153387,0001,1,BEM ESTAR FITNESS CARAGUA,02,20220204,20220204,SP,6311
45155533,0001,1,CENTRO DE TREINAMENTO FISICO FALCOES PERFORMANCE,02,20220204,20220204,RO,0003
45161859,0001,1,CF PENHA,08,20240507,20220204,RJ,6001
45179962,0001,1,PILATES VIDA ATIVA,02,20220207,20220207,PA,0535
45182470,0001,1,ARON PIMENTEL PERSONAL TRAINER,02,20220207,20220207,MG,5379
45183434,0001,1,,02,20220207,20220207,RS,8515
45184438,0001,1,ENERGY ACADEMIA,02,20220207,20220207,RS,8683
45192376,0001,1,,02,20220207,20220207,AL,2825
45193209,0001,1,ACADEMIA VIVA MAIS,02,20220208,20220208,SC,0898
45196996,0001,1,,02,20220208,20220208,PR,7667
43158354,0002,2,,08,20250224,20220208,PR,7473
45206082,0001,1,SHOGUN TEAM FLORIPA,08,20230505,20220208,SC,8105
45206762,0001,1,CROSS EXPERIENCE PATROCINIO,02,20220208,20220208,MG,4961
45207645,0001,1,STUDIO CAMCO,02,20220208,20220208,SP,7145
45217308,0001,1,CF ATLANTICO,02,20220209,20220209,CE,1389
45225648,0001,1,REATIVAR,02,20220209,20220209,RS,8589
45238702,0001,1,ACADEMIA ALPHA FITNESS,02,20220210,20220210,BA,3849
45242841,0001,1,STUDIO CORE FIT BY MARA TRAINER,02,20220210,20220210,PR,8467
45246037,0001,1,,02,20220210,20220210,SP,7107
45249293,0001,1,MOB PILATES,08,20220216,20220211,PR,5453
45251289,0001,1,7 FORCE SAO CARLOS CONDICIONAMENTO E PERSONAL TRAINERS,08,20230920,20220211,SP,7079
45251989,0001,1,ACADEMIA OXYGEM,02,20220211,20220211,BA,3643
45252866,0001,1,C F ZONA NOROESTE,02,20220211,20220211,SP,7071
45253189,0001,1,TRIADE CALISTENIA,02,20220211,20220211,MG,4123
45257141,0001,1,,02,20220211,20220211,SP,6467
45266353,0001,1,LEFIT,02,20220212,20220212,MG,4741
45275452,0001,1,SUPER MARIO WORLD FITNESS,02,20220214,20220214,RN,1823
28003921,0002,2,,02,20220214,20220214,RS,5969
45282889,0001,1,ACADEMIA SPORT CLUB,02,20220214,20220214,MG,4733
45284928,0001,1,,02,20220214,20220214,SC,8305
45289111,0001,1,LZ PREPARACAO FISICA,08,20250402,20220215,PR,7535
45296334,0001,1,C T SOUZA MCZ,08,20250926,20220215,AL,2785
45318576,0001,1,ESPACO BUDHYATE,02,20220216,20220216,RS,8729
43545567,0002,2,,08,20221216,20220216,MG,5249
45329633,0001,1,BLACK SKULL FIT CENTER,02,20220217,20220217,SP,6271
45329841,0001,1,MATCH GREEN ROSARINHO,02,20220217,20220217,PE,2531
45335771,0001,1,WR FIT,02,20220217,20220217,MT,9067
45337906,0001,1,ELITE CENTRO DE TREINAMENTO,02,20220217,20220217,SP,6465
28195090,0002,2,INVICTUS ACADEMIA,02,20220217,20220217,GO,9227
45343168,0001,1,,02,20220217,20220217,SP,7107
45359295,0001,1,BPM TRAINING STUDIO,02,20220218,20220218,PR,5453
45371443,0001,1,,02,20220220,20220220,RS,8801
45383823,0001,1,,08,20240129,20220221,RJ,5865
45386346,0001,1,LUCAS ALVES TREINADOR - LAT,02,20220221,20220221,SP,7107
45393560,0001,1,,02,20220222,20220222,ES,5623
45396262,0001,1,JEITO DE SER CENTRO DE DESENVOLVIMENTO INFANTOJUVENIL,04,20260610,20220222,BA,3515
45396964,0001,1,ACADEMIA RW FIT,02,20220222,20220222,SP,7107
45413544,0001,1,YAGO TRIERWEILER PERSONAL TRAINER,08,20220920,20220223,SC,8367
30769960,0014,2,CAMPO GRANDE 03,08,20250930,20220223,MS,9051
45421892,0001,1,MOVE - FISIOTERAPIA E PILATES ESPECIALIZADO,02,20220223,20220223,MG,5049
45432222,0001,1,TRON TREINAMENTO ONLINE,02,20220224,20220224,SP,6565
45434209,0001,1,NEWTRAINING,02,20220224,20220224,SP,7107
29649666,0002,2,CTO ACADEMIA,08,20240312,20220224,MS,9051
45444773,0001,1,,02,20220224,20220224,MG,5403
45452583,0001,1,VIVA PILATES,02,20220225,20220225,SP,7107
45471713,0001,1,LIVE ACADEMIA DE DANCA,02,20220228,20220228,AM,0255
45473081,0001,1,CHRONO'S FITNESS,02,20220228,20220228,PR,7823
45489532,0001,1,PERALTA ASSESSORIA ESPORTIVA,02,20220302,20220302,RS,8801
45490931,0001,1,CLT ACADEMIA E FITNESS,08,20230616,20220302,SP,7107
45498937,0001,1,IMPACT FIT ACADEMIA LTDA,02,20220303,20220303,SP,7107
45501586,0001,1,,02,20220303,20220303,SP,6771
45502065,0001,1,,08,20231107,20220303,MG,4709
45502171,0001,1,DE MARIA PILATES,02,20220303,20220303,SP,7099
45541618,0001,1,ACADEMIA ENERGIA FITNESS,02,20220307,20220307,SP,7201
45547870,0001,1,MASTER FIT,02,20220307,20220307,PA,0447
45549197,0001,1,STUDIO VELOCITY,02,20220307,20220307,MG,5401
45553101,0001,1,GOOD GYM ACADEMIA,02,20220307,20220307,CE,1247
45561562,0001,1,POWERFIT,02,20220308,20220308,GO,9511
45566637,0001,1,FOR LIFE ACADEMIA E STUDIO,04,20240812,20220308,MS,9051
45576685,0001,1,EXCLUSIVE ACADEMIA,02,20220309,20220309,RN,1777
45591835,0001,1,ESPACO FITNESS,02,20220310,20220310,MG,4465
45599702,0001,1,FITNESS4,02,20220310,20220310,SC,8091
36338915,0003,2,,02,20220310,20220310,PB,1981
45601593,0001,1,STUDIO PILATES MARISTANE CAMARGOS,02,20220310,20220310,MG,4123
45602326,0001,1,,02,20220310,20220310,SP,7107
45628790,0001,1,ESTUDIO DE TREINAMENTO ANA ELIZABETH,02,20220313,20220313,SP,7107
45640473,0001,1,STUDIO CARLOS BAMBU,08,20260430,20220314,PR,7563
45640552,0001,1,KING POWER ACADEMIA,02,20220314,20220314,SP,7181
45651039,0001,1,LUPOS CENTRO DE TREINAMENTO,02,20220315,20220315,RS,8955
45652945,0001,1,BODYBUFF STUDIO PERSONAL,02,20220315,20220315,RO,0017
45654648,0001,1,CT GKR_FITNESS,02,20220315,20220315,AM,0255
45657323,0001,1,AVILA FIT,02,20220315,20220315,PA,0535
45662777,0001,1,MS ASSESSORIA ESPORTIVA,08,20240820,20220315,SP,7107
45379691,0001,1,STUDIO LE PILATES,02,20220221,20220221,SP,7057
44917208,0001,1,MAMBA FUNCIONAL,02,20220118,20220118,MT,9925
45674939,0001,1,MB STUDIO FITNESS FEMININO,02,20220316,20220316,RS,8877
45682276,0001,1,UP CROSS TRAINING,08,20231201,20220316,MG,4123
45687341,0001,1,ALLENA URBAN CLUB,08,20240214,20220317,SP,7107
43921968,0001,1,CLAUDIA TEXEIRA PERSONAL TRAINER,02,20211019,20211019,BA,3531
45690644,0001,1,PRO BALANCE,02,20220317,20220317,SP,7107
45695015,0001,1,ACADEMIA FIT HOUSE,04,20260609,20220317,MT,9067
45698915,0001,1,STUDIO EVIDENZA PILATES,02,20220318,20220318,PR,7915
45702637,0001,1,STUDIO BRAVA,04,20240822,20220318,SP,6861
45703217,0001,1,PRETO ACADEMIA,02,20220318,20220318,AC,0139
45712018,0001,1,GEOVANIO - EDUCADOR FISICO,02,20220319,20220319,MG,4235
45720074,0001,1,SILAS HESSEL ESTUDIO DE TREINAMENTO PERSONALIZADO SH,02,20220321,20220321,SP,7181
45721611,0001,1,LIVE ACADEMIA DE DANCA,08,20250205,20220321,AM,0255
19266274,0002,2,RANI FIT,04,20260512,20220321,CE,1389
45734264,0001,1,LK STUDIO FITNESS,08,20230727,20220322,PB,2151
42855690,0002,2,UTAH CENTRO DE TREINAMENTO,02,20220323,20220323,MG,5007
45756133,0001,1,MIRANDA EMPREENDIMENTOS,02,20220323,20220323,AL,2719
45759348,0001,1,W M STUDIO,02,20220323,20220323,RJ,5849
45760616,0001,1,VS FITNESS - VIDA E SAUDE,08,20230222,20220323,TO,9441
45765584,0001,1,PEDROSA BOX DE MUSCULACAO,02,20220323,20220323,MG,5213
45774922,0001,1,STUDIO FORCE LTDA,02,20220324,20220324,CE,1265
45775578,0001,1,TOP UP FITNESS,02,20220324,20220324,CE,1389
45777055,0001,1,CROSSLIFE SANTANA,08,20221123,20220324,SP,7107
45779846,0001,1,,02,20220324,20220324,SP,7107
45779867,0001,1,,02,20220324,20220324,PR,7453
45782656,0001,1,,02,20220324,20220324,PR,7691
45784307,0001,1,,02,20220325,20220325,SP,6475
33429315,0002,2,REGALITOS,02,20220325,20220325,AM,0273
45787804,0001,1,ORL TREINAMENTO PERSONALIZADO LTDA,02,20220325,20220325,RS,8681
45789453,0001,1,IRON GYM GOLD,02,20220325,20220325,GO,9433
45792992,0001,1,WERGO CONSULTORIA EM ERGONOMIA LTDA,02,20220325,20220325,SC,8359
45796384,0001,1,STUDIO PERFORMANCE E SAUDE,02,20220326,20220326,PI,1219
45815309,0001,1,,08,20240814,20220328,RS,8861
45818840,0001,1,,02,20220329,20220329,SC,8081
45820458,0001,1,ACADEMIA CORPO EM EVOLUCAO,02,20220329,20220329,PI,1099
45825420,0001,1,STUDIO PILATES K2,02,20220329,20220329,RN,1761
45828281,0001,1,PIMENTA FIGHT CLUB,02,20220329,20220329,RJ,6001
45828581,0001,1,TOP X ACADEMIA,02,20220329,20220329,PI,1157
45831313,0001,1,ARENA DO MOVIMENTO,02,20220329,20220329,MG,4123
45832667,0001,1,ACADEMIA SUPERACAO,08,20230301,20220329,RJ,5813
44208550,0002,1,SPARTA FIT ACADEMIA,04,20260610,20220330,MG,4107
45838552,0001,1,STUDIO FALCAO,02,20220330,20220330,RJ,6001
45849761,0001,1,GYM FIGHT,02,20220330,20220330,PB,2155
45850037,0001,1,,02,20220330,20220330,MG,4751
45857283,0001,1,JR CROSS TRAINING,08,20230817,20220331,ES,5675
45860858,0001,1,WA FIT ACADEMIA,02,20220331,20220331,GO,9753
45866292,0001,1,ACADEMIA STAR FITNESS,02,20220331,20220331,AM,0255
45866501,0001,1,GYMFIT ACADEMIA,02,20220331,20220331,TO,9519
45868597,0001,1,,08,20231128,20220331,AM,0255
45873934,0001,1,MARUN,02,20220401,20220401,RJ,6001
45880013,0001,1,SPLOSION TRAINING,02,20220401,20220401,PI,1067
45880682,0001,1,NUTRICAO LIVRE TRAINING,02,20220401,20220401,SP,6681
45883984,0001,1,RSC ACTION,08,20220606,20220402,MA,0889
45897748,0001,1,SHOGUN TEAM,02,20220404,20220404,SP,6219
45921660,0001,1,,08,20241107,20220405,SP,6181
45925201,0001,1,ACADEMIA CORPUSS FISIO,04,20240823,20220406,PI,0314
45927299,0001,1,STUDIO BROOKLIN,02,20220406,20220406,SP,7107
45935035,0001,1,STUDIO ALTA PERFORMANCE,02,20220406,20220406,SP,6311
45944300,0001,1,CF 109 BOX,04,20240828,20220407,SP,6921
45948229,0001,1,ESTUDIOYAHAR,02,20220407,20220407,SP,7107
45948761,0001,1,BOX S/A,04,20260522,20220407,SP,6219
45949646,0001,1,AMISTAD PILATES & BEM-ESTAR,02,20220407,20220407,PR,7535
45950180,0001,1,TRIN FIT,02,20250106,20220407,SP,6835
45957340,0001,1,+ FIT ACADEMIA DE GINASTICA,02,20220407,20220407,PB,2065
45963955,0001,1,GOFIT,03,20260310,20220408,GO,9445
45964761,0001,1,,08,20240712,20220408,PR,7771
45969096,0001,1,C7 FIT,04,20240816,20220408,GO,1066
45969928,0001,1,TIKARA BHAVANA LTDA,02,20240819,20220408,SP,7107
45979953,0001,1,NMPERSONAL,02,20220411,20220411,SP,6875
15715864,0004,2,ACADEMIA MOVIMENTU'S,02,20220408,20220408,PR,5493
45980921,0001,1,ACADEMIA GIRA MUNDO FITNESS,04,20260522,20220408,BA,3849
45982694,0001,1,MOREIRA ELITE TRAINING,08,20260316,20220411,MG,4133
11458595,0002,2,,02,20220411,20220411,PR,7535
45982968,0001,1,STUDIO FLORY FIT,02,20241211,20220411,SC,8039
45983783,0001,1,PURA RESISTENCIA,04,20260611,20220411,AP,0605
45984760,0001,1,ALLP FIT ACADEMIA,02,20220411,20220411,SP,7107
45993822,0001,1,,02,20220411,20220411,PR,7497
45994234,0001,1,CICERA FITNESS ACADEMIA,02,20220411,20220411,MA,0232
38543701,0002,2,,02,20220411,20220411,RS,8585
45998561,0001,1,STUDIO DELLAS,02,20220412,20220412,MT,9897
46001654,0001,1,ACADEMIA CORPO & FORMA,04,20240830,20220412,BA,3755
46012445,0001,1,CENTRO DE TREINAMENTO OLD SCHOOL MR,02,20220412,20220412,ES,5705
46016518,0001,1,STUDIO HIDROCORPUS,08,20250627,20220413,GO,9625
46022841,0001,1,PEDRO MINGONI PIMENTA,02,20220413,20220413,SP,6969
46025204,0001,1,PROTONS ACADEMIA,02,20220413,20220413,SP,7089
46025376,0001,1,COLASSOFITNESS,04,20240823,20220413,MA,0729
46033257,0001,1,ACADEMIA NEW FIT,02,20220414,20220414,PA,0509
46033579,0001,1,VILLA CT,02,20220414,20220414,RS,8685
46033944,0001,1,CENTRO DE TREINAMENTO ESPORTIVO IRAIMA BRIGLIA,02,20220414,20220414,RR,0301
46035743,0001,1,STUDIO BIOFITNESS LR,02,20220414,20220414,BA,3289
46038473,0001,1,,02,20220414,20220414,SC,8105
46039000,0001,1,,02,20220414,20220414,SP,6401
46057304,0001,1,MORAIS ASSESSORIA ESPORTIVA,02,20220418,20220418,PR,7691
46057346,0001,1,CROSSALPHA,08,20230612,20220418,PB,1981
46057616,0001,1,CALDEIRAO 220 VOLTS,02,20220418,20220418,RJ,6001
46059714,0001,1,SWELL BOX,02,20220418,20220418,SP,7107
46064471,0001,1,ARENA JACARE,02,20220418,20220418,GO,9571
46080257,0001,1,WE FIT YOU,02,20220419,20220419,SP,7107
46080392,0001,1,,02,20220419,20220419,SP,6377
46081458,0001,1,XTREME GYM,02,20220419,20220419,CE,1361
46082404,0001,1,CONEXAO FIT,02,20220419,20220419,SC,8179
30769960,0017,2,RIO VERDE 01,08,20230829,20220420,GO,9571
30769960,0019,2,CUIABA 01,08,20230829,20220420,MT,9067
46126968,0001,1,MONSTER HOUSE CENTRO DE TREINAMENTO,02,20251211,20220425,BA,3661
46133072,0001,1,"ESSENCIA ESPACO DE BELEZA, ESTETICA E ATIVIDADE FISICA",02,20220425,20220425,RJ,5805
46136047,0001,1,,02,20220425,20220425,SP,6217
46136152,0001,1,,02,20220425,20220425,RS,8915
46136805,0001,1,SINTONIA FITNESS,02,20220425,20220425,RJ,5847
46138587,0001,1,LIVE ACADEMIA,02,20220425,20220425,AM,0255
46147448,0001,1,CROSS HERO BARRA DO JUCU,08,20230911,20220426,ES,5703
46150449,0001,1,,02,20220426,20220426,SC,8233
46153699,0001,1,ESSENCE PILATES,02,20220426,20220426,RJ,5819
46167172,0001,1,,02,20220427,20220427,SP,7107
46167372,0001,1,SMART GYM,08,20220727,20220427,MG,5441
46178481,0001,1,ACADEMIA CORPORE FITNESS,02,20220427,20220427,TO,9733
46190408,0001,1,CT TITANIUM,02,20220428,20220428,RJ,5909
46199233,0001,1,,02,20220429,20220429,SP,6291
46238578,0001,1,,02,20220503,20220503,MG,4123
46239058,0001,1,,02,20220503,20220503,MG,4123
46240161,0001,1,EVOQUE ACADEMIA,02,20220503,20220503,SP,7107
46250639,0001,1,BOX 31,08,20250326,20220503,SP,2965
46253236,0001,1,ACADEMIA MONSTER GYM FITNESS,02,20220503,20220503,PR,7919
46254531,0001,1,CROSS HUNTER.,08,20250901,20220504,SP,6921
46255885,0001,1,,02,20220504,20220504,SP,6619
46256941,0001,1,,08,20250826,20220504,SP,6155
37146415,0002,2,BELLATRIX SPAZIU,08,20230713,20220504,RJ,5819
46257858,0001,1,,02,20220504,20220504,BA,3723
46259344,0001,1,,02,20220504,20220504,MG,4123
46262783,0001,1,CT BURITIS,02,20220504,20220504,MG,4123
46264522,0001,1,ACADEMIA MACHIDA FIGHT FIT,02,20220504,20220504,PA,0447
46266729,0001,1,ACADEMIA EVOLUCAO FITNESS,02,20220504,20220504,MG,4643
46267491,0001,1,,02,20220504,20220504,SP,7107
46267671,0001,1,PADRAO FITNNES ACADEMIA,02,20220504,20220504,MA,0723
46272269,0001,1,RM FITNESS,08,20221002,20220505,CE,1357
46273239,0001,1,TERRITORIO FIT SAUDE,02,20220505,20220505,SP,6477
46282518,0001,1,STUDIO FITNESS JM,02,20220505,20220505,RS,8801
46296194,0001,1,,08,20221018,20220506,ES,5705
46326624,0001,1,VIDA FUNCIONAL NOROESTE,08,20250407,20220510,DF,9701
46327877,0001,1,,02,20220510,20220510,RJ,6001
46334102,0001,1,AGM FITNESS,02,20220510,20220510,CE,1589
46334911,0001,1,,02,20220510,20220510,SP,7107
46345288,0001,1,TOZZELLI FITNESS,02,20220511,20220511,MA,0921
46355191,0001,1,CT ELITE,02,20220511,20220511,GO,9349
46366353,0001,1,INTENSE TRAINING,02,20220512,20220512,PR,7493
46367061,0001,1,,02,20220512,20220512,SE,3105
46371581,0001,1,,02,20220512,20220512,SP,7183
46385404,0001,1,CENTRO DE TREINAMENTO SARTORI,02,20220513,20220513,RO,0027
46388537,0001,1,CROSSFIT SAUDE GRANJA VIANA,02,20220513,20220513,SP,6313
46097644,0001,1,,02,20220420,20220420,RS,8841
46410531,0001,1,MOVE BETTER FITNESS TRAINING,02,20220516,20220516,RJ,6001
46410798,0001,1,ACADEMIA HD FIT,02,20220516,20220516,SP,6619
44180160,0001,1,FS PERSONAL STUDIO,02,20211109,20211109,PA,0427
46427036,0001,1,HARDFLEX,02,20220517,20220517,GO,9373
46431880,0001,1,IRONBACK,08,20230802,20220517,MS,9131
46464971,0001,1,RMS SPORTS,02,20220519,20220519,RS,8847
46472145,0001,1,TERRITORIO FIT ACADEMIA,08,20221214,20220520,MT,9195
46472974,0001,1,VIDA PILATES +,02,20220520,20220520,SP,6291
46493075,0001,1,BOX 77 TREINAMENTOS,08,20230614,20220523,SP,7057
46493405,0001,1,STUDIO PERSONAL D-FITNESS,02,20220523,20220523,MT,9005
46500899,0001,1,ACADEMIA GARAGEM FIT,04,20240828,20220523,BA,3849
46509203,0001,1,,08,20240701,20220524,MG,4659
24045364,0003,2,2 PRIMOS ACADEMIA,08,20220720,20220524,RN,1761
46519587,0001,1,JL CROSS,08,20220720,20220524,PE,2571
46539719,0001,1,,08,20220706,20220525,SP,7145
46545809,0001,1,SAND CENTRO DE ESPORTE E LAZER,02,20220526,20220526,MG,4957
46555354,0001,1,SMARTFIT,02,20220526,20220526,SP,6213
46556107,0001,1,AMIFIT SENIOR,02,20220526,20220526,SP,7057
46563948,0001,1,CROSSHOT,08,20240315,20220527,ES,5699
46567577,0001,1,CENTRO DE TREINAMENTO OLYMPUS,08,20240809,20220527,RJ,6001
46574298,0001,1,NUTRIFISIO E PILATES,02,20220527,20220527,MG,4031
46600286,0001,1,REGINA STUDIO AEREO YOGA,02,20220531,20220531,MG,4123
46600792,0001,1,TITANIUM ACADEMIA,02,20220531,20220531,AC,0139
43144030,0002,2,BURN FIT CANDELARIA,02,20220531,20220531,RN,1761
46601020,0001,1,,02,20220531,20220531,RJ,1116
36005800,0002,2,ACADEMIA BIG LIFE,08,20260518,20220531,PR,7633
46605769,0001,1,ARIEDA DE FATIMA AZEVEDO DE MATOS BASTOS,02,20220531,20220531,SP,7267
46612350,0001,1,GRFITNESS ACADEMIA,02,20220531,20220531,AL,2885
46622975,0001,1,ESPACO EQUILIBRA,02,20220601,20220601,SP,6291
46635149,0001,1,ACADEMIA AUDAX,08,20250129,20220602,PR,7583
40655892,0002,2,,08,20221227,20220602,ES,5645
46637108,0001,1,THE OLD'S GYM ACADEMIA,02,20220602,20220602,SP,7075
46644560,0001,1,ESPACO FITNESS MOVEMENT DEL,02,20220602,20220602,PI,1067
46647919,0001,1,EXTREME PHYSIQUE,02,20220603,20220603,GO,9425
46649074,0001,1,ACADEMIA NATULIFE,02,20220603,20220603,PE,2321
46652969,0001,1,,02,20220603,20220603,SP,6875
46657791,0001,1,ACADEMIA MEGA,02,20220603,20220603,PA,0485
46149128,0001,1,STUDIO DA LUTA,08,20260305,20220426,PR,7887
46679827,0001,1,JEFE TILVITZ,02,20220606,20220606,RS,8847
46687640,0001,1,ACADEMIA ART FITNESS,04,20240819,20220607,PA,0427
46698982,0001,1,ARENA BONFIM,02,20220607,20220607,SP,6291
46706174,0001,1,,02,20220608,20220608,MG,4387
46709795,0001,1,ANGELUS SEU ESPACO,02,20220608,20220608,MG,5049
46717003,0001,1,MAXIMUS FITNESS ACADEMIA & ACAITERIA,08,20251127,20220608,MG,4267
46721287,0001,1,STUDIO CORPO & MOVIMENTO,02,20220608,20220608,SP,6271
46738558,0001,1,,02,20220610,20220610,PE,2337
46740040,0001,1,,02,20220610,20220610,RS,8655
46749101,0001,1,CENTRO DE TREINAMENTO VITOR DEIVY,02,20220610,20220610,GO,9637
46751664,0001,1,CESB,02,20220611,20220611,BA,3321
46757329,0001,1,STUDIO OFICINA DA SAUDE,02,20220613,20220613,MG,4733
46758555,0001,1,MURILO ALVES ASSESSORIA ESPORTIVA,02,20220613,20220613,SP,7107
46770007,0001,1,ALLP FIT ACADEMIA,02,20220613,20220613,SP,7107
46774760,0001,1,ATITUDE TRAINER,02,20220614,20220614,CE,1331
46785118,0001,1,BETTER,02,20220614,20220614,BA,3363
46787183,0001,1,VENTURE GOLD TRAINING LTDA,02,20220614,20220614,SP,7151
42478310,0002,2,,02,20220615,20220615,RS,8853
46527328,0001,1,PRANAVA PERSONAL YOGA,02,20220525,20220525,SP,7107
46808209,0001,1,FIGHT SPORT,08,20231204,20220616,RS,8801
46812015,0001,1,INSPIRA ESTUDIO DE PERSONAL ESTELA IARA,02,20220617,20220617,GO,9609
46813442,0001,1,GOLD GYM ACADEMIA,02,20220617,20220617,PA,0569
46815802,0001,1,STUDIO R&D FIT,08,20230512,20220617,MG,5425
38147273,0002,2,FIK FIT,02,20220617,20220617,PE,2449
46828879,0001,1,ALPHA CROSS CT,02,20220620,20220620,MG,5397
46831986,0001,1,G-FIT,02,20220620,20220620,PE,2591
46843906,0001,1,TULIO CAMBRAIA PERSONAL,02,20220620,20220620,MG,4763
46844166,0001,1,ACADEMIA EMPOWER +,02,20220620,20220620,PA,0427
46858912,0001,1,CENTRO DE TREINAMENTO FABIO FERREIRA,02,20220621,20220621,MA,0957
46859892,0001,1,ALLP FIT ACADEMIA,02,20220621,20220621,SP,6713
46866532,0001,1,,08,20230427,20220622,PR,7535
46868714,0001,1,ACADEMIA SUPREMA,08,20250611,20220622,GO,9221
46870347,0001,1,RUA DAS FIGUEIRAS ENSINO DE ESPORTES,02,20220622,20220622,DF,9701
46878372,0001,1,,02,20220622,20220622,SP,6229
46883010,0001,1,,02,20220623,20220623,RS,8681
46883397,0001,1,ACADEMIA CRONOS,02,20220623,20220623,GO,9561
46888585,0001,1,SBYLLA TREINAMENTO FUNCIONAL,02,20220623,20220623,SP,7135
46894936,0001,1,MAYER TREINAMENTOS,02,20220623,20220623,SP,7107
46899429,0001,1,MOVE IT BR,02,20220624,20220624,RJ,6001
46504447,0003,2,AFMT FITINESS,04,20260609,20220523,MT,9167
46944210,0001,1,TIMER RUN ACADEMIA,02,20220628,20220628,SP,6713
46945829,0001,1,ACADEMIA SPORT LIFE,02,20220628,20220628,BA,3849
46952352,0001,1,LION FITNESS,08,20240207,20220629,MA,0727
46962185,0001,1,FLY PERSONAL TRAINER,02,20220629,20220629,SC,8039
46962653,0001,1,STUDIO & CORPO LTDA,02,20220629,20220629,MG,4903
46963465,0001,1,STUDIO LIFE FIT,02,20220629,20220629,GO,9425
46963916,0001,1,,08,20240820,20220629,SP,7273
46985679,0001,1,TREINO ACADEMIA,02,20220701,20220701,PI,1007
46985831,0001,1,,02,20220701,20220701,PE,2381
46988485,0001,1,,02,20220701,20220701,PR,7887
46988971,0001,1,ACADEMIA LP,02,20220701,20220701,RJ,5863
46992545,0001,1,ACADEMIA BOA FORMA,08,20221003,20220701,GO,9407
46996291,0001,1,PERSONAL TRAINER F500 PRESENCIAL E CONSULTORIA ON-LINE,02,20220701,20220701,SP,7107
47000295,0001,1,PERFORMANCE SAUDE E BEM ESTAR,08,20250203,20220702,ES,5677
47011718,0001,1,EVOQUE ACADEMIA,02,20220704,20220704,SP,7075
47016782,0001,1,,02,20220704,20220704,BA,3515
47026553,0001,1,,02,20220705,20220705,SC,8081
47034694,0001,1,WORLD FIT,02,20220705,20220705,SP,6637
47035438,0001,1,,02,20220705,20220705,DF,9701
46362518,0001,1,I9 FIT,02,20220512,20220512,RJ,6001
47050796,0001,1,SMART FIT ACADEMIA,02,20220706,20220706,SP,6429
47051757,0001,1,BOX OCP19,03,20240925,20220706,PE,2531
46885574,0001,1,JL ACADEMIA,02,20220623,20220623,SC,8127
31167507,0002,2,STRONG GYM,08,20230228,20220707,RS,7313
47070143,0001,1,AABS ATIVIDADES FISICAS,02,20220707,20220707,BA,3515
47074391,0001,1,MAX FIT ACADEMIA,02,20240903,20220708,MG,4749
47083251,0001,1,,02,20220708,20220708,RS,8599
47094323,0001,1,GREAT CROSS TRAINING,02,20220711,20220711,SP,6291
47100196,0001,1,STUDIOJUST20,02,20220711,20220711,SP,6643
47101081,0001,1,STUDIO ALPHA PRIME,02,20220711,20220711,RJ,5883
47104764,0001,1,BOX +47 ESPACO SAUDE,02,20220711,20220711,SC,5537
47110076,0001,1,STUDIO CARDIO SURF FITNESS,02,20220712,20220712,BA,3685
30107116,0004,2,STUDIO CRIS CARVALHO,08,20260316,20220712,MG,4751
47112593,0001,1,,02,20220712,20220712,MG,4359
47116141,0001,1,LETICIA ALMEIDA PERSONAL TRAINER,08,20230517,20220712,MG,4941
47123313,0001,1,ACADEMIA GERACAO SUDE,02,20220712,20220712,DF,9701
47127681,0001,1,LIVEFIT,02,20220713,20220713,SC,8001
47132389,0001,1,STUDIO ELI CAMPOS,02,20220713,20220713,SP,6377
47134001,0001,1,TRIBO DO REI,02,20220713,20220713,GO,9571
47146095,0001,1,,02,20220714,20220714,PR,7691
47148542,0001,1,ALPHA GYN,04,20240823,20220714,PI,1165
47166993,0001,1,CENTRO DE TREINAMENTO DEXA,08,20240422,20220715,PE,2401
47171958,0001,1,ACADEMIA BEM ESTAR,02,20220715,20220715,SP,6875
46886275,0001,1,STUDIO PRISCILA PORTUGAL,02,20220623,20220623,BA,3849
47175305,0001,1,ZFIT,02,20220716,20220716,PA,0427
47181456,0001,1,,02,20220718,20220718,RJ,6001
47185468,0001,1,,02,20220718,20220718,RJ,6001
47191487,0001,1,BLACK DAN ACADEMIA,02,20220718,20220718,SP,6789
47192701,0001,1,ACADEMIA TOP 7,08,20240903,20220718,MA,0889
47198158,0001,1,CF PIEMONTEFIT,02,20220719,20220719,BA,3651
47207009,0001,1,MAMBA FIT,02,20220719,20220719,SP,6311
47207338,0001,1,,02,20220719,20220719,RS,8593
47208810,0001,1,PERFORMANCE ACADEMIA,08,20231229,20220719,GO,9511
47215661,0001,1,ESPACO FLORESCER,02,20220720,20220720,SC,8059
47216086,0001,1,RT10SPORT,08,20250613,20220719,MG,5113
47218035,0001,1,PREVATTO FITNESS,02,20220720,20220720,RJ,5843
47219668,0001,1,GRACIE BARRA ARENA,02,20220720,20220720,MG,4877
47223974,0001,1,STUDIO FSILVA,02,20220720,20220720,PR,7479
47224245,0001,1,E-MOVE STUDIO,02,20220720,20220720,SP,7097
47224452,0001,1,MAIS VIDA PILATES E SAUDE LTDA,02,20220720,20220720,SC,8327
47228993,0001,1,LB PERFORMANCE TRAINING,02,20220720,20220720,CE,1389
47229309,0001,1,ALLELON STUDIO DE PILATES,02,20220720,20220720,SP,6213
47240182,0001,1,,02,20220721,20220721,RS,0968
47240801,0001,1,,02,20220721,20220721,MG,4123
47242658,0001,1,SILVA FITNESS ACADEMIA LTDA,02,20220721,20220721,ES,5663
47255242,0001,1,SPARTA ACADEMIA,02,20220722,20220722,PB,2073
47257061,0001,1,ACADEMIA ZFIT,02,20220722,20220722,GO,9373
47263112,0001,1,BOX 192,08,20230621,20220722,RN,1761
47286137,0001,1,MAFIA DOS HALTERES,08,20250813,20220726,PR,7477
47288887,0001,1,SWAT FITNESS,02,20250725,20220726,BA,3849
47294656,0001,1,ACADEMIA CRV SPORTS,02,20220726,20220726,MG,4353
47295253,0001,1,ACADEMIA CORPO & MOVIMENTO,02,20220726,20220726,MS,9051
43062698,0003,2,,02,20220726,20220726,RS,8619
47298785,0001,1,ACADEMIA GAVIOES DIADEMA,02,20220726,20220726,SP,6377
47298796,0001,1,ACADEMIA ELITE,02,20220726,20220726,SP,6885
47298961,0001,1,ATLETA MUSA,08,20221125,20220726,RS,8801
47314305,0001,1,FMS ASSESSORIA ESPORTIVA LTDA,02,20220727,20220727,SP,6271
47327471,0001,1,,02,20220728,20220728,MG,4445
47329524,0001,1,C T ANDERSON LOPES,02,20220728,20220728,PE,2313
47340578,0001,1,,02,20220729,20220729,RJ,5897
47353288,0001,1,,02,20220729,20220729,PR,7535
47355721,0001,1,EXCLUSIVE FIT,02,20220730,20220730,MA,0921
47361888,0001,1,PILATES ALESSANDRO OLIVEIRA,02,20220801,20220801,MG,4371
47363272,0001,1,B.BETTER STUDIO,02,20220801,20220801,MG,4997
47366534,0001,1,,04,20240820,20220801,SP,7107
47372017,0001,1,,02,20220801,20220801,SP,6429
47378678,0001,1,B.A.M FITNESS PERSONAL,08,20220920,20220802,GO,9227
47380304,0001,1,,08,20230811,20220802,RS,8801
47380679,0001,1,,08,20250213,20220802,RN,1687
43401670,0002,2,ACADEMIA POLLY DANCE,08,20251216,20220407,MT,9185
47401982,0001,1,,02,20220803,20220803,SP,7075
47403114,0001,1,STUDIO ARGOS 2,08,20240719,20220803,SP,7107
47406589,0001,1,DANIEL AMORIM RODRIGUES COELHO,02,20220803,20220803,SP,7107
47418369,0001,1,CUORE GYM & FITNESS,02,20220804,20220804,SC,8379
47420003,0001,1,MRB SPORTS,08,20231121,20220804,MG,4079
47421025,0001,1,SOUFIT,08,20240402,20220804,CE,1319
47431803,0001,1,RODRIGUES & BARBOSA ACADEMIA,02,20220805,20220805,PR,7637
47435478,0001,1,ACADEMIA MIDIA PRIME,02,20220805,20220805,BA,3849
47436011,0001,1,CEVEN STUDIO PERSONAL,02,20220805,20220805,RJ,5833
47436222,0001,1,STUDIO FIT WOMAN,02,20220805,20220805,SP,6901
47437667,0001,1,,02,20220805,20220805,DF,9701
47441853,0001,1,HILTON RODRIGUES PERSONAL & CONSULTORIA,02,20220805,20220805,AM,0255
47443771,0001,1,HP FUNCIONAL,02,20220805,20220805,PR,7915
47457515,0001,1,CT DA VE,02,20220808,20220808,MG,5091
47458808,0001,1,STUDIO Z,02,20220808,20220808,SP,6921
39568614,0002,2,SALUTT,02,20220808,20220808,MG,5343
47482556,0001,1,,02,20220809,20220809,RJ,6001
47488756,0001,1,PILATES PLUS - PILATES E FITNESS,02,20220809,20220809,SP,6789
47496611,0001,1,JC FIT ACADEMIA,02,20220810,20220810,PE,2471
47498836,0001,1,,02,20220810,20220810,PR,7691
47499410,0001,1,,02,20220810,20220810,RJ,6001
47503459,0001,1,,02,20220810,20220810,RS,8683
34852931,0002,2,ACADEMIA LIFE STYLE LTDA,02,20220810,20220810,MG,4079
47506294,0001,1,GYM POWER,02,20220810,20220810,MS,9051
47512757,0001,1,ACADEMIA DO MARCELINO,02,20220810,20220810,SP,6477
47519374,0001,1,ELIS ACADEMIA,04,20240821,20220811,PA,0509
47521223,0001,1,VITAL FIT ACADEMIA,02,20220811,20220811,SC,8147
47521817,0001,1,DR TRAINING CENTRO DE TREINAMENTO,02,20220811,20220811,RS,8705
47522433,0001,1,TEXAS CROSSFIT,02,20220811,20220811,SP,7145
47524237,0001,1,BOOST,02,20220811,20220811,RN,1761
47532493,0001,1,ATEM,02,20220811,20220811,SE,3105
47538451,0001,1,,02,20220812,20220812,RS,8841
47541211,0001,1,,02,20220812,20220812,MG,4919
47542245,0001,1,,08,20221110,20220812,AL,2825
47544769,0001,1,,02,20220812,20220812,CE,1389
47562450,0001,1,SUMMIT SPORTS,02,20220815,20220815,RJ,6001
34567554,0003,2,STARTUP - GEISEL,02,20220815,20220815,SP,6219
47578526,0001,1,ACADEMIA DELTA,02,20220815,20220815,BA,3749
47586089,0001,1,ACADEMIA SERTAO CROSS,02,20220816,20220816,PB,1987
31911455,0002,2,ACADEMIA OMEGA FITNESS,02,20220816,20220816,MG,4123
47589525,0001,1,ESPACO DULZ,02,20220816,20220816,CE,1389
47592683,0001,1,PERFORMANCE ACADEMIA,02,20220816,20220816,MT,8987
47595305,0001,1,ALLP FIT ACADEMIA,02,20220816,20220816,SP,7097
47596431,0001,1,AC FITNESS,02,20220816,20220816,MG,4113
09021523,0002,2,,02,20220816,20220816,MG,5385
47227105,0001,1,,02,20220720,20220720,SP,6831
47601280,0001,1,XPLOUD ACADEMIA,02,20220817,20220817,PI,1229
47602587,0001,1,ACADEMIA PREMIUM FIT,02,20220817,20220817,BA,3807
47628088,0001,1,GIBI O CAMPEAO - ACADEMIA,02,20220818,20220818,SP,7107
44028086,0001,1,ENGENHARIA DO CORPO,08,20220818,20211026,MA,0921
47630069,0001,1,SPACE FITNESS,02,20220818,20220818,DF,9701
47631151,0001,1,PERFORMACE FITNESS,02,20220818,20220818,BA,3849
47638204,0001,1,MOTRICITE,02,20220819,20220819,MT,9871
47638330,0001,1,PERSONAL TRAINER ALEXANDRE MIRANDA,08,20241005,20220819,PR,7535
47639249,0001,1,A. F. TREINAMENTO,02,20220819,20220819,SP,7107
47646899,0001,1,STAR FITNESS,02,20220819,20220819,MG,4521
47653592,0001,1,,02,20220821,20220821,SP,6313
47657683,0001,1,GAME CROSS,02,20220822,20220822,BA,3849
47662851,0001,1,MR PERSONAL,02,20220822,20220822,SP,2951
47662922,0001,1,,04,20260518,20220822,CE,1497
47665973,0001,1,APRIMORE PILATES,02,20220822,20220822,PB,1981
47667438,0001,1,ACTHROS REABILITACAO E PERFORMANCE,02,20220822,20220822,RJ,5825
10476552,0002,2,,08,20241210,20220822,SC,8161
47668007,0001,1,BANG FITNESS CLUB,02,20220822,20220822,RS,8801
47672905,0001,1,ESPACO FERNANDES TERAPIAS,08,20240821,20220823,RJ,5915
47675602,0001,1,MC ESPACO FITNESS,04,20240823,20220823,PI,1063
47679433,0001,1,PANOBIANCO TABOAO DA SERRRA,02,20220823,20220823,SP,7107
47697113,0001,1,RITMOS ACADEMIA,02,20220824,20220824,MT,9001
47700041,0001,1,CAROL BENVENUTTI PILATES E FUNCIONAL,02,20220824,20220824,PR,7915
47711193,0001,1,KVRABOX,02,20220825,20220825,SP,6669
47711455,0001,1,BM8 CROSS TRAINING,02,20220825,20220825,SP,6771
47712668,0001,1,EVOLUE STUDIO,02,20220825,20220825,SC,8105
47716523,0001,1,BT STUDIO FUNCIONAL,02,20220825,20220825,PA,0415
47726323,0001,1,STUDIO + MOVIMENTO,02,20220826,20220826,SC,8105
47727926,0001,1,IRON GYM,02,20220826,20220826,MG,4123
47730665,0001,1,,08,20240123,20220826,SP,7107
47731859,0001,1,RN PERSONAL TRAINER,02,20220826,20220826,PR,7535
47733235,0001,1,CROSS LIFE DUQUE DE CAXIAS,08,20240116,20220826,RS,8841
47734259,0001,1,BELLA PARAENSE,02,20220826,20220826,PA,0427
47735465,0001,1,ACADEMIA FITNESS PRIME,02,20220826,20220826,BA,3995
47738477,0001,1,UPGRADE SAUDAVEL MARIANA ADA,02,20220826,20220826,SP,7107
47747304,0001,1,STUDIO FITNESS RAQUEL EDUARDA,08,20240202,20220829,MG,4371
47753169,0001,1,,02,20220829,20220829,MG,4701
47755556,0001,1,FORCE FIT,02,20220829,20220829,SC,8269
47756710,0001,1,BIOFITNESS,02,20220829,20220829,SP,2951
47764901,0001,1,PAUSE FITNESS CLUB,02,20220830,20220830,MG,5273
47773473,0001,1,,02,20220830,20220830,SP,7107
47777249,0001,1,STUDIO PERSONAL PILATES E MUSCULACAO LUDMILLA LIMA,02,20220830,20220830,GO,9425
47787540,0001,1,POTENCIAL ACADEMIA,02,20220831,20220831,SP,6875
11328806,0002,2,,04,20260513,20220831,SP,7097
47791919,0001,1,RR OFICINA DO CORPO,02,20220831,20220831,MG,5273
47046200,0001,1,ACADEMIA SPACE FIT,08,20220922,20220706,ES,5699
47793693,0001,1,A MORADA COLIVING FLORIPA,08,20231123,20220831,SC,8105
47803165,0001,1,DEKELL CROSSTRAING,02,20220901,20220901,SP,6285
47807316,0001,1,LINE FITNESS,02,20220901,20220901,SP,7035
46031523,0001,1,ELITE ACADEMIA,02,20220414,20220414,MT,9887
47825406,0001,1,,08,20260107,20220902,SP,6681
47826608,0001,1,MJC SPORTS ACADEMY,02,20220902,20220902,MG,5407
47838415,0001,1,LIFE FIT SPORTS,02,20220905,20220905,GO,9373
47843118,0001,1,CF FRONTEIRA,08,20241029,20220905,MS,9131
47846879,0001,1,ESPACO FIT ACADEMIA,02,20220905,20220905,BA,3515
47848512,0001,1,BODY LIFE,02,20220905,20220905,GO,9561
47865491,0001,1,ESPACO RENATA COSTA LIFE STYLE,02,20220906,20220906,MG,5391
47874594,0001,1,,02,20220908,20220908,SP,7107
47875130,0001,1,SKY FIT,02,20220908,20220908,SP,7075
47893460,0001,1,ARENA APS,02,20220909,20220909,SP,7099
47895752,0001,1,W1 ADVENTURE FITNESS ACADEMIA,02,20220909,20220909,CE,1389
47897433,0001,1,INSPIRE E EXPIRE PILATES E FISIOTERAPIA LTDA,02,20220909,20220909,SP,7107
47914297,0001,1,ACADEMIA TOP FIT,02,20220912,20220912,RJ,5907
47914330,0001,1,PLAY FITNESS ACADEMIA,02,20220912,20220912,PA,0483
47924613,0001,1,PHYSIQUE ACADEMY,08,20230428,20220913,RN,1643
47932644,0001,1,,02,20220913,20220913,RJ,5813
47941204,0001,1,FOCCUSFIT ACADEMIA,02,20220914,20220914,PB,1981
47950710,0001,1,,02,20220914,20220914,PR,7493
47960238,0001,1,ESPACO DENISE SAMPAIO,08,20230818,20220915,SC,8113
47961870,0001,1,CONECTA,02,20220915,20220915,MG,4371
47962666,0001,1,A294FIT,08,20250319,20220915,MG,0702
47965262,0001,1,ESPACO BELFIT,02,20220915,20220915,BA,3305
47967011,0001,1,PH.D JARDIM PAULISTA,04,20260609,20220915,PR,7477
47981036,0001,1,NOVA META ACADEMIA LTDA,02,20220916,20220916,SP,6493
47983395,0001,1,CROSS EXPERIENCE BLUMENAU,08,20250216,20220916,SC,8047
47995102,0001,1,ARENA - INSTITUTO ACAO E REACAO ANGELICA,02,20220720,20220720,MS,9169
47998397,0001,1,ESTUDIO ESTRELA DA MANHA,04,20260608,20220919,AM,0281
48004116,0001,1,IMPERIO FITNESS,04,20240823,20220919,MG,5221
48004254,0001,1,ACADEMIA ATLETICA,08,20231019,20220919,SC,8081
48005453,0001,1,MORATELLI SAUDE INTEGRADA,08,20231115,20220919,SC,8179
48014020,0001,1,GO FITNESS,02,20220920,20220920,PR,7635
07594978,0502,2,,02,20220921,20220921,RS,8801
45277622,0001,1,,08,20221006,20220214,SP,7107
48035529,0001,1,,02,20220921,20220921,SP,6291
48036952,0001,1,STUDIO INTENSE FITNESS,02,20220921,20220921,MA,0869
48042210,0001,1,KELEN CRISTINA - PERFORMANCE DO MOVIMENTO,02,20220922,20220922,PR,7825
48043636,0001,1,,08,20230424,20220922,MG,4503
48045361,0001,1,ALOHA ACADEMIA,02,20220922,20220922,GO,9561
48047655,0001,1,HP TRAINING,08,20231114,20220922,RJ,5847
48051758,0001,1,,02,20220922,20220922,RN,1837
48058032,0001,1,CENTRO ESPORTIVO CAOPI,02,20220923,20220923,PR,7745
48065259,0001,1,AMA PILATES,02,20220923,20220923,SC,8233
47210461,0001,1,B2 MUSCLE GYM,02,20220719,20220719,RS,8867
48077894,0001,1,WATRINDADE - TEAM LIONS,02,20220926,20220926,SP,6639
48079030,0001,1,,08,20230327,20220926,SP,7139
21050040,0008,2,LENON FIT,04,20260605,20220926,SP,6213
48093858,0001,1,CROSSFIT KAHAKAI,02,20220927,20220927,MG,5403
48094220,0001,1,VIA FITNESS,02,20220927,20220927,MG,4123
48095013,0001,1,FRED FITNESS,02,20220927,20220927,BA,3393
48095150,0001,1,VIVA PILATES,02,20220927,20220927,RS,8717
48096882,0001,1,STUDIO KORE,02,20220927,20220927,SP,6619
48099903,0001,1,CENTRO DE TREINAMENTO AVILA,02,20220927,20220927,MG,4481
48106839,0001,1,POWER.LIFE,02,20220927,20220927,PA,0427
48111195,0001,1,,02,20220928,20220928,PR,5453
48114431,0001,1,,02,20220928,20220928,SP,7107
48128349,0001,1,OPEN FITNESS,02,20220929,20220929,MG,4199
48137347,0001,1,ARENA TOP FITNESS ACADEMIA,02,20220929,20220929,GO,1058
48137730,0001,1,JACKFITNESSFDS,08,20260319,20220929,BA,3515
48138017,0001,1,L.C.GYM,02,20220929,20220929,MS,9051
48140458,0001,1,,02,20220929,20220929,SP,7107
48145594,0001,1,MARIANA SOARES STUDIO PERSONAL,02,20220930,20220930,AL,2833
48152500,0001,1,SANTE STUDIO PILATES,02,20220930,20220930,MS,9051
48158962,0001,1,YURI OGGIONI TREINO INTEGRADO,02,20221003,20221003,ES,5623
48159718,0001,1,UPFIT CENTRO FISICO,02,20221003,20221003,RJ,6001
48162939,0001,1,ENVOKE,02,20221003,20221003,SC,8161
48164170,0001,1,PC COMBATE,02,20250310,20221003,TO,9667
20176598,0002,2,ACADEMIA BOA FORMA,02,20221004,20221004,SC,8329
48183288,0001,1,FIT ONE,02,20221004,20221004,PR,7607
23956359,0002,2,,08,20240220,20221004,SC,8081
48188722,0001,1,COMPLEX CROSS - CENTRO DE TREINAMENTO INTEGRADO,02,20221005,20221005,PB,2221
48193836,0001,1,WEST CROSS VCA,02,20221005,20221005,BA,3965
48196675,0001,1,,02,20221005,20221005,MG,4939
48201004,0001,1,,04,20260609,20221005,PR,7407
48202032,0001,1,ARENA BALADA,02,20221005,20221005,GO,9373
47844933,0001,1,MENEZES ACADEMIA LTDA,02,20220905,20220905,BA,3515
48203172,0001,1,SAUDE DO CORPO ACADEMIA,02,20221006,20221006,RO,0013
48203231,0001,1,C3 TREINAMENTO INTEGRADO LTDA,02,20221006,20221006,SP,7107
48216705,0001,1,DI LEU - PSICOMOTRICIDADE E ATIVIDADE FISICA LTDA,02,20221006,20221006,PE,2457
48231213,0001,1,PONTO FITNESS ACADEMIA,02,20221008,20221008,RS,8845
48232269,0001,1,NEURODIVERSO,02,20221008,20221008,GO,9373
48234364,0001,1,,02,20221009,20221009,SP,6589
48245209,0001,1,,02,20221010,20221010,SP,7107
48253069,0001,1,EM FOCO FITNESS,02,20221011,20221011,RJ,0770
48253313,0001,1,,02,20221011,20221011,SP,6545
48256910,0001,1,FIND FIT,02,20221011,20221011,RJ,6001
48257876,0001,1,LIFE FITNESS,02,20221011,20221011,SP,6961
48271236,0001,1,ESCOLA DE PARKOUR MOVE4LIFE,08,20230601,20221013,SP,6589
47615586,0005,2,E-BODY MOEMA,02,20221013,20221013,SP,7107
22245893,0002,2,ACADEMIA OZ FITNESS,02,20221014,20221014,SE,3105
39432106,0023,2,,02,20221014,20221014,SP,6249
48301794,0001,1,ACADEMIA PHYSICUS,08,20241024,20221017,MG,5049
48309166,0001,1,CENTER FIT,08,20240201,20221017,SP,6775
48309270,0001,1,PRO LUGA,02,20221017,20221017,PR,7535
48309772,0001,1,,02,20221017,20221017,SP,6547
48311140,0001,1,7 BARRA 7 CROSS TRAINING,02,20221017,20221017,GO,9227
48336682,0001,1,ACADEMIA JNVIP FITNESS,02,20221019,20221019,CE,1389
48336745,0001,1,,02,20221019,20221019,SP,6213
48346542,0001,1,RECONECTH HEALTH,02,20221019,20221019,MG,4903
48354654,0001,1,STUDIO GABRIEL REIS,02,20221020,20221020,MA,0921
48354861,0001,1,DIAMOND WOMAN SEMIJOIAS,04,20240822,20221020,SP,7107
48357690,0001,1,GS FITNESS,08,20230619,20221020,CE,1389
48358098,0001,1,ARENA GRECIA,02,20221020,20221020,PR,7535
26479273,0002,2,COMUNIDADE FITNESS OITO SETE,08,20250325,20221020,PE,2521
48363997,0001,1,,02,20221020,20221020,SP,7071
48369027,0001,1,DUMONT CROSSFIT,02,20221021,20221021,MG,5401
48390310,0001,1,WORKOUT RECANTO,02,20221024,20221024,DF,9701
48392517,0001,1,WSPORTS ME,02,20221024,20221024,SP,7157
48402001,0001,1,MAXIMUS ACADEMIA,02,20221025,20221025,MG,0660
48402393,0001,1,,02,20221025,20221025,ES,5623
48404951,0001,1,EVOLUII MAIS FITNESS ACADEMIA,02,20221025,20221025,GO,9383
48413442,0001,1,,02,20221026,20221026,RJ,5925
48421979,0001,1,SPORTFIT ACADEMIA,02,20221026,20221026,BA,3515
39987299,0002,2,JAN ACADEMIA,02,20221027,20221027,PB,2003
48432665,0001,1,,02,20221027,20221027,SC,8173
48433274,0001,1,DYNAMIS STUDIO PILATES,02,20221027,20221027,SP,6967
48439465,0001,1,STUDIO AGA,02,20221027,20221027,BA,3595
48441634,0001,1,GOLD GYM MS,02,20221027,20221027,MS,9051
48462620,0001,1,PERSONAL FIT,02,20221031,20221031,SE,3105
48477435,0001,1,STUDIO RL.MAX,02,20221101,20221101,AL,2841
48495037,0001,1,STUDIO ZOE FITNESS,02,20221103,20221103,DF,9701
48502717,0001,1,IRON BORN GYM,08,20250321,20221103,SP,6969
48503915,0001,1,LUCAS SIEMI PERSONAL TRAINER,08,20240202,20221103,PR,7751
48517426,0001,1,STUDIO FLOW - CORPO E MENTE,02,20221104,20221104,RS,8741
48518627,0001,1,CF ARENA BETHANIA,08,20231126,20221104,MG,4625
48531260,0001,1,ACADEMIA X-POINT,02,20221107,20221107,SP,7157
48548575,0001,1,GIBAS GYM,02,20221108,20221108,SP,7057
48551012,0001,1,FITNESS ACADEMIA,02,20221108,20221108,PB,2117
48551601,0001,1,,02,20221108,20221108,SP,6969
48553482,0001,1,,02,20221108,20221108,SP,6687
46868740,0001,1,POWER FITNESS ACADEMIA DE GINASTICA,02,20220622,20220622,SC,8003
48560682,0001,1,LIFE FITNESS,08,20250326,20221109,MA,0861
48563138,0001,1,,02,20221109,20221109,RJ,6001
48563692,0001,1,ESPACO GIRASSOL DESENVOLVER,08,20230629,20221109,SP,6969
48567418,0001,1,PERSONAL STUDIO FERNANDO JESUS,02,20221109,20221109,MA,0250
48574521,0001,1,ISOSHAPE,08,20251008,20221110,AL,2785
48574657,0001,1,IRON KING,02,20221110,20221110,SP,6565
48575767,0001,1,,02,20221110,20221110,SP,7079
48579675,0001,1,,08,20230224,20221110,MG,4675
48589209,0001,1,CAROL LEMES ACADEMIA,02,20221111,20221111,SP,6291
48592739,0001,1,RM SPORTS,02,20221111,20221111,SP,6477
48599335,0001,1,P P ACADEMIA,02,20221111,20221111,BA,3467
48626724,0001,1,ACQUA FIT,02,20221116,20221116,SC,8345
48626783,0001,1,STUDIO PILATES ALESSANDRA ARAUJO,02,20221116,20221116,MS,9051
48628570,0001,1,SILVA GYM,02,20221116,20221116,RJ,6001
48630124,0001,1,MULTTREINOS,02,20221116,20221116,CE,1549
48631636,0001,1,ACADEMIA BOA FORMA FITNESS,02,20221116,20221116,PE,2569
48643888,0001,1,AXIS - CENTRO DE MOVIMENTO,02,20221117,20221117,SP,6547
48655932,0001,1,ESSENCE PILATES,02,20221118,20221118,CE,1389
48656208,0001,1,D & V PERFORMANCE,08,20240402,20221118,RJ,5895
48657192,0001,1,CT PERSONAL CLASS,02,20221118,20221118,RJ,5885
48670027,0001,1,THAIS LEAL - PILATES STUDIO E PERSONAL TRAINER,02,20221121,20221121,SP,7107
48671571,0001,1,,08,20240916,20221121,CE,1569
48674327,0001,1,,02,20221121,20221121,BA,3089
48691937,0001,1,,04,20240821,20221122,CE,1337
48059696,0001,1,AWAKEN EMS,08,20221228,20220923,PE,2531
48695279,0001,1,METAFIT ACADEMIA,02,20221122,20221122,RN,1761
48699958,0001,1,RS TREINAMENTO FUNCIONAL,02,20221123,20221123,PB,2119
48700453,0001,1,,02,20221123,20221123,RS,8801
48704932,0001,1,ALPHA SPACE ACADEMIA,02,20221123,20221123,MG,5067
48713928,0001,1,CROSS DEFENDER,08,20230330,20221124,RJ,5837
48717331,0001,1,PS GYM,02,20221124,20221124,AL,2841
48717633,0001,1,,02,20221124,20221124,RS,6045
48748878,0001,1,,02,20221129,20221129,PA,0427
48751976,0001,1,GREENLIFE KENNEDY,02,20221129,20221129,CE,1389
48754460,0001,1,HOW TO PERFORM,02,20221129,20221129,SC,8105
38327843,0002,2,BODY WORLD STUDIO DE TREINAMENTO PERSONALIZADO,02,20221130,20221130,RJ,6001
48765439,0001,1,,02,20240826,20221130,RS,8801
46071442,0001,1,ACADEMIA PRATIQUE FITNESS,02,20220419,20220419,SC,8233
48786782,0001,1,CROSS EXPERIENCE PEQUIS,03,20250424,20221201,MG,5403
48786980,0001,1,DB FITNESS CENTER,02,20221201,20221201,SC,8143
48819610,0001,1,,04,20260518,20221206,CE,1599
48822854,0001,1,RICARDO FABRIS SA,02,20221206,20221206,SP,7107
48829613,0001,1,APACHE CROSS TRAINING,02,20221207,20221207,GO,9373
48840576,0001,1,QUALLY CORPUS,02,20221208,20221208,SP,6969
48841388,0001,1,,08,20250801,20221208,RS,8801
48846799,0001,1,PERSONAL MARLUS,02,20221208,20221208,SP,7107
48865666,0001,1,CROSS TRAINING EVOLUTION BOX 2,02,20221212,20221212,SP,6213
48879488,0001,1,ACADEMIA ELITE FITNNESS LTDA,02,20221213,20221213,MT,0117
48885138,0001,1,CORPO & MENT,08,20240415,20221214,PI,1219
48887817,0001,1,PALASIO STUDIO DE PILATES E FISIOTERAPIA,08,20230403,20221214,MG,4371
48892034,0001,1,ACADEMIA ULTRAFIT,08,20250905,20221214,SC,8027
45947100,0001,1,,02,20220407,20220407,SP,6219
48897569,0001,1,,02,20221215,20221215,SP,2965
48908551,0001,1,ACADEMIA PRATIQUE FITNESS,02,20221216,20221216,SC,8327
48911239,0001,1,MDS FIT,02,20221216,20221216,RJ,5897
48930102,0001,1,I9 ACADEMIA,02,20241030,20221219,AM,0215
48931328,0001,1,CT DOS MONSTROS - ACADEMIA,02,20221219,20221219,RJ,5909
48933648,0001,1,AMANDA DUARTE PERSONAL STUDIO,04,20260608,20221220,CE,1581
48934182,0001,1,ULTIMATE PIRATES GAROPABA,02,20221220,20221220,SC,8113
48938879,0001,1,,02,20221220,20221220,RS,8801
48942761,0001,1,C & T INTEGRADO,04,20240826,20221220,SP,6141
48944942,0001,1,,02,20221221,20221221,MG,4029
48945009,0001,1,RGM,02,20221221,20221221,SP,6291
48945697,0001,1,RPR QUALIDADE DE VIDA E SAUDE,02,20221221,20221221,RJ,6001
48952989,0001,1,ESTRELA MOVEMENT,02,20221221,20221221,BA,3685
17886000,0002,2,CI STUDIO,08,20251031,20221222,SE,3141
46439224,0002,2,START FIT ACADEMIA,04,20260611,20221222,AC,0149
48965380,0001,1,ONEWAY FIT ATIVIDADES FISICAS,02,20221223,20221223,DF,9701
48967083,0001,1,TRI FIT CENTRO DE TREINAMENTO,02,20221223,20221223,RS,8963
48968553,0001,1,IRON FITNESS CENTRO DE TREINAMENTO,02,20221223,20221223,PI,1159
48973425,0001,1,ACADEMIA DO VILSON,02,20221226,20221226,PI,0366
48976944,0001,1,IRON ACADEMIA E SUPLEMENTOS,02,20221226,20221226,SP,6539
45043299,0002,2,,02,20221227,20221227,RS,8883
48988767,0001,1,ONE HEALTH,02,20221227,20221227,RS,8901
48994448,0001,1,FIT SHAPE ACADEMIA,02,20221228,20221228,RJ,5863
49022063,0001,1,VIVER PILATES,08,20231109,20230102,BA,3685
49034038,0001,1,,02,20230103,20230103,RJ,5901
49039970,0001,1,,02,20230103,20230103,SP,6365
49055388,0001,1,EMY CONCEITO,02,20230104,20230104,SP,7107
49075531,0001,1,PROFIT ACADEMIA,02,20230105,20230105,PE,2373
49075905,0001,1,,08,20250416,20230105,MG,0646
48889678,0001,1,CENTRAL APARAS,08,20250331,20221214,CE,1529
49086626,0001,1,ESTUDIO MOVIMENT,02,20230106,20230106,ES,5621
49087222,0001,1,ACADEMIA ESTETICA APOLO,02,20230106,20230106,RN,1639
35898412,0002,2,INFINNITY FITNESS II,08,20241219,20230109,MG,5035
49102917,0001,1,VOLL PILATES STUDIO,04,20260609,20230109,PR,7407
49124143,0001,1,SOUL BODY FITNESS,02,20230110,20230110,SP,6449
49135116,0001,1,VITALLY STRONG,02,20230110,20230110,PE,2631
49156788,0001,1,HOME HEALTH LTDA,02,20230112,20230112,CE,1389
49156977,0001,1,MOVELIFE,02,20230112,20230112,AM,0255
49157748,0001,1,ACADEMIA DE CAMPEOES CHAMPIONS FITNESS,08,20250506,20230112,RN,1779
49157917,0001,1,C F CAKES,08,20241029,20230112,SP,7071
49159806,0001,1,DIESEL WELLNESS ACADEMIA,02,20230112,20230112,PA,0561
49167466,0001,1,ZEUS CROSS TREINAMENTO E PERFORMANCE,02,20230112,20230112,BA,3515
49174421,0001,1,STUDIO PERSONAL JOANNY BARROS MALVADONA,04,20260608,20230113,BA,3863
49181287,0001,1,,08,20251112,20230113,RJ,5813
49201465,0001,1,STUDIO LIRA,02,20230116,20230116,MS,9073
49211815,0001,1,SPORT LIFE,02,20230117,20230117,MG,4865
08042071,0004,2,QUALITY10,04,20260513,20230117,GO,9373
49232822,0001,1,DF SPORT,02,20230118,20230118,PR,0864
49234361,0001,1,STUDIO LS,02,20230118,20230118,PE,2571
49234854,0001,1,VRS CONSULTORIA EM SAUDE E PERFORMANCE,02,20230118,20230118,SP,7107
49236266,0001,1,ACADEMIA FORCE,08,20251010,20230118,GO,9265
49238912,0001,1,MOVE BEAT ACADEMIA,08,20240321,20230118,SP,7107
49241624,0001,1,JAPA ACADEMIA,02,20230118,20230118,PR,7689
49243673,0001,1,MED FIT,02,20230118,20230118,RS,8959
49243684,0001,1,,02,20230118,20230118,RJ,6001
40082035,0002,2,,08,20250220,20230119,CE,1471
49271974,0001,1,HULK,02,20230120,20230120,SP,7107
49276419,0001,1,,02,20230120,20230120,SP,7107
49276676,0001,1,DH FITNESS,02,20230120,20230120,AP,0605
49278535,0001,1,ESPACO FIT ACADEMIA,04,20260521,20230121,CE,1243
49299012,0001,1,ACADEMIA ATHENA,08,20251205,20230123,PA,0561
49306393,0001,1,GL FIT ACADEMIA,02,20230124,20230124,PE,2521
49307165,0001,1,CT,02,20230124,20230124,RN,1633
49309320,0001,1,PILATES BY AMELIA TEZA,02,20230124,20230124,MG,5079
49310821,0001,1,ENERGY BOX FITNESS,02,20230124,20230124,SP,7071
49317931,0001,1,BLACKSTONE STUDIO FITNESS,02,20230124,20230124,ES,5729
49322689,0001,1,ARENA FITNESS,02,20230125,20230125,MA,0927
49326203,0001,1,JADNER RODRIGUES FERREIRA,08,20250131,20230125,RN,1761
49327276,0001,1,CROSS EXPERIENCE TURVOLANDIA,08,20230413,20230125,MG,5395
49343419,0001,1,ATITUDEVR,02,20230126,20230126,RJ,5925
49346040,0001,1,,08,20241024,20230126,CE,1491
49349109,0001,1,,02,20230126,20230126,PR,7535
49353499,0001,1,FIT SPACE ACADEMIA,02,20230126,20230126,SC,8221
49355088,0001,1,,02,20230126,20230126,MG,5091
49357784,0001,1,PEDRO SALES - PERSONAL TRAINER,02,20230127,20230127,MG,4263
49360402,0001,1,URIANA SOUZA,02,20230127,20230127,SC,8185
49362497,0001,1,D MORAES,02,20230127,20230127,SP,7107
49362714,0001,1,ELITE CASCAVEL 14 DE NOVEMBRO ACADEMIA,02,20230127,20230127,PR,7493
49365264,0001,1,SBELT GYM,02,20230127,20230127,PB,2051
49374402,0001,1,,02,20230128,20230128,RO,0009
49381047,0001,1,POSTURAL PILATES,02,20230130,20230130,PE,2575
49381382,0001,1,SDP SOLUCAO E DESENVOLVIMENTO,02,20230130,20230130,RJ,6001
49382090,0001,1,CROSS LIFE JARDIM ITALIA,04,20260612,20230130,SP,7237
49382452,0001,1,PHYSICAL CENTER CENTRO DE TREINAMENTO LTDA,02,20230130,20230130,SP,6879
49384404,0001,1,90º PERSONAL TRAINER,08,20260210,20230130,BA,3849
49384861,0001,1,METCON STUDIO DE PERSONAL,02,20230130,20230130,SP,7145
49393495,0001,1,IRON DOLLS TREINAMENTO FEMININO,02,20230130,20230130,MG,4663
49394495,0001,1,ESPACO TERAPEUTICO E PEDAGOGICO ESTIMULE-ETPE,02,20230130,20230130,AM,0255
49398005,0001,1,MAXI POWER ACADEMIA,04,20260608,20230131,BA,3727
25371073,0002,2,VIVA + FUSION FITNESS,02,20230131,20230131,PA,0054
49404443,0001,1,CLEITON DA ROCHA REIS CONDICIONAMENTO FISICO,02,20230131,20230131,RJ,5879
13396172,0013,2,,02,20230131,20230131,RS,8541
49410940,0001,1,STUDIO UP FIT,02,20230131,20230131,CE,1525
49412139,0001,1,GAS TOTAL,02,20230131,20230131,RJ,5865
49421374,0001,1,,02,20230201,20230201,RJ,5805
49421739,0001,1,STUDIO DE MUSCULACAO MARINALDO LIMA,02,20230201,20230201,AL,2885
49422506,0001,1,,02,20230201,20230201,PR,7413
49428441,0001,1,ACADEMIA NOVA FORMA,02,20230201,20230201,PI,1171
49439727,0001,1,,02,20230202,20230202,SP,6579
49443168,0001,1,STUDIO SOUL,02,20230202,20230202,SP,6969
49444157,0001,1,BD FUNCIONAL CLUB SPORTS TRAINNING,02,20230202,20230202,MG,4855
49448997,0001,1,,02,20230202,20230202,SC,8081
49453777,0001,1,,02,20230203,20230203,PR,7985
49455646,0001,1,NEW FORCE ACADEMIA,08,20241210,20230203,MG,5385
49459826,0001,1,RED VENOM FIT,02,20230203,20230203,SP,7107
49468022,0001,1,ACADEMIA FIT GIRL,02,20230203,20230203,PE,2549
49473157,0001,1,DEIZIANE ALMEIDA SANTOS E.I,02,20230205,20230205,SP,7107
49482782,0001,1,,02,20230206,20230206,SP,6477
49486811,0001,1,,02,20230206,20230206,BA,3891
49493988,0001,1,91FIT TRAINING CENTER,02,20230207,20230207,MG,4265
49494608,0001,1,,02,20230207,20230207,SP,6875
49503245,0001,1,MUNDO FITNESS,02,20230207,20230207,PA,0483
49504626,0001,1,ACADEMIA SAUDE FITNESS,02,20230207,20230207,MG,4655
49505051,0001,1,ARENA BACABAL BEACH TENIS,08,20251015,20230207,MA,0723
49506519,0001,1,AJR GYM,02,20230207,20230207,PR,7425
49513751,0001,1,,02,20230208,20230208,SE,3105
49516561,0001,1,IRON CLUB,02,20230208,20230208,RJ,5895
49520222,0001,1,SKYFIT ACADEMIA - UNIDADE METRO CARRAO,02,20230208,20230208,SP,7107
49533156,0001,1,ACADEMIA PIRAFIT,02,20230209,20230209,SP,6875
49534923,0001,1,,02,20230209,20230209,PR,7667
49537908,0001,1,,02,20230209,20230209,RJ,5833
49540407,0001,1,EDMOFILHOPERSONAL,02,20230209,20230209,PE,2457
49544658,0001,1,GABRIELI JONCH PERSONAL STUDIO,08,20240604,20230209,SC,8179
46879945,0001,1,GO TRAINING,02,20220622,20220622,RJ,5865
49545422,0001,1,STUDIO SLAVA,02,20230209,20230209,CE,1303
49553400,0001,1,,02,20230210,20230210,SP,6969
49556292,0001,1,,02,20230210,20230210,SP,7047
49557948,0001,1,ARENA ULTIMATO,08,20250611,20230210,RJ,6001
49560004,0001,1,ACADEMIA ELITE,04,20260521,20230210,CE,1531
49569466,0001,1,PLANALTO FITNESS,02,20230213,20230213,SP,6969
49573687,0001,1,PGC ATIVIDADES FISICAS,02,20230213,20230213,SP,7107
49574679,0001,1,A3 STUDIO FITNESS,04,20260521,20230213,CE,1461
49585183,0001,1,PROACTION ACADEMIA,08,20250131,20230213,PE,2381
49587953,0001,1,TOMOVE,08,20240520,20230214,SP,7107
49589532,0001,1,STUDIO VERONICA ANDRADE,02,20230214,20230214,PR,7973
49591038,0001,1,ACADEMIA ATHLETICA,02,20230214,20230214,BA,3637
49592544,0001,1,,02,20230214,20230214,SP,7107
49594594,0001,1,ACADEMIA MUSF,02,20230214,20230214,RN,1761
49595881,0001,1,ESTILO FITNESS,02,20230214,20230214,CE,1239
49609848,0001,1,TS EDUCACAO FISICA,08,20240430,20230215,TO,0353
49611230,0001,1,STUDIO VIVA MAIS,02,20230215,20230215,SP,2951
49619647,0001,1,LP COMPANHIA,02,20230215,20230215,PA,0433
49622155,0001,1,JR FIT ACADEMIA,02,20230215,20230215,PE,2521
49624328,0001,1,BHTEAM CONSULTORIA,02,20230216,20230216,MG,4867
41164891,0002,2,,08,20260211,20230216,CE,1469
49636767,0001,1,ACADMETA,02,20230216,20230216,PE,2475
49641260,0001,1,,02,20230217,20230217,MG,4957
49646586,0001,1,ESPACO FITNESS ACADEMIA,02,20230217,20230217,SP,6385
49647722,0001,1,MOLINA PERSONAL STUDIO ACZ,02,20230217,20230217,ES,5611
49651295,0001,1,ACQUA FITINES,08,20250331,20230217,PB,1981
24792265,0002,2,UNIC FIT ACADEMIA,02,20230217,20230217,AP,0605
49664690,0001,1,OLYMPUS ACADEMIA,02,20230221,20230221,MG,4827
49670539,0001,1,,02,20230222,20230222,RS,8559
49681064,0001,1,ACADEMIA ORFANATO,02,20230223,20230223,SP,7107
49681396,0001,1,CROSS WOLV3S,02,20230223,20230223,SP,7107
49688172,0001,1,TONUSCG,02,20230223,20230223,RJ,6001
43244749,0002,2,ACADEMIA I9 FITNESS,02,20230223,20230223,MA,0921
49691168,0001,1,3 IN 1 PERFORMANCE ACADEMIA,02,20230223,20230223,PR,7425
49696830,0001,1,MARCIO PACHECO ACADEMIA,02,20230224,20230224,GO,1066
49699305,0001,1,PERSONAL THIAGO OLIVEIRA,08,20230821,20230224,GO,9305
47875775,0001,1,G.A ESTUDIO,02,20220908,20220908,SC,8221
49705335,0001,1,,02,20230224,20230224,AM,0255
49718864,0001,1,ALPHA FITNESS,02,20230227,20230227,BA,3873
49719122,0001,1,NAREN LACERDA STUDIO DE PILATES E FITNESS,02,20230227,20230227,MG,5403
49723549,0001,1,DOUTOR FIT TREINAMENTOS,08,20240202,20230227,MG,4961
49729220,0001,1,,02,20230227,20230227,RJ,6001
49737029,0001,1,VIDA ATIVA,02,20230228,20230228,SP,7115
49739505,0001,1,STUDIO FITNESS ANDERSON SANTANA,02,20230228,20230228,BA,3117
24775273,0003,2,ACADEMIA VIRTUS,02,20230228,20230228,PA,0447
49743640,0001,1,,02,20230228,20230228,RS,8785
49744993,0001,1,ALLIANCA ACADEMIA,02,20230228,20230228,BA,3849
45641106,0001,1,,08,20250122,20220314,MG,4133
43589047,0002,2,,02,20230228,20230228,MG,4123
49756632,0001,1,,02,20230301,20230301,SP,6825
49758791,0001,1,PILATES OTAVIO FERREIRA,02,20230301,20230301,MG,4917
49758883,0001,1,ESPACO FITNESS & SAUDE,08,20260210,20230301,RN,1671
49761586,0001,1,INSPIRAR SAUDE E MOVIMENTO,08,20250206,20230301,SP,6511
49762592,0001,1,NT CENTRO DE TREINAMENTO,02,20230301,20230301,SC,8081
49773071,0001,1,NEMESISCTM,02,20230301,20230301,PE,2423
49784001,0001,1,,02,20230302,20230302,RS,8899
49786059,0001,1,ESPACO FIT,08,20260507,20230302,MG,5397
49792701,0001,1,CAVERNA GYM,02,20230303,20230303,PE,2531
49800207,0001,1,DRAGON FIT,02,20230303,20230303,DF,9701
49802654,0001,1,ESPACO FITNESS,02,20230303,20230303,MG,5077
49803987,0001,1,PURE PILATES,02,20230303,20230303,SP,7145
49817464,0001,1,ENCONTRO MOERU,02,20230306,20230306,AL,2789
49819563,0001,1,POLO FIT,02,20230306,20230306,PB,2129
46845801,0002,2,AL. T_ FUNCIONAL PC,08,20240201,20230306,AL,2845
49831941,0001,1,,02,20230307,20230307,SP,7107
49831963,0001,1,O CLUB,02,20230307,20230307,PE,2597
49834313,0001,1,,02,20230306,20230306,SC,8061
49834499,0001,1,PERFORM4LIFE,02,20230307,20230307,AL,2785
49837025,0001,1,,02,20230307,20230307,PR,7667
49839839,0001,1,ACADEMIA MOVE TRAINING,02,20230307,20230307,SC,8191
27434379,0002,2,RX SPORTS,02,20230308,20230308,MG,4751
49854039,0001,1,SOLANO STUDIO PILATES,02,20230308,20230308,MT,9067
49869718,0001,1,FITNESS CLUB SOPORTS LAZER E SAUDE MELHOR PERFORMACE 23,02,20230309,20230309,PA,0571
49872578,0001,1,,02,20230309,20230309,MG,4141
49876262,0001,1,ACADEMIA PARAISO DO CORPO,02,20230309,20230309,MA,0208
49878692,0001,1,HJ10 ESPORTES,08,20240123,20230309,RS,8637
49884801,0001,1,WS FITNESS,02,20230310,20230310,RS,8963
49888206,0001,1,MAIS FIT CLUB ACADEMIA,02,20230310,20230310,PA,0595
49889945,0001,1,,08,20250422,20230310,SP,6251
49890465,0001,1,STUDIO FITNESS MULTIESPORTIVA,02,20230310,20230310,ES,5703
49890591,0001,1,MOVI FITNES,02,20230310,20230310,SP,6191
49891028,0001,1,STUDIO VIDA FIT,02,20230310,20230310,MS,9039
49894281,0001,1,ACADEMIA NOVA FORMA,08,20260603,20230310,RS,8531
49908566,0001,1,,02,20230313,20230313,RN,1761
49916061,0001,1,,02,20230313,20230313,SP,7107
49929019,0001,1,IRON FIT,02,20230314,20230314,GO,9397
26502092,0004,2,,02,20230314,20230314,SP,6291
49937488,0001,1,ACADEMIA DOUBLEX ITAPEVI,02,20230314,20230314,SP,6551
49778320,0001,1,JGUSMAO PREPARADOR FISICO,02,20230302,20230302,SP,7107
49956848,0001,1,SPORTFIT,02,20230316,20230316,RS,8801
49958867,0001,1,TREINAMENTO PERSONALIZADO ESPACO VITAL,02,20230316,20230316,SC,9951
49959465,0001,1,QUALIVITA STUDIO PILATES,02,20230316,20230316,DF,9701
49960145,0001,1,ACADEMIA ATIVA,02,20230316,20230316,BA,3499
49962457,0001,1,HEAL FIT ACADEMIA DE MUSCULACAO,02,20230316,20230316,SP,6929
49962944,0001,1,CENTRO DE TREINAMENTO LEANDRO SILVA,02,20230316,20230316,ES,5703
07594978,0527,2,,02,20230317,20230317,CE,1585
49971322,0001,1,ESPACO SAUDE E ESPORTES - PALOMA SOARES,02,20230317,20230317,RJ,6001
49977449,0001,1,TREINE SEM DOR,02,20230317,20230317,PR,7493
49983804,0001,1,CRISFIT,08,20260226,20230317,SP,7071
49994349,0001,1,ST STUDIO PERSONAL,02,20230320,20230320,PR,7535
49994923,0001,1,WACHS PERSONAL TRAINER,08,20241119,20230320,SP,7107
49997044,0001,1,CENTRO DE APRENDIZAGEM MOTORA - C.A.M.,08,20250528,20230320,PB,2051
50004526,0001,1,XTREME ACADEMIA,02,20230321,20230321,MG,4423
50009659,0001,1,,02,20230321,20230321,SP,6291
50018967,0001,1,LEONARDO MARTINHO TREINAMENTO FISICO PERSONALIZADO,02,20230321,20230321,SP,7071
50026661,0001,1,FOCUS PERSONAL STUDIO E FISIOTERAPIA,02,20230322,20230322,PR,7629
50028717,0001,1,,02,20230321,20230321,PR,7927
49120013,0002,2,CENTRALFIT PRIME,08,20240515,20230322,AL,2705
50042620,0001,1,ACADEMIA MASTER'GYM,02,20230322,20230322,RS,8569
50046260,0001,1,LIONS FIT,02,20230323,20230323,RJ,5801
50048063,0001,1,T CROSS ACADEMIA,02,20230323,20230323,CE,1401
50055487,0001,1,ROSA FIT,02,20230323,20230323,AL,2645
50058459,0001,1,CENTRO DE TREINAMENTO FV,02,20230323,20230323,SP,6305
50060790,0001,1,BARBIE MUTANTE - STUDIO DE MUSCULACAO,02,20230323,20230323,MA,0757
50062951,0001,1,IVAN SILVA CONDICIONAMENTO FISICO ESPECIALIZADO,08,20250428,20230323,PA,0401
50063926,0001,1,GTFITNESS ASSESSORIA,02,20230324,20230324,PE,2455
50066809,0001,1,STUDIO POWER FIT,02,20230324,20230324,SP,7143
50074795,0001,1,FELIPE MASCARELO,02,20230324,20230324,SP,7157
50075046,0001,1,MATRIX FITNESS,02,20230324,20230324,RO,0003
50075760,0001,1,FIT & SPORTS,02,20230324,20230324,BA,3685
50085775,0001,1,STUDIO BARBARA ULIANA,02,20230327,20230327,SP,7079
50087275,0001,1,STRONG FIT,02,20230327,20230327,MT,8987
50087737,0001,1,S S FITNESS ACADEMIA,08,20250106,20230327,MG,4031
50088037,0001,1,GARRA TRAINING FUNCIONAL,02,20230327,20230327,RO,0003
50094851,0001,1,,02,20230327,20230327,SP,6873
50100227,0001,1,BLACKMOV,02,20230327,20230327,SC,8055
50102290,0001,1,LIFE GYM AND BEYOND,02,20230327,20230327,PE,2531
50102688,0001,1,AGILITY TREINAMENTO PERSONALIZADO,08,20250826,20230327,PE,2521
50105239,0001,1,VAGNER VINICIUS,02,20230328,20230328,DF,9701
50108486,0001,1,FLA FIT,02,20230328,20230328,RJ,6001
50121869,0001,1,,02,20230329,20230329,PE,2379
50126220,0001,1,CT EVOLUTION,02,20230329,20230329,BA,3049
50140317,0001,1,K437CROSS,02,20230330,20230330,MG,4123
50141695,0001,1,BM TREIINAMENTOS,02,20230330,20230330,PR,7535
50143554,0001,1,ACADEMIA CORPOBELO,02,20230330,20230330,SE,3167
50146718,0001,1,UPPER FIT CLUB,02,20230330,20230330,RJ,5915
50149336,0001,1,RACE BOOTCAMP,02,20230330,20230330,DF,9701
50150001,0001,1,NEIDE BRASILEIRO STUDIO FUNCIONAL,02,20230330,20230330,PE,2419
50150285,0001,1,NETO RIBEIRO PERSONAL TREINER,02,20230330,20230330,BA,3401
50150435,0001,1,STUDIO PILATES MICHELE ZINI,02,20230330,20230330,RS,8511
50152835,0001,1,STUDIO CAROL TOLEDO,02,20230330,20230330,SP,7183
50165014,0001,1,,02,20230331,20230331,SP,7107
50167839,0001,1,TIME'S FIT,02,20230331,20230331,MT,9185
50169421,0001,1,ACADEMIA PROFIT,02,20230331,20230331,PE,2579
50180606,0001,1,ANDRE TREINO DE ATITUDE,02,20230403,20230403,MG,5403
50182256,0001,1,PILATES TIAGO MAGNO,02,20230403,20230403,MG,4123
50191609,0001,1,EQUALIZE STUDIO DE PILATES,02,20230403,20230403,BA,3849
50195385,0001,1,I B SPORT,02,20230404,20230404,PB,1987
40675718,0002,2,ACADEMIA GO PRIME,02,20230404,20230404,PR,5451
50203914,0001,1,LC FITNESS EMPREENDIMENTOS,02,20230404,20230404,PB,0460
50209078,0001,1,SPACE FITNESS,02,20230404,20230404,RO,0017
50217318,0001,1,CL STUDIO FIT,02,20230405,20230405,SE,3141
49930798,0001,1,REJUVEN 8 ACADEMIA,02,20230314,20230314,SC,8027
50248325,0001,1,ACADEMIA SPORT FITNESS,02,20230410,20230410,MG,4067
50253036,0001,1,CT SPARTA,02,20230410,20230410,MG,4419
50266866,0001,1,,02,20230411,20230411,BA,3515
50268206,0001,1,ACADEMIA G+ CLUB FIT,02,20230411,20230411,AL,2795
50273413,0001,1,PILATERIA E SAUDE,02,20230411,20230411,SP,7107
50277639,0001,1,,02,20230411,20230411,SC,8137
50287293,0001,1,STUDIO PROFITNESS,02,20230412,20230412,AL,2827
50297114,0001,1,,02,20230412,20230412,RS,8791
46433107,0002,2,,02,20230412,20230412,SP,7047
21195737,0002,2,,02,20230413,20230413,AL,2745
50304158,0001,1,BIO HEALTH ACADEMIA,02,20230413,20230413,MG,5035
50310624,0001,1,FELIPE CENA PHYSICAL,02,20230413,20230413,PE,2531
50312326,0001,1,,02,20230413,20230413,PR,7435
49120013,0004,2,CENTRALFIT PRIME,08,20240515,20230414,AL,2705
50318250,0001,1,X1 FITNESS,02,20230414,20230414,PE,2531
50322905,0001,1,RB PERSONAL TRAINER,02,20230414,20230414,SP,2951
32785215,0002,2,,08,20260317,20230414,RS,8589
49827091,0001,1,STUDIO POWER PLATE PILATES,02,20230306,20230306,SC,8039
44280452,0002,2,PORTALFIT FILIAL ITAJAI,02,20230417,20230417,SC,9971
50354815,0001,1,LS SAUDE INTEGRAL,02,20230418,20230418,RS,8801
50364321,0001,1,PORTAL ACADEMIA,02,20230418,20230418,PB,1981
50368301,0001,1,DARLEI NUNEZ STUDIO,08,20250929,20230418,RS,8729
50370294,0001,1,ARENA BEIRA MAR,08,20251215,20230419,PE,2513
50370452,0001,1,CENTER FIT,02,20230419,20230419,ES,5617
50371748,0001,1,,02,20230419,20230419,MG,4733
50372798,0001,1,STAR FITNESS,02,20230419,20230419,BA,3285
50375787,0001,1,,02,20230419,20230419,SP,7151
50377684,0001,1,ENERGYM,02,20230419,20230419,MG,5371
50377832,0001,1,,02,20230419,20230419,SP,7075
50378848,0001,1,ACADEMIA BODY FIT,02,20230419,20230419,MS,9165
50383693,0001,1,STUDIO BEM STAR,02,20230419,20230419,RS,8947
50384333,0001,1,PROFORMANCE CENTRO DE TREINAMENTO,02,20230419,20230419,SP,6875
50389838,0001,1,TORRE CROSS TRAINING,02,20230420,20230420,PI,1003
50390656,0001,1,STUDIO DE PILATES EVELYN FRASAO,02,20230420,20230420,DF,9701
50396865,0001,1,TITANIUM CALISTENIA,02,20230420,20230420,SC,8161
50399259,0001,1,JAZZUS TREINAMENTO ESPORTIVO,02,20230420,20230420,SP,7107
50411424,0001,1,JOIN-T TREINAMENTO,02,20230424,20230424,SP,6291
50416784,0001,1,CROSS LIFE ENGORDADOURO,02,20230424,20230424,SP,6619
50429123,0001,1,,02,20230425,20230425,SP,6291
49176959,0001,1,ESTACAO G FITNESS,02,20230113,20230113,BA,3655
50433088,0001,1,STUDIO VOLL,02,20230425,20230425,MA,0921
50443363,0001,1,ATITUD FITNESS,02,20230425,20230425,SP,7107
50445862,0001,1,,08,20260205,20230425,PE,2457
50200173,0001,1,@ FIT GARRA,02,20230404,20230404,SP,6477
50446722,0001,1,ACADEMIA ALEX FITNESS,02,20230426,20230426,MA,0889
50452096,0001,1,ACADEMIA MOVIMENTO,02,20230426,20230426,PE,2597
50457024,0001,1,L E E NEGOCIOS EMPRESARIAIS,02,20230426,20230426,ES,5603
50458765,0001,1,ACADEMIA NOGUEIRA TEAM,02,20230426,20230426,RS,7397
50478561,0001,1,ACADEMIA BIOFORMA,02,20230427,20230427,PE,2497
50481278,0001,1,PERSONAL ALEMAO,02,20230428,20230428,SP,7107
50483190,0001,1,,02,20230428,20230428,MG,5441
50497094,0001,1,PATRICK CARVALHO STUDIO DE MUSCULACAO,02,20230429,20230429,RJ,5819
45764896,0001,1,WORLD CROSS,08,20230502,20220323,PB,2207
50509575,0001,1,ACADEMIA SUPER ACAO,02,20230502,20230502,PE,2457
50517610,0001,1,STUDIO VOLL,02,20230502,20230502,SP,7107
50524005,0001,1,REVIVER PILATES,02,20230503,20230503,MG,4407
50524907,0001,1,VILLA FITNESS,08,20230727,20230503,BA,3963
36338915,0004,2,,02,20230503,20230503,PB,1981
50528037,0001,1,,02,20230503,20230503,SP,6969
50533901,0001,1,G-TREINO,02,20230503,20230503,CE,1527
50536236,0001,1,BLACK WORKOUT,02,20230503,20230503,PR,7667
50537336,0001,1,,02,20230503,20230503,RS,8839
50539615,0001,1,,02,20230503,20230503,MG,2893
50544500,0001,1,ACADEMIA GAVIOES,02,20230504,20230504,SP,7107
50554440,0001,1,,02,20230504,20230504,BA,3413
50564256,0001,1,BIA FITNESS ESPACO MULHER,02,20230505,20230505,PA,0415
50565054,0001,1,UP ZEN CENTRO DE DANCAS E BEM-ESTAR,02,20230505,20230505,MG,4123
50572174,0001,1,STUDIO DE TREINAMENTO DE ALTA PERFORMANCE,02,20230505,20230505,PA,0411
50580212,0001,1,KEMIL FIT,02,20230508,20230508,MG,5047
50580338,0001,1,CENTRO DE TREINAMENTO ANGEL FITNESS,02,20230508,20230508,RN,1759
50581448,0001,1,ACADEMIA IMPERIO 3M,08,20240826,20230508,SP,7107
50586192,0001,1,WELLNESS TRAINING,08,20250819,20230508,PR,7633
50590204,0001,1,,02,20230508,20230508,RJ,5865
50596573,0001,1,DS FUNCIONAL,02,20230509,20230509,PE,2589
50602605,0001,1,BOX RIBEIRAO PIRES,02,20230509,20230509,SP,6967
50602728,0001,1,STUDIO FOX,02,20230509,20230509,PE,2549
38407621,0002,2,ACADEMIA COLISEU,02,20230509,20230509,BA,3811
50608259,0001,1,BLACK BEL CROSSFIT,02,20230509,20230509,PI,1219
07594978,0531,2,,02,20230510,20230510,DF,9701
50621893,0001,1,,02,20230510,20230510,RJ,6001
50647998,0001,1,DL RAMOS CONSULTORIA ESPORTIVA,08,20260606,20230512,GO,9221
50650693,0001,1,DR. EXERCICIO UNIDADE 5,08,20240118,20230512,MA,0921
50651121,0001,1,,02,20230512,20230512,SC,8123
50653889,0001,1,ACADEMIA DYNAMUS CLUB,02,20230512,20230512,RJ,6001
50667604,0001,1,,02,20230515,20230515,PR,7935
50668693,0001,1,CROSS EXPERIENCE BRAGANCA PAULISTA,02,20230515,20230515,SP,6251
50686190,0001,1,LFIT,02,20230516,20230516,CE,1495
50688149,0001,1,,02,20230516,20230516,SP,6529
50562798,0001,1,ADORNO PILATES E FISIOTERAPIA,02,20230505,20230505,TO,9733
50707810,0001,1,MEGA ACADEMIA,02,20230517,20230517,CE,1389
50708921,0001,1,LM ACADEMIA,02,20230517,20230517,SP,6897
45996531,0001,1,GN STUDIO FITNESS,02,20220411,20220411,AL,2853
50712119,0001,1,STUDIO TR KANGOO,02,20230517,20230517,RS,8511
50720284,0001,1,MAXIMA FITNESS,04,20260529,20230518,CE,1501
50734593,0001,1,ACADEMIA FITNESS LCMDS,02,20230518,20230518,RO,0037
50738701,0001,1,TOP FIT ACADEMIA,02,20230519,20230519,PB,1981
50743992,0001,1,STUDIO FITINESS,02,20230519,20230519,SP,6411
50745428,0001,1,JN ESTUDIO FITNESS,02,20230519,20230519,RJ,5913
50745529,0001,1,,02,20230519,20230519,RS,8637
50750980,0001,1,PERFORMANCE ACADEMIA,02,20230519,20230519,MT,9899
50756143,0001,1,PROSPER FITNESS,02,20230521,20230521,CE,1555
50760580,0001,1,BARRAFITNESS,02,20230522,20230522,RJ,5883
50761449,0001,1,MOVIMENTE-SE,02,20230522,20230522,PR,7691
50774729,0001,1,STAR FITNESS,02,20230522,20230522,CE,9855
50778009,0001,1,,02,20230523,20230523,DF,9701
37809957,0002,2,,02,20230524,20230524,SC,8161
50799743,0001,1,ACADEMIA POWERFIT JAPI,02,20230524,20230524,RN,1705
50801947,0001,1,,02,20230524,20230524,PR,7535
50803858,0001,1,ADRENALINA TOP FITNESS ACADEMIA,02,20230524,20230524,MS,9169
50806219,0001,1,ESPACO HARMONIZE,02,20230524,20230524,SP,7107
50811381,0001,1,ACADEMIA PROFITNESS,02,20230525,20230525,BA,3515
50816241,0001,1,ARENA BEACH 7,02,20230525,20230525,MG,4625
50818253,0001,1,ACADEMIA POWER FIT,08,20230703,20230525,ES,5703
50825704,0001,1,BRUNA DIAS NEVES,02,20230525,20230525,SC,8105
50828868,0001,1,BODY HEALTH WELLNESS CENTER,02,20230526,20230526,MG,4031
50834099,0001,1,A9FITNESS ACADEMIA,02,20230526,20230526,RJ,5913
50836905,0001,1,MOVING HEALTH,02,20230526,20230526,BA,3993
50843744,0001,1,ODARA PILATES STUDIO,02,20230527,20230527,SP,6403
50845050,0001,1,MAXIMO SPORTE FITNESS,02,20230527,20230527,PE,0548
50849747,0001,1,CAIMAN MONSTER FIT,02,20230529,20230529,SP,7107
50851735,0001,1,,02,20230529,20230529,RS,8771
50858316,0001,1,,02,20230529,20230529,SP,7183
50859447,0001,1,STUDIO CORPO FITNESS,02,20230529,20230529,SP,6853
50860851,0001,1,ACADEMIA ESPACO FIT FORQUILHINHA,02,20230529,20230529,SC,0973
50876975,0001,1,VANESSA FELTRIN PERSONAL TRAINER,02,20230530,20230530,SP,7107
50877369,0001,1,BIOCORP STUDIO FITNESS - PILATES & ESTETICA,02,20230530,20230530,SP,7107
50902488,0001,1,STUDIO G CORE,02,20230601,20230601,SP,7145
42170113,0002,2,LION FITNESS,02,20230601,20230601,BA,1112
50910425,0001,1,ACADEMIA GLOBAL FITNESS,04,20260611,20230601,AC,0139
50915355,0001,1,,02,20230602,20230602,RS,8685
50917047,0001,1,RAR ACADEMIA LTDA,02,20230602,20230602,SC,8113
50919357,0001,1,RICARDO'S FITNESS,02,20230602,20230602,BA,3727
50923837,0001,1,,02,20230602,20230602,CE,1247
50923971,0001,1,,02,20230602,20230602,MG,4123
50926828,0001,1,STUDIO DE PILATES VIVER EM EQUILIBRIO,02,20230602,20230602,AL,2785
50926937,0001,1,CT FIGHT MAYCOM SANTANA,02,20230602,20230602,RJ,5835
50927795,0001,1,ALPHAFIT ACADEMIA,02,20230602,20230602,PE,2631
50939071,0001,1,CENTRO DE TREINAMENTO FUNCIONAL DA CLAUREN,02,20230605,20230605,PI,2245
50939200,0001,1,BODY STRONG,02,20230605,20230605,RJ,5897
50939772,0001,1,ACADEMIA SAUDE E FORMA,02,20230605,20230605,PE,2417
50940646,0001,1,MUSCLEMAIS ACADEMIA FITNESS,02,20230605,20230605,MT,9887
50949115,0001,1,SIAO FITNESS,02,20260609,20230605,BA,3313
50591110,0001,1,FORMA FITNESS,02,20230508,20230508,PA,0471
50955359,0001,1,BIA MOELLER - PERSONAL TRAINER,02,20230606,20230606,SC,8047
50960864,0001,1,STUDIO VOLL VITARA,02,20230606,20230606,SP,7075
50961702,0001,1,T FITNEES,02,20230606,20230606,MG,5371
50972422,0001,1,,08,20260423,20230607,PB,2051
50981501,0001,1,ESPACO VIVIPILATES,02,20230607,20230607,MG,4371
50983127,0001,1,,02,20230607,20230607,MG,5143
50985590,0001,1,STUDIO DOUGLAS CORREIA PERSONAL,02,20230608,20230608,SP,6475
50989530,0001,1,CABRAL STUDIO PILATES,02,20230609,20230609,BA,3965
51006359,0001,1,JO DARE ESPORTE,08,20251112,20230612,RJ,5851
51026025,0001,1,CF CROSSPARK ARIRIZAL,02,20230613,20230613,MA,0921
51027400,0001,1,MEGA FITNESS,02,20230613,20230613,SP,6675
51029579,0001,1,,02,20230613,20230613,SP,6435
51032074,0001,1,VAIPE - SAUDE & BEM -ESTAR,08,20250916,20230613,RJ,6001
51032663,0001,1,STUDIO VELOCITY,02,20230613,20230613,RO,0003
51032857,0001,1,CENTRO DE TREINAMENTO LEADER,02,20230613,20230613,SP,6429
51037543,0001,1,TOPSS ACADEMIA LTDA,02,20230614,20230614,RN,1761
51059338,0001,1,CROSS WF MAQUINA DE RESULTADO,02,20230615,20230615,SP,7107
34152691,0002,2,FIT CENTRO DE TREINAMENTO,02,20230615,20230615,GO,9433
51067266,0001,1,FIT CEI,02,20220718,20220718,DF,9701
51071628,0001,1,KELLY PASSONI SILVA PERSONAL TRAINER,08,20241219,20230616,DF,9701
51076830,0001,1,FERNANDA MEIRA GIACOMIN,02,20230616,20230616,MG,4387
50777849,0001,1,BACKSTAGE,02,20230523,20230523,RS,8915
51077418,0001,1,INSTITUTO VOLL,02,20230616,20230616,SP,6291
51080862,0001,1,,04,20260612,20230616,MG,4123
51098974,0001,1,OUR FIT,02,20230619,20230619,SC,8061
51107080,0001,1,,08,20240605,20230620,SP,6587
51107239,0001,1,ACADEMIA PURO MUSCULO,08,20240529,20230620,SP,6563
51112962,0001,1,VILLAS GYM II,02,20230620,20230620,SP,6619
51118592,0001,1,MOMENTO PILATES,02,20230620,20230620,SP,7099
51125933,0001,1,ANDREZA PACHECO,08,20231101,20230621,AL,2785
51127566,0001,1,ESTRUTURAL SAUDE,02,20230621,20230621,SP,6155
51130711,0001,1,,02,20230621,20230621,PR,7691
51131884,0001,1,CORPORACIONE,02,20230621,20230621,RS,8769
51137371,0001,1,,02,20230621,20230621,SP,7107
51137798,0001,1,ACADEMIA PERFORMACE,02,20230621,20230621,PA,0411
51144179,0001,1,,08,20251218,20230622,SP,7135
51147281,0001,1,STUDIO MP FITNESS,02,20230622,20230622,ES,5641
51150990,0001,1,ACADEMIA UP MATRIZ,02,20230622,20230622,RS,8935
51152475,0001,1,GOOD GYM,04,20260608,20230622,GO,9221
51155689,0001,1,QG TRAINING,02,20230622,20230622,ES,5705
51158720,0001,1,MS BEACH CLUB,02,20230623,20230623,RJ,5863
51159110,0001,1,SKYFI ACADEMIA,02,20230623,20230623,SP,6715
51162922,0001,1,STEP ACADEMIA,02,20230623,20230623,GO,9373
51163073,0001,1,,08,20250210,20230623,MG,5299
29025845,0002,2,FIT LINE,02,20230623,20230623,CE,1529
47507010,0002,2,EIXO PILATES,08,20240729,20230626,DF,9701
51178720,0001,1,PEDRO AUGUSTO RODRIGUES,02,20230626,20230626,SP,7075
51179304,0001,1,AR FITNESS,02,20230626,20230626,SC,8025
41397509,0002,2,ACADEMIA NOVA OPCAO FITNESS,02,20230626,20230626,BA,3849
51184295,0001,1,HIPE ACADEMIA,02,20230626,20230626,SP,7107
51194416,0001,1,BOXXI,02,20230627,20230627,SP,7121
51195858,0001,1,,02,20230627,20230627,RJ,6001
51210220,0001,1,CLAYTON PERSONAL LTDA,02,20230627,20230627,SC,8179
51213188,0001,1,,02,20230628,20230628,ES,5683
51216006,0001,1,GETSEMANI FITNNES,02,20230628,20230628,RN,1837
51219101,0001,1,AMAZON FORMA FITNESS,02,20230628,20230628,AM,0207
51220607,0001,1,SAMUEL BACH PERSONAL TRAINER,02,20230628,20230628,RS,8801
51223332,0001,1,ACADEMIA ITA FITNESS,04,20260521,20230628,CE,1433
51225948,0001,1,ACADEMIA APOLO FITNES,02,20230628,20230628,BA,3515
51230888,0001,1,SELFIT,08,20240112,20230629,RN,1759
51231338,0001,1,GETSET,02,20230629,20230629,SE,3105
51234186,0001,1,VIBE ACADEMIA,02,20230629,20230629,AC,0107
51240120,0001,1,BRAZE GYM ACADEMIA,02,20230629,20230629,PR,7777
51244634,0001,1,INFINITE ESTUDIO TREINO,02,20230629,20230629,PE,2341
51247544,0001,1,,02,20230630,20230630,RJ,5889
51250323,0001,1,FLY TRAINING,02,20230630,20230630,RJ,5893
51250712,0001,1,,02,20230630,20230630,SC,8327
51255127,0001,1,ESTUDIO DE PILATES CARLA MORAIS,02,20230630,20230630,CE,1373
51261560,0001,1,GB21 FOR WOMEN,02,20230702,20230702,RS,8625
07594978,0540,2,,02,20230703,20230703,RJ,6001
51271199,0001,1,FORMA FISICA,08,20250718,20230703,RS,8791
47931204,0002,2,TP FITNESS,04,20260608,20230703,GO,9371
51278305,0001,1,ESTUDIO HUMANITA,08,20260202,20230703,PR,7667
51280813,0001,1,STUDIO NEW LINE,02,20230703,20230703,PB,2155
51281626,0001,1,,02,20230704,20230704,RJ,5807
51282128,0001,1,BOX FULL ENERGY BONGUE,08,20240328,20230704,SP,6875
51284571,0001,1,GITTA PILATES,02,20230704,20230704,RJ,5863
51291436,0001,1,ACADEMIA E TREINAMENTO MAROMBA,02,20230704,20230704,SC,8143
51303418,0001,1,ACADEMIA GAVIOES,02,20230705,20230705,CE,1389
51307409,0001,1,CIA BODY FIT,02,20230705,20230705,SP,7107
51320417,0001,1,INSIGHT SAUDE INTEGRADA,02,20230706,20230706,RJ,2921
51327035,0001,1,,08,20231004,20230706,SP,5447
51327296,0001,1,Z QUATRO,02,20230706,20230706,SP,7071
51328810,0001,1,PANDORA,08,20250527,20230706,SP,7075
51329927,0001,1,TRANSFORMANC,02,20230706,20230706,RJ,6001
51340528,0001,1,,02,20230707,20230707,SP,6311
51342431,0001,1,VIVA FIT,02,20230707,20230707,RS,5935
51357513,0001,1,BIO SPACE FIT,02,20230710,20230710,MT,8985
51366494,0001,1,SATELITE CROSS TRAINING,02,20230710,20230710,RR,0301
51375641,0001,1,,02,20230711,20230711,ES,5629
51379300,0001,1,GUILHERME RISSO OLIVEIRA,02,20230711,20230711,SP,7083
51380732,0001,1,FUNCIONAL DOS AMIGOS CG,02,20230711,20230711,MS,9051
51391681,0001,1,ATEM GYM FITNESS,02,20230712,20230712,CE,1389
51404136,0001,1,EVOQUE ACADEMIA,02,20230713,20230713,SP,7107
51405428,0001,1,A FENIX ACADEMIA,02,20230713,20230713,GO,9373
51406766,0001,1,CARRASCO FIT LTDA,02,20230713,20230713,SP,7107
51411639,0001,1,GET UP BARIGUI,02,20230713,20230713,PR,7535
51414131,0001,1,RCORPORE ACADEMIA,02,20230713,20230713,GO,9373
51429286,0001,1,STUDIO DE PILATES ISABELLA ROCHA,08,20230802,20230714,MS,9051
51324961,0001,1,PROFIT,02,20230706,20230706,SE,3103
51443036,0001,1,ACADEMIA - MEGA FITNESS,02,20230717,20230717,SP,7151
51444889,0001,1,STUDIO LION PILATES E FISIOTERAPIA,08,20240513,20230717,SP,7057
51450057,0001,1,PILATES HARMONICO,02,20230717,20230717,SC,8167
42449492,0002,2,STUDIO FORMA E SAUDE,02,20230717,20230717,PE,2517
09127513,0002,2,NB FIT,02,20230717,20230717,RJ,6001
51465424,0001,1,STUDIO VELOCITY,02,20230718,20230718,SP,7107
51467218,0001,1,ACADEMIA MOOVE,02,20230718,20230718,MG,4255
50304685,0002,2,HIDROPOWER,02,20230718,20230718,PR,7483
51476947,0001,1,ARENA FITNESS,02,20230719,20230719,BA,3569
07594978,0513,2,,08,20230719,20230306,SP,7107
07594978,0521,2,,08,20230719,20230307,MG,4123
51486537,0001,1,,02,20230719,20230719,SP,7107
51501345,0001,1,TOCA PERSONAL TRAINER,08,20240719,20230720,RJ,6001
51506225,0001,1,ACADEMIA - JULIANO SANTOS - PERSONAL TRAINER,02,20230721,20230721,MG,4273
51506758,0001,1,ESPACO ELIZEU TELES,02,20230721,20230721,RJ,6001
51508443,0001,1,ACADEMIA MOVIMENT,02,20230721,20230721,GO,9473
51509239,0001,1,MT PERFORMANCE,02,20230721,20230721,RN,1759
51510986,0001,1,STUDIO DE PILATES PAULA PAIVA,02,20230721,20230721,MT,1182
51525825,0001,1,REABFIT,02,20230724,20230724,PI,1153
51528068,0001,1,SKYFIT ACADEMIA,02,20230724,20230724,SP,6291
07594978,0549,2,,02,20230724,20230724,GO,9373
51533108,0001,1,STUDIO DEBORAH LIMBERGER PILATES,08,20240905,20230724,RS,5761
51533332,0001,1,,02,20221001,20221001,RN,1669
51534558,0001,1,ESPACO MAROMBA,02,20230724,20230724,MA,0739
51558374,0001,1,VITALLE STUDIO PILATES,02,20230725,20230725,MT,9067
51562141,0001,1,CALI WORKOUT CENTRO DE TREINAMENTO,08,20260512,20230726,RS,8817
51564253,0001,1,ESPACO GIRASSOL DESENVOLVER,02,20230726,20230726,SP,6969
13396172,0015,2,,02,20230726,20230726,RS,8957
51578689,0001,1,O2 MOVE FITNESS CONDICIONAMENTO FISICO,02,20230727,20230727,SP,7107
51589607,0001,1,MASSON TENIS,04,20260611,20230727,DF,9701
44193745,0001,1,ACTION FITNESS,02,20211110,20211110,MT,9151
51597506,0001,1,STUDIO VOLL,02,20230728,20230728,SP,6875
51616218,0001,1,EQUILIBRIUM FIT,02,20230731,20230731,SP,6261
07594978,0554,2,,02,20230731,20230731,SE,3195
51619602,0001,1,PLATINUM M.C FIT LTDA,02,20230731,20230731,SC,8161
51621322,0001,1,OPTIMUS FIT,02,20230731,20230731,SC,8047
42296675,0002,2,FL - FERNANDA LAYS,02,20230801,20230801,PR,7979
51635855,0001,1,BEM ESTAR ACADEMIA,02,20230801,20230801,ES,5699
51643639,0001,1,,02,20230801,20230801,SP,6831
51644443,0001,1,,02,20230801,20230801,SP,6495
51652118,0001,1,ACADEMIA INOVA JARAGUA,02,20230802,20230802,SP,6163
51665093,0001,1,CROSS ACADEMIA,08,20240719,20230802,BA,3313
51669853,0001,1,STUDIO VELOCITY,02,20230803,20230803,SP,6291
51673775,0001,1,STUDIO VOLL,02,20230803,20230803,PA,0427
20658026,0002,2,,08,20250206,20230807,SC,8081
51707085,0001,1,CROSS PUMA FUNCIONAL,02,20230807,20230807,AM,0255
51712292,0001,1,ACADEMIA FORMULA 1,02,20230807,20230807,SP,7011
51715135,0001,1,MAURO BOTO SPORTS,02,20230807,20230807,ES,5607
51715728,0001,1,ED FITNESS,02,20230807,20230807,MA,0921
51722402,0001,1,,02,20230808,20230808,MG,4959
51723801,0001,1,GRECIA FITNESS,02,20230808,20230808,PE,2521
51728900,0001,1,ACTION 360,02,20230808,20230808,SP,7107
51732184,0001,1,VANESSA REIS PILATES E FISIOTERAPIA,02,20230808,20230808,SP,6543
51734099,0001,1,MOTIVA STUDIO PERSONAL,02,20230808,20230808,TO,9241
51743432,0001,1,STUDIO GP,02,20230809,20230809,MA,0939
51745421,0001,1,M & D CONCEPT - PERSONAL TRAINERS,02,20230809,20230809,PE,0558
51746218,0001,1,,02,20230809,20230809,PB,1981
51755758,0001,1,TEAM SILVA COMBAT,08,20250327,20230809,MA,0803
51759260,0001,1,RJ FITNESS,02,20230810,20230810,MA,0921
51762708,0001,1,QG,02,20230810,20230810,RJ,5863
51763016,0001,1,FIT FORMA,02,20230810,20230810,DF,9701
51768843,0001,1,ACADEMIA MALHACAO,02,20230810,20230810,GO,9395
51773543,0001,1,STUDIO FENIX PILATES E FISIOTERAPIA,02,20230811,20230811,SP,6969
51802633,0001,1,,02,20230814,20230814,ES,5703
51802723,0001,1,,02,20230814,20230814,SP,7107
51821526,0001,1,PERSONATI,02,20230815,20230815,SP,7107
51671202,0001,1,BOXDELAS- ACADEMIA PARA MULHER LTDA,02,20230803,20230803,PB,2051
51570757,0001,1,CT FOX,02,20230726,20230726,RJ,5883
00318069,0034,2,,02,20230816,20230816,DF,9701
51832029,0001,1,PANOBIANCO,04,20260612,20230816,SP,6291
51836360,0001,1,SAUDPLENA,02,20230816,20230816,BA,3363
51836857,0001,1,LAGOON BOX,02,20230816,20230816,PE,2531
51843317,0001,1,,02,20230817,20230817,SP,7107
51843386,0001,1,EAGLEBOX LAGO,08,20240620,20230817,SP,6795
51845692,0001,1,,02,20230817,20230817,SC,8047
51878784,0001,1,MS ACADEMIA,08,20250223,20230821,SE,3163
51878951,0001,1,BUNGEE FLYING,02,20230821,20230821,MG,5403
51879506,0001,1,DN SANTOS PERSONAL TRAINER,02,20230821,20230821,AM,0255
51892058,0001,1,CT FITNESS LTDA,08,20240815,20230821,SC,8039
51895075,0001,1,ALAN IGINO DE MELLO,08,20240124,20230821,PA,0411
51898784,0001,1,ACADEMIA SAUDE 10,02,20230822,20230822,SP,6799
51900076,0001,1,MADE IN ACADEMIA,02,20230822,20230822,PR,7701
51910409,0001,1,,02,20230822,20230822,RS,8637
51912933,0001,1,YOGA FERREIRA,02,20230822,20230822,BA,3849
51922218,0001,1,O ALEXANDRE BARROS CONSULTORIA,02,20230823,20230823,RN,1759
51926430,0001,1,MS TREINAMENTO PERSONALIZADO,02,20230823,20230823,MG,4959
51936357,0001,1,CT MN,02,20230824,20230824,MG,4733
51941100,0001,1,,08,20241104,20230824,MG,5403
51943035,0001,1,,08,20240425,20230824,RS,8771
51947136,0001,1,CROSS BARRA,02,20230824,20230824,SE,3111
51951254,0001,1,STUDIO BOA FORMA,02,20230825,20230825,GO,9511
51974811,0001,1,STUDIO MOTRIZ,02,20230828,20230828,ES,5611
51975385,0001,1,VIDAATIVA STUDIO PERSONALIZADO,02,20230828,20230828,MT,1046
51981039,0001,1,STUDIO KORE,02,20230828,20230828,RO,0003
51983352,0001,1,CROSS UBATA,02,20230828,20230828,BA,3945
51994851,0001,1,,02,20230828,20230828,RJ,5833
51999186,0001,1,,02,20230829,20230829,SP,7273
52000126,0001,1,STILL FIT,02,20230829,20230829,RJ,5833
52007140,0001,1,STUDIO PROG PILATES - FISIOTERAPIA,02,20230830,20230830,SC,8357
52014713,0001,1,,02,20230830,20230830,MG,4123
52017772,0001,1,ULTRA RECANTO DAS EMAS,02,20230830,20230830,DF,9701
52022414,0001,1,F5 STUDIO FITNESS,08,20250124,20230831,CE,1389
52022840,0001,1,CT BLINDAO ACADEMIA,02,20230831,20230831,SP,6877
52033300,0001,1,VIDA ATIVA STUDIO FITNESS,02,20230831,20230831,RJ,5877
39432106,0025,2,,02,20230901,20230901,SP,6713
52043625,0001,1,STUDIO VELOCITY,02,20230901,20230901,SP,6425
52044276,0001,1,CENTRO DE TREINAMENTO LEO COACH,02,20230901,20230901,MG,5249
52046819,0001,1,,02,20230901,20230901,MG,4415
52047429,0001,1,MASTER SAUDE,02,20230901,20230901,SP,6519
52047989,0001,1,MOVWORK,02,20230901,20230901,MT,9167
52064031,0001,1,,02,20230904,20230904,RS,8785
52068795,0001,1,PRIME FIT ACADEMIA,02,20230904,20230904,BA,3715
52076828,0001,1,RUSH STUDIO,02,20230905,20230905,SC,8105
52077089,0001,1,YM ARENA TRAINING,02,20230905,20230905,CE,1373
52080362,0001,1,ACTION 360,02,20230905,20230905,SP,7107
52084161,0001,1,YOGA MEHNDI,02,20230905,20230905,SP,6155
52087242,0001,1,HEYFIT ACADEMIA SAO MIGUEL,02,20230905,20230905,SP,7107
51411823,0001,1,VERONICA PILATES E MOVIMENTO,08,20240710,20230713,SP,6213
52094076,0001,1,BIKE AND FLY BRASIL - UNIDADE AMERICANA,02,20230906,20230906,SP,6131
52095373,0001,1,PANOBIANCO CONCORDIA ARACATUBA,02,20230906,20230906,SP,6155
52095884,0001,1,STUDIO FUNCIONAL BOX TRAINING,02,20230906,20230906,RN,1647
52097002,0001,1,GERO HEALTHY - ATIVIDADES FISICAS,02,20230906,20230906,SP,7145
52109962,0001,1,UP AGENCIAS,02,20230908,20230908,MG,4763
52120156,0001,1,,02,20230909,20230909,DF,9701
52125140,0001,1,ACADEMIA LETS FIT,02,20230911,20230911,PR,7751
52127975,0001,1,,02,20230626,20230626,SP,7107
52128723,0001,1,ESPACO FIT ACADEMIA,02,20230911,20230911,PI,0274
52133946,0001,1,BODY FIT,02,20230911,20230911,MG,4943
52136096,0001,1,,02,20230911,20230911,SP,7071
52142921,0001,1,,02,20230912,20230912,PR,7557
52147788,0001,1,ATOM CYCLE,02,20230912,20230912,SC,8367
52148711,0001,1,,02,20230912,20230912,BA,3597
52155012,0001,1,STUDIO ERICA BRESSAN PERSONAL TRAINER,08,20250218,20230912,MT,9937
52158835,0001,1,HABTTAH STUDIO,02,20230913,20230913,MG,5403
52161137,0001,1,MIRO FIT,02,20230913,20230913,SP,6563
52161794,0001,1,ACADEMIA SUPER FIT,02,20230913,20230913,PR,7545
52162524,0001,1,ACADEMIA FREE TIME,02,20230913,20230913,SP,7107
52162973,0001,1,E-FIT ACADEMIA,02,20230913,20230913,RJ,5869
52173207,0001,1,ESPACO FITNESS,02,20230913,20230913,CE,1507
52175804,0001,1,OVERALL FIT STUDIO,02,20230914,20230914,AL,2861
52182167,0001,1,,02,20230914,20230914,SP,7121
52183037,0001,1,,08,20260302,20230914,RS,8587
52184184,0001,1,SZ FITNESS LTDA,02,20230914,20230914,RJ,6001
52184206,0001,1,,02,20230914,20230914,MG,4633
52186949,0001,1,SKYFIT SAO JOSE DOS CAMPOS,02,20230914,20230914,SP,7099
52192335,0001,1,ACADEMIA PRATIQUE FITNESS,02,20230915,20230915,MG,4371
51866905,0002,2,ACADEMIA DRENA CORPUS,02,20230915,20230915,PR,7467
52201487,0001,1,ANA FRANCISCA,08,20250422,20230915,SP,7157
50840907,0001,1,CT THUNDER CROSS,02,20230526,20230526,BA,3849
52211206,0001,1,CORPOATIVO FISIOTERAPIA E PILATES,02,20230917,20230917,BA,3993
52215309,0001,1,C J STUDIO MUSCULACAO E TREINAMENTO FUNCIONAL 40+,02,20230918,20230918,RJ,5819
52215863,0001,1,STUDIO ROSE,08,20231101,20230918,CE,1467
52218159,0001,1,ACADEMIA MARQUES GYM,02,20230918,20230918,RJ,6001
52230187,0001,1,,02,20230919,20230919,MG,4083
52234664,0001,1,FISIOTRAT,02,20230919,20230919,MT,1042
52246987,0001,1,SOARES ACADEMIA,02,20230920,20230920,MG,5439
52247862,0001,1,PANOBIANCO PENHA,02,20230920,20230920,SP,7107
48676256,0001,1,BIOCORE SPORTS,08,20240226,20221121,SP,2965
52252316,0001,1,,02,20230920,20230920,MG,5413
52259623,0001,1,,02,20230920,20230920,PE,2531
52262404,0001,1,OUTI ACADEMIA DE GINASTICA,02,20230921,20230921,SP,7107
52263442,0001,1,ACADEMIA I9FIT,02,20230921,20230921,RJ,6001
52272308,0001,1,EVOQUE ACADEMIA 33,02,20230921,20230921,SP,7077
52279842,0001,1,STUDIO WELL WOMAN,02,20230922,20230922,SP,7107
52281746,0001,1,,02,20230922,20230922,RS,8871
52283220,0001,1,,02,20230922,20230922,SP,7107
52287037,0001,1,,02,20230922,20230922,RS,8801
52293993,0001,1,CSI - CLINICA EM SAUDE INTEGRADA,02,20230924,20230924,DF,9701
52295737,0001,1,LYS' KARINE PERSONAL TRAINER,02,20230925,20230925,RJ,6001
50658302,0001,1,SKY FIT EMBU DAS ARTES,02,20230512,20230512,SP,6401
52313014,0001,1,,08,20240416,20230926,MG,4723
52319496,0001,1,ELITE BOX,02,20230926,20230926,RJ,5883
52320428,0001,1,GM EXCLUSIVE FITNESS,02,20230926,20230926,CE,1383
52322251,0001,1,ACADEMIA BS FITNESS,02,20230926,20230926,MA,0921
52325755,0001,1,THE PLEX FIT,02,20230926,20230926,SP,6619
52330386,0001,1,FMM EVENTOS,02,20230927,20230927,RJ,6001
67849323,0002,2,,02,20230927,20230927,SP,7107
52340394,0001,1,LETS GROW ACADEMIA,02,20230927,20230927,GO,9221
52345649,0001,1,AMARO FITNESS,02,20230928,20230928,RN,1753
52349095,0001,1,,02,20230928,20230928,MG,5413
52412130,0001,1,CF DOM,02,20231003,20231003,SP,7107
50349975,0001,1,IRONBERG SP,02,20230417,20230417,SP,7107
52424730,0001,1,A10 GUARIBAS,02,20231004,20231004,AL,2705
52425278,0001,1,CT POWER GYM ACADEMIAS,02,20231004,20231004,BA,3963
52430156,0001,1,,02,20221126,20221126,RN,1669
52432307,0001,1,SEMPRE EM FORMA ACADEMIA,02,20231005,20231005,MG,5413
52432445,0001,1,STUDIO REFIT,02,20231005,20231005,MG,4673
52435391,0001,1,ESCOLA DE TALENTOS JRI,02,20231005,20231005,RJ,6001
46310971,0001,1,,02,20220509,20220509,SP,6369
52444074,0001,1,NETO RAMOS - SERVICOS DE EDUCACAO FISICA,02,20231005,20231005,PB,1981
52452637,0001,1,STUDIO CONCEPT PILATES,02,20231006,20231006,PB,2051
52454182,0001,1,ACADEMIA CORPO E SAUDE,02,20231006,20231006,DF,9701
49041043,0004,2,,02,20231006,20231006,MG,4123
52459006,0001,1,STUDIO GF FITNESS,02,20231006,20231006,AL,2785
52475866,0001,1,GOLD FIT ACADEMIA E ASSISTENCIA EM SAUDE,02,20231009,20231009,RS,8869
52481516,0001,1,E3 FITNESS PRIME LTDA,02,20231009,20231009,AL,2789
52485343,0001,1,HARDCORE EXTREME ACADEMIA,02,20231010,20231010,PI,1219
52486804,0001,1,G CROSS,02,20231010,20231010,BA,3849
52488992,0001,1,IMFITNESS ACADEMIA,02,20231010,20231010,MA,0955
46530942,0001,1,STUDIO VITARI,02,20220525,20220525,SP,6563
52495826,0001,1,BOX JD BRASILIA,02,20231010,20231010,SP,7107
52497980,0001,1,CENTRO DE TREINAMENTO ELITE,02,20231010,20231010,GO,9349
52501691,0001,1,POWERFIT PRATINHA,02,20231011,20231011,MG,5059
52502293,0001,1,DEBORA VIDAL,02,20231011,20231011,SP,7027
52528857,0001,1,,02,20231016,20231016,MG,4501
52541384,0001,1,WAVE PILATES,02,20231016,20231016,SC,8179
52543344,0001,1,ALINHAR FIT,02,20231016,20231016,SC,8081
52559767,0001,1,ACADEMIA MOVIMENTO,02,20231017,20231017,BA,3947
52567221,0001,1,SMASH FITNESS,08,20240506,20231018,BA,3543
52568807,0001,1,VALEN,02,20231018,20231018,MG,4553
52575790,0001,1,ACADEMIA CORPO E SAUDE,02,20231018,20231018,DF,9701
52586407,0001,1,STUDIO EVERTON KINTOF,02,20231019,20231019,SP,7097
52586510,0001,1,A2 ACADEMIA,02,20231019,20231019,PE,2339
52588971,0001,1,SMART LYFE,02,20231019,20231019,PB,2051
52601935,0001,1,ACADEMIA FELIX,02,20231020,20231020,CE,1467
37583607,0002,2,,02,20231020,20231020,DF,9701
52608108,0001,1,CENTRO DE TREINAMENTO FORMULA FITNESS,02,20231020,20231020,BA,3597
52609186,0001,1,,02,20231020,20231020,PB,2051
52635820,0001,1,SONGA CF,08,20250212,20231023,BA,3885
52643859,0001,1,PESSOA STUDIO PERSONAL,02,20231024,20231024,SC,8081
38020898,0002,2,CT LIMIT,02,20231024,20231024,MS,9175
52656643,0001,1,ON FORCE ACADEMIA,02,20231025,20231025,SP,6213
39956584,0002,2,KARATE DE COMBATE SEIWAKAI DOJO RICARDO GRANADO,02,20231025,20231025,SP,6713
52660588,0001,1,,02,20231025,20231025,RJ,5809
48631268,0001,1,CROSSFIT SAUDE SOROCABA,08,20231025,20221116,SP,7145
52347117,0001,1,BEATRIZ AVILA FISIOTERAPIA,02,20230928,20230928,SP,7151
52473039,0001,1,MAHALO PILATES SUZANO,02,20231009,20231009,SP,7151
52672874,0001,1,MLA FITNESS,02,20231026,20231026,SP,6477
52673603,0001,1,PILATES GABRIELA CREMASCO,02,20231026,20231026,SP,6511
52673648,0001,1,,02,20231026,20231026,MG,4223
47844234,0001,1,2 HANDS CROSS,02,20220905,20220905,MT,9925
52682605,0001,1,SATARE,02,20231026,20231026,CE,1247
52686549,0001,1,CF4X4 LUXEMBURGO,02,20231026,20231026,MG,4123
52689889,0001,1,GYM21,02,20231027,20231027,MG,0642
52690172,0001,1,NEWFIT,02,20231027,20231027,MA,0719
52692416,0001,1,,02,20231027,20231027,PR,7629
52692611,0001,1,ACADEMIA ONFITNESS,02,20231027,20231027,PE,2513
52698970,0001,1,EDOS BOX,02,20231027,20231027,SP,6475
52705107,0001,1,,02,20231028,20231028,CE,1389
52714712,0001,1,PRO STUDIO,02,20231030,20231030,AL,2785
52718789,0001,1,STUDIO LETAI,08,20240625,20231030,MT,8985
52721465,0001,1,CERBERUS CROSS & BEACH,02,20231030,20231030,RJ,6001
52727736,0001,1,SCORPUS FIT,02,20231031,20231031,MG,4623
52730989,0001,1,"FOCO-SAUDE, BELEZA E BEM ESTAR",02,20231031,20231031,MA,0803
52734099,0001,1,,02,20231031,20231031,SP,7107
52743009,0001,1,DOCTORFIT SAO BENTO,02,20231101,20231101,PB,2179
52747682,0001,1,MR. PILATES,02,20231101,20231101,SP,6477
52749825,0001,1,ACADEMIA FORMAFIT,02,20231101,20231101,AM,9839
52750212,0001,1,STYLLO FITNESS,02,20231101,20231101,SP,6761
52750869,0001,1,ACADEMIA AREA VIP - FRG LTDA,02,20231101,20231101,PR,9983
50650030,0001,1,SBOMPATO STUDIO FITNESS,02,20230512,20230512,SP,6331
52770421,0001,1,PILATES CONCEPT,02,20231103,20231103,PR,7691
52785305,0001,1,BOX SCORE,02,20231106,20231106,MG,5413
52286158,0002,2,SKY FIT AMPARO,08,20251031,20231106,SP,6137
52805475,0001,1,LOKI CROSS,02,20231107,20231107,PE,2531
52805786,0001,1,SHAPE LIFE ACADEMIA,02,20231107,20231107,PA,0567
52807240,0001,1,POINT BOX SANTO ANDRE,02,20231107,20231107,SP,7057
52810376,0001,1,SHARK CT,08,20240816,20231107,CE,9917
52822834,0001,1,SPORT PERFORMANCE,02,20231108,20231108,RJ,6001
52823500,0001,1,,02,20231108,20231108,AL,2865
52826709,0001,1,ACADEMIA ELITE FITT,08,20240814,20231108,PE,2381
52835082,0001,1,ESPACO GESTARE FISIOTERAPIA E PILATES,02,20231109,20231109,MS,9051
52850200,0001,1,INOUT CENTRO DE DESENVOLVIMENTO FISICO E MENTAL,02,20231110,20231110,SP,6141
52853030,0001,1,LARIFITNESSPRO,02,20231110,20231110,SP,6477
52853463,0001,1,ESTUDIO EVOLUA,02,20231110,20231110,RJ,2921
52854110,0001,1,ACADEMIA CLUB JOY,02,20231110,20231110,MG,4371
52856195,0001,1,STUDIO ELEVAR,02,20231110,20231110,MG,4123
52864819,0001,1,,02,20231113,20231113,PR,7541
52873735,0001,1,BOOM FIT ACADEMIA,02,20231113,20231113,SP,7107
52873961,0001,1,ACADEMIA VIVENDO EM FORMA,08,20241022,20231113,PB,2097
52877475,0001,1,SKY FIT PAULO AFONSO,02,20231113,20231113,BA,3781
52881151,0001,1,,02,20231114,20231114,SP,7077
52890840,0001,1,CT MAYCON PREMIANI,02,20231114,20231114,MS,9131
52902776,0001,1,MELO SPORT FIT,02,20231116,20231116,SP,7107
52904480,0001,1,FUNCIONAL ANA LIMEIRA,02,20231116,20231116,AL,2871
52918611,0001,1,OM FITNESS,08,20240130,20231117,SP,7107
52921811,0001,1,ANDRESSA RANGEL SAUDE EM MOVIMENTO,02,20231117,20231117,SC,8105
33113563,0004,2,,02,20231117,20231117,SC,8105
52923226,0001,1,UP BODY,02,20231117,20231117,MT,9191
52936668,0001,1,X-TREMO GYM,02,20231120,20231120,RS,8677
52937214,0001,1,,02,20260602,20231120,ES,5677
52944046,0001,1,CROSS LIFE BOSQUE DA SAUDE,08,20241218,20231121,SP,7107
52947365,0001,1,RAC,02,20231121,20231121,SP,7107
52963285,0001,1,LOFT TRAINING,02,20231122,20231122,PB,2117
52966128,0001,1,CT MOOVE,02,20231122,20231122,SC,8253
52966768,0001,1,STAR FIT ACADEMIA,02,20231122,20231122,GO,9293
52969349,0001,1,ACADEMIA ENERGY GARDEN,02,20231122,20231122,AP,0605
52969380,0001,1,FLEX LIFE ACADEMIA,02,20231122,20231122,GO,9373
13225903,0002,2,,02,20231123,20231123,SP,7107
52976923,0001,1,GARAGEM FITNESS,02,20231123,20231123,SE,3233
52980019,0001,1,P S SOLUCOES,02,20231123,20231123,CE,1389
52988494,0001,1,GFITNESS,08,20260330,20231124,MG,5273
52990573,0001,1,G K SPORT FITNESS,02,20231124,20231124,AL,2853
52999768,0001,1,TB - ESPORTES E SAUDE,02,20231121,20231121,SP,6157
53010389,0001,1,DELTA ACADEMIA,02,20231127,20231127,GO,9373
53012591,0001,1,,02,20231127,20231127,RJ,5869
53016098,0001,1,AFONSO EMMEL TREINAMENTO PERSONALIZADO,02,20231127,20231127,RJ,5813
53018279,0001,1,W S ACADEMIA,02,20231127,20231127,AL,2833
50070732,0001,1,FUNCAO FITNESS,02,20230324,20230324,RN,1759
53024129,0001,1,,02,20231128,20231128,SP,7107
53024721,0001,1,,08,20260527,20231128,RS,8877
53026364,0001,1,GALPAO FITNESS LTDA,02,20231128,20231128,RJ,5807
53042435,0001,1,,02,20231129,20231129,BA,3993
53042589,0001,1,JOTA FITNESS GYM,02,20231129,20231129,DF,9701
51835317,0003,2,,04,20260612,20231129,SP,7107
53045297,0001,1,CITICOM,02,20231129,20231129,AL,2705
53063569,0001,1,,02,20231130,20231130,PR,7535
53063935,0001,1,BOX ATHENAS,02,20231130,20231130,SC,8367
53072259,0001,1,SHAPE ACADEMIA,02,20231201,20231201,PA,0415
53092498,0001,1,,02,20231204,20231204,MG,5041
53093685,0001,1,ACADEMIA ACTTION OLINDA,02,20231204,20231204,PE,2491
53102464,0001,1,,02,20231205,20231205,RJ,6001
53103061,0001,1,CENTRO DE TREINAMENTO MICHAEL JHONATAN,02,20231205,20231205,MG,5195
53103393,0001,1,CT TRIBOO,02,20231205,20231205,MG,4647
53115610,0001,1,RV FITNESS,02,20231206,20231206,MG,4401
53123603,0001,1,SMART PRIME,02,20231206,20231206,BA,3655
53125549,0001,1,RODRIGO LAURIANO PERSONAL TRAINER,02,20231206,20231206,MG,4123
53128739,0001,1,PREMIER NUCLEO INTEGRADO DE SAUDE,02,20231207,20231207,PR,7541
53137237,0001,1,LM GINASTICA ARTISTICA,02,20231207,20231207,MS,9131
53144753,0001,1,,02,20231208,20231208,RJ,6001
53146050,0001,1,TITANIUM ACADEMIA,02,20231208,20231208,CE,1407
53149260,0001,1,ALPHA FIT ACADEMIA,02,20231208,20231208,MA,0803
53163653,0001,1,MARTINS FITNESS ACADEMIA,02,20231211,20231211,MG,0658
53176898,0001,1,CONECT FIT,02,20231212,20231212,MG,4445
53182287,0001,1,ACADEMIA EVOLUCAO FISICA,02,20231212,20231212,SP,7107
53183617,0001,1,PILATES JOYSSE TOSO,02,20231213,20231213,SP,7213
53185966,0001,1,MOINHOS FITNESS,02,20231213,20231213,RS,8801
53191819,0001,1,ACADEMIA LIFE FITNESS,02,20231213,20231213,MA,0803
53192433,0001,1,ARENA CROSSFIT,02,20231213,20231213,SP,6475
53194126,0001,1,BM CONSULTORIA ESPORTIVA E PERSONAL TRAINER,02,20231213,20231213,SP,7107
53196236,0001,1,INSTITUTO CORREDU,02,20231214,20231214,ES,5697
53196982,0001,1,SALUTE STUDIO PILATES,02,20231214,20231214,SP,7005
53198815,0001,1,ACADEMIA ASSIS FIT,02,20231214,20231214,SP,6179
53199710,0001,1,SELFIT,02,20231214,20231214,SC,8105
53200973,0001,1,HASHTAG ACADEMIA IRACEMAPOLIS,02,20231214,20231214,SP,6529
53202928,0001,1,ESPACO JU SOUSA PILATES & FISIOTERAPIA,02,20231214,20231214,SP,7107
53206254,0001,1,ATHLETIC FITNESS,08,20251202,20231214,SE,3169
53214692,0001,1,COSENZA GYM,02,20231215,20231215,PR,7885
53217045,0001,1,STUDIO FIT,08,20240327,20231215,DF,9701
53242788,0001,1,SMART ITAPERUNA,02,20231218,20231218,RJ,5843
53247364,0001,1,,08,20240522,20231218,SP,6425
53251068,0001,1,EVOLUA TREINAMENTO FUNCIONAL,02,20231218,20231218,PR,7525
53251426,0001,1,STUDIO AM,02,20231218,20231218,PA,0567
53256544,0001,1,,08,20251014,20231219,SP,6291
53260375,0001,1,SAO PEDRO ACADEMIA,02,20231219,20231219,CE,1547
53270041,0001,1,R & F ALONGAMENTO CORPORAL,08,20241130,20231220,CE,1389
53271829,0001,1,MAXIMO ACADEMIA,02,20231220,20231220,MG,5257
48943592,0002,2,ARENA ORION BEACH,08,20250108,20231220,SC,8155
53275933,0001,1,GROWTH PERFORM,02,20231220,20231220,PR,7691
18442885,0007,2,LIVE ACADEMIA,02,20231221,20231221,AM,0255
53288915,0001,1,,02,20231222,20231222,SP,6687
53299734,0001,1,,02,20231226,20231226,RJ,6001
53299781,0001,1,,02,20231226,20231226,RS,8927
53310437,0001,1,,02,20231227,20231227,RJ,6001
53314204,0001,1,YOGA E MOVIMENTO,02,20231227,20231227,MA,0921
53318237,0001,1,HIT,02,20231228,20231228,RS,8927
53321846,0001,1,ACADEMIA PREMIUM,02,20231228,20231228,TO,9207
53322052,0001,1,,02,20231228,20231228,SP,6425
53326637,0001,1,ACADEMIA CORPO & VIDA,02,20231229,20231229,MG,5013
53327256,0001,1,JHOYFIT,02,20231229,20231229,MA,0895
53338120,0001,1,FG FITNESS,02,20240102,20240102,CE,1373
53339980,0001,1,SKYFIT PINDAMONHANGABA,02,20240102,20240102,SP,6861
53365104,0001,1,CLUBE PERFOMACE,02,20240104,20240104,DF,9701
53368266,0001,1,SPORTGYM SB ACADEMIA,02,20240104,20240104,PI,2263
53371143,0001,1,,02,20240104,20240104,RS,7343
12941692,0002,2,,02,20240105,20240105,SP,6307
53381275,0001,1,ACADEMIA JK GUARULHOS,02,20240105,20240105,SP,6477
53383117,0001,1,TREINADOR RENAN CARRARO,02,20240105,20240105,PR,7667
53390476,0001,1,A BORGES PEREIRA,02,20240105,20240105,PI,1219
53390831,0001,1,ARENA PREMIUM ACADEMIA,02,20240105,20240105,PR,7517
53398858,0001,1,,02,20240107,20240107,MG,4123
53406338,0001,1,MRT FUNCIONAL,08,20250320,20240108,DF,9701
53409636,0001,1,ACADEMIA BEIRA RIO,08,20240202,20240108,PR,7901
53414441,0001,1,,02,20240108,20240108,SP,7107
15195682,0002,2,ATITUDE CROSS,02,20240109,20240109,PI,2283
53421553,0001,1,TIME FITNESS,02,20240109,20240109,PE,2415
53424435,0001,1,RK TRAINER,02,20240109,20240109,SC,8105
53431186,0001,1,,02,20240109,20240109,SP,6251
53435997,0001,1,STAR FITNESS ACADEMIA,02,20240109,20240109,PA,0441
53436991,0001,1,EQUILIBRIO,02,20240110,20240110,SC,8343
53437295,0001,1,ACADEMIA LIFE FIT,02,20240110,20240110,SP,6333
53087943,0001,1,BIO FITNESS EXPERIENCE,02,20231204,20231204,SC,8027
53456697,0001,1,,02,20240111,20240111,PR,8461
53462473,0001,1,,02,20240111,20240111,SP,7107
53465074,0001,1,,02,20240111,20240111,MG,5035
53469570,0001,1,ACADEMIA ESTACAO PROFITNESS,02,20240112,20240112,SP,7089
53472629,0001,1,ACADEMIA BURLEY LTDA,02,20240112,20240112,PR,7493
53473321,0001,1,ACADEMIA A2 SPORTS,02,20240112,20240112,MG,4371
53481751,0001,1,,02,20240112,20240112,MS,9809
53493218,0001,1,GORILLA CROSS TRAINING,02,20240115,20240115,MG,4649
53502713,0001,1,IRON FITNESS,02,20240115,20240115,AL,2831
53516090,0001,1,BORIN FISIOTERAPIA,02,20240116,20240116,RS,8801
53517290,0001,1,STUDIO TOP FITNESS,02,20240116,20240116,PB,1905
53519888,0001,1,REDUTO,02,20240116,20240116,RO,0003
53529439,0001,1,STUDIO SAUDE E FITNESS,02,20240117,20240117,RJ,6001
53532751,0001,1,ESPACO IKEBANA,02,20240117,20240117,MG,5403
53481751,0002,2,,02,20240112,20240112,MS,9809
53537289,0001,1,MAXIMIZE ESPACO FITNESS,02,20240117,20240117,SC,8343
53539362,0001,1,,02,20240117,20240117,RS,8801
53541479,0001,1,MUV MOVIMENTO FITNESS,02,20240117,20240117,SP,6291
53542475,0001,1,CARVALHO ME,02,20240117,20240117,PB,2051
53544293,0001,1,THAIS BRONZO PERSONAL TRAINER,02,20240117,20240117,SP,7107
53550333,0001,1,GALPAO NEO GYM,02,20240118,20240118,SP,6477
53552150,0001,1,ACADEMIA SPARTA FITNESS,02,20240118,20240118,PE,2443
53553766,0001,1,HEALTHPRO,02,20240118,20240118,SP,7107
53554419,0001,1,AD FISIOTERAPIA,02,20240118,20240118,RS,8801
53555277,0001,1,ACADEMIA MARAJOARA,02,20240118,20240118,SP,7107
53557875,0001,1,THE PHOENIX GYM,02,20240118,20240118,SP,6181
53565260,0001,1,MESTRE KAME,08,20260313,20240119,AP,0605
53565546,0001,1,ATIVES FITNESS,02,20240119,20240119,MG,4813
53569933,0001,1,STUDIO PILATES EC,02,20240119,20240119,SP,7107
53571497,0001,1,FF POWER FIT ACADEMIA,02,20240119,20240119,SC,8127
53578772,0001,1,,02,20240119,20240119,SC,8105
53579522,0001,1,BOX CROSS ZB,02,20240119,20240119,PA,0427
53580941,0001,1,,02,20240120,20240120,PR,7667
53591377,0001,1,,02,20240122,20240122,CE,1455
53592087,0001,1,SN STUDIO TRAINER,02,20240122,20240122,MG,4953
50096211,0002,2,,02,20240122,20240122,RS,8791
53594773,0001,1,CENTRO DE TREINAMENTO SLZ,02,20240122,20240122,MA,0921
53596885,0001,1,STUDIO E PILATES UNIDADE SWIFT - 31,02,20240122,20240122,SP,6291
53598537,0001,1,,02,20240122,20240122,SC,8163
53600377,0001,1,AGUIA CROSS,02,20240122,20240122,GO,9227
31562239,0005,2,,02,20260526,20240122,PE,2531
53618539,0001,1,JOCA ESPORTES,02,20240123,20240123,SP,7145
53619954,0001,1,ACADEMIA WORLD FITNESS,02,20240123,20240123,GO,9299
53622695,0001,1,GOODBE ALTO DO IPIRANGA,02,20240123,20240123,SP,7107
53625377,0001,1,MD FITNESS,02,20240123,20240123,BA,3363
53628767,0001,1,BF ZERO ACADEMIA PRIME,02,20240124,20240124,MG,5139
53634107,0001,1,DS FIT,08,20240425,20240124,RJ,5883
53636465,0001,1,ALPHA CT,02,20240124,20240124,RS,1030
53643231,0001,1,CENTRO DE TREINAMENTO E CONDICIONAMENTO FISICO CROSSLIF,02,20240124,20240124,MG,4941
53650976,0001,1,ELEVE CROSS E FUNCIONAL,02,20240125,20240125,SC,8233
53652955,0001,1,BULLSCROSS,02,20240125,20240125,BA,3341
53666428,0001,1,KARIRI FITNNES,02,20240126,20240126,CE,1447
53666876,0001,1,JOSE BENSBERG - CONSULTORIA FISICA E HEALTHCOACH,02,20240126,20240126,PR,7535
52640700,0002,2,,02,20240126,20240126,CE,1469
53672345,0001,1,,02,20240126,20240126,SP,6959
53675950,0001,1,FITNESS PARANAGUA,02,20240126,20240126,PR,7745
53687475,0001,1,INTEGRAL FIT,02,20240128,20240128,MG,4333
53691682,0001,1,REVIVE - FISIOTERAPIA E PILATES,02,20240129,20240129,CE,1373
53693759,0001,1,BODY SOUL FIT SPORTS,02,20240129,20240129,SP,7107
53701639,0001,1,MB ACADEMIA SW,02,20240129,20240129,DF,9701
53710304,0001,1,SPORTS WATTS,02,20240130,20240130,SP,7077
53719265,0001,1,ESPACO BEM ESTAR,02,20240130,20240130,RJ,5885
53720782,0001,1,ATITUDE FUNCIONAL,02,20240130,20240130,MG,4223
53723059,0001,1,,02,20240130,20240130,SP,7145
53731490,0001,1,,02,20240131,20240131,SP,7089
53740997,0001,1,ACADEMIA ARENA FITNESS,02,20240131,20240131,MG,5023
53750118,0001,1,GARAGEM TREINAMENTO FISICO,02,20240201,20240201,CE,1567
53753272,0001,1,,02,20240201,20240201,PA,0425
53755660,0001,1,SBD FIT ACADEMIA,02,20240201,20240201,MG,4677
53757224,0001,1,ACADEMIA MALHACAO FITNESS,02,20240201,20240201,MG,4283
12083378,0004,2,MITRA SAUDE E EQUILIBRIO,02,20240201,20240201,RJ,5803
53762329,0001,1,AVANTFIT,02,20240201,20240201,CE,1303
53769551,0001,1,GINARTE GINASTICA RITMICA,02,20240202,20240202,PR,7565
53776245,0001,1,ACADEMIA VP SPORTS LTDA,02,20240202,20240202,PR,7535
53780629,0001,1,,02,20240202,20240202,SP,6209
53782331,0001,1,VIVA VOCE PILATES E FISIOTERAPIA,02,20240202,20240202,BA,3849
53783563,0001,1,CROSS WOLF,02,20240202,20240202,AM,0255
53796428,0001,1,STUDIO VOLL,02,20240205,20240205,SP,6213
35840012,0002,2,,02,20240205,20240205,MT,9035
53803812,0001,1,,02,20240205,20240205,SP,6291
53813866,0001,1,MOTION FIT TATUAPE ACADEMIA,02,20240206,20240206,SP,7107
53814669,0001,1,CT BODY SENSE,02,20240206,20240206,MG,4229
53820960,0001,1,BALDUINO BEACH TENNIS,02,20240206,20240206,GO,9373
53822600,0001,1,,02,20240206,20240206,RS,8857
53824622,0001,1,GOBBI SERVICOS,08,20241127,20240206,SP,7107
53826531,0001,1,WF ACADEMIA,02,20240206,20240206,CE,1465
53827793,0001,1,ACELERA ACADEMIA,08,20250225,20240206,MG,4123
53834268,0001,1,ESTUDIO CENTER FITNESS,02,20240207,20240207,PB,1975
53837012,0001,1,ESPACO FENIX,02,20240207,20240207,SP,7079
53837554,0001,1,GUIF'S STUDIO PERSONAL,02,20240207,20240207,SP,7121
53837927,0001,1,MASTER FITNESS,02,20240207,20240207,SP,6291
53840692,0001,1,,02,20240207,20240207,RJ,6001
53841237,0001,1,THUNDER CF TRAINING,02,20240207,20240207,SP,7107
53841455,0001,1,STUDIO KORE,02,20240207,20240207,SP,7107
53843349,0001,1,SKYFIT SANTA TEREZINHA,02,20240207,20240207,SP,6875
53846651,0001,1,SKYFIT PIRASSUNUNGA,08,20251205,20240207,SP,6887
53861345,0001,1,MR SHAPE GYM,02,20240208,20240208,MA,0733
53866245,0001,1,TRANSFORME SIX,02,20240208,20240208,GO,9373
53873685,0001,1,DUNGA ACADEMIA,02,20240209,20240209,PA,0447
53873789,0001,1,,02,20240209,20240209,RS,8801
53875000,0001,1,STUDIO PERSONAL KIDS CAROL OLIVEIRA,04,20260612,20240209,SP,6291
53916083,0001,1,FITJESS,02,20240215,20240215,MG,4079
53920276,0001,1,,02,20240215,20240215,PR,7927
53925192,0001,1,DUMBELL FIT,02,20240215,20240215,MG,4687
53927834,0001,1,FLUIR STUDIO PILATES,02,20240215,20240215,SP,7075
53769770,0001,1,,08,20250203,20240202,SC,8233
53932014,0001,1,,02,20240216,20240216,PR,7955
29909026,0002,2,ACADEMIA DO PAULISTAO,08,20250114,20240216,GO,9373
53940549,0001,1,PERSONAL WELL,02,20240216,20240216,SP,7107
53943690,0001,1,BS TREINAMENTOS,02,20240216,20240216,AM,0255
53955644,0001,1,,02,20240219,20240219,PR,7667
53956943,0001,1,BOX COLOSSO GRANJA,02,20240219,20240219,CE,1389
53958933,0001,1,ACADEMIA SANTANA FITNESS,02,20240219,20240219,CE,1541
53959609,0001,1,ACADEMIA ENERGY,02,20240219,20240219,RS,8899
53960034,0001,1,NEPOFIT PERFORMANCE,02,20240219,20240219,SP,6983
53965748,0001,1,JD COMPANY,02,20240219,20240219,CE,1389
53971228,0001,1,POWER TRAININ STUDIO,02,20240219,20240219,SP,7107
53986927,0001,1,MR FITNESS,02,20240220,20240220,SE,3109
53989487,0001,1,,02,20240220,20240220,PR,7923
53997100,0001,1,URBAN FITNESS,02,20240221,20240221,SP,7107
53999465,0001,1,,02,20240221,20240221,SP,7201
54003184,0001,1,HONO JR FITNESS,02,20240221,20240221,BA,3593
54003993,0001,1,CENTRO DE TREINAMENTO DOM,02,20240221,20240221,SC,8347
54010292,0001,1,CRISTIANE DORNELES PILATES CLASSICO,02,20240221,20240221,RS,8801
54010852,0001,1,THR GESTOR DE PERFORMANCE,02,20240221,20240221,PI,1219
54010876,0001,1,FLUIR +,02,20240221,20240221,PR,7535
52551716,0002,2,B7 BODYFITNESS,02,20240222,20240222,CE,1389
54023102,0001,1,STUDIO VELOCITY,02,20240222,20240222,SP,7107
44951189,0002,2,CX JARDIM EUROPA,08,20250625,20240222,MG,5403
54037704,0001,1,,02,20240223,20240223,SP,7107
40358744,0002,2,,02,20240223,20240223,SP,6875
54038985,0001,1,FLAMER BOX,02,20240223,20240223,SP,7107
54039293,0001,1,,02,20240223,20240223,RS,8771
54039769,0001,1,CAMPINAS FIT,02,20240223,20240223,SP,6291
54041581,0001,1,,02,20240223,20240223,SP,7107
54046538,0001,1,JUNIOR NOVELLO PERSONAL TRAINER,02,20240223,20240223,RS,8883
54072176,0001,1,CT LL TEAM LTDA,02,20240226,20240226,MG,4751
54077543,0001,1,XTRI SPORTS,02,20240226,20240226,PR,7535
54079791,0001,1,ER FIT,02,20240227,20240227,SP,6789
54088302,0001,1,JCF - SAUDE E ESPORTE EM MOVIMENTO,08,20241001,20240227,SC,8379
54090411,0001,1,ACADEMIA MAIS FIT,02,20240227,20240227,MG,4865
54092006,0001,1,PHYSIO GYM,02,20240227,20240227,CE,1389
54093308,0001,1,EMS NEURO TRAINING,02,20240227,20240227,SP,7107
54097098,0001,1,BEFIT TREINAMENTO PERSONALIZADO,02,20240227,20240227,PR,7535
54097144,0001,1,PARCEIRO CROSS,02,20240227,20240227,PE,2549
45394075,0002,2,,08,20250121,20240228,GO,9433
54112243,0001,1,GARAGE TRAINING VGP,08,20240805,20240228,SP,7273
54114816,0001,1,ACADEMIA AD3 PALHOCA,02,20240228,20240228,SC,8233
54116957,0001,1,CORPUS FITNESS,02,20240228,20240228,BA,3409
54123913,0001,1,,02,20240229,20240229,RS,8591
54124965,0001,1,CLINICA VITALLITY,02,20240229,20240229,SC,8245
49789478,0003,2,,02,20240229,20240229,SP,7107
07594978,0596,2,,02,20240229,20240229,CE,1389
54129696,0001,1,N&L PERFORMANCE ESPORTIVA,02,20240229,20240229,PR,7535
54133424,0001,1,MARIA ALEXANDRE,02,20240229,20240229,SP,7107
54139343,0001,1,CENTRO DE TREINAMENTO MASTER FITNESS,02,20240301,20240301,RN,1893
54142678,0001,1,,02,20240301,20240301,SP,7209
54144784,0001,1,R M ACADEMIA,02,20240301,20240301,PI,1219
49842853,0002,2,CIA DA MODA,02,20240301,20240301,MG,5371
54154046,0001,1,A. CAVAZANA ACADEMIA PERSONALIZADA,02,20240301,20240301,PR,7469
26982450,0002,2,SUPER LIFE PILATES,08,20260311,20240304,SC,8189
41918071,0003,2,BLACK GYM FITNESS STUDIO,08,20260408,20240304,MS,9073
07594978,0602,2,,02,20240304,20240304,AM,0255
54172282,0001,1,ZERO16 CROSS TRAINING,02,20240304,20240304,SP,6257
54175493,0001,1,GO FIT,02,20240304,20240304,SC,8143
54184405,0001,1,MOOVIT WELLNESS,02,20240305,20240305,SP,7029
54185200,0001,1,BOA FORMA ACADEMIA,02,20240305,20240305,RS,8705
54190086,0001,1,RODRIGO PEIXOTO HERNANDES,02,20240305,20240305,SP,7181
54196002,0001,1,,02,20240305,20240305,SP,7107
54215107,0001,1,,02,20240306,20240306,PR,7493
53556042,0001,1,SKYFIT ACADEMIA CUIABA,02,20240118,20240118,MT,9067
54219892,0001,1,,02,20240306,20240306,ES,5703
54240894,0001,1,STUDIO 360,02,20240308,20240308,SP,6969
54246926,0001,1,CAION MENTORIAS,08,20241127,20240308,MG,5413
54249791,0001,1,CAROL SILVA PERSONAL,02,20240308,20240308,SP,6369
54250416,0001,1,RN FITNESS,02,20240308,20240308,AL,2869
54266536,0001,1,,02,20240311,20240311,MG,4779
54267625,0001,1,,02,20240311,20240311,SP,7107
54271498,0001,1,,02,20240311,20240311,GO,9373
54275430,0001,1,PLENA FORMA,02,20240311,20240311,MS,9061
54296617,0001,1,MOUNT OLYMPUS ACADEMIA,02,20240312,20240312,MG,4217
35432213,0002,2,,02,20240313,20240313,PR,7535
54301713,0001,1,BIOFORMA,02,20240313,20240313,MG,5403
54305423,0001,1,MA TREINAMENTO PERSONALIZADO,08,20251003,20240313,RS,8801
54310272,0001,1,FULL FITNESS,02,20240313,20240313,PE,2605
54314378,0001,1,,08,20260123,20240313,SP,7107
54316228,0001,1,LUCIA GORETTI ESPORTE SAUDE E BEM ESTAR,02,20240313,20240313,SP,6877
54323429,0001,1,BODY CENTER STUDIO,02,20240314,20240314,MG,4781
54330309,0001,1,,02,20240314,20240314,RS,8955
54331881,0001,1,MOVFIT ACADEMIA,02,20240314,20240314,TO,9721
54338545,0001,1,,02,20240315,20240315,SP,6249
54338916,0001,1,ACADEMIA SPORT FITNESS,02,20240315,20240315,MG,4783
54339046,0001,1,GYM FIT ACADEMIA,02,20240315,20240315,MG,0658
54339329,0001,1,ARENA BLACKCROSS,02,20240315,20240315,SP,7145
54347226,0001,1,PEQUENA ESPORTIVA,08,20240726,20240315,SP,7107
54347573,0001,1,LP CONDICIONAMENTO FISICO,08,20240326,20240315,PR,7777
54197929,0001,1,,08,20250110,20240305,MG,4069
54116274,0001,1,ACADEMIA SUIT,02,20240228,20240228,TO,0171
54372496,0001,1,THE WOMAN GYM CAMPINAS,02,20240318,20240318,SP,6291
54378671,0001,1,CORPUS FITNESS ACADEMIA,02,20240319,20240319,MA,0743
54383453,0001,1,ULTRA SPINNING,02,20240319,20240319,MS,9165
54383809,0001,1,,02,20240319,20240319,SP,7005
54388518,0001,1,,02,20240319,20240319,SP,7145
54395938,0001,1,TREINADOR DE CONDOMINIO,08,20240920,20240320,DF,9701
54397845,0001,1,,02,20240320,20240320,SC,8117
54399921,0001,1,MOOVE FIT,02,20240320,20240320,RS,8801
54403528,0001,1,VOLL STUDIOS IPIRANGA,02,20240320,20240320,SP,7107
54416851,0001,1,ACADEMIA ARENA FITNESS,02,20240321,20240321,CE,1341
54417430,0001,1,ACADEMIA TITANNIUM,02,20240321,20240321,PR,8453
54418414,0001,1,SPEED FITNESS,02,20240321,20240321,MG,4675
54419829,0001,1,BRBOX CENTRO DE TREINAMENTO,02,20240321,20240321,CE,1249
54421863,0001,1,,02,20240321,20240321,SP,7107
44658043,0002,2,VEM MALHAR,08,20240605,20240321,MG,4751
54426263,0001,1,PANOBIANCO ROLDAO MOGI GUACU,02,20240321,20240321,SP,6715
54432775,0001,1,PILATES FOR LIFE,08,20240402,20240322,SP,7107
95121604,0002,2,ACADEMIA CAMERINI GINASTICA E DANCA,08,20260324,20240322,RS,8525
54434811,0001,1,,02,20240322,20240322,SP,6853
54437713,0001,1,,08,20260211,20240322,MG,4763
54441954,0001,1,MD FITNESS ACADEMIA,02,20240322,20240322,CE,1385
54444461,0001,1,PANOBIANCO SILVERSTONE,02,20240322,20240322,SP,6601
54461837,0001,1,CLUBE 40+,02,20240325,20240325,RS,8801
54462821,0001,1,,02,20240325,20240325,RJ,6001
54466762,0001,1,PHYSICUS ACADEMIA,08,20241205,20240325,TO,9241
54309313,0001,1,MARQUES ASSESSORIA ESPORTIVA,02,20240313,20240313,GO,9407
54476482,0001,1,R JR PERFORMANCE,02,20240326,20240326,RJ,5853
54477599,0001,1,BOX CROSSFIT,08,20240513,20240326,CE,1547
54480202,0001,1,ROB FITNESS,02,20240326,20240326,GO,9329
54483137,0001,1,ACADEMIA 38º,02,20240326,20240326,RN,1837
54483160,0001,1,H FIT ACADEMIA,02,20240326,20240326,PI,1289
54510311,0001,1,IRON ACADEMIAS,02,20240328,20240328,CE,1389
54526212,0001,1,CROSSTRAING BOX,02,20240330,20240330,PR,7513
54538227,0001,1,RAPHAEL TRASSATO PERSONAL TRAINER,02,20240401,20240401,SP,7107
54540542,0001,1,STUDIO 43,02,20240401,20240401,SC,8225
54541147,0001,1,ESTUDIO FUNCIONAL E ALTA PERFORMANCE,02,20240401,20240401,PE,2333
54545537,0001,1,VITTA FIT,02,20240401,20240401,RS,8765
54550703,0001,1,LA FAMILIA ACADEMIA,02,20240402,20240402,BA,3515
54550927,0001,1,,02,20240402,20240402,SP,7071
54551008,0001,1,BRAVOS CT,02,20240402,20240402,GO,9221
54552378,0001,1,KIDS UP TREINAMENTO FUNCIONAL E RECREATIVO,08,20260204,20240402,RS,8899
54555563,0001,1,KHIUANI DIAS ACADEMIA DE GINASTICA ARTISTICA,02,20240402,20240402,PR,7535
54560483,0001,1,ACADEMIA NANDO NOVAES,02,20240402,20240402,PR,7935
54561655,0001,1,URUS CROSSFIT,02,20240402,20240402,SP,7107
54577743,0001,1,ACADEMIA LIDER,02,20240403,20240403,BA,3083
54578204,0001,1,LIFE SPORT FIT,02,20240403,20240403,SP,7151
54580177,0001,1,FORCEE EVOLUTION,02,20240403,20240403,SC,8081
54594255,0001,1,MD ACADEMIA,02,20240404,20240404,MG,4611
53749811,0001,1,ANGAIFIT,08,20251215,20240201,PR,0854
54607194,0001,1,STALLWORTH TRAINING,02,20240405,20240405,SP,7107
54608232,0001,1,,08,20240502,20240405,MS,9051
54611198,0001,1,MANOEL ACADEMIA,08,20260409,20240405,PA,0539
54311841,0001,1,KAMALEAO ESTUDIO,02,20240313,20240313,SP,6477
54628014,0001,1,,02,20240407,20240407,SP,6425
54631636,0001,1,KD FISIO PILATES E FISIOTERAPIA,02,20240408,20240408,PR,7685
54631943,0001,1,STUDIO FUNCIONAL SUPER ACAO,02,20240408,20240408,PI,1093
42571668,0002,2,,02,20240408,20240408,SP,6689
54640375,0001,1,ACADEMIA PERSONAL EXCELLENCE,08,20260211,20240408,PR,7583
54648842,0001,1,R B STUDIO PERSONAL,02,20240409,20240409,GO,9371
54654860,0001,1,,02,20240409,20240409,SP,7075
54660929,0001,1,VINICIUS MASSARUTTO PERSONAL TRAINER,02,20240409,20240409,SC,8105
54664116,0001,1,AYRAN SPORTS SCIENCE,02,20240409,20240409,SP,7107
54678187,0001,1,ABSOLUTY PILATES - BY POLLY,02,20240410,20240410,AM,0255
54689883,0001,1,ACADEMIA ATLETICA BODY BEAUTY,02,20240411,20240411,AM,0255
54703402,0001,1,FUNCIONAL FEMININO JAQUELINE SANTOS,02,20240412,20240412,RJ,6001
54705648,0001,1,TOP FIT ACADEMIA,02,20240412,20240412,MG,5131
54705839,0001,1,NUTRIFITNESS TRAINNING CENTER,02,20240412,20240412,PE,2321
54714164,0001,1,PERFORMANCE ACADEMIA,08,20250717,20240412,SC,8041
54719880,0001,1,,02,20240413,20240413,SP,6257
54727564,0001,1,,02,20240415,20240415,MG,4145
54738165,0001,1,,02,20240415,20240415,SP,7107
54739979,0001,1,WF PERFORMANCE,02,20240415,20240415,SC,8259
50182256,0002,2,,02,20240416,20240416,MG,4371
33492035,0002,2,HIDRO SPORT FITNESS,02,20240416,20240416,CE,1537
54766609,0001,1,VILELA ACADEMIA DE GINASTICA,02,20240417,20240417,MG,4997
54771630,0001,1,,02,20240417,20240417,ES,5699
54772685,0001,1,ENERGYM TOP FITNES,02,20240417,20240417,AM,0255
54775734,0001,1,,02,20240417,20240417,CE,1241
54777597,0001,1,JWR FITNESS,08,20251215,20240417,PE,2531
54780409,0001,1,GROW MAX ACADEMIA,02,20240417,20240417,BA,3515
54784234,0001,1,IM SERVICOS FARMACEUTICOS/PERSONAL,02,20240418,20240418,TO,9649
54786182,0001,1,XTRACK ACADEMIA SJC,02,20240418,20240418,SP,7099
52126090,0003,2,,08,20250203,20240418,RN,1759
54788903,0001,1,,08,20251219,20240418,SC,8105
54789202,0001,1,HORNETS FIT STUDIO,02,20240418,20240418,PR,7535
54793044,0001,1,RAQUEL LIMA ROCHA,02,20240418,20240418,SP,7075
54481592,0001,1,,02,20240326,20240326,MA,0921
54796013,0001,1,ACADEMIA MONSTER GYM CODO,02,20240418,20240418,MA,0763
54800243,0001,1,CENTRO DE TREINAMENTO TDP,02,20240419,20240419,PR,7439
54801036,0001,1,ARTHUS,02,20240419,20240419,RJ,5897
54812132,0001,1,PROACTIVE PERFORMANCE,02,20240419,20240419,SP,6155
54814762,0001,1,,02,20240419,20240419,SP,7107
54824088,0001,1,ACADEMIA PLENA FORMA,08,20260115,20240422,PI,1159
54831930,0001,1,BTO BIKE & POKE,02,20240422,20240422,MS,9043
54841559,0001,1,,02,20240423,20240423,SP,6425
54844848,0001,1,,02,20240423,20240423,PI,1153
54848223,0001,1,ACADEMIA BORGES,02,20240423,20240423,CE,1423
54862260,0001,1,CTE - CENTRO DE TREINAMENTO TULIO ERICLES,02,20240424,20240424,MG,4519
54863104,0001,1,,02,20240424,20240424,SP,6713
54864140,0001,1,GIFT PILATES STUDIO,02,20240424,20240424,PR,7535
54870446,0001,1,CLASS FIT,02,20240424,20240424,MG,5401
54871500,0001,1,,02,20240424,20240424,SC,8175
54879867,0001,1,BT PRIME,02,20240425,20240425,BA,3811
54880726,0001,1,CHAMPION BODY,02,20240425,20240425,RS,8683
54884260,0001,1,STUDIO DE PILATES CIBELE CLARA,02,20240425,20240425,MG,4123
54884616,0001,1,STUDIO KOLISEU SPORTS,02,20240425,20240425,GO,9205
54885799,0001,1,CENTRO DE SAUDE E BEM ESTAR,02,20240425,20240425,PA,0471
54885916,0001,1,SOUL STUDIO FITNESS,08,20240814,20240425,MT,9907
54889503,0001,1,IF TRAINING - CENTRO TREINAMENTO INTEGRADO,02,20240425,20240425,MT,9129
54893992,0001,1,ACQUA TRAINER,02,20240425,20240425,SE,3105
54901412,0001,1,,02,20240426,20240426,SP,6425
54903881,0001,1,,02,20240426,20240426,MG,4371
54908047,0001,1,,02,20240426,20240426,CE,1559
54910122,0001,1,DELAS STUDIO FIT,02,20240426,20240426,MG,4123
54910316,0001,1,GABRIEL PAPINI PERSONAL TRAINER,02,20240426,20240426,SP,6291
54910445,0001,1,PULSAR CROSFIT RIO VERMELHO,02,20240426,20240426,BA,3849
54918079,0001,1,J FIT PILATES,02,20240428,20240428,SP,7107
54944457,0001,1,GARAGE SANCA,02,20240430,20240430,SP,7079
54948620,0001,1,,02,20240430,20240430,SC,8355
54950135,0001,1,BEYOND ASSESSORIA E CONSULTORIA ESPORTIVA,02,20240430,20240430,SP,7107
54952441,0001,1,PREMIUM,02,20240430,20240430,AP,0605
54959181,0001,1,BODY LIFE CENTRO DE TREINAMENTO PERSONALIZADO,02,20240501,20240501,ES,5697
54961203,0001,1,STUDIO FITNESS IRMAH LOPES,02,20240501,20240501,MG,4877
54964182,0001,1,,02,20240502,20240502,RJ,6001
54964894,0001,1,BELLA GYM ACADEMIA MULTIDISCIPLINAR INFANTIL LTDA,02,20240502,20240502,SP,7107
54968197,0001,1,,02,20240502,20240502,SP,7107
54969144,0001,1,ACADEMIA ESTRELA DA CHAPADA,02,20240502,20240502,BA,3589
54972158,0001,1,PURA ASHTANGA,02,20240502,20240502,SP,7107
54972626,0001,1,,02,20240502,20240502,PE,2381
54979051,0001,1,ACADEMIA RN FITNESS,08,20241209,20240502,GO,1066
54979283,0001,1,JULIA ZINK,02,20240502,20240502,SP,6291
54982067,0001,1,,02,20240502,20240502,PE,2491
12118267,0004,2,,02,20240503,20240503,SP,2993
54985594,0001,1,PERSONAL DEIVID VALE,02,20240503,20240503,SP,7107
54987547,0001,1,KULINITZ FITNESS & PERFORMANCE,08,20260326,20240503,PR,7533
54990009,0001,1,MEGALIFE,02,20240503,20240503,CE,1389
54994210,0001,1,GRANUM,02,20240503,20240503,SP,6291
54994326,0001,1,AB.FITNESS CLUB LTDA,08,20250522,20240503,CE,1373
54773509,0001,1,,08,20250812,20240417,SC,8379
54845504,0001,1,JP SPORTS,02,20240423,20240423,SP,6713
55006513,0001,1,,02,20240506,20240506,SP,7017
55010575,0001,1,ATHLETIC FIT ACADEMIA,02,20240506,20240506,MS,9131
55012616,0001,1,EVOQUE GOIANIA,02,20240506,20240506,GO,9373
55026335,0001,1,ROGERIO SANTANA SILVA,08,20240520,20240507,SP,7107
55026872,0001,1,CENTRO DE TREINAMENTO MILLENNIUM LTDA,02,20240507,20240507,SP,7107
55027859,0001,1,STUDIO 2 DE PILATES,02,20240507,20240507,PR,7489
53304072,0002,2,ACADEMIA BIOCORPUS UNIDADE 5,08,20260319,20240507,MG,4865
55029407,0001,1,BODY FIT,02,20240507,20240507,PR,7825
55046674,0001,1,,02,20240508,20240508,SP,6645
55050482,0001,1,GJ ACADEMIA SPORT FITNESS,02,20240508,20240508,RN,1761
55060797,0001,1,BLACK FIT,02,20240509,20240509,RS,7317
44279889,0002,2,,02,20240509,20240509,SP,7107
55083037,0001,1,,02,20240510,20240510,PR,7701
55086493,0001,1,B13 CENTRO DE TREINAMENTO,02,20240510,20240510,BA,3849
55091274,0001,1,,02,20240511,20240511,SP,7037
55096725,0001,1,MASTER FIT,02,20240513,20240513,CE,1389
52551716,0003,2,B7 BODYFITNESS,02,20240513,20240513,CE,1389
55098478,0001,1,MOVIMENTACAO FUTSAL TREINAMENTO E NUTRICAO,02,20240513,20240513,RS,8777
55100941,0001,1,PIRANGI FITNESS,02,20240513,20240513,RN,1763
55106234,0001,1,DIEGO SANTOS PSICOMOTRICISTA,02,20240513,20240513,SP,7107
55117076,0001,1,,02,20240514,20240514,CE,1461
55117822,0001,1,DC FITNESS,02,20240514,20240514,PA,0425
55135459,0001,1,,02,20240515,20240515,SC,8233
55144855,0001,1,ARENA FIT,02,20240515,20240515,SC,8315
55153807,0001,1,VANUZA PACHECO SAUDE E VIDA,02,20240516,20240516,PA,0509
55163080,0001,1,,02,20240516,20240516,SC,8179
55173228,0001,1,JAPURA FIT,02,20240517,20240517,SP,7107
55176155,0001,1,FLOW FIT ACADEMIA,02,20240517,20240517,MG,4223
55198632,0001,1,VIDA ATIVA ACADEMIA,02,20240520,20240520,GO,9373
55204353,0001,1,ESTUDIO DE PILATES CAMILA DUARTE,02,20240520,20240520,SP,7107
33393664,0003,2,,02,20240521,20240521,SC,8017
55213929,0001,1,MARAL CENTRO DE TREINAMENTO,02,20240521,20240521,BA,3849
55214067,0001,1,BOX ATHAR CENTRO DE TREINAMENTO,08,20240813,20240521,MG,4265
55219629,0001,1,NK REVOLUTION,02,20240521,20240521,MA,0875
55220703,0001,1,ONEA ACADEMIA,02,20240521,20240521,RR,0301
55226684,0001,1,ACADEMIA CORPO & MOVIMENTO,02,20240522,20240522,RJ,6001
55234259,0001,1,LIFE EM MOVIMENTO,02,20240522,20240522,SP,6593
55239208,0001,1,CINTRA SAUDE INTEGRADA,02,20240522,20240522,SP,7107
55239409,0001,1,,02,20240522,20240522,ES,5611
55259960,0001,1,ANGEL MARTINS ASSESSORIA,02,20240523,20240523,SP,7107
55262104,0001,1,ALICE PERSONAL TRAINER,02,20240524,20240524,SC,8027
55267283,0001,1,LIFE BOTANICAL PILATES,02,20240524,20240524,PR,7535
54348231,0001,1,,02,20240315,20240315,SP,6401
55025013,0001,1,TLB FUNCIONAL,02,20240507,20240507,CE,1427
55285108,0001,1,,02,20240527,20240527,MG,4187
55287034,0001,1,BODY FACTORY,02,20240527,20240527,RJ,5883
55293571,0001,1,SYM FITNESS,02,20240527,20240527,RJ,5865
55295485,0001,1,AUGE FITNESS,02,20240527,20240527,SE,3105
55298299,0001,1,STUDIO BROS FITNESS - PERSONAL TRAINER,02,20240527,20240527,MS,9051
55303354,0001,1,MG PERSONAL TRAINER,02,20240528,20240528,MG,4553
55308051,0001,1,STUDIO MOVE - TREINAMENTO PERSONALIZADO,02,20240528,20240528,SP,6953
55316690,0001,1,INNOVARTE CENTRO DE TREINAMENTO,02,20240528,20240528,CE,1453
54269285,0004,2,JEL COBILANDIA,02,20240528,20240528,ES,5703
55324332,0001,1,,02,20240529,20240529,RJ,5819
55336662,0001,1,BODY FIT STUDIO,08,20250211,20240530,PB,1943
55347609,0001,1,,02,20240531,20240531,MA,0813
55366895,0001,1,ULTRA AGUAS LINDAS,02,20240603,20240603,GO,1052
55370602,0001,1,,02,20240603,20240603,SC,8327
55378933,0001,1,,02,20240604,20240604,ES,5705
55380781,0001,1,,02,20240604,20240604,CE,1589
55388684,0001,1,100 METROS TREINAMENTO FISICO E REABILITACAO,02,20240604,20240604,SP,7077
55388808,0001,1,GYM FITNNES,02,20240604,20240604,RJ,5819
55402063,0001,1,VILLA FITNESS,02,20240605,20240605,PE,2321
55403382,0001,1,ANA PALETA PILATES CLASSICO QUIROPRAXIA MASSOTERAPIA,02,20240605,20240605,SP,7097
55407727,0001,1,X FITNNES ACADEMIA,02,20240605,20240605,MA,0803
55412235,0001,1,,02,20240605,20240605,RS,5783
55415191,0001,1,,02,20240605,20240605,RS,8541
55417841,0001,1,,02,20240606,20240606,SP,6717
55421694,0001,1,JESSICA RODRIGUES PERSONAL,02,20240606,20240606,SP,6291
55423239,0001,1,ACADEMIA ALTA PERFORMANCE,02,20240606,20240606,MG,0710
44667741,0001,1,PERFORMANCE PILATES E PREPARACAO FISICA,02,20211223,20211223,PR,7777
55435178,0001,1,POSTURALI STUDIO DE PILATES,02,20240607,20240607,GO,9373
55441894,0001,1,MOINHOS FITNESS,08,20241017,20240607,RS,8801
55442120,0001,1,MT FIT ACADEMIA,02,20240607,20240607,SE,3177
55442501,0001,1,CENTER FITNESS NOBULLSHIT,02,20240607,20240607,SP,6619
44321318,0002,2,,08,20260522,20240610,PB,1981
55463452,0001,1,ATLAS ACADEMIA,08,20241001,20240610,SP,7107
55463617,0001,1,TW FIT TREINAMENTO PERSONALIZADO,08,20240715,20240610,MG,4123
55463825,0001,1,TOTAL FIT.,02,20240610,20240610,MG,4877
55474707,0001,1,STUDIO PERSONAL+,02,20240611,20240611,MG,4123
55482257,0001,1,,02,20240611,20240611,MA,0889
55484186,0001,1,,02,20240611,20240611,PR,7503
55492095,0001,1,BEM FITNESS,02,20240611,20240611,MA,0889
55493846,0001,1,CONNECTION TRAINING,02,20240612,20240612,MG,4541
55495761,0001,1,GQ PERFORMANCE,02,20240612,20240612,PA,0401
55503266,0001,1,JARDIM VINYASA STUDIO DE PILATES E YOGA,02,20240612,20240612,GO,9373
55503325,0001,1,PILATES JESSICA GARROS,02,20240612,20240612,MA,0921
41455921,0002,2,,02,20240612,20240612,MG,4123
55510815,0001,1,START ACADEMIA,02,20240613,20240613,RJ,6001
55511644,0001,1,DM FITNESS,02,20240613,20240613,BA,3043
55526658,0001,1,LYON FITNESS,02,20240614,20240614,RJ,5847
55549692,0001,1,STIVANELLI,02,20240617,20240617,PR,7789
55558986,0001,1,FLAFITT ICARAI,08,20250811,20240617,RJ,5865
55565423,0001,1,HEALTH FIT ACADEMIA,02,20240617,20240617,MG,4123
55572121,0001,1,DIEGO SERVICOS,02,20240618,20240618,PA,0427
55578396,0001,1,,02,20240618,20240618,GO,9373
33092835,0003,2,GYM-X CENTRO INTERNACIONAL DE GINASTICA IRANO CARVALHO,02,20240618,20240618,SC,8105
55580811,0001,1,INCLUSIVE DOJO,02,20240618,20240618,SP,7057
55582338,0001,1,ESPACO BEMTEQUER,02,20240618,20240618,SP,7107
15715864,0005,2,ACADEMIA MOVIMENTU'S,02,20240619,20240619,PR,7503
55587767,0001,1,,02,20240619,20240619,MG,4733
55591212,0001,1,ACADEMIA FORMA FITNESS,02,20240619,20240619,MT,9067
55595237,0001,1,SUPER FIT PRIME,02,20240619,20240619,PI,1221
55595392,0001,1,GAIA CENTRO DE TREINAMENTO,02,20240619,20240619,RJ,5869
55605970,0001,1,ACADEMIA CORPO FITNESS,02,20240620,20240620,MG,5401
55606684,0001,1,BOX KAIROS,02,20240620,20240620,PE,2521
55606947,0001,1,,02,20240620,20240620,SP,7107
24921465,0081,2,,02,20240620,20240620,MT,8985
55617175,0001,1,,02,20240620,20240620,RS,8841
55622479,0001,1,TAYNAN FREITAS PERSONAL TRAINER,02,20240621,20240621,SP,6291
48368488,0001,1,REIKS MMA,02,20221021,20221021,GO,9373
55630652,0001,1,STUDIO DA ANA,02,20240621,20240621,GO,9445
55634400,0001,1,CORPO FIT ACADEMIA,02,20240621,20240621,GO,9227
55635581,0001,1,GOODBE BELENZINHO,02,20240621,20240621,SP,7107
55645405,0001,1,SPINCYCLE SP,02,20240624,20240624,SP,7107
55665381,0001,1,STUDIO SAU SOUZA,02,20240625,20240625,BA,3661
55671875,0001,1,L O N G LI F E,02,20240625,20240625,SP,6239
55674991,0001,1,CT PRIME FIGHT,02,20240625,20240625,MS,9051
55687109,0001,1,,02,20240626,20240626,MG,5091
55699288,0001,1,CLUB HOUSE GYM,02,20240627,20240627,RS,8931
55699328,0001,1,IRON FIT,02,20240627,20240627,SE,3167
55702329,0001,1,ACADEMIA AD3 BLUMENAU 2,02,20240627,20240627,SC,8047
07594978,0612,2,,02,20240627,20240627,PE,2435
55712355,0001,1,,02,20240627,20240627,PR,7565
55717751,0001,1,,02,20240628,20240628,MA,0921
55728446,0001,1,ACADEMIA SAO MATEUS PURO MUSCULO,02,20240628,20240628,SP,6563
51931888,0001,1,,08,20240701,20230824,MG,4147
55742139,0001,1,COLISEU FIGHT CLUB ACADEMIA DE ARTES MARCIAS,02,20240701,20240701,MG,4123
55742224,0001,1,,02,20240701,20240701,SP,7107
55753026,0001,1,ARENA GOMES,02,20240701,20240701,PB,2051
23625246,0002,2,BIO TOTAL 5 ACADEMIA DELLAS,02,20240702,20240702,SP,7227
55759409,0001,1,,02,20240702,20240702,PB,2051
55761010,0001,1,STUDIO BRAZIL,02,20240702,20240702,SC,8183
55761371,0001,1,QUALITY FIT,02,20240702,20240702,SC,8047
55764933,0001,1,,02,20240702,20240702,ES,5629
55770875,0001,1,CT GARAGEM 65,02,20240702,20240702,MT,9185
24339925,0014,2,,02,20240702,20240702,PR,7435
55791285,0001,1,FITNESS E SAUDE ACADEMIA E PERSONAL,02,20240703,20240703,RS,8535
55804422,0001,1,KINGDOM FITNESS,02,20240704,20240704,AL,2785
55807569,0001,1,,02,20240704,20240704,SP,7097
55809911,0001,1,AND2 FITNESS,02,20240704,20240704,MA,0953
55809922,0001,1,ACADEMIA NEW UP,02,20240704,20240704,RS,8935
55812758,0001,1,,02,20240705,20240705,GO,9571
55814038,0001,1,ARM GYM,02,20240705,20240705,PB,1981
55819732,0001,1,ATLAS GYM,02,20240705,20240705,MG,5401
55821371,0001,1,,02,20240705,20240705,MG,4123
55821676,0001,1,STUDIO VINI TRAINER PRO,02,20240705,20240705,MG,5425
55822306,0001,1,LEVE PILATES BACACHERI,02,20240705,20240705,PR,7535
55844326,0001,1,,02,20240708,20240708,RJ,5869
55857745,0001,1,ESPACO JJ,02,20240709,20240709,MG,5427
55860386,0001,1,,02,20240709,20240709,RS,8955
55862336,0001,1,,02,20240709,20240709,SC,8105
55872513,0001,1,,02,20240710,20240710,RJ,5897
55874144,0001,1,OPPORTUNITY BRAZIL,02,20240710,20240710,SP,7075
55875081,0001,1,,08,20250205,20240710,RS,8801
55876400,0001,1,CAGE TRAINING,02,20240710,20240710,SP,6921
55880219,0001,1,AD3 ACADEMIA AREAIS,02,20240710,20240710,SC,8061
07594978,0618,2,,02,20240711,20240711,AM,0255
39354646,0002,2,REATIVA FIT ACADEMIA TERAPEUTICA,08,20250909,20240711,AP,0605
55892373,0001,1,STUDIO PERSONAL BRUNO SANTOS,02,20240711,20240711,PR,7583
55893004,0001,1,CENTRO DE TREINAMENTO LUAN MELO,08,20250505,20240711,PE,2531
55894371,0001,1,,02,20240711,20240711,RJ,1116
55897568,0001,1,POWER FIT GYM,02,20240711,20240711,PE,2477
55898880,0001,1,ACADEMIA MAROMBA FITNESS,02,20240711,20240711,MT,0127
55899568,0001,1,,02,20240711,20240711,SC,8163
55903072,0001,1,GC BOX,02,20240712,20240712,RS,8595
48640400,0001,1,JACK STUDIO PILATES,02,20221117,20221117,MG,5403
55929359,0001,1,CT MUSCLE HUB,02,20240715,20240715,RS,8801
55944462,0001,1,NEW LOOK,02,20240716,20240716,RJ,5849
31834358,0014,2,EVOQUE ACADEMIA - RIBEIRAO PIRES,02,20240716,20240716,SP,6967
55946155,0001,1,WORKOUT STUDIO,02,20240716,20240716,SP,6269
05239361,0024,2,,02,20240716,20240716,SP,7107
55956185,0001,1,JU CARVALHO,02,20240716,20240716,SP,7107
55964262,0001,1,REVEST STUDIO,02,20240717,20240717,GO,9307
55966042,0001,1,,08,20250211,20240717,RN,1759
55975953,0001,1,ACADEMIA ULTRA,02,20240717,20240717,DF,9701
18197932,0004,2,SKYFIT CEISUL,02,20240719,20240719,DF,9701
56008229,0001,1,FOR SHAPE ACADEMIA,02,20240719,20240719,RJ,5925
56009100,0001,1,,02,20240719,20240719,PI,1153
56019439,0001,1,FORCA VITAL ACADEMIA,02,20240722,20240722,RN,3003
56024819,0001,1,CROSS TAISAN,08,20260511,20240722,BA,3897
56027503,0001,1,PROACTIVE PILATES,02,20240722,20240722,MG,5403
54320639,0001,1,POWERFIT,02,20240314,20240314,PE,2537
56037798,0001,1,,02,20240723,20240723,CE,1389
56037909,0001,1,MORMAII MACAE,02,20240723,20240723,RJ,5847
56038626,0001,1,CT L&L FITNESS - CENTRO DE TREINAMENTO L&L FITNESS,02,20240723,20240723,PB,1943
24921465,0085,2,,02,20240723,20240723,SP,6579
56058391,0001,1,MACROFIT,02,20240724,20240724,BA,3955
56071078,0001,1,,02,20240724,20240724,SP,6131
56077124,0001,1,SKY BOX CROSS,02,20240725,20240725,PE,2443
56089759,0001,1,CT CESAR,02,20240725,20240725,MG,4915
56098397,0001,1,ACTIVEHEAL,02,20240726,20240726,SP,7121
56101596,0001,1,MELT CLINICA,02,20240726,20240726,PR,7721
56103372,0001,1,,02,20240726,20240726,SC,8175
56105222,0001,1,M2 FIT,02,20240726,20240726,SP,7107
56108530,0001,1,,02,20240726,20240726,MG,4733
56136001,0001,1,EAGLE CROSS CT,02,20240729,20240729,MG,5343
56147817,0001,1,,02,20240730,20240730,SP,7107
56160119,0001,1,SANTITREINOS CE,02,20240730,20240730,CE,1389
56160751,0001,1,PARKCIT ACADEMIA,02,20240730,20240730,BA,3515
56161073,0001,1,ESPORTIVA TEAMDOUIL,02,20240730,20240730,MS,9051
56169061,0001,1,ACADEMIA M T FITNESS,02,20240731,20240731,BA,3835
56172131,0001,1,ACADEMIA SUPERACAO,02,20240731,20240731,RO,0029
56173428,0001,1,WPS PERFOMANCE,02,20240731,20240731,SP,7107
56174740,0001,1,,02,20240731,20240731,RJ,6001
56182730,0001,1,VK ACADEMIA,02,20240731,20240731,PR,7687
56185512,0001,1,ACADEMIA PIMENTEL,02,20240731,20240731,BA,3849
53162265,0002,2,,02,20240801,20240801,CE,1389
56193536,0001,1,CAPITAL VELO LN CONDICIONAMENTO FISICO,02,20240801,20240801,DF,9701
56198553,0001,1,ULTRA SPORT STUDIO,08,20251201,20240801,SP,6921
56210260,0001,1,EQUILIBRIO STUDIO PILATES,02,20240801,20240801,PR,7515
56212592,0001,1,ACADEMIA ARENA COLISEU,08,20250619,20240801,PE,2565
56221157,0001,1,MARCELO CUSTODIO - PERSONAL TRAINER,02,20240802,20240802,SP,7107
56222460,0001,1,NATACAO MARACANA,02,20240802,20240802,MG,4385
56238185,0001,1,ACADEMIA MUSCLE FITNESS,02,20240802,20240802,RS,8815
56238823,0001,1,TOP FIT PARQUE,02,20240802,20240802,PE,2531
56239245,0001,1,,02,20240802,20240802,PR,7535
56262957,0001,1,ACADEMIA PALMAS DO BRASIL,02,20240805,20240805,RJ,2909
56267185,0001,1,ESPACO ZEN SUZANO YOGA,08,20250410,20240805,SP,7151
54668040,0001,1,ESTILO BRUTTUS ACADEMIA,02,20240410,20240410,MA,0224
30287406,0026,2,,02,20240805,20240805,DF,9701
56065087,0001,1,CENTRO DE TREINAMENTO BLACK BELT,02,20240724,20240724,MT,9199
55519400,0001,1,ACADEMIA BARON,02,20240613,20240613,SP,6341
56300176,0001,1,STUDIO DA NATHY,08,20240925,20240806,MG,4123
47929937,0001,1,HARMONIE- SAUDE INTEGRADA,02,20220913,20220913,RS,8851
56308081,0001,1,BOX GUACUI,08,20260324,20240806,ES,5645
56321394,0001,1,NOVA THAI ACADEMIA,02,20240806,20240806,SP,7157
56322302,0001,1,RV STUDIO TRAINER,02,20240806,20240806,MS,9807
56322877,0001,1,MONTANHA COMPLEX SYSTEM,02,20240806,20240806,RS,8801
56336162,0001,1,PANOBIANCO,02,20240807,20240807,GO,9373
56378272,0001,1,VIANEZFIT,02,20240807,20240807,BA,3971
56383991,0001,1,MONTANHA CROSS,02,20240808,20240808,RS,8801
56384538,0001,1,TSFIT ACADEMIA,02,20240808,20240808,CE,1447
56389523,0001,1,,02,20240808,20240808,RJ,5919
56392553,0001,1,E BEACH,02,20240808,20240808,RJ,6001
56392635,0001,1,VK ASSESSORIA ESPORTIVA E TREINAMENTO FUNCIONAL,02,20240808,20240808,PR,7885
56393264,0001,1,STUDIO VOLL,02,20240808,20240808,RS,8841
56412856,0001,1,IRON FIT I,02,20240808,20240808,AL,2705
56415332,0001,1,,02,20240808,20240808,SC,8367
56416215,0001,1,MY CLINIC SAUDE E PERFORMANCE LTDA,02,20240808,20240808,MG,4203
56418778,0001,1,X-TREME FORCE TEAM,02,20240809,20240809,AL,2875
56420690,0001,1,,02,20240809,20240809,MG,4245
56422187,0001,1,ACADEMIA VIDA ATIVA,02,20240809,20240809,RS,8511
56431132,0001,1,ESTUDIO HEALTH,02,20240809,20240809,SP,6217
56435425,0001,1,SEMEAR STUDIO DE PILATES LTDA,02,20240810,20240810,PR,7435
24395830,0014,2,FORCE ONE,02,20240812,20240812,PR,7535
56481850,0001,1,,02,20240812,20240812,PR,7535
56604738,0001,1,,02,20240813,20240813,SP,7107
56607570,0001,1,AUDAZ PERFORMANCE,02,20240813,20240813,BA,3515
56616991,0001,1,,02,20240813,20240813,SP,6969
24038995,0003,2,MOVEARENA,02,20240814,20240814,MG,4623
56687054,0001,1,STUDIO PILATES ESPACO SAUDE ESPECIALIZADO LTDA,02,20240814,20240814,PI,1219
37361191,0002,2,GYM MONSTER FITNESS,02,20240814,20240814,MS,9143
56702557,0001,1,STUDIO VIEIRA FISIOTERAPIA E PILATES,02,20240814,20240814,SP,7107
56703048,0001,1,,02,20240814,20240814,SP,7097
56705853,0001,1,,02,20240814,20240814,PR,7591
56707429,0001,1,ESPACO REABILITAR,02,20240814,20240814,MG,4259
56729307,0001,1,DG STUDIO HEALTH,08,20250325,20240814,ES,5705
56795536,0001,1,,02,20240815,20240815,CE,1337
44138862,0001,1,STUDIO REFERENCIA,02,20251125,20211105,SP,7057
56416594,0001,1,MARCIO CAMARGO - PERSONAL TRAINER,02,20240808,20240808,SP,7107
56900524,0001,1,STUDIO FIGHT 365,02,20240819,20240819,BA,3849
56906904,0001,1,OXZFIT,02,20240819,20240819,MT,9067
56913410,0001,1,THE PERSONAL PEDROO,02,20240819,20240819,SP,7107
56923562,0001,1,STUDIO ACTIVE PILATES & CIA,02,20240820,20240820,SP,6411
56925291,0001,1,GALPAO CROSS,02,20240820,20240820,GO,9373
56928680,0001,1,FIVE GYM,02,20240820,20240820,DF,9701
56929252,0001,1,STUDIO FITNESS WESLEY PAULISTA,02,20240820,20240820,GO,9265
52013999,0002,2,POWER FITNES,08,20260205,20240821,ES,5623
56947080,0001,1,STUDIO HEALTH,02,20240821,20240821,ES,5629
56957348,0001,1,CIA DA SAUDE,02,20240821,20240821,RS,8891
56961941,0001,1,MEGACORE FITNESS CLUB,02,20240822,20240822,MG,4961
56963876,0001,1,TROIA FITNESS ACADEMIA,02,20240822,20240822,BA,3373
56970100,0001,1,DOCTOR FIT BELO HORIZONTE,02,20240822,20240822,MG,4123
56974665,0001,1,,08,20250210,20240822,PR,7667
55133690,0001,1,REACTIVE SPORTS E ATIVIDADE FISICA,02,20240515,20240515,DF,9701
56989780,0001,1,EMILYN WOMEN'S ACADEMY,02,20240823,20240823,MS,9147
56990095,0001,1,BIO FIT ACADEMIA,02,20240823,20240823,BA,3327
56145362,0001,1,NEO FIT ACADEMIA,02,20240730,20240730,SC,8081
45419718,0001,1,BROTHERS FITNESS,08,20251119,20220223,RN,1687
57023648,0001,1,CORPO EM MOVIMENTO PILATES E FISIOTERAPIA,08,20250620,20240827,MG,5103
57029622,0001,1,,02,20240827,20240827,SP,6511
57029634,0001,1,MOVE CLUB,02,20240827,20240827,DF,9701
57029765,0001,1,ATLAS TRAINING CENTER,02,20240827,20240827,RN,1761
57034711,0001,1,STM CROSSFIT,02,20240827,20240827,BA,3849
57036100,0001,1,,02,20240827,20240827,PI,0378
57044681,0001,1,CT KIDS CENTRO DE TREINAMENTO INFANTIL,08,20250207,20240828,BA,3965
57047837,0001,1,TIA MARY FUNCIONAL KIDS,02,20240828,20240828,PB,1975
57058660,0001,1,STUDIO RAQUEL JACOBSON,02,20240828,20240828,PA,0411
57069042,0001,1,IRON BROTHERS GYM,02,20240829,20240829,RJ,5819
57069505,0001,1,,02,20240829,20240829,SP,6269
57072481,0001,1,,02,20240829,20240829,SP,6239
57078970,0001,1,LK FITNESS,02,20240830,20240830,ES,5603
57081905,0001,1,CAROLTAON,02,20240830,20240830,MG,4123
57086278,0001,1,STUDIO SARAH HIRASAWA,02,20240830,20240830,TO,9385
57088151,0001,1,STARK CROSSFIT,02,20240830,20240830,GO,9373
57088233,0001,1,STUDIO MORMAII ARAGUAINA,02,20240830,20240830,TO,9241
52435370,0001,1,DRAGON'S GYM PICOS,08,20241205,20231005,PI,1159
57089025,0001,1,ACADEMIA MECA FIT,02,20240830,20240830,RN,1685
57090206,0001,1,ACADEMIA KOORPUS,02,20240830,20240830,BA,3851
57091073,0001,1,ZILDA AZEVEDO LTDA,02,20240830,20240830,RJ,6001
57091128,0001,1,BLESS FIT ACADEMIA,02,20240830,20240830,CE,1453
35644328,0002,2,MOINHOS FITNESS,04,20260605,20240902,RS,8685
46941276,0001,1,RM FIT GYM,02,20220628,20220628,PE,2351
57130506,0001,1,CT CHARLES IBANEZ PERSONAL,02,20240903,20240903,RS,8683
53736125,0001,1,ACADEMIA FITNESS VIDA,02,20240131,20240131,RN,1761
31923179,0002,2,,04,20260528,20240904,MG,4917
49231794,0001,1,FIVEFIT ACADEMIA,02,20230118,20230118,GO,9227
57148284,0001,1,C H J ACADEMIA,08,20250620,20240904,AM,0255
57149234,0001,1,ACADEMIA SUPER FIT,02,20240904,20240904,MG,5403
55935885,0001,1,ALLEGRA YOGA,08,20240917,20240715,SP,7107
57157110,0001,1,INSTITUTO DE TREINAMENTO PERSONALIZADO SALVATORI,02,20240904,20240904,MS,9051
57158428,0001,1,SAMANTHA STUDIO DE PILATES,02,20240904,20240904,BA,3573
57161513,0001,1,,02,20240905,20240905,DF,9701
50076063,0001,1,LIFE+ STUDIO DE PILATES E MUSCULACAO,02,20230324,20230324,BA,3947
57177668,0001,1,CRATOS CROSS,02,20240905,20240905,PA,0561
57180294,0001,1,BOX COLOSSO JW ACADEMIA,08,20241023,20240906,CE,1389
57184121,0001,1,ESPACO GSC,02,20240906,20240906,RJ,5865
57193137,0001,1,CONDI FIT ACADEMIA,02,20240906,20240906,SP,7147
53111046,0001,1,AS STUDIO PERSONAL,02,20231205,20231205,SC,8125
57205322,0001,1,PERFORMANCE ACADEMIA,02,20240909,20240909,PR,7471
57207837,0001,1,AUGUSTO CESAR PERSONAL TRAINER,08,20250107,20240909,MS,9051
57211959,0001,1,STUDIO MARIUSHI PILATES,02,20240909,20240909,GO,9571
57216834,0001,1,EVOLUIR NUCLEO INTEGRADO DE SAUDE,02,20240909,20240909,RS,8791
56260287,0001,1,,08,20241216,20240805,MG,4463
57220753,0001,1,,02,20240910,20240910,SC,8327
57220869,0001,1,ACADEMIA ALPHAFIT,02,20240910,20240910,SE,3185
48447177,0002,2,MAXIMUS ACADEMIA,02,20240909,20240909,SP,7107
57222459,0001,1,,02,20240910,20240910,RS,8845
07594978,0625,2,,02,20240910,20240910,GO,1052
07594978,0626,2,,02,20240910,20240910,MG,4123
07594978,0627,2,,02,20240910,20240910,MG,4123
07594978,0628,2,,02,20240910,20240910,PB,2051
57228833,0001,1,,02,20240910,20240910,SP,6249
57230324,0001,1,HIPOWER ACADEMIA,02,20240910,20240910,PR,7535
57230647,0001,1,DIAMOND,02,20240910,20240910,MS,9051
57233088,0001,1,PURE PILATES,02,20240910,20240910,SP,6579
57237037,0001,1,VENOM ACADEMIA - AC,02,20240911,20240911,RN,1743
57238949,0001,1,,08,20260123,20240911,PA,0595
57239908,0001,1,FIT LIVE ACADEMIA,02,20240911,20240911,ES,5663
57242131,0001,1,,02,20240911,20240911,RS,8877
57245889,0001,1,,02,20240911,20240911,GO,9445
57250066,0001,1,OSMAR ROCHA PERSONAL TRAINER,02,20240911,20240911,PR,7535
57250119,0001,1,INVICTUS 84,02,20240911,20240911,RN,1779
57260311,0001,1,ACADEMIA FOCUS,02,20240912,20240912,RJ,6001
57267380,0001,1,A-FIT ESTUDIO DE MUSCULACAO,02,20240912,20240912,MG,4123
24045364,0004,2,BURN FIT ROBERTO FREIRE,02,20240916,20240916,RN,1761
57312905,0001,1,MOVSHAPE ACADEMIA,02,20240916,20240916,CE,1539
57315410,0001,1,ALIVE FITNESS,08,20251103,20240917,MG,4371
57320554,0001,1,VS FITNESS ACADEMIA LTDA,02,20240917,20240917,PE,2587
57330471,0001,1,BRUNO AUGUSTO PERSONAL TREINER,02,20240918,20240918,GO,9373
57335301,0001,1,SHAPEHOUSE - CENTRO DE TREINAMENTO FEMININO,02,20240918,20240918,CE,1447
57343886,0001,1,CAMPOS TREINAMENTO E ASSESSORIA ESPORTIVA,02,20240918,20240918,MT,9067
45767377,0001,1,HARDCORE FUNCIONAL TRAINING,02,20220324,20220324,PI,1165
57350643,0001,1,TECFIT AMERICANA,02,20240919,20240919,SP,6131
57353157,0001,1,WM FIT,02,20240919,20240919,PE,2543
57354712,0001,1,CT BIG FORMA,02,20240919,20240919,PE,2381
57360145,0001,1,ESTUDIO FISIO & PILATES KELLY ANTUNES,02,20240919,20240919,MS,9051
57362940,0001,1,MUSCLEMAXGYM,02,20240919,20240919,SC,8081
57363595,0001,1,ACADEMIA SAUDE & FORMA FITNESS,02,20240919,20240919,BA,3705
57367602,0001,1,ACADEMIA FIT CENTER CORUJAO,02,20240920,20240920,PR,7699
57371753,0001,1,A10 NOVO HORIZONTE,02,20240920,20240920,AL,2705
57373749,0001,1,ACADEMIA INNOVARE,02,20240920,20240920,RN,1887
38824560,0005,2,CT PRIME FIT,02,20240920,20240920,PE,2521
57377284,0001,1,,02,20240920,20240920,CE,1389
57392092,0001,1,VIVA MAIS ACADEMIA,02,20240923,20240923,PA,0569
53197184,0001,1,OVERALL GYM,02,20240807,20231214,BA,3849
57406677,0001,1,CAROLINE RIZZO FISIOTERAPIA LTDA,02,20240924,20240924,PR,7535
57412792,0001,1,PEU VALE FITNESS,02,20240924,20240924,PB,2051
57417148,0001,1,LEONARDO MASSAO OKAMOTO LTDA,02,20240924,20240924,SP,7099
57418191,0001,1,ACADEMIA POWER FITNESS,02,20240924,20240924,PE,2633
57420274,0001,1,MARCIA TEIXEIRA NEGREIROS LTDA,02,20240924,20240924,SP,7099
57429133,0001,1,FERNANDO ACADEMIA,02,20240925,20240925,MT,9067
57435296,0001,1,,02,20240925,20240925,PE,2631
57436851,0001,1,FF TREINAMENTO FISICO E BEM-ESTAR,08,20241209,20240925,SP,7107
57444328,0001,1,JOAO PERSONAL STULO FITNES,02,20240926,20240926,PR,7583
57445816,0001,1,GERACAO FITNESS,02,20240926,20240926,CE,1389
57460827,0001,1,ACADEMIA 3 FIT CENTER,02,20240927,20240927,AM,0229
57461037,0001,1,ACADEMIA PRIME GYM,02,20240927,20240927,MG,4961
57465325,0001,1,CENTRO DE TREINAMENTO GO ACTION,02,20240927,20240927,RS,8877
57467054,0001,1,SL FIT ACADEMIA,02,20240927,20240927,PI,0322
57472842,0001,1,,02,20240927,20240927,SP,7145
57473292,0001,1,NUNES FITNESS ACADEMIA,02,20240927,20240927,CE,1495
57483974,0001,1,ACADEMIA HOUSE FITNESS,02,20240930,20240930,RN,1779
57497642,0001,1,BOLT GYM,08,20260507,20240930,AP,0605
57502276,0001,1,SKYFIT ACADEMIA - UNIDADE DAMHA,02,20241001,20241001,SP,7097
57506465,0001,1,ARTFIT ACADEMIA,02,20241001,20241001,TO,9697
07594978,0634,2,,02,20241001,20241001,AM,0255
57508513,0001,1,WS STUDIO,02,20241001,20241001,PE,2497
57509505,0001,1,WJ CONSULTORIA FITNESS,02,20241001,20241001,SC,8161
57514831,0001,1,ALPHA FITNESS,02,20241001,20241001,BA,3849
57515961,0001,1,ACADEMIA FORCA FITNESS,02,20241001,20241001,MA,0921
57522921,0001,1,ACADEMIA UP,08,20250527,20241002,MG,5019
57525338,0001,1,DUMBBELLS ACADEMIA,02,20241002,20241002,CE,1389
57528403,0001,1,SABINOTEAM,02,20241002,20241002,DF,9701
57529393,0001,1,BEM ME QUERO STUDIO DE PILATES,02,20241002,20241002,PR,7885
57534966,0001,1,+FIT ATIVIDADES DE MUSCULACAO E TREINAMENTOS LTDA,02,20241002,20241002,RJ,6001
57538915,0001,1,ALPHA FITNESS,02,20241002,20241002,BA,3573
57541479,0001,1,ACADEMIA BNFITNESS,02,20241003,20241003,AL,2705
57547388,0001,1,ACADEMIA TOTAL ENERGIA,02,20241003,20241003,MG,4133
57554333,0001,1,,02,20241003,20241003,MG,2673
57557582,0001,1,,02,20241004,20241004,MG,5091
57564218,0001,1,KR TREINAMENTOS FISICOS,02,20241004,20241004,RS,8801
57564293,0001,1,BVOLT,02,20241004,20241004,RJ,2907
44344507,0001,1,FISIOCENTER - FISIOTERAPIA E PILATES,02,20211123,20211123,MG,5279
57591385,0001,1,CORPORALLE FITNESS,02,20241007,20241007,PR,7751
57595780,0001,1,STUDIO OLIMPUS CORPUS,02,20241007,20241007,BA,3413
38418147,0002,2,RADICAL FITNESS,04,20260527,20241008,GO,9325
57598258,0001,1,VG BEACH TENNIS PERFORMANCE,02,20241008,20241008,SP,7107
57598722,0001,1,C.T IMPACTUM,02,20241008,20241008,RS,8773
57602299,0001,1,EXERCICIO TRATA,02,20241008,20241008,ES,5703
57602692,0001,1,,02,20241008,20241008,CE,1389
57613214,0001,1,SB FISIOTERAPIA & PILATES,02,20241008,20241008,BA,3849
18442885,0020,2,LIVE ACADEMIA,02,20241009,20241009,AM,0255
57620144,0001,1,I-BOX TRAINING,02,20241009,20241009,PA,0473
57621837,0001,1,+FIT ACADEMIA,02,20241009,20241009,PI,0304
14992448,0003,2,,02,20241009,20241009,SP,6259
57636641,0001,1,CARLINHOS FITNESS,02,20241010,20241010,PR,7583
57641121,0001,1,JOTA,02,20241010,20241010,AL,2785
57646050,0001,1,,02,20241010,20241010,PR,7483
43994188,0001,1,ACADEMIA JUHFIT,04,20260527,20211024,CE,1373
57671203,0001,1,MASTER BOX,02,20241014,20241014,RS,8705
09127513,0004,2,NB FIT,02,20241014,20241014,RJ,6001
57683665,0001,1,ACADEMIA SCORPION,02,20241014,20241014,PE,2341
57684414,0001,1,MARI FIT ESPACO FEMININO,02,20241014,20241014,SP,6189
13012102,0002,2,FIT ARMY CROSS,02,20241015,20241015,MS,9131
57687900,0001,1,JOAOCANAANTREINAMENTO,02,20241015,20241015,SP,7107
57692205,0001,1,STUDIO ENILDO OLIVER,02,20241015,20241015,RN,1615
57696089,0001,1,STUDIO EMILLY KLEBIS,02,20241015,20241015,MS,9039
57697702,0001,1,CROSS DINAMUS LTDA,02,20241015,20241015,ES,5663
57698550,0001,1,ACADEMIA ATENAS,02,20241015,20241015,SP,6969
57706287,0001,1,NK EVOLUTION GYM,02,20241016,20241016,AL,2845
57712650,0001,1,STUDIO FUNCIONAL BUZZI,02,20241016,20241016,GO,9269
57714211,0001,1,J1 FIT,02,20241016,20241016,MG,5091
55689551,0001,1,SILVA GYM,02,20240626,20240626,RJ,6001
57717331,0001,1,INSANOS GOIANIA,02,20241016,20241016,GO,9373
57719889,0001,1,VOLL PILATES VILA MATILDE,02,20241016,20241016,SP,7107
57723230,0001,1,,02,20241017,20241017,PR,7535
57726166,0001,1,YOU ACTION GYM,08,20250428,20241017,MG,4123
57728836,0001,1,,02,20241017,20241017,DF,9701
57735295,0001,1,U W ACADEMIA,02,20241017,20241017,PE,2327
57737446,0001,1,,02,20241017,20241017,PR,7535
57738922,0001,1,,02,20241017,20241017,BA,3515
48483696,0002,2,,02,20241018,20241018,SE,3129
57749179,0001,1,STUDIO VIDATIVA,02,20241018,20241018,RJ,5831
57752732,0001,1,ACADEMIA CH FITNESS,02,20241018,20241018,GO,9221
57762896,0001,1,,02,20241020,20241020,RJ,5913
57763920,0001,1,PRO 4 FIT,02,20241021,20241021,MG,4647
57763953,0001,1,,02,20241021,20241021,SP,7107
57766042,0001,1,TAINA CRISTINA BERNARDES LTDA,02,20241021,20241021,SP,7099
57768470,0001,1,ACADEMIA CORPUS FITNESS,02,20241021,20241021,ES,5663
57783033,0001,1,,02,20241022,20241022,PR,7535
57784350,0001,1,SOLAR YOGA,02,20241022,20241022,SP,7107
57785025,0001,1,,02,20241022,20241022,PR,7789
57800133,0001,1,SKYFIT PALMAS SUL,02,20241023,20241023,TO,9733
57802074,0001,1,ACADEMIA MUSCLER CENTER,02,20241023,20241023,CE,1349
24456714,0002,2,,02,20241023,20241023,RS,8713
24921465,0104,2,,02,20241023,20241023,AM,0255
57813039,0001,1,BOUTIQUE PERSONAL,02,20241023,20241023,RS,8953
57813490,0001,1,RAYFIT ACADEMIA,02,20241023,20241023,MG,4031
57840858,0001,1,ACADEMIA LAFIT,02,20241025,20241025,MG,4033
57840869,0001,1,"SER - SAUDE, ESPORTE E REABILITACAO",02,20241025,20241025,SP,6209
57187099,0001,1,POWER GYM ACADEMIA,02,20240906,20240906,SC,8295
53997950,0001,1,CT REGISTRO,02,20240221,20240221,PR,7493
56003228,0001,1,ACADEMIA COLISEU,02,20240719,20240719,RJ,2917
57886037,0001,1,PENTAGON OF STRENGTH,02,20241029,20241029,MG,4123
57894335,0001,1,,02,20241030,20241030,SE,3169
57898102,0001,1,P.F SAUDE E QUALIDADE DE VIDA LTDA,02,20241030,20241030,SP,7107
07594978,0635,2,,02,20241030,20241030,SP,7107
57903105,0001,1,,02,20241030,20241030,ES,5611
57903128,0001,1,,02,20241030,20241030,MG,4911
57916535,0001,1,AMG1 - ACADEMIA DE GINASTICA,03,20250319,20241031,SP,7107
20540028,0002,2,SCULP STUDIO PERSONALIZADO,02,20241031,20241031,PR,7857
20346518,0002,2,TOP FITNESS GROW UP,02,20241031,20241031,ES,5675
57936746,0001,1,IMPULSE GYM,08,20251126,20241101,RJ,2921
57940886,0001,1,MOVIFIT ACADEMIA,02,20241101,20241101,SP,6311
21718941,0002,2,,02,20241101,20241101,SP,6511
57952619,0001,1,GV TREINAMENTO E PERFORMANCE,02,20241104,20241104,RS,5931
57954293,0001,1,,02,20241104,20241104,SP,7135
57955461,0001,1,TRANSFORMANDO MOVIMENTO,02,20241104,20241104,MG,4123
57748589,0002,2,,02,20241104,20241104,RS,8603
57969616,0001,1,,02,20241104,20241104,SP,7107
57972517,0001,1,ACADEMIA SAUDE FITNESS,02,20241105,20241105,BA,3263
57979773,0001,1,RBT SPORTS,02,20241105,20241105,GO,9573
57371727,0001,1,KAIQUE MARQUES ACADEMIA,02,20240920,20240920,GO,9379
57990268,0001,1,MP FITNESS,02,20241106,20241106,MG,4703
57991315,0001,1,ESTACAO FIT ACADEMIA,02,20241106,20241106,MG,4193
57998424,0001,1,SKY FIT ACADEMIA,02,20241106,20241106,SP,6291
58000550,0001,1,GOFIT CLUB,02,20241106,20241106,MS,9051
58001407,0001,1,CNBOX PRAIA DO FLAMENGO,08,20241211,20241106,BA,3849
58008295,0001,1,VIDA E MOVIMENTO PILATES E FISIOTERAPIA,08,20250609,20241107,RS,8915
58017791,0001,1,STUDIO RA,02,20241107,20241107,PE,2531
58019609,0001,1,STEEL CENTRO,02,20241107,20241107,PR,7749
58019813,0001,1,,02,20241107,20241107,DF,9701
58020442,0001,1,STUDIO DS,02,20241107,20241107,MG,0730
58021188,0001,1,PERFORMANCE STREET,02,20241107,20241107,GO,9205
52536958,0002,2,CT STANG II,02,20241108,20241108,MG,4371
58036273,0001,1,,02,20241108,20241108,SP,7107
52062936,0001,1,MOVIMENTA ACADEMIA,02,20230904,20230904,ES,5663
58048830,0001,1,PLINIO PERSONAL,02,20241111,20241111,SP,7107
58060404,0001,1,TEAM PERFORMANCE,02,20241111,20241111,MG,4123
58063716,0001,1,,08,20250123,20241111,MG,4371
58067074,0001,1,,02,20241112,20241112,SC,8327
24921465,0106,2,,02,20241112,20241112,SP,6477
58071991,0001,1,GRUPO FROISFIT PERFORMANCE,08,20241128,20241112,SP,6131
58073599,0001,1,IRON FIT ACADEMIA,08,20241220,20241112,MG,4589
58078017,0001,1,MARCIO LIMA ACADEMIA,02,20241112,20241112,PI,1175
56145492,0001,1,HOME FITNESS,08,20241112,20240730,RS,8589
58084160,0001,1,,02,20241112,20241112,PR,7535
43755703,0003,2,STUDIO MOVEMENT,08,20250129,20241113,BA,3661
58094557,0001,1,,02,20241113,20241113,SP,6377
58094620,0001,1,EVOLUTION STUDIO FIT,08,20250414,20241113,MG,4603
58103085,0001,1,L7 FIT ACADEMIA,02,20241114,20241114,PB,1965
08929893,0002,2,,02,20241114,20241114,RJ,5865
58109890,0001,1,TOP FITNESS ACADEMIA,02,20241114,20241114,PB,2015
58112609,0001,1,,02,20241114,20241114,SP,6309
58113942,0001,1,PEDRO HYAGGO NATTAN E SILVA,02,20241114,20241114,RN,1653
58131260,0001,1,FIBRA ACADEMIA,02,20241118,20241118,RJ,5873
58143984,0001,1,MODHERNA FIT ACADEMIA,02,20241118,20241118,SP,6545
07594978,0653,2,,02,20241119,20241119,RJ,5897
58183300,0001,1,MAX CORPUS FITNESS ACADEMY,02,20241121,20241121,SP,6323
58189776,0001,1,STUDIO VIDA E SAUDE,08,20260327,20241122,ES,5703
58191379,0001,1,CENTRO DE TREINAMENTO E ACADEMIA MAGNI & MASSEI,02,20241122,20241122,SP,7241
58192117,0001,1,,08,20260417,20241122,RO,0009
58192565,0001,1,,02,20241122,20241122,PR,7535
58193380,0001,1,TOP FITNESS,02,20241122,20241122,PI,1171
58210985,0001,1,PONCE FISIOTERAPIA E PILATES,02,20241125,20241125,SP,7149
58211732,0001,1,,02,20241125,20241125,SP,7107
07594978,0658,2,,02,20241125,20241125,SP,7107
07594978,0659,2,,02,20241125,20241125,SP,7145
07594978,0660,2,,02,20241125,20241125,AL,2785
58216396,0001,1,,02,20241125,20241125,RJ,5867
58229443,0001,1,CNBOX BELENZINHO,02,20241126,20241126,SP,7107
58232790,0001,1,STUDIO TRAINING EVOLUTION,02,20241126,20241126,MG,5125
58237004,0001,1,,02,20241126,20241126,PA,0483
58239052,0001,1,,02,20241126,20241126,CE,1419
58239970,0001,1,ACADEMIA COLISEU,02,20241126,20241126,PB,2091
58249951,0001,1,ANTONIO KNOBELOCH DOS SANTOS - ACADEMIA,02,20241127,20241127,RS,8407
58250433,0001,1,CENTRO DE TREINAMENTO RANGEL TEAM,02,20241127,20241127,BA,3661
58251254,0001,1,SAN FIT,02,20241127,20241127,SP,6475
58255030,0001,1,EQUIPIAZZA,08,20250130,20241127,PR,7535
58257256,0001,1,U FIT ACADEMIA,02,20241127,20241127,SC,8117
58263548,0001,1,WL STUDIO DE MUSCULACAO,02,20241128,20241128,MG,4683
58264468,0001,1,STUDIO MOVA,02,20241128,20241128,DF,9701
47991829,0001,1,STUDIO PILATES CARMEN,08,20241128,20220919,BA,3515
58267194,0001,1,,02,20241128,20241128,SP,7107
58270482,0001,1,CARCARA CENTRO DE TREINAMENTO FISICO,08,20250312,20241128,PB,2051
58273506,0001,1,,02,20241128,20241128,SP,6213
58275053,0001,1,LS CONSULTORIA ESPORTIVA,02,20241128,20241128,SP,7099
58279917,0001,1,PGO ESPACO SAUDE,02,20241129,20241129,DF,9701
58282890,0001,1,BIOFISIO FITNESS ACADEMIA,02,20241129,20241129,ES,5625
58283742,0001,1,STUDIO PERSONAL LETICIA GONZALES,02,20241129,20241129,PR,7903
58290304,0001,1,DD STUDIO,02,20241129,20241129,GO,9349
58301933,0001,1,CHECK-IN PILATES UNIDADE ACLIMACAO,02,20241202,20241202,SP,7107
58304099,0001,1,UCHOA PERSONAL,02,20241202,20241202,SP,7107
58307540,0001,1,PERSONAL VIP,02,20241202,20241202,RJ,6001
58308827,0001,1,BASE FITNESS,02,20241202,20241202,MG,4445
58310060,0001,1,,02,20260605,20241202,CE,1479
58310836,0001,1,ARENA FITNESS WS,02,20241202,20241202,BA,3695
58313070,0001,1,MOVMENTE PILATES E FISIOTERAPIA,02,20241202,20241202,SP,6653
58316567,0001,1,PAIME SERVICOS DE TERAPIAS ABA AVALIACAO AT ATENDIMENTO,02,20241202,20241202,SP,7183
07594978,0665,2,,02,20241203,20241203,RS,8561
07594978,0666,2,,02,20241203,20241203,SC,8179
58331164,0001,1,EQUIPE DARIO LEITE,02,20241203,20241203,SP,7107
58333335,0001,1,,02,20241203,20241203,PE,2357
58335952,0001,1,CENTRO DE TREINAMENTO E SAUDE FIT TRAINER,02,20241204,20241204,PB,1975
58344379,0001,1,,02,20241204,20241204,CE,1455
58344812,0001,1,STUDIO MICHELE PERSONAL,02,20241204,20241204,MG,4945
58344899,0001,1,ACADEMIA STAR FITNESS,02,20241204,20241204,PE,2491
58345066,0001,1,SHAPE FIT,08,20250122,20241204,MG,4959
58345500,0001,1,LEILA MONIQUE LTDA,02,20241204,20241204,SP,6875
58347183,0001,1,STUDIO BOA FORMA,02,20241204,20241204,RJ,5909
58347879,0001,1,BS BOX,02,20241204,20241204,MG,5387
58355970,0001,1,APOLLO CT,02,20241205,20241205,CE,1389
58355990,0001,1,PANOBIANCO POA CALMON,02,20241205,20241205,SP,6897
31834358,0042,2,EVOQUE ACADEMIA ZAIRA,02,20241205,20241205,SP,6689
57890135,0001,1,OLYMPIA CROSS TRAINING,08,20241206,20241029,AM,0255
58360294,0001,1,MANSAO MAROMBA ACADEMIA,02,20241205,20241205,PA,0427
58367192,0001,1,U FIT ACADEMIA,02,20241205,20241205,SC,8105
58376383,0001,1,,02,20241206,20241206,SP,6619
58376754,0001,1,ALVESFIT LTDA,08,20250426,20241206,SP,7107
58386651,0001,1,STUDIO RHINO TREINAMENTO PERSONALIZADO,02,20241209,20241209,SP,6291
50049208,0001,1,ALL IN FITNESS,08,20241209,20230323,RJ,5869
28130626,0002,2,ATOMIC - CT2,04,20260525,20241209,PE,2301
58393839,0001,1,STUDIO VIVAFIT,02,20241209,20241209,SP,6715
58411393,0001,1,MS GINASTICA ARTISTICA,02,20241210,20241210,GO,9373
58414076,0001,1,ACADEMIA GAVIOES 24 H VILA MARIA,02,20241210,20241210,SP,7107
58427536,0001,1,ZION GYM,02,20241211,20241211,SP,7107
58435233,0001,1,ESPACO ONDAFIT,02,20241212,20241212,PE,2491
57713363,0001,1,BELA FORMA ACADEMIA,02,20241016,20241016,BA,3391
39846833,0002,2,MASTER FIT CT JOAO PESSOA,02,20241212,20241212,PB,2051
58441340,0001,1,CROSS FREI GASPAR,08,20250623,20241212,SP,7121
58452222,0001,1,WR FITNESS ACADEMIA,02,20241213,20241213,MS,9063
53308501,0001,1,AC FIT,02,20231227,20231227,RJ,5877
58456619,0001,1,FW FITNESS,02,20241213,20241213,RJ,5867
58458164,0001,1,,02,20241213,20241213,PR,7875
58458567,0001,1,SURYA YOGA,02,20241213,20241213,SP,7097
58459197,0001,1,WORLD GYM,02,20240828,20240828,DF,9701
58460267,0001,1,XGYM,02,20241213,20241213,BA,3467
58460771,0001,1,,02,20241213,20241213,CE,1363
58469988,0001,1,GOFIT ACADEMIA,02,20241216,20241216,PE,2495
51141162,0002,2,CT SPORTE LIFE,08,20251002,20241216,PA,1190
58478935,0001,1,,02,20241216,20241216,RJ,6001
58480272,0001,1,LAPIDA PILATES,02,20241216,20241216,SP,7107
58486061,0001,1,CENTRO DE TREINAMENTO WILL FITNESS,02,20241217,20241217,SC,8233
58491591,0001,1,ARENA BRADDOCK LTDA,02,20241217,20241217,SP,7107
24339925,0029,2,,02,20241217,20241217,SP,6291
58498129,0001,1,OFICINA DO CORPO ACADEMIA,02,20241217,20241217,GO,9227
58502054,0001,1,,02,20241218,20241218,MG,5185
58502292,0001,1,PERSONAL HEITOR RODRIGUES,02,20241218,20241218,SP,7107
58503466,0001,1,AMK SAJA,02,20241218,20241218,PR,7563
58507361,0001,1,UNIQUE PERSONAL TRAINING,02,20241218,20241218,PR,7535
58509970,0001,1,ACADEMIA DA JAQUEIRA,02,20241218,20241218,BA,3325
58512834,0001,1,,02,20241219,20241219,MG,4123
47583706,0002,2,,02,20241219,20241219,SP,6291
58520691,0001,1,,02,20241219,20241219,PR,7885
58540503,0001,1,TISSI TRAINING,02,20241223,20241223,RJ,5863
58541626,0001,1,SKYFIT FRANCISCO MORATO,02,20241223,20241223,SP,7017
40939334,0002,2,,02,20241223,20241223,MG,4865
58554145,0001,1,WORKOUT ACADEMY,08,20250618,20241226,MT,9077
55220486,0001,1,TITANIUM ACADEMIA,02,20240521,20240521,CE,1373
58560250,0001,1,SL23 GYM,02,20241226,20241226,BA,3953
58563246,0001,1,KRON ESCOLA DE LUTAS PRACA DO BICALHO,02,20241227,20241227,DF,9701
58567780,0001,1,,02,20241227,20241227,SC,8039
58571729,0001,1,ACADEMIA ZION,02,20241227,20241227,BA,3673
22902694,0126,2,,02,20241230,20241230,PE,2457
58583269,0001,1,BOX IRON TRAINING,02,20241230,20241230,MG,4111
58585734,0001,1,INSTITUTO DO MOVIMENTO,02,20241230,20241230,PE,2531
58586761,0001,1,MR MOVE,02,20241231,20241231,MG,4387
58291043,0001,1,ACADEMIA ESPACO FITNESS,02,20241129,20241129,BA,3617
58601970,0001,1,STUDIO VELOCITY,02,20250102,20250102,PR,7927
58607291,0001,1,STUDIO STEFANY ANGELOS,02,20250103,20250103,PA,0575
58608052,0001,1,RM FITNESS,02,20250103,20250103,SE,3105
58609343,0001,1,GIGIO FITNESS UNIDADE II - INOA,02,20250103,20250103,RJ,5853
58609646,0001,1,FULL BODY ACADEMIA,08,20250523,20250103,PR,7499
58609933,0001,1,STUDIO MOOCA PERSONAL FM,02,20250103,20250103,SP,7107
58614056,0001,1,DELTA CENTRO DE TREINAMENTO,02,20250103,20250103,MG,5369
58635406,0001,1,BLACKFIT,02,20250106,20250106,PB,1905
58653705,0001,1,,02,20250106,20250106,PR,7493
54515700,0001,1,INVICTHUS PRIME,02,20240328,20240328,PI,1219
58659974,0001,1,BENETTON FITNESS,02,20250107,20250107,MG,5035
58674192,0001,1,UTF ICARAI,02,20250107,20250107,RJ,5865
58686651,0001,1,OKAMI FIGHT,02,20250108,20250108,SP,6547
58692037,0001,1,EVOLUT STUDIO DE PILATES,02,20250108,20250108,CE,1389
58704020,0001,1,,02,20250108,20250108,SP,6475
46631654,0004,2,BELA VILA CENTRO DE ESTETICA,08,20260106,20250109,MG,4123
58715874,0001,1,DR. SAUDE E CONSULTORIA,02,20250109,20250109,MA,0921
58716541,0001,1,VIRTUS SPORTS COMPLEX,02,20250109,20250109,GO,9373
58729689,0001,1,,02,20250109,20250109,CE,1389
58743450,0001,1,OSMAR LANES,02,20250109,20250109,MG,4625
07594978,0630,2,,02,20240910,20240910,SP,6291
58750207,0001,1,ALLP FIT ACADEMIA UBERLANDIA,02,20250110,20250110,MG,5403
49252266,0001,1,ESTUDIO MAIS SER,08,20250110,20230119,RN,1713
58758076,0001,1,OLYMPIA FIT,02,20250110,20250110,BA,3457
58759243,0001,1,ALLP FIT ACADEMIA,02,20250110,20250110,MG,4123
58764527,0001,1,VIVA STUDIO PILATES I,02,20250110,20250110,SC,8185
58767893,0001,1,IRON ROCHA ACADEMIA,02,20250110,20250110,MG,4365
58776005,0001,1,BESSA FIT,02,20250110,20250110,CE,1267
58777117,0001,1,,02,20250110,20250110,RJ,0770
22902694,0131,2,,02,20250113,20250113,MA,0889
58806097,0001,1,ACADEMIA 1001P,02,20250113,20250113,MT,9067
58806140,0001,1,PORAO ACADEMIA,02,20250113,20250113,CE,1389
46518992,0002,2,SOARES FIT,02,20250113,20250113,PE,2629
58812398,0001,1,FITHAUS ACADEMIA,02,20250113,20250113,MG,4617
58816442,0001,1,CORPUS FITNESS,02,20250113,20250113,MG,4895
58817564,0001,1,POINT DA GINASTICA,02,20250113,20250113,TO,9613
58821744,0001,1,LIFER,02,20250113,20250113,MG,5273
58825331,0001,1,,02,20250113,20250113,SP,7057
58836787,0001,1,,02,20250114,20250114,SP,6251
58846728,0001,1,RAFAEL ALVEZ TERAPIA SENIOR,02,20250114,20250114,DF,9701
58854245,0001,1,WM FIT ACADEMIA,02,20250114,20250114,PE,2521
58854861,0001,1,MARIANA GRECCO PILATES STUDIO LTDA,02,20250114,20250114,SP,7099
58875609,0001,1,DAI BASILIO SAUDE INTEGRATIVA,02,20250115,20250115,RS,8801
49648624,0001,1,ACE FIT,02,20230217,20230217,PI,0292
58882845,0001,1,Y.P. TRAINER,08,20260331,20250115,PI,1219
58888525,0001,1,DEBORA ROSELOS,02,20250115,20250115,SP,7107
58888704,0001,1,,02,20250115,20250115,PR,7493
58892502,0001,1,STUDIO PANTERA FITNESS,02,20250115,20250115,BA,3533
58893821,0001,1,ASSESSORIA ESPORTIVA ANDRE ANDRADE,02,20250115,20250115,SP,7107
58913882,0001,1,ACADEMIA ESTACAO FITNESS,02,20250116,20250116,MA,0897
58927201,0001,1,,02,20250116,20250116,RJ,6001
58927539,0001,1,COMPLEX FIT,02,20250116,20250116,DF,9701
58927714,0001,1,ARENA FITNESS,02,20250116,20250116,MG,4967
58936159,0001,1,DIEGO DA SILVA,02,20250117,20250117,PR,7535
58936236,0001,1,STUDIO ELEVA,02,20250117,20250117,RJ,5865
58936563,0001,1,ARENA FITNESS,02,20250117,20250117,BA,3317
58943539,0001,1,THIAGO SCHIAVON PERSONAL E NUTRICAO,08,20250415,20250117,SP,7107
47664890,0001,1,ACQUA FIT - ESCOLA DE NATACAO E ACADEMIA,08,20250117,20220822,SP,7217
48713840,0001,1,,02,20221124,20221124,PR,7483
58951172,0001,1,CARDOSO PERSONAL TRAINER,02,20250117,20250117,MG,4069
58956158,0001,1,,02,20250117,20250117,RJ,6001
58957280,0001,1,SHEILA REGINA STUDIO DE PILATES LTDA,02,20250117,20250117,PR,7597
58974264,0001,1,AURA PILATES,08,20260611,20250120,PR,7745
58975306,0001,1,,02,20250120,20250120,SP,7107
58975562,0001,1,TAMIRES PAES STUDIO PILATES,02,20250120,20250120,AM,0255
58977353,0001,1,BOX MARIA BONITA,02,20250120,20250120,CE,0985
58978632,0001,1,PRO SAUDE,02,20250120,20250120,MG,5371
58979041,0001,1,METAS FITNESS,02,20250120,20250120,SP,6789
58987590,0001,1,STUDIO BV,02,20250120,20250120,AL,0562
58990297,0001,1,STELLA KIDS,02,20250120,20250120,MG,5273
58995076,0001,1,STUDIO MZ,02,20250120,20250120,SC,8383
58998507,0001,1,CLINICA KORPUS,02,20250121,20250121,MG,5401
59001679,0001,1,FF FITINESS,02,20250121,20250121,MG,4817
59002567,0001,1,STUDIO PILATES AMANDA LEITE,02,20250121,20250121,PB,2051
59005966,0001,1,,02,20250121,20250121,SP,7017
59007410,0001,1,,02,20250121,20250121,SP,6251
59007420,0001,1,COSTA E ARBELO- STUDIO HIIT & MUSCULACAO,08,20260502,20250121,RS,5757
59010901,0001,1,LEONARDO PERSONAL,02,20250121,20250121,RJ,6001
54635637,0001,1,ACADEMIA BEM ESTAR,02,20240408,20240408,SE,3169
59019086,0001,1,J L ACADEMIA,02,20250121,20250121,PA,0441
59022708,0001,1,YOU FIT BANGU,02,20250122,20250122,RJ,6001
59023436,0001,1,,02,20250122,20250122,RJ,6001
59023685,0001,1,I9 ASSESSORIA ESPORTIVA,02,20250122,20250122,AP,0605
59025081,0001,1,,02,20250122,20250122,MA,0921
59027079,0001,1,ACADEMIA BRUTOS,02,20250122,20250122,PA,0595
59036924,0001,1,DM PERFORMANCE,02,20250122,20250122,SC,9943
59042344,0001,1,WE FOLLOW,02,20250122,20250122,GO,9563
59043741,0001,1,STUDIO REABILITAR - FISIO & PILATES,02,20250122,20250122,SP,6571
59049180,0001,1,,02,20250123,20250123,SP,7267
43985931,0001,1,,02,20211022,20211022,MS,9051
59058126,0001,1,ESPACO FITNESS STUDIO,02,20250123,20250123,MG,4093
59061561,0001,1,STUDIO PERFORMANCE,02,20250123,20250123,MT,9865
59062437,0001,1,STARTCROSS TRIBE,02,20250123,20250123,MG,5403
59062545,0001,1,HS TREINAMENTO E REABILITACAO,02,20250123,20250123,PR,8461
59066168,0001,1,,02,20250123,20250123,PR,5453
59067087,0001,1,STUDIO RESILIENCE,02,20250123,20250123,GO,9373
47821108,0001,1,,02,20220902,20220902,SP,7149
59078415,0001,1,CT CLUB FITNESS,02,20250124,20250124,PA,0427
59089492,0001,1,,02,20250124,20250124,CE,1471
59090650,0001,1,JENIFER ROSA ELASTIC TRAINING,02,20250124,20250124,PR,7927
59094231,0001,1,,02,20250123,20250123,RS,8599
58750202,0001,1,ATF FISIOTERAPIA,02,20250110,20250110,MG,4613
59104907,0001,1,PERSONAL ED,02,20250127,20250127,SP,7157
59105998,0001,1,,02,20250127,20250127,MG,4231
56688233,0001,1,,02,20240814,20240814,BA,3459
59111945,0001,1,TRONIC CROSS,02,20250127,20250127,MG,5133
59115082,0001,1,,02,20250127,20250127,RS,8955
59121359,0001,1,,02,20250127,20250127,SP,6921
59126198,0001,1,STUDIO FUNCIONAL AMANDA ROCHA,02,20250127,20250127,PE,2561
59133195,0001,1,MAXFIT CONFECTION,02,20250128,20250128,RJ,6001
49254678,0001,1,CASERNA PARANGABA,08,20250128,20230119,CE,1389
59140994,0001,1,TEAM MESQUITA,02,20250128,20250128,CE,1585
59141386,0001,1,KLINSMAN SANTOS-GYM,02,20250128,20250128,AL,2845
59167173,0001,1,,02,20250129,20250129,SP,6179
59169963,0001,1,CT ALPHA GOLD,02,20250129,20250129,PR,7901
59171484,0001,1,,08,20250930,20250129,PR,7691
47446923,0001,1,,02,20220806,20220806,SP,7243
55213422,0001,1,KFREITAS,02,20240521,20240521,MG,5403
59178711,0001,1,,02,20250129,20250129,PE,2325
59184271,0001,1,GM COMPLEXO DE TREINAMENTO,02,20250130,20250130,TO,9685
59184322,0001,1,,02,20250130,20250130,CE,1559
59187754,0001,1,LIFEFIT WELLNESS CLUB,02,20250130,20250130,BA,3513
59189270,0001,1,1404 HEALTH & FITNESS,08,20260226,20250130,SE,3105
59190340,0001,1,JEAN DIAS PERSONAL TRAINER,02,20250130,20250130,MG,2691
59194950,0001,1,SIMETRIA STUDIO PERSONAL,02,20250130,20250130,MG,4123
59207105,0001,1,CROSS TRAINING,02,20250131,20250131,GO,9297
59209425,0001,1,,02,20250131,20250131,SC,8279
59210236,0001,1,MAD - PROFISSIONAL DE EDUCACAO FISICA,02,20250131,20250131,SC,9985
59213838,0001,1,,02,20250131,20250131,RS,8801
55175322,0002,2,,02,20250131,20250131,MG,5271
59215298,0001,1,HOUSE FITNESS,02,20250131,20250131,GO,9433
59215321,0001,1,OTONIEL TRAINER,02,20250131,20250131,CE,1389
59219876,0001,1,DPN TEAM,02,20250131,20250131,SP,6377
59222634,0001,1,I91 PERSONAL STUDIO,02,20250131,20250131,SP,7071
59224371,0001,1,ESPACO CAROLINE AZEREDO,02,20250131,20250131,PR,7745
59225935,0001,1,STUDIO PILATES BEATRIZ MENEZES,02,20250131,20250131,MG,5039
59238020,0001,1,,02,20250202,20250202,MG,5427
59240813,0001,1,,02,20250203,20250203,RJ,6001
59241599,0001,1,TR FORCE ACADEMIA,02,20250203,20250203,MG,4839
59176041,0001,1,CORPUS PHYSIO ESTUDIO DE PILATES,02,20250129,20250129,CE,1389
59250004,0001,1,FORTES TRAINING,08,20260302,20250203,SP,6291
59253683,0001,1,FOCO ACADEMIA,02,20250203,20250203,RN,1619
59257174,0001,1,EASY FITNESS,02,20250203,20250203,CE,0987
59257193,0001,1,VIC SMART EDGE SCP,02,20241116,20241116,TO,9241
59257227,0001,1,CHUTE BOXE REGISTRO,02,20250203,20250203,SP,6953
59267959,0001,1,,02,20250204,20250204,MA,0921
59274831,0001,1,MALTA CROSS,02,20250204,20250204,AL,2747
59275160,0001,1,,02,20250204,20250204,SP,7071
59278858,0001,1,POWER FIT ACADEMIA,02,20250204,20250204,GO,9435
59282429,0001,1,,02,20250204,20250204,MG,5403
59287577,0001,1,DAY FIT ACADEMIA,02,20250204,20250204,SP,7107
59292413,0001,1,CORPO E MOVIMENTO,02,20250205,20250205,SP,7107
59303358,0001,1,NIC LIMA ASSESSORIA ESPORTIVA,02,20250205,20250205,SP,7157
59316540,0001,1,,02,20250205,20250205,SP,7107
58879741,0001,1,THE HOUSE CROSS,02,20250115,20250115,MG,4181
59020234,0001,1,,02,20250121,20250121,MG,0620
59125603,0001,1,LOOP ONE,08,20260114,20250127,CE,1389
59323616,0001,1,ACADEMIA MASTER BH,02,20250206,20250206,MG,4123
59342277,0001,1,CENTRO DE TREINAMENTO RONALDO SABINO,02,20250207,20250207,CE,1389
59344985,0001,1,,02,20250207,20250207,CE,1569
59354929,0001,1,,02,20250207,20250207,RS,8785
59370033,0001,1,SIMONE CARVALHO,02,20250210,20250210,BA,3413
59385796,0001,1,ACADEMIA ATLETAS,02,20250210,20250210,ES,5623
59386653,0001,1,BASE CENTRO DE TREINAMENTO,02,20250210,20250210,ES,5611
59391681,0001,1,,02,20250210,20250210,SP,7107
59396138,0001,1,STUDIO DO JOACA,02,20250211,20250211,ES,5625
59402846,0001,1,META X Y STUDIO PERSONAL TRAINER,02,20250211,20250211,SC,8039
59409083,0001,1,DESPERTAR,02,20250211,20250211,RJ,6001
59409629,0001,1,AYRES MENTORIA ESPORTIVA,02,20250211,20250211,SP,7107
59413892,0001,1,EVIDENCE STUDIO,02,20250211,20250211,GO,9269
59415446,0001,1,SKYFIT CANAA DOS CARAJAS,02,20250211,20250211,PA,0048
59436830,0001,1,,02,20250212,20250212,RS,8801
59445253,0001,1,STAR CROSS TRAINING,02,20250213,20250213,GO,9373
59446643,0001,1,BC FULL PERFORMANCE,02,20250213,20250213,SC,8105
59446803,0001,1,PANOBIANCO GUARARAPES,02,20250213,20250213,SP,6465
59449193,0001,1,INOVA STUDIO PERSONAL,02,20250213,20250213,SP,7121
59450662,0001,1,BROTHERS TRAINING CENTER,02,20250213,20250213,PR,7691
59452438,0001,1,PANOBIANCO VILA SERRALHEIRO,02,20250213,20250213,SP,7107
59465800,0001,1,ART FITNESS,02,20250214,20250214,MG,5189
59468021,0001,1,AILERON,08,20250528,20250214,SP,7145
59469057,0001,1,ESTUDIO DE PILATES THAYS CARDOSO,02,20250214,20250214,SP,6291
59474435,0001,1,ARIES FITNESS,02,20250214,20250214,RJ,6001
59476337,0001,1,NEWBOX GUAIRA,02,20250214,20250214,PR,7571
59481120,0001,1,CAOPANHIA FIT,02,20250214,20250214,RJ,6001
20105928,0002,2,ATMOSFERA ACADEMIA,02,20250215,20250215,SC,8055
54287036,0001,1,,08,20250217,20240312,SP,7107
59496383,0001,1,MYCYCLE,02,20250217,20250217,SP,7107
59499180,0001,1,INPEF PILATES E FISIOTERAPIA,02,20250217,20250217,SP,6687
59499411,0001,1,,02,20250217,20250217,SP,6239
59501713,0001,1,E.TRAINING,02,20250217,20250217,SP,7107
59504585,0001,1,ITALO C DOS SANTOS VIDAL CONSULTORIA ESPORTIVA,02,20250217,20250217,SP,6477
59505165,0001,1,ARENA BTPG SUNSET,02,20250217,20250217,SP,6921
59508878,0001,1,ACADEMIA MUNDO FITNESS OFICIAL,02,20250217,20250217,MA,0957
59511874,0001,1,MN FIT,02,20250217,20250217,PE,2563
59512445,0001,1,SKY BEBEDOURO,02,20250217,20250217,SP,6221
59519422,0001,1,,02,20250218,20250218,MG,4123
59519632,0001,1,BRUNO TREINADOR,02,20250218,20250218,RS,8801
59521122,0001,1,TREINO EM DIA,02,20250218,20250218,SP,6291
59522101,0001,1,,02,20250218,20250218,CE,1447
59523086,0001,1,INOVA FIT PRIME,02,20250218,20250218,SP,7107
59529304,0001,1,CT DAS GATAS,02,20250218,20250218,AL,2785
59532615,0001,1,PLAYFIT BRINQUEDOTECA,08,20250903,20250218,ES,5705
59541484,0001,1,STUDIO VELOCITY ITU,02,20250219,20250219,SP,6579
59541725,0001,1,DRAGON FITNESS,02,20250219,20250219,ES,5655
53743718,0001,1,LIFEMOOVING ACADEMIA,02,20240131,20240131,SC,8147
59549912,0001,1,SPA URBANO BELLEFISIO,02,20250219,20250219,RJ,6001
59552225,0001,1,MVTEAM,08,20260415,20250219,SC,8177
59558238,0001,1,VAZTREINAR,02,20250219,20250219,SP,7107
59564790,0001,1,,02,20250220,20250220,RS,8791
59572448,0001,1,JUDO ANDREY,02,20250220,20250220,PR,7471
59574891,0001,1,CHACARA DO ARISTOTELES,02,20250220,20250220,CE,1599
59576672,0001,1,DESENLACE PILATES E FISIOTERAPIA,02,20250220,20250220,SC,8105
59584787,0001,1,ACADEMIA GAVIOES LAJEADO,02,20250221,20250221,SP,7107
59589181,0001,1,CONNECT PILATES,02,20250221,20250221,MG,4625
59592086,0001,1,EJC FITNESS SAUDE,02,20250221,20250221,BA,3593
45343168,0002,2,,02,20250221,20250221,SP,7107
59596946,0001,1,ESTUDIO PILATES TATIANA MARQUES,02,20250221,20250221,MG,5403
59598552,0001,1,TRIBO CROSS,02,20250221,20250221,SC,8163
59606309,0001,1,KAKA FITNESS 02,02,20250222,20250222,MA,0148
59607824,0001,1,,02,20250222,20250222,PR,7435
59609148,0001,1,ACADEMIA STUDIO J...,02,20250222,20250222,SP,7107
59613971,0001,1,FOLLMANN STUDIO PERSONAL,02,20250224,20250224,SC,8215
59614256,0001,1,VITA FIT STUDIO PERSONAL TRAINING,02,20250224,20250224,MG,5031
59618284,0001,1,DOCTOR FIT CENTRO,02,20250224,20250224,SC,8039
59624463,0001,1,,02,20250224,20250224,MG,4111
59625950,0001,1,MOVILIFE,02,20250224,20250224,MT,8995
59626502,0001,1,RW.7 CENTRO DE TREINAMENTO,08,20260212,20250224,SP,7099
59626643,0001,1,PILATES BY PATY,02,20250224,20250224,SP,7057
59626731,0001,1,STUDIO NOVA FORMA,02,20250224,20250224,RJ,6001
59637570,0001,1,,02,20250225,20250225,CE,1369
59638457,0001,1,H K FIT,02,20250225,20250225,PR,7425
59651008,0001,1,CROSS EXPERIENCE CENTRO PELOTAS,02,20250225,20250225,RS,8791
59654466,0001,1,GOYA CROSSFIT,02,20250225,20250225,GO,9373
59655162,0001,1,ACADEMIA HP FITNESS,02,20250225,20250225,RJ,5837
59404834,0001,1,MAUA GYM,02,20250211,20250211,RS,6065
59448358,0001,1,DANIELA PAZ PERSONAL TRAINER,02,20250213,20250213,GO,9373
59668543,0001,1,IJK ASSESSORIA ESPORTIVA,02,20250226,20250226,SP,6477
59670699,0001,1,GUILHERME FREITAS - PERSONAL TRAINER,02,20250226,20250226,MG,4123
59697488,0001,1,VINNY GUIMARAES CENTRO DE REABILITACAO,08,20250620,20250227,PE,2521
59698736,0001,1,PEREIRA & FREIRE - TREINAMENTO PERSONALIZADO LTDA,02,20250227,20250227,MG,5427
59698947,0001,1,NUNES SAUDE E PERFORMANCE,02,20250227,20250227,SP,6553
59700186,0001,1,RAFAELA VILARIM - PILATES,02,20250227,20250227,SP,6787
59704582,0001,1,RT + FISIOLOGIA E PERFORMANCE ESPORTIVA LTDA,02,20250228,20250228,DF,9701
59707941,0001,1,,02,20240911,20240911,SP,7075
59711429,0001,1,GABI CARDOSO PERSONAL TRAINER,02,20250228,20250228,SP,7107
59714900,0001,1,KADU LEMOS ASSESSORIA ESPORTIVA E SAUDE,02,20250228,20250228,SC,8183
59715901,0001,1,ACADEMIA CLUB UNIAO,02,20250228,20250228,PR,7833
59717224,0001,1,ACADEMIA LIMA PAIXAO,02,20250228,20250228,MA,0128
59721971,0001,1,,02,20250301,20250301,CE,1305
59750766,0001,1,LA VITA BENE STUDIO DE PILATES,02,20250305,20250305,SP,6619
59545511,0001,1,ACADEMIA VIBE FITNESS,02,20250219,20250219,RN,1669
51163932,0001,1,AG FIT ACADEMIA,02,20230623,20230623,PA,0509
59763578,0001,1,ACADEMIA AGUA VIDA,02,20250306,20250306,DF,9701
59763828,0001,1,PH.D SPORTS VILA PRUDENTE,02,20250306,20250306,SP,7107
59771547,0001,1,,02,20250306,20250306,SP,7075
59772108,0001,1,FGT ASSESSORIA FITNESS,02,20250306,20250306,RS,8781
58333296,0001,1,ALPHA FITNESS,02,20241203,20241203,BA,3413
59778089,0001,1,EMPOWERBOX,02,20250307,20250307,SP,6495
59791239,0001,1,MONTEIRO FITNESS,02,20250307,20250307,MG,4069
59792066,0001,1,ESTACAO FIT DE TREINAMENTO,02,20250307,20250307,PI,0328
59799657,0001,1,TOPFISIO ACADEMIA LTDA,02,20250308,20250308,AL,2829
59807218,0001,1,AP TREINAMENTO INTEGRADO LTDA,02,20250310,20250310,DF,9701
59807323,0001,1,EVOLUII MAIS FITNESS ACADEMIA,02,20250310,20250310,GO,9561
55457786,0001,1,DAGO PERSONAL TREINAMENTO ESPECIALIZADO,08,20250310,20240610,RS,8841
59816931,0001,1,ESPACO TAY PILATES,02,20250310,20250310,SC,5537
59821177,0001,1,AURORA STUDIO,02,20250310,20250310,RS,8801
59837141,0001,1,HOPE 23 GYM,02,20250311,20250311,RJ,6001
49935738,0001,1,STUDIO POWER FITNESS,02,20230314,20230314,MT,8987
59845417,0001,1,LSF REHABSPORT FISIOTERAPIA,02,20250311,20250311,MG,5343
59851227,0001,1,LS FITNESS ACADEMIA,02,20250311,20250311,PA,0561
59854132,0001,1,DPS MOVELAB,02,20250312,20250312,SP,6477
59861886,0001,1,SAYRO CRISTIANO PERSONAL,02,20250312,20250312,PI,1219
59863504,0001,1,,02,20250312,20250312,SP,6821
59863883,0001,1,ALPHA FIT,02,20250312,20250312,MG,5379
59872015,0001,1,,02,20250312,20250312,SP,7107
59872151,0001,1,ARRETADOS GYM,02,20250312,20250312,PE,2329
59880829,0001,1,HEALTH LIFE CLINC LTDA,02,20250313,20250313,MG,4939
59882056,0001,1,STUDIO DE PILATES GREISSI MARTINS LTDA,02,20250313,20250313,RS,8847
59885851,0001,1,ALLA FITNESS,02,20250313,20250313,SP,6499
59887758,0001,1,ALPHA FITNESS,02,20250313,20250313,BA,1112
59891228,0001,1,NUTRICAO E MUSCULACAO SEM ACHISMO - NMSA,02,20250313,20250313,PR,7583
59893904,0001,1,ACADEMIA FITNESSPARK,02,20250313,20250313,SP,7107
59894070,0001,1,,02,20250313,20250313,SP,7107
59905522,0001,1,ALDIR PE,02,20250314,20250314,PE,2531
59908890,0001,1,J M STUDIO,02,20250314,20250314,PR,7573
59911749,0001,1,EVOLV,02,20250314,20250314,SP,7089
20320847,0004,2,,02,20250314,20250314,PB,0518
57716184,0001,1,BLEND FITT ACADEMIA DE GINASTICA E CONDICIONAMENTO FISI,02,20241016,20241016,SP,7107
17694708,0002,2,,02,20250317,20250317,SP,6885
59929827,0001,1,CLINICA SALUD'IS,02,20250317,20250317,MG,4895
59935764,0001,1,JTRAINING ON CONSULTORIA,02,20250317,20250317,RJ,6001
59937289,0001,1,CROSS META FIT,02,20250317,20250317,SP,6799
59937924,0001,1,ANDERSON ESTEVAM,02,20250317,20250317,SC,8179
59944837,0001,1,BIOFIT ACADEMIA,02,20250317,20250317,MG,4223
59949931,0001,1,PILATES CLASSICO,02,20250318,20250318,PA,0427
59953954,0001,1,ROYAL SPORTS PASSOS,02,20250318,20250318,MG,4957
45094051,0001,1,DM9 PERSONAL STUDIO,08,20250318,20220201,MG,4573
59955887,0001,1,STUDIO TATI OLIVEIRA,02,20250318,20250318,PR,7925
59958101,0001,1,BAETA PERSONAL,02,20250318,20250318,SP,7107
59961732,0001,1,SALTO.FIT STUDIO,02,20250318,20250318,MT,8983
59970594,0001,1,,02,20250319,20250319,PR,7885
59973017,0001,1,MONSTER FITNESS ACADEMIA,02,20250319,20250319,PA,0379
59973708,0001,1,STUDIO DIVAS FITNESS,02,20250319,20250319,GO,9927
22902694,0133,2,,02,20250319,20250319,MA,0921
59981799,0001,1,SKYFIT,02,20250319,20250319,PE,2531
59988191,0001,1,ARENA 14,02,20250319,20250319,SP,6259
59997622,0001,1,ODALIO RITIMO ACADEMIA,02,20250320,20250320,PE,2401
59999661,0001,1,PRIMAZIA PILATES,02,20250320,20250320,RS,8801
37914726,0002,2,,02,20240927,20240927,RS,8591
60004268,0001,1,ECO FITNESS FIGHTER,02,20250320,20250320,SP,6861
60004575,0001,1,C14 FITNESS LTDA,02,20250320,20250320,PB,2227
60006712,0001,1,,02,20250320,20250320,SP,6581
60007673,0001,1,,02,20250320,20250320,MG,4105
60008293,0001,1,ACADEMIA FITNESS EXCLUSIVE,02,20250320,20250320,CE,1337
60008693,0001,1,,02,20250320,20250320,PR,7535
60011614,0001,1,MUSCULACAO TREINAMENTO FISICO,08,20260430,20250320,SC,8291
60013622,0001,1,ACADEMIA TOP GYM,02,20250321,20250321,RN,1675
60016217,0001,1,,02,20241210,20241210,RS,8791
60016339,0001,1,,02,20241210,20241210,RS,8801
60016584,0001,1,,02,20241223,20241223,RS,8801
60023367,0001,1,,02,20250321,20250321,SP,6291
60028840,0001,1,CROSSBOX ACADEMIA,02,20250321,20250321,SP,5447
33091261,0002,2,,02,20250324,20250324,ES,5625
60044083,0001,1,TEMPLE FIT,02,20250324,20250324,DF,9701
60051838,0001,1,DMJ FIT,02,20250324,20250324,BA,1112
60056361,0001,1,MANIA FIT,02,20250324,20250324,MS,9049
60059337,0001,1,ALPHA FITNESS,02,20250324,20250324,SE,3105
60063775,0001,1,JUNIOR ACADEMIA,02,20250324,20250324,PA,0054
60067974,0001,1,PURA PERFORMANCE,02,20250325,20250325,SP,6175
07594978,0688,2,,02,20250325,20250325,SP,6853
07594978,0699,2,,02,20250325,20250325,BA,3873
60080353,0001,1,,02,20250325,20250325,SP,7107
59973377,0001,1,ULTRA FITNESS,02,20250319,20250319,MT,9873
60087375,0001,1,BIO FITNES,02,20250326,20250326,GO,9919
60098914,0001,1,,02,20250326,20250326,PR,7481
60100865,0001,1,,02,20250326,20250326,PR,7573
60106001,0001,1,CT SPARTAN,02,20250326,20250326,TO,9219
60106944,0001,1,AVALIE 360,02,20250326,20250326,SE,3141
60109877,0001,1,INVICTU'S GYM ACADEMIA,02,20250327,20250327,CE,1583
60117985,0001,1,,02,20250327,20250327,SP,6551
60118991,0001,1,CAROLINA ALVES PILATES,02,20250327,20250327,MG,5343
60122394,0001,1,,02,20250327,20250327,CE,1415
60127414,0001,1,,02,20250327,20250327,MG,4123
50567639,0001,1,STUDIO RESTART,02,20230505,20230505,RJ,5839
60142454,0001,1,SKY FIT GARAVELO,02,20250328,20250328,GO,9227
60148958,0001,1,ACADEMIA KAIROS,02,20250328,20250328,BA,3541
60156292,0001,1,ARNONI FITNESS SANTA MATILDE,02,20250330,20250330,MG,4365
60159667,0001,1,REDUZINDO A FITA,02,20250331,20250331,RS,8801
60160716,0001,1,,02,20250331,20250331,CE,1581
60161682,0001,1,SE MOVE SAUDE,08,20250722,20250331,SP,7107
60164062,0001,1,NORMA FITNESS CENTRO DE TREINAMENTO,02,20250331,20250331,PE,2357
46296344,0001,1,ARM TRAINING,02,20220506,20220506,PR,7633
60181515,0001,1,RUBIANA NOGUEIRA ESPACO PERSONAL TRAINING,02,20250401,20250401,MG,4945
60184098,0001,1,HABITOS STUDIO FITNESS,02,20250401,20250401,AM,0255
60189158,0001,1,REVIVA SAUDE E BEM-ESTAR,02,20250401,20250401,RJ,6001
60194907,0001,1,ACADEMIA J.T. FITNESS,02,20250401,20250401,PA,0429
60216119,0001,1,CASULO - PILATES E FISIOTERAPIA ESPECIALIZADA,02,20250402,20250402,PE,2605
58240801,0001,1,CLASSIC GYM,02,20241126,20241126,GO,9625
60219058,0001,1,SOCIEDADE AE CONDICIONAMENTO,02,20250402,20250402,RJ,6001
60220072,0001,1,OFICINA DO CORPO,02,20250402,20250402,MS,9073
60225462,0001,1,,02,20250403,20250403,RJ,5897
60226235,0001,1,,02,20250403,20250403,MG,4701
55987710,0001,1,,02,20240718,20240718,SC,8311
60232456,0001,1,NAMISPORTS,08,20250514,20250403,RJ,6001
60237020,0001,1,JP FITNESS,02,20250403,20250403,MG,5133
60241872,0001,1,NEUSA HELFF PERSONAL SYSTEM LIMITADA,02,20250403,20250403,PR,7667
60250173,0001,1,BEM STAR ACADEMIA,02,20250404,20250404,MS,9165
60250292,0001,1,FOLLEGO FITNESS ACADEMIA,02,20250404,20250404,SP,7107
54269285,0006,2,,02,20250404,20250404,ES,5705
60252908,0001,1,,02,20250404,20250404,SC,8105
60257475,0001,1,,02,20250404,20250404,BA,3849
60275099,0001,1,"LM CONSULTORIA FITNESS, EMAGRECIMENTO E HIPERTROFIA",02,20250407,20250407,RJ,5833
60275814,0001,1,MARCELO PRADO TRAINING,02,20250407,20250407,SP,6687
60276952,0001,1,VIVEKA CENTRO DE YOGA E COMERCIO LTDA,02,20250407,20250407,MG,5403
45618197,0001,1,ASSESSORIA ESPORTIVA PACHECO RUNNING,02,20220311,20220311,MG,5397
60281923,0001,1,ACADEMIA FISICO E SAUDE,02,20250407,20250407,PE,2587
60286332,0001,1,,02,20250407,20250407,SP,6291
60291121,0001,1,STUDIO STEFANI GOIS - FISIOTERAPIA E PILATES,02,20250407,20250407,BA,3331
60294435,0001,1,,02,20250407,20250407,SP,7107
60295104,0001,1,,02,20250408,20250408,SP,7083
60295810,0001,1,MUSCLE FIT,02,20250408,20250408,MG,5091
60297062,0001,1,LPROFIT TREINAMENTO PERSONALIZADO,02,20250408,20250408,RJ,6001
60301093,0001,1,JM SPORT FIT,02,20250408,20250408,TO,9691
60301746,0001,1,ESPACO FITNESS FRAN CORREA,02,20250408,20250408,RJ,5923
60303199,0001,1,IMPERIO FITNESS,02,20250408,20250408,PE,2627
60305310,0001,1,UBAIAS PILATES,03,20250630,20250408,PE,2531
60305747,0001,1,FLOW PILATES CLASSICO,02,20250408,20250408,PR,7937
60311173,0001,1,ACADEMIA OVERALL TRAINING,02,20250408,20250408,MA,0949
60312319,0001,1,CENTRO DE TREINAMENTO NEXUS PERFORMANCE,02,20250408,20250408,PR,7535
50393410,0002,2,CROSS MUSCLE GYM,02,20250408,20250408,MA,0921
60316113,0001,1,,02,20250408,20250408,MG,5385
44732589,0001,1,P FREIRE,02,20220104,20220104,BA,3849
60319620,0001,1,STUDIO MOV3 MOVIMENTO ENERGIA E VIDA,02,20250409,20250409,SP,6875
60324207,0001,1,ACADEMIA NACAO FITNNES,02,20250409,20250409,GO,9373
60325310,0001,1,CT MAXIMUS ACADEMIA,08,20250423,20250409,PB,2151
60326266,0001,1,AVANTE CENTRO DE TREINAMENTO,02,20250409,20250409,MG,5041
60329194,0001,1,DOCTOR FIT BELEM,02,20250409,20250409,PA,0427
60334583,0001,1,SPORT SYSTEM ACADEMIA,02,20250409,20250409,RS,8841
60341574,0001,1,CROTONA,02,20250410,20250410,SP,6295
55678026,0001,1,,02,20240625,20240625,MG,4125
60355106,0001,1,J A FITNESS,02,20250410,20250410,PE,2457
60356546,0001,1,STUDIO KAREN NERES,02,20250410,20250410,PR,7795
60359807,0001,1,THEO AGRA MOVIMENTO,02,20250411,20250411,RS,8801
58420964,0003,2,MOVFIT ITAITUBA,02,20250411,20250411,PA,0471
60371187,0001,1,AUTENTICO PILATES & FISIOTERAPIA LTDA,02,20250411,20250411,SP,7107
60371423,0001,1,A.LF ACADEMIAS LTDA,02,20250411,20250411,SP,7107
60372106,0001,1,FORMAFIT ACADEMIA,02,20250411,20250411,TO,9663
60385843,0001,1,ALLP FIT ACADEMIA,02,20250414,20250414,MG,4123
60387450,0001,1,,02,20250414,20250414,MG,5391
60390367,0001,1,,02,20250414,20250414,RS,8599
60391546,0001,1,SPARTAN ACADEMIA,02,20250414,20250414,SP,6155
60398044,0001,1,,02,20241203,20241203,RS,8531
60411643,0001,1,DM FIT,02,20250415,20250415,AL,2719
60425209,0001,1,JEFF ACADEMIA,02,20250415,20250415,PA,0455
60428758,0001,1,STUDIO SATTVA,02,20250416,20250416,SP,6589
52637506,0001,1,,02,20231023,20231023,GO,9617
60433716,0001,1,,02,20250416,20250416,PE,2531
60438914,0001,1,STUDIO VOLL,02,20250416,20250416,SP,7107
60447378,0001,1,CROSS CARAVELAS,02,20250417,20250417,SP,6291
60493148,0001,1,DDF ASSESSORIA ESPORTIVA,02,20250422,20250422,PA,0535
60495909,0001,1,,02,20250423,20250423,SP,6945
60496828,0001,1,NARA E FRANCIELE PILATES,02,20250423,20250423,SC,8139
60506504,0001,1,,02,20250423,20250423,PR,7535
60520073,0001,1,,02,20250424,20250424,ES,5705
60523170,0001,1,A2 FITNESS,02,20250424,20250424,RN,1761
60524684,0001,1,BRUCE LIMA TREINAMENTO E ESTETICA,02,20250424,20250424,RJ,5811
60530638,0001,1,,02,20250424,20250424,SP,7145
60531251,0001,1,,02,20250424,20250424,MG,5397
60532188,0001,1,REVITALIZE PILATES E FISIOTERAPIA,02,20250424,20250424,MA,0921
60544351,0001,1,1S12 GESTAO ESPORTIVA,02,20250425,20250425,SP,6131
60546266,0001,1,ACADEMIA ESTACAO SAUDE,02,20250425,20250425,SC,8105
60019078,0001,1,STAHELIN PERSONAL,02,20250321,20250321,SC,8309
60567750,0001,1,ACADEMIA SAO LUCAS,02,20250428,20250428,MG,5193
60578536,0001,1,MDXFIT,02,20250428,20250428,MG,5401
60590986,0001,1,STUDIO SULLYVAN COSTA,02,20250429,20250429,MG,5213
60594825,0001,1,AC FITNESS,02,20250429,20250429,PB,2051
60598206,0001,1,STUDIO ALAN JARDIM,02,20250429,20250429,RJ,6001
60600648,0001,1,,02,20250429,20250429,SC,8179
60602594,0001,1,I K TRAINING,02,20250429,20250429,ES,5699
49164682,0001,1,,02,20230112,20230112,RJ,2921
60605977,0001,1,VITAGYM ACADEMIA,02,20250429,20250429,SP,7107
60611680,0001,1,VELOVE STUDIO BIKE,02,20250430,20250430,GO,9425
55550635,0001,1,,08,20260423,20240617,GO,9297
60613864,0001,1,ARTFIT ACADEMIA,02,20250430,20250430,MG,4209
60614654,0001,1,,02,20241125,20241125,RS,8591
60614699,0001,1,NATURAVIDA PILATES & FUNCIONAL,03,20250722,20250430,RS,8683
60614999,0001,1,BE STRONG FITNESS,02,20250430,20250430,DF,9701
60627529,0001,1,CALCADAO 597 ACADEMIA,02,20250430,20250430,RN,1619
60648699,0001,1,GOLD FIT ACADEMIA LTDA,02,20250502,20250502,PR,7407
60660880,0001,1,AINSA GYM,02,20250505,20250505,SP,7107
60660935,0001,1,SELINI CLINICA MULTIDISCIPLINAR,02,20250505,20250505,SP,6213
60671308,0001,1,PANIZZO QUALIDADE DE VIDA,02,20250505,20250505,SP,6595
60671946,0001,1,BELA FORMA ACADEMIA,08,20250505,20250505,AM,0239
34986351,0002,2,OPCAO FITNESS ACADEMIA,02,20250505,20250505,SP,6593
60672924,0001,1,MTC FITNESS,02,20250505,20250505,RJ,5811
60675804,0001,1,PE DE PILATES,02,20250505,20250505,RS,8667
60677513,0001,1,,02,20250505,20250505,RS,8685
60687722,0001,1,,08,20260204,20250506,RS,8939
60691066,0001,1,FITNESS CENTER PORTEL,02,20250506,20250506,PA,0515
60696687,0001,1,,02,20250506,20250506,SP,7107
50901902,0001,1,,02,20230601,20230601,SP,6287
60700594,0001,1,CENTRO DE TREINAMENTO FORCA TOTAL,02,20250506,20250506,SP,7079
46784985,0001,1,CENTRO DE TREINAMENTO FISICO,02,20220614,20220614,SC,8327
60706139,0001,1,AMANDA EMERICK,02,20250507,20250507,DF,9701
45806447,0003,2,,02,20250507,20250507,PR,7535
45806447,0004,2,,02,20250507,20250507,PR,7535
60711436,0001,1,JSP SAUDE E BEM ESTAR LTDA,02,20250507,20250507,RS,8737
60715451,0001,1,LX ESPORTE E LAZER LTDA,02,20250507,20250507,SP,7157
60720482,0001,1,PERSONAL KIDS,08,20251219,20250507,MG,4921
57476411,0001,1,PINK FIT,02,20240928,20240928,GO,9395
60728217,0001,1,OLD ACADEMIA,02,20250508,20250508,GO,9573
60738894,0001,1,SOL RUNNERS,08,20250821,20250508,PR,7915
60739344,0001,1,C.T KARINA KGP,02,20250508,20250508,AP,0605
60747254,0001,1,,02,20250509,20250509,RS,8847
60749006,0001,1,,02,20250509,20250509,SP,6511
60757157,0001,1,ESTUDIO DE PILATES BEM ESTAR,02,20250509,20250509,MG,4123
60757727,0001,1,,02,20250509,20250509,SC,8137
60772586,0001,1,,02,20250512,20250512,SP,6715
07594978,0714,2,,02,20250512,20250512,DF,9701
60784995,0001,1,ORSO NERO - ACADEMY GYM,02,20250512,20250512,RJ,5853
60790657,0001,1,CIA FIT,02,20250512,20250512,PE,2531
60793393,0001,1,,02,20250513,20250513,RS,8801
60800390,0001,1,AGILIDADE KIDS,02,20250513,20250513,SC,8083
60814891,0001,1,STUDIO BOA FORMA,02,20250514,20250514,MG,4853
60815104,0001,1,PILATES PATRICIA OLIVEIRA,02,20250514,20250514,SP,6897
60817206,0001,1,LIFE FITNESS ACADEMIA,02,20250514,20250514,BA,3597
59185865,0001,1,MOVE GYM ACADEMIA,02,20250130,20250130,PR,7589
60826615,0001,1,ALIEN ACADEMIA,02,20250514,20250514,SP,6689
60827716,0001,1,WF11 CT PORTAL EVENTOS,02,20250514,20250514,MG,4865
60833428,0001,1,,02,20250514,20250514,SP,7107
58404706,0001,1,UP FITNESS ACADEMIA,02,20241210,20241210,MG,4051
60840548,0001,1,ACADEMIA VIDA FITNESS,02,20250515,20250515,SE,3195
60840610,0001,1,CFM,02,20250515,20250515,MG,5035
59530230,0001,1,,02,20250218,20250218,SP,7107
52786132,0001,1,ESTUDIO PLENITUDE CORPORAL,02,20231106,20231106,GO,0077
60844733,0001,1,ACADEMIA GOLDEN FIT SCP,02,20250401,20250401,SP,6427
60846906,0001,1,CENTRO ESPORTIVO ARENA SPORTS,02,20250515,20250515,PE,2457
48860370,0001,1,ACADEMIA T-FORCE PRO,08,20231030,20221212,MT,8991
49768453,0001,1,ACADEMIA HAMMER,02,20230301,20230301,DF,9701
44049180,0003,2,AF FITNESS ACADEMIA,02,20250516,20250516,PA,0493
60864523,0001,1,ACADEMIA EDU ATLETA,02,20250516,20250516,SP,7193
50163466,0001,1,,02,20230331,20230331,MG,4811
60871331,0001,1,,02,20250516,20250516,RS,8777
55341128,0001,1,,08,20250521,20240531,PE,2531
60898565,0001,1,,08,20260124,20250519,SP,6191
60901206,0001,1,,02,20250519,20250519,SP,7107
60907928,0001,1,ACADEMIA BIOFORCE GYM,02,20250520,20250520,PR,7769
60917790,0001,1,SKYFIT SANTA BRANCA,02,20250520,20250520,MG,4123
60921257,0001,1,AURO FIT,02,20250520,20250520,MA,0895
60922332,0001,1,STUDIO SERGIO FEITOZA,02,20250520,20250520,MS,9051
60923515,0001,1,,02,20250520,20250520,DF,9701
48617116,0001,1,HD PILATES E FISIOTERAPIA,02,20221115,20221115,GO,9473
60931591,0001,1,ONE BODYCENTER,02,20250521,20250521,GO,9633
60932397,0001,1,CIAFIT,02,20250521,20250521,PE,2531
60934986,0001,1,,02,20250521,20250521,PE,2531
60937480,0001,1,ROBUST ACADEMIA,02,20250521,20250521,PE,2435
60938779,0001,1,ALFA FITNESS,02,20250521,20250521,PE,2295
60939658,0001,1,ACADEMIA FORMULA 1 DE ESTRELA,02,20250521,20250521,SP,6407
60941068,0001,1,DOMUS FITNESS,02,20250521,20250521,MA,0961
58901710,0001,1,UP FITNESS LTDA,02,20250115,20250115,ES,5699
50565482,0001,1,,02,20230505,20230505,MG,5035
25217066,0002,2,,02,20250522,20250522,RS,8649
60952233,0001,1,,08,20250618,20250522,SP,7107
60964925,0001,1,TRIUNFITNESS,02,20250522,20250522,PE,2613
60967715,0001,1,PLAY UDI ACADEMIA,02,20250523,20250523,MG,5403
60970900,0001,1,ESPACO FORCA & EQUILIBRIO,08,20260603,20250523,SP,7107
50411940,0002,2,CENTRO FIT LAJEDO ACADEMIA,02,20250523,20250523,PE,2475
60975898,0001,1,ESTRADA REAL ACADEMIA,02,20250523,20250523,MG,5349
60983028,0001,1,MAORI,02,20250523,20250523,PE,2379
60983072,0001,1,VITALIZZA PILATES,02,20250523,20250523,SP,6495
60997084,0001,1,OLYMPOCT CENTRO DE TREINAMENTO EXCLUSIVO,02,20250526,20250526,SP,7177
61001352,0001,1,ATENAS FIT,02,20250526,20250526,PR,7687
61006323,0001,1,UPFIT,02,20250526,20250526,RN,1761
61009194,0001,1,STUDIO WILLIAM DIAS,02,20250526,20250526,SP,6849
61011298,0001,1,SERRA FITNESS,02,20250526,20250526,RJ,5847
61017722,0001,1,,02,20250527,20250527,SP,7107
61018923,0001,1,CAROLINE MIRANDA PSICOMOTRICISTA,02,20250527,20250527,RS,8895
61023932,0001,1,MICHELLE DOS SANTOS CORREIA GERMANO,02,20250527,20250527,PB,2051
61025456,0001,1,,02,20250527,20250527,SP,7151
61031163,0001,1,R2FIT,02,20250527,20250527,PI,1161
60820373,0002,2,,02,20250528,20250528,BA,3353
61046026,0001,1,OX FIT AND GYM ACADEMIA,02,20250528,20250528,SP,6647
61048582,0001,1,,02,20250528,20250528,PE,2531
61051679,0001,1,ACADEMIA IMPERIO FITNESS,02,20250528,20250528,GO,9373
61052966,0001,1,,02,20250528,20250528,SP,7107
61055340,0001,1,PHYSIO.AM,08,20260227,20250528,AM,0255
61057459,0001,1,CTF DONA FITNESS,02,20250529,20250529,MA,0763
61063492,0001,1,,02,20250529,20250529,SP,6689
07594978,0728,2,,02,20250529,20250529,SP,6569
61066744,0001,1,ARENA FIT ACADEMIA,02,20250529,20250529,SP,7209
61068344,0001,1,MAROMBA FIT ACADEMIA,08,20251126,20250529,PI,1211
61069454,0001,1,,08,20260225,20250529,BA,3849
61077034,0001,1,NCA TREINAMENTO PERSONALIZADO,02,20250530,20250530,SP,6181
61083675,0001,1,LEGADO FIT,02,20250530,20250530,SP,7107
51916115,0001,1,BUTTERFLY GAMES,02,20230823,20230823,RN,1671
61118773,0001,1,,02,20250602,20250602,PA,0427
61131511,0001,1,BHATI YOGA,02,20250603,20250603,SP,7107
61137835,0001,1,VITOR GALDI BARCALOBRE LTDA,02,20250603,20250603,SP,6249
61140111,0001,1,JORNADA FITNESS,02,20250603,20250603,MG,4123
30866600,0003,2,,02,20250604,20250604,RS,8587
48760941,0001,1,ALPHA OVERALL FITNESS CENTER,02,20221129,20221129,MG,0660
61154018,0001,1,THE BOX PIO CORREA,02,20250604,20250604,SC,8089
61155781,0001,1,OLIVEIRA ACADEMIA DE GINASTICA,03,20260402,20250604,PR,7493
61156571,0001,1,STUDIO MOV FIT,02,20250604,20250604,SP,7151
40004935,0003,2,ACADEMIA LEOES GYM ILHABELA II,08,20260129,20250605,SP,6509
61176888,0001,1,,02,20250605,20250605,DF,9701
61181289,0001,1,WF STUDIO FITNESS LTDA,02,20250605,20250605,TO,9685
61183233,0001,1,EVOLUX FITNESS,02,20250605,20250605,MG,5091
61183690,0001,1,,02,20250605,20250605,PI,1219
60251086,0001,1,FISICO MUSCULO ACADEMIA,02,20250404,20250404,PI,1219
61189415,0001,1,ESTUDIO DE PILATES,08,20251031,20250606,SP,7107
61194560,0001,1,,02,20250606,20250606,MG,4331
39526632,0002,2,,02,20250602,20250602,RJ,5873
61220750,0001,1,AVANCA CROSS,02,20250609,20250609,ES,5707
44851555,0001,1,,02,20220113,20220113,MT,9067
48969736,0001,1,MACHUCO SALES TREINAMENTO FISICO,02,20221223,20221223,SP,6213
61237035,0001,1,ACADEMIA EVOLUCAO,02,20250610,20250610,PR,7889
61240244,0001,1,,02,20250610,20250610,RJ,5837
61247492,0001,1,DNA FITNESS,02,20250610,20250610,MG,5071
61261147,0001,1,HOLOS,02,20250611,20250611,RJ,6001
44731406,0002,2,BIOFIT STUDIO,02,20250611,20250611,ES,5611
61263586,0001,1,BRUNA A C GANASSIN SERVICOS ESPORTIVOS,02,20250611,20250611,SP,7107
61264910,0001,1,FLOW STUDIO FUNCIONAL E BIKE INDOOR,02,20250611,20250611,RJ,6001
61265170,0001,1,STUDIO MAPASAUDE E BEM ESTAR,02,20250611,20250611,RS,8801
61277222,0001,1,STUDIO COR3,02,20250612,20250612,RS,8791
61283861,0001,1,ADJJ,02,20250612,20250612,DF,9701
61285448,0001,1,PILATES ENERGY,02,20250612,20250612,SP,7071
61285601,0001,1,RITMUS ACADEMIA,02,20250612,20250612,PI,1153
61286254,0001,1,IGV PILATES E FISIOTERAPIA,02,20250612,20250612,MG,5403
51833692,0001,1,MGP PERSONAL,02,20230816,20230816,RJ,2913
61292980,0001,1,,02,20250613,20250613,RJ,5867
51670345,0002,2,,02,20250613,20250613,SP,6469
61298537,0001,1,,02,20250613,20250613,SP,7145
61303372,0001,1,,02,20250613,20250613,MT,9907
61308718,0001,1,,02,20250614,20250614,MG,4387
60837459,0001,1,ARENA BEACH POINT,02,20250515,20250515,BA,3391
61320121,0001,1,FUNCIONAL RITMADO,02,20250616,20250616,SP,6311
61322058,0001,1,RAGGIO STUDIO CLINFIT,02,20250616,20250616,PB,2021
61323367,0001,1,DRAGONFIT ACADEMIA,02,20250616,20250616,RN,1797
61332967,0001,1,,02,20250616,20250616,RO,0011
61333833,0001,1,ATHLON STUDIO,02,20250616,20250616,PE,2521
07594978,0730,2,,02,20250617,20250617,PR,7471
61360485,0001,1,VIX ACADEMIA,02,20250618,20250618,ES,5705
61366408,0001,1,WAP FIT,02,20250618,20250618,CE,1389
61366461,0001,1,,02,20250618,20250618,SP,7113
61383296,0001,1,,02,20250620,20250620,RS,7321
61385512,0001,1,,02,20250620,20250620,SP,7107
61401712,0001,1,ULTRA CEILANDIA QNN 32,02,20250623,20250623,DF,9701
61403616,0001,1,,02,20250623,20250623,RJ,6001
20400996,0002,2,POP FITNESS,02,20250623,20250623,PA,0595
61406877,0001,1,RAWFIT ACADEMIA,02,20250623,20250623,SP,2959
49667059,0003,2,MOOV PILATES,02,20250623,20250623,PR,7917
61416107,0001,1,TIME LUH CASTRO LTDA,02,20250623,20250623,SP,7121
59520859,0001,1,,02,20250218,20250218,SP,6511
61421390,0001,1,MARLON OLIVEIRA PERSONAL,08,20250827,20250624,DF,9701
61421737,0001,1,FAMILIA LIFE STYLE OFICIAL,02,20250624,20250624,DF,9701
61427660,0001,1,BUD ACADEMIA,02,20250624,20250624,SP,7107
47660254,0001,1,DOCTORFIT - STM,02,20220822,20220822,PA,0535
61440518,0001,1,,02,20250625,20250625,TO,9679
14460531,0003,2,,02,20250625,20250625,SP,6875
61443833,0001,1,ARENA 84,08,20260220,20250625,RN,1761
61445231,0001,1,MECAFIT,02,20250625,20250625,RN,1759
18027855,0003,2,ATHLETICA Z FITNESS,02,20250625,20250625,AM,0255
61456548,0001,1,,02,20250625,20250625,DF,9701
61460250,0001,1,,02,20250626,20250626,PR,7607
24921465,0131,2,,02,20250626,20250626,GO,9373
61470457,0001,1,,02,20250626,20250626,MG,4079
24921465,0137,2,,02,20250626,20250626,GO,9373
61483507,0001,1,TITANIUM ACADEMIA,02,20250627,20250627,MA,0751
61505140,0001,1,STUDIO FITNESS ADRYANNE BALIZA,02,20250630,20250630,BA,3461
61284296,0002,2,,02,20250612,20250612,RS,8801
61529864,0001,1,GERACAO SAUDE,02,20250701,20250701,MG,4097
61530332,0001,1,FRABER CROSS TRAINING,02,20250701,20250701,MG,4123
61530594,0001,1,STUDIO ATOS,02,20250701,20250701,DF,9701
61538483,0001,1,ACADEMIA GYM IMPERIO,02,20250701,20250701,BA,3441
61546805,0001,1,PERSONAL FITNESS,02,20250701,20250701,PR,7513
61549090,0001,1,ACADEMIA IMPERIO,02,20250702,20250702,MG,5191
61556565,0001,1,GGS STUDIO FIT,02,20250702,20250702,RS,5989
61558164,0001,1,FABRICA CT JOAO PESSOA,02,20250702,20250702,PB,2051
61561801,0001,1,,02,20250702,20250702,SP,6597
61567291,0001,1,,02,20250702,20250702,RN,1663
61284296,0020,2,,02,20250612,20250612,RS,8801
61569863,0001,1,ARNONI FITNESS SANTA MATILDE,02,20250703,20250703,MG,4365
61571420,0001,1,MD CROSS CENTRO DE TREINAMENTO,08,20251205,20250703,AL,0971
61575035,0001,1,FYSICORE PILATES & FISIOTERAPIA,02,20250703,20250703,PA,0425
61575591,0001,1,BENFICA STUDIO PERSONALIZADO,02,20250703,20250703,MG,5403
61576365,0001,1,POWERFIT,02,20250703,20250703,PE,2503
61581374,0001,1,TUPA TRINDADE,02,20250703,20250703,RJ,5897
61582545,0001,1,ANIMO MUSCULACAO E SAUDE,02,20250703,20250703,GO,9563
61587772,0001,1,CALINE PERSONAL,02,20250703,20250703,SP,7107
61590820,0001,1,,02,20250704,20250704,MG,5403
61592489,0001,1,STUDIO FABRICIO BASTOS,02,20250704,20250704,ES,5705
61599722,0001,1,SWIANY LOPES ESTUDIO DE PILATES,02,20250704,20250704,DF,9701
61604208,0001,1,TC CENTRO FITNESS,02,20250704,20250704,PA,0371
61618874,0001,1,SPORT E WELNESS,02,20250707,20250707,DF,9701
07594978,0744,2,,02,20250707,20250707,MA,0921
26473552,0003,2,FITNESS EXPERIENCE 3,02,20250707,20250707,RS,7303
47785963,0001,1,CT MANO'S EMAGRECIMENTO E FORTALECIMENTO DE MULHERES,02,20220831,20220831,AM,0255
61621905,0001,1,,02,20250707,20250707,BA,3849
61631734,0001,1,RBRASIL PILATES,02,20250707,20250707,SP,6469
61647097,0001,1,VIX ACADEMIA,02,20250708,20250708,ES,5705
61648910,0001,1,,02,20250708,20250708,RJ,6001
61657445,0001,1,STARK PERFORMANCE,02,20250709,20250709,GO,9397
61658651,0001,1,,02,20250709,20250709,BA,3871
61661355,0001,1,ACADEMIA FIT I LIFE,02,20250709,20250709,MG,4813
61661662,0001,1,CENTER FITNESS LTDA,02,20250709,20250709,BA,3571
61671257,0001,1,CENTRO DE TREINAMENTO ANDERSON ALBERTINO,02,20250709,20250709,PB,1981
61680650,0001,1,APIUNA GYM ACADEMIA LTDA,02,20250710,20250710,SC,9941
61681632,0001,1,CORPODERM,08,20251023,20250710,PE,2381
61681931,0001,1,STUDIO FUNCIONAL ALIANCA,02,20250710,20250710,PE,2419
61689370,0001,1,INSPIRE FITNESS,02,20250710,20250710,RS,8587
61696814,0001,1,ROSIANE GALVAO FITNESS & BEM-ESTAR,02,20250711,20250711,SP,7121
61701394,0001,1,LHB OAK FITNESS,02,20250711,20250711,CE,1313
61703382,0001,1,HYSABELLA NUNES STUDIO HIPOPRESSIVO,02,20250711,20250711,ES,5699
61706553,0001,1,ROCK FIT,02,20250711,20250711,SP,6547
61711047,0001,1,,02,20250711,20250711,SP,7107
48713050,0004,2,,02,20250712,20250712,BA,3849
61722431,0001,1,BHAVANA YOGA LTDA,02,20250714,20250714,SP,6291
61723279,0001,1,NOVO PILATES,02,20250714,20250714,SC,8245
61733955,0001,1,,02,20250714,20250714,SP,7107
61734316,0001,1,CARINA GUEDES WELLNESS E SAUDE FEMININA,02,20250714,20250714,SP,7107
61746058,0001,1,ACADEMIA IRON FITNESS,02,20250715,20250715,BA,3647
52546750,0003,2,CT STAR ACADEMIA,02,20250715,20250715,MS,9165
61555293,0001,1,ON THE BOX,02,20250702,20250702,CE,1559
46367061,0002,2,******,02,20250716,20250716,SE,3105
61772822,0001,1,AMERICA FITNESS ACADEMIA,02,20250716,20250716,PI,1047
61775213,0001,1,COREFIT ACADEMIA,02,20250716,20250716,BA,3515
61775737,0001,1,,02,20250716,20250716,MG,5413
61777817,0001,1,ROQUE FITNESS,02,20250716,20250716,ES,5663
61779836,0001,1,ACADEMIA CAIQUE JYK,02,20250716,20250716,MG,4123
61785460,0001,1,VITACORE,02,20250717,20250717,MS,9125
61786300,0001,1,,02,20250717,20250717,RJ,6001
61787130,0001,1,,02,20250717,20250717,SP,7107
07594978,0747,2,,02,20250717,20250717,BA,3849
47568280,0001,1,ACADEMIA BODY FIT,02,20220815,20220815,BA,3685
61800896,0001,1,ACADEMIA POWER FIT,02,20250717,20250717,MG,4559
58578703,0001,1,AEROFIT,08,20250822,20241230,RJ,5867
58597701,0001,1,BOX COLOSSO PRESIDENTE KENNEDY,08,20250717,20250102,CE,1389
61811244,0001,1,CROSS BOX,02,20250718,20250718,PB,1981
53156025,0002,2,GOLD FITNESS,02,20250721,20250721,MG,5273
54823569,0001,1,INTER ACADEMY PASSO FUNDO,08,20250721,20240422,RS,8705
61834371,0001,1,,02,20250721,20250721,SP,7075
61835322,0001,1,,02,20250721,20250721,SP,7107
61852388,0001,1,,02,20250722,20250722,CE,1351
61858028,0001,1,BRAVVA - A SUA ACADEMIA,02,20250722,20250722,GO,9373
61866385,0001,1,CENTRO DE TREINAMENTO ASPERFOMANCE,02,20250722,20250722,PE,2457
61867663,0001,1,ZERO DOR STUDIO,02,20250722,20250722,MG,4431
58740658,0001,1,OLYMPIA ACADEMIA,02,20250109,20250109,PA,0595
61881852,0001,1,HRFITNESS,02,20250723,20250723,CE,1351
61886237,0001,1,MLF RUNNING TEAM,02,20250723,20250723,RJ,6001
52808788,0001,1,,02,20231107,20231107,ES,5629
61897086,0001,1,KEEP PUSHNG,02,20250724,20250724,SP,6619
61897130,0001,1,CASA DE FERRO ACADEMIA,02,20250724,20250724,PA,0048
61902675,0001,1,ESTUDIO DE PILATES AMANAI,02,20250724,20250724,PR,7587
61905084,0001,1,BALANCE DAY,02,20250724,20250724,RJ,6001
57464896,0001,1,SECANDO EMAGRECIMENTO E LONGEVIDADE,08,20250917,20240927,SC,8039
61914919,0001,1,SKYFIT SERTAOZINHO,02,20250725,20250725,SP,7135
61923396,0001,1,DMTEAM CONSULTORIA FITNESS,02,20250725,20250725,PE,2435
61926489,0001,1,ACADEMIA FISICO ATIVO,02,20250725,20250725,MG,5403
61926886,0001,1,IRONBERG BRASILIA,02,20250725,20250725,DF,9701
61927498,0001,1,SHAPEME ACADEMIA,02,20250725,20250725,MG,5213
61933557,0001,1,STUDIO M,02,20250726,20250726,BA,3555
51093885,0002,2,,02,20250728,20250728,PB,1977
61939671,0001,1,STUDIO TOP FITNNES,02,20250728,20250728,RN,1787
61944049,0001,1,,02,20250728,20250728,SP,6155
61947007,0001,1,F&A ACADEMIA,02,20250728,20250728,MG,4713
61948072,0001,1,UNIDADE DA C4 GYM - SAO MATEUS,02,20250611,20250611,SP,7107
61949395,0001,1,BENFIT ACADEMIA,02,20250728,20250728,PA,0429
60640381,0001,1,MAGNUS CT RT,02,20250502,20250502,RS,8589
61620390,0001,1,,02,20250707,20250707,SP,6213
61338154,0001,1,ACADEMIA BOA FORMA,02,20250617,20250617,ES,5697
47029029,0001,1,OKUMURA,08,20250813,20220705,SP,7107
44389717,0003,2,NASN FUNCIONAL - UNIDADE VILA OLIMPIA,08,20250815,20250401,SP,7107
58771259,0001,1,STUDIO PAULO RICARDO,02,20250110,20250110,GO,9325
54402116,0001,1,,02,20240320,20240320,SP,7157
59347928,0001,1,CROS HK,08,20250904,20250207,ES,5629
48753215,0001,1,,02,20221129,20221129,SP,6177
54450373,0001,1,STUDIO PILATES RENATA ALVES,02,20240324,20240324,SP,7075
53341499,0001,1,ANGEL PILATES,02,20240102,20240102,PR,7741
45137135,0001,1,LIN FA MO GUM MYVTMI,08,20250930,20220203,DF,9701
52082182,0001,1,,02,20230905,20230905,SP,7107
46651984,0001,1,ACADEMIA FIT LIFE,02,20220603,20220603,AL,2851
52886610,0001,1,,02,20231114,20231114,BA,1112
58491961,0001,1,,02,20241217,20241217,SE,3233
54811920,0001,1,SUMMER FITNESS,02,20240419,20240419,GO,1052
53476419,0001,1,WS TRAINING,02,20240112,20240112,RJ,6001
50167128,0001,1,STUDIO TONUS,02,20230331,20230331,ES,5715
49745294,0001,1,LEGADO JIU-JITSU,02,20230228,20230228,RO,0013
58739729,0001,1,CT RODRIGO SENESI,02,20250109,20250109,MG,4123
50205196,0001,1,PROFIT ACADEMIA,02,20230404,20230404,RS,8585
52567080,0001,1,ACADEMIA FORCE SHAPE,02,20231018,20231018,MT,8985
44505749,0001,1,ESPACO FITINESS LUANA POSTIGLIONI,02,20211207,20211207,SP,6779
52880999,0001,1,WELLNESS FIT ARAXA,02,20231114,20231114,MG,4079
52531938,0001,1,ONYX ACADEMIA,02,20231016,20231016,RO,0015
45119426,0001,1,STUDIO VELOCITY,02,20220202,20220202,MT,8985
51226374,0001,1,TRECK FIT ACADEMIA,02,20230628,20230628,MT,9777
52220438,0001,1,AUTO ESTIMA VIP,02,20230918,20230918,MG,2649
44522630,0001,1,KLAUS CENTRO DE TREINAMENTO FISICO.,02,20211208,20211208,RJ,6001
45531284,0001,1,STUDIO ATHLETIC,02,20220305,20220305,SC,8105
46583395,0001,1,WS PROTEAM,02,20220529,20220529,SC,8179
48197848,0001,1,ACADEMIA LX FITNESS,02,20221005,20221005,SP,6415
45027762,0001,1,BODY WORKS GYM,02,20220126,20220126,DF,9701
54016771,0001,1,MY BOX HORIZONTE,04,20260611,20240222,CE,1253
54861532,0001,1,ARENA SAO FRANCISCO,02,20240424,20240424,RJ,5865
55878735,0001,1,ACADEMIA KSG,02,20240710,20240710,PE,2419
58930580,0001,1,GALAXY FIT PERSONALIZADA,08,20251103,20250116,PA,0415
30517547,0002,2,,02,20211220,20211220,SP,6481
45501414,0001,1,CF CONCEPT,02,20220303,20220303,PR,7535
45577278,0001,1,,02,20220309,20220309,RJ,5883
45786630,0001,1,,02,20220325,20220325,SP,7107
46478097,0001,1,BEM ESTAR TRAINNING,02,20220520,20220520,CE,1455
46749028,0001,1,ACADEMIA ESPACO FIT,02,20220610,20220610,AL,2809
47131007,0001,1,MOTION-FIT CENTRO DE TREINAMENTO,02,20220713,20220713,PI,2281
47490688,0001,1,MEXA SE CROSS TRAINING,08,20251107,20220809,SP,6429
47704965,0001,1,BROTHERS FITNESS,02,20220824,20220824,DF,9701
48710011,0001,1,PUNHO DE FERRO,02,20260306,20221123,RJ,6001
44651623,0001,1,JACKSON BENDER STUDIO PERSONAL,08,20230301,20211221,RS,5767
51146344,0001,1,VIDA ATIVA,02,20230622,20230622,MA,0236
51728706,0001,1,POWERFIT ACADEMIA,08,20240429,20230808,GO,9571
51824719,0001,1,,02,20230816,20230816,ES,5625
48427274,0001,1,TANIGUCHI FIT,02,20221027,20221027,MA,0727
52333611,0001,1,ACADEMIA SUPERACAO,02,20230927,20230927,MT,9185
52421441,0001,1,,02,20231004,20231004,SP,6361
52698393,0001,1,HORANA CENTRO DE TEINAMENTO,02,20231027,20231027,PR,7535
53308894,0001,1,ACADEMIA FORSHAPE SHOPPING 33 LTDA,02,20231227,20231227,RJ,5925
53368683,0001,1,,02,20240104,20240104,SC,9977
53498231,0001,1,,02,20240115,20240115,PR,7435
54309908,0001,1,,02,20240313,20240313,RJ,5865
55194917,0001,1,NEO PERFORME,02,20240520,20240520,SC,8327
55667472,0001,1,FIT WAVE ACADEMIA,02,20240625,20240625,PR,7587
56339439,0001,1,ACADEMIA STRONGER,02,20240807,20240807,MG,5191
57637346,0001,1,PANOBIANCO ACADEMIA,02,20241010,20241010,SP,7099
58391471,0001,1,INTENCE FITNESS LTDA,02,20241209,20241209,SP,6175
59357565,0001,1,,02,20250207,20250207,SP,6579
59620503,0001,1,PILATES JESSICA DE PAULA,02,20250224,20250224,SP,6875
59691773,0001,1,,02,20250227,20250227,RJ,6001
60898139,0001,1,,02,20250519,20250519,CE,1583
61201818,0001,1,CT EXTREME SAUDE E PERFORMANCE,02,20250606,20250606,RS,8489
58382139,0001,1,,02,20241207,20241207,SC,8373
60914032,0001,1,,02,20250520,20250520,CE,1389
48443328,0002,2,ZENITH FIT,08,20251222,20241217,SP,6713
61276593,0001,1,CENTRO DE TREINAMENTO FISICO DIAMOND,02,20250612,20250612,MS,9787
07594978,0746,2,,02,20250717,20250717,SP,7121
60775744,0001,1,,02,20250512,20250512,SP,6361
54041190,0001,1,CT CANGUCU (CENTRO DE TREINAMENTO CANGUCU),02,20240223,20240223,RS,8587
45290086,0001,1,,08,20260114,20220215,SP,7077
52013196,0001,1,MILENA OLIVEIRA PILATES,02,20230830,20230830,RJ,5869
59962899,0001,1,,02,20250318,20250318,GO,9633
44947997,0001,1,IKIGAI FITNESS,08,20260119,20220120,SP,6789
54529700,0001,1,NP ESPORTE,02,20240331,20240331,SP,6717
51404183,0001,1,ACADEMIA MAIS E MAIS 2,02,20230713,20230713,PR,7541
55385984,0001,1,,02,20240604,20240604,MG,4123
59432392,0001,1,INSPIRAI STUDIO DE PILATES E FISIOTERAPIA,02,20250212,20250212,GO,9227
53249236,0001,1,PRO MAX,02,20231218,20231218,DF,9701
60843065,0001,1,HOMEBOX,02,20250515,20250515,MT,9067
52552621,0001,1,,08,20260130,20231017,CE,1389
57448132,0001,1,,02,20240926,20240926,SP,7107
49257937,0001,1,,02,20230119,20230119,PR,7653
60922979,0001,1,ACADEMIA SAUDE E VIDA,02,20250520,20250520,SP,7051
57603012,0001,1,ELEVE ODONTOLOGIA,02,20241008,20241008,PA,0477
57407593,0001,1,VFIT,02,20240924,20240924,SC,8367
59591405,0001,1,UP ACADEMIA ALEGRETE,02,20250221,20250221,RS,8507
46464298,0001,1,,02,20220519,20220519,ES,5705
49969465,0001,1,JULIANA VILELA GINASTICA ARTISTICA,02,20230317,20230317,SP,6831
50897477,0001,1,,02,20230601,20230601,SC,8179
57260704,0001,1,ACADEMIA ROYAL FIT CENTER,02,20240912,20240912,MT,9033
47288846,0001,1,PLAY LOUNGE,02,20220726,20220726,MS,9165
54833065,0001,1,MAIS VIDA STUDIO DE PILATES,02,20240422,20240422,CE,1389
51815118,0001,1,,02,20230815,20230815,SP,7107
24095920,0002,2,,08,20260311,20230925,MG,4763
61591354,0001,1,,02,20250704,20250704,RS,8507
47861285,0001,1,KADOSH ACADEMIA,02,20220906,20220906,CE,1389
54035981,0001,1,ERAGON CROSS,02,20240223,20240223,BA,3875
49646261,0001,1,ACADEMIA MAGEHH TRAINING,02,20230217,20230217,SC,8147
54882351,0001,1,STUDIO OBJETIVO TREINO E SAUDE,02,20240425,20240425,GO,9625
54600272,0001,1,TRAINING STRONG,02,20240404,20240404,MG,4719
59401458,0001,1,INTENSE ACADEMIA,02,20250211,20250211,SC,0950
58157278,0001,1,,02,20241119,20241119,SP,6249
54859006,0001,1,,02,20240423,20240423,SC,8179
50923857,0001,1,BLESS FIT ACADEMIAS,02,20230602,20230602,CE,1537
48887140,0001,1,,02,20221214,20221214,SP,6619
46927370,0001,1,CASA NA ARVORE - CENTRO DE TREINAMENTO FISICO,02,20220627,20220627,RJ,5849
50016555,0001,1,,02,20230321,20230321,MG,4123
55011533,0001,1,CLINICA DUOFIT NAVEGANTES,02,20240506,20240506,SC,8221
52953576,0001,1,PROOVER ACADEMIA,02,20231121,20231121,SC,8083
47695177,0001,1,STDUIO ALICE PADUA,02,20220824,20220824,MG,4365
59186329,0001,1,,02,20250130,20250130,RS,8801
45922487,0001,1,IMPERIAL FIT ACADEMIA,02,20220405,20220405,PA,0441
48830656,0001,1,ESTRUTURAR PILATES E FISIOTERAPIA,02,20221207,20221207,CE,1389
46217789,0001,1,VARGAS TRAINING E PERFORMANCE,08,20260520,20220501,RO,0011
60360739,0001,1,E REIS GYM - SOLUCOES E COMUNICACAO,02,20250411,20250411,PR,7885
59265202,0001,1,PAMELA S GONZAGA FISIO,02,20250203,20250203,SP,6377
55887945,0001,1,ACADEMIA CORPO & SAUDE,08,20260427,20240711,MG,4877
45281611,0001,1,,08,20260506,20220214,RJ,5813
51879668,0001,1,ABILITY ACADEMIA,08,20260505,20230821,SP,7107
43861165,0001,1,,02,20211013,20211013,SP,7121
50512627,0001,1,ACADEMIA SPIDER GYM,02,20230502,20230502,PR,7667
44293342,0001,1,CENTRO DE TREINAMENTO DE ARTES MARCIAIS BUSHIDO,02,20211118,20211118,MT,9199
51470622,0001,1,YNM FITNESS CLASS,02,20230718,20230718,SP,7107
50875344,0001,1,MOVE PERSONALITE,02,20230530,20230530,SP,7005
46858258,0001,1,CT.BOX.TITANS,02,20220621,20220621,GO,9227
46834737,0001,1,STUDIO 87,04,20260522,20220620,RJ,5853
61549411,0001,1,,02,20250627,20250627,SP,6713
60083107,0001,1,CROSS HIITMO40,08,20260526,20250325,MG,4567
55406489,0001,1,,02,20240605,20240605,MG,4877
55201820,0001,1,PINHEIRO PERSONAL,08,20260602,20240520,SP,7107
50465381,0001,1,,02,20230427,20230427,RS,8899
50949115,0003,2,,02,20260609,20250226,BA,3313
46504447,0002,2,BPM FITINESS,04,20260609,20220523,MT,9067
51818384,0001,1,ACADEMIA HIDRONADO,02,20230815,20230815,MG,5407
61972674,0001,1,LE FORCE ACADEMIA,02,20250729,20250729,PR,7691
61977299,0001,1,ESTUDIO DE PILATES TALITA BETTIN,02,20250729,20250729,SP,7183
61980297,0001,1,COMPACTO FITNESS TRANCOSO,02,20250730,20250730,BA,3807
61980938,0001,1,SKYFIT ABAETETUBA,02,20250730,20250730,PA,0401
61984287,0001,1,BULLTECH ACADEMIA MATELANDIA,02,20250730,20250730,PR,7699
61985047,0001,1,+ GYM ACADEMIA,02,20250730,20250730,MS,9173
61994284,0001,1,,02,20250730,20250730,MG,5433
62013323,0001,1,TIME FITNESS,02,20250731,20250731,PE,2457
62019497,0001,1,VITALIS STUDIO,02,20250801,20250801,ES,2935
62027253,0001,1,MR2 EDUCACAO FISICA ESPECIALIZADA,02,20250801,20250801,SP,6477
62036631,0001,1,QUALITYZONE POTECAS,02,20250801,20250801,SC,8327
62058046,0001,1,STUDIO MARIA CLARA CASSELA,02,20250804,20250804,PR,7469
62059507,0001,1,,02,20250804,20250804,SP,7107
62068935,0001,1,,02,20250805,20250805,MG,4123
62072463,0001,1,,02,20250805,20250805,SP,7071
62079459,0001,1,,02,20250805,20250805,RS,8851
62080665,0001,1,SHED CROSS,02,20250805,20250805,MT,9167
62085773,0001,1,,02,20250805,20250805,RJ,5877
62086206,0001,1,PILATES CORPO E MENTE,02,20250805,20250805,ES,5703
62089607,0001,1,ACADEMIA GULA DA SAUDE,02,20250805,20250805,SC,8089
48042666,0002,2,,02,20250806,20250806,MG,4797
62094474,0001,1,,02,20250806,20250806,SP,7107
62112905,0001,1,ESPACO ELEVAR,02,20250807,20250807,PR,7777
62113020,0001,1,PATRICIA HEIL PILATES,02,20250807,20250807,PR,5453
62115234,0001,1,PERFORMANCE GYM ACADEMIA,02,20250807,20250807,PB,2175
62132412,0001,1,PANAX CLUB,02,20250808,20250808,SP,2953
62133205,0001,1,RELUZENTE PILATES,02,20250808,20250808,PA,0571
62135620,0001,1,,02,20250808,20250808,RS,8791
62136203,0001,1,SMART FIT MANGUEIRAO,02,20250808,20250808,PA,0427
62136477,0001,1,ELITE ACADEMIA,02,20250808,20250808,AC,0651
62137996,0001,1,HSN COMERCIAL SERVICOS,02,20250808,20250808,MG,4123
62139664,0001,1,QUINTALGYM,02,20250808,20250808,MG,4123
62140307,0001,1,,02,20250808,20250808,RJ,6001
62144545,0001,1,FUNCIONAL STUDIO FITNESS,02,20250808,20250808,PE,2475
62145159,0001,1,,02,20250808,20250808,SP,6543
24921465,0141,2,,02,20250811,20250811,SP,6425
62159923,0001,1,TIME DB,02,20250811,20250811,SP,6789
62165119,0001,1,ACADEMIA RITMUS,02,20250811,20250811,CE,1537
62172464,0001,1,SKYFIT PENAPOLIS,02,20250811,20250811,SP,6847
62174957,0001,1,ESPACO MOVEMENT,02,20250811,20250811,CE,1389
62183170,0001,1,,02,20250812,20250812,RJ,5803
62184141,0001,1,,02,20250812,20250812,SP,7145
62193405,0001,1,ACADEMIA POWERFIT,02,20250812,20250812,CE,1389
62203334,0001,1,CORPORIS TREINAMENTO FUNCIONAL,02,20250813,20250813,SC,8327
62222116,0001,1,JM ACADEMIA,02,20250814,20250814,PI,2265
62222568,0001,1,CT BADINHO ALVES,02,20250814,20250814,ES,5677
62222840,0001,1,ACADEMIA CENTER FITNESS,02,20250814,20250814,MG,4505
62225472,0001,1,,02,20250814,20250814,RS,8825
62226376,0001,1,,02,20250814,20250814,SP,7107
62233279,0001,1,CONFORTFIT VILA OLGA,02,20250814,20250814,MG,5155
62235355,0001,1,PURE PILATES,02,20250814,20250814,SP,7047
62243125,0001,1,,02,20250815,20250815,GO,9581
62251058,0001,1,,02,20250815,20250815,SC,8105
62265415,0001,1,EXTREMO FITNESS,02,20250818,20250818,RJ,5897
55738174,0002,2,ATOMO CENTRO DE TREINAMENTO,08,20260528,20250818,PE,2305
07594978,0759,2,,02,20250818,20250818,SP,7107
24921465,0145,2,,02,20250818,20250818,MG,4733
62269767,0001,1,SANTINNI PILATES,02,20250818,20250818,GO,9373
62277092,0001,1,FITNESS CURITIBA AGUA VERDE,02,20250818,20250818,PR,7535
62285211,0001,1,STUDIO FAMILY BRUNO ARAUJO,02,20250818,20250818,PA,0427
39892379,0002,2,IMPERIO FITNESS ACADEMIA,02,20250819,20250819,PA,0641
62291188,0001,1,W FIT ACADEMIA,02,20250819,20250819,PA,1190
62296422,0001,1,JMASSESSORIA ESPORTIVA,02,20250819,20250819,SP,7107
62297492,0001,1,NATALLE NATAL SAUDE E BEM ESTAR,02,20250819,20250819,RJ,6001
23493790,0002,2,LU FITINESS,02,20250820,20250820,PA,0441
62318680,0001,1,JBLG FITNESS,02,20250820,20250820,AL,2779
62322264,0001,1,,02,20250820,20250820,SC,8179
62334992,0001,1,TARTARUGAS DO ASFALTO ASSESSORIA DE CORRIDAS,02,20250821,20250821,BA,3515
62338995,0001,1,ACADEMIA FORTGYN,02,20250821,20250821,PR,7563
62339869,0001,1,DOM PILATES SANTO ANDRE,02,20250821,20250821,SP,7057
62352175,0001,1,,02,20250822,20250822,MG,4799
62356439,0001,1,AGVC,02,20250822,20250822,SP,7107
62359455,0001,1,WETEAM CONSULTORIA FITNESS,02,20250822,20250822,SP,2951
62360314,0001,1,,04,20260522,20250822,SP,6219
62375810,0001,1,ELEVARE BOUTIQUE FITNESS,02,20250825,20250825,PE,2521
62379955,0001,1,BOLD FITNESS,02,20250825,20250825,DF,9701
62383566,0001,1,BRINCADEMIA,02,20250825,20250825,SP,7029
62388415,0001,1,PEDRO MENDES SANT ANNA PERSONAL,02,20250825,20250825,SP,7107
62390304,0001,1,,02,20250825,20250825,RJ,6001
62390350,0001,1,AQUA ELOY,02,20250825,20250825,RJ,2911
62391467,0001,1,BOX OLIVEIRA MAZZEI,08,20260427,20250825,SP,7107
62392654,0001,1,,02,20250825,20250825,SP,6639
62399757,0001,1,MIRELLE ACADEMY LTDA,02,20250826,20250826,TO,9239
62406026,0001,1,DANILO DE CARVALHO PERSONAL TRAINER,02,20250826,20250826,GO,9609
62407976,0001,1,CRIS MELO ACADEMIA,08,20260309,20250826,PI,1219
62409914,0001,1,,02,20250826,20250826,SP,6861
62409940,0001,1,TRUPE ACADEMIA,02,20250826,20250826,BA,3993
62411741,0001,1,,02,20250826,20250826,RS,8619
62414006,0001,1,ERIKA LEOA,02,20250826,20250826,PE,2511
62416115,0001,1,SAMIA GRIMALDI,02,20250826,20250826,SP,7107
62421507,0001,1,PANOBIANCO ANANINDEUA,08,20251031,20250827,PA,0415
62421964,0001,1,ANTONOV,02,20250827,20250827,BA,3593
62422533,0001,1,POWER CLUB,02,20250827,20250827,GO,1058
62423922,0001,1,ZONEFIT,04,20260608,20250827,BA,3957
62427814,0001,1,AA CRUZ SAUDE,02,20250827,20250827,SP,6789
62434235,0001,1,IMPERIO DO TREINO,02,20250827,20250827,RS,8615
62437369,0001,1,,02,20250827,20250827,SP,6163
62250861,0002,2,,08,20260521,20250827,SC,8179
62441428,0001,1,IBIRANA TREINAMENTO FISICO E CROSSFIT,08,20260611,20250828,DF,9701
62443673,0001,1,TAIMON FITNESS ACADEMIA,02,20250828,20250828,PI,1211
26316973,0003,2,,02,20250828,20250828,MG,5049
62446180,0001,1,STUDIO DE PILATES ANIMA,02,20250828,20250828,SP,6291
62446411,0001,1,,02,20250827,20250827,RJ,5901
62446544,0001,1,HEALTHUP ASSESSORIA LTDA - ME,02,20250828,20250828,SP,6361
62448947,0001,1,,02,20250828,20250828,PR,7435
62452428,0001,1,STUDIO FIT VIBES,02,20250828,20250828,SC,8329
62454259,0001,1,VIDA PLENA PILTES & FISIOTERAPIA,02,20250828,20250828,BA,3849
62455208,0001,1,,02,20250828,20250828,SP,7145
62460528,0001,1,ELLYFIT ACADEMIA,02,20250829,20250829,PA,0401
35644328,0013,2,MOINHOS FITNESS,04,20260605,20250829,RS,8801
62466906,0001,1,RENOVARE,02,20250829,20250829,SP,7107
62469365,0001,1,THERON FIT,02,20250829,20250829,GO,9373
62470096,0001,1,,02,20250829,20250829,ES,5617
62473705,0001,1,,02,20250829,20250829,SP,6477
62474486,0001,1,CBCROSSBOX,02,20250829,20250829,SP,6305
62474533,0001,1,CLINICA DE FISIOTERAPIA E PILATES LYSANGELA FRANCA,02,20250829,20250829,AL,2825
62222261,0001,1,AABM,02,20250814,20250814,MT,9047
62494152,0001,1,PANOBIANCO COLINA,02,20250901,20250901,SP,6569
62505251,0001,1,FC FITNESS,02,20250901,20250901,MG,4961
62505432,0001,1,YES ACADEMIA,02,20250901,20250901,MS,9013
62506507,0001,1,,02,20250901,20250901,PR,7535
62511676,0001,1,GYM BIOTIPO,02,20250902,20250902,MG,4145
62517622,0001,1,PH.D SPORTS,02,20250902,20250902,RJ,5869
62519183,0001,1,MAX7 ACADEMIA,02,20250902,20250902,PI,1219
55444401,0002,2,NOVA D. FIT AREAL,02,20250902,20250902,MA,0769
25076269,0003,2,IB STUDIO ITALO BRAGANCA PERSONAL,02,20250902,20250902,MG,4371
62535816,0001,1,RP TRAINING LTDA,02,20250903,20250903,RJ,6001
48058032,0003,2,CENTRO ESPORTIVO CAOPI PARANAGUA - SAMAMBAIA,02,20250903,20250903,PR,7745
62545195,0001,1,BP PERFORMANCE,02,20250903,20250903,MS,9123
32720066,0005,2,ACADEMIA AMERICA CONCEPT,02,20250904,20250904,RR,0301
62562197,0001,1,BARBARA KERDOLI CALACA TERAPUETA OCUPACIONAL LTDA,02,20250904,20250904,GO,9373
25115142,0006,2,TOTAL FIT FRANCA,02,20250904,20250904,SP,6425
25115142,0015,2,TOTAL FIT RP III,02,20250904,20250904,SP,6969
25115142,0020,2,TOTAL FIT UBERABA 1,02,20250904,20250904,MG,5401
62563814,0001,1,CT SPORT FIT,02,20250904,20250904,PE,2517
62565117,0001,1,ACADEMIA AD3 RIO DO SUL CENTRO,02,20250904,20250904,SC,8291
62566406,0001,1,ESSENCIAL STUDIO DE PILATES,02,20250904,20250904,ES,5699
24921465,0154,2,,02,20250905,20250905,MT,9907
62582760,0001,1,,02,20250905,20250905,RS,8561
62584326,0001,1,CAMILA BORBA,02,20250905,20250905,PE,2489
62598211,0001,1,SKYFIT ELDORADO,02,20250907,20250907,SP,7097
62605136,0001,1,IMPORTEX FIT,02,20250908,20250908,PI,1219
62607400,0001,1,4LIFE ACADEMIA,02,20250908,20250908,RS,8729
62607412,0001,1,THE WARRIORS STUDIO,02,20250908,20250908,PB,2057
62611154,0001,1,INSTITUTO DE REABILITACAO MENDES IRME,02,20250908,20250908,CE,1537
62617797,0001,1,CENTER FISIOTERAPIA E PILATES,02,20250908,20250908,GO,9657
62618458,0001,1,,02,20250908,20250908,SP,6557
62623606,0001,1,INFINITY PERFORMANCE & REHAB,02,20250909,20250909,PI,1219
62625425,0001,1,ACADEMIA FIT CLUB NOVO MUNDO,02,20250909,20250909,PR,7535
62628362,0001,1,CELES FITNES EMPREENDIMENTOS,02,20250909,20250909,ES,5669
62628806,0001,1,ACADEMIA VIP 7 GOSPEL,02,20250909,20250909,BA,3661
62628974,0001,1,BODYTECH,02,20250909,20250909,RJ,5865
62647214,0001,1,ACADEMIA ATHENAS FITNESS,02,20250910,20250910,SP,6291
62655706,0001,1,,02,20250910,20250910,RS,8801
62657565,0001,1,SAN FITNESS GYM,02,20250910,20250910,PE,2623
62661952,0001,1,JS PERSONAL TRAINER,02,20250910,20250910,SP,6969
62666977,0001,1,LEAO DE JUDA LIFE CENTER,02,20250911,20250911,GO,1052
62668004,0001,1,TOP FIT ACADEMIA,02,20250911,20250911,BA,3531
62668976,0001,1,FLOW CROSSTRAINING,02,20250911,20250911,GO,9371
62678051,0001,1,J VALENTE TRAINER,02,20250911,20250911,MG,4387
62690555,0001,1,LUCINETE MARTINS SERVICOS EM ATIVIDADE FISIC,02,20250912,20250912,SP,7145
54129696,0002,2,N&L PERFORMANCE ESPORTIVA,02,20250912,20250912,PR,7535
62736196,0001,1,,02,20250916,20250916,MG,5207
62736633,0001,1,ANITA KAROLYNE SOARES DE PAULA,02,20250916,20250916,MG,4249
16558896,0002,2,ACADEMIA PERFORMACE,02,20250916,20250916,BA,3807
62742108,0001,1,ACADEMIA MIX,02,20250916,20250916,GO,9373
62750549,0001,1,,02,20250916,20250916,SC,8025
62753832,0001,1,GUTO ARMENDANI TREINAMENTOS,02,20250916,20250916,SP,7107
62756685,0001,1,SAUDE SEMPRE FIT,02,20250917,20250917,GO,1066
62758036,0001,1,,02,20250917,20250917,SP,6477
62761660,0001,1,K FITNESS PREMIUM,02,20250917,20250917,BA,3429
62771816,0001,1,NOVAFIT,02,20250917,20250917,GO,9655
62776926,0001,1,SALUTE PILATES STUDIO,02,20250918,20250918,ES,5637
62778247,0001,1,CENTRO DE TREINAMENTO AR PERSONAL,02,20250918,20250918,MG,4371
62789865,0001,1,ELO FIT ACADEMIA,02,20250918,20250918,AP,0605
62790073,0001,1,KADU BASTOS PERSONAL STUDIO,02,20250918,20250918,SP,7071
62797370,0001,1,ESPACO FITNESS,02,20250919,20250919,PI,0354
62799244,0001,1,,02,20250919,20250919,SP,6769
62802158,0001,1,RAPHAELLA FERNANDES PERSONAL TRAINER,02,20250919,20250919,PR,7407
62803217,0001,1,,02,20250919,20250919,SP,7107
62805854,0001,1,AERO FITNESS ACADEMIA,02,20250919,20250919,MA,0150
62811178,0001,1,CT BURN GYM PERSONAL STUDIO,02,20250919,20250919,SP,7107
62823859,0001,1,,02,20250922,20250922,PI,1219
62825865,0001,1,,02,20250922,20250922,SP,7107
62832446,0001,1,ACTION 360,02,20250922,20250922,SP,6213
62834672,0001,1,STUDIO CAIO OLIVEIRA,02,20250922,20250922,SC,8143
62835545,0001,1,ACADEMIA VIDATIVA,02,20250922,20250922,BA,3019
62844827,0001,1,,02,20250923,20250923,SP,7017
62845799,0001,1,STUDIO PILATES PERFORMANCE,02,20250923,20250923,PR,7829
62848360,0001,1,CENTRO DE TREINAMENTO ROBERTO GERVASIO,02,20250923,20250923,PR,7535
62850316,0001,1,VILLA FITNESS,02,20250923,20250923,BA,3593
62853790,0001,1,INSPIRE ES,02,20250923,20250923,ES,5703
62858631,0001,1,ARENA URUSSANGA,02,20250923,20250923,SC,8373
62872861,0001,1,PRIME SPORTS,02,20250924,20250924,SP,7107
62876225,0001,1,RUNNING ACADEMIA,02,20250924,20250924,SP,6521
62888663,0001,1,,02,20250925,20250925,ES,5705
62891810,0001,1,CROSS MATRIZ DIADEMA,02,20250925,20250925,SP,6377
62892340,0001,1,DODO FITNESS,02,20250925,20250925,SP,6427
62899138,0001,1,NAYARA GABRIELE PEREIRA,02,20250925,20250925,MG,5049
62900688,0001,1,FLOW STUDIO PERSONAL,02,20250925,20250925,GO,9425
62441702,0001,1,CENTRO INTEGRADO TREINANDO BEM,02,20250828,20250828,SC,8105
62651634,0001,1,BANDANA CROSS,02,20250910,20250910,RS,8619
62935639,0001,1,JM 10 SPORTS LTDA,02,20250929,20250929,PR,7535
62939427,0001,1,BIOFIT ACADEMIA,02,20250929,20250929,PA,0427
62945409,0001,1,WELL BOX CROSS TRAINING,02,20250929,20250929,SP,6969
62948714,0001,1,CALISTENIA BC,02,20250929,20250929,SC,8039
62952674,0001,1,SAUDE & STILLO ATHLETES WORKSHOP,02,20250929,20250929,MA,0895
62954815,0001,1,FF FITNESS,02,20250930,20250930,MG,4865
62701584,0001,1,EXCLUSIVE GYM,02,20250912,20250912,PE,2509
62960546,0001,1,MK FIT,02,20250930,20250930,BA,3787
62969661,0001,1,RIO FITNESS,08,20260130,20250930,SP,6981
62973858,0001,1,MOVIMENT ACADEMIA,02,20250930,20250930,BA,3721
62974052,0001,1,,02,20250930,20250930,SP,7107
62976571,0001,1,,02,20251001,20251001,RJ,5813
62978928,0001,1,ACADEMIA ATITUDE FIT,02,20251001,20251001,RJ,5897
62980310,0001,1,STUDIO TONUS,02,20251001,20251001,SP,7237
62984412,0001,1,ROCKET,02,20251001,20251001,RS,8801
62990207,0001,1,HADRON ASSESSORIA,02,20251001,20251001,GO,9625
62990953,0001,1,LOMBARDI & CABRAL SERVICOS E COMERCIO LTDA,02,20251001,20251001,SP,6511
62991531,0001,1,DE STUDIO PILATES & FITNESS,02,20251001,20251001,SC,8311
62994862,0001,1,,02,20251001,20251001,PR,7535
62996286,0001,1,ELA'S TRAINING,02,20251001,20251001,SC,8233
62999264,0001,1,CROSSFIT JUDAH,02,20251002,20251002,MG,4445
63004222,0001,1,,02,20251002,20251002,RJ,5921
21676596,0002,2,CT PARK,02,20251002,20251002,RS,8593
63020809,0001,1,SNDYBRB CLUB LTDA,02,20251003,20251003,PR,7435
63023271,0001,1,THE FITNESS ACADEMIA,02,20251003,20251003,BA,3709
63023730,0001,1,ACADEMIA FUERZA CLUB,02,20251003,20251003,PE,2491
63025436,0001,1,HOUSE FIT,02,20251003,20251003,MA,1287
63079635,0001,1,LIFTING TRAINING,02,20251007,20251007,PR,7609
63082147,0001,1,COACH BRUNO SOUSA,02,20251007,20251007,SP,7107
63086608,0001,1,SBA FLOW,02,20251007,20251007,BA,3897
63089283,0001,1,RIZE CROSS TRAINING,02,20251008,20251008,ES,0766
63090801,0001,1,PWR GYM ACADEMIA,02,20251008,20251008,GO,9373
63091044,0001,1,STUDIO IMPULSO,02,20251008,20251008,SP,6583
63097283,0001,1,,02,20251008,20251008,MG,5427
63097651,0001,1,TITANIUM GYM,08,20260417,20251008,MG,4445
63097876,0001,1,LP STUDIO FITNES,02,20251008,20251008,ES,5611
63098880,0001,1,,02,20251008,20251008,RJ,5865
63099060,0001,1,,02,20251008,20251008,SP,7107
63103339,0001,1,,02,20251008,20251008,MG,5133
63109046,0001,1,,02,20251009,20251009,CE,1513
63109415,0001,1,ACADEMIA DO MARCAO,02,20251009,20251009,MA,0250
63111568,0001,1,DNA MAIS FIT,02,20251009,20251009,MG,4199
63118082,0001,1,NA MEDIDA - HUB DE SAUDE EMPRESARIAL,02,20251009,20251009,SP,6615
63119571,0001,1,PERFORMANCE PREMIUM ACADEMIA,02,20251009,20251009,GO,9231
61284296,0029,2,,02,20251010,20251010,RS,8599
22902694,0167,2,,02,20251010,20251010,PI,1219
63140919,0001,1,MK FIT LTDA,02,20251010,20251010,PA,0545
63141347,0001,1,ALINE OLIVEIRA,02,20251010,20251010,PE,2531
63154544,0001,1,ESTUDIO MOVIMENTO PILATES LTDA,02,20251013,20251013,RJ,5833
63183614,0001,1,ACADEMIA ELITEFORM,02,20251014,20251014,MG,4553
63183976,0001,1,MOVERE - SAUDE E PERFOMANCE,02,20251014,20251014,MG,4123
63184297,0001,1,,02,20251014,20251014,RJ,5853
63196154,0001,1,,02,20251015,20251015,PI,0350
63224759,0001,1,ON FIT,02,20251016,20251016,SP,6795
63227036,0001,1,STUDIO REVITALLI,02,20251016,20251016,PR,7493
63236295,0001,1,LIFE FIT,02,20251017,20251017,MT,1098
63242387,0001,1,HJ ESTUDIO FITNESS,02,20251017,20251017,RJ,5919
63243556,0001,1,,02,20251017,20251017,RJ,6001
63252079,0001,1,CT ZULIANI,02,20251017,20251017,SP,6715
63263484,0001,1,ACADEMIA A FITNESS,02,20251020,20251020,SC,8105
63269541,0001,1,ALMA AVENTURA,02,20251020,20251020,PR,7535
63274297,0001,1,DARKSEVEN FITNESS EXPERIENCE,02,20251020,20251020,BA,3851
63274414,0001,1,VIANA TRIATHLON ENDURANCE GYM,02,20251020,20251020,PR,7667
63281072,0001,1,FORJAX,02,20251020,20251020,SP,6425
63285624,0001,1,SOMA HUB DE SAUDE E PERFORMANCE,02,20251021,20251021,RJ,5865
63298712,0001,1,PAIVA PERFORMANCE STUDIO,02,20251021,20251021,RS,8853
63299378,0001,1,,02,20251021,20251021,RS,8561
63304105,0001,1,ALLAN MIRANDA PERSONAL TRAINER,08,20260326,20251022,SP,7107
50486614,0002,2,MR FITNESS - AVENIDA,02,20251022,20251022,MG,4647
61270642,0002,2,,02,20251022,20251022,SP,7107
63336214,0001,1,VIC SMART ARAGUAIA,02,20251023,20251023,TO,9733
63341266,0001,1,,02,20251023,20251023,SP,7107
63341276,0001,1,SKYFIT SALTO DE PIRAPORA,02,20251023,20251023,SP,7007
63347673,0001,1,FIBRADO GYM,02,20251024,20251024,BA,3683
63348867,0001,1,DUO FITNESS,02,20251024,20251024,GO,9379
63351363,0001,1,STUDIO GS PERSONAL,02,20251024,20251024,RJ,6001
63352194,0001,1,VCFF SAUDE & PERFORMANCE,02,20251024,20251024,SP,6789
63359858,0001,1,,02,20251024,20251024,RS,8891
63365429,0001,1,TOP SPIN,02,20251025,20251025,CE,1317
62739129,0001,1,,02,20250916,20250916,SP,6921
63377595,0001,1,STUDIO IN,02,20251027,20251027,RJ,5897
63377698,0001,1,ACADEMIA NOVO SHAPE,02,20251027,20251027,RN,1861
63400094,0001,1,AFFIX GYM ACADEMIA,02,20251028,20251028,SC,8183
63406625,0001,1,ACADEMIA POWER FIT,02,20251028,20251028,SP,7075
63408375,0001,1,W A TREINAMENTO E CONSULTORIA PERSONALIZADA,02,20251028,20251028,AM,0255
63413540,0001,1,CT NOCAUTE 365,02,20251029,20251029,SP,6425
59887668,0006,2,,02,20251029,20251029,PR,7535
63416310,0001,1,R-FIT CT,02,20251029,20251029,MG,4133
63422002,0001,1,CTFUTHOUSE LTDA,02,20251029,20251029,BA,3685
63425470,0001,1,PULSE FIT ACADEMIA,08,20260114,20251029,GO,9379
63432200,0001,1,STUDIO CAMILA RAFAELA,02,20251030,20251030,PE,2577
63439144,0001,1,,02,20251023,20251023,MG,5425
63448656,0001,1,BRAVUS FIT,02,20251030,20251030,RS,8953
62761091,0001,1,,02,20250917,20250917,PR,7935
63476807,0001,1,CULTFIT LARANJAL,02,20251103,20251103,RJ,5925
63478193,0001,1,WORLD FITNESS,02,20251103,20251103,RJ,5843
63478828,0001,1,4BEACHGYM,02,20251103,20251103,PA,0427
63483375,0001,1,MANDALA PILATES,02,20251103,20251103,BA,3083
63486901,0001,1,,02,20251103,20251103,RO,0003
07594978,0798,2,,02,20251103,20251103,DF,9701
63500541,0001,1,,02,20251104,20251104,SP,6741
22902694,0170,2,,02,20251104,20251104,MA,0921
63512411,0001,1,TRIAH ELASTIC TRAINING STUDIO,02,20251104,20251104,MG,4961
63514613,0001,1,,08,20251219,20251104,SP,7107
63520927,0001,1,,02,20251105,20251105,RS,8771
63521153,0001,1,ACADEMIA LOADING FIT,02,20251105,20251105,RJ,5877
63525070,0001,1,STRONG ACADEMIA,02,20251105,20251105,RR,0301
63530525,0001,1,,02,20251105,20251105,MS,9051
63539515,0001,1,,08,20251121,20251105,DF,9701
63292665,0001,1,,02,20251021,20251021,MS,9011
63542729,0001,1,,02,20251106,20251106,CE,1345
63545640,0001,1,BPT WELLNESS CENTER,02,20251106,20251106,MS,9051
63546514,0001,1,ESCOLA DE NATACAO CRISTINE OTTONI / INTER ILHA,02,20251106,20251106,RJ,6001
63552788,0001,1,,02,20251106,20251106,SP,6619
63553057,0001,1,,02,20251106,20251106,DF,9701
63564695,0001,1,,02,20251107,20251107,CE,1493
63566995,0001,1,,02,20251107,20251107,PR,7691
63567735,0001,1,,02,20251107,20251107,DF,9701
63567924,0001,1,CORTEZ PERSONAL TRAINER,02,20251107,20251107,CE,1389
63571936,0001,1,WS ESPACO FITNESS,02,20251107,20251107,MA,0803
63576962,0001,1,CT FELBERG,02,20251108,20251108,ES,5629
63586700,0001,1,SKYFIT PICOS,02,20251110,20251110,PI,1159
63598857,0001,1,V.B FUBUKI,02,20251110,20251110,AM,0253
63606181,0001,1,,02,20251111,20251111,SP,6801
63606894,0001,1,PROFITNESS.ACTION,02,20251111,20251111,SP,6149
63609664,0001,1,,02,20251111,20251111,MG,4805
63609860,0001,1,,02,20251111,20251111,SP,6131
63618008,0001,1,STUDIO VIDA FTNESS,02,20251111,20251111,GO,9221
63618167,0001,1,,02,20251111,20251111,RS,8667
63619045,0001,1,GAMA FIGHT PERFORMANCE,02,20251111,20251111,SP,7107
59887668,0007,2,,02,20251112,20251112,PR,7535
24339925,0031,2,PHD CRISTO REI,02,20251112,20251112,PR,7535
63635662,0001,1,IRON GYM,02,20251112,20251112,MA,0889
63649379,0001,1,PLANALTO GYM,02,20251113,20251113,SP,6969
63653691,0001,1,,02,20251113,20251113,SC,8291
63660647,0001,1,ACADEMIA MENTES FORTES,02,20251113,20251113,PB,1981
63665326,0001,1,ESTUDIO AURA YOGA E MUSCULACAO,02,20251113,20251113,SC,0890
63675145,0001,1,FRONTLINE CROSS,02,20251114,20251114,MS,9065
58416178,0002,2,,08,20260223,20251114,PE,2381
63692225,0001,1,ACADEMIA CORE FITNESS,02,20251117,20251117,SP,6369
63697397,0001,1,UNIFIT ACADEMIA,02,20251117,20251117,RJ,5849
63699848,0001,1,,02,20251117,20251117,RJ,5925
52097303,0002,2,SIMFIT ACADEMIA - FILIAL ARROIO DO SAL,02,20251118,20251118,RS,8489
63718818,0001,1,FABRICA DE MONSTROS PREMIUM NITEROI,02,20251118,20251118,RJ,5865
63723780,0001,1,POWER FITNESS TRAINING,02,20251118,20251118,CE,1509
63731179,0001,1,ACADEMIA VIGOR,02,20251119,20251119,PB,2039
59960939,0002,2,CT43 PARQUE INDUSTRIAL,02,20251119,20251119,RN,1779
63739943,0001,1,ACADEMIA MILLENIUM,02,20251119,20251119,RS,8771
63746314,0001,1,,02,20251119,20251119,SP,7107
63760415,0001,1,MOVE STUDIO DE PILATES,02,20251121,20251121,PR,7565
63776155,0001,1,ALPHA FITNESS,02,20251124,20251124,MG,5407
63776351,0001,1,,02,20251124,20251124,SP,6345
63776463,0001,1,ACADEMIA SUPERACAO,02,20251124,20251124,SE,3221
63779931,0001,1,CT FORCE FIT,02,20251124,20251124,PR,7465
63793291,0001,1,ACADEMIA FORMA & FORCA,02,20251124,20251124,PA,0637
63800083,0001,1,CENTRO DE TRENAMENTO MAIA PERFORMANCE,08,20260611,20251125,RS,8589
63800819,0001,1,SKY FIT ACADEMIA MARINGA,02,20251125,20251125,PR,7691
63801725,0001,1,,02,20251125,20251125,SC,8107
63802782,0001,1,ACADEMIA F3,02,20251125,20251125,BA,3821
63809128,0001,1,,02,20251125,20251125,SC,8147
63811951,0001,1,LIFT,02,20251125,20251125,PE,2531
63811977,0001,1,HOMEFIT SERVICES,02,20251125,20251125,SE,3105
63225677,0001,1,A&R HEALTH & FITNESS,02,20251016,20251016,RJ,5877
63817835,0001,1,FIT CAMPO LARGO GORSKI,02,20251126,20251126,PR,7481
63829986,0001,1,SOMA FIT,02,20251126,20251126,RJ,6001
63831498,0001,1,FFFITNESS,02,20251126,20251126,RN,1779
63832395,0001,1,,02,20251126,20251126,SP,7071
63836554,0001,1,OVERALL GYM BATEL,02,20251127,20251127,PR,7535
63837614,0001,1,ACADEMIA LEBLON,02,20251127,20251127,BA,3587
63839330,0001,1,,02,20251127,20251127,SP,6291
62090731,0001,1,TOP UP LIMOEIRO DO NORTE,02,20250806,20250806,CE,1453
62403039,0001,1,RB PERFORMANCE LAB,02,20250826,20250826,ES,5703
62769156,0002,2,,02,20250922,20250922,SC,8179
53062693,0002,2,START GYM MARCO,02,20250812,20250812,PA,0427
62203316,0001,1,TORRES CROSS,04,20260522,20250813,RJ,5853
63875221,0001,1,CORPOFRONTEIRA,02,20251201,20251201,RJ,6001
63879626,0001,1,,02,20251201,20251201,RS,8853
63889978,0001,1,,02,20251201,20251201,MG,4107
63908136,0001,1,AK STUDIO FITNESS,02,20251202,20251202,MG,5387
63910291,0001,1,ACADEMIA TATI FITNESS,02,20251203,20251203,MA,0216
63913597,0001,1,COELHO TEAM CONSULTORIA,02,20251201,20251201,SC,8183
63913951,0001,1,,02,20251201,20251201,RJ,6001
63943168,0001,1,EM FORMA TREINAMENTO PERSONALIZADO,02,20251204,20251204,SC,8161
63945978,0001,1,STUDIO EQUILIBRIO,02,20251205,20251205,CE,1389
07594978,0819,2,,02,20251205,20251205,SP,6213
63628459,0001,1,FORJA FITNESS,02,20251112,20251112,RJ,5915
61984764,0001,1,STONE STUDIO INTEGRADO LTDA,02,20250730,20250730,SP,6213
63966440,0001,1,,02,20251205,20251205,SP,7227
63973558,0001,1,,02,20251206,20251206,ES,5651
63974762,0001,1,COLUNA LIVRE C,02,20251208,20251208,MA,0889
63986168,0001,1,VLOZ STUDIO,02,20251208,20251208,SC,8073
63992554,0001,1,TEAM GUI,02,20251208,20251208,SP,7107
63992673,0001,1,,02,20251209,20251209,SC,8179
63997976,0001,1,,02,20251209,20251209,RS,8899
63999827,0001,1,INSPIRE ACADEMIA,02,20251210,20251210,PA,0475
64017388,0001,1,STUDIO FITNESS MARQUES & ARAUJO,02,20251210,20251210,BA,3515
64022259,0001,1,,02,20251211,20251211,MS,9115
64022624,0001,1,,02,20251211,20251211,PE,2513
64026207,0001,1,MAXIMUS ACADEMIA,02,20251210,20251210,PA,0415
64031209,0001,1,,02,20251212,20251212,PR,7471
64035113,0001,1,EVO CLUB NOROESTE,02,20251209,20251209,DF,9701
47033037,0002,2,MOVING,02,20251212,20251212,RS,8611
64056975,0001,1,ELITE FIT,02,20251209,20251209,RJ,5869
64057822,0001,1,ELISANGELA ORTIGOSA STUDIO,02,20251208,20251208,SP,6979
64058630,0001,1,PITBULL GYM 2,02,20251209,20251209,RN,1837
64059341,0001,1,STUDIO JAM PILATES,02,20251212,20251212,MG,5343
64063501,0001,1,SKYFIT,02,20251203,20251203,PE,2491
63106324,0001,1,ESPACO NIYA,02,20251008,20251008,SP,7107
64081674,0001,1,RENOVA ATIVIDADE DE PILATES E FISIOTERAPIA,02,20251216,20251216,RJ,5875
24921465,0165,2,,02,20251218,20251218,SP,6401
64106968,0001,1,,02,20251218,20251218,SP,7099
64111870,0001,1,,02,20251218,20251218,RJ,6001
64113727,0001,1,JAPA FITNESS,02,20251218,20251218,AL,2771
64115455,0001,1,,02,20251218,20251218,PB,2051
64127324,0001,1,TF STUDIO FITNESS,02,20251219,20251219,PB,1975
64144375,0001,1,EN TREINAMENTO FUNCIONAL E SAUDE,02,20251222,20251222,BA,3965
64145553,0001,1,,02,20251222,20251222,DF,9701
64148882,0001,1,X-CLONE FIT,02,20251221,20251221,MG,4865
64156147,0001,1,,02,20251223,20251223,CE,1389
64161484,0001,1,,02,20251224,20251224,MG,4877
64166867,0001,1,SKAFIT,02,20251224,20251224,PB,1981
64172092,0001,1,,02,20251226,20251226,DF,9701
64184290,0001,1,,02,20251229,20251229,SP,7107
64186311,0001,1,DELMA AMARAL ACADEMIA,02,20251223,20251223,PA,0493
64187376,0001,1,,02,20251224,20251224,MG,4123
64194102,0001,1,ACADEMIA FITNESS BELO CORPO,02,20251229,20251229,PE,2491
64197183,0001,1,,02,20251230,20251230,DF,9701
64197449,0001,1,MEDINA FUNCIONAL CROSS,02,20251230,20251230,MG,2679
64204121,0001,1,,08,20260519,20251230,SP,6645
64215196,0001,1,ELITE FIT,02,20251231,20251231,MA,0216
07594978,0768,2,,02,20250905,20250905,BA,3849
64218807,0001,1,STUDIO JARA GOMES,02,20251231,20251231,RN,1763
64231502,0001,1,VOLL PILATES STUDIOS VILA ROSA,02,20260102,20260102,GO,9373
64242618,0001,1,LF FIT ACADEMIA,02,20260104,20260104,PI,0272
64247738,0001,1,RK PRO TRAINING,02,20251219,20251219,SP,7107
64248541,0001,1,RT FIT,02,20251223,20251223,RS,9825
64251000,0001,1,CLINICA LUZ SAUDE E BEM ESTAR,02,20251211,20251211,SP,6639
64256740,0001,1,LUME FLOW PILATES,02,20251222,20251222,SP,6831
64265363,0001,1,,02,20251217,20251217,MG,4249
64291408,0001,1,MOVIMENTE STUDIO DE PILATES,02,20260106,20260106,SC,8157
64291454,0001,1,WS TERAPIA FISICA E MENTAL,02,20251209,20251209,SP,7157
64292650,0001,1,MBS JUNDIAI,02,20260102,20260102,SP,6619
64298835,0001,1,,02,20251204,20251204,AP,0605
08072295,0004,2,PRATIQUE INGLESES FLORIANOPOLIS SC,02,20260107,20260107,SC,8105
08072295,0007,2,PRATIQUE JARAGUA,02,20260107,20260107,MG,4123
08072295,0048,2,PRATIQUE IPIRANGA,02,20260107,20260107,SC,8327
08072295,0061,2,PRATIQUE OURO MINAS,02,20260107,20260107,MG,4123
08072295,0066,2,PRATIQUE OURO PRETO 2,02,20260107,20260107,MG,4123
08072295,0082,2,PRATIQUE PLANALTO,02,20260107,20260107,MG,4123
08072295,0087,2,PRATIQUE CARDOSO,02,20260107,20260107,MG,4123
08072295,0090,2,PRATIQUE GAVEA II,02,20260107,20260107,MG,5425
08072295,0095,2,PRATIQUE BELA VISTA,02,20260107,20260107,SC,8233
08072295,0101,2,PRATIQUE SAO GABRIEL,02,20260107,20260107,MG,4123
08072295,0107,2,PRATIQUE BETIM CENTRO,02,20260107,20260107,MG,4133
08072295,0112,2,PRATIQUE CIDADE NOVA,02,20260107,20260107,MG,4123
08072295,0129,2,PRATIQUE FLORESTA,02,20260107,20260107,MG,4123
64337517,0001,1,EDILSON PERSONAL TRAINER,02,20251210,20251210,SP,6219
64341111,0001,1,CROSS LIFE CENTRO,02,20260107,20260107,RS,8841
64343549,0001,1,,02,20260107,20260107,MT,9067
64352746,0001,1,VORTEX,02,20260108,20260108,SE,3215
64353512,0001,1,M FITNESS ACADEMIA,02,20260108,20260108,MA,0921
64354037,0001,1,ESTUDIO DO MOVIMENTO ARIANE SILVA,02,20260107,20260107,MS,9051
64375182,0001,1,IN CORPORE ACADEMIA,02,20260109,20260109,RS,8859
64378677,0001,1,,02,20260109,20260109,PR,0854
64398648,0001,1,DUO ACADEMIA E FITNESS,02,20260111,20260111,AL,2785
64407127,0001,1,WS FITNESS,02,20260112,20260112,PI,0316
64413384,0001,1,ARMY CT,02,20260112,20260112,RJ,6001
64423402,0001,1,TAINA ARTUNK ESTUDIO PILATES E PERSONAL,02,20260112,20260112,MS,9165
64431783,0001,1,FACTORY CROSSFIT,02,20260112,20260112,RJ,6001
64449315,0001,1,,02,20260107,20260107,PR,7691
64455640,0001,1,HT PERSONAL TRAINER,02,20260113,20260113,SP,7107
64457133,0001,1,FITNESS TRAINING CENTER,02,20260113,20260113,TO,0317
64463654,0001,1,ARENA BROWN ACADEMIA,02,20260106,20260106,RJ,5833
61284296,0033,2,,02,20260114,20260114,RS,8541
64466263,0001,1,IRON FIT ACADEMIA,02,20260114,20260114,GO,9485
19807966,0002,2,,02,20260114,20260114,SP,7145
64499795,0001,1,SCORPION FIT,02,20260114,20260114,SP,6429
64500169,0001,1,,02,20260115,20260115,DF,9701
64508527,0001,1,MEIN PILATES-STUDIO,02,20260115,20260115,SP,7107
64513464,0001,1,CLUB R7 ACADEMIA,02,20260107,20260107,GO,9753
64518570,0001,1,,02,20260115,20260115,SP,7183
40206877,0002,2,SAUDE FIT ACADEMIA,02,20260116,20260116,CE,1465
22902694,0185,2,,02,20260116,20260116,PI,1219
64537829,0001,1,PENTAS ACADEMIA,02,20260114,20260114,CE,1515
64540471,0001,1,,02,20260116,20260116,RJ,5903
64540967,0001,1,DOTTYPAM,02,20260116,20260116,PR,7535
64568612,0001,1,CT NOVO SHAPE,02,20260115,20260115,BA,3413
64569454,0001,1,,02,20260118,20260118,AL,2785
64574850,0001,1,,02,20260119,20260119,RJ,5801
64580982,0001,1,ESTUDIO PERFORMANCE,02,20260116,20260116,MA,0727
64581609,0001,1,STUDIO ARTFIT,02,20260119,20260119,RN,1761
64586312,0001,1,JORDANA TEIXEIRA PILATES E FISIOTERAPIA,02,20260119,20260119,MG,4407
64590845,0001,1,ANA LENHARDT STUDIO PILATES,02,20260120,20260120,RS,8589
64591818,0001,1,,02,20260120,20260120,SP,6441
64595763,0001,1,ONE PREMIUM WELLNESS,02,20260119,20260119,PB,2079
64599487,0001,1,STUDIO DE PILATES,02,20260120,20260120,SP,6219
64603839,0001,1,,02,20260114,20260114,SP,6979
64610576,0001,1,JULIANO MORA PERFORMANCE INTEGRADA E BEM ESTAR,02,20260120,20260120,PR,7493
64612870,0001,1,,02,20260120,20260120,SP,7107
64618511,0001,1,ACADEMIA BOA FORMA CAMANDUCAIA,02,20260120,20260120,MG,4209
64625087,0001,1,LAS CHICAS FITNESS,02,20260121,20260121,RO,0007
64626407,0001,1,FITTON PERSONAL,02,20260121,20260121,SP,7107
64643776,0001,1,JD FITNESS E CONSULTORIA,02,20260121,20260121,RS,8531
64649371,0001,1,SMART PRIME,02,20260121,20260121,BA,3469
64650563,0001,1,PILATY CONDICIONAMENTO FISICO LTDA,02,20260121,20260121,SC,8073
64652434,0001,1,NEW TREINNE ACADEMIA,02,20260121,20260121,PE,2491
64652821,0001,1,7 DE SETEMBRO ACADEMIA,02,20260122,20260122,MG,5385
64656907,0001,1,MARIA LUIZA LONGO - PERSONAL TRAINER,02,20260105,20260105,SC,8105
64658372,0001,1,TRAJANO DIAS STUDIO,02,20260122,20260122,GO,9201
64668706,0001,1,SANCHES PROFIT,08,20260309,20260112,PA,0423
64670475,0001,1,ATHENA CROSS,02,20260121,20260121,SP,6547
64674579,0001,1,ZEFFA'S FITNESS,02,20260123,20260123,SE,3169
64674830,0001,1,JUDA ESPACO FITNESS,02,20260122,20260122,MG,4255
64678914,0001,1,IMPERIO CENTER FITNESS,02,20260123,20260123,MA,0158
63505601,0001,1,ACAEMIA MOVIMENTO,02,20251104,20251104,TO,0185
64681211,0001,1,,02,20260122,20260122,SP,7079
64681443,0001,1,JM PERFORMANCE E QUALIDADE DE VIDA,02,20260123,20260123,DF,9701
64682841,0001,1,IGOR FITNESS SERVICOS,02,20260122,20260122,MG,5403
64685364,0001,1,UTF VICENTE DE CARVALHO,02,20260121,20260121,RJ,6001
64688870,0001,1,BETTER FORM ACADEMIA,02,20260122,20260122,SC,8057
63903342,0001,1,HOME CENTER FITNESS,02,20251202,20251202,CE,1429
64693926,0001,1,LIFE STRONG,02,20260123,20260123,BA,3413
63968495,0001,1,,02,20251208,20251208,SC,8311
64705341,0001,1,GUSTAVO QUEIROZ TREINAMENTO PERSONALIZADO,02,20260126,20260126,MG,4123
64705439,0001,1,STUDIO RODRIGO FERNANDES,02,20260126,20260126,PR,7473
64705955,0001,1,EVOLUTION PRO,02,20260123,20260123,SP,7075
64706196,0001,1,FORJA ASSESSORIA ESPORTIVA,02,20260126,20260126,MS,9147
64714759,0001,1,CFKA WOMAN,02,20260126,20260126,GO,9397
64715822,0001,1,,02,20260126,20260126,RS,8507
64716886,0001,1,SKYFIT LUZIANIA,02,20260126,20260126,GO,9445
64723392,0001,1,RC ACADEMIA LTDA,02,20260126,20260126,RN,1807
64723525,0001,1,STUDIO KLIVIA MAGALHAES,02,20260126,20260126,AL,2785
64730970,0001,1,NADAR ATIVIDADES AQUATICAS,02,20260127,20260127,PI,1219
64733584,0001,1,MOV 360 TREINAMENTO MOTOR E FISIOTERAPIA,02,20260127,20260127,MG,4359
64734343,0001,1,,02,20260126,20260126,SP,6377
64736106,0001,1,STUDIO SOUL,02,20260126,20260126,SP,7259
64736480,0001,1,,02,20260127,20260127,MG,5273
64736760,0001,1,SALUTHE STUDIO DE PILATES,02,20260127,20260127,PI,1219
64738533,0001,1,NICOLODI PRO TRAINING,02,20260127,20260127,SC,8039
64739334,0001,1,ACADEMIA EVANILDA FITNESS,02,20260127,20260127,RO,0008
64741238,0001,1,S&V PILATES E FISIOTERAPIA,02,20260127,20260127,MG,5403
64742451,0001,1,BIO SCIENCE TREINAMENTO RESISTIDO E EMAGRECIMENTO LTDA,02,20260127,20260127,SP,6563
64746032,0001,1,LUCAS TREINADOR,02,20260127,20260127,SP,7107
64747464,0001,1,ACADEMIA POSITIVE CLUB,02,20260127,20260127,PB,2039
64750775,0001,1,CENTRO DE TREINAMENTO THIAGO LIMA,02,20260127,20260127,BA,3885
64751950,0001,1,STUDIO MOTIVATION TRAINING,02,20260120,20260120,SC,8039
64753044,0001,1,FISIOLOGIA ADAPTADA,02,20260128,20260128,SP,7107
64754771,0001,1,B12 ACADEMIA,02,20260126,20260126,SC,8175
64758115,0001,1,GOAL MUSCLE,02,20260126,20260126,SP,6579
64760836,0001,1,ACADEMIA PRIME FITNESS,02,20260128,20260128,MA,0757
64763686,0001,1,EDIER NOGUEIRA,02,20260109,20260109,PA,0471
64763935,0001,1,LIDER ACADEMIA,02,20260126,20260126,PA,0058
64764030,0001,1,,02,20260128,20260128,RJ,6001
64776991,0001,1,,02,20260128,20260128,ES,5699
64781612,0001,1,STUDIO M7 PILATES E TREINAMENTO FUNCIONAL,02,20260128,20260128,SP,6511
64785417,0001,1,ACADEMIA RIO BONITO,02,20260121,20260121,SP,7107
64786888,0001,1,AG FUNCIONAL,02,20260128,20260128,MG,4633
64789385,0001,1,,02,20260129,20260129,SP,7145
64791132,0001,1,KIMURA JATIUCA,02,20260128,20260128,AL,2785
62981564,0001,1,ESPACO FIT,02,20251001,20251001,GO,9361
64793786,0001,1,LIFENEXUS,02,20260126,20260126,CE,1343
64794173,0001,1,SOMA ACADEMIA,02,20260129,20260129,SP,6733
55591212,0003,2,ACADEMIA FORMA FITNESS,02,20260130,20260130,MT,9067
64799730,0001,1,ACADEMIA G3 FITNESS,08,20260608,20260129,PE,2585
64804822,0001,1,MOVE FITNESS ACADEMIA,02,20260129,20260129,SP,7099
64805619,0001,1,,02,20260130,20260130,SP,7075
53041326,0002,2,ESPACO VIVA,02,20260130,20260130,GO,9433
64807097,0001,1,ZEIT PERFORMANCE,02,20260130,20260130,PI,1187
64811032,0001,1,,02,20260129,20260129,SP,6789
64811898,0001,1,,02,20260129,20260129,RS,8801
64815522,0001,1,,02,20260130,20260130,SP,6141
64818615,0001,1,ACADEMIA TEAM PSICOPATA,02,20260129,20260129,SC,8047
64826699,0001,1,STUDIO PILATES DAYANE BETTINELLI RISSI,02,20260130,20260130,SC,8001
64826750,0001,1,,02,20260130,20260130,SP,6639
64863838,0001,1,STUDIO EQUILIBRIO PILATES,02,20260202,20260202,MG,5419
64875159,0001,1,,02,20260130,20260130,SP,7107
64879999,0001,1,ARTE FEMININA,02,20260203,20260203,GO,9571
64886805,0001,1,EAS CONSULTORIA E SAUDE,02,20260202,20260202,PE,2379
64893736,0001,1,DINAMI ACADEMIA,02,20260203,20260203,PB,2051
64894282,0001,1,IMPERIO FITNESS,02,20260129,20260129,SE,3105
64895052,0001,1,JC TRAINING,02,20260123,20260123,SC,8387
64896280,0001,1,RAGNAR CENTRO DE TREINAMENTO,02,20260203,20260203,BA,3403
64896666,0001,1,RENASCER PILATES E FISIOTERAPIA,02,20260128,20260128,MG,5233
64897355,0001,1,,02,20260203,20260203,BA,3807
64918267,0001,1,DUT FITNESS,02,20260204,20260204,MA,0765
64919280,0001,1,CADEMIA HOLISTICA,02,20260127,20260127,BA,3573
64921119,0001,1,,02,20260204,20260204,SP,6293
64925843,0001,1,BODYFORCE GYM,02,20260203,20260203,PR,7593
64931145,0001,1,NEVES GROUP,02,20260204,20260204,SP,6789
64933029,0001,1,INDIANA PERFORMANCE - NOVO MUNDO,02,20260204,20260204,MG,5403
64941331,0001,1,WR TRAIL ASSESSORIA ESPORTIVA,02,20260204,20260204,SC,8327
64949163,0001,1,,02,20260203,20260203,RS,8847
64955816,0001,1,,02,20260205,20260205,SP,7107
64956025,0001,1,RADA STUDIO TREINAMENTO FUNCIONAL,02,20260204,20260204,RJ,0786
64957887,0001,1,SAUDE EM MOVIMENTO,02,20260205,20260205,MG,4223
64969656,0001,1,ESPACO FITNESS,02,20260202,20260202,BA,3587
64974745,0001,1,RISE ASSESSORIA,02,20260206,20260206,RN,1779
64981927,0001,1,,02,20260204,20260204,SC,8233
64982233,0001,1,YELLOW BOX CENTRO DE TREINAMENTO,02,20260206,20260206,MS,0141
64985417,0001,1,CTPRIME CENTRO DE TREINAMENTO,02,20260206,20260206,AL,2751
64988079,0001,1,CLAUDINHA E BRENINHO TRAINING,02,20260204,20260204,RJ,6001
64988315,0001,1,ESTUDIO MONTANHA TEAM,02,20260205,20260205,SP,7107
65005898,0001,1,TA&E STUDIO DE PILATES,02,20260207,20260207,SP,7225
65011197,0001,1,,02,20260205,20260205,AL,2785
65017934,0001,1,BOX DO FUNCIONAL,02,20260209,20260209,SC,8373
65040012,0001,1,DON RUAN ACADEMIA,02,20260210,20260210,MG,0578
65043074,0001,1,,02,20260209,20260209,SP,7107
65046276,0001,1,BASE 2,02,20260210,20260210,PR,7535
65049572,0001,1,ACADEMIA CORPO & MOVIMENTO,02,20260210,20260210,GO,0053
65051008,0001,1,CENTRO DE TREINAMENTO FORCA ATIVA,02,20260210,20260210,MG,4733
65058169,0001,1,STUDIO BRUNA RODRIGUES PILATES,02,20260210,20260210,SP,6475
65065029,0001,1,X-TREME ARENA,02,20260209,20260209,PE,2419
52551716,0007,2,B7 BODYFITNESS,02,20260211,20260211,CE,1389
65069583,0001,1,OUSADIA FUTSAL GUARA,02,20260210,20260210,DF,9701
65069626,0001,1,MM8 ATIVIDADES ESPORTIVAS,02,20260211,20260211,MG,4123
65070533,0001,1,STUDIO KAROL MICHALSKI,02,20260211,20260211,SP,6375
65070940,0001,1,MOVIMENTO E SAUDE,02,20260211,20260211,RS,8493
65073580,0001,1,ACADEMIA PERFORMANCE,02,20260211,20260211,MS,9049
65077896,0001,1,ACADEMIA PREMIUN SG,02,20260211,20260211,RJ,6001
65084837,0001,1,G-LUZ TOP TEAM,02,20260204,20260204,RJ,6001
65092184,0001,1,KEYTIANE LIMA-PILATES,02,20260211,20260211,MA,0803
65092057,0001,1,ADRIANA GARCIA PILATES E PERFORMANCE FEMININA,02,20260204,20260204,SP,7151
65092525,0001,1,,02,20260211,20260211,CE,1351
65094225,0001,1,TEXAS FITNESS,02,20260212,20260212,TO,0088
65094866,0001,1,STUDIO PLENO VIGOR SOTER,02,20260211,20260211,MS,9051
14668207,0002,2,YELLOW FIT,02,20260212,20260212,SC,0973
65102532,0001,1,IMPERADOR FITNESS,02,20260212,20260212,MG,2699
65103955,0001,1,ROSA LOPES STUDIO DE PILATES,02,20260212,20260212,MS,9051
65105899,0001,1,,02,20260212,20260212,PR,7885
65110685,0001,1,ACADEMIA MAMUTH,02,20260203,20260203,PA,0415
65118167,0001,1,,02,20260212,20260212,MT,8985
65123258,0001,1,,02,20260212,20260212,CE,1521
65127551,0001,1,,02,20260211,20260211,PB,0486
65133898,0001,1,PILATES ISABELLA ROCHA,02,20260213,20260213,MS,9051
65139540,0001,1,STUDIO DE PILATES TAYNAN EUQUERES,02,20260213,20260213,MG,5391
65147730,0001,1,WS PERSONAL & PERFORMANCE,02,20260213,20260213,SP,7107
65148976,0001,1,,02,20260213,20260213,MS,9051
65152674,0001,1,,02,20260216,20260216,PR,7667
65161057,0001,1,PHD SPORTS JAGUARIAIVA,02,20260217,20260217,PR,7633
65174019,0001,1,THE ONE ACADEMIA,02,20260218,20260218,SC,8165
65185124,0001,1,JESSY NORATO,02,20260218,20260218,RS,8651
65185239,0001,1,VIVA PILATES,02,20260218,20260218,SP,6789
65185574,0001,1,,02,20260218,20260218,SC,8175
65185757,0001,1,FULLNESS LONGEVIDADE E PERFORMANCE,02,20260218,20260218,SP,6915
65188173,0001,1,,02,20260219,20260219,CE,1343
65198344,0001,1,VINCIUS CARLOS DA SILVA,02,20260218,20260218,SP,7047
65202397,0001,1,,02,20260219,20260219,SP,2983
65210792,0001,1,MARIA EDUARDA PEREIRA CAMARGO,02,20260220,20260220,RJ,6001
65212337,0001,1,HESTIA UNAI,02,20260220,20260220,MG,5407
65215123,0001,1,EP TREINAMENTO PERSONALIZADO,02,20260220,20260220,RS,8801
65216175,0001,1,NOLA FUNCIONAL,02,20260219,20260219,RJ,5865
65218591,0001,1,COLUNA EM MOVIMENTO PILATES,02,20260220,20260220,SP,7107
24379716,0002,2,UNIVERSO FITNESS,02,20260220,20260220,RJ,5833
65223154,0001,1,ALPER BRAZILIAN JIU JITSU,02,20260219,20260219,SP,6811
65224593,0001,1,,02,20260218,20260218,MT,9077
65228374,0001,1,STUDIO LONGEVITA TREINAMENTO FISICO,02,20260220,20260220,MG,4553
65231438,0001,1,,02,20260220,20260220,MG,4123
65236061,0001,1,,02,20260219,20260219,SP,6741
07594978,0828,2,,02,20260223,20260223,SP,6209
07594978,0833,2,,02,20260223,20260223,SE,3105
65255437,0001,1,,02,20260223,20260223,SP,7107
65168149,0001,1,"ACADEMIA SUPER LIFE, TRANSFORMANDO VIDAS!",02,20260218,20260218,PA,0415
65262733,0001,1,,02,20260213,20260213,CE,1389
65265573,0001,1,D2 FITNESS,02,20260220,20260220,SC,8131
65267143,0001,1,KISAUDE,02,20260223,20260223,MG,5053
65280847,0001,1,,02,20260223,20260223,PE,2631
65281956,0001,1,PESO PESADO ACADEMIA,02,20260220,20260220,SP,0804
65283593,0001,1,,02,20260218,20260218,SP,6291
65288739,0001,1,NU FORM,02,20260223,20260223,RJ,6001
65291019,0001,1,VENTURA ATLETICA,02,20260222,20260222,RS,8801
65291399,0001,1,PILATES CORPO E ESSENCIA,02,20260219,20260219,MS,9051
65296767,0001,1,G4 GYM,02,20260224,20260224,BA,3849
65298940,0001,1,LIFE FIT ACADEMIA,02,20260224,20260224,MA,0134
65304389,0001,1,PARKER SQUAD,02,20260224,20260224,SC,8055
65304411,0001,1,STUDIO TOTAL FIT,02,20260223,20260223,BA,3335
65311394,0001,1,AMARAL PERSONAL,02,20260224,20260224,SP,7225
65311685,0001,1,,02,20260129,20260129,BA,3515
37927802,0004,2,POWER FIT,02,20260225,20260225,MT,9167
65325233,0001,1,KI CORPO,08,20260605,20260225,PB,2051
65326765,0001,1,STUDIO DE MUSCULACAO KM ZERO,02,20260225,20260225,SE,3157
65328216,0001,1,WEVERTON PERSONAL TRAINER,02,20260225,20260225,AM,0235
65330133,0001,1,LEAL PERSONAL & MOVIMENTO,02,20260225,20260225,SP,7107
65331009,0001,1,IGLU STUDIO,02,20260224,20260224,PR,7535
65332451,0001,1,RENAN M BARROSO CONSULTORIA ESPORTIVA,02,20260225,20260225,RJ,6001
65335694,0001,1,RUAH PILATES,02,20260225,20260225,CE,1389
65338697,0001,1,PRIME FIT ACADEMIA,02,20260225,20260225,GO,9555
65339702,0001,1,,02,20260226,20260226,SP,7107
65341806,0001,1,PILATES CATHARINA YUKI,02,20260225,20260225,SP,6929
65344842,0001,1,ZR TRAINER,02,20260222,20260222,MT,9067
65349440,0001,1,,02,20260226,20260226,DF,9701
65351109,0001,1,,02,20260226,20260226,RJ,5833
65356691,0001,1,TAIS ARIADNE ESTUDIO DE PILATES,02,20260225,20260225,SP,7107
65363597,0001,1,RAISSA NOVGORODCEV TREINAMENTO & LONGEVIDADE,02,20260225,20260225,SC,8105
65368786,0001,1,,02,20260227,20260227,SC,8083
65368963,0001,1,CT POWER WP,08,20260302,20260226,PB,1981
24921465,0172,2,,02,20260227,20260227,SP,7107
65371085,0001,1,,02,20260226,20260226,RJ,5843
65377341,0001,1,FAVALE HEALTH,02,20260225,20260225,SP,7107
65415421,0001,1,STUDIO FOR LIFE,02,20260302,20260302,MG,4123
65416830,0001,1,,02,20260227,20260227,SP,6547
65418797,0001,1,,02,20260227,20260227,CE,1373
65420474,0001,1,PILATTI STUDIO DE PILATES,02,20260227,20260227,PR,5453
65420484,0001,1,ROCHA CROSS TRAINING,02,20260302,20260302,RS,8425
65424983,0001,1,MOVE & LIFT HIBRID TRAINING,02,20260302,20260302,DF,9701
65426407,0001,1,PERFORMANCE DA LOBA,02,20260302,20260302,PR,7535
52373801,0004,2,DRAKO ZONA LESTE ACADEMIA,02,20260302,20260302,PR,7667
65434873,0001,1,CT IRON WOLF,02,20260302,20260302,MG,4981
65445557,0001,1,ANNA SAUDE INTEGRADA,02,20260303,20260303,ES,0768
65445949,0001,1,BRUNO BEIRAO ASSESSORIA ESPORTIVA,02,20260224,20260224,SC,8183
65449549,0001,1,ESPACO PAULA FITNESS,02,20260303,20260303,GO,9497
51071403,0002,2,,02,20260303,20260303,SP,6181
65451910,0001,1,CONSTANCE FISIOTERAPIA E PILATES,02,20260303,20260303,RO,0013
29897278,0002,2,ACADEMIA CROSS TRAINING DELFINO,02,20260303,20260303,MG,4865
65463823,0001,1,PRO-SAUDE ACADEMIA,02,20260303,20260303,PR,7677
65467063,0001,1,,02,20260226,20260226,RS,8749
21264043,0003,2,,02,20260304,20260304,SP,7057
19300535,0003,2,CIA DO CORPO,02,20260304,20260304,MG,4665
65481758,0001,1,,02,20260302,20260302,SP,6475
65485573,0001,1,UP CROSS TRAINING GYM,02,20260302,20260302,SP,6681
65495786,0001,1,TREINE C,02,20260304,20260304,MT,8985
62350224,0001,1,PERSONAL PRISCILA TONDELLO,02,20250822,20250822,RS,8599
65503685,0001,1,OXY GYM,02,20260304,20260304,PE,2531
65505756,0001,1,,02,20260305,20260305,MG,4709
65507326,0001,1,EIXO PERFORMANCE E SAUDE,02,20260305,20260305,MG,5155
65511110,0001,1,WM FITNESS,02,20260305,20260305,GO,9445
65518338,0001,1,CLINICA DE FISIOTERAPIA E PILATES POLLYANNA GUIMARAES,02,20260306,20260306,RJ,5903
65520043,0001,1,PERFORMANCE FISIO FISIOTERAPIA E PILATES,02,20260304,20260304,GO,9227
65526609,0001,1,STUDIO DE PILATES JOSY MEDEIROS,02,20260305,20260305,SP,7107
65528031,0001,1,,02,20260305,20260305,DF,9701
65531830,0001,1,MAXIMUS ACADEMIA,02,20260303,20260303,PB,1981
65533478,0001,1,,02,20260306,20260306,SP,7083
65536115,0001,1,,02,20260306,20260306,SP,7097
65544356,0001,1,,02,20260306,20260306,GO,9505
65554120,0001,1,STUDIO MF FITNESS,02,20260305,20260305,PE,2303
65554928,0001,1,SPACE FIT NSO,02,20260305,20260305,PE,2443
65557752,0001,1,ELITE PHYSICAL ACADEMY,02,20260306,20260306,PA,0401
65564343,0001,1,ESTACAO CROSS MAIS,02,20260309,20260309,SP,7107
29655233,0002,2,ELEITOS ESPORTE E SAUDE,02,20260309,20260309,MG,4123
65577125,0001,1,TITANIUMM FITNESS,02,20260309,20260309,SP,6291
65578504,0001,1,,02,20260306,20260306,SP,6477
65587601,0001,1,TZE ESPORTES,02,20260309,20260309,SP,7151
65594083,0001,1,COACH NOMADS,02,20260310,20260310,SE,3105
65611951,0001,1,TREINADOR RAFAEL FRIZZERA,02,20260311,20260311,RJ,5847
65612983,0001,1,DARLAN MOREIRA,02,20260311,20260311,MG,5427
65616436,0001,1,NP PERSONAL TRAINER,02,20260302,20260302,SP,7107
65621811,0001,1,,02,20260311,20260311,MT,0115
65622877,0001,1,FRAMIL STUDIO BY SAMANTHA FRAMIL LTDA,02,20260311,20260311,MG,5273
65623010,0001,1,PERSONAL TRAINER ADAUTO JORDAO,02,20260311,20260311,SP,7107
65624831,0001,1,KPERFORMANCE,02,20260311,20260311,MG,5023
65625988,0001,1,DOCTOR GYM,02,20260311,20260311,GO,9673
35602836,0005,2,,02,20260311,20260311,SP,7107
27937966,0003,2,,02,20260312,20260312,MG,4671
65637940,0001,1,PRIME FITNESS SELECT,02,20260311,20260311,MS,9051
65639341,0001,1,CT GENERAL,02,20260311,20260311,SP,6969
65640636,0001,1,COGNIACAO INTELIGENCIA EM MOVIMENTO,02,20260312,20260312,PA,0415
65646433,0001,1,ALICE SILVA STUDIO FITNESS,02,20260312,20260312,MG,4055
65649442,0001,1,ATRES,02,20260312,20260312,PR,7591
65652789,0001,1,FUSIONFIT,02,20260311,20260311,RS,8725
65653531,0001,1,,02,20260312,20260312,SP,7209
65655308,0001,1,,02,20260312,20260312,MG,4697
65656437,0001,1,ARETE CENTRO INTEGRADO,02,20260311,20260311,RS,8801
65664967,0001,1,DAIANE VARASQUIN,02,20260312,20260312,PR,7859
65668413,0001,1,CM FITNESS,02,20260312,20260312,RJ,6001
53048762,0002,2,BIO FIT,02,20260316,20260316,BA,3461
65699717,0001,1,AQUARIUS FITNESS,02,20260313,20260313,RJ,6001
65700026,0001,1,STUDIOCW6,02,20260316,20260316,CE,1585
65700102,0001,1,LIV CYCLE,02,20260312,20260312,RS,8701
37665672,0002,2,REVIVALLE PILATES E EMAGRECIMENTO,02,20260316,20260316,SP,6505
65706522,0001,1,RODRIGUES FITNESS,02,20260315,20260315,SE,3187
65709852,0001,1,ESPACO LUZ KIDS,02,20260316,20260316,MG,5403
65710425,0001,1,,02,20260310,20260310,SP,7183
65715738,0001,1,ACADEMIA SHAPE FIT,02,20260316,20260316,AP,0605
65717452,0001,1,,02,20260312,20260312,RJ,5877
08072295,0137,2,ACADEMIA BETIM SENHORA DAS GRACAS FIT LTDA,02,20260317,20260317,MG,4133
65727128,0001,1,MOVEFITIOS,02,20260316,20260316,BA,3573
65730332,0001,1,BS BODY SMART,02,20260316,20260316,PR,7535
65730692,0001,1,,02,20260312,20260312,PB,2051
65731709,0001,1,STUDIO EQUILIBRIO,02,20260317,20260317,PR,7859
65737126,0001,1,,02,20260316,20260316,SP,6139
65740427,0001,1,GARRA XTREME,02,20260312,20260312,MG,4165
63235495,0001,1,,02,20251017,20251017,SP,6291
65750128,0001,1,ACADEMIA BEM ESTAR,02,20260317,20260317,BA,3813
65754488,0001,1,STUDIO TEAM NONATO,02,20260318,20260318,RJ,6001
65767450,0001,1,,02,20260304,20260304,SC,8309
65768393,0001,1,ELIANE BELATTO - SAUDE E BEM-ESTAR,02,20260318,20260318,RS,8759
61284296,0036,2,,02,20260318,20260318,RS,8963
65772512,0001,1,,02,20260318,20260318,RJ,6001
65785855,0001,1,ANA CLARA GOMES ROSA,02,20260318,20260318,PE,2491
65790224,0001,1,DO VALE ASSESSORIA ESPORTIVA,02,20260319,20260319,SP,7209
65792569,0001,1,GESSE JUNIOR PERSONAL,08,20260402,20260319,SE,3105
65793141,0001,1,,02,20260319,20260319,SP,6969
33578061,0002,2,START FITNESS,02,20260319,20260319,BA,3849
65801777,0001,1,ELEVAR FISIOTERAPIA E PILATES,02,20260319,20260319,SP,6647
65802553,0001,1,IMPACTO FIT ACADEMIA E SUPLEMENTOS,02,20260320,20260320,BA,3821
65808514,0001,1,,02,20260316,20260316,SP,7097
65809850,0001,1,,02,20260320,20260320,SP,7107
65834976,0001,1,ESPACO PILATES MARCIA FONSECA,02,20260318,20260318,MA,0921
65847346,0001,1,KFCF CORPO EM FORMA,02,20260323,20260323,SP,6509
65849003,0001,1,FRANIO MARTINS TREINAMENTO PERSONALIZADO,02,20260323,20260323,BA,3849
65858449,0001,1,TOPLIFE ACADEMIA,02,20260323,20260323,PR,7911
27667449,0002,2,MICHELE DA SILVEIRA BRANDAO,02,20260324,20260324,RS,8839
65860651,0001,1,ASSOCIACAO ESPORTIVA E CULTURAL CORREDORES DE GUARAPARI,02,20260115,20260115,ES,5647
65871151,0001,1,,02,20260323,20260323,RJ,5897
65872263,0001,1,PLENA FORMA ACADEMIAS,02,20260323,20260323,CE,1585
65875484,0001,1,,02,20260324,20260324,RS,8791
65558669,0001,1,MAGNAGYM,02,20260309,20260309,SP,6425
65893617,0001,1,PILATES ON,02,20260325,20260325,MG,5029
65902507,0001,1,STUDIO SAUDE EM MOVIMENTO,02,20260325,20260325,PR,7721
62593333,0001,1,HIDROBELA,08,20260326,20250906,PI,1159
65922004,0001,1,CORE FIT,08,20260424,20260326,DF,9701
65923406,0001,1,CLUB WELLNESS,02,20260326,20260326,CE,1447
65923688,0001,1,ACADEMIA PURA MASSA,02,20260326,20260326,BA,3087
65927779,0001,1,,02,20260326,20260326,RJ,6001
64946746,0001,1,,02,20260202,20260202,SP,7107
65941481,0001,1,CENTRO AVANCADO DOR ESPECIALIDADES MEDICAS,02,20260324,20260324,DF,9701
65946724,0001,1,RYUHA,02,20260327,20260327,RS,8955
65950559,0001,1,ACADEMIA MATRIX,02,20260327,20260327,RR,0315
65950988,0001,1,,02,20260320,20260320,SP,6713
65953885,0001,1,ALPHA GYM,02,20260327,20260327,BA,3511
65954241,0001,1,ACADEMIA PLENA FORMA,02,20260327,20260327,RJ,5801
39510196,0002,2,CLUBFIT ACADEMIA,02,20260327,20260327,RS,8951
65973139,0001,1,,02,20260326,20260326,SP,6861
65976236,0001,1,,02,20260330,20260330,PB,2051
65984208,0001,1,BEM ESTAR E SAUDE - FISIOTERAPIA E EDUCACAO FISICA,02,20260324,20260324,PR,7885
65986082,0001,1,QR GYM,02,20260325,20260325,MG,4647
65991646,0001,1,ACTION FORCE BOX,02,20260330,20260330,RO,0005
66007880,0001,1,,02,20260331,20260331,CE,1389
66014889,0001,1,,08,20260519,20260331,PR,7535
66022007,0001,1,HARMON GYM & WELLENSS,02,20260327,20260327,DF,9701
66022101,0001,1,,02,20260331,20260331,CE,1389
58420964,0006,2,MOVFIT NOVO PROGRESSO,02,20260401,20260401,PA,0633
43545323,0002,2,,02,20260401,20260401,RS,8847
66028108,0001,1,AL PRIME FITNESS,02,20260330,20260330,AL,2783
66030811,0001,1,MASTER FITNESS,02,20260401,20260401,SE,3169
66048659,0001,1,ESTUDIO FLY,02,20260326,20260326,MG,4123
45048514,0003,2,GYM EVOLUTION,02,20260402,20260402,PR,7469
66053894,0001,1,,02,20260401,20260401,SP,7107
66055442,0001,1,LAIZA MILENA STUDIO DE PILATES E FISIOTERAPIA,02,20260402,20260402,SP,6681
66056370,0001,1,,02,20260401,20260401,MG,5291
66061161,0001,1,CT Z4 ACADEMIA,02,20260402,20260402,MT,8985
66077449,0001,1,,02,20260402,20260402,SP,7107
66082425,0001,1,ATIVA+,02,20260406,20260406,DF,9701
66082774,0001,1,,02,20260401,20260401,SP,6831
66083975,0001,1,ORGFIT,02,20260319,20260319,RJ,5833
66084250,0001,1,AYKA CASTRO,02,20260402,20260402,SP,7107
66085376,0001,1,ESTUDIO INSPIRA,02,20260401,20260401,GO,9373
66090221,0001,1,MARANGONI GUARULHOS,02,20260402,20260402,SP,6477
66090510,0001,1,TARGON FIT,02,20260331,20260331,RS,8839
66095578,0001,1,STUDIO ENERGY TRAINING,02,20260401,20260401,SC,8327
66102587,0001,1,ACADEMIA CONEXAO SAUDE,02,20260402,20260402,BA,3909
66107932,0001,1,MJOLNIR CROSS,02,20260406,20260406,PE,2337
66108461,0001,1,OLIVIA MOOV,02,20260406,20260406,GO,0057
66113097,0001,1,VT STUDIO FITNESS,02,20260407,20260407,RS,8863
66113647,0001,1,,02,20260330,20260330,SP,7107
66118211,0001,1,NAYARA TEIXEIRA STUDIO PILATES,02,20260407,20260407,MS,9021
66120397,0001,1,STUDIO IK9,02,20260407,20260407,RN,1651
66123067,0001,1,VELOS - MOVIMENTO E REABILITACAO,02,20260407,20260407,RS,8841
66123369,0001,1,CT FIT20,02,20260312,20260312,SP,6689
66124457,0001,1,METAMORFOSE FITNESS,02,20260330,20260330,PA,0571
66124479,0001,1,STUDIO A PILATES,02,20260406,20260406,RS,8785
66131943,0001,1,,02,20260408,20260408,CE,1389
66133655,0001,1,,02,20260402,20260402,PR,7667
66151670,0001,1,ESPACO ANA FERREIRA,02,20260408,20260408,AL,2845
66159305,0001,1,FEMME FIT ACADEMIA FEMININA,02,20260409,20260409,MT,9925
66174530,0001,1,4BEACH GYM GUARULHOS CENTRO,02,20260408,20260408,SP,6477
66176429,0001,1,,02,20260409,20260409,SP,7107
66189411,0001,1,,02,20260409,20260409,SP,7107
66198520,0001,1,,02,20260410,20260410,MG,4365
66216055,0001,1,,02,20260410,20260410,SP,7107
66219071,0001,1,ESSENT PILATES,02,20260413,20260413,PR,7667
66223831,0001,1,CT OLWAY,02,20260413,20260413,RS,8801
66224466,0001,1,STUDIO VIDA,02,20260413,20260413,MG,4171
66241162,0001,1,,02,20260413,20260413,MG,4475
64457248,0001,1,,02,20260113,20260113,AC,0153
66257646,0001,1,X3 ACADEMY,02,20260408,20260408,RO,0007
66259735,0001,1,,02,20260408,20260408,RJ,6001
66267805,0001,1,ACADEMIA GAVIOES,02,20260414,20260414,SP,7107
66267935,0001,1,ALINE BARCO STUDIO DE PILATES,02,20260414,20260414,MT,9871
66268804,0001,1,,02,20260410,20260410,SP,6313
66280394,0001,1,STUDIO ADVENTUYS PILATES GYN,02,20260415,20260415,GO,9373
66288368,0001,1,ZION ACADEMIA,02,20260415,20260415,PI,1219
07594978,0853,2,,02,20260416,20260416,SP,6477
07594978,0858,2,,02,20260416,20260416,DF,9701
07594978,0864,2,,02,20260416,20260416,SP,7107
66299400,0001,1,ACADEMIA DE ARTES MARCIAIS,02,20260415,20260415,GO,1066
66299722,0001,1,VIDAATIVA,02,20260416,20260416,RN,1749
66304997,0001,1,BGR ESPORTES,02,20260416,20260416,CE,1389
66317566,0001,1,,02,20260416,20260416,SP,6589
66321869,0001,1,MOVIMENTHA PILATES,02,20260410,20260410,SP,7075
66322224,0001,1,ALPHABOX,02,20260417,20260417,SP,7107
66322628,0001,1,,02,20260417,20260417,SP,7075
66323088,0001,1,ACADEMIA FIT,02,20260416,20260416,RJ,5885
07594978,0873,2,,02,20260417,20260417,ES,5703
66325737,0001,1,UNIVERSO WORK,02,20260417,20260417,PR,7667
66327846,0001,1,,02,20260416,20260416,PR,7505
66331478,0001,1,,02,20260417,20260417,MS,9073
66335681,0001,1,,02,20260417,20260417,RJ,5883
66356860,0001,1,TOP GYM ESPINOSA,02,20260420,20260420,MG,4485
60949392,0018,2,,02,20260421,20260421,GO,9555
66368126,0001,1,,02,20260420,20260420,CE,1389
66370796,0001,1,MELERE PERSONAL TRAINER,02,20260421,20260421,PR,7535
66375033,0001,1,FUNCIONAL BARRA VELHA,02,20260422,20260422,SC,8041
66375724,0001,1,CENTRO DE EMAGRECIMENTO LUCAS ROCHA,02,20260410,20260410,SP,7005
66382605,0001,1,,02,20260417,20260417,SP,6969
66384976,0001,1,STUDIO SAUDE E PERFORMANCE,02,20260420,20260420,RJ,5859
66393089,0001,1,RM STUDIO PERSONAL,02,20260422,20260422,BA,3491
66396446,0001,1,,02,20260422,20260422,SP,6511
66402947,0001,1,ENDORFIT,02,20260416,20260416,MG,5303
66404256,0001,1,IRON BOX 34,02,20260423,20260423,MG,4687
66404371,0001,1,ACADEMIA BEM ESTAR,02,20260410,20260410,SP,7151
66406610,0001,1,,02,20260422,20260422,SP,7107
66412245,0001,1,DBS PERSONAL TRAINER,02,20260423,20260423,SP,7107
66418059,0001,1,CRYSTHIAN PERSONAL,02,20260423,20260423,SP,6897
66418362,0001,1,LARA ALVES,02,20260423,20260423,PR,7535
66424650,0001,1,ACTION 360º,02,20260423,20260423,PR,7535
66425112,0001,1,GB FITNESS,02,20260422,20260422,PE,2423
66433197,0001,1,,02,20260424,20260424,RN,1759
66447364,0001,1,ACADEMIA PULSE TRAINING LTDA,02,20260425,20260425,PI,1219
66458453,0001,1,,02,20260424,20260424,SP,6717
66460501,0001,1,C.B SWIMMING,08,20260429,20260427,CE,1389
66463579,0001,1,PERFORMANCE DOJO CINTRA,02,20260427,20260427,GO,9227
66469980,0001,1,,02,20260424,20260424,SP,7107
66470676,0001,1,STUDIO PILATES FATIMA CARVALHO,02,20260427,20260427,SP,7107
66472946,0001,1,IO PERSONAL,02,20260427,20260427,RJ,5847
66477269,0001,1,STUDIO ALAN BARRETO PILATES,02,20260427,20260427,BA,3849
49443173,0003,2,,02,20260428,20260428,MG,4803
62924334,0002,2,IGOR TREINAMENTO PERSONALIZADO,02,20260428,20260428,SP,6543
66490818,0001,1,,02,20260423,20260423,MG,5401
66492769,0001,1,DARTANHAN PERFORMANCE,02,20260428,20260428,SP,7107
66499044,0001,1,LUCAS PESONAL TRAINER,08,20260515,20260428,RS,8637
66500674,0001,1,BSA TRAINING,02,20260428,20260428,DF,9701
66508925,0001,1,IRON BUNKER,02,20260428,20260428,SP,6389
66512713,0001,1,UP60,02,20260429,20260429,RN,1761
66521395,0001,1,GREENLIFE PARQUE DA CIDADE,02,20260428,20260428,SP,7107
66533920,0001,1,,02,20260428,20260428,ES,5703
66535868,0001,1,STUDIO MOVE,02,20260320,20260320,MG,5273
66537485,0001,1,,02,20260427,20260427,PR,7535
66543572,0001,1,,02,20260428,20260428,BA,3515
66544466,0001,1,NOSSA PRAIA,02,20260430,20260430,DF,9701
66321380,0001,1,CNBOX TIRADENTES CGMS,02,20260416,20260416,MS,9051
66549134,0001,1,SPARTA ASSESSORIA,02,20260430,20260430,SP,6563
66573496,0001,1,FLOW FIT,02,20260429,20260429,SP,7079
66589275,0001,1,AC BLACK WOLF,02,20260504,20260504,MG,4763
66592364,0001,1,W G TREINAMENTO FUNCIONAL,02,20260504,20260504,AL,2785
66602270,0001,1,ACADEMIA SPORT E FORMA,02,20260505,20260505,MG,5407
66602796,0001,1,REANI PERFORMANCE,02,20260504,20260504,SP,7071
66606152,0001,1,LECORPS PILATES,02,20260505,20260505,RS,8801
66606656,0001,1,,02,20260417,20260417,SP,7107
66626574,0001,1,G3 STUDIO DE SAUDE LTDA,02,20260506,20260506,RN,1741
66626892,0001,1,XFITNESS,02,20260504,20260504,MG,4225
66657166,0001,1,LUXE GYM,02,20260506,20260506,RJ,1116
66664417,0001,1,PULSE SPINNING,02,20260507,20260507,AL,2705
66667105,0001,1,FIGHT GYM - ARENA,02,20260507,20260507,BA,1112
66670786,0001,1,OLITEQ,02,20260507,20260507,CE,1585
22902694,0199,2,,02,20260508,20260508,BA,3965
66685549,0001,1,STUDIO DE PILATES PEROLA,02,20260508,20260508,PA,0535
66703947,0001,1,ACADEMIA COMBAT,02,20260511,20260511,ES,5637
23814143,0002,2,,02,20260511,20260511,SP,7107
59310139,0002,2,ACADEMIA TIJUCAS CENTRO UNIDADE 60,02,20260511,20260511,SC,8355
66713274,0001,1,TEAM LUCAS,02,20260511,20260511,MG,5343
66715518,0001,1,STUDIO MOVIMENTO,02,20260511,20260511,MG,5425
65951532,0001,1,NAHATE YOGA,02,20260327,20260327,MG,4371
66727174,0001,1,PULSE FIT,02,20260511,20260511,PE,2337
66728432,0001,1,ACADEMIA PREMIER GYM,02,20260508,20260508,SP,7243
66737983,0001,1,ESTUDIO EMLYN RIBEIRO,02,20260508,20260508,SC,8319
66739220,0001,1,RUBINI TRAINING,02,20260511,20260511,MG,4123
66739265,0001,1,ORIGEM,02,20260512,20260512,RJ,5813
66742144,0001,1,KM CENTRO INTEGRATIVO DE MOVIMENTO,02,20260429,20260429,BA,3849
66753284,0001,1,PILATES STUDIO E TERAPIAS LENIR COREDEIRO,02,20260508,20260508,RJ,6001
66758249,0001,1,EQUIPE MAXIMUS ASSESSORIA ESPORTIVA,02,20260513,20260513,ES,5703
66762800,0001,1,STUDIO LAGO,02,20260513,20260513,RS,8423
66765172,0001,1,JL FITNESS TRAINNING,02,20260513,20260513,MG,4625
66775232,0001,1,AP3 PERFORMANCE,02,20260513,20260513,SC,8081
66780363,0001,1,,02,20260513,20260513,SP,6601
66781649,0001,1,BIKE CLUB STUDIO,02,20260514,20260514,SC,8233
66782488,0001,1,CTM PERFORMANCE,02,20260514,20260514,SP,6511
66783657,0001,1,,02,20260514,20260514,MG,4123
66788641,0001,1,STUDIO KAROL STEFANIE,02,20260514,20260514,MG,5401
66794787,0001,1,GUSTAVO SONCIN SAUDE E QUALIDADE DE VIDA,02,20260514,20260514,SP,7107
66798980,0001,1,STUDIO RANGE,02,20260515,20260515,MG,4123
66799840,0001,1,NITROZONE ACADEMIA,02,20260515,20260515,BA,3495
66804866,0001,1,,02,20260515,20260515,MG,5091
66813129,0001,1,RJ KORPUS FIT,02,20260515,20260515,MG,4335
66522185,0001,1,ELO FITNESS,02,20260429,20260429,PR,7915
66835608,0001,1,VIVA FITNESS,02,20260518,20260518,AL,2825
66845658,0001,1,LUCAS KELVIN PERSONAL,02,20260518,20260518,SP,6477
66851175,0001,1,PG STUDIO FITNESS,02,20260519,20260519,PR,7825
66855010,0001,1,UTF LAPA,02,20260513,20260513,RJ,6001
07594978,0895,2,,02,20260519,20260519,BA,3849
66859239,0001,1,CACAU FIT PERSONAL,02,20260518,20260518,CE,1389
66859607,0001,1,,02,20260519,20260519,SP,7107
66863947,0001,1,MARLETE CARLINI TREINAMENTO PERSONALIZADO,02,20260515,20260515,SP,6175
66864243,0001,1,MARCOS AURELIO - PREPARADOR FISICO,02,20260519,20260519,ES,5705
66870686,0001,1,STUDIO STREET MOVE,02,20260515,20260515,GO,9373
64508043,0002,2,ACTION 260Y VILA LEOPOLDINA,02,20260519,20260519,SP,7107
66888378,0001,1,,02,20260520,20260520,MG,5403
58050425,0002,2,,02,20260520,20260520,SP,7107
66892961,0001,1,,02,20260520,20260520,RO,0003
66897525,0001,1,ACADEMIA ESPACO FITNESS,02,20260520,20260520,PI,9767
66900612,0001,1,FLOW FIT,02,20260520,20260520,SP,6803
66900693,0001,1,,02,20260520,20260520,PR,7607
66903764,0001,1,PRIME GYM,02,20260521,20260521,MG,0752
66907729,0001,1,BRUNO PENNA PERSONAL TRAINER,02,20260521,20260521,RJ,6001
66911229,0001,1,MARCELO VANZELER FISIOTERAPIA E REABILITACAO,02,20260521,20260521,RJ,6001
66914824,0001,1,ROGERIO SALES PERSONAL TRAINER,02,20260521,20260521,SP,7107
66915663,0001,1,,02,20260521,20260521,SP,6249
66928883,0001,1,STUDIO PILATES VENTURA,02,20260522,20260522,SP,7107
66930018,0001,1,AL PERSONAL,02,20260518,20260518,SP,7107
66934637,0001,1,ACADEMIA PRIMEFIT LTDA,02,20260522,20260522,PA,0485
66959828,0001,1,STUDIO AURA,02,20260521,20260521,RJ,5901
64098864,0002,2,ACADEMIAKM7FIT,02,20260526,20260526,PB,0480
66993402,0001,1,CACIO CACERES ESTUDIO PERSONAL,02,20260526,20260526,SC,8027
66994651,0001,1,SPOTFISIO,02,20260525,20260525,BA,3913
66996970,0001,1,ESPACO LINEAR PILATES,02,20260526,20260526,TO,9733
62565117,0004,2,ACADEMIA AD3 CRICIUMA MICHEL UNIDADE 66,02,20260526,20260526,SC,8089
67009664,0001,1,STUDIO DE TREINAMENTO BARBOSA,02,20260527,20260527,DF,9701
67015393,0001,1,ULTRA ACADEMIA,02,20260527,20260527,SP,6601
67016314,0001,1,HASHTAG ACADEMIA INDAIATUBA,02,20260526,20260526,SP,6511
67016916,0001,1,EVOLT ACADEMIA,02,20260527,20260527,RJ,0786
60949392,0021,2,,02,20260527,20260527,GO,9373
67023760,0001,1,ACADEMIA MP FITNESS,02,20260527,20260527,MG,4321
67070273,0001,1,,02,20260528,20260528,SP,7107
67080700,0001,1,STUDIO C,02,20260529,20260529,GO,9571
67083087,0001,1,FOXFITNESS ACADEMIA,02,20260530,20260530,PA,0415
67083617,0001,1,BRULL GYM,02,20260529,20260529,SP,7057
67091284,0001,1,,02,20260528,20260528,SP,7057
67093576,0001,1,TRYBO BOX CROSS,02,20260529,20260529,RS,8637
67095294,0001,1,SCOCCORESE SERVICOS,02,20260529,20260529,BA,3313
67096152,0001,1,ADRIANO CUNHA PERSONAL TRAINER,02,20260529,20260529,SC,8275
67106824,0001,1,BELLA FORMA PILATES,02,20260601,20260601,SP,7107
67108934,0001,1,2 IRMAOS ARENA,02,20260602,20260602,MA,0757
67110829,0001,1,,02,20260602,20260602,RS,8801
67116591,0001,1,STUDIO PILATES EBENEZER,02,20260602,20260602,BA,3413
67117415,0001,1,STUDIO CORPO & ALMA,02,20260602,20260602,SP,6645
67121375,0001,1,,02,20260602,20260602,RS,8801
67121463,0001,1,ACADEMIA MLM,02,20260520,20260520,RJ,5897
67130110,0001,1,ESTUDIO DE PILATES NC,02,20260526,20260526,PR,7931
67131957,0001,1,CENTRO DE TREINAMENTO BURNBOX,02,20260603,20260603,CE,1559
67135602,0001,1,GOD'S POWER GYM,02,20260603,20260603,MG,4133
42135963,0002,2,STUDIO OCEAN TREINAMENTO PERSONALIZADO,02,20260603,20260603,SC,8039
67147857,0001,1,,02,20260603,20260603,RS,8581
67164992,0001,1,UNIAO FIT,02,20260603,20260603,PI,1221
67168504,0001,1,TOP UP,02,20260604,20260604,PE,2381
67171764,0001,1,IN FITNESS ACADEMIA,02,20260601,20260601,SP,6477
12305898,0002,2,,02,20260608,20260608,ES,5623
67187635,0001,1,GEFORCE,02,20260605,20260605,PI,1067
67196812,0001,1,NO LIMITE ACADEMIA,02,20260608,20260608,PB,1949
67213568,0001,1,EVOLUX FITNESS,02,20260603,20260603,RN,1607
67214679,0001,1,AQUARIO FITNESS,02,20260608,20260608,PE,2351
67215793,0001,1,,02,20260529,20260529,SP,6619
67218674,0001,1,SHYNARA SILVEIRA TREINAMENTO,02,20260609,20260609,RS,8593
67218707,0001,1,OMEGA ACADEMIA PARQUE DAS INDUSTRIAS LTDA,02,20260605,20260605,SP,6291
67220736,0001,1,LIFEBOX,02,20260609,20260609,ES,5703
67223566,0001,1,FORJA FITNESS,02,20260608,20260608,MG,4079
67226504,0001,1,ANNE MODESTO - TREINAMENTO PERSONALIZADO,02,20260601,20260601,SP,7107
67229698,0001,1,CROS POWER,02,20260609,20260609,RJ,5869
67231429,0001,1,UONE,02,20260609,20260609,SC,8039
67235454,0001,1,PRIME FIT,02,20260606,20260606,MA,0805
67240167,0001,1,ATP + NUTRITION,02,20260610,20260610,MG,4033
07594978,0929,2,,02,20260610,20260610,SP,7107
07594978,0931,2,,02,20260610,20260610,SP,6477
07594978,0935,2,,02,20260610,20260610,RN,1761
67249447,0001,1,,02,20260602,20260602,SP,7039
67250017,0001,1,,02,20260609,20260609,RN,1687
67255057,0001,1,,02,20260609,20260609,SP,7107
67256509,0001,1,,02,20260610,20260610,AM,0203
67258305,0001,1,TAITI STUDIO,02,20260610,20260610,SP,7107
67264505,0001,1,LEONARDO OLIVEIRA PERSONAL,02,20260611,20260611,SP,7107
67276005,0001,1,ELO GYM,02,20260611,20260611,MG,4123
67292527,0001,1,GEORGIA VALVERDE STUDIO FITNESS II,02,20260612,20260612,SP,6301
67293277,0001,1,LEANDRO ARAUJO ASSESSORIA ESPORTIVA,02,20260610,20260610,MG,4863
00796410,0001,1,,02,20031004,19950828,SP,6789
04940024,0001,1,,08,20160316,20020307,SP,7107
01657766,0001,1,CAPITAL FITNESS,04,20180904,19850830,DF,9701
04958412,0001,1,ACADEMIA DINAMICA,08,20121114,20020318,MG,4797
03318162,0001,1,FLEXI ACADEMIA DE GINASTICA,04,20180913,19990803,RS,8901
01672035,0001,1,CENTRO AQUATICO,02,20051103,19961205,MG,5427
03325058,0001,1,,08,20140610,19990802,MG,4445
03326252,0001,1,,02,20031206,19990730,SP,6251
03328794,0001,1,,08,20150209,19990810,DF,9701
03332767,0001,1,,02,20010609,19990810,RS,8771
04983141,0001,1,,04,20181218,20020128,SP,6789
03342558,0001,1,FITNESS & CIA,04,20231026,19990818,AP,0605
03344745,0001,1,CORPO EM CONSTRUCAO,08,20150209,19990816,PE,2379
01695124,0001,1,,08,20040618,19970206,SP,6603
04993888,0001,1,,04,20260512,20020301,SP,6309
00069263,0001,1,NATACAO DO GOTINHAS,02,20051103,19940512,RJ,5863
04995282,0001,1,,02,20020410,20020410,SP,6291
03351480,0001,1,,08,20230512,19990811,SC,8085
03359846,0001,1,,08,20090806,19990819,SC,8175
01711411,0001,1,GYMNASIUM SPORT,02,20040828,19970129,SP,6469
03372359,0001,1,ACADEMIA ESTREITO LINE FORM,08,20081231,19990901,SC,8105
05017873,0001,1,,04,20240820,20020412,MA,0921
05017960,0001,1,STUDIO CARDIO GLIDE,02,20251112,20020416,RS,8801
05018717,0001,1,CORPO ATIVO ACADEMIA,08,20240528,20010220,AC,0139
93301489,0001,1,,08,20140725,19910204,RS,8791
05021887,0001,1,LANCE LIVRE,02,20020416,20020416,MG,4123
05023455,0001,1,,08,20081231,20020424,BA,3849
03378223,0001,1,TOP RENNER FITNNES ACADEMIA,04,20180911,19990906,CE,1389
03378951,0001,1,,08,20170504,19990823,RJ,5865
03379007,0001,1,,02,20051103,19990827,RJ,5901
05026352,0001,1,SORIANO ESTILO ACADEMIA,08,20211215,20020424,BA,3849
05027664,0001,1,,08,20240925,20020426,PR,7495
00100709,0001,1,ARNO ACADEMIA,02,20051103,19940624,RJ,6001
05029894,0001,1,SAUDE AGORA,08,20201104,20020425,BA,3849
05030715,0001,1,ESTILO FITNESS,04,20231027,20020412,PR,7535
05030814,0001,1,SUMMER ACADEMIA,08,20250407,20020506,SP,7107
03392242,0001,1,ACADEMIA DA MULHER,08,20050908,19990826,MG,5403
01740743,0001,1,,04,20220607,19961128,SP,7107
03396805,0001,1,,08,20030623,19990914,SP,7107
03400500,0001,1,PERSONAL SAUDE & CIA,08,20191122,19990909,BA,3849
93584258,0001,1,,02,20050924,19900815,RS,8749
03403236,0001,1,,02,20251218,19990920,PR,7745
05052332,0001,1,,04,20180904,20020425,SP,7145
03406405,0001,1,ACADEMIA CORPO E AGUA,08,20140410,19990917,PE,2337
05057147,0001,1,,02,20020509,20020509,RS,8749
05061241,0001,1,POINT DA MALHACAO,04,20181121,20020516,BA,3685
00131716,0001,1,,02,20051103,19940803,SC,8083
93717809,0001,1,,04,20181030,19901122,RS,8801
05066351,0001,1,CLINICA CACHOEIRA DO BOM JESUS,02,20040515,20020521,SC,8105
93719193,0001,1,,08,20080318,19901106,RS,8801
00137018,0001,1,,08,20160202,19821110,GO,9373
05077354,0001,1,,08,20240517,20020524,SP,7107
07730225,0001,1,,02,20051111,20051111,PR,7537
05083427,0001,1,MUSMUSCLE IN FORM,08,20081231,20020521,MA,0921
05088111,0001,1,,04,20181011,20020520,RJ,6001
05088730,0001,1,W. S. BY CORPORE LTDA.,08,20071128,20020604,RJ,5849
05090216,0001,1,,04,20181016,20020528,SP,7107
01791081,0001,1,,08,20240805,19970314,SP,7107
05101454,0001,1,ACADEMIA BOA FORMA,08,20021227,20020611,MG,4971
01791450,0001,1,ACADEMIA LIFE FITNESS,02,20051103,19970418,PR,7535
05107486,0001,1,FORCA TOTAL,04,20210326,20020605,SP,6563
03456930,0001,1,,04,20180918,19990917,RJ,6001
05111514,0001,1,ACADEMIA MINUETO LTDA,02,20031018,20020514,RJ,6001
05120534,0001,1,ACADEMIA FITNESS WAY,08,20130620,20020625,RS,8771
05121178,0001,1,POWER MEN,04,20180925,20020613,MA,0921
03468745,0001,1,,02,20041224,19991018,MG,4733
05125140,0001,1,,04,20210407,20020621,BA,3849
03470823,0001,1,,04,20181017,19991008,RJ,6001
05126443,0001,1,OLYMPICO ACADEMIA,08,20041214,20020624,RS,8953
00185007,0001,1,,08,20130107,19940909,SC,8179
07716309,0001,1,PERFOMAC ACADEMIA,04,20220609,20050914,PR,7667
05135623,0001,1,,02,20031018,20020415,SP,7079
03481148,0001,1,H3M- GRUPO PRESTADOR DE SERVICOS,02,20161220,19991028,PI,1037
03483756,0001,1,CORPUS ACADENY,04,20181030,19990930,RS,8773
00197049,0001,1,ESCOLA DE NATACAO PEIXINHO DO MAR,08,20210524,19940919,CE,1389
05141402,0001,1,,08,20080430,20020620,SP,7107
01827699,0001,1,ACADEMIA DA KOTA,08,20240320,19970424,MG,5023
05145282,0001,1,,08,20150209,20020701,RJ,6001
05149218,0001,1,,08,20210218,20020604,RJ,6001
05150819,0001,1,ESCOLA HAYASHI,08,20090720,20020403,SC,8379
00209951,0001,1,,01,19940829,19940829,GO,9325
94571403,0001,1,LOOK VIDEO,08,20231214,19920506,RS,8511
94586096,0001,1,SPORTS GYM ACADEMIA,02,20051103,19920911,RS,8801
03504372,0001,1,NADA MELHOR,04,20241127,19991108,MG,4123
03505398,0001,1,,08,20040318,19991116,RS,8801
01848175,0001,1,ACADEMIA IRAN,08,20121015,19860417,GO,9571
94603206,0001,1,,08,20040209,19920511,RS,8801
05166618,0001,1,VITHAL ACADEMIA,02,20041016,20020719,MS,9051
01860974,0001,1,ACADEMIA NADARTE,02,20051103,19970528,DF,9701
03520382,0001,1,ATHENAS FITNESS CENTER,08,20150209,19991122,RN,1761
03528871,0001,1,,02,20000826,19991120,SP,6495
03535647,0001,1,ACADEMIA E SEGURANCA GENTILINI,02,20210625,19991122,PR,7649
05197920,0001,1,,08,20220831,20020723,RJ,6001
05199946,0001,1,ESTACAO PILATES,02,20051103,20020313,RJ,6001
05204578,0001,1,K@2 FITNESS TECHNOLOGY,02,20190516,20020730,SP,7107
01879583,0001,1,ACADEMIA FITNESS,04,20260515,19970604,BA,3413
01881359,0001,1,NUTRA SPORT,04,20181121,19970603,AL,2785
05211703,0001,1,ACADEMIA MEGA SPORTS,08,20070625,20020724,RS,8839
01885513,0001,1,LITON,04,20210316,19970430,RJ,6001
05213589,0001,1,ACADEMIA GERKE,08,20221024,20020805,RS,8801
95068946,0001,1,,08,20240108,19930323,RS,8705
05232739,0001,1,,08,20150209,20020719,RJ,6001
03569988,0001,1,ACADEMIA MOVIMENTOS,04,20241127,19991222,PE,2491
03570076,0001,1,ACADEMIA MIGUEL LIMA FITNESS,04,20190117,19991213,BA,3597
05235582,0001,1,BAN BAN,08,20190530,20020812,DF,9701
03573622,0001,1,PROJETO CAPOEIRA CRIANCAS RAIZES,04,20190124,19991213,MG,4115
00280938,0001,1,,08,20180604,19941103,SP,7071
03576103,0001,1,,08,20020408,19991207,SC,8357
00283730,0001,1,ACADEMIA SOL DE VERAO,08,20091117,19941108,MS,9051
05244580,0001,1,,08,20160718,20020801,RJ,6001
03581538,0001,1,OFICINA DO CORPO,08,20070917,19991119,SC,8327
05247749,0001,1,OLIMPICA SPORTS,04,20190108,20020820,SP,6311
05254822,0001,1,,02,20051103,20020822,RJ,6001
05256947,0001,1,,08,20060208,20020808,SP,7097
01922211,0001,1,,04,20180911,19970619,MG,4601
03594627,0001,1,,08,20150729,20000106,SP,6425
03601228,0001,1,NATACAO TAQUARAL,08,20120724,19991207,SP,6291
05275782,0001,1,ACADEMIA HULK FITNESS,08,20210602,20020904,DF,9701
05276698,0001,1,ACADEMIA ATHLETIC,08,20150209,20020821,BA,3849
05277882,0001,1,BODY FIT,04,20260512,20020902,SP,6249
03611369,0001,1,ACADEMIA TRIATON,08,20150209,20000126,MT,9167
01938844,0001,1,GYM LIFE,02,20051103,19860623,MS,9051
05283826,0001,1,ACADEMIA CINTIA RECO TRAINING,02,20210916,20020827,SP,6205
01943912,0001,1,TEC WOCKER,04,20180911,19970630,PE,2457
00322899,0001,1,,03,20081029,19941129,MG,5155
05291880,0001,1,ACADEMIA IMPACTO,08,20170608,20020830,SP,7071
05298495,0001,1,B. DA MALHACAO,04,20231106,20020924,BA,3515
03632209,0001,1,LIFE ACADEMIA,04,20181107,20000208,RN,1761
96482724,0001,1,,04,20190108,19931004,SP,6589
03633190,0001,1,,08,20081231,20000131,SP,7107
00340835,0001,1,BOX DO XERIFE,02,20051103,19941206,SP,7107
00343362,0001,1,,08,20150209,19941206,RJ,6001
03643377,0001,1,ACADEMIA PLANET,02,20220304,20000209,SP,7107
96619788,0001,1,A VETORAZZO ESPORTES,02,20051103,19930503,SP,7097
03649366,0001,1,ACADEMIA BOA FORMA,02,20051103,20000111,MG,4371
01979155,0001,1,,08,20190401,19970715,PR,7471
03658293,0001,1,WORLD CHAMPION,02,20260521,20000214,PR,7745
96766043,0001,1,,02,20041030,19930531,BA,3515
05330904,0001,1,,08,20240304,20020923,SP,6313
00362604,0001,1,CORPO E CIA,02,20050827,19941222,BA,3849
05332797,0001,1,ACADEMIA GERACAO FUTURA,02,20240529,20020917,DF,9701
03661948,0001,1,ACADEMIA VIVAZ DANCESPORT,04,20190206,20000222,PE,2531
97015374,0001,1,SPARTACUS,04,20201022,19931007,RS,8791
05345710,0001,1,ASSOCIACAO PERFORMANCE,08,20150209,20020924,SP,7157
05348929,0001,1,,04,20181010,20021022,PR,7535
03681524,0001,1,,04,20201027,20000301,PE,2521
05357343,0001,1,,08,20150209,20021024,PE,2549
05360356,0001,1,ACADEMIA BOA FORMA,08,20160107,20021031,AM,0255
03693797,0001,1,ACADEMIA ENERGY,04,20181024,20000313,SP,7225
97291553,0001,1,COLISEU FITNESS,08,20240216,19940726,RS,8705
00400975,0001,1,MERCADINHO SAO PEDRO,04,20210303,19950123,CE,1549
05374347,0001,1,,02,20050402,20021018,SP,7107
07528313,0001,1,,08,20240806,20050729,RJ,6001
00415906,0001,1,ACADEMIA EXERFIT,02,20041224,19950126,RJ,6001
02034032,0001,1,,08,20160128,19970811,RJ,6001
00417596,0001,1,,08,20110223,19950123,SP,7107
00419271,0001,1,ACADEMIA ARTE FISICA,08,20150209,19950206,MG,4123
00419730,0001,1,,08,20100908,19950112,SP,7107
03722155,0001,1,NOVO CORPO,08,20160120,20000323,SP,6131
02038821,0001,1,START ACADEMIA,08,20170821,19970730,SP,7071
07410894,0001,1,ACADEMIA ATLETICA,02,20050526,20050526,GO,1066
03725210,0001,1,,02,20100514,20000321,RJ,5909
03734283,0001,1,,04,20180906,20000313,PR,7535
03748302,0001,1,ASSOCIACAO FITNESS ATHLETIC CLUB,04,20181026,20000410,AM,0255
00451420,0001,1,,02,20051103,19950220,MG,4625
00451665,0001,1,,02,20010225,19950217,SP,7071
03755912,0001,1,CANEDO E RODRIGUES,02,20051103,20000412,PR,7667
07473169,0001,1,ACADEMIA LIFE CLUB,08,20230223,20050706,BA,3965
03760910,0001,1,ACADEMIA MALHACAO,08,20201014,20000404,RS,8791
02099287,0001,1,ACQUALUNG SPORT,02,20221207,19970911,SC,8199
05465915,0001,1,ACADEMIA MOVIMENTO,08,20130809,20021227,MG,4673
05469214,0001,1,ACADEMIA CLUBE FITNESS,08,20210213,20021219,DF,9701
05473151,0001,1,,02,20230912,20030108,SP,6291
05475681,0001,1,ACADEMIA PRO GYM,02,20220712,20030110,MG,4647
05476407,0001,1,PERSONAL ACADEMIA,08,20150209,20030122,PB,1981
05476489,0001,1,,08,20220215,20021216,SP,7107
03808265,0001,1,ACADEMIA ESPORTE E SAUDE,08,20181219,20000329,BA,3849
02124827,0001,1,,04,20260512,19970919,RJ,6001
00952183,0002,2,,08,20160909,19970527,DF,9701
03820084,0001,1,JAGUAR TEAM ACADEMIA DE MUSCULACAO,08,20120105,20000516,AM,0255
03821551,0001,1,JOSE RICARDO CUNHA DE CASTRO,04,20210423,20000407,RN,1761
05489733,0001,1,,02,20051103,20030110,SP,7107
03830190,0001,1,KRAFT,08,20081231,20000512,SP,6361
02143552,0001,1,CLASSICA ACADEMIA,04,20220128,19970922,BA,3849
05503120,0001,1,GOTA D'AGUA,04,20190123,20030210,MG,4767
02159199,0001,1,EQUILIBRIO FITNESS E BEM ESTAR,03,20131125,19970923,MS,9051
03857468,0001,1,,08,20081231,20000530,PR,7535
03857994,0001,1,,02,20031018,20000515,PE,2569
05517639,0001,1,CORPUS WELLNESS ACADEMIA,02,20030220,20030220,PR,7495
03862747,0001,1,,02,20260518,20000607,SP,6377
05521537,0001,1,,08,20040225,20030205,MA,0921
03863692,0001,1,YANG-PERSONAL TRANNER LTDA,08,20010417,20000606,RS,8963
05523181,0001,1,ACADEMIA DYNAMIC SPORT,04,20210413,20030219,SP,7097
05525082,0001,1,,04,20180925,20030219,SP,7169
05526432,0001,1,,08,20260304,20030224,SP,7097
05528192,0001,1,HIDROFORMA,08,20180108,20030226,SE,3105
03875428,0001,1,ACADEMIA QG FITNESS CLUB,04,20181010,20000613,PR,7535
05536888,0001,1,,02,0,20030224,RJ,5877
00569393,0001,1,SOMA FITNESS PILATES,08,20150806,19950425,MT,9067
00570490,0001,1,METTA ACADEMIA & SCHAURICH DESIGN,04,20190402,19950427,RS,8877
03883043,0001,1,,08,20041118,20000615,SP,6163
05542140,0001,1,RITMOS ACADEMIA,08,20150209,20030228,ES,5703
03886283,0001,1,,04,20181024,20000529,RJ,2909
05546451,0001,1,,02,20030113,20030113,SP,7079
05549859,0001,1,STUDIO SANTA TEREZA,02,20051103,20030313,MG,4123
00580588,0001,1,ACADEMIA JCD,04,20181024,19950428,RJ,1116
03892949,0001,1,PHYSICAL SWIM,02,20050827,20000623,RJ,6001
05552894,0001,1,,02,20031018,20021226,RJ,5897
00583945,0001,1,,04,20231122,19950320,RJ,5883
00586483,0001,1,HOMEFIT SPORT NUTRITION,02,20051103,19950426,SP,6209
05577204,0001,1,,08,20180205,20030214,RS,8407
03918606,0001,1,,04,20201027,20000705,SC,8055
05584663,0001,1,ACADEMIA DAN LUCAS,02,20030331,20030331,SC,8179
05590384,0001,1,,04,20231122,20030328,SP,7097
02239530,0001,1,,04,20181130,19971106,RJ,5865
03932106,0001,1,ACADEMIA TOP LIFE,08,20150209,20000717,AP,0605
05595646,0001,1,,08,20061220,20030410,PR,5453
03940999,0001,1,O2,04,20181219,20000519,SP,7071
03941651,0001,1,ATLETIC WELLNESS,08,20101013,20000719,PR,7535
02248372,0001,1,SILHUETE SPORTS ACADEMIA,02,20051103,19971117,SP,6771
05606196,0001,1,ACADEMIA HI - FIT,08,20220708,20030423,RN,1761
05607391,0001,1,,02,20030327,20030327,SP,7169
05610269,0001,1,DEEP ACADEMIA,08,20160714,20030331,SP,6291
07431720,0001,1,ATITUDE ACADEMIA,08,20150209,20050615,AL,2785
05611101,0001,1,,08,20150209,20030124,SP,7107
05612181,0001,1,,04,20181214,20030226,SP,6415
00641073,0001,1,ACQUA TOTAL,02,20051103,19950530,RJ,5839
05622540,0001,1,,08,20070208,20030430,PR,7691
05623180,0001,1,KORPORAL ACADEMIA,08,20210712,20030424,SC,8179
03966027,0001,1,ACADEMIA RACE,02,20050827,20000801,RJ,6001
05631917,0001,1,TOP TRAINING,02,20050604,20030428,RJ,5867
05632444,0001,1,FITNESS DANCE ACADEMIA,04,20210415,20030211,SP,6551
05633905,0001,1,EDEM ACADEMIA,04,20181025,20030430,PE,2531
05639309,0001,1,,08,20211008,20030509,SP,6689
03979573,0001,1,CANTO VERDE SPORTE & LAZER,08,20030106,20000725,SP,6403
05643235,0001,1,,08,20150209,20030414,SP,7121
05643660,0001,1,,08,20180117,20030509,SP,7107
00665819,0001,1,,04,20181130,19950522,RJ,5833
02284184,0001,1,ACADEMIA CORPO E MENTE,08,20220718,19971216,DF,9701
05649382,0001,1,CORPUS ACADEMIA,02,20240809,20030227,PI,1077
05653796,0001,1,ACADEMIA PHISICAL,08,20181219,20030513,RS,8555
00684975,0001,1,NADO & CIA,08,20150209,19950705,MG,4123
02303839,0001,1,PHYSICAL CLUB E PHYSICAL,02,20000403,19971217,RJ,6001
05673758,0001,1,COMPANIA 1,08,20150209,20030529,SP,7075
05674115,0001,1,MALHACAO ACADEMIA,08,20180614,20030513,RS,8785
03672457,0002,2,ATIVIDADE FISICA INTEGRAL BIORRITIMO DE SANTOS,04,20181219,20030912,SP,7071
04015357,0001,1,CURVES,04,20180828,20000825,DF,9701
05683595,0001,1,CROSS LIFE NUTRITION TATUAPE,08,20220106,20030602,SP,7107
03757783,0002,2,ACADEMIA JARDIM CAMBURI,02,20050910,20030206,ES,5705
05686513,0001,1,ACADEMIA ENERGIA E SAUDE,02,20030609,20030609,PB,2225
05691997,0001,1,SUPERFIT,02,0,20030610,ES,5625
05693891,0001,1,SOCIAL FITNESS,02,20051103,20030606,RJ,5873
04033086,0001,1,,08,20100917,20000905,PB,2051
04039398,0001,1,,02,20051103,20000831,PR,7535
04040983,0001,1,,08,20150209,20000803,RJ,5865
00718845,0001,1,ADRENALINA,08,20020404,19950720,SP,6543
04049563,0001,1,CORPO & CIA,02,20220301,20000913,RJ,6001
04050211,0001,1,,08,20150209,20000914,PR,7535
04055860,0001,1,MAJUPA ADVENTURES,02,20000914,20000914,PR,7417
04057148,0001,1,,08,20240823,20000919,SP,7107
02353419,0001,1,GRACIE BARRA -FREDERICO PIMENTEL,08,20150209,19980102,GO,9373
00734896,0001,1,,02,20041002,19950522,MG,4733
04063573,0001,1,,08,20110301,20000921,PR,7823
02359887,0001,1,,04,20180918,19980123,RJ,5849
04533732,0002,2,FOCUS ACADEMIA,08,20110627,20020828,GO,9373
04067578,0001,1,,08,20110209,20000927,MG,4123
02363145,0001,1,,08,20230712,19980209,SC,8105
04588942,0002,2,,08,20150825,20010806,SC,8105
00744402,0001,1,GAIVOTA NATACAO,02,20021207,19950704,SP,6511
00749026,0001,1,KORPACO,02,20050903,19950809,RS,8801
04078360,0001,1,ACADEMIA DO CORPO,08,20260112,20000927,RJ,5819
04818719,0004,2,CORPO CONSCIENTE S/S LTDA,08,20111215,20041117,SP,7107
00754177,0001,1,VIAFIT CUSTOM,04,20240807,19950814,GO,9227
04082611,0001,1,,04,20180918,20000927,SP,6477
02380267,0001,1,WBR SERVICE ACADEMIA,08,20191209,19980226,GO,9459
05740489,0001,1,,04,20220608,20030618,RS,8959
04093037,0001,1,,08,20150209,20000728,RJ,5833
05749169,0001,1,APTIDAO - CENTRO DE CONDICIONAMENTO FISICO,08,20250814,20030618,RS,8801
04099238,0001,1,,08,20150729,20000921,SP,6619
04099316,0001,1,,08,20061127,20001017,RS,8869
05755352,0001,1,TOTAL FITINESS,04,20190206,20030707,RR,0301
02397589,0001,1,ACADEMIA EQUILIBRIO FITNESS,02,19981213,19980309,SP,6291
05380941,0003,2,ACADEMIA CORPUS,08,20040803,20030512,PR,7493
02401430,0001,1,SPORT LIFE,08,20200819,19980217,RS,8553
04117447,0001,1,,08,20121127,20001023,RJ,6001
04121530,0001,1,STUDIO PRICILLA OGGIONI,02,20040206,20001026,MG,5427
05775088,0001,1,OFICINA DO CORPO,08,20050414,20030616,RS,8683
05775331,0001,1,ACADEMIA ROZANA FITNESS,02,20030725,20030725,AM,0255
04125422,0001,1,FOX,08,20021121,20001018,PR,7535
02417646,0001,1,ALL FITNESS ACADEMIA,08,20101101,19980302,MG,4445
05778856,0001,1,ESPACO FEMININO,08,20160427,20030707,PR,7513
05781233,0001,1,,08,20220209,20030723,SP,7107
00797613,0001,1,ACADEMIA DE NATACAO E MUSCULACAO ACQUA SANA,04,20190226,19840508,GO,9221
05784567,0001,1,FISIO TRAINER,08,20071226,20030707,MG,4123
05788820,0001,1,,08,20150209,20030710,SP,7077
00806807,0001,1,SPAH ESPORTE E LAZER,02,20051103,19950912,SP,7107
05792868,0001,1,ACADEMIA DE GINASTICA FATUS,08,20031111,20030718,SP,6371
05798102,0001,1,,08,20160601,20030717,SP,7115
05799703,0001,1,MARQUESPORT,04,20260518,20030728,SP,7107
06986521,0002,2,ACADEMIA PROFORMA,08,20100210,20041026,CE,1355
05801797,0001,1,ACADEMIA ACQUA STYLU'S,02,20030715,20030715,SP,6375
05809237,0001,1,,08,20170307,20030731,SP,7107
07533340,0001,1,,08,20061116,20050727,MG,5343
05827325,0001,1,ATTITUDE FITNESS,08,20250228,20030812,RS,8801
05829615,0001,1,AMERICA FIT,02,20050212,20030827,MA,0921
04173157,0001,1,,08,20251213,20001120,RS,8407
04187519,0001,1,CIA DO CORPO,02,20051103,20001204,RJ,5873
05851430,0001,1,FITNESS CHAPECO ACADEMIA,02,20030828,20030828,SC,8081
05853931,0001,1,A5 ESPORTE BRASIL,08,20171204,20030826,SP,6647
05854882,0001,1,AKROI - CTL,08,20150209,20030815,SP,6553
04197759,0001,1,CECOF,04,20260515,20001204,SC,8397
05856608,0001,1,,04,20231121,20030730,SP,7071
02486559,0001,1,ACADEMIA ESPORTE FETNNE LTDA,08,20160310,19980424,RN,1761
04209612,0001,1,PERFORMANCE ACADEMIA,02,20051103,20001221,ES,5623
02497215,0001,1,TERCEIRO MILENIO,08,20150209,19980330,SP,7107
02499040,0001,1,,02,20051103,19980417,RJ,5901
05872636,0001,1,BELL ARTESANATOS,08,20201029,20030813,SP,7107
02500178,0001,1,ACADEMIA EQUILIBRIO,02,20051103,19980507,DF,9701
05883220,0001,1,,02,20030730,20030730,SP,7107
05885308,0001,1,POSTURAL TV SPORTS,02,20050806,20030910,SP,6967
05896382,0001,1,ACADEMIA LUDANPLIS,04,20181226,20030922,SP,6847
05897146,0001,1,,02,20030827,20030827,MG,4123
04236806,0001,1,ASA,08,20250605,20010116,RO,0003
07709088,0001,1,,08,20120612,20050912,SP,7107
04242727,0001,1,,08,20160718,20001127,SP,6291
00905636,0001,1,RR FITNESS,02,20051103,19951101,RS,8511
05915031,0001,1,ACADEMIA PERFORMANCE LTDA,08,20161010,20031001,SE,3157
05916170,0001,1,40 GRAUS,04,20201027,20031003,CE,1389
07819705,0001,1,,04,20210419,20060202,PE,2435
04257792,0001,1,PROTENIS ESPORTES,02,20251127,20010125,RN,1761
05925435,0001,1,,02,20031010,20031010,SP,6155
04262411,0001,1,ESPACO SAUDE,08,20120517,20010130,RJ,5925
04265160,0001,1,ACADEMY STIFF WORK LTDA.,08,20140319,20010202,MG,4123
00923812,0001,1,ACADEMIA EXERCITY,08,20150209,19951101,PA,0427
04269377,0001,1,CENTRO DE NATACAO FLIPPER,08,20020527,20010131,PR,7535
05933846,0001,1,,08,20120605,20031008,SP,7107
04269606,0001,1,JUCELIA FEITOSA ACADEMIA-,04,20181213,20010205,PA,0595
05942863,0001,1,,04,20180918,20021107,RN,1761
00932630,0001,1,ESPACO FITNESS,02,20240710,19951122,AM,0217
05946166,0001,1,ESPACO LIVRE,04,20180918,20031016,PE,2531
05956699,0001,1,FITNESS HALL,02,20050910,20031009,RS,8801
05958486,0001,1,ACADEMIA NADAR,02,20031021,20031021,RJ,5877
04293724,0001,1,,02,20050604,20010126,SP,7107
05965126,0001,1,ESCOLA DE NATACAO PINGO D AGUA,02,20031024,20031024,MG,4285
21542246,0002,2,,08,20260316,19940415,MG,4123
05965799,0001,1,,02,20031103,20031103,SP,7079
05967354,0001,1,,08,20050228,20031023,SP,7107
05969463,0001,1,CENTRAL CROSS TRAINING,02,20040911,20031014,DF,9701
05969788,0001,1,CIA DO CORPO,02,20031105,20031105,PR,7915
02582414,0001,1,,04,20260512,19980526,SP,7107
05973204,0001,1,ACADEMIA FORMULA FITNESS,08,20191101,20031030,MG,5403
05979808,0001,1,,08,20090528,20031023,RJ,5807
00965886,0001,1,ARMAZEM ACADEMIA,08,20240330,19951218,RS,8591
07826600,0001,1,ANDALUZ ACADEMIA,08,20100630,20060203,PI,1219
02597208,0001,1,,08,20101019,19980430,SP,7107
04324474,0001,1,ACADEMIA WAB,04,20210304,20010221,RS,8901
06000264,0001,1,ACADEMIA LENZI,04,20180906,20031119,SC,8105
04333137,0001,1,,04,20180918,20010314,RJ,5877
04334290,0001,1,SWIM FIT CLUB,02,20051103,20010308,RJ,6001
04339443,0001,1,HIDRO ACADEMIA,04,20190115,20010213,RJ,5883
02613394,0001,1,NEW FORM FITNESS ACADEMIA,08,20210317,19980417,SC,8045
06019583,0001,1,QUALITY FITNESS CENTER,08,20100514,20031114,SC,8105
06032485,0001,1,ACADEMIA ENERGIA,02,20031212,20031212,PR,7673
04366099,0001,1,SPRINT FITNESS,08,20190814,20010402,PE,2531
04367824,0001,1,,08,20030506,20010321,RS,8801
02644137,0001,1,,08,20180208,19980724,PR,7739
06046953,0001,1,,08,20140613,20031127,MG,4123
06048386,0001,1,BODY FACTORY,08,20150622,20031127,SP,6717
06048526,0001,1,EQUIPE CAFE JIU-JITSU,04,20180925,20031218,RJ,5805
04384615,0001,1,,08,20190612,20010417,DF,9701
02655014,0001,1,ACADEMIA FORMA FISICA,03,20110125,19980730,SE,3105
06058742,0001,1,GERACAO 2001,08,20150209,20031125,RJ,5869
04390616,0001,1,BOUTIQUE TOP FIT,08,20240611,20010328,PA,0427
01032065,0001,1,,08,20120111,19960201,GO,9373
02662977,0001,1,HIDROMANIA ACADEMIA DE NATACAO E GINASTICA,02,20051103,19980706,MG,4079
04402459,0001,1,VIDEOCOLOR,02,20051103,19821008,AM,0255
06084153,0001,1,,02,20041023,20040129,RN,1779
04413396,0001,1,,08,20081231,20010322,MG,4123
06089124,0001,1,BIO FITNESS SPORT,08,20150209,20031121,SC,8039
01057187,0001,1,JUMP ACADEMIA,08,20150209,19960117,PA,0427
06097730,0001,1,ACADEMIA IRON - WORD,04,20181219,20040119,SP,6921
04429921,0001,1,,02,20040220,20010409,MG,4051
06107822,0001,1,MASTER FITNESS,02,20041023,20040216,SC,8309
06108050,0001,1,H 2 O,04,20201022,20040205,RS,8791
06118717,0001,1,HEALTH ACESSORIA ESPORTIVA E FITNESS,08,20260514,20040226,PA,0427
06126482,0001,1,ACADEMIA GINASIUM,02,20041023,20040301,PB,2117
02714446,0001,1,,08,20170215,19980731,SP,6271
01086984,0001,1,MOVA-SE ACADEMIA,08,20231128,19960228,SP,6291
04452849,0001,1,VIDALABORAL GINASTICAS,02,20051103,20010425,RS,8841
06131662,0001,1,CIRCUITO VIDA,02,20041023,20040308,MG,4123
02718788,0001,1,MUSCULACAO CARDOZO GYM,04,20240808,19980807,RJ,6001
06134711,0001,1,MORIA AQUATICA FITNESS,04,20181016,20040225,SP,7107
06135122,0001,1,ACADEMIA MAGARCA,04,20201029,20031222,RJ,6001
55168298,0001,1,,08,20150209,19851028,SP,6789
04463362,0001,1,ACADEMIA ALTERNATIVA,04,20180918,20010525,MS,9051
04465002,0001,1,DAMAZIUS,08,20180518,20010523,SE,3105
35241819,0001,1,VIA SAUDE ACADEMIA,04,20210224,19900824,CE,1389
01110101,0001,1,ACADEMIA HIDRO SAUDE,08,20081231,19960319,MG,4865
04478964,0001,1,EQUILIBRIUM MENTE E CORPO,04,20231026,20010604,AP,0605
02741802,0001,1,E2R NATACAO,02,20051103,19980918,DF,9701
06158127,0001,1,ACADEMIA IMPACTO,02,0,20040324,SC,8057
35402379,0001,1,ONE FITNESS,08,20150824,19900824,PE,2531
02748103,0001,1,,04,20180920,19931217,SC,8319
17767146,0001,1,ACADEMIA DE CULTURA FISICA APOLLO,02,20050108,19830317,MG,4445
06635558,0001,1,ACADEMIA TOMIN,08,20190410,20040705,SP,6619
06637070,0001,1,,04,20231109,20040624,RJ,2911
02751793,0001,1,ACADEMIA CORPO E MENTE,02,20051103,19980917,BA,3429
02756360,0001,1,,04,20260514,19980910,MG,4647
04496547,0001,1,CREDITO INFINITO,02,20051103,20010607,CE,1389
07868894,0001,1,ACADEMIA PERFORMANCE,02,20060201,20060201,RN,1711
04501923,0001,1,WORLD GYM FITNESS,04,20240813,20010608,MG,4445
04503403,0001,1,FISICO & CIA - ACADEMIA DE MUSCULACAO,08,20110218,20010531,MG,4791
73471476,0001,1,,08,20150209,19931008,RS,8801
40207136,0002,2,PONTO IDEAL ACADEMIA,04,20190329,20010917,RJ,6001
55650980,0001,1,,08,20100106,19860422,SP,7107
04507722,0001,1,PERSONAL TRAIN ING ACADEMIA,08,20210120,20010411,SP,6619
04509852,0001,1,@CADEMIA BODY.COM,04,20181011,20001208,RJ,6001
07867106,0001,1,,02,20060106,20060106,PR,7477
06187242,0001,1,,08,20150209,20040305,GO,9373
73591109,0001,1,,04,20181023,19931001,SP,7107
06196552,0001,1,,02,0,20040323,SP,7107
04525083,0001,1,CARDIO VITA FITNESS,04,20240813,20010604,PA,0427
06200631,0001,1,,08,20180831,20040323,SP,7107
04528520,0001,1,FREE LIFE ACADEMIA DE GINASTICA,02,20010625,20010625,SP,7097
55869184,0001,1,EMPORIO FITNESS ACADEMIA,02,20041224,19860618,SP,6535
06202599,0001,1,,04,20181010,20040407,PR,7679
06202711,0001,1,,08,20220221,20030523,SP,7057
06204814,0001,1,,08,20250401,20040407,SP,6323
06206225,0001,1,,02,0,20040420,SP,6425
73755589,0001,1,ACADEMIA GOLDS FITNESS,02,20051103,19931123,BA,3669
06209256,0001,1,ACADEMIA JOAO CAITANO,02,0,20040330,SP,7075
06211123,0001,1,TRAINING SPORTS,02,0,20040412,SP,7107
06214874,0001,1,ACQUA FIT,02,0,20040415,GO,9373
06696381,0001,1,ACADEMIA RITMO DO CORPO,04,20181127,20040708,PR,7885
06697120,0001,1,GALATAS ACADEMIA,08,20140305,20040528,SP,7075
06697173,0001,1,SITIO ACADEMIA,02,0,20040714,RJ,6001
06218357,0001,1,ACADEMIA PRO-VIVACIDADE,04,20181024,20031105,ES,5705
04546745,0001,1,,08,20170601,20010625,RJ,0770
02798947,0001,1,,08,20040524,19981013,RJ,6001
04551154,0001,1,ACADEMIA BOA FORMA,08,20081022,20010629,PI,1153
04552693,0001,1,DEA NAVARRO STUDIO,04,20210318,20010712,SC,8105
06230831,0001,1,PLENA FORMA,08,20191122,20040423,MS,9051
04561769,0001,1,ACADEMIA IMPACTO,04,20181017,20010627,DF,9701
36286573,0001,1,PERFORMANCE ACADEMIA,08,20021230,19911016,RJ,5817
06238097,0001,1,J L R - DIMENSIONAIS FITNESS,02,0,20040503,MG,4865
06241064,0001,1,BIO SPORT ACADEMIA E SHIATSU & CIA,08,20160516,20040427,SP,7099
04568609,0001,1,,08,20150209,20010726,PR,7691
06242953,0001,1,OX FITNESS CLUB,02,0,20040506,RJ,6001
04576072,0001,1,,08,20201001,20010731,SP,6251
04578352,0001,1,ACADEMIA STILLUS SPORT & FITNESS,08,20110509,20010723,SP,6873
06253128,0001,1,ACADEMIA HOSSRI SPORT,02,0,20040325,SP,6595
36454833,0001,1,M FIT INSTITUTO FEMININO DE GINASTICA LTDA ME,04,20210319,19910415,RJ,5869
06260291,0001,1,,02,0,20040510,SP,7057
36484459,0001,1,,02,20051103,19910408,RJ,5813
04586401,0001,1,,08,20190212,20010612,BA,3849
02833625,0001,1,ACADEMIA TWISTER,02,20051103,19981106,PR,7493
74264425,0001,1,,08,20040618,19940112,SP,7107
04591916,0001,1,ACQUATICA - ESCOLA DE NATACAO E HIDROGINASTICA,08,20080206,20010813,PB,2051
06748100,0001,1,,08,20170807,20040302,RS,8963
06270000,0001,1,,02,20050305,20040519,PR,7427
74305145,0001,1,,04,20210406,19940124,SP,7075
04594871,0001,1,ACADEMIA BKS,08,20150209,20010703,DF,9701
19333392,0001,1,,04,20231027,19831229,MG,4123
04597139,0001,1,ACADEMIA TRAINING CENTER,04,20210210,20010731,GO,9445
06273549,0001,1,,08,20190618,20040331,MG,4733
06276783,0001,1,NASCENTE ESPORTES,04,20180904,20040419,SP,6401
04603417,0001,1,ACADEMIA DE KARATE - DO SCORPION,08,20150209,20010705,BA,3849
50104769,0002,2,UNIEF,02,20051103,19860624,SP,6619
01230105,0001,1,NORONHA & NORONHA,04,20190116,19960604,AC,0139
06283614,0001,1,,02,0,20040504,MG,4445
02849651,0001,1,SWIM CENTER,08,20030718,19800814,GO,9373
06285553,0001,1,ACADEMIA PLANETA SAUDE,08,20210805,20040531,MA,0921
06286075,0001,1,,04,20190111,20040413,RJ,5839
36897387,0001,1,ACADEMIA STUDIO 3,08,20220603,19920312,MT,8987
04612678,0001,1,ACADEMIA MULHER ATIVA,04,20181025,20010726,PE,2491
01236629,0001,1,,02,19980728,19860827,MS,9125
04613778,0001,1,FORT COMPANY ACADEMIA,08,20100211,20010806,SC,8047
04614167,0001,1,ACADEMIA PERFORMANCE FITNESS,08,20180426,20010815,BA,3849
04615151,0001,1,SALUS CENTRO FISICO,08,20150209,20010814,RS,8801
06296549,0001,1,,08,20210308,20040429,RS,8801
04618993,0001,1,TRANSFORMA,02,20050827,20010813,RS,8785
04619515,0001,1,,08,20240227,20010821,MG,5343
56773419,0001,1,,08,20150209,19861217,SP,6865
06298754,0001,1,ACADEMIA POWER COLLECTION,02,20210202,20040611,RO,0003
02868914,0001,1,,04,20180904,19981125,SP,7145
52448503,0003,2,,08,20230718,19891011,SP,7107
37146263,0001,1,,04,20260527,19921009,DF,9701
02875898,0001,1,ACADEMIA MUSCULO E FORCA,04,20220125,19981127,PE,2531
02876841,0001,1,ACADEMIA ENERGIA,08,20250402,19981203,PR,7535
06322318,0001,1,,08,20180710,20040507,SP,7047
01262517,0001,1,CORPO E FORMA,04,20201027,19960621,PE,2549
04643588,0001,1,SILHOUETT,08,20220131,20010806,MG,5401
06331393,0001,1,CORPUS ACADEMIA,08,20120503,20040617,MG,4961
01270910,0001,1,ACADEMIA PHISICAL E FITTNESS,04,20180911,19960626,RN,1615
01271185,0001,1,FITNESS GYM,08,20110824,19960620,SP,6969
06335026,0001,1,VIP ACADEMIA,04,20181002,20040618,GO,9221
04653548,0001,1,WELLNESS CENTER ACADEMIA,08,20150209,20010903,MG,5343
02893395,0001,1,ABGYM - ASSOC. BELVEDERE DE GYNASTICA E MUSCULACAO,04,20181026,19981119,AM,0255
04656264,0001,1,,08,20050331,20010905,SC,8089
06816531,0001,1,,02,0,20040722,SP,6875
06340383,0001,1,,08,20150209,20040524,SP,6291
06340987,0001,1,,08,20091001,20040603,RS,8771
06343516,0001,1,ACADEMIA UNARTE,08,20191128,20040611,DF,9701
04661899,0001,1,,02,20170222,20010830,RJ,6001
04662863,0001,1,PETTY ACADEMIA,04,20210408,20010829,RJ,5855
06348911,0001,1,REPRESENTACOES MEDEIROS,02,20190111,20040628,DF,9701
06350613,0001,1,KORPORE FITNESS,02,0,20040622,RS,8801
04670046,0001,1,,08,20030611,20010911,MG,4083
02909551,0001,1,PURA ENERGIA,08,20161207,19981214,SC,8089
57315418,0001,1,ACADEMIA DINAMICA,02,20051103,19870415,SP,7071
06368283,0001,1,AGUA BRASIL ACADEMIA LTDA.,02,20250820,20040702,MG,4763
06373980,0001,1,BOA FORMA ACADEMIA,08,20151005,20040702,SC,8081
02924770,0001,1,MCM ACADEMIA-MASSA CORPORAL MAGRA,08,20190911,19981204,MG,4123
37870052,0001,1,ACADEMIA ESPACO AZUL,08,20210405,19930722,GO,1066
04690940,0001,1,,08,20150324,20010926,RJ,5925
20342234,0001,1,,04,20190327,19840829,MG,4029
06862639,0001,1,ACADEMIA BIOATIVIDADE,04,20190327,20040714,SE,3105
06865062,0001,1,OLIMPHU'S ACADEMIA,02,20200512,20040603,RS,8771
02939396,0001,1,TOPFIT ACADEMIA DE GINASTICA,04,20180911,19981223,SP,6281
02941590,0001,1,R.L. MUSCULACAO E ESTETICA,08,20081231,19990120,RN,1761
01323441,0001,1,,08,20150209,19960723,DF,9701
02945982,0001,1,ARTE FISICA,02,20221011,19990121,RN,1761
06876813,0001,1,PRO FORMA ATIVIDADE FISICA,08,20190402,20040728,PR,7667
06878503,0001,1,ACADEMIA GREGA,08,20151229,20040706,PE,2513
02947715,0001,1,SD FITNESS,02,20050507,19990111,CE,1389
06880000,0001,1,CORPO & FORMA ACADEMIA,08,20050905,20040720,PR,7535
02948868,0001,1,ACADEMIA PERFORMANCE FITNESS LTDA,02,20050827,19990113,BA,3863
04715815,0001,1,,04,20190109,20011010,SP,6181
06881026,0001,1,ACADEMIA PERFORMANCE,02,20150805,20040720,DF,9701
57752537,0001,1,PROJETO SAUDE,08,20131219,19870626,SP,7107
01334829,0001,1,CAF CENTRO DE ATIVIDADES FISICAS,08,20081231,19960716,RS,8791
04726800,0001,1,ACADEMIA FISIOVITA FITNESS,04,20180828,20011016,GO,9373
06047507,0001,1,,02,20031219,20031219,SP,6639
04733468,0001,1,"ARROYO ACADEMIA, ATELIE E AFINACAO DE PIANOS",02,20051103,20011015,SP,7097
04734874,0001,1,ACADEMIA FLEX,04,20210311,20011003,RJ,6001
04745160,0001,1,ACADEMIA VIBRACAO,02,20050930,20011024,RJ,6001
76354620,0001,1,TOTAL LIFE SPORTS,02,20010526,19820803,SC,8073
06920487,0001,1,,02,0,20040720,RS,8801
06928145,0001,1,,08,20250118,20040809,PE,2491
02989488,0001,1,ACADEMIA PLANETA CORPO,02,20051103,19990218,GO,9545
01369805,0001,1,ATP CLUB,08,20190514,19960814,BA,3849
04764723,0001,1,ACADEMIA E ESTETICA STAR FITNESS,08,20130930,20011101,PR,7513
06936035,0001,1,ACADEMIA RITMO,08,20150703,20040813,DF,9701
04767466,0001,1,,08,20150209,20011031,MG,4459
01375046,0001,1,VIDATIVA,02,20051103,19960819,RS,8625
06940963,0001,1,ACADEMIA VIA CORPO,02,0,20040729,SE,3105
04770502,0001,1,WATER DANCE,04,20210319,20011120,RJ,2909
04771732,0001,1,TOP SPORT,08,20150209,20011119,PA,0411
06947716,0001,1,ESTACAO FORMA FISICA,04,20210311,20040818,RJ,6001
03018951,0001,1,YOGA CENTER,08,20050411,19990225,RJ,6001
03022778,0001,1,ESPACO FITNESS,08,20150209,19990308,BA,3515
66454471,0002,2,,08,20200730,19990222,MG,4733
66864166,0002,2,ACADEMIA CALIFORNIA IRON FITNESS,08,20170721,20000204,SP,7107
06976918,0001,1,MKM ACADEMIA,02,0,20040913,PB,2051
06980632,0001,1,DYNAMO,02,0,20040831,MG,4733
04808072,0001,1,MEGA POINT,04,20180925,20011211,GO,9473
04808327,0001,1,ACADEMIA STATUS CORPUS,08,20190222,20011121,SP,6813
04812817,0001,1,,08,20081231,20011206,RS,8713
06987352,0001,1,,02,0,20040825,RN,1759
04816984,0001,1,ACADEMIA GLOBO DE GINASTICA,04,20181018,20011130,GO,9373
06991983,0001,1,,02,0,20040817,RS,8771
58730177,0001,1,,04,20181004,19880407,SP,7107
70021548,0002,2,ACADEMIA DE ESPORTES STYLO,08,20090922,19990511,RN,1761
03043660,0001,1,,08,20220929,19990317,MG,4445
06529766,0001,1,,04,20190110,20040706,SP,6875
04825456,0001,1,,04,20181218,20011112,SP,6789
07002225,0001,1,,02,0,20040927,MG,4895
07002528,0001,1,KIAI SPORT CENTER,02,0,20040915,MG,4941
07002704,0001,1,GOLD FITNESS,03,20150126,20040804,SP,7107
04827312,0001,1,,08,20171207,20010920,SP,7107
01426039,0001,1,FISICOMENTE ACADEMIA DE GINASTICA,02,20051103,19960916,MA,0921
71866925,0002,2,,04,20190115,20000425,SP,7145
03053364,0001,1,SPRINT SPORT,08,20230828,19990322,MT,9151
07008887,0001,1,ACADEMIA VIDA E SAUDE,08,20080724,20040831,RS,8879
07010995,0001,1,,08,20140319,20040914,SP,7107
07014105,0001,1,TONUS ATLAS,04,20181207,20040929,PA,0415
04841483,0001,1,PLANETA AZUL ACADEMIA,02,20020104,20020104,MG,5207
07017822,0001,1,,08,20060201,20040831,SP,7107
40207136,0001,1,CARDOSO ACADEMIA,04,20190329,19910404,RJ,6001
77544419,0001,1,ASSOCIACAO DOS FUNCIONARIOS DA COAGEL,08,20120330,19780315,PR,7569
06555111,0001,1,,08,20191010,20040622,SP,6511
07023196,0001,1,BIO DINAMICA SAD,02,0,20040923,GO,9677
03070142,0001,1,,08,20210617,19990115,SP,6601
04848725,0001,1,,08,20080917,20020115,MG,4941
04850162,0001,1,ACADEMIA CONEXAO,02,20051103,20020110,MA,0763
59068171,0001,1,ALONGUE SE ACADEMIA DE GINASTICA,02,20050730,19880609,SP,6579
04855212,0001,1,A.Z COSMETICOS,02,20051103,20020103,RS,8619
07032911,0001,1,VIP,02,0,20041005,RS,8791
07035521,0001,1,ATIVA ACADEMIA,08,20050422,20041014,PR,7463
07036541,0001,1,ACADEMIA PHYSICUS,08,20150209,20040804,PE,2531
04861786,0001,1,,08,20150209,20020117,RJ,6001
03087042,0001,1,ATELIER DO CORPO,08,20170822,19990407,BA,3849
03088005,0001,1,ACADEMIA DE GINASTICA MALHACAO,08,20001124,19990329,RS,8497
07044264,0001,1,ACADEMIA VIA BRASILIA,08,20160601,20041018,DF,9701
59229187,0001,1,,02,20051103,19880707,SP,6565
04875842,0001,1,NEW FITNESS,08,20220321,20020128,AL,2811
04880319,0001,1,ACADEMIA ATLETICA RENIL & GRUPO DE CAPOEIRA EVOLUCAO,08,20220826,20020107,SP,6545
07061305,0001,1,,02,20040928,20040928,MG,4647
07063289,0001,1,,02,20041104,20041104,RS,8723
40767600,0001,1,QUADRAS ACADEMIA,08,20150209,19920110,RN,1761
04892344,0001,1,,08,20180705,20020201,SP,7097
07072998,0001,1,OLIMPO FITNESS,08,20160328,20041019,RN,1779
03117286,0001,1,PROFORMA,02,20051103,19990325,PE,2567
07079785,0001,1,ACADEMIA SUPERACAO,08,20121003,20041026,PR,7821
03122190,0001,1,APOLLO ACADEMIA DE MUSCULACAO,02,20210219,19990309,SP,6921
01492591,0001,1,,04,20181011,19961021,MG,4123
03124114,0001,1,ACADEMIA SPORT ARTE,04,20260515,19990422,BA,3591
07085765,0001,1,H-MACHINE,04,20181011,20041108,MG,4123
07086459,0001,1,ALTA PERFORMANCE,08,20110711,20041020,SP,6969
01499723,0001,1,SPEED COMPANY,04,20180906,19961024,SP,7107
07091479,0001,1,APT ACADEMIA,08,20131022,20041028,RS,8801
07094401,0001,1,ACADEMIA STILL FORCE,04,20181228,20041116,SP,6579
03137421,0001,1,ACADEMIA VIDATIVA,08,20080813,19990504,SC,8379
07097670,0001,1,NADARTTE ESCOLA DE NATACAO E HIDROGINASTICA,08,20060802,20041122,PR,7589
03144684,0001,1,MAGLIANE DREHER NARCIZO,02,20230107,19990510,SC,8309
01513553,0001,1,,08,20150526,19961031,MG,4733
07109269,0001,1,DINAMICA INFORMATICA,08,20120615,20041130,PR,7503
07109434,0001,1,,04,20260513,20041122,GO,9487
01515990,0001,1,,08,20150209,19961104,MG,4309
07112579,0001,1,ACADEMIA ATIVA,02,20041103,20041103,ES,5629
04939121,0001,1,,04,20240816,20020307,RS,8801
01524474,0001,1,MAXXIMA ACADEMIA CENTER,04,20220608,19961108,RN,1761
03159044,0001,1,EQUILIBRIO ACADEMIA,02,20051103,19990505,SP,6543
07121837,0001,1,,08,20150209,20041028,PR,7535
01526452,0001,1,FSPORTS ACADEMIA,08,20211025,19961031,SP,7109
07126507,0001,1,STUDIO PERSONAL TRAINNING,02,20041126,20041126,MG,5413
07128227,0001,1,BTS BODY TRAINNING STUDIO LTDA,08,20210510,20041210,PR,7535
07129078,0001,1,MAX - MUSCULACAO & FITNESS,03,20240207,20041119,SP,7145
22916993,0001,1,FISIOBORRACHA,02,20051103,19880412,PA,0427
59986844,0001,1,CORPO DIEM ANALIA,08,20220822,19900208,SP,7107
03167259,0001,1,,04,20180828,19990517,SC,8137
60034055,0001,1,,08,20220113,19890215,SP,6131
03174539,0001,1,ACADEMIA ATIVO FITNESS,04,20260514,19870619,MT,9095
23088438,0001,1,CORPORE SANO,04,20181205,19900828,AP,0605
07148104,0001,1,,02,0,20041216,PR,7495
03183850,0001,1,ACADEMIA DETROIT,08,20220919,19990527,MG,5155
41544040,0001,1,ACADEMIA ALFA,02,20240829,19920608,CE,1585
07157747,0001,1,ACADEMIA FISICO & FORMA,02,0,20041230,RN,1675
03191961,0001,1,,08,20171004,19990526,CE,1389
07164508,0001,1,I9 ACADEMIA,02,20041222,20041222,ES,5705
03199271,0001,1,CORPO E FORMA ACADEMIA,04,20190122,19990524,BA,3399
89700827,0002,2,ACADEMIA MOVIMENTO,08,20110120,20040603,RS,8881
03200231,0001,1,CENTRO ESPORTIVO E EQUILIBRIO,08,20080729,19990531,GO,9373
07169108,0001,1,BLACK WHITE,08,20260526,20040604,SP,7107
07171328,0001,1,ACADEMIA MALHACAO,08,20080826,20041214,RS,8909
07179890,0001,1,KING FITNESS ACADEMIA,08,20110114,20041220,RJ,5897
07181618,0001,1,,08,20170502,20050106,SP,6363
01573094,0001,1,,02,19991106,19961111,SP,7107
23482292,0001,1,ACADEMIA AGUIA DOURADA FITNESS,04,20260515,19880729,CE,1389
03222971,0001,1,ACADEMIA TRIBUS,02,20030118,19990618,DF,9701
07194477,0001,1,,04,20181127,20050120,PR,7885
07195438,0001,1,,04,20180920,20041227,SP,7107
01590392,0001,1,MICHELOTTO,08,20081231,19960724,SP,7107
42048033,0001,1,FATIMA ACADEMIA,02,20051103,19920818,BA,3651
03236156,0001,1,,02,20041016,19990617,CE,1355
01599188,0001,1,,02,20051103,19960521,RJ,5897
07206844,0001,1,ACADEMIA EXPRESSO SAUDE,02,20050120,20050120,SC,8081
03251007,0001,1,ATRIO ACADEMIA,08,20110901,19990629,GO,9373
01605972,0001,1,ACADEMIA CORPO ATIVO,02,20050813,19961219,SC,8133
01606843,0001,1,ACADEMIA CROSS FITNESS,08,20171009,19961227,RN,1759
23862782,0001,1,,02,20240223,19880104,MG,4123
42488270,0001,1,ESCALA TERMA ESTETICA EDUCACAO FISICA LTDA ME,08,20151110,19850812,RJ,6001
03264125,0001,1,,02,20010225,19990707,SP,7075
07222461,0001,1,ACADEMIA EM MOVIMENTO,02,20050216,20050216,ES,5629
03264993,0001,1,,02,20051103,19990702,RJ,6001
79613501,0001,1,,02,20051103,19861001,PR,7535
79663001,0001,1,,08,20160711,19861001,SC,8327
07229848,0001,1,HC FITNESS,08,20150806,20050223,CE,1389
07230083,0001,1,PERFOMANCE ACADEMIA,02,20050131,20050131,MG,4111
07233545,0001,1,"CEFES - CENTRO DE EXERCICIO FISICO, ESTETICA E SAUDE",04,20220208,20050218,SP,6597
01630321,0001,1,ACADEMIA CORPORE SANO,02,20051103,19970121,SE,3247
07512282,0001,1,,08,20080805,20050728,RS,8801
07235012,0001,1,MASTER FITNESS ACADEMIA LTDA,04,20181025,20050125,PE,2531
42855890,0001,1,EVERTON PHYSICAL CENTER,04,20240827,19920720,MG,5049
07237706,0001,1,ACADEMIA CORPO,08,20250613,20050301,RS,8801
01637611,0001,1,,04,20201023,19970114,SP,6969
07241470,0001,1,,08,20260223,20050127,MG,4733
42953661,0001,1,CONEXAO SAUDE,02,20051103,19921006,MG,5041
01650282,0001,1,ACADEMIA SPORTING DE HALTERES,04,20180904,19850801,DF,9701
07258128,0001,1,,02,0,20050304,RJ,5923
24516205,0001,1,NEW DANCE,08,20130510,19891123,RN,1857
07268426,0001,1,ATITUDE ACADEMIA,04,20190109,20050222,SP,6695
07281446,0001,1,,02,20050302,20050302,MG,4179
07282418,0001,1,,02,0,20050318,RJ,5815
07287026,0001,1,BODY SPACE,08,20150209,20050311,RJ,6001
07293546,0001,1,CENTRO DE TRATAMENTO E COMBATE A OBESIDADE.,04,20181106,20050328,MA,0921
07308118,0001,1,,02,0,20050321,SC,8367
07310439,0001,1,WELL FIT,08,20150209,20050331,SP,6131
07318105,0001,1,,04,20180928,20050401,RS,8661
62284757,0001,1,KAINAGUA,02,20051103,19900704,SP,7107
07337626,0001,1,KORPER,08,20080904,20050211,CE,1389
07338261,0001,1,MALHACAO ESPACO II ACADEMIA,08,20220608,20050331,BA,3889
07341284,0001,1,,08,20211122,20050322,SP,7107
07347608,0001,1,LUNA,02,20050426,20050426,DF,9701
07355301,0001,1,ACADEMIA FWC,04,20210309,20050429,PR,7563
25470873,0001,1,CIA DE DANCA EL MAROUNI,08,20110426,19881024,MG,5403
07367999,0001,1,,04,20260514,20050505,PR,7535
07369581,0001,1,ACADEMIA MARIO RIBEIRO,08,20170831,20050506,SE,3119
07373030,0001,1,FENIX ACADEMIA,02,20250106,20050512,MT,1080
07373395,0001,1,,08,20170117,20050513,PB,2051
07374725,0001,1,CURVES,08,20120305,20050411,MS,9051
07374872,0001,1,DOJO SYDOW DE ARTES MARCIAIS,04,20231122,20050506,SP,6261
07376552,0001,1,VITALITY ACADEMIA,04,20190322,20050429,SC,8105
07376748,0001,1,ACADEMIA IRON BROTHER,04,20181026,20050504,CE,1389
25653619,0001,1,,02,20010428,19900926,MG,5049
07377636,0001,1,,04,20181010,20050419,PR,7535
25702713,0001,1,MOVIMENTE-SE,08,20161025,19890912,MG,4123
07383463,0001,1,ACADEMIA VIVA VIDA,08,20170511,20050503,RS,8869
07388263,0001,1,,08,20150209,20050321,MG,4123
81544389,0001,1,STUDIO PILATES PERSONAL FIT,02,20050604,19890914,SC,8179
81622433,0001,1,AQUATIC CENTER,02,20051103,19900207,SC,8105
63369813,0001,1,FENELON ACADEMIA,04,20260611,19910404,CE,1389
26619536,0001,1,ADEFA,02,20041224,19900705,GO,9225
82284886,0001,1,GRUPO FALL S PROJETO INTEGRACAO CORPO E MENTE SADIA.,04,20181123,19900905,PR,7563
26714592,0001,1,PROSPORT ACADEMIA,08,20160804,19900911,GO,9373
02096423,0001,1,,02,20031115,19970812,SP,7151
46628079,0001,1,TIJA FITNESS SOCIETY,02,20051103,19810811,SP,6861
27194620,0001,1,ACADEMIA RODNEY,04,20190530,19811029,RJ,6001
08033372,0001,1,HAPPY FIT ACADEMIA DE GINASTICA,08,20180612,20060531,GO,9289
47468350,0001,1,,08,19991019,19811110,SP,7107
27636414,0001,1,ESPACO FITNESS,08,20200204,19811030,RJ,5819
27772623,0001,1,PLENA FORMA,08,20150409,19830516,RJ,5865
27853787,0001,1,BODY MOVING,08,20210127,19830111,RJ,5865
10379584,0001,1,CENTRO GINASTICO ESTETICO,04,20181026,19860218,CE,1389
10539674,0001,1,"ACADEMIA SAN""THIAGO",08,20150209,19851205,PE,2631
84945989,0001,1,ACADEMIA WORLD CHAMPION,02,20190610,19920122,PR,7745
85057420,0001,1,CHAMPAGNAT TRINNING ACADEMIA DE GINASTICA,08,20150209,19920604,PR,7535
29015237,0001,1,ACADEMIA DE GINASTICA REGAZZI,08,20040730,19850123,RJ,6001
29263720,0001,1,,02,20221209,19870227,RJ,6001
11302619,0001,1,,02,20051103,19861104,MA,0753
50045202,0001,1,,02,20050108,19780725,SP,6291
11690047,0001,1,INSTITUTO DE YOGA NEUSA VERISSIMO,08,20200512,19860923,CE,1389
11734936,0001,1,CENTRO PERNAMBUCANO DE ESTETICA MUSCULAR,02,20220111,19810729,PE,2531
07725439,0001,1,,08,20191226,20051118,SP,7183
11804614,0001,1,INSTITUTO SANITAS,02,20051103,19870617,CE,1389
30064620,0001,1,,08,20150209,19860123,RJ,5865
67052019,0001,1,MULTISPORTS,08,20181129,19911022,SP,7071
50376235,0001,1,,08,20250328,19791002,SP,7145
30181432,0001,1,GRUPO CAPOEIRA BRASIL,02,20051103,19870714,RJ,5865
67161620,0001,1,ACADEMIA FIT-CENTER,04,20210324,19920827,SP,7083
30491377,0001,1,,08,20000920,19800512,RJ,6001
50815182,0001,1,TRAINING CENTER,08,20190820,19820707,SP,7145
67515056,0001,1,LANCEBRAZIL,08,20160112,19920304,SP,6175
67669135,0001,1,,02,20051103,19920615,SP,7107
30838692,0001,1,,08,20230323,19860522,RJ,5919
12971057,0001,1,FISICO & FORMA ACADEMIA DE GINASTICA,08,20080128,19880603,AL,2785
51335354,0001,1,,08,20150209,19820917,SP,7145
31072606,0001,1,,02,20190829,19860820,RJ,5813
67989459,0001,1,,04,20181023,19920625,SP,7107
68007897,0001,1,,04,20210310,19930513,SP,6291
68008382,0001,1,HIGH FIT,08,20081231,19930429,SP,7225
51548600,0001,1,,04,20240822,19790608,SP,7107
31993348,0001,1,,08,20000229,19880629,RJ,5833
14139695,0001,1,ACTIVA ACADEMIA,04,20181213,19900514,PA,0411
68880764,0001,1,MEDLEY SPORT CENTER,02,20051103,19920922,SP,6291
68973163,0001,1,,04,20181004,19920918,SP,7107
14897136,0001,1,,08,20001002,19860703,BA,3515
69906808,0001,1,BETANIA & PASSOS,02,20051103,19930225,PE,2457
69975027,0001,1,,08,20080107,19930813,AL,2785
70145198,0001,1,ATIVA FITNESS CENTER,08,20200515,19940517,RN,1761
15170426,0001,1,MUSA EVENTOS,02,20010701,19861014,BA,3117
53293650,0001,1,,02,20051103,19840309,PR,7691
07536950,0001,1,,08,20150209,20050725,BA,3849
53379814,0001,1,COMPETITION,02,20051103,19840322,SP,7107
71025050,0001,1,ACADEMIA ESPACO A FLEX,08,20220217,19930414,GO,1066
05872347,0001,1,VITAL ACADEMIA,02,0,20030821,RS,8589
33996729,0001,1,GOLD'S GYM,04,20181107,19900510,BA,3849
34037598,0001,1,MOTRIZ CENTER ACADEMIA,08,20180904,19900611,BA,3313
16160392,0001,1,BOB ACADEMIA,02,20051103,19870618,BA,3849
54158746,0001,1,EXERCICIUS,02,20051103,19860124,SP,6425
91462507,0001,1,MOVIMENTO CENTRO DE GINASTICA,08,20150417,19870116,RS,8619
72041585,0001,1,ACADEMIA MEGA FITNESS,08,20100929,19930323,RS,8599
91633693,0001,1,ESTETIKA ACADEMIA,08,20040805,19870630,RS,8589
35057595,0001,1,CANTINA DO PASTEL,08,20210813,19900314,CE,1389
72994627,0001,1,,02,20051103,19931101,SP,7075
07433578,0001,1,WELLNESS TEAM,04,20220607,20050511,RJ,6001
07464494,0001,1,,08,20220513,20050624,SP,6425
07470429,0001,1,GAUDIUM FITNESS CENTER,04,20181011,20050624,RJ,6001
07474525,0001,1,BR 1 ACADEMIA FITNNES,08,20051228,20050706,MT,9067
07481946,0001,1,,02,20050704,20050704,RJ,6001
07482493,0001,1,HR STUDIO FITNESS,08,20080822,20050630,MG,4895
07486721,0001,1,,04,20260512,20050705,RJ,6001
07500682,0001,1,MARCGYM FITNESS,02,20050711,20050711,SP,2967
07503058,0001,1,YOGA STUDIO,02,20050706,20050706,PR,7535
07509054,0001,1,ARTHUR MULLER ESPORTES,08,20210623,20050627,PR,7535
07522298,0001,1,ACADEMIA WELLNESS,02,20050726,20050726,MA,0761
07526248,0001,1,ACADEMIA VIDA ATIVA,08,20130624,20050808,SC,8029
07538326,0001,1,PERSONAL CENTER,02,20050812,20050812,MG,5427
07538904,0001,1,GOLD FORM,08,20201221,20050808,PB,2235
07540893,0001,1,BOA FORMA ACADEMIA,04,20190322,20050809,SC,8233
07541363,0001,1,IDENTIDADE DO CORPO,08,20240627,20050812,MA,0921
07546652,0001,1,GYM SPORTS CENTER,08,20210226,20050823,MA,0921
07550573,0001,1,ACADEMIA ANATOMIA FITNESS,08,20260511,20050719,MG,4115
07550793,0001,1,CENTRO DE TREINAMENTO DE ARTES MARCIAIS KATAME DOJO,04,20260515,20050816,BA,3593
07554177,0001,1,CQV-CENTRO DE QUALIDADE DE VIDA,02,20050803,20050803,MG,4957
07564086,0001,1,CORPORE PREMIUM,02,20050729,20050729,MG,4123
07573589,0001,1,ESTACAO SAUDE,04,20180920,20050722,SP,7107
07576120,0001,1,,08,20170801,20050719,SP,7107
07583876,0001,1,,08,20150209,20050608,BA,3685
07584849,0001,1,ACADEMIA BY FITNESS,08,20060217,20050517,MG,4223
07586827,0001,1,SMARKIM GYM ACADEMIA,02,20250326,20050802,SP,7107
07593263,0001,1,,04,20220607,20050817,SP,7107
07594356,0001,1,NOVA FORMA ACADEMIA,02,20050826,20050826,BA,3849
07601075,0001,1,ACADEMIA EVOLUTION FITNESS,08,20150209,20050922,BA,3849
07608019,0001,1,HIDRO TOTAL ACADEMIA,08,20120727,20050816,DF,9701
07608625,0001,1,,02,20050921,20050921,SC,8237
07609297,0001,1,ESCULPIR,04,20181206,20050927,MG,4371
07613163,0001,1,CURVES,04,20201029,20050926,RJ,6001
07618199,0001,1,ACADEMIA DE GINASTICA JD,08,20170523,20050926,BA,3661
04940879,0001,1,CORPO & MOVIMENTO,08,20150209,20020305,SP,6573
05311157,0001,1,,04,20220609,20020822,SP,6789
56092612,0001,1,SOMMA CENTER,04,20190321,19860721,SP,7107
00421262,0001,1,ADRENALINA ACADEMIA,04,20181024,19950123,ES,5625
07147782,0002,2,ACADEMIA COUTINHO,04,20201029,20051007,BA,3849
07631964,0001,1,,02,20050914,20050914,RS,8729
03534379,0002,2,,02,20050915,20050915,RJ,5897
05511467,0001,1,,08,20040901,20030207,SP,7107
07648739,0001,1,ACADEMIA CORPUS,04,20181128,20050912,ES,0764
07649359,0001,1,ACADEMIA VITAL FITNESS,02,20050923,20050923,PR,7535
07656717,0001,1,EQUILIBRIO FITNESS,08,20070202,20051024,PE,2531
07661197,0001,1,ACADEMIA BOA FORMA,04,20180925,20051014,SE,3171
00268857,0001,1,,04,20181004,19941026,PR,7535
07670132,0001,1,,02,20051017,20051017,SP,6469
06944444,0001,1,,08,20070206,20040804,SP,7107
07680683,0001,1,ACAO LIVRE,02,20051111,20051111,AL,2785
07681334,0001,1,MISSO SPORT FITNESS,04,20181107,20051111,BA,3849
07684401,0001,1,PRO-FITNESS,08,20181130,20051110,RS,8839
07687604,0001,1,,08,20170215,20050929,SP,6155
07694705,0001,1,SKANDALLO ACADEMIA,08,20180201,20051122,GO,9933
01088447,0002,2,CORPO PERFEITO ACADEMIA,08,20251002,20050726,PI,1027
07736509,0001,1,ATIVA FITNESS CENTER,08,20190502,20051128,PA,0425
07741825,0001,1,,08,20070103,20051123,SP,7107
06056000,0001,1,ACTIVE FITNESS CLUB,08,20210225,20031224,PE,2531
07756116,0001,1,,04,20210209,20051207,ES,5703
07760001,0001,1,,02,20050928,20050928,MG,4371
07764680,0001,1,CORPUS EM MOVIMENTO,08,20110520,20051219,SP,7133
07776621,0001,1,ACADEMIA QUI SI SANA,02,20051223,20051223,RJ,5877
07783203,0001,1,ACTIVE GYM,02,20060110,20060110,SP,6259
07786590,0001,1,MANIA DE VOCE ACADEMIA,04,20190226,20060104,PA,0427
07787086,0001,1,PERFORMANCE FITNESS,08,20160914,20051006,BA,3381
07804078,0001,1,,08,20171207,20060105,SP,7107
07804898,0001,1,PHYSICUS,08,20241223,20060126,CE,1389
07166314,0001,1,PLANET FITNESS,08,20200904,20050106,SP,6219
07810451,0001,1,ACADEMIA DE GINASTICA BODY & CIA.,08,20070924,20051228,SP,7107
07812012,0001,1,ENDURANCE SPORT'S,04,20181017,20060110,DF,9701
07814832,0001,1,BEM STAR FITNESS,04,20190208,20060127,AL,2785
07816054,0001,1,CORPUS ACADEMIA,08,20070809,20060106,SP,6845
07831385,0001,1,FIT. JUNIOR,04,20180918,20060110,RJ,6001
07837406,0001,1,THE PILATES STUDIO MANAUS,08,20061122,20060215,AM,0255
07862837,0001,1,,04,20181107,20060302,BA,3849
07871135,0001,1,ACADEMUS FITNESS,08,20180528,20060216,RJ,6001
07896450,0001,1,STAY-STRONG ACADEMIA E MUSCULACAO,08,20230816,20060323,BA,3849
07898705,0001,1,COMBATH COMPANY,02,20060201,20060201,SP,7107
07904271,0001,1,ATLETICA,04,20181016,20060302,SP,7107
07460257,0001,1,ACADEMIA PEDRO GYM,04,20181016,20050610,SP,7107
07921354,0001,1,,08,20080708,20060320,SP,7107
07928143,0001,1,STUDIO THIAGO PALERMO,08,20121011,20060321,SP,7083
07929769,0001,1,ACADEMIA PLANETTA FITNESS,08,20190218,20060410,SC,8327
07938853,0001,1,INTERAGE GINASTICA LABORAL E POSTURAL,08,20110908,20060412,RS,8801
07939521,0001,1,TOP LIFE ACADEMY,02,20060417,20060417,SC,8175
07941796,0001,1,,04,20181011,20060310,MG,4123
07955221,0001,1,,02,20231123,20050802,SP,7107
07957260,0001,1,HANGAR ACADEMIA,02,20060413,20060413,RS,8599
07970955,0001,1,,08,20170511,20060428,SC,8383
07588354,0001,1,STILLOS SPORTS,08,20110401,20050830,RS,8749
07973205,0001,1,CIA DE PILATES,08,20190114,20060425,SP,6213
07976303,0001,1,ACADEMIA ZAS CORPO ATIVO,02,20060207,20060207,SP,2951
07978146,0001,1,,04,20180920,20060330,SP,7107
07985574,0001,1,SEREIA ACADEMIA DE GINASTICA LTDA ME,02,20060323,20060323,SP,6425
07993787,0001,1,,04,20181106,20060516,PA,0427
08004064,0001,1,,02,20250627,20060504,SP,6795
08004470,0001,1,ACADEMIA FORA K,08,20150209,20060511,ES,5623
08004502,0001,1,CESAF,08,20140528,20060502,SP,6619
08009735,0001,1,ACADEMIA HIPERFORMA LTDA,08,20230529,20060512,SC,8127
08015781,0001,1,,02,20060518,20060518,RS,8599
08016028,0001,1,,08,20150209,20060510,SP,7057
08020488,0001,1,BG CLIF SAUDE,02,20060518,20060518,SP,6875
08020716,0001,1,BULLS GYM,08,20060811,20060427,SP,6271
08021947,0001,1,ARENA FITNESS,08,20160929,20060518,TO,9385
08029015,0001,1,META ACADEMIA,02,20060502,20060502,PE,2629
08033013,0001,1,,08,20180103,20060404,SP,7107
08073568,0001,1,ACADEMIA MAIS,04,20181018,20060612,GO,9373
08081913,0001,1,NEWS PERFECTION ACADEMIA,04,20210226,20060412,SP,7107
08086836,0001,1,,08,20190422,20060531,SP,7107
08092729,0001,1,ACADEMIA FIT BRASIL,02,20060606,20060606,MG,5385
08107275,0001,1,ACADEMIA BOA FORMA,08,20200831,20060621,PA,0415
08109745,0001,1,R1 FITNESS,04,20201029,20060619,BA,3413
08112556,0001,1,SUI GENERIS,08,20100326,20060623,PR,7535
03725299,0001,1,SPEED CENTER,04,20180904,20000310,MG,4123
05677055,0001,1,,02,20051103,20030530,SC,8105
03945972,0001,1,ACADEMIA SCORPION'S,04,20180918,20000713,MG,5371
01608072,0001,1,,08,20250124,19961220,SP,6929
06871585,0001,1,,04,20220610,20040719,RJ,6001
05007580,0001,1,FIT SPORT,08,20171016,20020322,GO,9373
08044832,0001,1,FORMULA ACADEMIA PONTA NEGRA,02,20060602,20060602,AM,0255
05928807,0002,2,,08,20110519,20030925,MG,4123
86541174,0001,1,KORPPORE,08,20180423,19940801,MG,4267
06979036,0001,1,SHINSEI-KAN ACADEMIA,08,20250806,20040901,MG,4037
03944180,0004,2,,04,20190227,20010301,SP,7107
73713299,0001,1,DNA INDUSTRIA E COMERCIO,08,20150306,19931118,GO,9373
04686154,0001,1,,04,20210310,20010914,SP,6389
04760292,0001,1,STRETCH - FITNESS,04,20260512,20011025,SP,7107
04868736,0001,1,BIO FORMA ACADEMIA,04,20181016,20011119,SP,7107
05164705,0001,1,,02,20020716,20020716,SP,7071
02918708,0001,1,ESPACO VITAL,02,20051103,19981201,SP,7057
07462121,0001,1,BODY CLUB ACADEMIA DE ATIVIDADES FISICAS,02,0,20050607,RJ,5867
04850134,0001,1,ESTACAO FIT ACADEMIA,08,20230314,20011213,SP,6291
07541754,0001,1,ACADEMIA ARTSPORT,04,20210203,20050718,SP,6219
05296961,0001,1,VIVA ACADEMIA,08,20161003,20020923,PR,7487
02061854,0001,1,SPEED ACADEMIA,08,20210729,19970822,PB,2039
00556148,0001,1,,08,20081231,19950324,RJ,6001
02180566,0001,1,,02,20001125,19971007,SP,6323
00867609,0001,1,ARD'S PERFUMARIA E BAZAR,02,20220119,19951010,SP,7107
04238130,0001,1,ACADEMIA ANATOMICA,04,20180828,20010105,SC,8089
04588550,0001,1,ACADEMIA CORPORE / FITNESS,08,20130326,20010727,SC,8133
04623787,0001,1,,04,20220608,20010806,MT,9067
02868660,0001,1,,08,20020905,19980902,SP,7145
04820234,0001,1,,08,20090812,20011206,SC,8047
01527596,0001,1,STUDIO DE DANCA GALPAO 85,08,20000808,19961108,SP,6377
29282944,0001,1,,08,20081231,19850205,RJ,6001
07507297,0001,1,,02,20050705,20050705,RJ,6001
03248809,0001,1,BIOFIT,02,20220323,19990616,RJ,2911
04839146,0001,1,,08,20150209,20011127,MG,4123
06272630,0001,1,SINAPSE ACADEMIA,02,0,20040514,PR,7935
02375712,0001,1,,08,20050105,19980206,PR,7535
06371930,0001,1,ACADEMIA ESPACO DO CORPO,08,20191230,20040701,SE,3105
03531428,0001,1,A B FITNESS,08,20110404,19991126,RJ,5915
05079628,0001,1,S A D A S,04,20181026,20020225,CE,1389
06973428,0001,1,ATLETIC CENTER,08,20150209,20040901,PR,7583
05092951,0001,1,,04,20231027,20020607,SP,7107
07038691,0001,1,,08,20151016,20041006,SP,7107
05200871,0001,1,DYMAS CYRYLLO,02,20020724,20020724,BA,3781
03797809,0001,1,STUDIO PERSONALITE,02,20051103,20000505,AL,2825
07095572,0001,1,BRANDAO GYM,04,20181107,20041118,BA,3849
03805168,0001,1,MAXFORMA ACADEMIA,08,20071207,20000417,GO,9471
05274995,0001,1,,02,20051103,20020902,RJ,6001
07261345,0001,1,,08,20091109,20050223,SP,7107
04022432,0001,1,40 GRAUS ACADEMIA,08,20050412,20000824,MG,4123
07356375,0001,1,DOGMA ACADEMIA,08,20140820,20050408,PR,7439
04488841,0001,1,CIA & MALHACAO,04,20181106,20010607,PA,0427
01415369,0001,1,ECONOMIZE,08,20230404,19960902,CE,1421
04513484,0001,1,,04,20210317,20010613,PR,7535
05995272,0001,1,PONTO FITNESS,02,20031117,20031117,ES,5703
04571449,0001,1,ACADEMIA TRAINNING,02,20051103,20010723,SC,8179
03134008,0001,1,IDQUIRO,02,20050827,19990507,DF,9701
20438727,0001,1,,08,20081231,19840928,MG,4733
07427269,0001,1,SALESFITNESS,08,20210502,20050531,RJ,5853
22980445,0001,1,SPORTWAY,02,20051103,19881207,PA,0427
04492700,0001,1,,08,20041201,20010529,PR,7691
86388519,0001,1,,08,20150209,19940324,MG,5403
07384239,0001,1,,08,20060822,20050414,RS,8589
06013800,0001,1,ACADEMIA EVOLUTION,02,20051103,20031020,SP,6789
05316584,0001,1,ACADEMIA SUPERACAO,04,20180828,20020926,GO,9373
07442917,0001,1,ACADEMIA HARDCORE TRAINING,04,20210309,20050617,PR,7885
03624922,0001,1,,02,20240502,19991006,SP,6713
02695228,0001,1,F C S COMERCIO E REPRESENTACOES,08,20170110,19980821,RS,8771
04031452,0001,1,CLUB ACADEMIA,04,20220128,20000712,MS,9051
03822644,0001,1,AVANTE,08,20110218,20000522,MG,4123
07731876,0001,1,THE PILATES STUDIO - BRASILIA,08,20140929,20051124,DF,9701
08116439,0001,1,POWER FITNESS ACADEMIA,08,20061227,20060703,AL,2705
07322917,0001,1,ACADEMIA VIP SAUDE FITNESS,08,20190909,20050413,RN,1761
41607441,0001,1,M2 CLUB FITNESS,04,20210224,19920910,CE,1389
04940337,0001,1,,08,20070418,20020314,PR,9969
04958082,0001,1,SPRINT ACADEMIA,02,20020315,20020315,SP,7107
03322876,0001,1,,04,20240830,19990730,SP,6713
03328043,0001,1,MALHA & ACAO,08,20020411,19990708,PR,7535
04986135,0001,1,,08,20250605,20020402,SP,6291
93088680,0001,1,CENTRO AEROBICO,02,20051103,19890915,RS,8801
05022919,0001,1,FATO,04,20190111,20020424,RJ,5819
05034125,0001,1,,08,20200923,20020430,SP,6221
05055123,0001,1,,02,20050903,20020515,SP,6181
01761313,0001,1,,08,20260526,19970319,MG,4123
03471011,0001,1,AEROGYM,02,20051103,19991022,SC,8105
05130428,0001,1,ACADEMIA FISIC FORM,04,20231109,20020606,PA,0447
03486903,0001,1,ACADEMIA SPORT S LIFE,08,20041117,19991105,GO,9377
01849557,0001,1,SIMETRIA,02,20051103,19970513,SP,7107
03558050,0001,1,SPORT MOVING - PHYSICAL TRAINIG,08,20220727,19990607,SP,6291
05298267,0001,1,ANGELS ACADEMIA DE GINASTICA,04,20181204,20020912,BA,3083
05310664,0001,1,ACADEMIA REAL FITNESS CENTER,02,20031018,20020918,RJ,6001
05324866,0001,1,ACADEMIA PROF. MARCELO COSTA,08,20160902,20020919,RS,8801
05374687,0001,1,,04,20181024,19981207,RJ,5901
03725398,0001,1,ACADEMIA BONA FORMA,08,20020117,20000323,SC,8297
02057655,0001,1,,04,20181017,19970519,RJ,6001
02067523,0001,1,,04,20180925,19970829,DF,9701
03762000,0001,1,,02,20051103,20000331,SP,6707
00477057,0001,1,ACADEMIA PIQUE,08,20180912,19950310,RN,1779
05464683,0001,1,,04,20260512,20021203,ES,5623
05478423,0001,1,OFICINA DO CORPO,04,20180925,20021120,RN,1787
02135985,0001,1,,08,20260603,19970331,SP,7107
05536141,0001,1,,04,20180904,20030225,SP,7157
00599284,0001,1,CONFECCOES SILVA COSTA,08,20051017,19950508,SP,7027
05583840,0001,1,FITNESS & CIA.,08,20190507,20030404,ES,5705
02283483,0001,1,ACX ACADEMIA,08,20200727,19971216,CE,1389
05649549,0001,1,ACHILES DA SILVA JUNIOR ME,04,20201029,20030502,ES,5725
05656337,0001,1,,08,20040422,20030520,MG,4211
05668719,0001,1,,08,20240131,20030523,MG,4903
04013444,0001,1,ACADEMIA MASTER LIFE,08,20150209,20000823,MS,9051
00707286,0001,1,,02,20051103,19950713,SP,6213
05724259,0001,1,ACAO FITNESS ACADEMIA,08,20180205,20030606,SP,6427
04099178,0001,1,HARMONIA ACADEMIA,04,20220128,20001004,MS,9051
05784452,0001,1,TULIO VAZ ACADEMIA,02,20030729,20030729,GO,9361
05809509,0001,1,SPORT CENTER ACADEMIA,08,20121114,20030813,MS,9019
00834704,0001,1,CLUBE DE NATACAO PLANETA AGUA,02,20031018,19951003,MA,0961
02459325,0001,1,,04,20190124,19980330,MG,4675
05852277,0001,1,ACADEMIA VIDATIVA,08,20090707,20030731,RS,8919
04195424,0001,1,OLIMPIC POLIUM,08,20151021,20001128,MG,4003
00863075,0001,1,,08,20010309,19951018,MG,4669
05883252,0001,1,,08,20100107,20030909,SP,7183
04283162,0001,1,,02,20230414,20010214,SC,8367
05982412,0001,1,PLENITUDE PERSONAL STUDIO,04,20210224,20031104,CE,1389
05995450,0001,1,,04,20181016,20031020,SP,7107
02628898,0001,1,,02,20051103,19980701,MG,4733
04360565,0001,1,,08,20111116,20010328,MG,4123
04393022,0001,1,ACADEMIA SPORT COMPANY III,04,20180918,20010405,MG,5401
06067286,0001,1,,02,20240902,20031006,SP,6511
02668734,0001,1,ACQUA SPORTS ACADEMIA,08,20091026,19980721,SP,7167
06086542,0001,1,STADIUM GYM ACADEMIA,04,20220609,20040115,PR,7667
06092129,0001,1,,08,20181108,20031223,RJ,6001
04422399,0001,1,LABORLIFE ACADEMIA,08,20240411,20010419,SP,7145
01076420,0001,1,,08,20040107,19960301,PR,7535
06144579,0001,1,STUDIO TERESA CAMARAO,04,20231107,20040213,RJ,6001
02746426,0001,1,ACADEMIA DE NATACAO HIDROGINASTICA MUSCULACAO VIVA BEM,04,20260514,19980806,MT,9155
06637167,0001,1,,02,0,20040624,RS,8801
02786605,0001,1,RH 2 FITNESS,02,20051103,19981007,PA,0427
06211746,0001,1,X FIT ACADEMIA,08,20241127,20040329,RS,8901
06250588,0001,1,OXIGENIO ACADEMIA,02,20210121,20040510,PE,2531
02825507,0001,1,FREE WEIGHT ASSESSORIA EM FITNESS,02,20051103,19981021,SP,7107
56404999,0001,1,,04,20181228,19860917,SP,6547
02831723,0001,1,NADARTTE,08,20140124,19981103,PR,7629
04593077,0001,1,ACADEMIA PRODUCAO DO CORPO,04,20260514,20010730,MT,9033
02838130,0001,1,,08,20090629,19981112,MG,4123
01248675,0001,1,ACQUA FITNESS ACADEMIA,02,20030524,19960614,PB,2051
06305887,0001,1,FITNES WORK,08,20230616,20040602,PR,7535
37135738,0001,1,,03,20220823,19920727,DF,9701
37187002,0001,1,SB ACADEMIA,08,20170221,19960109,MS,9063
02902786,0001,1,ACADEMIA MOVIMENTO,08,20150209,19981216,PR,7535
04728637,0001,1,IRONGYM MUSCULACAO,08,20120321,20011005,MS,9051
06905885,0001,1,WEIDER ESTETICA E FITNESS,08,20190422,20040802,PR,7513
06922992,0001,1,ACADEMIA CAD CENTRO DE ATIVIDADE DESPORTIVA,02,0,20040810,MG,5273
02984853,0001,1,COMPANHIA FITNESS ACADEMIA DE GINASTICA E DANCA,08,20040707,19990210,SP,6643
02995840,0001,1,ACADEMIA PRO-FORMA,08,20081231,19990223,TO,9241
58584616,0001,1,,08,20060207,19880210,SP,7107
06539341,0001,1,,08,20110811,20040713,SC,8105
01448608,0001,1,GPA FITNESS,04,20181017,19960516,RJ,6001
07033169,0001,1,FORMATIVA FITNESS ACADEMIA,02,20240620,20040812,RS,8801
01452263,0001,1,CIRCULOS ACADEMIA - NUCLEO DE QUALIDADE DE VIDA,08,20081231,19960923,BA,3685
07045971,0001,1,,08,20100707,20041007,RJ,5925
03096418,0001,1,,04,20181214,19990219,SP,6563
40893265,0001,1,ATIVIDADE,08,20211111,19920512,PE,2531
07098878,0001,1,MOVIMENTO ACADEMIA,02,0,20041125,MT,9937
03163233,0001,1,UNIVERSO DOS ESPORTES,04,20210319,19990520,RJ,5869
01530808,0001,1,ACADEMIA SKY FITNESS,04,20210413,19961107,MG,5403
22982672,0001,1,CASA NAGATA,02,20100515,19890104,PA,0427
03215998,0001,1,,08,20081231,19990611,SP,6219
07193784,0001,1,ACADEMIA TRANSFORMA,02,20050121,20050121,SP,6323
07214309,0001,1,ACADEMIA SAUDE & CIA,08,20091130,20050210,BA,3965
03258211,0001,1,OFICINA DA SAUDE,02,20041016,19990601,SC,8047
24000085,0001,1,ATHLETICA CENTER ACADEMIA,02,20051103,19880322,MG,5401
07253530,0001,1,VERA BOTTARO,04,20181030,20050310,RS,8801
07254613,0001,1,NOIA WELLNESS CENTER,08,20170321,20050310,RS,8771
07262097,0001,1,,08,20150209,20050314,RS,8877
07310567,0001,1,ACADEMIA SAUDE,08,20160322,20050331,SC,8105
07314617,0001,1,M L DA CRUZ,04,20181107,20050329,BA,3849
62161948,0001,1,FITNESS POINTER,02,20051103,19891229,SP,6929
07355772,0001,1,ACQUA FORMA ACADEMIA,04,20210426,20050504,PB,1981
07365450,0001,1,STAFF ACADEMIA,08,20080411,20050510,AL,2785
27298892,0001,1,,08,20081231,19850529,RJ,6001
83666701,0001,1,ACADEMIA PLENA FORMA,04,20181213,19931210,PA,0535
27785203,0001,1,,04,20201029,19841207,RJ,5865
83804690,0001,1,,04,20181122,19791004,SC,8105
10704393,0001,1,PERFORMANCE ACADEMIA,02,20030802,19860602,RN,1779
10903607,0001,1,ACADEMIA JULIA,04,20181025,19860902,PE,2531
29209319,0001,1,,08,20081231,19860602,RJ,6001
86516309,0001,1,,08,20140306,19940614,MG,4957
31402803,0001,1,,04,20190115,19870429,RJ,6001
69718831,0001,1,CB FITNESS,02,20041030,19930324,CE,1389
53373288,0001,1,ACADEMIA CORPUS PERDIZES,02,20051103,19830315,SP,7107
91396432,0001,1,PRANADAR AQUA & FITNESS,02,20040710,19861120,RS,8599
72370547,0001,1,ESTETICA JANE SIMAS,08,20240418,19930623,SC,8105
16867210,0001,1,,08,20140319,19820416,MG,4123
34916205,0001,1,ACADEMIA STAR,04,20210223,19901030,PA,0475
07428185,0001,1,ACADEMIA TECHNO FITNESS,02,20050531,20050531,SP,6291
07440798,0001,1,ACADEMIA BIOSUM,04,20181016,20050614,SP,7107
07465973,0001,1,CITRUS GYM,04,20181016,20050609,SC,8105
07509616,0001,1,ABEL SPORT,08,20150209,20050713,PR,7777
07512223,0001,1,ESPACO 201 PILATES,08,20171120,20050728,RS,8801
07572000,0001,1,ESTACAO E.C.O.,08,20230804,20050817,SP,7007
07601793,0001,1,ACADEMIA WAY POINT,04,20181107,20050922,BA,3849
07636964,0001,1,,04,20260526,20051017,AL,2833
07714585,0001,1,LIBERCORPUS,08,20181001,20051104,AM,0255
07718199,0001,1,PERFIL ACADEMIA,04,20190123,20051114,MG,4111
07819086,0001,1,ACADEMIA ESPORTE FITNESS,02,20181109,20060206,CE,1389
07859923,0001,1,VENUS,04,20220610,20060216,SP,7097
08116182,0001,1,,04,20260512,20060619,CE,1593
00891877,0002,2,,08,20200928,20030811,MG,4123
54143342,0002,2,ALBATROZ,08,20051107,19990518,SP,6251
72572001,0002,2,ACADEMIA RUN WAY,02,0,20050112,DF,9701
94700267,0002,2,HABEAS CORPUS ACADEMIA,02,20051103,20000808,RS,8801
07222691,0001,1,ACADEMIA FITNESS,08,20171009,20050125,BA,3833
03959429,0001,1,ESTUDIO DE PILATES FLAVIA FRANCA,04,20180906,20000727,MG,4961
77747319,0001,1,NEW CORPORE ACADEMY,08,20250307,19880102,PR,5453
05557479,0001,1,,08,20170220,20030224,SP,6769
04714645,0001,1,,08,20180607,20010718,MG,4123
03231322,0001,1,ACADEMIA VIANA FITNESS,04,20241127,19990501,GO,9373
04778708,0001,1,ACADEMIA FORMA E BELEZA,04,20240819,20011026,CE,1231
01660280,0001,1,TOP FITNESS,08,20221226,19970206,CE,1389
04958222,0001,1,,02,20020320,20020320,RS,8801
03397596,0001,1,,08,20240612,19990908,SC,8045
03413562,0001,1,,08,20140505,19990921,SP,7107
05089638,0001,1,WMT CENTRO DE MULTI-ATIVIDADES ESPORTIVAS,04,20190226,20020529,DF,9701
05124502,0001,1,ACADEMIA MYRDANCAS,02,20051103,20020523,MG,5077
05126202,0001,1,FECHON,04,20181024,20020610,RJ,5901
00241949,0001,1,DECATHLON GYM,08,20010622,19941013,BA,3807
03706982,0001,1,,08,20180221,20000309,CE,1337
05611218,0001,1,ACADEMIA ABGYM,04,20181026,20030428,AM,0255
05677212,0001,1,ARMAZEM 1 ACADEMIA,08,20060707,20030429,BA,3685
04179212,0001,1,DASSOLER - ACADEMIA DE GINASTICA,08,20150519,20001129,PR,7535
06027108,0001,1,ACADEMIA ENERGY -SERRANO,08,20200716,20031114,SP,6361
02728465,0001,1,,08,20081231,19980908,SP,7071
01167640,0001,1,ACADEMIA ESSENCIAL,02,20001209,19960304,SC,8047
06317160,0001,1,ACADEMIA DINOSSAURUS,03,20150118,20040615,MG,4033
04659961,0001,1,PHYSICUS FITNESS,04,20220104,20010723,DF,9701
04718465,0001,1,,04,20210415,20010924,SP,6361
58114729,0001,1,,04,20201103,19871117,SP,7107
04844599,0001,1,ACADEMIA INFINITY FITNESS,04,20181030,20011228,RS,8801
01446946,0001,1,ACADEMIA CORPO E ALMA,04,20180911,19960924,PA,0535
07033303,0001,1,,08,20110331,20040929,SP,6969
07059404,0001,1,MOVING,02,20210304,20041026,CE,1389
07095428,0001,1,THE PILATES STUDIO JOAO PESSOA,08,20151103,20041112,PB,2051
03168031,0001,1,,04,20210305,19990518,SP,7107
01584142,0001,1,GYM RIO,02,20001223,19961209,RJ,6001
07333837,0001,1,,02,20050415,20050415,MG,5213
28456853,0001,1,AEROBICA,02,20020824,19850808,RJ,5877
53452983,0001,1,,04,20201103,19840417,SP,7107
07641983,0001,1,ACADEMIA MEGA FITNESS,08,20200417,20051020,MS,9787
07654242,0001,1,CLUBE ACADEMIA,02,20051004,20051004,MG,4111
30717748,0001,1,,02,20230227,19811002,RJ,6001
51249225,0001,1,,04,20180904,19800804,SP,7157
07911276,0001,1,,02,20060317,20060317,CE,1447
07997113,0001,1,ACADEMIA PHYSICAL,02,20060321,20060321,MG,4123
08056619,0001,1,,08,20201228,20060608,DF,9701
08101380,0001,1,ESPACO DO CORPO,02,20060626,20060626,SE,3159
07561027,0001,1,ALIANCA FITNESS,04,20180925,20050831,BA,3849
74397019,0001,1,,04,20210406,19940209,SP,7089
65298630,0001,1,,04,20190124,19910402,MG,4069
04787908,0001,1,VITORIA FITNESS,08,20120516,20011107,BA,3965
04020617,0001,1,RUNNING,03,20230203,20000818,PE,2531
71987085,0001,1,,08,20260207,19930831,SP,6619
06880693,0001,1,ACADEMIA FORMULA DA AGUA FITNESS CENTER,02,0,20040708,RJ,6001
03316209,0001,1,ACADEMIA NALVA GERACAO SAUDE,08,20100607,19990803,MT,9151
04975640,0001,1,,02,20040214,20020326,MG,5035
03379727,0001,1,CORPUS ACADEMIA / MAGAZINE,02,20041204,19990830,SP,6515
03473753,0001,1,,08,20010626,19991022,SP,7107
05158038,0001,1,ACADEMIA EVOLUCAO,08,20160509,20020716,SC,8105
05200963,0001,1,CORPUS VITALLI,08,20030627,20020717,PR,7857
05214331,0001,1,,08,20171114,20020725,SP,6317
03617955,0001,1,GUINESS ESPORTE LAZER,08,20150209,20000128,RN,1761
01979872,0001,1,,04,20181011,19970702,RJ,6001
01986340,0001,1,ACADEMIA PERFORMANCE,02,20051103,19970710,SP,6275
03678045,0001,1,,02,20250108,20000225,PR,7535
05390199,0001,1,ACADEMIA CORPO A CORPO,08,20071001,20021008,BA,3849
05399213,0001,1,REGIANE ACADEMIA,08,20190307,20021120,SP,6469
00445091,0001,1,HELLYART ESPACO HOLISTICO A MAGIA DE VIVER,04,20210316,19941227,RJ,6001
03752217,0001,1,ESPORTE LOCAL,08,20150209,20000404,SP,7077
02132472,0001,1,SPORTS MAZZONI,02,20031018,19970915,SP,7107
03006759,0002,2,,08,20081203,20020522,SC,8221
02392622,0001,1,ACADEMIA MOVIMENTO FITNESS,02,20051103,19980127,RJ,5867
05822588,0001,1,,02,20030731,20030731,RJ,5807
00839420,0001,1,,04,20181127,19950801,PR,7769
02497092,0001,1,,08,20020409,19980427,RJ,5869
05910869,0001,1,ALTA ENERGIA FITNESS,04,20220607,20030917,MG,4123
04263536,0001,1,ENERGIA DO CORPO,08,20200306,20010201,RJ,5865
02558407,0001,1,H & M PROMOCOES E EVENTOS ESPORTIVOS,08,20120611,19980520,MG,4957
05955706,0001,1,POWER FIT,04,20181017,20031016,DF,9701
05988553,0001,1,ACADEMIA DYNAMIC SPORT,02,20031107,20031107,SP,6471
06023331,0001,1,ACADEMIA SO FORMA,08,20080305,20031010,MG,5155
06038757,0001,1,TRIATHLON ACADEMIA,02,20031203,20031203,MG,5241
02651897,0001,1,,02,20051103,19980729,CE,1389
06058328,0001,1,ACQUA SPORTS,04,20180918,20031229,RN,1761
06076419,0001,1,VIDA AO CORPO,08,20231211,20040120,RS,8801
02696528,0001,1,AQUASPORT,08,20220208,19980826,PB,1965
04442897,0001,1,,04,20231026,20010507,MA,0921
04491326,0001,1,,02,20260520,20010530,ES,5699
06191259,0001,1,BEM ESTAR ACADEMIA,08,20080226,20040330,SP,6131
21607460,0001,1,NADO LIVRE,02,20031004,19900208,MG,5343
02821875,0001,1,ACADEMIA FORMA & SAUDE,02,20051103,19981027,CE,1411
01210989,0001,1,IMPACTO,04,20181010,19960508,SP,7107
04646439,0001,1,BEM STAR,02,20051103,20010824,RJ,5811
38033643,0001,1,ACADEMIA PERFIL,02,20090121,19930923,GO,9509
04732864,0001,1,,08,20201116,20011025,RJ,6001
06906694,0001,1,BODY'N SOUL,02,0,20040730,MG,5401
04802386,0001,1,COBRA ACADEMIA,02,20210514,20001221,MG,5023
39481320,0001,1,BEAT,08,19991223,19921223,RJ,5833
03050764,0001,1,,02,20051103,19990104,SP,6689
01489721,0001,1,ACADEMIA CANDREVA PHISICO SPORT,08,20220726,19961017,SP,6291
03134877,0001,1,ACADEMIA FISH,04,20181011,19990430,MG,4123
78271343,0001,1,,08,20150209,19840529,SC,8105
04920553,0001,1,ACADEMIA CORPO LIVRE,02,0,20020306,PB,2027
07120810,0001,1,MOVIMENT + ACAO,08,20090708,20041019,PR,7955
07138127,0001,1,EQUILIBRA,08,20210930,20041203,PB,2051
01578406,0001,1,STUDIO FITNESS,02,20051103,19961206,BA,3039
07198365,0001,1,COMPLEXO FITNESS GIANCARLO ROCHA,08,20250716,20050125,SC,8327
03256808,0001,1,ASSOCIACAO FABULU'S DE KARATE DE COMBATE,08,20081231,19990531,SP,7107
07235108,0001,1,RIO ACQUA,02,20040127,20040127,RJ,6001
07279176,0001,1,,08,20170804,20050309,PR,7563
07328435,0001,1,ATRIUM ACADEMIA,02,20050404,20050404,SP,6969
85310092,0001,1,CENTRO DE ATIVIDADE FISICA VIVA,02,20051103,19920521,SC,8379
86506748,0001,1,,02,20041016,19940525,MG,5401
87208666,0001,1,,04,20210304,19801021,RS,8599
12828000,0001,1,CRIANCA & CIA,08,20081231,19871028,AL,2785
68101880,0001,1,CENTRAL ACQUATHERM,02,20031115,19920630,SP,6477
34785832,0001,1,MYDAS PERSONAL STUDIO,04,20210303,19901005,RO,0003
07767532,0001,1,BEM ESTAR,08,20180608,20051226,RS,8839
07809218,0001,1,ACADEMIA ESPACO SAUDE,04,20180918,20060118,SP,7075
07878503,0001,1,ACADEMIA MULT SPORT,08,20160525,20060216,MG,4123
07938437,0001,1,LEANDRO & ALESSANDRO ACADEMIA E SALAO,04,20181024,20060405,RJ,5869
08103495,0001,1,,08,20160128,20060608,BA,3849
06258499,0001,1,ACADEMIA SILVIO,08,20200722,20040402,BA,3849
02299120,0001,1,ACADEMIA EQUILIBRIO MUSCULACAO SUPERVISIONADA,02,20051103,19970811,MG,4409
03828643,0001,1,,02,20051103,20000427,MG,4123
05849412,0001,1,,08,20230731,20030822,SP,7107
52807070,0001,1,,04,20210305,19830803,SP,7107
06939511,0001,1,ACADEMIA DO PAULISTAO,08,20221213,20040817,GO,9227
05689956,0001,1,ACADEMIA ELLITE GYM,02,20250527,20030509,BA,3807
05643962,0001,1,ATITUDE ACADEMIA CIENTIFICA.,02,20030508,20030508,SP,7107
03639572,0001,1,LER,02,20181228,19760217,MT,9151
07886958,0001,1,,02,20060314,20060314,MG,4637
69332674,0001,1,,08,20180710,19930115,SP,6929
03407637,0001,1,ACADEMIA ESPACO LIVRE,08,20131217,19990920,GO,9221
71431829,0001,1,STUDIO RUBINI TRAINING,08,20230703,19931224,MG,4123
07889894,0001,1,ASTRES,08,20170623,20060116,SP,7107
07161274,0001,1,OLYMPUS ACADEMIA,08,20050824,20041210,RN,1761
04437156,0001,1,,08,20080229,20010510,PE,2531
26589184,0001,1,OFICINA DO CORPO,02,20051103,19901108,MT,9095
06058281,0001,1,,02,20031125,20031125,MG,5403
04079860,0001,1,INTENSE FITNESS,04,20240808,20001002,RJ,6001
04373170,0001,1,,02,20051103,20010329,SP,7107
05310399,0001,1,RHANC FITNESS CENTER,02,0,20020925,BA,3849
05054931,0001,1,FIT WAY ACADEMIA,04,20220104,20020513,DF,9701
04882438,0001,1,,02,20051103,20011114,RN,1779
04327901,0001,1,ARENA GOL DE PLACA,02,20210914,20010306,RJ,6001
08084035,0001,1,,02,20240828,20060621,MG,4647
04992003,0001,1,CASSIO PERSONAL TRAINNER E ACADEMIA,02,20250911,20020403,AM,0255
02975939,0001,1,ACADEMIA ACQUATIV,04,20260526,19980205,AL,2785
07367482,0001,1,FORMULA SPORT CENTER,02,20050504,20050504,MG,5249
81249674,0001,1,YAMA - CENTRO DE TREINAMENTO,02,20050827,19890529,PR,7721
01658405,0001,1,,08,20100301,19970124,SP,6565
04943194,0001,1,ACQUA & MOVE ACADEMIA,02,20051103,20020206,SP,6477
03853007,0001,1,ZAP,03,20241028,20000605,BA,3313
07555363,0001,1,,08,20230127,20050829,RS,8801
55038244,0001,1,,08,20230614,19861127,SP,7057
02139601,0001,1,ACADEMIA INOVE FITNESS,02,20051103,19970924,RS,8791
02200687,0001,1,ACADEMIA REDE MESTRE,02,20051103,19971001,RS,8667
02172788,0001,1,ACADEMIA FITNES'S POINT FROM BRAZIL,02,20051103,19971003,SP,7099
53321089,0001,1,,08,20230525,19861205,SP,7099
05996987,0001,1,TREINOCOMPLETO.COM,02,20231213,20031120,RN,1761
84191139,0001,1,A R ARTIGOS ESPORTIVOS,02,20240402,19920311,PA,0427
73831273,0001,1,LOKAL,02,20031004,19931203,SP,6713
06074305,0001,1,ACADEMIA VITA FITNESS,02,20051103,20040115,GO,9373
04704799,0001,1,ACADEMIA VIDA ATIVA,02,20051103,20010928,PR,7779
05980711,0001,1,ACADEMIA ESPACO FIT,02,20250227,20031030,MG,4219
05530454,0001,1,,02,20040807,20030225,SP,6473
04860837,0001,1,APOLLO SPORT,02,20020122,20020122,SP,7097
68803162,0001,1,,02,20051103,19930302,RS,8577
08594350,0001,1,ACADEMIA TUTUBARAO,02,20050924,19820405,RN,1761
04952439,0001,1,RK SPORTS,04,20181016,20020315,SP,7107
05266460,0001,1,,04,20181221,20020828,SP,7099
96196696,0001,1,ARTSPORT ACADEMIA,08,20150209,19930202,SP,6713
05462855,0001,1,FERNANDO JACANA ATIVIDADE FISICA PERSONALIZADA LTDA,04,20181025,20021126,BA,3849
04351330,0001,1,SEDE DE SAUDE ACADEMIA,08,20061211,20010321,RJ,5925
04659813,0001,1,,02,20010910,20010910,SC,8229
03114374,0001,1,ACADEMIA MUSCLE SHAPE,04,20181004,19990427,PR,7535
07394618,0001,1,CONATUS,08,20090327,20050524,SC,8105
07401107,0001,1,ACADEMIA PERFORMANCE,08,20150209,20050519,GO,9361
33950361,0001,1,ACADEMIA PERFIL E MOVIMENTO,08,20090502,19900326,BA,3515
01128246,0001,1,ACADEMIA CORPO E FORMA,02,20031018,19960408,RS,8685
06131937,0001,1,GRAVITACAO GYM,02,20041023,20040303,PR,7957
06261893,0001,1,AREA DE TREINO JOAO IBIAPINO,04,20260526,20040514,PI,1159
07017622,0001,1,WOOD'S HEALTH LONG LIFE,02,0,20040916,SP,6619
08145174,0001,1,META FISIC - A ACADEMIA,04,20181016,20060613,SP,7107
08149300,0001,1,SHALON FITNESS,02,20060710,20060710,MA,0869
10213754,0001,1,FISIC ASSESSORIA,08,20091116,20080724,DF,9701
20220008,0001,1,BRUNO FLORENTINO CABREIRA CARDOSO,08,20151006,20140509,RS,8845
20220129,0001,1,SILVIO MARQUES ASSESSORIA ESPORTIVA,08,20161012,20140509,SP,7071
08177399,0001,1,,04,20181206,20060721,MG,5023
08178403,0001,1,A. M. ACADEMIA DE MUSCULACAO,04,20181018,20060711,MT,9167
08178767,0001,1,,04,20181122,20060726,SC,8179
06863614,0002,2,ACADEMIA PRATIQUE FITNESS,08,20091022,20060606,MG,4123
08198634,0001,1,,08,20141105,20060720,MG,4917
08204252,0001,1,WORLD FITNESS,08,20131118,20060721,PR,7535
08211995,0001,1,,08,20220302,20060804,SP,6549
08236561,0001,1,SALUTAR,08,20101207,20060801,SP,6897
08248027,0001,1,,08,20090716,20060815,SP,6181
08255522,0001,1,ASSOCIACAO GUARULHENSE DE BOXE,02,20060821,20060821,SP,6477
08270743,0001,1,,08,20210826,20060831,RS,8771
08284348,0001,1,ACADEMIA DE GINASTICA RECANTO DO CORPO,04,20181106,20060901,MA,0921
08286404,0001,1,,08,20160624,20060904,RS,8541
08289341,0001,1,SCORPIONS ACADEMIA,02,20171103,20060831,GO,9373
08289355,0001,1,FITNES CENTER,08,20090930,20060913,PR,7751
08295779,0001,1,,08,20220930,20060824,SP,7107
08304638,0001,1,PHYSICAL FITNESS,02,20060911,20060911,MG,5401
08307862,0001,1,ACADEMIA EDUARDO COSTA,04,20210422,20060901,BA,3781
08310626,0001,1,,08,20141218,20060808,RJ,5869
08313697,0001,1,ACADEMIA AZZULY,02,20060906,20060906,SP,7191
08319582,0001,1,,04,20210415,20060524,SP,7145
08321672,0001,1,ACADEMIA FORCA E GARRA,08,20260429,20060925,SC,8327
08326499,0001,1,ACADEMIA PEIXOTO,08,20211224,20060911,DF,9701
08332057,0001,1,PCE - WORLD ACADEMY,08,20150209,20060929,SP,7107
08338654,0001,1,PHISICAL ACADEMIA,08,20110906,20061006,SC,8105
08365203,0001,1,ORBITA ACADEMIA,08,20220525,20060904,BA,3897
08369544,0001,1,ACADEMIA MALHACAO,08,20160121,20061019,PB,2051
08373762,0001,1,SIMONE DOS SANTOS COSTA BIJUTERIAS - ME,04,20210226,20061006,SP,7107
08380791,0001,1,ARMAZEM SPORT FIT PRAIA DO FORTE,08,20201019,20061024,BA,3721
08389812,0001,1,',02,20061010,20061010,SP,6773
08415015,0001,1,FORMA FISICA ACADEMIA,08,20100827,20060918,PI,2245
08415144,0001,1,,08,20241021,20061103,DF,9701
08415238,0001,1,BALANCE FITNESS,04,20260512,20060830,RJ,6001
08432729,0001,1,,08,20100621,20061108,SP,6425
08445999,0001,1,ACADEMIA INVICTO,08,20111220,20061110,SP,7107
08451249,0001,1,MOMENTO SAUDE,08,20070816,20061108,ES,5623
08468856,0001,1,,02,20061121,20061121,RJ,5863
08471548,0001,1,CULTURA DO CORPO FITNESS,08,20200817,20061128,MG,4123
08496668,0001,1,CLINICA ACQUA CENTRO,02,20061128,20061128,SC,8167
08516895,0001,1,G1 FITNESS,08,20200819,20061208,RN,1761
08518844,0001,1,CORPO EM MOVIMENTO,08,20130408,20061214,PB,2175
08530246,0001,1,,08,20100909,20061215,AM,0255
08538157,0001,1,CITRUS GYM,08,20130515,20061213,PR,7667
08457497,0002,2,,04,20210323,20061122,RS,8801
08412952,0001,1,,08,20170109,20061003,MG,4865
08438658,0001,1,ACADEMIA ATIVA,08,20181031,20061108,MG,5137
08528753,0002,2,,04,20231027,20061130,SP,7107
08573976,0001,1,MOVIMENTO & SAUDE,08,20070920,20061222,SP,6511
08574605,0001,1,ACADEMIA METALICA,08,20160122,20061124,MG,5155
08598026,0001,1,ACADEMIA DE GINASTICA E MUSCULACAO KAYTO,02,20070118,20070118,GO,9361
08604031,0001,1,,02,20220831,20060726,SP,7107
08608514,0001,1,SYNERGIA,04,20210310,20070126,SP,6291
08608854,0001,1,ACADEMIA CLINICA DO CORPO,08,20101125,20061005,SP,6475
08617534,0001,1,ACADEMIA MAX FITNESS,02,20070117,20070117,CE,1373
08618979,0001,1,LABORATIVA,08,20180615,20070131,PE,2513
08628436,0001,1,APICE ACADEMIA,08,20090629,20070205,MT,9885
08651504,0001,1,HAS ATIVIDADES FISICO E EVENTOS ESPORTIVO,02,20070206,20070206,CE,1247
08651778,0001,1,,08,20170623,20061207,SP,6477
08656469,0001,1,,02,20070131,20070131,SP,6789
08662110,0001,1,OMEGA ACADEMIA,04,20181226,20070212,SP,6847
08663176,0002,2,MARCHI ACADEMIA,08,20131205,20070223,PR,7425
08668453,0001,1,,02,20070223,20070223,SC,8061
08678631,0001,1,ACADEMIA BOA FORMA,04,20260512,20070222,RJ,5885
08679249,0001,1,ADUC,04,20181219,20060824,SP,6371
08683681,0001,1,BAD BOY GYM,08,20080222,20070305,BA,3655
08692094,0001,1,ATLETICOS ACADEMIA,08,20101004,20070305,PI,1077
08692994,0001,1,POINT ALTERNATIVO,08,20130916,20061026,SP,7107
08711745,0001,1,,02,20070221,20070221,SP,7273
08713518,0001,1,DDM CONSULTORIA EM ATIVIDADES FISICAS,08,20130627,20070320,RS,8801
08727769,0001,1,CENTRO ESPORTIVO JOAO AMADEU VERLANGIERI,04,20210401,20070322,TO,9385
08735327,0001,1,,02,20070322,20070322,RS,8541
08737704,0001,1,BRUTAL GYM,08,20100825,20070223,MG,4865
08747433,0001,1,BIOFISIO,02,20070323,20070323,SP,7037
08747772,0001,1,TOP FORMA ACADEMIA,08,20180824,20070327,RS,8599
08754507,0001,1,,02,20070326,20070326,RJ,5865
08758142,0001,1,,08,20150209,20070330,MG,5253
08759640,0001,1,,02,20070409,20070409,MG,4733
08767478,0001,1,ACADEMIA BOA FORMA,02,20070328,20070328,MG,4147
08770386,0001,1,IMPACTO ASSESSORIA,04,20180920,20070409,SP,7107
08773006,0001,1,FITNESS E CIA,04,20181025,20070410,PE,2531
08785787,0001,1,ESTACIONAMENTO DO ROBBINHO,08,20250321,20070418,SP,7183
08790598,0001,1,ACADEMIA EQUILIBRIUM FITNES,08,20150407,20070424,BA,3987
08801913,0001,1,,08,20161205,20070405,RS,8801
08809319,0001,1,IN FIGTHER ACADEMIA,08,20150209,20070504,MS,9051
08812651,0001,1,DINAMICA - GESTAO EM PROGRAMAS DE QUALIDADE DE VIDA,08,20251020,20070511,MA,0218
08814589,0001,1,ACADEMIA VINNY SPORTS,08,20200218,20070329,PR,7513
08824840,0001,1,,02,20060404,20060404,SP,6715
08837532,0001,1,ACADEMIA AREA ATHLETICA,02,20070510,20070510,MG,4917
08845665,0001,1,ESPACO 2000,08,20110801,20070515,SP,7017
08852094,0001,1,ESTUDIO EM MOVIMENTO,08,20080306,20070517,ES,5623
08856907,0001,1,R3 SPORTS MUSCULACAO E TREINAMENTO AEROBIO,08,20180620,20070525,MG,4723
08858289,0001,1,MOVE IT !,08,20120508,20070430,SP,7107
08862984,0001,1,ACADEMIA PLATINUM FITNESS,02,20070604,20070604,SC,8105
08874678,0001,1,,08,20091222,20070601,MG,5035
08876185,0001,1,MULTI SPORT,02,20070403,20070403,SP,6403
08877751,0001,1,,08,20080813,20070605,PR,7667
08898364,0001,1,CEON FIGHTERS AND FITNESS,04,20190201,20070620,CE,1341
08898974,0001,1,ACADEMIA CORPO LIVRE,08,20150209,20070613,TO,9529
08903566,0001,1,BODY ENERGY,08,20161208,20070622,SC,8039
08905954,0001,1,PORTAL CENTER - INTELIGENCIA EM SAUDE,08,20210223,20070613,RS,8841
08912058,0001,1,,04,20210316,20070619,RJ,6001
07268426,0002,2,ATITUDE ACADEMIA,04,20190109,20060714,SP,6969
08601300,0001,1,,04,20210224,20070123,CE,1389
08313903,0001,1,ACADEMIA IMPACTTO DE MUSCULACAO E GINASTICA,04,20181120,20060926,PB,2051
08341680,0001,1,,08,20120626,20060927,PR,7535
08375183,0001,1,,03,20090403,20060123,SP,7071
08549885,0001,1,ACADEMIA MALHACAO NORTE,08,20241126,20060927,RS,8801
08734464,0001,1,ACADEMIA MARATTON,08,20250423,20070329,PR,7935
08761235,0001,1,CRISTAL FITNESS,08,20180522,20070403,SP,7107
08921802,0001,1,ACADEMIA UNCAO DE FERRO,04,20190227,20070620,SP,6477
08922082,0001,1,ACADEMIA KINES,08,20091208,20070627,PR,7683
08929583,0001,1,,03,20211009,20070712,EX,9707
08932627,0001,1,,04,20210226,20070629,SP,7107
08933164,0001,1,WOMAN FITNESS,02,20070625,20070625,SP,7107
08937455,0001,1,SUPERATIVA,08,20161028,20070711,SP,6377
08940463,0001,1,AGUARELA - ACADEMIA DE NATACAO E HIDROGINASTICA,08,20120416,20070702,SP,6919
08943571,0001,1,,08,20230102,20070424,SP,7071
08944939,0001,1,,08,20150304,20070717,BA,3849
08953810,0001,1,ACADEMIA BEM ESTAR,04,20220607,20070723,PE,2337
08958876,0001,1,ATLETICA ACADEMIA,02,20070724,20070724,GO,9571
08964442,0001,1,PHYSICO ACADEMIA 1,02,20070713,20070713,GO,9371
08967278,0001,1,PINK FITNESS,08,20151113,20070712,SP,7099
08968731,0001,1,PERFORMANCE FITNESS,04,20181026,20070718,CE,1389
08972111,0001,1,PERSONAL FIT STUDIO,08,20180518,20070723,RS,8801
08980061,0001,1,EXTREME ACADEMIA,08,20200521,20070803,SC,8179
08980222,0001,1,B.P.M.,08,20190416,20070727,MG,4701
08988300,0001,1,ACADEMIA QUALITY LIFE,02,20070806,20070806,SC,8075
08989331,0001,1,ATLETAS.COM,02,20070725,20070725,ES,5623
08989715,0001,1,ACADEMIA DE GINASTICA,08,20200522,20070814,DF,9701
08992773,0001,1,,04,20260512,20070807,CE,1573
08995104,0001,1,SPORT & DESIGN,08,20160627,20070815,BA,3515
09003404,0001,1,ESPACO FORMA,08,20170822,20070822,SC,8051
09004874,0001,1,HIPER ATIVO ACADEMIA,02,20070817,20070817,PB,2051
09006330,0001,1,ACADEMIA PRATIQUE,02,20070820,20070820,MG,4235
08234730,0002,2,CURVES,08,20140909,20070821,DF,9701
09012369,0001,1,EKIPE 10,08,20220201,20070828,AM,0255
09021212,0001,1,CURVES,08,20140903,20070824,DF,9701
09022128,0001,1,RIO SPORT FITNESS,02,20231127,20070705,MG,4345
09034843,0001,1,SOLUTION FITNESS,08,20201002,20070829,PE,2531
09043412,0001,1,LABORAL COMPANY,04,20181016,20070801,SP,7107
09043441,0001,1,,08,20180223,20070817,SP,7107
09045728,0001,1,ZEUS ACADEMIA,08,20140228,20070910,AL,2785
09047156,0001,1,,08,20220216,20070827,SP,6301
09055046,0001,1,TECTI,04,20210426,20070715,BA,3313
09063687,0001,1,,08,20090525,20070725,PR,7535
09069280,0001,1,STUDIO DANCA & CIA,04,20260514,20070905,PA,0447
09072960,0001,1,RICARDO DA SILVA CARDOSO,02,20070830,20070830,PR,7885
09076947,0001,1,VITAWORK EXCELENCIA EM QUALIDADE DE VIDA,08,20081015,20070914,SP,6209
09077683,0001,1,PERFORMANCE ACADEMIA,04,20231109,20070911,CE,1593
09079430,0001,1,,04,20260514,20070817,PR,7535
09081999,0001,1,OLIVEIRA E ANDRADE,08,20210304,20070829,BA,3849
14716332,0001,1,ACADEMIA DO CEPE,08,20151221,20111111,ES,5697
09100524,0001,1,ATHOS MUSCULACAO E FITNESS,04,20181211,20070927,MT,9191
09102192,0001,1,ACADEMIA ANA SANTOS,08,20200715,20070921,RJ,0782
20229616,0001,1,,02,20240814,20140505,PI,1219
09106783,0001,1,BODY MOVING,08,20170811,20070927,RJ,5865
09109614,0001,1,ACADEMIA OLYMPIA,08,20100909,20071002,RS,8771
09109970,0001,1,,08,20150409,20071002,RS,8915
09120461,0001,1,ZEUS GYM,04,20210311,20071002,RJ,6001
09130465,0001,1,PRO CORPO ACADEMIA,02,20071010,20071010,GO,9681
09133533,0001,1,SCELTA ACADEMIA,02,20070903,20070903,SP,7107
09136515,0001,1,S3 FIT,02,20070730,20070730,SP,7151
09143177,0001,1,ESTACAO PILATES ALANA BRITO,08,20091127,20071022,CE,1389
09143289,0001,1,PRO VIVER,08,20080819,20071017,RS,8801
09146646,0001,1,MGR - ACADEMIA DE FITNESS,08,20170926,20071002,RS,8683
09146719,0001,1,"SPORT CENTER, ACADEMIA E SERVICOS",08,20150902,20071016,RN,1603
09159707,0001,1,ACADEMIA LEANDRO FRANCA,04,20181207,20071030,PE,2457
09160099,0001,1,CORPUS ACADEMIA,08,20180424,20071019,SP,6155
09162770,0001,1,TOTAL FORCA,04,20210209,20071026,ES,5699
09166814,0001,1,,02,20070921,20070921,RN,1761
20231490,0001,1,ACADEMIA FISICO CARIOCA,04,20260518,20140512,RJ,6001
09175331,0001,1,ACADEMIA DO LUCAS,02,20071030,20071030,ES,5647
09180705,0001,1,,04,20210323,20071008,SC,8357
09182352,0001,1,,08,20250912,20071026,SP,7243
20232029,0001,1,,02,20140512,20140512,MG,5041
09186009,0001,1,ACADEMIA ESPACO DO CORPO,08,20220610,20071010,SP,6713
08276561,0001,1,,08,20260203,20060815,SP,6953
09192726,0001,1,ULTRA ACADEMIA MARATAIZES,02,20071018,20071018,ES,0760
09195577,0001,1,PAULO FERNANDO MELO DE LIMA,08,20240605,20071101,RS,8841
09198440,0001,1,VIBRACAO EVENTOS ESPORTIVOS,02,20071026,20071026,SP,7225
09200455,0001,1,VIDA ATIVA,08,20141121,20071116,SP,6891
09208892,0001,1,ACADEMIA MAROMBA,02,20071015,20071015,BA,3993
20496917,0001,1,,04,20210226,20140625,SP,7107
09218690,0001,1,,02,20071019,20071019,SP,7107
09219188,0001,1,TOP FIT ACADEMIA,02,20241212,20071122,PA,0593
09225983,0001,1,CROSSFIT ITU,08,20200210,20071126,SP,6579
09192126,0002,2,AMY SAUDE INTEGRAL / ACADEMIA CORPOREUM,04,20241127,20071105,MG,4613
09234680,0001,1,G3 ACADEMIA,08,20100430,20071130,PR,7927
09235061,0001,1,ACADEMIA PERFORMANCE,08,20181211,20071203,BA,3661
09244537,0001,1,,02,20071206,20071206,PR,7927
09251247,0001,1,BIO FITNESS,02,20071207,20071207,SC,8057
09251725,0001,1,BODY NATURE,08,20171018,20071127,RS,8801
09252376,0001,1,ESPACO G Y M,02,20071206,20071206,SE,3105
09255071,0001,1,BALNEARIO SANTA BARBARA,04,20190131,20071213,PB,1937
09257655,0001,1,ACADEMIA MEGA FITNESS,08,20130712,20071121,RJ,5897
09260678,0001,1,ATP 3,08,20170919,20071105,BA,3849
09268156,0001,1,TOP HEALTH & FITNESS,08,20180126,20071213,PA,0411
09274027,0001,1,STUDIO VIP,02,20071004,20071004,PR,7535
09278384,0001,1,,02,20071211,20071211,RS,8815
09280366,0001,1,ESPACO JERA,08,20100920,20071029,SP,7099
20235166,0001,1,MITOKONDRIA ESPORTES E RECREACAO,02,20211015,20140513,RJ,6001
07173045,0002,2,ESPACO FORMA ACADEMIA,08,20170830,20071217,AL,2785
08972941,0001,1,BIO GYM FITNESS CLUB,02,20070727,20070727,SC,8047
09065260,0001,1,FITMAX,08,20160429,20070827,MS,9051
09289107,0001,1,,04,20181129,20071218,RS,8419
09298096,0001,1,TOP FITNESS ACADEMIA,04,20201027,20080111,AL,2785
09299420,0001,1,ACADEMIA ARTE VIDA,04,20260513,20071227,GO,9373
09299978,0001,1,IN FORMA ACADEMIA,02,20080114,20080114,MT,9067
08895317,0001,1,C3 ACADEMIA,04,20181107,20060711,BA,3849
09306006,0001,1,ACTUAL GYM,08,20200821,20080104,RJ,2921
09306280,0001,1,PHYSICAL ACADEMIA,02,20071206,20071206,AC,0139
20236263,0001,1,ACADEMIA WORLD FITNESS,02,20140513,20140513,GO,9491
09314231,0001,1,ALVO SPORTS,08,20090923,20080116,SP,6105
09314615,0001,1,GERACAO SAUDE,04,20210419,20080117,MG,5107
09315030,0001,1,MAR FITNESS,08,20181030,20071217,SP,6311
09316089,0001,1,HBJ PRODUCOES,04,20181026,20080123,AM,0255
09319135,0001,1,CORPO EM ACAO,04,20181207,20080124,PE,2457
09320799,0001,1,MOTIVACAO ESPORTES FITNESS,02,20080125,20080125,AL,2785
09323561,0001,1,ESCOLA DE YOGATERAPIA,04,20260513,20080102,RS,8791
09155999,0001,1,,08,20090106,20071026,RS,8651
09324432,0001,1,HIDRO ESTETICA,04,20181207,20070924,PA,0054
09330170,0001,1,ACADEMIA BODY CHAMPION,02,20080128,20080128,PR,7689
09333348,0001,1,ACADEMIA SAUDE EM MOVIMENTO,02,20080122,20080122,MG,5341
09333905,0001,1,,04,20260518,20080116,SP,7107
09338855,0001,1,OMKARANANDA,08,20100121,20080107,SP,7107
09339069,0001,1,ACADEMIA POWER LIFE,02,20080123,20080123,RS,8779
09341154,0001,1,NAMASTE - YOGA CLASSICO,08,20200727,20071207,MS,9051
09345461,0001,1,ACADEMIA BOA FORMA,02,20080109,20080109,RS,8881
09346868,0001,1,,02,20071207,20071207,SP,7107
09352103,0001,1,,08,20090414,20080117,RS,8589
09354902,0001,1,,04,20201029,20080201,MG,4123
04419649,0002,2,,02,20071210,20071210,SP,7107
09362503,0001,1,,08,20100811,20080208,SP,6251
09363900,0001,1,LIFE LABOR,08,20160602,20080124,SP,7057
09374866,0001,1,CORPUS ACADEMIA,08,20190917,20080125,CE,1389
09379158,0001,1,EQUIPE DE JUDO PINHEIRO,02,20080219,20080219,RJ,5869
09386082,0001,1,,04,20210305,20080214,SP,7107
09388852,0001,1,,04,20260514,20080219,MG,4107
20238900,0001,1,ROCHA FREIRE,02,20140513,20140513,RJ,1116
09391403,0001,1,ACADEMIA BOA FORMA,04,20210309,20080226,PR,5485
09393172,0001,1,,08,20080625,20080222,SP,6401
09399082,0001,1,ACADEMIA COLINA,02,20080221,20080221,RJ,5925
09399587,0001,1,,08,20110323,20080214,RS,8801
09400754,0001,1,SLIM FIT,08,20090819,20080130,SP,7107
09407441,0001,1,,08,20091106,20080227,SP,7099
09422260,0001,1,,08,20130723,20080312,MG,4865
09438770,0001,1,OIKOS,08,20220712,20080307,ES,5705
09440040,0001,1,,02,20080303,20080303,ES,5709
09441146,0001,1,SUBLIME ACADEMIA,02,20080318,20080318,RS,8839
09441898,0001,1,ACADEMIA SAUDE & FORMA,04,20181228,20080320,SP,6861
09450173,0001,1,IRON BOX,04,20231027,20080328,RJ,6001
09457327,0001,1,ACADEMIA TECNO FITNESS,08,20180427,20080402,CE,1389
09457787,0001,1,FORMA CORPUS,02,20080318,20080318,SP,7107
09467115,0001,1,ACADEMIA FORMA & ACAO,04,20181025,20080404,PE,2531
20241578,0001,1,EXPRESS FITNESS STUDIO,08,20141213,20140513,MG,4123
09484629,0001,1,ACADEMIA PENTACULO,08,20090520,20080403,PB,1981
09494583,0001,1,FITNESS CLIM,08,20141110,20080327,GO,9541
09498433,0001,1,QUARK SAUDE E PERFORMANCE ESPORTIVA,02,20080311,20080311,SP,7107
20242504,0001,1,STUDIO PERSONAL LEILA GOUVEIA,04,20210212,20140513,GO,9753
09511349,0001,1,MULTITERAPIAS - GINASTICA LABORAL E MASSOTERAPIA,04,20231110,20080425,GO,9673
00072154,0002,2,ACADEMIA METAFISIO,08,20120404,20080425,MA,0921
09512632,0001,1,REAL PILATES,08,20220303,20080404,DF,9701
09516043,0001,1,CHIBAS GYM,08,20260303,20080407,SC,8183
09519595,0001,1,,08,20141110,20080407,RS,8541
09520526,0001,1,CAT A MARE,02,20080418,20080418,MG,4111
09528453,0001,1,JN ITERCOMERCIAL,04,20260513,20080428,MA,0921
08802181,0001,1,ACADEMIA BELLA FORMA,04,20181213,20070425,PA,0433
09534845,0001,1,ACADEMIA DE MUSCULACAO PUNHO DE ACO,04,20210426,20080422,BA,3875
09535669,0001,1,ACADEMIA PRO CORPO,08,20190712,20080430,MG,5343
09539434,0001,1,TRIATHOLON ACADEMIA,04,20260512,20080422,CE,1251
09541600,0001,1,DAKA ACADEMIA,02,20250220,20080502,AP,0615
09541752,0001,1,ACADEMIA NATIVA,04,20210406,20080428,SP,6251
09545243,0001,1,J.C.G ADMINISTRACAO DE ARBITRAGEM DE FUTEBOL,04,20260514,20080424,PR,7769
09550233,0001,1,ACADEMIA MANCHA,04,20240807,20080506,DF,9701
08675088,0001,1,BOMBONIERE SANTO COSME E DAMIAO,08,20220516,20070228,CE,1439
08586110,0001,1,ACADEMIA SPORT SAUDE,04,20210212,20070109,GO,9227
09563075,0001,1,ACADEMIA FORMA FISICA,04,20190301,20080514,SP,6927
09564098,0001,1,S1 ACADEMIA,02,20080512,20080512,SP,6291
12112729,0002,2,,08,20240404,20140627,CE,1439
09567060,0001,1,+ PERSONAL,08,20101214,20080521,RS,8801
09574397,0001,1,,08,20240920,20080515,SC,8267
09580745,0001,1,VIDA ATIVA ACADEMIA,08,20210929,20080528,MS,9051
05054931,0004,2,FIT WAY ACADEMIA,08,20130920,20080527,DF,9701
09584415,0001,1,ACADEMIA BIG BABY GYM,02,20220315,20080317,MG,5091
08242403,0002,2,GYM SPORT CENTER,08,20090216,20080529,MA,0921
09588276,0001,1,CENTRO DE TREINAMENTO EQUILIBRIUM,08,20090310,20080528,RS,8619
09591291,0001,1,ACADEMIA TAMOIO,08,20160701,20080326,SP,7107
09591882,0001,1,,02,20080415,20080415,PR,7535
09592837,0001,1,ACADEMIA COLISEU TEAM,08,20180615,20080310,SP,7075
09596903,0001,1,,08,20201027,20080528,MG,4865
09597630,0001,1,ACADEMIA FORCA FISICA,02,20080523,20080523,SE,3105
09599140,0001,1,,08,20140829,20080424,SP,7077
09606934,0001,1,,08,20180116,20080429,PR,7535
09608625,0001,1,,08,20210211,20080318,MG,4371
09610777,0001,1,META SAUDE E VIDA,08,20210625,20080528,PE,2531
09611816,0001,1,ACADEMIA ELITE,04,20210408,20080606,RJ,5875
20246553,0001,1,AGIL FIT,08,20170801,20140512,ES,5629
09636183,0001,1,,02,20080610,20080610,SP,6969
09636872,0001,1,,02,20080606,20080606,SP,7107
01067074,0003,2,OFICINA D'AGUA,02,20080603,20080603,MG,4123
09640729,0001,1,,08,20090528,20080606,RS,8561
09650297,0001,1,PREMIER FITNNESS,08,20180223,20080620,DF,9701
09652133,0001,1,ACADEMIA REI SANTANA,08,20200828,20080626,BA,3849
09655463,0001,1,CURVES ELDORADO,08,20151210,20080617,MG,4371
20247712,0001,1,,08,20180706,20140514,MG,4733
09665709,0001,1,,08,20260105,20080626,SE,3213
08806227,0001,1,RAMOS TRAINNERS,08,20190809,20070504,CE,1441
20249224,0001,1,ACS ASSESSORIA ESPORTIVA,08,20160629,20140514,SP,6477
10292588,0001,1,,08,20190205,20080815,RJ,6001
10299314,0001,1,ACADEMIA NOVA FITNESS BY LELA,04,20201022,20080818,RS,8915
10300448,0001,1,,04,20181004,20080731,SP,7107
10303186,0001,1,APICE ACADEMIA,08,20100409,20080822,SC,8331
10307231,0001,1,ACADEMIA EXPLOSAO FITNESS,08,20100723,20080829,CE,1373
10308777,0001,1,FELIX FORM ATHENAS ACADEMIA LTDA ME,02,20080821,20080821,SP,6789
20251919,0001,1,FRAZAO,08,20180201,20140514,SP,7107
10309957,0001,1,,08,20180221,20080819,SP,7107
10313139,0001,1,,04,20181107,20080901,PI,1219
10313316,0001,1,,08,20190123,20080902,SC,8319
10319983,0001,1,CENTRO DE YOGA OM-TAO,08,20180920,20080904,MT,9907
10323647,0001,1,BELLUNO ACADEMIA,08,20170613,20080812,RS,8683
07274906,0002,2,IRON HEALTH,08,20201201,20080827,PR,7927
10325319,0001,1,WA TRAINING ACADEMIA DE GINASTICA,04,20241127,20080908,MG,4123
07010213,0002,2,SENSIS SPORT'S CENTER,08,20180827,20080829,RJ,5925
10335612,0001,1,RUNNER FITNESS,02,20231002,20080828,RN,1779
10342347,0001,1,APF SPORT FITNESS,08,20220412,20080916,RS,8801
10349721,0001,1,FISIO BRAGA,04,20181219,20080904,SP,6729
10352685,0001,1,ACADEMIA ART FISICO,02,20080905,20080905,SP,6563
20258051,0001,1,,08,20170214,20140515,RS,8561
10360008,0001,1,ACADEMIA IRON FIGHTER,08,20120326,20080724,SP,6477
10360290,0001,1,LAILA FITNESS,08,20210823,20080924,MG,5027
10362743,0001,1,,02,20080911,20080911,SC,8251
10362755,0001,1,MILLENIUM ACADEMIA,02,20080918,20080918,GO,9413
10365490,0001,1,,08,20231016,20080910,SP,7107
10365503,0001,1,,08,20170516,20080924,SC,8089
09944301,0001,1,ACADEMIA FISIO CENTER,08,20110127,20080623,SP,6801
10367855,0001,1,,04,20210415,20080923,SP,6163
10369716,0001,1,,08,20120130,20080922,RJ,5925
10373690,0001,1,RUT-AURISPORT,08,20090903,20080910,SP,7075
10375649,0001,1,ACADEMIA FENIX,04,20201103,20080922,SP,7107
10376154,0001,1,ACADEMIA PRO-CORPO,02,20080919,20080919,SC,8181
10387773,0001,1,,02,20080916,20080916,SP,6375
20263975,0001,1,ESPACO LAZER E SAUDE,02,20140515,20140515,SP,6219
10392794,0001,1,SUA ACADEMIA,04,20240816,20080904,RS,8801
20264171,0001,1,SCHUMACHER PERSONAL TRAINER,08,20251110,20140516,RS,8801
10395576,0001,1,FLEXITONUS,08,20260512,20081007,DF,9701
10395957,0001,1,GYM POWER ACADEMIA DE GINASTICA E MUSCULACAO,02,20080925,20080925,RS,8801
10405555,0001,1,KAUFER ACADEMIA,04,20190226,20081013,MS,9051
10409718,0001,1,ACADEMIA GERACAO SAUDE,08,20130703,20081006,SE,3215
10411960,0001,1,ESPACO LIFE,02,20081016,20081016,CE,1429
10413298,0001,1,,02,20081013,20081013,SP,6547
10413338,0001,1,H2O ACADEMIA DE NATACAO,02,20081008,20081008,SP,6305
10413798,0001,1,ACADEMIA FISICUS,02,20190105,20081014,SE,3125
10415022,0001,1,ACADEMIA CORPO,08,20160323,20080916,RJ,5819
10415710,0001,1,HLK HRX CONDICIONAMENTO,02,20081010,20081010,RJ,6001
10416330,0001,1,,04,20180904,20081017,MG,5403
10416415,0001,1,ATITUDEATIVIDADES FISICAS E ENTRETENIMENTOS,08,20091117,20081015,AM,0255
10419741,0001,1,MOVA,08,20200615,20081007,PR,7885
10423809,0001,1,,08,20190201,20081022,AM,0255
10142227,0001,1,,08,20110823,20080714,MG,4123
10143296,0001,1,MOTTORA FITNESS,02,20080618,20080618,SP,7225
10143734,0001,1,ACADEMIA ONIX,02,20080715,20080715,SC,8105
10143804,0001,1,ACADEMIA BEST FITNESS CLUB,02,20210429,20080710,RJ,5897
10144825,0001,1,ACADEMIA SUPERA,04,20181221,20080626,SP,7099
10425070,0001,1,ACADEMIA BLADE GYN,04,20181218,20081009,SP,6789
20268870,0001,1,THM PRESTACAO DE SERVICOS,02,20140516,20140516,SP,6921
10157125,0001,1,CURVES FAROL,08,20120625,20080714,AL,2785
10427807,0001,1,ACADEMIA ALTA PERFORMANCE,08,20200110,20081001,PE,2525
10428584,0001,1,VIDA ATIVA ACADEMIA,02,20081015,20081015,BA,3993
10429307,0001,1,K M COMPANY,04,20210303,20081023,MA,0921
10171634,0001,1,POINT FITNESS ACADEMIA,04,20260514,20080716,PA,0415
10173620,0001,1,OX SPORT ACADEMIA,04,20181226,20080702,SP,7149
10189014,0001,1,,08,20120116,20080716,RJ,5897
10433069,0001,1,ACADEMIA CORPO ATIVO,08,20110818,20081016,SC,8363
10195346,0001,1,,08,20150723,20080613,MG,4865
10198308,0001,1,ACADEMIA ESTACAO SAUDE,04,20180906,20080401,PR,7535
10433713,0001,1,,04,20240808,20080901,RJ,6001
10207770,0001,1,CORPUS FITNESS,08,20170526,20080725,MG,5035
10209293,0001,1,,04,20181214,20080715,SP,6969
10212064,0001,1,,02,20220211,20080715,SP,7107
10235509,0001,1,ACADEMIA CARPO & MOVIMENTO,04,20210326,20080728,SP,6563
10225517,0001,1,VITAL LIFE,02,20080714,20080714,MG,5359
20271753,0001,1,CHARLTON FITNESS,08,20180201,20140517,DF,9701
10229659,0001,1,GLOBAL LABOR,08,20110815,20080725,SP,6291
20272214,0001,1,LUZINETE BELEZAEMODA COM BR,04,20220208,20140518,MT,9151
10249177,0001,1,,04,20210423,20080801,PE,2381
10253686,0001,1,ACADEMIA FORMA,04,20260513,20080718,GO,9373
10254335,0001,1,MASTER FORCE ACADEMIA,04,20181009,20080808,PI,1219
10257729,0001,1,STUDIO'DANCY E FITNEES ACADEMIA,02,20080710,20080710,CE,1373
10258504,0001,1,EDUCAR ATIVIDADES ESPORTIVAS,08,20150521,20080808,ES,5699
10265370,0001,1,BIOFIT,04,20181120,20080814,MS,9051
10268427,0001,1,PERFORMACE ACADEMIA,02,20210419,20080610,SP,7139
10281353,0001,1,IRON FITNESS,08,20160914,20080821,BA,3849
07166169,0002,2,ACADEMIA CARCARA,08,20140410,20080813,PE,2543
10444052,0001,1,FORCE ACADEMIA,04,20231122,20081030,SP,7079
10444722,0001,1,TOTALIFE MASSOTERAPIA E EDUCACAO CORPORAL,08,20150521,20081020,RS,8801
10449464,0001,1,PLANET FORMA,04,20190228,20080901,PE,2491
10450078,0001,1,,04,20260522,20081021,SP,6155
10452389,0001,1,ATELIER DO CORPO,08,20130812,20081031,BA,3807
10463938,0001,1,ACADEMIA ACAO MUSCULAR,04,20220608,20081031,RN,1743
10466306,0001,1,TOP FITNESS,08,20170330,20081110,RJ,5915
10466710,0001,1,E-LABORE,08,20150924,20081013,PE,2491
10468588,0001,1,GEAR RUN ASSESSORIA ESPORTIVA,02,20081105,20081105,SP,7107
10476381,0001,1,,08,20230306,20081103,SP,7099
10480138,0001,1,MUSCULO MANIA,04,20260515,20081110,BA,3581
10482402,0001,1,ATIVE FITNESS,08,20200831,20081118,MG,4799
10487393,0001,1,STYLO SAUDE,02,20081118,20081118,SE,3105
10491453,0001,1,ACADEMIA CRISTAL FITNESS CENTER,08,20210409,20081103,RS,8801
07955221,0002,2,PERALTA ACADEMIA,02,20231123,20081119,SP,7107
10506906,0001,1,ACADEMIA CORPO EM EQUILIBRIO,04,20201022,20081126,DF,9701
10507314,0001,1,IN FORMA CENTRO DE ATIVIDADE CORPORAL,02,20081113,20081113,SP,7071
10511826,0001,1,ACADEMIA PERSONAL TRAINER,02,20081126,20081126,BA,3613
10512365,0001,1,EVOLUTION ACADEMIA,08,20150128,20081127,SE,3105
10522706,0001,1,,08,20181114,20081124,RJ,5865
10524617,0001,1,ACADEMIA ESTACAO 10,02,20081125,20081125,SP,6689
10524687,0001,1,,04,20240828,20081128,SP,6969
10528698,0001,1,,08,20220822,20081211,MG,4959
10534415,0001,1,MP8 ACADEMIA,08,20190201,20081121,SP,6897
10539233,0001,1,ESPACO SAUDE,03,20140910,20081210,RN,1779
10541717,0001,1,NAATIVA ACADEMIA,02,20081202,20081202,PR,7881
10542040,0001,1,PRIME PHYSICAL CENTER,02,20081217,20081217,SC,8105
10543299,0001,1,BIOATIVA PROGRAMAS DE ATIVIDADE FISICA,08,20141204,20081216,SP,6681
07737623,0014,2,,02,20081201,20081201,SP,7107
20277260,0001,1,SAUDE & MOVIMENTO,08,20170302,20140519,SP,6179
10556167,0001,1,ACADEMIA ATHLETIC CORPUS,08,20240807,20081230,RN,1779
10558477,0001,1,,08,20190917,20081222,SP,6163
07737623,0016,2,,02,20081201,20081201,SP,6291
10560091,0001,1,PERSONAL CLUB ACADEMIA,08,20150309,20081217,BA,3515
10561258,0001,1,,08,20180607,20090106,RS,8801
10562506,0001,1,AKIRA'S G Y M,04,20231027,20081121,SP,7107
20278394,0001,1,ACADEMIA STRONG FITNESS,08,20170502,20140515,DF,9701
10568155,0001,1,REABIVET,02,20080729,20080729,SP,6291
10572340,0001,1,,08,20190409,20090112,SP,7153
10574198,0001,1,,02,20081222,20081222,RJ,6001
10575522,0001,1,WF - ATIVIDADE FISICA ORIENTADA,08,20140728,20081229,SP,7107
10580780,0001,1,VIVA LEVE ACADEMIA,02,20090119,20090119,SP,6681
10581376,0001,1,PHYSICAL FITNESS,02,20090120,20090120,MT,9151
09655693,0001,1,ABFITNESS,02,20080624,20080624,RJ,5897
10585556,0001,1,PROFITNESS,04,20190129,20090108,CE,1439
10589434,0001,1,,08,20190906,20081113,SP,7107
10590000,0001,1,LB ACADEMIA,04,20210209,20090120,ES,5625
10591001,0001,1,POWER FIGHTER FITNESS,04,20210415,20081215,SP,7145
10593699,0001,1,STUDIO TRES,02,20090126,20090126,RN,1761
10610364,0001,1,RIOFIT WELLNESS CENTER,08,20170529,20090128,RJ,6001
10615360,0001,1,GR SPORTE FITNESS,02,20090126,20090126,SP,6401
10617149,0001,1,ACADEMIA WG,08,20171123,20090127,BA,3511
10618084,0001,1,IRON HOUSE,04,20260518,20081215,RJ,6001
10618203,0001,1,ACADEMIA ESPACO DA MULHER,02,20250317,20090119,MA,0805
10618396,0001,1,CIRCUITO CONDICIONAMENTO FISICO,08,20181123,20081111,SP,7107
10620191,0001,1,ACADEMIA FITNESS JCD,04,20181024,20090122,RJ,1116
09636837,0001,1,,04,20181011,20080616,RJ,6001
10622624,0001,1,TOP PHYSICUS ACADEMIA,02,20090126,20090126,RS,8651
10623851,0001,1,INSTITUTO SUL,08,20131030,20090209,SC,8023
08528753,0001,1,,04,20231027,20061130,SP,7107
10631138,0001,1,HEALTH ATIVIDADES DE CONDICIONAMENTO FISICO,08,20111205,20090130,PR,7535
10633716,0001,1,ACADEMIA BOX TFF,04,20231117,20090210,RS,8545
10639317,0001,1,H.M.B FIT,08,20150826,20090212,RS,8801
10645384,0001,1,ACADEMIA SPORT VIDA,08,20190730,20090214,GO,9425
10645581,0001,1,GINASIU'S,04,20190228,20090218,AP,0605
10651278,0001,1,ATMOS ACADEMIA,08,20220817,20090212,SP,6979
10653047,0001,1,,08,20220912,20090210,SP,6787
10654966,0001,1,MOVIMENTO ACADEMIA,02,20090205,20090205,ES,5645
10656828,0001,1,ATHENTIC - POINT,08,20230813,20090202,PR,7667
10657134,0001,1,SER PILATES,02,20260119,20090219,BA,3413
10659216,0001,1,,02,20090213,20090213,SP,6179
20281116,0001,1,PREMIERE TRAINING GYM,02,20140516,20140516,DF,9701
10664800,0001,1,HC SAUDE,02,20090218,20090218,SP,7145
10665331,0001,1,,08,20230713,20090302,RJ,6001
10665666,0001,1,WELL - CONSULTORIA,08,20140123,20090206,MG,4123
20281268,0001,1,PULSE PILATES,02,20140416,20140416,PR,7535
10666355,0001,1,,08,20161128,20090303,SC,8339
10671335,0001,1,,04,20260526,20090205,SP,7107
10672893,0001,1,,08,20200525,20090305,MG,4865
10674292,0001,1,ACADEMIA CORPO MENTE PRATICK,08,20200708,20090218,MA,0757
10681923,0001,1,ACADEMIA VITAL TRAINING,04,20210317,20081016,PR,7535
10682180,0001,1,ESPACO SAUDE FABIANA MULLER,08,20190614,20090309,RS,8801
09632081,0003,2,,04,20181016,20090303,SP,7107
09037820,0001,1,MOVING ACADEMIA,04,20210331,20070829,MG,4111
10693162,0001,1,,08,20170511,20090316,SC,8367
10695338,0001,1,ACADEMIA MACISTE DE MUSCULACAO,08,20100316,20090213,SP,7145
01640235,0002,2,ACADEMIA ATHLETIC CENTER,08,20191204,20090310,BA,3457
10700005,0001,1,BE DO SOBRADO PRODUCOES ARTISTICAS,03,20240717,20090305,ES,5681
10701592,0001,1,CORPO ATIVO,02,20090317,20090317,MG,2673
10704142,0001,1,EXERCITE CENTER,02,20090316,20090316,MG,4675
10705745,0001,1,CROSS TRAINING SUL,08,20250226,20090309,RS,8839
10705885,0001,1,ACADEMIA DE MUSCULACAO E GINASTICA R-FIT,02,20090310,20090310,SP,6875
10708130,0001,1,ESCOLA DE DANCA SIMONE PORTELA,08,20100223,20090311,GO,9633
10710111,0001,1,CORPUS / ACTIVA,04,20260514,20090323,MG,4541
10718291,0001,1,,08,20150529,20090313,SP,6713
10720821,0001,1,KEEP FITNESS CLUB,02,20090310,20090310,PE,2491
08935718,0002,2,MAIS ACADEMIA,08,20120906,20090319,SP,7113
10732164,0001,1,,08,20141223,20090325,SP,6309
20283209,0001,1,BENVINDO FITNESS,08,20260601,20140519,RJ,6001
10740661,0001,1,ACADEMIA FITNESS MUSCULACAO,08,20160328,20090403,SC,8233
10742767,0001,1,ACADEMIA MOVIMENTO PERFEITO,08,20190416,20090320,MT,9067
10742949,0001,1,ACADEMIA NEW SPORT,04,20181107,20090406,RN,1761
10746016,0001,1,ESPORTE & VIDA,04,20260514,20090403,PR,7665
10756246,0001,1,ACADEMIA LIV FITNESS,08,20260201,20090401,BA,3943
10756845,0001,1,MEGAGYM,04,20181002,20090407,MG,4481
10758777,0001,1,,08,20150402,20090406,SP,7071
10761700,0001,1,OFICINA DO CORPO,04,20190129,20090413,CE,1489
10762633,0001,1,,08,20101117,20090323,SP,6213
10764923,0001,1,MV STUDIO PERSONAL TRAINER,02,20090403,20090403,PB,2051
10765553,0001,1,,02,20090414,20090414,CE,1591
10765682,0001,1,ACADEMIA PEZZI NEW GYM,08,20150310,20090226,RS,8801
20284166,0001,1,ACADEMIA MAROMBA,08,20160510,20140520,SP,2943
10766258,0001,1,FEMMEFIT,04,20181218,20090402,SP,6789
09597223,0001,1,PODIUM,08,20141223,20080527,RS,8653
10778119,0001,1,ACADEMIA ESPACO SAUDE FITNESS,04,20240820,20090423,MA,0921
10780907,0001,1,CENTRO DE TREINAMENTO VICKINGS,02,20090311,20090311,PA,0427
10786672,0001,1,,08,20200708,20090428,RS,8801
10789478,0001,1,ACADEMIA BURITI SPORT CENTER,02,20090417,20090417,GO,9433
10792894,0001,1,ACADEMIA RENOLD,04,20190227,20090320,SP,6477
10796547,0001,1,,08,20110902,20090413,SP,7107
10808326,0001,1,,08,20170321,20090430,SP,7145
10808739,0001,1,,08,20260224,20090423,SP,6291
10811110,0001,1,SOUFIT ACADEMIA,08,20170922,20090429,ES,5625
10812168,0001,1,PHYSICOS,04,20231117,20090327,RJ,5865
10813508,0001,1,,08,20100922,20090507,SP,6391
10816318,0001,1,ACADEMIA OLIVEIRA FITNESS,08,20191106,20090512,GO,9221
10826476,0001,1,ACADEMIA SUMMER FITNESS,04,20181025,20090518,PE,2531
04797587,0002,2,NATACENTER FIT,08,20200817,20090331,RS,8801
10831558,0001,1,CLINICA SANTO ANTONIO,02,20090515,20090515,MG,4123
10831863,0001,1,,04,20190129,20090514,CE,1567
10832750,0001,1,ACADEMIA MANAUS FITNESS,02,20260224,20090520,AM,0255
10834957,0001,1,,08,20191009,20090505,SP,6425
08797202,0002,2,ACADEMIA CURVES,04,20181128,20090430,ES,5705
10853229,0001,1,QUADS SPORT FITNESS,04,20220608,20090521,DF,9701
10858208,0001,1,CARPE DIEM,08,20240731,20090522,BA,3573
10862703,0001,1,ACADEMIA CORPO IDEAL,02,20090601,20090601,SC,8319
10865219,0001,1,ACADEMIA CONEXAO SAUDE,08,20140804,20090521,SP,6729
20287456,0001,1,,02,20140520,20140520,RS,7329
10871832,0001,1,,02,20090518,20090518,SP,6913
10873035,0001,1,PERFORMANCE ACADEMIA E NUTRICAO ESPORTIVA,04,20260522,20090527,SP,2939
05885184,0003,2,EUGENIO FORTES ACADEMIA WELLNESS PICARREIRA,02,20090603,20090603,PI,1219
10880493,0001,1,ACADEMIA ESTACAO COMPANY,08,20160518,20090608,SC,8311
10883224,0001,1,,04,20260515,20090608,SC,8179
10887541,0001,1,BOXFIT BASTOS,02,20090603,20090603,SP,6215
10888084,0001,1,ACADEMIA DE GINASTICA ESTACAO DO CORPO,08,20240327,20090522,TO,9697
10892229,0001,1,INOVE FIT,02,20090615,20090615,RO,0003
10901207,0001,1,RUSH,02,20090608,20090608,RJ,6001
10904080,0001,1,,08,20110811,20090604,SP,7107
10904529,0001,1,ACADEMIA PRO FORMA,08,20150408,20090521,TO,9241
10904994,0001,1,RENASCER DE CORPO E ALMA,08,20221213,20090604,SP,7121
10907414,0001,1,ESBELTE ACADEMIA,04,20210409,20090617,PI,1219
10913744,0001,1,ESTUDIO PRO-LIFE FITNESS,02,20090612,20090612,MG,5403
10916973,0001,1,,04,20210413,20090618,SP,7097
20289032,0001,1,BELLA'S FITNESS,08,20140915,20140521,SC,8117
10919822,0001,1,VIVA FITNESS,08,20180420,20090616,PR,7667
10920818,0001,1,ESTACAO MULHER ACADEMIA,08,20211108,20090624,PR,7505
10921049,0001,1,EQUIPE RODRIGO NASCENTE,08,20140409,20090624,RS,8801
20289434,0001,1,T - FITNNES ACADEMIA,02,20140520,20140520,CE,1411
10933824,0001,1,FITNESS PERSONALLE,08,20120906,20090528,RS,8801
10934228,0001,1,ACADEMIA VIDA ATIVA,02,20090618,20090618,ES,5663
20289775,0001,1,VIVA ACADEMIA,04,20190118,20140521,MG,5333
10943446,0001,1,,08,20250207,20090707,MG,4643
10946379,0001,1,GOAL SPORTS MARKETING,04,20260512,20090623,RJ,5811
10955903,0001,1,ARENA,08,20220311,20090706,BA,3781
10960686,0001,1,PLANETA CORPO ACADEMIA,08,20150625,20090706,RS,8903
10963921,0001,1,STUDIO DO CORPO HEALTH CENTER,04,20260515,20090701,BA,3685
10964299,0001,1,ACADEMIA FORMA E SAUDE,04,20210423,20090701,PE,2373
10966920,0001,1,TAPAJOS FITNESS,08,20200731,20090714,PA,0535
10966957,0001,1,NEW FIT ACADEMIAS DE GINASTICA,08,20230315,20090713,PR,7493
10968922,0001,1,FIT CORPUS,04,20260514,20090715,PR,7693
10969199,0001,1,,08,20240122,20090521,RS,8771
10526537,0001,1,ARENNA FITNESS ACADEMIA,02,20081201,20081201,CE,1559
10970763,0001,1,,08,20120628,20090615,ES,5601
10971391,0001,1,SOUL FIT ACADEMIA,02,20090707,20090707,GO,9571
10974398,0001,1,MARCAO ACADEMIA,08,20220209,20090717,RS,8963
11356556,0001,1,DAF FIT,04,20220208,20091116,RJ,6001
10991968,0001,1,BIO DINAMICA ACADEMIA,08,20141105,20090706,SP,6689
10992285,0001,1,,08,20160215,20090709,PR,5453
10996278,0001,1,FITONE HEALTH & FITNESS,02,20090717,20090717,RS,8801
11005837,0001,1,AKADEMIA PRO-VIDA,08,20100128,20090723,SP,6979
11013765,0001,1,,08,20160311,20090723,SP,7033
63565832,0002,2,ACADEMIA CORPO SAN,04,20210224,20090804,CE,1389
11020746,0001,1,PRO FITNESS ACADEMIA,02,20090710,20090710,RN,1719
11024696,0001,1,ACADEMIA SANTOS,08,20221223,20090805,MG,4359
11031951,0001,1,VIA TRES TERCEIRIZACAO E SERVICOS,08,20241002,20090807,PE,2513
11032408,0001,1,ACADEMIA AQUA SPORTS,04,20210423,20090730,RN,1761
20292653,0001,1,GUSTAVO ACADEMIA,04,20210401,20140521,MA,0961
20292657,0001,1,ACADEMIA BODY IN SHAPE,02,20140521,20140521,GO,0079
11047615,0001,1,,02,20240103,20090727,SC,8161
11050316,0001,1,,04,20181004,20090715,SP,7107
11050749,0001,1,CORPO EM FORMA,08,20231205,20090813,TO,9241
11062317,0001,1,COLISEU ACADEMIA,08,20150209,20090814,CE,1321
11063080,0001,1,UAI FITNESS,08,20260123,20090813,MG,4371
11065867,0001,1,,02,20090818,20090818,RS,8681
11067448,0001,1,K R ACADEMIA,02,20090818,20090818,PR,7749
11069809,0001,1,CAPITAL PILATES,08,20200227,20090817,DF,9701
11072475,0001,1,HOLYSTICA EMPRESA DE CONDICIONAMENTO E EXERCICIO FISICO,08,20120508,20090813,RS,8619
11082631,0001,1,LIFE STYLLE,08,20220711,20090818,SP,7099
11085549,0001,1,MILLENIUM ACADEMIA,02,20090826,20090826,RJ,5807
11087235,0001,1,EVOLUTION TRAINER CLUB,08,20110530,20090805,SP,6209
11088052,0001,1,ROLDAO FITNESS ACADEMIA,02,20090825,20090825,SC,8179
11094532,0001,1,STYLE ACADEMIA,04,20210401,20090828,AM,0255
11096152,0001,1,,08,20111003,20090811,SP,6163
11096254,0001,1,,04,20201023,20090817,SP,6875
11102384,0001,1,ACADEMIA F SANTOS,08,20230224,20090828,PE,2627
11103345,0001,1,ACADEMIA PUMPING IRON,08,20120905,20090813,SP,6425
11103486,0001,1,ACADEMIA BY JUININHO E RUY,04,20181017,20090831,DF,9701
20294919,0001,1,MAIS VIDA STUDIO DE MUSCULACAO,02,20140520,20140520,CE,1453
11105948,0001,1,,08,20091201,20090828,PE,2337
11106534,0001,1,LA VIE STUDIO PERSONAL TRAINER E PILATES,02,20090813,20090813,SP,7225
11106633,0001,1,STUDIO LIFE,08,20191009,20090828,PE,2357
11109370,0001,1,ACADEMIA NATURAL FORMA,08,20130108,20090820,RS,8909
11110149,0001,1,ACADEMA NEVOEIRO,08,20150902,20090812,CE,1389
11118099,0001,1,APOLO ACADEMIA,08,20210323,20080513,AC,0139
11120504,0001,1,VARANDAO SPORT FITNESS,08,20220721,20090804,RJ,2907
11121121,0001,1,GUERRERO GYM,02,20090819,20090819,SP,7077
11127228,0001,1,,08,20171124,20090810,PR,7691
11128221,0001,1,VEM DANCAR ACQUA FITNESS,02,20260220,20090910,PA,0435
11130997,0001,1,ACADEMIA,08,20150202,20090821,RJ,2917
11136869,0001,1,SPAG - SERVICO PERSONALIZADO DE ATENDIMENTO GEREMIA,08,20130911,20090825,RS,8847
11138080,0001,1,ZECA BERALDO CLINICA DO EXERCICIO,02,20090909,20090909,PR,7825
11138239,0001,1,LIA SAVARIS PERSONAL TRAINER,08,20151127,20090914,SP,7071
11142532,0001,1,,02,20190425,20090903,RS,8585
11146126,0001,1,ACADEMIA BELA FORMA,08,20231208,20090916,CE,1389
11150393,0001,1,NATIVA ACADEMIA,08,20210524,20090917,SE,3105
11156410,0001,1,EXTENFLEX ACADEMIA,02,20090917,20090917,MG,5221
11160186,0001,1,HORTO FITNESS,04,20231027,20090910,RJ,6001
11160313,0001,1,FG ATIVIDADE FISICA ESPECIALIZADA,02,20090828,20090828,SP,6553
11163121,0001,1,,08,20110404,20090914,SP,6875
11165583,0001,1,ACADEMIA FORCA MAXIMA,02,20090908,20090908,SP,6681
11172521,0001,1,PRO-SPORT,02,20090909,20090909,PR,7937
11174806,0001,1,ACADEMIA ESPACO SAUDE,08,20100817,20090924,RS,8863
11177543,0001,1,,08,20170614,20090825,RS,8785
11177990,0001,1,CORPO EM FORMA,04,20181107,20090904,RN,1849
20297342,0001,1,BULA ACADEMIA,02,20140522,20140522,SP,7013
11186192,0001,1,ACADEMIA SUPER FIT,02,20090930,20090930,MG,5401
11186555,0001,1,,04,20181107,20090930,BA,3849
11188047,0001,1,BIODINAMICA,08,20250501,20090723,RS,8801
11188714,0001,1,ASSESS,04,20181121,20090929,AL,2785
11189918,0001,1,,04,20210209,20090911,ES,5607
20495995,0001,1,NEW CORPORE,08,20180201,20140625,RJ,6001
11193650,0001,1,,08,20100531,20090922,SP,6219
11193769,0001,1,BOA FORMA,08,20210111,20090923,CE,1389
11197406,0001,1,,04,20210323,20090924,SP,6343
08112223,0002,2,,08,20101007,20090916,SP,6213
11200654,0001,1,,08,20150904,20090929,RJ,6001
11200844,0001,1,PERSONALLE PILATES,04,20210318,20091005,SC,8105
11204749,0001,1,,02,20210610,20090928,SP,6687
11210931,0001,1,FORCA ATUAL,04,20260512,20090925,RJ,6001
11213854,0001,1,FITFORM ACADEMIA,08,20241015,20091009,GO,9373
11214935,0001,1,,02,20081107,20081107,RJ,0774
05911606,0002,2,ACADEMIA CORPO E SAUDE,02,20091009,20091009,DF,9701
11224010,0001,1,PERSONAL & CIA STUDIO,04,20260526,20091014,SP,6681
11224476,0001,1,,02,20091001,20091001,RS,8705
11002764,0001,1,ESTACAO SAUDE FITNESS,02,20090717,20090717,ES,5659
11230508,0001,1,ACADEMIA ECLETICA,08,20200710,20090929,SP,7107
11233225,0001,1,CORPO & MOVIMENTO,04,20210203,20090811,SP,6373
11239793,0001,1,HARMONIA,08,20100506,20091015,PR,7419
11245447,0001,1,ACADEMIA CIA DA SAUDE,08,20211004,20091013,RS,8681
11246763,0001,1,,08,20190411,20091001,SP,7107
11246996,0001,1,ACADEMIA FRAJOLA FITNESS,08,20180605,20091016,BA,3651
09436951,0001,1,,08,20220828,20080320,RS,8801
11249915,0001,1,ACADEMIA FITNESS HALL,02,20260515,20091005,MG,4123
11254677,0001,1,MEL ACADEMIA DE GINASTICA,08,20181015,20091022,BA,3849
11267587,0001,1,REAL FIZIKS PILATES,04,20181016,20091015,SP,7107
11270222,0001,1,CORPO & ARTE ACADEMIA,02,20240619,20091026,PR,7527
11273896,0001,1,ACADEMIA ACQUASAUDE,08,20200519,20091029,PR,8469
11280691,0001,1,ACADEMIA R2,02,20091029,20091029,SP,7107
11285767,0001,1,NATIVIDADE ACADEMIA,08,20190917,20091026,ES,5703
11288166,0001,1,PRANA,08,20160202,20091026,PE,2531
11290542,0001,1,BIOPRO CENTRO DE TREINAMENTO,02,20091105,20091105,RS,8801
11293218,0001,1,FIT POWER,02,20091109,20091109,RJ,6001
11294920,0001,1,ACADEMIA SAUDE E VIDA,04,20181204,20090925,BA,3567
11308108,0001,1,MOVIMENTE-SE GINASTICA LABORAL,08,20100624,20091112,GO,9371
11310769,0001,1,ACADEMIA BODY STRONG,02,20091113,20091113,RJ,5897
10713231,0001,1,OXYGEN RITMO DE VIDA,08,20110927,20090122,RS,8801
11313613,0001,1,REVIVER ACADEMIA,04,20231117,20091109,RJ,5865
20301637,0001,1,FENIX ACADEMIA,02,20140521,20140521,RJ,5805
11314355,0001,1,ACADEMIA SENE CENTER,08,20190527,20091022,SP,6619
11319771,0001,1,,08,20170214,20091105,RS,8683
11323100,0001,1,ACADEMIA ADRENALINA,08,20160413,20091106,SP,7245
11328899,0001,1,VIVAFITINESS,04,20190117,20091113,BA,3425
11335531,0001,1,FISICOMANIA,04,20210423,20091120,RN,1643
11335765,0001,1,GAVIOLLI E PINHEIRO LTDA,08,20201029,20091112,SP,6875
11344312,0001,1,MASTER ACADEMIA,08,20181213,20091117,SE,3251
11351315,0001,1,ACADEMIA MARCELO MOISES,02,20091123,20091123,PI,1153
11358654,0001,1,BLITZ SPORT SITNEFF,04,20210224,20000927,CE,1389
20303050,0001,1,XTREME FIT,08,20161109,20140522,SP,6291
11361278,0001,1,H CLUB ACADEMIA LTDA,08,20160629,20091201,MG,4133
11372645,0001,1,PERSONAL FITNESS,04,20220208,20091204,SP,6291
11381644,0001,1,,02,20091208,20091208,SC,8047
11383529,0001,1,ACADEMIA FORCA E FORMA,08,20210108,20091209,PA,0048
11385950,0001,1,PRO-LABORAL QUALIDADE OCUPACIONAL,08,20180116,20091130,SP,7017
11387759,0001,1,ACADEMIA FEMININA,02,20091210,20091210,MG,4069
10313139,0002,2,LEMOS & FRANCO LTDA ME,04,20181107,20091209,PI,1219
11402634,0001,1,FLEX ACADEMIA,04,20181213,20091123,PA,0483
09388852,0002,2,,08,20120724,20091125,MG,5133
11408386,0001,1,MY GYM,08,20140909,20091216,MG,4895
20304519,0001,1,ACADEMIA START FITNESS COMPANY,08,20180201,20140523,SP,7075
11410431,0001,1,NEW LIFE FITNESS E SAUDE,02,20091215,20091215,SP,7057
11412179,0001,1,ACADEMIA VIDA & SAUDE,04,20210407,20091215,BA,3849
11415689,0001,1,ACADEMIA OLYMPICA,02,20091211,20091211,SP,6217
11421995,0001,1,AYRTON ACADEMIA,02,20091222,20091222,PI,1003
11426381,0001,1,BODYTECH E FORMULA,02,20091123,20091123,RJ,6001
11426730,0001,1,QUIRO PILATES WELLNESS CENTER,02,20091201,20091201,RS,8841
11426771,0001,1,,08,20110721,20091207,SP,6163
11427760,0001,1,,04,20181009,20091223,PE,2457
11429439,0001,1,TC ACADEMIA FITNESS,03,20181214,20091228,RN,1779
11430939,0001,1,FLAVIO ACADEMIA,08,20231206,20091126,ES,5697
11431372,0001,1,VIVA MAIS AERODANCE,08,20160314,20091230,SE,3233
11437881,0001,1,ACADEMIA BOA FORMA,02,20091215,20091215,SP,7061
11440040,0001,1,,08,20140317,20100105,PE,2491
11445071,0001,1,ACADEMIA FORCA E MOVIMENTO,02,20091222,20091222,SP,7145
11447500,0001,1,,08,20210827,20100107,BA,3909
11450010,0001,1,,08,20210125,20091228,SP,7077
11457544,0001,1,,02,20100107,20100107,ES,5629
11464817,0001,1,ACADEMIA PERSONAL VIP,02,20100115,20100115,PR,7581
11468200,0001,1,PAMP'S ACADEMIA,02,20100114,20100114,SC,8117
20306501,0001,1,PERSONAL HEALTH,08,20180201,20140523,RO,0003
11474147,0001,1,,08,20180502,20100112,SP,7107
11477579,0001,1,BEM ESTAR CONSULTORIA E EVENTOS ESPORTIVOS,08,20221006,20100114,RJ,5897
11482615,0001,1,EMANUELLA FITNESS,08,20131226,20100120,PE,2531
11487831,0001,1,MALHACAO FITNESS,08,20250226,20100115,BA,1110
11494806,0001,1,LL SILVA SERVICOS E COMERCIO,02,20091228,20091228,RJ,5825
11498683,0001,1,,04,20181011,20100128,RJ,6001
11499181,0001,1,ACADEMIA SPECIAL FIT,04,20210326,20100120,SP,6875
11503168,0001,1,ACADEMIA CURVES,08,20200130,20100125,SP,6323
04892290,0002,2,,08,20130130,20100115,SP,7097
20307543,0001,1,VANESSA PORTO BERNARDO,08,20160610,20140523,PR,7535
11513586,0001,1,CTP CENTRO DE TREINAMENTO PERSONALIZADO,08,20140813,20100107,SP,6979
11516882,0001,1,RITMO RUN ASSESSORIA ESPORTIVA,02,20100203,20100203,MG,4123
11517368,0001,1,ACADEMIA ACTION,04,20181204,20100203,BA,3813
11517689,0001,1,ACADEMIA CORPO E SAUDE,03,20150118,20091221,MA,0246
11519577,0001,1,,04,20231109,20100208,RJ,5901
11529204,0001,1,ACQUALIFE FITNESS,04,20210409,20100209,PI,1219
20308242,0001,1,UP FIT,08,20180824,20140523,PE,2531
11547455,0001,1,ACADEMIA MASTERFIT,08,20150327,20090918,PR,7535
11535311,0001,1,MAXIMUN,08,20121109,20100128,SP,6579
09186428,0001,1,,04,20181206,20071009,MG,4371
20309047,0001,1,ACADEMIA SUPERACAO,08,20211001,20140523,SP,6201
11556971,0001,1,ACADEMIA IMPACTO,08,20140530,20100113,CE,1389
08875609,0002,2,PERFORMA II,08,20141118,20100201,SP,6311
11565245,0001,1,SCORPION FITNESS,08,20120217,20100129,SP,7107
11572148,0001,1,,08,20210623,20100203,SP,6377
11573713,0001,1,,04,20181025,20100209,PE,2531
11385883,0001,1,GOLDS MUSCLE,08,20250826,20091117,SP,6967
11585697,0001,1,MAIS ACADEMIA,08,20211014,20100222,MG,4911
10688504,0001,1,ESPACO SAUDE,08,20180529,20090312,MG,5401
11595181,0001,1,,02,20100106,20100106,GO,9389
11600708,0001,1,,08,20191101,20100224,MG,4723
11608167,0001,1,ACADEMIA WALKER FIT - TABOAO DA SERRA,02,20100219,20100219,SP,7157
11608612,0001,1,OLIMPUS,02,20100225,20100225,MG,5397
11615277,0001,1,,08,20190719,20100209,SP,7107
11616334,0001,1,,02,20100225,20100225,SP,6455
11625135,0001,1,TALENTOS DA BOLA,08,20240301,20100302,PR,7535
11632753,0001,1,CORPUS'S ACADEMIA,08,20160309,20100226,PR,5513
11635917,0001,1,NEXO TREINAMENTO PERSONALIZADO,08,20230817,20100304,SC,5579
11640428,0001,1,JUDO CLUBE PAULO MENEZES,02,20100125,20100125,RJ,5865
11645891,0001,1,PROLONGUE-SLV (SUA LINHA DA VIDA),02,20100307,20100307,RJ,5865
11646201,0001,1,NOVA FITNESS ACADEMIA,08,20140627,20100304,PR,7691
11662927,0001,1,,08,20110316,20100305,SP,6165
11665374,0001,1,,02,20100226,20100226,SP,6251
11665468,0001,1,,08,20171127,20100302,SP,6251
11668955,0001,1,ACADEMIA BIO VIDA,08,20120723,20100301,SP,6545
11673752,0001,1,ACADEMIA CORPO EM ACAO,08,20181221,20100121,AL,2785
11673884,0001,1,STUDIO PILATES SP,04,20201103,20100304,SP,7107
11681797,0001,1,FITNESS - ACADEMIA DUCABO,04,20190130,20100312,PE,2357
11357911,0002,2,,08,20181004,20091126,MG,4647
11572854,0001,1,,02,20100129,20100129,SP,7107
11690506,0001,1,ACADEMIA OLIMPICA FITNESS,08,20141223,20100302,SP,7017
11694873,0001,1,ACADEMIA STUDIO PERSONAL,02,20100308,20100308,SP,7029
11695891,0001,1,,08,20140806,20100309,SP,6137
11700016,0001,1,,02,20100312,20100312,SP,6969
11704247,0001,1,ACADEMIA JUMP,08,20101018,20100316,ES,5705
11707317,0001,1,CONTOURS ACADEMIA PARA MULHERES,08,20160104,20100210,PR,7535
11711767,0001,1,CURVES,04,20181017,20100315,DF,9701
11717684,0001,1,ANIMUS PERSONAL SPORTS,08,20160412,20100218,SP,7107
10713138,0001,1,,08,20100309,20090304,SP,6335
11722173,0001,1,FISIOFIT PILATES,08,20141224,20100302,RS,8691
11732546,0001,1,,04,20181002,20100323,PE,2531
11734794,0001,1,KORPUS FITNES,08,20180301,20100308,ES,5613
11737108,0001,1,SEVEN FITNESS,04,20181226,20100322,SP,2951
11754650,0001,1,VITAL CORPUS CLINICA DE PERSONAL TRAINER,02,20100326,20100326,PR,7935
11755649,0001,1,POWER EXTREME,08,20211014,20100330,PE,2531
11757391,0001,1,,02,20100323,20100323,SP,7107
11759280,0001,1,BRUNA BERGMAM STUDIO PERSONAL,02,20100331,20100331,SC,8065
11764913,0001,1,,08,20161003,20100402,CE,1389
11768481,0001,1,,04,20190130,20100323,PE,2429
11784080,0001,1,,08,20210113,20100311,SP,6351
11785523,0001,1,ACADEMIA.COM,02,20100326,20100326,ES,5617
20316434,0001,1,ACADEMIA ESTILO FITNESS,04,20220208,20140526,SP,6383
11793943,0001,1,ACADEMIA EDDY SPORT FITNESS,08,20181126,20100408,MG,4123
11802445,0001,1,ACADEMIA FISIO FIT,08,20200212,20100409,DF,9701
11806311,0001,1,ACADEMIA LARG O DOCE,02,20100204,20100204,AL,2733
11816350,0001,1,EVIDENCIA ACADEMIA,08,20201119,20100412,SP,6969
11816905,0001,1,GINASTIC CENTER,02,20100401,20100401,SP,6181
11819225,0001,1,DANI FITNESS,04,20181016,20100111,SP,7107
11821028,0001,1,STUDIO HEALTH,08,20181112,20100408,RS,8791
11821043,0001,1,EVOLUCAO ACADEMIA,02,20100406,20100406,PR,7915
11824062,0001,1,ESTACAO CORPO E SAUDE,08,20230113,20100415,CE,1389
11824179,0001,1,MILFE ACADEMIA,02,20100331,20100331,SP,6135
11825526,0001,1,ATELIER DO SANDUICHE,02,20210930,20100416,PR,7481
11825977,0001,1,ACADEMIA 40 GRAUS,08,20120910,20100415,MG,4123
11826463,0001,1,,08,20180201,20100416,AM,0255
11827820,0001,1,CORPUS ACADEMIA,04,20260512,20100407,CE,1305
11830571,0001,1,FIT - ACADEMIA DE GINASTICA,04,20210415,20100331,SP,7145
11831604,0001,1,NEW HEALTH,04,20181218,20100317,SP,6291
11834762,0001,1,VIDA E PILATES,08,20231124,20100419,SC,8367
11844075,0001,1,IMPERIUM ACADEMIA,02,20100420,20100420,SC,8195
11850131,0001,1,STUDIO EQUILIBRIO PILATES,02,20210707,20100422,MG,4855
11851779,0001,1,GOLACO FLORIPA,02,20100423,20100423,SC,8105
11661445,0001,1,EDU GUSMAO,02,20100218,20100218,SP,7107
11856053,0001,1,ACADEMIA BELLA FORMA,02,20100414,20100414,BA,3597
11859390,0001,1,,08,20160829,20100426,MG,4733
11860660,0001,1,ESTILO VITAE,08,20180201,20100427,RJ,6001
11861375,0001,1,ACADEMIA MUZENZA,04,20210219,20100427,TO,0195
11861832,0001,1,ESTACAO SAUDE - UNIDADE II,02,20100426,20100426,MA,0921
11866769,0001,1,DRAGOON GYM,08,20170201,20100419,SP,7107
11754475,0001,1,BODY CENTER,08,20180612,20100330,RJ,6001
09250490,0001,1,FITNESS R9,04,20260512,20071029,RJ,6001
11887511,0001,1,,08,20190604,20100503,RJ,5879
11890318,0001,1,KGB ACADEMIA FITTINESS,08,20160512,20100503,MA,0921
11905683,0001,1,INOVA STUDIO PERSONAL,02,20100422,20100422,SP,7121
11909200,0001,1,,04,20190104,20100226,SP,6415
11912502,0001,1,ACADEMIA HIT,08,20230109,20100506,BA,3849
11919581,0001,1,ACADEMIA CORPO EM ACAO,02,20100504,20100504,PI,1159
11923254,0001,1,BEM ESTAR ACADEMIA FEMININA,08,20160906,20100412,SP,6425
11924292,0001,1,,08,20241113,20100511,PB,2051
11928753,0001,1,ACADEMIA MOVIMENTO E FORMA,02,20100427,20100427,SP,7231
09120622,0002,2,CORE STUDIO ACADEMIA E PILATES,08,20240603,20100511,DF,9701
11936172,0001,1,TCM PILATES TOTAL CONTROL MOVEMENT,02,20190109,20100503,SP,6967
11936187,0001,1,RED BUL FITNESS,04,20201029,20100510,RJ,5869
11942519,0001,1,D -FIT TREINAMENT,02,20100514,20100514,MA,0921
11943671,0001,1,ACADEMIA DA VILLA,08,20150710,20100408,AM,0255
11947390,0001,1,ACADEMIA HIPERTROFIA FORMA E SAUDE,04,20210423,20100516,RN,1759
11965542,0001,1,C SETE,08,20120210,20100510,SP,7057
11976393,0001,1,ROMANOS ACADEMIA,02,20100429,20100429,SP,6313
11983014,0001,1,,02,20100524,20100524,MG,4877
11985061,0001,1,STUDIO 7 DANCE,03,20141024,20100524,MS,9131
11996443,0001,1,ACADEMIA CORPO E EQUILIBRIO,08,20220929,20100510,CE,1389
12000376,0001,1,R2 ACADEMIA,08,20170126,20100526,MT,9067
12004622,0001,1,ACADEMIA MOVIMENTTUS 2,08,20160620,20100527,MG,4959
59620468,0003,2,ACADEMIA FORMAJOVEM,02,20100331,20100331,SP,7079
12007735,0001,1,MEDLEY SWIMMING,08,20120504,20100526,MT,9067
12008168,0001,1,CORPO&MENTE ACADEMIA,04,20190111,20100527,RJ,5807
12011878,0001,1,ACADEMIA LUCIA QUEIROZ,02,20100528,20100528,MG,4959
12018522,0001,1,ANESIO SOARES TREINAMENTO FUNCIONAL,08,20180201,20100531,SP,7199
12021990,0001,1,ACADEMIA VITORIA,08,20170621,20100527,PE,2627
12024445,0001,1,AGILITE STUDIO,08,20121025,20100519,CE,1389
12033596,0001,1,MARINHOS ACADEMIA,08,20240712,20100602,MG,4703
12039446,0001,1,LEX TRAINING,08,20150814,20100528,SP,6189
12041267,0001,1,BALANCE TRAINER ACADEMIA,08,20111104,20100520,RJ,5867
12050501,0001,1,MA FIGHT FITNESS,04,20181030,20100528,RS,8801
12051482,0001,1,PRO CORPO ACADEMIA,08,20110613,20100607,RJ,2915
12056092,0001,1,,08,20170327,20100527,RJ,5865
12068547,0001,1,DOJO FIGHT,08,20180201,20100610,RJ,5865
12069248,0001,1,ACADEMIA IRON MAN - GYM,08,20120117,20100419,CE,1389
12070858,0001,1,,04,20210409,20100526,PE,2483
12072405,0001,1,FISO FITNESS,02,20210719,20100610,RJ,5847
12073438,0001,1,VIRTUS FITNESS,02,20100611,20100611,DF,9701
12077446,0001,1,,04,20210316,20100614,RJ,6001
12078509,0001,1,ACADEMIA BOA FORMA,02,20260507,20100506,SE,3143
12079316,0001,1,ACADEMIA MOVEFIT,02,20100531,20100531,SP,6673
12082740,0001,1,,08,20150514,20100611,MG,5079
12085704,0001,1,ACADEMIA LEAO DE JUDA,02,20100616,20100616,AM,0255
20326243,0001,1,FOUR FITNESS,08,20230210,20140527,BA,3849
12096090,0001,1,,02,20250204,20100527,SP,7107
12097334,0001,1,MEGA FITNESS ACADEMIA DE GINASTICA,04,20210218,20100616,MT,9925
05309090,0002,2,,08,20250825,20100616,PR,7777
11313461,0001,1,ENERGY GYM,08,20180808,20091111,PR,7667
12127626,0001,1,ACADEMIA LADY FITNESS,02,20100513,20100513,SP,6309
12132279,0001,1,ACADEMIA FEMININA ESPACO FITNESS,08,20200219,20100531,SP,6875
12133309,0001,1,ACADEMIA PHYSICUS,08,20200213,20100622,ES,5693
12136723,0001,1,ACADEMIA MENDES,08,20160113,20100629,MG,4049
20327949,0001,1,ESTUDIO RI PILATES,08,20200217,20140526,RS,8801
12146448,0001,1,MANGATA CROSSFIT,02,20100527,20100527,PR,7535
12149574,0001,1,,02,20100525,20100525,SP,7107
13055767,0001,1,D. L. SAWAYA - ME,08,20170118,20101217,SP,7107
12156364,0001,1,ACADEMIA FAMILIA KEMBU-KAY,08,20150226,20100704,SP,7107
12161136,0001,1,NEW LIFE ACADEMIA,08,20151125,20100621,SP,7097
12162155,0001,1,,08,20140731,20100614,SP,7107
12182011,0001,1,FORCA DAS ONDAS ACADEMIA,08,20191028,20100303,RJ,5909
11274294,0001,1,STIMULUS CAPACITACAO FISICA,04,20240823,20091030,RJ,5865
12207423,0001,1,CREART,08,20150316,20100711,RJ,6001
20330144,0001,1,DOPAZO FITNESS,02,20140527,20140527,RJ,6001
07603088,0002,2,,08,20110708,20100525,MG,4133
12210038,0001,1,CENTRO VERDI DE FISIOTERAPIA,08,20211126,20100707,RS,8831
12214637,0001,1,,08,20140411,20100712,MG,4647
12214968,0001,1,MAIS SAUDE FITNESS,02,20100709,20100709,BA,3685
12216494,0001,1,BEM ESTAR ACADEMIA LTDA ME,08,20170424,20100708,RJ,5925
12225883,0001,1,ACADEMIA HALLEY FITNESS,04,20210407,20100714,BA,3849
12231242,0001,1,ACADEMIA SECULOS,04,20220607,20100519,PE,2521
12231556,0001,1,,02,20100707,20100707,SP,7107
11494316,0002,2,ACADEMIA PODIUM II,08,20150810,20100708,SP,7107
12247034,0001,1,,08,20260209,20100708,SP,6219
12248675,0001,1,ACADEMIA AGDA FITNESS,02,20220810,20100609,RJ,5819
11288525,0001,1,ACADEMIA STILO FITNESS,04,20181017,20091105,DF,9701
12251860,0001,1,IMPULSO STUDIO FITNESS,02,20230427,20100719,MG,4123
12255533,0001,1,ACADEMIA ESPACO FITNESS,02,20100720,20100720,SC,8397
12257691,0001,1,ESPACO TRIADE ATIVIDADE FISICA E QUALIDADE DE VIDA,04,20210419,20100622,SP,6467
12267312,0001,1,IDEAL ESPORTE E EVENTOS,02,20100722,20100722,MG,4865
12275169,0001,1,FERNANDES STUDIO PILATES,08,20110315,20100715,ES,5715
12275773,0001,1,ACADEMIA CORPO ESPORTE,02,20100705,20100705,SP,7057
06300790,0002,2,,08,20180206,20071130,PI,1219
05606196,0002,2,ACADEMIA HI-FIT,08,20220708,20100713,RN,1761
12278697,0001,1,,08,20220329,20100629,SP,6607
12285065,0001,1,CAPP FITNESS ACADEMIA,08,20120518,20100727,RJ,5813
12299773,0001,1,STUDIO PILATES JULIANA BARROS,02,20100702,20100702,SP,7107
12310139,0001,1,,04,20210409,20100730,PE,2499
12313098,0001,1,,08,20161019,20100721,CE,1389
12319238,0001,1,,03,20111103,20100727,SP,6291
12320290,0001,1,ACADEMIA CORPORE,08,20160314,20100719,CE,1447
12321126,0001,1,,04,20210316,20100726,RJ,6001
12321369,0001,1,FENIX SPORT'S CENTER,02,20100803,20100803,MG,4371
20334282,0001,1,MOOVIT ACADEMIA,08,20180806,20140527,SP,7253
12335735,0001,1,REAL FORMA,02,20100728,20100728,PB,1913
12348251,0001,1,DAVID SILVEIRA GYM FIGHT,08,20141204,20100803,PR,7667
12354499,0001,1,ACADEMIA SOB MEDIDA,04,20210326,20100618,SP,6313
12358734,0001,1,ESTILO VIDA ACADEMIA,08,20170419,20100810,SP,6603
12359260,0001,1,,02,20100719,20100719,SP,6363
12361154,0001,1,ACADEMIA IMPACTO SPORTS,04,20181220,20100811,SP,6689
12361971,0001,1,MIX COMERCIO E SERVICO DE CONDICIONAMENTO FISICO LTDA,08,20140605,20100805,DF,9701
12371033,0001,1,ACADEMIA ALTA PERFORMANCE,08,20161026,20100721,SP,7107
12376055,0001,1,EQUIPE TOP BROTHER,04,20240808,20100723,RJ,6001
12382687,0001,1,ACADEMIA ESPORTE & MOVIMENTO,08,20190516,20100326,SP,6545
12388795,0001,1,ESPARTA ACADEMIA,04,20231030,20100812,PE,2531
12391037,0001,1,WOLLEY FITNESS ACADEMIA,08,20190604,20100817,BA,3495
12391387,0001,1,ACADEMIA BOA FORMA,08,20160115,20100806,SP,6911
12402348,0001,1,PERSONAL STUDIO SAUDE & FITNESS,02,20100804,20100804,RJ,5903
12405816,0001,1,ACADEMIA DRAGAO CHINES,02,20100813,20100813,SP,6291
10941933,0002,2,I M DA SILVA ACADEMIA ME,08,20250519,20100301,SP,6377
20336927,0001,1,CARLOS CRUZ,08,20210226,20140528,SP,6425
12427476,0001,1,INSTITUTO DE TREINAMENTO EU SOU,02,20210628,20100809,SP,6605
12429769,0001,1,ACADEMIA CANTEGRIL,08,20141216,20100824,RS,8963
12436688,0001,1,,08,20180201,20100826,SP,7099
12437348,0001,1,STUDIO ATIVA,08,20211217,20100820,MS,9113
12438710,0001,1,,08,20171110,20100826,RJ,6001
12444672,0001,1,IT PILATES,04,20260528,20100813,SP,6323
12453113,0001,1,ALDEIA CENTRO DE BEM ESTAR FISICO,02,20100813,20100813,SP,7107
12459003,0001,1,ACADEMIA ATOMICA,08,20161116,20100830,SP,6619
12459727,0001,1,ACADEMIA JUNIOR TRAINNER,04,20210401,20100827,GO,9227
12463761,0001,1,ACADEMIA VIVA BEM FITNESS,04,20210423,20100827,PE,2381
12473713,0001,1,VO2 ACADEMIA,02,20100902,20100902,MS,9051
12483570,0001,1,ACADEMIA CORPO E ACAO,02,20100823,20100823,PR,7657
12492204,0001,1,ESPACO FITNESS ACADEMIA,08,20110913,20100831,SP,7097
12493232,0001,1,FISION ACADEMIA,02,20100827,20100827,BA,3669
12496323,0001,1,ACADEMIA STUDIO CORPO E CIA LTDA,04,20220125,20100727,RJ,5897
12499862,0001,1,ACADEMIA PERFORMANCE II,04,20240807,20100715,SP,7107
09332550,0001,1,PLANET FIT,04,20231027,20071226,SP,7107
12520444,0001,1,TROTS CROSSFIT,08,20251127,20100909,SP,7075
12530163,0001,1,,08,20151110,20100614,SP,6377
12532216,0001,1,GRUPO PERSONAL,08,20140512,20100914,DF,9701
11746863,0001,1,GAMA FITNESS PILATES,02,20100329,20100329,SP,6929
12542625,0001,1,DOLCE VITA NUTRICAO ESPORTIVA,08,20180201,20100917,GO,9445
12552380,0001,1,,08,20130913,20100914,PR,7691
12560240,0001,1,ACADEMIA ESTETICA E SAUDE,04,20210422,20100921,BA,3965
20341915,0001,1,JULIANA CASSEL CENTRO DE TREINAMENTO PERSONALIZADO,02,20140528,20140528,RS,8801
12578669,0001,1,ACADEMIA ATIVU'S,02,20100820,20100820,AL,0971
12605859,0001,1,ESPACO COMPANHIA DO CORPO,02,20100928,20100928,SP,6101
12609107,0001,1,THE BEST MOVEMENT,04,20260526,20100812,SP,7263
12616940,0001,1,ACADEMIA LEAO MARINHO,08,20220308,20100916,SP,7099
12620004,0001,1,,04,20220609,20101001,RJ,5877
12632082,0001,1,ACADEMIA BRENDA PHYSICUS,08,20210804,20101005,PE,2317
12634253,0001,1,ACADEMIA MOVMENT FITNESS & SAUDE,02,20100928,20100928,RS,8713
12637553,0001,1,,08,20120229,20100924,SP,7107
12657795,0001,1,ACADEMIA A+,08,20240426,20101013,MG,4371
12657880,0001,1,,02,20101008,20101008,MG,4371
12674118,0001,1,ACADEMIA EXTREMOZ FITNESS,04,20231107,20101018,RN,1671
12685230,0001,1,SARADOS.COM ACADEMIA,04,20181206,20101019,MG,5091
12690179,0001,1,ACADEMIA SAUDE E MOVIMENTO,08,20180803,20101014,GO,9205
20346046,0001,1,,08,20150126,20140529,SP,6251
10666916,0002,2,,08,20111031,20101006,SP,6835
12710329,0001,1,SPARTAN ACADEMIA,02,20101021,20101021,RN,1837
08824042,0002,2,,08,20130401,20101019,MG,5403
12724483,0001,1,ACADEMIA CENTRAL FITNESS,02,20101022,20101022,MG,4959
12755593,0001,1,LOBO FITNESS,02,20230328,20101015,BA,3849
37119286,0002,2,SARA & CURA ACADEMIA,04,20181017,20101025,DF,9701
12772624,0001,1,RW FIT ACADEMIA,02,20101026,20101026,AC,0147
12776368,0001,1,,08,20140423,20101028,SP,6789
12806595,0001,1,MOVIMENTE-SE PERSONAL STUDIO,02,20101104,20101104,BA,3957
12809501,0001,1,PHYSICAL CENTER,08,20200908,20100917,AL,2745
09633958,0001,1,CURVES,08,20150401,20080604,RJ,5819
12821036,0001,1,,08,20121009,20100927,SP,7057
12820294,0001,1,,08,20150410,20101108,MG,4371
12824956,0001,1,,08,20120227,20101108,MG,4123
12828501,0001,1,BRUTO'S ACADEMIA,08,20251211,20101105,ES,5625
12834301,0001,1,RIO PLANET FITNESS,04,20260512,20101028,RJ,5813
12836479,0001,1,JESSICA SIQUEIRA,02,20101110,20101110,SP,6477
12836965,0001,1,,08,20181214,20101027,SP,7107
12872464,0001,1,NATAL FITINESS,08,20150831,20101117,BA,3313
12876064,0001,1,TENNIS PRO,08,20180201,20101118,DF,9701
12879024,0001,1,MG FIT,02,20250724,20101118,BA,3849
12886968,0001,1,,08,20120316,20100924,PR,7535
12901151,0001,1,FREE LIFE,02,20101119,20101119,DF,9701
12915409,0001,1,,08,20110502,20101103,PR,7751
12918575,0001,1,ACADEMIA PERSONAL FITNESS,02,20101117,20101117,PA,0401
12921007,0001,1,ACADEMIA ANA PAULA DURVAL,04,20260512,20101123,RJ,2913
12921118,0001,1,MASTER FORMA ACADEMIA,08,20180601,20101124,CE,1369
12922427,0001,1,MIRANDA & MIRANDA TRAINER ACADEMIA,04,20260515,20101124,SC,8039
12924042,0001,1,ENERGIA VITAL,08,20260128,20101125,MG,4553
08794494,0001,1,,02,20070419,20070419,RS,8841
12957661,0001,1,PRATA.COM,04,20210316,20101201,RJ,6001
12957930,0001,1,,08,20150208,20101203,SP,6741
12958818,0001,1,ACADEMIA ESTACAO DO CORPO,08,20190717,20101018,RJ,2911
12974840,0001,1,,04,20260526,20101201,SP,6681
12986182,0001,1,ACADEMIA 7,02,20101123,20101123,SP,6477
12986843,0001,1,STUDIO A,02,20101129,20101129,SP,6597
12992601,0001,1,,08,20130916,20101210,SC,8357
12995308,0001,1,SOLO PILATES,08,20180801,20101014,PR,7535
12996496,0001,1,ACADEMIA MODELE-SE,02,20101206,20101206,CE,1321
13006032,0001,1,CAZAR PRIME,04,20210303,20101129,MA,0921
13007961,0001,1,BLUE+ ACQUA STUDIO,02,20101210,20101210,DF,9701
13010259,0001,1,VILA OLIMPIA,04,20201103,20101208,SP,7107
20357171,0001,1,CDPD,04,20210316,20140530,RJ,6001
13035394,0001,1,ESPACO FISICO,08,20161125,20101220,SP,2953
13035792,0001,1,MAX GYM,02,20101222,20101222,PI,1219
13036050,0001,1,KL 10 FITNESS,08,20240131,20101222,AL,2705
13040805,0001,1,,08,20190325,20101210,SP,7077
13042498,0001,1,,02,20101223,20101223,RS,8801
10781549,0001,1,,03,20110204,20090415,CE,1451
13046464,0001,1,BODY MOVE,02,20101117,20101117,RJ,6001
20358111,0001,1,CROSSFIT ZERO85,02,20140602,20140602,CE,1389
11654992,0001,1,ACADEMIA TOPAZIO,04,20240819,20100303,BA,3581
13064106,0001,1,,08,20140703,20110104,RJ,6001
13065975,0001,1,ACADEMIA NOVA FORMA FITNESS,08,20201029,20110104,MG,2673
13067610,0001,1,SPORT FITNESS ACADEMIA,08,20220413,20110104,TO,9733
20358714,0001,1,EQUILIBRE - SAUDE E BEM ESTAR,08,20180219,20140602,SP,6789
13075208,0001,1,CLINICAL FITNESS,02,20101229,20101229,CE,1487
13076618,0001,1,,08,20150911,20110106,AM,0255
13080907,0001,1,INFINITY FIGTH CLUB,08,20111027,20101221,SP,7107
10830458,0001,1,ALA VIP ACADEMIA,08,20170707,20090514,TO,9733
20359583,0001,1,SPINE PLACE,08,20151001,20140602,RS,8729
13100341,0001,1,LIFE SQUASH ACADEMIA,08,20160401,20101227,PR,7691
13100460,0001,1,,08,20111220,20101228,RS,8801
13104562,0001,1,VISION FITNESS ACADEMIA,02,20101116,20101116,RN,1761
13105428,0001,1,,02,20110113,20110113,ES,0766
13107287,0001,1,,02,20101004,20101004,PR,7535
13144426,0001,1,,08,20141113,20110119,SP,6647
13158049,0001,1,ACADEMIA ADONAI,08,20170620,20110112,CE,1451
13160026,0001,1,HAPPYLATIS PILATES,08,20140708,20110110,SP,7175
13165655,0001,1,RENATA MENEZES PIO,08,20170627,20101220,GO,9227
13172103,0001,1,I9 FITNESS,02,20100823,20100823,SP,6969
13183684,0001,1,,04,20201103,20101022,SP,7107
13185702,0001,1,DOUBLE BALANCE SLACKINE,08,20170530,20110112,PR,7535
13185740,0001,1,OUTFIT,08,20140508,20110127,RN,1761
13191983,0001,1,,08,20161206,20110202,SP,6219
13194067,0001,1,ACADEMIA GIUSTI,04,20210318,20110128,SC,8027
13200429,0001,1,PLAY FIT ACADEMIA FEMININA,02,20101215,20101215,SP,6927
13204073,0001,1,RYTMU'S ACADEMIA,04,20260526,20110120,SP,7107
13205801,0001,1,ACADEMIA DE GINASTICA MUVUCA,04,20210318,20110202,SC,8161
13208037,0001,1,ACADEMIA MAIS,02,20230217,20110204,TO,0367
13212336,0001,1,POWER FIT ACADEMIA,08,20220307,20110201,SP,6789
13219545,0001,1,,08,20120427,20110207,MG,4123
13220356,0001,1,ABSOLUTA FIT,02,20110127,20110127,BA,3255
13227716,0001,1,,02,20110209,20110209,MG,4559
13235716,0001,1,,08,20251202,20110202,SP,7075
13236868,0001,1,STUDIOS GINASTA LABORAL MASSOTERAPIA PILATES,04,20181016,20110202,SP,7107
13237096,0001,1,,08,20111026,20110203,SP,7107
11355225,0001,1,ACADEMIA BIO ISAAC,04,20190226,20091124,PA,0415
13244107,0001,1,BODY LINE ACADEMIA,04,20210226,20110203,SP,7107
13257513,0001,1,,08,20211123,20110215,RS,8801
13259583,0001,1,W L PILATES,08,20190521,20110216,PB,2051
13260896,0001,1,ACADEMIA SAUDE ATIVA,08,20220210,20100910,PR,7535
09154265,0001,1,ACADEMIA CIA DO CORPO,08,20181113,20071018,SC,8221
13278831,0001,1,,02,20110221,20110221,SP,7175
03804862,0002,2,SESI LAZER,02,20101028,20101028,AC,0139
13282113,0001,1,SOUL FITNESS,02,20110221,20110221,MG,4733
10866278,0001,1,ACADEMIA NEW FITNESS,04,20180904,20090507,MG,4123
13293921,0001,1,,08,20170417,20110223,SC,8105
13294838,0001,1,,08,20170123,20110214,SP,6289
13299387,0001,1,CENTER CORPUS STUDIO PILATES,08,20260210,20110218,AP,0605
12132754,0001,1,ESPACO PILATES STUDIO,08,20110222,20100618,SP,6219
13306695,0001,1,,02,20201204,20110225,MG,5085
13309583,0001,1,GRIFO PILATES,02,20110217,20110217,RS,8801
13311619,0001,1,ACADEMIA PROFITNESS,04,20190228,20110228,AM,0255
13313625,0001,1,ACADEMIA CMTE CARLOS SANTOS,04,20210407,20110210,BA,3849
13347108,0001,1,GETFIT ACADEMIA,08,20190529,20110310,MG,4177
13350051,0001,1,,08,20170417,20110311,RJ,6001
13352482,0001,1,STUDIO VIVER PILATES,08,20230119,20110303,DF,9701
13362618,0001,1,PRATIQUE SPORTS,04,20201023,20110214,SP,7075
13364810,0001,1,ACADEMIA SPAZZIO FITNESS,08,20171108,20110214,BA,3849
14338513,0002,2,PIRACURUCA FORTES ACADEMIA,08,20171227,20140519,PI,1165
13378843,0001,1,ECO3 TREINAMENTOS ESPECIALIZADOS,03,20110915,20110216,SP,7079
20369275,0001,1,MC ASSESSORIA ESPORTIVA,02,20140603,20140603,SP,6645
13398785,0001,1,,08,20151103,20110322,MT,9067
13401983,0001,1,ESPACO PILATES STUDIO,08,20250725,20110228,SP,6219
13402534,0001,1,,02,20211018,20110322,RJ,5851
13403333,0001,1,PURO2,02,20110322,20110322,SC,8275
13417222,0001,1,,04,20210323,20110311,RS,8773
13437048,0001,1,ACADEMIA DE BALLET ROSANIA GONCALVES,08,20220204,20110317,SP,6101
13441260,0001,1,,08,20250131,20100827,PR,7535
13452094,0001,1,CENTRAL FITNESS ACADEMIA,04,20210209,20110222,ES,5669
12904246,0001,1,PRATIC FITNESS CLUB,02,20101119,20101119,MG,4123
13469592,0001,1,CORPORE ACADEMIA,02,20110405,20110405,MT,9831
13472779,0001,1,SOU-LLIFE ACADEMIA,02,20110406,20110406,PB,1965
09049246,0001,1,ACADEMIA EVOLUCAO,08,20190121,20070910,PR,7667
13481799,0001,1,FEEL GOOD,04,20260526,20110407,PB,2051
13484205,0001,1,,02,20110407,20110407,MG,4675
20372923,0001,1,FABIANO DA SILVA,08,20150308,20140603,RS,8599
13493868,0001,1,,02,20110401,20110401,SP,6251
13497924,0001,1,OLYMPICA ACADEMIA,08,20150610,20110406,PB,2117
13504093,0001,1,,02,20110411,20110411,MG,4123
13504117,0001,1,CURVE ACADEMIA,08,20160429,20110413,MG,4105
13516048,0001,1,CORPO E MOVIMENTO ACADEMIA,08,20131217,20110414,MG,0688
18108396,0002,2,PRO ATIVA FITNESS,08,20190619,20140603,MS,9073
50843556,0004,2,,08,20151223,20110331,SP,6219
13528521,0001,1,,08,20190611,20110418,RN,1761
13534899,0001,1,,02,20110415,20110415,SP,6969
13502412,0002,2,,08,20200826,20110406,RJ,5877
20491276,0001,1,ACADEMIA EVOLUTION,02,20140624,20140624,MG,5011
20374584,0001,1,STUDIO DEBORAH RODRIGUES,08,20161020,20140603,GO,9373
10772221,0001,1,PERFIL FITNESS,04,20220112,20090417,RJ,6001
13549450,0001,1,ACADEMIA PRO-SAUDE,02,20110420,20110420,BA,3965
13553796,0001,1,PRO FIT ACADEMIA,04,20181030,20110414,RS,8801
13569265,0001,1,ACADEMIA PERFFORMANCE,08,20220126,20110223,RS,8919
13570612,0001,1,LULU FITNESS,02,20110429,20110429,BA,3401
13577274,0001,1,ELITEFITNESS,08,20160822,20110502,BA,3849
13577738,0001,1,ACADEMIA CORPO ATLETICO,04,20181025,20110428,PE,2531
13595135,0001,1,VIP ESPORTES,08,20140923,20110418,MG,4123
13603622,0001,1,ESPACO TABANAHY,02,20110405,20110405,SP,6629
13610823,0001,1,BCV SAUDE EM MOVIMENTO,08,20190320,20110425,SP,7107
13624793,0001,1,M.R ACADEMIA,02,20240105,20110511,SP,7121
13627432,0001,1,,04,20210226,20110426,SP,7107
13527374,0001,1,EQUILIBRIO PILATES,08,20180130,20110412,RS,8637
13644921,0001,1,BODYBUILDER RESULTADO FITNESS,08,20201008,20110426,AL,2785
13653452,0001,1,PERFECT POINT,04,20260526,20110512,PB,1981
13661083,0001,1,STUDIO VALDIR NEVES,08,20220124,20110518,SC,8039
13689304,0001,1,VALENT FITNESS,02,20110513,20110513,RN,1755
13689391,0001,1,,08,20160603,20110524,RS,8801
13690338,0001,1,ACADEMIA BOA FORMA,08,20180523,20110518,CE,1385
13690535,0001,1,BYO FITNESS,08,20151020,20110425,SP,7107
13691854,0001,1,ESPACO FITNESS,04,20210218,20110524,MS,9021
18265453,0002,2,ACADEMIA DEMARQUES,08,20170720,20140526,SE,3105
13701225,0001,1,,04,20181221,20110512,SP,6425
13701361,0001,1,ACADEMIA MILLENIUM,08,20251125,20110517,MA,0849
13707958,0001,1,EVA SIMONE - STUDIO DE PILATES,02,20110526,20110526,MG,5403
20380467,0001,1,PERFIL ACADEMIA,02,20140604,20140604,SP,7097
08644821,0005,2,SMART FIT,08,20240920,20110523,DF,9701
13723852,0001,1,,08,20210506,20110530,SP,7075
10369188,0001,1,SMART FIT,08,20190102,20080910,DF,9701
20380975,0001,1,ARARA JIU-JITSU CLUBE,08,20170613,20140604,BA,3849
13739006,0001,1,VILA FITNSS,08,20171031,20110531,MG,5425
13753245,0001,1,ACADEMIA BOA FORMA,02,20110530,20110530,CE,1313
13759661,0001,1,ACADEMIA BIO FORMA,02,20110524,20110524,SP,6527
13785606,0001,1,,02,20110601,20110601,SP,7097
11458543,0002,2,,04,20180928,20110525,RS,8681
13790351,0001,1,STUDIO PILATES JEANE MENDES,02,20110613,20110613,MG,4865
13794754,0001,1,MASTER FIT,03,20130807,20110607,SP,7107
13810904,0001,1,BODY HALL ACADEMIA,02,20110610,20110610,SC,8105
13816069,0001,1,E.L.M.F. ACADEMIA LTDA,04,20190227,20110601,SP,7057
13818647,0001,1,MAROMBA FITNESS,04,20260526,20110603,PI,1219
13821551,0001,1,,02,20110401,20110401,SP,6293
13830554,0001,1,G MAX,08,20140604,20110601,SP,6291
13842183,0001,1,TOP FITNESS ACADEMIA,02,20110621,20110621,PI,1219
13843101,0001,1,HLX QUALITY FITNESS,08,20250703,20110621,RJ,2909
13848701,0001,1,,02,20110614,20110614,SP,6155
20384978,0001,1,JAIRO ALCANTARA TREINO FUNCIONAL,04,20210407,20140604,BA,3849
13865925,0001,1,ALIVE ACADEMIA,02,20110628,20110628,SC,8081
13869866,0001,1,M3,08,20140220,20110622,PE,2491
13870685,0001,1,ACADEMIA BOA FORMA,08,20230307,20110620,MT,9067
13871318,0001,1,ACADEMIA KGB FITNESS,08,20220831,20110628,MG,5403
13873357,0001,1,JALAPA FIT ACADEMIA,04,20260529,20110628,TO,9553
13875627,0001,1,R MORAIS,08,20160108,20110629,MG,4127
13895910,0001,1,,04,20231113,20110630,RJ,5897
13900936,0001,1,POINT ACADEMIA,02,20110628,20110628,GO,9301
13910148,0001,1,STUDIO WL FISIOPILATES LTDA ME.,02,20230828,20110420,RJ,6001
13910232,0001,1,,08,20170306,20110617,SP,6723
13585867,0001,1,,08,20210310,20110503,MT,9185
13932282,0001,1,,04,20190116,20110705,BA,3965
13945202,0001,1,STUDIO ALEXANDER CAPPELLARI,08,20250407,20110708,MS,9051
97520748,0001,1,ACADEMIA AVANCE,02,20110630,20110630,RJ,5819
97522762,0001,1,,04,20180904,20110708,MG,5403
97527941,0001,1,ACADEMIA CLASSE 'A' FITNESS,08,20211209,20110708,MG,2659
97528531,0001,1,BOX FIT,03,20171011,20110711,DF,9701
97536895,0001,1,ACADEMIA PLENITUDE,08,20230126,20110706,PA,0587
97537117,0001,1,,08,20150416,20110628,SP,7107
97537698,0001,1,,08,20240708,20110711,PE,2531
97538253,0001,1,,08,20160328,20110712,CE,1389
97546008,0001,1,CORPO INTEIRO,02,20110711,20110711,MA,0877
01957175,0003,2,ACADEMIA NO LIMITE,02,20110708,20110708,DF,9701
13953193,0001,1,ACADEMIA FISICULTURA,04,20190130,20110714,PE,2627
13954937,0001,1,NOVA META ACADEMIA,02,20110712,20110712,CE,1395
13955774,0001,1,ACADEMIA ALTACAO,04,20210426,20110715,PB,2175
13979438,0001,1,ACADEMIA SEM PARAR,08,20180209,20110629,SP,6897
13979741,0001,1,BLOOM FITNESS ACADEMIA FEMININA LTDA,04,20190110,20110712,SP,6131
13995432,0001,1,MYCOACH TREINAMENTO,02,20110722,20110722,GO,9373
14000204,0001,1,ACADEMIA 100% BROTHER,04,20260515,20110725,BA,3921
10731232,0001,1,ACADEMIA IMPACTO,02,20090313,20090313,SP,6213
14021896,0001,1,ACADEMIA COMPANHIA DO CORPO,04,20181026,20110727,AM,0255
14025321,0001,1,M. M. FITNESS,08,20190606,20110728,BA,3849
14030091,0001,1,NAPES CONDICIONAMENTO FISICO,02,20110707,20110707,PR,7535
14030242,0001,1,,08,20210714,20110729,RJ,2921
14032939,0001,1,VO 2 ACADEMIA,08,20120730,20110708,PR,7923
05476671,0002,2,ACADEMIA RF,08,20150128,20110727,SC,8233
02282638,0002,2,AQUA SANA,02,20101019,20101019,SP,6291
14061018,0001,1,X FITNESS,04,20210226,20110719,SP,7107
20393180,0001,1,BUENOS FITNESS ACADEMIA,02,20140605,20140605,PE,2353
14064931,0001,1,ESPACO FIT,08,20160712,20110801,DF,9701
08588551,0001,1,HIGH POWER ACADEMIA LTDA ME,04,20210305,20061218,SP,7107
12234644,0001,1,JARDEL MOURA ASSESSORIA ESPORTIVA,02,20100714,20100714,BA,3849
14078262,0001,1,ACADEMIA KAKA CARDIO FITNESS,02,20240308,20110805,AM,0255
14079410,0001,1,RITMUS ACADEMIA,02,20110802,20110802,RN,1759
14088935,0001,1,SAUDE E BEM-ESTAR,08,20190321,20110808,MA,0763
14089518,0001,1,ACADEMIA DELUCA,02,20110727,20110727,RS,8405
14091795,0001,1,ACADEMIA TOTAL FITNESS,08,20150427,20110809,GO,9445
14103259,0001,1,BARBOSA JIU-JISTU,02,20110516,20110516,SP,7107
14107401,0001,1,ACADEMIA SPACE CORPUS,02,20110811,20110811,MG,4865
14108275,0001,1,,08,20160725,20110810,PB,1981
14110256,0001,1,,02,20110720,20110720,RJ,6001
14110321,0001,1,ESPACO TERCEIRA CASA LTDA,08,20171124,20110729,SP,6875
14113405,0001,1,PRO QUALITY,02,20110722,20110722,RJ,6001
14131158,0001,1,FIGHTER SPORT,02,20231110,20110816,CE,1389
14135836,0001,1,HARDCORPS,08,20250529,20110817,GO,9373
14142027,0001,1,,04,20181204,20110817,BA,3913
14144848,0001,1,ACADEMIA WS,08,20200212,20110811,SP,7017
14148938,0001,1,ACADEMIA BEM ESTAR,08,20161110,20110818,MA,0807
14164954,0001,1,R & S FITINESS ACADEMIA,02,20220222,20110823,PI,1109
14167138,0001,1,,02,20191028,20110816,RJ,5919
14173627,0001,1,ACADEMIA CORPO EM ACAO,02,20110819,20110819,CE,1495
20397189,0001,1,,08,20150828,20140605,RJ,5877
20397292,0001,1,ESPORTE ADAPTADO,02,20140605,20140605,MS,9165
14183572,0001,1,,02,20110825,20110825,SP,6565
14198114,0001,1,,04,20220208,20110829,RJ,1116
14205174,0001,1,ACADEMIA HU CHUEN,08,20240111,20110830,RN,0414
14207493,0001,1,SUPERFIT,02,20110829,20110829,MG,4123
14208665,0001,1,KORPUS ACADEMIA,02,20110829,20110829,RS,8731
07889875,0002,2,PLENA FORMA,08,20161215,20101111,SP,7107
14223841,0001,1,CROSS ARENA PERFORMANCE,08,20200214,20110901,RJ,2909
14226198,0001,1,NATACAO AQUA SCHOOL,02,20110817,20110817,SP,7107
14229270,0001,1,,02,20110810,20110810,SP,7021
14234073,0001,1,V.S.E TRAINNER,02,20110822,20110822,SP,6477
07393666,0002,2,,08,20150312,20110705,SP,6477
14238493,0001,1,STUDIO PILATES FERNANDA MENDES,08,20191018,20110729,SP,7099
14239856,0001,1,,02,20110902,20110902,MG,4941
14263023,0001,1,,08,20210216,20110909,MG,5403
14271281,0001,1,SUPERACAO ACADEMIA,08,20201002,20110823,ES,5703
14275894,0001,1,BOA FORMA ACADEMIA LTDA,08,20221025,20110913,BA,3481
12116540,0002,2,INSTITUTO TOTUM DE SAUDE INTEGRADA LTDA ME,08,20140128,20110905,DF,9701
14295988,0001,1,,08,20200311,20110913,SP,6295
14299856,0001,1,APR FITNESS,02,20250828,20110915,SP,6953
14301819,0001,1,TOP FITENSS M7T,08,20211001,20110915,BA,3519
12529180,0001,1,ACADEMIA ESPACO SAUDE,02,20100902,20100902,ES,5693
14313011,0002,2,,08,20201008,20141024,SP,7107
08681114,0002,2,UP FITNESS CENTER,08,20241212,20110901,SP,7107
20401892,0001,1,ALEXANDRA PERSONAL TRAINER,04,20220208,20140606,RJ,5803
14335961,0001,1,,04,20210120,20110920,RO,0001
14343908,0001,1,ACADEMIA LIONS TOP,02,20190516,20110920,BA,3593
20402762,0001,1,,08,20140616,20140606,PR,7583
14350892,0001,1,,08,20210201,20110926,SP,6317
14357865,0001,1,SENA-SERVICOS DE MASSOTERAPIA,08,20230411,20110901,CE,1389
14357878,0001,1,,08,20220218,20110926,RJ,5885
14364538,0001,1,PILATES SPACE,08,20250623,20110922,SC,8105
14381729,0001,1,,04,20260513,20110906,PE,2397
14391150,0001,1,RUN IN RIO,08,20210902,20110930,RJ,6001
14407751,0001,1,VITAL ASSESSORIA E GINASTICA LABORAL,08,20240301,20110914,SP,7121
14410788,0001,1,ACADEMIA COLISEUM,04,20181207,20110914,PE,2457
14416198,0001,1,ACADEMIA MAIS SAUDE,08,20220324,20110916,GO,9373
14416938,0001,1,CORPO FITNESS,04,20190124,20111004,MG,4417
14417738,0001,1,FOR LIFE ATIVIDADE FISICA,08,20170102,20111005,BA,3849
14426477,0001,1,XP XTREME POWER,04,20260522,20111007,SP,6219
14428693,0001,1,HOME PILATES,08,20130312,20110930,DF,9701
14456319,0001,1,,02,20111014,20111014,AL,2785
14464357,0001,1,,03,20150126,20110930,SP,7107
14464935,0001,1,IMPACTO FITNEES STUDIO NUTRICAO E ATIVIDADE FISICA EM S,02,20111007,20111007,ES,5699
14468815,0001,1,ESPACO 42,08,20171211,20111017,RJ,5897
14474671,0001,1,VIBE CLUB,08,20120123,20111014,PE,2531
14476695,0001,1,ACADEMIA PERFORMANCE,02,20111011,20111011,PR,7571
12860119,0001,1,RE9 ACADEMIA,04,20220208,20101101,SP,6969
14485613,0001,1,,08,20220429,20111019,MG,4123
14493823,0001,1,SPORT & FITNESS ACADEMIA PERSONALIZADA,02,20111018,20111018,SC,8097
14496626,0001,1,,08,20160126,20111011,RS,8963
13223421,0001,1,THOMAZ MELLO CENTER FITNESS,02,20101220,20101220,RS,8727
20408371,0001,1,JONES AMARAL PERSONAL TRAINER,08,20180126,20140608,ES,5705
14514793,0001,1,,04,20210303,20111025,CE,1537
11222165,0001,1,ACADEMIA CORPO IDEAL,08,20110811,20091014,MG,4515
14526665,0001,1,MACIEL FITNESS,08,20200929,20111019,MA,0921
14528896,0001,1,",",04,20210226,20111005,SP,7107
14530010,0001,1,,02,20210312,20111027,RS,8845
11458543,0003,2,,04,20180928,20111019,RS,8585
14544000,0001,1,STUDIO PERSONAL LIFE,08,20120928,20110825,PR,7535
14559913,0001,1,CENTRO DE TREINAMENTO ESPORTIVO PERSONAL,04,20210219,20111101,PA,0447
14562406,0001,1,,04,20190111,20111027,RJ,5819
14566380,0001,1,MARCELO RIBEIRO ASSESSORIA ESPORTIVA,08,20180201,20111104,PE,2531
14577173,0001,1,,04,20210323,20111107,RS,8801
14578310,0001,1,,08,20210312,20111104,SC,8083
14591889,0001,1,VIDA FITNESS,02,20111019,20111019,SP,6579
14600537,0001,1,ACADEMIA CORPO E SAUDE,02,20260611,20111110,MA,0963
11700824,0002,2,,02,20111114,20111114,MG,5343
14633097,0001,1,BE.FIT ACADEMIA,08,20211124,20111117,RJ,5863
14636267,0001,1,K FITNES,04,20260515,20111118,BA,3413
13919613,0001,1,CLINICA GILL'S,02,20110630,20110630,DF,9701
14644525,0001,1,STARTFIT,02,20111121,20111121,RJ,5875
14651408,0001,1,ACADEMIA VIDATIVA,08,20200526,20111025,RS,8791
14672788,0001,1,PILATES BEM VIVER,08,20130207,20111107,SP,6477
14676929,0001,1,,08,20121113,20111125,SP,6155
14677796,0001,1,,08,20170124,20111101,SP,7115
14678598,0001,1,FDAC ACADEMIA,02,20260603,20111026,SP,6371
14683238,0001,1,SANTE,08,20251205,20111117,PE,2531
20414028,0001,1,BELA FORMA ACADEMIA FEMININA,08,20150630,20140609,MG,4445
14694222,0001,1,FIT CENTER ACADEMIA,02,20111129,20111129,MA,0777
14696424,0001,1,ACADEMIA AME,08,20160713,20111121,RJ,5897
20414639,0001,1,,08,20170912,20140609,SP,6237
14704168,0001,1,,08,20140117,20111017,SP,6361
14710886,0001,1,VIDA ATIVA CENTRO DE ATIVIDADES AQUATICAS,08,20220118,20111202,SC,8391
20415195,0001,1,A S MARTINS,08,20140723,20140609,AM,0255
14725637,0001,1,VITA CORPORE ACADEMIA,04,20240807,20111201,DF,9701
14731941,0001,1,,08,20191217,20111207,SP,7107
14733738,0001,1,ACADEMIA MOVEMENT,08,20191101,20111207,MT,9035
14754423,0001,1,,04,20201022,20111212,GO,9373
14755229,0001,1,STUDIO + PERSONAL TRAINING,08,20150807,20111125,SP,7077
14759267,0001,1,,04,20220125,20111213,PE,2629
14763158,0001,1,JULIO FITNESS,08,20260515,20111213,CE,1247
11684150,0002,2,PN STUDIO FITNESS,08,20250512,20111103,BA,3807
14773768,0001,1,,08,20200506,20111116,PR,7477
14774745,0001,1,REFORCE FITNESS,02,20111201,20111201,SP,7005
14777673,0001,1,,08,20150513,20111219,SP,6913
14779020,0001,1,ESTUDIO 360 GRAUS,08,20130716,20111125,PR,7535
14783276,0001,1,PODER MUSCULAR,04,20210224,20111125,PE,2581
14785112,0001,1,,08,20131104,20111201,RS,8801
14787817,0001,1,,08,20140829,20111117,SP,6477
14788627,0001,1,KHROMUS,08,20140326,20111220,RS,8599
14796613,0001,1,,08,20150302,20111222,MG,4133
14799979,0001,1,WINNER FITNESS,04,20210319,20111223,RJ,2909
14800233,0001,1,CORPO PERFEITO ACADEMY,08,20191007,20111206,SP,6321
14801640,0001,1,,04,20190228,20111226,MA,0134
14813645,0001,1,,02,20111229,20111229,RJ,6001
14818209,0001,1,,02,20111229,20111229,RS,8705
14829539,0001,1,ACADEMIA PERFORMANCE,04,20210427,20111221,AL,2727
14839552,0001,1,ACADEMIA ESPACO FITNES,08,20250625,20120105,BA,3537
14840822,0001,1,,08,20170504,20120106,PE,2631
14843103,0001,1,,04,20210419,20120106,MG,4733
14848901,0001,1,,08,20121204,20120109,RJ,6001
14855015,0001,1,VIDATIVA,08,20201119,20120103,PR,7871
20419630,0001,1,JASPE,08,20150506,20140610,BA,3849
14880894,0001,1,,08,20171010,20120114,PA,0447
14744723,0001,1,FIT MANIA MUSCULACAO,08,20170525,20111207,SC,8105
14884213,0001,1,PERSONAL FIT HOME,08,20210319,20120116,AM,0255
04892290,0003,2,MSAM IMPORTACAO E COMERCIO LTDA,08,20130130,20111208,SP,7079
14895328,0001,1,C.E.F.A,04,20210224,20120117,CE,1389
14897819,0001,1,,02,20220922,20111111,SP,7107
20420694,0001,1,SMART FIT ACADEMIA,02,20140610,20140610,SP,6511
14904292,0001,1,,02,20111228,20111228,MA,0258
14907916,0001,1,ATHLETICA ALVORADA,04,20260525,20120119,AM,0255
14913204,0001,1,,08,20150210,20120120,DF,9701
14921312,0001,1,ACADEMIA VISUAL,04,20210423,20111201,RN,1761
14923579,0001,1,CARBOFIT,08,20250922,20120120,RN,1761
14928080,0001,1,,08,20221229,20120119,SP,7153
14937434,0001,1,DELLA'S STUDIO FITNESS,04,20181205,20120123,RO,0003
14939207,0001,1,STUDIO GAIA,04,20190226,20120125,DF,9701
14944518,0001,1,ACADEMIA FORCA E SAUDE,08,20210517,20120125,CE,1585
14952285,0001,1,WR GYM,04,20190329,20120127,RJ,6001
14957012,0001,1,IRON CLUB,08,20180921,20120129,SP,6251
20422710,0001,1,PESSINA&FITNESS,08,20180201,20140610,SP,7097
20422712,0001,1,STUDIO FOCUS,08,20180423,20140610,PR,7535
14968501,0001,1,ARENA ACADEMIA DE MUSCULACAO,04,20181030,20120105,RS,8841
14980251,0001,1,,08,20200302,20120201,ES,5623
14984370,0001,1,LUTHOR FITNESS,04,20181121,20120201,BA,3685
14986205,0001,1,ACADEMIA FITNESS TOTAL,08,20201211,20120202,MG,5257
14988636,0001,1,ACADEMIA DE MUSCULACAO TOP FITNESS,02,20120124,20120124,AM,0255
14990082,0001,1,ACADEMIA IN BOA FORMA,08,20190807,20120202,CE,1389
08318496,0002,2,TOP FITNESS,08,20201014,20120201,MT,9871
15007269,0001,1,,04,20201029,20120203,RJ,6001
15008532,0001,1,ACADEMIA IMPACTO,08,20240619,20120207,RJ,5833
15017937,0001,1,PS. PHISICAL SPORT,08,20140318,20120104,SP,7107
20424505,0001,1,MPRO ACADEMIA,02,20140606,20140606,ES,5705
15029094,0001,1,LIFE FITNESS,08,20221125,20120209,MG,5347
15034253,0001,1,CT ACAOATLHETICA SPORT FITNESS,02,20120208,20120208,RN,1651
15034522,0001,1,,08,20121204,20120209,RS,8541
20424902,0001,1,ACADEMIA FISICO,08,20230206,20140609,SC,8327
15037655,0001,1,ACADEMIA OK ROMULO SOARES,04,20201029,20120210,MG,4123
15039156,0001,1,ACADEMIA ESCULTURA DO CORPO,02,20120210,20120210,MA,0921
15043670,0001,1,NITRO ACADEMIA,08,20170405,20120213,RJ,6001
20425309,0001,1,NEXT EVOLUTION,08,20181218,20140610,SC,8117
15049605,0001,1,FIT 4 LIFE,08,20161104,20120201,SP,7079
15063549,0001,1,ACE - ATIVIDADES DE CONDICIONAMENTO FISICO,04,20210406,20120203,SP,6377
15072004,0001,1,ACADEMIA SUPERACAO,02,20120215,20120215,PR,7701
15079534,0001,1,JC ACADEMIA DE GINASTICA,08,20201015,20120216,BA,3849
15085278,0001,1,CT CROSSPORTO,08,20210311,20120216,BA,3807
15088279,0001,1,,08,20241126,20120224,SP,6581
15089251,0001,1,GALPAO DO MOISES,02,20190416,20120207,RR,0301
15089362,0001,1,LAZER & CIA,04,20231030,20120224,MS,9817
15090182,0001,1,+ MULHER,08,20190521,20120206,CE,1389
15091062,0001,1,ACADEMIA CRONOS,04,20181004,20120124,PR,7535
15096292,0001,1,ACADEMIA ALFA GYM,02,20250225,20120127,CE,1389
15114303,0001,1,,04,20220209,20111208,SP,7107
15119577,0001,1,,02,20120223,20120223,RS,8801
15121665,0001,1,ACADEMIA HORIZON,02,20120214,20120214,SP,7057
03603595,0040,2,SESC LAGUNA - ACADEMIA,02,20111226,20111226,SC,8185
15129485,0001,1,MELL CENTER,08,20200810,20120301,BA,3533
15137937,0001,1,MARIA INES STUDIO - MIS,08,20201021,20120305,MG,4629
15138242,0001,1,CARMO FIT,02,20120302,20120302,MG,4281
14868461,0001,1,ACADEMIA KORPUS GYM LTDA,02,20111212,20111212,PA,0441
15155967,0001,1,ESPACO VITALLE,08,20180201,20120307,RJ,5897
02994092,0002,2,,08,20190212,20120307,MG,5427
15184064,0001,1,ESPACO TAI KEN LTDA.,02,20120124,20120124,SP,6475
15185282,0001,1,OPTIMUS EMPREENDIMENTOS,02,20120302,20120302,GO,9373
15198876,0001,1,ACADEMIA SUPERACAO FITNESS,08,20181219,20120210,SP,7107
15204619,0001,1,MENDES CONDICIONAMENTO FISICO,02,20120314,20120314,MG,5359
15212754,0001,1,,08,20180620,20120316,MG,4137
15218810,0001,1,PESO LIVRE ACADEMIA,02,20200922,20120309,MT,9067
15221530,0001,1,MULTIPLUS,08,20211203,20120313,RJ,6001
15222124,0001,1,ACADEMIA AGITO,08,20150902,20120203,ES,5603
15226074,0001,1,,02,20120319,20120319,RS,8599
15231300,0001,1,,08,20161220,20120320,SP,2967
15238435,0001,1,ACADEMIA EQUILIBRIO,02,20120313,20120313,MT,9067
20431173,0001,1,ACADENIA DYNAMIC,08,20180608,20140610,PB,2235
15253408,0001,1,PARK'S FITNESS ACADEMIA,08,20190613,20120322,SP,6511
15265484,0001,1,STUDIO FIT,04,20210310,20070627,ES,5705
15271464,0001,1,ACADEMIA IRON FITNESS,08,20190227,20120323,RN,1603
15284000,0001,1,ACADEMIA TONY,02,20241024,20120329,AM,0255
15284349,0001,1,TOP FITNESS,02,20120329,20120329,GO,9287
15299505,0001,1,,08,20130125,20120328,SP,6101
15299835,0001,1,,04,20210226,20120229,SP,7107
15306943,0001,1,FOR FITNESS,08,20150107,20120330,RJ,6001
15314797,0001,1,NO EXCUSES STUDIO PERSONAL,08,20151105,20120403,RS,8939
15321814,0001,1,ACADEMIA MUSCULACAO E FITNESS,08,20180201,20120405,PE,0548
15322097,0001,1,GRUPO LPV,02,20250326,20120331,RJ,6001
15333631,0001,1,COOL TRAINING,08,20160803,20120409,RJ,5865
15344565,0001,1,4 FITNESS ACADEMIA,08,20240813,20120306,SP,7107
15345836,0001,1,SUBLIME STUDIO PILATES,02,20120330,20120330,MT,9151
15347443,0001,1,,08,20150824,20120411,SC,8141
20434604,0001,1,PHYSICO ACADEMIA 3,08,20170926,20140611,GO,9371
15356962,0001,1,IMPERIO ACADEMIA,02,20120402,20120402,PB,1975
15358287,0001,1,ATHLETICA ACQUA & FITNESS,08,20161116,20120411,MG,4217
15360299,0001,1,SIMETRIA DO CORPO FITNESS,08,20250327,20120409,MT,9067
10287281,0002,2,VIGOR E CIA,04,20231108,20120327,GO,9373
15363449,0001,1,ACADEMIA KROTON LTDA,08,20211123,20120326,RS,8561
15364520,0001,1,,02,20120403,20120403,RS,8791
15377115,0001,1,INSTITUTO PILATES,02,20120323,20120323,CE,1389
15378746,0001,1,,04,20210408,20120417,RJ,5879
15378975,0001,1,,08,20180704,20120316,SP,6921
15379956,0001,1,,02,20120413,20120413,RJ,6001
15390986,0001,1,JONATAS FERNANDES,08,20190628,20120203,RS,8925
15393850,0001,1,PLTS STUDIO OFICINA DO MOVIMENTO,04,20260528,20120417,SP,7097
15393927,0001,1,CONECTHA CURSOS & EVENTOS,02,20220418,20120419,AL,2785
15394473,0001,1,ACADEMIA PRO SPORT,08,20181023,20120330,RS,8791
15395792,0001,1,W A STUDIO DE PILATES,02,20120419,20120419,CE,1389
20435985,0001,1,ALEXANDRE CALASANS,08,20150120,20140611,BA,3573
