cnpj_basico,cnpj_ordem,matriz_filial,nome_fantasia,situacao,data_situacao,data_inicio,uf,municipio_codigo
13789592,0001,1,ROBSON PERSONAL TRAINER,08,20170301,20110612,MG,4653
13792898,0001,1,FLUYR STUDIO,08,20150324,20110607,ES,5703
13798100,0001,1,PORTO PILATES FISIOTERAPIA E GINASTICA,02,20110519,20110519,RS,8801
13807484,0001,1,,02,20110601,20110601,SP,7099
20383570,0001,1,,08,20200522,20140604,SP,6769
13820288,0001,1,PRO CORPOS,08,20250919,20110613,PR,7421
13831552,0001,1,GUILHERME ALMEIDA PERSONAL & PILATES,08,20170313,20110617,SC,8105
13851842,0001,1,IRANI ACADEMIA THOR,08,20190808,20110408,SP,6361
13852019,0001,1,CURVES,08,20160107,20110531,RS,8785
13852768,0001,1,ANDERSON SPORTS NUTRITION,08,20180201,20110624,SP,7107
13856193,0001,1,ACADEMIA AGILE,08,20140710,20110621,DF,9701
13861765,0001,1,,08,20140312,20110627,PR,7607
13864762,0001,1,ACADEMIA PERFORMANCE,08,20150731,20110628,MG,4553
13878500,0001,1,TOP FITNESS,08,20150811,20110608,GO,9571
13882555,0001,1,G FORMA FITNESS,02,20110629,20110629,CE,1389
13891381,0001,1,STUDIO DE PILATES,02,20110601,20110601,DF,9701
13896462,0001,1,,02,20260223,20110614,RJ,5877
13897894,0001,1,,08,20180201,20110624,CE,1595
13900894,0001,1,ACADEMIA OLIMPIA,02,20110701,20110701,MG,4959
13909278,0001,1,,08,20170809,20110703,RJ,5837
13928441,0001,1,A. S. RIBEIRO,04,20210224,20110704,RR,0301
13936317,0001,1,NOVA ACADEMIA FORCA E SAUDE,08,20191025,20110630,PE,2577
20387840,0001,1,DANILO TOLEDO,08,20180201,20140604,SP,7107
13941310,0001,1,VIBE ACADEMIA,02,20110704,20110704,PE,2383
97532890,0001,1,ACADEMIA IRON FITNESS,02,20110701,20110701,PI,1219
20388829,0001,1,STUDIO RL 12,08,20200714,20140604,SP,6273
97540965,0001,1,ACADEMIA SUPER TREINO,08,20220621,20110712,SC,8327
97543702,0001,1,MOTRIZ ACADEMIA E ESTUDIO DE PILATES E COREALIGN,02,20110607,20110607,RS,8801
10538856,0002,2,HOME FITNESS,03,20140722,20110714,BA,3849
13952182,0001,1,SPACO HELOISA ROCHA,04,20181011,20110607,RJ,6001
11524676,0002,2,ACADEMIA PRO-PHISICAL,08,20150922,20110705,SP,7107
20389611,0001,1,TOP FITNESS,08,20200319,20140604,BA,3087
13962622,0001,1,KROPOLIS ACADEMIA,08,20191125,20110704,SP,7057
20497540,0001,1,,04,20181016,20140625,SP,7107
20390535,0001,1,ESPORTES MAIS,08,20210128,20140528,PR,7455
13989880,0001,1,STUDIO CAROL MONTEIRO,08,20160912,20110718,PE,2531
13994059,0001,1,ACADEMIA AQUATICA,08,20160708,20110707,ES,5699
13994170,0001,1,ACADEMIA VIP FITNESS,02,20110720,20110720,BA,3573
20391087,0001,1,DANILO FITNESS,08,20180201,20140605,MA,0921
14003342,0001,1,SOL TERAPIA,08,20180201,20110725,PR,7535
14007726,0001,1,,02,20110715,20110715,SP,7097
14007891,0001,1,,02,20250326,20110720,RS,8963
14009403,0001,1,IMPACTO ACADEMIA,08,20161010,20110707,SP,6109
14013801,0001,1,JELL FITNESS,04,20210407,20110708,BA,3849
14021765,0001,1,ESTUDIO ESSENCIAL DE ATIVIDADE FISICA,02,20110713,20110713,RS,8839
14022606,0001,1,ACADEMIA CORPO E MENTE,08,20111110,20110705,RS,8959
14022672,0001,1,FISIO LIFE,04,20210212,20110728,GO,9263
14025351,0001,1,SEJAMAGRO,08,20180112,20110728,MS,9051
14046788,0001,1,ACADEMIA PERSONNAL,02,20110721,20110721,BA,3377
14064550,0001,1,,02,20240222,20110804,ES,5705
10801130,0001,1,,08,20110413,20090422,SP,6713
14072679,0001,1,ELITE FITNESS,02,20110804,20110804,MG,2895
09635837,0001,1,,08,20201222,20080606,ES,5703
14078254,0001,1,STUDIO CORPUS PILATIS,08,20191211,20110804,BA,3755
14084030,0001,1,ACADEMIA DRAGON,02,20110803,20110803,SP,7245
14084488,0001,1,NEW MOOVE FITNESS CLUB,02,20110808,20110808,RJ,5865
14090216,0001,1,GREEN WOLF,08,20220704,20110809,RS,8771
14101686,0001,1,BODY ACTION,08,20130117,20110801,RJ,5877
14104605,0001,1,STUDIO THA BENTO PILATES,02,20110726,20110726,SP,7077
20394898,0001,1,IGOR SANTOS PERSONAL TREINER,08,20180201,20140605,RJ,6001
14125651,0001,1,ACADEMIA MAIS VIDA,04,20210330,20110816,MG,4133
14125822,0001,1,M2 FITNESS,02,20110816,20110816,ES,5673
20395584,0001,1,PERSONAL FITNESS,04,20210317,20140605,PR,7535
14133591,0001,1,EXPRESS FITNESS,04,20260519,20110816,MG,5029
14135648,0001,1,LIFE ACADEMIA,08,20150903,20110805,RN,1761
10790360,0001,1,LIVRE ACADEMIA,04,20240820,20090416,PI,1219
14141488,0001,1,RSOOCER,08,20220811,20110803,SP,7107
11634959,0001,1,ACADEMIA CORPO E MOVIMENTO,08,20110718,20100304,GO,9445
13405617,0001,1,LIFE FITNESS ACADEMIA-JR,08,20161222,20110302,RN,1761
14145492,0001,1,,08,20151015,20110818,CE,1401
14147761,0001,1,,08,20240917,20110818,RS,8599
14148095,0001,1,SINGLE ACADEMIA,03,20251015,20110818,BA,3685
14151470,0001,1,,02,20110809,20110809,SP,6739
14160260,0001,1,ACQUA SPORT,04,20210416,20110819,MG,5155
13637057,0001,1,,08,20240822,20110510,MG,4133
14167164,0001,1,STUDIO PILATES CORPO & ALMA,02,20110817,20110817,SP,6949
20396918,0001,1,ESPACO VIDA ACADEMIA,08,20160628,20140605,MS,9923
14171957,0001,1,POWER FITNESS ACADEMIA,08,20151214,20110809,RS,5765
14173614,0001,1,,04,20181016,20110712,SP,7107
09341484,0001,1,,02,20071207,20071207,SP,7107
14181399,0001,1,ENDORFINA FITNESS,02,20110817,20110817,RN,1761
14191455,0001,1,,08,20130201,20110809,SP,7107
14199741,0001,1,STUDIO CORPO E TERAPIA,08,20190709,20110819,PE,2461
20398476,0001,1,RAFITNESS,08,20160313,20140606,SP,7097
14217628,0001,1,ARPE FITNESS,02,20110825,20110825,SC,8221
14225678,0001,1,JM SAUDE,04,20190115,20110819,RJ,5801
20398944,0001,1,ACADEMIA COMPANHIA DO CORPO,08,20160128,20140602,PR,7583
14229573,0001,1,BODYFIT,08,20250716,20110824,PR,7749
14260917,0001,1,,08,20170104,20110816,SP,7107
20400055,0001,1,****,08,20141124,20140530,ES,5663
14261756,0001,1,ACADEMIA SCORPION,04,20210422,20110905,BA,3735
14261859,0001,1,LORENLAY FIT,04,20181011,20110712,RJ,6001
14268479,0001,1,PERSONAL STUDIO ADMA SALIM,02,20110912,20110912,RJ,5811
14291936,0001,1,TOP FITNESS,08,20171025,20110914,GO,9625
14292529,0001,1,PROJETO SAUDE ASSESSORIA EM QUAIDADE DE VIDA LTDA ME,08,20131023,20110223,SP,7075
14297020,0001,1,VIA CORPUS PILATES,02,20110914,20110914,RS,8801
14297716,0001,1,BENHUR FITNESS,08,20220304,20110915,RS,8599
14315661,0001,1,JB ESPORTES & CIA,08,20180201,20110920,MG,4985
15000671,0002,2,POWERFISIO,02,20140606,20140606,CE,1411
14346151,0001,1,ACADEMIA VIDA VERAO,08,20171129,20110922,MG,4371
14353501,0001,1,OXIGENIO,02,20110922,20110922,AP,0605
14356043,0001,1,MILESKI PILATES,04,20210225,20110922,RS,8801
14378698,0001,1,SPEED POWER ACADEMIA DE MUSCULACAO,08,20190314,20110817,SP,6477
14382689,0001,1,FIT IRON ACADEMIA,08,20240710,20110929,SC,8179
14387853,0001,1,ACADEMIA ESTACAO DO CORPO,08,20230829,20040618,MG,4219
14393470,0001,1,POWER MOVIMENT,02,20110830,20110830,SP,6425
14405003,0001,1,POSTURALE CURSOS,02,20110929,20110929,MT,9067
14410128,0001,1,ACADEMIA ESPORTE & LAZER,04,20260515,20111003,BA,3515
14414108,0001,1,,04,20210311,20111004,RJ,6001
14424281,0001,1,SEVEN FITNESS,08,20160816,20111006,BA,3099
14440865,0001,1,MAX PREMIUM ACADEMIA,08,20190517,20111006,SP,7245
11140539,0002,2,ACADEMIA CORPO & ACAO,08,20210603,20110922,SP,6313
14449794,0001,1,STUDIO ONE,08,20230216,20111011,SE,3105
14455734,0001,1,NIVEL A,02,20221121,20110929,SP,7107
11722515,0001,1,ACADEMIA SPORT LIFFE,04,20210223,20100323,AM,0255
14456609,0001,1,TCN SAUDE,08,20170120,20111011,PR,7745
14460818,0001,1,,08,20180619,20111014,SP,7107
12248675,0002,2,AGDA FITNESS ACADEMIA,08,20181112,20110928,RJ,5819
14481239,0001,1,,02,20110927,20110927,AL,2881
14481809,0001,1,ESTACAO DO CORPO LTDA,08,20210126,20110914,ES,5703
14484631,0001,1,,08,20260303,20110919,SP,7107
14489467,0001,1,,02,20111020,20111020,PR,7745
14489600,0001,1,GENIUS SAUDE,04,20210210,20110926,DF,9701
11756997,0002,2,AGUADEMIA,02,20110628,20110628,SP,7149
20408247,0001,1,MASTER ACADEMIA,02,20240112,20140608,PA,0441
14516742,0001,1,SPARTA FITNESS,08,20260310,20111011,RS,8801
14518645,0001,1,,08,20150529,20111025,RJ,6001
14526378,0001,1,KILDARY FERNANDES,02,20240912,20111017,CE,1389
11441850,0002,2,ACADEMIA PREZOTI E MENDES LTDA - ME,08,20130828,20110928,MG,4111
14535393,0001,1,ACADEMIA CORPUS,08,20200720,20111027,MT,9779
14536797,0001,1,ACADEMIA OLIMPO,08,20170906,20111013,PA,0453
14555107,0001,1,ACADEMIA LOPES & VALENTE,08,20200914,20111031,MG,4123
14556599,0001,1,,08,20151127,20111101,PA,0565
14562381,0001,1,HARMONIA DO CORPO STUDIO FITNESS,08,20251204,20111025,ES,5705
14563578,0001,1,,08,20130121,20111028,BA,3849
14566696,0001,1,ACADEMIA FITNESS,02,20111103,20111103,MG,4723
14570621,0001,1,MURALHA ESPORTE FITNESS,04,20210210,20110927,GO,9275
14580749,0001,1,ACADEMIA SAUDE VITAL,02,20210513,20111014,RS,8793
14595051,0001,1,BHRACE,02,20111109,20111109,MG,4123
14595210,0001,1,ACADEMIA OFICINA DO FISICO,02,20201104,20111025,SP,6789
03091111,0002,2,PERSONAL,08,20160205,20111110,MG,5397
14607820,0001,1,ACADEMIA DRILL COMPANY,04,20210406,20111107,SP,6671
14610413,0001,1,,08,20161117,20111111,MG,4133
14616103,0001,1,,08,20160404,20111115,MG,4123
14619141,0001,1,ACADEMIA CORPUS SANUS,02,20111116,20111116,MG,4123
14619214,0001,1,ACADEMIA ESPACO 10,08,20201130,20111114,RS,8841
20412555,0001,1,GUILHERME MAGALHAES,08,20160404,20140609,DF,9701
14641788,0001,1,,08,20150605,20111120,RJ,5865
14643674,0001,1,4 LIFE,08,20181010,20111121,SC,8357
08544417,0001,1,,04,20180828,20061213,MG,5403
14659942,0001,1,ACADEMIA WINNER,08,20250604,20111118,BA,3515
14667941,0001,1,VITTA FITNESS,02,20190903,20111124,AM,0255
14669946,0001,1,,02,20111124,20111124,SP,7113
20413663,0001,1,FERNANDO DE MELO,08,20160909,20140609,SP,7079
14692127,0001,1,,08,20121221,20111124,ES,5637
14695110,0001,1,ACADEMIA CORPO E ARTE,04,20181025,20111118,PE,2491
07594978,0016,2,,02,20111117,20111117,SP,7107
14719648,0001,1,CENTRO DE TREINAMENTO THAILAND TOP TEAM,04,20210226,20111130,SP,7107
14729672,0001,1,FIT ACADEMIA,08,20130716,20111202,RJ,5825
14730158,0001,1,NOVA GERACAO,04,20201022,20111118,RS,8685
14742919,0001,1,,02,20111121,20111121,SP,7107
20416117,0001,1,,08,20180712,20140609,SP,6291
14763267,0001,1,,08,20230321,20111202,SP,6213
14763803,0001,1,M KADEMIA DE MULHERES,02,20111111,20111111,SP,6477
20416489,0001,1,PROFIT,08,20180201,20140609,RJ,5851
14768446,0001,1,,04,20210304,20111128,RS,8737
14768494,0001,1,ACADEMY COMBAT,02,20111215,20111215,PB,2083
14774345,0001,1,ACADEMIA DO CORPO,04,20181030,20111201,RS,8801
14779039,0001,1,FENIX ACADEMIA E SERVICOS,08,20260409,20111202,AC,0153
14779614,0001,1,LGF SHIATSU E GINASTICA LABORAL,08,20170105,20111219,RS,8589
20416985,0001,1,A.R. CONSULTORIA&FITNESS,08,20150610,20140609,RO,0003
14782321,0001,1,ACADEMIA EXERCISE FITNESS,02,20111207,20111207,BA,3515
28850659,0002,2,"K S ESPORTE, CULTURA E TURISMO",02,20111220,20111220,RJ,6001
14784323,0001,1,,08,20180123,20111212,SP,6969
14788629,0001,1,,08,20141114,20111221,SP,6575
14792341,0001,1,,02,20220617,20111206,MG,4895
14793205,0001,1,ACADEMIA AUTENTICA SPORT,02,20111221,20111221,GO,9373
14794855,0001,1,MK FITNESS ACADEMIA DE MUSCULACAO,08,20210629,20111222,BA,3983
14803484,0001,1,ACADEMIA FOR QUALLITY,08,20210226,20111223,MG,4123
14808211,0001,1,ACADEMIA KORPO LIGHT,04,20181025,20111206,PE,2491
14811460,0001,1,PRO-LIVE SAUDE E BEM ESTAR,08,20180628,20111228,PB,2051
14813370,0001,1,UCRANIA ACADEMIA,08,20180912,20111201,ES,5699
14814538,0001,1,ACADEMIA PESO LIVRE.A,04,20210423,20111213,RN,1761
14828026,0001,1,HAPP FIT,04,20260527,20120103,AP,0605
14831393,0001,1,ACADEMIA CORPO EM MOVIMENTO,08,20201214,20111228,RS,8443
14839288,0001,1,HOMES TRANCOSO,02,20111221,20111221,BA,3807
14843360,0001,1,ACADEMIA BOA FORMA,03,20180711,20120106,AL,2705
14860780,0001,1,STUDIO PERSONA,08,20131029,20111205,BA,3849
14861070,0001,1,ACADEMIA JEITO DO CORPO,08,20190603,20111228,CE,1499
14867297,0001,1,ATITUDE ACADEMIA,02,20120112,20120112,MG,4111
14872407,0001,1,ACADEMIA GALPAO FITNESS,08,20120614,20120112,CE,1389
14876335,0001,1,JAGUAR ASSESSORIA ESPORTIVA,08,20171220,20120113,MT,9167
14893999,0001,1,KIRIUS JIU-JITSU BOXE MMA JUDO SUBMISSION AEROBOXE,08,20191113,20120117,BA,3363
14914906,0001,1,ACADEMIA COLISEUM ARENA DA SAUDE,02,20110708,20110708,SP,6425
14923672,0001,1,ACADEMIA MOVIMENTO,02,20120103,20120103,RS,7371
14935609,0001,1,NUCLEO MAHA VIDYA DE YOGA,04,20181128,20120124,RJ,5825
14943769,0001,1,EQUILIBRIUM STUDIO PILATES,04,20210409,20120113,PI,1077
11662818,0002,2,JUNIOR ACADEMIA,02,20120126,20120126,MA,0961
14946796,0001,1,ESPACO SER EM MOVIMENTO,02,20120126,20120126,RJ,6001
14954310,0001,1,AERO FITNESS,08,20230413,20120127,RJ,5849
14957416,0001,1,,02,20120119,20120119,SP,6323
14961543,0001,1,ADP ACADEMIA DOM PEDRO II,02,20110901,20110901,PR,7535
14962379,0001,1,,02,20120130,20120130,SC,8093
14968921,0001,1,,08,20180201,20120131,SP,6291
14976907,0001,1,,08,20130807,20120123,SP,7079
14984022,0001,1,L & L2 FITNESS VINHEDO,02,20120119,20120119,SP,7225
14987202,0001,1,DUKORPO BELEZA E SAUDE,04,20181130,20120202,RJ,0770
03204950,0002,2,OFICINA DO CORPO,04,20240808,20120202,MS,9051
14990839,0001,1,RITIMO LABORAL,04,20210406,20120127,SP,6285
14991336,0001,1,ACADEMIA BODY TRAINING,08,20190904,20120203,MG,4865
15004354,0001,1,ACADEMIA MASTER POINT,02,20120206,20120206,BA,3495
15008015,0001,1,ACADEMIA PODIUM,02,20120109,20120109,RS,8791
15033744,0001,1,,08,20170302,20120210,SP,6261
15057762,0001,1,THE PLACE HEALTH CLUB,02,20120215,20120215,RJ,6001
15057856,0001,1,ACADEMIA CORPUS,02,20120214,20120214,MG,4273
15063224,0001,1,CFA,08,20120411,20120216,MG,5403
15063395,0001,1,,08,20180730,20120208,SP,6801
15091310,0001,1,ACADEMIA MOVIMENTO,08,20161125,20120224,BA,3523
15092487,0001,1,ACADEMIA HIPER FORCA,02,20231220,20120224,RN,1731
15095855,0001,1,K J ACADEMIA,08,20141110,20120213,CE,1533
20426802,0001,1,WG FITNESS,08,20150421,20140610,RJ,6001
15103863,0001,1,ELLITE WORLD FITNESS,02,20120227,20120227,MG,4225
15104069,0001,1,ACADEMIA MALHA MAIS,04,20210416,20120228,MG,4123
15104141,0001,1,MEDLEY ACADEMIA,02,20120213,20120213,RS,8785
15108451,0001,1,BOA NOVA STUDIO PILATES,04,20210212,20120210,GO,9443
15111260,0001,1,BELEM PHYSICAL,08,20160301,20120214,PA,0054
15116550,0001,1,PILATES STUDIO ELYS BRANDAO,02,20260603,20120217,PA,0427
15119236,0001,1,ACADEMIA MEGA FITNESS,02,20120126,20120126,SP,7107
15119834,0001,1,ACADEMIA TOP FTNESS,08,20231122,20120130,RN,1845
15122038,0001,1,PHYSICAL COFESP,08,20260223,20120229,RR,0301
15128908,0001,1,PULSAR ACADEMIA,08,20180525,20111117,SP,6163
15137539,0001,1,,02,20210331,20120228,PE,2615
15138657,0001,1,UBT BOULDER,02,20120227,20120227,DF,9701
15140529,0001,1,WORLD FITNES,04,20210323,20120227,PR,7783
15143834,0001,1,ACADEMIA CONNECT FITNESS,08,20190218,20120207,SP,7107
20499479,0001,1,,08,20180125,20140625,MG,5397
15154437,0001,1,VO2 FITNESS,08,20140905,20120301,RS,8771
15157558,0001,1,F2 FITNESS,02,20120306,20120306,RN,1723
15158390,0001,1,ACADEMIA CORPO E ARTE,08,20150112,20120307,MG,4899
20429041,0001,1,ACADEMIA TOP FITNESS,02,20140611,20140611,MG,4439
15183757,0001,1,SPORT CENTER ACADEMIA,08,20160412,20120312,ES,5663
15190398,0001,1,,02,20120305,20120305,SP,6875
20430023,0001,1,CLEAN FITNESS STUDIO,02,20240221,20140611,RJ,5805
15204604,0001,1,ACADEMIA INOVE,02,20120315,20120315,RJ,5869
15209761,0001,1,GOLDEN LABOR ACADEMIA E PERSONNAL TRAINERS,08,20240719,20120313,SP,6669
15225234,0001,1,TIME OFF HEALT,08,20251028,20120319,BA,3849
15229314,0001,1,,08,20150929,20120320,MT,9067
15241348,0001,1,COLISEU FIT,02,20120319,20120319,SP,6875
15243051,0001,1,FITNESS + CIA,04,20210326,20120313,SP,6789
15245477,0001,1,,08,20190701,20120314,SP,6251
15265624,0001,1,STUDIO F7,02,20120320,20120320,PE,2399
15269296,0001,1,,08,20251128,20120323,SP,2943
15284351,0001,1,LH FITNESS,02,20231128,20120329,BA,3747
15293142,0001,1,NABIA CAMARGO PERSONAL,08,20231226,20120330,SP,7149
15295650,0001,1,ACADEMIA FISIO SAUDE,08,20221102,20120321,PR,7889
13213556,0002,2,,08,20180615,20140611,SP,6281
15299109,0001,1,CLUB FITNESS ACADEMIA,08,20201110,20120330,RS,8599
15315270,0001,1,ADRENALINA TOP FITNESS,04,20220607,20120404,PA,0401
13779641,0001,1,T10 ACADEMIA,08,20210412,20110602,SP,6323
15322144,0001,1,ACADEMIA CORPO ATIVO,02,20120405,20120405,RS,7327
15337730,0001,1,ACADEMIA TAURUS,08,20210205,20120404,RS,8801
20434198,0001,1,ACADEMIA OFICINA DO CORPO,02,20140611,20140611,BA,3569
15338472,0001,1,,08,20210413,20120410,ES,5699
13810372,0002,2,BODY TECH,02,20120410,20120410,BA,3849
15346867,0001,1,SEVEN ACADEMIA,02,20120411,20120411,PB,2051
15347855,0001,1,BIO TIPO,02,20120327,20120327,MA,0757
15350451,0001,1,L.X. - MUSICO E PERSONAL TRAINER,08,20180201,20120412,PR,7535
15350765,0001,1,ARENA TIGER FIGHT,02,20120306,20120306,SP,7107
15353241,0001,1,MUNDO FITNESS ATIVIDADE ESPORTIVA LTDA,08,20210324,20120330,RN,1759
15359026,0001,1,ACQUA MANIA,08,20260212,20120412,GO,9487
20601608,0001,1,,08,20140922,20140709,SC,8125
15363582,0001,1,,02,20120328,20120328,RJ,5861
15017027,0001,1,CONCEITO FITNESS,08,20210201,20120208,SC,8081
15367636,0001,1,SAUDE E VIDA FITNESS,02,20120328,20120328,PI,1223
15374859,0001,1,,02,20120416,20120416,CE,1585
15376886,0001,1,STYLLUS PROMOOES,04,20210224,20120330,CE,1239
15379916,0001,1,BODY HEALTH FISIOTERAPIA E PILATES,02,20120413,20120413,RJ,6001
15391984,0001,1,GALPAO 4 ACADEMIA,08,20141209,20120319,SP,7107
15407879,0001,1,RAFAEL VARGAS - TREINAMENTO PERSONALIZADO,02,20120320,20120320,RS,8963
15417015,0001,1,ACADEMIA ATLETAS DO FUTURO,08,20191121,20120424,CE,1469
15417886,0001,1,,08,20130726,20120319,SP,6969
20436998,0001,1,TOP 7,08,20191016,20140611,TO,9733
08181816,0001,1,ACADEMIA NATURES II,04,20201023,20060725,SP,6313
08197128,0001,1,CAFI - CENTRO DE ATIVIDADE FISICA,02,20060314,20060314,ES,5669
08218798,0001,1,,08,20191030,20060728,SP,6291
08369711,0001,1,,04,20210406,20061011,SP,6131
08573191,0001,1,ACADEMIA ATIVIDADE,08,20171214,20061226,RS,8733
08727028,0001,1,FITNESS MARK' S,04,20181016,20070321,SP,7107
08738258,0001,1,QUALITY LIFE PERSONAL TRAINING,02,20070327,20070327,SP,7107
08739415,0001,1,OFURO,04,20181002,20070403,MS,9051
08776911,0001,1,,02,20070413,20070413,SP,6291
08793229,0001,1,VIDATIVA FITNESS CENTER,02,20070418,20070418,RN,1787
08865626,0001,1,ACADEMIA ESPACO 16,08,20210514,20070417,DF,9701
08865739,0001,1,,04,20210419,20070525,SP,6401
08932044,0001,1,ANIMAL KING ACADEMIA,02,20070702,20070702,RJ,2921
08939509,0001,1,SEVEN ACADEMIA,02,20070709,20070709,SC,5557
08941091,0001,1,HI ACADEMIA,02,20230913,20070529,PE,2457
08962822,0001,1,ACADEMIA ZEUS,04,20220610,20070801,RS,8771
08981570,0001,1,ESPACO VIDA,02,20070810,20070810,RS,8801
09014049,0001,1,TSKF,08,20250108,20070720,SP,7107
09032995,0001,1,,08,20250402,20070817,SC,8039
09047196,0001,1,FIT ACADEMIA,02,20070905,20070905,MG,4797
09089856,0001,1,ACADEMIA SPORT FITNESS,08,20190228,20070921,SE,3169
09110593,0001,1,ACADEMIA FABIO COSTA DE TAEKWONDO,08,20180615,20071005,MS,9051
09110830,0001,1,,04,20240902,20070925,SP,6979
09126933,0001,1,L S ACADEMIA,04,20210122,20070823,SP,7099
09178136,0001,1,ATTITUDE FIT & WELLNESS,02,20071026,20071026,SP,6979
09191865,0001,1,ACADEMIA FIGHT CLUB,08,20080930,20071016,MG,4365
09219467,0001,1,ACADEMIA CORPO & EXPRESSAO,08,20160929,20071128,SC,8205
09234376,0001,1,ACADEMIA NOVA FORMA,04,20180904,20071123,SP,7145
09250498,0001,1,,08,20080827,20071211,PR,7493
09250997,0001,1,METRON ACADEMIA,04,20190109,20071113,SP,6181
20439858,0001,1,ASSOCIACAO KYOEI-KAN,04,20220208,20140612,SP,6921
09272319,0001,1,JOY FIT ACADEMIA FEMININA,02,20071205,20071205,SP,6769
20439969,0001,1,,08,20201119,20140526,RS,7311
09302708,0001,1,,08,20250408,20071204,RS,8801
20440223,0001,1,LEMOS ALVES ACADEMIA,08,20180327,20140612,SC,8183
09400231,0001,1,ACADEMIA BOA FORMA,08,20130815,20080225,SP,6597
09451211,0001,1,ACADEMIA DE GINASTICA GW FITNESS TRAINING,08,20241008,20071128,SP,6413
09543155,0001,1,,08,20141007,20080512,RS,8801
09564768,0001,1,,08,20080718,20080512,PR,7777
09571011,0001,1,ATIVA EDUCACAO FISICA E SERVICOS,08,20200515,20080509,RS,8679
09598275,0001,1,RECREIO ACTION,04,20181011,20080521,RJ,6001
09613488,0001,1,ACADEMIA SIM,02,20080609,20080609,PR,7525
09629968,0001,1,ACADEMIA TARGET FISIOFITNESS,08,20100705,20080613,MG,5049
09646151,0001,1,NOVA ERA SPORTS,02,20080603,20080603,SP,7107
10202709,0001,1,,02,20080625,20080625,CE,1389
10227310,0001,1,STUDIO PERSONAL 10,02,20080716,20080716,SP,6589
10242891,0001,1,ACADEMIA SUPERACAO,02,20230920,20080506,SP,6229
10268368,0001,1,MULTI FORMAS,04,20190122,20080711,BA,3613
10307794,0001,1,,08,20100401,20080819,SP,7017
10333401,0001,1,,08,20170324,20080827,SP,7107
20443771,0001,1,PIZATTO TRAINING,08,20180201,20140613,PR,7535
10384841,0001,1,BIOTIPO SPORTS,08,20100426,20080926,SP,6897
10448813,0001,1,ACADEMIA POLO,08,20250224,20081024,BA,3945
10557113,0001,1,,03,20150330,20081223,RS,8851
10594790,0001,1,CENTRAL FITNESS,02,20240910,20090109,RN,1615
10610620,0001,1,BRAVA FITNESS,04,20260513,20090128,GO,9325
10613691,0001,1,,08,20201028,20090203,SC,8117
10633377,0001,1,ACADEMIA SALMOS,08,20220725,20090212,RJ,0772
10670945,0001,1,,02,20090220,20090220,SP,7107
10671339,0001,1,ACADEMIA SUPERACAO,03,20121019,20090305,RJ,6001
10722219,0001,1,ACADEMIA CORPO FITNESS,04,20210423,20090211,RN,1761
10745455,0001,1,ISAS ACADEMIA E NATACAO,02,20090407,20090407,MG,5401
10776114,0001,1,,02,20090423,20090423,MG,5401
10794668,0001,1,SINERGIA,08,20190325,20090415,RJ,5909
10806765,0001,1,OVERALL ACADEMIA,02,20090508,20090508,CE,1389
10836986,0001,1,TT FITNESS,08,20180606,20090508,SP,7075
10837245,0001,1,MASTER FORM ACADEMIA,02,20090521,20090521,SC,8309
10857839,0001,1,ACADEMIA ESTACAO FITNESS,08,20180201,20090529,MS,9813
10910189,0001,1,,02,20090622,20090622,MG,4669
10913979,0001,1,ACADEMIA TRIO LIFE,02,20090608,20090608,SP,2943
10921776,0001,1,ACADEMIA CORPO E FORMA,02,20090428,20090428,RS,8801
10927934,0001,1,LGM FITNESS,08,20210623,20090617,SP,7107
10929246,0001,1,MOVIMENTE-SE ACADEMIA,08,20260105,20090529,BA,3721
10931059,0001,1,,02,20090609,20090609,SP,6563
10936024,0001,1,,08,20180301,20090617,RS,8511
10953617,0001,1,DI CORPO ACADEMIA,03,20130913,20090709,MS,9051
10972315,0001,1,ACADEMIA BOA FORMA,02,20090702,20090702,RN,1887
11052430,0001,1,ACADEMIA PERFORMANCE,08,20201126,20090731,SP,6983
11064980,0001,1,TRIBUS ACADEMIA,04,20210219,20090519,PA,0427
11086705,0001,1,ACADEMIA STUDIO A4,08,20200130,20090826,MG,5035
11165103,0001,1,,02,20090918,20090918,RJ,5893
11195718,0001,1,,04,20260513,20090924,RS,8801
11269323,0001,1,,08,20130524,20091008,SP,7079
11271694,0001,1,QUALITY ACADEMIA LTDA,08,20141017,20091019,SP,7107
11328042,0001,1,ACADEMIA FALCON AGUIA,08,20220429,20091005,SP,6545
11408121,0001,1,CASA DA BAILARINA,08,20220620,20091215,RS,8685
11488023,0001,1,AGUA & RITMO FITNESS LTDA,02,20091231,20091231,RN,1761
11566343,0001,1,CURVES,04,20201029,20100211,MG,4123
20447570,0001,1,KORPPUS E CIA,02,20140613,20140613,MG,4617
11585615,0001,1,GIRO TERAPIAS,02,20100223,20100223,CE,1389
11617287,0001,1,CURVES,04,20181011,20100301,MG,4123
11710971,0001,1,,08,20180130,20100320,RS,5957
11779315,0001,1,,02,20200903,20100323,CE,1389
11851149,0001,1,PHISYCUS,04,20190125,20100423,RO,0027
11915502,0001,1,BARCELOS GELAPE,08,20190613,20100507,MG,4123
11918649,0001,1,KINESIS MULHER ACADEMIA FEMININA,08,20130325,20100510,SC,8081
11994714,0001,1,,08,20160205,20100525,RS,9821
12001522,0001,1,BALLIOSANTANA,08,20230921,20100426,SP,7071
12070602,0001,1,ACADEMIA W A FITNESS,02,20100611,20100611,PE,2531
12271468,0001,1,SPORT BRASIL,02,20221103,20100720,BA,3597
12330839,0001,1,,08,20240823,20100630,RJ,5865
12351198,0001,1,CORPUS ACADEMIA,08,20211104,20100722,SP,6203
12443595,0001,1,ACADEMIA ENERGY,08,20190715,20100826,SC,8395
12478836,0001,1,IN CORPORE ACADEMIA,08,20111229,20100902,RJ,5819
12546075,0001,1,,02,20100917,20100917,MG,4123
12568581,0001,1,ACADEMIA SHOW ROOM,04,20210413,20100922,MG,5403
12623605,0001,1,SUMMER LINE ACADEMIA,08,20150120,20100920,SP,7107
12627867,0001,1,,08,20180426,20100920,RJ,6001
12640808,0001,1,DEIBY RENE SANTOS SILVA,08,20110816,20100824,BA,3303
20451484,0001,1,,02,20140616,20140616,SP,2943
12665604,0001,1,CLINORTE ACADEMIA,04,20181009,20101014,MG,5371
12850869,0001,1,EXTREME ACADEMIA,08,20181220,20101105,RS,8591
20452408,0001,1,ICORPOS,08,20150619,20140616,SE,3105
12915168,0001,1,ACADEMIA GRAJAU,08,20200218,20101108,RJ,6001
12917484,0001,1,CT-CENTRO DE TREINAMENTO,08,20141028,20101028,RS,8801
12918704,0001,1,ACADEMIA SUMMER,04,20181121,20101109,AL,2785
12943883,0001,1,ACADEMIA PRO - FITNESS,08,20140318,20101118,PE,2491
12957849,0001,1,QUALI VIDA,02,20101117,20101117,ES,5705
13018953,0001,1,PHYSICAL ACADEMIA,02,20101217,20101217,MG,4553
20452992,0001,1,GEAN VERNES PERSONAL TRAINER,08,20180130,20140616,SC,8233
13075602,0001,1,ACADEMIA BRUTUS,04,20210212,20110105,GO,9227
13144392,0001,1,ELEGANCE FITNESS,08,20181128,20110121,MG,4123
13167755,0001,1,RITMO DO CORPO,08,20141020,20110127,SC,8179
07737623,0058,2,,08,20160426,20140616,RJ,6001
13312333,0001,1,YEDA AVALIACAO FISICA,08,20150302,20110223,PI,1219
13379271,0001,1,AEROFITNESS ACADEMIA DE GINASTICA,08,20130225,20110211,BA,3849
13403980,0001,1,ENDURANCE,04,20231107,20110322,RJ,6001
13436915,0001,1,ACADEMIA VIRTUDE,04,20190131,20110221,PB,1969
13485327,0001,1,ACADEMIA OLIMPIA,08,20250617,20110329,SP,6291
13519256,0001,1,I9 ACADEMIA,04,20210304,20110411,RS,8943
13637218,0001,1,FARMACIA POPULAR,04,20190320,20110513,PE,2317
13704215,0001,1,,08,20171221,20110525,MG,4865
20455541,0001,1,,08,20200302,20140611,ES,5703
13732285,0001,1,STUDIO CORE PILATES,08,20120713,20110531,BA,3849
13752989,0001,1,,08,20120606,20110603,SP,7107
20455775,0001,1,DUROC BIKE TEAM,08,20210106,20140403,PR,7563
13816226,0001,1,ED STUDIO DE PILATES & ESTETICA,08,20181029,20110614,RS,8801
13897703,0001,1,,08,20240112,20110513,PR,7535
13921437,0001,1,,04,20220128,20110705,DF,9701
14165919,0001,1,ARENA FITNESS,02,20110823,20110823,SC,8327
14297605,0001,1,PHYSICAL PRO,08,20200102,20110915,MG,4231
14298452,0001,1,,08,20190906,20110915,BA,3849
14336616,0001,1,GOLFINHO FITNESS,08,20180522,20110914,SP,7223
20458366,0001,1,VIVIANE TOFFANO,08,20180201,20140616,RJ,6001
14398988,0001,1,,08,20220425,20111003,RJ,6001
14505474,0001,1,TRANSFORME STUDIO PERSONALIZADO LTDA-ME,08,20150410,20111020,MG,4123
14541077,0001,1,ESPACO EKOS YOGA,02,20111021,20111021,RN,1881
14560516,0001,1,,02,20250611,20111024,PE,2581
14564593,0001,1,ACADEMIA SPORT E VIDA,04,20231030,20111103,BA,3849
14600359,0001,1,STUDIO G PILATES,08,20150701,20111103,PR,7583
14607446,0001,1,CROSSFIT IND DE EQUIPAMENTOS E ACESSORIOS DE GINASTICA,04,20210331,20111111,MG,4755
14707819,0001,1,,04,20201022,20111201,RS,8749
14732115,0001,1,,08,20210902,20111118,SP,7107
14900165,0001,1,TOP FITNESS,08,20200715,20120117,RN,1761
14916500,0001,1,,02,20120120,20120120,SP,7145
14947714,0001,1,FITNESS,04,20201022,20120124,GO,9373
14971065,0001,1,ACADEMIA RUNNING,08,20190516,20120131,MG,4751
15008650,0001,1,VIBE FUN,08,20151217,20120106,SP,7107
15019563,0001,1,ACADEMIA MY FIT,04,20210316,20120118,RJ,5865
15065339,0001,1,QUINTESSENCIA ACADEMIA STUDIO,08,20160127,20120213,SP,7099
15080143,0001,1,,02,20120126,20120126,RJ,6001
20461251,0001,1,SAUDE E VIDA,08,20160317,20140617,MG,5071
15109161,0001,1,ACADEMIA APICE,04,20181211,20120222,MT,9067
15126094,0001,1,ESPACO FITNESS,08,20121205,20120227,PR,8465
15151352,0001,1,AERO FITNESS,08,20220818,20120306,CE,1389
15162417,0001,1,,02,20120227,20120227,RS,8853
15167054,0001,1,,04,20260526,20120228,SP,7145
15167728,0001,1,W.N.A. TRIUNFO,04,20191122,20120208,SP,6371
15323030,0001,1,,02,20120118,20120118,SP,2965
15347236,0001,1,ACADEMIA CAMPO FITNESS,08,20220801,20120411,BA,3515
15351434,0001,1,L R ASSESSORIA ESPORTIVA,04,20210401,20120411,CE,1389
15351503,0001,1,,02,20120330,20120330,SP,7057
15352380,0001,1,QUALITE PILATES STUDIO,04,20260526,20120412,SE,3105
15439684,0001,1,ACADEMIA FEMININA VIDA ATIVA,02,20120427,20120427,PR,9983
15440120,0001,1,RL FITNESSS,04,20181009,20120419,PE,2531
13356215,0005,2,,08,20190102,20141002,SE,3105
08261675,0002,2,CURVES ACADEMIA,08,20120313,20070124,CE,1389
11516732,0002,2,FISIOFITNESS,08,20130114,20111004,SC,8107
15444150,0001,1,ACADEMIA RESISTENCIA,02,20120427,20120427,MG,4123
00234142,0002,2,VIDA FIT ACADEMIA,08,20230217,20100629,SC,8105
69625648,0002,2,METHA,02,20100928,20100928,PI,1153
11135814,0006,2,,08,20190708,20110215,RJ,6001
06214655,0002,2,GYN ACADEMIA,04,20181018,20110215,GO,9377
97550385,0002,2,LITORAL ACADEMIA,08,20150223,20111209,SC,8265
07594978,0021,2,SMARTFIT,08,20160908,20120305,RS,8801
15445544,0001,1,ACADEMIA CROSSFIT EMBRACE FITNESS,02,20120428,20120428,RR,0303
15446795,0001,1,,08,20150630,20120429,RJ,6001
15447276,0001,1,ACADEMIA INSIDE FITNESS,08,20180215,20120425,PR,7935
15447687,0001,1,ESPACO VERU FILHO CULTURA E MOVIMENTO,02,20120430,20120430,BA,3849
15450277,0001,1,RAWEBER COACH,08,20180201,20120430,SP,6875
15463036,0001,1,ACADEMIA MAURO RIBEIRO,02,20120503,20120503,SP,6235
15464230,0001,1,ATIVIDA PROGRAMAS QUALIDADE DE VIDA,08,20170327,20120424,DF,9701
15429461,0001,1,ACADEMIA BEM ESTAR,08,20191004,20120425,BA,3343
15478083,0001,1,BIOFIT,02,20210707,20120504,BA,3579
12004443,0001,1,VIA DO CORPO ACADEMIA DE MUSCULACAO E GINASTICA,08,20120228,20100525,RS,8687
15492898,0001,1,,04,20240821,20120508,MG,4733
08980421,0001,1,,02,20070730,20070730,PR,7691
15496196,0001,1,,08,20190626,20120509,BA,3363
15497751,0001,1,CURVES,08,20141113,20120508,SC,8105
15498362,0001,1,,02,20120424,20120424,SP,6309
15499961,0001,1,PONTO VITAL SOLUCOES EM QUALIDADE DE VIDA,08,20170330,20120509,MG,4123
15509905,0001,1,,08,20181003,20120510,SC,8183
15512560,0001,1,ACADEMIA TORRE FITNESS,08,20170202,20120510,BA,3849
15515977,0001,1,,08,20161129,20120430,RS,8801
15516181,0001,1,CORPO NATURAL,08,20180201,20120511,RJ,6001
15517655,0001,1,ESPACO VITALE,08,20241226,20120511,PB,2051
15519593,0001,1,SPORT LIFE,02,20120327,20120327,RS,8729
15526482,0001,1,IMAGEM CORPORAL,02,20120514,20120514,CE,1389
15535969,0001,1,7 MY GYM,04,20231027,20120405,SP,7107
15538922,0001,1,,08,20140704,20120516,RS,8801
09300596,0001,1,,08,20120511,20071227,RJ,6001
15544931,0001,1,RANCHO LUCKE,08,20151209,20120514,SP,6361
15554910,0001,1,FLAMBOYANT FITNESS ACADEMIA,02,20120518,20120518,GO,9373
15559080,0001,1,ART ACADEMIA & PILATES LTDA,08,20150414,20120508,SP,6477
15560837,0001,1,ACADEMIO KI CORPO,04,20260518,20120520,RJ,6001
15562613,0001,1,ACADEMIA BEM STAR FITNESS LTDA,04,20190326,20120518,PE,2543
15566811,0001,1,MULHERES FITNESS,02,20240814,20120516,MT,9067
15567987,0001,1,NETUNO NATACAO,04,20190322,20120518,RS,8801
15569045,0001,1,AJB PILATES,02,20120521,20120521,SP,6427
15573484,0001,1,T FITNESS,02,20230131,20120522,AM,0255
15577211,0001,1,BIOFORMA ACADEMIA,02,20120522,20120522,MG,5139
15582437,0001,1,ABSOLUTE PILATES,08,20150126,20120511,SP,7107
15590199,0001,1,ACADEMIA EVOLUCAO FISICA,08,20160321,20120514,PE,2379
15596911,0001,1,ACADEMIA CORPO E MOVIMENTO,08,20250818,20120523,MG,4879
15604461,0001,1,ACADEMIA LIVE UP FITNESS E FIGHT,08,20240801,20120508,RJ,6001
15604657,0001,1,ACADEMIA NEW FITNESS.COM,04,20220208,20120514,PR,7769
15606597,0001,1,CURVES,08,20170622,20120525,AL,2785
10900995,0001,1,PERFOMANCE ACADEMIA,08,20211108,20090616,SP,6543
15614262,0001,1,M7 ACADEMIA,02,20120525,20120525,PR,7493
15614785,0001,1,CORPORALE,08,20140819,20120514,PR,7923
10797860,0002,2,,08,20140617,20120521,RS,8541
14992594,0001,1,,02,20120203,20120203,SP,7245
15624499,0001,1,C H ALVES MENEZES,04,20210219,20120320,PA,0427
15643004,0001,1,M2 NATACAO,02,20120601,20120601,RS,8801
15350818,0001,1,ACADEMIA VITA SANTE,02,20120411,20120411,MG,4081
15654743,0001,1,LEONICE SANTOS DE ALMEIDA,04,20210408,20120604,SP,7071
15657704,0001,1,,08,20251211,20120503,RS,8791
15660556,0001,1,,08,20180201,20120605,SP,6155
15676970,0001,1,,08,20250321,20120528,SP,7099
15683387,0001,1,,02,20120611,20120611,SP,6291
15692218,0001,1,EROS FITNESS,08,20210707,20120524,SP,7107
09196481,0001,1,KORPUS ACADEMIA,04,20210309,20071106,PR,5473
13162893,0001,1,ACADEMIA BIO FITNESS,08,20241004,20110126,GO,1070
15693048,0001,1,BARRA UP FITNESS,08,20180409,20120606,RJ,6001
15698569,0001,1,ACADEMIA RIELLA FITNESS,08,20220905,20120608,SC,8233
15708350,0001,1,LIVE SPORTS CENTER,02,20120612,20120612,SC,8233
15714950,0001,1,REVIGORE STUDIO PILATES,08,20160628,20120615,GO,9373
15719752,0001,1,ACADEMIA INOVARE,08,20201120,20120616,RS,7389
15723710,0001,1,FITNESS CONSULT,02,20120601,20120601,SP,7107
15723725,0001,1,ACADEMIA MARTELO PREDADOR FITNESS,02,20120613,20120613,SP,6401
15738725,0001,1,MEGA FITNESS,04,20260528,20120529,SP,7107
04270139,0002,2,LEAL ACADEMIA,02,20120619,20120619,BA,3849
15741987,0001,1,DAPCYLON FITNESS,08,20180201,20120620,BA,3079
15748877,0001,1,,08,20170314,20120621,RS,8819
15751336,0001,1,PROPULSAO,04,20210426,20120621,BA,3469
14884079,0001,1,ACADEMIA DA VILA,04,20260513,20120105,PE,2519
15770533,0001,1,SPLENDORE FITNESS ACADEMIA,02,20120622,20120622,SP,7149
15771956,0001,1,ACADEMIA PRO X,04,20201029,20120625,MG,4083
15773178,0001,1,ACADEMIA CORPO EM MOVIMENTO,04,20210407,20120625,BA,3849
15782419,0001,1,,04,20220610,20120606,SP,6477
15787673,0001,1,ACADEMIA CORPORE,02,20120627,20120627,MG,4237
15801799,0001,1,,02,20120628,20120628,RJ,6001
15824934,0001,1,,08,20160825,20120615,RS,8699
15841640,0001,1,TOP FITNESS,02,20120703,20120703,AL,2741
15864411,0001,1,ACADEMIA 7GYM,08,20240524,20120618,DF,9701
15867649,0001,1,,02,20120531,20120531,RS,8963
13784139,0001,1,EDVALDO FITNESS,08,20230929,20110610,BA,3849
05159755,0004,2,ACADEMIA RICARDO PARAGUASSU,08,20230223,20120618,PI,1219
15930245,0001,1,ACADEMIA WIN FITNESS,02,20120703,20120703,PR,7569
16367107,0001,1,ACADEMIA POINT-RS,02,20120705,20120705,RS,8589
16433008,0001,1,AGENCIA A7,02,20120117,20120117,RJ,6001
16433188,0001,1,MEGA GYM ACADEMIA,02,20230323,20120703,MA,0723
16434004,0001,1,ACADEMIA FORMA FISICA FITINESS,04,20181107,20120625,RN,1837
16454299,0001,1,,08,20150813,20120712,SP,7107
15654752,0002,2,QUALITY ACADEMIA,08,20180122,20120703,RS,8531
13821990,0001,1,ONG ACQUA SETTE,08,20140327,20110606,SP,7075
14403678,0001,1,,08,20130419,20110923,SP,6275
16503417,0001,1,PERSONNALITE,02,20120712,20120712,SP,7005
16539146,0001,1,RESISTENCIA ASSESSORIA ESPORTIVA,02,20120720,20120720,DF,9701
16550221,0001,1,W. FITNESS ACADEMIA,04,20260526,20120723,SE,3105
16560569,0001,1,QUANTUM FITNESS,08,20191203,20120713,SP,7107
11170378,0002,2,CLUBE DA SAUDE,02,20120517,20120517,RJ,5873
07875328,0002,2,B12 ACADEMIA,02,20120620,20120620,SP,7107
16582236,0001,1,,08,20180829,20120726,ES,5677
07901241,0002,2,,08,20220513,20120521,BA,3853
16600377,0001,1,,02,20120713,20120713,SP,7183
16605614,0001,1,CORPOS SANUS,02,20120731,20120731,AM,0261
16606802,0001,1,JUNIOR FITNESS,04,20210423,20120725,RN,1837
16607911,0001,1,,08,20220512,20120727,RJ,5865
10767936,0001,1,BIOFITNESS ACADEMIA,02,20090211,20090211,RN,1761
15440931,0001,1,EVOLUTION FITNESS,02,20120423,20120423,SP,6291
16628643,0001,1,CIA FIGHT,02,20120802,20120802,MG,4445
11495244,0001,1,CINESTESIS ACADEMIA,08,20130919,20100119,SP,7133
16640632,0001,1,ELIZANGELA RODRIGUES LTDA,04,20210305,20120723,SP,7107
16642135,0001,1,ACADEMIA FLEX,04,20210419,20120730,SP,5447
16642736,0001,1,,04,20231027,20120719,PR,7477
09519897,0002,2,PULSAR ACADEMIA,08,20170125,20120806,CE,1389
16652292,0001,1,,08,20191213,20120720,SP,6477
16656833,0001,1,JOELFITENESS,04,20190117,20120807,BA,3573
16657300,0001,1,,08,20211021,20120808,PR,7699
16660236,0001,1,QUALITY FITNESS,04,20220610,20120806,SP,6969
16660453,0001,1,ACADEMIA BEM ESTAR,08,20190517,20120808,MG,4133
16661515,0001,1,ACADEMIA,04,20210331,20120808,MG,4885
16676617,0001,1,ACADEMIA DA GETULIO,08,20140902,20120809,RS,8801
16678768,0001,1,CORPO X FORMA,08,20211005,20120807,PE,2599
14602034,0001,1,ACADEMIA VILA,04,20231110,20111103,BA,3117
16688404,0001,1,STUDIO ALMA PILATES LTDA,08,20200312,20120725,SP,7107
16696396,0001,1,RIBEIRO FITNESS,08,20170410,20120814,MT,9167
16703066,0001,1,,02,20120815,20120815,MG,5397
16708249,0001,1,ARTE DO CORPO,04,20210318,20120815,SC,8105
09207359,0001,1,ELITE FITNESS,08,20190326,20071004,TO,9733
16718292,0001,1,BELLETTI TRAINING,02,20120807,20120807,SP,7107
16723114,0001,1,,02,20120809,20120809,PR,7667
16727291,0001,1,ACADEMIA FLIPPER,04,20260513,20120820,GO,9227
10387742,0001,1,CENAFE - CENTRO DE ATIVIDADES FISICAS ESPECIALIZADAS,02,20080901,20080901,SP,6915
16738149,0001,1,JUST FIT,02,20120817,20120817,SP,7107
16738313,0001,1,ACADEMIA CORPO E MENTE,08,20151201,20120822,GO,9227
16742107,0001,1,ACADEMIA CUPIRA FITNESS,02,20120820,20120820,PE,2399
16743661,0001,1,STUDIO CORPUS PILATES,08,20131128,20120810,MT,9883
16744917,0001,1,ACADEMIA FITNESS SPORTS,08,20170208,20120822,MG,5403
16745419,0001,1,,08,20210929,20120816,SP,6291
16752789,0001,1,CANDEIAS FITTNES,08,20190704,20120823,BA,3429
16753530,0001,1,TOP FITNESS,04,20260514,20120824,PA,0483
16756755,0001,1,,08,20200730,20120703,SP,7099
08687310,0001,1,ACADEMIA MUSCULATURA,08,20100818,20070209,SE,3141
14309715,0001,1,,08,20211222,20110915,PE,3001
10239151,0001,1,ACADEMIA VIDA & MAR,08,20201118,20080804,SC,8105
10924693,0001,1,,02,20260603,20090626,RS,8599
10939294,0001,1,ACADEMIA ESPORTIVA BOLA DE OURO,02,20090703,20090703,RJ,5869
10948489,0001,1,BENEFIT NATACAO E FITNESS,02,20090701,20090701,PR,7435
15632627,0001,1,ACADEMIA STAR,08,20210118,20120529,CE,1537
08766697,0001,1,ACADEMIA CULTURA FISICA,08,20110317,20070411,CE,1385
08774073,0001,1,PEP,02,20070329,20070329,SP,7145
15704849,0001,1,BODY POWER FITNESS,08,20230707,20120418,SP,7107
13497044,0001,1,ACADEMIA HC FITNESS,02,20110405,20110405,AL,2785
10365668,0001,1,,02,20080925,20080925,SP,6549
11072900,0001,1,,04,20260513,20090817,PE,2423
12365738,0001,1,ACADEMIA LIFE,08,20170509,20100811,SC,8311
13632691,0001,1,K 3 ACADEMIA,08,20120327,20110419,PE,2499
14794369,0001,1,FAIR PLAY SOCIETY,02,20111220,20111220,PR,7449
14879029,0001,1,,08,20130410,20120113,ES,5603
10441073,0001,1,ACAO ACADEMIA,08,20201216,20081021,SC,8105
08951141,0001,1,ACADEMIA V2,08,20241119,20070720,PB,2095
10486558,0001,1,ACADEMIA STUDIO DO CORPO,08,20191022,20081105,SC,8239
08996504,0001,1,ACADEMIA HIPERFITNESS,04,20210406,20070625,SP,6429
11263947,0001,1,,04,20201027,20091006,PR,7935
11264176,0001,1,ESPACO PERSONAL PILATES,02,20091005,20091005,SP,7107
15189409,0001,1,ACADEMIA DO CANARIO,08,20190810,20120313,MG,5397
11291695,0001,1,IRON GYN FTNESS,02,20091001,20091001,RS,8599
14046667,0001,1,ACADEMIA DE GINASTICA PHYSICAL FITNESS,04,20210223,20110802,AP,0615
12809408,0001,1,,08,20210518,20101026,SP,7107
14068674,0001,1,OLIVEIRA FITNESS,08,20171215,20110729,SP,7243
11338495,0001,1,N T I NUCLEO DE TERAPIAS INTEGRADAS,08,20260526,20091119,BA,3597
12904414,0001,1,SAO LUIZ ESPORTES,04,20181207,20101117,MA,0889
12928575,0001,1,,02,20101117,20101117,SP,7107
11382857,0001,1,,04,20231116,20091209,MG,4573
11384812,0001,1,,02,20091127,20091127,MA,0861
09107508,0001,1,NOVACADEMIA,08,20131107,20070920,RJ,6001
13008828,0001,1,,02,20101215,20101215,MG,4123
11421809,0001,1,CENTRO DE PROMOCAO EM SAUDE E QUALIDADE DE VIDA,08,20160121,20091221,AL,2785
10676555,0001,1,,08,20160707,20090302,SP,6681
10680112,0001,1,,04,20260513,20090306,RS,8801
10712000,0001,1,,08,20130409,20090320,MG,5413
11554984,0001,1,TOP LINE ACADEMIA,08,20171207,20100212,MG,4625
11569244,0001,1,ACADEMIA CORPO EM FORMA,04,20210319,20100218,RJ,5803
11602731,0001,1,,02,20100210,20100210,SP,6219
10790030,0001,1,DICORPUS,08,20120427,20090429,SC,8069
09281398,0001,1,PILARTES STUDIO,08,20110420,20071122,MG,4123
11945850,0001,1,ACADEMIA PAISSANDU,02,20100504,20100504,RJ,6001
08412706,0001,1,GYMNASIUM MUSCLE ACTION,08,20250702,20061019,SP,7107
09534721,0001,1,REFRIGERACOES ROCHA,02,20210409,20080428,BA,3901
08580337,0001,1,VISAO GLOBAL,04,20190116,20061227,AC,0139
16771880,0001,1,ACADEMIA EXERCITY MAIS,02,20120829,20120829,ES,5627
15398716,0001,1,PRO FITNESS,02,20120330,20120330,CE,1319
16775487,0001,1,ACADEMIA BIOFIT,02,20120820,20120820,RS,8587
16781133,0001,1,ESPACO DELAS,02,20120828,20120828,MG,4371
16788842,0001,1,EXTREME FITNESS ACADEMIA,08,20170303,20120829,SP,6323
16793678,0001,1,CORPO ATIVO,02,20120817,20120817,MT,9067
16794779,0001,1,,08,20231211,20120619,SP,6789
16801418,0001,1,FERNANDO LIMA TREINAMENTO PERSONALIZADO,08,20180829,20120904,MS,9131
16802077,0001,1,ACADEMIA BIG BROTHERS,08,20250520,20120904,SP,6311
16804519,0001,1,ACADEMIA FULL LIFE,02,20120727,20120727,PR,7535
15778021,0001,1,ESTACAO FITNESS,02,20120621,20120621,GO,1052
16815902,0001,1,,08,20160125,20120906,RS,8659
16816121,0001,1,KEMPS CONDICIONAMENTO FISICO.,08,20161014,20120906,BA,3515
16819202,0001,1,ACADEMIA PREMIUM,04,20201022,20120831,DF,9701
16819477,0001,1,ACADEMIA BRIMA SPORTS,04,20181030,20120906,RS,8801
16820860,0001,1,,08,20180716,20120810,MG,4123
16823265,0001,1,STUDIO ABEL PINHEIRO,08,20180201,20120910,AP,0615
16825876,0001,1,POWER CORPUS,04,20181207,20120911,MT,8985
16827239,0001,1,,08,20130523,20120911,MG,4417
16828922,0001,1,ACADEMIA CORPO E FORMA,04,20181107,20120910,RN,1761
16831921,0001,1,FELIX MASTER ATHENAS ACADEMIA,02,20120824,20120824,SP,6789
16835814,0001,1,ACADEMIA MIX FITNESS,02,20120912,20120912,RJ,5833
16842284,0001,1,LD ACADEMIA,02,20120913,20120913,MS,9115
16843102,0001,1,ACADEMIA VIDA ATIVA,08,20240626,20120904,RS,8953
07977086,0002,2,,08,20150325,20120831,RS,8633
16845046,0001,1,ACADEMIA WAGNER CAMPAGNAC,08,20141210,20120831,RJ,5853
16846550,0001,1,SPORT & VIDA ACADEMIA,04,20190104,20120814,SP,6717
16849206,0001,1,ACQUA SPORT,08,20250819,20120827,RJ,6001
16865460,0001,1,,03,20140407,20120809,SP,7107
16870416,0001,1,,04,20181228,20120418,SP,7183
16872025,0001,1,,02,20120914,20120914,SP,6875
16884505,0001,1,DUMONT FITNESS,08,20190227,20120917,DF,9701
16886456,0001,1,PILAPARATUS CENTRO DE CONTROLOGIA,02,20120827,20120827,PR,7535
16887045,0001,1,CORPLIFFE ACADEMIA,08,20180419,20120921,GO,9511
16894096,0001,1,NOVO FUTURO STUDIO,08,20250610,20120906,DF,9701
16894361,0001,1,CENTRO DE GINASTICA MOVIMENTO,08,20150813,20120906,PR,7583
14346338,0001,1,GERBER ACADEMIA INGLESES - FPOLIS,02,20110921,20110921,SC,8105
16910336,0001,1,GYM FITNESS,08,20250602,20120926,RN,1603
16880902,0002,2,DIRCEU FITNNES ACADEMIA,04,20181107,20120924,PI,1219
16918921,0001,1,,08,20161209,20120927,AL,2785
16920893,0001,1,,04,20210224,20120927,PE,2401
16921549,0001,1,RIP FITNESS,02,20120925,20120925,SC,8105
15471093,0001,1,ACADEMIA ELITE FITNESS,08,20160715,20120504,MG,5049
16930114,0001,1,,02,20120917,20120917,PB,1975
16930336,0001,1,ACADEMIA VIDATIVA,08,20250321,20120928,BA,3019
16935311,0001,1,ESPACO VITAL ACADEMIA,04,20210416,20121001,SE,3111
16938461,0001,1,IDEAL FIT,08,20220428,20121001,MG,5197
16940299,0001,1,,08,20171214,20121001,BA,3849
16944489,0001,1,ACADEMIA CONCEITO,04,20181026,20121001,CE,1247
16948868,0001,1,SPORT VIDA,08,20210512,20121003,CE,1389
16949365,0001,1,CT FABIANO CAMPOS BJJ,08,20180201,20121003,SP,6897
16952093,0001,1,ADRS,02,20181214,20120306,PB,2051
16881150,0001,1,GARDEN FITNESS,08,20140121,20120920,AP,0605
10672166,0002,2,,04,20240807,20120917,SP,7107
16982083,0001,1,,08,20160324,20121009,MG,4123
16999384,0001,1,WATER POWER - O PODER DA AGUA,08,20201222,20121014,CE,1389
17003379,0001,1,ACADEMIA CODIGO SETE,08,20130612,20121015,MS,9051
17006039,0001,1,STUDIO RAFAELLE PESSOA,08,20240514,20121015,SC,5545
17014906,0001,1,,02,20121016,20121016,RS,8637
17019797,0001,1,HTA ACADEMIA,02,20121017,20121017,SC,8205
17020394,0001,1,PANDA ACADEMIA,02,20250905,20121017,MG,4995
04963160,0002,2,,02,20120918,20120918,SP,6219
17032777,0001,1,FIT FITNESS,08,20140116,20121019,MS,9051
17038805,0001,1,,08,20170911,20121021,PB,2051
17043064,0001,1,,08,20180201,20121022,RJ,5819
17043317,0001,1,,04,20220609,20121016,SP,6285
17048036,0001,1,,02,20260522,20121023,MG,4123
17051580,0001,1,ACADEMIA PROFIGHT,04,20260512,20121023,CE,1389
17054506,0001,1,DASFIT DEBORA SANTANA FITNESS,08,20201209,20120921,RJ,6001
14244319,0001,1,VITALITY ACADEMIA,02,20110819,20110819,RS,8755
17058565,0001,1,,08,20260223,20120510,SP,7107
17059761,0001,1,PERFORMANCE FITNESS,08,20180921,20121024,MG,4123
17064939,0001,1,ACADEMIA HERCULES,04,20181026,20121025,AM,0255
17070776,0001,1,,08,20230201,20121026,SP,7177
17078680,0001,1,ASGARD,04,20210219,20121029,PA,0535
17086077,0001,1,DUMBELL FITNESS ESPORTS E CONDICIONAMENTO,04,20260528,20121022,SP,6545
17089206,0001,1,BODY COMPANY,08,20150703,20121025,RS,8801
15718953,0001,1,ACADEMIA V02 MARILIA,08,20190212,20120615,SP,6681
17099204,0001,1,HR FITNESS,04,20240807,20121025,TO,9385
12250451,0001,1,STUDIO FIT,02,20100716,20100716,MG,4959
17102648,0001,1,ACADEMIA JONATAS PASSOS,08,20180201,20121101,SP,2993
13253537,0002,2,ACQUA LIVE,08,20220624,20121030,DF,9701
17104657,0001,1,,08,20210610,20121004,SP,6163
17123833,0001,1,STUDIO GODOI,04,20260518,20121106,RJ,6001
17124069,0001,1,NEW LEGION,08,20230301,20121011,SP,7107
17138250,0001,1,,08,20161031,20121108,SE,3105
17148572,0001,1,BEM ESTAR E SAUDE SPA,08,20201123,20121108,BA,3849
17149369,0001,1,ACADEMIA BOA FORMA,02,20121101,20121101,SP,7221
17150969,0001,1,STUDIO FORMULA,04,20260528,20121109,RJ,6001
17151128,0001,1,OVERALL GYM,02,20240418,20121024,SP,6581
12792751,0001,1,ESPACO SURAMA FELIX,08,20180201,20101103,RJ,5833
17156412,0001,1,ESPACO VIDA ATIVIDADES FISICAS,04,20260512,20121112,CE,1389
17163884,0001,1,ENERGYM STUDIO FITNESS,04,20260513,20121108,RS,8877
17164264,0001,1,,08,20180830,20121114,SP,7099
17164407,0001,1,ROSE CARDEIRO ACADEMIA,04,20220609,20121109,RJ,0786
13371427,0002,2,MATCH FIT,08,20220408,20120120,PE,2531
17170874,0001,1,ACADEMIA FIT ME,08,20230127,20121107,SP,6875
13216498,0001,1,ACADEMIA HOMMER FITNESS,02,20110201,20110201,SP,7107
17180988,0001,1,CICA STUDIO DE GINASTICA E PERSONAL STILO LIVRE,08,20211119,20121119,PR,7937
17147843,0002,2,,08,20160916,20121105,SP,7075
17188317,0001,1,T2 TRAINNING,08,20141218,20121026,SP,7107
17197037,0001,1,,02,20121122,20121122,MG,4123
17197191,0001,1,FITNESS ACADEMIA,08,20240528,20121122,BA,3437
07807824,0002,2,PULSAR FITINESS,02,20121017,20121017,MG,4733
17204619,0001,1,ATITUDY FITNESS,02,20121123,20121123,RJ,6001
17209860,0001,1,IRW6 SPORTS,08,20190117,20121122,MA,0921
15783246,0001,1,ACADEMIA MEGA MUSCLO,08,20170308,20120626,GO,9227
17215887,0001,1,MEGA CORPO GYM,08,20240624,20121123,PR,7471
17216452,0001,1,ACADEMIA P.H.,08,20210823,20121108,RS,8791
17217570,0001,1,,04,20210212,20121128,GO,9687
17222643,0001,1,EVOLUTE ACADEMIAS,02,20121128,20121128,RS,8729
07594978,0033,2,SMART FIT,02,20121024,20121024,SP,7075
11524676,0004,2,LEANDRO PASCOLAT - ME,08,20150917,20121030,SP,7107
17231235,0001,1,DHARMA YOGA,08,20250123,20121129,SC,8161
17232056,0001,1,IRON FIT,04,20210326,20121121,SP,6477
17234435,0001,1,HERCULES AND IRON,02,20121119,20121119,CE,1537
17234489,0001,1,PROFISIO II,08,20250808,20121123,SP,6313
17234796,0001,1,TOP FIT ACADEMIA,02,20220112,20121130,CE,1599
17237080,0001,1,INFO FITNESS,02,20121127,20121127,ES,5625
17238745,0001,1,,02,20121130,20121130,MG,4285
17239555,0001,1,ACADEMIA ESTILO SAUDE,02,20121130,20121130,BA,3551
17241887,0001,1,FORMA TRAINNER,08,20211221,20121203,SP,7107
17246121,0001,1,ACADEMIA RITMO TOTAL,02,20121129,20121129,SP,6389
17253630,0001,1,,02,20121203,20121203,RJ,6001
17262038,0001,1,FEEL FITNESS ACADEMIA,08,20200831,20121205,SC,8047
17263205,0001,1,ESPORTE E ATITUDE,04,20201023,20121119,SP,7071
17266450,0001,1,FIGHT CLUB ACADEMY,02,20121206,20121206,MG,4763
17283264,0001,1,TEAM NOGUEIRA LONDRINA ACADEMIA,02,20121204,20121204,PR,7667
17283814,0001,1,AGK BRASIL,08,20190923,20121128,SP,6291
17286370,0001,1,,02,20121204,20121204,RS,8729
17287609,0001,1,ARENA 7,08,20250109,20121129,RJ,6001
17290442,0001,1,H1 PERSONAL,02,20121212,20121212,MG,4625
17290468,0001,1,CHROME FITNESS,04,20210331,20121212,MG,4625
13475866,0004,2,,08,20141130,20121121,RJ,5865
14954760,0002,2,SENTIDO UNICO FITNESS,08,20210908,20121212,CE,1389
17293048,0001,1,CENTRO DE TREINAMENTO ROMANO,02,20121212,20121212,RJ,5819
17295115,0001,1,ACADEMIA TRANSFORMA,04,20210422,20121212,BA,3761
17302411,0001,1,FERNANDA OLIVEIRA COSTA ASSESSORIA,08,20171016,20121119,SP,7107
11014543,0001,1,,08,20210712,20090715,SP,7149
17309079,0001,1,PRO SAUDE PERSONAL TRAINNING,08,20180509,20121213,SP,7245
17311357,0001,1,CAMILA REMIGIO,08,20210623,20121217,SP,7071
14431490,0001,1,NARUTO FITNESS,04,20240902,20111009,SP,7075
17312352,0001,1,,08,20220331,20121210,MT,8985
17318328,0001,1,ACADEMIA SAUDE & CIA,02,20121218,20121218,MG,4479
17320278,0001,1,ACADEMIA FORMA FITNESS,04,20210401,20121218,DF,9701
17321856,0001,1,ACADEMIA TOP FITNESS,02,20121219,20121219,MA,0242
17323724,0001,1,JOSY ACADEMIA,04,20210219,20121219,PA,0427
17330305,0001,1,STUDIO ESTACAO SAUDE PILATES,03,20160519,20121219,DF,9701
07594978,0035,2,SMART FIT,02,20121024,20121024,SP,7107
17340917,0001,1,V6 ACADEMIA E REABILITACAO,02,20121227,20121227,MG,4555
17344549,0001,1,ACADEMIA ENERGIA 2,08,20220621,20121228,MG,4959
17345017,0001,1,ACADEMIA LV,08,20140905,20121227,CE,1389
08235526,0001,1,CURVES,04,20181016,20060731,SP,7107
13759404,0001,1,ALCANCE BANDEIRANTES,02,20110602,20110602,MG,4123
16824063,0001,1,STUDIO HARMONIA PILATES,02,20120828,20120828,MG,4123
17348203,0001,1,PRIME FITNESS ACADEMIA,03,20251119,20120102,PE,2381
17364023,0001,1,,02,20121218,20121218,SP,6163
17366678,0001,1,ACADEMIA ELITE PERSONAL TRAINNER,02,20130108,20130108,MG,4141
17374589,0001,1,STUDIO PILATES THAIS BRITO,08,20220329,20121219,SP,6969
15161647,0002,2,COMPANHIA ATALA,08,20250526,20130109,AM,0255
17382549,0001,1,SHOCK FIGHT,08,20170412,20130110,AL,2785
16553252,0001,1,,02,20120719,20120719,PA,0415
17391135,0001,1,RAFA FITNESS,04,20220209,20130111,RJ,6001
17394293,0001,1,,04,20231117,20121220,SP,6607
17402339,0001,1,STUDIO VIDA ATIVA,02,20260602,20130114,MS,9081
11189041,0001,1,PROENERGY FITNESS CENTER,02,20090930,20090930,MT,9067
17407927,0001,1,FIT 7 CINCO,02,20130114,20130114,BA,3515
12125729,0002,2,RENATO MARQUES ACADEMIA,02,20130109,20130109,PI,1219
17431467,0001,1,,08,20190128,20130118,RS,8839
17441227,0001,1,ACADEMIA RED FITNESS,08,20180122,20130121,MG,4371
17448439,0001,1,XXXXXX,08,20220803,20130121,ES,5705
17458979,0001,1,,04,20210309,20130123,PR,7915
17460201,0001,1,,04,20220208,20130123,PR,7691
17460743,0001,1,JFD FISIOTERAPIA,08,20210708,20130123,PE,2381
17464310,0001,1,ACADEMIA KORPUS +,04,20210309,20130122,PR,7583
17465720,0001,1,ERIKA FITINESS,04,20220609,20130121,GO,9221
07594978,0043,2,SMART FIT,02,20130104,20130104,SP,7107
17465866,0001,1,,08,20200512,20130118,PR,7825
17466651,0001,1,,02,20121220,20121220,SP,7107
17470525,0001,1,,04,20181030,20130124,RS,8683
13592386,0002,2,,08,20190930,20130121,SP,6825
17474242,0001,1,,04,20210330,20130125,MG,4917
17474516,0001,1,FUNSPORT,08,20210811,20121121,PR,7535
17343655,0001,1,MAXIMOS ACADEMIA,04,20210226,20121207,SP,7107
16530153,0001,1,GAIA PILATES,08,20190204,20120718,SC,8179
17477223,0001,1,,08,20160331,20130126,SP,6773
17479895,0001,1,ACADEMIA AQUA BRASIL,08,20230418,20130128,MS,9051
17486684,0001,1,MOVARTPILATES,02,20130128,20130128,SP,7107
17487892,0001,1,,04,20210331,20130125,MG,4943
17489126,0001,1,EMAGRECENTRO FITNESS,08,20160906,20130123,RJ,5847
17494224,0001,1,ACADEMIA,03,20241203,20130130,PA,0415
17495661,0001,1,ACADEMIA BRASIL FITINESS,08,20200812,20101006,RN,1761
17501350,0001,1,SELX SAUDE E BEM ESTAR,04,20241127,20130124,MT,9067
17506366,0001,1,PANORAMA FITNESS,08,20170207,20130130,RS,8955
16602981,0001,1,FITNESS ACADEMIA,08,20201203,20120718,SP,6831
17511324,0001,1,,08,20230818,20130131,PR,7535
17511497,0001,1,,08,20150629,20121226,SP,7107
15606983,0001,1,ACADEMIA VIGOR,02,20120417,20120417,PR,7535
17514359,0001,1,CUSTODIO'S GYM,08,20170329,20130128,SP,7097
17515574,0001,1,SPORT LIFE COMPANY,04,20220609,20130129,SP,7089
17517645,0001,1,ATITUDE FITNESS,02,20130115,20130115,SP,7245
17517900,0001,1,ACADEMIA NEW FITNESS LTDA,04,20201029,20130201,BA,3849
13277950,0001,1,RENATA VALLADARES DANCE & FITNESS STUDIOS,08,20230601,20110221,SP,6831
17538480,0001,1,ROGERIO SILVEIRA,04,20210311,20130206,RJ,6001
17540142,0001,1,ACADEMIA CENTER FITNESS,04,20210422,20130205,BA,3707
17545132,0001,1,ACADEMIA LION FITNESS,08,20150206,20130206,PR,7567
17546129,0001,1,J2K1 ACADEMIA - A FORMULA DA SAUDE,02,20190807,20130206,MA,0921
17550883,0001,1,ACADEMIA MURILLO JOSE,08,20260521,20130207,MG,4945
17553557,0001,1,,08,20171121,20130117,SP,7107
17555535,0001,1,FORMA DO CORPO,08,20210511,20120803,PR,7535
17558953,0001,1,,04,20181214,20130123,SP,6477
17572997,0001,1,EQUIPE PASSO LARGO,08,20170816,20130204,SP,6645
17576021,0001,1,,08,20201217,20130214,SP,6361
13288420,0001,1,VITALLY FITNESS,02,20230825,20110207,PA,0054
17581978,0001,1,,08,20221026,20130206,MA,0803
17584686,0001,1,,04,20210413,20130217,SP,7097
11909333,0001,1,SUMMER FITNESS CENTER,02,20090109,20090109,SP,7107
08807038,0001,1,ACADEMIA PROCORPO,02,20070427,20070427,SP,6137
17615120,0001,1,,08,20181002,20130218,SP,7097
97536892,0002,2,M2 STUDIO PERSONAL,08,20170317,20130131,ES,5705
17617901,0001,1,NO LIMITE ACADEMIA,08,20141020,20130213,SP,6425
17392704,0002,2,MAXGYM ACADEMIA DE GINASTICA,08,20141223,20121227,SP,7097
17620646,0001,1,,02,20230121,20130221,ES,5699
17632991,0001,1,UP LIFE STUDIO DE PILATES,08,20141204,20130225,PB,2051
17634728,0001,1,TOP TRAINER FITNESS PERFORMANCE,08,20181217,20130225,CE,1389
11579894,0002,2,EQUILIBRIO FITNESS,02,20130222,20130222,DF,9701
17647384,0001,1,FIT CENTER ACADEMIA,04,20181211,20130206,MT,9067
17652237,0001,1,,02,20250124,20130208,SP,6713
17654025,0001,1,R R ATIVIDADES FISICAS PERSONALIZADAS,04,20260514,20130225,MT,9067
17654482,0001,1,,02,20130227,20130227,MG,5109
10891603,0001,1,ART CORE STUDIO DO CORPO,02,20090603,20090603,SP,7107
17659051,0001,1,,08,20200420,20130228,MG,4123
17661594,0001,1,ACADEMIA VIP FITNESS,08,20151110,20130225,RR,0307
17679893,0001,1,SPORT SAUDE FITNESS,04,20210212,20130304,GO,9227
15689461,0002,2,NEW RANKING,04,20210416,20130305,MG,4123
17690196,0001,1,EDF KF FUNCIONAL,04,20210326,20130305,SP,6789
17699058,0001,1,,08,20181108,20130306,PE,2381
17700145,0001,1,IMPACTO FITNESS ACADEMIA,02,20130306,20130306,MG,4445
17704699,0001,1,PADUA RAFITING,08,20161011,20130307,RJ,5893
17707426,0001,1,BIO FITNESS ACADEMIA DE GINASTICA,04,20260528,20130204,SP,7107
17717934,0001,1,PRO-LIFE ACADEMIA,02,20130305,20130305,PR,7431
17725939,0001,1,ACADEMIA VIGOR,08,20260317,20130311,SP,7107
17733509,0001,1,GEMEOS ACADEMIA,02,20130312,20130312,MA,0923
17742424,0001,1,ACADEMIA FUTURA,02,20130313,20130313,MG,4425
17749183,0001,1,ROSAXOK ACADEMIA SO PARA MULHERES,08,20160607,20130312,SC,8055
17764054,0001,1,UP! GYM,04,20231122,20130318,MG,4865
17765054,0001,1,ACADEMIA ROCHA,08,20150825,20130301,GO,9221
17771471,0001,1,SPARTACUS ACADEMIA,08,20161103,20130301,PR,7493
17771786,0001,1,,08,20190629,20130315,PR,7641
17774532,0001,1,,02,20130318,20130318,RS,8801
16827884,0001,1,ACADEMIA TOP LIFE,08,20200114,20120911,MG,5261
17788856,0001,1,ACADEMIA HELADE,08,20161005,20130207,PR,7535
17790567,0001,1,PILATES LUVAN'S,02,20130321,20130321,SP,7107
17798063,0001,1,WIKI FIT STUDIO FITNESS,08,20170927,20130321,SP,7055
17802736,0001,1,TOCO'S ACADEMIA,08,20260212,20130320,SC,8161
17803521,0001,1,ACADEMIA CENTRAL FITNESS,02,20240904,20130321,BA,3779
17805156,0001,1,ACADEMIA FORCE LIFE & ARTIGOS ESPORTIVOS LTDA,04,20260528,20130322,SP,7107
17814383,0001,1,,08,20200228,20130228,SP,6817
17818866,0001,1,LEMOS MEGA GYM,08,20190426,20121029,RS,8511
17818975,0001,1,STUDIO FOCUS PERSONAL TRAINER,04,20210408,20130325,RJ,5849
17820824,0001,1,,08,20180717,20130326,SP,7097
17823721,0001,1,SHOW DE BOLA,02,20130326,20130326,SP,6863
17833022,0001,1,ACADEMIA BELA FORMA,02,20130327,20130327,MG,4649
17834840,0001,1,J JACIARA FITNESS,08,20180815,20130325,MT,9095
17835781,0001,1,,08,20221101,20130320,PR,7667
14324847,0001,1,MARCELO CAMPOS BARBOSA,08,20220107,20110921,MG,4111
17847886,0001,1,ACADEMIA BOA FORMA,08,20150826,20130401,BA,1110
17851518,0001,1,I9FIT ACADEMIA E SALAO,04,20240807,20130328,DF,9701
17851977,0001,1,,08,20210903,20130307,SP,6645
17853958,0001,1,FISIOLIFE PILATES,02,20130402,20130402,MG,5207
17857212,0001,1,,08,20150528,20130402,SP,2943
17858797,0001,1,CORPUS ACADEMIA,02,20130402,20130402,RJ,0780
17866477,0001,1,SPORT FIT ACADEMIA,04,20231120,20130403,BA,3873
17869196,0001,1,ACADEMIA BOA FORMA,04,20260515,20130403,CE,1535
16971262,0001,1,L & M FITNESS,04,20210224,20121005,CE,1389
17874943,0001,1,TOTAL ELAS FITNESS,08,20221212,20130404,MG,4595
17875933,0001,1,,08,20180802,20130404,MG,4133
17653245,0001,1,ACADEMIA GENESES,02,20260602,20130225,MA,0921
17886208,0001,1,,08,20150928,20130322,MG,4123
17891050,0001,1,STARK ACADEMIA,08,20240525,20130408,CE,1389
17897966,0001,1,NATURAL FITNESS,04,20210422,20130409,BA,3363
17901938,0001,1,ACADEMIA PERSONALE,08,20210222,20130410,SP,6175
17904189,0001,1,ONEFIT,08,20220419,20130410,MG,4123
17905299,0001,1,ACADEMIA AERO FITNESS,08,20170118,20130410,BA,3283
17906707,0001,1,,08,20191127,20130411,SP,6477
17907722,0001,1,PAULA CABRAL HEALTH AND BEAUTY,08,20190902,20130411,MG,4895
17910473,0001,1,ASSOCIACAO DE YOGA DO VALE DO ARAGUAIA,08,20200207,20101207,MT,9035
17910710,0001,1,A.L.C.E.R.J,04,20181011,20130228,RJ,6001
17914901,0001,1,PORT FITNESS,08,20201015,20130412,MG,5131
17919502,0001,1,FUSION FIT ACADEMIA,02,20210405,20130412,SC,0890
13093379,0001,1,,02,20101126,20101126,RS,8801
17934478,0001,1,R3 SPORT BUSINESS,08,20230310,20121121,RJ,6001
17938193,0001,1,PRO FORMA ATIVIDADES FISICAS,04,20181120,20130415,MS,9051
17940673,0001,1,MD TEAM,08,20220524,20130416,SP,7145
17942173,0001,1,,08,20211201,20130416,SP,6789
12793203,0001,1,ACADEMIA ON SPORT,04,20220110,20100927,SP,7107
14828085,0002,2,,08,20150925,20130307,MG,5165
17956215,0001,1,ACADEMIA COMBAT SPORT FIGHT 3,08,20210222,20130418,PA,0633
17959259,0001,1,,08,20170120,20130418,SP,7107
17960994,0001,1,ACADEMIA ATLHETICA BRAGANCA,08,20180730,20130418,SP,6251
17962624,0001,1,ACADEMIA COOP,02,20130418,20130418,RS,7297
17962687,0001,1,GF ACADEMIA DE GINASTICA,02,20130418,20130418,SP,7107
17967239,0001,1,RALI,08,20210512,20130419,PA,0401
17968001,0001,1,BODY FREE,08,20201008,20130419,RJ,6001
17968719,0001,1,ACADEMIA EVOLUCAO,08,20170302,20130418,MG,2685
17969485,0001,1,UNIVERSO FITNESS 3,04,20201103,20130419,SP,7107
17973915,0001,1,T4L FITNESS TRAIN FOR LIFE,08,20140513,20130402,DF,9701
17976716,0001,1,SPINE,02,20120910,20120910,SE,3105
17980508,0001,1,ESPACO EQUILIBRIO PRANA,08,20160407,20130422,SP,7157
08937926,0002,2,FITNESS,08,20150717,20130422,SP,6969
16738149,0005,2,,08,20210512,20130422,SP,7107
17989253,0001,1,,08,20190523,20130423,SP,6969
17993020,0001,1,SPORT CENTER,04,20210406,20130424,SP,7017
17995029,0001,1,ACADEMIA M.L.S FITINES DE ITABUNA,08,20221222,20130418,BA,3597
17996439,0001,1,ACADEMIA OXY 1,04,20201022,20130411,MS,9051
17998327,0001,1,CLINICA DE MUSCULACAO E JIU-JITSU,08,20230825,20130424,GO,9625
18000420,0001,1,MM'S FITNESS,04,20190326,20130423,RN,1841
18010829,0001,1,EVOLUA - MULTISPORTS,08,20230118,20130422,DF,9701
18011777,0001,1,LIFE FITNESS,08,20220609,20130426,PB,2051
18024788,0001,1,,04,20220209,20130429,SP,7107
18028130,0001,1,ACADEMIA ALIANCA,04,20240813,20130430,PA,0427
14899566,0001,1,ESPACO EXCLUSIVE,02,20210513,20120118,SP,6565
17158750,0001,1,INFINITY,04,20210324,20121022,SP,7057
18039079,0001,1,SAUDE EM MOVIMENTO,08,20150622,20130426,RS,8857
13569718,0001,1,ACADEMIA FEMININA ROSANE BRUNO,08,20220706,20110405,PE,2419
18045774,0001,1,POINT PIKITOTAL,04,20210422,20130502,BA,3741
18047496,0001,1,ACADEMIA OLIMPIA,02,20130503,20130503,MA,0757
18052341,0001,1,IMPERIUM FITNESS ACADEMIA,08,20240806,20130418,CE,1385
18061609,0001,1,ACADEMIA SPORT CENTER,04,20210209,20130506,ES,5699
18076535,0001,1,HARD FITNESS,02,20220929,20130508,PB,2051
18082056,0001,1,ACADEMIA CORPO EM FORMA,04,20210218,20130509,MS,9073
18082236,0001,1,TRIBOSS ACADEMIA,04,20260527,20130503,AC,0139
05316444,0002,2,SOMER TRAINING,04,20180913,20130502,RS,8589
18091933,0001,1,ACADEMIA MALHACAO,08,20131126,20130510,MG,4123
18095102,0001,1,STUDIO PRO,08,20210319,20130511,RJ,5877
18097770,0001,1,,08,20210405,20130513,RJ,6001
18103109,0001,1,ACADEMIA ELITE,04,20260519,20130128,PR,7535
18106791,0001,1,BODY ACTION BDI,02,20130514,20130514,MG,4123
18116770,0001,1,ACADEMIA SUMMER TRAINING,08,20200619,20130515,SP,6875
18125144,0001,1,+ VIDA ATIVIDADE FISICA,02,20130516,20130516,SE,3105
18126039,0001,1,ARENA,04,20210422,20130516,BA,3629
18127403,0001,1,AOC - ACADEMIA OFICINA DO CORPO,02,20241011,20130516,BA,3029
13430397,0001,1,ACADEMIA GYM COMPANY,08,20200319,20110303,PR,7435
18131954,0001,1,DIAFIT ACADEMIA TERAPEUTICA,08,20180724,20130516,SP,6619
18134230,0001,1,MASTER FITNESS,08,20241128,20130517,CE,1389
18138020,0001,1,ENERGIA VITAL,02,20130517,20130517,SP,6979
18140796,0001,1,PERFORMANCE & BEM ESTAR,08,20180201,20130519,RJ,5869
18141574,0001,1,UNIVERSO FIT,08,20200514,20130520,MG,4123
18141623,0001,1,TREINAMENTO EXTREMO,08,20180704,20130517,SP,6291
18149670,0001,1,ACADEMIA MALHART,04,20220608,20130520,RN,1779
18152377,0001,1,ACADEMIA PATRICIA COUTO,02,20130521,20130521,MG,0750
18152794,0001,1,CENTER FORMA ACADEMIA,02,20130521,20130521,MG,5217
18153883,0001,1,,08,20150219,20130515,RS,8687
18154710,0001,1,,08,20150930,20130521,MG,4371
18154746,0001,1,ACADEMIA MALHA CORPPOS,02,20130521,20130521,PE,2433
18155621,0001,1,OLIMPIA GYM,04,20210303,20130521,MA,0921
18160684,0001,1,ACADEMIA IMPACTO FITNESS,08,20160503,20130521,SP,7151
16741806,0002,2,,08,20141216,20130201,SP,6639
18171103,0001,1,ACADEMIA PALLA SOUZA,08,20200113,20130523,MT,9069
07737623,0038,2,,02,20130523,20130523,SP,7107
17749721,0001,1,JUSSARA SANTOS,04,20220208,20130314,PR,7701
18179922,0001,1,ANIMUS FITNESS,02,20130523,20130523,RJ,5819
18180144,0001,1,STUDIO A+,04,20210305,20130524,SP,7107
18187890,0001,1,STUDIO A PERSONAL,04,20260520,20130526,GO,9425
18189758,0001,1,NOVA OPCAO FITNESS,04,20260518,20130524,RJ,5819
18190901,0001,1,VIDA FUNCIONAL PERALTA,02,20130527,20130527,SP,7099
18195210,0001,1,TERAPIA FITNESS,08,20141204,20130521,PR,7619
18195275,0001,1,,02,20130523,20130523,RS,8791
18204275,0001,1,,08,20200422,20130528,SP,7121
18204657,0001,1,BUNKER STRENGTH & CONDITIONING,02,20130528,20130528,CE,1453
18220740,0001,1,TOP COMBAT TEAM,08,20180201,20130601,MG,4633
18221406,0001,1,CT MARCO PENA,02,20130602,20130602,ES,5699
18225218,0001,1,,08,20150724,20130603,SP,7107
00474185,0002,2,VIDA ATIVA ACADEMIA,02,20130529,20130529,MG,4763
18226998,0001,1,DINESS ACADEMIA,02,20130529,20130529,CE,1547
18083760,0001,1,WORKOUT CLUB,02,20130503,20130503,GO,9301
18266234,0001,1,CENTRO DE TREINAMENTO GILBERTO PEREIRA,08,20180201,20130610,BA,3885
18266514,0001,1,,08,20241001,20130610,MG,4733
18267208,0001,1,ACADEMIA CORPO & ARTE,08,20211005,20130610,MG,4713
18272460,0001,1,ACADEMIA ACTION,08,20200311,20130611,MG,4261
18274832,0001,1,EVOLUTION FITNESS,02,20130611,20130611,RS,8933
18276680,0001,1,INSTITUTO PILATES,02,20130611,20130611,CE,1389
18277109,0001,1,,08,20180621,20130611,PR,7629
18277748,0001,1,,08,20250522,20130611,SP,6271
18278848,0001,1,OMEGA ACADEMIA,08,20250606,20130611,MT,0131
08315980,0001,1,,08,20180511,20060926,MG,4691
08361546,0001,1,VAL HALA ACADEMIA,02,20060920,20060920,SP,7107
08434882,0001,1,,02,20061106,20061106,RO,0005
08467543,0001,1,LIFE - VIVA COM SAUDE,08,20081211,20061122,MG,4205
08631493,0001,1,,08,20150324,20070205,SP,7107
08636980,0001,1,,02,20061117,20061117,RJ,5897
08640388,0001,1,CURVES,08,20100222,20070208,RJ,5847
20471441,0001,1,VINIPERSONAL,08,20201028,20140619,SP,7057
08782642,0001,1,ITALIANO ACADEMIA,04,20201029,20070420,ES,5623
20471697,0001,1,RAFAEL SOARES ANCHIETA,08,20180201,20140619,SP,6229
09047088,0001,1,BOA FORMA,04,20210423,20070612,RN,1653
09078241,0001,1,ACADEMIA ELLITE,04,20220208,20070925,GO,9673
09102839,0001,1,,04,20210310,20070810,SP,7149
09162274,0001,1,CMD ACADEMIA,04,20210303,20071031,MA,0921
09172839,0001,1,ACADEMIA CORPO LIVRE,08,20100504,20071002,MG,5371
09221184,0001,1,TOP FITNESS CENTER,08,20100922,20071114,SP,6401
09329029,0001,1,SORRISO FITNESS,02,20260529,20080129,AP,0615
09351951,0001,1,ECO SPORT CLUB,08,20080403,20080122,PE,2531
09383617,0001,1,ACADEMIA ATHLETIC CENTER,08,20160428,20080220,RS,8801
09429448,0001,1,PERSONAL STUDIO,08,20101222,20080311,SC,8105
09444792,0001,1,STUDIO ACADEMIA DE GINASTICA E ARTES MARCIAIS,04,20260514,20080221,MG,5155
09618476,0001,1,CONTOURS,04,20181016,20080603,SP,7107
10194682,0001,1,ACADEMIA FISIOFITNESS,04,20181002,20080722,BA,3849
10235099,0001,1,,08,20200116,20080715,SP,6563
10254277,0001,1,,08,20170619,20080724,SP,7107
10268205,0001,1,ACADEMIA DE CAPOEIRA MISTERIO,04,20210422,20080730,BA,3669
10289914,0001,1,ACADEMIA SAO JORGE,02,20080815,20080815,SP,7107
10315759,0001,1,SPORT FITNESS ACADEMIA,08,20170220,20080826,PR,7793
10389772,0001,1,TOTAL FITNESS,02,20080919,20080919,SP,6425
10432950,0001,1,,08,20200312,20081010,SP,6793
10500967,0001,1,SULFITNESS TRAINING CENTER,08,20100408,20081030,AM,0255
10511184,0001,1,,02,20081126,20081126,SP,6217
10623892,0001,1,,02,20090129,20090129,BA,3753
10753862,0001,1,FACTORY FITNESS,08,20250710,20090406,RS,8685
10811012,0001,1,,02,20090511,20090511,MG,4647
10852755,0001,1,EXTREMA FORMA,08,20150603,20090511,RS,8785
10873877,0001,1,CONDICIONADOR FISICO,08,20200116,20090526,SP,6477
10874835,0001,1,ESPACO CORPO E ALMA,04,20181211,20090330,MT,9067
10884263,0001,1,COOPEX COOPERATIVA DO EXERCICIO,02,20090603,20090603,SP,6155
17394234,0002,2,,08,20230517,20150105,RS,8915
10943549,0001,1,EDU SOLORZA - PERSONAL TRAINERS,08,20091228,20090616,SP,6477
11041034,0001,1,OMEGA PHISIO ACADEMIA,02,20090810,20090810,PI,1219
11073775,0001,1,ACADEMIA O2,08,20160915,20090805,SP,6483
11347307,0001,1,,08,20210601,20091125,RJ,5925
11412660,0001,1,ACADEMIA CORPO SAUDAVEL,08,20260427,20091217,GO,9373
11603556,0001,1,,04,20220117,20100224,MG,4123
11762239,0001,1,M. 10 ACADEMIA,02,20210527,20091117,PA,0427
12266899,0001,1,,08,20120405,20100706,SP,6313
12298029,0001,1,ACADEMIA ESPACO CIA DO CORPO,08,20180221,20100729,MG,4657
12303727,0001,1,,08,20201008,20100729,MG,5029
20481373,0001,1,CORPO E SAUDE,02,20140623,20140623,MS,9113
12419678,0001,1,ACADEMIA FEMININA,08,20170922,20100816,SP,6131
12434566,0001,1,,04,20181128,20100813,ES,5623
20481638,0001,1,,08,20260327,20140623,SP,6979
12586594,0001,1,LABOR FITNESS ACADEMIA,08,20120709,20100927,MG,5035
20482190,0001,1,SUA FORMA EM MINHAS MAOS,08,20180201,20140623,MG,4123
12761101,0001,1,FLAT LIFE,04,20181221,20101018,SP,6713
12795652,0001,1,STUDIO ELITE PERSONAL TRAINER,02,20101103,20101103,MG,4957
12803240,0001,1,FENIX FITNESS WELLNESS,02,20101014,20101014,SP,6251
12896004,0001,1,ACADEMIA PERFORMANCE,02,20210823,20101120,SE,3195
12900936,0001,1,STUDIO RUNNERS ESPORTE E SAUDE,02,20101119,20101119,MS,9051
09721155,0002,2,,08,20130611,20101118,MG,4123
12920861,0001,1,ATF SAUDE,08,20130129,20101124,MG,5049
12989921,0001,1,CARIOCA FITNESS,02,20260522,20101209,RJ,5901
13044800,0001,1,,04,20181016,20101216,SP,7107
13051881,0001,1,ATIVIDA - ASSESSORIA ESPORTIVA DA SAUDE DOMICILIAR,04,20210407,20101229,BA,3849
13154456,0001,1,ACADEMIA LIFE ENERGY,02,20100903,20100903,PR,7535
13189008,0001,1,FORM FIT ACADEMIA,08,20211216,20110201,BA,3849
13603376,0001,1,ACADEMIA SAUDE VITAL,03,20150119,20110504,MG,4761
20484923,0001,1,,08,20150401,20140623,SP,6291
13809015,0001,1,ENERGY PHYSICAL,04,20210303,20110610,CE,1453
13856852,0001,1,,02,20230201,20110621,SP,6131
14128816,0001,1,ANDRE RIBEIRO WELLNESS,08,20170209,20110805,PR,7935
14188843,0001,1,,04,20181030,20110726,RS,7297
14288793,0001,1,RIO FITNESS,02,20110906,20110906,RJ,6001
14365059,0001,1,SPARTAKUS ACADEMIA,02,20110905,20110905,SP,6475
14389693,0001,1,O PROFISSIONAL,04,20210413,20111001,SP,2965
13212273,0001,1,ASANAS STUDIOS PILATES,02,20110128,20110128,SP,6969
18282198,0001,1,COMPANHIA FITNESS,08,20141114,20130611,GO,9609
18288774,0001,1,OFICINA DO CORPO,08,20190228,20130612,RN,0430
14452095,0001,1,BIOFIT,04,20181026,20110927,CE,1389
20486857,0001,1,,08,20190517,20140616,MG,5403
14634008,0001,1,MAIS SAUDE,08,20130731,20111117,ES,5623
02876450,0002,2,ESCOLA DE DANCA ELAINE & CIA,08,20170626,20111226,MG,4079
13475866,0023,2,,08,20141130,20140715,MS,9051
15008388,0001,1,ESTUDIO DE PILATES CORPO E MENTE,08,20180409,20120207,MS,9051
03603595,0038,2,SESC ESTREITO - ACADEMIA/RESTAURANTE,02,20111226,20111226,SC,8105
15370753,0001,1,TOP FIT ACADEMIA,08,20181106,20120322,SP,6921
15489051,0001,1,,08,20200715,20120326,SP,7107
15635335,0001,1,,08,20180201,20120531,SC,8039
15835613,0001,1,SUPERACAO,08,20210201,20120605,SP,6155
15919584,0001,1,,08,20170313,20120705,RJ,6001
16541076,0001,1,VITA PILATES,08,20180713,20120720,PE,2531
16671502,0001,1,NUTRI FITNESS DE GINASTICA,04,20210426,20120809,BA,3341
16705397,0001,1,,08,20201002,20120806,CE,1417
16722297,0001,1,ACADEMIA MALHACAO,08,20151106,20120817,ES,5645
16816299,0001,1,ACADEMIA RITMUS,08,20190109,20120906,SC,8089
16870113,0001,1,ESTUDIO DE PILATES CORPO E MENTE,08,20250424,20120822,GO,9445
16980309,0001,1,,04,20210225,20121008,RS,0964
16994166,0001,1,ACADEMIA PRO-FITNESS,08,20150921,20121001,PR,7609
17002852,0001,1,SAUDE & VIDA,02,20121015,20121015,AL,2833
17044781,0001,1,CG FITNESS,02,20120705,20120705,CE,1389
17099455,0001,1,PERFECT LIFE FITNESS,08,20190306,20121008,SP,6477
17168137,0001,1,ACADEMIA DE GOLEIROS AFT GOLEIROS,08,20170601,20121114,SP,7057
17187202,0001,1,EQUILIBRIO CORPORAL - PILATES E FISIOTERAPIA,08,20250712,20121120,RS,8801
17190495,0001,1,ACADEMIA MEDLEY,04,20220110,20121026,SP,7107
17211224,0001,1,FEMINA ACADEMIA,08,20210528,20121123,GO,9511
17276394,0001,1,INDIOLAN PERSONAL TRAINER,08,20250401,20121210,SC,8383
17297837,0001,1,JARDIM AEREO,02,20121203,20121203,SP,6291
17411881,0001,1,CROSS FIT 2211,08,20140818,20130115,SP,6607
17702126,0001,1,,02,20130306,20130306,SP,6167
17837620,0001,1,ACADEMIA PHYSICUS COLISEU,04,20231030,20130306,GO,1066
17842947,0001,1,,04,20260528,20130328,SP,7145
17946418,0001,1,TEAM CINTIA GRANDE,08,20160725,20130417,PR,7771
17965566,0001,1,ACADEMIA ESPACO SAUDE,08,20150429,20130419,SC,0944
18030532,0001,1,,08,20141104,20130427,RJ,5869
18092193,0001,1,MOVETECH,02,20130508,20130508,SC,8161
18120057,0001,1,VO2 ACADEMIA,02,20130515,20130515,MG,5139
18289897,0001,1,SOS PILATES E TREINAMENTO,02,20130529,20130529,SP,7107
18290144,0001,1,,04,20210413,20130612,SP,7097
18310522,0001,1,CORPO PERFEITO,02,20130617,20130617,SP,6213
18311331,0001,1,ACADEMIA STILLE,02,20130617,20130617,SP,7107
18321431,0001,1,ACADEMIA CORPO EM FORMA,04,20180828,20130618,MG,5403
18321607,0001,1,DYNAMYK ACADEMIA,08,20140128,20130614,ES,2933
18322858,0001,1,ACADEMIA VIBEZONE,08,20240711,20130618,SC,8175
18323893,0001,1,ACADEMIA KORPUS MAIS SAUDE,08,20180410,20130618,MG,0672
18325695,0001,1,LONGEVITY ACADEMIA,08,20260408,20130619,PA,0427
18334535,0001,1,W L CORPO EM MOVIMENTO,02,20210730,20130618,BA,3541
18337186,0001,1,ACADEMIA CENTRAL DA FORMA,08,20220721,20130619,SC,8025
16738149,0008,2,,02,20130620,20130620,SP,7107
18339855,0001,1,PRO SAUDE CTFP,04,20210225,20130620,RS,8935
18340825,0001,1,A PERSONAL SA,08,20141006,20130620,SC,9985
05018717,0002,2,CORPO ATIVO ACADEMIA,08,20240528,20130514,AC,0139
18345057,0001,1,SAT ANANNDA,02,20130621,20130621,SP,7107
18345210,0001,1,PALHANO FITNESS,02,20190613,20130613,CE,1501
18345690,0001,1,ACADEMIA NOVA ONDA,04,20181211,20130612,MT,9067
16880275,0001,1,,02,20120912,20120912,PR,0870
18349930,0001,1,VIVA STUDIO DE PILATES,08,20180312,20130621,GO,9373
18359274,0001,1,,02,20130624,20130624,RS,8599
18208026,0001,1,STUDIO PILATES,08,20181106,20130528,MG,5391
18365788,0001,1,,08,20190612,20130626,RS,8659
18380476,0001,1,GYM FITNESS,08,20211228,20130624,MT,9151
18383719,0001,1,,08,20190815,20130628,SP,6795
18393747,0001,1,ACADEMIA NETUS FITNESS,04,20220609,20130626,GO,9221
18413689,0001,1,,02,20130703,20130703,MG,4763
18419752,0001,1,IMPACTO ACADEMIA,04,20190130,20130704,PE,2457
18423644,0001,1,QUALITY LIFE,08,20141118,20130627,ES,5663
18430336,0001,1,DYNAMICA ACADEMIA DE GINASTICA,02,20130705,20130705,MS,9063
18435258,0001,1,,08,20211029,20130705,SP,6475
18448335,0001,1,MOTA FITNESS CENTER,08,20150212,20130705,RJ,5903
18450099,0001,1,FIT WAY,08,20210706,20130709,AL,2705
18457524,0001,1,ACADEMIA VITALI,08,20220615,20130710,PA,0535
18460872,0001,1,RF FITNESS,08,20230829,20130710,SP,6401
18473491,0001,1,HAGANA,02,20130711,20130711,BA,3849
18485618,0001,1,,08,20170224,20130715,DF,9701
14496051,0001,1,SUPREMA FASHION,02,20260608,20111021,TO,9727
18174720,0001,1,,02,20130522,20130522,RJ,6001
18491961,0001,1,ACADEMIA ALFA FITNESS,08,20200910,20130711,ES,5623
18495166,0001,1,COUTDOOR,08,20210922,20130716,SP,7107
18500758,0001,1,RC - SOLUCOES ESPORTIVAS,02,20130710,20130710,RS,8801
18503828,0001,1,STUDIO REVIGORE PILATES,02,20231219,20130716,DF,9701
18518157,0001,1,BODY SPACE ACADEMIA,08,20171010,20130719,PA,0427
18527296,0001,1,SPACO FITNESS,02,20130722,20130722,MA,0731
18534703,0001,1,BODYFIT ACADEMIA,08,20140224,20130723,MG,5387
18535092,0001,1,BIO PERSONAL,02,20130723,20130723,MG,4485
18540834,0001,1,I9 CLUBE DA SAUDE,02,20130723,20130723,PE,2491
18541469,0001,1,C1BARROS ASSESSORIA ESPORTIVA,08,20220708,20130723,RJ,6001
18541568,0001,1,ACADEMIA POWER FITNESS,02,20130723,20130723,BA,3515
18542244,0001,1,ESPACO FITNESS ACADEMIA,08,20191104,20130720,GO,9571
15416430,0001,1,ACADEMIA BELLA FORMA,02,20120424,20120424,MG,4961
15156480,0002,2,ACADEMIA,08,20151008,20130725,SP,7107
18565227,0001,1,FAM SPORTS,02,20130726,20130726,SP,6401
18577639,0001,1,ACADEMIA ARSENAL FITNESS,04,20210316,20130729,RJ,5897
18578631,0001,1,SIGMA INSTITUTO DE PILATES,08,20221117,20130730,SP,6689
18580650,0001,1,EQUILIBRIO,08,20211028,20130730,SP,6429
18586851,0001,1,NAIP FIT,02,20130731,20130731,SP,6427
18588410,0001,1,MAXIMUS SPORT FITNESS LTDA,08,20160808,20130705,RN,1761
18598258,0001,1,B7 FITNES,04,20210303,20130730,CE,1399
08964773,0002,2,SAMUEL FITNESS UNIDADE II,08,20240506,20130730,CE,1447
18601042,0001,1,CORPO CONSCIENTE,08,20191210,20130514,RS,8801
18615199,0001,1,SIKA EXPLOSION FITNESS,04,20210224,20130805,CE,1585
18615681,0001,1,CHAMA DO CERRADO,02,20250212,20130730,GO,0077
18618826,0001,1,,08,20180313,20130730,RS,9825
18619383,0001,1,PHISICAL SPORTS ACADEMIA,04,20210305,20130805,SP,7107
18623365,0001,1,NADO LIVRE TERESOPOLIS,02,20130529,20130529,RJ,5915
18624457,0001,1,SOLMALHAR,08,20170718,20130621,CE,1589
18629510,0001,1,,08,20230201,20130806,MG,4123
18634418,0001,1,FIT 30MIN,08,20181129,20130806,DF,9701
18647220,0001,1,ACADEMIA EL SHADDAI,08,20180206,20130802,RS,8619
18648256,0001,1,EASY PILATES,02,20130722,20130722,PR,7535
18649060,0001,1,ACADEMIA CORPUS 3,08,20201217,20130807,PE,2399
18649732,0001,1,IMPACTOS FITNESS,04,20190326,20130809,PE,2433
18658477,0001,1,PILATES STUDIUM LTDA,08,20180628,20130809,SE,3105
18659352,0001,1,WESLEY ACADEMIA,08,20140203,20130812,SE,3113
18661978,0001,1,ACADEMIA SOUZA SANTANA,04,20210422,20130812,BA,3937
18664028,0001,1,ACADEMIA SPORT FITNESS,08,20181114,20130805,MT,9047
18668845,0001,1,SUPERACAO FISIOCLINICA E ACADEMIA,02,20130813,20130813,MG,4893
18675845,0001,1,ACADEMIA SAUDE & FORMA,04,20210218,20130814,MS,9051
18675906,0001,1,BOX AMOVEMENT - TREINAMENTO & FISIOTERAPIA,02,20130813,20130813,RO,0005
18686836,0001,1,STUDIO PILATES CRIS BRAGA EIRELI,08,20191121,20130815,SP,6291
18689027,0001,1,KLEBER MENDES STUDIO FITNESS,02,20130815,20130815,MG,4133
18689255,0001,1,DANI LAGO AND FITNESS,08,20240115,20130815,SP,6921
18690757,0001,1,,02,20130815,20130815,MS,9089
18690872,0001,1,ACADEMIA TEKION,08,20210709,20130816,RS,8791
07594978,0064,2,,02,20130816,20130816,SP,7145
18702239,0001,1,,08,20150518,20130819,SC,5595
18705572,0001,1,CORPORE FITNESS,08,20181009,20130819,MG,4877
18705639,0001,1,EVOLUTION FIT,08,20240220,20130815,DF,9701
18706167,0001,1,,08,20201116,20130819,SP,7107
18707564,0001,1,MAXIMUS ACADEMIA,08,20180703,20130819,SP,7107
05197617,0003,2,ACADEMIA FEMINI,04,20240808,20130815,MT,9067
18716338,0001,1,,08,20181015,20130821,AM,0255
18720733,0001,1,COLISEUM GYM,08,20160427,20130821,PE,2381
18730311,0001,1,MOVA-SE,08,20250919,20130822,SE,3105
18730889,0001,1,SANDRA REGINA PERSONAL TRAINER,08,20180201,20130822,ES,5705
18740586,0001,1,ACADEMIA BEM ESTAR,02,20130815,20130815,MT,0117
18741599,0001,1,HANGAR FIT ACADEMIA,04,20210226,20130823,SP,7107
18746318,0001,1,VITALITY STUDIO PILATES,04,20190320,20130715,DF,9701
18747954,0001,1,CROSSFIT 1050,08,20220411,20130719,RN,1761
18750486,0001,1,CIA FITNESS,02,20130304,20130304,SP,6637
18751627,0001,1,PRO FIGHT ACADEMIA LTDA,08,20200428,20130826,SP,6831
18752579,0001,1,ACADEMIA CAPRICHO FITNESS,04,20181009,20130820,MA,0765
15311286,0002,2,FUNCIONAL BRASIL COMERCIO E SERVICOS,08,20151027,20130823,DF,9701
18759739,0001,1,BLESSAUDE CONSULTORIA,08,20140822,20130827,RJ,6001
18760720,0001,1,MULTIERGO CONSULTORIA E ASSESSORIA EMPRESARIAL,08,20250228,20130827,SP,6425
18766911,0001,1,VIP AEROBIC RUN AND FITNEES,08,20201008,20130826,AL,2785
18776604,0001,1,FOCUS ACADEMIA,02,20130829,20130829,CE,1389
18777245,0001,1,EXTREME ACADEMIA,08,20150106,20130822,RS,8683
18777724,0001,1,ACADEMIA SHARK FITNESS,08,20170814,20130325,PR,7535
18777836,0001,1,ZUMBA FITNESS,08,20171117,20130829,PR,7469
15128975,0001,1,OMEGA ACADEMIA III,02,20120216,20120216,SP,6291
18792153,0001,1,VN PERFORMANCE,08,20221121,20130830,SP,6219
18793459,0001,1,MAX FITNESS,08,20250521,20130902,PE,2381
18796604,0001,1,STATUS ACADEMIA,02,20130829,20130829,PB,1981
18799893,0001,1,ESPACO FISIOVIDA,04,20260525,20130813,RN,1603
18812205,0001,1,BETH FITNESS,04,20210407,20130904,BA,3849
18816484,0001,1,ACADEMIA ESPACO FITNESS,08,20170407,20130830,PR,7425
18826333,0001,1,CASSIUS MARTINS PERSONAL TRAINER,02,20130903,20130903,RS,8801
18828880,0001,1,KL LEXSA MODA FEMININA FITNESS,04,20181128,20130904,ES,5699
18829243,0001,1,ACADEMIA FISICO TOTAL,02,20130819,20130819,GO,1052
15146427,0001,1,STUDIO GU PERSONAL TRAINER,02,20120222,20120222,DF,9701
18833981,0001,1,,02,20130805,20130805,RJ,6001
18834428,0001,1,,08,20221221,20130906,RJ,5865
18402253,0002,2,FORMULA,08,20160430,20130906,RS,8801
18836881,0001,1,ACADEMIA FITNESS GIRL,08,20160229,20130909,PE,2513
18845688,0001,1,,02,20130619,20130619,PR,7535
07273364,0003,2,BOA FORMA ITAIMBE PALACE,08,20180315,20130905,RS,8841
18847265,0001,1,TOCA DO THAI,08,20240321,20130910,SP,7097
18850138,0001,1,CORE TRAINING STUDIO,08,20200710,20130906,SE,3105
11135814,0027,2,,08,20190708,20130911,RJ,6001
18862415,0001,1,VIBRACAO FITNESS,04,20240819,20130911,RJ,5869
18874695,0001,1,,02,20130912,20130912,SP,7107
18880983,0001,1,ACADEMIA ECLIPSE FITNESS,08,20180201,20130916,SP,7097
13494814,0001,1,,08,20190503,20110408,SC,8053
18883851,0001,1,STUDIO F & R TREINAMENTO PERSONALIZADO,08,20200810,20130902,GO,9373
18885470,0001,1,,08,20191128,20130916,SP,6181
18890941,0001,1,,02,20130916,20130916,RS,8541
18891590,0001,1,CONEXAO FITNESS,08,20170901,20130916,BA,3913
18892415,0001,1,SPACO FORMA FITNESS,08,20160623,20130917,MG,4123
18894108,0001,1,,02,20130916,20130916,RJ,6001
18901301,0001,1,EFEITO IDEAL,08,20160810,20130918,RS,8841
18901476,0001,1,SMART SHAPE,02,20130918,20130918,SP,7029
18905092,0001,1,BOX GFIT,08,20250929,20130918,SP,6475
18909148,0001,1,MM SPORTS,08,20240315,20130902,PR,7563
18909228,0001,1,,02,20130918,20130918,RJ,6001
18911969,0001,1,LIFE FITNESS,02,20251219,20130918,RR,0301
17960636,0001,1,SMARTCEL,02,20130418,20130418,BA,3849
18915200,0001,1,MINAS FITNESS,02,20130919,20130919,MG,5385
18917876,0001,1,,08,20150710,20130918,RN,1761
18919776,0001,1,ACADEMIA SAGRES FITNESS,08,20150708,20130920,SP,6995
18921649,0001,1,MARTHA DUTRA,04,20210316,20130920,RJ,6001
18922532,0001,1,MANIA DE MALHAR,02,20130920,20130920,RJ,5869
18931814,0001,1,SAUDE & CIA LITORAL TREINAMENTO FUNCIONAL,02,20130923,20130923,ES,5607
13475866,0012,2,,08,20141130,20130918,SP,7107
18938835,0001,1,LIGEIRO FITNESS,04,20181026,20130924,AM,0255
18941083,0001,1,TOP FITNESS ACADEMIA,08,20170216,20130924,RJ,6009
18943820,0001,1,METABOLIC STUDIO PERSONAL,02,20130924,20130924,SP,6639
18913289,0001,1,ACADEMIA LION FIT,02,20130910,20130910,PI,1215
18947461,0001,1,,04,20190115,20130924,ES,5703
18956091,0001,1,WELLNESS NATAL,08,20160428,20130924,RN,1761
18956772,0001,1,XCORE FITNESS,08,20210621,20130926,MS,9051
18964434,0001,1,,04,20260528,20130927,SP,7107
18964506,0001,1,ACADEMIA CORPO & MOVIMENTO,02,20130917,20130917,GO,0053
18966886,0001,1,W FITNESS ACADEMIA,08,20180201,20130927,MG,4717
18973960,0001,1,ACADEMIA EVOLUTION,02,20220201,20130927,RO,0009
18985877,0001,1,ACADEMIA VITAL FITNESS,02,20131001,20131001,CE,1389
18987422,0001,1,ACADEMIA SUMMER,08,20150402,20131001,SP,6249
20529009,0001,1,,04,20240812,20140630,SE,3105
18994869,0001,1,CARPE DIEM,08,20201222,20131002,SC,8253
18997005,0001,1,ACADEMIA BIDA KAN SPORTS,08,20161122,20131002,SP,7133
18997252,0001,1,VERA DIAS STUDIO PILATES,04,20260519,20131001,RS,8801
16830832,0001,1,ATHOS ACADEMIA,04,20181212,20120910,TO,9663
19004636,0001,1,METAMORFOSE STUDIO DE PILATES,02,20131001,20131001,DF,9701
19008744,0001,1,,02,20131003,20131003,SP,6377
19010924,0001,1,ACADEMIA OLIPICA,08,20180322,20130925,RN,1779
18850515,0001,1,GOLDEN FITNESS STUDIO,08,20200716,20130911,MG,4067
13160341,0001,1,VADICO SCIPIONI PILATES,08,20220916,20110104,SP,6245
19028013,0001,1,SOLON SANTOS CONSULTORIA ESPORTIVA,04,20260528,20131008,RJ,6001
19035854,0001,1,ESPACO NAMAH,02,20130226,20130226,MG,4123
19035982,0001,1,,08,20171220,20131009,RJ,5925
19038894,0001,1,ACADEMIA PERFORMANCE,04,20210318,20131008,RS,8633
19046957,0001,1,CULTURA FISICA,04,20210304,20131010,RS,5757
19053907,0001,1,,08,20210113,20131011,SP,6291
19054333,0001,1,,08,20231218,20131010,RS,8589
19055406,0001,1,EMES FITNESS,02,20131002,20131002,RN,1661
19056313,0001,1,DYNAMIS SPORTS FITNESS,08,20180411,20131011,SP,7225
17310325,0001,1,CROSSFIT SETE LAGOAS,08,20201223,20121217,MG,5343
19060732,0001,1,M.X FITNIFF,08,20180201,20131011,CE,1389
19064099,0001,1,A2 TOP TRAINING,02,20130729,20130729,PR,7535
19066218,0001,1,ACADEMIA PRO SPORTS,04,20210413,20131014,SP,6591
08833763,0001,1,FITNESS & FISIO,02,20070315,20070315,RJ,6001
19068316,0001,1,AVANCI SAUDE FISICA E BEM ESTAR,08,20240308,20131014,SP,6789
19072846,0001,1,ESTACAO DO CORPO ACADEMIA,04,20231030,20131014,DF,9701
19086093,0001,1,,08,20220223,20131014,RJ,5813
19095800,0001,1,MC FITNESS,02,20131018,20131018,RS,8869
19097797,0001,1,PRIME 7 FIT,02,20131018,20131018,RJ,5819
19099371,0001,1,ACADEMIA BODY MOVE,04,20220608,20131017,DF,9701
19108607,0001,1,ACADEMIA CORPO E ALMA,02,20131021,20131021,RS,8519
19111005,0001,1,BIO EQUILIBRIO,02,20131022,20131022,SC,8293
19113296,0001,1,RIBB - ACADEMIA DA PRAIA,08,20160321,20131021,SC,8113
19113624,0001,1,ACADEMIA META,04,20190320,20131022,CE,1389
19115734,0001,1,ACADEMIA FIT 11,04,20231030,20131018,DF,9701
19120136,0001,1,,02,20241104,20131023,SP,7151
19121182,0001,1,,08,20230811,20131014,PR,7825
19125751,0001,1,CENTRO DE TREINAMENTO BLACK TEAM CAVEIRAO,08,20180529,20131023,SC,8189
10738509,0001,1,SUZUKI - QUALIDADE DE VIDA,04,20260514,20090331,PR,7667
13637380,0001,1,CROSSFIT INDAIATUBA,02,20110428,20110428,SP,6511
19129206,0001,1,ACADEMIA TOP DO SERTAO,02,20131023,20131023,AL,2859
19136717,0001,1,ESPAO CORPORE SAUDE,08,20190530,20131024,CE,1389
19138307,0001,1,FREDTEAM,02,20230315,20131025,MG,4123
19138342,0001,1,ACADEMIA POWER FIT - TREINAMENTO FUNCIONAL,02,20131024,20131024,SE,3105
19138367,0001,1,ACADEMIA FEELING FITNESS 281,04,20190115,20131021,RJ,6001
19139346,0001,1,,04,20260518,20130917,RJ,6001
19151518,0001,1,,08,20141211,20131022,RS,8801
19151708,0001,1,FOCO SEGURANCA,08,20250908,20131029,MG,4133
19153793,0001,1,ESPACO CARE,02,20131029,20131029,SP,7107
19159320,0001,1,VOGA REMO INDOOR E TREINAMENTO FUNCIONAL,04,20260514,20131029,MT,9067
19166733,0001,1,RUNBORA TREINAMENTO E EVENTOS,04,20210224,20131030,CE,1389
19170747,0001,1,PERSONAL FITNESS,04,20210326,20131031,SP,6477
19171601,0001,1,CROSSFIT NITEROI,04,20210316,20131030,RJ,5865
19178330,0001,1,STUDIO VIP PILATES,08,20220418,20131031,RJ,6001
19179576,0001,1,CROSSFIT POSTO 9,08,20240626,20131009,RJ,6001
19179652,0001,1,,04,20231110,20131101,SC,8089
19182693,0001,1,CRISTIANE TRAINNING ACADEMIA,04,20210409,20131024,PI,1219
19188319,0001,1,M.A ACADEMIA,04,20210423,20131101,RN,1759
19188437,0001,1,ACADEMIA PULSAR FITNESS,04,20201023,20131104,SP,6163
19197853,0001,1,ACADEMIA ESPACO FITNESS,08,20260220,20131105,BA,3847
19198348,0001,1,FERNANDA LIMA ACADEMIA DE GINASTICA,02,20250725,20131104,BA,3849
19200282,0001,1,SAFE FITNESS,08,20150819,20131031,RS,8801
19113831,0001,1,,02,20131022,20131022,SC,8263
19205879,0001,1,ACADEMIA DE KARATE DOJO SHOBUKAI,08,20180529,20131106,MG,4865
19207321,0001,1,CROSSFIT CORCOVADO II,02,20131105,20131105,RJ,6001
19009472,0001,1,ACADEMIA BROTAS FITNESS,04,20210310,20131004,SP,6259
07737623,0043,2,,02,20131107,20131107,SP,7107
19218639,0001,1,,02,20131107,20131107,SP,6831
19219543,0001,1,ACADEMIA ON FITNESS,08,20181211,20131107,MG,4123
19223248,0001,1,STUDIO CINTIA BARBOSA,02,20260601,20131107,MG,4501
19223514,0001,1,VIP FITNES ACADEMIA,02,20131107,20131107,RO,0003
19223538,0001,1,TOP SUL ACADEMIA,02,20131107,20131107,PB,2051
19224485,0001,1,EXTREME FITNESS & FIGHT,08,20190513,20131108,PE,2531
19232642,0001,1,,08,20161011,20131016,MG,4123
19233260,0001,1,ACADEMIA RAIA-4,08,20230105,20131111,PE,2531
19239254,0001,1,ACADEMIA MAMUTE FIT,02,20131112,20131112,MG,4577
19249154,0001,1,D M MALHACAO,04,20210426,20131113,BA,3515
19251788,0001,1,ACADEMIA OFICINA DO CORPO,08,20161201,20131113,MG,4441
19259443,0001,1,ACADEMIA MALHACAO,02,20131112,20131112,MG,4711
19261715,0001,1,NATALIA KELM DANCA&FITNESS,08,20200414,20131115,RS,8801
19268961,0001,1,FEMENI ACADEMIA,04,20220607,20131107,CE,1547
19269675,0001,1,NEW FITNESS,04,20190322,20131118,RS,8801
19270021,0001,1,VICENTE MULTI SERVICE,04,20190130,20131118,PE,2419
19277792,0001,1,ESPACO FITNESS,08,20200814,20131119,SP,7005
19279650,0001,1,ACADEMIA NEW LIFE,04,20210224,20131118,CE,1389
19305222,0001,1,CENTRO DE BEM ESTAR FIT,08,20170209,20131125,AL,2793
19309316,0001,1,ACADEMIA VITALLE,02,20131125,20131125,RJ,6001
03404083,0005,2,ACADEMIA MK3,04,20260513,20131125,MA,0921
19318142,0001,1,B W FITNESS,04,20210319,20131125,RJ,2909
19323758,0001,1,ACADEMIA BODY FIT,04,20181211,20131127,GO,0085
19326006,0001,1,GM FITNESS CENTER,02,20131127,20131127,MG,4415
19335746,0001,1,HEALTHY LIFE,02,20131128,20131128,RJ,6001
19335772,0001,1,K2 FITNESS,08,20240701,20131129,RJ,5877
19338925,0001,1,RG FITNESS,02,20131128,20131128,TO,9733
19344939,0001,1,PERSONAL'S,08,20220601,20131129,PB,2133
19350960,0001,1,JC CONSULTORIA E ASSESSORIA EM ATIVIDADE FISICA,08,20260609,20131202,RJ,6001
19354565,0001,1,ACTIVE LIFE,02,20131128,20131128,PR,7489
19357327,0001,1,,08,20201218,20131203,TO,9241
19360649,0001,1,UP - ACADEMIA DE GINASTICA E MUSCULACAO,08,20150130,20131204,MS,9051
15261824,0001,1,,08,20170818,20120326,SC,5541
19363877,0001,1,MOMENTO FITNESS,02,20131202,20131202,RS,9821
19364242,0001,1,,02,20260602,20131128,MT,9167
19365846,0001,1,SEGMA - SEGURANCA E MEIO AMBIENTE,02,20211208,20131205,RJ,0780
19243909,0001,1,,02,20131112,20131112,MG,4733
19372583,0001,1,ACADEMIA PONTO SAUDE,08,20240910,20131128,RS,8801
19373179,0001,1,,02,20131205,20131205,RJ,6001
19374421,0001,1,MOGI TRAINER EIRELI,08,20160615,20131206,SP,6713
19375165,0001,1,RC ASSESORIA ESPORTIVA,08,20180201,20131206,RJ,5865
19385255,0001,1,HARMONY ASSESSORIA ESPORTIVA,04,20210317,20131108,PR,7535
19388138,0001,1,PERSONAL DOG,08,20160120,20131210,SP,6219
19388700,0001,1,INSPIRE ACADEMIA,02,20131210,20131210,RS,8577
19395320,0001,1,,08,20180201,20131211,SP,6789
19395370,0001,1,BARRA ESPORTE CENTER,08,20150710,20131205,ES,5617
19396226,0001,1,ACADEMIA QUALI VIDA,04,20210319,20131211,RJ,6007
19400105,0001,1,,08,20190326,20131212,SP,7243
19401671,0001,1,ACADEMIA X-RUN TEAM,08,20231218,20131204,PR,7493
19401692,0001,1,,02,20131212,20131212,ES,5603
19408008,0001,2,ACADEMIA SAUDE & MOVIMENTO - EIRELI,02,20131022,20131022,CE,1523
19408121,0001,1,ACADEMIA THAMIR,04,20210219,20131213,PA,0433
19412214,0001,1,CF CROSS BH,02,20131215,20131215,MG,4123
19413275,0001,1,ZEQUINHA ACADEMIA,04,20210203,20131216,SP,6747
19413352,0001,1,BODY HEALTH,02,20260602,20131216,MG,4069
19415543,0001,1,ESPORTIVUS,08,20170529,20131023,SP,6511
19418090,0001,1,ALAMY PILATES STUDIO,04,20210212,20130924,GO,9221
19420699,0001,1,,08,20161205,20131217,MG,4123
19421815,0001,1,ACADEMIA FITNESS,08,20140922,20131217,BA,3573
19425549,0001,1,ACQUA POINT CENTRO AQUATICO,02,20131213,20131213,PR,7667
13603629,0001,1,MEDLEY FITNESS,02,20110505,20110505,PE,2457
19428109,0001,1,,08,20150730,20131217,RS,8801
14712385,0001,1,ACADEMIA FEMININA FITNEFS,08,20190613,20111122,SP,6477
19433510,0001,1,SAUDE E CORPO EM EQUILIBRIO,02,20131219,20131219,RS,8801
19436790,0001,1,,02,20131220,20131220,SP,7183
19443814,0001,1,BIOFITNESS,08,20161007,20131223,MG,4865
19445396,0001,1,CORREIA SPORTS,08,20181011,20131224,SP,7107
19446543,0001,1,ACADEMIA FORCA & ACAO,02,20131212,20131212,RN,0424
19448213,0001,1,CALLIANE MEIRA PILATES TRAINER,02,20131226,20131226,BA,3117
19448990,0001,1,SPACE FITNESS,08,20210415,20131226,BA,3575
16812569,0003,2,,08,20191007,20131219,PR,7435
19463562,0001,1,IRON GYM,08,20250814,20140103,MS,9073
19468572,0001,1,AQUATICA FITNESS,02,20131227,20131227,ES,5627
19468725,0001,1,ACADEMIA CORPUS FITNESS,08,20160926,20140106,PE,2491
12096813,0001,1,,02,20100517,20100517,RJ,5833
19470808,0001,1,SUPERAR,08,20180201,20140106,MG,4123
19489931,0001,1,PERSONAL CLAUDIA,02,20140108,20140108,SP,6779
19492878,0001,1,R F FITNESS ACADEMIA,04,20210419,20140109,PE,2513
13475866,0017,2,FORMULA,08,20141130,20140109,RJ,6001
19501449,0001,1,,08,20250402,20140110,SP,7011
19526645,0001,1,,02,20140115,20140115,SP,6295
03091464,0002,2,C. T. ARISTON FRANCA LTDA.,08,20140528,20140115,SP,7181
19530480,0001,1,ACADEMIA FORMA E SAUDE,08,20200518,20131218,PI,1211
19535334,0001,1,FITNESS PRIME,04,20210426,20140116,BA,3909
19544073,0001,1,WS ACADEMIA,08,20221104,20140117,SP,6717
19544148,0001,1,INTENSE ACADEMIA,02,20140117,20140117,SC,8383
19551454,0001,1,VIVA MAIS ACADEMIA,08,20140430,20140116,SP,7107
19552174,0001,1,D2 FITNESS,08,20200313,20140120,AL,2861
19553872,0001,1,SK STUDIO FITNESS - TREINAMENTO FUNCIONAL E PILATES,08,20220114,20140120,CE,1389
14862127,0001,1,BELLETTI TRAINING,08,20150306,20111209,SP,7107
19556866,0001,1,ACADEMIA ESPORTE TOTAL,02,20140117,20140117,RJ,6001
19557946,0001,1,NATACAO KIDS,02,20250905,20131217,CE,1447
19558214,0001,1,,02,20140117,20140117,MG,4123
19564674,0001,1,ACADEMIA AV.FITNESS,08,20180508,20140121,CE,1389
19568901,0001,1,PERFORMANCE ACADEMIA,08,20250311,20140114,PI,1153
19570823,0001,1,SAADE FITNES,08,20230406,20140122,SP,6841
19574717,0001,1,BETTER LIFE,08,20171229,20140122,MS,9051
19576380,0001,1,ACADEMIA BOA FORMA,02,20140122,20140122,BA,3419
08655783,0003,2,OFICIAL ACADEMIA,02,20140124,20140124,SP,7097
13589358,0002,2,FISIO E FORMA FISIOTERAPIA,08,20170130,20131023,DF,9701
19587661,0001,1,STUDIO CRIS DE OLIVEIRA,08,20210608,20140124,GO,1070
19589660,0001,1,STUDIO ANDRE VINNY,08,20210315,20140124,BA,3597
19590150,0001,1,HIDROGINASTICA SANTO ANTONIO,08,20160620,20140124,BA,3669
19594678,0001,1,,04,20210316,20140124,RJ,5865
19600234,0001,1,ACADEMIA HI FIT,08,20150527,20140127,GO,9227
19601416,0001,1,CICLOS ACADEMIA E SAUDE,08,20150227,20140127,SP,6619
19604225,0001,1,"LIFE CORP, ESPACO FITNESS",08,20171004,20140127,GO,9227
19604843,0001,1,ACADEMIA DUMAS FITNESS,08,20250829,20140123,BA,3849
19606062,0001,1,ACADEMIA PREMIER FITNESS,08,20201218,20120309,RJ,5833
19611266,0001,1,KM FITNESS ACADEMIA,08,20251202,20140128,SP,7107
19620043,0001,1,TITANIUM FITNESS,08,20160929,20140130,SP,7061
19621743,0001,1,AC ACADEMIA,08,20230823,20140129,CE,0991
19622013,0001,1,,08,20150519,20140129,RO,0003
19627656,0001,1,ALFA GYM,02,20220317,20140130,PI,1219
19629709,0001,1,IMPERIO DO CORPO,08,20170518,20140130,RJ,6001
19631394,0001,1,VIDATIVA GYM,04,20240808,20140131,RJ,6001
07737623,0047,2,,02,20140128,20140128,DF,9701
19635215,0001,1,FIT COMPANY 2 ACADEMIA,08,20171128,20140131,SP,7107
19648372,0001,1,STUDIO ESPACO SAUDE,08,20200921,20140129,PR,7763
17969899,0001,1,PULSE FUNCIONAL E PRATICAS CORPORAIS,02,20130419,20130419,SC,8105
19662698,0001,1,EVOLUTION SAUDE,08,20180510,20140205,PE,2531
19668542,0001,1,STUDIO FIT,08,20190703,20140206,MT,9909
19670930,0001,1,MY FIT,02,20140117,20140117,GO,9445
19671815,0001,1,SPORT FISIO,08,20141204,20140206,MG,5235
19677155,0001,1,ACADEMIA IRON MADE FITNES,02,20140131,20140131,PR,7563
19677201,0001,1,,04,20260601,20140207,SP,6875
19680813,0001,1,XTREME GYM,02,20140128,20140128,SC,8233
19685057,0001,1,,02,20140210,20140210,MG,4647
19686209,0001,1,BILLY FIT ACADEMIA,08,20231122,20140210,SP,6285
18799323,0001,1,ESTACAO FIT,02,20130902,20130902,PE,2519
09190982,0001,1,ACADEMIA IRON FITNESS,02,20071023,20071023,CE,1441
19695496,0001,1,,02,20140211,20140211,MG,5041
19698761,0001,1,META PERSONAL TRAINER,04,20260515,20140211,SC,8047
12429329,0001,1,FITNES & SAUDE,02,20100819,20100819,CE,1345
19707142,0001,1,ACADEMIA NEW SPORTS BASE,08,20220622,20140212,SP,7107
19711422,0001,1,KN SPORTS TRAINING,08,20210113,20140211,PR,7487
19712057,0001,1,TEMPLO 83,02,20140213,20140213,SP,6257
19720411,0001,1,GISLAINE ANTONIO CANDIDO RODRIGUES,08,20210326,20140214,SC,8137
19721271,0001,1,,08,20151216,20140206,PR,7777
19722436,0001,1,CRIS CLAUDIANO TREINAMENTO PERSONALIZADO,02,20140214,20140214,SP,6979
17393039,0001,1,ACADEMIA PLANETA AGUA,08,20160905,20121129,SP,6979
19726552,0001,1,ESPACO ELETRO OSASCO,02,20240329,20140214,SP,6789
19729225,0001,1,NAZARE FITNESS,02,20140213,20140213,BA,3751
19735010,0001,1,TG ACADEMIA,08,20201204,20140217,SC,8179
19741761,0001,1,DUO PILATES & FITNESS,08,20160624,20140218,SC,8383
19743146,0001,1,FORMA ACADEMIA,08,20251230,20140218,MG,5305
19751915,0001,1,ACADEMIA BEM ESTAR FITNESS,08,20170809,20140218,DF,9701
19755223,0001,1,MAY REABILITACAO E CONSULTORIA EM SAUDE,08,20150406,20140219,BA,3849
19755356,0001,1,ACADEMIA PROFIT SEVEN,02,20140219,20140219,MG,4985
19759681,0001,1,JOSIANE BAIAO STUDIO DE PILATES,08,20181108,20140220,BA,3117
19760840,0001,1,,02,20140210,20140210,RJ,6001
19767922,0001,1,ACADEMIA VIGOR FIT,08,20160414,20140221,SE,3195
19776249,0001,1,ATLETIC FITNESS,02,20190227,20140224,SP,6271
19777541,0001,1,ACADEMIA TEAM SILVA,04,20220610,20140224,SP,6219
19777789,0001,1,SER ATLETA - CONSULTORIA ESPORTIVA,08,20150720,20140224,SP,6251
19778429,0001,1,POWER BODY ACADEMIA,02,20140224,20140224,MG,4471
19784615,0001,1,DANKAH ACADEMIA,08,20161226,20140225,SP,6477
19788139,0001,1,BIO ACTION,04,20181122,20140224,SC,8327
14424398,0001,1,,02,20110902,20110902,SP,7107
19788982,0001,1,BTFIT,02,20140225,20140225,RJ,6001
19790943,0001,1,BIO FIT,04,20240816,20140220,RS,8801
19791343,0001,1,GALTIERY ARAGAO ACADEMIA,08,20181214,20140218,PI,1219
19810578,0001,1,ACADEMIA OFICINA DO CORPO,08,20181106,20140228,SP,6579
19810933,0001,1,ACADEMIA DROP7 FITNESS,02,20140227,20140227,CE,1585
19812451,0001,1,FOCO GYM FITNESS,02,20140228,20140228,PI,1219
19817354,0001,1,PRIDE CENTER GYM,08,20140526,20140302,SC,9985
19818122,0001,1,ELZ - MELHORE SEU DESEMPENHO.,04,20220208,20140303,SP,6919
19818984,0001,1,ACADEMIA ESPACO HIDRO,08,20151005,20140304,CE,1389
19819330,0001,1,EQUIPE EMERSON MIRANDA PERSONAL TRAINERS,02,20250407,20140304,SP,7099
19822018,0001,1,CENTRO DE NATACAO H2O,08,20151118,20140305,PR,7505
19824433,0001,1,ARMANDO ALVES PERSONAL,08,20171229,20140306,SP,7095
19829287,0001,1,FISICORPUS III,08,20170403,20140306,PB,2117
14778593,0002,2,LIANA CRUZ,08,20190207,20140226,PI,1219
19833484,0001,1,,02,20140307,20140307,SP,6531
06265131,0002,2,ACADEMIA FLEX FORM,02,20140307,20140307,SE,3195
19833728,0001,1,GARRA ACADEMIA,02,20140307,20140307,MG,5373
19834598,0001,1,CENTRO DE TREINAMENTO NOGUEIRA,04,20260528,20140307,SP,6377
19836096,0001,1,,08,20171219,20140307,RS,9821
10644916,0003,2,ACADEMIA FORMA FITNESS,08,20160122,20140307,MG,4431
19840226,0001,1,,02,20140309,20140309,SP,6791
19841868,0001,1,ESTACAO FITNESS,08,20190709,20140310,RO,0023
19844047,0001,1,BRUTOS CROSSFIT,08,20170515,20140310,MG,4553
19845153,0001,1,FISIKO.COM,08,20160815,20140310,AL,2785
19845691,0001,1,MILON FITNESS,08,20140509,20140310,MT,9067
19846249,0001,1,PRIME FITNESS,08,20141126,20140310,MT,8999
15648373,0001,1,SALUS ACADEMIA,08,20150723,20120601,MG,4123
19850010,0001,1,ACADEMIA BEM ESTAR,08,20190705,20140307,RS,8437
19850153,0001,1,CENTRAL FITNESS,08,20181204,20140311,PB,1987
19850629,0001,1,ESTUDIO NL PILATES,02,20140311,20140311,SP,6291
19850746,0001,1,NUTRIVITA ACADEMIA,08,20181002,20140311,BA,3863
19858408,0001,1,STUDIO PERSONAL LUIZ PITALUGA,08,20180201,20140312,GO,9373
19860203,0001,1,BODY PILATES,08,20160628,20140312,SP,7107
19861485,0001,1,STUDIO FLOW,04,20210311,20140311,RJ,6001
19863654,0001,1,C R FERREIRA,08,20141029,20140312,PR,7493
15532329,0001,1,,08,20140411,20120508,SP,6571
19867359,0001,1,STUDIO MOVIMENTE,04,20210330,20140313,MG,4601
19868396,0001,1,,08,20181127,20140313,SP,7145
19871299,0001,1,PAULO SALUD,08,20190927,20140313,PE,2531
19871773,0001,1,STUDIO EXITO,02,20140313,20140313,MG,4743
19873455,0001,1,RACQUEL ROCHA,08,20150519,20140313,CE,1447
19874028,0001,1,,08,20180201,20140313,PA,0505
19876498,0001,1,ACADEMIA MOVIMENTO,08,20140730,20140314,PR,5469
19877280,0001,1,GERACAO SAUDE,02,20140314,20140314,SE,3215
19880409,0001,1,HARDCORE TRAINING,04,20210219,20140314,PA,0427
19891127,0001,1,M 2 FITNESS,08,20160602,20140314,RJ,2909
19895018,0001,1,ACADEMIA CORPOS CENTER,04,20220209,20140318,SP,6477
19895388,0001,1,ACADEMIA AQUAMAIS EIRELE,04,20260526,20140318,SE,3105
19896640,0001,1,FIT STUDIO PERSONAL TRAINER,08,20180124,20140318,PR,7683
19897940,0001,1,FIT TECH,04,20190115,20140318,RJ,6001
19898330,0001,1,GINASTICA DA JANA,08,20160125,20140318,SP,6525
19899263,0001,1,VIVA GESTAO ESPORTIVA E LAZER,04,20240902,20140318,SP,6213
19899288,0001,1,,08,20140320,20140318,MG,5105
19904958,0001,1,STUDIO FITNESS CORPO EM ACAO,08,20160115,20140319,MG,4445
19911088,0001,1,,02,20140319,20140319,PR,7633
19912918,0001,1,MF ACADEMIA E SUPLEMENTOS,08,20180201,20140320,SP,6291
19913231,0001,1,ACADEMIA MARCIO DALAHOYA FIGHT CLUB,08,20180201,20140320,BA,3413
19917955,0001,1,,08,20190920,20140320,MG,5373
19918619,0001,1,FIT FORMA ACADEMIA,02,20140320,20140320,RN,1759
19922009,0001,1,MM CROSSFITES,02,20140307,20140307,ES,5705
19928834,0001,1,,08,20150225,20140322,SP,6219
19930758,0001,1,TOP MONSTER,08,20160822,20140323,RO,0685
19931513,0001,1,PERFORMACE FITNESS,02,20241010,20140318,PI,1157
19940879,0001,1,PERSONAL PEDRO,08,20180201,20140325,SP,6621
19942652,0001,1,HARMONIE PILATES E ESTETICA,08,20170522,20140325,SE,3105
19943342,0001,1,NEW TRAINER,04,20210311,20140325,RJ,6001
19944072,0001,1,MIGUEL LOBO - PERSONAL TRAINER,08,20170922,20140325,PR,7667
19944326,0001,1,,08,20180319,20140325,MG,4959
19948007,0001,1,PRANDO TRAINING,08,20140521,20140325,SP,7107
19951414,0001,1,JORGE SOUZA JUNIOR,08,20180201,20140326,SP,7107
19951927,0001,1,,02,20140325,20140325,RS,8849
19953243,0001,1,ANILHA TRANSPORTES,08,20170126,20140318,ES,5701
19953646,0001,1,ACADEMIA CENTAURUS,08,20160202,20140320,RJ,5901
19953714,0001,1,LARIANNE MENEZES PERSONAL TRAINER E ACUPUNTURA,08,20170901,20140326,GO,9373
19956763,0001,1,FIT HALL,08,20180201,20140326,MG,4957
19962412,0001,1,NP2 FITNESS,08,20250213,20140321,RJ,6001
19965773,0001,1,ESTUDIO CORPORALES,02,20140327,20140327,SP,7143
19966220,0001,1,CENTRO DE ARTES MARCIAIS E CULTURA CHINESA,04,20260519,20140327,MG,4123
19966799,0001,1,KFIT ASSESSORIA ESPORTIVA,08,20180201,20140327,SP,7075
19967385,0001,1,ESTUDIO CORPORALES,08,20170724,20140328,SP,7143
19967509,0001,1,DP ORGANIZAAR,08,20161116,20140328,SP,7097
19974056,0001,1,ACADEMIA VIDA FITNESS,08,20160415,20140328,GO,9419
19977026,0001,1,WELLINGTON VIEIRA - PERSONAL TRAINER,08,20150525,20140330,DF,9701
19977994,0001,1,,08,20250206,20140325,RS,8683
19199867,0001,1,CONATUS PILATES STUDIO,08,20141125,20131104,SC,8233
19979239,0001,1,BEST FIT,02,20140331,20140331,PE,2513
19979801,0001,1,LUA NOVA STUDIO PILATES,08,20180828,20140328,RO,0003
11574162,0001,1,VIVA +,08,20180221,20100219,MG,4123
19982232,0001,1,JULIO PORFIRIO,08,20180122,20140331,SP,6219
19984113,0001,1,MP,08,20180102,20140331,SP,7107
19986795,0001,1,CLINICA DO PILATES,08,20181204,20140401,PR,7691
19987177,0001,1,DIZ ACADEMIA,04,20181130,20140324,RJ,5897
19987719,0001,1,EDILSON FITNESS,08,20191113,20140401,MG,5425
19989978,0001,1,AC PERSONAL TRAINER,08,20250904,20140401,DF,9701
19990870,0001,1,R1 FITNESS,04,20260520,20140331,GO,9373
19992636,0001,1,CYNARA LOPES E ESPACO FITNESS,02,20140401,20140401,CE,1585
19993598,0001,1,,08,20200804,20140401,RS,8929
19994943,0001,1,,08,20160607,20140401,SC,8205
20001942,0001,1,TOTAL GYM ACADEMIA,04,20210326,20140402,SP,6313
19986023,0001,1,PERSONAL KIDS,04,20210209,20140331,ES,5705
20010854,0001,1,PROQUALITY SANTA CRUZ,08,20190702,20140403,RJ,5925
20011301,0001,1,G11 FITNESS,04,20260525,20140403,GO,1052
20014208,0001,1,GLAU FONSECA ATIVIDADES FISICAS,08,20240805,20140403,PR,7631
20016238,0001,1,JOSE MARIA PERSONAL,08,20171226,20140403,PR,7667
20020508,0001,1,ACAO E ESTILO,02,20140403,20140403,RJ,5897
20025308,0001,1,PITON PERSONAL,08,20151221,20140404,RS,8667
20030039,0001,1,ESTUDIO DE ACADEMIA MOVIMENTO INTELIGENTE,02,20220216,20140406,GO,1066
20030183,0001,1,ACADEMIA I9 FITNESS,08,20141026,20140406,MG,5289
20036276,0001,1,,04,20181017,20140407,RJ,6001
20044985,0001,1,ACADEMIA OFICINA DO CORPO,08,20140527,20140408,BA,3569
20046872,0001,1,ACADEMIA FENIX,02,20140408,20140408,SC,0973
20047392,0001,1,ACADEMIA ARI MUSCULACAO - FITNESS,08,20260113,20140408,SE,3111
20049340,0001,1,LM PILATES,02,20140409,20140409,RJ,5833
20055062,0001,1,BRAYNER SPORT4S ASSESSORIA ESPORTIVA,08,20200203,20140409,SP,7151
20056716,0001,1,,08,20170303,20140409,GO,9373
20057319,0001,1,,08,20160302,20140409,GO,9433
20059577,0001,1,ACADEMIA BEM ESTAR,08,20160401,20140409,PB,2043
20069300,0001,1,,08,20160406,20140411,PR,7535
20069737,0001,1,ACADEMIA FISIOFORMA,08,20171219,20140411,MG,4833
20070083,0001,1,BODY STATION FITNESS,04,20190115,20140411,RJ,6001
20074131,0001,1,CN PERSONAL TRAINER,08,20210507,20140412,SP,6643
20075208,0001,1,GIORDANO GRECO PERSONAL TRAINING,08,20160518,20140413,RS,8801
20075329,0001,1,,08,20220124,20140413,RN,1761
20076521,0001,1,VITAL FITNESS,08,20150528,20140414,RS,8899
20077135,0001,1,A M D FITNESS,04,20181207,20140407,MA,0733
20079287,0001,1,STUDIO VIDA ATIVA,08,20210419,20140414,PE,2301
20080480,0001,1,STUDIO MOVIMENTO,02,20140414,20140414,BA,3391
20081470,0001,1,AJA ACADEMIA,08,20191119,20140414,DF,9701
20082553,0001,1,SILVAN RAMOS - PERSONAL TRAINER,02,20140414,20140414,SP,6291
20083287,0001,1,CLUBE DOS RECREADORES,08,20170629,20140203,PR,7749
14181885,0001,1,HD FIT,08,20240226,20110819,DF,9701
20097253,0001,1,,08,20230824,20140416,SP,7077
20099194,0001,1,WORD FITNESS,04,20181206,20140416,MG,4865
20100724,0001,1,ACADEMIA IMPERIO FITNESS,08,20160905,20140416,BA,3849
20107977,0001,1,ROBSON ARAUJO PERSONAL & PILATES,08,20190319,20140420,DF,9701
20111040,0001,1,CENTRO DE YOGA ANANDA,08,20140729,20140422,AL,2785
20113799,0001,1,ACADEMIA CORPO & SAUDE,02,20250722,20140416,RN,1867
20115262,0001,1,MAX PERSONAL,08,20181101,20140422,SP,7075
20115498,0001,1,P.R ACADEMIA VIDA ATIVA,08,20141015,20140422,SP,6715
20118488,0001,1,STUDIO SAUDE,08,20151123,20140317,PR,5453
20120121,0001,1,ACADEMIA GERACAO FITNESS,08,20161025,20140422,DF,9701
17935516,0001,1,POWERLIFE,04,20181107,20130415,RN,1761
20121189,0001,1,VIA SPORT GOLD,02,20140415,20140415,PR,7667
15490833,0001,1,CENTRO DE TREINAMENTO MOVE,08,20170113,20120508,BA,3849
20128495,0001,1,MOVE,08,20160810,20140424,SP,7057
20130272,0001,1,VOCE BELA FITNESS SO PARA ELAS,08,20180201,20140424,SP,6861
20139083,0001,1,BODYTECH ACADEMIA,04,20210303,20140425,CE,1411
20143195,0001,1,TREINADORPINGUIM,08,20150703,20140425,SC,8117
19693341,0001,1,ACADEMIA MILAGRE,02,20140211,20140211,SP,6689
20148851,0001,1,LIVIAPILATES,04,20210210,20140428,DF,9701
20150941,0001,1,PILATES VIANA,08,20170308,20140428,SP,7107
20156264,0001,1,ROBERTO F.F PREPARACAO FISICA,08,20171214,20140429,CE,1389
19954380,0001,1,ALY PERSONAL,08,20160413,20140326,GO,9221
20162361,0001,1,ESPACO PERSONAL,08,20161215,20140429,MG,4123
12415518,0002,2,NUMBER ONE SPORTS,08,20150310,20140429,SP,7181
20165662,0001,1,VIEIRA,04,20210210,20140429,DF,9701
19967206,0002,2,,08,20190329,20140328,RJ,5909
20172242,0001,1,KS DANCE & FITNESS,04,20210310,20140501,SP,6291
20176669,0001,1,ESPACO VINICIUS ELOI,02,20140502,20140502,MG,4669
20179140,0001,1,BROTHERS FITNESS,08,20161026,20140503,SP,6401
20179247,0001,1,ACADEMIA LITORAL FITNESS,08,20160326,20140503,SP,6311
20180117,0001,1,THIAGO BORGES ROSA,08,20190604,20140504,RS,8869
20180128,0001,1,ESTUDIO MAIS TREINO,08,20250625,20140504,RJ,5839
20182875,0001,1,ACADEMIA FIT STOP,08,20190710,20140505,MS,9145
20192069,0001,1,PROFITNESS,08,20170704,20140502,PI,1093
20195069,0001,1,BUXEXA TREINAMENTO PERSONALIZADO,08,20180201,20140506,CE,1389
20195441,0001,1,FUNCIONAL TIME,08,20160824,20140506,PR,7535
20195668,0001,1,,04,20260519,20140506,MG,0680
20200243,0001,1,SOS GINASTICA LABORAL,08,20150206,20140507,SP,6247
20213457,0001,1,,08,20140618,20140508,SP,7107
20217588,0001,1,,02,20140502,20140502,PR,7667
20501478,0001,1,ESTUDIO CORPO INTEGRADO,08,20160331,20140625,MG,4501
20503851,0001,1,ACADEMIA RM NUCLEO,04,20210303,20140618,CE,1337
20506074,0001,1,AROM ACADEMIA,04,20260515,20140626,CE,0983
20508235,0001,1,GLESS - TREINAMENTO FUNCIONAL,04,20210203,20140626,SP,6681
20522210,0001,1,SPAZIO FITNESS,02,20140630,20140630,SE,3157
20530889,0001,1,ACADEMIA HTC,08,20150622,20140630,RN,1761
10897954,0002,2,VIDA ATIVA,08,20220203,20140528,RS,8769
20533072,0001,1,KPERSONAL,08,20180201,20140701,SP,6789
20533496,0001,1,ACADEMIA STTYLUS,08,20161205,20140701,SP,6425
20533639,0001,1,BRAVA ATIVIDADES FISICAS,08,20220929,20140701,RS,8817
20536974,0001,1,JONAS ANDRADE,08,20170926,20140701,SP,6689
20538680,0001,1,,08,20140731,20140702,SP,6377
20541564,0001,1,CENTRO DE TREINAMENTO SANTA FE,02,20140701,20140701,SC,8189
20544019,0001,1,,08,20140808,20140702,ES,5601
20546153,0001,1,KSA DO SQUASH,08,20181023,20140702,GO,9373
20549277,0001,1,,02,20140703,20140703,SP,7107
20551219,0001,1,ACADEMIA ALTA PERFORMANCE,02,20140703,20140703,MG,4445
20551920,0001,1,,08,20170627,20140703,SP,7107
20551950,0001,1,WHITE'S FITNESS,08,20151126,20140703,RS,8801
20552450,0001,1,,08,20180110,20140703,PR,7535
20556141,0001,1,LOKAL FITNESS,02,20140704,20140704,SP,6311
20556589,0001,1,F2 PERFORMANCE E SAUDE,08,20171127,20140704,SP,6295
20556628,0001,1,ACADEMIA TREINO,08,20251114,20140704,MS,9131
20586119,0001,1,TOPCORPO ACADEMIA,04,20220608,20140707,PI,1219
20589348,0001,1,,02,20140611,20140611,SP,6619
20597961,0001,1,MLC ASSESSORIA & TREINAMENTO,08,20140827,20140708,RJ,6001
20601576,0001,1,BASE 9 FITNESS,02,20260515,20140708,RS,8589
20601857,0001,1,BARBARA KRAINSKI,08,20160322,20140709,PR,7535
20601966,0001,1,PERFORM STUDIO,08,20150407,20140709,ES,5705
20605450,0001,1,ALYSSON BISPO PERSONAL TRAINER,04,20210423,20140709,PB,2051
20605958,0001,1,ELOS ACADEMIA,08,20160201,20140709,GO,9373
20606486,0001,1,RM FITNESS,08,20191129,20140709,CE,1389
20609099,0001,1,ORANJE,08,20170106,20140710,MG,4123
20611301,0001,1,E-LABORE,02,20140710,20140710,RJ,5877
20613103,0001,1,RIBEIRO FITNESS,02,20140707,20140707,MA,0921
20615793,0001,1,BARBOZA FITNESS,02,20140711,20140711,MG,5373
20617912,0001,1,O2 ACADEMIA,08,20200515,20140711,RJ,5855
20617964,0001,1,UNIVERSE FITNESS,08,20191028,20140710,MS,9051
20618932,0001,1,ACADEMIA MEDIDA CERTA,02,20140711,20140711,RJ,2927
20628818,0001,1,FABIANA GALVAO STUDIO FITNESS,04,20210401,20140714,MS,9141
20635966,0001,1,WOMANS SMART FIT,08,20160506,20140715,CE,1389
20637183,0001,1,AVANCO TREINAMENTO PERSONALIZADO,04,20220128,20140715,CE,1389
20637366,0001,1,XFIT,08,20140924,20140526,RJ,5865
20639179,0001,1,DAISY'S YOGA GARDEN,08,20180228,20140715,PE,2531
20646130,0001,1,,08,20160801,20140716,MG,4741
20648345,0001,1,ACADEMIA BOA FORMA,08,20150825,20140716,TO,9417
20649023,0001,1,FABRICIO SAUDE,08,20150721,20140716,BA,3965
20652804,0001,1,TRAINING FITNESS,04,20210223,20140716,AM,0255
20656001,0001,1,MOVIMENTE STUDIO PILATES,08,20180526,20140717,GO,9225
20657143,0001,1,ADRIANO PERSONAL,02,20140716,20140716,SP,7107
20657266,0001,1,PROENCA PERSONAL CONSULTORIA,02,20220829,20140717,PA,0583
20659787,0001,1,ESCOLA DE FUTEBOL DO NAGIB,08,20150528,20140717,SP,6583
20661516,0001,1,SANTE ESPACO TERAPEUTICO,08,20141112,20140717,GO,9373
20664909,0001,1,MARCELLA CALDARARO,08,20140721,20140718,DF,9701
20666967,0001,1,ACADEMIA UFC TREINNER,08,20260304,20140718,TO,0181
20540557,0001,1,MEGA CORPO ACADEMIA,02,20140702,20140702,SP,6363
20675910,0001,1,ACADEMIA IMPACTO,02,20211104,20140721,PR,7745
20677512,0001,1,VIDA ATIVA,08,20170330,20140721,RS,8941
20678910,0001,1,FFX WELLNESS,08,20180201,20140721,RJ,6001
20681958,0001,1,ES LOPES TREINAMENTOS ESPORTIVOS E EVENTOS,08,20151211,20140722,MT,9151
20685316,0001,1,ACADEMIA E PERSONAL ESPACO FITNESS,08,20150617,20140722,MG,4891
20685565,0001,1,ACADEMIA PERFORMANCE,04,20210309,20140704,PR,5489
20687304,0001,1,ZUCCO TREINAMENTO PERSONALIZADO,08,20141222,20140722,RS,8801
20687441,0001,1,STUDIO MARIO BARROS,02,20140722,20140722,MS,9051
20688919,0001,1,,08,20150113,20140722,RJ,6001
20693632,0001,1,,08,20200811,20140723,SP,6291
20695053,0001,1,FLEX GYM,08,20170404,20140723,MG,5081
20697792,0001,1,ATHLETIC ACADEMIA,08,20170803,20140626,RS,8801
20701232,0001,1,,08,20140811,20140724,RJ,5915
20702997,0001,1,VISAO FITNESS,08,20180208,20140723,SP,6415
20703374,0001,1,CETE,02,20140701,20140701,ES,5677
20704467,0001,1,,08,20170216,20140724,SP,6835
20708936,0001,1,CONCEITO A FITNESS & HEALTH,08,20180515,20140724,BA,3807
20710680,0001,1,KNOCKDOWN ACADEMIA,04,20260519,20140507,PR,7535
20710767,0001,1,STUDIO MOVIMENTO TREINAMENTO FUNCIONAL,04,20210224,20140725,CE,1389
20711219,0001,1,CENTRO DE TREINAMENTO EXCLUSIVE,02,20140725,20140725,PB,1981
20711294,0001,1,VERONICA ANDRADE,08,20171026,20140725,RJ,5803
20711523,0001,1,FERNANDA FITNESS,08,20180201,20140725,MG,4723
20716351,0001,1,WAGNER HEIDERICH,08,20171220,20140728,RJ,5867
20717186,0001,1,,08,20180201,20140728,SC,8179
20719201,0001,1,BEM ESTAR FITNESS,08,20160128,20140728,MG,4509
20721915,0001,1,LG FITNESS,02,20190415,20140728,RJ,5853
20728013,0001,1,,08,20160308,20140729,PR,7953
20728617,0001,1,ACADEMIA BOM CLIMA,08,20231221,20140729,SP,6477
20733005,0001,1,PAULDAVISON PROFESSOR10 COM BR,08,20170811,20140729,SP,6711
20735642,0001,1,,04,20210318,20140730,SC,8179
20736994,0001,1,BRIO CLINICA MEDICA E ESTETICA,08,20210521,20140728,ES,5703
20739688,0001,1,CORPUS SPORT CENTER,02,20220214,20140730,SP,6389
20745060,0001,1,FEDERACAO MINEIRA DE MUAY THAI E ARTES MARCIAS,08,20161018,20140731,MG,5425
20745581,0001,1,EVERTON FERREIRA ASSESSORIA ESPORTIVA,08,20160708,20140731,BA,3849
20651959,0001,1,CLAUDIO DE PAULO,02,20140716,20140716,MG,4763
20758966,0001,1,LUIZ GANDRA,08,20180611,20140801,SP,7107
20763556,0001,1,AEROFITNEES ACADEMIA,04,20240814,20140804,GO,9459
20765874,0001,1,PERSONAL TRAINNER E QUALIDADE DE VIDA,08,20140916,20140804,SP,7107
20766256,0001,1,HEALTH AND FITNESS CLUB,04,20210311,20140804,RJ,6001
20766852,0001,1,,08,20180924,20140804,SC,8047
20767238,0001,1,STUDIO FITNESS,08,20160715,20140804,AL,2785
20768939,0001,1,,08,20150624,20140804,SC,5589
08861846,0002,2,,08,20160623,20140626,MG,4733
20773138,0001,1,INSIDE THIAGO CAMPOS RIO CLARO,04,20210406,20140805,SP,6979
20776088,0001,1,,08,20150324,20140805,SP,6475
20777634,0001,1,ATIVA SAUDE E MOVIMENTO,04,20260515,20140805,BA,3591
20777893,0001,1,LOLA ASSESSORIA ESPORTIVA,08,20141014,20140805,PA,0427
20788270,0001,1,GERE,04,20210210,20140806,DF,9701
19446461,0002,2,,08,20230418,20140805,PR,7667
20799720,0001,1,BELLE VIE PILATES,08,20171019,20140730,PR,7435
18378266,0003,2,,08,20160430,20140808,MG,4123
20803611,0001,1,CITIUS ASSESSORIA ESPORTIVA,08,20180109,20140808,SP,6291
20807206,0001,1,EMERSON PINHEIRO STUDIO DE PILATES,08,20160811,20140810,RJ,5813
20807295,0001,1,STUDIO CIRCUIT TRAINING,08,20140811,20140810,SP,7151
20810878,0001,1,,08,20250903,20140811,PE,2531
20811628,0001,1,,02,20140811,20140811,SP,7107
20811689,0001,1,APRAMARB,02,20210818,20140804,MS,9143
20812532,0001,1,CROSSFIT CORDYLUS,08,20180927,20140811,SC,8105
20812861,0001,1,ACAO DO CORPO,04,20190329,20140811,RJ,6001
20815925,0001,1,ESTACAO SAUDE,04,20210219,20140811,TO,9733
20816264,0001,1,,04,20260601,20140812,SP,7183
20818004,0001,1,G. S.C. PERSONAL TRAINING,04,20260601,20140812,SP,7107
20821514,0001,1,,08,20170803,20140812,MG,4123
20823573,0001,1,,02,20240715,20140812,ES,5703
20828598,0001,1,ACADEMIA KEEP MOVING,04,20210423,20140813,RN,1779
20834467,0001,1,,08,20161209,20140814,SP,6181
20837989,0001,1,DAIFIT ACADEMIA,02,20140814,20140814,SP,7107
20838423,0001,1,ARENA FITNESS,08,20191223,20140814,AL,2853
20840106,0001,1,RMA PERSONAL STUDIO,08,20180810,20140814,PR,7535
20841008,0001,1,,04,20210225,20140814,RS,8801
20842111,0001,1,POINT FITNESS,08,20180201,20140814,MG,4733
20843262,0001,1,STUDIO FUNCIONAL - ESPACO FD FITNESS,08,20171128,20140814,CE,1375
20846871,0001,1,MAGAZINE FITNESS,04,20260513,20140815,PE,2531
20848480,0001,1,,04,20210210,20140815,DF,9701
20848492,0001,1,WILLIAM COSTA,08,20141024,20140815,SP,7107
20849013,0001,1,ESPACO CENTER FITNESS,08,20180612,20140815,PE,2577
20850821,0001,1,BERNARDO MACHADO,08,20180207,20140816,RJ,5921
20852261,0001,1,ACADEMIA FHISICOL,02,20140818,20140818,PA,0511
20854429,0001,1,ACADEMIA FORCA MAXIMA,02,20140818,20140818,PB,2151
20855247,0001,1,,08,20210630,20140818,SC,8233
20859350,0001,1,FOFAO MANA LOA,08,20160710,20140818,SP,7071
10972699,0002,2,ACADEMIA 24 HORAS HELATH CLUB,02,20140818,20140818,SP,6291
20864741,0001,1,NEW FORM PILATES,08,20200810,20140819,RJ,5915
20866689,0001,1,,08,20210426,20140819,SP,6131
20867443,0001,1,STUDIO MOLINA,02,20140819,20140819,SP,7107
20872521,0001,1,ACADEMIA DE MUSCULACAO MOVIMENTO & SAUDE,02,20140820,20140820,SE,3105
20873004,0001,1,SAG ASSESSORIA ESPORTIVA,08,20150610,20140820,DF,9701
20875970,0001,1,BIOTEC CORPO E MOVIMENTO,08,20180201,20140820,SP,7107
20877879,0001,1,,08,20170828,20140820,SP,6715
20878150,0001,1,COUTO'S GYM,08,20250214,20140820,GO,9571
20883604,0001,1,,08,20171226,20140821,PR,7515
20885671,0001,1,THIAGO OLIVER TREINADOR,08,20180201,20140821,MG,4625
07594978,0105,2,SMARTFIT,02,20140822,20140822,MG,4123
20894428,0001,1,,02,20220812,20140822,SP,6249
20897068,0001,1,ULTRA FITNESS ACADEMIA -UFA,04,20190228,20140825,RO,0003
20898858,0001,1,N&A PERSONAL,08,20180409,20140825,MG,4431
20900725,0001,1,PERSONAL LUCAS,08,20180201,20140825,SP,7121
20901929,0001,1,ASSESSORIA ESPORTIVA MPH,08,20150913,20140825,RJ,5877
20903037,0001,1,,08,20180201,20140825,SP,6969
20905813,0001,1,FIRST FITNESS,02,20140826,20140826,SP,6477
20907471,0001,1,M1 FITNESS ACADEMIA,08,20161110,20140819,CE,1459
20909281,0001,1,STUDIO DE PERSONAL TRAINING,08,20160620,20140826,MG,4787
20911006,0001,1,NEPO FITNESS,02,20220122,20140826,RJ,5801
20913134,0001,1,ASSESSORIA ESPORTIVA ANDREZA ALMEIDA,08,20180201,20140826,SP,7107
20913600,0001,1,GUSTAVO CORREA,08,20250821,20140826,RS,8599
20915795,0001,1,ERIKA EVENTOS ESPORTIVOS,08,20180201,20140827,RJ,6001
20916851,0001,1,TEAM FIT,08,20170403,20140826,MA,0849
20918375,0001,1,TOP FITNESS ACADEMIA,08,20141005,20140827,SP,6165
20922032,0001,1,CORE4EVER,02,20140827,20140827,MG,4371
20923195,0001,1,R2 FITNESS,08,20170821,20140827,RN,1761
20924016,0001,1,ACADEMIA FITNESS & CIA.,08,20180904,20140827,PE,2457
20926285,0001,1,FIT FUNCIONAL TRAINING,08,20200305,20140828,BA,3849
20936071,0001,1,ESPACO EQUILIBRAR,04,20210331,20140828,MG,2673
20940553,0001,1,FAMILY FITNESS,02,20140829,20140829,GO,9373
20942276,0001,1,ROCCAS PILATES,08,20140830,20140830,RJ,5833
20942612,0001,1,WALLAS PRADO,02,20211007,20140830,GO,1058
20944890,0001,1,SMILING TRAINING,08,20220125,20140901,MG,5035
10839817,0002,2,ACADEMIA SPORT ACAO,02,20140606,20140606,PR,7535
20946750,0001,1,STUDIO PILATES BEM VIVER,08,20180220,20140901,MG,4123
20947346,0001,1,STUDIO VITAL PILATES,04,20210413,20140901,SP,6921
20948574,0001,1,RODRIGO PERSONAL TRAINER,08,20180201,20140901,SP,7107
20949390,0001,1,CENTRO ORIENTAL CHI,08,20171110,20140901,GO,9403
20951203,0001,1,ANDREA PORTELLA DE AZEVEDO,08,20140904,20140901,SP,7107
20952831,0001,1,I AM,04,20220127,20140902,RJ,5865
18329030,0002,2,,04,20210326,20140902,SP,6897
20958432,0001,1,SUPER APROVADO,04,20181204,20140902,BA,3827
20959689,0001,1,I9 FITNESS,02,20140902,20140902,BA,3515
20962096,0001,1,,08,20161206,20140901,PR,7691
20964031,0001,1,,08,20180823,20140815,PR,7667
20964844,0001,1,VANZZELLA E JANE,04,20210218,20140903,MT,9879
20966951,0001,1,NORTE FITNESS,08,20200729,20140903,RJ,6001
20967028,0001,1,RAPHAEL TEIXEIRA,08,20180201,20140903,SP,6131
20970705,0001,1,FUNCORP,02,20140903,20140903,RS,8801
20971568,0001,1,,08,20160610,20140904,SP,6619
20978818,0001,1,BRACO FORTE MUSCULACAO,08,20170208,20140822,RJ,5899
20980581,0001,1,ROBERTO MARIANO JUNIOR,08,20171031,20140905,SP,7081
16738149,0012,2,,02,20140905,20140905,SP,6189
20983293,0001,1,ROBERTO FERNANDES PERSONAL TRAINER,08,20180827,20140905,PR,7691
20985944,0001,1,GD ACADEMIA,02,20140905,20140905,SC,8179
20548329,0001,1,ACADEMIA BEM ESTAR,02,20140703,20140703,GO,9657
20988607,0001,1,JR SAUDE E LAZER,08,20180201,20140907,RJ,5833
20989563,0001,1,,08,20180319,20140905,RO,0695
20991833,0001,1,ACADEMIA PORTO FITNESS,02,20140908,20140908,SP,6875
20991925,0001,1,FOX FIT,08,20170502,20140905,RJ,5805
20994428,0001,1,TIME TREINAMENTO INDIVIDUALIZADO MULTIESPORTES,02,20140908,20140908,SC,8105
21002195,0001,1,STUDIO MOVE TREINAMENTO PERSONALIZADO,02,20140909,20140909,PB,1981
21003665,0001,1,DANCE FITNESS,08,20200417,20140909,PR,7475
21004081,0001,1,CROSSFIT LAPA,04,20210316,20140908,RJ,6001
21011037,0001,1,KAL,04,20210426,20140910,AL,2793
21011651,0001,1,,02,20140910,20140910,BA,3801
21012210,0001,1,CEC FITNESS,04,20210311,20140910,RJ,6001
21012449,0001,1,FITNESS CONCEPT ACADEMIA,02,20220127,20140825,PR,7691
21012602,0001,1,PEDRO GOBIRA,08,20180201,20140910,ES,5705
21013520,0001,1,ACADEMIA SAUDE EM FORMA,08,20170502,20140910,SC,5573
21013863,0001,1,VANESSA FITNESS,08,20150120,20140910,MG,4371
21015910,0001,1,THATIANE BARBOZA,08,20150603,20140911,RJ,5869
21018046,0001,1,ACADEMIA WELLNESS,08,20171228,20140911,SE,3105
21018057,0001,1,,08,20150902,20140910,SP,7107
21018705,0001,1,PARC FIT,02,20140911,20140911,RJ,6001
21022109,0001,1,NANDA ACQUA FITNESS,08,20180201,20140911,RJ,6001
21024901,0001,1,BLACK FITNESS,04,20210224,20140912,CE,1585
21027863,0001,1,ACADEMIA PLENA FORMA,02,20140911,20140911,MA,0721
21028747,0001,1,FIT DAY,08,20150212,20140911,SP,7107
21033466,0001,1,MADUREIRA,04,20240823,20140915,MG,0574
21033596,0001,1,,08,20160926,20140910,RR,0301
02453837,0002,2,SEMA NATACAO,08,20181112,20140915,SP,7107
21039005,0001,1,FISIOTERAPIA E PILATES VALERIA OLIVEIRA,04,20210225,20140915,RS,8801
20827925,0001,1,DVMS PERSONAL TRAINER,08,20161130,20140813,GO,9373
21053959,0001,1,ACADEMIA BIO CORPUS,08,20250821,20140820,DF,9701
21055301,0001,1,,08,20150204,20140917,SP,6713
21057218,0001,1,ACADEMIA TAI BOX,04,20210219,20140917,PA,0583
21061917,0001,1,,08,20171101,20140828,PR,7483
21064288,0001,1,MABOM SPORTS,08,20151023,20140918,SP,6563
21065745,0001,1,FITCON GESTAO ESPORTIVA E LAZER,08,20160512,20140916,SC,8161
21065838,0001,1,ESPACO FITNESS ACADEMIA,02,20140916,20140916,MA,0252
21065902,0001,1,,08,20140930,20140918,PR,7483
21067923,0001,1,LF PERSONAL TRAINER,08,20161209,20140918,MT,9151
21071588,0001,1,TRUST CROSSFIT,08,20230310,20140918,RN,1761
21076812,0001,1,,08,20210830,20140920,SP,6725
21077969,0001,1,RD ASSESSORIA ESPORTIVA,08,20260212,20140921,RJ,6001
07594978,0107,2,SMARTFIT,02,20140919,20140919,SP,7107
21081729,0001,1,DEVAL FITNESS,08,20160810,20140922,RS,8631
21082819,0001,1,INOVACAO FITNESS,08,20180905,20140922,SP,6629
21083215,0001,1,ACADEMIA MOVIMENT,08,20181107,20140922,SP,6861
21085114,0001,1,ANDRE FITNESS ACADEMIA,08,20250507,20140919,DF,9701
21088285,0001,1,PERFORMANCE ACADEMIA,02,20140908,20140908,PR,7583
21089606,0001,1,DRUPFIT,04,20210226,20140923,SP,7107
21089722,0001,1,LUI FITNESS,08,20160226,20140923,BA,3849
21091552,0001,1,FIGHT CLUB,04,20260601,20140919,SP,7107
21091991,0001,1,GABRIELA REIS,08,20210609,20140923,RS,8927
21094635,0001,1,ESPACO D'ELLAS,08,20150514,20140923,ES,5667
21094647,0001,1,MARI & PAULA ACADEMIA,08,20180515,20140923,RS,8703
21094791,0001,1,,02,20140922,20140922,RJ,6001
21096945,0001,1,JULIANA WENZEL PERSONAL TRAINER,08,20181204,20140923,RJ,6001
21102423,0001,1,HARD FIT ACADEMIA,08,20200529,20140924,SP,6979
21103895,0001,1,PRO LIFE ACADEMIA,04,20190111,20140924,RJ,5851
21111279,0001,1,ACADEMIA ESPACO FITNESS,04,20231030,20140924,PB,1911
21113439,0001,1,,08,20160729,20140925,SP,7029
17544387,0002,2,WAVE SLIM,08,20240925,20140926,SC,8163
21119459,0001,1,,04,20190116,20140926,PB,1981
21121811,0001,1,WG PERSONAL TRAINER,08,20170113,20140926,PR,7535
21122563,0001,1,ACADEMIA BIO FITNESS,02,20230703,20140926,GO,9227
21124426,0001,1,F ALVES,08,20171109,20140928,BA,3849
21126037,0001,1,ACADEMIA KHRONOS,08,20211001,20140929,CE,1389
21126291,0001,1,FIT DANCE,08,20150909,20140929,MG,4957
21128593,0001,1,,02,20241002,20140929,RJ,5833
21130564,0001,1,UP FIT ACADEMIA,02,20140929,20140929,SP,6131
21131224,0001,1,JAQUELINE RABACHINI PROFESSORA,08,20150406,20140929,SP,7151
21132271,0001,1,BELLA ACADEMIA,04,20210209,20140929,ES,5725
21134155,0001,1,IRON BODY STUDIO DE TREINAMENTOS,08,20160301,20140929,RJ,5833
21135779,0001,1,WFIT,08,20160824,20140930,BA,3971
21138906,0001,1,ACADEMIA MOVIMENTE,08,20181003,20140929,PB,2175
21143705,0001,1,AMAZON,02,20181022,20140930,SP,7107
21146363,0001,1,FJAM ESPORTE,08,20180201,20141001,SP,7107
21147028,0001,1,,02,20141001,20141001,AM,0255
21148144,0001,1,LA TORRE PERSONAL TRAINER,08,20151126,20141001,MG,4625
21151131,0001,1,,08,20160928,20141001,RJ,6001
21152602,0001,1,,08,20190531,20141002,MG,4445
21159338,0001,1,NATHALIA CORREIA,08,20230526,20141002,RJ,5833
21160731,0001,1,TOQUE DE CLASSE,02,20220810,20141003,CE,1389
21160879,0001,1,POINT DA MALHACAO,08,20141028,20141003,BA,3669
21163697,0001,1,MONALIZA PINHEIRO,02,20141003,20141003,RJ,5813
21164172,0001,1,ACADEMIA IRON LIFE,02,20141003,20141003,RS,8559
21164350,0001,1,IMPULSE TRAINNING ACADEMIA,04,20201029,20141003,MG,5067
21166937,0001,1,ACADEMIA LM FITNESS,02,20220623,20141004,RN,1899
21167222,0001,1,STUDIO TAMARA RUSSO FORCA E MOBILIDADE,02,20260602,20141004,RJ,6001
21168183,0001,1,FORMA FISICA,08,20180201,20141005,BA,3313
21171531,0001,1,FLOW PILATES STUDIO,02,20231218,20141006,BA,3849
21174290,0001,1,CENTRO DE TREINAMENTO PASCOAL TEAM ARTES MARCIAIS,08,20170616,20141006,MG,4123
21177292,0001,1,ACADEMIA TOP FITNESS,02,20141007,20141007,PR,7567
21180038,0001,1,CONTROL CORP,08,20161107,20141007,SP,6789
21181768,0001,1,,08,20180201,20141007,RJ,6001
21184977,0001,1,ACQUA MARES ACADEMIA DE NATACAO E HIDRO,08,20170918,20141007,SP,6173
21187258,0001,1,FLAVIO ALVES STUDIO DANCE FITNESS,08,20160304,20141008,RJ,5843
21188358,0001,1,ACADEMIA CORPO & SAUDE,08,20160815,20141007,RN,1869
21190063,0001,1,RM RUN,08,20180130,20141008,SP,6429
21194281,0001,1,UNIVERSIDADE DA ARTE SUAVE,08,20250605,20141008,RS,8801
21194762,0001,1,PERFORMANCE,04,20260519,20141009,MG,5401
21195903,0001,1,,04,20260518,20141006,RJ,2909
21201013,0001,1,LINDY MACHADO DE OLIVEIRA,08,20150410,20141009,MS,9051
21211158,0001,1,PHISIO VITTA- PILATES E FISIOTERAPIA,08,20170306,20141013,MG,4733
21212172,0001,1,ACADEMIA ALDEIA,08,20170120,20141013,MG,4647
21212988,0001,1,MOVIMENTO,08,20151211,20141013,SP,7107
21214814,0001,1,,08,20230503,20141013,SP,6249
21216533,0001,1,TOP FITNESS,08,20151112,20141014,PA,0599
21230532,0001,1,MAIS FIT ACADEMY,02,20210315,20141015,SP,7107
21231597,0001,1,,04,20210226,20141015,SP,7107
20870642,0001,1,,04,20210209,20140811,ES,5705
21237505,0001,1,NS STUDIO E TREINAMENTO FUNCIONAL,02,20141016,20141016,BA,3629
21238054,0001,1,SUPERACAO ACADEMIA,08,20170406,20141016,SE,3133
21247062,0001,1,ESPACO CORPO EM MOVIMENTO,08,20150109,20141017,SC,8327
21249252,0001,1,,04,20220609,20141017,RJ,5833
21250938,0001,1,SPARTA TRAINER,08,20141209,20141017,SP,7107
21251737,0001,1,,02,20220216,20141018,SE,3105
21253724,0001,1,STUDIO R-ACADEMIA,08,20240612,20141020,MG,5395
21255318,0001,1,FIT EVOLUTION ASSESSORIA ESPORTIVA,04,20181026,20141020,AM,0255
21255915,0001,1,,08,20180112,20141020,SP,6357
21258143,0001,1,,04,20210323,20141020,RS,8823
21259204,0001,1,ACQUA STIMULLUS,02,20141017,20141017,CE,1373
21261020,0001,1,MILENIUM FITNESS,08,20160203,20141021,PE,2457
21262859,0001,1,ASSESSORIA EM JARDINAGEM E PAISAGISMO,04,20210407,20141021,BA,3849
21267097,0001,1,,04,20220610,20141022,SP,7239
21268117,0001,1,HIDROVIDA - ESCOLA DE NATACAO E HIDROGINASTICA,02,20210310,20141015,ES,5693
21268631,0001,1,LIFE FITNESS ACADEMIA,02,20141022,20141022,BA,3117
21272112,0001,1,D2W ASSESSORIA ESPORTIVA,04,20260601,20141022,SP,7107
21276015,0001,1,PERSONALLE PILATES FITNESS STUDIO,08,20180123,20141023,PR,7957
21281077,0001,1,FABI ZUMBA,08,20150515,20141023,SP,6789
21281136,0001,1,,08,20170125,20141023,PE,2347
21282681,0001,1,SPARTAN TRAINING,08,20170809,20141023,CE,1587
21283897,0001,1,MK ASSESSORIA ESPORTIVA,08,20141110,20141024,SC,8117
21284615,0001,1,,08,20181018,20141023,RJ,6001
21285839,0001,1,ACADEMIAS POWER FITNESS,04,20231114,20141024,PA,0595
21286363,0001,1,AKDL JARDIM,08,20160801,20141024,SE,3159
21287196,0001,1,DESBRAVANDOTRI,08,20160915,20141024,MG,4079
21288613,0001,1,,08,20240710,20141024,SP,7107
21290079,0001,1,ERIVALDO DIAS PERSONAL TRAINER,04,20210407,20141024,BA,3849
21295093,0001,1,,08,20210322,20141027,MG,4123
21295383,0001,1,,08,20170123,20141027,MG,0702
21297399,0001,1,,08,20150407,20141024,RS,8801
21297573,0001,1,ACADEMIA DE MUSCULACAO SAUDE E MOVIMENTO,04,20210426,20141027,PB,1957
21299272,0001,1,ANDREZA,08,20221117,20141027,RJ,5869
21300599,0001,1,AL DINIZ - ACADEMIDA DE GINASTICA,04,20181016,20141028,SP,7107
21302025,0001,1,ACADEMIA STYLO DA SAUDE,02,20141028,20141028,PE,2357
21303918,0001,1,,08,20180201,20141028,RS,8787
21303942,0001,1,FITNEFF ACADEMIA,04,20190129,20141024,CE,1373
21304319,0001,1,7EVEN FITCLUB,08,20160624,20141028,PR,7653
21308755,0001,1,ACADEMIA CORPORE,02,20260607,20130111,SP,6779
21310242,0001,1,CHIGNOLI FRACOLA,08,20170612,20141029,SP,7079
21313921,0001,1,FIT FITNES,01,20141030,20141030,PA,0427
21315358,0001,1,ASSESSORIA ESPORTIVA,04,20210225,20141030,RS,8791
21318343,0001,1,ACADEMIA VIDANNATIVA,04,20210422,20141030,BA,3855
21319832,0001,1,,08,20160803,20141030,SP,7077
21320059,0001,1,PERSONAL PEDRAZZI,08,20200114,20141030,SP,6969
21325950,0001,1,FELIPEPERSONAL,08,20180201,20141031,PE,2531
21327404,0001,1,ESPACO VITTA PILATES,08,20200407,20141101,SP,6175
21327596,0001,1,MCER PERSONAL TRAINER,08,20150902,20141101,PR,7691
21335190,0001,1,V.L TREINAMENTO INDIVIDUAL,04,20201029,20141103,MG,4123
21339944,0001,1,ACADEMIA MAUESCKI,08,20150324,20141104,RO,0004
21345796,0001,1,,02,20141103,20141103,SP,6589
21349128,0001,1,EVOLUTION GYM,02,20141105,20141105,RS,8845
21349993,0001,1,ABXFITNESS,04,20210413,20141105,SP,7097
21354754,0001,1,,08,20180201,20141106,PR,7735
21357265,0001,1,FISICAL FITNESS,02,20220815,20141106,PI,1187
21358745,0001,1,SUPER ACTION ACADEMIA,04,20260515,20141106,SC,8089
21362937,0001,1,,08,20160623,20141107,SC,8383
21363471,0001,1,MATCH FIT,08,20190508,20141107,PE,2531
21364488,0001,1,ACADEMIA NO PAIN NO GAIN FITNESS,02,20141107,20141107,RS,8877
21365427,0001,1,FISIOFORMA PILATES,08,20161116,20141107,CE,1389
21365862,0001,1,PRIME FIT,02,20141106,20141106,SC,8163
21366862,0001,1,SAMANTHA,08,20180131,20141107,PR,7535
21370394,0001,1,ACADEMIA FORCA E FORMA,04,20210219,20141110,PA,0499
21374118,0001,1,ACADEMIA GUSTAVO FITNESS,04,20260519,20141107,RS,0976
21378084,0001,1,BIO FIT ACADEMIA,08,20180817,20141111,SP,6477
19239254,0002,2,ACADEMIA MAMUTE FIT,08,20150911,20141111,MG,4577
21379001,0001,1,MISTER MERLIN,08,20150225,20141111,SP,6477
21380711,0001,1,CENTRO DE TREINAMENTO SUPERACAO,08,20180201,20141111,BA,3597
21381917,0001,1,,02,20141111,20141111,SP,6131
21383627,0001,1,SIL PERSONAL,08,20141119,20141111,SP,6313
21385032,0001,1,ACADEMIA FIT,02,20141111,20141111,SP,6573
21387161,0001,1,MXM ACADEMIA,02,20141110,20141110,RJ,6001
21389855,0001,1,MURARO FITNESS - TREINAMENTO PERSONALIZADO,02,20141111,20141111,RS,8589
21390101,0001,1,,08,20170118,20141112,SP,7107
21392494,0001,1,ESPACO FITNESS ACADEMIA,02,20141112,20141112,MG,5055
21396009,0001,1,LUAR BADMINTON,08,20180201,20141112,RJ,6001
21402510,0001,1,,08,20180117,20141113,PR,7691
21402812,0001,1,STAR FIT,02,20141113,20141113,SP,7107
21404334,0001,1,DEEP&MELBRI,08,20180312,20141113,RS,8541
21409140,0001,1,EFFORT,02,20141113,20141113,SC,8047
21410797,0001,1,,08,20171205,20141114,PR,7587
21411530,0001,1,FUNCIONAL,02,20210819,20141114,BA,3455
21412896,0001,1,LIA VERAS,08,20250625,20141115,CE,1585
21418901,0001,1,BRUTTOS ACADEMIA,04,20220128,20141117,GO,0061
21420558,0001,1,SPORT LIFE ACADEMIA,02,20141117,20141117,RN,1741
21423378,0001,1,STILO FITNESS ACADEMIA,04,20210209,20141114,ES,5699
21424415,0001,1,ACADEMIA BIO TIPO,08,20160520,20141118,MG,4145
21424836,0001,1,,08,20150922,20141118,SP,6563
21425960,0001,1,,02,20141118,20141118,SP,7107
21426949,0001,1,ACADEMIA LACORTE IMPERIO,02,20141117,20141117,SP,7107
21435960,0001,1,COLISEU STUDIO PERSONAL,04,20260519,20141119,PR,0864
21436229,0001,1,ESTIMULO FITNESS ACADEMIA,04,20260525,20141111,RN,1759
21437028,0001,1,,04,20210325,20141119,RJ,5925
21438653,0001,1,RAS,04,20210407,20141119,BA,3413
21443923,0001,1,,08,20180302,20141120,RS,8737
21447553,0001,1,,08,20150327,20141121,PR,7535
21447885,0001,1,,08,20141205,20141121,MS,9125
21451861,0001,1,J. VAZ,08,20220805,20141121,RJ,6001
21452929,0001,1,STUDIO ADRIANA NEGRI,02,20141122,20141122,SP,7107
21453591,0001,1,TEAM COSTA,08,20150222,20141123,RJ,6001
01179755,0002,2,ACADEMIA TONY S & M,02,20141121,20141121,CE,1369
21455492,0001,1,,08,20260416,20141124,RS,8801
21455685,0001,1,CT DE ARTES MARCIAIS '' TOP TEAM FIGHTERS'',04,20220208,20141124,ES,5663
21456289,0001,1,OPTIMUS PILATES STUDIO,04,20220209,20141124,RJ,6001
21456531,0001,1,,02,20260110,20141121,BA,3469
21457043,0001,1,TENIS DE MESA BAHIA,08,20180201,20141124,BA,3849
21457345,0001,1,ARTE SUAVE ESCOLA DE ARTES MARCIAIS,02,20141124,20141124,SP,7107
20986827,0001,1,CROSSTRAINING-STUDIO FUNCIONAL,08,20141124,20140905,SC,8105
21463256,0001,1,FABRICIO VELOZO PERSONAL TRAINNER,04,20210413,20141125,MG,4961
21463305,0001,1,CARLOS EDUARDO LAUREANO BRAZ,08,20141229,20141125,RJ,5897
21464106,0001,1,DIEGO PERSONAL TRAINER,08,20210422,20141125,MG,4445
21467827,0001,1,BRUCKE PILATES,08,20150227,20141125,SP,7107
21468157,0001,1,DODI ACADEMIA,02,20141125,20141125,PR,7751
21470949,0001,1,STUDIO FIT,02,20141125,20141125,RS,8955
21473554,0001,1,KL FITNESS,04,20181107,20141125,RN,1779
21474221,0001,1,HAPPY TENNIS,08,20231110,20141126,SP,7107
21476065,0001,1,W FITNES,08,20160519,20141126,BA,3413
21479158,0001,1,CORPO & MENTE - STUDIO PILATES,08,20191108,20141127,SP,6779
21480674,0001,1,COELHONETO EDUCACAO E QUALIDADE DE VIDA,02,20220620,20141127,TO,0100
21480865,0001,1,ACADEMIA KORPUS,04,20220128,20141127,BA,3665
21481158,0001,1,PATRICK PERSONAL,04,20210209,20141127,ES,5705
21482670,0001,1,ESPACO FITNESS,04,20231124,20141127,SP,7083
21483800,0001,1,ACADEMIA FITNESS LIFE,08,20260401,20141127,PR,0874
07594978,0109,2,SMART FIT,02,20141118,20141118,SP,6921
21488574,0001,1,,02,20201117,20141128,PE,2337
21491757,0001,1,ALICE RICCIARDI SAMPAIO,02,20220713,20141128,RJ,6001
21492922,0001,1,MOVIMENTE BEACH FITNESS,04,20220208,20141129,RJ,6001
21492989,0001,1,OGRIINGO KITESURFING,08,20180919,20141129,RJ,5813
21494249,0001,1,VAGNERRAMBORGER PERSONAL,08,20180510,20141130,MS,9051
21495196,0001,1,SURFIGHT,08,20180201,20141201,ES,5699
21496324,0001,1,ART FIT ACADEMIA,08,20170609,20141201,AL,2865
21499429,0001,1,,08,20210513,20141201,SP,6929
21505945,0001,1,FITRAINER,08,20180201,20141202,SC,8179
20852425,0001,1,ESPACO VIP ACADEMIA,04,20260519,20140414,PR,7535
21512761,0001,1,,04,20260518,20141104,RJ,6001
21513233,0001,1,ACADEMIA EXECUTIVA FITNESS,02,20141203,20141203,MG,4125
21513697,0001,1,IPPON SPORT,08,20170720,20141203,SP,7005
21517597,0001,1,,08,20170306,20141204,MG,4123
21517810,0001,1,,08,20200609,20141204,SP,6519
21522817,0001,1,DIOGO SANTOS,08,20150126,20141204,PR,7691
21528367,0001,1,,04,20201023,20141205,SP,6401
21368357,0001,1,,08,20150703,20141110,SP,7057
21532096,0001,1,FISIOWING,08,20190829,20141208,MG,4123
21536195,0001,1,STUDIO TIAGO SANTANA,08,20180201,20141208,SP,7225
21536763,0001,1,KIKO ALVES ACADEMIA,08,20221205,20141208,SP,6687
21537906,0001,1,STUDIO BOA FORMA NUTRICAO E FITNESS,08,20160318,20141203,PR,7745
21539468,0001,1,SIMETRIA PILATES E EQUILIBRIO,02,20141209,20141209,GO,9221
21539772,0001,1,X FIT,08,20160816,20141209,MG,5257
21540242,0001,1,A.D.R. ACADEMIA,02,20240319,20141209,SP,6611
21543267,0001,1,,02,20141210,20141210,SP,6425
21547394,0001,1,,02,20141210,20141210,GO,9425
10496932,0014,2,SMARTFIT,08,20150417,20141211,SP,7107
21554296,0001,1,,04,20260514,20141205,MT,9167
21554964,0001,1,RM TREINAMENTO FISICO FUNCIONAL,02,20141210,20141210,CE,1373
21555476,0001,1,MASTER ACADEMIA,08,20141212,20141211,PB,2051
21556195,0001,1,C&M PERSONAL TRAINER,08,20160428,20141212,PR,7493
21557537,0001,1,OMNIA ACADEMIA,08,20151111,20141203,MG,4123
21562183,0001,1,ANDERSON NUNES,08,20180201,20141213,RS,8801
21562476,0001,1,JARDAS ESPORTE E AVENTURA,08,20200630,20141213,SP,6311
21563098,0001,1,ALMARZA DANCE,08,20150227,20141214,SP,7071
21565376,0001,1,ACADEMIA TEAM COMBAT,08,20210122,20141212,PB,1975
21568350,0001,1,,08,20180201,20141215,SP,6449
21568499,0001,1,BROTHER GIM,04,20190327,20141210,BA,3597
21568637,0001,1,MASTER ACADEMIA,08,20160120,20141215,PB,2051
21574134,0001,1,ACADEMIA EUROTREINO,08,20200616,20141216,SP,6681
21577624,0001,1,RESPIRAR STUDIO DE PILATES,02,20210503,20141216,BA,3685
21580111,0001,1,CROSS QUALITY,02,20250211,20141217,BA,3685
21580384,0001,1,AC PERSONAL,08,20190328,20141217,RJ,6001
21583724,0001,1,UP TRAINNING,08,20200902,20141217,RJ,5803
21586064,0001,1,ACADEMIA PROFITNESS,02,20141218,20141218,MG,4939
10496932,0019,2,,08,20150417,20141218,SP,6291
21590304,0001,1,,04,20181030,20141218,RS,8815
21597804,0001,1,SUS ACADEMIA,08,20240510,20141222,MG,5041
21600099,0001,1,TRIBO FITNESS,08,20170704,20141223,PE,2595
21601176,0001,1,SPORT E VIDA,02,20141223,20141223,MG,4111
21601575,0001,1,HENRIQUE DE OLIVEIRA ROSSI,08,20180201,20141223,SP,7079
21606299,0001,1,KUMARA,02,20141226,20141226,SP,6291
21607275,0001,1,SUSANNA SOUTO PERSONAL,04,20210210,20141227,DF,9701
21609395,0001,1,THAI BOXING TEAM,08,20170811,20141229,SP,7107
21609402,0001,1,ACADEMIA CORPUS,02,20230912,20141229,SE,3123
21609833,0001,1,SZ TRAINER,08,20150205,20141229,SP,7107
21610085,0001,1,,08,20150817,20141229,SP,7071
21613227,0001,1,ACADEMIA BODY COMPANY,02,20141210,20141210,RS,8809
21615260,0001,1,SIMONE DINIZ WELLNESS,08,20191212,20150105,SP,7107
21615532,0001,1,ACADEMIA ESPACO MEDFISIO,02,20221114,20150105,CE,1311
21617086,0001,1,TREINAMENTO FISICO INTEGRADO,08,20180102,20150105,MG,5035
21617912,0001,1,PARAFUSO GYM,02,20190410,20141229,PR,7563
21619031,0001,1,,08,20231231,20150105,SC,8187
21619221,0001,1,,08,20160513,20150105,MG,2673
21621007,0001,1,MARCELO DIMITRI,08,20150202,20150105,RS,8791
21621059,0001,1,CTS - CENTRO DE TREINAMENTO SHINSOKAN,04,20210219,20150105,PA,0415
21621886,0001,1,EQUIPE PERSONAL TRAINER DE RESULTADOS,02,20150105,20150105,SP,6713
21623246,0001,1,STUDIO W R FITNESS,02,20150106,20150106,MG,5407
21623974,0001,1,MENEGHETTI TRAINER,08,20180306,20150106,PR,7535
21626645,0001,1,D-NUTRITION,08,20180201,20150106,RJ,5915
21627018,0001,1,BIOFIT,08,20220705,20150106,PE,2531
21381175,0001,1,EVOLUCAO FITNES,04,20210303,20141031,CE,1531
21631149,0001,1,TOP FITNESS,08,20151014,20150107,MG,0578
21631532,0001,1,INGRED PERSONAL TRAINER,04,20210210,20150107,GO,0077
21635216,0001,1,V2 CENTRO DE TREINAMENTO,08,20190509,20150106,RS,8801
21638000,0001,1,STUDIO RBS PILATES,08,20190522,20150107,RJ,6001
21640038,0001,1,EKO FITNES,02,20141104,20141104,RJ,6001
21641343,0001,1,ERGOFIT PILATES,08,20211018,20150108,AL,2785
21138915,0001,1,IN CORPORE,08,20141219,20140930,SP,6547
21650708,0001,1,CAICARA FIGHT WEAR,08,20210916,20150109,SP,7209
21651707,0001,1,STUDIO EQUILIBRIO,08,20200616,20150109,PR,7673
21651888,0001,1,ACADEMIA VIP,08,20160805,20150109,PR,7427
21652120,0001,1,CORP-TREINE,04,20180920,20150109,SC,8047
21653433,0001,1,,08,20180125,20150109,RS,8915
21653693,0001,1,ALINE STUDIO PERSONAL,08,20211022,20150110,RS,8541
21663717,0001,1,PILATES LOUNGE PE,08,20180201,20150112,PE,2531
21668440,0001,1,STUDIO PILATES BENESSERE,02,20150113,20150113,SP,6477
21670249,0001,1,,08,20150306,20150113,BA,3849
21674977,0001,1,AT SPORT & FITNESS,08,20181210,20141203,AL,2785
21675760,0001,1,VIANA CLIN,04,20210223,20150114,AM,0255
21675928,0001,1,TAISSO QUALIDADE DE VIDA,02,20150114,20150114,SP,6305
21677009,0001,1,,08,20180201,20150114,PR,7751
21677156,0001,1,,08,20210806,20150114,SC,8327
21677724,0001,1,TEAM NOGUEIRA SLZ,08,20170213,20150114,MA,0921
21677793,0001,1,DOUBLE FIT ACADEMIA,08,20151230,20150114,SP,6399
21681490,0001,1,STUDIO SLIM,08,20181205,20150115,SP,6177
21687387,0001,1,TEAM AMARAL FITNESS,08,20180201,20150115,RJ,6001
18794530,0001,1,SHANTI YOGA ESPACO ZEN,08,20180130,20130902,RS,8841
21690955,0001,1,MUSCLE FIT,04,20210401,20150112,MA,0961
21692296,0001,1,JULIA MALNATI PERSONAL TRAINER,04,20210318,20150116,SC,8105
21692656,0001,1,ASSESSORIA ESPORTIVA PRO ARTE DO MOVIMENTO,04,20240807,20150116,SP,7107
21693671,0001,1,ALE - FITNESS,08,20190219,20150116,SP,6429
21706546,0001,1,ACADEMIA MOVIMENTO,02,20150120,20150120,MG,5385
21714844,0001,1,MCP TREINAMENTO PERSONALIZADO,08,20210531,20150121,SP,7071
21716729,0001,1,EVOLUCAO ESTUDIO FUNCIONAL,08,20231211,20150121,PE,2419
21720094,0001,1,CENTRO DE EXCELENCIA EM TREINAMENTO FISICO PARA SAUDE,02,20150120,20150120,RS,8589
21720449,0001,1,,08,20180326,20150121,MG,4123
21722363,0001,1,GC10 ESPORTES,02,20150121,20150121,MG,5027
21722545,0001,1,CTF ESTUDIO TREINAMENTO FUNCIONAL,02,20150121,20150121,ES,5697
19876508,0001,1,,08,20180809,20140314,SP,6215
21727221,0001,1,LA'S ART STUDIO DE PILATES,08,20190508,20150122,GO,9373
21729404,0001,1,,08,20161027,20150122,BA,3363
21731511,0001,1,KAWAMURA ASSESSORIA ESPORTIVA,08,20180201,20150122,MA,0921
21733525,0001,1,SEVEN FIT,04,20210218,20150121,MT,8985
21735037,0001,1,VALENTE CT,02,20150107,20150107,RJ,6001
21735233,0001,1,WS PERSONAL TRAINER,08,20160411,20150123,PR,7481
21737740,0001,1,MARI CAROLINA BELMONTE,08,20230612,20150123,RS,8963
21743419,0001,1,TOP FITNESS,08,20170904,20150126,MG,4961
21745619,0001,1,STUDIO FITNESS,08,20170113,20150126,MG,5079
21748146,0001,1,MOVIMENTOS ACADEMIA,08,20170517,20150126,MS,9131
21749360,0001,1,PATRICIA SOARES MASSOTERAPEUTA,02,20150126,20150126,SP,6291
21750800,0001,1,"PERFORMANCE, TREINAMENTO, FITNESS E SAUDE",04,20210223,20150126,AM,0255
21751629,0001,1,NINE FITNESS,08,20180201,20150126,MA,0921
21757903,0001,1,WAR GYM,02,20141023,20141023,PR,7535
21762516,0001,1,SPORT FISIO,02,20150128,20150128,MG,5235
21765255,0001,1,,02,20150128,20150128,SP,7005
21769155,0001,1,,08,20190530,20150128,SP,6969
21775723,0001,1,LABORAL LIFE,08,20150320,20150129,SC,8057
21776553,0001,1,KMZ FITNESS PERSONAL,08,20170710,20150129,SP,6969
21777554,0001,1,PODIUM ACADEMIA DE FITNESS,02,20240201,20150129,PB,0522
21779614,0001,1,ACADEMIA BIO FACTORY,08,20230628,20150129,SP,7107
21781611,0001,1,TRIVELA FITNESS ACADEMIA,04,20260515,20150129,BA,3369
21784476,0001,1,W RUN ASSESSORIA ESPORTIVA,08,20190117,20150130,PR,7667
21786346,0001,1,HG FITNESS,08,20150428,20150130,CE,1239
21787276,0001,1,KORPUS & CIA FITNESS,02,20150130,20150130,MA,0961
21787448,0001,1,,02,20150129,20150129,SP,0798
21792115,0001,1,,08,20180620,20150202,RS,8831
21793412,0001,1,STUDIO FITNESS RUBIA GOMES,02,20150202,20150202,RS,8599
21794336,0001,1,ELIANE FITNESS E TREINAMENTO,04,20210223,20150202,AM,0255
21797431,0001,1,,08,20180110,20150202,BA,3597
21798435,0001,1,STAY THIN FITNEES,04,20240826,20150202,BA,3849
21798793,0001,1,BABA,08,20150210,20150202,RJ,6001
21799395,0001,1,CESAR NACIF FITNESS E CULTURA,08,20160311,20150202,RJ,6001
21800676,0001,1,TREINAMENTO FUNCIONAL TFG,08,20160215,20150203,RJ,5901
21802664,0001,1,,08,20201127,20150130,SP,7107
21808369,0001,1,ARTE CORPORAL,08,20190524,20150203,PB,2051
21808577,0001,1,COACH CENTRO DE SAUDE,02,20150203,20150203,PB,1921
21808628,0001,1,CHAINE WIECZIKOVSKI LTDA,08,20181129,20150203,SP,6403
21812625,0001,1,KAUAN MOURA PERSONAL,04,20210409,20150204,PI,1219
03525616,0002,2,ACQUALIFE,02,20150102,20150102,SP,6361
21817326,0001,1,ACADEMIA DE MUSCULACAO BOA FORMA,02,20150204,20150204,BA,3449
21820306,0001,1,CIAFS - CENTRO INTEGRADO DE ATIVIDADE FISICA E SAUDE,08,20160304,20150204,BA,3911
21822413,0001,1,,08,20160404,20150205,MG,4123
21828521,0001,1,,04,20210317,20150206,PR,7691
21830711,0001,1,X PRO TRAINING,02,20150206,20150206,BA,3597
21839559,0001,1,INFINITY FITNESS,08,20220322,20150209,SP,6789
21840972,0001,1,NEW LIFE ACADEMIA,08,20160316,20150209,PB,2117
21841844,0001,1,SANTALULLA,08,20190402,20150209,SP,7149
21851041,0001,1,AURORA RUGBY CLUBE,08,20210129,20150210,CE,1333
21853788,0001,1,SILVA STUDIO DE PILATES,08,20191126,20150210,SP,6495
21858611,0001,1,ACADEMIA SUPERACAO,04,20210426,20150211,PB,1939
21865724,0001,1,CORPO E SAUDE ACADEMIA,08,20180123,20150211,MG,4615
21867561,0001,1,,04,20190321,20150212,SP,7107
21867948,0001,1,MEGA FITNESS ACADEMIA,02,20150212,20150212,MG,4957
21869523,0001,1,GONE,08,20150303,20150212,PR,7535
21870236,0001,1,ATIVIDADES DE ARTES MARCIAIS,04,20210316,20150212,RJ,6001
21870716,0001,1,STUDIO ANGELO SANTOS FITNESS E DANCA,08,20161227,20150212,RN,1779
21871286,0001,1,FERNANDO BENITEZ - EDUCADOR FISICO,08,20170516,20150212,SC,8039
21872590,0001,1,KASSIOALVESPERSONAL,04,20220608,20150212,RN,1761
21872658,0001,1,RUNNER FITNESS ACADEMIA,08,20190213,20150212,SP,7017
21872697,0001,1,GLAUCIA PERSONAL,08,20171018,20150212,PR,7691
21872848,0001,1,SANHARO FITNESS CENTER,08,20150826,20150212,PE,2547
21877710,0001,1,EDER LUIS GONCALVES TEODORO,08,20170531,20150213,SP,6595
21878092,0001,1,PATRICIA REGIA LAGO DA COSTA,04,20210219,20150213,PA,0427
21883165,0001,1,,08,20180107,20150215,RS,8963
21883390,0001,1,CAMILA PIVA,08,20181009,20150215,SP,6219
21884464,0001,1,CTBIKE,08,20191031,20150216,SP,6291
21889059,0001,1,MILESIMOS,08,20171218,20150218,MG,4733
21891711,0001,1,D+SAUDE,08,20180905,20150219,PE,2531
21893186,0001,1,FORCA & EQUILIBRIO FITNESS E BEM ESTAR,08,20180416,20150219,MS,9051
21894982,0001,1,DSFIT,02,20210528,20150219,AL,2785
21895554,0001,1,ACADEMIA MOVEL,04,20210224,20150219,CE,1389
21896013,0001,1,ACADEMIA DE MUSCULACAO MAX,04,20260515,20150219,CE,1577
21897139,0001,1,PERSONAL TRAINER NA MELHOR IDADE,08,20150219,20150219,SC,8105
21897694,0001,1,,04,20210323,20150219,SP,6425
21905581,0001,1,ACADEMIA MOVIMENTO,08,20160718,20150220,RS,8841
21906636,0001,1,PRO - PROFESSOR RENAN OLIVEIRA,08,20160718,20150221,SC,9985
21908111,0001,1,ACADEMIA STYLLUS,02,20221125,20150222,GO,9761
21909482,0001,1,JAGUAR FITNESS,04,20201027,20150220,RN,1761
18611553,0002,2,,04,20260519,20150223,MG,4733
21911234,0001,1,NOVA FORMA,08,20191004,20150223,RS,8867
21912880,0001,1,BEM ESTAR ACADEMIA,04,20180828,20150220,SC,8111
21913422,0001,1,ADRIANA ABREU PERSONAL TRAINER,04,20210226,20150223,SP,7107
21915881,0001,1,SILVIA SERVICOS & PRODUTOS ESPORTIVOS,08,20200914,20150223,SP,6789
21916687,0001,1,STUDIO 4 LIFE,08,20160121,20150224,MS,9051
21916829,0001,1,VIBRATION,08,20200214,20150223,RJ,6001
21917561,0001,1,STUDIO ALICE FERRARI,08,20190115,20150224,SP,6827
21919008,0001,1,D E ACADEMIA FITNESS,08,20161026,20150220,RN,1671
20728557,0001,1,STRENGTH & STAMINA FITNESS,08,20240118,20140728,DF,9701
21920474,0001,1,,04,20181025,20150224,PE,2531
21922994,0001,1,MOOVING TREINAMENTO ESPORTIVO,08,20181218,20150224,SC,8105
21925430,0001,1,,08,20180918,20150224,PR,7471
21928803,0001,1,BEM ESTAR ACADEMIA,02,20150225,20150225,SC,8099
21932548,0001,1,ESPACO DO CORPO,04,20260519,20150225,RS,8863
21934368,0001,1,MARCELO SOUZA STUDIO PERSONAL,02,20150225,20150225,RS,8683
21935988,0001,1,PRI TRAINER ASSESSORIA ESPORTIVA,08,20221208,20150225,SP,2965
20886812,0001,1,GRAN FITNESS,02,20140821,20140821,SP,6969
21940620,0001,1,ACADEMIA MAX BEM,08,20190115,20150226,RN,1605
21942043,0001,1,ESTUDIO CARMEN VICENTINI,08,20211229,20150226,MG,4797
21944344,0001,1,,08,20161221,20150226,SP,7225
21945094,0001,1,P. STUDIO DE PILATES,08,20180131,20150225,BA,3849
21947754,0001,1,ESCOLA FURACAO RJ,04,20210319,20150227,RJ,5863
21949381,0001,1,ES BALBINOT,04,20210304,20150227,RS,8655
21951221,0001,1,,08,20220927,20150227,RJ,6001
21951937,0001,1,ACQUACENTER NATACAO,08,20151019,20150227,GO,9397
21954098,0001,1,,02,20150228,20150228,SP,6607
21954233,0001,1,INVICTUS ASSESSORIA ESPORTIVA,08,20190526,20150228,BA,3849
21954324,0001,1,,08,20170621,20150228,RS,8877
21955932,0001,1,PERFORMANCE ACADEMIA,08,20160510,20150301,PR,7733
21956805,0001,1,ACADEMIA CORPUS,08,20150401,20150302,PR,7565
19879358,0001,1,ACADEMIA PURA VIDA,08,20180716,20140226,PR,7587
21959097,0001,1,SHOOP TREM,08,20240313,20150302,SP,7151
21959949,0001,1,WALLINESS,08,20220218,20150302,SP,7099
21965065,0001,1,J.C. DE SOUSA PILATES EIRELI,04,20210310,20150303,SP,6511
21966086,0001,1,MSPORTS EVENTOS E TREINAMENTOS ESPORTIVOS,08,20210525,20150303,SP,7107
21966695,0001,1,ADRIANO WELLS,04,20260515,20150303,BA,3849
21971207,0001,1,,02,20150303,20150303,SP,6563
21972774,0001,1,A2.COM,08,20180122,20150303,PR,7745
21973579,0001,1,POSTURA VITAL E CONSCIENCIA,02,20150304,20150304,SP,7107
21974223,0001,1,ESTACAO CONTEMPORANEA,08,20190220,20150303,PA,0425
21975140,0001,1,STARFITNES,04,20260515,20150304,BA,3873
21977219,0001,1,,08,20200817,20150303,PR,7691
21978866,0001,1,,04,20220208,20150304,PR,7425
21979003,0001,1,LEONARDO MEDEIROS,08,20150409,20150304,RN,1761
21979983,0001,1,OPTION FIT ACADEMIA,02,20150304,20150304,SP,7157
21985176,0001,1,CROSS FIT SAO SEBASTIAO DO PARAISO,02,20150305,20150305,MG,5293
21986597,0001,1,PHILLEO TREINAMENTO FUNCIONAL E GINASTICA LABORAL,08,20150518,20150305,BA,3849
21987103,0001,1,ROUSSELET F,08,20150408,20150305,RS,8801
21987811,0001,1,EESTE,04,20210210,20150305,DF,9701
21991973,0001,1,FUNCIONAL TRAINER,08,20220627,20150305,SC,8105
21992886,0001,1,,08,20171222,20150306,SP,6167
17796934,0002,2,,02,20150306,20150306,SP,7107
21996474,0001,1,CT NA - ATIVA,08,20191119,20150306,PE,2381
21997233,0001,1,,08,20170530,20150306,PR,7425
21999946,0001,1,DIVAS DANCAS,04,20210423,20150306,PB,2051
22002412,0001,1,DOUGLAS PANTANO PERSONAL TRAINER,08,20170904,20150308,SC,8117
22009977,0001,1,QUALITY LIFE STUDIO PERSONAL,08,20180823,20150309,GO,9373
22012047,0001,1,STUDIO CROSS TRAININY,04,20210212,20150309,GO,9373
22012059,0001,1,,08,20161113,20150309,RJ,6001
22012113,0001,1,NEVESSPORTS,04,20240827,20150309,RJ,5921
22012969,0001,1,PERFORMANCE ACADEMIA,04,20220608,20150309,AM,0261
22013340,0001,1,,04,20241127,20150310,SP,7183
22013491,0001,1,PHYSICUS ACADEMIA,08,20160622,20150309,BA,3661
22014701,0001,1,MARCELA PERSONAL TRAINERS,08,20170216,20150310,PR,7691
08958758,0002,2,,02,20250430,20150310,PE,2531
22018564,0001,1,FLAVIA SOUZA,08,20220207,20150310,SP,2965
16912787,0001,1,DL SPORT,08,20161108,20120926,MA,0921
22020477,0001,1,,04,20210423,20150310,RN,1837
22022277,0001,1,GAMA PERSONAL,08,20180108,20150310,RJ,6001
22024783,0001,1,TOP LIFE ACADEMIA,02,20250519,20150311,PB,2025
22026151,0001,1,ACADEMIA VIVA,08,20171210,20150311,BA,3413
22027720,0001,1,ACADEMIA ESPACO SAUDE,08,20211020,20150311,ES,5673
22032624,0001,1,ACADEMIA WAY PRO FIT,02,20150310,20150310,RS,8593
22042108,0001,1,CORPUS,02,20150312,20150312,CE,1349
22042976,0001,1,ACADEMIA SUPER ACAO,02,20150311,20150311,SP,6789
22046178,0001,1,DRIKA,08,20180131,20150313,MG,4123
22046935,0001,1,GRAHL ACADEMIA,08,20200318,20150312,RS,8561
22047409,0001,1,STUDIO R2,08,20150522,20150313,SP,6369
22048395,0001,1,LIFE FITNESS ACADEMIA,04,20210219,20150313,PA,0427
21943015,0001,1,AMORIM CALCADOS E CONFECCOES,08,20220621,20150226,PE,2319
21880892,0001,1,,08,20170221,20150212,SP,6163
22052142,0001,1,ARBRUDRI BIO FITNESS,08,20200810,20150316,SP,7097
22052217,0001,1,GRAZIELE PREGNOLATO MEI,08,20181226,20150316,SP,6163
22052519,0001,1,PILATES & TERAPIAS,02,20150311,20150311,RJ,6001
22053246,0001,1,DCL SPORT,08,20240701,20150316,SP,7145
22057605,0001,1,TOP FITNESS,04,20210316,20150316,RJ,5829
22058199,0001,1,INTEGRACAO FITNESS,08,20190130,20150316,SC,8045
22060843,0001,1,COLLEGE EVENTOS E PERSONAL TRAINER,08,20171009,20150316,GO,9373
22062852,0001,1,STUDIO PILATES E SAUDE,04,20210226,20150317,SP,7107
22064963,0001,1,PKS STUDIO FITNESS,04,20220128,20150317,CE,1389
20815925,0002,2,ESTACAO SAUDE,08,20150925,20150317,TO,9733
22078199,0001,1,ALEST TREINAMENTO FISICO ORIENTADO,08,20230809,20150318,RS,8801
22083233,0001,1,TOP FIT STUDIO PERSONAL TRAINER,02,20150319,20150319,MG,4911
22087337,0001,1,BURN FITNESS,02,20150319,20150319,GO,9373
22090157,0001,1,,02,20150320,20150320,PB,1981
22093651,0001,1,JVC,08,20151216,20150320,SC,8105
22095101,0001,1,,08,20160505,20150320,MG,4359
22096547,0001,1,HEART FIT - TREINAMENTO . NUTRICAO . CONSULTORIA,02,20150320,20150320,SP,6929
22098211,0001,1,HELIO B3 ASSESSORIA ESPORTIVA & CONSULTORIA NUTRICIONAL,08,20150606,20150321,BA,3849
22099369,0001,1,SINOPOLI PERSONAL TRAINER,08,20150713,20150322,SP,7107
22102210,0001,1,CENTRAL FITNESS ACADEMIA,08,20180503,20150323,MG,4865
22104569,0001,1,ACADEMIA RE SAUDE,02,20150323,20150323,SP,7225
22110230,0001,1,LICIA AYRES PERSONAL TRAINER,08,20200407,20150324,ES,5703
22113555,0001,1,RUNNING ASSESSORIA ESPORTIVA,08,20260513,20150324,CE,1373
22118581,0001,1,LIFE FIT,08,20210921,20150324,MS,9051
22120710,0001,1,,08,20151216,20150325,MG,5343
22123931,0001,1,AMANDA MONIQUE ACADEMIA,08,20150618,20150325,SP,7107
22129273,0001,1,,08,20160301,20150326,SP,6137
22129883,0001,1,,04,20260519,20150326,RS,8589
21218009,0001,1,ACADEMIA GR FITNESS,08,20160119,20141013,AL,2885
22136714,0001,1,STUDIO ADRIANO ANDRADE PILATES E TREINO PERSONALIZADO,08,20170202,20150326,SP,6211
22138935,0001,1,,08,20150514,20150327,RJ,6001
22139852,0001,1,CAROLLEMES PERSONAL TRAINING,08,20180427,20150327,SP,6291
22140674,0001,1,JUST MOV ASSESSORIA ESPORTIVA,08,20150623,20150327,SP,6181
22141193,0001,1,FITNESS CLUB,08,20220412,20150327,PE,2531
22142048,0001,1,FGPERSONAL,08,20150715,20150327,SP,7107
22143263,0001,1,,08,20160114,20150327,MG,4775
22144888,0001,1,BIO FITNESS,02,20150327,20150327,SC,8027
22145463,0001,1,RAFAEL,04,20220209,20150327,SP,7145
22147845,0001,1,KM ACADEMIA,02,20150329,20150329,SP,6477
22152611,0001,1,ACADEMIA VIDA E MOTIVACAO,02,20220609,20150330,PE,2521
22153379,0001,1,ESPACO HIDROVIDA,04,20210426,20150330,PB,1981
22155338,0001,1,POWER GYM ACADEMIA,08,20250220,20150330,MG,4799
22155812,0001,1,DASILVAINMOTION,04,20220125,20150330,RJ,5897
22157579,0001,1,MARIA VICTORIA TRAINER,08,20201120,20150330,RS,8801
22158605,0001,1,RAFAELA RAMELLA,08,20160328,20150331,SP,6131
22159959,0001,1,CLEYCIANY CRUZ,04,20210212,20150331,GO,9373
22161132,0001,1,I9 CLUBE DA SAUDE,02,20150331,20150331,PE,2513
22161302,0001,1,FISIOPORTO,02,20210723,20150330,AP,0671
22162418,0001,1,TOCA DO SAMURAI,04,20260513,20150318,MA,0921
22170057,0001,1,BW SPORT FITNESS,08,20190705,20150401,SP,6213
22170297,0001,1,,08,20151214,20150401,MG,4371
22171536,0001,1,DANCI FITNESS,04,20210316,20150401,RJ,5865
22175788,0001,1,,08,20160415,20150401,SP,6377
22176508,0001,1,LML PERSONAL TRAINER,04,20210311,20150401,RJ,6001
22177756,0001,1,50FIFITY BRAZILIAN JIU JITSU ACADEMIA E ESCOLA,08,20160802,20150319,PR,7535
22181958,0001,1,ESPORTE SAUDE,08,20230322,20150402,PE,2531
22182433,0001,1,,08,20160218,20150402,RJ,6001
22183059,0001,1,PROFESSOR NETTO COSTA,04,20210331,20150402,MG,4647
22184594,0001,1,J. PILATES,04,20220209,20150403,RJ,6001
22188869,0001,1,,08,20230519,20150406,MG,4123
22189539,0001,1,ESTEVAO SILVA,08,20180412,20150406,DF,9701
22190026,0001,1,DOJO SANGA ZEN,08,20151016,20150406,CE,1567
22193997,0001,1,ENERGY FIT ACADEMIA,08,20160126,20150406,AL,2785
22195113,0001,1,PHYSIQUE,08,20251023,20150406,SP,7107
22196779,0001,1,ACADEMIA KOMBAT,02,20150406,20150406,SP,6313
22197580,0001,1,,08,20170109,20150407,SP,2965
22202528,0001,1,,04,20220128,20150407,DF,9701
21827976,0001,1,ESTUDIO DREAM FIT,08,20180307,20150206,PE,2391
22206504,0001,1,STUDIO NEOPILATES ANDRESSA WALTER,08,20180307,20150408,PR,7739
22208096,0001,1,STUDIO MSZ,08,20211014,20150330,PR,7667
22209468,0001,1,TORK,04,20231030,20150407,GO,9373
22212234,0001,1,,04,20220208,20150408,PR,7963
22213139,0001,1,BRANDI SPORT,08,20190506,20150408,RJ,6001
22216344,0001,1,UPLAY BACACHERI,02,20150408,20150408,PR,7535
22216370,0001,1,,04,20210401,20150407,DF,9701
22221876,0001,1,LIFE,08,20150928,20150409,RJ,6001
22222196,0001,1,GG ACADEMIA DE GINASTICA E MUSCULACAO,02,20260522,20150409,ES,5703
22228002,0001,1,GINASIO DE FERRO,04,20180928,20150409,RS,8963
22228671,0001,1,ACADEMIA ZONA DE IMPACTO,04,20210203,20150410,SP,7099
22229026,0001,1,CF_220,08,20201008,20150410,PR,7885
22230826,0001,1,FT STUDIO,08,20210218,20150411,SP,6251
22232305,0001,1,,08,20170420,20150412,SP,7107
22232340,0001,1,,08,20160218,20150412,RJ,6001
22232674,0001,1,LUANA PRISCILA SILONI CALCA,08,20220103,20150412,SP,6131
22234107,0001,1,ACADEMIA MAIS FITNESS,08,20190222,20150413,RN,1759
22236258,0001,1,LAISA MALMEGRIN PUZZI,08,20150423,20150413,PR,7667
22236310,0001,1,TKF TOP TRAINING,08,20220630,20150413,CE,1389
22243108,0001,1,GALLE PERSONAL STUDIO,08,20180118,20150414,SC,8175
22251339,0001,1,JCCONSULTORIAD'QUALLIDADED'VID,08,20200611,20150414,RJ,6001
22253912,0001,1,,08,20180913,20150415,SP,6415
22259174,0001,1,,08,20151218,20150415,RS,8599
22259660,0001,1,FABIA LOPEZ,04,20210226,20150415,SP,7107
22259706,0001,1,EVANDRO ACADEMIA,02,20150414,20150414,SC,8053
22261813,0001,1,PRIMAR ACADEMIA CENTRO WELLNESS LTDA,02,20150414,20150414,SC,8071
22261975,0001,1,LUCAS NADALIN,08,20170130,20150415,PR,7535
22264198,0001,1,GUERREIRO FITNESS,08,20160112,20150416,PR,7405
22266237,0001,1,STUDIO K.S PILATES E ESTETICA,02,20150416,20150416,SP,6681
22266896,0001,1,MARCELO SILVA PERSONAL,04,20210406,20150416,SP,6181
22280537,0001,1,NEW LIFE - SAUDE & BEM ESTAR,08,20150810,20150417,MG,4371
21814107,0001,1,STUDIO CAIOS ROCHA PERSONAL TRAINER,08,20180402,20150204,PR,7535
22286205,0001,1,G P ASSESSORIA ESPORTIVA,08,20210223,20150418,BA,3849
22287287,0001,1,RV TREINAMENTO INTELIGENTE,04,20220128,20150419,BA,3849
22287701,0001,1,CONSTRUCOES E REFORMAS EM GERAIS,04,20220208,20150420,RJ,5869
22289602,0001,1,JOSE EDUARDO ESCUDERO,08,20191004,20150420,SP,6219
22290935,0001,1,,08,20190910,20150420,MG,4083
22291498,0001,1,,04,20210316,20150420,RJ,6001
22292578,0001,1,TEF-ASSESSORIA ESPORTIVA,04,20210226,20150420,SP,7107
22293726,0001,1,,08,20151204,20150421,RJ,6001
22294017,0001,1,,08,20161130,20150421,RJ,0784
22294106,0001,1,,08,20161130,20150421,RJ,0784
22294197,0001,1,ANA MACEDO,08,20150422,20150421,SP,6477
22298522,0001,1,,02,20150422,20150422,SP,7135
22298844,0001,1,ACADEMIA EBENEZER,08,20160413,20150422,RN,1681
22300498,0001,1,PERSONAL FITNESS ACADEMIA,08,20151110,20150422,PR,7503
22301207,0001,1,WINE'S PERSONAL CONSULTANT,04,20210416,20150422,SE,3105
22304245,0001,1,MELQUISEDEQUE TEIXEIRA,08,20160522,20150422,BA,3849
22304856,0001,1,PAULO COUTO PERSONAL TRAINER,04,20210407,20150422,BA,3849
22305662,0001,1,ZART FIT- SOLUCOES EM TREINAMENTO FISICO,08,20170126,20150422,RS,8801
22305685,0001,1,ACADEMIA UNIVERSE GYM,08,20200505,20150423,AM,0255
22306954,0001,1,ACFFERRAZ,08,20240425,20150423,BA,3849
22308442,0001,1,W2 PERSONAL TRAINERS,08,20180530,20150423,SP,7157
22309087,0001,1,WCM ASSESSORIA ESPORTIVA,08,20230928,20150423,DF,9701
22313403,0001,1,PRATIC,04,20220128,20150423,DF,9701
21995012,0001,1,BUSHIDO ACADEMIA DE JUDO,08,20201007,20150306,MT,9871
22317625,0001,1,,08,20180525,20150424,MS,9051
22317791,0001,1,ROGERIO LUCENA,08,20230626,20150424,BA,3685
22317852,0001,1,FIT CLUB ACADEMIA,04,20181026,20150424,AM,0255
22318842,0001,1,VIP TRAINING,02,20150424,20150424,SC,8387
22323845,0001,1,FEMI,08,20161005,20150425,RJ,6001
22325943,0001,1,,08,20200123,20150427,PR,7985
22330026,0001,1,SAUDE E BELEZA ACADEMIA,02,20150427,20150427,MG,4911
22333004,0001,1,LILIANA ROSSETIN,08,20160722,20150427,PR,7535
22333531,0001,1,RR FITNESS EIRELI,04,20210330,20150427,MG,5425
22334010,0001,1,CAVEIRA PRIME MENCHINI,08,20150922,20150427,SP,7057
22335966,0001,1,,08,20160530,20150428,RJ,5877
22339181,0001,1,SERRA FITNESS,08,20180608,20150428,PB,2217
22339525,0001,1,JAM FITNESS,02,20231111,20150428,AM,0255
22348027,0001,1,ALEXANDRE SOBRINHO,08,20160419,20150429,SP,7107
22353837,0001,1,,08,20180131,20150430,RJ,6001
22354173,0001,1,STUDIO 10,08,20210318,20150429,BA,3515
22356855,0001,1,ACADEMIA AGUEDA,02,20150430,20150430,SP,7001
16738149,0017,2,,08,20210512,20150430,SP,7121
22362041,0001,1,BRAZILIAN FIRE FIGHT,08,20170518,20150501,SP,6469
22362215,0001,1,,08,20150630,20150501,MG,4211
22363787,0001,1,360,04,20210423,20150502,RN,1881
22366887,0001,1,,08,20220303,20150504,PE,2531
22367431,0001,1,ACADEMIA SPORT TOTAL,04,20231030,20150504,GO,1052
22367493,0001,1,FIT 17,04,20210401,20150430,DF,9701
22371692,0001,1,ARENA FITNESS RIBEIRAO,08,20190116,20150504,SP,6969
22372722,0001,1,UNICORP,08,20190816,20150504,SP,6475
22376882,0001,1,ELITE TOP TEAM,08,20170627,20150504,RS,8801
22377639,0001,1,,08,20190830,20150505,RS,8681
22378487,0001,1,STUDIO SHANTALA YOGA,08,20170224,20150505,SC,8259
22385548,0001,1,MARCAO PERSONAL,04,20210324,20150506,SP,6689
22389336,0001,1,,04,20220208,20150506,SP,6397
22391381,0001,1,DIATETICHE,08,20190725,20150506,PE,2531
22393035,0001,1,CT PITIBULL,02,20150506,20150506,AC,0139
22400885,0001,1,FISIOFORM PILATES & FISIOTERAPIA,08,20181105,20150507,ES,5625
22404613,0001,1,AQUAFIT,02,20150507,20150507,PI,1219
22404748,0001,1,BODY HEALTH,08,20161216,20150508,MG,4859
22404763,0001,1,CORPO E FORMA PILATES STUDIO,02,20241023,20150508,SP,6511
22404892,0001,1,PERSONAL LUCAS ROAT,04,20220209,20150508,SP,7107
22405541,0001,1,STUDIO DE TRENAMENTO PERSONALIZADO,04,20220209,20150508,SP,6883
22410247,0001,1,MAXIMO STUDIO PILATES,08,20250321,20150508,RJ,6001
22412314,0001,1,,02,20150509,20150509,MG,5243
22415862,0001,1,ALMARZA DANCE,08,20171211,20150511,SP,7071
22416030,0001,1,JULIO DO AMARAL,08,20181103,20150511,CE,1389
22416771,0001,1,,04,20210319,20150511,RJ,5863
22420476,0001,1,WOLF TEAM SANDA MMA,04,20210303,20150511,CE,1373
22420159,0001,1,BIO LIFE,04,20220607,20150511,BA,3849
22423598,0001,1,MULTITREINOPRIME,04,20210318,20150512,SC,8175
22426475,0001,1,PERSONAL HOME CARE MARCELO THOMAZIN,08,20260209,20150512,SP,7107
22426643,0001,1,ACADEMIA TORKEFIT,02,20150512,20150512,RN,1779
22426828,0001,1,,08,20151013,20150512,SP,7097
22427274,0001,1,EXATA FITNESS,02,20150511,20150511,RJ,6001
22428246,0001,1,ACADEMIA DE CONDICIONAMENTO FISICO STYLE FITNESS,02,20150511,20150511,MS,9131
22428803,0001,1,,08,20150601,20150512,MG,4877
22429692,0001,1,STEPHANIE DOS SANTOS BARBOSA 16 02,08,20170404,20150512,SP,6921
22430804,0001,1,BOXING FIGHTERS,08,20150526,20150512,MG,4123
22431253,0001,1,,08,20170714,20150512,RS,8703
22435597,0001,1,INSTITUTO PILATES,02,20150513,20150513,CE,1389
07594978,0121,2,SMARTFIT,02,20150513,20150513,SP,7107
22436960,0001,1,DEBORA MARQUES TREINAMENTOS,08,20220413,20150513,MG,4123
22438441,0001,1,THAI TOP TEAM,04,20210416,20150513,MG,4123
22442113,0001,1,RCE SPORTS,08,20211116,20150513,SP,7107
22446308,0001,1,ACADEMIA CORPO E FORMA,08,20220427,20150514,BA,3849
22447029,0001,1,STUDIO MASTER,08,20170906,20150514,MG,4763
22447707,0001,1,FOR YOU ACADEMIA,02,20150514,20150514,RN,1779
22447801,0001,1,TOP FIVE FITNESS,08,20160419,20150514,MG,2691
22449551,0001,1,STUDIO FITNESS TITO LIVIO,02,20150514,20150514,GO,9277
22454354,0001,1,ACADEMIA SPARTAN FITNESS,04,20210415,20150513,SP,6163
22458809,0001,1,NEW LIFE ACADEMY,04,20190129,20150515,MA,0919
22460389,0001,1,QUALITY OF LIFE,04,20220208,20150515,RJ,6001
22467170,0001,1,CENTRO DE REFERENCIA PERSONALIZADO EM TREINAMENTO,08,20180424,20150518,BA,3949
22469768,0001,1,,04,20210326,20150518,SP,6875
22470944,0001,1,,08,20160317,20150518,RS,8599
22472333,0001,1,ALESSANDRO RATO BJJ,08,20260210,20150518,PR,7535
22477534,0001,1,DA HORA DISTRIBUIDORA DE ALIMENTOS,04,20260525,20150519,RN,1761
22477841,0001,1,ACADEMIA CENTRO FITNESS,04,20210223,20150519,PA,0595
22479768,0001,1,,08,20150821,20150519,PR,7691
22486998,0001,1,SPAZIO VERDE,08,20180122,20150520,SP,6401
22487734,0001,1,PAULINHO CAMPOS SERVICOS,08,20250605,20150520,SP,6131
22488091,0001,1,,08,20211116,20150520,RJ,2907
22495684,0001,1,,02,20150521,20150521,MG,4133
22497541,0001,1,,08,20151021,20150521,MG,4123
22497674,0001,1,ACADEMIA FITNESS BELO CORPO,04,20231030,20150521,PE,2491
22498219,0001,1,,08,20150728,20150521,RJ,2907
22500293,0001,1,FEROZ CROSSFIT,08,20200312,20150515,PR,7535
22501103,0001,1,ESPORTE TOTAL,04,20210323,20150521,SC,8341
22504415,0001,1,TEOFILO PERSONAL,08,20210506,20150522,CE,1529
22507501,0001,1,ACADEMIA LAUZIN,08,20161118,20150522,MG,4635
22508000,0001,1,,08,20170323,20150522,SP,6249
22508696,0001,1,MIX FUNCIONAL,08,20210323,20150522,MG,5273
22509493,0001,1,SIMETRIA STUDIO PERSONAL,08,20180919,20150522,MG,4123
22511654,0001,1,DNA DE ATLETA,04,20240821,20150523,RJ,5837
20680116,0001,1,,08,20150523,20140721,SE,3105
22512702,0001,1,STUDIO DE PILATES LEO SENA,08,20240718,20150524,BA,3965
22513390,0001,1,KADIM TEAM,08,20220621,20150525,CE,1343
22515242,0001,1,IBIFITNESS,04,20190129,20150226,PI,1167
22516222,0001,1,PR NUTRITION,04,20220208,20150525,RJ,5801
22529167,0001,1,ACADEMIA DO ANDRE,04,20220208,20150526,ES,5631
22529238,0001,1,ACADEMIA ARENA FITNESS,08,20250321,20150526,CE,0989
22530313,0001,1,GOD'S GYM,08,20221220,20150526,SC,8081
22530890,0001,1,ISADORA PIRES MIRANDA,08,20210422,20150526,SC,8221
22531074,0001,1,TONI PERSONAL,08,20150707,20150526,SP,6179
22531176,0001,1,ACADEMIA BRADA FITNESS,08,20170629,20150526,MG,5403
22532346,0001,1,,08,20151022,20150526,SP,7145
22534777,0001,1,,08,20211111,20150527,SP,7107
22537717,0001,1,LEO TREINAMENTOS JIU JITSU,04,20210318,20150527,SC,8179
22538454,0001,1,ESTUDIO PILATES NATALIA ROCHA,08,20170821,20150527,RO,0017
22541322,0001,1,E.PILATES,02,20150527,20150527,BA,3363
22546775,0001,1,MARIA VASCONCELOS,04,20210407,20150528,BA,3849
22547055,0001,1,K2 CENTRO DE TREINAMENTO,04,20210309,20150528,PR,7607
22548765,0001,1,LIFE FITNESS,08,20200210,20150528,MG,4371
22557608,0001,1,REABILITACAO E BEM ESTAR,04,20210226,20150529,SP,7107
22558236,0001,1,,08,20180817,20150529,SP,7151
22559326,0001,1,NATALIA UECHI,08,20181112,20150529,SP,6979
22559621,0001,1,D FIT CROSS,08,20180221,20150530,PE,2381
22562261,0001,1,,08,20230615,20150601,RS,8915
22572662,0001,1,CLINICA LOPES,02,20150602,20150602,SP,6291
22573015,0001,1,STUDIO ALINE JUANUTTI,08,20160202,20150602,PR,7427
21035115,0008,2,SMARTFIT,08,20250101,20150602,MG,4123
22576152,0001,1,BEACH FITNESS,04,20210209,20150602,ES,5703
22212953,0001,1,VILIAN ASSESSORIA ESPORTIVA,02,20210826,20150401,SC,8179
22580032,0001,1,AMARO,08,20171108,20150603,RJ,6001
22580537,0001,1,PHYSIO MOVIMENTO,08,20160321,20150603,BA,3849
22581228,0001,1,AKADEMIA DE ARTES MARCIAIS DOGAN,04,20210219,20150603,PA,0399
22582558,0001,1,CLINICA LECAM - PILATES E FISIOTERAPIA AVANCADA,02,20150603,20150603,SP,7107
22584583,0001,1,ACADEMIA FIT CORPUS,08,20190319,20150603,SP,6579
22585448,0001,1,RENATA RIGONE PERSONAL,08,20150917,20150603,SP,6619
22591003,0001,1,R K FITNESS,08,20160727,20150511,CE,1341
22592099,0001,1,PILATES E FUNCIONAL CORPO E ARTE,08,20230724,20150606,BA,3849
22593764,0001,1,LC,08,20190808,20150607,RJ,5909
22594974,0001,1,PERFORMANCE ACADEMIA,08,20240103,20150608,RO,0015
22595414,0001,1,EXTREME FITNESS,04,20181107,20150605,RN,1779
22599009,0001,1,60+SAUDE,08,20161230,20150608,BA,3849
22599421,0001,1,TIAGO REIS,08,20180118,20150608,SP,6969
22612803,0001,1,CIA FX,08,20191126,20150609,MG,4123
22613910,0001,1,R2 ACADEMIA,08,20180406,20150610,SC,0944
22614969,0001,1,ESTACAO FITNESS,02,20150513,20150513,PR,7535
22618322,0001,1,CAMILA GUSMAO,08,20160616,20150610,BA,3849
22622342,0001,1,ACADEMIA GUERREIRO OLIMPICO,08,20161202,20150610,PI,1049
22622502,0001,1,MARCIUS MESQUITA TREINAMENTO INDIVIDUALIZADO,08,20180319,20150610,BA,3849
22624122,0001,1,ACADEMIA ALFA CROSS,04,20220609,20150611,PR,7583
22627172,0001,1,ALINE BRITO,08,20180313,20150611,SC,8105
22629511,0001,1,,08,20171215,20150611,DF,9701
22631088,0001,1,,04,20210415,20150611,SP,6489
22634771,0001,1,DANIEL GOMES,04,20220208,20150612,SC,8105
22635837,0001,1,INSTITUTO GABRIEL PIMENTA EQUILIBRIO E AUTOCONHECIMENTO,08,20231229,20150612,SP,6239
22636201,0001,1,,04,20210226,20150612,SP,7107
22641331,0001,1,ACADEMIA INOVAFIT,02,20150614,20150614,BA,3273
22646110,0001,1,KORPU'S ACADEMIA,08,20220504,20150612,PI,1037
21327583,0001,1,XTRAINING,02,20260521,20141101,PR,7667
22650069,0001,1,BELLA FITNESS,02,20150615,20150615,MG,4859
22655530,0001,1,EVOLUTION ACADEMIA DE GINASTICA,04,20181024,20150616,RJ,1116
22657716,0001,1,ACADEMIA CERRADO,02,20150616,20150616,GO,9221
22661663,0001,1,KHS,08,20200902,20150616,SP,6219
22662898,0001,1,BRENO CAMPOS,08,20210729,20150617,PE,2531
22662973,0001,1,SUPERACAO,02,20150617,20150617,GO,1066
22665356,0001,1,,08,20150917,20150617,SP,6713
22666521,0001,1,FIRE FIT ACADEMIA,02,20240103,20150617,MS,9051
22666900,0001,1,FREIRE PERFORMANCE & HEALTH: TREINAMENTO INDIVIDUAL,04,20210310,20150617,SP,6847
22667086,0001,1,,08,20180117,20150617,PR,7587
22672639,0001,1,MEGA MUSCLE GYM,02,20150618,20150618,SP,7183
22678073,0001,1,ACADEMIA TRANSFORMERS,04,20231116,20150618,BA,3417
22679586,0001,1,ACADEMIA SPARTA BOXE,04,20210422,20150618,BA,3513
22682144,0001,1,,08,20180316,20150619,SP,7057
22682877,0001,1,,08,20150804,20150619,SP,6715
13310874,0002,2,,04,20210419,20150618,SP,6639
22687308,0001,1,FORCA FISICA ACADEMIA,04,20190116,20150619,AC,0139
22692000,0001,1,GOOD LIVE ASSESSORIA ESPORTIVA,08,20170214,20150622,SP,7107
22692988,0001,1,STUDIO VIVA PILATES,08,20220819,20150622,PR,7535
22695960,0001,1,INSPIRE PAULISTA,04,20260605,20150622,SP,7107
22698547,0001,1,,02,20150622,20150622,SP,7079
22701325,0001,1,STEEL GIANTS,08,20250924,20150304,PR,7535
22703212,0001,1,ESPACO FITNESS,08,20180308,20150623,MG,4123
22709084,0001,1,,02,20150623,20150623,SC,8105
22709730,0001,1,THIEROLEN,04,20220128,20150623,MS,9051
22710761,0001,1,ACADEMIA MOVIMENTO E SAUDE,08,20190911,20150624,SC,5737
22714930,0001,1,MSFITNESS,08,20170809,20150624,DF,9701
22717892,0001,1,TRILHA ASSESSORIA ESPORTIVA,08,20210222,20150624,CE,1389
22718911,0001,1,RMONTREZOR,08,20210213,20150624,RJ,6001
22723041,0001,1,STUDIO FITNESS,04,20210330,20150625,MG,4633
22725754,0001,1,ACADEMIA FISIO KORPUS,08,20190325,20150625,PB,2007
22728122,0001,1,PS PERSONAL TRAINER,08,20210706,20150625,RJ,6001
22729054,0001,1,K-SPORT FITNESS,04,20240821,20150626,PA,0447
22729436,0001,1,,08,20181116,20150626,SC,8123
22733205,0001,1,,04,20210319,20150618,RJ,5813
22733468,0001,1,HB STUDIO FORMA,08,20250808,20150623,SC,8105
22733784,0001,1,GDBS ENGENHARIA E ARQUITETURA - STUDIO DE PILATES ANIMU,02,20150625,20150625,RS,8725
22737133,0001,1,,08,20160430,20150627,RJ,6001
22737501,0001,1,CJ PERSONAL TRAINER,02,20230911,20150628,SP,7107
22737599,0001,1,,04,20210426,20150628,AL,2785
22270737,0001,1,MASSA FIT,08,20171106,20150416,PR,7513
22741385,0001,1,DIFERENT'S,08,20171027,20150629,SP,6589
22750929,0001,1,,08,20171218,20150630,SC,8357
22756445,0001,1,,08,20150724,20150630,SP,7107
22756995,0001,1,EDUARDO CABRAL DE MIGUEL,08,20240619,20150630,RJ,6001
22758903,0001,1,,08,20170912,20150701,RS,8755
22760939,0001,1,PROFESSORA JANE,08,20210531,20150701,BA,3849
22762664,0001,1,,08,20150729,20150701,SP,6713
22770826,0001,1,VIVA BEM - QUALIDADE DE VIDA,08,20221103,20150702,DF,9701
22771296,0001,1,ESCOLA LUISA NATACAO E HIDROGINASTICA,04,20240827,20150702,CE,1425
22774033,0001,1,BODY4FIT ACADEMIA,08,20241021,20150702,SP,7225
22776234,0001,1,,08,20160108,20150703,BA,3569
22777644,0001,1,FITNES BOA FORMA,08,20191118,20150703,BA,3457
22777681,0001,1,,02,20150703,20150703,MG,4123
22778585,0001,1,DP TRAINER,08,20160509,20150703,SC,8233
22778786,0001,1,USINA DO CORPO,08,20211214,20150702,RS,8589
22779047,0001,1,ACADEMIA WHITE FITNESS,04,20220128,20150703,PE,2325
22780149,0001,1,JAGANU PERSONAL,08,20220715,20150703,DF,9701
22780391,0001,1,EDUARDO PEREIRA PERSONAL TRAINER,08,20190506,20150703,SC,8233
22781262,0001,1,LUI FITNESS,02,20250808,20150703,BA,3849
22783276,0001,1,PERFORMANCE TRAINING,08,20151221,20150703,RJ,5813
22784118,0001,1,CAROLINE DOMINGOS,08,20190402,20150703,SP,7075
22784125,0001,1,FABIOLA ROSA FITNESS,08,20160302,20150704,SP,7151
22784270,0001,1,GKR FUNCTIONAL TRAINING - ACADEMIA ESPACO MULHER,04,20210319,20150704,RJ,5819
22784900,0001,1,START FUNCIONAL TRAINING,04,20210311,20150704,RJ,6001
22785615,0001,1,JO LIMA PERSONAL TRAINER,08,20180304,20150705,SC,8105
22785790,0001,1,TEAM GUILHERME PACHECO,08,20240826,20150705,RJ,5877
22786591,0001,1,JF PERSONAL TRAINER,04,20220208,20150705,PR,7505
22786773,0001,1,,08,20240424,20150706,RN,1883
22787133,0001,1,ESPACO PILATES VANESSA ALAMINO,02,20150702,20150702,SP,7099
22789740,0001,1,BODYFIT ACADEMIA,08,20201105,20150706,ES,5623
22791239,0001,1,PRO FITNESS ACADEMIA,04,20240822,20150703,RN,1697
22793128,0001,1,BRUNO MARQUES PILATES,08,20190129,20150706,CE,1389
22794062,0001,1,,04,20210310,20150706,SP,2951
22794910,0001,1,FR ASSESSORIA ESPORTIVA,08,20201008,20150706,BA,3685
22794996,0001,1,KELLYNUMBELA,08,20160419,20150706,RJ,5865
22799030,0001,1,ACADEMIA IMPERIO,08,20181128,20150707,SP,6415
22800142,0001,1,,08,20170612,20150707,CE,1447
22803749,0001,1,DIEGO OLIVEIRA PERSONAL TRAINER,08,20150818,20150707,PR,7493
22807675,0001,1,R3 ASSESSORIA,04,20210226,20150708,SP,7107
22812554,0001,1,IN VITTA PILATES,04,20220209,20150708,SP,6477
22813960,0001,1,RPSPORTS,08,20210503,20150708,SP,6131
22815969,0001,1,MOVE-SAUDE FUNCIONAL,04,20210331,20150709,MG,5427
22815995,0001,1,BIOFIT STUDIO,08,20180122,20150709,PR,7695
22817796,0001,1,CENTRO DE TREINAMENTO FISICO WORD FITNESS,08,20151007,20150709,MS,9165
22819198,0001,1,,08,20210604,20150709,CE,1415
15271814,0004,2,,02,20150710,20150710,SC,8175
22828391,0001,1,STATUS FITNESS,04,20220608,20150710,RN,1651
22831976,0001,1,STUDIO DE PILATES ELISA ADAMCZEVSKI,08,20190918,20150713,SC,5555
22832541,0001,1,ANTONELLI FITNESS,08,20150810,20150713,PR,5453
22833168,0001,1,AMARILDO FUT,08,20240611,20150713,SP,2951
53301339,0002,2,,08,20221111,20150712,SP,6929
22836153,0001,1,ATIVIDADE FISICA IN LOCO,04,20220128,20150713,RS,8801
22840478,0001,1,T2 ASSESSORIA ESPORTIVA,04,20240827,20150714,CE,1389
22840492,0001,1,HP STUDIO PERSONAL,02,20150709,20150709,PA,0427
22847536,0001,1,SARA,08,20210202,20150714,RS,8599
22848124,0001,1,ROGERIA VASCONCELLOS,04,20210304,20150714,RS,8839
22848893,0001,1,,04,20180904,20150714,GO,9373
22850166,0001,1,ATHOS ACADEMIA,02,20150715,20150715,SE,3141
22851178,0001,1,ESPACO HEELLUS,02,20210708,20150715,ES,5625
22852720,0001,1,,04,20210311,20150715,RJ,6001
22854714,0001,1,,08,20160608,20150715,MG,4865
22855145,0001,1,ACADEMIA SAUDE E FORMA,02,20150715,20150715,PE,2549
22856285,0001,1,,04,20260515,20150715,BA,3651
22856460,0001,1,,08,20210806,20150715,RN,1601
22856714,0001,1,ALMEIDA JUNIOR,08,20211227,20150715,SP,6979
22865427,0001,1,,04,20231124,20150716,SP,6415
22865765,0001,1,,08,20210630,20150716,PR,7691
22867007,0001,1,OFC - OFICINA DE CAMPEOES,08,20200619,20150716,MT,9067
22868371,0001,1,,08,20170509,20150715,RS,8877
22869278,0001,1,PILATES TATIANE MARINO,08,20200812,20150715,DF,9701
22869363,0001,1,,08,20191221,20150715,PR,9983
22870672,0001,1,JU BERNARDINO,08,20251023,20150717,SP,6687
22872098,0001,1,BY FITNESS,08,20160831,20150716,RJ,5865
22873513,0001,1,,04,20260515,20150716,SC,8179
22873737,0001,1,BARRA FITNESS ACADEMIA,08,20181228,20150717,MG,4303
22874891,0001,1,SMART FIT VARZEA GRANDE,02,20150716,20150716,MT,9167
22876407,0001,1,MARCELLO LARANJA MUAY THAI ITAIPUACU FIGHTER C.T,04,20260522,20150718,RJ,5853
22876563,0001,1,LIONS JUDA,02,20150718,20150718,RJ,6001
22877729,0001,1,GRAZIELA BERLANDA,08,20180219,20150719,RS,8801
22878302,0001,1,NETTOFITNESS,08,20200619,20150719,BA,3661
22878513,0001,1,PSMATRONE,08,20180622,20150719,SP,7107
22880883,0001,1,AT ACADEMIA,08,20181023,20150720,CE,1411
22884105,0001,1,,08,20210629,20150720,PI,1115
22888114,0001,1,SAMARA,08,20180326,20150720,RJ,5819
22888973,0001,1,ACADEMIA MG FITNESS,04,20181026,20150720,CE,1389
22890084,0001,1,,08,20210212,20150721,PR,7667
22893080,0001,1,,02,20211018,20150721,RJ,1116
22895811,0001,1,,08,20210722,20150721,RS,8801
22896403,0001,1,,08,20210722,20150721,RS,8801
22896659,0001,1,THERA - MUSCULACAO TERAPEUTICA SUPERVISIONADA,02,20150721,20150721,SP,6291
22896828,0001,1,VO2 MAXIMO ACESSORIA ESPORTIVA,08,20190131,20150721,RS,8801
22903615,0001,1,FB BARBOSA SPORTS,08,20160524,20150722,RJ,6001
22910880,0001,1,LABOR FITNESS,08,20160718,20150723,BA,3849
22911153,0001,1,PROFIT SPORTS,08,20210527,20150723,BA,3573
22915644,0001,1,CORPORALI - SAUDE E BEM ESTAR,08,20150916,20150723,PE,2549
22916171,0001,1,FITNESS HOUSE,02,20150723,20150723,MG,4123
22838785,0002,2,INNOVARE STUDIO PILATES,08,20161028,20150713,MG,4123
22920863,0001,1,K FITNESS,08,20201001,20150724,CE,1575
22921201,0001,1,,08,20210226,20150724,PR,7535
05904367,0002,2,COMUNIDADE HALLEY SHOW,08,20160422,20150724,BA,3849
22925082,0001,1,STUDIO FEMININO DE GINASTICA CAROL CANDEA,08,20151022,20150724,SP,7243
22926773,0001,1,JW FITNESS,04,20210416,20150725,MG,4123
22934330,0001,1,CA LEITE PERSONAL,08,20150922,20150727,SP,7145
22940729,0001,1,ESTUDIO PILATES PAULA CAMPOS,08,20160707,20150728,SP,6897
21653060,0001,1,JP SPORTS,08,20180201,20150109,SP,6313
22951174,0001,1,NEW FITNESS ACADEMIA,04,20220128,20150729,GO,9577
22952247,0001,1,,08,20221122,20150728,SC,8179
22956295,0001,1,ACADEMIA OFICINA DO CORPO,08,20190214,20150730,SP,6815
22960880,0001,1,RN - TREINAMENTOS ESPORTIVOS,08,20160822,20150730,SP,6155
22966560,0001,1,XPORT CLUB,02,20190626,20150612,RJ,6001
22968162,0001,1,,08,20180103,20150731,MG,4903
22969172,0001,1,,08,20200703,20150731,SP,6875
22969980,0001,1,,08,20170731,20150731,SP,6425
22974044,0001,1,CYNARA ARAUJO PERSONAL TRAINER,08,20170305,20150802,RN,1761
22976110,0001,1,ACADEMIA FIT SAUDE,04,20210422,20150803,BA,3389
22977719,0001,1,ACADEMIA FLY FITNESS,08,20210422,20150731,GO,9373
22978769,0001,1,FG FITNESS,08,20160415,20150803,SP,7075
22979048,0001,1,ACADEMIA GERAFITNESS,02,20150803,20150803,PE,2399
22979234,0001,1,,04,20210203,20150803,SP,6219
22979524,0001,1,BOX - 83,08,20190729,20150803,SP,6271
22981428,0001,1,J. SILVEIRA FITNESS,08,20170427,20150803,RS,8651
19092814,0002,2,,08,20181122,20150803,RS,8791
22984191,0001,1,ALVES VIEIRA EDUCADORA FISICA,08,20171023,20150803,MG,4107
22986712,0001,1,NUTRIFIT,08,20151112,20150804,PA,0427
22987039,0001,1,ACADEMIA EVOLUCAO,08,20151021,20150804,TO,9733
22988396,0001,1,,08,20160223,20150804,PE,2491
22988839,0001,1,PIRES CONSULTORIA,08,20150823,20150804,DF,9701
22989330,0001,1,,08,20190321,20150804,ES,5703
23000964,0001,1,,08,20230628,20150805,SP,6531
23001164,0001,1,PRIMEIRA OPCAO ACADEMIA E FITNESS,08,20151020,20150805,SP,6921
23001765,0001,1,,08,20150903,20150805,BA,3849
23001835,0001,1,ACADEMIA SPACO SAUDE,08,20200602,20150805,MG,4903
23010298,0001,1,JARBAS MASCARENHAS JUNIOR,04,20210311,20150806,RJ,6001
23011727,0001,1,STILLO,08,20160531,20150806,SP,7107
23014240,0001,1,WANDERSON SILVA,08,20171205,20150807,BA,3597
23016818,0001,1,STUDIO VO2 MAX,02,20240323,20150807,SP,7157
23017537,0001,1,KOBISKI ASSESSORIA ESPORTIVA,08,20220408,20150807,PR,7535
23018404,0001,1,BE HAPPY GYM,02,20150807,20150807,SP,6115
23021608,0001,1,,04,20210225,20150808,RS,8915
23025096,0001,1,ACADEMIA BIO FITNESS,08,20190128,20150810,RS,8695
23025603,0001,1,BEM ESTAR ACADEMIA FEMININA,04,20260515,20150810,CE,1555
21505170,0002,2,JOCATI FITNESS,08,20161222,20150810,PR,0874
23035676,0001,1,BEM STAR STUDIO DE PILATES,08,20210208,20150811,MG,4123
23039691,0001,1,CT TEAM LOBO,08,20180815,20150811,CE,1433
23041697,0001,1,,08,20150911,20150811,SP,7107
10826074,0002,2,,08,20180123,20150805,SE,3247
23043873,0001,1,BEST GYM,04,20220105,20150812,CE,1389
23044220,0001,1,ACADEMIA 4FIT,04,20231108,20150811,GO,9595
23047297,0001,1,,08,20160122,20150812,SP,6163
23053612,0001,1,ESPACO FITNESS,04,20210309,20150813,PR,7719
23057443,0001,1,,04,20210309,20150813,PR,7667
23058486,0001,1,CENTRO DE TREINAMENTO DE LUTA UNIVERSE KOMBAT,08,20220624,20150813,PA,0427
23058909,0001,1,M A FITNESS,04,20181107,20150813,RN,1837
23060540,0001,1,,08,20240502,20150813,MG,4865
23062802,0001,1,PHYSICAL FITNESS,04,20201029,20150814,MG,4123
23065503,0001,1,CLUBE DE BOXE BUTIA-RS,08,20181227,20150814,RS,8553
23065889,0001,1,PEDRO NETO PERSONAL,08,20181119,20150814,PB,1981
23067115,0001,1,,08,20230929,20150814,SP,6731
23067746,0001,1,ACADEMIA DEFINICAO,04,20210219,20150814,PA,0587
23072251,0001,1,"DIAS DE LAZER- QUALIDADE DE VIDA, SAUDE E BEM ESTAR",08,20170109,20150816,BA,3849
23072402,0001,1,ACADEMIA BRASIL PHYSICAL,08,20200727,20150816,CE,1373
23072749,0001,1,STUDIO GUSTAVO CHICRALLA,02,20150816,20150816,RJ,5865
23074789,0001,1,BRUNO COLVARA - PILATES E GINASTICA MEDICA,08,20190514,20150817,RS,8879
23077260,0001,1,DILL TREINAMENTO FISICO,04,20210225,20150817,RS,8801
23078760,0001,1,FIGHT & FITNESS,08,20150914,20150817,CE,1253
23084979,0001,1,,02,20150818,20150818,SC,8083
23085398,0001,1,VIP FITNES ACADEMIA,08,20180719,20150818,PI,1167
08625124,0002,2,VISAO FITNESS,08,20160222,20150818,SP,7107
23088570,0001,1,DJANTENIS,08,20210623,20150818,SC,8061
23091046,0001,1,,04,20220208,20150818,PR,7535
23093455,0001,1,ESPACO FITNESS,02,20150819,20150819,CE,1343
23097193,0001,1,,04,20220208,20150819,CE,1389
23098701,0001,1,CULTIVE - VIDA E SAUDE,08,20190930,20150819,RN,1761
23105512,0001,1,PACHAMAMA SPA,02,20150820,20150820,RJ,6001
23105677,0001,1,ACADEMIA CORPO EM MOVIMENTO,04,20260521,20150820,MA,0853
23111534,0001,1,FERNANDO CARLOS BONATTO,08,20160510,20150821,SP,6219
23115440,0001,1,BETO RENNO,04,20210226,20150821,SP,7107
23118234,0001,1,CINTIA PERSONAL TRAINER,02,20150823,20150823,MG,5155
23119581,0001,1,MARCIO VIANA MORAES,08,20180326,20150824,SP,6979
23121047,0001,1,LK FUNCIONAL,02,20150824,20150824,ES,5645
23128124,0001,1,,08,20221007,20150824,RS,8855
23131542,0001,1,MOTUS VITAE,04,20210409,20150825,MA,0937
23141295,0001,1,CORE PILATES,08,20170329,20150825,PB,2051
23145437,0001,1,LAPORTEPERSONAL,04,20210210,20150825,DF,9701
23145948,0001,1,RMFIT ACADEMIA,08,20170821,20150826,SP,6789
23147235,0001,1,CENTRO DE CONDICIONAMENTO FISICO DE ALPESTRE,08,20220224,20150826,RS,8509
23147626,0001,1,CLARA ACADEMIA,04,20210219,20150825,PA,0427
23147707,0001,1,,08,20210223,20150825,RS,8839
23149433,0001,1,,04,20210226,20150826,SP,7107
23152012,0001,1,RITCROSS,02,20260525,20150826,MT,9937
23155240,0001,1,MSF,08,20210112,20150826,SP,7107
23155551,0001,1,SANDRO CRUZ ASSESSORIA FITNESS,08,20190208,20150826,DF,9701
23158341,0001,1,CAMILLA AZEVEDO,08,20210112,20150827,PB,2051
23160037,0001,1,JP PERSONAL TRAINER,08,20220902,20150827,SP,7107
23160903,0001,1,GREICE DIAS TREINAMENTO FISICO E FUNCIONAL,04,20210225,20150827,RS,8683
23161440,0001,1,ILZAFITNESS,04,20220208,20150827,RJ,5869
23164736,0001,1,,08,20150921,20150827,RJ,6001
23167350,0001,1,NATHALIA OLIVEIRA,08,20161222,20150828,CE,1389
23168926,0001,1,BRAZILIAN FITNESS,08,20250722,20150828,SP,6969
23171484,0001,1,,08,20151002,20150828,SP,2965
23174061,0001,1,PERSONALSILVIOTEIXEIRA,04,20210325,20150829,RJ,5833
23175338,0001,1,BARONE PERSONAL,08,20240119,20150830,SP,7107
23175570,0001,1,STUDIO PAULO LOPEZ,02,20251211,20150830,SP,6603
23180168,0001,1,,02,20210818,20150827,RJ,6001
23181578,0001,1,UNA - NUTRICAO E TREINAMENTO FISICO,04,20210224,20150831,CE,1389
23182472,0001,1,,04,20210309,20150831,PR,7777
23184475,0001,1,DEIA PERSONAL,08,20180117,20150831,MG,4865
23186625,0001,1,LK STUDIO FUNCIONAL,08,20190322,20150901,RJ,6001
23187807,0001,1,LEONARDO TREINADOR PESSOAL,08,20151027,20150901,GO,9625
23192738,0001,1,XTREME FITNESS,08,20181213,20150901,SC,8047
23200031,0001,1,,02,20150901,20150901,RS,8801
23203304,0001,1,STUDIO BRUNO DORNAS,08,20190226,20150902,MG,4123
23203497,0001,1,OPTIMUS TRAINING,08,20250415,20150902,SP,7107
14276816,0001,1,,08,20191202,20110615,SP,7107
23204797,0001,1,MOVING! ASSESSORIA ESPORTIVA E LAZER,08,20190215,20150902,SP,7157
23205754,0001,1,RCA FITNESS COMERCIO E SERVICOS,08,20180510,20150903,SE,3105
23207595,0001,1,ACADEMIA FENIX,02,20150903,20150903,MS,0159
23209625,0001,1,PUMPING IRON GYM,04,20210408,20150725,RJ,5885
23215945,0001,1,,08,20160311,20150904,SP,6189
23216130,0001,1,FISIO ERGOESP CONSULTORIA,02,20150902,20150902,SP,7099
23219820,0001,1,SAUDE E BEM ESTAR,08,20170512,20150904,ES,5615
23220276,0001,1,PERSONALDRI,04,20190227,20150904,SP,6477
23222146,0001,1,VOBIS,08,20160214,20150904,MG,4445
23222156,0001,1,,04,20240821,20150904,CE,1419
23227105,0001,1,ENERGY FIT ACADEMIA,08,20170830,20150908,AL,2785
00318069,0012,2,BIORITMO,08,20211213,20150908,SP,7107
23230391,0001,1,,08,20180124,20150908,SP,7197
23231023,0001,1,ACADEMIA CROSSFIT,02,20150908,20150908,SP,6217
23231752,0001,1,JEANE PERSONAL,08,20201013,20150908,BA,3313
23235043,0001,1,BOTECCHIA TRAINER,08,20250423,20150909,SP,6239
23235528,0001,1,,08,20220217,20150908,MA,0727
23237444,0001,1,,08,20190204,20150909,SP,6293
23237862,0001,1,MOMENTO FITNESS,04,20260519,20150908,RS,8683
23241585,0001,1,ACADEMIA PRISMA,08,20170117,20150909,PR,7563
23243060,0001,1,HM TREINAMENTO FUNCIONAL,08,20150909,20150909,DF,9701
23246262,0001,1,PHORTE ACADEMIA,08,20180810,20150910,SP,6213
23247791,0001,1,ACADEMIA PROJETO A,08,20210219,20150909,SP,7107
23254625,0001,1,CINTRA MED,02,20150911,20150911,SP,7107
23255622,0001,1,LIFE PERSONAL TRAINER & PILATES,08,20210504,20150911,RJ,5915
23255645,0001,1,,08,20190515,20150911,SP,6249
23257356,0001,1,FIT 30 PERFORMANCE,02,20150911,20150911,SP,6449
23259258,0001,1,BENVITTA,02,20230119,20150911,SP,6131
23264866,0001,1,,08,20160222,20150914,RS,8801
23266421,0001,1,O CACADOR DE SONHOS,02,20150914,20150914,SP,7107
21987014,0001,1,PROJETO FORMACAO DE BASE,08,20200206,20150305,PR,7513
23272210,0001,1,STUDIO CORPORE SANO,04,20210223,20150915,AM,0255
23196814,0003,2,,08,20160404,20150914,RJ,5897
19237590,0002,2,,02,20150828,20150828,MG,5133
23275537,0001,1,,04,20210226,20150915,SP,7107
23275734,0001,1,NOGUEIRA FITNESS,08,20211119,20150915,AM,0255
23275961,0001,1,A.S.ACADEMIA TREINAR,08,20171222,20150915,MT,0103
23060162,0002,2,M FITNESS,08,20211022,20150915,RN,1761
23281252,0001,1,ESTILO SAUDE PERSONAL TRAINER,02,20150915,20150915,DF,9701
23289403,0001,1,PA-KUA CAMPOS NOVOS,08,20200618,20150916,SC,8069
17983146,0002,2,,08,20160406,20150916,MG,4069
23291060,0001,1,ESTUDIO POWER FITNESS,02,20150916,20150916,MG,4733
23291631,0001,1,ACADEMIA CORPO EM ACAO,08,20190111,20150917,SP,3057
23301276,0001,1,CLINICA ESPACO CORPO E SAUDE,02,20150916,20150916,MT,9025
23302874,0001,1,MAIS FITNESS,02,20150918,20150918,SE,3105
23303788,0001,1,RD FIGHT FITNESS,02,20150918,20150918,SP,6639
23303916,0001,1,CORE PILATES,08,20180228,20150918,RS,8687
23307063,0001,1,OFICINA DO CORPO,04,20260519,20150918,RS,8599
23308438,0001,1,ACADEMIA PERFORMANCE NUCLEO DE SAUDE E LAZER II,04,20210413,20150919,MG,4541
23309835,0001,1,WERNECK CONSULTORIA E TREINAMENTO PERSONALIZADO,08,20161023,20150920,MG,5155
23312866,0001,1,DVD PERSONAL PRIME,04,20210407,20150921,BA,3849
23314881,0001,1,,08,20180606,20150921,SP,6181
23316439,0001,1,CLARIS FITTNES,02,20150921,20150921,SP,7213
23317278,0001,1,RENATA CARVALHO,02,20220215,20150921,SP,7107
23318308,0001,1,,02,20150922,20150922,SP,7057
23318392,0001,1,2BEFIT ACADEMIA LTDA,08,20191108,20150922,AL,2785
23318427,0001,1,DRAGON RED,04,20190402,20150922,MG,4813
23319086,0001,1,CORE INTELIGENCIA ESPORTIVA,02,20150922,20150922,PR,7667
23322774,0001,1,,08,20180910,20150922,SP,7093
23327702,0001,1,,08,20151008,20150923,SP,6131
23329401,0001,1,ASSOCIACAO DE ARTES MARCIAIS TEAM FERNANDES,04,20210212,20150923,GO,9373
23330290,0001,1,,08,20161016,20150923,RJ,6001
23334445,0001,1,GOLDEN TEAM,08,20170206,20150923,RS,8801
23334791,0001,1,MANU,04,20210416,20150923,SE,3105
23336093,0001,1,TEAM RODRIGUES,08,20230728,20150923,RJ,6001
10500079,0003,2,ACADEMIA PHYSICAL CENTER,02,20150924,20150924,AP,0605
23339428,0001,1,XTRAINER SAUDE,02,20150904,20150904,RJ,6001
23339634,0001,1,,02,20220310,20150924,SP,6975
23343467,0001,1,EDINHO PERSONAL,04,20210318,20150924,SC,8367
23348875,0001,1,ESPACO HARMINIE,08,20180817,20150925,CE,1389
23349042,0001,1,,08,20160503,20150925,RJ,6001
23350900,0001,1,,08,20210104,20150916,RJ,2909
23352755,0001,1,,08,20160901,20150925,MS,9051
23353151,0001,1,D' ELAS FITNESS E MUSCULACAO,02,20150925,20150925,SP,6313
23353574,0001,1,,04,20210224,20150925,RR,0301
23354592,0001,1,FREITAS TRAINING,08,20160225,20150925,RS,8815
23356437,0001,1,,08,20180124,20150927,SC,8105
22330784,0001,1,,08,20160607,20150427,PB,2051
23360564,0001,1,JOAO PAULO DE HOLANDA LIMA -MEI,08,20151124,20150928,CE,1389
23366561,0001,1,MONSTERGYM,08,20200403,20150928,RJ,5897
23367672,0001,1,VIDA PLENA SET,02,20260609,20150929,RJ,6001
23371621,0001,1,MAX FITNESS,02,20150929,20150929,MG,4683
23372595,0001,1,ACADEMIA SPORT FITNESS,02,20150929,20150929,MG,4245
23376472,0001,1,COACH FELIPE SEIXAS,04,20220208,20150929,DF,9701
23378168,0001,1,FERNANDA DE GREGORI FISIOTERAPEUTA,08,20150930,20150930,RS,8841
23381161,0001,1,EDUCAR E CRESCER,08,20160222,20150930,MG,4123
23382027,0001,1,,04,20220209,20150930,SP,7167
23382809,0001,1,SOUZA FITNESS,02,20150930,20150930,BA,3533
23382873,0001,1,START RUNNERS,08,20181004,20150930,SC,8327
23383275,0001,1,RGT RG TENIS,02,20220209,20150930,SC,8105
23387982,0001,1,FAST FIT,02,20151001,20151001,PA,0427
23392201,0001,1,,08,20160610,20151001,SP,7175
23394774,0001,1,ZORZAN BEST LIFE,08,20151103,20151001,MG,4625
23394975,0001,1,,08,20220128,20151001,RJ,6001
23397287,0001,1,TGF ASSESSORIA ESPORTIVA,08,20161122,20151002,SC,8367
15915601,0001,1,CASA DE PILATES,08,20151001,20120703,RS,8801
23400981,0001,1,PERSONAL TRAINER,02,20151002,20151002,AM,0255
23404203,0001,1,RODRIGO JOEL ATIVIDADE FISICA PERSONALIZADA,08,20210524,20151003,SP,2951
23404793,0001,1,FBA,02,20210625,20151004,RJ,6001
23413031,0001,1,RC TRAINER,04,20260519,20151005,PR,7535
23417150,0001,1,MARCONI RIBEIRO TREINAMENTO MULTIESPORTIVO,08,20160629,20151006,DF,9701
23417459,0001,1,CAVERNA,02,20151006,20151006,BA,3941
23422008,0001,1,RICARDO LELIS,08,20171029,20151006,SP,7107
23425216,0001,1,,08,20161024,20151006,RJ,6001
23425245,0001,1,ESTUDIO FPK,02,20151006,20151006,DF,9701
23429559,0001,1,,04,20210223,20151007,AM,0255
23431614,0001,1,,08,20180830,20151006,RS,8801
23432261,0001,1,MASTER FITNESS,08,20190311,20151007,RS,8785
23437523,0001,1,SAKATA CONSULTORIA EM LUTA,04,20210415,20151008,SP,6969
23437780,0001,1,,02,20151008,20151008,PR,7691
23439004,0001,1,CT GABRIEL URBANO,08,20170209,20151008,SP,6969
23439215,0001,1,EQUIPE CORRENDO NO MUNDO,02,20151007,20151007,SP,7151
23441788,0001,1,EVERTON COSTA,08,20151221,20151008,RJ,5837
23443820,0001,1,,02,20240207,20151008,ES,5703
23446187,0001,1,G-FORCE FITNESS,02,20151009,20151009,SP,7197
23446482,0001,1,LYNX FITNESS,08,20170726,20151008,SP,6589
23448086,0001,1,CORPORE,08,20230615,20151009,ES,5659
23453130,0001,1,DAVID MENANI QUALIDADE DE VIDA,08,20180822,20151012,SP,7107
23453949,0001,1,MB ESPORTES & SERVICOS,04,20260528,20151012,RJ,6001
22312082,0001,1,CERRADO CROSSFIT,04,20210210,20150423,DF,9701
23465238,0001,1,,08,20151022,20151014,PB,2051
23465430,0001,1,KINGDOM,08,20230301,20150917,RJ,5847
23467412,0001,1,IMPERIO FITNESS,08,20151110,20151014,MG,4885
23471362,0001,1,STUDIO PILATES ANDREA GOMES,08,20210510,20151014,SP,7121
23472493,0001,1,ACADEMIX SAUDE E DANCING,08,20240308,20151015,PA,0427
23472892,0001,1,LION TREINAMENTOS,04,20220208,20151015,PR,7535
23472916,0001,1,,02,20151013,20151013,SP,7107
23473624,0001,1,,08,20200113,20151015,PR,7825
23475057,0001,1,DANSPORTS,08,20151105,20151015,RJ,6001
23475934,0001,1,,08,20200122,20151015,SP,6595
23476425,0001,1,ROBERTO MELO - PERSONAL TRAINER,02,20151015,20151015,RJ,6001
23476888,0001,1,VINICIUS M. SCHUCH,08,20160922,20151015,RS,8791
23478093,0001,1,MARGOT SHALDERS,08,20210716,20151015,DF,9701
23483416,0001,1,VILLA SPORT,08,20190508,20151016,MG,5249
19695206,0001,1,ACADEMIA JUNIOR,04,20220609,20140211,SP,6429
23495370,0001,1,MARILDA OLIVEIRA,04,20210330,20151019,MG,4249
23497549,0001,1,STUDIO VIDA,04,20210304,20151019,RS,8777
23498963,0001,1,PILATES CLASS,08,20160921,20151019,DF,9701
23499408,0001,1,PEDRO BUNI TREINAMENTO PERSONALIZADO,08,20180212,20151020,SP,6875
23501151,0001,1,ACADEMIA DA PRACA,08,20250905,20151020,BA,3495
23506632,0001,1,MIX FITNESS ACADEMIA,08,20200831,20151015,CE,1389
23509568,0001,1,CHARIF TARRAF JUNIOR,04,20220208,20151021,SP,7097
23510796,0001,1,,04,20210407,20151021,BA,3849
23512972,0001,1,,02,20151021,20151021,SP,7075
23512997,0001,1,GCFIT,08,20180121,20151021,PE,2457
23514272,0001,1,STUDIO 5,02,20151021,20151021,SP,7077
23514361,0001,1,,08,20200317,20151021,MG,4799
23517445,0001,1,VINICIUS DE MEIRA LIMA GESTEIRA,08,20171218,20151021,DF,9701
23517479,0001,1,MX ESPORTES,08,20161011,20151021,SP,6589
23518371,0001,1,,08,20181204,20151022,SP,7245
23520996,0001,1,ACADEMIA MOVIMENTO FITNESS,02,20151022,20151022,BA,3777
23521265,0001,1,STUDIO PRIME,08,20160512,20151022,BA,3849
23521952,0001,1,ABB,04,20181204,20151022,BA,3593
23522772,0001,1,MAIS FIT FITNESS CENTER,08,20210318,20151022,PA,0595
23523349,0001,1,ACADEMIA CORPORE,02,20151022,20151022,RO,0009
23527936,0001,1,ASSOCIACAO ESPORTIVA BETO & CIA JJ,04,20231027,20151023,MG,4123
23528004,0001,1,ESPACO SAUDE,08,20211216,20151023,PB,2117
23528757,0001,1,,04,20210212,20151023,GO,9373
23531263,0001,1,FITNESS BY JACIRA,08,20191106,20151023,SP,7191
22347353,0001,1,EASY TEAM- TREINAMENTO FUNCIONAL,04,20210409,20150429,PE,2491
23534633,0001,1,EDUTOPTEAM,08,20220422,20151024,AL,2785
23536511,0001,1,CK FITNESS LIFE,08,20170223,20151025,RJ,5865
23538842,0001,1,ACADEMIA CORPO EQUILIBRIO,08,20240809,20151026,MA,0240
23540320,0001,1,CARLOS MARTINS PERSONAL TRAINER,08,20210225,20151026,SP,6969
23541239,0001,1,RT3 ACADEMIA,08,20250809,20151026,MS,9051
23541651,0001,1,ACADEMIA AGUIA FITNESS,02,20151026,20151026,MG,4715
08999459,0002,2,ACADEMIA SAUDE & CIA,08,20230605,20151026,SP,6215
23544280,0001,1,,08,20160415,20151026,SP,7107
23545132,0001,1,BEST LIFE ASSESSORIA ESPORTIVA,08,20181125,20151026,SP,7107
23547448,0001,1,CASSINHA,08,20151103,20151027,PR,7535
23548961,0001,1,ACADEMIA FERA,08,20190527,20151027,RS,8877
22306605,0001,1,TONUS,08,20221228,20150423,CE,1389
23555073,0001,1,KAIVALYA YOGA,08,20180309,20151027,SP,6165
23556299,0001,1,EFIT ACADEMIA,02,20151028,20151028,GO,9581
23568372,0001,1,,08,20160808,20151029,SP,6219
23570753,0001,1,FLECHA CROSSFIT,02,20151029,20151029,RJ,6001
23574839,0001,1,ZION ESCALADA,08,20190912,20151030,MS,9051
23576240,0001,1,CTA,02,20250805,20151030,SP,6291
23576411,0001,1,EDUARDO GUIMARAES,08,20170120,20151030,DF,9701
23580448,0001,1,DRSPORT,08,20160715,20151101,MG,4485
23587337,0001,1,BODY SCHOOL,08,20170719,20151103,RS,8681
23587946,0001,1,INVICTUS FITNESS,08,20180322,20151103,SP,7107
23589077,0001,1,ACQUA FITNESS E CIA.,04,20210407,20151103,BA,3849
23589543,0001,1,,08,20151126,20151103,SP,7145
23590111,0001,1,AEROFITNESS,08,20161214,20151103,GO,9427
23594635,0001,1,CENTRAL FITNESS,04,20210316,20151104,RJ,5865
23595577,0001,1,,08,20170505,20151104,SP,7107
23596908,0001,1,H C FITNESS ACADEMIA,02,20151104,20151104,MA,0701
23599711,0001,1,ALINEEJORGE,04,20210311,20151104,RJ,6001
23600690,0001,1,ATIVOS,08,20250102,20151104,SP,7057
22137703,0001,1,SMART FIT,02,20150325,20150325,DF,9701
23605268,0001,1,,02,20151105,20151105,SC,9989
22556611,0001,1,SUHH MELO STUDIO FITNESS,08,20151105,20150529,GO,9373
23606788,0001,1,,08,20170720,20151105,SP,6969
23610530,0001,1,ACADEMIA COLISEU,04,20210330,20151106,MG,5343
23611193,0001,1,TRIBO FITNESS CERQUILHO,02,20151106,20151106,SP,6331
23618191,0001,1,,08,20170615,20151107,SP,6875
23619567,0001,1,OM PILATES STUDIO,04,20210415,20151108,SP,7145
23620052,0001,1,,04,20210316,20151108,RJ,6001
23622446,0001,1,INSTITUTO WUSHENTAO DE ARTES MARCIAIS,08,20170117,20151109,PA,0415
22455538,0001,1,ACADEMIA SHURY-KAN DE ARTES MARCIAIS,02,20230906,20150515,DF,9701
23625246,0001,1,BIO TOTAL 5 ACADEMIA,02,20151109,20151109,SP,7227
23630014,0001,1,ERIKA ROSSI PERSONAL,08,20230721,20151110,SP,7107
23630040,0001,1,,08,20210205,20151110,SP,7107
23631586,0001,1,FISIOART PILATES,04,20210319,20151110,RJ,5803
23631801,0001,1,,08,20210917,20151110,RJ,5921
23634098,0001,1,ESPACO PILATES,02,20151110,20151110,SP,6425
23636223,0001,1,RCW STUDIO FITNESS,02,20151110,20151110,SC,8047
23636623,0001,1,J N M ACADEMIA,04,20181024,20151110,RJ,5869
23638763,0001,1,FERNANDO FRESQUASH,04,20210311,20151110,RJ,6001
23640497,0001,1,MARCOS SAMPAIO,08,20170630,20151111,SP,7181
23643579,0001,1,ACADEMIA SEM LIMITES,02,20151110,20151110,SC,8319
23644468,0001,1,FISIO CORPUS PILATES,04,20210209,20151111,ES,5705
23649781,0001,1,DYEGO PERSONAL TRAINER,08,20160412,20151112,PE,2323
23649978,0001,1,,02,20151112,20151112,PR,7493
23653354,0001,1,PROJETO VIDA ACADEMIA & PERSONAL TRAINER,02,20151112,20151112,MG,4647
23653622,0001,1,ACAYO TEAM,04,20210426,20151112,BA,3515
23654998,0001,1,ESTILO DE VIDA,08,20161220,20151112,RS,8445
23656826,0001,1,PERSONAL RODRIGO YAKABE,08,20180125,20151112,MT,8993
23661177,0001,1,IFIT ACADEMIA,08,20170310,20151113,SP,7075
23669988,0001,1,MADRE TIERRA,08,20171228,20151116,SP,6251
23675043,0001,1,MATRIX GYM,02,20151116,20151116,MG,4743
23679037,0001,1,ESTUDIO RP,08,20170926,20151117,MS,9051
23679325,0001,1,FITNESS GOLD,02,20151117,20151117,TO,9733
23683514,0001,1,BRUTAL FACTORY GYM,02,20151117,20151117,PR,7505
23688135,0001,1,,02,20151116,20151116,SP,7107
23691081,0001,1,BRUNA ALONSO,08,20241122,20151118,SP,6969
15648351,0003,2,ACADEMIA MOVIMENTO AVENIDA SAO PAULO,02,20151118,20151118,SP,7145
23695392,0001,1,A.F.A.R. AFAR MONTE NEGRO ATTO RENDIMENTO F.C.,04,20220209,20151118,SP,6789
23695862,0001,1,FORZA - CENTRO DE TREINAMENTO FISICO,04,20260519,20151119,RS,8847
23698399,0001,1,PLAY FIT ACADEMIA,04,20231109,20151119,PB,2233
23700125,0001,1,PERFORMANCE,02,20151119,20151119,RJ,5867
23708235,0001,1,EDITION FITNESS,08,20180122,20151120,BA,3909
23709200,0001,1,ACADEMIA BEM ESTAR,04,20181127,20151121,PR,7853
23714910,0001,1,EVOLUTYON GYM,02,20151123,20151123,PR,7915
23717594,0001,1,ACADEMIA CORPO EM MOVIMENTO,02,20151123,20151123,GO,9645
23717608,0001,1,NELLY LOPES ASSESSORIA DESPORTIVA,08,20160225,20151123,PA,0415
23718338,0001,1,MOVIMENT SAUDE E BEM ESTAR,02,20151118,20151118,MT,8987
23720483,0001,1,HORA FITNESS,08,20221121,20151124,RJ,5843
23721733,0001,1,MAISACTION,04,20260526,20151123,SE,3105
23723970,0001,1,HALTER TECH,02,20230316,20151124,RJ,5839
16976306,0001,1,KRP FITNESS ACADEMIA,08,20200728,20121008,CE,1585
23732698,0001,1,UP FORCE ACADEMIA,02,20151111,20151111,SP,7107
23733557,0001,1,MOVIMENT STUDIO FITNESS,08,20160825,20151125,RN,1759
23736492,0001,1,WILLIAM ROBERTO JUCHOK RIBEIRO,08,20190429,20151125,PR,7535
23737712,0001,1,EKON STUDIO,08,20190115,20151125,SP,7079
23741031,0001,1,,02,20210925,20151126,SP,7107
23746600,0001,1,STUDIO CORPO,08,20190517,20151127,AP,0605
23748119,0001,1,ACADEMIA CORPO EM CONSTRUCAO,08,20161027,20151127,PB,0526
23750270,0001,1,,04,20210226,20151127,SP,7107
23751153,0001,1,,08,20180130,20151127,MG,5407
23751517,0001,1,R L FITNESS,08,20230323,20151127,AL,2783
23761084,0001,1,A. G. PERSONAL TRAINER,08,20200408,20151130,SP,7107
23764752,0001,1,META-MUTANTE ACADEMIA,08,20221101,20151201,PB,2087
23767729,0001,1,,02,20151201,20151201,SP,6681
23771537,0001,1,HELLEN MIRANDA,04,20210426,20151201,AL,2785
23771664,0001,1,STILLO'S NATACAO E HIDROGINASTICA,04,20210409,20151201,PE,2491
23772204,0001,1,ACADEMIA JW FITNESS,04,20210330,20151201,MG,4021
23776815,0001,1,RM TIME,04,20210324,20151202,SP,6635
23779215,0001,1,ANTONIO CARLOS DE GODOI OLIVEIRA,04,20210212,20151202,GO,9227
23787257,0001,1,CROSS FIGHT ACADEMIA,02,20151203,20151203,MG,5401
23788818,0001,1,SILMARA PEC BODY COACH,04,20231101,20151204,SC,8105
23792769,0001,1,,04,20220607,20151204,MG,4123
23795220,0001,1,LUCIANO GOMES PERSONAL,08,20220629,20151205,MG,4733
23796696,0001,1,ACADEMIA TIME RITMOS,02,20241216,20151206,SP,6551
23800927,0001,1,LIFE TEAM,08,20250306,20151207,SP,7057
23802059,0001,1,STUDIO FITNESS LEMO'S 2,08,20200520,20151207,RN,1763
23802393,0001,1,,08,20160728,20151207,RS,8587
23798555,0001,1,ESPACO ADRIANA NUNES - TREINAMENTO PERSONALIZADO,04,20210323,20151207,SC,8357
23804196,0001,1,SILVIO ESPACO FITNESS,08,20171214,20151207,MG,4079
23808760,0001,1,OLE PARTICIPACOES,04,20210310,20151208,SP,6291
09112994,0001,1,ACADEMIA K2 SPORTS,08,20181108,20070830,SP,7107
23814147,0001,1,POWER FITNESS ACADEMIA,02,20210520,20151209,MA,0727
23561108,0001,1,SLIM FIT,08,20240408,20151028,MG,5091
23823195,0001,1,KDENCE CIA DE DANCA,08,20250512,20151210,SP,2951
23823330,0001,1,SOL FITNESS,04,20210422,20151210,BA,3653
23824388,0001,1,CLINICA SOLEDADE,04,20210218,20151210,MT,9067
23827638,0001,1,,08,20161216,20151211,BA,3413
23828913,0001,1,ZEE COMPANY CENTRO DE EXERCICIO,02,20151211,20151211,SP,7077
23829191,0001,1,CORPO ATIVO FITNESS ACADEMIA,08,20220922,20151211,PA,0629
23830212,0001,1,BLACK HOUSE ASSESSORIA,08,20211022,20151211,SP,6429
23834516,0001,1,GYMBRADDOCKFITNESS &VPPAIVA SERVICES TECNICO PETRO/AGRI,02,20190409,20151214,AM,0241
23837413,0001,1,CARMELO'S RUSH TRAINING,04,20210223,20151214,AM,0255
23838422,0001,1,,04,20201023,20151214,SP,6969
23841520,0001,1,BE FUNCTIONAL,08,20240315,20151215,SP,7107
23844089,0001,1,ACADEMIA R GYM,04,20210311,20151105,RJ,6001
23844258,0001,1,ROBSON DE PAULA,08,20180326,20151215,CE,1389
23848827,0001,1,META FITNESS ACADEMIA,08,20170405,20151215,GO,1058
09206097,0001,1,ENERGYM ACADEMIA,02,20071122,20071122,SC,8105
23855179,0001,1,NIVALDO ADEGAS,08,20190127,20151216,SP,7071
23855846,0001,1,,04,20220609,20151216,RJ,5869
23857069,0001,1,,08,20180515,20151217,SP,6681
23857937,0001,1,ACADEMIA FITNESS PLAY,04,20181127,20151217,PR,7885
23859213,0001,1,ACADEMIA ALANDIA FITNESS,08,20181217,20151217,BA,3849
11931206,0001,1,,08,20151217,20100413,MG,4625
15403154,0001,1,STUDIO FITNES E PILATES CARINA MIGUEL,08,20160616,20120420,RS,8653
23873188,0001,1,THAIS REIS PERSONAL TRAINER,08,20180228,20151221,DF,9701
23881673,0001,1,FITNESS GUERRA,02,20151223,20151223,AM,0255
23885046,0001,1,STUDIO PILATES PRISCILLA PADERNI,08,20180425,20151224,RJ,6001
23885519,0001,1,JPS - CONSULTORIA,04,20210423,20151225,PE,2521
23885986,0001,1,CABO KYOKUSHIN DOJO,04,20210409,20151226,PE,2357
23886269,0001,1,AUTHENTIC STUDIO,08,20161204,20151227,SP,6717
23887040,0001,1,PRAXEDES BOXES,08,20210209,20151228,MS,9165
23889426,0001,1,IGOR SANTIAGO DE ALMEIDA,08,20160310,20151228,RJ,5865
23889681,0001,1,,04,20210331,20151228,MG,4167
23891896,0001,1,AGUIAR PERSONAL,08,20240729,20151229,MA,0921
23893421,0001,1,,08,20220323,20151230,CE,1337
23893443,0001,1,PERSONAL TRAINER KEZIA VARGAS,08,20170405,20151230,ES,5625
23896626,0001,1,MILENABONIOLO,08,20210906,20151231,SC,8179
20351260,0001,1,ACADEMIA BORYLAND EIRELI,08,20190329,20140506,MG,4123
23898023,0001,1,BRUNO LOPES ASSESSORIA ESPORTIVA,08,20160906,20160102,SP,7107
23899006,0001,1,ROBERTO LOUREIRO PEREIRA,08,20260204,20160103,RJ,5877
23900307,0001,1,STUDIO BEM ESTAR - PILATES E MUSCULACAO,08,20170106,20160104,PR,7965
23901257,0001,1,NIKOLAS FIGHT MIX,04,20210226,20160104,SP,7107
23904658,0001,1,CENTRO ATIVIDADES AQUATICAS E BEM-ESTAR JOANA ANGELICA,02,20231009,20160104,BA,3651
23808079,0001,1,E S TREINAMENTO PERSONALIZADO,08,20210531,20151208,PR,7535
23905702,0001,1,SHAOLIN DO NORTE ALVORADA,08,20210910,20160104,RS,8511
23906941,0001,1,,08,20160228,20160105,SP,7107
14207838,0001,1,ACADEMIA TOP 10 LTDA ME,04,20201022,20110824,DF,9701
23907978,0001,1,CORPUS FIT CENTRO DE TREINAMENTO E DANCA,08,20200810,20160105,MT,0121
23908538,0001,1,ROBSON OLIVEIRA PERSONAL TRAINER,08,20160629,20160105,SP,6213
23908731,0001,1,MONICA MULLER,08,20170303,20160105,RJ,5813
23911137,0001,1,,08,20180301,20160105,MG,4733
23911311,0001,1,ACADEMIA DE DANCA ARTE MOVIMENTO,08,20210212,20160105,GO,9633
23912012,0001,1,TRI & RUNNERS,02,20240311,20160105,SP,6213
23915145,0001,1,STUDIO 22,08,20160706,20160106,SP,6357
23917860,0001,1,STUDIO FOCUS,04,20210203,20160106,SP,6219
23924735,0001,1,GEMEOS FITNESS,04,20201029,20160107,RJ,5897
23925054,0001,1,DUTRA TREINAMENTO,04,20231101,20160107,SC,8163
23926383,0001,1,SILVAFITNES,08,20260114,20160107,PR,7657
23929087,0001,1,MOVIMENT ACADEMIA,08,20190613,20160107,PB,2191
23929402,0001,1,,08,20240503,20160107,PB,2175
23929753,0001,1,DBK SPORTS,08,20170915,20160107,PR,7459
23931015,0001,1,WORKOUT,04,20181218,20151216,SP,6789
23932820,0001,1,FORTIUS ACADEMIA,04,20240820,20160104,PI,1219
23936568,0001,1,ACADEMIA ROMANOS FIGHT FITNESS,04,20210226,20160108,SP,7107
23940602,0001,1,LC STUDIO FITNESS,08,20190412,20160110,RJ,6003
23940615,0001,1,PROFESSORA LU TRIONE,08,20170613,20160110,SP,7083
23941524,0001,1,,04,20210323,20160111,RS,8729
23944577,0001,1,JDS FITNESS ACADEMIA,04,20210407,20160111,BA,3883
23946431,0001,1,SCORPION FIGHT TEAM,04,20210408,20160111,RJ,2927
23947794,0001,1,CENTRO DE TREINAMENTO E REABILITACAO SABRINA FIGUEIREDO,02,20160111,20160111,MG,5139
23948827,0001,1,,04,20210311,20160111,RJ,6001
23950424,0001,1,LILIAN SOUSA STUDIO FITNESS,04,20210409,20160112,PI,1219
23951319,0001,1,,02,20160112,20160112,SP,6553
23954238,0001,1,,08,20180308,20160112,PR,7951
22835153,0001,1,ACADEMIA PAULINHO PIRES,08,20170124,20150713,CE,1385
23956039,0001,1,,04,20210413,20160112,SP,6953
23956575,0001,1,RM CONSULTORIA ESPORTIVA,08,20190113,20160112,SP,7107
23961603,0001,1,,08,20180404,20160113,SP,6181
23962305,0001,1,PERSONA FITNESS,02,20160113,20160113,MG,5035
23964801,0001,1,FITNESS ROOM - EIRELI,04,20180913,20150827,RS,8801
23968684,0001,1,AR.TRAINER ESTUDIO PERSONALIZADO,04,20210317,20160113,PR,7407
23968967,0001,1,,08,20160916,20160113,RJ,5875
23971780,0001,1,LAURA FREIRE ABU-JAMRA PERSONAL TRAINER,08,20170526,20160114,PR,7629
16691136,0001,1,,08,20160114,20120814,MG,4123
23975818,0001,1,OPCAO SAUDE STUDIO DE PILATES,08,20160321,20160114,RJ,1116
23980724,0001,1,TIDA PILATES,08,20190227,20160115,SC,0944
23984960,0001,1,,08,20180205,20160115,PR,7691
23985232,0001,1,STUDIO FISIOELIS,08,20190320,20160115,MG,4411
20432927,0001,1,STUDIO WORKOUT,08,20240411,20140611,BA,3117
23986687,0001,1,GIANONI ASSESSORIA ESPORTIVA,04,20210408,20160115,SP,7071
23988555,0001,1,ROMULO ASSESSORIA ESPORTIVA,08,20160201,20160117,CE,1389
23992844,0001,1,CORPUS FITNESS,02,20160118,20160118,RS,8905
23993430,0001,1,IMPERIUM FITNESS,02,20160118,20160118,TO,9207
23995750,0001,1,,04,20210304,20160118,RS,8599
24002486,0001,1,ESCOLINHA DE FUTEBOL VOANDO ALTO,04,20210330,20160119,MG,4133
24004092,0001,1,CROSSFIT EV,02,20210422,20160119,AC,0139
24005736,0001,1,BODY GEAR,08,20171226,20160119,SP,6843
24006312,0001,1,,08,20170119,20160119,SP,6131
24006475,0001,1,ACADEMIA FEMME LIFE,08,20180327,20160119,RN,1761
24007998,0001,1,MARCELO M. STROSCHOEN,08,20180716,20160119,RS,8801
24008786,0001,1,BUTIJA PERSONAL,08,20250519,20160120,MG,4751
24009463,0001,1,,08,20231004,20160120,RJ,2925
24011376,0001,1,ESTUDIO VIVENDO PILATES,04,20210311,20160120,RJ,6001
24011515,0001,1,ACADEMIA NEW SHAPE,04,20210224,20160120,CE,1389
24012307,0001,1,,08,20160621,20160120,RN,1761
24014160,0001,1,ESPACO SHIZEN,08,20190624,20160120,SP,6219
24014320,0001,1,TN STORE,02,20160120,20160120,MG,5403
24014855,0001,1,,04,20210304,20160120,RS,8713
24018010,0001,1,ACADEMIA EB,08,20260402,20160121,SP,7089
24018158,0001,1,FRAGATA FIT,08,20190318,20160119,RS,8791
24021698,0001,1,MP STUDIO,02,20160121,20160121,PA,0427
24023836,0001,1,MARI CARNEIRO PERSONAL TRAINER,08,20160121,20160121,SP,6875
24023981,0001,1,ACADEMIA FIT HOUSE,08,20220119,20160120,CE,1385
24024128,0001,1,,08,20170206,20160121,PR,7777
24027283,0001,1,LIFE FITNESS,08,20171019,20160122,SP,6665
24029906,0001,1,KANTO FITNESS,08,20210710,20160122,BA,3685
24030269,0001,1,LUDENS,08,20181206,20160122,SC,8055
24030861,0001,1,ESPACO FITNESS,08,20230510,20160122,PE,2475
24034122,0001,1,STUDIO CAMILA PERDIGAO,08,20210106,20160122,ES,5703
24034254,0001,1,NV ACADEMIA E DANCAS,08,20170208,20160122,PB,1937
24036866,0001,1,EDY TENIS,04,20210415,20160123,SP,7145
24037733,0001,1,,08,20200320,20160124,MG,4123
24040760,0001,1,STUDIO ESTILO PILATES,08,20170531,20160125,PR,7535
24041575,0001,1,ESTUDIO DE DANCA LUA SAMARA,08,20170119,20160125,PE,2515
24044003,0001,1,MOMENT,04,20240830,20160125,SP,6477
24044337,0001,1,ANIMALE CIA FITNESS,08,20170328,20160125,SC,8151
24045196,0001,1,COSME MOTA,08,20181218,20160125,RJ,5901
24045364,0001,1,2 PRIMOS ACADEMIA,02,20160125,20160125,RN,1761
21902071,0001,1,ALTINO ZERMIANI PERSONAL E PILATES,08,20160125,20150220,SC,8381
24046828,0001,1,BRASILIA PERSONAL TRAINER,08,20160902,20160125,DF,9701
24048695,0001,1,FUNCIOCROSS,08,20240620,20160126,SP,7107
24049188,0001,1,PEDRO PERSONAL TRAINER,04,20210409,20160126,PE,2531
24051155,0001,1,PROFITNESS,08,20171231,20160126,PB,2155
24051981,0001,1,,08,20170929,20160126,PR,5499
24054237,0001,1,,08,20210512,20160126,MG,5343
24054342,0001,1,,08,20180311,20160126,SP,6969
24054461,0001,1,PERSONAL TRAINER,08,20170425,20160126,PR,7927
24054829,0001,1,FRANCINE MACHADO QUALIDADE DE VIDA,08,20171218,20160126,SC,8179
24054995,0001,1,FISIOPREV - FISIOTERAPIA PREVENTIVA E ERGONOMIA,08,20180918,20160126,PI,1089
24055353,0001,1,CLAUDIA MARQUES,08,20171030,20160126,MG,0730
24057847,0001,1,KING,08,20190827,20160126,GO,9349
24057977,0001,1,,08,20161019,20160127,SP,7107
24058623,0001,1,LEPHISICAL EDUCATION,08,20180125,20160127,RS,8791
24060155,0001,1,ACADEMIA ARENA A3 FIT,08,20171019,20160127,SE,3169
24060658,0001,1,SOUZA FITNESS,08,20220204,20160127,SE,3195
24061672,0001,1,POLE FITNESS A.P.,04,20210415,20160127,SP,6915
24062670,0001,1,ACADEMIA PUMP FIT,08,20180329,20160127,RN,1741
24063630,0001,1,AME SPORT & AME BOUTIQUE,08,20180611,20160127,SP,6477
20857526,0001,1,ESTACAO FITNESS,02,20140818,20140818,BA,3537
24066683,0001,1,H+ RUNNING,04,20220208,20160127,PR,7481
24073254,0001,1,ACADEMIA RONDY FITNESS,02,20160128,20160128,RS,8771
24074581,0001,1,PHYSIOFITNESS,02,20160127,20160127,BA,3469
24075803,0001,1,FELIPE SANTANA EDUCACAO FISICA,04,20210225,20160128,RS,8801
24078052,0001,1,,08,20170113,20160129,SP,6101
24078978,0001,1,NA ONDA DELAS,08,20181002,20160129,SP,6475
24079490,0001,1,ACADEMIA BIG BROTHER,08,20220323,20160129,MT,9067
24079978,0001,1,,08,20190422,20160129,PB,1981
24080217,0001,1,ACADEMIA CORPO SARADO,02,20250430,20160129,BA,3275
24080593,0001,1,PRIME PERFORMANCE,04,20210407,20160129,BA,3849
24085357,0001,1,STUDIO PAGNANI,04,20260605,20160129,SP,6475
24086775,0001,1,CRISTIELI DELGADO MACHADO,04,20210225,20160130,RS,8683
24087432,0001,1,ERICK CUNHA,08,20161104,20160131,SP,6619
23207554,0001,1,JUST FOR YOU PRIME FITNESS,08,20161208,20150903,SP,6213
24092535,0001,1,SETT STUDIO E ASSESSORIA ESPORTIVA,04,20240814,20160201,MT,9185
24094736,0001,1,VITA TRAINING STUDIO- DANCAS E RITMOS,08,20250129,20160201,SP,6281
24095688,0001,1,IMPERIO FITNESS,08,20191127,20160201,BA,3515
24096593,0001,1,JULIA VALENGA,08,20190124,20160201,PR,7535
24097093,0001,1,ACADEMIA DE MUSCULACAO OVERALL,08,20241122,20160201,AM,0255
24099005,0001,1,,08,20160630,20160202,PR,7845
24101718,0001,1,CLAUDIO BARBOSA,08,20160408,20160202,BA,3849
24102757,0001,1,ACADEMIA SPARTACUS,08,20191212,20160202,PR,7493
24103064,0001,1,PHYSICAL,08,20180131,20160202,MG,4431
24106204,0001,1,HOME FISIO,08,20160308,20160202,MT,9167
24106334,0001,1,BOX 27,02,20160202,20160202,SC,8027
15987540,0001,1,PULSACAO,08,20180201,20120705,RJ,5903
24113021,0001,1,ESPACO CORPO / SAUDE,08,20181221,20160203,RS,1148
24116608,0001,1,HENRIQUE BODY,08,20171027,20160204,SP,6137
24117072,0001,1,ALEFITNESS,08,20220921,20160204,PA,0427
24117130,0001,1,ACADEMIA CORPO E ARTE,08,20180125,20160204,RS,8875
24120306,0001,1,,02,20160204,20160204,CE,1455
24120671,0001,1,,04,20220208,20160204,MG,5343
24121272,0001,1,,02,20160204,20160204,SP,7107
24122094,0001,1,CURY EMPREENDIMENTOS ESPORTIVOS,08,20230809,20160204,RJ,6001
24122195,0001,1,VIDATIVA,04,20210422,20160204,BA,3877
24123248,0001,1,DINIZ E GOUVEIA ESPORTE FITNESS,08,20200415,20160204,MG,5403
24123637,0001,1,PREMIER FITNESS ACADEMIA,02,20160204,20160204,BA,3937
24127343,0001,1,BIO MOVIMENTO ACADEMIA,08,20200812,20160205,PE,2629
24127679,0001,1,Z7 SOCCER COACH,08,20230911,20160205,SP,6175
24131018,0001,1,LIFE FITNESS ACADEMIA,02,20160205,20160205,AC,0139
24133302,0001,1,SAULO PERSONAL,04,20220208,20160206,RJ,6001
24134129,0001,1,JULIO CAMARGO PERSONAL TRAINER,04,20210326,20160207,SP,6875
24135107,0001,1,TEAM MANZONI,02,20160208,20160208,GO,9373
24137514,0001,1,LEANDRO MESSIAS PERSONAL TRAINER & CONSULTORIA,04,20260603,20160210,PR,7535
24140650,0001,1,ESCOLA DE ARTES MARCIAIS THE FIGHTERS,08,20240819,20160210,RS,8815
24140898,0001,1,FALCONES DE ARTES MARCIAIS,08,20160304,20160210,BA,3533
24143438,0001,1,MARTINS E SILVA FITNESS,04,20210330,20160211,MG,4941
07594978,0150,2,SMARTFIT,02,20160211,20160211,SP,7107
24147204,0001,1,,08,20231214,20160211,SP,6929
24149506,0001,1,,04,20210423,20160211,RN,1761
24149538,0001,1,MOVIMENTO,04,20210419,20160211,PE,2423
24149564,0001,1,ECLIPSE ACADEMIA,08,20180830,20160211,PA,0483
24149794,0001,1,,04,20210318,20160211,SC,8027
24150317,0001,1,SPORT MUSCULO,08,20170127,20160211,GO,9373
22611494,0001,1,,08,20181015,20150609,RJ,5805
24154492,0001,1,,04,20220208,20160212,PA,0443
24157532,0001,1,,08,20171017,20160212,DF,9701
24158035,0001,1,RMM SAUDE,02,20160212,20160212,SP,7057
19660055,0001,1,COMPANHIA FITNESS,08,20170914,20140205,PE,2531
24161802,0001,1,FLAVIO MACHADO,08,20170406,20160214,MG,4123
24162848,0001,1,STUDIO ENERGY FITNESS,04,20260601,20160215,SP,6853
24163238,0001,1,ACQUA + ESPACO AQUATICO,04,20210423,20160215,PB,2051
24167883,0001,1,MORE LIFE,04,20210218,20160215,ES,5623
24168079,0001,1,VITOR VIANNA - ESCOLA DE CAMPEOES,02,20160215,20160215,ES,5703
24169151,0001,1,ALEXANDRA ALMEIDA,08,20220929,20160215,SP,7145
24176044,0001,1,,08,20180208,20160216,RS,8873
24176522,0001,1,KAUE YUB,02,20160216,20160216,SP,7107
24177494,0001,1,JU PERSONAL TRAINER,08,20160226,20160216,RJ,6001
24178032,0001,1,,08,20170518,20160216,RS,8723
24178122,0001,1,,08,20161214,20160216,SC,8047
24181501,0001,1,LUCAS VIEIRA PERSONAL TRAINER,08,20160915,20160216,MG,4123
23970708,0001,1,,08,20160615,20160114,SP,7077
24185550,0001,1,TOP TEAM CROSSFIT,04,20201029,20160217,MG,4123
24187810,0001,1,,02,20160217,20160217,SP,6377
24187859,0001,1,F10 FITNESS ACADEMIA,02,20160217,20160217,SP,7075
24193479,0001,1,KAREKA FITNESS,04,20260601,20160218,RJ,6001
24196052,0001,1,,04,20231113,20160217,SP,6181
24197277,0001,1,,08,20230904,20160218,SP,7057
24199388,0001,1,ELDEN LIMA,08,20171025,20160218,AL,2785
24200350,0001,1,PRIME CENTRO DE TREINAMENTO,02,20160218,20160218,MG,4743
24200399,0001,1,SCANFERLA GYM,04,20210316,20160217,RJ,5865
15493033,0001,1,CTLA CROSSTRAINING LEONARDO ALBUQUERQUE,08,20180201,20120508,RJ,6001
24203251,0001,1,RAMON E ALINE - MAIS SAUDE,02,20220718,20160219,RN,1841
24204312,0001,1,STUDIO FISIO PILATES ALINHAR,08,20170201,20160219,MG,5235
24205067,0001,1,,08,20170122,20160219,SC,8047
19886007,0002,2,ELO CROSSFIT,08,20191112,20160219,MG,4123
24210508,0001,1,MOVIMENTART ACADEMIA DE DANCA,08,20200904,20160219,SP,6295
24210750,0001,1,COMERCIAL MINAS GERAIS,08,20210625,20160219,MG,4865
22421170,0001,1,ACADEMIA BOA FORMA,08,20170808,20150511,CE,1553
24214420,0001,1,MARINA FERREIRA DA SILVEIRA,08,20171221,20160221,RS,8801
24216219,0001,1,STUDIO FITNESS PRISCILA ZAHIRAH,08,20220820,20160222,SP,6415
24217195,0001,1,CORACAO ATLETA,08,20180109,20160222,BA,3849
24217393,0001,1,PILATES PROF. DENISE,08,20220125,20160222,PR,7525
24220314,0001,1,ADRENALINA FITNESS,04,20190228,20160219,CE,1389
22356029,0002,2,FORFIT ACADEMIA,02,20240327,20160217,RS,8523
24227012,0001,1,FCG FITNESS,08,20161219,20160223,PR,7535
24227206,0001,1,GISELLE FERNANDES,08,20180126,20160223,MG,4123
24228014,0001,1,,04,20260519,20160223,PR,7427
24228750,0001,1,,08,20161107,20160223,SP,7209
24231439,0001,1,OLL FIGHT,02,20160223,20160223,SP,6681
24232193,0001,1,WARLEN GONCALVES CAIADO,08,20170703,20160223,MG,4423
24233267,0001,1,WIVER PREPARADOR FISICO,04,20210224,20160223,CE,1389
24233673,0001,1,DIMAS JUNIOR METODOLOGIA DE EMAGRECIMENTO,04,20190226,20160222,GO,9301
24233688,0001,1,TREINADOR EDUARDO SILVA,08,20190116,20160223,SC,8105
24234531,0001,1,STUDIO DE PILATES POLARIS,02,20160223,20160223,SP,7107
24237576,0001,1,,08,20170117,20160224,MG,4219
24238805,0001,1,BODYPILATES CUIABA,08,20180117,20160224,MT,9067
24250890,0001,1,FIBER GYM,08,20170530,20160225,DF,9701
24253687,0001,1,ACADEMIA RYTMOS LIFE,02,20160225,20160225,SP,7075
24257674,0001,1,FORMA FIT,04,20240816,20160226,GO,9361
24261675,0001,1,TATI LUNA,02,20160226,20160226,SP,6789
24264661,0001,1,,08,20181123,20160226,SP,6323
24267344,0001,1,JAQUELINE LIMA DE ALMEIDA,08,20180122,20160228,SP,7121
24267971,0001,1,,08,20220705,20160228,SP,7107
24268593,0001,1,,08,20170320,20160229,GO,9543
24268952,0001,1,,08,20210302,20160229,SP,7243
22902694,0004,2,SELF IT ACADEMIAS,02,20160226,20160226,BA,3849
24269331,0001,1,FRANCISLENE AZAMBUJA,08,20160707,20160229,RS,8869
24271424,0001,1,STUDIO DE PILATES MARLEI VIANNA,08,20240419,20160229,RS,8843
24271947,0001,1,NEW FIT,08,20200526,20160229,MS,9051
24272255,0001,1,,08,20210427,20160229,RJ,6001
24272456,0001,1,VC EM FORMA,08,20180711,20160229,SP,7107
24272472,0001,1,ANGEL FITNESS,02,20220407,20160229,AM,0255
24274216,0001,1,,08,20170221,20160229,SP,6875
24274710,0001,1,ROSE TAVARES,08,20190613,20160229,CE,1389
24275795,0001,1,ZONA ALVO ESTUDIO FISICO FUNCIONAL E NATACAO INFANTIL,08,20170519,20160229,PB,2051
24277257,0001,1,MARINA LINS D ALBUQUERQUE,08,20170311,20160229,RJ,6001
21984565,0001,1,,08,20160229,20150305,RJ,5925
24281324,0001,1,ACADEMIA OFICINA DO CORPO,08,20250529,20160301,PB,1981
24283173,0001,1,O M SHANTI,08,20210225,20160301,MG,4123
24284055,0001,1,I-9 ACADEMIA,08,20230411,20160301,MS,9051
18564111,0001,1,CORPORE SANO STUDIO PILATES,08,20160407,20130726,SC,8121
24288495,0001,1,,08,20181119,20160301,SP,6681
24292885,0001,1,HUDSON AGUDELO,04,20240904,20160302,SP,7099
24293882,0001,1,ATTACK - CENTRO DE TREINAMENTO FUNCIONAL,02,20160302,20160302,GO,9371
22696971,0001,1,MR SAUDE ACESS EM COND FISICO E BEM ESTAR NO TRABALHO,08,20161107,20150622,MG,4371
24298686,0001,1,BUMBUM DE NENEM,08,20220216,20160302,RJ,6001
24300104,0001,1,ESTUDIO ALIVE,08,20171201,20160303,MG,5403
24302239,0001,1,JC SURE,08,20160401,20160303,RN,1761
24306561,0001,1,FELIPE SPORTS,04,20210226,20160303,SP,7107
24307584,0001,1,HOLISTIC FISIOTERAPIA ESPECIALIZADA,08,20171205,20160303,TO,9733
24308206,0001,1,RENATO LIRA PERSONAL,04,20210409,20160303,PE,2531
24308817,0001,1,JUPIRA FITNESS - ED SPORTS,04,20210316,20160303,RJ,6001
24308964,0001,1,CT CLASSE A - FITNESS,08,20180607,20160304,AL,2785
24178117,0001,1,ATIVA NUCLEO PERSONALIZADO DE EXERCICIOS FISICOS,08,20160304,20160216,SC,8027
24316821,0001,1,TICIANA PILATES,04,20210407,20160304,BA,3849
24317082,0001,1,DK TRAINER,02,20260202,20160304,SP,7151
24318678,0001,1,TELMO NASCIMENTO JIU JITSU,04,20210423,20160306,PB,2051
24318794,0001,1,JESSICA NASCIMENTO,08,20160410,20160306,SP,7037
24319594,0001,1,,08,20190110,20160306,SP,7107
24319680,0001,1,SPORTSERGIO,04,20210226,20160306,SP,7107
24321955,0001,1,ACADEMIA BEM ESTAR FITNESS,02,20160307,20160307,MS,9073
24323540,0001,1,PANTANAL FITNESS,08,20170823,20160304,PI,1139
18435950,0002,2,,08,20191017,20160307,SP,7107
24329899,0001,1,XTREME - ASSESSORIA DE TENNIS E FITNESS,08,20250408,20160308,CE,1389
24330398,0001,1,LUZ ACADEMIA,08,20180319,20160308,SP,7107
24334230,0001,1,FORCE & VITALITY,08,20170712,20160308,SP,7075
24335589,0001,1,ACQUADI,08,20171227,20160308,SP,6797
24335649,0001,1,PTP SPORTS AND HEALTH,08,20180604,20160308,RS,8801
24337671,0001,1,+TREINO,04,20210408,20160308,RJ,5877
24340558,0001,1,PAULAO FITNESS,02,20160309,20160309,MG,4601
24341586,0001,1,FELIPE PROJETO SAUDE,08,20180605,20160309,RS,8769
24342517,0001,1,FLOW FEELING,02,20260506,20160309,MG,4123
24343762,0001,1,,08,20160413,20160309,RJ,5897
24348564,0001,1,LIMIT FITNESS,08,20180411,20160309,RS,8669
24351059,0001,1,MEGA FITNESS ACADEMIA,02,20160310,20160310,MG,4957
24351161,0001,1,J10 WELLNESS COACH,02,20160310,20160310,RS,8771
24355682,0001,1,CORPO & MOVIMENTO,08,20210714,20160310,RJ,6001
24357748,0001,1,FEMININE ESPACO DE GINASTICA,08,20210813,20160310,RS,8831
24358268,0001,1,TOP FITNESS ACADEMIA,02,20160308,20160308,MT,9193
24358559,0001,1,CRISTIANA LUZFISIO,08,20170731,20160310,DF,9701
24360693,0001,1,ACADEMIA TEO FITNESS,02,20160311,20160311,SP,7097
24362959,0001,1,ESPACO DO CORPO,04,20210422,20160310,BA,3965
24364623,0001,1,BIA BIANCHINI,08,20170125,20160311,SP,6643
24367065,0001,1,STUDIO DU'PASSOS FIT TRAINER,02,20160311,20160311,MT,8989
24368914,0001,1,DK PERSONAL TRAINER,02,20160312,20160312,PR,7901
24371179,0001,1,LEONARDOBEZERRA,04,20210210,20160313,DF,9701
24371732,0001,1,MAE & FILHO,08,20160512,20160314,MG,4371
24372744,0001,1,ACADEMIA VISUAL FITNESS,08,20211005,20160314,SP,6563
22141520,0001,1,F S TREINAMENTO FUNCIONAL POLIESPORTIVO,08,20230727,20150327,RJ,5897
24379124,0001,1,,08,20191211,20160314,SP,7183
24381681,0001,1,CLAYTON XAVIER,08,20160330,20160314,SP,7057
24381975,0001,1,MUTACAO CROSSFIT,02,20160315,20160315,MG,4445
24382637,0001,1,RAAZ CONSULTORIA,08,20170103,20160315,SP,7107
24387231,0001,1,ESTUDIO A FITNESS,04,20210326,20160315,RJ,5839
24389056,0001,1,,02,20160315,20160315,SP,7107
24389237,0001,1,BETO TEIXEIRA - PROFESSOR DE EDUCACAO FISICA,08,20190313,20160315,RS,8801
24389478,0001,1,ACADEMIA BIGW,02,20241210,20160315,PR,7535
24389911,0001,1,,04,20210226,20160315,SP,7107
24390793,0001,1,MAY PERSONAL,08,20221219,20160315,PE,2531
24391870,0001,1,ISABELA LIMA,08,20190301,20160315,PR,7535
24392408,0001,1,CASARAO CROSSFIT - FORGING ELITE FITNESS,02,20160314,20160314,RJ,5865
24395866,0001,1,STUDIO VERAS - PERSONAL TRAINER E FUNCIONAL,08,20181205,20160316,DF,9701
24396643,0001,1,4 FIGHTERS,08,20160923,20160316,SP,7107
24396843,0001,1,ARENA CHAMPION,04,20210309,20160316,PR,7439
24398842,0001,1,,04,20220208,20160316,SP,6929
24400502,0001,1,ARTENISA RABELO STUDIO PILATES,08,20190715,20160316,MG,4865
24400789,0001,1,ALINE BRIGIDA,08,20160419,20160316,MG,4371
24405271,0001,1,BE STRONG - PERSONAL TRAINER,08,20180116,20160317,RS,8801
24405812,0001,1,KCP,08,20180128,20160317,SP,7107
24413250,0001,1,OVERALL FITNESS,08,20160415,20160318,CE,1389
24413442,0001,1,,08,20161018,20160318,SC,8055
24414631,0001,1,ALINE MAGALHAES,08,20210128,20160318,RS,8791
24414785,0001,1,ACADEMIA ABF,04,20210426,20160318,PB,2037
24417499,0001,1,SOU FIT,04,20210226,20160318,SP,7107
24436783,0001,1,CAROL PERSONAL,04,20210310,20160322,SP,6511
24438409,0001,1,MITER TOP TEAM ESCOLA DE LUTAS,08,20230915,20160322,DF,9701
24441724,0001,1,FUNCIONE ESPORTIVA E NUTRICAO,04,20220128,20160322,MA,0921
24443646,0001,1,DANG PERFORMANCE,04,20231027,20160323,RJ,6001
24443893,0001,1,TMPERSONAL,08,20170408,20160323,SP,6433
24445471,0001,1,,02,20160323,20160323,PR,7623
24447001,0001,1,,04,20260528,20160323,RJ,6001
24449031,0001,1,SHIRLEY BEZERRA,04,20210319,20160323,RJ,5803
19985528,0001,1,,02,20140328,20140328,SP,7107
24452776,0001,1,,02,20160324,20160324,SP,7097
24458758,0001,1,ARENA FIT BOXE- CIRCUITO DE LUTAS,04,20210316,20160325,RJ,6001
24459577,0001,1,LB FITNESS ASSESSORIA ESPORTIVA,08,20160530,20160326,SP,6213
24460782,0001,1,UCS SERVICOS,08,20160417,20160327,SP,7107
24460970,0001,1,VITOR FREIRE,04,20210407,20160327,BA,3849
24461757,0001,1,,08,20160729,20160328,MT,8985
24462532,0001,1,,08,20160328,20160328,SC,8237
24465777,0001,1,EQUIPE BRASIL TAEKWONDO,08,20220215,20160328,SP,7107
24469176,0001,1,GB FIT ACADEMIA,02,20160328,20160328,GO,9307
24471951,0001,1,,08,20171221,20160329,SC,8357
24477007,0001,1,,08,20160825,20160329,RS,8759
24478434,0001,1,RICARDO TRIVELLA,08,20170604,20160329,SC,8105
24478799,0001,1,STUDIO REFIT,08,20180122,20160329,MS,9051
24480856,0001,1,FIOFISIO FISIOTERAPIA E PILATES,08,20180813,20160329,SP,6291
18615537,0002,2,QUIROFISIO,08,20160329,20150205,RS,8801
24483120,0001,1,ACADEMIA IMPERIO,04,20190227,20160330,SP,6545
24485261,0001,1,ILZE THIEME,08,20210901,20160330,SC,8161
24489618,0001,1,ANA CARLA,08,20170314,20160330,RS,8915
24490108,0001,1,ACADEMIA INOVE FITNESS,04,20210218,20160330,MT,9875
24492724,0001,1,EXTREME,08,20251106,20160331,MS,9051
24495751,0001,1,,02,20160331,20160331,ES,5617
24498538,0001,1,ESSENCIA YOGA,02,20160331,20160331,SP,6213
24499407,0001,1,ACADEMIA BEM VIVER,08,20180713,20160331,RS,8655
24500598,0001,1,NEO FITNESS ASSESSORIA E TREINAMENTO ESPORTIVO,04,20210310,20160401,SP,7237
24503274,0001,1,,08,20170223,20160401,SP,7071
24503588,0001,1,AMANDA BARCELOS,08,20211014,20160401,ES,5625
19113587,0001,1,L.I.M.I.T. ACADEMIA,02,20131018,20131018,SC,8179
24505914,0001,1,ACADEMIA IMPACTUS FITNESS,04,20210330,20160401,MG,0656
24508808,0001,1,PILATES,08,20210416,20160404,MG,4123
24516667,0001,1,FLEURY,04,20210224,20160404,CE,1389
24516829,0001,1,,08,20210714,20160404,PB,0516
24519916,0001,1,ADENISE MERLO RITTER,08,20170915,20160405,RS,8541
21147131,0002,2,ESTACAO FITNESS,08,20171026,20160404,DF,9701
24523179,0001,1,CLINICA RAMED FISIO,02,20230324,20160405,CE,1321
24523681,0001,1,ACADEMIA NEVOEIRO,08,20170824,20160405,CE,1389
24523845,0001,1,E A FIT,02,20250409,20160405,CE,1549
24523872,0001,1,CROSSFIT SIMIO,02,20160405,20160405,SP,7107
24527141,0001,1,,08,20180313,20160405,RS,8815
24528146,0001,1,T C G BURDA THAISE CRISTINA GRACIANO BURDA,08,20220922,20160405,PR,7513
24529210,0001,1,VAGNOSPORTSFITNESS,04,20220209,20160405,SP,7107
24529898,0001,1,GT ASSESSORIA ESPORTIVA,08,20171123,20160405,SP,6789
24530045,0001,1,CROSSCORE TREINAMENTO FUNCIONAL,08,20180607,20160405,RS,8771
23902556,0001,1,ATLAS ACADEMIA,08,20180306,20160104,TO,9241
24530900,0001,1,,04,20210318,20160406,SC,8233
24535440,0001,1,,02,20160406,20160406,CE,1375
24538148,0001,1,GM ASSESSORIA ESPORTIVA,04,20210223,20160406,AP,0605
24539846,0001,1,MILENE BARROS PERSONAL,08,20230130,20160406,PB,2051
24547543,0001,1,STUDIO EL SHADAY,04,20220208,20160407,MG,4123
24547567,0001,1,,04,20210326,20160407,SP,6477
24550274,0001,1,ACADEMIA KORPUS,04,20210310,20160408,SP,6809
24550434,0001,1,CORPO EM FORMA ACADEMIA,02,20260601,20160408,PB,2051
10461918,0002,2,ACADEMIA FORCA FISICA,08,20250130,20160408,CE,1389
24554174,0001,1,ROSIANE,08,20180302,20160408,ES,5705
24555251,0001,1,,08,20171218,20160408,SP,6619
24555527,0001,1,MROMMANO EXERCICIOS SAUDE,08,20180816,20160408,SP,6291
24556835,0001,1,ESPACO FITNESS ACADEMIA,08,20231207,20160408,TO,9385
24557722,0001,1,MAIRA PERSONAL,04,20220208,20160408,SP,6915
24558200,0001,1,MARINA CORREA MIRANDA - PILATES,08,20241223,20160408,SP,7107
24559883,0001,1,,02,20160410,20160410,SP,6793
24559898,0001,1,JOE CHAVES DANCAS E EVENTOS,04,20210219,20160410,PA,0415
24560803,0001,1,MARIA ELIZA,08,20180504,20160410,PE,2531
24561258,0001,1,,08,20190711,20160411,SP,7097
24570031,0001,1,ACADEMIA SAUDE E PERFORMANCE,04,20220607,20160411,GO,9599
24570972,0001,1,,08,20211229,20160411,SP,7071
24571171,0001,1,HGS - PRODUCOES & EVENTOS,08,20230418,20160412,BA,3849
24573717,0001,1,,08,20190121,20160412,RJ,6001
24577144,0001,1,BODY & MIND PERSONALIZADO E FITNESS,02,20160412,20160412,SP,6639
24578911,0001,1,,02,20160412,20160412,SP,6831
24579160,0001,1,IN MOVEMENT - ASSESSORIA EM EXERCICIO FISICO,08,20210511,20160412,ES,5699
24579424,0001,1,,02,20160412,20160412,SP,7107
24580346,0001,1,,08,20180131,20160412,MG,4123
24584761,0001,1,ROSANE FARIA PERSONAL TRAINER,08,20180129,20160413,ES,5705
24585516,0001,1,,08,20171227,20160413,RJ,6001
24588472,0001,1,ACQUA MONTES ATIVIDADES AQUATICAS,08,20180302,20160413,SC,8161
24588763,0001,1,,08,20170726,20160413,SC,8089
24589283,0001,1,PACAEMBU PILATES,08,20210601,20160413,SP,7107
24589569,0001,1,SANTE STUDIO,08,20230306,20160413,SP,7131
24590827,0001,1,STUDIO NR PILATES,04,20210406,20160413,SP,6979
24594565,0001,1,PHYSICAL FLEX STUDIO PILATES,02,20160414,20160414,RJ,6001
24595603,0001,1,MOVIMENTAR,04,20210419,20160414,MG,4733
05938853,0002,2,,04,20240807,20160412,SP,7107
24598866,0001,1,,02,20160414,20160414,SP,6163
24599693,0001,1,ACADEMIA OXIGENIO,02,20160414,20160414,MG,4439
24600423,0001,1,STUDIO PILATES EMANUELE MARINHO,08,20260506,20160414,PE,2531
24603932,0001,1,,08,20170112,20160415,PR,7667
24604645,0001,1,LUIGI DE OLIVEIRA DA SILVA,08,20190717,20160415,RO,0009
24604880,0001,1,PERSONAL TRAINER - PAMELA MONIZ,04,20220609,20160415,SP,7107
07594978,0152,2,SMART FIT,02,20160415,20160415,SP,7071
07594978,0153,2,SMART FIT,02,20160415,20160415,SP,7107
23891495,0001,1,CROSS TRAINING CORPUS,02,20151222,20151222,MT,9779
24611076,0001,1,,04,20210212,20160417,GO,9373
24615752,0001,1,,08,20200130,20160418,RS,8899
24617675,0001,1,BRUNO SALIBA SALES PERSONAL TRAINER,04,20210212,20160418,GO,9373
24618493,0001,1,IRON FITNESS,08,20250922,20160418,MG,5273
24619853,0001,1,,08,20181121,20160418,PR,8451
17687428,0001,1,,02,20130305,20130305,MG,4919
24623227,0001,1,ACADEMIA ATMOSPHERE,02,20240919,20160414,RS,8801
24624204,0001,1,,02,20160419,20160419,MG,2649
24625023,0001,1,PERSONAL ONE,08,20160811,20160418,RS,8883
24625058,0001,1,CLUB ELA,04,20210210,20160419,GO,9371
24627066,0001,1,JAQUEPAZ,04,20210311,20160419,RJ,6001
24627230,0001,1,RODRIGO KANBACH,08,20160712,20160419,RJ,5865
24627900,0001,1,ACADEMIA FTINESS POWER,04,20210426,20160419,PB,2037
24632362,0001,1,DIOGO CRUZ PERSONAL TRAINER,04,20210319,20160420,RJ,5819
24633442,0001,1,DIEGO ROCHA,04,20210203,20160420,SP,7099
24636776,0001,1,,02,20160420,20160420,SP,7107
24638655,0001,1,EX GYM ACADEMIA,02,20160321,20160321,PI,1007
24643875,0001,1,,08,20170509,20160422,RS,8931
24650837,0001,1,PERSONAL TRAINER CH16,08,20160629,20160425,SP,7107
24651019,0001,1,BRUNA FISIOTERAPIA,08,20190404,20160425,SP,6619
24669544,0001,1,,08,20251209,20160427,PB,2051
24669689,0001,1,RFIT,02,20220210,20160427,PE,2463
24669912,0001,1,RM FITNESS,08,20180302,20160427,DF,9701
24672507,0001,1,BAMBU STUDIO DE PILATES,08,20200720,20160425,RS,8963
24673144,0001,1,ACADEMIA POWER GYM,08,20200623,20160427,DF,9701
24674603,0001,1,PIERO POLLNOW,04,20210309,20160427,PR,7667
24678326,0001,1,ACADEMIA PLATOON RINCAO,08,20190322,20160428,RS,8771
24687116,0001,1,SAUDE E BEM ESTAR,08,20180321,20160428,SP,6369
24688932,0001,1,,08,20161103,20160428,RS,8801
13738986,0002,2,ACADEMIA PRORITMO,04,20210330,20160429,MG,4123
24692033,0001,1,ACADEMIA PERFECT BODY,08,20190903,20160323,PR,7535
24692801,0001,1,,04,20210330,20160429,MG,4371
24693187,0001,1,,02,20220207,20160429,BA,3871
24695958,0001,1,MW SAUDE,04,20210319,20160430,RJ,5863
24697283,0001,1,RR PERSONAL TRAINER,04,20240807,20160501,DF,9701
18700085,0001,1,HELEN CAROLINE PERSONAL TRAINER,04,20210310,20130818,SP,6291
24697970,0001,1,ACADEMIA VITALITY,04,20260521,20160502,MG,5077
24701535,0001,1,BRUNO PIERRE PERSONAL TRAINER,08,20180110,20160502,PR,7583
19787905,0001,1,CT JULIO MOREIRA LTDA,02,20231010,20140225,ES,5703
24706661,0001,1,POLI FITNESS INDAIA,04,20210310,20160502,SP,6511
24710488,0001,1,RBURATTO,02,20231212,20160503,SP,7107
24712544,0001,1,TRANSFORME ACADEMIA,08,20191001,20160503,PE,2381
24713312,0001,1,BEST FIGHT E FITNESS,02,20160503,20160503,GO,9373
24714524,0001,1,KALI RIO,08,20241218,20160503,RJ,6001
24716001,0001,1,,02,20240830,20160503,SP,7107
24718778,0001,1,ADRIANO PISANI,08,20180205,20160503,MG,4123
24723555,0001,1,,08,20160716,20160504,SP,7107
22454707,0001,1,,02,20150515,20150515,SP,6415
19056776,0001,1,PRO HELTH TREINAMENTO PERSONALIZADO,02,20131011,20131011,SP,6905
24726009,0001,1,ESPORTE LIVRE SAUDE,02,20260206,20160504,SP,6425
24728770,0001,1,ESPACO PREMIUM,08,20240828,20160504,SC,8089
24730618,0001,1,FISIO CORPUS - FISIOTERAPIA E PILATES,02,20160505,20160505,PR,7455
24732180,0001,1,,08,20240716,20160505,RJ,0778
24732826,0001,1,ARTHUR FELIPE MARQUES SOUZA MARIA DOS ANJOS MARQUES SOU,08,20181227,20160505,MG,4673
24736055,0001,1,STUDIO ACTIVE,08,20170523,20160505,BA,3521
24741502,0001,1,ACADEMIA LARHYSSA ROSA,08,20210505,20160506,SP,6525
24741762,0001,1,MARCIO JR PERSONAL,04,20240808,20160506,MG,4123
24742161,0001,1,PERSONAL VIP,02,20240312,20160506,MA,0921
24742345,0001,1,JU SANTOS PILATES E SAUDE,08,20180223,20160506,ES,5705
24743050,0001,1,BODY IN MOTION EXCELENCIA EM PERFORMANCE,02,20160506,20160506,ES,5637
24746914,0001,1,,08,20180302,20160506,ES,5705
24747089,0001,1,,08,20180126,20160506,RS,8515
24749212,0001,1,GF TF & SAUDE,02,20160507,20160507,SP,7107
24749365,0001,1,BIOFORMA STYLER,08,20190701,20160507,MA,0881
24750930,0001,1,BRUNA FAILLACE,08,20170704,20160509,SP,6281
24752256,0001,1,ESPACO FITNESS,02,20160509,20160509,SP,6425
24754961,0001,1,STUDIO BEM VIVER ATIVIDADE FISICA,02,20160509,20160509,SP,6251
24756635,0001,1,,08,20160817,20160509,RJ,5817
24758581,0001,1,ACADEMIA CORPORE,08,20220325,20160509,PR,7771
24761816,0001,1,ACADEMIA WILLIAM FITNES,04,20210219,20160510,PA,0427
24762315,0001,1,OXIDACAO,02,20160510,20160510,RS,8801
24763137,0001,1,CENTRO DE TREINAMENTO TOPFIT,02,20160510,20160510,PA,0397
24763282,0001,1,,08,20180109,20160510,ES,5625
24765963,0001,1,,02,20160510,20160510,RS,8599
24766227,0001,1,,08,20161122,20160510,SP,7107
24768259,0001,1,PHYSICUS ACADEMIA,08,20210118,20160510,CE,1375
24768497,0001,1,INVICTUS GYM,08,20180530,20160510,MS,9131
24768977,0001,1,CLUBEFIT ACADEMIA,08,20190329,20160510,PR,7885
24769675,0001,1,STUDIO ROSI PERSONAL TRAINER,02,20160510,20160510,SC,8103
20284974,0001,1,INSTITUTO VIVER JIUJITSU,08,20160511,20140520,DF,9701
24776127,0001,1,UP FITNESS,04,20210305,20160511,SP,7107
24777535,0001,1,,02,20160511,20160511,SP,2941
24779698,0001,1,R13 ESPORTES,04,20210309,20160511,PR,7667
24780004,0001,1,,08,20190723,20160511,RS,8791
24781862,0001,1,,08,20160512,20160512,MG,5293
24782348,0001,1,POWER FIGHT ACADEMIA,08,20210105,20160512,PR,7691
24784416,0001,1,PC FITNESS,08,20161206,20160512,RJ,5813
24787766,0001,1,SUPREME ACADEMIA,02,20240917,20160512,MA,0803
24788836,0001,1,,02,20160512,20160512,SP,6101
24791028,0001,1,,04,20210330,20160513,MG,5343
24791362,0001,1,,08,20220215,20160513,MG,4123
24792231,0001,1,CROSSFIT TAIMAN,02,20160429,20160429,PR,7535
24793149,0001,1,TALLES SUCESSO,02,20160513,20160513,DF,9701
24793607,0001,1,TIAGO ASSESSORIA ESPORTIVA,08,20160822,20160513,SP,6281
24793677,0001,1,ART FITNESS,08,20200901,20160513,MG,4123
24793932,0001,1,,08,20160719,20160513,MG,4733
21337760,0001,1,MEDLEY ACADEMIA,08,20240819,20141031,PI,1219
24795373,0001,1,,08,20161130,20160513,PR,7623
24802929,0001,1,NATIVO & MICHELE,04,20210316,20160516,RJ,6001
24805821,0001,1,STUDIO BELLA FITNESS,08,20240426,20160516,SC,8387
24811532,0001,1,WE FIT ACADEMIA,02,20160517,20160517,PE,2531
24813310,0001,1,ACADEMIA BIO DINAMICA,02,20160517,20160517,MG,0662
24815845,0001,1,FITTNESS DUCA,08,20160810,20160517,MG,5155
24817198,0001,1,CENTRO DE TREINAMENTO VIVA MELHOR,08,20160616,20160517,ES,5703
24818963,0001,1,,08,20180817,20160517,RS,8801
24822368,0001,1,LUVA BRASIL ACADEMIA 4,08,20211023,20160518,SP,6307
24823151,0001,1,TRIBO FITNESS MACEIO,02,20160518,20160518,AL,2785
24823490,0001,1,PR TRAINING,08,20180417,20160518,PR,7503
24823852,0001,1,,08,20170111,20160518,MG,4123
24826595,0001,1,PERSONAL GARCIA,02,20220617,20160518,SP,7107
24828789,0001,1,FUNCIONAL FIT,08,20210127,20160518,SP,6273
24833072,0001,1,,08,20210818,20160519,PR,7667
24834076,0001,1,ACADEMIA BRUNO SANTOS,08,20240510,20160519,PB,1981
24838000,0001,1,ACADEMIA ESPACO FITNESS,08,20190308,20160519,MG,4799
24840021,0001,1,ACADEMIA TOP FIT,08,20171006,20160519,RN,1615
24840871,0001,1,,08,20200429,20160519,PE,2531
24841145,0001,1,MUAY THAI FRANCILEY,04,20210209,20160519,ES,5703
13896126,0002,2,ACADEMIA RTR FITNESS,04,20220607,20160520,PE,2457
24843686,0001,1,,08,20180316,20160520,PE,2531
24847417,0001,1,BARRETO PERSONAL,04,20210226,20160520,SP,7107
24847572,0001,1,STUDIO FOR LIFE,08,20170818,20160520,PR,7535
24848113,0001,1,SMART COACHING CONSULTORIA EM FITNESS,08,20180107,20160520,RS,8841
24848504,0001,1,,04,20210226,20160520,SP,7107
24849589,0001,1,LU PERSONAL,08,20221227,20160520,SP,7107
24852549,0001,1,ACADEMIA FITNESS,04,20260521,20160523,MG,4227
24853736,0001,1,"BIANCA VILELA SAUDE, DESENV. DE PESSOAS E CONHECIMENTO",02,20160520,20160520,SP,7047
24854161,0001,1,LUIZ HENRIQUE MACEDO,08,20180912,20160523,PE,2531
24854611,0001,1,MARIANA MURIEL,08,20211130,20160523,SP,6509
24858469,0001,1,CT UNIFIGHT,08,20240403,20160523,SC,8055
24862276,0001,1,PERSONAL CLINIC,08,20220114,20160524,ES,5663
24869492,0001,1,MAIS FIT PERSONAL STUDIO,02,20160524,20160524,MG,4877
24875323,0001,1,,04,20210225,20160525,RS,8683
24876188,0001,1,KID ACADEMIA,08,20181001,20160525,SP,6131
24878041,0001,1,DANIEL REZENDE DA SILVA 22073137865,08,20210615,20160525,SP,7107
24878725,0001,1,ACADEMIA SUPER FERA,04,20210210,20160525,DF,9701
24879230,0001,1,,02,20220812,20160525,SP,6427
24775544,0001,1,MEGA FITNESS,02,20160511,20160511,RN,1729
24881899,0001,1,ACADEMIA GS CITY,08,20170403,20160526,CE,1393
24884211,0001,1,BIO PILATES STUDIO,08,20160527,20160527,SC,8105
24885631,0001,1,FITNESS,08,20170925,20160527,RJ,5807
24885646,0001,1,ISIS MATOS STUDIO DE PILATES,08,20210217,20160527,BA,3413
24886596,0001,1,ANTHONI SANTORO,02,20250220,20160527,RJ,6001
24887009,0001,1,ESPACO YOGA MARIA CURI,04,20210203,20160528,SP,6607
24887512,0001,1,VASCONCELLOS ESPORTES,04,20220208,20160528,RJ,6001
24890222,0001,1,ALVES TREINAMENTOS,08,20170602,20160530,SC,8161
24891141,0001,1,,08,20160615,20160530,MG,4123
24892773,0001,1,GIM BLACK TEAM,08,20170810,20160530,BA,3849
24709191,0001,1,POLLY FITNESS,08,20160901,20160503,SP,6789
24895421,0001,1,FITNESS,02,20160530,20160530,BA,3413
24901731,0001,1,,08,20191007,20160531,SC,8039
24903317,0001,1,,08,20160909,20160531,SP,6291
24904902,0001,1,FORCE FIT ACADEMIA,02,20210601,20160531,MS,9051
24907208,0001,1,BLESS PILATES,08,20161108,20160531,PR,7583
24907833,0001,1,PRO LIFE,08,20210520,20160531,RS,8685
24908442,0001,1,FENIX POWER ACADEMIA,04,20210212,20160531,GO,9227
24908921,0001,1,ACADEMIA PROFITNESS,04,20260515,20160531,BA,3411
17063411,0002,2,,08,20171116,20160601,PR,7563
24913640,0001,1,F1 FITNESS,04,20190321,20160601,SP,7107
24915192,0001,1,,08,20170208,20160601,SC,8367
24917330,0001,1,,02,20230208,20160512,PR,7535
24918668,0001,1,SPACO JR FITNESS,08,20220831,20160601,PB,2207
24918811,0001,1,,08,20180508,20160601,SP,7071
24919251,0001,1,LAZARO FERREIRA,08,20180404,20160602,SP,7107
24920066,0001,1,PHORCE FIT ACADEMIA,08,20161221,20160601,MS,9051
24925866,0001,1,SARAIVA TREINAMENTO FISICO,02,20250425,20160602,SP,6689
24932874,0001,1,CORE FITNESS,02,20160603,20160603,SC,8057
24935765,0001,1,TNT THAIKICKJIU,08,20250414,20160603,PR,7493
24936651,0001,1,VANESSA VICENZI PERSONAL TRAINER,04,20210226,20160603,SP,7107
24937343,0001,1,,08,20180816,20160604,SP,6713
12523848,0002,2,ARENA FUNCIONAL FORMAS ACADEMIA,02,20160602,20160602,RJ,6001
24942408,0001,1,,04,20260521,20160606,MG,4123
24946143,0001,1,,04,20190328,20160606,RJ,5903
24948140,0001,1,STUDIO Q,02,20160607,20160607,SP,7145
24948798,0001,1,ERIC FITNESS CENTER,04,20260601,20160606,RJ,5819
24949040,0001,1,BELA FORMA FISIOTERAPIA,08,20170508,20160607,SP,7017
24949636,0001,1,,08,20221101,20160607,SC,9985
24952124,0001,1,EZEQUIEL LEME TREINADOR PESSOAL,04,20210203,20160607,SP,6435
24953347,0001,1,,08,20160808,20160607,SP,6635
24959210,0001,1,STUDIO FITNESS,02,20160608,20160608,MG,4291
24962453,0001,1,,02,20160608,20160608,SP,6291
24969755,0001,1,,04,20210226,20160609,SP,7107
24970119,0001,1,BF TREINAMENTO FUNCIONAL,02,20160609,20160609,SP,7107
24973385,0001,1,ESCOLINHA DE FUTEBOL CLUBE ZE DO GALAO,08,20160803,20160609,SP,7115
24977814,0001,1,STUDIO FITNESS PRINCESA,08,20181211,20160610,GO,0077
24978382,0001,1,,04,20220608,20160524,RS,8801
24980637,0001,1,,08,20161025,20160610,RJ,5843
24980897,0001,1,RUBENS TISSEI,08,20171011,20160610,PR,7935
24984784,0001,1,MASSAKIMATSUMOTO,08,20180126,20160612,PE,2531
24987180,0001,1,ESTETICA LOHANNA,08,20170424,20160613,PA,0483
24987319,0001,1,BELLA JO,08,20170810,20160613,BA,3363
24988006,0001,1,,02,20160613,20160613,MG,4371
24993345,0001,1,CENTTO,04,20210210,20160613,DF,9701
24993557,0001,1,INOVACAO FUTEBOL CLUBE,08,20210315,20160613,DF,9701
24996109,0001,1,FOCUS EXTREME,08,20220818,20160614,PA,0447
24997459,0001,1,ACADEMIA CORPORE,02,20160614,20160614,SP,6779
18993868,0001,1,LEO PERSONAL TRAINER,08,20180426,20131002,RS,8681
25001837,0001,1,CENTRO DE PILATES E SAUDE ENGRACIA VALENTI - CPSEV,08,20170703,20160615,SP,6969
25003139,0001,1,,08,20170803,20160615,MG,5385
25004205,0001,1,SG STUDIO DE PILATES,08,20161009,20160615,RS,8791
25004503,0001,1,,08,20170106,20160615,PR,7777
25005953,0001,1,SAUDE 10,02,20160614,20160614,RS,8801
25007079,0001,1,JOICE CAMPOS,08,20180611,20160615,SP,7107
24867769,0001,1,SHOTO ARTES MARCIAIS,02,20160524,20160524,DF,9701
24303762,0001,1,,08,20211011,20160303,RS,8853
25011368,0001,1,FISIO FORMA,08,20210803,20160616,SP,6151
25016289,0001,1,RJ ASSESSORIA ESPORTIVA,04,20210224,20160616,CE,1389
25017383,0001,1,,04,20210209,20160616,ES,5629
25017790,0001,1,STUDIO POWER TRAINING,08,20180313,20160616,PR,7471
25021224,0001,1,ACADEMIA PERFORMANCE FITNESS,08,20180222,20160617,PB,2051
25022779,0001,1,ACADEMIA MALHACAO,02,20210625,20160617,MG,4417
25026458,0001,1,LIFE FIT ACADEMIA,04,20210224,20160617,CE,1389
25028595,0001,1,,02,20160617,20160617,AM,0235
25028729,0001,1,ELAINEPELEVESTER,04,20240823,20160617,RJ,5833
25031482,0001,1,,02,20160620,20160620,AM,0235
25033108,0001,1,FORMA FITNESS ACADEMIA,08,20180323,20160620,PI,1113
25034228,0001,1,,08,20250320,20160620,SP,6979
25036136,0001,1,STUDIO QUIROGA,08,20260331,20160620,MG,5041
25040928,0001,1,,08,20170915,20160621,SP,6163
25041178,0001,1,ELITE FITNESS,02,20160621,20160621,PR,7991
25042364,0001,1,ACADEMIA R&D,04,20210426,20160621,AL,2887
25045332,0001,1,,08,20180219,20160621,MG,4123
25045878,0001,1,KLEBER PERSONAL,08,20170425,20160621,SP,7099
25047089,0001,1,,08,20180822,20160621,PB,2051
25049666,0001,1,ACADEMIA MARIO BROTHERS,02,20160621,20160621,RN,1779
09208892,0003,2,ACADEMIA MAROMBA,02,20121122,20121122,BA,3993
17198682,0002,2,ACADEMIA SOUSA & LEAL,04,20210409,20160623,PI,1153
25064407,0001,1,EGO FITNESS ACADEMIA,08,20160628,20160623,SE,3105
25064822,0001,1,APN PERSONAL TRAINER,08,20160625,20160623,SP,7107
25067147,0001,1,MEGA FORMA FITNESS,02,20160623,20160623,MG,4959
25068767,0001,1,NA MEDIDA DO VERAO,04,20210226,20160623,SP,7107
08327014,0001,1,AFONSO FILHO COMUNICACAO VISUAL,02,20190220,20060925,SP,6131
25073852,0001,1,,08,20190717,20160624,RJ,5811
25080236,0001,1,ACADEMIA SENA 3 FIT,02,20160624,20160624,RJ,6001
25082855,0001,1,DENILTON EDUCACAO FISICA,08,20190128,20160627,MG,4123
25083401,0001,1,MARCEL MESQUITA PERSONAL E CONSULTORIA,08,20220224,20160627,PE,2531
25083961,0001,1,FIT FIGHT,08,20240916,20160628,MG,4483
25085009,0001,1,,08,20160728,20160628,RS,8619
25085312,0001,1,ACADEMIA BEM ESTAR,02,20160627,20160627,BA,3963
25087716,0001,1,PILATES FIT,02,20210929,20160628,AM,0255
25095261,0001,1,,08,20160628,20160628,SP,6249
25095352,0001,1,LGH ASSESSORIA ESPORTIVA,08,20190311,20160628,RJ,6001
13529957,0001,1,TRI4FUN CELINA ENDO ASSESSORIA ESPORTIVA,08,20180201,20110419,SP,7107
25099597,0001,1,ARLIFE PILATES E FISIOTERAPIA,08,20161212,20160629,BA,3849
25099890,0001,1,,08,20170330,20160629,SP,7107
25100944,0001,1,PILATES CRIS RODRIGUES,08,20190814,20160629,MG,4371
25101895,0001,1,,02,20160629,20160629,SP,7107
25102075,0001,1,ACADEMIA ONLINE FITNESS,02,20160629,20160629,SP,7107
25103406,0001,1,ADRIANA TIMM,04,20210225,20160629,RS,8815
25107687,0001,1,CROSSFIT PONTA GROSSA,08,20250924,20160630,PR,7777
25108322,0001,1,,08,20210621,20160630,SP,2965
25110620,0001,1,,02,20160630,20160630,PB,1981
25111729,0001,1,JAQUELINE ANASTACIO,08,20220714,20160630,SP,7075
25116589,0001,1,,01,20160701,20160701,MG,4123
25119543,0001,1,JULIANO CERVI PILATES,08,20161205,20160701,SC,5537
25122923,0001,1,RAFAEL CARANDINA TREINAMENTO FISICO INTEGRADO,08,20180404,20160703,SP,7107
24893558,0001,1,B10 SPORTS,08,20241127,20160530,PR,7885
25126562,0001,1,ESPACO MAMMY CARE,08,20200721,20160607,PR,7535
25126881,0001,1,SCORPIONS ACADEMIA,02,20250121,20160704,SC,8239
25126990,0001,1,ROBSON PERSONAL TRAINER,02,20160704,20160704,PR,7751
25127502,0001,1,ATIVIFISIO - QUALIDADE DE VIDA,08,20211001,20160704,RJ,5833
25131238,0001,1,RD 4 LIFE,04,20210408,20160704,SP,6897
25132557,0001,1,STUDIO NUTRI & FITNESS,02,20160704,20160704,ES,0758
25135623,0001,1,IRON WORKS ACADEMIA,02,20160704,20160704,SP,7017
25137013,0001,1,ELITE TRAINING CENTER,02,20160705,20160705,GO,1066
25139506,0001,1,STUDIO NATALIA GUIMARAES,02,20160705,20160705,RJ,2909
19827748,0001,1,BRUTOS CROSSFIT,08,20170104,20140306,MG,4553
25141493,0001,1,CARVALHO&LARANJEIRA PRODUCOES,08,20220422,20160706,PE,2531
25142187,0001,1,POINT DA MALHACAO,02,20160706,20160706,SE,3159
25144354,0001,1,,08,20250131,20160705,RS,8877
25146624,0001,1,,08,20210208,20160706,RJ,5829
25147218,0001,1,,08,20230804,20160706,RS,8941
25150634,0001,1,ULISSES OLIVEIRA RAMOS,08,20200924,20160706,PE,2531
25152958,0001,1,STUDIO BELA FORMA TERAPIAS INTEGRADAS,08,20170913,20160707,PR,7881
25153653,0001,1,ESCOLA DE JIU JITSU HILDETH CAVALCANTI,04,20210224,20160707,CE,1389
25154137,0001,1,,08,20180104,20160707,AL,2705
25154161,0001,1,ACADEMIA SUPERACAO & DEPILARI,04,20260521,20160707,PI,1037
25161781,0001,1,DN FITNESS,04,20220208,20160708,SP,7149
25164464,0001,1,STUDIO CLEITON FERREIRA ZIN,04,20220128,20160708,CE,1389
25165012,0001,1,,08,20220817,20160708,SP,7245
23238584,0001,1,SAUDE & MOVIMENTO,08,20210629,20150909,CE,1389
25168953,0001,1,NCL STUDIOS,08,20210910,20160708,RJ,6001
25170941,0001,1,LRS PERSONAL TRAINER,04,20210209,20160709,ES,5705
25171425,0001,1,ATLANTIS PERSONAL STUDIO,04,20210331,20160710,MG,4031
25172041,0001,1,CORI CORPO INTELIGENTE - STUDIO MULTIFUNCIONAL,08,20180727,20160710,SP,6429
25176617,0001,1,,08,20250117,20160711,SP,7107
25176846,0001,1,A.N CORE MOVEMENT,08,20240119,20160711,CE,1389
25180570,0001,1,,02,20160711,20160711,SP,6219
25180763,0001,1,,04,20210224,20160711,CE,1389
25181134,0001,1,GOULARTFITNESS,08,20220217,20160711,RS,8815
25189248,0001,1,CAMILLA PERSONAL TRAINER,04,20210323,20160712,PR,7749
25189258,0001,1,WILL FIT,08,20170331,20160712,SP,6377
25193601,0001,1,TEDDY FITNESS,04,20210224,20160712,CE,1389
19080400,0001,1,STAR FITINESS,08,20180814,20131003,CE,1563
25199296,0001,1,PHYSICAL CENTER,04,20210219,20160713,PA,0493
25199351,0001,1,CAPOEIRA CAMALEAO BRASIL,02,20221129,20160713,SP,7075
25202246,0001,1,SAUDE EM MOVIMENTO SPORT CENTER,08,20201123,20160713,RJ,5885
25202625,0001,1,L 16 ASSESSORIA ESPORTIVA,08,20221208,20160713,CE,1455
25209555,0001,1,CAMARGO BOXE,04,20220128,20160714,RS,8951
25212643,0001,1,LEANDROPERSONAL,04,20210310,20160715,SP,2951
25216218,0001,1,,04,20210224,20160715,CE,1587
25217186,0001,1,,02,20160715,20160715,RJ,6001
25217306,0001,1,BBBMOVE,08,20181226,20160715,RJ,5839
25218221,0001,1,JO LUBIAN,08,20210514,20160715,PR,7535
25218605,0001,1,,08,20180328,20160715,SP,6203
25221455,0001,1,CELSO BOFFA - TREINAMENTO ESPORTIVO,08,20170101,20160715,SP,7107
25221986,0001,1,,02,20160716,20160716,RS,8801
25222502,0001,1,GO RUNNING - MILENA NASCIMENTO,08,20190404,20160716,SP,6587
25223500,0001,1,PRO FITNESS,02,20160717,20160717,AL,2705
25227287,0001,1,,08,20180806,20160718,RJ,5883
25229970,0001,1,PACIULLO GYM,08,20200625,20160718,SP,7107
25231170,0001,1,JULIANA LOPES PERSONAL,04,20210226,20160718,SP,7107
25233635,0001,1,,08,20180518,20160718,SP,7107
25237483,0001,1,COACH FITNESS UP,02,20160719,20160719,SP,7107
25237566,0001,1,WG FITNESS,04,20220128,20160719,AM,0257
25238430,0001,1,FRANCIELE PALHARINI,08,20171215,20160719,RS,8729
25240602,0001,1,GO! FITNESS CENTER,04,20220124,20160719,SP,6619
25240927,0001,1,,04,20201029,20160718,RJ,6001
25243427,0001,1,RT ASSESSORIA ESPORTIVA,08,20170927,20160719,BA,3849
25246028,0001,1,,04,20210413,20160720,MG,5403
25247825,0001,1,GOLD LUK ACADEMIA,04,20210426,20160720,PB,1981
25248118,0001,1,STUDIO DE TREINAMENTO FUNCIONAL,08,20221003,20160719,AC,0139
25251401,0001,1,CAROL VERISSIMO,08,20170116,20160720,SE,3105
16978106,0001,1,UP ASSESSORIA ESPORTIVA,08,20160830,20121009,MG,4123
25252160,0001,1,STUDIO METAMORFOSE,04,20220127,20160720,RJ,5847
25255026,0001,1,,08,20190402,20160721,GO,9221
25258018,0001,1,ESTUDIO LUDICANDO-BRINCANDO E APRENDENDO,02,20160721,20160721,RO,0003
25259184,0001,1,,08,20220119,20160721,SP,6271
25259262,0001,1,ALE JANCUS,08,20170419,20160721,SP,6929
25259547,0001,1,ACADEMIA POWERGYM,02,20160721,20160721,PE,2475
25264455,0001,1,CORPUS DIEM,08,20210712,20160722,MG,5035
25264463,0001,1,SCOLTGOLF,08,20191017,20160722,SP,7107
19841646,0001,1,ALEMAO FITNESS ACADEMIA,02,20140310,20140310,GO,9307
25268182,0001,1,,08,20161222,20160722,BA,3413
25268488,0001,1,ELIANI RAMOS,08,20170629,20160722,SP,7107
25270507,0001,1,FISIOEREABILITY,08,20200122,20160722,DF,9701
25271105,0001,1,GLAUCIO ABREU,08,20170703,20160722,RJ,5819
11923035,0001,1,,02,20100503,20100503,PR,7535
25273843,0001,1,JERDSON LIMA - PERSONAL TRAINER,08,20240722,20160724,RN,1651
25274458,0001,1,CENTRO DE TREINAMENTO YEXTREME,04,20190327,20160722,BA,3661
25274617,0001,1,RR PERSONAL RUNNERS.,08,20161104,20160725,PR,7535
25275712,0001,1,,02,20160725,20160725,MG,4675
25277584,0001,1,PINK & NINA,08,20210921,20160725,PR,7535
25282877,0001,1,BODY FITNESS,08,20230124,20160722,RJ,5869
25283103,0001,1,ROSILAYNE STHEFANIA EITERER,04,20220208,20160725,MG,4733
25289346,0001,1,ACADEMIA SAUDE & CIA,02,20160725,20160725,RJ,6001
25289931,0001,1,,08,20190223,20160726,GO,9373
25290903,0001,1,CEFIS EXERCICIO FISICO,02,20160726,20160726,SP,6131
25292647,0001,1,STUDIO LIRIANE CAMPOS,08,20190708,20160726,MT,9777
25295261,0001,1,ARENA FITNESS,02,20160727,20160727,PR,7705
25298726,0001,1,,08,20180408,20160727,RS,8785
25299365,0001,1,TYEGO MATEUS SILVA,08,20241210,20160727,PR,7535
20656371,0001,1,FISIO MULHER,08,20160727,20140717,RJ,5877
25300265,0001,1,ESTER PERSONAL TRAINER,04,20210416,20160727,MG,4123
25302553,0001,1,,08,20180227,20160727,RS,8949
25305603,0001,1,BRUNO DO CARMO DOMINGUES,04,20210408,20160728,SP,6897
25309508,0001,1,MARIANO CASTRO,02,20190823,20160728,MA,0921
25310246,0001,1,,08,20170329,20160728,SP,6219
25311303,0001,1,,08,20170628,20160728,SP,6491
25312585,0001,1,TAINA MANGA,04,20220124,20160728,SP,6619
25315245,0001,1,STUDIO GABRIELA MOREIRA,02,20160728,20160728,SP,6861
25318274,0001,1,DUPLA FORMA FITNESS,02,20250122,20160729,SP,6291
25318946,0001,1,VITOR CARVALHO,04,20210407,20160729,BA,3849
25319783,0001,1,20X10 TREINAMENTO FISICO,08,20180227,20160729,RS,8791
25319839,0001,1,YELLOW MONKEY CROSSFIT,02,20160729,20160729,SP,7107
25320140,0001,1,,08,20210315,20160729,MG,4123
25322609,0001,1,,04,20210309,20160729,PR,7777
25330428,0001,1,CT KM,08,20260428,20160801,BA,3597
25332357,0001,1,FOCUS FIT,02,20160728,20160728,RJ,6001
25333779,0001,1,BORGES ASSESSORIA ESPORTIVA,08,20250129,20160801,RS,8483
25340402,0001,1,ESPACO MARI PERSONAL,08,20180111,20160802,RS,8853
25340805,0001,1,,08,20171205,20160802,RS,8729
25342140,0001,1,HENRIQUE ACADEMIA,04,20201029,20160802,BA,3833
25343719,0001,1,AGITA,08,20190905,20160802,SE,3233
25343944,0001,1,,02,20160802,20160802,MS,9125
15489359,0004,2,ACADEMIA PERFORMANCE,02,20140512,20140512,MS,9051
25360789,0001,1,ERICK VIOLLA ASSESSORIA ESPORTIVA,08,20210921,20160803,SP,7071
25366411,0001,1,FABI ESPORTES,08,20170717,20160803,SP,6377
25367658,0001,1,LEO NICOLAZZI PERSONAL TRAINER,08,20170706,20160804,SC,8233
14763658,0001,1,EKO ACADEMIA,08,20160804,20111125,SP,7107
25369003,0001,1,GABRIELLE FREITAS FISIOTERAPIA,08,20170217,20160804,RJ,5869
25372223,0001,1,,08,20190509,20160804,SP,7107
25375716,0001,1,ACADEMIA AKADIA,08,20191014,20160804,SP,6921
25376040,0001,1,,08,20170707,20160804,RS,8951
25383645,0001,1,PERFFORMANCE ACADEMIA,08,20230324,20160805,MG,5395
20336159,0001,1,WORKOUT OF LIFE,08,20240402,20140528,RN,1779
25398853,0001,1,SPACO SAUDE ACADEMIA,02,20160806,20160806,SC,8179
25399447,0001,1,ML AVALIACAO CONSULTORIA E TREINAMENTO FISICO,04,20220209,20160807,RJ,6001
25402061,0001,1,INDIANA SANTOS ASSESSORIA ESPORTIVA,08,20190130,20160808,BA,3413
25403092,0001,1,VANEPERSONAL,08,20210504,20160808,SP,7107
25405961,0001,1,ACADEMIA CORPORE,02,20160808,20160808,SP,2971
25408172,0001,1,MK PILATES,08,20180322,20160808,MS,9051
25433655,0001,1,ARENA FUTGIRLS OFICIAL,08,20220720,20160809,BA,3993
25434019,0001,1,GMOGRL NATACAO,08,20250613,20160809,PE,2457
25448975,0001,1,,08,20231130,20160809,RS,8773
25451926,0001,1,TOP FITNESS,04,20210422,20160810,BA,3741
16365245,0001,1,,08,20160810,20120708,GO,9373
25454064,0001,1,ACAO FIT,04,20210331,20160810,MG,2683
25460802,0001,1,PILATES HEALTH CLINIC,08,20180321,20160810,RJ,6001
25460851,0001,1,GH CENTRO DE TREINAMENTO FISICO,08,20210927,20160810,DF,9701
25461613,0001,1,ACADEMIA MOVEMENT,08,20180712,20160811,SP,6137
25464982,0001,1,,08,20171227,20160811,RS,8841
25488323,0001,1,ARENA PURO FERRO,08,20210601,20160811,MG,4123
25527382,0001,1,PERSONAL TACIANA,08,20170123,20160811,SP,7057
25528983,0001,1,ACADEMIA PHISICAL,02,20160812,20160812,GO,9489
25530427,0001,1,,08,20200110,20160812,RJ,5835
25530975,0001,1,,08,20171228,20160812,SP,7145
25531977,0001,1,RW EMPREENDIMENTOS,04,20210422,20160812,BA,3597
25532031,0001,1,WE ACADEMIA,04,20220125,20160812,PE,2423
25532910,0001,1,SOUSA TOP TEAM,08,20180611,20160812,GO,9373
25533224,0001,1,PERFORMANCE ACADEMIA,08,20180104,20160812,SC,8353
25546271,0001,1,ACADEMIA EVOLUXX,08,20240319,20160812,PR,7859
25557221,0001,1,FIRE FIT,02,20160805,20160805,MT,9185
25681807,0001,1,JHAMESLIMA DANCER,04,20210416,20160815,MG,5095
25694562,0001,1,CROSSFIT BRAGANCA PAULISTA,08,20230410,20160815,SP,6251
18900187,0001,1,,08,20160824,20130918,SP,7107
20453191,0001,1,SPORT CENTER,08,20180201,20140616,MG,4123
17723553,0001,1,,08,20180124,20130311,SP,7225
21076198,0001,1,QUIROSER,08,20160901,20140919,SP,6619
22591039,0001,1,,08,20250401,20150605,MG,4123
14951240,0001,1,,02,20120127,20120127,SP,6921
23105665,0001,1,ACADEMIA MAIS FIT LTDA,02,20150820,20150820,SP,6727
19826091,0001,1,ACADEMIA FEMININA CORPO EM ACAO,08,20181023,20140306,SE,3105
22025774,0001,1,STUDIO DE PILATES EQUILIBRIUM,08,20160926,20150311,MG,2901
07594978,0158,2,SMARTFIT,02,20160809,20160809,GO,9373
20871271,0001,1,ACADEMIA ESPACO 10,04,20210422,20140820,BA,3579
12891130,0001,1,CORPU'S ACADEMIA,02,20101119,20101119,AL,2705
22008782,0001,1,SW FITNESS,08,20170627,20150309,PR,7929
14047018,0001,1,ACADEMIA ESTACAO DO CORPO,02,20110801,20110801,MS,9051
21284640,0001,1,,02,20141024,20141024,MG,4123
23461633,0001,1,STUDIO PERSONAL MICHEL FONTOURA,08,20171226,20151013,RS,8879
20344697,0001,1,FORMULA FITNESS,08,20251205,20140529,MG,4623
21757611,0001,1,ATHOS FITNESS ACADEMIA,04,20210310,20150127,SP,6291
24508255,0001,1,,02,20160401,20160401,SP,7107
22294127,0001,1,,08,20161130,20150421,RJ,0784
22780173,0001,1,,02,20150701,20150701,SC,8055
23542511,0001,1,GOLFINHO FITNESS,08,20161205,20151023,BA,3855
11560924,0001,1,ATIVIDADE MONITORADA,08,20190719,20100217,SC,8327
25174544,0001,1,L MELLO CROSS FIT,02,20160711,20160711,SP,7107
19860227,0001,1,FITNESS FOR FUN,02,20140311,20140311,MT,8985
17392117,0001,1,,02,20121226,20121226,SP,6969
17803264,0001,1,,02,20130322,20130322,MG,4123
15501193,0001,1,STUDIO ELDA PILATES - BENEFICIO SAUDE,02,20120509,20120509,SP,6401
25535387,0001,1,,08,20170118,20160812,SP,6219
08736180,0001,1,EM FORMA,08,20171215,20070322,ES,5623
23893853,0001,1,,08,20170125,20151230,SP,7143
15031820,0001,1,ALMA CORPO ACAO,08,20190819,20120110,SP,7107
21190431,0001,1,EVOLUTION FIT,08,20170419,20141008,SP,7057
11388570,0001,1,TEAM NOGUEIRA SANTA CRUZ,08,20170510,20091202,RJ,6001
22920588,0001,1,YULLA ATIVIDADES AQUATICAS,02,20150724,20150724,MG,4683
23400619,0001,1,,08,20171211,20151002,RJ,5883
23355141,0001,1,INGRID BORGES PERSONAL TRAINER,04,20210212,20150926,GO,9227
14485145,0001,1,INOV FITNESS E EVENTOS,08,20201111,20111007,SP,6175
25170613,0001,1,ACADEMIA MOTRIZ,08,20200106,20160709,PB,2051
24229101,0001,1,MUNDO FITNESS,02,20160222,20160222,CE,1439
08541596,0001,1,CORPUS,08,20170417,20061219,BA,3937
19026125,0001,1,ESPACO MORATA FESTAS E EVENTOS,04,20260512,20131004,ES,5699
22370533,0001,1,ATI.VIDA ASSESSORIA ESPORTIVA,08,20170428,20150504,SP,7107
25012331,0001,1,IGORANZOL PERSONAL TRAINER,08,20180110,20160616,RJ,5807
24615887,0001,1,,08,20180711,20160418,SP,6511
25148720,0001,1,BIO FITNESS,04,20210226,20160706,SP,7107
22731158,0001,1,ACADEMIA MAIS FORMA,02,20150625,20150625,BA,3919
12579167,0001,1,ACADEMIA ARTFORMA,08,20170613,20100602,SP,6377
23459570,0001,1,CROSSFRIENDS,08,20170822,20151013,ES,0760
15485284,0001,1,,08,20231212,20120507,BA,3849
24330090,0001,1,ELEVE - TREINAMENTO FISICO FUNCIONAL,02,20160308,20160308,SC,8177
15368209,0001,1,,08,20190312,20120416,SP,7029
22208366,0001,1,ELORT FITNESS,08,20170731,20150408,SP,7107
22363630,0001,1,BCLUB SPORTS GESTAO E ASSESSORIA ESPORTIVA,04,20240808,20150502,RJ,6001
14772689,0001,1,PROFIT ACADEMIA,08,20180504,20111206,RN,1759
22336557,0001,1,KRUNA CROSSFIT,08,20200728,20150428,MG,4123
09293793,0001,1,HUGO TRAINER,04,20241127,20080108,GO,9221
25146213,0001,1,SUNSET STUDIO FITNESS,02,20160706,20160706,SP,7237
22135390,0001,1,LA.CAETANO,04,20210318,20150326,SC,8161
20764248,0001,1,,02,20140804,20140804,SP,6477
19018179,0001,1,ACADEMIA LIVE FIT,08,20191127,20130805,PR,7535
20410741,0001,1,PAULO SANTANA FITNESS,02,20140606,20140606,BA,3849
23172053,0001,1,GIL ACADEMIA PRIME,02,20150828,20150828,BA,3993
16944771,0001,1,R3 ACADEMIA,02,20120912,20120912,SP,6921
18441450,0001,1,OXIGYM,04,20260513,20130607,DF,9701
25095656,0001,1,STUDIO POLY VIDA PILATES E SAUDE,08,20180618,20160628,SP,7057
25073052,0001,1,RENAN ISRAEL - TREINAMENTO PERSONALIZADO,08,20180123,20160624,SC,8327
25383311,0001,1,FLASH FITNESS,08,20191114,20160805,RN,1761
21085714,0001,1,21 FITNESS,02,20140922,20140922,GO,9373
22405797,0001,1,ALPHAFIT ACADEMIA,08,20180129,20150508,SP,6715
19437070,0001,1,,02,20131220,20131220,SP,7107
22744141,0001,1,ETERNATIVA PILATES,08,20170922,20150629,RJ,5909
20890159,0001,1,MS GINASTICA ARTISTICA,02,20140821,20140821,GO,9373
24752418,0001,1,DANIFIT,08,20210527,20160509,SP,7201
18450462,0001,1,CAROL ARTIGAS PERSONAL TRAINER,08,20171006,20130709,PR,7535
25446157,0001,1,,08,20171010,20160809,MG,4127
22350262,0001,1,,02,20150427,20150427,ES,5623
21933968,0001,1,ACADEMIA R7 PERFORMANCE,08,20171018,20150224,CE,1389
18888147,0001,1,TEAM NOGUEIRA CUIABA,04,20210401,20130909,MT,9067
14901683,0001,1,COACH JULIAO PERSONAL TRAINER,08,20180201,20120118,SP,7077
25234011,0001,1,RM FITNESS,02,20160719,20160719,SP,6827
09642264,0001,1,FISICO & FORMA ACADEMIA,08,20200615,20080603,MG,4079
24877455,0001,1,,02,20160525,20160525,SP,6583
25246987,0001,1,REIGUI FIGHT GYM,02,20251112,20160720,BA,3849
21779311,0001,1,ACADEMIA EQUILIBRIO,08,20171120,20150129,SC,0948
20840276,0001,1,ACADEMIA TOPXPORTS,08,20200723,20140814,SP,7057
17721968,0001,1,ACADEMIA BEM ESTAR,02,20130308,20130308,RO,0013
17530948,0001,1,CROSS 425 ITAPEVA,02,20130125,20130125,SP,6549
19805219,0001,1,RENATA BORGES LAZARO CENTRO DE CONDICIONAMENTO FISICO,02,20140227,20140227,SP,6969
14359628,0001,1,ACADEMIA PLANETA CORPO,04,20210318,20110927,SC,8251
20793380,0001,1,PERSONAL TRAINER BRUNO ZANARDELLI,08,20180115,20140807,SP,6595
19210081,0001,1,,04,20260528,20131106,SP,6639
18893616,0001,1,EDER ZORZI FITNESS,02,20130917,20130917,SP,7051
17395291,0001,1,ACADEMIA MEGA FITNESS,02,20130111,20130111,MT,9881
20727842,0001,1,,08,20160411,20140729,MG,4387
22006870,0001,1,MGAFITNESS,08,20230427,20150309,SP,6377
16637562,0001,1,TOJAL CIANNI,02,20230321,20120806,RJ,6001
25229732,0001,1,,04,20220608,20160718,DF,9701
15177217,0001,1,CORPU'S ACADEMIA,02,20120228,20120228,SP,6977
21365041,0001,1,ACADEMIA GUI SPORTS,04,20210419,20141107,SP,6717
20644067,0001,1,PRO 360 PATINACAO,02,20140716,20140716,SP,7057
22842990,0001,1,AL FITNESS,08,20180115,20150714,RN,1741
22748824,0001,1,STUDIO GYM,02,20220810,20150630,MG,5201
18983035,0001,1,POWER MUSCULACAO,08,20200727,20130930,RJ,6001
24695632,0001,1,TREINAMENTO DE JUDO MCMA,08,20190602,20160430,SP,6875
25154654,0001,1,RUTZ TREINAMENTO FISICO FUNCIONAL - CORRIDA - PERSONAL,08,20260225,20160707,PR,5453
21027710,0001,1,DEFINIT ACADEMIA,08,20210412,20140912,MG,4079
23411849,0001,1,,03,20260519,20151005,RJ,6001
14276868,0001,1,,08,20180201,20110913,SP,7183
19679574,0001,1,WORK 4 FIT ASSESSORIA E CONSULTORIA ESPORTIVA,08,20180201,20140207,SP,7107
19824385,0001,1,CLEDSON SOUZA DE SOUZA,08,20180201,20140306,AM,0255
20000292,0001,1,,08,20180201,20140402,RS,8791
20103582,0001,1,FLAVIANA LUZIA PERSONAL,08,20180201,20140417,MT,9067
20933844,0001,1,ACADEMIA PERFORMA,08,20180201,20140829,SP,6313
21003455,0001,1,CAPOEIRA BOXE JIUJITSU FUNCIONAL FIGHT,08,20180201,20140909,RJ,6001
21039825,0001,1,,08,20180201,20140916,MG,4733
21668780,0001,1,RMBV FITNESS,08,20180201,20150113,BA,3739
19952146,0001,1,MARLY HARUMI MORIYAMA,08,20180201,20140326,SP,7107
21234991,0001,1,FITNESS HOMECARE,08,20180201,20141016,RS,8801
24303452,0001,1,,08,20180203,20160303,ES,5699
21360178,0001,1,CARLOS GEOVANE MENDES,08,20180201,20141106,BA,3849
20856235,0001,1,ESTACAO SAUDE,02,20220404,20140818,ES,5723
25168338,0001,1,ACADEMIA TURNING,08,20180216,20160708,SP,6291
20284937,0001,1,ACADEMIA ESPACO MULHER,02,20140520,20140520,RJ,2911
20324312,0001,1,SC PERFORMANCE,08,20180323,20140526,RS,7347
13756016,0001,1,IDEALE VITA,08,20111228,20110606,BA,3849
20388622,0001,1,STUDIO ANNE PILATES,08,20180517,20140604,SC,8105
14866155,0001,1,FABIO FITNESS,04,20181205,20120110,GO,9221
12212287,0001,1,ACADEMIA PERFORMACE,08,20190430,20100414,SP,6681
15530084,0001,1,EQUOGYMNI ENSINO DE ESPORTES E ATIV. DE COND. FISICO,04,20210317,20120405,PR,7535
16821959,0001,1,,08,20160726,20120910,MG,4123
17065611,0001,1,ACADEMIA STYLOS ESTRELAS,08,20260210,20121025,PA,0427
17191373,0001,1,ATLETICA NACIONAL,02,20121121,20121121,AM,0255
17364749,0001,1,TOP TEEN ACADEMY,04,20210407,20130107,BA,3849
17386268,0001,1,SUPERE CENTRO DE TREINAMENTO,08,20240103,20130110,PB,1981
17742208,0001,1,,08,20171124,20130313,MG,4123
17965227,0001,1,ACADEMIA OPTION,02,20130419,20130419,SC,8153
14631731,0001,1,ESPACO FITNESS ACADEMIA,08,20221124,20111110,PE,2333
18442885,0001,1,LIVE ACADEMIA,02,20130708,20130708,AM,0255
18647110,0001,1,,02,20250227,20130808,SP,7099
18670342,0001,1,ACADEMIA GH'S FITNESS,02,20130812,20130812,SC,8311
18968670,0001,1,LEGACY LIFE,02,20130912,20130912,DF,9701
19092895,0001,1,ACADEMIA FITNESS GYM,08,20220128,20131017,MA,0851
19298236,0001,1,,04,20210323,20131122,SC,8047
19399384,0001,1,,02,20131204,20131204,PR,7745
19542223,0001,1,VILLA FITNESS SBC,04,20181220,20140117,SP,7075
19612744,0001,1,TEI-TREINAMENTO,08,20240314,20140128,RJ,5867
19810788,0001,1,HORTO FITNESS,04,20181120,20140227,MS,9051
19998487,0001,1,W-FIT ACADEMIA,08,20180402,20140402,MG,5191
20198341,0001,1,PATRICIA ROCHA FITNESS,08,20250521,20140507,MG,0730
20961927,0001,1,VIDA FIT,02,20140902,20140902,GO,9373
21050137,0001,1,CENTER PRIME FITNESS,04,20210413,20140917,MG,5401
21160382,0001,1,DONAZZOLO - CENTRO DE TREINAMENTO PERSONALIZADO,02,20141002,20141002,RS,8953
21235435,0001,1,CONEXAO FITNESS,08,20160111,20141015,AM,0255
21237154,0001,1,,04,20201029,20141016,MG,4123
21434916,0001,1,,08,20161025,20141118,RS,8801
21516221,0001,1,CULTURA ATLETICA ACADEMIA,08,20191106,20141203,SP,6715
21692489,0001,1,ACADEMIA VITALLY,02,20150116,20150116,PR,7735
21918105,0001,1,,02,20150224,20150224,SP,6249
21930585,0001,1,,08,20170906,20150211,PR,7535
21961916,0001,1,ACADEMIA DAS MULHERES GRUPO VIVERE,04,20180918,20150302,MG,4123
23001581,0001,1,BLACK LION,08,20241217,20150805,GO,9373
23367112,0001,1,"VITALITA PILATES, SAUDE E BEM ESTAR",08,20161209,20150918,CE,1389
23607692,0001,1,MERIDIANO SAUDE,08,20170117,20151105,SP,7225
23900872,0001,1,NOVA ERA,08,20170906,20151117,MT,9067
24216703,0001,1,BRAVO FITNESS COMPANY,08,20181024,20160222,SP,7107
24440874,0001,1,LIFE FIT,02,20160322,20160322,SP,6913
24580174,0001,1,STUDIO DE PILATES,02,20160412,20160412,MA,0921
24672403,0001,1,,04,20240812,20160427,SP,7107
25107185,0001,1,PERFORMACE FITNESS,02,20160629,20160629,PA,0571
22427886,0001,1,JANAINA,08,20180227,20150512,SP,6221
23595064,0001,1,VITAE SPORTS,08,20200229,20151104,BA,3641
13709732,0001,1,ACADEMINA SPASSO FITNESS,02,20110526,20110526,MG,4553
24072242,0001,1,DOUGLAS TESSARO STUDIO PERSONAL,02,20160128,20160128,PR,7751
19867686,0001,1,SALLUTEN CENTRO DE TREINAMENTO PERSONALIZADO,02,20140313,20140313,SP,6131
19471975,0001,1,ACADEMIA SAPUCAIA,02,20140102,20140102,ES,5707
25075013,0001,1,JUMP ACADEMIA,08,20250527,20160624,PB,2117
19005334,0001,1,BIO FIT ACADEMIA,02,20131003,20131003,TO,9733
18331890,0001,1,ACADEMIA BIO FORMA,02,20130619,20130619,SC,8233
10517794,0001,1,,02,20081127,20081127,SP,6165
24931328,0001,1,ATTIVA FITNESS,08,20180411,20160603,SP,2965
13286044,0001,1,DAR ESPACO PILATES,08,20220615,20110222,RJ,6001
15809421,0001,1,,08,20180405,20120625,SP,6969
21922055,0001,1,PRO FITNESS,02,20150224,20150224,MG,5035
14073132,0001,1,ACADEMIA MAIS SAUDE,02,20110805,20110805,GO,9373
23139476,0001,1,HANNAH MORENA,08,20180423,20150825,SP,7107
12283707,0001,1,ACADEMIA MALHACAO,08,20251205,20100726,MS,9051
23711248,0001,1,STUDIO DELLA FITNESS,08,20180427,20151122,PR,7885
23289517,0001,1,FATTO ASSESSORIA ESPORTIVA,08,20210526,20150916,SP,7107
20970866,0001,1,U-BOX CROSS TRAINING,08,20180507,20140903,PR,7427
08319219,0001,1,,04,20260512,20060905,RJ,5837
08643024,0001,1,,08,20220209,20070201,SP,6589
08676038,0001,1,RC FIT,08,20231204,20070125,RJ,2909
08401475,0001,1,,08,20250814,20061025,BA,3515
08509160,0001,1,BRACCO - ACADEMIA,08,20190109,20061129,SP,7071
17004217,0001,1,INFANTE CT,04,20260513,20121015,DF,9701
15727161,0001,1,FITNESS CENTER ACADEMIA,02,20220706,20120618,SP,7083
20820540,0001,1,CAIXETA ESPACO FITNESS,02,20140812,20140812,MG,5403
21608884,0001,1,,02,20141223,20141223,RJ,6001
22146751,0001,1,MARA STUDIO PERSONAL,08,20180702,20150328,RJ,6001
21809540,0001,1,RC FITNESS,08,20180703,20150204,SP,6611
19326637,0001,1,ACADEMIA MASTER FIT GYM LONDRINA,02,20131120,20131120,PR,7667
11199208,0001,1,RAF,08,20180807,20090929,SP,7107
21525336,0001,1,ACADEMIA VIP FITNESS,02,20141205,20141205,SP,7005
25157093,0001,1,,08,20180802,20160707,SP,7097
21074362,0001,1,,02,20140919,20140919,SP,6165
25102152,0001,1,CARVALHO ESPORTES,08,20180807,20160629,RJ,5865
21980731,0001,1,HENSON MARMORARIA,08,20180817,20150303,RS,8591
14818432,0001,1,TIAGO DE SOUZA BOHRER,08,20180815,20120102,RS,8841
14241170,0001,1,EDPHYSICAL ASSESSORIA ESPORTIVA,08,20180821,20110825,SP,7113
19294626,0001,1,,02,20131112,20131112,RS,8883
14986214,0001,1,ACADEMIA VO2 MAXIMO,08,20180827,20120113,SP,6177
14807923,0001,1,,04,20201029,20111228,MG,4751
22749960,0001,1,MOV'IN,08,20180830,20150630,RS,8669
23455396,0001,1,PRO FIT STUDIO,02,20151009,20151009,BA,3413
17550788,0001,1,ESPACO FIT,08,20260109,20130205,MA,0961
09191584,0001,1,VITAL SAUDE FUNCIONAL,02,20071009,20071009,DF,9701
15400714,0001,1,,08,20180906,20120329,SP,6291
17667438,0001,1,,08,20180906,20130228,RJ,5897
09416985,0001,1,ACADEMIA NOVO IMPACTO FITNESS,04,20260518,20070806,SP,7099
23870887,0001,1,PWSPORTS CONSULTORIA E EVENTOS ESPORTIVOS,08,20200930,20151221,SP,7107
14612548,0001,1,,02,20111113,20111113,ES,5703
09041422,0001,1,TOP-FORMA,04,20180928,20070814,RS,8599
11580235,0001,1,,08,20241008,20100121,SP,7107
13937377,0001,1,MOVING ACADEMIA,04,20181009,20110706,PA,0415
11429857,0001,1,ACADEMIA CORPO LIVRE,04,20181009,20091229,PB,2051
16608156,0001,1,CYCLUS SPORT FITNESS,04,20181011,20120731,MG,4895
18869631,0001,1,PRO-PHISICAL,02,20130912,20130912,ES,5725
20742702,0001,1,SSL GYM,02,20140721,20140721,RJ,5895
10536078,0001,1,TADEU ELLERKMANN ACADEMIA - ME,08,20231019,20081119,SP,7107
11825479,0001,1,ESPACO DE BELEZA PARA MULHERES,04,20181018,20100415,GO,9373
09137172,0001,1,"CARVALHO, VASCONCELOS E CONSENTINO LTDA",04,20181025,20071018,PE,2491
10485198,0001,1,,02,20080905,20080905,PR,7535
25390580,0001,1,ANGELICA CORVO MIBIELLI,04,20210318,20160805,SC,8161
23430504,0001,1,FITNESS ACADEMIA,08,20181113,20151007,RS,5969
17540107,0001,1,STAR ACADEMY,08,20181122,20130125,SP,6291
19174492,0001,1,ACADEMIA BRASIL,08,20201214,20131031,MG,4267
20022375,0002,2,ACADEMIA JR FITNESS,04,20210219,20150306,TO,9243
15308594,0001,1,BFIT TRAINING,04,20260519,20120403,MG,4625
15425380,0001,1,,02,20240521,20111026,RJ,2907
24208088,0001,1,TIA POLI POOL,04,20210316,20160219,RJ,6001
18749635,0001,1,PROLIFE CENTRO DE SAUDE E CONDICIONAMENTO FISICO,02,20130819,20130819,RS,8653
10844398,0001,1,PLANET FITNESS & SAUDE,08,20181123,20090514,RJ,5865
21277276,0001,1,STUDIO VIVA PILATES,08,20181126,20141023,SP,7099
22978299,0001,1,CORPUS ACADEMIA FITNESS,02,20150803,20150803,MT,9777
13970514,0001,1,ACADEMIA IRON FITNESS,08,20250711,20110718,PE,2379
23191296,0001,1,ANDRE ORSALINO PERSONAL,08,20181130,20150901,SP,7099
15449307,0001,1,LANARE FITNESS,08,20181203,20120430,RS,8881
10457592,0001,1,ACADEMIA PERFORMACE,02,20190517,20081106,MS,0143
11479404,0001,1,FITNESSLIFE,02,20220108,20100120,TO,9733
12222598,0001,1,WELLNESS ACADEMIA,04,20260526,20100705,SP,6897
20901904,0001,1,,08,20181221,20140825,SP,7209
20534294,0001,1,STUDIO VIDA BARRA,08,20181229,20140701,RJ,6001
21601478,0001,1,TOP FITNESS II,02,20240725,20141222,RS,8589
21447695,0001,1,INTERACT CROSSFIT ACADEMIA,02,20211202,20141121,SP,6155
22466834,0001,1,CARRASCO,02,20150508,20150508,DF,9701
22910474,0001,1,BUY N LARGE,04,20210311,20150722,RJ,6001
10477135,0001,1,CENTRO DE BEM ESTAR IN EQUILIBRIUM,08,20190130,20081030,GO,9373
20001638,0001,1,ACADEMIA PERSONALIZADA NEO SAUDE,02,20140331,20140331,PR,7493
13866159,0001,1,,08,20220505,20110615,SP,6163
20739925,0001,1,IDEAL FITNESS,08,20240809,20140730,SP,6311
14133460,0001,1,ACADEMIA ESPACO FEMININO,04,20190116,20110816,PB,1981
22543795,0001,1,,08,20190116,20150528,ES,5645
20953226,0001,1,,04,20260515,20140901,CE,1337
25229245,0001,1,ESPACO DE DANCA SUPERACAO,02,20160718,20160718,SP,6155
22910131,0001,1,ROM TREINAMENTOS,02,20150723,20150723,RS,8793
22820065,0001,1,HB FUNCIONAL TRAINER,08,20190130,20150709,MG,4733
16579808,0001,1,BODY SPACE,04,20190131,20120726,PB,2175
13433007,0001,1,CORPORE SANO ACADEMIA,04,20231025,20110328,GO,9373
22232043,0001,1,NA PONTA DOS PES,08,20210318,20150412,MG,4573
20023874,0001,1,ROGERIO SANTOS JIU JITSU,08,20190219,20140404,RS,8801
18347459,0001,1,ACADEMIA AKTIVE,02,20130617,20130617,MT,8999
20204734,0001,1,CLINICA TIA MADA,08,20210219,20140507,MT,9819
22298644,0001,1,FS - RETIFICA E PECAS PARA CABECOTES AUTOMOTIVOS,08,20250103,20150422,SP,6643
20753199,0001,1,STUDIO OLLIVER FITNESS,08,20190320,20140801,MG,4659
08964824,0001,1,PORTE FISICO ACADEMIA,04,20190321,20070725,SP,6681
21316160,0001,1,LOJA SPACO FITNESS,08,20190328,20141030,MG,4289
11098912,0001,1,ARTE FITNESS ACADEMIA,04,20190329,20090821,RS,8785
22087124,0001,1,STUDIO PATRICIA SOUZA,02,20150319,20150319,MG,4779
24426284,0001,1,,08,20251230,20160321,RS,8939
23139326,0001,1,ACADEMIA LIVE FIT,08,20200210,20150825,RR,0301
18055678,0001,1,,02,20130506,20130506,MG,4031
13907088,0001,1,IRON FIST GYM,04,20220609,20110702,SC,8267
23528119,0001,1,VIVA MELHOR PERSONAL TRAINER E ACESSORIOS ESPORTIVOS,02,20151023,20151023,SP,6427
24365299,0001,1,LIANA CHAFFE DERMATOLOGIA FUNCIONAL,02,20160309,20160309,SP,6511
15178420,0001,1,ERNANDO COUTINHO ASSESSORIA ESPORTIVA,04,20210409,20120312,PI,1219
24410724,0001,1,PREMA OM CURSOS E TERAPIAS INTEGRATIVAS,08,20190623,20160317,RS,8801
18329548,0001,1,GYM FIT,02,20130619,20130619,RJ,5801
22611456,0001,1,LS PRODUCOES,08,20190731,20150609,BA,3597
11735157,0001,1,VALERIUS CORPOS,04,20210317,20100310,PR,7585
24051503,0001,1,ACADEMIA 12/8,02,20160126,20160126,PE,2393
25247093,0001,1,ADRENALINA TOP FITNESS ACADEMIA,08,20230517,20160720,MS,9169
19353535,0001,1,+ FIT ACADEMIA,02,20131122,20131122,RN,1761
14521834,0001,1,,02,20110929,20110929,RJ,6001
12374728,0001,1,HIDRO VR,04,20260512,20100813,RJ,5925
18327453,0001,1,,08,20200114,20130619,SP,7097
25046365,0001,1,DARLENE RIBEIRO FITNESS,08,20190927,20160621,SP,2993
25391305,0001,1,ACADEMIA CULTURA FISICA,08,20190930,20160801,MT,9067
15321062,0001,1,,08,20191008,20120404,MG,4867
23715488,0001,1,ACADEMIA TEMPLO GYM,08,20231214,20151123,GO,9571
23719585,0001,1,VENUM ACADEMIA,08,20191114,20151123,SP,6639
10282466,0001,1,PLENA FORMA,08,20191121,20080820,MS,9051
25267764,0001,1,WNS FUTEBOL SOCCER,02,20160722,20160722,RJ,6001
14107022,0001,1,,02,20110804,20110804,PR,7535
15251153,0001,1,BIA LOPES TRAINING,02,20120322,20120322,ES,5691
19989927,0001,1,FIT ACADEMIAS,08,20260304,20140401,RS,8841
24457055,0001,1,ALLAN RICARDO FERNANDES DE OLIVEIRA,02,20250115,20160324,SP,6979
15223510,0001,1,CROSSFIT CONECTADO,08,20240607,20120319,MG,5343
24594508,0001,1,ACADEMIA NEW FITNESS,04,20210426,20160414,AL,2785
17086258,0001,1,ACADEMIA PRO-FITNESS,08,20220404,20121030,MG,4939
20402754,0001,1,ACADEMIA ESTETICA PARK,02,20140529,20140529,PR,7691
10278627,0001,1,BOA FORMA ACADEMIA,04,20220609,20080819,MG,4625
16673815,0001,1,WORLD FITNESS ACADEMIA,08,20210419,20120806,DF,9701
12044836,0001,1,ACADEMIA UNIVERSO DO CORPO FITNESS,02,20100323,20100323,RJ,5853
07594978,0132,2,SMARTFIT,02,20150521,20150521,CE,1389
22887724,0001,1,SOLANNE FITNESS,08,20200108,20150720,RN,1779
20990615,0001,1,JESSICA ABREU PERSONAL,08,20200109,20140908,ES,5699
23477577,0001,1,,02,20151014,20151014,SP,6219
17397196,0001,1,OVG ACADEMIA ARAUTOS FITNESS,02,20231129,20121228,SP,6291
10328620,0001,1,ORION ACADEMIA,08,20200226,20070719,SP,7107
17584370,0001,1,BELLA & ALONG SAUDE E REABILITACAO,02,20130216,20130216,SC,8179
22741849,0001,1,BOA FORMA ACADEMIA,04,20260527,20150626,AC,0155
97529999,0001,1,TOTAL FITNESS,02,20110711,20110711,SP,7051
18564224,0001,1,NEWFIT ACADEMIA,02,20130726,20130726,GO,9353
25077721,0001,1,CRISTINY DE SOUZA RIBEIRO,08,20200421,20160625,PA,0415
21133858,0001,1,CLUB ON STUDIO PERSONAL,08,20200505,20140929,BA,3849
15540139,0001,1,ERGOLIFT BEM ESTAR E PRODUTIVIDADE,02,20120507,20120507,DF,9701
24238090,0001,1,EKO FIT EIRELI,08,20200519,20160224,PA,0415
20172927,0001,1,VIDATIVA FLORIPA ASSESSORIA ESPORTIVA,08,20200526,20140502,SC,8105
18722075,0001,1,ESPACO FITNESS,08,20200526,20130821,MA,0232
22300793,0001,1,,08,20200528,20150422,PA,0483
23771957,0001,1,MOTUS,08,20200924,20151201,PE,2531
09911608,0001,1,FLEX SPORT ACADEMIA DE GINASTICA,02,20080625,20080625,PR,7667
22686936,0001,1,,08,20200624,20150619,CE,1355
22506912,0001,1,TALITA BRAINER PERSONAL TRAINER,08,20200709,20150522,PE,2531
14708553,0001,1,,02,20111201,20111201,SP,6291
21725332,0001,1,XTREME FIGHT & FITNESS,08,20251028,20150122,PR,7667
20081673,0001,1,MUNDO ATLETA ACADEMIA,08,20200619,20140414,GO,1052
24042698,0001,1,CT PRADO TEAM,04,20210218,20160125,MS,9021
21574656,0001,1,ACADEMIA CORPUS FITNESS,02,20201127,20141216,MG,4133
20079437,0001,1,IMPERIO ACADEMIA,02,20140414,20140414,MS,9093
19623717,0001,1,ACADEMIA COLISEU TEAM,08,20160310,20140130,SP,7075
22049739,0001,1,UP ACADEMIA,02,20210721,20150314,BA,3391
22729726,0001,1,ESTHILUS FITNESS ACADEMIA,08,20161103,20150626,MG,5035
19769381,0001,1,STRONG - CORPUS,02,20140221,20140221,MG,4565
10416038,0002,2,,08,20170202,20141118,SP,7079
13087623,0001,1,FAEX ASSESSORIA E EVENTOS,08,20171124,20110110,BA,3685
08969130,0001,1,ADAPT FITNESS ACADEMIA,08,20180803,20070710,SP,6213
24489564,0001,1,BETHASTRONG TREINAMENTO FUNCIONAL,08,20260427,20160329,SP,6213
17953344,0001,1,IZA ESCOLA DE NATACAO,02,20130417,20130417,SC,8107
14563644,0001,1,CRIS BARON,02,20111103,20111103,RS,8919
19109261,0001,1,CIA DO CORPO,08,20210409,20131022,RS,5933
09523673,0001,1,,04,20220609,20080428,MG,4445
14198738,0001,1,PERFORMACE,08,20120523,20110829,MG,4101
21841467,0001,1,NEW LIFE ACADEMIA,02,20210604,20150209,PB,2117
10334451,0001,1,CORPO EM FORMA,08,20180815,20080905,AL,2835
23045884,0001,1,VILLA VIP ACADEMIA,02,20150812,20150812,SP,7107
08816243,0001,1,ACADEMIA IMPERIO FITNESS,02,20070419,20070419,DF,9701
11778895,0001,1,ICE MANIIA,08,20200904,20100323,RN,1649
19109094,0001,1,TB PSICOMOTRICIDADE,02,20131022,20131022,GO,9395
16888515,0001,1,UNIAO ESPORTE CLUBE ASSESSORIA ESPORTIVA,02,20120921,20120921,MS,9011
20705258,0001,1,STUDIO AQUA DANCE,02,20230224,20140724,SP,7033
17681283,0001,1,BMR ESPORTES,08,20201023,20130304,MG,5391
09494876,0001,1,AMT SAUDE E QUALIDADE DE VIDA,08,20151113,20080313,BA,3573
20334227,0001,1,EVELING PEDROSO,08,20150529,20140528,PR,7667
12005144,0001,1,AQUI FIT,04,20201027,20100527,PE,2531
14229958,0001,1,ARENA FITNESS ACADEMIA,08,20170310,20110712,SP,6313
15755625,0001,1,PANTANAL TOP TEAM,08,20161213,20120522,MS,9051
20889790,0001,1,ACADEMIA CENTER FITNESS,08,20160324,20140822,BA,3795
23434370,0001,1,PERSONAL TRAINER LIGHT,04,20260515,20151007,BA,3573
21106035,0001,1,ACADEMIA UTTERFIT,08,20160628,20140924,SP,6639
21447071,0001,1,THE XTREME FUNCTIONAL TRAINING,08,20150119,20141121,TO,9733
21822502,0001,1,,08,20160404,20150205,MG,4123
21891162,0001,1,DUL FITNESS,08,20150316,20150219,SP,7151
22287303,0001,1,STREET WORKOUT BRASILIA,08,20150629,20150419,DF,9701
22664804,0001,1,ACADEMIA PERSONAL CANADA,08,20161212,20150617,MT,9151
23738435,0001,1,LEONARDO PERSONAL,08,20171229,20151126,MG,4553
23949416,0001,1,MILENE PERSONAL TRAINER,08,20170309,20160111,BA,3849
24147341,0001,1,,08,20170329,20160211,SP,7057
24257781,0001,1,INOVARE FITNESS,08,20170816,20160226,SP,6221
24907371,0001,1,D'ELLAS FITNESS,08,20161024,20160531,SP,7151
19208645,0001,1,PROFIT SAO LUIS,08,20170203,20131106,MA,0921
20639596,0001,1,,08,20180125,20140710,SC,8047
25461394,0001,1,RAUL LUCAS CORREIA STANCIA,08,20201109,20160811,SP,6933
09152350,0001,1,RC CROSS TRAINING,08,20240425,20070824,SP,6291
23329010,0001,1,PERSONA FIT ACADEMIA,04,20210317,20150721,PR,7535
15473636,0001,1,,02,20120409,20120409,SP,7107
18455886,0001,1,IMPACTO SPORT FITNESS,08,20201217,20130626,RS,8791
14056016,0001,1,ATHLETICA,04,20220607,20110801,PE,2457
25291128,0001,1,,08,20210106,20160726,MG,4305
23007064,0001,1,NOVA ERA SPORTS,08,20210114,20150805,SP,7107
22817606,0001,1,,08,20210126,20150709,MS,9051
19817293,0001,1,EMPORIO MARCIAL,04,20210203,20140302,SP,7247
17035337,0001,1,ACADEMIA EXTREME,04,20210209,20121019,ES,5699
19368761,0001,1,,04,20210209,20131204,ES,5703
19951315,0001,1,,04,20260525,20140326,DF,9701
24266984,0001,1,ALT TREINAMENTO FUNCIONAL,04,20210210,20160227,DF,9701
23130239,0001,1,CENTRO DE TREINAMENTO CORE MAIS,04,20210210,20150821,DF,9701
21901823,0001,1,,08,20250310,20150220,RN,1761
20886569,0001,1,,08,20220110,20140821,RS,8851
13700180,0001,1,SUMMER,04,20260528,20110503,SP,6971
19789360,0001,1,BOA VISTA SPORT'S,04,20210218,20140224,ES,0760
21273434,0001,1,CLUBE DA LULUZINHA,04,20210223,20141022,AP,0605
22968253,0001,1,PRO FITNESS ACADEMIA,04,20210223,20150731,AP,0605
14737674,0001,1,JC FITNESS,02,20240122,20111208,CE,1427
18060076,0001,1,EDUCASIL,08,20210602,20130506,SP,7107
23872227,0001,1,SANTE & PILATES,04,20210226,20151221,SP,7107
19953338,0001,1,KERTOLY NEIVA PERSONAL TRAINER,08,20210226,20140326,MG,4123
17690933,0001,1,DUDU FITNESS,08,20210608,20130226,CE,1417
21964976,0001,1,SAUDE FEMMINI,08,20210412,20150303,PR,7493
19491637,0001,1,ACADEMIA FITWAY,04,20210309,20131219,PR,7777
10629167,0001,1,ESPACO ANANTA,04,20210311,20081014,RJ,6001
17272176,0001,1,,02,20241022,20121206,RJ,6001
14221765,0001,1,ACADEMIA VITAL TRAINING,04,20210317,20110512,PR,7535
23936387,0001,1,ESTUDIOS GIL,08,20241001,20151207,PR,7535
24379454,0001,1,,08,20210319,20160314,PR,7957
21415191,0001,1,ACADEMIA STUDIO VIVA MAIS,08,20250623,20141117,SP,6425
20539435,0001,1,ACADEMIA VIDA ATIVA,02,20140702,20140702,ES,5699
10469810,0002,2,ADCAZ,04,20240830,20090406,SP,6477
23392241,0001,1,CORPUS ACADEMIA,02,20151001,20151001,CE,1427
22280813,0001,1,FELIPE MOURA,08,20210331,20150417,BA,3849
18791289,0001,1,,02,20250403,20130829,BA,3849
22082570,0001,1,GUSTAVO SUZART PERSONAL TRAINER,04,20210407,20150319,BA,3849
22361788,0001,1,AGDA COSTA PERSONAL TRAINER,08,20220125,20150501,BA,3849
23814420,0001,1,ANA PASSOS ASSESSORIA ESPORTIVA,04,20210407,20151209,BA,3849
10476681,0001,1,ANIMAL KING ACADEMIA,04,20210408,20081106,RJ,2921
20499657,0001,1,STUDIO PERSONAL JOSE HENRIQUE,04,20210408,20140625,RJ,5883
12365579,0001,1,ACADEMIA PARTHENON,04,20210408,20100629,SP,7071
22635509,0001,1,STUDIO FITNESS ACADEMIA,04,20210413,20150612,MG,5403
11585177,0001,1,PERFECT BODY,04,20210413,20100222,SP,6593
18749742,0001,1,THOR ACADEMIA,04,20210413,20130826,SP,6921
23657481,0001,1,ASSESSORIA ESPORTIVA EQUILIBRIO,04,20210413,20151112,SP,7121
24562918,0001,1,STUDIO HB FITENESS,08,20250331,20160411,SP,6665
23748826,0001,1,NEW LIFE ACADEMIA,02,20250623,20151126,SE,3105
16770460,0001,1,PERSONATIVA TREINAMENTO PERSONALIZADO,04,20210416,20120828,MG,5133
20340368,0001,1,,04,20210416,20140528,MG,4921
14690949,0001,1,,04,20210419,20110930,SP,6165
13739565,0001,1,PRO FITNESS,08,20251006,20110513,SP,6361
08760135,0001,1,LION FIT,04,20260515,20070413,BA,3901
25451742,0001,1,ACADEMIA STILO FITNESS,04,20260515,20160810,BA,3505
10435948,0001,1,ACADEMIA VIGOR FITNES,08,20250123,20081022,BA,3965
12270921,0001,1,ACADEMIA NORMA GALVAO,08,20210513,20100719,PE,2381
20702009,0001,1,POWER FITNESS,02,20210812,20140715,RN,1761
23665203,0001,1,CENTRO DE TREINAMENTO CREATIVE,08,20210525,20151113,AL,2785
16771668,0001,1,CORPO LEVE - ESTUDIO DE PILATES,08,20210506,20120829,GO,9625
14857518,0001,1,ESPACO STUDIO PILATES II,08,20210510,20111222,PE,2531
25048811,0001,1,AG SAUDE - ASSESSORIA GERAL DA SAUDE,02,20160621,20160621,SP,7107
17952874,0001,1,BOAS MAOS CONSULTORIA,04,20240827,20130417,PE,2521
17650088,0001,1,ASSOCIACAO EVOLUCAO,04,20181228,20121210,SP,6861
23111249,0001,1,,08,20160617,20150821,SP,6219
23129213,0001,1,,08,20180412,20150825,RS,8941
12364155,0001,1,ESPACO VIDA E SAUDE,04,20210409,20100811,PE,2499
23258195,0001,1,MOVIMENTE STUDIO PILATES,04,20220208,20150911,RJ,5883
23315296,0001,1,MARCELO DE MEIRA GONCALVES,08,20190311,20150921,PR,7535
12576309,0001,1,NAFB - NUCLECO DE ATIVIDADE FISICA BRASIL,04,20220609,20100923,BA,3645
23331565,0001,1,GUIAGOTE LTDA,08,20190422,20150923,SC,8179
12654500,0001,1,,02,20101001,20101001,SP,7107
23423170,0001,1,ACADEMIA ESPARTA,08,20160905,20151006,RS,8951
23497390,0001,1,FH COLARES PERSONAL TRAINER,08,20160314,20151019,CE,1389
12811227,0001,1,CENTRO DE TREINAMENTO PERSONALIZADO SANTE FITNESS,02,20101022,20101022,SP,6301
23562450,0001,1,SPAZIO SALUTE E BENECERE - ESTICA & PUXA,02,20151028,20151028,SC,5541
18180892,0001,1,NOVA FORCA TEAM JIU-JITSU,04,20260528,20130524,SP,7107
23654564,0001,1,ESTUDIO DE PILATES VIDA EM FORMA,04,20210323,20151112,SC,8047
23662252,0001,1,SILVIO MATOS SOLUCOES ESPORTIVAS,04,20210203,20151113,SP,7099
10345144,0001,1,,08,20230717,20080916,RS,8633
12101704,0001,1,ACADEMIA CHUTE BOX MARCELO DHALSIN E KATIA JUMP FIT,08,20180201,20100619,PR,5453
23924051,0001,1,ABIDALA TRAINER,04,20210408,20160107,RJ,2907
12059078,0001,1,ACADEMIA CLUBE DO CORPO,08,20230914,20100609,BA,3849
23964616,0001,1,JUV ESCOLA DE FUTEBOL,02,20260106,20160113,SP,6177
24027994,0001,1,,08,20160401,20160122,SP,6921
24034038,0001,1,,08,20210420,20160122,SP,7097
24048585,0001,1,ACADEMIA ATITUDE FEMININA,08,20250325,20160126,SP,7245
24144193,0001,1,PERSONAL TRAINER CLAUDIA MUNIQUE,04,20231027,20160211,RJ,6001
24168069,0001,1,,08,20160608,20160215,RS,8589
24180412,0001,1,PERSONL TRAINER LU,08,20180202,20160216,PR,7927
24221428,0001,1,ALINE TREINADORA PESSOAL,08,20160412,20160222,SP,6713
24269560,0001,1,FERNANDO BARTOCCI,08,20170109,20160229,MG,5403
24320316,0001,1,C.G. ESPORTES,08,20220107,20160307,SP,7145
24340045,0001,1,,04,20260605,20160309,SP,6789
20916884,0001,1,,08,20230726,20140826,SP,7099
24405674,0001,1,TW FIT,02,20160317,20160317,GO,9571
24425545,0001,1,STUDIO DOCTORFIT RIO BRANCO ACRE,08,20170522,20160309,AC,0139
24453997,0001,1,VERA GINASTICA PILATES,08,20180201,20160324,RS,8949
24580682,0001,1,PERSONAL FIT,08,20161017,20160412,PE,2531
24748251,0001,1,BIANCA PERSONAL TRAINEER,08,20170921,20160507,BA,3781
18804097,0001,1,ACCEC,04,20181016,20130813,SP,7107
24924059,0001,1,HEURY PERSONAL,08,20170607,20160602,RJ,5849
15241321,0001,1,ACADEMIA ENERGY,02,20210120,20120321,PA,0427
25031779,0001,1,ACADEMIA DIX,08,20190702,20160620,PE,2531
19013708,0001,1,,02,20131004,20131004,MG,5285
13569544,0001,1,PRIME FITNESS,04,20231027,20110427,MG,4371
25104814,0001,1,AUGUSTO DOSO,04,20210426,20160629,PB,1981
14666349,0001,1,ACADEMIA FISIOFITNESS,08,20200911,20111122,MG,4739
25274875,0001,1,W2 PERSONAL STUDIO,04,20210317,20160725,PR,7691
25426606,0001,1,EQUILIBRIO FUNCIONAL STUDIO,08,20170801,20160809,CE,1411
25434040,0001,1,CIRCUIT TRAINING,02,20160725,20160725,RJ,6001
17127064,0001,1,PILATES BRUNA PERUZZO,04,20210210,20121107,DF,9701
24603924,0001,1,GENUS PSICOLOGIA,08,20191022,20160415,RN,1761
24812578,0001,1,LORENNA FREITAS,08,20170109,20160517,DF,9701
08635460,0001,1,,04,20190123,20070130,MG,4209
23954775,0001,1,ANDRE OCLEYS PERSONAL TRAINER,08,20220324,20160112,ES,5703
19944655,0001,1,L5 GESTAO ESPORTIVA,08,20220617,20140325,PE,2491
08864414,0001,1,,08,20171211,20070604,MT,9067
19956383,0001,1,BLUD SPORT & WELLNESS,08,20240221,20140326,RJ,6001
10588169,0001,1,,04,20180904,20090122,MG,4123
20025848,0001,1,DE BOM COM A VIDA FITNESS,04,20210209,20140404,ES,5703
11675905,0001,1,,08,20160831,20100301,BA,3873
11999432,0001,1,ACADEMIA BODY ACTION,08,20190807,20100510,DF,9701
20119486,0001,1,BODY HEALTH,08,20260430,20140422,MS,9051
20151363,0001,1,ACADEMIA BIO FIT,04,20231030,20140428,GO,9445
12660761,0001,1,,04,20181002,20100920,RJ,5897
22687630,0001,1,TOP FITNESS ACADEMIA,08,20250128,20150521,CE,1585
22619022,0001,1,KELI PILATES,08,20180514,20150610,SC,8063
20686949,0001,1,LUZFRAN,04,20181017,20140721,DF,9701
20699766,0001,1,,08,20161025,20140723,RS,8785
20850173,0001,1,VDP HEALTH & FITNESS,08,20160311,20140816,RJ,6001
15656784,0001,1,ACADEMIA FOX GREEN ZONE,02,20120525,20120525,SP,7057
24956616,0001,1,LEO ABRAHAO PERSONAL,04,20220124,20160607,AL,2785
21152159,0001,1,,08,20180201,20141002,RS,8729
21154623,0001,1,ESPACO FITNESS,08,20180201,20141002,RN,1681
21176196,0001,1,ACADEMIA OFICINA DO CORPO,04,20260528,20141006,RJ,5909
21248080,0001,1,,08,20210204,20141017,SP,7079
21653510,0001,1,RENATO DAS NEVES ANDRADE,08,20190128,20150109,BA,3685
21736315,0001,1,AVANCI GYM,02,20150123,20150123,PR,7425
21937736,0001,1,ESPACO VITAL,08,20210825,20150226,BA,3915
21975066,0001,1,PATRICK PERSONAL FITNESS,08,20180130,20150304,RN,1761
21998162,0001,1,VIDA ATIVA,02,20210729,20150306,RS,0962
22092689,0001,1,ROSANA PERSONAL,08,20170718,20150320,RJ,5805
22115544,0001,1,DANIEL MAGALHAES,08,20150713,20150324,SP,6291
22186838,0001,1,VENTURA ESPORTE,08,20170811,20150405,SP,7107
16802867,0001,1,,08,20220329,20120904,SP,6601
11135814,0018,2,,08,20180911,20120926,RJ,5865
22589065,0001,1,PRO SAUDE,08,20180219,20150605,PR,7667
17161151,0001,1,EPT IMPACT ACADEMIA,08,20180710,20121010,CE,1411
22663688,0001,1,CLINICA DE ATENDIMENTO PERSONALIZADO EQUILIBRIUM,08,20180521,20150617,PR,7927
22679452,0001,1,CIA ATLETICA,08,20151223,20150618,MT,9067
22711727,0001,1,CORPOREUM,02,20150622,20150622,RN,1761
22743889,0001,1,CB FITNESS ASSESSORIA ESPORTIVA,08,20180321,20150629,SP,7107
22879935,0001,1,JULIANA OSORIO,08,20171225,20150720,MG,4123
22910180,0001,1,CENTER FITNESS MARINGA,08,20160328,20150723,PR,7691
22998701,0001,1,FISIOVIRTUTIS,04,20240808,20150805,RJ,6001
23014865,0001,1,,08,20220208,20150807,BA,3597
17591373,0001,1,ACADEMIA WINNER,04,20260515,20130218,BA,3849
08414365,0001,1,PRO-PHYSICAL ACADEMIA DE ATIVIDADES FISICAS,08,20230126,20061031,RS,8801
08258208,0001,1,R1,08,20150209,20060809,SP,7107
09495666,0001,1,PRATIQUE ESPORTES,04,20240830,20080208,SP,6477
10294335,0001,1,FORMA IDEAL,04,20210323,20080826,SC,8071
20269780,0001,1,STADIUM FITNESS,08,20220322,20140507,PR,7685
10433493,0001,1,ENERGIA VITAL,08,20220202,20081028,AM,0241
17180077,0002,2,SELF IT ACADEMIAS,08,20230906,20140519,BA,3849
10575732,0001,1,FIT YOU,02,20090108,20090108,SP,7107
09126652,0001,1,ACADEMIA STUDIO DE PERSONAL TRAINER VITRUVIANO,02,20071011,20071011,DF,9701
10615791,0001,1,NOVO ESTILO DE VIDA,08,20170120,20090204,SC,8327
10664268,0001,1,MUSCULACAO SAUDE,04,20260515,20090219,BA,3341
14718171,0001,1,,08,20170711,20111031,SP,7107
11647041,0001,1,,08,20111123,20100127,RJ,5865
11916353,0001,1,ACADEMIA ALL FITNESS,08,20160510,20100423,SC,8047
19161825,0001,1,RF FITNESS ACADEMIA,02,20131029,20131029,RJ,5819
19958442,0001,1,,08,20220610,20140327,SP,6249
24204339,0001,1,BRASFORT ACADEMIA,02,20160218,20160218,PI,1211
13324216,0001,1,EROS ACADEMIA,02,20110222,20110222,PR,7971
23630287,0001,1,,08,20210616,20151110,MG,4733
13367328,0001,1,ACADEMIA VISUAL,08,20210629,20110311,MG,4003
12493634,0001,1,,08,20230606,20100908,CE,0991
19860101,0001,1,KAIROS STUDIO PILATES,02,20140312,20140312,SP,7107
17517713,0001,1,CORE PILATES REABILITACAO E PREVENCAO PERSONALIZADA,08,20211118,20130121,GO,9373
19017192,0001,1,,02,20131003,20131003,RS,8801
24679348,0001,1,KAKUDA CROSSFIT,02,20160428,20160428,GO,9425
16853273,0001,1,EVOLUTTION FITNESS,02,20120914,20120914,SP,6469
08323243,0001,1,VILLA SPORT,02,20060717,20060717,ES,5703
24291436,0001,1,ALPHA TRAINING,02,20210625,20160302,SP,6165
18157967,0001,1,BOX CROSS ERECHIM,08,20210809,20130510,RS,8637
24647787,0001,1,AL PILATES,08,20210830,20160423,PR,8461
24945387,0001,1,INNCRA FIT ACADEMIA,02,20160606,20160606,DF,9701
21737462,0001,1,STUDIO DE PILATES BARBARA MENESES,08,20210824,20150123,BA,3597
18329062,0001,1,BOX 33,08,20251113,20130618,RS,8521
23285063,0001,1,,08,20210901,20150916,SP,6131
18738020,0001,1,ULTIMATE STUDIUM,08,20210909,20130823,SP,6511
23674216,0001,1,MUNCHEN PILATES,02,20151116,20151116,MT,9929
11826155,0001,1,MARCOS ROGERIO TREINAMENTO PERSONALIZADO,02,20100416,20100416,SE,3157
18145033,0001,1,CONFORT FITNESS,02,20130520,20130520,RS,8619
21593477,0001,1,ACADEMIA PLENA FORMA,08,20211109,20141219,CE,1585
11535574,0001,1,SHAPE,08,20211130,20100208,MG,4123
12961976,0001,1,DEMETRIOS LEADEBAL,08,20250203,20101204,DF,9701
11015913,0003,2,ALL IN ONE ACADEMIA,04,20260513,20151103,DF,9701
12979420,0001,1,BORDADOS KAIMAN,04,20260512,20101129,CE,1389
19447708,0001,1,ACADEMIA HIPERFORMA,08,20211215,20131226,PB,2057
20290281,0001,1,JS JIU JITSU,08,20211201,20140521,PE,2531
08271795,0001,1,ACADEMIA BIOFORMA,08,20211206,20060904,MG,5427
17589221,0001,1,PALOMA HERCULANO TREINAMENTO FEMININO,02,20130218,20130218,MG,4675
24939056,0001,1,THIAGO NEVES,08,20211228,20160605,MG,4123
24240220,0001,1,INSTITUTO PILATES,02,20160222,20160222,CE,1389
17996622,0001,1,SAUDE & BEM ESTAR,08,20220112,20130424,BA,3573
19578926,0001,1,,08,20231005,20140123,SP,6475
17082596,0001,1,ACADEMIA CORPUS,08,20170811,20121026,DF,9701
25402658,0001,1,,04,20220127,20160808,RJ,5837
22070051,0001,1,VITALY STUDIO DE PILATES E ESMALTERIA,08,20250327,20150317,MT,9067
24556688,0001,1,ACADEMIA SAMURAY,04,20220208,20160408,BA,3533
22412608,0001,1,JRL,04,20220208,20150509,RJ,6001
20347079,0001,1,STUDIO VIDA ATIVA,08,20220802,20140529,ES,5703
22733946,0001,1,RM ESTUDIO DE CONDICIONAMENTO FISICO,02,20240304,20150626,MG,4111
24138534,0001,1,FUNCIONALXT,08,20241108,20160210,SP,7107
24821200,0001,1,SIMAO GONCALVES,02,20220325,20160517,SP,7107
19264965,0001,1,STUDIO GUEDES & ZAZA,02,20131118,20131118,BA,3651
14787553,0001,1,ACADEMIA ATLAS,08,20220216,20111221,MG,5343
10564104,0001,1,CLINICA GYNSENG,08,20220307,20081216,SP,6291
13161015,0001,1,WALL FITNESS,02,20260518,20110125,MT,9067
09343238,0001,1,KIRRA FITNESS,02,20080129,20080129,RS,8933
16914999,0001,1,HABEAS CORPUS,04,20260526,20120926,AL,2785
22493757,0001,1,HIROO DESEMPENHO ESPORTIVO,08,20220419,20150521,SP,6789
22053992,0001,1,BIO STYLE ACADEMIA,02,20220105,20150316,SP,6313
24869657,0001,1,STUDIO BLACK STAR,02,20160524,20160524,CE,1389
16594372,0001,1,ACADEMIA VIDA FIT,02,20120705,20120705,RS,8541
08399349,0001,1,,02,20061027,20061027,SP,6229
24081927,0001,1,GB STUDIO PERSONAL,02,20160129,20160129,MG,4985
13323221,0001,1,ACADEMIA JK,02,20110221,20110221,SP,7089
23416729,0001,1,ACADEMIA FITNESS BODY HEALTHY,08,20220721,20151006,MG,4553
19913500,0001,1,ESTUDIO FUN FIT,04,20220609,20140320,SP,7075
11918118,0001,1,ASSESSORIA ESPORTIVA RDC,02,20220915,20100510,SP,7071
19331332,0001,1,STILO ACADEMIA,02,20131126,20131126,SC,8183
13024869,0001,1,ACADEMIA USA,02,20101028,20101028,RJ,6005
09504065,0001,1,SPEED ACADEMIA,02,20080408,20080408,MG,4037
24000536,0001,1,UMCROSSFIT,02,20160119,20160119,SP,6713
13145194,0001,1,GLADIADOR ACADEMIA,02,20100528,20100528,SP,7107
23904438,0001,1,ACADEMIA VIGOR,02,20160104,20160104,PR,7583
21068753,0001,1,VO2 ADVENTURE ASSESSORIA ESPORTIVA,02,20220628,20140918,RJ,6001
24882654,0001,1,JM NUTRICAO SAUDE E PERFORMANCE,02,20210601,20160527,BA,3849
15807893,0001,1,,02,20120618,20120618,SP,7107
19428722,0001,1,QUALIS VITA PILATES,02,20131218,20131218,SP,6181
24113858,0001,1,CT MATEUS PAVANELLO,02,20210812,20160203,SP,6449
22128588,0001,1,TR PERSONAL TRAINER,02,20150325,20150325,TO,9519
08289995,0001,1,M SELECT,02,20060901,20060901,DF,9701
24623967,0001,1,CAFC - CENTRO ATLETICO FORCA DE CAMPEAO,02,20160419,20160419,AL,2705
18879716,0001,1,ACADEMIA CORPO E SAUDE,02,20130912,20130912,RS,8839
17578282,0001,1,ARKHOS TRAINING WELLNESS CONCEPT,02,20130215,20130215,MS,9051
22122632,0001,1,ACADEMIA ONE FITNESS CENTER,02,20150325,20150325,SC,8083
24159684,0001,1,,02,20221003,20160213,PR,7535
19020658,0001,1,RS ESTUDIO,02,20131007,20131007,SP,7107
10789604,0001,1,KATATAL FITNESS,08,20251203,20090420,BA,3651
24551930,0001,1,SMART FIT HUMAITA,02,20160408,20160408,PA,0427
23189065,0001,1,ATHETIC POINT,08,20251003,20150901,PR,7667
15522872,0001,1,ACADEMIA CORPO ATIVO,08,20240219,20120503,PA,0048
23716974,0001,1,RZF PILATES,04,20210310,20151123,ES,5703
19670289,0001,1,ESPACO EQUILIBRIUM,08,20231108,20140206,SP,7107
21050790,0001,1,,04,20210326,20140917,SP,6477
25157980,0001,1,PLAY CLUB NATACAO,04,20260525,20160707,PE,2491
22173929,0001,1,CROSSFIT SAO VICENTE,08,20230116,20150401,SP,7121
19410197,0001,1,,02,20131213,20131213,RS,6019
25187534,0001,1,BRAGA PERSONAL STUDIO,02,20160712,20160712,DF,9701
15692342,0001,1,,02,20120521,20120521,RS,8801
21160815,0001,1,ACADEMIA BANDSPORT,08,20241210,20141003,SP,6791
23793866,0001,1,GO ACQUAFIT,02,20151204,20151204,SP,7107
24827614,0001,1,CENTRO DE TREINAMENTO INOVE,04,20260521,20160518,PA,0427
21940188,0001,1,,02,20150226,20150226,SP,6789
19962959,0001,1,MARCELO ALVES PERSONAL TRAINER,02,20140327,20140327,SP,6619
24903131,0001,1,CENTAURUS CROSSFIT,08,20260406,20160531,DF,9701
23723908,0001,1,,02,20151124,20151124,SP,7107
20604463,0001,1,,02,20140709,20140709,SC,8233
24031680,0001,1,,02,20160122,20160122,RS,8655
22071601,0001,1,STUDIO HOBBIE PERSONAL FITNESS,02,20150318,20150318,MT,8985
20465256,0001,1,RENOVACAO FITNESS,02,20140616,20140616,RJ,2907
15612929,0001,1,ALMEIDA JJ CASA VERDE,02,20210616,20120529,SP,7107
22649943,0001,1,XTREME MUSCLE GYM,02,20150615,20150615,PR,7563
10229658,0001,1,SIMONE TAYAR JORGE,02,20080704,20080704,SP,6323
22306969,0001,1,MARTINS TREINAMENTO FUNCIONAL,02,20241016,20150423,MT,9067
23020387,0001,1,,08,20240122,20150807,RJ,6001
24248600,0001,1,IMPERIO FITNESS,02,20160224,20160224,GO,9625
22635876,0001,1,ACADEMIA QUALLITY FITNESS,04,20231030,20150612,BA,3849
22810171,0001,1,,04,20231109,20150708,PB,0486
24646491,0001,1,STUDIO BE FIT,04,20260528,20160422,RJ,5871
24326684,0001,1,BEST LIFE,02,20160307,20160307,PA,0425
20804611,0001,1,DESPERTAR YOGA,02,20230801,20140808,PR,7535
14548940,0001,1,DOUBLEFIT CLUB,02,20111031,20111031,RJ,6001
12541143,0001,1,BOOTCAMP 309 NORTE,02,20220214,20100916,DF,9701
16788764,0001,1,ACADEMIA IRON PRO,08,20240712,20120816,SP,6929
17606494,0001,1,MARTA JUNQUEIRA TREINAMENTO DE RESULTADOS,02,20130218,20130218,RS,8785
15768295,0001,1,VISA FORMA ACADEMIA,02,20240730,20120625,MG,4469
25116867,0001,1,RV ACADEMIA,04,20240807,20160630,SC,8161
24648888,0001,1,PANTHEON ACADEMIA,02,20240829,20160218,PR,7535
20956575,0001,1,ESPACO VIVA BEM,02,20140902,20140902,SP,6249
07594978,0047,2,SMART FIT,02,20130104,20130104,MA,0921
15441436,0001,1,PROAFIT GINASTICA LABORAL,02,20230930,20120427,AM,0255
21845015,0001,1,TOP FITNESS ACADEMIA,04,20260601,20150209,SP,7097
17690635,0001,1,DYNAMI PILATES,02,20130305,20130305,MG,5401
09462062,0001,1,BODY FLEX,02,20080319,20080319,PR,7591
17607317,0001,1,BODY TECH,08,20250228,20130215,SP,7107
18507722,0001,1,ATHLETICA FITNESS,02,20130716,20130716,PA,0595
10655369,0001,1,FM MOVIMENTOS,02,20090213,20090213,SP,6589
16743140,0001,1,"ALEXANDRE SAKR - TREINO, NUTRICAO E TECNOLOGIA",02,20120821,20120821,MG,4363
12606672,0001,1,ESTUDIO PILATES,02,20100929,20100929,BA,3849
20804652,0001,1,STUDIO VIP,02,20140808,20140808,RJ,2921
20238271,0001,1,TOP FIT,02,20240417,20140509,RN,1681
16586951,0001,1,ACADEMIA PRO FITNESS,02,20120727,20120727,SP,6237
14102507,0001,1,ACADEMIA PARQUE FITNESS,02,20110810,20110810,DF,9701
10619001,0001,1,DUO FITNESS,02,20090203,20090203,PE,2419
20637033,0001,1,ACADEMIA CORPO & MOVIMENTO,04,20210331,20140714,MG,5035
16809807,0001,1,ESPACO DG,02,20120905,20120905,MA,0921
09149523,0001,1,GARDEN FITNESS ACADEMIA,02,20071022,20071022,MG,5403
08183707,0001,1,,02,20060726,20060726,SP,7097
12932395,0001,1,ACADEMIA GLOBAL ESPORTES BRASIL,08,20251002,20101104,SP,7107
10327061,0001,1,CORPO E MENTE BRAZIL,02,20250129,20080902,SP,6425
12557458,0001,1,POWERFUL,02,20100831,20100831,RS,8877
25085967,0001,1,ATOS STUDIO DE PILATES E TREINAMENTO ESPORTIVO,02,20160627,20160627,SC,5537
10611979,0001,1,PLANET FORMA,08,20170221,20090128,CE,1475
11855373,0001,1,I9 ACADEMIA DE GINASTICA,08,20211223,20100419,PE,2561
18377400,0001,1,EQUILIBRIUM MASSAGE,08,20211111,20130627,SP,7107
22992293,0001,1,RENATEAM ESPORTES E TREINAMENTO,04,20210311,20150804,RJ,6001
08259349,0001,1,,04,20181219,20060811,SP,7071
12869746,0001,1,AQUATICOS + SAUDE,04,20210416,20101117,MG,4123
08930106,0001,1,MEGAFORCE ACADEMIA,04,20180913,20070529,RS,8901
09131759,0001,1,,04,20181128,20071016,RJ,2921
21815286,0001,1,,08,20220909,20150204,ES,5703
10656524,0001,1,CATARINA REJANE ACADEMIA,04,20210409,20090109,PI,1219
12272333,0001,1,ACADEMIA FELIPE UCHOA FITNESS,04,20210407,20100722,BA,3849
13597827,0001,1,,08,20120705,20110503,PE,2457
20397641,0001,1,GYM VIDA NOVA,02,20191024,20140605,PB,2051
16793505,0001,1,,04,20210331,20120828,SP,6843
16927466,0001,1,DIVAS FITNESS,08,20150727,20120912,RS,8589
17213049,0001,1,,08,20190814,20121127,MG,5091
17513043,0001,1,CARVALHO,08,20240313,20130201,RJ,5879
18750183,0001,1,FUNCIONAL STUDIO PERSONAL,08,20171221,20130826,SP,6155
19248347,0001,1,DESPERTA,08,20201222,20131112,RJ,6001
21056392,0001,1,PRIME - SAUDE E BEM ESTAR,02,20140917,20140917,PA,0447
21248215,0001,1,MALHACAO ACADEMIA,08,20240719,20141016,SC,8327
21716557,0001,1,SAUDE FITNESS ACADEMIA,04,20210407,20150121,BA,3849
21979782,0001,1,,08,20170324,20150227,RS,8599
22380325,0001,1,,04,20210224,20150505,CE,1389
23472745,0001,1,SER PILATES,04,20210422,20151014,BA,3965
23870772,0001,1,HILTON LOPES,04,20210305,20151221,SP,7107
23962262,0001,1,,08,20250310,20160113,SP,7107
24062131,0001,1,LAP PROMOCAO DE SAUDE NAS EMPRESAS,08,20160330,20160127,MG,4149
24123619,0001,1,ESPACO MASTER,08,20210512,20160204,RJ,5833
17801730,0001,1,R & W ESPORTES CENTER,08,20180323,20130322,SP,6109
22286752,0001,1,,08,20180803,20150419,RJ,6001
24861757,0001,1,JC SAUDE,08,20190417,20160523,RS,8801
25080520,0001,1,G7 TRAINING CENTER,02,20160627,20160627,SP,6511
25159496,0001,1,PROSPERITA STUDIO DE PILATES,02,20160707,20160707,PR,7535
24714304,0001,1,FITNESS ACADEMIA,02,20160503,20160503,MS,9131
11599486,0001,1,VACUO ASSESSORIA ESPORTIVA,02,20240625,20100201,BA,3313
23446385,0001,1,ACADEMIA ALFA & OMEGA,08,20260123,20151009,MG,4133
21138966,0001,1,CENTRO DE TREINAMENTO CLEITON COSTA,02,20140929,20140929,SC,8117
14182855,0001,1,TOP TRAINING ACADEMIA,02,20190130,20110817,RS,8655
10217724,0001,1,ACADEMIA STATUS CENTER,02,20260128,20080625,BA,3117
16839731,0001,1,MAQUINACB,02,20120912,20120912,RJ,6001
09137154,0001,1,,02,20260609,20071016,MA,0921
14403656,0001,1,ELLA'S FITNESS ACADEMIA,02,20110927,20110927,SP,6779
09295463,0001,1,ACADEMIA DE GINASTICA BIO FORMA LTDA,04,20260512,20080103,ES,5705
23390587,0001,1,,04,20260512,20151001,ES,5625
15227169,0001,1,FIBRA ACADEMIA,02,20260226,20120312,GO,9307
17143218,0001,1,BARRETO GYM,04,20260515,20121105,CE,1511
25275557,0001,1,,04,20260519,20160725,RS,8791
23720776,0001,1,TINA EQUILIBRIUM,02,20151123,20151123,BA,3413
23284498,0001,1,ACADEMIA MEGA FITNESS,02,20150916,20150916,PR,7629
21073153,0001,1,ACADEMIA NUTRIFIT,04,20260525,20140919,RN,1759
18155760,0001,1,CESAR LEITE EVENTOS,04,20260528,20130521,SP,7075
20385215,0001,1,110 CENTRO DE TREINAMENTO,02,20140603,20140603,RS,8907
25753589,0001,1,ONE STUDIO DE PERSONAL TRAINER,02,20160815,20160815,AP,0605
25916253,0001,1,SOLTARE,04,20210218,20160816,MS,9051
25934848,0001,1,,08,20190222,20160816,SC,8367
25965164,0001,1,MASSANOBU SHIRANE,08,20210331,20160816,SP,6713
25965372,0001,1,MTRAINING,08,20180125,20160817,RJ,6001
25966962,0001,1,STUDIO DIEGO DINIZ PERSONAL TRAINER,02,20160817,20160817,PB,2179
25967867,0001,1,FIT50,08,20240823,20160817,GO,9677
25968189,0001,1,ACADEMIA METAMORFOSE,04,20210330,20160817,MG,4371
25968534,0001,1,JAC ARAUJO ACADEMIA,04,20260515,20160817,BA,3849
25974623,0001,1,STUDIO VIDA ATIVA,08,20180430,20160818,SP,6635
25975986,0001,1,MARILIA ANDRADE ASSESSORIA ESPORTIVA,08,20180222,20160818,SP,6377
25976210,0001,1,JS ASSESSORIA ESPORTIVA & EDUCACIONAL,08,20170405,20160818,RN,1779
25976373,0001,1,ESPACO SAUDE E CONTEUDO,08,20241107,20160818,MG,5427
25990718,0001,1,,08,20171215,20160819,SP,6549
25992216,0001,1,MURICY SAUDE & EVENTOS,08,20250424,20160819,RJ,5877
25992562,0001,1,,04,20240902,20160819,SP,7057
25993574,0001,1,,04,20220608,20160808,MT,9067
25996826,0001,1,MAYKSI JHONIS A.C.E.F.S.,08,20180924,20160820,MT,9047
25997469,0001,1,,08,20200828,20160820,PR,7535
25999007,0001,1,STUDIO DE PILATES,04,20210319,20160821,RJ,5909
25999355,0001,1,ACADEMIA DNA,08,20240917,20160822,SP,7145
25999378,0001,1,A FORMA CORRETA,08,20161014,20160822,SP,6313
26000739,0001,1,SPACO FITNESS,08,20170719,20160822,CE,1381
26000862,0001,1,,08,20180416,20160822,PR,7493
26003268,0001,1,LT ESPACO DE DANCA E ATENDIMENTO PERSONALIZADO,08,20241007,20160822,GO,9625
26005222,0001,1,MAGNUM ACADEMIA,08,20180103,20160822,PB,2017
26006140,0001,1,ALFA FITNESS,08,20170808,20160822,MG,4787
26007033,0001,1,JOSI BERTOLDI,02,20160822,20160822,SP,7107
26014533,0001,1,ACADEMIA H2O SPORTS,08,20190212,20160823,PR,7735
26017997,0001,1,VITORIA FITNESS,08,20180423,20160823,PR,8473
26019003,0001,1,ADRIANAPERSONALTREINER,02,20160824,20160824,SP,7107
26019037,0001,1,ATIVA ATIVIDADE FISICA E TREINAMENTO,08,20170531,20160824,SC,8047
26019251,0001,1,STUDIO GEORGIA OLIOZA,08,20180206,20160824,ES,5605
26024633,0001,1,STUDIO A,08,20180208,20160824,MA,0753
26025071,0001,1,FERNANDA,04,20210318,20160824,SC,8039
26028828,0001,1,MJR LAZER E VIDA,02,20160825,20160825,SP,7107
26029869,0001,1,ADRIANA ELLIS STUDIO DE PILATES,08,20190128,20160825,MG,5249
26031645,0001,1,JESSICA PERSONAL,04,20210406,20160825,SP,7075
26032948,0001,1,CROSSFIT ITS TIME,02,20160825,20160825,SP,7071
26035266,0001,1,,04,20210331,20160825,MG,4287
26036631,0001,1,DRUZIANGYM,04,20210304,20160826,RS,8589
26037009,0001,1,ZUCOLOTO SAUDE,08,20170116,20160826,ES,5623
26041135,0001,1,VIA SPORT GOLD,02,20160826,20160826,PR,7667
26041252,0001,1,CENTRO DE TREINAMENTO FISICO JANINA VELOSO,08,20201226,20160826,RS,8771
26041409,0001,1,,08,20171019,20160826,MT,9831
26042133,0001,1,,02,20160826,20160826,SP,7075
26042493,0001,1,ACADEMIA POWER FIT,08,20200902,20160826,MG,4683
26043731,0001,1,BALLET MILLA INGRID,08,20170717,20160826,PE,2521
26045992,0001,1,XTREME PERSONAL TRAINING,08,20210304,20160827,RJ,6001
26046455,0001,1,KARINA NICOLINI,02,20210609,20160827,SP,7057
26047280,0001,1,YURI ARAUJO PERSONAL,08,20190222,20160828,AL,2785
26048302,0001,1,DEPAULA ACADEMIA,08,20251223,20160829,GO,9395
26050258,0001,1,STUDIO PILATES,08,20170508,20160829,RJ,6003
26052963,0001,1,,08,20190110,20160829,RS,7297
26053946,0001,1,,02,20200805,20160411,MG,4733
26056993,0001,1,SARITA,04,20210226,20160829,SP,7107
26057582,0001,1,,04,20210209,20160829,ES,5699
26060955,0001,1,AMMA SPORT,08,20250804,20160830,PR,7535
26062525,0001,1,LIFE SPORT CENTER AMAZONAS,04,20260529,20160830,AM,0255
26064844,0001,1,SAKANOI,08,20211216,20160830,RJ,5927
26065954,0001,1,HERCULES GYM,08,20160902,20160830,MT,9789
26066375,0001,1,CF710,08,20181009,20160830,RS,8771
26067464,0001,1,SANTOS,08,20180405,20160830,RJ,5877
26070764,0001,1,,08,20190527,20160831,SP,7089
20653438,0002,2,,08,20190605,20160831,CE,1389
26073027,0001,1,,04,20210226,20160831,SP,7107
26073717,0001,1,PERSONAL FITNESS,04,20210325,20160831,RJ,5807
26073810,0001,1,ESPACO WORKOUT - TREINAMENTO FUNCIONAL,02,20230416,20160831,SP,7209
26079047,0001,1,ACADEMIA GOLD'S VIKINGS,08,20180118,20160901,MG,4123
26080951,0001,1,ALE TIOZAO,04,20210406,20160901,SP,6251
26081156,0001,1,APRIMORE,02,20160901,20160901,MG,4579
26083300,0001,1,AW ESPORTES,04,20210311,20160901,RJ,6001
26091239,0001,1,MICRO GYM HIIT ZONE FITNESS,08,20190529,20160902,PR,7885
26092024,0001,1,GABRIELA HASMANN,08,20180531,20160902,SP,6589
26093662,0001,1,ACQUATERRA,08,20230817,20160902,RS,5775
26095352,0001,1,MATHEUS FONTOURA PERSONAL TRAINER,02,20160829,20160829,PR,7535
26095785,0001,1,FUNFIT,04,20190530,20160902,BA,3415
26096673,0001,1,CENTRO DE TREINAMENTO ANDRE OLIVEIRA,08,20171129,20160902,SC,8041
26097757,0001,1,MEGATT,04,20210310,20160902,SP,6291
26099790,0001,1,R&C TREINAMENTO FISICO E ALIMENTACAO,02,20220524,20160904,SP,7107
26105339,0001,1,,02,20160905,20160905,PR,7513
26107262,0001,1,PERFORMACE STUDIO FITINEESS,08,20180111,20160905,PR,7985
26110143,0001,1,NATALIA AMARAL FISIOTERAPIA,08,20220214,20160905,MG,4123
26111098,0001,1,,02,20160906,20160906,MG,4553
26114109,0001,1,RS TREINAMENTO,02,20160906,20160906,RJ,6001
26115004,0001,1,,04,20210331,20160906,MG,4787
26115148,0001,1,WSP SUBLIMACAO,04,20210226,20160906,SP,7107
11135814,0044,2,SMARTFIT,08,20190708,20160906,RJ,6001
26120112,0001,1,NAATIVA,04,20210407,20160907,BA,3847
26121680,0001,1,STUDIO FUNCIONAL BRISA VALADARES,08,20171218,20160908,BA,3515
26124399,0001,1,ESPACO SE LIGA,04,20210224,20160908,CE,1389
26129612,0001,1,,02,20160908,20160908,SP,7197
26132128,0001,1,BRUNING PERSONAL TRAINER,04,20210309,20160909,PR,7563
26138754,0001,1,GIULLIANO CARVALHO,08,20170831,20160910,RJ,6001
26141067,0001,1,,08,20161213,20160911,SP,7099
26143737,0001,1,PERSONAL STUDIO,02,20160912,20160912,PR,7851
26144262,0001,1,LIFIT,08,20171212,20160912,RS,8521
26151473,0001,1,RGCTREINER,08,20170820,20160913,PR,7535
26152444,0001,1,CENTRO DE TREINAMENTO NACIONAL FITNES,08,20180222,20160913,MG,4733
26153849,0001,1,STUDIO BELIEVE IN YOURSELF,02,20160913,20160913,PR,7769
26156431,0001,1,,08,20210219,20160913,MG,4445
26156712,0001,1,CENTRO PERNAMBUCANO DE KRAV MAGA,03,20240703,20160913,PE,2531
26157004,0001,1,,08,20220110,20160913,RS,8873
26158195,0001,1,TOP MOVIMENT,08,20161019,20160913,CE,1321
26162519,0001,1,FISIOYOGA,08,20190317,20160914,PR,7659
26168748,0001,1,,08,20210805,20160914,SP,6291
26171861,0001,1,EXPLOSAO FITNESS ACADEMIA,08,20190128,20160914,SP,6589
26173650,0001,1,LIFE STYLE BJJ,08,20180308,20160915,SP,6789
26174043,0001,1,HP PERSONALTRAINER & CONSULTORIAESPORTIVA,08,20180831,20160915,AM,0255
26174057,0001,1,CENTRO DE TREINAMENTO LIFE FITNESS,08,20170905,20160915,RN,1759
26174134,0001,1,TK'S BOX CENTRO DE TREINAMENTO FUNCIONAL,08,20240812,20160915,RO,0009
26176023,0001,1,HA FITINESS,04,20210219,20160915,PA,0415
26009291,0001,1,,02,20160819,20160819,DF,9701
26185614,0001,1,RJ32,08,20180112,20160916,SP,6291
26187324,0001,1,BAHIA FITNESS,08,20190409,20160917,BA,3597
26187635,0001,1,LIVIA SOUZA,08,20210707,20160917,MG,4733
26190651,0001,1,ACADEMIA,02,20160919,20160919,SP,7107
26191879,0001,1,MARCELO PERSONAL,04,20220128,20160919,RS,8839
26193504,0001,1,CENTRO DE TREINAMENTO COMBATE,08,20240502,20160919,PR,7701
26194731,0001,1,,08,20220127,20160919,SC,8163
26200316,0001,1,PLAYHARD,02,20160920,20160920,SC,8161
26203821,0001,1,ZOPPI SPORTS ASSESSORIA ESPORTIVA,08,20201030,20160920,SP,6477
26207248,0001,1,JACOFIT,04,20210319,20160920,RJ,5909
26209515,0001,1,STAR TEAM LAZER E ENTRETENIMENTO,02,20160921,20160921,SP,7107
26211639,0001,1,ESPACO PILATES,08,20181231,20160921,BA,3993
26212697,0001,1,STEEL GYM ACADEMIA,08,20190520,20160920,SP,6281
26217332,0001,1,JULY PERSONAL TRAINER,08,20171212,20160922,RS,8801
26218033,0001,1,,08,20170810,20160922,RJ,6001
26222770,0001,1,,08,20260131,20160922,SP,6969
26223473,0001,1,DANIELA BAZI,08,20220929,20160922,RS,8599
26226409,0001,1,ALLOS,04,20210416,20160923,MG,4123
26231104,0001,1,CANTO MACHADO,08,20161118,20160923,RS,8841
26237505,0001,1,TJ MUSCULACAO,08,20180227,20160926,SP,7107
26238368,0001,1,,08,20190104,20160926,SP,6131
26239512,0001,1,PILATES SOB CONTROLE,08,20190206,20160926,RJ,5837
26241058,0001,1,MAYRA NIERO PILATES,04,20210310,20160926,SP,6291
26244157,0001,1,COACH LENNER TREINAMENTO PERSONALIZADO,08,20180428,20160927,GO,9373
26244639,0001,1,WORKOUT,08,20211021,20160923,ES,5699
26244761,0001,1,STUDIO PERSONAL SYSTEM,08,20170602,20160927,MS,9051
26247820,0001,1,WINGETER FITTNESS,08,20260305,20160927,SC,8217
26249993,0001,1,,04,20210426,20160927,PB,1981
26258493,0001,1,STEPHANY MODESTO STUDIO PILATES,04,20220128,20160928,PA,0463
26259971,0001,1,WOLF CROSSFIT,08,20260525,20160928,SP,7107
26261899,0001,1,,08,20171016,20160929,SP,7145
17032132,0002,2,,02,20160914,20160914,SP,7107
26264805,0001,1,MORAES SPORTS,04,20210304,20160929,RS,8785
26267160,0001,1,ALFA GB FITNESS LTDA,04,20210316,20160929,RJ,6001
26271850,0001,1,AQUA VITA,02,20160930,20160930,SP,6585
26272816,0001,1,ACTION 360,02,20160930,20160930,SP,7107
26277961,0001,1,ALEXCOLUCIUC PERSONAL TRAINER,04,20210317,20161003,PR,7407
26281160,0001,1,IRON LIFE ACADEMIA,02,20161003,20161003,MS,9051
26281327,0001,1,CTERICBRUNO,08,20241112,20161003,MG,5373
26281697,0001,1,,08,20180403,20161003,RS,8749
26282307,0001,1,CONNECTING SOCCER,08,20201222,20161003,MG,4123
26283271,0001,1,XTREME CLINIC,08,20200715,20161003,SP,7107
26283398,0001,1,ATUALIZE LB TREINAMENTO FUNCIONAL,08,20170213,20161003,AL,2789
26289700,0001,1,CORPO &SAUDE ACADEMIA,08,20181126,20161004,SP,2951
26290863,0001,1,MRFITNESSTRAINER,02,20260521,20161004,ES,5647
26293176,0001,1,FABIO MAIA,04,20210316,20161004,RJ,6001
26293509,0001,1,FAGUNDES TREINAMENTO PERSONALIZADO,02,20161004,20161004,RS,8589
26294730,0001,1,,08,20251118,20161005,RS,8953
26295179,0001,1,,08,20180427,20161005,GO,9301
26299205,0001,1,ACADEMIA FITNESS SAUDE & CORPO,02,20161005,20161005,CE,1453
26304877,0001,1,,04,20220208,20161006,RJ,6001
26305465,0001,1,NATARAJA YOGA STUDIO,08,20180402,20161006,MG,4733
26306614,0001,1,PRO-MOVER PILATES & YOGA,08,20190422,20160831,SP,7107
26307244,0001,1,,08,20251020,20161006,SP,6967
26310080,0001,1,ZAGONEL,08,20260512,20161006,RS,8801
26310170,0001,1,PILATES FITNESS,08,20170125,20161006,MG,4123
26313695,0001,1,CENTRO DE TREINAMENTO ATENAS,04,20220608,20161006,RS,8721
26314167,0001,1,EDSON CONDICIONAMENTO FISICO,02,20161007,20161007,SP,7107
26314932,0001,1,AUDAX FUTEBOL CLUBE,08,20170503,20161007,MG,5371
26315230,0001,1,FITNESS ACADEMIA,02,20161007,20161007,BA,3429
24355428,0002,2,CEFIS - CENTRO DE EXCELENCIA FISICA DE BRASILIA,02,20161006,20161006,DF,9701
26316955,0001,1,,08,20200131,20161007,DF,9701
26317291,0001,1,IMPERIO FITNESS CLUB,08,20260204,20161007,ES,5703
26320061,0001,1,ANA PERSONAL,08,20170515,20161008,SP,6887
26321734,0001,1,ATIVACAO,02,20250120,20161009,SP,6177
26321775,0001,1,KRESPORTES,04,20210311,20161009,RJ,6001
26323753,0001,1,,04,20231116,20161010,PE,2473
26324874,0001,1,,02,20161010,20161010,PE,2535
26325620,0001,1,MB CROSS,04,20210203,20161010,SP,6219
26326837,0001,1,,08,20200904,20161010,SP,7107
26330079,0001,1,LOURRAYNE,04,20201029,20161010,MG,5401
26333833,0001,1,,08,20210721,20161011,AL,2785
26335243,0001,1,,02,20250929,20161011,SP,6897
26337257,0001,1,ACADEMIA UP FITNESS,04,20190326,20161011,PE,2491
26340495,0001,1,ACADEMIA CORPUS TREINAMENTO PERSONALIZADO,04,20210122,20161012,SP,2993
26342489,0001,1,,08,20210209,20161013,SC,8105
26346274,0001,1,,08,20170518,20161013,BA,3495
26175581,0001,1,BLACK SKULL SPORTS NUTRITION,04,20210423,20160915,RN,1761
26349780,0001,1,JF PERSONAL,04,20210210,20161014,DF,9701
26350450,0001,1,ACADEMIA BEM ESTAR,02,20161014,20161014,MG,4983
26358114,0001,1,"STUDIO BIO FITNESS - "" SAUDE E BEM ESTAR""",08,20210915,20161015,BA,3289
26358772,0001,1,LAURET PRO SPORTS,02,20220121,20161016,SP,7107
26359144,0001,1,,08,20241230,20161016,PE,2491
26359798,0001,1,,08,20230110,20161017,PR,7667
26360274,0001,1,CYNTHIA SANTOS PERSONAL TRAINER,04,20210423,20161017,RN,1761
26361684,0001,1,,02,20161017,20161017,RJ,6001
26365190,0001,1,ALOONG STUDIO PILATES,08,20190309,20161017,MG,4123
26365910,0001,1,INSTRUTOR WA,08,20190723,20161017,RJ,6001
26366366,0001,1,BIO CORE,02,20161017,20161017,RS,8817
26368424,0001,1,,02,20161018,20161018,SP,6181
26368499,0001,1,,02,20161018,20161018,SP,7097
26370364,0001,1,,04,20210317,20161018,PR,7535
26371598,0001,1,ACADENIA SPORT LIFE,04,20210422,20161018,BA,3897
26373348,0001,1,UP STUDIO FITNESS,04,20210419,20161018,SP,6639
26377144,0001,1,BL FITNESS,04,20210409,20161018,PE,2531
26377793,0001,1,,04,20220208,20161019,SP,7119
26379221,0001,1,ACADEMIA PREVINE FIT,08,20210616,20161019,RS,8895
26383066,0001,1,PROFIT ACADEMIA,02,20161019,20161019,AC,0647
26384690,0001,1,,08,20180927,20161019,CE,1389
26386403,0001,1,ASSESSORIA JACK FITNESS,08,20170413,20161019,RN,1761
26387574,0001,1,ACADEMIA PERFORMANCE,08,20170725,20161020,PE,2413
26389347,0001,1,WA FITNESS CLUB,08,20260121,20161020,DF,9701
26391184,0001,1,,08,20171219,20161020,SP,7029
13384476,0002,2,ACADEMIA MALHACAO,02,20240521,20161020,PA,0483
26394808,0001,1,,08,20180123,20161020,PR,7731
26396126,0001,1,LAYSA RIBEIRO FISIOTERAPIA E PILATES,02,20161021,20161021,SP,6365
26396344,0001,1,,08,20180116,20161021,RS,8841
26396620,0001,1,THE MONSTER ACADEMY,04,20201023,20161021,SP,7149
26396917,0001,1,STUDIO DE PILATES MARCELA AMARAL,02,20161021,20161021,BA,3849
14992102,0002,2,CORPO AGIL,02,20161021,20161021,RS,5787
26398421,0001,1,ACADEMIA FAZENDO A DIFERENCA,08,20260518,20161021,PB,2221
26407060,0001,1,ACADEMIA ESPACO VITAL,02,20190506,20010725,GO,9379
26414421,0001,1,WAGNER CABARE,04,20210416,20161025,MG,4123
26416791,0001,1,A.D FIGHT TEAM,08,20190427,20161025,RJ,6001
08415144,0002,2,QUATTOR ACADEMIA SAUDE BELEZA,08,20211005,20161020,DF,9701
26426088,0001,1,JLV ESPORTES E EVENTOS,04,20210319,20161026,RJ,5869
26427480,0001,1,ELENIRA OLIVEIRA STUDIO DE TREINAMENTO FISICO,08,20171022,20161026,CE,1585
26434873,0001,1,FUNCIONAL SCHWANCK,08,20240704,20161027,MT,0119
26437304,0001,1,,08,20240207,20161027,RJ,6001
26439611,0001,1,,08,20250521,20161027,MG,5401
26440337,0001,1,FELIPE TREVIZAN - PERSONAL TRAINER,08,20191002,20161027,SP,7107
26444818,0001,1,MEUPILATES,02,20220419,20161028,SP,7107
26445091,0001,1,,02,20161028,20161028,MG,5155
26446978,0001,1,ESPORTE +,08,20191002,20161028,GO,9227
26448442,0001,1,ATA JIU JITSU,08,20210702,20161029,RJ,6001
26449937,0001,1,WH7,04,20210426,20161030,BA,3515
26453976,0001,1,,08,20181214,20161031,SP,7071
26454172,0001,1,INVICTOS ESCOLA DE FUTEBOL,04,20210212,20161031,GO,9373
26456831,0001,1,,08,20161214,20161031,RN,1761
26459936,0001,1,EFA - EDUCACAO FISICA APLICADA,08,20190902,20161101,MG,4895
26463928,0001,1,,04,20210318,20161101,SC,8373
26468581,0001,1,FABRICIO MONTEIRO,08,20180307,20161102,MG,4371
26471073,0001,1,ACADEMIA ESPACO CORPO E MENTE,08,20240111,20161103,CE,1571
26475486,0001,1,BODY MOVE,04,20210210,20161103,DF,9701
26477418,0001,1,TO NO JOGO,08,20190611,20161103,DF,9701
26480182,0001,1,DG,04,20210423,20161104,RN,1761
26480847,0001,1,FIT SAUDE CONSULTORIA E ASSESSORIA,04,20210409,20161104,PE,2531
26480859,0001,1,ACADEMIA SPORT NERIS,02,20161104,20161104,SP,7107
26481113,0001,1,LEONARDO SA TRAINER,04,20210224,20161104,CE,1389
26482329,0001,1,FTW,04,20210316,20161104,RJ,6001
26482381,0001,1,LIFE FITNESS,02,20161104,20161104,SP,7217
26483619,0001,1,,08,20230728,20161104,RS,8585
26487450,0001,1,,02,20260116,20161106,MT,9047
26488934,0001,1,ATHOS ACADEMIA,08,20251204,20160406,PR,7535
26492634,0001,1,ARES FIT SUPLEMENTOS E MATERIAIS ESPORTIVOS,08,20230919,20161107,SP,7107
26494582,0001,1,ACADEMIA FISIOCENTER,04,20210218,20161028,MT,9831
26494970,0001,1,,08,20190415,20161107,PR,7691
26497703,0001,1,ANDRE GABRIEL CARDOZO SPECHT,08,20190121,20161108,RS,8403
26499009,0001,1,ESTUDIO ANDRE RIBEIRO,02,20161108,20161108,SC,8093
26500273,0001,1,PRV INTELIGENCIA ESPORTIVA,08,20170205,20161108,RS,8919
26500617,0001,1,FIT&WELL HEALTH,02,20161108,20161108,SP,6875
26503603,0001,1,RAFAEL OLIVEIRA-PERSONAL TRAINER,08,20171027,20161108,MG,4165
26504188,0001,1,ISOFORCE TREINAMENTO PERSONALIZADO,08,20210903,20161108,GO,9373
26504775,0001,1,AL BODY STUDIO,04,20210423,20161108,PB,2051
26506958,0001,1,SALIM ACADEMIA,08,20180706,20160307,PR,7535
26510812,0001,1,KAHIO PERSONAL,08,20210427,20161109,SP,7107
26515133,0001,1,,08,20200618,20161109,SP,6291
26516634,0001,1,LK ACADEMIA,04,20210401,20161110,PI,0288
26519536,0001,1,ACADEMIA FISIKO,08,20241212,20161110,AL,2785
26528041,0001,1,HANGAR CENTRO DE TREINAMENTO,04,20231117,20161101,RJ,5865
26530382,0001,1,DN FITNESS,08,20251210,20161111,RN,1643
26531721,0001,1,JULIA PACHECO,08,20210802,20161111,SP,6131
26535335,0001,1,TOP POWER ACADEMIA DE GINASTICA,02,20161114,20161114,SP,7107
26536505,0001,1,RAZAO DO CORPO,08,20230131,20161114,RN,1603
26542199,0001,1,,08,20190128,20161116,SP,7107
26544604,0001,1,BOX 021 PAPUCAIA,08,20230824,20161111,RJ,5815
26546302,0001,1,ACADEMIA SMART FIT,02,20161116,20161116,BA,3515
26551074,0001,1,,08,20180713,20161117,PR,7791
26554710,0001,1,ESTUDIO ESPACO VIDA,08,20230127,20161117,SP,7107
26556061,0001,1,ACADEMIA SUPER ACAO,08,20190430,20161117,MG,4733
26556461,0001,1,VITORIA FITNESS,08,20180228,20161117,MG,4123
26561138,0001,1,ACADEMY GARCIA TEM,04,20210331,20161118,MG,4387
26561708,0001,1,ATHLETIC FIT ACADEMIA,08,20240911,20161118,PI,1219
26564149,0001,1,GASPERZINHO TREINO,04,20190226,20161118,MS,9131
26565912,0001,1,INBODY,08,20250718,20161118,RS,8801
26576704,0001,1,ANA LIDIA PERSONAL TRAINER,08,20230208,20161121,MA,0921
26577917,0001,1,NATHALIA,02,20221214,20161122,SP,7107
26591599,0001,1,BEACH FITNESS STUDIO LEO MOURA,04,20210224,20161123,CE,1319
26592207,0001,1,THIAGO CHICORA TREINAMENTO PERSONALIZADO,04,20210317,20161123,PR,7535
26593242,0001,1,GET FIT ACADEMIA,04,20231109,20161123,PB,2117
26599723,0001,1,__,04,20240828,20161124,SP,7145
26600670,0001,1,,02,20230209,20161124,SP,6229
26601289,0001,1,CROSS 9086,08,20170116,20161122,MT,8985
26601524,0001,1,ACADEMIA LIFT,02,20161124,20161124,PR,7435
26602130,0001,1,HARMIZA ESPACO PILATES,08,20180423,20161124,SP,6639
26602826,0001,1,CADU TRAINING CENTER,02,20161124,20161124,ES,5705
26606710,0001,1,,02,20161125,20161125,RJ,6001
26611235,0001,1,DAVID CANDIDO PERSONAL TRAINER,08,20180424,20161125,PE,2381
26516357,0001,1,,04,20210416,20161110,MG,4123
26614266,0001,1,NOSTRA FIT,02,20161128,20161128,SP,7107
26615907,0001,1,ACADEMIA VITA CORPUS,04,20210218,20161128,MS,9051
26616271,0001,1,PRISCILA R F PICANCO,08,20170103,20161128,RJ,5809
26621462,0001,1,,08,20230926,20161128,SP,7107
26623572,0001,1,,04,20210317,20161004,PR,7535
26624144,0001,1,ACADEMIA POWER BLACK,04,20210309,20161129,PR,7815
26631110,0001,1,ACADEMIA 1K FITNESS,08,20170503,20161130,RN,1779
26636017,0001,1,PILATES.FIT,08,20191101,20161130,MG,4123
26638192,0001,1,SPAZIO ANDREA BREDA,08,20210825,20161130,SC,8105
26641855,0001,1,QUALITYPERSONAL,08,20170619,20161201,SP,7107
26643526,0001,1,OBN FITNESS,04,20210426,20161201,BA,3515
26647087,0001,1,CIRCUITO FUNCIONAL CARLOS EDELSON,08,20220325,20161201,RJ,6001
26647328,0001,1,STUDIO VITALI,02,20161201,20161201,RJ,6001
26652348,0001,1,CASA FIT,04,20210316,20161202,RJ,5867
26656552,0001,1,,02,20161202,20161202,SP,6229
26657392,0001,1,ACADEMIA DE MUAYTHAI TRADICIONAL,08,20181113,20161205,RS,8851
26664033,0001,1,EMANUEL BATISTA ACADEMIA,04,20260526,20161206,PI,1219
26666346,0001,1,,08,20180130,20161206,SP,6723
26667165,0001,1,,08,20171031,20161206,PR,7667
26672187,0001,1,FA MOVIMENTAR A SAUDE,08,20170216,20161207,RJ,6001
26672719,0001,1,STUDIO FITNESS,04,20210310,20161207,SP,6155
26672878,0001,1,MUTANTES FIT,08,20221020,20161207,SP,7157
26676026,0001,1,PERSONAL BLACK BROTHERS,08,20180521,20161207,SP,7107
26154691,0001,1,PRO FITNESS ACADEMIA,08,20170313,20160913,RS,8561
26682233,0001,1,VERAO O ANO INTEIRO,02,20161208,20161208,BA,1112
26684572,0001,1,DOJO KANASHIRO,08,20191031,20161208,GO,9373
26687685,0001,1,,08,20211129,20161209,MG,4123
26690866,0001,1,,04,20210225,20161209,RS,8801
26691421,0001,1,MOCOSERVICE,04,20220208,20161209,RS,8801
26691566,0001,1,ZZ FIT,08,20210123,20161209,PR,7667
26692846,0001,1,,08,20180730,20161210,RS,8901
26698685,0001,1,BIOFITNESS ACADEMIA,02,20161212,20161212,PA,0415
26698867,0001,1,ACADEMIA SOUL FITNESS,08,20211208,20161212,CE,1559
17078335,0002,2,,02,20161212,20161212,SP,7107
26706023,0001,1,PRO GYM,04,20210218,20161213,MS,9051
26706562,0001,1,,08,20181218,20161213,RS,8841
26706720,0001,1,VERAO PARA VIDA TODA,08,20200323,20161213,PA,0427
26706783,0001,1,,04,20210331,20161213,MG,5427
26711189,0001,1,TITANUS,02,20161214,20161214,SP,7107
26712714,0001,1,ACADEMIA PERFORMANCE,04,20231027,20161214,SE,3157
26713502,0001,1,VERI ZUMBA,08,20180118,20161214,RS,8877
26716919,0001,1,ASAS STUDIO DE PILATES,02,20220620,20161214,SP,6377
26718613,0001,1,X FIT GYM CLUBE DE TREINAMENTOS,02,20241122,20161214,CE,1389
26719878,0001,1,C.F.A GOL DE PLACA,08,20180726,20161215,RS,8511
26722201,0001,1,RR PERFORMANCE,08,20220218,20161215,RJ,5859
26729596,0001,1,GRUPO DE CAPOEIRA GUERREIROS DA LUA,04,20210422,20161216,BA,3363
26734108,0001,1,ACADEMIA LEAL FITNESS,08,20250513,20161219,BA,3533
26734686,0001,1,IN MOTION ASSESSORIA ESPORTIVA,08,20170925,20161219,ES,5703
26736917,0001,1,JETT'S ACADEMIA MUSCULACAO E FITNESS,08,20170725,20161219,SP,6511
26738458,0001,1,GAME FITNESS,04,20210311,20161220,RJ,6001
26738985,0001,1,FITNESS CLUB,08,20181217,20161220,MG,4069
26740059,0001,1,MP 180 GRAUS,04,20240826,20161220,SP,6511
26740213,0001,1,DANIEL ALCANTARA ACADEMIA,04,20240820,20161220,PI,1219
26750566,0001,1,,04,20210316,20161221,RJ,6001
26753500,0001,1,ESTACAO VILA SONIA FITNESS,08,20250618,20161222,SP,7107
26753918,0001,1,FEMENINA,04,20210401,20161222,MA,0757
26754581,0001,1,SMART CORP,02,20161222,20161222,SP,7107
26761081,0001,1,DAY FITNESS,04,20220208,20161226,BA,3849
26763340,0001,1,STUDIO BRUNOFIT,02,20161226,20161226,SC,8061
26763571,0001,1,CAMILA CRISTINA MELO,08,20210902,20161226,MG,4123
26764608,0001,1,,04,20210203,20161227,SP,6861
26765884,0001,1,ACADEMIA N2 FITNESS,08,20211129,20161227,PE,2381
26766328,0001,1,MOOVE TREINAMENTO FUNCIONAL,08,20180308,20161227,SC,8089
26767106,0001,1,TOPFITNESS,08,20180201,20161227,MT,9067
26768117,0001,1,LRL ASSESSORIA ESPORTIVA,04,20210224,20161227,CE,1455
26769255,0001,1,MA FITNESS ACADEMIA,02,20161228,20161228,SP,7135
26771013,0001,1,,02,20161228,20161228,PR,7535
26775887,0001,1,JOSAILTON BRITO CONCEICAO,08,20200923,20161229,BA,3489
26779996,0001,1,ACADEMY BIG SHAPE,08,20190909,20170102,MG,2667
26749860,0002,2,,02,20161221,20161221,ES,5705
26796584,0001,1,LEANDRO FITNESS,04,20190327,20161229,BA,3453
26797625,0001,1,,08,20210223,20170104,MG,4445
26798755,0001,1,TEAMSILVACOMBAT,04,20210401,20170104,MA,0803
26801129,0001,1,WILSON MUSCULACAO,08,20180220,20170104,SE,3165
26801149,0001,1,VIBE FUNCIONAL,04,20210210,20170104,DF,9701
26805503,0001,1,,08,20171222,20170105,RO,0009
26807127,0001,1,JADILSON NEIVA BRAZILIAN JIU-JITSU,08,20250220,20170105,BA,3849
26807383,0001,1,UNIAO CROSSFIT,08,20250918,20170105,RJ,6001
26807945,0001,1,ACADEMIA KOMBAT,08,20200203,20170105,RJ,2911
26809385,0001,1,DBK FABIO JEFFERSSON,08,20190206,20170105,CE,1389
26812546,0001,1,CT FOR LIFE,08,20201211,20170106,SP,6291
26813856,0001,1,RADICAL FITNESS,08,20180726,20170106,AM,0255
26814154,0001,1,PANTHER JIU-JITSU,08,20200731,20170106,PA,0535
26815272,0001,1,TEAM MAROMBA,02,20170106,20170106,SP,6581
26819026,0001,1,SUPERACAO ASSESSORIA ESPORTIVA,08,20191031,20170107,SP,7107
26823238,0001,1,WORLD FITNESS,04,20210423,20170109,RN,1759
26823813,0001,1,,08,20210830,20160811,SC,8179
26826979,0001,1,FLAVIO ANICETO PERSONAL,08,20170210,20170109,SP,7075
26827633,0001,1,LABORAW,08,20201230,20170109,MG,4445
26828353,0001,1,CENTRO DE TREINAMENTO CAMILA GEBARA,08,20180131,20170109,MS,9073
26828428,0001,1,ASSESSORIA ESPORTIVA CORPO FIT MR,08,20170328,20170109,SP,7107
26829137,0001,1,,08,20180619,20170109,MG,4123
26829530,0001,1,STUDIO CORPUS,08,20170116,20170109,MG,4077
26829646,0001,1,JUNINHO BRILHANTE,08,20180122,20170109,SP,6291
26829856,0001,1,FELIPE PERSONAL,04,20210210,20170109,DF,9701
26831965,0001,1,STUDIO I FIT,04,20210316,20170110,RJ,5865
26837289,0001,1,THIAGO ALBERTO DE LIMA NOGUEIRA,08,20230228,20170110,SP,7099
26839172,0001,1,,08,20180131,20170110,DF,9701
26839447,0001,1,UNIVERSO FITNESS,08,20210228,20170110,MG,4123
26845558,0001,1,BOX TRAINNING CROSS2503,04,20240813,20170111,PA,0427
26846187,0001,1,,08,20190131,20170111,RS,8801
26847164,0001,1,STATUS FITNESS,04,20210210,20170111,DF,9701
26847803,0001,1,ESPACO DENNYS BRASIL,08,20180405,20170111,PA,0433
26849006,0001,1,CEBOLA,04,20210311,20170111,RJ,6001
26855621,0001,1,BIO ATIVA FITNESS,08,20180827,20170112,SP,6579
26858633,0001,1,VIVIAN YUMI,08,20231213,20170112,SP,7107
26859519,0001,1,ACADEMIA ESPACO FITNES,04,20260526,20170113,PI,2277
26860524,0001,1,,02,20170112,20170112,SP,2981
26867615,0001,1,FERNANDA BOZZA DA COSTA,08,20190122,20170113,SP,0808
26867839,0001,1,TAU PERSONAL,08,20250324,20170114,SP,6181
26868267,0001,1,GIRES RODRIGUES,04,20210224,20170114,CE,1389
26868838,0001,1,ESTUDIO SUPERACAO,02,20170114,20170114,RJ,5809
26871853,0001,1,ACADEMIA CORPUS,08,20180809,20170116,SP,6751
26875614,0001,1,QUALITY PILATES TREINAMENTO E ASSESSORIA ESPORTIVA.,04,20210225,20170116,RS,8801
26876725,0001,1,CENTRO DE TREINAMENTO CALISTENIA PAULO AFONSO,08,20170119,20170116,BA,3781
26877727,0001,1,DEBS CONSULTORIA EM SAUDE,08,20200219,20170116,SP,7107
26878125,0001,1,,08,20190218,20170116,SE,3105
26879025,0001,1,,08,20211117,20170116,SP,7107
26880330,0001,1,,04,20210408,20170116,RJ,0780
26883642,0001,1,SIL PERSONAL,08,20180427,20170117,SP,6213
26884942,0001,1,PERSONAL STHEFAN SILVA CONSULTORIA ESPORTIVA,04,20210416,20170117,MG,4123
26887297,0001,1,ACADEMIA MAX TAURU,02,20170117,20170117,SP,6377
26893170,0001,1,ACADEMIA PAULA SOUSA,04,20210401,20170118,MA,0757
26894245,0001,1,KANGOOZEIRAS PANAMBI,02,20170118,20170118,RS,8781
26896858,0001,1,ACADEMIA SAUDE DO CORPO,02,20170118,20170118,BA,3413
26898367,0001,1,TAMIRIS PERSONAL,08,20180209,20170118,SP,6291
26898396,0001,1,ROGER ZERBINATE,04,20210218,20170118,MS,9175
26900622,0001,1,MP RUN,08,20180210,20170118,RJ,6001
26902639,0001,1,ACADEMIA DE PILATES ALANA PIMENTA,08,20190129,20170119,GO,9379
26902665,0001,1,SPEED FIT,02,20170119,20170119,SP,7059
26903579,0001,1,PREMIUM,04,20260520,20170118,BA,3661
26903890,0001,1,ACADEMIA TRANSFORMA,02,20170119,20170119,ES,5637
26905478,0001,1,ERNANI PERSONAL,04,20210423,20170119,PB,2051
26905809,0001,1,ESTUDIO DE PILATES CAMILA AMARO FERNANDES,08,20230413,20170119,SP,7107
26911577,0001,1,GN PERSONAL TRAINER,08,20220316,20170119,BA,3849
26913422,0001,1,CSC SCHNEIDER,08,20220726,20170120,PR,7667
26913867,0001,1,PRISCILLA,04,20210226,20170120,SP,7107
26914774,0001,1,FITNESS SPORTS,04,20210416,20170120,MG,4123
26915089,0001,1,CNT TENIS,08,20180314,20170120,PR,7751
26919330,0001,1,FAEL COMPETITION,08,20190821,20170120,SP,7107
26920105,0001,1,MARCELO DIMITRI,08,20170203,20170120,RS,8791
26920198,0001,1,CARLA OLIVEIRA PERSONAL,08,20170126,20170120,SC,8179
26921424,0001,1,JVC SPORTS,04,20210212,20170121,GO,9373
26922394,0001,1,MOCAIBER BRAZILIAN JIU JITSU,04,20210319,20170121,RJ,5819
26923461,0001,1,PERSONAL MONTEIRO,04,20210416,20170122,MG,4123
26925878,0001,1,JOSE ELZO FRANCO JUNIOR,08,20180124,20170123,MG,5049
26927610,0001,1,LC FITNESS,08,20200122,20170123,RJ,6001
26928604,0001,1,,02,20220215,20170123,SP,7107
26928938,0001,1,ARENA FITNESS ACADEMIA,02,20170123,20170123,BA,3761
26929084,0001,1,VICIT PILATES,02,20211122,20170123,SP,7057
26929809,0001,1,,08,20180118,20170123,PR,7807
26933280,0001,1,MICHELE FERNANDES PERSONAL TRAINER,04,20210226,20170123,SP,7107
26935639,0001,1,ACADEMIA CORE GYM,08,20170811,20170123,BA,1112
26936779,0001,1,NEWLIFE ACADEMIA,02,20170124,20170124,PI,1153
26939057,0001,1,ACADEMIA CORPO & VIDA,08,20180813,20170124,MS,9061
26939464,0001,1,,08,20170411,20170124,CE,1389
26941569,0001,1,,04,20210226,20170124,SP,7107
26952938,0001,1,KARYNA PERSONAL TRAINER,08,20180516,20170125,MS,9051
26954660,0001,1,MAURICIO DAVIS DE ALMEIDA,08,20230808,20170125,SP,7099
26961398,0001,1,ACADEMIA BELLA FITNESS,08,20180315,20170126,SP,7183
26961677,0001,1,MAIKON LISBOA PERSONAL,08,20180425,20170126,DF,9701
26962698,0001,1,MC POWERFITNESS,02,20241121,20170126,MA,0921
26962935,0001,1,JEITINHO DE NADAR,08,20210222,20170126,RJ,5897
26964132,0001,1,TRIDIMENSIONAL - MOVIMENTO HUMANO,08,20190111,20170126,ES,5705
26965919,0001,1,G ACADEMIA,02,20170127,20170127,SP,6723
26968733,0001,1,TUANNY VALTNER,08,20190528,20170127,SP,6639
26971913,0001,1,MURY ATIVIDADES DE EDUCACAO FISICA,04,20210225,20170127,RS,8801
26975167,0001,1,WILLIAN SALVINO PERSONAL FIGHTER,08,20180119,20170128,SP,6361
26975429,0001,1,I B PHYSICAL,08,20170302,20170128,SC,8105
26975720,0001,1,ESTACAO FIT ACADEMIA,08,20201223,20170128,PA,0427
26976115,0001,1,,08,20210601,20170128,SP,7107
26976804,0001,1,DOUGLAS BRANCHER PERSONAL TRAINER,08,20170619,20170129,RS,8589
26977083,0001,1,PILATES ITATIAIA,04,20220208,20170129,RJ,6003
26977367,0001,1,ESPACO SAUDE EM DIA,04,20210311,20170129,RJ,6001
26978456,0001,1,,08,20171130,20170130,SP,6229
24921465,0008,2,,02,20170130,20170130,SP,6921
26983591,0001,1,QI PILATES,04,20240812,20170130,SP,7107
26984073,0001,1,N2FIT,02,20170130,20170130,AL,2785
26984568,0001,1,ACADEMIA TEMPLO FITNESS,08,20210224,20170130,PR,7699
26986282,0001,1,JAISIO BERNARDES DE ARAUJO,08,20200228,20170130,MT,9871
26990574,0001,1,,08,20171031,20170131,SP,7113
26995741,0001,1,ESPACO FITNESS,02,20170131,20170131,SC,8137
26997929,0001,1,,08,20190618,20170131,SP,7107
26999277,0001,1,ACADEMIA LIVE FITNESS,04,20260515,20170131,BA,3117
27002523,0001,1,ESPACO KAIROS FITNESS,08,20220727,20170201,RJ,6001
27006237,0001,1,NATURAL FITNES,04,20220208,20170201,SP,6827
27006515,0001,1,HN FIT STUDIO,08,20200130,20170201,SP,6987
27007927,0001,1,ACADEMIA IRON,02,20170201,20170201,SP,6229
27013029,0001,1,,08,20250701,20170202,SP,6291
27016706,0001,1,YASMIN PEREIRA RESIERI,04,20210209,20170202,ES,5705
27018554,0001,1,ZION ACADEMIA,03,20241112,20170202,RJ,5883
27025929,0001,1,BIOMECANIQ ACADEMIA,08,20190226,20170202,MT,9059
27029434,0001,1,C.F.C CARATINGA FUTEBOL CLUBE,08,20190702,20170203,MG,4267
27005196,0001,1,INSTITUTO MELO,08,20200713,20170201,SP,7115
27029746,0001,1,CS PERSONAL TRAINER,08,20211220,20170203,RS,8801
27034466,0001,1,NUCLEO DE ATIVIDADES,04,20231106,20170206,MG,5219
27037652,0001,1,CARLOS ALBERTO PEDROSO,04,20210317,20170206,PR,7535
27038980,0001,1,PERSONAL FYTNNES,04,20210226,20170206,SP,7107
27040485,0001,1,VANUCIA PANO PERSONAL TRAINER,04,20220209,20170206,SP,7145
27044013,0001,1,GDSDRAGO,08,20180320,20170206,SP,7107
27044515,0001,1,,08,20190110,20170207,SP,6607
26937133,0001,1,JEAN MORETTO PERSONAL TRAINER,08,20180126,20170124,PR,7751
27047550,0001,1,,02,20170207,20170207,MG,4733
27047739,0001,1,ADRIANE LINDA ESPACO FITNESS,08,20170214,20170207,PI,1065
27047764,0001,1,ACADEMIA JR FITNES,08,20211020,20170207,BA,3843
27048361,0001,1,,08,20170725,20170207,SP,6401
27049397,0001,1,,02,20170207,20170207,MT,9151
27050518,0001,1,CENTRO DE TREINAMENTO MOVE4LIFE,02,20170207,20170207,SP,7099
27051254,0001,1,SANTUARIO DO ESPORTE,08,20221228,20170207,PA,0401
27052917,0001,1,MUTARE ESTUDIO INTEGRADO EIRELI,08,20210407,20170207,SC,8339
27053280,0001,1,ARI'S FITNESS,08,20190521,20170207,BA,3333
27056232,0001,1,UNIVERSAL ACADEMIA,08,20190307,20170208,SC,8061
27057125,0001,1,STUDIO FIT PILATES,08,20210416,20170208,PR,7529
27059440,0001,1,CR SPORTS,08,20180620,20170208,SP,6425
27060327,0001,1,ACADEMIA TOP FITNES,04,20260514,20170208,PA,0595
27060472,0001,1,RL FITNESS,04,20210423,20170208,RN,1761
27061329,0001,1,FITNESS CENTER,08,20171018,20170208,SP,7107
27066135,0001,1,DES'S SPORTS,08,20181108,20170209,SP,7263
27066146,0001,1,,08,20190806,20170209,SP,6291
27068205,0001,1,VITAL CORE PILATES,02,20170209,20170209,SP,6619
24921465,0009,2,,02,20161227,20161227,SP,7071
27069379,0001,1,ACADEMIA FAGG FITNESS,08,20190219,20170209,PE,2381
21362638,0004,2,,08,20180423,20170209,PE,2457
27070129,0001,1,VALLEFIT,02,20170209,20170209,CE,1569
27071531,0001,1,CARLOS@MAILBRASIL.COM.BR,08,20170818,20170209,RJ,6001
27072080,0001,1,D'ELLAS FITNES STUDIO,08,20210310,20170209,MG,5427
27072949,0001,1,ACADEMIA BELLA FORMA,02,20170209,20170209,RS,8513
27073406,0001,1,DEZINHO STRIKER EVOLUCAO,02,20251119,20170209,MG,4445
27073574,0001,1,START CROSS TRAINING,02,20170209,20170209,MG,5373
27073666,0001,1,,08,20201027,20170209,SP,7079
27079195,0001,1,REIS FITNESS,08,20201119,20170210,SP,7149
27079550,0001,1,VIVA MELHOR,08,20190715,20170210,PR,7513
27083592,0001,1,ACADEMIA LIFE FITNESS URANIA,02,20170210,20170210,SP,7217
27087296,0001,1,RENATA CREPALDI PERSONAL TRAINER,04,20210326,20170212,SP,7109
27089142,0001,1,MAURICIO SANTOS,04,20210226,20170213,SP,7107
27091502,0001,1,WELLNESS ASSESSORIA ESPORTIVA,08,20180120,20170213,SP,6859
27094443,0001,1,MR STUDIO,04,20210316,20170213,RJ,5865
27095214,0001,1,VHR FUTSAL,08,20180227,20170213,PR,7751
27095692,0001,1,,08,20220314,20170213,GO,9425
27095773,0001,1,SAUDE EM MOVIMENTO,08,20200429,20170213,RS,8763
27096787,0001,1,STUDIO FLAVIA CARVALHO,04,20210218,20170213,MT,9067
27100250,0001,1,COLISEU,08,20220426,20170214,PI,1153
27102385,0001,1,RM PERSONAL TRAINER,04,20210408,20170214,RJ,5877
27104601,0001,1,FISIOPILATES,04,20210223,20170214,PA,0595
27110784,0001,1,GILBERTO YUKIO SASSAKI,04,20220208,20170214,SP,6929
27114828,0001,1,,04,20210311,20170215,RJ,6001
27115069,0001,1,STUDIO SALES,08,20200417,20170215,PR,7691
27115478,0001,1,MATCH POINT,08,20180311,20170215,CE,1389
27115502,0001,1,J&D ASSESSORIA ESPORTIVA,08,20220505,20170215,PB,2051
27116313,0001,1,,08,20180814,20170215,MG,4733
27117251,0001,1,SPARTAN GYM,02,20170215,20170215,CE,1389
27117331,0001,1,SOS DA ALEGRIA,04,20231110,20170215,GO,9263
27117835,0001,1,ACADEMIA TOP VIDA,08,20181128,20170215,PR,5531
27122196,0001,1,,02,20170216,20170216,RS,8655
27123760,0001,1,RAMOS COMPANY,04,20210317,20170216,PR,7535
27124316,0001,1,SEJA A SUA MELHOR VERSAO,08,20210512,20170216,SP,7107
27124578,0001,1,,04,20220209,20170216,SP,6545
27126133,0001,1,ASSESSORIA ESPORTIVA RUNNERS ITAPIPOCA,04,20210224,20170216,CE,1429
27130191,0001,1,,02,20170216,20170216,PR,7535
27131261,0001,1,HARD FITNESS,02,20230811,20170216,SP,7099
27132631,0001,1,RW - ASSESSORIA E PERSONAL TRAINER,08,20180704,20170216,SC,8105
27134327,0001,1,,04,20210223,20170217,RO,0695
27137543,0001,1,SALUS ACADEMIA,04,20220607,20170217,GO,9373
07181488,0003,2,RIO SPORT FITNESS,04,20210311,20170131,RJ,6001
27139384,0001,1,,08,20190228,20170217,MG,5379
27142265,0001,1,WJR FIT,08,20170218,20170218,RJ,6001
27143306,0001,1,JBR13 PREPARACAO ESPORTIVA DE ALTO DESEMPENHO E,04,20210319,20170218,RJ,5819
27144320,0001,1,STUDIO DE ATIVIDADE FISICA,08,20170305,20170219,SP,6403
27150042,0001,1,ESPACO VIVA SAUDE,08,20170220,20170220,RJ,2909
27150108,0001,1,PILATES MARCIA QUENTAL,04,20220208,20170220,RJ,6001
27151530,0001,1,JCJURCO,08,20221206,20170220,SP,7107
27152037,0001,1,QUALIVIDA,08,20171113,20170220,PR,7569
27153240,0001,1,TRIBO FITNESS,08,20240514,20170220,SP,7107
27154044,0001,1,MA ASSESSORIA ESPORTIVA,08,20250108,20170220,SP,6213
27154197,0001,1,FORMA E FORMAS ACADEMIA,08,20240617,20170217,SC,8233
27154610,0001,1,,02,20170220,20170220,RS,8589
27156591,0001,1,ACADEMIA DAMAS,08,20190115,20170216,PE,2399
27158282,0001,1,KORPUS,08,20170919,20170221,SP,6809
27162162,0001,1,MARIANA SANTOS ESTUDIO FUNCIONAL,08,20171128,20170105,PR,7535
27163454,0001,1,,08,20210422,20170221,PR,7935
27165184,0001,1,,08,20170222,20170221,GO,9577
27166288,0001,1,CENTRO E TREINAMENTO NOVA UNIAO SAO JOAO DE MERITI,04,20210319,20170221,RJ,5901
27169670,0001,1,ESCOLINHA E CONDICIONAMENTO FISICO BOLA DE OURO,08,20180820,20170222,MG,4959
27170870,0001,1,ACADEMIA SUL FITNESS,08,20171106,20170222,CE,1389
27172157,0001,1,JR SANTOS TREINAMENTOS PERSONALIZADOS,08,20210910,20170222,SP,6905
25975155,0001,1,MARIAO BOZZA ACADEMIA,04,20231117,20160818,SP,6291
27183248,0001,1,JEFIT PERSONAL,08,20190123,20170223,SC,8327
27184155,0001,1,BRASILIA TOP TEAM,04,20220208,20170223,DF,9701
27185292,0001,1,POLIFIT,02,20170223,20170223,SP,2967
27186338,0001,1,ELEN ROMEU,04,20210203,20170223,SP,6185
27187497,0001,1,RAFA PERSONAL TRAINER,08,20180213,20170224,SC,8055
27187788,0001,1,ACADEMIA SAUDE E MOVIMENTO,04,20210330,20170224,MG,2649
27188943,0001,1,ACADEMIA KENTAUROS,04,20190514,20170224,PB,2003
27189797,0001,1,VALBERIO ARTES MARCIAIS,08,20210622,20170224,SE,3105
27194003,0001,1,GRUPO DE CORRIDA FARTLEK ASSESSORIA ESPORTIVA,02,20170224,20170224,MS,9051
27194628,0001,1,DOCTORFIT ALFREDENSE,04,20210218,20170224,ES,5605
27195714,0001,1,MAIHUB CONSULTORIA EM EDUCACAO E DESPORTO,08,20230921,20170225,RS,8801
27202000,0001,1,BRAZIL SOCCER LIFESTYLE,02,20210701,20170301,PR,7535
27202055,0001,1,,08,20171027,20170301,RS,8955
27202222,0001,1,CARLOS COELHO PERSONAL,08,20170804,20170301,RS,8589
27202489,0001,1,,08,20190529,20170301,GO,9425
27202949,0001,1,,08,20180522,20170301,PI,1219
22738923,0002,2,POWER CYCLE,04,20260519,20170302,MG,4123
27205628,0001,1,ESPACO MOVIMENTO,08,20221213,20170302,RS,6033
27206008,0001,1,IN PULSE - ESTUDIO FITNESS POR BRUNA LOHMANN,02,20170302,20170302,PR,7791
27207573,0001,1,ACADEMIA BOA FORMA,08,20220628,20170302,GO,9407
27208335,0001,1,ACADEMIA GV + FITNESS,08,20200118,20170302,SE,3105
27209414,0001,1,NESCAU TRAINER,08,20211227,20170302,RS,8801
27212441,0001,1,ACADEMIA DA COLUNA VERTEBRAL,08,20230727,20170302,GO,9373
27215483,0001,1,STUDIO ELISANGELA DONADEL,08,20181228,20170303,PR,7493
27215584,0001,1,ARENA FITNES,04,20220208,20170303,CE,1411
27215991,0001,1,CT CARATINGA,02,20170303,20170303,MG,4267
27216909,0001,1,HOUSE FIT GYM,02,20170302,20170302,BA,3909
27217214,0001,1,ACADEMIA BEM ESTAR,02,20170303,20170303,SE,3223
27218237,0001,1,,08,20181003,20170303,RJ,5865
27222586,0001,1,ANDREIA,08,20170708,20170303,SP,7057
27222986,0001,1,YAMASHIRO SHIATSU,08,20220131,20170303,SP,7107
27223538,0001,1,CORPO EM FORMA ACADEMIA,02,20170304,20170304,RJ,2917
27224681,0001,1,JP DANCAS,08,20200714,20170304,SP,6929
27226276,0001,1,PERSONAL TRAINER CYNARA ARAUJO,08,20180206,20170305,RN,1761
27230270,0001,1,MASTER FITNESS ACADEMIA,02,20220607,20170306,BA,3849
27230916,0001,1,BOA FORMA ACADEMIA,02,20170306,20170306,MG,4265
27231041,0001,1,ACADEMIA RUB,08,20181210,20170306,SP,7107
27237442,0001,1,DEBORAFELIXPERSONAL,08,20180215,20170306,RN,1761
26117621,0001,1,MARIANA CENTURIAO,08,20180119,20160906,PR,7571
27239983,0001,1,ACADEMIA HIRYU-KAN,02,20170307,20170307,RS,8791
27241820,0001,1,EQUILIBRIO CLINICA ESTETICA,02,20170303,20170303,RS,8801
27247005,0001,1,BRUNA BASS PERSONAL,04,20210409,20170307,PE,2457
27250416,0001,1,PERSONAL GUI ZULIAN,08,20171031,20170308,RS,8637
27252814,0001,1,MOVE 2 FIT,02,20170308,20170308,SP,7037
24921465,0011,2,,02,20170308,20170308,SP,7107
27256191,0001,1,MADIER GULLITI VIDAL,04,20210323,20170308,SC,8321
27263552,0001,1,,08,20200918,20170309,PR,7733
27264503,0001,1,,02,20170309,20170309,PR,7667
27265878,0001,1,,08,20210118,20170307,RJ,6001
27265955,0001,1,KAHA TREINAMENTO FISICO,02,20170309,20170309,DF,9701
27267597,0001,1,LASA FITNESS,08,20190129,20170309,RS,8801
27267836,0001,1,ACADEMIA VIDA ATIVA,08,20180219,20170309,MG,0642
27268405,0001,1,ESPACO DM TREINAMENTO FUNCIONAL,08,20190730,20170309,MG,4917
10500079,0005,2,ACADEMIA PHYSICAL CENTER,02,20170310,20170310,AP,0605
27269783,0001,1,,08,20180112,20170310,PR,7935
27270355,0001,1,THIAGO DEL MONTE,08,20230124,20170310,SP,7107
27273899,0001,1,FAZENDO FISIOTERAPIA,08,20240504,20170310,SP,6511
27275649,0001,1,,02,20170310,20170310,ES,5699
27275669,0001,1,ACADEMIA ATIVA FITNESS,08,20191023,20170310,RN,1761
27280450,0001,1,LUISA CASTRO CONSULTORIA ESPORTIVA,08,20210409,20170312,MG,4911
27280830,0001,1,ESINHO SUPLEMENTOS,08,20180824,20170313,RN,1787
27282539,0001,1,M FITNESS,04,20210419,20170313,SP,6669
27283655,0001,1,ACESSORIA ESPORTIVA TR,08,20170907,20170313,RJ,6001
27289252,0001,1,CACAU ALMEIDA TREINAMENTO FISICO,04,20210226,20170313,SP,7107
27289277,0001,1,,04,20220208,20170313,BA,3521
27290009,0001,1,ASSESSORIA ESPORTIVA AB SPORT,08,20180426,20170313,RJ,6001
27290894,0001,1,AC BARROS,08,20180320,20170313,SP,7107
27291903,0001,1,J A ESPORTES,08,20231215,20170314,PR,5495
27292078,0001,1,CORPORAL ACADEMIA,04,20231103,20170314,SP,6477
27294475,0001,1,STRONGER TREINAMENTO FISICO FUNCIONAL,08,20180117,20170314,RS,8841
27294821,0001,1,,02,20170314,20170314,PE,2627
27295549,0001,1,PHANIE OLEGARIO PERSONAL TRAINER,08,20190319,20170314,PB,2051
27296067,0001,1,,08,20180220,20170314,SP,6163
27296079,0001,1,MASTER FITNESS,02,20170310,20170310,RS,8973
27297814,0001,1,,04,20210203,20170314,SP,6219
27306722,0001,1,SABRINA PEREIRA EDUCACAO FISICA,08,20180514,20170315,RJ,5925
27307152,0001,1,SUPLEMENTOS ESCORPIAO,04,20210224,20170315,CE,1389
27307430,0001,1,,02,20170315,20170315,SC,8105
27312342,0001,1,BALDUINO FUNCIONAL TRAINING,08,20240221,20170315,SC,8105
27313120,0001,1,,08,20250915,20170316,SP,6219
27317170,0001,1,MICHELE OLIVEIRA EDUCACAO FISICA,08,20181115,20170316,RJ,5925
27318196,0001,1,STUDIO WS,08,20180326,20170316,GO,9477
27318338,0001,1,,08,20170316,20170316,RS,8487
27319552,0001,1,MASSOTE E MAGALHAES TREINAMENTOS,04,20210416,20170316,MG,4123
27320393,0001,1,,04,20260515,20170316,BA,3493
27322359,0001,1,TERRANOSSA FUNCIONAL SATUBA,08,20260204,20170316,AL,2877
27328943,0001,1,,04,20210408,20170317,RJ,5921
27331233,0001,1,STUDIO PHYSIQUE,04,20260527,20170317,GO,9361
27333544,0001,1,PROPRIETARIO DE ACADEMIA E LOJA DE CONFECCAO,08,20210128,20170318,MA,0889
27335026,0001,1,RICARDO KUTER,08,20180628,20170319,RS,8801
27338446,0001,1,,08,20181006,20170317,SP,7183
27340838,0001,1,C & M PERSONAL TRAINER,02,20170320,20170320,PR,7493
21471031,0002,2,STUDIO PERSONAL FITNESS,08,20180614,20170320,MG,4085
27343662,0001,1,STRICKERS MORI TEAM,08,20220718,20170320,SP,6749
27345558,0001,1,,08,20171106,20170320,SP,6687
27347214,0001,1,INOVE ACADEMIA,08,20200616,20170321,SP,6131
27352664,0001,1,ACADEMIA ESTACAO SAUDE,02,20170320,20170320,SC,8105
27354766,0001,1,PERSONAL COACH Z,02,20170321,20170321,SP,7029
27357133,0001,1,TITANIUM FIT,02,20170321,20170321,PA,0535
27359792,0001,1,ESTUDIO DE PILATES EQUILIBRIO,08,20180125,20170322,GO,9473
27362369,0001,1,CT BODY TRAINING 2,08,20220511,20170322,RJ,5869
27362610,0001,1,,08,20210908,20170322,SP,7075
27364783,0001,1,NILSON TENIS,08,20201229,20170322,SE,3105
27368686,0001,1,VITOR DE SA FREIRE BARRETO,04,20210316,20170323,RJ,6001
02200427,0002,2,LADIES TRAINING,08,20251002,20170317,RS,8599
27373701,0001,1,CENTRO DE TREINAMENTO MUSASHI DE ARTE MARCIAIS,04,20210316,20170323,RJ,5897
27374194,0001,1,SAMANTHA CARVALHO PERSONAL,04,20210226,20170323,SP,7107
27374696,0001,1,FIRE FITNESS ACADEMIA,02,20240709,20170323,RN,1761
27375694,0001,1,R3 FITNESS CENTRO DE TREINAMENTO,02,20170323,20170323,SP,6579
23124186,0002,2,VOX ACADEMIA,02,20170323,20170323,PR,5497
27376430,0001,1,ACADEMIA CENTRAL,04,20210203,20170323,MG,0612
27377284,0001,1,RANGEL TEAM,08,20241030,20170323,BA,3661
27379872,0001,1,ESPACO PILATES,08,20190528,20170324,MT,9185
27383016,0001,1,PRIME TREINAMENTO FISICO FUNCIONAL,02,20170324,20170324,TO,9733
27383582,0001,1,LIDI TARDELLI PERSONAL TRAINER,08,20240521,20170324,SP,6219
27385497,0001,1,,04,20260603,20170324,SC,8179
27389880,0001,1,BCA - ACADEMIA,08,20180508,20170327,SP,7121
27390643,0001,1,,02,20170327,20170327,PR,7691
27390869,0001,1,1RM FITNESS SUPPLE STORE,02,20170327,20170327,SP,6313
27395546,0001,1,,08,20210129,20170328,MG,4445
26598916,0001,1,KALINAUSKAS,02,20161124,20161124,SP,7057
27396744,0001,1,ACADEMIA BOA FORMA,04,20210419,20170328,MG,4071
27398869,0001,1,ACADEMIA POWER BODY FACTORY,08,20180201,20170328,MG,4787
27399055,0001,1,MOTIVACAO ASSESSORIA ESPORTIVA,08,20251104,20170328,CE,1389
27402048,0001,1,EDUARDOCONSTRUCAO,08,20190701,20170328,MG,4445
27402439,0001,1,CORACAO ATIVO,08,20170922,20170328,RS,8945
27402475,0001,1,WAGNER SILVA TREINAMENTO INTEGRADO,04,20210226,20170328,SP,7107
27410464,0001,1,,08,20211105,20170329,SP,7107
27412132,0001,1,,08,20210308,20170329,MG,5163
27414089,0001,1,,04,20210225,20170329,RS,8801
27417291,0001,1,CONTRA O TEMPO ASSESSORIA ESPORTIVA,08,20190312,20170329,MG,5403
27418385,0001,1,L SANTOS PERSONAL,08,20170915,20170329,SP,7107
27419412,0001,1,FABIOLA TOP SHAPE,02,20220609,20170329,SP,7107
27421214,0001,1,NUOVA ACADEMIA,04,20210406,20170330,SP,6131
27423007,0001,1,ACADEMIA ELITE,04,20210406,20170330,SP,6131
27423290,0001,1,ITAMAR SPORTS,04,20210406,20170330,SP,7191
27425400,0001,1,PERSONAL SAUDE,08,20170812,20170330,BA,3661
17796934,0004,2,,02,20170329,20170329,RJ,6001
27425890,0001,1,,02,20170330,20170330,SP,6189
27425978,0001,1,ZANINGAS FITNESS,02,20170330,20170330,CE,1589
27427957,0001,1,,08,20201203,20170330,PE,2321
27431348,0001,1,,08,20170718,20170331,ES,0768
27433274,0001,1,CLUBE DA LUTA,08,20240710,20170331,MT,8985
27434379,0001,1,RX SPORTS,02,20170331,20170331,MG,4985
27441651,0001,1,LISIE GOMES,08,20210506,20170401,RS,8561
27444095,0001,1,SPAZIO DI PILATES,04,20260608,20170403,AM,0255
27450081,0001,1,,02,20220224,20170403,RS,8611
27453466,0001,1,,08,20180801,20170403,PR,7691
27458099,0001,1,F5 ACADEMIA,02,20170404,20170404,PB,2037
27450582,0001,1,OP PERSONAL TRAINER,02,20260302,20170403,SP,7107
27461993,0001,1,W PERFORMANCE,08,20241025,20170404,SC,8105
27462366,0001,1,,08,20170915,20170404,BA,3849
27463265,0001,1,EXTREME FITNESS ACADEMIA,04,20210223,20170404,PA,0625
27463592,0001,1,TOP-FIT ACADEMY,04,20260528,20170404,MG,4533
27464276,0001,1,STUDIO ALMIR ROCHA PERSONAL TRAINER,08,20210210,20170404,RO,0003
27464659,0001,1,PERSONAL TREINER,08,20260313,20170404,MG,4661
27467057,0001,1,CENTRO DE TREINAMENTO ATP HARD,08,20200910,20170405,PB,2051
27467347,0001,1,TCS PERSONAL TRAINER,04,20231031,20170405,SP,7107
27468536,0001,1,KATE PERSONAL,08,20200531,20170405,SP,7057
27472412,0001,1,MT FIGHT,08,20250715,20170405,MG,4123
27473154,0001,1,PERSONALCOUTO,04,20210413,20170405,SP,7121
27475491,0001,1,ARTHUR MOTTA - PERSONAL TRAINER,08,20240918,20170405,AL,2785
27475578,0001,1,IMPERIO FITNESS,08,20190114,20170405,ES,5691
27475754,0001,1,JUDO EDUCA,08,20180201,20170406,RJ,5865
27475926,0001,1,FT45 FUNCTIONAL TRAINING,08,20180614,20170406,SP,6361
21035115,0012,2,SMARTFIT,08,20250101,20170406,MG,4123
27479172,0001,1,FUNCIONAL FITNESS,08,20210920,20170406,RJ,6001
27481243,0001,1,,08,20170428,20170406,SP,6841
27484284,0001,1,IMPACTO ACADEMIA SJC,08,20200630,20170406,SP,7099
27487335,0001,1,,08,20170613,20170407,SP,7145
27488248,0001,1,VIDA LEVE (STUDIO PILATES),08,20210304,20170407,GO,9489
27489631,0001,1,,04,20210226,20170407,SP,7107
27491814,0001,1,BOX ALPHA,08,20220511,20170407,RN,1761
27495160,0001,1,CAMILA FREIRE PERSONAL,08,20210312,20170408,PR,7535
27496396,0001,1,STUDIO PERFORMANCE,02,20170409,20170409,CE,1563
27497170,0001,1,PERSONAL BABY & KIDS,08,20230803,20170409,PE,2531
27501093,0001,1,ACADEMIA CORPO ATIVO,08,20210922,20170410,RS,8801
27502545,0001,1,ACADEMIA SPRINT,04,20220607,20170410,MG,4123
27502774,0001,1,TOPP FITNESS,08,20180807,20170410,SP,7075
27503456,0001,1,JADSON SANTOS,04,20220208,20170410,BA,3849
27503856,0001,1,NEW FITNESS ACADEMIA,08,20210430,20170410,SP,7075
27505050,0001,1,ESTUDIO ANCORA,08,20190115,20170410,RS,8801
27509118,0001,1,GAMO STUDIO DE PILATES,02,20170411,20170411,PR,7425
27511900,0001,1,YOU FIT,08,20171220,20170411,SC,8343
27512456,0001,1,STUDIO FALCAO,08,20190805,20170411,PE,2531
27518183,0001,1,MANU ESTEVAO,08,20170526,20170412,PR,7481
27519146,0001,1,MAX PRIME,04,20240808,20170412,PR,9983
26726674,0001,1,MR TREINAMENTO PERSONALIZADO,08,20201125,20161216,SE,3157
27522343,0001,1,KARULINE,08,20181021,20170412,ES,5661
27524436,0001,1,ACADEMIA EXTREME 360,02,20170412,20170412,MG,5401
27525007,0001,1,PS CLASSICO PILATES,02,20170412,20170412,SP,7107
27525392,0001,1,BLACK FITNESS,02,20170412,20170412,RS,8511
27528999,0001,1,ASSOCIACAO ATTILA SAN KARATE,04,20210319,20170413,RJ,5803
27533179,0001,1,RIO BEACH VOLLEY,08,20210715,20170413,RJ,6001
27535118,0001,1,THAISE PINHEIRO DE BRITO PARREIRA,08,20190102,20170415,GO,9373
27535494,0001,1,FITNESS ACADEMIA,02,20170415,20170415,RS,8777
27082504,0001,1,EU FITNESS ACADEMIA,02,20170210,20170210,AC,0107
27280468,0001,1,STUDIO PILATES CAMILA SUZUMURA,08,20210422,20170312,SP,7107
27538333,0001,1,GHAVI TRAINNING FUNCIONAL,08,20171119,20170417,SP,7107
27543723,0001,1,EDUARDO CAMPOS NEVES,08,20250526,20170417,RS,8749
27545804,0001,1,TIME-FIT,04,20210303,20170418,MA,0921
27546573,0001,1,,02,20170418,20170418,BA,3597
27547992,0001,1,I9 CLUBE DA SAUDE,02,20170418,20170418,PE,2531
27549386,0001,1,ACADEMIA VANDINHO TEAM,02,20170418,20170418,BA,3741
27550106,0001,1,STUDIO E,02,20170418,20170418,SP,6291
27552565,0001,1,,08,20180220,20170419,MG,4123
27554226,0001,1,,02,20170419,20170419,AL,2707
27557490,0001,1,ALEXANDRA VIEIRA TREINAMENTO PERSONALIZADO,08,20241118,20170419,SP,7107
27558505,0001,1,ESPACO ROSA FIT ACADEMIA FEMININA,08,20190225,20170419,SP,7107
27558575,0001,1,ACTION 360 BROOKLIN PAULISTA,02,20170419,20170419,SP,7107
27560314,0001,1,ATHOS PERSONAL STUDIO,04,20220126,20170419,SE,3105
27561033,0001,1,ALFITNESS,04,20220209,20170419,SP,7157
27561073,0001,1,,08,20190702,20170419,RS,8771
27563663,0001,1,L2 PILATES BRAZIL,02,20170419,20170419,SP,7107
27563842,0001,1,MSG FITNESS,04,20210416,20170419,SE,3105
27569008,0001,1,LUIS DUTRA - JUDO E JIU-JITSU,04,20210323,20170420,RS,8877
27570719,0001,1,ACADEMIA QUEIROZ,08,20200925,20170420,PB,1931
27574838,0001,1,J.V PERSONAL TRAINER,08,20180508,20170421,SP,7089
27575435,0001,1,,04,20231109,20170421,PB,2081
27575823,0001,1,JESUS RODRIGUES,04,20210316,20170421,RJ,6001
27578956,0001,1,,08,20180506,20170423,PR,7583
27580847,0001,1,,08,20180627,20170424,SP,6155
27582151,0001,1,AIRONFORMS' ACADEMIA,08,20240513,20170424,PI,0386
27582681,0001,1,HEALTH CLUB TREINAMENTO FUNCIONAL,08,20181213,20170424,RJ,6001
27582919,0001,1,STUDIO DO CORPO,08,20180426,20170424,RJ,6001
27583862,0001,1,,08,20180202,20170424,SP,7107
27586499,0001,1,,08,20230801,20170424,SP,7107
27587230,0001,1,PELLEGRINI FITNESS,08,20180122,20170424,SP,7097
27592169,0001,1,,04,20220208,20170425,SC,8073
27592528,0001,1,CORPOREA ACADEMIA TERAPEUTICA,08,20181212,20170425,SC,8179
27592837,0001,1,,02,20170425,20170425,SP,6291
27595044,0001,1,CORPORATE,08,20181114,20170425,GO,9373
27596943,0001,1,X-TREMEFUNCIONAL,04,20210218,20170425,MS,9051
27599320,0001,1,ACADEMIA HEROS,02,20170425,20170425,RJ,5901
27599758,0001,1,JULIOC.TREINADOR,08,20181001,20170426,RO,0009
27602463,0001,1,CENTRO DE TREINAMENTO TEAM MOREIRA,08,20191231,20170426,AP,0605
27607736,0001,1,OXY ACADEMIA,02,20170426,20170426,PR,7823
27612838,0001,1,,04,20210210,20170427,DF,9701
27615324,0001,1,MALTA FITNESS & HEALTH,02,20170427,20170427,BA,3849
27618183,0001,1,ACQUA FIRE,08,20180626,20170427,MS,9051
27620506,0001,1,NATALIA CHAVES SODRE,08,20260519,20170428,DF,9701
27623946,0001,1,FOCO FITNESS,08,20200416,20170428,RJ,5901
27624488,0001,1,RS PERSONAL,08,20210302,20170428,MG,4123
27624884,0001,1,STUDIO DE PILATES NATHALIA LIMA,08,20180529,20170429,RJ,6001
27625456,0001,1,,08,20170628,20170429,PR,7667
27627490,0001,1,MATHEUS DE MARCHE SUTILI,08,20180227,20170501,SP,7075
27627720,0001,1,FABIO LEITE,08,20170608,20170501,RJ,6001
27628252,0001,1,,04,20210316,20170501,RJ,6001
27628449,0001,1,JOTA,08,20180129,20170501,SP,6969
27629234,0001,1,STUDIO MUVE,04,20210419,20170501,SP,6713
27629608,0001,1,CENTRO DE CONDICIONAMENTO FISICO,08,20170928,20170502,MG,4723
27629684,0001,1,QSHAPE ACADEMIA,02,20170502,20170502,SP,7107
27633431,0001,1,MEGA TRAINING ACADEMIA,02,20170502,20170502,PA,0427
27635330,0001,1,,08,20180131,20170502,PA,0427
27636098,0001,1,,04,20210419,20170502,SP,6669
27637386,0001,1,MONSTER MIDIA,04,20220209,20170502,SP,6669
27638003,0001,1,ACADEMIA LUIZ HAPKIDO TOP TEAM,04,20210326,20170502,SP,6789
27639794,0001,1,VALCIR ANTONIO LOPES JUNIOR,08,20170830,20170502,SC,8179
27640848,0001,1,ACADEMIA CITY GYM,02,20170502,20170502,RJ,6001
27642655,0001,1,FOCO ACADEMIA,08,20190712,20170503,TO,0327
27644626,0001,1,KONA FIT,08,20230727,20170503,SP,7107
27645437,0001,1,,04,20220208,20170503,SC,8027
27645865,0001,1,JMA EDUCACAO FISICA E SAUDE,08,20170529,20170503,DF,9701
27648502,0001,1,TC LUTAS E FITNESS,08,20171220,20170503,SP,7121
27648676,0001,1,PEREIRA ALEXSANDRA,08,20180912,20170503,RJ,6001
27649661,0001,1,ROSSI E ZAMPIERI,08,20210319,20170503,SP,6109
27650459,0001,1,KELLY RODRIGUES DE CARVALHO,04,20260601,20170504,RJ,5801
27651076,0001,1,FULL FORM STUDIO FITNESS & UNIVERSO GINASTICA,08,20181214,20170504,MG,4921
27651437,0001,1,,04,20210218,20170504,MT,9067
84058502,0003,2,ACADEMIA P - HUM MUSCULACAO E FITNESS,02,20170504,20170504,RR,0303
27653987,0001,1,DIEGO S. ANDRADE PERSONAL TRAINER,08,20211229,20170504,CE,1447
27654840,0001,1,FISICAM SPORTS,08,20200102,20170504,RJ,6001
27657135,0001,1,ACADEMIA ESPACO VIDA,08,20260313,20170504,SP,2939
27658512,0001,1,,08,20180125,20170504,SP,6291
27661389,0001,1,ESPACO FIT GYM,02,20170505,20170505,AL,2783
27663666,0001,1,,04,20210415,20170505,SP,6305
27664307,0001,1,I9 CLUB FITNESS,08,20180703,20170505,PE,2525
27665071,0001,1,,08,20170601,20170505,MG,5425
27667015,0001,1,INVICTUS ACADEMIA,08,20220613,20170503,RJ,5865
27667601,0001,1,ARISTER SALVIANO,08,20180326,20170505,SP,7107
27669237,0001,1,,08,20190827,20170505,PR,7701
27444375,0001,1,,08,20180912,20170403,SP,7107
27670417,0001,1,,02,20170508,20170508,SP,7107
27671819,0001,1,DR MARCOS VIANA - FISIOLOGIA DO EMAGRECIMENTO,08,20171124,20170508,SP,6181
27673306,0001,1,SUPER ACAO STUDIO FITNESS,08,20181129,20170508,SC,8089
27675190,0001,1,X-FORCE FITNESS,08,20170509,20170508,SP,6563
27675267,0001,1,ACADEMIA FIT ITALIA,08,20190606,20170508,PE,2531
27675355,0001,1,PRISCILLA PEREIRA,08,20210223,20170508,RJ,5819
27678306,0001,1,,08,20170605,20170508,SP,7107
27680390,0001,1,STUDIO DE PILATES BEM ESTAR,04,20210224,20170508,RR,0301
27684056,0001,1,MULTI FITNESS,08,20170717,20170509,PR,7937
27685085,0001,1,CROSSFRIENDS TREINAMENTO FUNCIONAL,08,20180322,20170509,ES,0760
27687385,0001,1,BIO FITNESS ACADEMIA,04,20190531,20170509,SP,7107
27687562,0001,1,ANTARES,08,20191021,20170509,SP,6311
27688568,0001,1,GABRIELA PEREIRA PENA,08,20190509,20170509,SP,6803
27689574,0001,1,ACADEMIA MOURA,08,20230915,20170509,MG,5403
27693931,0001,1,,08,20180607,20170509,PR,7691
12420269,0003,2,,08,20190527,20170510,SP,6931
27702702,0001,1,,04,20210415,20170510,SP,6969
27703184,0001,1,VASCONCELOS TRAINER,08,20260422,20170510,CE,1389
27708237,0001,1,JESSICA DOS SANTOS NEVES,08,20230103,20170511,MT,9067
26578561,0001,1,,08,20170511,20161122,ES,5629
27711302,0001,1,,04,20210331,20170511,MG,4093
27711428,0001,1,STUDIO DE MUSCULACAO FITWAY,08,20230517,20170511,PE,2419
27711517,0001,1,"PROJETO 'S.E.R.' - SERIEDADE, EDUCACAO E RESPEITO",04,20240826,20170511,SP,6291
27714362,0001,1,,04,20210426,20170511,BA,3515
27720798,0001,1,LIVING PERSONAL STUDIO,08,20251028,20170512,SP,7121
27722383,0001,1,FISIO CORPUS STUDIO PILATES,04,20210409,20170512,PI,1219
27723120,0001,1,ARENA FITNESS,08,20171222,20170512,BA,3849
27723489,0001,1,RBS TEAM,08,20180804,20170512,SP,6291
27727427,0001,1,ADRIANO LEITE COSTA,04,20210225,20170514,RS,8801
26632753,0001,1,ACADEMIA JUST FITNESS,08,20191011,20161130,SP,7107
27733903,0001,1,A GERACAO SAUDE FITNESS,08,20251027,20170515,BA,3477
27734395,0001,1,,08,20230807,20170515,GO,9373
27735150,0001,1,TERE SPORT FITNESS DE TERESOPOLIS ACADEMIA,04,20220208,20170515,RJ,5915
27738016,0001,1,,08,20180205,20170515,MG,4123
27738697,0001,1,,08,20180109,20170516,SP,6219
27739782,0001,1,SCARPA COURO,08,20191107,20170516,BA,3849
27743729,0001,1,JULIANA ZELLEROFF SAUDE E BEM ESTAR,08,20180529,20170516,PR,7535
27746953,0001,1,,08,20210520,20170516,SP,7107
27754005,0001,1,FIEL TREINAMENTO PERSONALIZADO,08,20251112,20170517,SP,7107
27756506,0001,1,LUCAS NUNES,08,20170621,20170517,PE,2531
27758038,0001,1,M D PERSONAL,04,20231031,20170517,SP,7107
27758981,0001,1,ACTION SPORTS,08,20220607,20170517,MG,4917
27760580,0001,1,RJ ASSESSORIA ESPORTIVA,08,20170531,20170518,CE,1389
27761620,0001,1,,08,20200423,20170518,SP,6843
27770352,0001,1,KAKAL CARMINATTI,08,20180727,20170518,MS,9051
27770415,0001,1,,08,20180319,20170518,RJ,6001
27770592,0001,1,KM CONSULTORIA EM QUALIDADE DE VIDA E SAUDE,04,20210419,20170519,SP,7157
27770675,0001,1,ACADEMIA DOM BOSCO,02,20170519,20170519,DF,9701
27771098,0001,1,,08,20170705,20170519,PR,7691
27772911,0001,1,LINDA LUZ TERAPIAS MANUAIS,08,20210121,20170519,MG,5403
27773200,0001,1,,08,20180122,20170519,SC,8047
27773380,0001,1,,08,20180402,20170519,PR,7563
27774276,0001,1,COACH PATRICIA GUIMARAES,08,20170521,20170519,PR,7667
27778840,0001,1,SPARTA ACADEMIA,08,20230228,20170519,SC,8137
27779210,0001,1,PERSONAL TRAINER EVELIN NASCIMENTO,08,20190112,20170519,SP,7107
27780129,0001,1,ADRENALINA - INSTRUCAO E TREINAMENTOS ESPORTIVOS,08,20210913,20170520,RJ,6001
27780778,0001,1,,08,20170521,20170521,RJ,5865
27780880,0001,1,DAVI GALDINO DA SILVA,08,20181127,20170521,CE,1389
27785529,0001,1,,08,20250905,20170522,SP,6425
27787652,0001,1,VICTOR RUAS PERSONAL,04,20210408,20170522,SP,7071
27789824,0001,1,STUDIO TNT MOVE,02,20170522,20170522,SC,8383
27793092,0001,1,ARNONI FITNESS ACADEMIA - UNIDADE II,02,20170523,20170523,MG,4365
27793725,0001,1,SPORTING FITNESS,08,20221227,20170523,BA,3923
27798311,0001,1,GERA FITNESS,02,20170523,20170523,BA,3337
27799471,0001,1,HOME FISIO,08,20190207,20170523,SP,7087
27800831,0001,1,PERSONAL RAFAEL CASAGRANDE,08,20180613,20170523,PR,7691
27802395,0001,1,FISIOTERAPEUTA,08,20190325,20170523,RJ,5853
27805519,0001,1,LIFE&BODY STUDIO,08,20210924,20170524,SP,7107
27811681,0001,1,SHALA CURITIBA,08,20220429,20170504,PR,7535
27815194,0001,1,TANDARA TARGA GOMES,08,20171206,20170525,MT,0137
27817025,0001,1,CENTRO DE TREINAMENTO TROIA,08,20180404,20170525,PE,2521
27817751,0001,1,CP ATIVIDADES AQUATICAS,08,20210216,20170525,PE,2531
27817940,0001,1,LIFE FITNESS,02,20170525,20170525,MG,4763
26011180,0001,1,CLUB MASTER SENIOR,08,20230927,20160823,SP,7145
27820138,0001,1,,08,20221223,20170525,SC,8183
27821351,0001,1,DMOV STUDIO PERSONALIZADO,08,20230718,20170525,SC,8179
27825457,0001,1,CROSSFIT BABU,08,20240222,20170526,CE,1389
27826274,0001,1,ACADEMIA STRONG,08,20240628,20170526,PE,2469
27830494,0001,1,,08,20170621,20170526,SP,7151
27830761,0001,1,,04,20210224,20170526,CE,1429
27832795,0001,1,FISIOWORK,04,20210419,20170526,PE,2513
27837670,0001,1,LIVE ACADEMIA,02,20170529,20170529,RJ,5925
27838504,0001,1,VICTORE ATIVIDADES FISICAS PERSONALIZADAS,08,20171227,20170529,MG,4895
27843609,0001,1,BRUNA PERFORMANCE STUDIO,02,20220816,20170529,MT,9909
27843637,0001,1,GELAR CLIMATIZACAO,02,20170529,20170529,SP,6291
27844370,0001,1,ACADEMIA FIT-STRONG,04,20210226,20170529,SP,7107
27847075,0001,1,,08,20180328,20170530,SP,7007
27848346,0001,1,STUDIO PRATIC PILATES,08,20171130,20170530,GO,9373
27849493,0001,1,JB ESPORTES,08,20210117,20170530,PR,0876
27850810,0001,1,RGM ASSESSORIA,08,20220728,20170530,SP,7245
27851219,0001,1,JULIANE,08,20190917,20170530,RS,8599
27855067,0001,1,,04,20210309,20170530,PR,7907
27857734,0001,1,PERSONAL CROSS JUNIOR CICERO,02,20220916,20170531,RJ,5895
27858542,0001,1,CENTRO DE BEM ESTAR,08,20170919,20170531,RS,8801
27863712,0001,1,EXCLUSIVE FITNESS CENTER,08,20190708,20170530,RS,8841
27637770,0001,1,,08,20171228,20170502,SP,6425
27865475,0001,1,ESTUDIO ARTE PILATES,04,20210326,20170531,SP,6477
27870190,0001,1,ZBODY STUDIO EMS-WB,02,20170601,20170601,RS,8839
27870689,0001,1,ERGO LABORE,04,20220208,20170601,MG,4123
27870960,0001,1,HIIT ACADEMIA,08,20181217,20170601,PR,7435
27872438,0001,1,ELIELTON PERFORMANCE,08,20240519,20170601,CE,1265
27872987,0001,1,,08,20211125,20170601,SC,8179
27873691,0001,1,F3 - FIT FOR FUN GESTAO ESPORTIVA,08,20230905,20170601,SP,6425
27875460,0001,1,FAST SAUDE,02,20170601,20170601,RJ,6001
27880013,0001,1,CENTRO DE TREINAMENTO COLOSSUS,08,20190116,20170602,MG,5273
27880544,0001,1,FASTWAYFIT & NUTRISTOP,02,20170601,20170601,SC,8089
27881634,0001,1,,08,20190412,20170602,SC,8105
27882766,0001,1,SILVA SANTOS FISIOTERAPIA,08,20221013,20170602,RJ,5803
27883277,0001,1,,08,20180116,20170602,MG,4961
27886102,0001,1,REINALDO SANTOS - PERSONAL TRAINER,08,20181221,20170602,SP,7107
27887118,0001,1,NEW SHAPE ASSESSORIA ESPORTIVA,08,20171013,20170602,SP,7107
27888754,0001,1,,08,20170703,20170603,SP,7071
27888789,0001,1,,04,20220208,20170603,SP,7071
27890998,0001,1,,02,20221116,20170605,PE,2437
27892218,0001,1,FET SAUDE,04,20260520,20170605,BA,3669
27895448,0001,1,LOUNGE FITNESS,02,20170605,20170605,SP,6817
27903097,0001,1,,08,20191023,20170605,SP,6229
27903263,0001,1,RAFA STEFFENS,08,20230815,20170606,SC,8179
27906579,0001,1,MTRAINING,04,20210316,20170606,RJ,6001
27907486,0001,1,ACADEMIA PERFORMANCE,02,20170606,20170606,PB,2191
27912824,0001,1,ESTUDIO DE PILATES DEBORA,08,20250128,20170607,RS,8955
27914295,0001,1,,08,20171018,20170607,PR,7777
27915227,0001,1,RAFAEL MININEL EDUCADOR FISICO,02,20170607,20170607,SP,6257
27918097,0001,1,ACADEMIA HARMONIA,08,20190214,20170607,MS,9051
27918901,0001,1,CENTAURO GYM,04,20220128,20170607,MS,9803
27919748,0001,1,TURIYA STUDIO PILATES,08,20210208,20170607,SC,8165
27919825,0001,1,SPIN FLIP,02,20170327,20170327,PR,7535
27923545,0001,1,L&M ACADEMIA,08,20220810,20170608,PB,1943
27927820,0001,1,FB FITNESS,08,20170708,20170608,RJ,6001
27928344,0001,1,ACADEMIA SAN DIEGO,08,20181228,20170608,RR,0032
27929288,0001,1,ESTUDIO SEVEN FITNESS,08,20210430,20170608,ES,5629
27930212,0001,1,HERMINIO FITNESS,02,20260507,20170608,SP,7107
27934109,0001,1,,08,20221027,20170609,AL,2785
27934184,0001,1,CTM F5 CANOA,04,20210224,20170609,CE,1321
27936969,0001,1,DYNIA JUDO,08,20180820,20170609,RJ,6003
27936994,0001,1,,04,20210309,20170609,PR,7839
27937667,0001,1,PRIME POWER FITNESS,08,20191121,20170609,SP,7245
27938234,0001,1,ACADEMIA PRO-TATAME,08,20190319,20170608,SP,6291
27943293,0001,1,COELHO,08,20250123,20170611,RJ,6001
27943552,0001,1,MEGA FITNESS,04,20220128,20170612,CE,1383
22902694,0023,2,,02,20170612,20170612,AL,2785
27949524,0001,1,,08,20220609,20170612,MG,4787
27952046,0001,1,STUDIO BETO LANZA,08,20260128,20170612,RS,8667
27953088,0001,1,,08,20240131,20170612,PR,7421
27956298,0001,1,ESCOLA DE FUTEBOL SEMENTINHA,08,20230615,20170613,RS,8869
27956372,0001,1,,08,20180301,20170613,PE,2513
27956867,0001,1,LIS STUDIO DE PILATES,08,20180525,20170613,SP,7107
27958332,0001,1,JANAINA CARVALHO,08,20170711,20170613,ES,5701
27958731,0001,1,MOVIMENTOS,08,20201229,20170613,SC,8291
27962152,0001,1,BIOS ACADEMIA,02,20170613,20170613,CE,1527
27962226,0001,1,INOVAR NUTRICAO E TREINAMENTO PERSONALIZADO,08,20170905,20170613,GO,9221
27746493,0001,1,,02,20170516,20170516,PR,7493
27964884,0001,1,,08,20180207,20170614,SE,3105
27970371,0001,1,ACADEMIA PERFIL,04,20210310,20170614,ES,5691
27970501,0001,1,,08,20180321,20170614,PR,7637
27973341,0001,1,ACADEMIA HI,08,20171113,20170615,PE,2531
27974752,0001,1,TOP FITNESS ACADEMIA,02,20170614,20170614,BA,3979
27977408,0001,1,BELEZA&FITT - ESTETICA E SAUDE,08,20170829,20170616,BA,3849
27977573,0001,1,,08,20230720,20170616,SC,8105
27979037,0001,1,MOVING LIFE EVENTOS ESPORTIVOS,04,20220209,20170616,SP,7107
27979667,0001,1,ACADEMIA ABSOLUTA,08,20190926,20170617,RN,1761
27981840,0001,1,FRANCISCO COVI,08,20180126,20170618,RS,8801
27982680,0001,1,THALITA OLIVEIRA PERSONAL TRAINER,08,20180129,20170619,CE,1447
27982831,0001,1,THE REAL COACH,04,20240902,20170619,SP,6361
27983891,0001,1,FORMA FITNESS ACADEMIA,02,20240402,20170619,PA,0587
27989689,0001,1,X-WORK GYM,04,20210309,20170619,PR,7629
27989760,0001,1,JB ED FISICA,08,20210117,20170619,PR,0876
27990991,0001,1,RAFAEL VIEIRA,04,20210226,20170619,SP,7107
27993779,0001,1,,08,20171129,20170620,PR,7629
27995759,0001,1,,08,20180307,20170620,PR,7927
27999509,0001,1,BOX CUIABA CONDICIONAMENTO FISICO,08,20221122,20170614,MT,9067
28002464,0001,1,NEW VITALLE,08,20260602,20170620,CE,1389
28003885,0001,1,,08,20220222,20170620,RS,8841
28004327,0001,1,ALISON ALVES PERSONAL,08,20180123,20170621,RN,1779
28006263,0001,1,SAUDE & EQUILIBRIO,08,20171110,20170621,SP,7043
28006747,0001,1,ACADEMIA SAUDE DO CORPO,02,20170621,20170621,BA,3849
28009680,0001,1,MEIRE FITNESS ESTUDIO,08,20180315,20170621,MT,9891
28016051,0001,1,SPORT LIVE,02,20170622,20170622,RJ,6001
28016937,0001,1,MOVIMENTOS FIT,02,20170621,20170621,BA,3965
28019639,0001,1,LUAN,04,20210209,20170622,ES,5669
28021535,0001,1,M C M ACADEMIA DE GINASTICA,08,20210416,20170622,ES,5647
28022621,0001,1,,08,20230427,20170622,SP,7107
28024791,0001,1,CST ACADEMIA,08,20180808,20170622,SP,6569
28026717,0001,1,JOHNNY PEPICE PERSONAL TRAINER,08,20180206,20170623,SP,6229
28031120,0001,1,MAMUTE'S FIT TRAINNING,02,20170623,20170623,RJ,6001
28031244,0001,1,PERSONAL TRAINER JACK PAPAIS,08,20180104,20170623,SP,7151
28031479,0001,1,,08,20240603,20170620,RS,7297
28035306,0001,1,NON STOP SERVICOS DE TREINAMENTO FISICO,08,20181230,20170625,RJ,6001
28036260,0001,1,AJ FITNESS ACADEMIA,08,20240418,20170622,PE,2491
28037758,0001,1,PULSELAB,02,20170626,20170626,RJ,6001
28040140,0001,1,,08,20170802,20170627,PR,7659
28041327,0001,1,SOULFIT TREINAMENTO FISICO FUNCIONAL,04,20210331,20170627,MG,4177
28041574,0001,1,MAYCON NILSON FLORIANO DA SILVA,02,20260513,20170627,MS,9051
28047234,0001,1,DEIVISSON WP TREINER,08,20180222,20170627,DF,9701
28047766,0001,1,EJG,08,20180125,20170627,SP,6377
28049748,0001,1,,02,20250228,20170627,SP,6619
28050696,0001,1,WM ACADEMIA,08,20170920,20170627,PA,0441
28051398,0001,1,KLEBERROCHAPERSONALTRAINER,08,20170628,20170627,DF,9701
28052145,0001,1,PERSONAL SHIRLEY,08,20180116,20170628,RJ,6001
28052196,0001,1,,02,20170627,20170627,RS,8541
28052732,0001,1,JC FITNESS,08,20200908,20170628,SC,8367
28055140,0001,1,WELLNESS FOR YOU,08,20211208,20170628,SP,7075
28055371,0001,1,,02,20170628,20170628,PR,7563
28058390,0001,1,PROTOS ASSESORIA ESPORTIVA,08,20240314,20170628,SP,7107
28060684,0001,1,MARCIA SANCHEZ,04,20210317,20170628,PR,7691
28061381,0001,1,IRON GYN,04,20190514,20170628,BA,3597
28063151,0001,1,KAREN GONCALVES DOS SANTOS,08,20190207,20170628,SP,6219
28064660,0001,1,,08,20201111,20170527,PR,7535
28064725,0001,1,,04,20260515,20170629,CE,1405
28065681,0001,1,ACADEMIA FORCA EM MOVIMENTO,02,20240805,20170629,CE,1585
28066093,0001,1,GREMIO DESPORTIVO SERRINHENSE,08,20200323,20170629,BA,3909
28067138,0001,1,LIVE FITNESS,02,20190917,20170628,RJ,5819
28070808,0001,1,STUDIO ELY DANCE,04,20220128,20170629,BA,3849
28075502,0001,1,CENTRO DE TREINAMENTO ENERGIA,08,20200122,20170630,RS,8599
27150659,0001,1,ACADEMIA A 22 FIT,04,20210419,20170220,PE,2435
28078224,0001,1,,08,20260513,20170630,RS,8423
28079547,0001,1,,08,20170822,20170630,RS,8749
28087772,0001,1,GERMIND,08,20180301,20170703,RJ,6001
28087896,0001,1,,08,20230112,20170703,RJ,5867
28090940,0001,1,FABRICIO FORTES PREPARACAO FISICA DE VERDADE,08,20180710,20170703,RS,8801
28094065,0001,1,HOMEETING,08,20181210,20170703,SC,8105
28094493,0001,1,C.T.RANNY,08,20250425,20170703,SP,7107
28096939,0001,1,BOTO,04,20240826,20170703,SP,6511
28098469,0001,1,DU FUNCIONAL CENTRO DE TREINAMENTO,08,20210826,20170704,DF,9701
28099846,0001,1,EVOLUTY GESTAO ESPORTIVA,08,20171231,20170704,SP,7075
28102732,0001,1,ESCOLA DE CAPOEIRA SENZALA DE ZUMBI,04,20210323,20170704,PR,7483
28103365,0001,1,EQUIPE PERFORMANCE,08,20200108,20170704,RJ,5851
28103955,0001,1,SPORTING ESCOLA DE FUTEBOL,08,20221202,20170704,GO,9227
28104521,0001,1,,02,20220401,20170704,SP,6969
28107065,0001,1,GOMES PERSONAL,04,20210316,20170704,RJ,6001
28107646,0001,1,ROSIANE PERSONAL,02,20220531,20170704,MG,4595
28108376,0001,1,CLUBE DA CORRIDA EMA,08,20180910,20170705,PR,7691
28111558,0001,1,,04,20210304,20170705,RS,8853
28133928,0001,1,VITOR MEDEIROS - TREINAMENTO PERSONALIZADO,08,20190322,20170707,RO,0003
28134789,0001,1,MOOVE PILATES,08,20210215,20170707,BA,3849
28141932,0001,1,,02,20170710,20170710,SP,6291
28144188,0001,1,,02,20170710,20170710,RJ,6001
28150037,0001,1,PEOPLE'S HEALTHY,08,20180503,20170710,MG,4123
28150242,0001,1,DORA FITNESS,08,20181026,20170710,MG,4371
28153130,0001,1,ACADEMIA TOP FITNESS,02,20170711,20170711,PR,7659
28155138,0001,1,ACADEMIA LIBRA,02,20170711,20170711,RN,1761
28161574,0001,1,EVELIN MEDEIROS,08,20180918,20170712,SC,8039
28164658,0001,1,PERSONAL TRAINER,08,20171129,20170712,SP,6291
28166483,0001,1,VIA FIT ACADEMIA,02,20210405,20170712,CE,1389
28168643,0001,1,J MAX PHYSICAL,08,20190930,20170712,SP,6291
28168967,0001,1,DANIELA ANDRADE PERSONAL STUDIO,08,20190911,20170712,GO,9395
28170085,0001,1,JAIR JACINTO DE LIMA,08,20190718,20170712,GO,9413
28176015,0001,1,RENATO MAGALHAES,08,20191016,20170713,RJ,6001
28176244,0001,1,KAMILLE,01,20170713,20170713,SE,3105
28176995,0001,1,GYM FITNESS,02,20170713,20170713,RN,1745
28180738,0001,1,GIRESE ZIMMER SANTIAGO,08,20180328,20170713,RS,8801
28186246,0001,1,,08,20181228,20170714,GO,9459
28186348,0001,1,BOX NUTRITION,08,20200914,20170714,SP,7145
28192148,0001,1,MRPERSONAL,04,20220209,20170716,SP,7157
28193758,0001,1,,08,20180215,20170717,SP,7143
28195933,0001,1,CORE UP ESTUDIO DE PILATES,08,20190207,20170717,SC,8179
28196759,0001,1,CFGM - PERSONAL TRAINER,08,20170908,20170717,PR,7525
28198176,0001,1,CT MONTANHA TEAM,02,20210331,20170717,MG,4371
28198244,0001,1,FERNANDO PENCO PERSONAL TRAINER,08,20180406,20170717,SP,6131
28199622,0001,1,CRIS PERSONAL TRAINER,08,20210723,20170717,SP,7107
28201142,0001,1,RENOVE PILATES E BEM-ESTAR,08,20171226,20170717,RS,8869
28202625,0001,1,SOLANGE PERSONAL FITNESS,08,20190731,20170717,SP,6861
26887929,0001,1,ACADEMIA ADRENALINE SPORT,08,20170718,20170117,ES,5623
28208598,0001,1,ACADEMIA INOV FITNESS,08,20181002,20170718,PR,7415
28209058,0001,1,MEIJI DOJO,04,20210415,20170718,SP,7145
28210969,0001,1,PAULO NASCIMENTO,08,20180824,20170718,SP,7107
28212708,0001,1,STUDIO CAMILA MUTTI DE PILATES,08,20180430,20170718,SP,7071
28213160,0001,1,TRIBO FITNESS,02,20170705,20170705,SP,7107
28216338,0001,1,DIANE FROHLICH ESTUDIO DE PILATES,08,20180125,20170719,RS,8853
28216391,0001,1,STUDIO PILATES AGUAS LINDAS,08,20180427,20170719,GO,1052
28216677,0001,1,ACADEMIA FEMININA ENERGIA,04,20220128,20170719,PA,0054
28222574,0001,1,ACADEMIA ALPHA FITNESS,02,20170719,20170719,BA,3849
28223175,0001,1,,08,20210806,20170719,RJ,6001
28224740,0001,1,,08,20200818,20170720,SP,7097
28225600,0001,1,,04,20220208,20170720,PR,7927
28225646,0001,1,ACADEMIA FORCA TOTAL,08,20240416,20170720,PE,2517
28227891,0001,1,PLATAFORMA ACADEMIA,08,20190313,20170720,MG,4123
28229319,0001,1,BELLA FORMA,02,20170720,20170720,RS,8673
28230077,0001,1,,08,20260515,20170720,RJ,6001
28233645,0001,1,STUDIO FIT,08,20210518,20170720,SP,6713
28236984,0001,1,,02,20170721,20170721,SP,6425
28237130,0001,1,ACADEMIA BRUTUS SPORTS,04,20231031,20170721,RO,0037
28237155,0001,1,STUDIO DE PILATES EM MOVIMENTO,08,20240325,20170721,SP,7099
28238691,0001,1,,08,20171222,20170721,SC,8105
28239506,0001,1,,08,20180103,20170721,ES,5703
28241102,0001,1,EQUILIBRIO STUDIO PILATES,02,20170721,20170721,MA,0921
28242350,0001,1,,04,20210226,20170721,SP,7107
28242679,0001,1,PS FIT,08,20190622,20170722,RJ,6001
28244285,0001,1,RENAN VAZ,08,20170824,20170723,PR,7771
28248635,0001,1,,08,20210531,20170724,SP,2951
28250865,0001,1,,02,20170724,20170724,SP,6969
28251154,0001,1,PROENCA FITNESS,08,20200713,20170724,SP,6291
28257279,0001,1,JACQUELINE PEREIRA PERSONAL TRAINER,04,20210426,20170725,AL,2785
28257488,0001,1,MUK FITNESS,08,20240715,20170725,RN,1761
28258223,0001,1,,02,20170725,20170725,SP,6209
28259285,0001,1,ROBERTA MAROSTEGA FECK,08,20210316,20170726,RS,8841
28260654,0001,1,FLEXIART PILATES,02,20210409,20170726,RJ,5853
28260803,0001,1,EDUCADOR FISICO,02,20170726,20170726,SP,7107
28263455,0001,1,MOV STUDIO FITNESS,08,20180215,20170726,MG,4111
28265511,0001,1,ELBER MEDINA FITNESS E DANCA,08,20260527,20170726,SP,7149
28265807,0001,1,,08,20210318,20170726,RS,8681
28267004,0001,1,,08,20180111,20170726,SP,6619
28268253,0001,1,,08,20180308,20170726,MG,4921
28272687,0001,1,J FIT SPORTS ASSESSORIA ESPORTIVA,08,20211004,20170726,SP,6639
28272830,0001,1,,04,20210316,20170727,RJ,6001
28273004,0001,1,HENRIQUE FREITAS,08,20180129,20170727,MG,4123
28277364,0001,1,TEAM JN,08,20171002,20170727,RJ,6001
28278289,0001,1,LAI CADIZ,08,20180604,20170727,RJ,5865
28140863,0001,1,,02,20170710,20170710,SC,8089
28281884,0001,1,,08,20210726,20170727,GO,9373
28283408,0001,1,,04,20240823,20170727,PI,1051
28284911,0001,1,ACADEMIA ITARAE,04,20210413,20170728,SP,7121
28287152,0001,1,,02,20220328,20170728,PA,0505
28290623,0001,1,EXCLUSIVA FITNESS,04,20260529,20170728,TO,9241
28292612,0001,1,MELKSEDEC SERGIO RIBEIRO DOS SANTOS,04,20210408,20170728,RJ,5883
28294834,0001,1,,08,20180725,20170730,SP,6589
28296031,0001,1,ANDRI PERSONAL TRAINER,08,20200226,20170731,RS,8499
28299591,0001,1,,04,20210330,20170731,MG,5027
28299827,0001,1,,04,20220208,20170731,SP,6249
04822448,0002,2,MAXFIT,02,20170731,20170731,ES,5623
28305414,0001,1,TOQUE DO FUTURO,02,20170731,20170731,RJ,6001
28307555,0001,1,MENTE & CORPO,08,20190104,20170801,AL,2785
28309851,0001,1,EVERTON MARIM,08,20221213,20170801,BA,3521
28311360,0001,1,PROFESSOR ISNARD QUINTELA,08,20220303,20170801,SP,7057
28314407,0001,1,TAMIRISROSAPERSONALCOACHING,02,20260216,20170801,PR,7471
28317622,0001,1,NATAN BARBOSA PEREIRA,08,20220819,20170801,SP,7107
28319617,0001,1,D'ELAS FITNESS,08,20210514,20170802,CE,0985
28319720,0001,1,AB FIT ACADEMIA,08,20171128,20170802,PE,2301
28324958,0001,1,ALEX FRAZAO PERSONAL,08,20180228,20170802,RN,1761
28325755,0001,1,,08,20190704,20170801,SP,6727
28326846,0001,1,JESSICA,08,20220621,20170802,MT,9067
28329439,0001,1,PRISCILA CARVALHO ESTUDIO DE TREINAMENTO,08,20190526,20170803,RS,8801
28332584,0001,1,"SUPERACAO, ATIVIDADES FISICAS, LAZER E ENTRETERIMENTO",08,20200804,20170803,DF,9701
28333712,0001,1,PINK FITNESS,08,20210511,20170803,RJ,6001
28333975,0001,1,,04,20210416,20170803,MG,4123
28336821,0001,1,SEMPRE BEM,08,20181218,20170803,SP,6637
28338687,0001,1,,08,20230904,20170803,RS,8801
28340406,0001,1,STUDIO BEEAT,02,20170804,20170804,SP,7057
28340752,0001,1,CROSS TIJUCA,08,20191011,20170804,RJ,6001
28347306,0001,1,,08,20171117,20170804,RS,8487
28349143,0001,1,DSG FUNCIONAL,04,20210311,20170804,RJ,6001
28349380,0001,1,,08,20170819,20170805,MG,2699
28037735,0001,1,KA ORA CROSS TRAINING,02,20170626,20170626,SP,6281
28351743,0001,1,TRANSFITNESS,08,20170917,20170806,SP,7107
28352632,0001,1,ACADEMIA ESPACO,08,20171106,20170807,CE,1409
28364506,0001,1,SINGLE PERSONAL,08,20180326,20170808,RS,8677
28365392,0001,1,,08,20170919,20170808,TO,9733
28370445,0001,1,ARENA FUNCIONAL TRAINER,02,20170808,20170808,RJ,5897
28371929,0001,1,,08,20180131,20170808,SC,8175
28372489,0001,1,D.S STUDIO FITNESS - ESPACO DE EMAGRECIMENTO,08,20250103,20170719,PR,7535
28373067,0001,1,,04,20210406,20170808,SP,7075
28381159,0001,1,ACADEMIA HP,02,20170809,20170809,PE,2521
28386931,0001,1,LUIZ MASSONI PERSONAL TRAINER,08,20171221,20170810,SP,7151
28391097,0001,1,ACADEMIA POWER FITNESS,02,20170810,20170810,RN,1653
28393979,0001,1,FUNCIONAL NA AREIA,02,20170810,20170810,RJ,6001
28394026,0001,1,PAULO MELO PERSONAL,08,20180323,20170810,SP,7145
28394900,0001,1,PERSONALIT,04,20210426,20170810,AL,2785
07594978,0183,2,SMARTFIT,02,20170811,20170811,SP,7107
28400064,0001,1,,08,20171212,20170811,SC,8175
28402996,0001,1,HADDOCK LOBO,03,20200928,20170811,SP,7107
28403515,0001,1,SMART CORE,02,20250515,20170811,PI,1219
28404417,0001,1,TREINO FUNCIONAL PROF FELIPE GONCALVES,08,20190729,20170811,RJ,5815
28406339,0001,1,HIGOR CRUZ PERSONAL,04,20210226,20170813,SP,7107
28406377,0001,1,BOA FORMA TREINAMENTO FUNCIONAL,04,20210226,20170813,SP,7107
28406867,0001,1,,08,20190215,20170813,SP,7135
28408266,0001,1,FABIO SILVA DA ROSA,04,20220128,20170814,RS,8801
28408324,0001,1,ACADEMIA VIDA & SAUDE,08,20220221,20170814,SP,7033
28409123,0001,1,VERONICA LUZ,08,20200109,20170814,SP,7107
28409459,0001,1,,08,20240406,20170814,GO,9373
28409856,0001,1,RICK MESTRE SPORTS,08,20200713,20170814,SP,7107
28412308,0001,1,,04,20210203,20170814,SP,6219
28412397,0001,1,EAGLES CROSS TRAINING,02,20170814,20170814,SP,6643
28416523,0001,1,CARLOS BUCHEN PERSONAL TRAINER,08,20180110,20170814,SC,8047
28421012,0001,1,,08,20190528,20170815,GO,9227
28422425,0001,1,,08,20250516,20170815,SP,6249
20060088,0002,2,,08,20180626,20170815,SP,6511
28424024,0001,1,STUDIO PILATES MONICA REINA,02,20170810,20170810,MT,8985
28426656,0001,1,MG SAUDE FIT,04,20220128,20170815,BA,3849
28154846,0001,1,SALTFIT ACADEMIA,02,20170711,20170711,MA,0937
28428903,0001,1,ACADEMIA DYNAMO,04,20210310,20170816,SP,6291
28430174,0001,1,COMBAT ACADEMIA,04,20210318,20170816,SC,8061
28433125,0001,1,VITALIDADE - TREINAMENTO FISICO PARA IDOSOS,08,20210318,20170816,RS,8791
28436044,0001,1,SABRINA BECKER,08,20190327,20170816,RS,8559
28436222,0001,1,PERSONAL FIT,08,20180322,20170816,GO,1066
28436984,0001,1,VITA SANA - ASSESSORIA ESPORTIVA,08,20170818,20170816,RS,8877
28438490,0001,1,BRANCA PERSONAL,08,20190115,20170817,SE,3163
28439298,0001,1,,08,20170824,20170817,MG,4733
28440514,0001,1,CHUTE CERTEIRO,08,20190204,20170817,SP,6291
28441154,0001,1,ONE MORE,02,20170817,20170817,SP,7075
28442116,0001,1,FELIPE PARAGUASSU FITNESS,08,20171003,20170817,SP,7151
28443496,0001,1,,02,20170817,20170817,RJ,6001
28445504,0001,1,,04,20220128,20170817,RS,8915
28446622,0001,1,SARASWATI,02,20170817,20170817,RJ,6001
28448866,0001,1,,08,20190729,20170818,SP,6681
28056702,0001,1,SMART FIT PATIO BELEM,02,20170628,20170628,PA,0427
28457944,0001,1,DANYELLI SANTOS,08,20190908,20170819,ES,5703
28464911,0001,1,GARRA ACADEMIA,08,20180614,20170818,SC,8161
28465149,0001,1,,08,20190903,20170821,SP,6589
28465309,0001,1,,08,20180718,20170821,PE,2531
27242164,0001,1,REVOLUTION FIGHT FITNESS,04,20210415,20170307,SP,6579
28467331,0001,1,CT DA LUA,04,20210203,20170821,SP,7209
28479238,0001,1,,02,20170823,20170823,SC,8089
28480973,0001,1,,04,20240822,20170823,MA,0803
28484508,0001,1,VALDECI VIEIRA DA SILVA,08,20171226,20170823,GO,9373
28485492,0001,1,BASQUETE FEIRA DE SANTANA,08,20180516,20170823,BA,3515
28488258,0001,1,ROBERTO CARDOZO PERSONAL,08,20220401,20170823,RJ,6001
28489935,0001,1,ADRENALINA FITNESS,08,20170903,20170823,SP,7099
28492374,0001,1,REIS SOLUCOES EM QUALIDADE DE VIDA,08,20180807,20170824,SP,6137
28493615,0001,1,ANNE SCHUMACHER STUDIO FITNESS,04,20210304,20170824,RS,8589
28493745,0001,1,ACADEMIA IMPERIUM FITNESS,02,20230418,20170824,GO,9743
28495028,0001,1,,04,20210224,20170824,CE,1389
28495037,0001,1,HEALTH FITNESS GYM ACADEMIA,08,20181009,20170824,SP,6477
28495709,0001,1,,08,20171207,20170824,SP,6249
28496283,0001,1,MINAS FITNESS,02,20170824,20170824,MG,4945
28498218,0001,1,RIO ARENA ACADEMIA,04,20210311,20170824,RJ,6001
28502478,0001,1,CROSS JARINU,08,20260310,20170825,SP,6605
28502991,0001,1,LUCINEIA DA COSTA MORAIS,08,20260316,20170825,SP,7107
28506406,0001,1,,08,20210526,20170825,RJ,5903
28077633,0001,1,ACADEMIA SUPER SHAPE,08,20230901,20170629,SP,7183
28511579,0001,1,,08,20170911,20170826,SP,6963
28513222,0001,1,NATIELI FACCO PEGORARO,08,20191001,20170827,RJ,6001
28516626,0001,1,CINTIA COELHO PILATES,08,20190412,20170828,MG,5143
28517467,0001,1,ONEFIT ACADEMIA,02,20170828,20170828,RO,0009
28518167,0001,1,GIMNASIO FITNESS,08,20181025,20170828,SP,6969
28518935,0001,1,FISIO PILATES,08,20210511,20170828,MS,9801
28519225,0001,1,MBLANC ART DANCE,02,20170828,20170828,MG,4123
28520045,0001,1,SENA PREPARADOR FISICO,08,20230914,20170828,SP,7107
28523364,0001,1,JASON CORREIA PERSONAL,08,20180120,20170829,PE,2531
28523537,0001,1,,02,20170829,20170829,MG,4123
28525561,0001,1,STUDIOALEGRIADANCE,08,20171204,20170829,GO,9541
28528577,0001,1,R ROCHA FUNCIONAL BJJ,04,20210408,20170829,RJ,5883
28529403,0001,1,SACUDE DANZA,08,20210708,20170829,SP,2951
28531211,0001,1,ACADEMIA OLYMPU,04,20210426,20170829,BA,3469
28531444,0001,1,,08,20201007,20170829,SP,6589
28533186,0001,1,,08,20220715,20170829,MT,9067
28538257,0001,1,CLAUDENI FABIANA ALVES PEREIRA,04,20220209,20170830,SP,7107
27160978,0001,1,T2G TREINAMENTO FUNCIONAL,08,20180117,20170221,SP,6427
28540952,0001,1,,08,20180924,20170830,PR,7425
28541838,0001,1,ESTUDIO HEALTH LIFE,02,20170830,20170830,ES,5681
28545780,0001,1,RENATO VICENTE,08,20180130,20170831,SP,6361
28548242,0001,1,STUDIO LIZ,08,20180111,20170831,SP,7121
28549784,0001,1,CROSS T-REX,02,20170831,20170831,SP,6889
28549973,0001,1,,08,20190408,20170831,SP,6213
28551561,0001,1,,08,20180109,20170831,RR,0301
28551929,0001,1,ACADEMIA CORPO E SAUDE,08,20180910,20170831,CE,1353
28554234,0001,1,EDUARDO LEMOS VARJAO,08,20180109,20170831,SP,6213
28556288,0001,1,,08,20180328,20170901,RS,8823
28557062,0001,1,,08,20210519,20170901,SP,7107
28565995,0001,1,STUDIO DE PILATES CORPO E MENTE SA,02,20170903,20170903,ES,5703
28566194,0001,1,PALOMA SOUZA PERSONAL COACH,08,20180316,20170903,SP,6639
28567646,0001,1,ACADEMIA FUSION FIGHT,04,20210210,20170904,GO,9379
28567922,0001,1,,04,20210225,20170904,RS,8801
28568331,0001,1,,04,20210316,20170904,RJ,5867
28571335,0001,1,TIA BARBARA,08,20210706,20170904,CE,1389
28572875,0001,1,STUDIO 7 CENTRO DE TREINAMENTO,08,20181121,20170904,SE,3141
28574495,0001,1,RAFAEL GENARI PERSONAL TRAINER,08,20181219,20170904,SP,6291
28578399,0001,1,ESPACO ISA VIRMOND FITNESS,08,20180302,20170905,SC,9985
28579077,0001,1,BESSHO STUDIO TRAINING,04,20220208,20170905,BA,3597
28581149,0001,1,,08,20210312,20170905,ES,5705
28586716,0001,1,FLOR PERSONAL TRAINER,08,20250710,20170905,MG,4069
28589811,0001,1,,08,20180328,20170906,SP,6209
28590135,0001,1,,02,20250515,20170906,SP,6579
28591420,0001,1,PROFISSIONAL ESPECIALIZADA,08,20171226,20170906,MG,4123
28592542,0001,1,VITAL FISIO,08,20180219,20170906,RN,1761
28592846,0001,1,,08,20180129,20170906,SP,7097
28593477,0001,1,,02,20170906,20170906,SP,7107
28597539,0001,1,LUCIANA AMARAL SOARES BORGES,08,20190308,20170906,SP,7099
28598801,0001,1,CARLA YOLE M. GONCALVES,08,20191126,20170907,SP,6313
27285288,0001,1,ALEXIS RAMOS PERSONAL,08,20180328,20170313,RS,8919
23570753,0002,2,FLECHA CROSSFIT,08,20191107,20170906,RJ,6001
28614897,0001,1,HB TRAINER,08,20181112,20170911,PE,2457
28617982,0001,1,J R TREINAMENTOS,02,20170912,20170912,RJ,5819
28620837,0001,1,,02,20170912,20170912,PR,7667
28623485,0001,1,NEI CORDOVA FIGHT TEAM,08,20230717,20170912,SC,8039
28624752,0001,1,ACADEMIA BIOTECH,02,20170913,20170913,MG,5403
28627129,0001,1,,02,20170913,20170913,RS,8693
28631768,0001,1,CORE RP,02,20170913,20170913,SP,6967
26583544,0001,1,DSANTANA,08,20170913,20161122,RS,8791
28254693,0001,1,,08,20170913,20170725,SP,7107
28637442,0001,1,LAUX,08,20171221,20170914,RS,6023
28645552,0001,1,SEVEN FIT ACADEMIA,08,20250404,20170914,SP,6545
28645623,0001,1,CRUEL FIGHT,02,20170914,20170914,SP,7107
28649376,0001,1,MARI ALMEIDA YOGA,08,20180604,20170915,SP,7237
28650481,0001,1,,08,20190919,20170913,RJ,6001
14980531,0002,2,INOVAR FITNESS,02,20170915,20170915,MA,0116
28652358,0001,1,,04,20220126,20170915,SP,6427
28653779,0001,1,MAX STUDIO GYM,08,20171106,20170915,SP,6511
28656365,0001,1,BUFIGHT,04,20210219,20170915,PA,0427
28658157,0001,1,ACADEMIA POWER SYSTEM HARD,04,20210310,20170917,SP,6291
28659378,0001,1,,08,20171219,20170918,MG,5385
28661777,0001,1,PAULA LAVIERI PERSONAL TRAINER,08,20200217,20170918,SP,7107
28662487,0001,1,NEXA 3,02,20170918,20170918,RS,8687
28664214,0001,1,ACADEMIA BIOFORMA,04,20210423,20170918,RN,1671
28665277,0001,1,DANI RODRIGUES,08,20181112,20170918,SP,7071
28666531,0001,1,KRYSNA TREINAMENTO PERSONALIZADO,08,20180104,20170918,SP,6213
28671307,0001,1,CHAVEIRINHO,08,20181112,20170919,PE,2457
28673780,0001,1,MARCOS MORGADO,08,20180322,20170919,SP,6213
28675250,0001,1,DFL FUNCIONAL,04,20210406,20170919,SP,6883
28675985,0001,1,,08,20220621,20170919,RS,8655
28676602,0001,1,,08,20240530,20170919,PB,2051
28679847,0001,1,,04,20220128,20170919,MA,0937
28683219,0001,1,TF FREITAS,04,20210316,20170920,RJ,6001
28685385,0001,1,BRUNOHENRIQUE@HOTMAIL.COM,08,20180129,20170920,PE,2531
28685754,0001,1,GERLANDIA DE OLIVEIRA ALVES,08,20220830,20170920,PB,1965
28688100,0001,1,GABRIEL MELLO - PERSONAL TRAINER,08,20210630,20170920,RJ,6001
28690687,0001,1,ESPACO BEM ESTAR PILATES,08,20240418,20170920,RJ,5851
28694036,0001,1,,02,20170921,20170921,SP,7107
28697192,0001,1,BOX VIDA SAUDAVEL CENTRAL,08,20181217,20170921,SP,6681
28698367,0001,1,KM7 ASSESSORIA ESPORTIVA E TURISMO,08,20230623,20170921,RS,8853
28535925,0001,1,,08,20180125,20170830,SP,6427
28704077,0001,1,,02,20260127,20170922,PR,7583
28704981,0001,1,MP ASSESSORIA ESPORTIVA E TREINAMENTO FUNCIONAL,08,20190226,20170922,RN,1761
28705303,0001,1,,08,20180223,20170922,MG,4683
28706057,0001,1,JR ESPORTES,08,20220221,20170922,MG,4701
28714027,0001,1,PRO FITNESS,02,20220520,20170925,CE,1321
28714039,0001,1,X-TRAYNER,04,20260521,20170925,MG,4267
28717491,0001,1,,08,20171228,20170925,SC,8353
28719762,0001,1,ESTACAO TREINAMENTO FUNCIONAL,02,20250617,20170921,MT,9167
28723341,0001,1,IN SPORT,04,20210209,20170925,ES,5703
28724627,0001,1,IMPACTO GYM,08,20220906,20170925,SP,7107
28725759,0001,1,,08,20170926,20170926,RJ,6001
28728613,0001,1,ATIVA FITNESS,08,20190124,20170926,MG,4123
28730536,0001,1,RE9I9,04,20190514,20170926,PE,2521
28734468,0001,1,SOLARES PILATES STUDIO,04,20220128,20170926,BA,3849
28735790,0001,1,ANA CAROLINA BREDA,08,20171208,20170927,RJ,6001
27450727,0001,1,,08,20250428,20170403,RS,8841
28737531,0001,1,ESPACO FITNESS,04,20190514,20170926,AC,0657
28738955,0001,1,RODRIGO CORAGEM,08,20210211,20170927,DF,9701
28740360,0001,1,CROSSFIT BEL01,02,20170927,20170927,PA,0427
28740448,0001,1,PATY BARDELLA,02,20210916,20170927,SP,7107
28744873,0001,1,PRO FITNESS ACADEMIA,08,20170929,20170927,PB,2003
28747348,0001,1,STUDIO MF PERSONAL TRAINER,08,20180109,20170928,MG,5401
28748533,0001,1,PROFESSOR RENATO ESPORTES,04,20220208,20170928,RJ,6001
28750475,0001,1,JESSICA MARQUES,08,20180109,20170928,SP,6795
28757100,0001,1,GT FITNESS ACADEMIA,08,20200804,20170929,PR,7587
28757729,0001,1,,02,20170929,20170929,SP,7107
28759891,0001,1,CROSS ARENA PERFORMANCE,08,20171009,20170929,RJ,5837
28764472,0001,1,90 GRAUS SUPLEMENT'S,04,20210219,20170929,PA,0531
28765254,0001,1,,08,20180202,20170930,SP,7097
28767616,0001,1,ASSESSORIA ESPORTIVA SAUDE EM ACAO,08,20171130,20171002,SP,7107
28767692,0001,1,RENOVAR STUDIO PILATES,08,20181212,20171002,MG,5323
28769914,0001,1,ACADEMIA X TREME FIT,02,20171002,20171002,PE,2381
28770036,0001,1,WELL PILATES,02,20171002,20171002,BA,3849
28773897,0001,1,HC SPORT'S,08,20211014,20171002,SC,8081
28774466,0001,1,,08,20180308,20171002,AL,2785
28775714,0001,1,ESPACO PILATES ANA PAULA DUARTE,08,20181211,20171002,SP,6155
28778661,0001,1,SEMPREFITNESS ACADEMIA,08,20190127,20171003,SP,6177
28782607,0001,1,,08,20190520,20171003,GO,9433
28786025,0001,1,,02,20171003,20171003,RS,8683
28789383,0001,1,LUCIANA PERSONAL,08,20171219,20171004,PE,2491
28792516,0001,1,JV ESPORTES,02,20171004,20171004,DF,9701
28794482,0001,1,,08,20191219,20171004,MG,4123
28797299,0001,1,,08,20230929,20171005,PE,2423
28801168,0001,1,,08,20180129,20171005,SP,7099
28801695,0001,1,,08,20180130,20171005,PR,7483
28803615,0001,1,TRANSFORMACAO DO CORPO,02,20171005,20171005,MG,0702
28804282,0001,1,,02,20171005,20171005,RS,8915
27755106,0001,1,RUNNER JACAREI,08,20181030,20170517,SP,6589
28808956,0001,1,ACADEMIA MEXACE,02,20171006,20171006,PR,7947
28811828,0001,1,ACADEMIA EVOLUCAO DO CORPO,04,20210209,20171006,ES,0768
28814727,0001,1,,04,20220127,20171006,RJ,5837
28816904,0001,1,ESPACO ACQUA LIFE BABY & KIDS ESCOLA DE NATACAO,08,20190625,20171008,SP,6897
28819051,0001,1,EQUIPE DESTEMIDOS,08,20171221,20171009,ES,5625
28819336,0001,1,ESPACO FITNESS,02,20171006,20171006,BA,3781
28822119,0001,1,QUALIMAIS VIDA,04,20210408,20171009,RJ,2927
28822710,0001,1,TOP FUNCIONAL,08,20200817,20171009,MG,4553
28825268,0001,1,PRA VIDA ACADEMIA,02,20171009,20171009,RS,5757
28827821,0001,1,,08,20181218,20171009,PB,2115
28829127,0001,1,HANS FITNESS,04,20210416,20171010,SE,3169
28829433,0001,1,NEWFITNESS,08,20210902,20171010,PB,2185
28830947,0001,1,JULIANO PERSONAL,08,20171016,20171010,MS,9141
28836290,0001,1,FABI MANGINI PERSONAL,08,20260303,20171010,SP,7107
28837973,0001,1,CARLOS AUGUSTO PERSONAL TRAINER,08,20180121,20171010,SC,8105
16738149,0023,2,,08,20210512,20171011,SP,7107
28842564,0001,1,EKOS FITNESS COMMUNITY,02,20171011,20171011,BA,3313
28849916,0001,1,ACADEMIA IMPERIO FIT,04,20231026,20171010,AC,0139
28854298,0001,1,ROBERTA GLEYCE,08,20171114,20171014,PE,2435
28854549,0001,1,MAGUINO SILVA - SAUDE & BEM ESTAR,08,20190108,20171015,BA,3293
28801277,0001,1,LUCAS SANT'ANA PERSONAL TRAINER,08,20230413,20171005,MG,4371
28857479,0001,1,BEATRIZ BALBINOT,08,20260608,20171016,SC,8083
28864248,0001,1,,08,20231221,20171016,SP,7107
28866418,0001,1,ELITE FUNCIONAL,04,20220209,20171017,SP,7107
26165503,0001,1,NAIARA CRISTINA LIMA,08,20171017,20160914,MG,4123
11135814,0052,2,SMARTFIT,08,20190225,20171017,RJ,6001
28872807,0001,1,JULIO CESAR,08,20210413,20171017,MG,4123
28872921,0001,1,BROTHES FITNESS,08,20220822,20171017,RN,1759
28875931,0001,1,FOCO MOVIMENTO INTEGRADO,02,20171017,20171017,DF,9701
28877320,0001,1,FELIPE BONGIOVANNI,08,20231020,20171018,SP,6291
28880906,0001,1,,08,20190604,20171017,RJ,5849
28881425,0001,1,ESPACO ZEN,08,20190925,20171018,SP,7135
28882065,0001,1,ACADEMIA DE GINASTICA CORPO E VIDA,08,20230201,20171018,BA,3849
23875798,0002,2,PILATES JOANA D'ARC,08,20201222,20171018,PE,2531
28887730,0001,1,CENTRO DE TREINAMENTO UNIAO FIGHT NILOPOLIS,08,20200530,20171019,RJ,5863
28888967,0001,1,SADI MAXWELL PERSONAL TRAINER,08,20171207,20171019,RJ,6001
28892421,0001,1,,08,20180131,20171019,MG,4031
28897610,0001,1,,08,20171230,20171019,MG,4123
28901135,0001,1,ACADEMIA POWER FITNESS,08,20180511,20171020,PE,2415
28156318,0001,1,ACADEMIA CORPO E MOVIMENTO,08,20171020,20170711,MT,1046
28906848,0001,1,IVANJUNIOR PERSONAL ESTUDIO,08,20181005,20171020,RN,1761
28907751,0001,1,ESPACO DO CORPO PROF.* AMANDA MEDEIROS,08,20180105,20171021,PB,1937
28909922,0001,1,,08,20180527,20171022,RJ,5869
28910270,0001,1,ALTERNATIVA FITNESS BRASIL,08,20200618,20171022,RJ,6001
28911526,0001,1,ESPACO GIRASSOL STUDIO FIT PILATES,02,20171023,20171023,SP,7145
28912149,0001,1,,08,20190325,20171023,PR,7691
28914938,0001,1,ITAMARACA TREINAMENTO FUNCIONAL,08,20210227,20171023,PE,2531
28916454,0001,1,,02,20171023,20171023,RJ,5877
28918659,0001,1,VIVIS MAIA,08,20180620,20171023,SP,6477
28920857,0001,1,CARINA ESPANHOL,08,20171222,20171023,PR,7691
28920907,0001,1,A.M FISIOTERAPIA,04,20220127,20171023,RJ,5927
28921387,0001,1,DBTRAINER,04,20210407,20171024,BA,3849
28923091,0001,1,ACADEMIA ARENA FITNESS,02,20171024,20171024,CE,1531
28925905,0001,1,FORCE TEAM TREINAMENTOS PERSONALIZADOS,04,20220128,20171024,RS,8841
28926526,0001,1,FORMA FITNESS ACADEMIA DE GINASTICA,02,20171024,20171024,SP,6271
28932312,0001,1,ACADEMIA FAMILIA FITNESS ATIVIDADE FISICA,02,20171025,20171025,MG,4617
28934019,0001,1,,08,20180618,20171025,SP,6313
28934343,0001,1,STUDIO DELTA FIT,08,20180130,20171025,SP,7107
28936477,0001,1,TECLA STUDIO,04,20220208,20171025,RJ,6001
28939008,0001,1,STUDIO FITBOX,08,20190125,20171026,MG,4463
28942698,0001,1,JARDEL NEVES,02,20171026,20171026,SP,7145
28948919,0001,1,TEMPLO FIT ACADEMIA,08,20210803,20171027,MG,5375
28950901,0001,1,,04,20210226,20171027,SP,7107
28962135,0001,1,,04,20260525,20171030,RS,8801
21130654,0002,2,ACADEMIA GILLI BJJ,08,20180828,20171030,SP,6309
28963529,0001,1,FIT LIFE PERSONAL,02,20171030,20171030,SE,3105
28963570,0001,1,ESPACO AQUATICO,04,20210416,20171030,MG,4101
28968268,0001,1,CT FITNESS FUNCIONAL,08,20190312,20171030,PE,2567
28968660,0001,1,MPJJ - MARCOS PATRICIO JIU-JITSU,04,20210223,20171030,AM,0255
28976450,0001,1,SPORT MUSCLE,08,20200630,20171031,GO,9489
28977160,0001,1,IQ LIFE STUDIO DE PILATES,08,20250618,20171031,BA,3965
28977291,0001,1,BOMBER FITNESS CLUB,04,20190530,20171031,BA,3685
28980529,0001,1,,08,20240411,20171031,RN,1651
28981484,0001,1,EDU ULTRA TEAM,08,20220413,20171101,SP,6477
28982682,0001,1,GABRIEL FERREIRA PERSONAL,08,20180227,20171101,PE,2531
28982816,0001,1,ARENA FITNESS,02,20171101,20171101,PE,2497
28983097,0001,1,ACADEMIA CORPORE SANO,02,20171101,20171101,AL,2827
28988662,0001,1,,08,20180310,20171101,PR,7591
28990402,0001,1,,08,20180117,20171101,MG,4123
28997372,0001,1,STUDIO POWER TRAINING LTDA,04,20220209,20171103,SP,7107
28999729,0001,1,CROSSFUT,08,20180205,20171106,PA,0443
29000477,0001,1,,08,20190820,20171106,SP,7107
26727816,0003,2,TECFIT JARDINS I,02,20171106,20171106,SP,7107
29011850,0001,1,GEPETO,08,20181127,20171107,SP,2965
28010136,0001,1,GUILHERME DETONI TREINADOR PESSOAL,04,20210309,20170621,PR,7583
15489359,0006,2,ACADEMIA PERFORMANCE,02,20171107,20171107,MS,9051
29013696,0001,1,STEH TONON - PERSONAL TRAINER,08,20171209,20171107,SP,7071
29027156,0001,1,G.V.ASSESSORIA,08,20191111,20171108,SP,6371
29031601,0001,1,BIOPERSONAL,08,20171226,20171108,AM,0255
29033606,0001,1,BYFISIO,08,20210412,20171109,RJ,5847
29039730,0001,1,LADEIRA FUNCIONAL,04,20210209,20171109,ES,5705
29041184,0001,1,STUDIO FIT 30' - TREINAMENTO PERSONALIZADO,08,20180815,20171109,MG,4371
28585168,0001,1,STUDIO JACK CARVALHO,08,20171110,20170905,MG,5403
29051860,0001,1,GP SWIM TIME,08,20191101,20171111,MG,4123
29055124,0001,1,MON REVE,04,20210416,20171113,MG,4123
29060207,0001,1,ATELIER DO CORPO,08,20171218,20171113,SP,7099
29060549,0001,1,,08,20201110,20171113,MG,4285
29062378,0001,1,ACADEMIA BIO CORPUS,04,20210210,20171113,GO,1052
29062599,0001,1,RLS PERSONAL,08,20180828,20171113,SP,7107
29064121,0001,1,SKILLS SPORTS 4KIDS,02,20171113,20171113,SC,8105
29064803,0001,1,,08,20180130,20171113,SP,6715
29065040,0001,1,RAFAELA FOEPPEL,02,20210818,20171113,BA,3873
29065403,0001,1,MARCIA JUBINI PERSONAL TRAINER,08,20180329,20171114,RJ,5847
29077842,0001,1,ACADEMIA FITNESS LIFE,08,20180115,20171116,MG,4073
29079740,0001,1,,04,20260527,20171116,DF,9701
29079924,0001,1,BEST FIT,08,20210924,20171116,PE,2457
29082376,0001,1,STUDIO DE GINASTICA E DANCA POWER BODY,08,20180406,20171116,MG,4717
29084601,0001,1,CROSS LIFE NUTRITION N. SRA DE FATIMA,02,20171116,20171116,SP,2951
29034248,0001,1,PERSO SPORTS TRAINING,08,20180508,20171109,SP,7157
29094284,0001,1,ACADEMIA BOA FORMA,02,20171117,20171117,MG,4939
29097312,0001,1,ACADEMIA BEM ESTAR FITNESS,04,20260522,20171119,RJ,5897
29097750,0001,1,MARAH CARDOZO,08,20180117,20171119,MG,5091
29101761,0001,1,CROSSBOX LIFESTYLE,08,20190731,20171120,SP,6619
29106025,0001,1,EQUILIBRIO FISIOTERAPIA E PILATES,08,20260519,20171121,PR,7745
29106243,0001,1,FOCO FIT,08,20210913,20171121,RS,8801
29108747,0001,1,CORPO EM MOVIMENTO (ACADEMIA),08,20221006,20171121,PB,1993
29110874,0001,1,STUDIO HATHA YOGA,08,20191018,20171121,SC,8107
29111483,0001,1,EDSON FILHO PERSONAL TRAINER,08,20180619,20171121,SP,6663
29113641,0001,1,ESPACO PRIORI PILATES E ESTETICA,08,20180125,20171121,SP,6887
29118264,0001,1,ACADEMIA + FITNESS,08,20180514,20171122,RS,6023
29119184,0001,1,CROSSFIT PUMAWARI,03,20241105,20171122,SP,7107
29122935,0001,1,ACADEMIA GERACAO SAUDE,08,20230412,20171122,MG,4523
29123746,0001,1,FISIO GYM,04,20210426,20171122,PB,1957
29125204,0001,1,ALEXANDRE OURIQUES DE MELO,08,20230627,20171122,PB,2051
29129694,0001,1,HEALTH LIFE ACADEMIA,08,20200715,20171123,ES,5699
29129936,0001,1,TFIT - TREINO FUNCIONAL,08,20240523,20171123,PA,0427
29133309,0001,1,CROSS LIFE NUTRITION PARQUE INDUSTRIAL,08,20190530,20171123,SP,6291
29135740,0001,1,GABY SANTOS,08,20180206,20171123,SP,7107
29141400,0001,1,STUDIO VOLL,02,20250326,20171124,MT,9151
29142708,0001,1,SEKFIT ACADEMIA,04,20210310,20171124,SP,6291
29143058,0001,1,NEW LIFE,02,20171124,20171124,PB,2191
29146243,0001,1,ANA LUISA SALDANHA SPORTS,08,20210122,20171126,RS,8771
29152455,0001,1,MOOV ACADEMIA,02,20171127,20171127,MG,4701
29153636,0001,1,CENTRO DE TREINAMENTO ECLIPSE ACADEMIA,08,20181109,20171127,PB,2151
29160995,0001,1,FLAVIO MARSON ESPORTES,02,20171128,20171128,SP,6251
29161388,0001,1,ACADEMIA CAVERNA FITNESS,08,20220527,20171128,PE,2581
29166997,0001,1,VINICIUS SERRANO CONSULTORIA E ASSESSORIA ESPORTIVA,04,20210423,20171128,PB,2051
29170147,0001,1,,04,20210426,20171129,PB,2175
29170838,0001,1,,08,20180118,20171129,MS,9073
29172188,0001,1,RIOS CARE,04,20220208,20171129,RJ,6001
29174486,0001,1,,08,20180509,20171129,GO,9301
29175259,0001,1,MATHEUS PERSONAL TRAINER,08,20180108,20171129,SP,6953
29177147,0001,1,LUMINUZZI ATENDIMENTO PERSONALIZADO,08,20191125,20171130,SP,7107
29177900,0001,1,,08,20180506,20171130,SP,7107
27011079,0001,1,PILATES FOR LIFE,04,20220208,20170201,RJ,6001
21822363,0010,2,SMARTFIT,08,20241107,20171130,PE,2531
29183093,0001,1,SPORTS RT,04,20220127,20171130,SP,7099
29183184,0001,1,CUBA PERFORMANCE,02,20171130,20171130,PR,7535
29183935,0001,1,,08,20190619,20171130,SP,7107
29186094,0001,1,STUDIO V8,08,20220715,20171201,SP,6713
29193741,0001,1,FIT CROSS MANHUACU,04,20210331,20171202,MG,4787
29195946,0001,1,,08,20180102,20171203,PR,7535
29196331,0001,1,,08,20210921,20171204,MG,4079
29197257,0001,1,,04,20240816,20171204,RS,5951
29201237,0001,1,LIFE ACADEMIA,08,20230206,20171204,MG,5301
29204326,0001,1,,02,20211210,20171204,SP,7107
29205252,0001,1,VASQUES PERSONAL,08,20180130,20171205,DF,9701
29208122,0001,1,CENTRO DE AVALIACAO FISICA,08,20171211,20171205,BA,3363
29208464,0001,1,MILITAO CONSULTORIA,04,20220208,20171205,RJ,2909
29209280,0001,1,FABIANO CRISTO CONSULTORIA ESPORTIVA,08,20180130,20171205,PR,7535
29209544,0001,1,KAMILLA LIMA,04,20210311,20171205,RJ,6001
29210124,0001,1,VERDE DIVINO,08,20190618,20171205,RJ,2921
29210302,0001,1,CARINA DINIZ,08,20171229,20171205,SP,6213
29215457,0001,1,,04,20210413,20171206,SP,6507
29215575,0001,1,BIANCA FONSECA,04,20210319,20171206,RJ,5869
29215699,0001,1,MOVIMENTUM PILATES,08,20171228,20171206,AP,0609
29217942,0001,1,YGOR PERSONAL TRAINER,04,20210210,20171206,DF,9701
29220285,0001,1,,08,20201014,20171206,MG,4865
29220616,0001,1,,02,20171206,20171206,ES,5633
29226613,0001,1,,08,20180302,20171207,SP,6361
29230436,0001,1,,02,20241018,20171207,SP,6291
29235177,0001,1,CORPORACAO FITNESS,02,20171208,20171208,SP,6427
29237563,0001,1,,02,20171208,20171208,PR,7915
29237935,0001,1,HANGAR 42 - CENTRO DE TREINAMENTO CALISTENICO,02,20171208,20171208,RN,1761
29238174,0001,1,KVS ATIVIDADE E CONDICIONAMENTO FISICO,08,20210826,20171208,SP,7151
29238303,0001,1,VINNY PERSONAL TRAINER,08,20260126,20171208,SP,6401
29242301,0001,1,CESF CENTRO DE TREINAMENTO EM VOLEIBOL,04,20210415,20171211,SP,7145
29246794,0001,1,ACADEMIA BOA FORMA,08,20230228,20171211,PB,2005
29248187,0001,1,VINI CARDOSO TRAINER,08,20250116,20171211,SP,7107
29248359,0001,1,CARLA THAIS PERSONAL TRAINER,08,20180311,20171211,RJ,5869
26581940,0001,1,SPARTACUS FITNESS,02,20240109,20161122,SP,6817
29253877,0001,1,BPEROSSO PERSONAL TRAINER,04,20210310,20171212,SP,6929
29254119,0001,1,DEISI TENORIO,08,20180425,20171212,RS,8691
29255192,0001,1,ESPARTANOS ASSESSORIA ESPORTIVA,02,20221110,20171212,DF,9701
29255555,0001,1,,08,20191021,20171212,RJ,5819
29256197,0001,1,BOX 52,04,20220128,20171212,CE,1585
29257112,0001,1,MR DIAS,04,20220128,20171212,BA,3849
29259626,0001,1,EXTREME OLIVER FITNESS,02,20171213,20171213,SP,7183
29261949,0001,1,JULIO CESAR TENNIS & BEACH TENNIS COACH,08,20180320,20171213,SP,6619
29264898,0001,1,ACADEMIA MOVING LIFE,02,20171213,20171213,RN,1761
29266453,0001,1,CENTRO DE TREINAMENTO GRACIE BUTANTA,02,20171214,20171214,SP,7107
29268284,0001,1,GREMIO DE EDUCACAO FISICA: MAISQUESPORTES,04,20210303,20171214,CE,1523
29268978,0001,1,ACADEMIA REAL,08,20240618,20171214,CE,1419
29274087,0001,1,TATATI,08,20210222,20171214,RJ,6001
29275293,0001,1,ACADEMIA BEM ESTAR,08,20190829,20171215,SP,7097
29277082,0001,1,THE FIT CLUB,08,20180828,20171215,MG,4123
29278834,0001,1,PERSONAL STUDIO FERNANDO JESUS,08,20180920,20171215,MA,0250
29281295,0001,1,STUDIO PILATES CAROL MOTTA PAES,08,20250922,20171216,MG,4755
29283699,0001,1,,08,20210621,20171215,SP,7099
29284237,0001,1,STUDIO MOVE EVANDRO BONA,08,20180117,20171218,SP,6309
29292839,0001,1,WERO FITNESS CLUB,08,20240208,20171219,PR,7691
27541676,0001,1,F.A CONSULTORIA ESPORTIVA,08,20171219,20170417,SE,3105
29300907,0001,1,ESPACO FITNESS ACADEMIA,04,20240823,20171220,PA,0411
29301995,0001,1,PAMELA CASTRO STUDIO DE PILATES,08,20180516,20171220,SC,8047
29311082,0001,1,CROSSFIT PARANGABA,04,20190530,20171221,CE,1389
29316246,0001,1,PROFESSOR RENAN MUSCULACAO E GINASTICA,04,20210225,20171222,RS,8801
29318702,0001,1,,02,20171226,20171226,MG,4647
29321542,0001,1,MATHEUS EPS,04,20210210,20171226,DF,9701
29323106,0001,1,ESPACO VIDA,04,20220208,20171226,SP,6187
29324681,0001,1,STUDIO PERSONAL,08,20220719,20171227,RS,8525
29333670,0001,1,CLA TELENTOS,04,20220609,20171229,SP,7107
27109653,0001,1,SPARTAN,08,20171229,20170214,PB,1981
29335921,0001,1,,04,20210311,20171229,RJ,6001
29336078,0001,1,GLAU GOMES PERSONAL TRAINER,08,20180308,20171229,PA,0427
28208012,0001,1,HOME TRAINER,02,20170718,20170718,MG,4387
26658110,0001,1,CENTRO DE TREINAMENTO FISICO FUNCIONAL WORKOUT,04,20210218,20161205,MS,9063
28487964,0001,1,,08,20180102,20170823,MG,4285
29345310,0001,1,LYNS FIT,02,20180103,20180103,PR,7691
29348910,0001,1,CENTRO DE TREINAMENTO FORCA MAXIMA,02,20231016,20180103,SE,3233
29358177,0001,1,ACADEMIA SPARTA,04,20210212,20180104,GO,9221
29358773,0001,1,CROSSFIT APOEMA,08,20191129,20180104,BA,3685
29364378,0001,1,DE CORPO E ALMA MUSCULACAO,08,20230425,20180105,GO,9459
29368121,0001,1,LENA FAES BOXE,08,20250430,20180105,RS,8801
27501612,0001,1,ESPACO MOVIMENTO ACADEMIA,02,20260603,20170410,PE,2521
29374502,0001,1,PMG FITNESS,02,20180107,20180107,SP,6579
29383638,0001,1,RR SAUDE & BEM ESTAR,08,20230411,20180108,SP,7107
26213886,0001,1,RC STUDIO TREINAMENTO FUNCIONAL E FISICO,08,20180109,20160921,ES,5637
28515327,0001,1,GONCALO,08,20180110,20170828,SP,6213
29400380,0001,1,,08,20250203,20180110,SP,7107
29408546,0001,1,ACADEMIA TOTAL FITNESS,02,20220920,20180111,SE,3105
29413508,0001,1,STUDIO BIOMOVE,08,20180524,20180111,AL,2785
29415620,0001,1,G2R FITNES LTDA,02,20180111,20180111,SC,8105
29416192,0001,1,ACADEMIA PRO CORPO,02,20240607,20180111,BA,3643
29425069,0001,1,ESPACO INTEGRADO SAUDE E MOVIMENTO,02,20180112,20180112,SP,6619
29435128,0001,1,ACADEMIA ROSENAY RICARDO E ESPORTES,02,20180115,20180115,MG,4123
29435895,0001,1,ACADEMIA ESPACO FITNESS,04,20201029,20180112,BA,3413
29436294,0001,1,START FITNESS ACADEMIA,02,20180115,20180115,AL,2721
29444013,0001,1,GIGA GYM,04,20210316,20180115,RJ,6001
29450359,0001,1,,08,20220413,20180116,SP,7107
29452027,0001,1,NEW LIFE ACADEMIA,02,20180112,20180112,MT,9167
29455756,0001,1,CAROL GUEDES PERSONAL TRAINER,08,20210609,20180117,GO,9419
29467166,0001,1,ACADEMIA WESLEY BARRETO,08,20180615,20180118,SE,3105
29496161,0001,1,DRYFIT ACADEMIA,04,20260612,20180122,SP,7149
28386384,0001,1,,08,20180123,20170810,SP,6427
29514849,0001,1,EQUILIBRIO FITNESS PERSONAL E PILATES,02,20180124,20180124,PR,7541
29527473,0001,1,,08,20221228,20180125,RS,8667
29529032,0001,1,STUDIO COMPANY FIT,08,20200828,20180125,SP,7153
29535848,0001,1,RAINHA CENTRO DE TREINAMENTO,02,20180126,20180126,PB,2231
29542588,0001,1,MY BOX FIRE FIT,04,20231124,20180126,SP,6357
29544693,0001,1,PRO 365 FITNESS,02,20180126,20180126,RS,8899
19174492,0002,2,ACADEMIA CORPO E MENTE,08,20190530,20180129,MG,4267
29557423,0001,1,PHYSICAL CENTER,08,20210827,20180129,SP,6315
29558452,0001,1,,02,20180129,20180129,SC,8161
29567943,0001,1,,02,20180130,20180130,SP,6425
29576939,0001,1,HUMAN CROSSFIT,08,20240822,20180131,PA,0427
24921465,0024,2,,02,20180131,20180131,SP,7107
29578963,0001,1,STUDIO CORPUS,08,20230201,20180131,MG,5025
29579309,0001,1,,02,20180131,20180131,RN,1761
28041149,0001,1,,08,20180131,20170627,SP,7097
29584319,0001,1,ELAS ASSESSORIA ESPORTIVA,02,20180131,20180131,SP,7107
29600275,0001,1,NATIVA FIT,08,20240802,20180202,PR,7741
29604011,0001,1,,02,20180202,20180202,MG,5385
29604844,0001,1,EQUILLIBRIUM ACADEMIA,02,20180202,20180202,RJ,5853
29613021,0001,1,AERO FITNESS ACADEMIA NV,08,20200228,20180202,ES,5677
29614032,0001,1,,08,20250710,20180205,SP,6425
29620073,0001,1,UNALOME,02,20180205,20180205,SP,7107
27998433,0001,1,,08,20200128,20170620,PE,2531
22653153,0003,2,GRUPO PERFORMANCE ACADEMIA - CURP,02,20161018,20161018,PR,7733
29649187,0001,1,ESSENCE GYM,08,20181226,20180208,SC,8055
26415421,0001,1,,04,20241127,20161025,MG,4123
27127124,0001,1,ZEQUI PERSSONAL,08,20180210,20170216,RS,8599
26445704,0001,1,OPEN HOUSE,08,20180215,20161027,SP,6563
29687173,0001,1,CONDA TRAINING,02,20180215,20180215,SC,8081
29690283,0001,1,CF BLUE STORM,02,20180215,20180215,MG,4939
29695363,0001,1,CROSS POWER,04,20260601,20180216,RJ,5901
29699928,0001,1,ACADEMIA SPACE,02,20180216,20180216,SC,8011
29707657,0001,1,,02,20180219,20180219,SP,7097
29712027,0001,1,MEGA TREINO CENTRO DE TREINAMENTO,02,20180219,20180219,RO,0003
26291033,0001,1,LAZER E BEM ESTAR SERVICOS,02,20161004,20161004,MA,0783
29714826,0001,1,CROSS LIFE NUTRITION GUARULHOS,08,20241217,20180219,SP,6477
29715488,0001,1,EQUILIBRIUM,04,20231031,20180219,RJ,6001
29716769,0001,1,STYLEFIT ACADEMIA,02,20180219,20180219,BA,3515
29722077,0001,1,,08,20211227,20180220,RS,8801
29722558,0001,1,JK ACADEMIA,08,20200709,20180220,PB,2117
29724604,0001,1,,08,20201009,20180220,MG,4123
29726410,0001,1,STUDIO CROSS,08,20180626,20180220,SP,6477
27977717,0001,1,MAIS MOVIMENTO,08,20180220,20170616,RN,1761
28263155,0001,1,SANTO TREINO,08,20180220,20170726,SC,8105
29731869,0001,1,ESTUDIO DE PILATES LUANA PAIVA,08,20210526,20180221,AL,2705
29731935,0001,1,CENTRO ESPORTIVO BLACK IN FIT,02,20180221,20180221,MG,4661
29745499,0001,1,ACADEMIA MAIS EVOLUTION,02,20180222,20180222,GO,9445
29748515,0001,1,VERRI ACADEMIA LTDA,08,20190415,20180222,PR,7691
29770835,0001,1,ATIVA TRAINING,08,20241106,20180224,AP,0665
26074265,0001,1,ACADEMIA PEPEU SAUDE E FORCA,02,20160831,20160831,SP,7107
26095456,0001,1,STEP ONE CENTRO DE TREINAMENTO FUNCIONAL,02,20160726,20160726,RS,8801
26180082,0001,1,H2O CENTRO DE ATIVIDADES FISICAS,02,20160915,20160915,RJ,6001
26726672,0001,1,WV FITNESS ACADEMIA,02,20161216,20161216,AL,2785
27652558,0001,1,CRETA FITNESS ACADEMIA,08,20230619,20170504,PE,2513
27713278,0001,1,CORPO FITNESS ACADEMIA,02,20170511,20170511,MA,0723
27437807,0001,1,ESPACO FITNESS,08,20220615,20170331,SP,6887
28550230,0001,1,SPACE FITNESS,02,20170831,20170831,PE,2307
29186261,0001,1,,02,20171201,20171201,MG,4283
29784145,0001,1,LIFE FITNESS,08,20241015,20180226,GO,9753
27440811,0001,1,,08,20180226,20170401,SP,7107
29788166,0001,1,BIO START,08,20210913,20180227,RS,8599
29788600,0001,1,FIT PREV,02,20180227,20180227,MG,4259
29790323,0001,1,FABRICIO BASTOS,02,20180226,20180226,RJ,5819
29795392,0001,1,,02,20180227,20180227,SP,6887
26247952,0001,1,PERSONAL KATELLIM PACHECO,08,20180228,20160927,PR,7427
29809532,0001,1,HIDRO FORMA,02,20180228,20180228,ES,5691
29815634,0001,1,VIVARE STUDIO PILATES,08,20220413,20180301,MG,5403
29816480,0001,1,BIO FITNESS,02,20180301,20180301,PA,0435
29823041,0001,1,,08,20190312,20180301,MG,4123
29828740,0001,1,AUTOESTIMA ACADEMIA,02,20180302,20180302,BA,3937
29830488,0001,1,GRAN FITNESS COHAMA,04,20260521,20180302,MA,0921
29845628,0001,1,GARAGE 820 TRAINNING,08,20190729,20180305,RJ,6001
29847715,0001,1,BOX VIDA SAUDAVEL,08,20211207,20180305,CE,1389
26326288,0001,1,CAIO DANTAS PERSONAL,08,20180305,20161010,PE,2629
29856932,0001,1,ACADEMIA EVOLUCAO,02,20180306,20180306,RS,8531
29858405,0001,1,STUDIO INOVE,08,20240228,20180306,MG,4165
29865893,0001,1,M2 ACADEMIA,02,20180307,20180307,CE,1591
29866632,0001,1,INVICTUS TREINAMENTO,02,20180307,20180307,PI,1219
29870475,0001,1,,08,20191129,20180122,PR,7535
29876787,0001,1,,02,20180308,20180308,PB,2051
29882217,0001,1,ACADEMIA PROJETO FITNESS,02,20180306,20180306,SC,8093
29883171,0001,1,PERFORMANCE ACADEMIA E STUDIO,08,20211116,20180308,SC,8375
29889316,0001,1,MAGNOS FIT,02,20180309,20180309,DF,9701
29893968,0001,1,FISIO SAUDE PILATES,02,20180309,20180309,CE,1389
29894316,0001,1,MIHAILOVA FITNESS,08,20200904,20180309,PR,7587
29894345,0001,1,ACADEMIA BOA FORMA,02,20180309,20180309,RS,8781
28864489,0001,1,SAUDE+FIT TREINAMENTO FUNCIONAL,02,20171016,20171016,DF,9701
29909980,0001,1,K2 ACADEMIA PERSONALIZADA,02,20180312,20180312,PR,7493
29910401,0001,1,ACADEMIA IPE,08,20250103,20180312,TO,9241
29919433,0001,1,FORTIORI CENTRO,04,20231026,20180313,CE,1389
29923579,0001,1,ACAIXA CROSS TRAINING,02,20180313,20180313,SP,7107
29933119,0001,1,,02,20180313,20180313,SP,6639
29933657,0001,1,MY BOX BRAGANCA PAULISTA,02,20180314,20180314,SP,6251
29937751,0001,1,,08,20231030,20180314,MG,4733
29940594,0001,1,LA SANTE PILATES E FISIOTERAPIA,02,20180315,20180315,SC,8333
26593586,0002,2,,08,20190509,20180315,PR,7777
29942522,0001,1,ARENA XTREME FC,04,20210426,20180315,AL,2809
29945533,0001,1,TIME ANDRADE ESPACO SAUDE,08,20190716,20180315,RS,8791
29947414,0001,1,AQUA PLAY,08,20200123,20180315,MG,4249
29918958,0002,2,,08,20200207,20180313,SC,8047
29961707,0001,1,CENTRO DE SAUDE OBJETIVA,02,20180316,20180316,MG,5029
29967513,0001,1,ACADEMIA ARENA FITNESS,04,20220608,20180319,MA,0889
29973623,0001,1,ESTUDIO PANTERA,02,20180319,20180319,SC,8311
29979854,0001,1,ACADEMIA POPEYE TREINAMENTOS,02,20180320,20180320,CE,1459
29979912,0001,1,ACADEMIA BEM ESTAR,04,20220608,20180320,SE,3151
29980491,0001,1,ACADEMIA FITNESS COMPANHY,08,20190131,20180320,RS,8809
29989695,0001,1,,02,20180320,20180320,SP,6969
29992363,0001,1,STUDIO CLEBER FIT,08,20200514,20180320,SP,6941
29993585,0001,1,ACADEMIA SAUDE PLENA,02,20210405,20180321,PA,0044
29993759,0001,1,AEROFIT,08,20200423,20180321,RS,8801
30006752,0001,1,I9 FITNESS,02,20230820,20180322,SE,3105
30009329,0001,1,,08,20181213,20180322,RS,9821
20463995,0002,2,,08,20190827,20180322,PE,2419
30016865,0001,1,,04,20210203,20180322,SP,6435
30018332,0001,1,ACADEMIA GOIA FITNESS,02,20180323,20180323,TO,9699
30034967,0001,1,BOX VIDA ATIVA - VILA VALQUEIRE,08,20200626,20180326,RJ,6001
30036763,0001,1,CROSS TREMEMBE,08,20260224,20180326,SP,7107
30038746,0001,1,NELSON E RODRIGO LABORAL,08,20230328,20180326,PR,7935
30048073,0001,1,ACADEMIA COSTA,02,20180327,20180327,PE,2435
30053215,0001,1,ACQUA IRIS CASA DE ESPORTES,08,20190424,20180327,GO,9373
30053853,0001,1,STUDIO GO LIFE,02,20180327,20180327,MG,4123
30054378,0001,1,ZEUS STUDIO DE PILATES,08,20181210,20180327,RJ,6001
30057420,0001,1,,02,20180328,20180328,RJ,5867
30072517,0001,1,,02,20180329,20180329,SP,6931
30073691,0001,1,ACADEMIA CRISTAL,02,20180329,20180329,SP,7107
30076591,0001,1,ACADEMIA SAUDE TOTAL,02,20180402,20180402,MG,4609
30079533,0001,1,ACADEMIA CORPUS,08,20180606,20180402,PE,2477
30081847,0001,1,ACADEMIA FISIOFITNESS,08,20210525,20180402,ES,5615
30084627,0001,1,ACADEMIA MIX BRASIL,02,20180402,20180402,GO,9373
30095722,0001,1,,04,20240812,20180403,SP,7107
30095864,0001,1,AQUAVIDA,04,20201027,20180403,MA,0781
30098716,0001,1,,08,20210330,20180403,RS,8801
30099515,0001,1,ACADEMIA MERENCIO,08,20191204,20180403,SC,8027
27247012,0001,1,ACADEMIA TAURUS FITNESS,02,20170307,20170307,MG,4865
30114588,0001,1,STUDIO NAZAR,08,20220420,20180405,MG,5079
29823041,0002,2,,08,20190219,20180405,MG,4123
30121049,0001,1,ACADEMIA ALTA TENSAO,04,20220608,20180405,DF,9701
30127084,0001,1,ACADEMIA NOVAERA,02,20180406,20180406,MS,9065
30127657,0001,1,,02,20180406,20180406,MG,4647
30129893,0001,1,,02,20180406,20180406,PE,2435
30131153,0001,1,ALPHA TEAM ACADEMIA ESPECIALIZADA,02,20220620,20180406,BA,3965
30132382,0001,1,ELITE FITNESS,02,20180406,20180406,PA,0595
27602843,0001,1,CLINICA DE FISIOTERAPIA CUIDAR LTDA,08,20200703,20170426,MG,4285
30140720,0001,1,ACADEMIA CHAGAS-TEAM,02,20180409,20180409,RJ,5833
30156010,0001,1,ACADEMIA IRON BODY,02,20180409,20180409,RJ,5865
30157246,0001,1,INCORPORE PILATES,02,20180410,20180410,MT,9163
30165019,0001,1,ACADEMIA E STUDIO ARENA FITNESS,02,20180411,20180411,GO,9293
30166617,0001,1,X TREME ACADEMIA,08,20200807,20180411,RS,8679
30166988,0001,1,KASARAO,02,20180411,20180411,RS,8627
30174374,0001,1,BODY CLUB ACADEMIA,02,20210106,20180411,MA,0803
30184660,0001,1,MOVIMENTO,08,20260330,20180412,SP,7151
30185699,0001,1,CT DAMIAN,02,20180412,20180412,RS,8595
30186418,0001,1,ACADEMIA CRESCER EM FORMA,08,20200915,20180412,SP,7145
30193315,0001,1,ESTUDIO VIVIANE SOARES,08,20210810,20180413,RJ,6001
30194318,0001,1,ACADEMIA RAINHA,04,20210326,20180413,SP,6563
27239422,0001,1,LONG LIFE TREINAMENTO FUNCIONAL,08,20180413,20170307,RJ,0786
30195817,0001,1,OMEGA FITNESS,08,20240613,20180413,BA,3849
30197557,0001,1,R. RUIZ - ARTES MARCIAIS,02,20180413,20180413,SP,7107
30212327,0001,1,HARDCORE ARAXA,02,20180416,20180416,MG,4079
30224226,0001,1,,02,20180417,20180417,SP,7107
28715819,0001,1,J & M ACADEMIA FITNESS,08,20180503,20170925,PE,2631
30244076,0001,1,FUSION FORMA FITNESS,02,20180419,20180419,SP,7107
19901786,0002,2,BEM ESTAR TREINAMENTO FISICO,08,20211008,20180417,RS,8637
30248471,0001,1,CNK - CHIVUNK GYM,02,20180418,20180418,RJ,6001
30249035,0001,1,NACAO GUERREIRA,02,20180419,20180419,SP,7107
24362285,0002,2,FIT CLUB PREMIUM ACADEMIA,08,20191223,20180419,RS,8599
30254935,0001,1,HOPE FIT,02,20180419,20180419,RN,1761
30264236,0001,1,,08,20211117,20180420,RJ,5909
30273047,0001,1,CROSS LIFE ORATORIO,08,20200910,20180423,SP,7057
27293056,0001,1,RN SPORTS,08,20220111,20170314,GO,9545
30278100,0001,1,ULTRA SPORTS E TREINAMENTOS,02,20180423,20180423,ES,5703
30280475,0001,1,INSPIRE TREINAMENTO FUNCIONAL,04,20220608,20180423,DF,9701
26968165,0001,1,STEEL BODY ACADEMIA,08,20180425,20170127,MT,9067
30141335,0001,1,,08,20240904,20180409,MG,5403
30305706,0001,1,OXY FITNESS CENTER,08,20191112,20180426,GO,1066
30307041,0001,1,DEMOLIDORES FITNESS,02,20171027,20171027,PR,7535
30313586,0001,1,,02,20180424,20180424,SP,6589
30313889,0001,1,LOVE DANCE,08,20251223,20180426,GO,9531
30316482,0001,1,CROSSFIT JAVALI,08,20210120,20180427,SC,8053
18377400,0003,2,EQUILIBRIUM MASSAGE,08,20211111,20180427,SP,7107
27966921,0001,1,R,08,20180427,20170614,SP,7107
30324353,0001,1,RINNOVARE PILATES E TREINAMENTO FUNCIONAL,08,20200504,20180427,SP,7029
30339541,0001,1,N.W. FITNESS,04,20231113,20180502,PR,7667
30351521,0001,1,CROSS LIFE SAO ROQUE,08,20190712,20180503,RS,8541
26096307,0001,1,ELEVAR VIDA SAUDAVEL,04,20260601,20160902,RJ,6001
30357742,0001,1,ACADEMIA PERFORMANCE,08,20250901,20180503,RS,8563
28650590,0001,1,GOLGOTA,02,20170915,20170915,GO,1066
30369100,0001,1,,02,20180504,20180504,MG,4123
30383066,0001,1,307 FITNESS,02,20180507,20180507,DF,9701
27324088,0001,1,,08,20180507,20170317,CE,1457
30395945,0001,1,ACADEMIA 4 ELEMENTO POWER TEAM,02,20241202,20180508,MG,4133
30396483,0001,1,CROSSFIT EQUIFAVELA,02,20180508,20180508,RS,8801
30411428,0001,1,ACADEMIA STYLLUS FITNES,04,20260528,20180509,MG,5155
29104305,0002,2,BODY VOLT,08,20181126,20180510,SC,8105
30416985,0001,1,,02,20180510,20180510,RS,8785
07265268,0004,2,C.F.A FLA - GOIANIA,04,20210212,20180322,GO,9373
30454775,0001,1,ACADEMIA TRIBOX CROSS TRAINING,04,20260522,20180515,PR,5451
30460913,0001,1,KAIZEN PILATES,08,20200804,20180515,SP,7107
30464779,0001,1,,02,20180515,20180515,SP,2951
29832740,0001,1,COETUS,08,20200804,20180302,SC,8179
30471500,0001,1,NATHY ESTEVES,02,20180516,20180516,RJ,6001
30479441,0001,1,SUPERACAO,02,20180516,20180516,RJ,5915
30480825,0001,1,ACADEMIA AQUA FITNESS,02,20180517,20180517,MG,4941
08644821,0021,2,SMART FIT,08,20240920,20180517,DF,9701
30491845,0001,1,ACADEMIA APOLO GIM,04,20231030,20180518,PE,2531
30070230,0001,1,STUDIO LIFESTYLE,08,20180604,20180329,PR,7583
30499257,0001,1,,02,20180518,20180518,SP,6291
30504738,0001,1,MUAY MATT FIGHT CLUB,02,20180520,20180520,SC,8097
30508086,0001,1,L'EQUIPE FIT,02,20180521,20180521,SP,6179
19639420,0002,2,,08,20221129,20180521,PR,7885
30511850,0001,1,CROSSTRAINING ESPIRITO SANTO,08,20241122,20180521,ES,5625
30515768,0001,1,MEKI TREINAMENTO FUNCIONAL E PILATES,08,20201123,20180521,SC,8105
30517703,0001,1,GRUTA CROSS TRAINING,08,20250220,20180521,BA,3413
30518216,0001,1,RENOVE ACADEMIA,04,20201022,20180522,GO,9373
30518985,0001,1,ACADEMIA ASCENSION FITNESS,08,20190924,20180522,MG,4547
30519107,0001,1,CLUBE FIT,08,20210330,20180522,MG,5155
30519505,0001,1,,02,20180522,20180522,SP,6897
28689475,0001,1,CFGM - CROSSFIT,04,20260529,20170920,PR,7525
30524660,0001,1,JUST LIFE CLINICA DE ATIVIDADE FISICA,02,20180521,20180521,SP,6163
27472662,0001,1,NATALIA SIXEL - ESTUDIO DE PILATES,08,20180522,20170405,BA,3849
30532388,0001,1,MAIS VIDA ACADEMIA,04,20220608,20180523,MS,9805
30535620,0001,1,,08,20240716,20180523,PI,1207
15301883,0002,2,,08,20200519,20180523,SP,6235
30549383,0001,1,ENERGY FOR LIFE,08,20190429,20180524,DF,9701
30557056,0001,1,,04,20210415,20180525,SP,6969
30560964,0001,1,,02,20180525,20180525,RJ,6001
26247887,0001,1,SEVENFIT TREINAMENTO FISICO FUNCIONAL,08,20180528,20160927,PR,7653
30570389,0001,1,ACADEMIA KORPUS ALTIPLANO,02,20180528,20180528,PB,2051
30570434,0001,1,FISIOPILATES CLINICA DE FISIOTERAPIA E CONDICIONAMENTO,02,20220616,20180528,SP,6265
30576943,0001,1,CROSSFERPA,02,20180529,20180529,SP,6411
30577221,0001,1,ACADEMIA MAIS TRAINING,02,20180529,20180529,PB,2051
27051152,0001,1,,08,20180530,20170207,RS,8599
30592997,0001,1,CROSS LIFE NUTRITION,08,20190725,20180530,SP,7225
30613444,0001,1,ACADEMIA ATIVA PERFORMANCE,08,20191127,20180604,PR,7985
30630592,0001,1,,08,20230419,20180523,PR,7535
30633035,0001,1,HAKAI CROSSFIT,08,20240719,20180606,PE,2531
30638838,0001,1,PRO SAUDE,08,20260407,20180606,RS,8791
27835442,0001,1,RAFAEL BORDINI PERSONAL TRAINER,08,20180606,20170528,MT,9167
30643895,0001,1,ACADEMIA ELI-P,02,20210908,20180607,MG,5241
24070680,0002,2,ACADEMIA EVOLUTION FITNESS,08,20220718,20180607,BA,3805
30649333,0001,1,T20 FUNCIONAL,02,20180607,20180607,RS,8787
30657065,0001,1,ACADEMIA UNIVERSO FITNESS,04,20260529,20180608,PR,7991
30659670,0001,1,ACADEMIA STUDIO ORY TRAINING,08,20190404,20180608,MG,4123
30662785,0001,1,LIFE FITNESS,08,20200910,20180609,PE,2471
30664789,0001,1,,02,20180530,20180530,MG,4675
30669742,0001,1,BODY FITNESS,08,20190114,20180611,SP,7149
30682168,0001,1,,08,20211210,20180612,RS,8801
30683500,0001,1,PLUS VITA STUDIO DE PILATES,02,20180612,20180612,SP,7057
30686715,0001,1,CRISTINE ALMEIDA STUDIO PILATES & FUNCIONAL,08,20240204,20180613,MG,4669
30693555,0001,1,ACADEMIA RK LEBLON MUSCULACAO E FITNESS,08,20190218,20180613,PR,0870
30702429,0001,1,ACADEMIA START FITNESS,02,20180614,20180614,BA,3621
30705282,0001,1,,08,20200720,20180614,SP,7107
28037735,0002,2,KA ORA CROSS TRAINING,08,20200527,20180615,SP,6429
30713999,0001,1,INVESTFIT,02,20180316,20180316,PR,7535
30716307,0001,1,FIT BROS BOX,08,20210630,20180615,SP,6291
30719985,0001,1,,02,20180615,20180615,SP,6101
30723174,0001,1,,08,20200713,20180618,SP,6291
26424760,0001,1,BANAFITNESS MUSCULACAO,02,20161026,20161026,PR,7651
30727528,0001,1,ESCOLA DE DANCA E CONDICIONAMENTO FISICO RLUB,08,20201204,20180618,SP,7107
30729620,0001,1,BE FIT STUDIO PILATES,02,20180618,20180618,GO,9373
30732066,0001,1,R R GYM,02,20180619,20180619,CE,1537
30734617,0001,1,ELEMENTO TRAINING,08,20240419,20180619,MG,4123
29739248,0001,1,BOX FUNCIONAL CT,04,20260528,20180221,MG,4417
26647021,0001,1,,08,20180619,20161201,SP,7057
30736444,0001,1,ACADEMIA FISIO E FORMA,02,20180619,20180619,BA,3807
30744538,0001,1,ARENA FITNESS,04,20201027,20180620,PE,2549
30747811,0001,1,KOALA PERSONAL TRAINER,04,20260605,20180620,RS,8831
27345943,0001,1,PEDRO BARBOSA JUNIOR,08,20180620,20170320,MG,4123
30754767,0001,1,BORACROSSFIT,08,20200117,20180621,MA,0921
30757756,0001,1,ACADEMIA BEM VIVER FARROUPILHA,02,20180621,20180621,RS,8655
30762548,0001,1,H2O CENTRO DE HIDROGINASTICA,08,20230411,20180621,RS,8791
30768152,0001,1,,02,20210513,20180622,RS,8841
30768778,0001,1,ACADEMIA RR FITNESS,08,20211125,20180622,RS,7297
30772934,0001,1,CROSS LIFE JOAO DIAS,08,20211216,20180625,SP,7107
30774638,0001,1,ESTUDIO DREAM FIT,02,20231123,20180625,PE,2391
30779521,0001,1,ACADEMIA FOGUETE,02,20180621,20180621,RJ,6001
30782028,0001,1,PROFIT SPORT CENTER,02,20180625,20180625,MT,9083
30785583,0001,1,,08,20230612,20180626,SP,6155
30309417,0001,1,STUDIO FRED MINERVINO,02,20180426,20180426,BA,3597
30789094,0001,1,ADRENALINE FITNESS,02,20180626,20180626,GO,9373
30800610,0001,1,,02,20180627,20180627,MG,4445
30811463,0001,1,,02,20180628,20180628,SP,6929
30812643,0001,1,,02,20180628,20180628,SP,7107
30814504,0001,1,UNIVERSO FITNESS,02,20180629,20180629,MG,0582
30815739,0001,1,CORPUS ACADEMIA,02,20180629,20180629,PI,0384
30828183,0001,1,ACADEMIA KM SPORT,02,20180702,20180702,SP,7097
27319676,0001,1,SUPERACAO PERSONAL TRAINER,02,20170316,20170316,SC,8125
28208723,0001,1,THE BOX FITNESS CLUB LTDA,02,20170718,20170718,BA,3685
30839786,0001,1,CLINDEX ACADEMIA,08,20201001,20180703,SC,8161
30843199,0001,1,,02,20180703,20180703,SP,7107
30845872,0001,1,CF VALENCA LTDA,02,20180704,20180704,SP,7121
30845923,0001,1,SAUDE EM MOVIMENTO ATIVIDADES CORPORAIS,02,20180704,20180704,MG,4517
30851094,0001,1,,02,20180704,20180704,SP,7107
30736112,0001,1,ACTIVE BODY CENTER,04,20231101,20180619,DF,9701
30871856,0001,1,ACADEMIA EVOLUCAO,08,20180730,20180706,PB,0474
30872940,0001,1,ACADEMIA BODY CENTER,02,20180706,20180706,MG,4891
30884862,0001,1,,02,20180709,20180709,MT,8985
30887770,0001,1,ACADEMIA CORPO EM FORMA,08,20240712,20180710,MA,0713
30888871,0001,1,VIDA FITNESS,08,20210520,20180710,GO,9361
27189390,0001,1,CTF STUDIO 3,02,20170224,20170224,SP,6375
30901159,0001,1,ACADEMIA LIFE FITNESS,02,20180711,20180711,MG,2673
30911474,0001,1,,02,20180712,20180712,MG,4123
30917148,0001,1,HOLEGYM ESTUDIO,08,20260126,20180712,BA,3849
30921750,0001,1,,02,20180713,20180713,SP,6949
30287406,0003,2,BLUEFIT GAMA,02,20180713,20180713,DF,9701
30924660,0001,1,NA BETTY HIDROGINASTICA,02,20180713,20180713,PR,7481
30935138,0001,1,,04,20201022,20180716,RS,8841
30935224,0001,1,,02,20180716,20180716,SP,6291
30938742,0001,1,MEDEIROS FITNESS,08,20210716,20180716,PB,1977
30946872,0001,1,WXGIM,08,20190828,20180717,MA,0953
30947070,0001,1,NC CROSSTRAINING LTDA,08,20210118,20180717,SC,8251
30949296,0001,1,,04,20260609,20180717,SP,6291
30959831,0001,1,ACADEMIA IMPERIO GOLD GYM,08,20210901,20180718,CE,1365
26183906,0002,2,VILA-FITINESS,08,20200303,20180718,RJ,5901
30969313,0001,1,REINO FIT,08,20201103,20180718,PE,2295
22228454,0002,2,MORUMBI CROSSFIT,02,20180719,20180719,SP,7157
30986470,0001,1,,02,20180720,20180720,RJ,6001
30993481,0001,1,SINERGIA STUDIO DE PILATES,04,20260528,20180723,MG,4733
30998269,0001,1,CENTRO DE TREINAMENTO FONTENELE,02,20180723,20180723,AC,0651
31015432,0001,1,R7 PERSONAL,04,20260609,20180724,SP,7237
31022380,0001,1,,02,20180725,20180725,ES,5629
31022531,0001,1,STUDIO EQUILIBRE-SE,02,20180725,20180725,RS,8423
31025076,0001,1,ACADEMIA CORPUS GAROPABA,02,20180725,20180725,SC,8113
31031532,0001,1,ACADEMIA VIDA & SAUDE,02,20210125,20180726,PE,2491
31038886,0001,1,AR STUDIO FITNESS,02,20180726,20180726,RJ,6005
31048771,0001,1,ACADEMIA WORKOUT FIT,04,20210317,20180727,PR,7745
31057531,0001,1,CORPO LIVRE,08,20200313,20180730,MS,9051
31061681,0001,1,ATLANT FITNESS ACADEMIA,04,20210419,20180730,SP,6361
31072241,0001,1,ACADEMIA MOVEMENT,02,20180731,20180731,RN,1761
31081639,0001,1,ACADEMIA EXTREME FITNESS,02,20180801,20180801,BA,3093
26807615,0001,1,MOVIMENTE,02,20170105,20170105,SP,7131
31088486,0001,1,ENDORFIT ACADEMIA,02,20210408,20180801,GO,9373
31105112,0001,1,CENTRO DE TREINAMENTO LIFEFITNESS,02,20180803,20180803,PB,2029
31106020,0001,1,ACADEMIA ATTITUDE,08,20260415,20180803,SC,8357
31108760,0001,1,FEMMEFIT ACADEMIA FEMININA,02,20180803,20180803,PA,0627
31108846,0001,1,ACADEMIA CORPO & MOVIMENTO,02,20180802,20180802,RJ,5849
30915087,0001,1,,08,20230213,20180710,SP,6131
31120102,0001,1,SPORT GYM,02,20260526,20180806,BA,3515
31130888,0001,1,CROSS LIFE ACLIMACAO,08,20200921,20180807,SP,7107
31150657,0001,1,CROSS LIFE VALO VELHO,08,20210304,20180808,SP,6545
31153537,0001,1,STM CROSSFIT,08,20241118,20180808,BA,3849
31158623,0001,1,,02,20180809,20180809,MG,5391
31166180,0001,1,WISDOM COMBAT,02,20220720,20180809,AL,2785
31170265,0001,1,,02,20180810,20180810,PR,7739
31170834,0001,1,EVOLUTION,08,20211006,20180810,SP,7121
31178251,0001,1,,08,20210705,20180810,PR,7777
31199944,0001,1,ANA PERSONAL CLARA,02,20230213,20180813,MG,4123
31204560,0001,1,INSPIRACAO - TREINAMENTO INTEGRADO,08,20240228,20180814,PR,7565
31226941,0001,1,PERSONAL EM CASA,08,20211104,20180815,DF,9701
31226987,0001,1,GO RUN,02,20250303,20180815,AM,0255
30970140,0001,1,STUDIO MOVIMENTO,02,20180719,20180719,SP,7099
31245621,0001,1,ACADEMIA POWER FITNESS,08,20181130,20180816,DF,9701
29732981,0001,1,ATO CORPORAL,08,20180816,20180221,PE,2531
31093923,0001,1,,02,20180802,20180802,RJ,5909
31250907,0001,1,ACADEMIA GUINNESS,08,20190130,20180816,DF,9701
31251483,0001,1,TIBAU POINT ACADEMIA,08,20190329,20180816,RN,1881
31276174,0001,1,ACADEMIA S.DINIZ,08,20230321,20180820,PB,1981
31278060,0001,1,ARENA FITNESS,08,20260331,20180820,MG,4691
31278515,0001,1,ORBE FITNESS,02,20180820,20180820,MA,0921
31290338,0001,1,STUDIO MOVE THAI,02,20180821,20180821,SP,7107
31291785,0001,1,ESPACO EFI PILATES & FISIOTERAPIA,08,20190528,20180821,RJ,5863
31291954,0001,1,,02,20180821,20180821,MS,9051
31301159,0001,1,FIT + ACADEMIA,08,20241121,20180822,TO,9733
31301331,0001,1,ACADEMIA + TOP,02,20180822,20180822,MG,4625
30915420,0004,2,,08,20230324,20180712,SP,7145
11426381,0005,2,BODYTECH E FORMULA,02,20180629,20180629,MG,4123
31324624,0001,1,ESPACO FIT ACADEMIA,08,20210107,20180824,CE,1361
31014636,0001,1,ACADEMIA MOVIMENTO,02,20180724,20180724,RS,6061
31340990,0001,1,PRO FITNESS,02,20180827,20180827,SP,6597
31348973,0001,1,BOX AREIAO,04,20220126,20180827,SP,6875
31353133,0001,1,SANTO FORTE CENTRO DE TREINAMENTO,08,20221111,20180828,RS,8801
29159771,0001,1,REABILITY PILATES,08,20181004,20171128,BA,3849
31364495,0001,1,ACADEMIA ELITE,04,20220610,20180829,SP,7097
31367452,0001,1,STUDIO ED DE ATIVIDADES FISICAS,04,20260522,20180829,RJ,5867
28490887,0001,1,CORACAO ATIVO,02,20170824,20170824,RS,8945
31374207,0001,1,,02,20180829,20180829,SP,6291
31374528,0001,1,ACADEMIA BIOTIPO,02,20180829,20180829,BA,3313
31381424,0001,1,PILATES MORALES,04,20201022,20180830,RS,8685
07594978,0222,2,SMARTFIT,02,20180830,20180830,SP,7107
31401644,0001,1,ACADEMIA ATITUDE,08,20190704,20180903,MG,4601
31419954,0001,1,ACQUADEMIA,02,20180904,20180904,GO,9285
31433404,0001,1,ACADEMIA MASTER FITNESS,08,20221014,20180905,SP,7091
31434406,0001,1,,08,20190605,20180905,SP,6425
31435037,0001,1,ACADEMIA BODY FITNESS,08,20260113,20180905,GO,9375
31436550,0001,1,PRO FITNESS ACADEMIA,08,20190830,20180905,SP,7183
31440240,0001,1,CENTRO DE TREINAMENTO DE ALTA PERFORMANCE SHEEP FIGHT,04,20231030,20180906,PB,2051
10701210,0002,2,ACADEMIAS PRS,02,20260520,20180906,PE,2549
31131617,0001,1,SWIMEX - FITNESS & WELLNESS,02,20180726,20180726,PR,7535
31446134,0001,1,ACADEMIA TISCHHAUSER FITNESS,02,20180906,20180906,RN,1667
31460516,0001,1,STUDIO VITAE,08,20250922,20180910,PR,7885
31464155,0001,1,,08,20190925,20180910,PR,7493
31476296,0001,1,,02,20180910,20180910,SP,6959
31479237,0001,1,CROSS LIFE KENNEDY,02,20180912,20180912,SP,7077
31484764,0001,1,MEGA FITNESS,08,20250314,20180912,MS,9165
31492560,0001,1,,08,20220418,20180913,PR,7493
31495569,0001,1,,08,20250411,20180913,RS,8577
26826269,0001,1,,02,20170109,20170109,RN,1759
31498947,0001,1,CARDIOFITNESS,08,20221019,20180913,RJ,5925
31499198,0001,1,SUPERMAN ACADEMIA,02,20180913,20180913,SP,7107
31502430,0001,1,LA VIE,02,20180913,20180913,SP,7107
31509152,0001,1,MOTIRO,08,20250327,20180914,SP,6511
31525675,0001,1,ARENA BUSHIDO,02,20201222,20180917,SP,7107
31527491,0001,1,,02,20180917,20180917,RS,8801
31530448,0001,1,ELEVA ACADEMIA,02,20180917,20180917,ES,5693
05417420,0002,2,CLINICA ADLER,08,20231124,20180829,RS,8839
31534280,0001,1,ACADEMIA OVERALL,08,20260108,20180918,MS,9051
31545149,0001,1,,02,20180919,20180919,SP,7107
31550168,0001,1,MARCELI CASTARANELI PERSONAL TRAINER,02,20180919,20180919,PR,7535
31554796,0001,1,VEM SER LABORAL,02,20180919,20180919,SC,8179
31557400,0001,1,ACADEMIA JHON FITNESS,08,20220805,20180920,PE,2413
31566803,0001,1,NEXT TRAINER,08,20250207,20180920,MG,4371
31394738,0002,2,FITSTUDIO ACADEMIA,08,20191209,20180924,SC,8223
31595489,0001,1,,02,20180925,20180925,PR,7765
31611216,0001,1,VIX COWORKING,08,20230112,20180926,ES,5625
31613036,0001,1,MASTER FITNESS ACADEMIA,02,20180926,20180926,MG,4615
31619832,0001,1,,08,20241016,20180926,SP,7259
26768243,0002,2,ACADEMIA STAR FITNESS,02,20180927,20180927,MG,4123
31633950,0001,1,BUENO BOX CF,02,20180928,20180928,GO,9373
31637847,0001,1,CROSS SAVE,02,20180928,20180928,ES,5703
29336121,0001,1,MAKOTO NAGAHAMA PERSONAL TRAINER,08,20181001,20171229,PB,2051
31650758,0001,1,,08,20200214,20181001,SP,6713
31667913,0001,1,STARFIT ACADEMIA INFANTOJUVENIL,08,20240528,20181002,SC,8105
31671970,0001,1,CROSS LIFE VAZAME,08,20210805,20181003,SP,6401
31684960,0001,1,,02,20181004,20181004,SP,7107
31687880,0001,1,BOX CROSS TRAINING - ZERO 21,08,20200513,20181004,MG,4843
26168795,0001,1,CT FIGHT,04,20210419,20160914,SP,6361
31697399,0001,1,PD TRAINING PERSONAL STUDIO,08,20210806,20181005,PR,7407
31701837,0001,1,ATHENA ACADEMIA,02,20181005,20181005,SP,6731
31702740,0001,1,STUDIO PILATES NATALIA BELLOTTI,02,20181005,20181005,MG,4733
31710958,0001,1,ESPACO SEIBEL,02,20181008,20181008,RS,8801
31719285,0001,1,AYRAN PILATES,02,20181009,20181009,SP,7107
31720602,0001,1,ACADEMIA CORPO E SAUDE,04,20260527,20181009,DF,9701
31723572,0001,1,TESLATICS ELECTROFITNESS,02,20210406,20181009,SP,6875
31728242,0001,1,,02,20181009,20181009,SP,6619
31734458,0001,1,ACADEMIA MAIS SAUDE,08,20211028,20181010,SP,6553
31736919,0001,1,MOVIMENTO SUBLIME,02,20181009,20181009,RJ,6001
31739852,0001,1,KNC TREINAMENTO FUNCIONAL,02,20181010,20181010,SP,7107
31740543,0001,1,START FIT ACADEMIA,02,20181010,20181010,RN,1603
31745644,0001,1,STUDIO T PACHECO FIT,02,20181011,20181011,SP,6645
31745919,0001,1,CARDIO BOX,08,20240625,20181011,SP,6553
31747109,0001,1,DINAMIZE ACADEMIA,02,20230124,20181011,PB,2047
31752115,0001,1,LIVE FITNESS,04,20260527,20181011,GO,9487
31757449,0001,1,INYOGA ONDINA,08,20210518,20181011,BA,3849
31757994,0001,1,,02,20181015,20181015,RS,8801
31762441,0001,1,CT STRONG,04,20201022,20181015,RS,8801
31763771,0001,1,CASA ALINE BARRETO,08,20190208,20181015,SP,7071
31765111,0001,1,BPM4,08,20201112,20181015,SP,7107
28064429,0002,2,FLAG ACADEMIAS DO BRASIL,08,20181101,20181016,DF,9701
29846061,0001,1,ACADEMIA BELA FITNESS,08,20181016,20180305,MA,0120
31798500,0001,1,UNIONE FIT SAUDE E BEM-ESTAR,02,20181018,20181018,SP,7057
31801639,0001,1,STUDIO PILATES APM,02,20181018,20181018,MG,4865
29518864,0001,1,STYLLO LIVRE,08,20190520,20180124,BA,3963
31836526,0001,1,AMERICAN FITNESS,08,20200922,20181023,SE,3105
20237262,0002,2,RT SELECT,08,20210702,20181022,RJ,6001
22902694,0043,2,SELF IT ACADEMIAS,02,20181023,20181023,SP,6313
31837210,0001,1,ACADEMIA COMPASSO,02,20181023,20181023,SP,6921
31848391,0001,1,CROSS TRAINING,08,20190917,20181024,MS,9173
08644821,0023,2,SMART FIT,08,20240920,20181024,DF,9701
31857181,0001,1,STUDIO MORUMBI FIGHT,02,20181025,20181025,SP,7107
27301260,0001,1,STUDIO FITNESS OF THE STARS,04,20260528,20170314,RJ,5833
31868897,0001,1,OHANA STUDIO PILATES,08,20190716,20181026,SP,7107
31882099,0001,1,MUNDO FITNESS ACADEMIA,02,20181029,20181029,BA,3655
29327977,0001,1,ACADEMIA COLISEU GYM,02,20171227,20171227,SP,6307
31898144,0001,1,ALTA PERFORMANCE,02,20181030,20181030,MG,5343
31902254,0001,1,ACADEMIA FITNESS,02,20181030,20181030,PE,2513
31906102,0001,1,,08,20240419,20181031,SP,6251
31907527,0001,1,CROSSFIT CORAIS,02,20181031,20181031,AL,2785
29436408,0001,1,CLUB IDEAL,02,20180115,20180115,SP,7107
31912393,0001,1,CROSSFAT,04,20260528,20181031,MG,4123
28061874,0001,1,KAREN FRELLO,08,20181031,20170628,SC,8183
30104588,0001,1,GO ACADEMIA VERTICAL,08,20181127,20180404,SP,7079
31928417,0001,1,STUDIO M.A. FITNESS,02,20181103,20181103,SP,6277
31931638,0001,1,STUDIO TINTOL TEAM,04,20210416,20181105,MG,4123
31934836,0001,1,AZAMBUJA BEHRING JIU JITSU,02,20181105,20181105,RS,8801
21822363,0012,2,SMARTFIT,08,20190404,20181105,PE,2531
31943575,0001,1,,08,20260220,20181106,SP,7107
31944270,0001,1,STUDIO GENESIS,02,20181106,20181106,MG,4123
31950692,0001,1,,04,20210303,20181106,MA,0921
31964832,0001,1,FORMULA FIT,02,20181107,20181107,MG,4865
31980791,0001,1,CROSS MOGI,02,20181109,20181109,SP,6713
31994301,0001,1,PLANET FITNESS,02,20231005,20181109,SP,6211
32003033,0001,1,VIANA FITNESS,04,20240826,20181112,SP,7195
32019302,0001,1,RUMIATTO GYM,04,20210218,20181114,MS,9137
32027093,0001,1,FITLIFE ACADEMIA,02,20181114,20181114,SC,8059
32041401,0001,1,EXITO DO CORPO,02,20250228,20181119,PB,2237
32044630,0001,1,FM PERSONAL STUDIO,02,20181119,20181119,PR,7535
28348650,0002,2,ONFIT,02,20181120,20181120,MG,4877
32056485,0001,1,MOVAME STUDIO,02,20181120,20181120,PR,7535
32061544,0001,1,CT BOXLIFE,02,20181121,20181121,AL,2785
18749635,0002,2,HOK FITNES,08,20201009,20181122,RS,8653
32088298,0001,1,CAVE TREINAMENTO FUNCIONAL,08,20220511,20181123,SP,6495
32093372,0001,1,BOX ZERO8 CROSS TRAINING,02,20181124,20181124,PA,0567
32101212,0001,1,W GYM,02,20181126,20181126,RJ,6001
32117710,0001,1,HEROBOX,02,20181127,20181127,GO,9221
32122626,0001,1,,02,20181128,20181128,RS,8801
32133353,0001,1,FITCARE,02,20181129,20181129,SP,7107
32135438,0001,1,ADREENNA FITNESS,02,20181129,20181129,AM,0201
29301087,0003,2,,08,20220711,20181129,PR,7535
07594978,0232,2,SMARTFIT,02,20181130,20181130,SP,7107
22625839,0003,2,,08,20260326,20181203,AP,0605
27769130,0001,1,CROSS LIFE MORADA DO SOL,02,20170518,20170518,SP,6511
32175954,0001,1,CM FITNESS,02,20181204,20181204,RJ,5869
32177897,0001,1,ACADEMIA ESPACO FITNESS,02,20231018,20181204,RN,1761
32179134,0001,1,CENTRO DE TREINAMENTO IMPACTO FIGHT,02,20211122,20181205,SP,6511
26463409,0002,2,STUDIO CLASS PILATES,08,20181205,20180530,DF,9701
32180774,0001,1,DC STUDIO PERSONALIZADO,02,20181205,20181205,RJ,6001
32203102,0001,1,GOODLIFE - FITNESS,02,20181206,20181206,PE,2599
32203717,0001,1,CLAUDIA ACADEMIA,02,20231227,20181207,PA,0427
32222290,0001,1,IDEAL CROSS TRAINING,08,20220714,20181211,MG,5043
15614262,0003,2,,02,20181211,20181211,PR,7493
32229424,0001,1,D2 ASSESSORIA FITNESS,08,20211005,20181211,PR,7535
32239811,0001,1,LET'S WOD,02,20181212,20181212,SP,6131
31373155,0001,1,STUDIO FENICE ACADEMIA PARA MULHERES,02,20180829,20180829,GO,9373
32243386,0001,1,LIFE FIT,02,20181213,20181213,RJ,6001
32254874,0001,1,ACADEMIA MASTER,02,20181214,20181214,CE,1599
32255262,0001,1,ACADEMIA CENTRAL FITNESS,04,20210426,20181214,PB,1987
32259246,0001,1,STUDIO HARD,08,20201216,20181214,SP,7107
32263729,0001,1,STATERA TREINAMENTO FISICO FUNCIONAL,02,20181217,20181217,PI,1219
32265960,0001,1,BRUNO KENDY UEMURA PERSONAL,08,20210507,20181217,SP,7107
32267428,0001,1,FLIPPER NATACAO E GINASTICA,08,20191021,20180718,PR,7535
32275776,0001,1,FABIO AMED BODY FIT,02,20181218,20181218,RJ,6001
32276120,0001,1,K+ TRES RIOS,02,20181218,20181218,RJ,5919
32278537,0001,1,HERCULES GYM,02,20181218,20181218,SP,6119
28660840,0001,1,ELEVESEE,02,20170918,20170918,RS,8781
32288398,0001,1,MOVIMENT,02,20181219,20181219,MG,4565
32294497,0001,1,,04,20201027,20181220,SC,8105
32296517,0001,1,CT JOHN SIAS,02,20181220,20181220,RS,8791
32303140,0001,1,SPORT FITNESS,02,20181221,20181221,PA,0427
28052903,0001,1,ARENA FIT,08,20181221,20170628,MG,5401
32311772,0001,1,EXTREME PHYSIQUE,08,20220601,20181226,GO,9425
32318161,0001,1,DREAMCAST FUNCTIONAL FITNESS,02,20181227,20181227,ES,5663
27775344,0001,1,FITPLACE ACADEMIA,08,20201019,20170519,MG,4075
32320330,0001,1,,08,20210419,20181227,MG,5387
29559055,0001,1,GYMM77,02,20180129,20180129,SP,6901
32323918,0001,1,IRON LIFT BRASIL,02,20181228,20181228,RJ,6001
32324564,0001,1,BIO ACTIVE ACADEMIA,02,20181228,20181228,PE,2573
32331632,0001,1,,02,20190102,20190102,PR,7691
32351222,0001,1,OVERALL GYM CLUB,02,20190104,20190104,SP,7089
26894827,0001,1,,08,20190107,20170118,PR,7691
26462891,0001,1,ACADEMIA OFFICINA DO CORPO,08,20190109,20161101,SP,2959
32391790,0001,1,EVOLVE ACADEMIA,02,20190109,20190109,SP,6689
32399394,0001,1,ALINHAR ESTUDIO DE PILATES,08,20220530,20190109,MT,9181
32402770,0001,1,ACADEMIA ALTA PERFORMANCE,04,20260528,20190110,MG,4123
32403279,0001,1,IMPERIO FIT,02,20190110,20190110,SP,6191
32403416,0001,1,LIDE OFICINA FITNESS,03,20250108,20190110,MG,4799
29308414,0001,1,CAROLINE DRIELI STUDIO DE PILATES,02,20171221,20171221,SP,6837
32415558,0001,1,KESSIA COSTA STUDIO FITNESS,02,20190111,20190111,MG,4993
30404658,0001,1,ACADEMIA FITNESS ANA CARVALHO,08,20220202,20180509,MG,4945
32422598,0001,1,CROSS LIFE CARMINE FEOLA,08,20201125,20190111,SP,6131
32429287,0001,1,,02,20190110,20190110,GO,9373
32437210,0001,1,FIRST CT,08,20240723,20190114,BA,3515
32451096,0001,1,AG TRAINING CENTER,02,20190115,20190115,SP,6681
07594978,0238,2,SMARTFIT,02,20190115,20190115,RJ,6001
07594978,0257,2,SMARTFIT,02,20190115,20190115,RJ,6001
07594978,0265,2,SMARTFIT,02,20190115,20190115,RJ,6001
32453221,0001,1,META BOX,02,20190115,20190115,PE,2531
32455095,0001,1,DANI LIMA PERSONAL,02,20190115,20190115,SP,6291
30870720,0001,1,,02,20180706,20180706,SP,6595
32374418,0001,1,FIT LIFE ACADEMIA,02,20190107,20190107,RN,1759
32466446,0001,1,CROSS ATALLAH,02,20190116,20190116,SP,6681
32476230,0001,1,,02,20190117,20190117,ES,5701
32481326,0001,1,AR FITNESS,08,20220214,20190117,SP,6969
32488511,0001,1,,08,20191017,20190117,SP,6291
07594978,0275,2,SMARTFIT,02,20190121,20190121,RJ,6001
32535860,0001,1,CLUBE DO TREINO,02,20190123,20190123,MA,0889
32551256,0001,1,OMEGA PERSONNAL TRAINER,02,20190124,20190124,MG,4141
32554151,0001,1,ACADEMIA ESPACO FITNESS SAO SIMAO,02,20190124,20190124,SP,7119
32556533,0001,1,,08,20250507,20190124,SP,7149
32556983,0001,1,BOX PLENUS FLORIPA,08,20241216,20190124,SC,8105
32567302,0001,1,ACADEMIA IMPERIO FITNESS,08,20220830,20190125,PB,0452
32574838,0001,1,ACADEMIA RITMO & FORCA,02,20190128,20190128,MG,5263
32575092,0001,1,ESPACO PILATES,02,20190128,20190128,SP,7075
32577325,0001,1,IMPACTO PUMP,08,20210315,20190128,SP,6491
32594086,0001,1,CROSS EXPERIENCE,08,20260212,20190129,SP,7099
32595609,0001,1,,02,20190129,20190129,SP,6929
32603693,0001,1,ACADEMIA RECRUTA,08,20220629,20190130,SP,6313
07594978,0282,2,SMARTFIT,02,20190130,20190130,RJ,0770
30562085,0002,2,,02,20210506,20190130,RN,1779
07594978,0297,2,SMARTFIT,02,20190130,20190130,RJ,5833
32610951,0001,1,MARAFON E BUENO,02,20190130,20190130,PR,7987
32615549,0001,1,,02,20190130,20190130,GO,9373
32617705,0001,1,,02,20190130,20190130,SP,6291
32618372,0001,1,,02,20190131,20190131,SP,7107
32641787,0001,1,XPLOUD FITNES ACADEMIA,04,20210423,20190201,PE,2559
32666555,0001,1,ACADEMIA UP,02,20190205,20190205,MG,4309
32670034,0001,1,OUTBOX TREINAMENTO FUNCIONAL,08,20260212,20190205,SP,6969
32672098,0001,1,ACADEMIA LIFE FITNESS,02,20190205,20190205,MA,0803
32681928,0001,1,EXTREMA ACADEMIA,02,20190206,20190206,MG,4903
32692700,0001,1,MASTER PHYSICU'S ACADEMIA E CLINICA DE FISIOTERAPIA,04,20220608,20190207,AL,2765
32693246,0001,1,GO SAUDE E PERFORMANCE,02,20190207,20190207,RS,8703
32693778,0001,1,ACADEMIA HALTERES POWER,02,20190207,20190207,AL,2885
32694883,0001,1,PILATES POR TIME FIT,08,20250721,20190207,SE,3105
32704672,0001,1,ROCHA FITNESS ACADEMIA,02,20190207,20190207,SP,6467
32706200,0001,1,GINASTICA .COM,08,20241126,20190208,BA,3661
32721310,0001,1,STUDIO S ACADEMIA,02,20190211,20190211,RJ,5859
32721703,0001,1,ACADEMIA BRUNO BLESSED,02,20190211,20190211,PA,0427
32725356,0001,1,,04,20220608,20190211,AL,2785
32726702,0001,1,SUMMER FITNESS,02,20190211,20190211,SP,6211
30405034,0001,1,MONICA CURY TREINAMENTO,02,20220705,20180509,TO,9733
32738108,0001,1,ACADEMIA CORPO E AGUA CAMPINAS,04,20260609,20190212,SP,6291
32739869,0001,1,SKULL BOX,02,20190212,20190212,SP,7107
32746404,0001,1,ACADEMIA E CT SPARTACUS,08,20210414,20190212,AL,2785
32746439,0001,1,,02,20190212,20190212,MG,5227
32751979,0001,1,CENTRO FISICO SOLEDADE,02,20211124,20190213,RS,8919
28860727,0001,1,,08,20190213,20171016,PR,7505
26343284,0001,1,ACADEMIA W N FITNESS,08,20200709,20161013,RN,1639
32778358,0001,1,DEORUS CF,04,20230929,20190215,SC,8327
32780205,0001,1,ACADEMIA COLISEU FITNESS,04,20260603,20190215,MG,4865
32782531,0001,1,PERFIL ACADEMIA,02,20220714,20190215,SP,7097
32782879,0001,1,HEALTH HOUSE GYM,02,20190215,20190215,SP,7057
32783592,0001,1,JP ESPACO E EMPREENDIMENTOS,02,20190215,20190215,MG,4529
32785215,0001,1,ESPACO MAITRI - YOGA E MEDITACAO,08,20260317,20190215,RS,8681
32607972,0001,1,NUTRIFIT ACADEMIA,02,20190130,20190130,TO,9311
32800752,0001,1,,08,20221020,20190218,SP,6289
26932646,0001,1,,08,20190218,20170123,PR,7885
32803605,0001,1,,02,20190218,20190218,PR,7701
32807130,0001,1,SOUL PILATES,08,20241025,20190218,PR,7493
32809213,0001,1,CITIUS ACADEMIA,08,20250224,20190218,ES,5703
32816307,0001,1,BOX PREMIUM TRAINING,04,20240830,20190219,SP,6477
32824996,0001,1,A E D ASSESSORIA ESPORTIVA,08,20200626,20190220,SP,7157
32825025,0001,1,,08,20220829,20181221,GO,9373
32827699,0001,1,CROSS DIAMOND,02,20220207,20190220,MS,9051
30250083,0001,1,CENTRO DE REABILITACAO NEUROFUNCIONAL HABILITAR,08,20221216,20180419,PR,7583
32832394,0001,1,,04,20220607,20190220,PR,7535
32832868,0001,1,HANGAR 18 FITNESS,08,20230920,20190220,BA,3415
32836758,0001,1,ENDORFINA 1000,08,20240123,20190220,PA,0571
32839825,0001,1,ACADEMIA CORPO SAUDAVEL,02,20190219,20190219,SP,7031
32842362,0001,1,ACADEMIA O OSVALDO,04,20210401,20190221,CE,1321
28188362,0001,1,,08,20190221,20170714,SP,7113
32871419,0001,1,ACADEMIA BOA FORMA,02,20210813,20190225,SP,6613
32877260,0001,1,UP FITNESS,02,20190225,20190225,PR,7907
32887692,0001,1,XPLOD ACADEMIA,02,20190226,20190226,PR,7563
32913942,0001,1,GR FIT,08,20210318,20190228,MG,4733
32921962,0001,1,,02,20190228,20190228,RS,8791
32926901,0001,1,LIFE STYLE,08,20190813,20190301,SP,7107
32927446,0001,1,GALPAO 77 CROSS TRAINING,04,20231030,20190301,GO,9373
32927631,0001,1,,08,20201027,20190301,MG,5403
32930718,0001,1,PERSONAL GROUP,02,20190301,20190301,MA,0921
29797023,0001,1,,04,20201103,20180227,SP,7107
32947685,0001,1,,08,20210222,20190306,SP,6689
32948177,0001,1,DANI PERSONAL,02,20190306,20190306,SC,8045
19852108,0004,2,,08,20220727,20190306,RS,8623
32952074,0001,1,NEW FORMS ACADEMIA EIRELI,02,20190307,20190307,GO,9373
32959895,0001,1,F I CENTRO DE TREINAMENTO,04,20240819,20190307,RJ,1116
32969936,0001,1,CF BOX GORILLA,08,20240216,20190308,SP,6969
24218482,0002,2,SAUDECOMOVIMENTO,08,20210602,20190308,DF,9701
32980101,0001,1,EMANUEL ACADEMIA,02,20190311,20190311,PA,0401
32983197,0001,1,,02,20190311,20190311,RS,8953
32989319,0001,1,MY BOX CRUZILIA,08,20211005,20190311,MG,4415
32996556,0001,1,MEL PSICOMOTRICIDADE,08,20250708,20190312,SC,8105
32997374,0001,1,,02,20250129,20190312,PR,7667
31552245,0001,1,CENTRO DE TREINAMENTO FISICO LOBOS,08,20190312,20180919,CE,1389
33012821,0001,1,SMART FIT,08,20190611,20190313,MA,0921
28690897,0001,1,DIOGO LASTA PERSONAL TRAINER,02,20170920,20170920,SC,8077
03409049,0002,2,UNIVERSO DO CORPO,08,20200623,20190314,PA,0535
33030820,0001,1,ARGUS ACADEMIA DE MUSCULACAO,08,20210517,20190314,BA,3293
33032735,0001,1,MOVE ACADEMIA,02,20231115,20190314,MT,9067
33033125,0001,1,UP FITNESS,04,20240819,20190314,PR,9979
33034283,0001,1,J FITNESS ACADEMIA,02,20210412,20190314,MT,9059
33036593,0001,1,,02,20190315,20190315,SP,6911
33047134,0001,1,ODISEA ACADEMIA,02,20190315,20190315,SC,8175
33054541,0001,1,ACADEMIA POR DO SOL,08,20220408,20190318,PB,2073
33057534,0001,1,,02,20230522,20190318,AL,2793
33058465,0001,1,,02,20190318,20190318,RS,8801
33060882,0001,1,STUDIO DE MUSCULACAO DANIELY VENA,02,20190318,20190318,MG,5307
33065661,0001,1,,08,20240925,20190317,PR,7505
33072085,0001,1,FULL BODY TREINAMENTO FUNCIONAL,02,20190319,20190319,SP,7057
33076439,0001,1,REVIGORA FITNESS ACADEMIA,02,20190319,20190319,SP,7057
33099233,0001,1,,08,20190809,20190321,RS,8801
26648925,0001,1,,08,20190322,20161202,PR,7649
33120396,0001,1,IRON FIT ACADEMIA,02,20190322,20190322,CE,1361
33129956,0001,1,,02,20190325,20190325,RS,8855
22902694,0058,2,,08,20240904,20190325,SP,7107
33135958,0001,1,OLE FUNCIONAL SOCCER,02,20190325,20190325,PR,7691
33136390,0001,1,A R ELABORANDO SAUDE,02,20190325,20190325,SP,6637
33143300,0001,1,INSTITUTO LUCINEIA HOLZ,02,20190326,20190326,ES,5725
28516604,0001,1,ADRIANO GYM,02,20170828,20170828,GO,9289
33149330,0001,1,VIVER DE PERSONAL TRAINER,08,20200811,20190326,PB,2051
33156398,0001,1,CMG SPORTS & WELLNESS,08,20211029,20190327,RJ,5897
33159536,0001,1,MEGAFIT SAUDE E BEM-ESTAR,02,20190327,20190327,MA,0803
33160371,0001,1,IFITNESS ACADEMIA,02,20190327,20190327,SP,7083
33169506,0001,1,POWER UP FITNESS CENTER,02,20190327,20190327,SP,6259
33172269,0001,1,ACADEMIA VIVA BEM MAIS,02,20190328,20190328,PR,7535
33173524,0001,1,CROSS TRAINING LIMA,02,20190328,20190328,SP,6371
33174990,0001,1,LANES FITNESS ACADEMIA,02,20190328,20190328,SP,6579
33187445,0001,1,ISAC ROCHA FUNCIONAL E FITNESS,02,20190329,20190329,DF,9701
07594978,0302,2,SMARTFIT,02,20190401,20190401,SP,7107
33205829,0001,1,EUGENIO FORTES ACADEMIA ININGA,08,20220331,20190401,PI,1219
33211978,0001,1,STUDIO ELU,02,20190401,20190401,PR,7513
33218957,0001,1,,08,20200827,20190402,BA,3685
27195739,0001,1,UP CENTRO DE TREINAMENTO,02,20170225,20170225,MT,8985
33223969,0001,1,THE LEGACY HEALTHY,02,20221229,20190402,RJ,5897
33228314,0001,1,CROSS LIFE INDEPENDENCIA,08,20220520,20190402,SP,7183
33229000,0001,1,BATMAN FIGHT TEAM,02,20190402,20190402,SC,8105
33232045,0001,1,CENTRO DE TREINAMENTO TEAM VEIGA,04,20260520,20190403,BA,3965
33237063,0001,1,,02,20190403,20190403,SP,7107
33239185,0001,1,,02,20190403,20190403,RS,8801
33239388,0001,1,STUDIO VIDA,08,20190422,20190403,DF,9701
33248815,0001,1,ACADEMIA MUAY THAI FIELD,08,20210929,20190404,SP,7107
33249906,0001,1,ESTUDIO DE MUSCULACAO BOA FORMA,02,20190404,20190404,PE,2611
33267167,0001,1,DCS - DEFENSE COMBAT SYSTEM,02,20190405,20190405,SP,6831
33281946,0001,1,GOLD FITNESS,02,20190408,20190408,RO,0023
33288797,0001,1,STUDIO RB,02,20190408,20190408,PE,2461
33294641,0001,1,WORLD FIT,08,20250127,20190409,GO,9371
33298836,0001,1,ACADEMIA METAMORFOSE,08,20191210,20190409,PE,2443
33303547,0001,1,THE HOUSE FIGHT FUNCIONAL,04,20210423,20190409,PB,2051
33307616,0001,1,,02,20190409,20190409,BA,3849
33309767,0001,1,D.AN FITNESS,02,20190410,20190410,BA,3413
33311190,0001,1,ACADEMIA CORPPUS FITNESS,04,20210426,20190410,AL,2809
33325550,0001,1,C DARK BULLS,08,20191129,20190411,RJ,5847
33328333,0001,1,CONEXAO CORPO E MOVIMENTO,08,20230626,20190411,MG,4435
33333403,0001,1,CENTRO DE TREINAMENTO FUNCIONAL,02,20211111,20190411,PR,7563
33343858,0001,1,ESPACO LAVIE SUMARE LTDA,02,20190412,20190412,SP,7149
33344068,0001,1,,08,20201210,20190412,PR,7565
33376947,0001,1,,02,20190416,20190416,SP,6681
33380762,0001,1,CROSS EXPERIENCE DR. JOAO ALVES,08,20221128,20190416,MG,4865
33384521,0001,1,G2 FITNESS ACADEMIA,08,20220105,20190417,PA,0595
33385688,0001,1,URBAN FITNESS,04,20210409,20190417,PI,1219
33386925,0001,1,STUDIO S,08,20221220,20190417,MT,9135
33391859,0001,1,CALAJ ESTUDIO PERSONALIZADO,02,20190417,20190417,SC,8143
33400841,0001,1,,02,20190418,20190418,CE,1389
33402123,0001,1,,08,20190726,20190418,SP,6969
33403962,0001,1,,02,20190418,20190418,RJ,5915
33404816,0001,1,MAX FIGHT ACADEMIA,02,20190418,20190418,SP,7107
33416358,0001,1,ACADEMIA THOR,02,20190422,20190422,SP,6361
33417374,0001,1,ATD FIT,02,20190422,20190422,RN,1779
33417589,0001,1,CROSS LIFE ROCHDALE,08,20230308,20190422,SP,6789
33419899,0001,1,CROSSFIT TRES BARRAS,02,20190422,20190422,ES,5663
33423764,0001,1,,02,20260612,20190422,SC,8039
33428559,0001,1,,02,20250716,20190423,PA,0427
33429315,0001,1,TROPA 97 CENTRO DE TREINAMENTO,02,20190423,20190423,AM,0273
33434962,0001,1,,02,20190423,20190423,SP,7107
33442472,0001,1,ACADEMIA VIGOR,02,20190424,20190424,BA,3573
21015803,0002,2,,08,20240607,20190424,SP,7245
31242866,0001,1,,02,20180815,20180815,RJ,5827
33452245,0001,1,TITANIUM ACADEMIA,08,20241029,20190424,RS,8841
33456301,0001,1,FUNCIONAL FIGHTER,08,20191007,20190425,SP,6189
33460028,0001,1,MILLY MEDEIROS PILATES E BEM ESTAR,02,20190425,20190425,BA,3515
33460705,0001,1,TUTTO PILATES,08,20220120,20190425,SP,7107
33038620,0001,1,M2 FITNES,04,20260515,20190315,CE,1527
33469426,0001,1,,02,20190426,20190426,SP,6875
33473654,0001,1,,08,20230901,20190426,GO,9373
33477353,0001,1,FITNES FIHT,04,20210419,20190426,MG,4733
08747433,0002,2,BIOFISIO,02,20190429,20190429,SP,7037
33492254,0001,1,GH FITNESS,02,20190430,20190430,TO,9253
33494149,0001,1,ACADEMIA SUPINO,04,20260519,20190430,SC,8179
29817713,0002,2,,08,20200518,20190430,RS,7295
32419564,0001,1,TOPFITNESS ASSESSORIA ESPORTIVA,02,20190111,20190111,CE,1515
33527322,0001,1,MACHADO'S CENTRO DE TREINAMENTO,02,20250527,20190504,RJ,6001
33532009,0001,1,,02,20190506,20190506,PR,7527
33534885,0001,1,STUDIO 17 PILATES,02,20190506,20190506,DF,9701
33536932,0001,1,BAHIA FITNES,04,20260520,20190506,BA,3597
33547427,0001,1,CROSSFIT KYOSEI,02,20240814,20190507,SP,6291
13410786,0003,2,FORMA ACADEMIA,02,20190507,20190507,MG,4245
33555300,0001,1,MARCELO ALMEIDA PERSONAL,02,20190507,20190507,MG,4123
33560110,0001,1,FOCO ACADEMIA,02,20241021,20190508,MT,9153
33571942,0001,1,CROSSFIT GRAVATAI,08,20221101,20190509,RS,8683
33579265,0001,1,UNION BOX,08,20201112,20190509,SP,7145
33579886,0001,1,ACADEMIA F5 FITNESS,02,20190509,20190509,PE,2419
33580405,0001,1,CROSS FITT ICARA,02,20210730,20190509,SC,8137
33589275,0001,1,PERSONAL STATION,02,20190510,20190510,PR,7691
33591129,0001,1,TRX CENTRO DE TREINAMENTO,08,20200122,20190510,SC,8327
32619574,0002,2,,02,20190510,20190510,MG,5427
33596724,0001,1,STUDIO GILIARD PRADO,08,20221215,20190513,GO,9379
32527114,0001,1,AEROFIT GYM,02,20190122,20190122,AL,2785
33599009,0001,1,STUDIO FUNCIONAL ESPORTES & LAZER,08,20240106,20190510,BA,3369
20059164,0002,2,LIVE ACADEMIA,08,20250327,20190513,AM,0255
33605857,0001,1,MAXFIT,02,20190513,20190513,SP,7075
29027102,0001,1,TOCA DO TREINO,04,20260521,20171108,MA,0921
33609234,0001,1,ACADEMIA CLIMEFF,02,20190514,20190514,MG,4939
33609312,0001,1,,02,20190514,20190514,SP,6213
33609685,0001,1,COACH ACADEMIA,08,20230112,20190514,DF,9701
33612184,0001,1,BOX LEME,04,20210324,20190514,SP,6635
33614866,0001,1,BOX BRAZIL FITNESS,02,20190514,20190514,SP,6717
31758306,0001,1,ACADEMIA TRANS FORMATION,08,20190515,20181015,SP,6935
33629095,0001,1,ACADEMIA POWER GWM,08,20230601,20190515,SP,6929
33635172,0001,1,,02,20190515,20190515,SC,8367
33563724,0001,1,GGR LACERDA MACEDO,02,20190508,20190508,PE,2321
33638922,0001,1,ONE FIT,04,20220607,20190516,GO,9595
29327292,0002,2,,04,20220607,20190516,CE,1389
33647241,0001,1,ELITTE ACADEMIA,02,20190516,20190516,MT,0131
33649595,0001,1,ACADEMIA LIFEFIT,08,20210601,20190517,MG,5385
33649623,0001,1,,08,20250930,20190517,GO,9373
33651556,0001,1,,02,20190517,20190517,DF,9701
33652586,0001,1,ACADEMIA FIT ONE,08,20190912,20190517,DF,9701
33667314,0001,1,PRIME ACADEMIA,08,20200527,20190520,SP,7223
33671778,0001,1,ARENA FUNCIONAL STUDIO THE,04,20231031,20190521,PI,1219
33675239,0001,1,ACADEMIA SP FITNESS,02,20190521,20190521,SC,8063
33680365,0001,1,CROSSFIT BLACKLIT,02,20190521,20190521,ES,5697
33682109,0001,1,TECFIT RIBEIRAO,02,20190521,20190521,SP,6969
33682157,0001,1,JOHAN FITNESS,02,20190521,20190521,BA,3363
33682609,0001,1,,02,20190521,20190521,MG,4733
33701625,0001,1,ACADEMIA INCORPORE FITNESS,08,20210115,20190522,CE,1303
26602646,0001,1,GOFIT ACADEMIA,02,20161124,20161124,PR,7805
33709967,0001,1,STUDIO CPBOX,02,20190523,20190523,SP,7099
33712074,0001,1,MAXIMU'S FIT ACADEMIA,02,20190523,20190523,MS,9085
33714343,0001,1,SAMPAIO FITNESS,02,20190523,20190523,SP,6563
33729665,0001,1,INVICTUS ACADEMIA,08,20210302,20190524,AP,0605
31249082,0001,1,BOX TRAINING,08,20200423,20180816,SP,6769
33736007,0001,1,STUDIO CORPUS,08,20240126,20190527,MG,4077
33736012,0001,1,FABIO BARBOSA DE MOURA CLINICA DE EDUCACAO FISICA,02,20190527,20190527,SP,7107
33740563,0001,1,SP FIT,04,20231107,20190527,SP,7107
33748920,0001,1,,02,20190528,20190528,SP,7221
33764786,0001,1,ARENA FUNCIONAL P 1,04,20220608,20190529,MA,0723
20480883,0002,2,GLADIUS,08,20200818,20190529,CE,0985
26526041,0001,1,,02,20161111,20161111,MG,4123
33771820,0001,1,ACADEMIA AFRODITE,04,20210401,20190530,GO,9595
33773024,0001,1,FISIOCROSS,02,20190530,20190530,RS,8863
33782291,0001,1,MATRIX,02,20260522,20190530,CE,1389
33791197,0001,1,ACADEMIA AMZ FIT TRAINING,08,20210305,20190531,AM,0255
33791259,0001,1,CIA DO CORPO,02,20190531,20190531,RN,1759
33799698,0001,1,ROBERTO FIT TRAING,04,20231031,20190601,PI,1219
33802748,0001,1,COMPLEX ESPORTES,02,20190603,20190603,RS,8761
33806160,0001,1,SPACE TATY PRO SAUDE CORPO E MENTE,02,20190603,20190603,MG,5225
33808385,0001,1,ARENA 360,08,20230724,20190603,PI,1219
33812709,0001,1,VILA FITNESS ACADEMIA,02,20190603,20190603,ES,5629
33817659,0001,1,CROSS EXPERIENCE PAMPULHA,08,20231214,20190604,MG,4123
33819165,0001,1,FEMINY ACADEMIA,02,20190604,20190604,PI,1159
33821777,0001,1,REDFIT,08,20211117,20190604,SP,7107
33822749,0001,1,ESPACO FITNNES SVM,02,20190604,20190604,MG,5305
33825521,0001,1,ACADEMIA GLOBAL ACQUAFIT,02,20190604,20190604,MG,4133
33834892,0001,1,CROSS EXPERIENCE BRASILIA DE MINAS,08,20250127,20190605,MG,4171
31351991,0001,1,STUDIO LUCAS LIMA,02,20180828,20180828,MG,5403
33837322,0001,1,CROSS TRAINING BELCHIOR,02,20190605,20190605,RO,0019
33839795,0001,1,BLACKTORO CENTRO FITNESS CF,02,20190605,20190605,SP,7243
33576030,0001,1,,08,20200623,20190509,MG,2691
33696059,0001,1,LIV90 ACADEMIA,02,20190522,20190522,MT,9151
33847590,0001,1,"UP ACADEMIA, CENTRO DE TREINAMENTO",08,20250919,20190606,BA,3413
33582201,0001,1,,08,20250929,20190510,RS,8619
27830849,0001,1,,08,20220113,20170526,RS,8931
33862924,0001,1,OXGYM ACADEMIA,02,20190607,20190607,SP,7145
33863836,0001,1,TOP FITNESS,02,20190607,20190607,RJ,6009
33882438,0001,1,,02,20190610,20190610,MG,4875
33887237,0001,1,ESPACO FITNESS ACADEMIA,02,20190611,20190611,RR,0305
33889558,0001,1,CTF CRISTIANO DUARTH,02,20190611,20190611,MA,0723
33890366,0001,1,ACADEMIA BLACK FIT,08,20220623,20190611,CE,1493
33894179,0001,1,ESPACO SAUDE MEDIFIT,02,20190611,20190611,PB,2207
33918344,0001,1,SENSE,08,20200212,20190613,SE,3105
33918402,0001,1,,08,20201019,20190613,RS,8771
33920175,0001,1,AUTOESTIMA SAUDE FITNESS,02,20190613,20190613,PA,0595
33924728,0001,1,ACADEMIA PRIME FITNESS,02,20210503,20190613,BA,3595
33936128,0001,1,,02,20190614,20190614,RS,8601
33936203,0001,1,,02,20190614,20190614,RS,8935
33957657,0001,1,CROSS TRAINING WOLF,04,20210223,20190618,AM,0255
33968023,0001,1,,02,20190618,20190618,SP,7107
33973258,0001,1,WOD SELF,02,20190619,20190619,PE,2531
33980187,0001,1,ACADEMIA SLIM FITNESS,02,20190619,20190619,RJ,5813
33981178,0001,1,POWER PET,02,20190619,20190619,RJ,6001
34006107,0001,1,TROIA FITNESS ACADEMIA,04,20210401,20190624,GO,9227
34006153,0001,1,ACADEMIA FORMA FISICA,02,20210331,20190624,RO,0003
34011555,0001,1,,08,20230825,20190624,GO,9373
34017141,0001,1,SUPERA CENTRO DE TREINAMENTO,04,20210303,20190625,RO,0003
17974904,0003,2,D'SENA ACADEMIA,02,20190625,20190625,RO,0003
34042215,0001,1,,02,20190626,20190626,SP,7079
34046371,0001,1,ACADEMIA OFICIAL FIT TAQUARALTO,02,20190627,20190627,TO,9733
34057985,0001,1,ESTUDIO PERSONAL OFICINA DO CORPO,08,20210713,20190628,DF,9701
34058840,0001,1,ISAQUE CAMPOS PERSONAL TRAINER,02,20190628,20190628,SP,7107
34061632,0001,1,CROSS SILVA ACADEMIA,04,20260603,20190628,MG,4733
34062524,0001,1,BLUEFIT SANTANA,02,20190628,20190628,SP,7107
34077706,0001,1,IRON GYM,02,20190701,20190701,MS,9131
34090405,0001,1,,02,20190702,20190702,RS,8577
34096186,0001,1,FISIO E PILATES JONATHAN ARAGAO,08,20200402,20190702,CE,1389
34099222,0001,1,PERSONA TRAINING STUDIO,08,20200619,20190703,PI,1211
34112802,0001,1,,02,20190101,20190101,SC,8047
34114531,0001,1,ACADEMIA ML SPORTFIT,02,20190704,20190704,PR,7535
34117794,0001,1,DEFINIDOS FITNESS,03,20260216,20190704,AP,0605
34133194,0001,1,ACADEMIA NEW FITNESS,04,20210423,20190705,RN,1779
34133425,0001,1,MOVE STYLE,04,20210310,20190705,ES,5699
34136510,0001,1,ACADEMIA MOV&MENT,02,20190706,20190706,BA,3415
34141461,0001,1,ESTACAO CROSS TRAINING,02,20190708,20190708,RJ,5895
34155172,0001,1,PRODIGIO ACADEMIA,02,20190709,20190709,BA,3939
34172110,0001,1,STAR FIT,02,20190710,20190710,GO,9221
22902694,0066,2,,02,20190711,20190711,SP,7107
34176327,0001,1,SIMETRIA DO CORPO,04,20210416,20190711,BA,3573
34177178,0001,1,ACADEMIA PRIME FIT,08,20210610,20190711,MG,4069
34182347,0001,1,MI6 ACADEMIA,08,20250131,20190711,MG,4719
34184145,0001,1,BEM ESTAR ESTUDIO DE PILATES,02,20190711,20190711,SC,8187
34185978,0001,1,UP CENTRO FISICO,02,20190711,20190711,DF,9701
34190361,0001,1,CROSS LIFE PARQUE PIQUERI,02,20190712,20190712,SP,7107
34196507,0001,1,ALPHA FITNESS,04,20240821,20190712,MG,0682
34196631,0001,1,META FITNESS ACADEMIA,02,20190712,20190712,RN,1779
27334137,0001,1,LUCIANO FREIRE,08,20190712,20170319,MG,4371
34228868,0001,1,STUDIO LOTUS,08,20200507,20190716,MT,9779
27627914,0001,1,ENERGY,08,20190716,20170501,SP,7121
34233806,0001,1,,04,20231114,20190717,MG,4029
34239646,0001,1,ACADEMIA SUPERACAO,02,20190717,20190717,MG,4923
34239788,0001,1,KARI GYM,02,20190717,20190717,CE,1385
34240392,0001,1,ESPACO VIVA BEM,02,20190717,20190717,PR,7927
34243108,0001,1,BODY EVOLUTION,08,20201005,20190717,SP,7135
34249899,0001,1,BOX DA PRAIA,08,20260401,20190718,SP,7121
30425352,0001,1,CORPO E SAUDE,08,20201215,20180510,MG,4919
34262108,0001,1,INSPIRE-SE STUDIO DE PILATES,02,20190719,20190719,SP,6477
34265651,0001,1,ACADEMIA OVER FIT,02,20190719,20190719,SP,6281
34266003,0001,1,ESTUDIO DE PILATES ALICE SILVA,02,20190719,20190719,SC,1192
34266555,0001,1,,08,20250627,20190719,PR,7927
34266735,0001,1,STUDIO HIDROCORPUS,08,20200813,20190719,GO,9625
28851040,0002,2,,02,20190722,20190722,AM,0255
34283009,0001,1,CDL ESTUDIO DE DANCA LUTAS E ARTES MARCIAIS,04,20220610,20190722,SP,6913
34295062,0001,1,ACADEMIA META FITNESS,04,20260521,20190723,PI,1107
34303923,0001,1,ACADEMIA MALHACAO,02,20190724,20190724,ES,5665
34304029,0001,1,FYVAN ACADEMIA,02,20190724,20190724,RO,0003
34304753,0001,1,ACADEMIA POWER HOUSE,04,20260520,20190724,BA,3741
34306388,0001,1,ALL LIMA ASSESSORIA ESPORTIVA,02,20190724,20190724,MG,4123
34308026,0001,1,C.O.S.U.,02,20190724,20190724,RJ,5807
34308341,0001,1,,08,20220801,20190724,SP,7107
30224325,0001,1,ACADEMIA HARMONIA FITNESS EIRELI,08,20230303,20180417,MT,9067
34317819,0001,1,STUDIO CORPO FITNESS,04,20260609,20190725,MS,9073
34318471,0001,1,RPG FABRICA DE RESULTADOS,04,20231116,20190725,SP,6861
34326228,0001,1,,04,20260603,20190725,SC,8357
34178175,0001,1,,02,20190711,20190711,SP,7107
34249311,0001,1,STUDIO S,02,20190718,20190718,SE,3111
34109539,0001,1,HEALTHY LIFE FITNESS ACADEMIA,02,20190703,20190703,PR,7563
34329546,0001,1,WIL'LFIT ACADEMIA,02,20190726,20190726,PA,0563
34335102,0001,1,ATIVIDADE BRASIL,02,20190726,20190726,SP,7181
34339454,0001,1,GS FITNES,08,20240528,20190726,BA,3845
34345946,0001,1,ACADEMIA TOP FITNESS,02,20190729,20190729,PE,2569
34350766,0001,1,SMED FIT ESPORTE & SAUDE,04,20260522,20190729,PR,9983
34352011,0001,1,2 CLUBE DE ATLETAS,04,20220608,20190729,RN,1761
34363637,0001,1,UAU FIT,08,20200310,20190730,MG,4123
34370230,0001,1,MB PERFORMANCE COACH,02,20190730,20190730,SP,7145
34386015,0001,1,IMPERIUM GYM ACADEMIA,08,20251209,20190731,PE,2361
34393530,0001,1,,08,20210521,20190801,SP,7145
34393873,0001,1,,02,20190801,20190801,SP,7107
21147028,0002,2,ACADEMIA GERACAO FITNESS UNID COLONIA OLIVEIRA MACHADO,02,20190801,20190801,AM,0255
34396577,0001,1,CORPUS,08,20210106,20190730,SC,8179
34400427,0001,1,ACADEMIA MAX POWER,04,20260528,20190801,MG,5403
34400726,0001,1,PILATES POLIANA FRANCA,02,20190801,20190801,SP,7107
29033987,0002,2,TF TREINAMENTO FUNCIONAL,08,20200515,20190725,GO,9459
27884131,0001,1,MOVING PILATES E SAUDE,02,20170602,20170602,SP,6979
34411720,0001,1,TEAM MOURA LTDA,02,20190802,20190802,MT,8985
34412493,0001,1,,08,20220314,20190802,PR,7935
34426178,0001,1,ACADEMIA YN FIT,02,20190805,20190805,RJ,6001
07594978,0339,2,,02,20190805,20190805,SP,7107
34430854,0001,1,DERMA FITNESS,02,20190805,20190805,SC,8175
34242493,0001,1,,02,20190717,20190717,MA,0937
34438595,0001,1,CROSS LIFE PROGRESSO,08,20240416,20190806,SP,6429
34441742,0001,1,,08,20230814,20190806,MG,4123
27751339,0001,1,GALPAO FITNESS - ROCKSTRIKE,08,20190807,20170517,DF,9701
34456119,0001,1,PILATES MILANE LIMA,08,20230213,20190807,GO,9373
31358474,0002,2,PROFIT FEMININA,08,20220324,20190807,MA,0727
34466865,0001,1,CONNECT PULSE BY BODY,08,20260430,20190808,PR,7483
34471485,0001,1,ESCULTURAL FIT ACADEMIA,04,20240821,20190808,RJ,5859
34484138,0001,1,GFIT ACADEMIA,02,20190809,20190809,PB,2051
34487642,0001,1,VILLA SPORTS ACADEMIA,02,20190809,20190809,SP,6291
34497462,0001,1,,08,20210430,20190812,SP,6789
34325343,0001,1,ROCA - EMPOWERING ATHLETES,02,20190725,20190725,SP,6229
34502984,0001,1,R4 FITNESS,02,20230112,20190812,SP,7183
26402112,0001,1,LIGIA CAMPOS,08,20190812,20161021,PB,2051
34524754,0001,1,IMPERIO FITNESS,08,20220114,20190813,MG,4133
34529950,0001,1,FISIOGESTAR,02,20190814,20190814,MG,4079
34538201,0001,1,CENTRO TIBA,02,20190814,20190814,SP,6131
34549005,0001,1,CF HALL,02,20190815,20190815,RJ,1116
34552345,0001,1,BOX TRAINING SAO JORGE,08,20221201,20190815,SP,7057
34241187,0001,1,,08,20211130,20190717,SC,8105
34560415,0001,1,STUDIODADANY,04,20240812,20190816,GO,9373
34562723,0001,1,TOP FITNESS,08,20240507,20190816,MT,9863
34563938,0001,1,DR KARYANE HELD,02,20190816,20190816,SC,8081
34565190,0001,1,CENTRO DE TREINAMENTO FORTE COMO UMA ROCHA,02,20190816,20190816,BA,3849
34577029,0001,1,NOVA ACADEMIA DA PRACA,02,20190819,20190819,BA,3685
34580310,0001,1,CORPORE FITNESS CENTER,02,20190819,20190819,MG,4919
34581386,0001,1,BODYLIFE ACADEMIA,02,20190819,20190819,MA,0731
34590584,0001,1,ACADEMIA IMAGEM,02,20190820,20190820,MG,4633
34593516,0001,1,,02,20190820,20190820,SP,6291
34602693,0001,1,ACADEMIA DESTAK FITNESS,04,20220125,20190820,PE,2521
34605995,0001,1,EXCEPCIONAL FIT SJT,02,20190821,20190821,AL,2867
34611153,0001,1,SERRA FIT ACADEMIA,08,20221011,20190821,PE,2577
34622089,0001,1,,02,20230111,20190822,MS,9055
34625476,0001,1,CROSS LIFE JARDIM MARILEA,08,20210625,20190822,RJ,2921
34626103,0001,1,STUDIO BEM ESTAR,08,20210817,20190822,SC,8175
34632847,0001,1,IMPERIO FITNESS,02,20250611,20190822,RN,1761
34634977,0001,1,NJ PILATES,02,20190822,20190822,MG,4767
34638563,0001,1,PRIORITYCROSS,02,20190823,20190823,TO,9519
34639176,0001,1,SPORT FITNESS,08,20201216,20190823,SP,7017
34642507,0001,1,ESTUDIO ESPORTIVO SUN BIKE,02,20190823,20190823,BA,3661
34647555,0001,1,,02,20190826,20190826,GO,9373
34648853,0001,1,METODO DIVA,02,20190826,20190826,RJ,6001
34653530,0001,1,CROSS EXPERIENCE BOA VISTA,02,20190826,20190826,RR,0301
34657455,0001,1,STUDIO R17,08,20200312,20190826,DF,9701
34657760,0001,1,ARDUOS PILATES & FUNCIONAL,02,20190826,20190826,SC,8311
34659804,0001,1,START TRAINING STRONG,02,20190824,20190824,PR,7769
34665974,0001,1,,08,20211126,20190827,SP,6563
34671975,0001,1,CENTRO DE TREINAMENTO CORPO E MENTE,04,20240823,20190827,MG,5137
34673746,0001,1,IMPACTUS ACADEMIA,08,20241011,20190827,MG,4553
34675063,0001,1,UP ACADEMIA,02,20190827,20190827,SP,7097
34675531,0001,1,CENTRO DE TREINAMENTO MEAZZA,08,20200609,20190827,SC,8379
34189891,0001,1,KRATOS ACADEMIA,04,20260520,20190711,BA,3355
34698349,0001,1,VOLL PILATES STUDIOS,02,20190829,20190829,PB,2051
34698817,0001,1,CT TONY THAI TOP TEAM,08,20251210,20190829,SP,7107
34707329,0001,1,PRO 3 ACADEMIA,02,20190829,20190829,SP,7107
34711852,0001,1,MOVIMENT ACADEMIA,02,20190830,20190830,SP,6529
34712204,0001,1,BORAAE ASSESSORIA ESPORTIVA,02,20190830,20190830,SC,8207
34718069,0001,1,CLINICA JK - FISIO PILATES,08,20220208,20190830,DF,9701
34735861,0001,1,,02,20190902,20190902,MS,9051
34743392,0001,1,DZ BOXING COACH,02,20190903,20190903,MG,5035
34748276,0001,1,IMPR ACADEMIA,08,20210331,20190903,SP,7107
34750551,0001,1,VOLL STUDIOS PASSO FUNDO,08,20260213,20190903,RS,8785
34755708,0001,1,STUDIO SHANTI,02,20190904,20190904,SP,7107
34758543,0001,1,GLADION ACADEMIA,04,20210330,20190904,MG,4595
34773815,0001,1,FOCO E ACAO,08,20250402,20190905,CE,1531
34780592,0001,1,FOR SHAPE ACADEMIA,02,20190904,20190904,SP,6131
34672979,0001,1,CARBON FIT ACADEMIA,02,20190827,20190827,PR,7937
34784311,0001,1,MATCH FIT,08,20200117,20190905,PE,2531
34791912,0001,1,,02,20210407,20190906,RJ,5833
34796200,0001,1,,02,20190908,20190908,PR,7691
34799232,0001,1,ACADEMIA FITNESS,02,20190909,20190909,PI,2275
34804634,0001,1,JF STUDIO,08,20220817,20190909,PB,1975
34806743,0001,1,CF 1530,02,20190909,20190909,PR,7777
34812984,0001,1,GFIT ACADEMIA,02,20240312,20190910,PI,1219
34815093,0001,1,T.O.R.Q - CT + FITNESS,02,20190910,20190910,RS,8801
34818605,0001,1,CT JO ANDREOLA,02,20190910,20190910,RS,8863
34819461,0001,1,ACADEMIA FOR LIVE,02,20190910,20190910,MG,5403
34823332,0001,1,VIDA ATIVA,02,20190910,20190910,SP,7065
34243617,0001,1,UP SAUDE E REABILITACAO,02,20190717,20190717,SP,6179
32171212,0001,1,STUDIO FIT ACADEMIA,02,20181204,20181204,PB,2051
34839389,0001,1,FORMA FITNESS ACADEMIA,02,20190911,20190911,RN,1611
34108475,0001,1,CROSS TRINITY,02,20190703,20190703,ES,5697
34851807,0001,1,ANDRE CANEZIN PERSONAL TRAINER,02,20260609,20190912,AP,0605
34863155,0001,1,STUDIO DE TREINAMENTO J R BEGALI,04,20260603,20190913,PR,7463
34866214,0001,1,"OLYMPIA CONSULTORIA, ASSESSORIA E GESTAO ESPORTIVA",02,20190913,20190913,RJ,6001
34867274,0001,1,CROSS NUTRITION BOX BOM CONSELHO - PE,08,20201111,20190913,PE,2341
31035503,0002,2,VELOCITY & KORE,02,20190916,20190916,RJ,6001
34885413,0001,1,CROSS EXPERIENCE CAMANDUCAIA,08,20211119,20190916,MG,4209
34900436,0001,1,THE WOMAN GYM VNC,02,20190917,20190917,SP,7107
34907296,0001,1,ACADEMIA KHORPUS,04,20240822,20190918,MA,0861
07594978,0358,2,,02,20190919,20190919,SP,7107
34925203,0001,1,ACADEMIA GREGOS FITNES,02,20190919,20190919,PA,0475
34927735,0001,1,AD FITNESS ACADEMIA,02,20190919,20190919,CE,1443
07594978,0360,2,,02,20190919,20190919,SP,7107
34940063,0001,1,DAYANE TRENTIN PERSONAL TRAINER,08,20240319,20190920,SP,7071
34949337,0001,1,SPARTA GYM FITNESS,04,20240822,20190920,PE,2357
34955165,0001,1,,08,20210525,20190923,ES,5615
34967618,0001,1,ATIVA FIT,02,20190924,20190924,AL,2877
34970422,0001,1,CROSS FIT STRONG RHINO,08,20241203,20190924,SC,8179
34976157,0001,1,ANDREA VILLALBA COSTA,08,20230726,20190924,DF,9701
34979737,0001,1,STUDIO URSULA POPOV,02,20240823,20190924,DF,9701
34986351,0001,1,OPCAO FITNESS ACADEMIA,02,20190925,20190925,SP,6825
34990537,0001,1,,02,20190925,20190925,RS,8839
34991640,0001,1,GROUFIT,02,20190925,20190925,MG,5403
34998844,0001,1,PLANET FITNESS,08,20230202,20190926,SP,6631
34999208,0001,1,STUDIO DE PILATES MARCIA SIMIONATO,04,20210419,20190926,SP,6361
35017766,0001,1,1MORETEAM,02,20190927,20190927,MG,5049
22902694,0074,2,,02,20190930,20190930,PE,2531
35041586,0001,1,ARENA 153,02,20191001,20191001,RJ,2921
35057725,0001,1,ACADEMIA CORPORE SANO,08,20240923,20191002,PA,0505
30932223,0001,1,STUDIO DE TREINAMENTO KENNEDY RIBEIRO,02,20240506,20180715,RJ,6001
35068455,0001,1,RW GYM,02,20191003,20191003,RJ,6001
35071630,0001,1,INOVE CLUB FITNESS,02,20191003,20191003,PE,2525
35072770,0001,1,,02,20191003,20191003,SP,7097
35079004,0001,1,,08,20251013,20191004,SP,7107
35082674,0001,1,ATLETICA ACADEMIA,02,20191004,20191004,MG,4305
35085258,0001,1,ATITUDE VIDA SAUDAVEL,02,20191004,20191004,RJ,5865
35086804,0001,1,,02,20191004,20191004,SP,6213
35087937,0001,1,K-GYM ACADEMIA,02,20191004,20191004,SP,7107
35088553,0001,1,INOVE FITNESS,02,20191004,20191004,PE,2503
34049717,0003,2,MARRA FIT,04,20231116,20191007,SP,7107
35097532,0001,1,ESTUDIO DE PILATES SAMAIRA BEHRENS LTDA,02,20191007,20191007,BA,3685
35097843,0001,1,,02,20191007,20191007,SP,6179
35098891,0001,1,ACADEMIA BOX NOVO MUNDO,08,20220408,20191007,SP,6639
35099101,0001,1,,02,20191007,20191007,RS,8591
35110198,0001,1,NEW FIT ACADEMIA,02,20191008,20191008,SP,7151
35111363,0001,1,ESPACO FITNESS,04,20210422,20191008,BA,3799
35134719,0001,1,LIFE FIT ACADEMIA,02,20191009,20191009,PA,0427
35136085,0001,1,,02,20191009,20191009,MG,4647
35137737,0001,1,FP2 SPORT FITNESS,02,20191009,20191009,RN,1651
35141577,0001,1,SBS,02,20250225,20191010,SP,7107
66454471,0004,2,ENERGIA CENTRO DE SAUDE E ATIVIDADES FISICAS,02,20191010,20191010,MG,4733
35145305,0001,1,BOX POWER,08,20230718,20191010,MG,5397
35146640,0001,1,STUDIO PERSONAL,08,20241004,20191010,SC,8375
35147473,0001,1,WORK FIT ACADEMIA,02,20191010,20191010,SP,7243
35151659,0001,1,,02,20191010,20191010,RS,8683
35152254,0001,1,,02,20250130,20191010,SP,6229
08353829,0005,2,ACUAS FITNESS,02,20191010,20191010,DF,9701
35156026,0001,1,,08,20240108,20191011,SP,6187
35156755,0001,1,AD 10,08,20211206,20191011,SP,6669
10199294,0002,2,INTENCE CROSS,08,20210705,20190822,RJ,5847
35160289,0001,1,PSIQUILIBRE,02,20191011,20191011,SP,6361
35177263,0001,1,STUDIO P. PILATES,02,20191014,20191014,SP,6291
35182214,0001,1,FAMILYFIT ACADEMIA,02,20191014,20191014,CE,1389
35182791,0001,1,OPEN FIT ACADEMIA,08,20241004,20191015,SP,6689
35183065,0001,1,WAY7 FITNESS,02,20260604,20191015,PE,2513
35189862,0001,1,FLAFITT CAMPOS,02,20191015,20191015,RJ,5819
35192051,0001,1,ESPACO BUNKER,02,20191015,20191015,RJ,5833
35192761,0001,1,DISCOVER MOVE DANCE,08,20250121,20191015,PR,7933
35194268,0001,1,MY BOX CAMPO LARGO,02,20191015,20191015,PR,7481
34786630,0001,1,TOTEM T.F.,02,20190906,20190906,SP,7071
35198633,0001,1,ACADEMIA COMPLEXO POWER SHOPPING,04,20260515,20191016,CE,1389
35210469,0001,1,FIT WORK,02,20191016,20191016,DF,9701
35108350,0002,2,ACADEMIA PERFORMANCE,04,20220608,20191017,PI,1135
35216044,0001,1,,04,20231113,20191017,RJ,5897
35217523,0001,1,CROSS LIFE VILA IPOJUCA,08,20200526,20191017,SP,7107
35220004,0001,1,CENTRAL FIT ACADEMIA,04,20220608,20191017,PI,1039
35221948,0001,1,,08,20250307,20191017,MG,4235
35231062,0001,1,ACADEMIA EVOLVE GYMBOX,02,20191018,20191018,GO,9571
30814657,0001,1,STUDIO FITNESS PRAIA CLUBE SAO FRANCISCO,08,20191018,20180628,RJ,5865
35238803,0001,1,FIT TRAINING ACADEMIA,02,20220215,20191018,CE,1559
35253023,0001,1,,02,20191021,20191021,PR,7503
35254034,0001,1,CROSS NUTRITION BOX NATAL,03,20240418,20191021,RN,1761
35254636,0001,1,CENTRO DE TREINAMENTO PERSONALIZADO TOTUS TUUS,02,20191021,20191021,MG,4211
35263786,0001,1,TTF STUDIO FITNESS,08,20220321,20191022,SC,8175
35271341,0001,1,STUDIO INTEGRADO MORMAII FITNESS CANOAS,02,20191022,20191022,RS,8589
29264186,0003,2,,08,20220105,20190409,MG,4123
22653153,0005,2,BESSER FITNESS CLUB,08,20200530,20190730,PR,7733
35280620,0001,1,FIT CLUB ACADEMIA,02,20191017,20191017,PR,7635
35281728,0001,1,AUGE DESENVOLVIMENTO,08,20210121,20191023,RJ,5867
35285807,0001,1,JN TRAINNING & FITNESS,02,20221226,20191023,GO,9795
35289881,0001,1,NN SPORTS,08,20210910,20191023,SP,7107
35306396,0001,1,JOSIVANIA FERNANDES PILATES E FISIOTERAPIA,02,20191025,20191025,PB,1957
35307935,0001,1,STUDIO PULSAR LIFE LTDA,02,20191025,20191025,SC,0916
35316064,0001,1,HDTRAINING,02,20191025,20191025,SP,7107
35334354,0001,1,ACADEMIA SUPERACAO,02,20191029,20191029,ES,5719
35335948,0001,1,VIP TRAINING,02,20191029,20191029,CE,1559
35336464,0001,1,OLYMPIQUE GYM,08,20220711,20191029,SC,5569
35336578,0001,1,CROSS LIFE JARDIM ESPERANCA,08,20200608,20191029,SP,6213
20874849,0002,2,ESPACO FITNESS AP SANTOS - ACADEMIA FEMININA,02,20210618,20191029,RJ,5803
35350469,0001,1,NEW FIT CLUB,02,20191030,20191030,MG,4733
35366196,0001,1,COPIADORA UNIVERSITARIA EXPRESSA PR,04,20221125,20191031,PE,2495
35375239,0001,1,,08,20210602,20191031,SP,7107
35378481,0001,1,ACADEMIA HARD LINE,02,20191101,20191101,SC,8367
35384418,0001,1,,02,20210405,20191101,MG,4365
35391277,0001,1,CENTRO DE TREINAMENTO FISICO LABFIT,04,20260521,20191103,MA,0921
35393935,0001,1,WW ACADEMIA,02,20240829,20191104,AL,2709
35395220,0001,1,,08,20230727,20191104,SP,6913
35396992,0001,1,LDM ESPORTES,02,20191104,20191104,MG,4123
35397741,0001,1,STUDIO MICHEL NASCIMENTO,04,20260529,20191104,AM,0255
35414795,0001,1,VITAL ACADEMIA,02,20191105,20191105,SP,6177
35419218,0001,1,CROSS LIFE COCAIA,04,20240814,20191105,SP,7107
04956072,0003,2,FISIOCENTER - ESTUDIO DE PILATES,08,20200608,20191106,ES,2929
35427948,0001,1,FRANCIELE STEDILLE PERSONAL TRAINING,02,20191106,20191106,SC,8083
35434753,0001,1,FGT FIGHT GEAR TEAM,02,20191106,20191106,AM,0255
07594978,0367,2,,02,20191107,20191107,SP,6291
35443800,0001,1,FOCO FITNESS,02,20191107,20191107,BA,3689
35465367,0001,1,BOX PONTA NEGRA,08,20220121,20191109,RN,1761
35470078,0001,1,ACADEMIA LIFE FITNESS,08,20201007,20191111,MG,5253
35471575,0001,1,ORDZATRAINER,02,20191111,20191111,PR,9983
35477558,0001,1,CHECK IN STUDIO,08,20230606,20191111,SP,7145
35480162,0001,1,TEOFILANDIA CROSS,02,20210611,20191111,BA,3929
35481819,0001,1,UP ACADEMIA,02,20191111,20191111,AC,0139
35489171,0001,1,PANDA CROSS,02,20191112,20191112,RJ,5847
35493404,0001,1,ACADEMIA DE PILATES,02,20220704,20191112,RJ,5869
35501987,0001,1,ORRA MEU,04,20240814,20191113,SP,7107
35512522,0001,1,ACADEMIA PHYSICUS,02,20191114,20191114,MG,5049
35513508,0001,1,ACADEMIA MASTER,04,20210303,20191114,MA,0921
35528126,0001,1,EVOLUTION COACH SOLUCOES INOVADORAS,02,20191115,20191115,MG,4079
35441908,0001,1,STUDIO MOVE TRAINING,02,20191107,20191107,PR,7745
35530175,0001,1,LINDINHAFITNESS,08,20260223,20191117,CE,1389
35532474,0001,1,ACADEMIA ALEALDADE,04,20240808,20191118,MS,9103
35535752,0001,1,X CROSS EXPERIENCE JUQUIA,02,20191118,20191118,SP,6623
35536256,0001,1,FAINA FIT ACADEMIA,02,20191118,20191118,BA,3873
35537755,0001,1,NAVI CENTRO DE TREINAMENTO,04,20231030,20191118,GO,9373
35550589,0001,1,AGUIA ASSESSORIA ESPORTIVA,08,20200123,20191119,SP,7107
35576830,0001,1,,02,20191121,20191121,SP,6967
35604780,0001,1,NORTH FIT ACADEMIA,08,20220302,20191125,PR,7929
34228362,0004,2,TECFIT FREI CANECA I,02,20191125,20191125,SP,7107
35611902,0001,1,,02,20191125,20191125,SP,6295
35630415,0001,1,ACADEMIA SCARLETT FITNESS & OHARA ENTRETENIMENTOS,04,20231107,20191127,RN,0422
35630757,0001,1,,08,20250327,20191127,TO,9733
35631702,0001,1,MOINHOS FITNESS,08,20210809,20191127,RS,8801
35633786,0001,1,NEW TOP POWER ACADEMIA,02,20191127,20191127,MG,4865
35636362,0001,1,Achievement Treinamento Funcional Especializado,08,20220126,20191127,PR,7535
35645870,0001,1,SM29 CROSS TRAINING,02,20191128,20191128,SP,6429
35646803,0001,1,STUDIO VELOCITY,02,20191128,20191128,MT,9067
35647041,0001,1,ACADEMIA R7,02,20191128,20191128,BA,1112
35658073,0001,1,EQUILIBRIO ACADEMIA,02,20191129,20191129,PR,7683
35659534,0001,1,L.A. BOX UP,08,20220125,20191128,PR,7927
35661426,0001,1,ESPACO FIT ACADEMIA,02,20210526,20191129,SP,2993
35670665,0001,1,ACADEMIA BEM ESTAR FITNESS,04,20240821,20191202,PB,2049
35672282,0001,1,ELO FIT,04,20240808,20191202,RJ,6001
35686280,0001,1,AFITNESS,02,20191203,20191203,SC,8105
35688827,0001,1,CASA DE ELO,02,20191203,20191203,PR,7535
24921465,0037,2,,02,20191204,20191204,SP,6361
35705523,0001,1,,02,20191204,20191204,SP,7145
35705811,0001,1,IAGUCHI RODRIGUES ONOFRIO,02,20191204,20191204,ES,5711
35710596,0001,1,AUGUSTOS ACADEMIA,04,20210219,20191205,PA,0539
35712960,0001,1,ACADEMIA GRECIA ARENA FITNESS,02,20191205,20191205,PE,2521
35722323,0001,1,CROSS VILSON CENTRO DE TREINAMENTO,02,20191206,20191206,BA,3965
35724284,0001,1,M FITNESS,08,20220531,20191206,BA,3541
35735818,0001,1,ANNA PRIGOL SAUDE E BEM ESTAR,08,20230720,20191209,MG,5403
35739732,0001,1,CORPORALLE ESTUDIO DE PILATES,02,20191209,20191209,RS,8781
35747346,0001,1,R3 ACADEMIA FITNESS,08,20210923,20191210,PB,2095
35754189,0001,1,STUDIO KEER PILATES E FISIOTERAPIA,02,20191210,20191210,SC,8179
26114047,0001,1,,08,20191210,20160906,SP,7107
26315322,0001,1,SEIVA,02,20161007,20161007,RS,8589
35696322,0001,1,VIBEFIT SAUDE E BEM ESTAR,02,20191204,20191204,RS,8861
35762367,0001,1,ACADEMIA CENTER FIT,02,20191211,20191211,GO,9541
35767569,0001,1,COIFMAN PILATES E FISIOTERAPIA,02,20191211,20191211,SP,7107
35767603,0001,1,ACQUA LIFE,02,20191211,20191211,PR,7535
35771291,0001,1,SNAP HEALTH CENTRO ESPORTIVO,02,20191212,20191212,RS,8599
35775077,0001,1,LA BELLE FITNES,02,20191212,20191212,PA,0447
35775745,0001,1,STUDIO PRO VIDA ATIVA,08,20220812,20191212,PE,2521
35777402,0001,1,JOINVILLE CROSS,02,20191212,20191212,SC,8179
35785334,0001,1,,08,20221202,20191213,RJ,6001
35785736,0001,1,GLADCROSS,02,20220603,20191213,RJ,5827
35788391,0001,1,YES FIT,02,20191213,20191213,MG,5403
35792972,0001,1,,02,20191216,20191216,PE,2531
35795138,0001,1,CLUB DO CORPO & BINTANG ROOFTOP,02,20191216,20191216,AL,2789
35798000,0001,1,ROYAL BOX CROSS,08,20250320,20191216,GO,9433
35809429,0001,1,ACADEMIA BODY FIT GYM,08,20250715,20191217,SP,6291
35819953,0001,1,BELLAFIT ACADEMIA FEMININA,02,20191218,20191218,BA,3803
35822905,0001,1,LIVE ACADEMIA,02,20191219,20191219,PB,1965
35829393,0001,1,ACADEMIA ART CORPO,02,20191219,20191219,BA,3849
35833336,0001,1,ESTETICA UNIDADE ZONA SUL,03,20211007,20191219,PR,7691
35855219,0001,1,TRIBO DO LOBO TREINO INTEGRADO,02,20191227,20191227,BA,3685
35855935,0001,1,CROSS EXPERIENCE SJ NEPOMUCENO,08,20230818,20191227,MG,5257
35856530,0001,1,ACADEMIA SMARTLIFE,02,20220722,20191227,BA,3849
28030067,0001,1,CT CICLO 21,04,20210323,20170622,RS,8801
07594978,0249,2,SMARTFIT,02,20190115,20190115,RJ,6001
08941091,0009,2,,08,20201228,20200102,PE,2457
07594978,0379,2,,02,20200102,20200102,SP,7107
31330730,0001,1,,08,20210607,20180824,SP,7145
35900772,0001,1,CONSULTORIA AS,02,20260212,20200106,DF,9701
35904047,0001,1,CENTRO DE TREINAMENTO VERONICA AMORIM,02,20200106,20200106,PR,7603
35905766,0001,1,,02,20200106,20200106,SP,6165
35913133,0001,1,UP FITNESS,02,20200107,20200107,AL,2789
35928469,0001,1,,08,20220708,20200108,SP,7097
35933486,0001,1,CLUBE DO MOVIMENTO,02,20200108,20200108,PE,2435
35938272,0001,1,BODYSTAR,02,20200108,20200108,SP,6157
35941580,0001,1,COMPLEXO H23 BEACH & CROSS ACADEMY,08,20230914,20200109,BA,3849
35947380,0001,1,,04,20220610,20200109,SP,6163
35948069,0001,1,ESPACO SOUL HAM,08,20201119,20200109,MG,4123
07594978,0381,2,,02,20200110,20200110,SP,7107
35960421,0001,1,STUDIO PROFIT,02,20200110,20200110,MG,5223
35964363,0001,1,MULTFIT TRAINING,04,20231116,20200110,SP,7099
35965643,0001,1,STUDIO INTEGRAR,02,20200110,20200110,MG,4049
35976178,0001,1,ENGENHARIA DO CORPO,02,20200113,20200113,RS,8589
35993819,0001,1,INSPIRE PILATES CAMILOPOLIS,02,20200114,20200114,SP,7057
35998617,0001,1,ACADEMIA ARENA FITNESS SARAPUI,02,20200114,20200114,SP,7123
36000039,0001,1,,02,20200114,20200114,SP,6477
36000650,0001,1,BIO FIT ACADEMIA,08,20200615,20200114,GO,9595
36002188,0001,1,,02,20200114,20200114,SP,6713
36025212,0001,1,ACADEMIA NEW CLUB,02,20200116,20200116,RS,8877
36028362,0001,1,TOP MAIS,04,20260526,20200116,RO,0007
35551198,0002,2,EXTREME STUDIO DE PILATES E BELLE CENTER,08,20220307,20200116,PR,7535
36034589,0001,1,VERITAS SENIOR,08,20200514,20200116,DF,9701
36042068,0001,1,ACADEMIA FISIOCORPUS,02,20200117,20200117,MG,0710
36056994,0001,1,FREE SHAPE,02,20200120,20200120,RN,1763
36067025,0001,1,LUZ E CONSCIENCIA,02,20200120,20200120,SE,3105
36071324,0001,1,FL PILATES,02,20200121,20200121,GO,9373
36072582,0001,1,ACADEMIA PERSONALIZADA TOP SHAPE,02,20200120,20200120,PR,7493
07594978,0385,2,,02,20200121,20200121,BA,3849
36082847,0001,1,ACADEMIA SUPERA,02,20200121,20200121,SP,7099
36088674,0001,1,STUDIO SALAZAR - TREINAMENTO FEMININO,02,20200122,20200122,PR,7563
20675910,0002,2,ACADEMIA IMPACTO II,02,20211104,20200122,PR,7745
36101661,0001,1,IRON STONE REABILITACAO E FITNES,08,20230227,20200122,SC,8089
36109648,0001,1,FIGHT CHAMP,02,20200123,20200123,RJ,5809
36109834,0001,1,AMPLA MOVIMENTO,02,20200123,20200123,RS,8801
36110281,0001,1,,02,20200123,20200123,PE,2531
36113910,0001,1,WT CROSS,08,20231221,20200123,ES,5681
36115445,0001,1,YES FITNESS,02,20200123,20200123,SC,8057
36115577,0001,1,CROSS LIFE AGUA FRIA,02,20200123,20200123,SP,7107
36121841,0001,1,ACADEMIA MEGAFITNESS,08,20220217,20200124,SP,6165
36123060,0001,1,,08,20200814,20200124,MG,4489
36125676,0001,1,EPIC STUDIO,08,20260106,20200124,MA,0921
36131010,0001,1,ORIGEM ACADEMIA,04,20240816,20200124,RS,8801
18648823,0002,2,K FIT CONVIVER,02,20200127,20200127,PI,1077
36138517,0001,1,STUDIO MOVIMENTO,08,20240920,20200127,TO,9311
36143274,0001,1,CROSS SENIOR,02,20200127,20200127,MG,5055
36153549,0001,1,FISIOTERAPIA KENIA PICONI,02,20200128,20200128,SP,7149
36156980,0001,1,ACADEMIA WIN,08,20220310,20200128,PR,7751
36178877,0001,1,ACADEMIA VIDA ATIVA,02,20200129,20200129,MT,9887
31707732,0002,2,ECROS GESTAO ESPORTIVA,08,20220818,20200115,SP,7107
36193051,0001,1,MP FIT PERSONAL,02,20200130,20200130,SP,7107
36198600,0001,1,ACADEMIA OX GYM,02,20200130,20200130,MG,4957
36198825,0001,1,W FIT ACADEMIA,02,20200130,20200130,SP,6615
35350643,0001,1,STUDIO VIP,08,20230601,20191030,SP,6873
36217522,0001,1,STUDIO CORPORE,02,20200201,20200201,RO,0677
36227995,0001,1,,02,20200203,20200203,PR,7667
36230406,0001,1,OXI COMPANY,08,20220630,20200203,RS,8577
36231345,0001,1,ACADEMIA MOTIVACAO,08,20250213,20200203,PB,2051
30985587,0001,1,RP TRAINER - TREINAMENTO PERSONALIZADO,04,20240808,20180720,RJ,6001
36238759,0001,1,BOX 13 CROSS TRAINING,02,20200204,20200204,GO,1058
36238844,0001,1,CROSS ZH,04,20260605,20200204,RS,8511
36242700,0001,1,"VITALIZAR - SAUDE, EDUCACAO E ATIVIDADE FISICA LTDA",02,20200204,20200204,RJ,5865
36246816,0001,1,BRUNO ESTEVES - NATACAO INFANTIL,02,20200204,20200204,DF,9701
36247189,0001,1,A.G.E ACADEMIA E FUNCIONAL,02,20200204,20200204,SP,6429
22902694,0085,2,,02,20200205,20200205,SP,6425
36263728,0001,1,GYM FIT CLUB,02,20200205,20200205,ES,5659
36282569,0001,1,PURE PILATES PARQUE SAO DOMINGOS,02,20200206,20200206,SP,7107
36283650,0001,1,,02,20200206,20200206,PR,7535
36284946,0001,1,ACADEMIA VITAL FITNESS,02,20200206,20200206,SC,8069
27798014,0001,1,PIERRO FIT,02,20170523,20170523,SP,7107
36296458,0001,1,FITCHALLENGE,08,20211125,20200207,MG,4123
18420333,0005,2,LIFE FIT ACADEMIA,08,20260105,20200207,MA,0202
36307418,0001,1,FITNESS CLUB GYM,08,20200306,20200210,PR,7667
36307888,0001,1,BOX ALVORADA,08,20210524,20200210,PR,7691
36331556,0001,1,BOX ANDRADE NEVES,08,20220124,20200211,SP,7057
19114888,0002,2,VIVA MELHOR,02,20200211,20200211,SC,8387
36342479,0001,1,STUDIO AMANDA MARQUES,02,20200212,20200212,SP,2961
36356691,0001,1,GHC ATIVIDADES DE CONDICIONAMENTO FISICO,04,20220607,20200213,CE,1389
36359513,0001,1,BOX ITAPIRA,08,20240618,20200213,SP,6553
34410164,0001,1,ACADEMIA RT FITNESS,02,20190802,20190802,PE,2323
36366915,0001,1,,02,20200213,20200213,BA,3833
36375606,0001,1,SAKAMOTO STUDIO DE PILATES,02,20200214,20200214,PR,7885
36376787,0001,1,,02,20200214,20200214,ES,5625
36391190,0001,1,JK FITNESS,08,20210722,20200217,BA,3659
36394036,0001,1,ACADEMIA MUNDO FITNESS,08,20220110,20200217,AL,2825
36395542,0001,1,ACQUA SAUDE,02,20200217,20200217,BA,3937
36410938,0001,1,CF. ZERO QUATRO OITO,02,20200218,20200218,SC,8113
36412707,0001,1,VIDA & FORMA,02,20200218,20200218,RS,8521
36421849,0001,1,VITTAFIT ACADEMIA,02,20200218,20200218,ES,5625
36424369,0001,1,M63 FITNESS,02,20200219,20200219,SC,8131
36427500,0001,1,ACADEMIA TOP BODY,04,20231101,20200219,DF,9701
36427762,0001,1,OCEAN BOX CROSS TRAINING,04,20220127,20200219,RJ,5865
36442786,0001,1,,08,20200604,20200220,SP,6163
36448471,0001,1,ACADEMIA CORPUS DE IEPE,08,20250318,20200221,SP,6499
36451266,0001,1,STAY CLEAN,02,20200221,20200221,SP,6969
36459457,0001,1,GATARIA FIT STORE,02,20200221,20200221,SP,7107
36194085,0001,1,FLOW INN ESTUDIO,02,20200130,20200130,PR,7535
36476246,0001,1,CROSSFITAQUA,02,20250325,20200226,SP,6563
36482055,0001,1,ACADEMIA EDY CROSS,02,20200227,20200227,RJ,5869
36495533,0001,1,ATHLETICA FITNESS,08,20210309,20200228,SC,8357
36495628,0001,1,,02,20200228,20200228,PR,7481
36517641,0001,1,RUBINI TRAINING,02,20200302,20200302,MG,4123
36517828,0001,1,CROWN VITORIA,04,20260515,20200302,ES,5705
36525139,0001,1,ACADEMIA DIMENSAO FITNESS,02,20200303,20200303,MG,5425
36540435,0001,1,,02,20200303,20200303,MG,4763
36543597,0001,1,,02,20200304,20200304,CE,1259
36551743,0001,1,BG MODA FITNESS,02,20200304,20200304,SP,7107
36551903,0001,1,VALERIA GAIO STUDIO DE PILATES E FISIOTERAPIA,02,20200304,20200304,PR,7657
36553488,0001,1,CROSS LIFE DUQUE DE CAXIAS SANTA MARIA,08,20231213,20200304,RS,8841
36556106,0001,1,WOW PILATES,08,20241031,20200304,PR,7769
36557449,0001,1,ACADEMIA PRATIQUE FITNESS,02,20200304,20200304,MG,4123
36566100,0001,1,MATRIX HARDCORE TRAINING,02,20200305,20200305,PA,0595
36567676,0001,1,PRO-GYM,02,20200305,20200305,RJ,5915
36573136,0001,1,INSTITUTO T-MOV REFERENCIA EM MOVIMENTO,02,20200305,20200305,SP,6589
36584735,0001,1,ESPACO FITNESS,02,20200306,20200306,PR,9915
36587281,0001,1,,08,20230502,20200306,SP,6131
36587499,0001,1,HN SAUDE,02,20200306,20200306,PR,7513
36590626,0001,1,ACADEMIA DE ARTES MARCIAIS LBM,02,20200306,20200306,PR,7781
36600261,0001,1,,02,20251128,20200309,SP,7107
36602075,0001,1,ELITE ACADEMIA,02,20200309,20200309,MG,5293
36614974,0001,1,ACADEMIA CLUB FIT,04,20220608,20200310,AL,2827
11461404,0002,2,ACADEMIA CULTUAR,04,20260515,20200310,SC,8161
36622237,0001,1,POWER FIT ACADEMIA,08,20230525,20200310,RJ,5901
36624345,0001,1,LMS CONDICIONAMENTO FISICO,08,20230622,20200310,SP,7107
36641002,0001,1,,02,20200311,20200311,SP,6323
36646764,0001,1,TOP NEW FITNESS,02,20200312,20200312,AL,2785
36647911,0001,1,NEW BODY FITNESS,02,20200312,20200312,CE,1429
36648268,0001,1,SOMALIA GALDINO FIT STUDENTS,08,20221202,20200312,RS,8599
26341094,0001,1,HPC SPORTS,02,20161013,20161013,SP,7107
36660681,0001,1,DUAL SPORT NUTRITION,02,20200312,20200312,MG,5027
36011970,0001,1,ACADEMIA XTREME GYM,04,20220610,20200115,SP,6291
36663894,0001,1,CENTRO DE TREINAMENTO FEMININO MONNICK DELPENHO,08,20210429,20200313,MG,4387
36672220,0001,1,CENTRAL FITNESS,02,20200313,20200313,SP,6653
36683776,0001,1,ACADEMIA FENIX,04,20220125,20200316,PE,2631
31149158,0002,2,ACADEMIA CORPO EM FORMA,08,20200914,20200317,BA,3559
36698175,0001,1,MI ESPACO SAUDE,02,20200317,20200317,SC,8333
07594978,0400,2,,02,20200319,20200319,SP,7107
36734542,0001,1,LIL FITNESS,02,20200320,20200320,BA,3511
36744223,0001,1,FORGIM ACADEMIA,02,20231031,20200321,RJ,2909
30523870,0001,1,,02,20180522,20180522,ES,5705
36839104,0001,1,CAMILA SOUZA CONSULTORIA FITNESS,02,20200401,20200401,RS,8771
36853379,0001,1,IRON BODY FITNESS,02,20230605,20200402,PI,1157
36858906,0001,1,ESTUDIO FUNCIONAL,02,20200403,20200403,MG,0660
36866428,0001,1,CORPO & ACAO,02,20230123,20200404,MA,0757
36896203,0001,1,F2 STUDIO ACADEMIA INTEGRADA,02,20200408,20200408,DF,9701
28817044,0001,1,STUDIO DE PILATES MICAELA RESTORI,08,20200408,20171008,MG,4123
30713588,0001,1,GOLDEN FITNESS ACADEMIA,04,20260605,20180615,DF,9701
33098828,0001,1,WONX CENTRO DE DESENVOLVIMENTO ESPORTIVO,02,20190321,20190321,SC,8367
36948536,0001,1,ALFA ACADEMIA,08,20221213,20200416,MG,4733
36955869,0001,1,PRO CONCEPT ESTUDIO DE TREINAMENTO FISICO FUNCIONAL,02,20200417,20200417,RJ,5865
36956454,0001,1,STUDIO GABRIELLE BELUSSI,02,20200417,20200417,SP,6847
27580025,0001,1,RAFATATICO,08,20200422,20170424,PE,2531
36987615,0001,1,STUDIO FORMULA FITNESS,02,20200423,20200423,MT,9177
37009343,0001,1,4 LIFE,04,20260529,20200427,GO,9373
32783297,0001,1,RK FIT,08,20200429,20190215,DF,9701
37032275,0001,1,ESPACO CAMILA COUTINHO,02,20200429,20200429,PR,7691
37053169,0001,1,SPARTANS FITNESS,08,20200722,20200504,MG,5091
26940283,0001,1,BELA FONTENELLE,08,20200504,20170124,BA,3599
37073056,0001,1,ACADEMIA AQUAZUL,08,20210531,20200506,PR,7563
37082413,0001,1,CROSS EXPERIENCE ALTEROSA,02,20200507,20200507,MG,4039
37110634,0001,1,PARAFUSO GYM,08,20220609,20200511,PR,7563
37122957,0001,1,DOCTORFIT JOINVILLE,02,20200512,20200512,SC,8179
37130699,0001,1,FUSION FITNESS,08,20250430,20200513,RN,1841
37132203,0001,1,WING,02,20200513,20200513,SP,6477
35224655,0001,1,MERAKI TREINAMENTO PERSONALIZADO,02,20191017,20191017,SC,8081
37149318,0001,1,PFIT CENTRO DE TREINAMENTO PERSONALIZADO,02,20200515,20200515,RS,8655
37151638,0001,1,,08,20200812,20200515,MG,4267
37163325,0001,1,MOZIONE STUDIO PERSONAL,02,20200518,20200518,SC,8315
37167664,0001,1,ACADEMIA OLIMPUS,02,20200518,20200518,BA,3909
37178715,0001,1,SINERGIA FISIOTERAPIA E PILATES,08,20230704,20200519,SP,7107
37185091,0001,1,IMPACTUS TG ACADEMIA,02,20200520,20200520,MG,4383
37191494,0001,1,ACADEMIA MAROMBA,08,20220825,20200520,AM,0255
37192540,0001,1,,02,20200520,20200520,MG,4089
37194772,0001,1,BOX CROSS MUTUCA,02,20200521,20200521,MG,4471
37198492,0001,1,,08,20220621,20200521,RS,8801
37209181,0001,1,,02,20260226,20200522,SP,6179
37222753,0001,1,ACADEMIA HD FITNESS,02,20200525,20200525,PR,7435
37231889,0001,1,ACADEMIA BOA FORMA,02,20240314,20200526,RS,8793
37246248,0001,1,BEM MAIS FITNESS,04,20260521,20200527,MA,0154
26874406,0001,1,LECORE ESTETICA E PILATES,08,20210128,20170116,MS,9051
37256221,0001,1,KISEKI CONDICIONAMENTO FISICO,08,20210601,20200528,SP,7107
37257325,0001,1,CROSSFIT BLUMENAU IV,02,20200528,20200528,SC,8047
37288691,0001,1,ACADEMIA CLUB MAROMBA,04,20231106,20200601,GO,9221
37312379,0001,1,TS PERSONAL,02,20200603,20200603,PA,0427
37312699,0001,1,APTUS ACADEMIA,02,20200603,20200603,SP,6905
07594978,0406,2,,02,20200604,20200604,RJ,6001
37336405,0001,1,M FITNESS ACADEMIA,08,20230726,20200605,SP,6223
37349631,0001,1,,08,20251215,20200608,SP,6373
31576938,0001,1,CT RAFAEL COSTA,02,20180921,20180921,SC,8309
30322920,0001,1,CROSSFIT NOVA ODESSA,02,20201029,20180427,SP,6769
37368648,0001,1,T.M.CRUZ PILATES,02,20200609,20200609,SP,7107
37376276,0001,1,TREINAMENTO FUNCIONAL ROBERTA MARTINS,02,20200610,20200610,GO,9221
37378175,0001,1,ACADEMIA VIP,02,20200610,20200610,PR,7433
37380064,0001,1,BRTR ASSESSORIA ESPORTIVA,02,20200610,20200610,SP,7047
22348738,0002,2,,02,20200610,20200610,RJ,5843
37382923,0001,1,VIDA FITNESS,02,20200610,20200610,SP,6569
22825407,0002,2,GYM CENTRO DE TREINAMENTO,08,20240823,20181101,RS,5941
37402528,0001,1,ELITE FITNESS,04,20260527,20200613,BA,3493
31571743,0001,1,ACADEMIA PERFORMANCE AP,02,20180921,20180921,AP,0615
37452865,0001,1,PROJETO ESPARTANOS ACADEMIA,02,20240828,20200618,MG,5343
37466363,0001,1,,02,20200619,20200619,CE,1487
37489108,0001,1,START FITNESS,02,20240514,20200622,PR,7887
37500549,0001,1,STUDIO VITTA,02,20200623,20200623,MG,4289
37510466,0001,1,,02,20200624,20200624,PR,7535
37513248,0001,1,ACADEMIA DRAGONS LAIR,02,20200624,20200624,MT,9095
37515815,0001,1,MAIS FIT,02,20200624,20200624,PA,0471
37523979,0001,1,START FIT ACADEMIA DE MUSCULACAO E GINASTICA,02,20200625,20200625,SP,6495
37529420,0001,1,STUDIO VITTALITY,02,20200625,20200625,RS,8955
37540799,0001,1,PANOBIANCO ACADEMIA,02,20200625,20200625,SP,7149
37544305,0001,1,AC FITNESS,02,20200626,20200626,RJ,6001
37552202,0001,1,FULLIFE TREINAMENTO FISICO,02,20200629,20200629,SP,6131
37570193,0001,1,CROSS EXPERIENCE SANTA RITA,04,20240819,20200630,MG,4553
27929457,0001,1,,08,20200630,20170608,SC,8179
37577498,0001,1,MUNDO FITNESS,02,20200701,20200701,RS,8703
37583607,0001,1,,02,20200701,20200701,DF,9701
37590045,0001,1,,08,20240508,20200702,SP,6637
37591528,0001,1,ACADEMIA BRAVO FITNESS,02,20250416,20200702,AM,9843
37601249,0001,1,CF95700,02,20200702,20200702,RS,8541
37605044,0001,1,,04,20231031,20200703,RJ,6001
37606023,0001,1,ACADEMIA OLYMPIC,02,20220831,20200703,PR,7535
37622013,0001,1,STUDIO FITNESS,02,20200706,20200706,SP,7107
37628366,0001,1,JUNIOR FITNESS,02,20200706,20200706,PA,0401
37657605,0001,1,,02,20200708,20200708,PR,7505
37669578,0001,1,CENTRO DE TREINAMENTO VIDATIVA,02,20200709,20200709,ES,5629
37675367,0001,1,ESTUDIO JL,02,20200709,20200709,SP,6639
37681288,0001,1,SCORPION,02,20200710,20200710,RJ,5869
37685132,0001,1,POWER FITNESS ACADEMIA,08,20210818,20200710,SP,7097
37699764,0001,1,HARMONIE PILATES,02,20200713,20200713,SP,7107
37713725,0001,1,ACADEMIA POWER GYM,02,20200713,20200713,SP,6295
37713945,0001,1,MY BOX ORIENTAL,02,20200714,20200714,SP,7057
37721386,0001,1,,02,20200714,20200714,SP,6789
34759967,0001,1,CORPUS ACADEMIA,02,20190903,20190903,GO,9459
31670033,0001,1,SPACO FITNESS,08,20201228,20181002,MG,5403
37729709,0001,1,LL FITNESS,02,20200715,20200715,PA,0535
37739181,0001,1,OPENPILATES,02,20200715,20200715,SP,6213
28856104,0001,1,CF CAICARA,08,20200716,20171016,SP,7121
37765652,0001,1,SENA SPORT CENTER,02,20200717,20200717,SP,7107
37768238,0001,1,,02,20200717,20200717,SP,7107
37769034,0001,1,STUDIO MARCUS SIQUEIRA PERFORMANCE,02,20200717,20200717,SP,7115
37779672,0001,1,,02,20240522,20200720,SP,6163
37798262,0001,1,ACADEMIA FIT CORPUS,08,20220324,20200721,GO,9509
37805854,0001,1,TRAINER FITNESS STUDIO,08,20260303,20200721,SC,8163
37817549,0001,1,4FIT,02,20200722,20200722,CE,1389
37829243,0001,1,CROSS LIFE MARACANA,08,20230116,20200723,SP,6921
37842869,0001,1,ATLETHICA ACADEMIA,02,20200724,20200724,MT,8979
37748528,0001,1,ACADEMIA IMPERIO FIT,02,20200716,20200716,RJ,5903
07536165,0002,2,STAR FITNESS,08,20230911,20170331,MG,5035
27623421,0001,1,,08,20190123,20170428,SP,6713
34791834,0001,1,TOTAL FIT,02,20190906,20190906,SP,6713
26754800,0001,1,ARAGAO FITNESS,04,20201029,20161222,BA,3573
29030713,0001,1,ELITE ACADEMIA,04,20210303,20171108,CE,1559
31187397,0001,1,CENTRO DE TREINAMENTO BODY FIT,02,20180813,20180813,SE,3135
35783206,0001,1,ARENA 22,04,20240821,20191213,RJ,2921
27915561,0001,1,RB FITNESS,08,20191024,20170607,MA,0877
30492986,0001,1,BOX - MARECHAL - CENTRO,08,20251128,20180518,PR,7683
26492746,0001,1,SUPERACAO C.E.E.M,08,20231221,20161107,RS,8685
31458559,0001,1,STUDIO ARTE & MOVIMENTO,02,20210816,20180910,PE,2521
28816952,0001,1,ELISA PERSONAL FIT,08,20190129,20171008,SP,7183
26934914,0001,1,,08,20190114,20170124,RS,8637
13396172,0003,2,,02,20190213,20190213,RS,8687
35460513,0001,1,,08,20230201,20191108,RS,8839
30159991,0001,1,,02,20180410,20180410,RS,8729
34848340,0001,1,LIFE STUDIO PILATES,02,20190912,20190912,MG,4371
37861018,0001,1,,02,20200727,20200727,RJ,6001
37867384,0001,1,,02,20200727,20200727,SP,7107
37882100,0001,1,APA PILATES E BEM ESTAR,02,20200728,20200728,SP,7107
37886823,0001,1,BOX ARENNA,02,20200728,20200728,SP,7029
37916585,0001,1,X PUMP FITNESS,02,20200730,20200730,PR,7791
37927156,0001,1,ARENA TRAINING,08,20240628,20200731,SC,8315
37932103,0001,1,MAIS VIVA,02,20200731,20200731,RJ,5901
37945139,0001,1,SFERA,02,20200803,20200803,RS,8801
37954920,0001,1,ACADEMIA FITPOWER,08,20240822,20200803,GO,9227
37959324,0001,1,,02,20200804,20200804,RS,8785
37960054,0001,1,FORT A FIT,02,20200804,20200804,SP,6873
37968624,0001,1,CENTER FIT ACADEMIA,08,20211104,20200804,MG,4413
37970187,0001,1,ACADEMIAARENA87,04,20240821,20200804,MG,5205
37975931,0001,1,STUDIO SANTOLLI,02,20200805,20200805,MG,5403
37981488,0001,1,BOX MATILHA,02,20200805,20200805,BA,3313
37812593,0001,1,POWER FIT ACADEMIA,02,20200722,20200722,PA,0535
37994950,0001,1,SOLUCAO FITNESS ACADEMIA,02,20200806,20200806,DF,9701
38000449,0001,1,ARENA SPORTS,02,20200806,20200806,SP,6271
38000735,0001,1,Z&B ATHLETIC,02,20200806,20200806,GO,1066
38006014,0001,1,ACADEMIA SPORT TRAINING,04,20260515,20200807,ES,5623
38014360,0001,1,,02,20200807,20200807,RS,8655
38020898,0001,1,CT LIMIT,02,20200808,20200808,MS,9075
38030628,0001,1,CENTRO DE HIDROGINASTICA E NATACAO,02,20200810,20200810,MT,9871
38041004,0001,1,MAXPOWER ACADEMIA,08,20220408,20200811,RN,1759
07594978,0411,2,,02,20200626,20200626,RJ,5833
38053780,0001,1,ARCAD CENTRO DE TREINAMENTO,02,20200811,20200811,MA,0805
38056240,0001,1,RECONECT HEALTH,08,20221014,20200812,MG,4903
38056856,0001,1,ARENA DO GIGANTE,02,20200812,20200812,MT,9035
38062135,0001,1,,02,20200812,20200812,MT,9059
38062500,0001,1,BOX ALPHACROSS,02,20200812,20200812,TO,9733
38063696,0001,1,A R F ARAUJO,02,20200812,20200812,PA,0471
38066768,0001,1,LIFE ACADEMIAS CENTER,02,20200812,20200812,PA,0535
38077588,0001,1,ACADEMIA BESTFIT,02,20200813,20200813,PE,2513
38079008,0001,1,,08,20240718,20200813,SP,7107
38090575,0001,1,FEMINE ACADEMIA,02,20200814,20200814,PA,0435
38093193,0001,1,HOLLYWOOD FIT,08,20201116,20200814,MG,4903
38095888,0001,1,VIVA CENTRO SAUDE E BEM ESTAR,02,20200814,20200814,PE,2531
38097020,0001,1,ACADEMIA DE GINASTICA ARTISTICA ELLEN PEREIRA,02,20200814,20200814,MG,5387
38097306,0001,1,STEEL FIT,08,20220718,20200814,RS,8841
38113498,0001,1,STUDIO I-MOTION PAMPULHA,08,20220502,20200817,MG,4123
38123148,0001,1,OLYMPIA ASSESSORIA ESPORTIVA,02,20200817,20200817,DF,9701
38126853,0001,1,WSP STUDIO FITNESS,02,20200818,20200818,MG,4123
38128408,0001,1,ACADEMIA ATLAS,08,20251203,20200818,ES,5625
38131177,0001,1,STUDIO LIFE PERSONALIZADO,02,20200818,20200818,ES,5677
38136769,0001,1,CHANGE S,02,20200818,20200818,SP,6291
38137163,0001,1,ACADEMIA VIDA ATIVA,02,20200818,20200818,TO,9649
38137504,0001,1,,08,20241113,20200818,SP,7145
38169148,0001,1,HEALX LIFE EXPERIENCE,02,20200820,20200820,RJ,6001
38169549,0001,1,STUDIO G 2,02,20200820,20200820,SC,8029
38175385,0001,1,,02,20200821,20200821,RJ,5877
38176548,0001,1,V-FORM,03,20250116,20200821,GO,9389
38177827,0001,1,LEO A PERSONAL TRAINING E E-COMERCE,04,20260527,20200821,DF,9701
38180525,0001,1,WL FITNESS,04,20220125,20200821,PE,2457
38182516,0001,1,,02,20200821,20200821,SP,6291
38184304,0001,1,RENATO MARQUES ACADEMIA,02,20200821,20200821,PI,1219
38195650,0001,1,START FIT,02,20220701,20200824,RJ,6001
38200588,0001,1,ACADEMIA TOP FIT,08,20250430,20200824,SP,6789
29783440,0001,1,ACADEMIA FITNESS WOMAN,08,20200825,20180226,GO,9221
31049952,0001,1,ACADEMIA GOLD GYM,08,20200824,20180727,SP,6189
38209889,0001,1,BOX ONE,02,20200825,20200825,MG,5369
38213177,0001,1,CENTER FITNESS HORTOLANDIA,02,20200825,20200825,SP,2951
38214923,0001,1,ATHLETICA Z FITNESS,02,20200825,20200825,AM,0255
38220246,0001,1,ACADEMIA FITNESS CENTER,02,20200825,20200825,AP,0617
38228087,0001,1,BRAVOS FITNESS,08,20210802,20200826,MG,4941
30949547,0001,1,,08,20250721,20180717,RJ,5873
38242180,0001,1,CORPUS ACADEMIA,08,20210824,20200827,PA,0575
38243866,0001,1,1PERSONAL,02,20200827,20200827,SP,7107
38244577,0001,1,,02,20200827,20200827,SP,6889
38247358,0001,1,BODYBUILDER,04,20220128,20200827,AP,0605
38249135,0001,1,REACAO GYM,08,20210412,20200827,SC,8045
38252236,0001,1,ACADEMIA ELITE FITNESS,02,20200827,20200827,MA,0757
38252387,0001,1,BLUE FIT CONCEICAO,02,20200827,20200827,SP,6789
38265659,0001,1,ACADEMIA FIT COMPANY,08,20240712,20200828,SP,6635
38266598,0001,1,CENTRO DE TREINAMENTO EDUARDO AGUILERA,02,20200828,20200828,MS,9107
38280605,0001,1,RICHARD ESVERZUTE,02,20200831,20200831,SC,8179
38285036,0001,1,ESPACO X FITNESS ACADEMIA,02,20220701,20200831,PI,1219
38293329,0001,1,ACADEMIA VIDA & SAUDE,08,20210615,20200901,CE,1257
38297843,0001,1,TL SPORTS,02,20200901,20200901,RJ,6001
38298512,0001,1,ESPACO 85 STUDIO DE PILATES,02,20220223,20200901,BA,3849
38301898,0001,1,ACADEMIA GAVIOES,02,20200901,20200901,DF,9701
38310125,0001,1,ACADEMIA KAIFITNESS,02,20200902,20200902,PE,2371
38311929,0001,1,,02,20200902,20200902,MG,5397
38319169,0001,1,ACADEMIA POWER EXTREM,02,20200902,20200902,PE,2471
38320830,0001,1,RODRIGO SOUSA - TREINAMENTO PERSONALIZADO,04,20240814,20200902,SP,7107
38323915,0001,1,BOX TTCROSS,08,20210617,20200902,PI,1219
38346909,0001,1,ONE CLUB,02,20200904,20200904,CE,1455
38377374,0001,1,FOCUS5,02,20200908,20200908,SP,7075
38382192,0001,1,CROSSCITY,08,20230104,20200909,SP,7157
38382921,0001,1,ACADEMIA FORCA FISICA,02,20241216,20200909,MG,4751
38385097,0001,1,CAJARI FIT ACADEMIA,08,20230621,20200909,MA,0747
38390199,0001,1,INVICTA FIT,04,20260527,20200909,DF,9701
36290861,0001,1,OHANA CLUBE,08,20210115,20200207,PE,2531
38402390,0001,1,,02,20200910,20200910,GO,9301
07326793,0002,2,ACQUA ITA,02,20200910,20200910,SC,8157
38404383,0001,1,IMPERIO FIT,02,20200910,20200910,AM,0969
38414612,0001,1,DEYSE LIMA STUDIO,02,20200910,20200910,PA,0415
38423367,0001,1,,02,20200911,20200911,MG,5413
38423381,0001,1,POWER FIT STUDIO POWER PLATE,02,20200911,20200911,GO,9373
38437070,0001,1,SPINE HEALTH,02,20200911,20200911,ES,5705
28828528,0001,1,IMPERIO ACADEMIA,02,20171010,20171010,PR,7477
38438690,0001,1,CT CORREA LEITE,08,20220726,20200914,MG,4281
38440209,0001,1,CALIFORNIA FITNESS,02,20200914,20200914,SE,3105
38441805,0001,1,FLORESCER SAUDE INTEGRAL,02,20200914,20200914,SP,7107
07594978,0420,2,,02,20200914,20200914,PR,7535
36566643,0002,2,ACADEMIA R6,02,20200914,20200914,PI,1159
38449159,0001,1,BRABUS CROSS TRAINING E FITNESS,02,20200914,20200914,SP,6689
38458225,0001,1,,02,20200915,20200915,SP,6905
22902694,0097,2,,02,20200915,20200915,PE,2531
38469683,0001,1,RT MACEDO PERSONAL SYSTEMS,02,20200915,20200915,BA,3901
38478575,0001,1,ACADEMIA BIOCORPUS,02,20260604,20200916,BA,3959
31536500,0001,1,,04,20260605,20180918,RS,8727
38485210,0001,1,ACADEMIA HOME FITNESS,02,20200916,20200916,SP,6501
38500426,0001,1,CROSS EXPERIENCE CASTANHEIRAS,02,20200917,20200917,MG,4553
38537922,0001,1,ACADEMIA IMPACTO FITNESS,08,20220928,20200918,PA,0483
10569411,0002,2,ACADEMIA IMPACTO,02,20210716,20200918,BA,3781
38561273,0001,1,,02,20200918,20200918,MG,4123
38594467,0001,1,ESPACO D C FITNESS,08,20250624,20200921,PI,0302
32764641,0001,1,,02,20190214,20190214,SP,7107
30060741,0001,1,C.T UNIVERSAL FIGHT ARTES MARCIAIS,02,20180328,20180328,RJ,5833
38636855,0001,1,KING GYM,02,20200922,20200922,CE,1453
38649691,0001,1,EQUILIBRIUM CLINICAL,02,20200922,20200922,ES,5699
38650429,0001,1,,02,20200922,20200922,PR,7935
38708831,0001,1,WODFIT TREINAMENTO PERSONALIZADO,02,20200923,20200923,MS,9051
38713751,0001,1,SPORT FITNESS ACADEMIA,02,20240911,20200923,RN,1761
38756316,0001,1,,02,20200923,20200923,SP,7107
26715121,0002,2,ACADEMIA SPORT LIFE,02,20200924,20200924,MA,0757
38903369,0001,1,VIGOR - SERVICOS,08,20210216,20200924,BA,3849
38903678,0001,1,ACADEMIA COLISEU,02,20200925,20200925,MA,0757
37817505,0001,1,INTENSE TREINAMENTO,02,20200722,20200722,RS,8729
38353240,0001,1,PERFORMANCE FIT,02,20200904,20200904,GO,1066
39145525,0001,1,ESPACO ELEVA SAUDE,08,20220330,20200928,CE,1527
39229132,0001,1,STUDIO MILLENIUM,02,20200929,20200929,BA,3595
07594978,0425,2,,02,20200930,20200930,CE,1389
39254520,0001,1,GYM FITNESS,08,20220731,20200930,BA,3849
10705745,0002,2,CROSS TRAINING SUL,08,20250226,20200930,RS,8955
39256498,0001,1,ESPECO FITNESS ACADEMIA,02,20200930,20200930,MG,4561
39269738,0001,1,RICARDO PINTO STUDIO PERSONAL,02,20201001,20201001,BA,3573
35716979,0001,1,ACADEMIA EQUILIBRIO,04,20240830,20191205,SP,6163
39283830,0001,1,BASE BEACH TENIS,02,20201002,20201002,PB,2051
39292218,0001,1,TOTAL FIT - ACADEMIA,02,20201002,20201002,SP,6687
39293628,0001,1,,08,20250728,20201002,MG,4903
39308735,0001,1,STUDIO DE PILATES,02,20201005,20201005,MG,5251
39315404,0001,1,TS ACADEMIA,02,20250812,20201005,PA,0427
35587951,0001,1,ACADEMIA EVOLVE GYMBOX,02,20191122,20191122,BA,1112
39321538,0001,1,VITAL FIT,02,20201006,20201006,SC,8105
39321953,0001,1,,02,20201006,20201006,RS,8669
21595549,0003,2,,02,20210415,20201006,MG,4595
39330916,0001,1,STUDIO PERSONALIZE TREINAMENTO FUNCIONAL,02,20251028,20201006,SE,3169
17472401,0002,2,OLIMPICOS CLINICA DE EXERCICIOS,08,20211221,20201006,MT,9907
39336928,0001,1,,02,20220207,20201007,SP,7233
39339435,0001,1,,08,20220704,20201007,SC,8311
38194640,0002,2,,08,20260210,20201007,SP,7213
33019394,0001,1,,02,20190313,20190313,PR,7885
39362924,0001,1,HR TRAINING,02,20201008,20201008,PB,2051
39364587,0001,1,MOVIMENTO ALINE VICENTE,02,20201008,20201008,SC,8161
39365091,0001,1,CROSS EXPERIENCE CAMBUQUIRA,02,20201008,20201008,MG,4213
28440357,0001,1,COACH FIT,08,20201008,20170817,SP,7107
39379127,0001,1,XPLOD CROSS TRAINING,02,20201009,20201009,SP,7097
39398398,0001,1,STUDIO TGP,08,20210723,20201013,SP,7079
29922123,0001,1,ACADEMY DANCE FITNESS,08,20201013,20180313,MG,4601
39401677,0001,1,MANSAO MAROMBA,08,20250717,20201013,SP,7057
39404455,0001,1,,02,20201013,20201013,SC,8349
39409504,0001,1,C M PILATES E FISIOTERAPIA,02,20201013,20201013,PA,0427
39412718,0001,1,ELETROPULSE,02,20201014,20201014,RS,8785
32142738,0001,1,HANGAR 360,02,20181130,20181130,SC,8055
39417596,0001,1,MY BOX SANTANA,02,20201014,20201014,ES,5625
39420879,0001,1,,02,20201014,20201014,ES,5629
04365422,0002,2,CORPORIUM ACADEMIA,02,20201014,20201014,PI,1297
39437400,0001,1,STUDIO FUNCIONAL WELLINGTON SENA,04,20231107,20201015,MA,0763
29366419,0001,1,ACADEMIA ARENA FITNESS,08,20220308,20180105,RR,0301
39459695,0001,1,ACADEMIA DUOFIT,02,20240813,20201017,PA,0533
39468354,0001,1,M F CROSS,02,20201019,20201019,RJ,5897
28784729,0002,2,,02,20201019,20201019,ES,5617
39481624,0001,1,STUDIO MR FITNESS,08,20210609,20201019,BA,3413
39485029,0001,1,H2O CROSSTREINNING,04,20260515,20201020,ES,5663
39504040,0001,1,,02,20201021,20201021,RS,8801
29626113,0001,1,CENCI FITNESS ACADEMIA,04,20201022,20180206,RS,8771
39519551,0001,1,BOX 027 ARIBIRI,08,20201111,20201022,ES,5703
39520621,0001,1,ACADEMIA OLYMPIA FITNESS E PERFORMANCE,02,20201022,20201022,AM,0255
39522036,0001,1,,02,20201022,20201022,SP,7225
39523775,0001,1,FISIOFITNESS VILA PERY,04,20240827,20201022,CE,1389
39523856,0001,1,ACADEMIA O2,02,20201022,20201022,RO,0981
39529972,0001,1,HOUSE BOX,02,20250114,20201022,RJ,2921
31207227,0001,1,ACADEMIA THE BROTHERS,02,20201118,20180814,AM,0255
30511222,0001,1,ACADEMIA ROSA CEREJA,08,20211006,20180521,SP,6477
30776077,0001,1,MS SPORTS,04,20201023,20180625,SP,6401
31227215,0001,1,ACADEMIA FERNANDA FITNESS,04,20201023,20180815,SP,7183
33191036,0001,1,,08,20201023,20190329,GO,9227
39537114,0001,1,I.N FORMA STUDIO DE CONDICIONAMENTO FISICO,02,20201023,20201023,RJ,5867
39544764,0001,1,,02,20241030,20201023,SP,7107
39558923,0001,1,TECFIT,08,20211130,20201026,BA,3849
39562138,0001,1,BODY O CLOCK,08,20220819,20201026,SP,7107
39563645,0001,1,DINAMUS ACADEMIA,08,20210111,20201026,BA,3993
39564131,0001,1,ACADEMIA ULTRA FIT,08,20240730,20201026,BA,3849
39566645,0001,1,SAUDE & VIDA PERSONAL TRAINER,02,20201026,20201026,MG,5413
31470212,0001,1,LILI FITT ACADEMIA,02,20220308,20180911,PI,1219
28926330,0001,1,STUDIO ATIVO TREINAMENTO PERSONALIZADO,02,20171024,20171024,SP,7245
39579473,0001,1,ACADEMIA FLY,08,20250324,20201027,RS,8801
39581819,0001,1,ESPACO FITNESS SAUDE E VIDA,08,20230321,20201027,RS,1012
39599460,0001,1,CROSS EXPERIENCE MARIA DA FE,02,20201028,20201028,MG,4797
26111792,0001,1,,02,20220114,20160729,PR,7535
28136293,0001,1,SEMENTE DO YOGA,04,20201029,20170707,BA,3573
39607772,0001,1,CROSS EXPERIENCE PORTEIRINHA,08,20241017,20201029,MG,5043
39613501,0001,1,STUDIO FORCE MOBILITY,02,20201029,20201029,SP,6219
39615239,0001,1,EVOX FITNESS AND HEALTH,02,20201029,20201029,SP,6155
39617536,0001,1,ACADEMIA BEL FIT,08,20250506,20201029,PA,0427
39616386,0001,1,ACADEMIA MIDGYM,02,20201029,20201029,PR,7535
39625285,0001,1,RAIA7,02,20201030,20201030,GO,9221
39629828,0001,1,ESPACO FITNESS ANA FLAVIA OLIVEIRA,02,20201030,20201030,MG,4159
25975568,0001,1,CRIS REICHERT,08,20180131,20160818,SC,0934
25983633,0001,1,RAPHAEL CHALHUB VELA,08,20180105,20160818,RJ,6001
26080178,0001,1,ACADEMIA BOA FORMA,08,20160920,20160901,MT,9789
27216912,0001,1,,08,20170306,20170303,SP,7107
28280924,0001,1,,08,20180116,20170727,MG,4123
26782852,0001,1,TOP FIT ACADEMIA,08,20171116,20170102,PB,2175
29084436,0001,1,CENTRO DE TREINAMENTO ECLIPSE ACADEMIA,08,20171121,20171116,PB,2151
39642300,0001,1,GORILLA FITNES CENTER,02,20201103,20201103,MA,0879
39653195,0001,1,HIIT20 ACLIMACAO,08,20231212,20201103,SP,7107
39657740,0001,1,STAR FITNESS ACADEMIA,02,20201103,20201103,CE,1449
39658193,0001,1,ALPHA GYM HEALTH CLUB,02,20250131,20201103,BA,3723
39659652,0001,1,,04,20260610,20201104,MG,4031
39661407,0001,1,GERBER ACADEMIA SJ,02,20201104,20201104,SC,8327
39663402,0001,1,EVO CENTRO DE TREINAMENTO,02,20201104,20201104,PA,0427
39667769,0001,1,STUDIO K FITNESS,04,20231114,20201104,PE,2457
39667855,0001,1,ESPACO LU BUDZIAK,02,20201104,20201104,RJ,5813
39709534,0001,1,UP FITNESS,08,20240909,20201109,PA,0535
39711812,0001,1,RACHEL ASSESSORIA ESPORTIVA,08,20210517,20201109,BA,3685
38374410,0001,1,LETICIA ALVES BARBOSA - EDUCADOR FITNESS,04,20231109,20200908,SP,7107
39722587,0001,1,,02,20201109,20201109,SP,7107
34834632,0001,1,SUPERA STUDIO FIT,08,20230412,20190911,DF,9701
29017727,0001,1,FIT TECH,02,20171107,20171107,MG,4069
38261563,0005,2,,08,20211130,20201110,PR,7535
39733500,0001,1,ACADEMIA CALIFORNIA SUNRISE FITNESS,02,20201110,20201110,SC,8179
39742578,0001,1,TEAM MASCARENHAS CONSULTORIA ESPORTIVA,04,20240813,20201111,RJ,6001
39748457,0001,1,HD STUDIO,02,20201111,20201111,MG,5049
39805314,0001,1,SENSITIVE SAUDE INTEGRATIVA,08,20230504,20201117,PB,1981
39808911,0001,1,,02,20201117,20201117,MG,4625
39812954,0001,1,STUDIO PILATES SONIA TERUYA,02,20201117,20201117,MG,5035
39818629,0001,1,ANELISE CUNHA ESCOLA DE GR,08,20210729,20201117,SC,8045
39823846,0001,1,ESPACO CORPORE SANO,08,20240109,20201118,BA,3575
39827429,0001,1,CF VILA,02,20201118,20201118,SP,7071
39831084,0001,1,ELITE ACADEMIA,02,20201118,20201118,MG,4747
39834199,0001,1,CROSS EXPERIENCE ESTRELA,08,20260324,20201118,MG,5413
39844759,0001,1,ACADEMIA PALLET GYM,08,20250714,20201119,SP,7107
39853880,0001,1,JOICE STUDIO DE PILATES E REABILITACAO,02,20201120,20201120,SP,7097
39857203,0001,1,ACADEMIA FIC FIT,02,20201120,20201120,MG,5035
39874456,0001,1,MORE BALANCE,02,20201123,20201123,RS,8801
26371305,0001,1,ULISSES HORTIFRUTI,04,20260601,20161018,SP,7121
39880415,0001,1,VIKINGS CROSS,08,20240222,20201123,AL,2785
39880929,0001,1,FIT GARAGE,08,20230118,20201123,SP,7191
17231053,0002,2,ACADEMIA VIVER BEM,08,20211228,20201124,PE,2421
39893475,0001,1,NEW FIT ACADEMIA,02,20201124,20201124,BA,3849
39905340,0001,1,ACADEMIA VIP,08,20251229,20201125,MG,5047
39909468,0001,1,CTF - CENTRO DE TREINAMENTO FUNCIONAL,02,20201125,20201125,SP,6741
39915214,0001,1,LIRA FITNESS,02,20201125,20201125,SP,6603
39923324,0001,1,EVOLVE GYMBOX,02,20201126,20201126,DF,9701
39935729,0001,1,,02,20201127,20201127,MG,4903
39938433,0001,1,PAULA KIM,02,20201127,20201127,SP,2965
39942897,0001,1,,02,20201127,20201127,RJ,5821
39954323,0001,1,SMART FIGHT,02,20201130,20201130,CE,1429
39968543,0001,1,ACADEMIA ECT RODOLFO BUDA,02,20201201,20201201,RJ,5803
39973514,0001,1,STUDIO OPEN,08,20260609,20201201,RJ,5877
39980264,0001,1,TULIO TURISMO E BEM-ESTAR,04,20260603,20201201,MG,4133
39980445,0001,1,ESTUDIO DE PILATES TALITA BASTOS,02,20201201,20201201,RS,8791
39983905,0001,1,NEXUS ACADEMIA,02,20201202,20201202,MG,5403
39993776,0001,1,ACADEMIA POWER FITNESS,08,20230418,20201202,GO,9749
39998803,0001,1,,02,20201203,20201203,PR,7535
40007736,0001,1,SHAPE FITNESS,02,20240917,20201203,RS,8791
40013685,0001,1,GYM III,02,20201204,20201204,MS,9073
40014985,0001,1,NEW FIT ACADEMIA,02,20201204,20201204,CE,1455
40015485,0001,1,,02,20201204,20201204,SP,7107
40018625,0001,1,ACADEMIA REDE SPORT,02,20201204,20201204,SP,7107
39432106,0002,2,FILIAL SHOPPING GOLDEN,02,20201204,20201204,SP,7075
40022696,0001,1,PLUS LIFE FOR LIVE,04,20240814,20201204,SP,7107
39797332,0001,1,ESTUDIO GAROTA FIT,02,20201116,20201116,SP,6371
40035868,0001,1,SS PUNTUFISIO,02,20201207,20201207,SP,7077
40049562,0001,1,,08,20250403,20201208,CE,1389
40050040,0001,1,ESPACO GREEN,02,20201208,20201208,SC,8105
40051135,0001,1,,02,20201208,20201208,RS,8599
40065517,0001,1,CENTRO DE TREINAMENTO FUNCIONAL CROSS FORCE,08,20211118,20201209,SP,6689
40078432,0001,1,YELLOWBOX.BR,08,20230123,20201210,SP,6619
32633126,0001,1,CENTRO DE TREINAMENTO SOUZA RODRIGUES,08,20201211,20190201,ES,5705
32519596,0001,1,STUDIO ALPHA,02,20190122,20190122,CE,1527
40102163,0001,1,SISTEMA BRUTO S.B,02,20220805,20201214,MG,4133
40103282,0001,1,G7 FIT,04,20240814,20201214,AL,2827
40113668,0001,1,STUDIO ACTION MOVE,04,20220607,20201215,CE,1447
40121623,0001,1,DUROSSI ACADEMIA,02,20201215,20201215,PR,7853
40122591,0001,1,STUDIO VELOCITY,02,20201215,20201215,SP,6619
40127368,0001,1,ANA STUDIO DE PILATES,04,20220608,20201216,AC,0139
34178895,0001,1,STAR FITNESS ACADEMIA,02,20190711,20190711,SP,7107
40141744,0001,1,,02,20201217,20201217,SP,6669
40142216,0001,1,EQUILIBRIUM,08,20210315,20201217,SP,6213
29227267,0001,1,JANAINA PAIVA,08,20201218,20171207,MG,4141
40151903,0001,1,RENEW SAUDE,02,20201218,20201218,RO,0013
40154880,0001,1,TOP GYM ITAPARICA,02,20260522,20201218,ES,5703
40158948,0001,1,KELVIN CHAVES PERSONAL TRAINER,08,20231004,20201218,SP,7107
40159678,0001,1,,02,20201218,20201218,RJ,5877
40162605,0001,1,ARENA FITNESS,02,20201219,20201219,RO,0035
40177108,0001,1,SATTWA STUDIO DE YOGA,02,20201222,20201222,MG,4133
40182282,0001,1,SMART FIT,02,20201222,20201222,RJ,2921
40184573,0001,1,UP BEACH CENTER,02,20201222,20201222,PR,7667
40186594,0001,1,OLYMPO FITNESS,02,20201223,20201223,BA,3991
24921465,0049,2,,02,20201223,20201223,MG,5403
27385909,0001,1,ACADEMIA 4MOVE LTDA.,08,20201228,20170324,SP,7107
38819674,0001,1,,02,20200924,20200924,MG,4267
40218916,0001,1,CLICIA CUNHA STUDIO DE TREINAMENTO FUNCIONAL,08,20240320,20201229,PA,0425
40220876,0001,1,,02,20201230,20201230,SP,7107
30431549,0001,1,BOX TAUBATE,02,20180511,20180511,SP,7183
31495947,0001,1,CT FIGHT SHARK TEAM,02,20180913,20180913,PE,2457
40259030,0001,1,CARLA CAITANO - ESPORTE E MOVIMENTO,02,20210105,20210105,SP,6875
40262192,0001,1,ANDRE FITNESS,02,20240322,20210105,BA,3721
40275065,0001,1,CTR,02,20210106,20210106,BA,3397
40283232,0001,1,COKOTA FITNESS SUPLEMENTOS E ARTIGOS ES,02,20210106,20210106,RJ,5911
40289325,0001,1,ACADEMIA PRATIQUE FITNESS,02,20210107,20210107,MG,4123
40289360,0001,1,ACADEMIA CLUB FITNESS,02,20210107,20210107,PB,1979
40315748,0001,1,,02,20210108,20210108,RS,8683
40331022,0001,1,ACADEMIA POWER FIT,02,20210111,20210111,PB,2053
40338318,0001,1,,02,20210111,20210111,RJ,5805
40340300,0001,1,TEMPLO GYM,08,20240712,20210111,MG,4981
40351166,0001,1,MOVIKIDS ESPACO DE MOVIMENTO INFANTOJUVENIL,02,20210112,20210112,MG,5049
40370255,0001,1,,02,20210113,20210113,RJ,6001
40373072,0001,1,CAROLINA GIATI STUDIO DE DANCA E FITNESS,02,20210113,20210113,MG,4939
40374004,0001,1,TOP FIT ACADEMIA,08,20210505,20210113,PI,1219
40383196,0001,1,BENFAZER,02,20210113,20210113,ES,5705
40388914,0001,1,BODY CULTURE,02,20210114,20210114,MS,9125
40391073,0001,1,,02,20210114,20210114,PR,7465
40394080,0001,1,ACADEMIA VO2,02,20210114,20210114,MG,5249
30494517,0001,1,CROSS LIFE VILA MEDEIROS,08,20241107,20180518,SP,7107
40408768,0001,1,STUDIO UP FITNESS,02,20210115,20210115,MG,4123
40409761,0001,1,ACADEMIA GALPAO X,02,20240304,20210115,PE,2357
40410800,0001,1,GALILEU FIT ACADEMIA,08,20210929,20210115,PE,2457
40411120,0001,1,,08,20260513,20210115,MS,9051
40411509,0001,1,,08,20210630,20210115,PR,7563
40413315,0001,1,STUDIO BRASIL,02,20260609,20210115,BA,3987
37544362,0001,1,ACADEMIA NOVA ATTITUDE,02,20200626,20200626,SC,8327
40429457,0001,1,,02,20210117,20210117,DF,9701
31261864,0002,2,ACADEMIA SAUDE E MOVIMENTO,02,20210118,20210118,SP,6553
40447354,0001,1,GYM SUPLEMENTOS,02,20210118,20210118,SC,8067
40447877,0001,1,ACADEMIA STAR POWER LTDA,02,20210118,20210118,SE,3105
40452512,0001,1,REC 7,02,20210119,20210119,CE,1447
40455402,0001,1,ATLANTIS ACADEMIA,02,20210119,20210119,MT,9741
39504898,0001,1,BELAQUA NATACAO,02,20201021,20201021,SP,6969
40460155,0001,1,BOX T2B,02,20210119,20210119,AL,2785
40460168,0001,1,,02,20210119,20210119,GO,9431
37703521,0001,1,ACQUA ATIVA,04,20240816,20200713,SC,8077
40473546,0001,1,,02,20210120,20210120,SP,6689
40475863,0001,1,ESPACO SARA,02,20210120,20210120,SP,7107
40477304,0001,1,ACADEMIA PREMIER FITNESS,02,20210120,20210120,BA,3327
40479391,0001,1,INVICTUS ACADEMIA,02,20210120,20210120,PA,0561
40488166,0001,1,TEAM CORREIA,02,20210120,20210120,PB,2051
40503434,0001,1,,02,20210121,20210121,SP,7099
40504826,0001,1,N2 TRAINER,08,20260416,20210121,GO,9227
40504836,0001,1,IRON FIST GYM,02,20210121,20210121,SC,8267
40506504,0001,1,IRON HOUSE,02,20210121,20210121,SP,6811
39520533,0001,1,ALL FITNESS,02,20201022,20201022,SP,6969
40525782,0001,1,STEICY FITNESS,02,20250502,20210122,SE,3105
40551174,0001,1,BOX21,02,20210125,20210125,RS,8839
31021894,0001,1,STUDIO KINESIS,08,20210125,20180724,RJ,5803
38261563,0022,2,,08,20211130,20201214,SP,7107
40559036,0001,1,ALVO FIT ACADEMIA,02,20210126,20210126,SP,6377
40590379,0001,1,ESTUDIO DE PILATES E FISIOTERAPIA FERNANDA AGUSTINI,02,20210127,20210127,SC,8083
40590616,0001,1,ACADEMIA GUIMARAES TEAM,02,20210127,20210127,GO,9221
40594138,0001,1,,02,20210127,20210127,ES,5701
40599906,0001,1,STUDIO PILATES THAIS COUTO,08,20210428,20210128,MG,5039
40601661,0001,1,,08,20250312,20210128,SP,6681
35679954,0001,1,REAL GYM CONDICIONAMENTO FISICO,04,20210318,20191202,SC,8327
40614910,0001,1,,02,20210128,20210128,RS,8801
40615918,0001,1,DELTA LIFE ACADEMIA,02,20210128,20210128,SP,7107
40630633,0001,1,TW ACADEMIA,02,20240905,20210129,SP,6477
40631000,0001,1,STUDIO CARLOS HENRIQUE,02,20210129,20210129,RN,1779
26251533,0001,1,,08,20210201,20160927,SP,6219
35785347,0001,1,,02,20191213,20191213,ES,5705
40651678,0001,1,EXTREME STUDIO PERSONALIZADO,02,20210201,20210201,SP,7109
40651901,0001,1,BOX FIT&LIFE,04,20260515,20210201,CE,1389
40657268,0001,1,FAM - FORCA - AUTONOMIA - MOVIMENTO,02,20240109,20210201,AL,2785
40677277,0001,1,STUDIO CORPUS FITNESS,02,20210202,20210202,MS,9093
40680614,0001,1,CENTRO DE TREINAMENTO OVERALL,02,20210202,20210202,BA,3449
40684327,0001,1,CROSS EXPERIENCE MONTE BELO,08,20230707,20210202,MG,4859
26278869,0001,1,,02,20250610,20161003,SP,6249
40686364,0001,1,ESTACAO FITNESS,02,20210203,20210203,PR,7471
40697892,0001,1,POWERFITNESS STUDIO,02,20210203,20210203,MG,4885
35726985,0001,1,,02,20191206,20191206,RS,8815
40705643,0001,1,PERFECT PRIME ACADEMIA,02,20210204,20210204,RS,8801
40705686,0001,1,LDC CRISTAL,02,20210204,20210204,MG,4781
40725406,0001,1,FERA ACADEMIA,04,20231120,20210205,RS,8877
40768554,0001,1,CENTRO DE TREINAMENTO SINOP FIT,02,20210209,20210209,MT,8985
40784477,0001,1,START FISIOTERAPIA E PILATES,02,20210209,20210209,PE,2457
40784839,0001,1,MULT SPORTS EVENTOS,02,20210209,20210209,MG,5107
28640246,0001,1,RAY BLUE,04,20210210,20170914,DF,9701
29023604,0001,1,ALKIMIA ASSESSORIA DESPORTIVA,04,20210210,20171108,DF,9701
40790520,0001,1,,08,20230207,20210210,MG,4647
40794544,0001,1,PANTEAO CENTRO FUNCIONAL,08,20230201,20210210,GO,9221
40794733,0001,1,,08,20250112,20210210,MG,5051
27646923,0001,1,DOJO DE KARATE E ARTES MARCIAIS,08,20210210,20170503,RJ,5865
40797876,0001,1,ESPACO FITNESS,04,20260518,20210210,CE,1349
40803747,0001,1,,02,20210210,20210210,RS,8801
22902694,0108,2,,02,20210211,20210211,MA,0921
40810295,0001,1,LIFE ACADEMIA,02,20210211,20210211,MG,5343
26101194,0001,1,JERONIMO PERSONAL TRAINER,08,20210217,20160905,PE,2521
40815364,0001,1,GO FITNESS ACADEMIA,02,20210211,20210211,PE,2417
40822383,0001,1,,02,20210211,20210211,SP,7107
40823540,0001,1,ACADEMIA CRISTAL,02,20210211,20210211,SP,7107
40824354,0001,1,,02,20210211,20210211,RJ,6001
40851049,0001,1,ECCOS ACADEMIA,02,20210215,20210215,SP,7151
40851278,0001,1,,02,20210215,20210215,PR,7927
40854607,0001,1,EVOLUTION GYM,08,20230109,20210215,SP,6969
40857782,0001,1,ESPACO TIA FE,02,20210215,20210215,TO,9241
40870355,0001,1,,02,20210216,20210216,PR,7691
40879566,0001,1,,02,20210217,20210217,ES,5703
40881136,0001,1,,02,20210217,20210217,MS,9051
40891878,0001,1,CLINICA PERFECTDAY,04,20240808,20210218,PR,7535
30287406,0015,2,BLUEFIT AGUAS CLARAS II,02,20210218,20210218,DF,9701
40898791,0001,1,SUJO DE BARRO,02,20210218,20210218,SP,6219
40900374,0001,1,DM PERSONAL TRAINER,02,20210218,20210218,RS,8861
26144412,0001,1,CAROL CASTELO,04,20210219,20160912,PA,0427
27526922,0001,1,MELOJWM,08,20230215,20170412,PA,0427
40916944,0001,1,NENS FIT,02,20210219,20210219,DF,9701
40931345,0001,1,CORPO EM FORMA ACADEMIA,02,20210222,20210222,PI,1223
32990878,0001,1,CROSS FENIX,02,20190311,20190311,SP,7107
40944315,0001,1,BOX CROSS MACAPA,02,20210222,20210222,AP,0605
40955123,0001,1,VIP GYM ACADEMIA,02,20210223,20210223,SP,6131
32631850,0001,1,BOX CROSS - PANORAMA,08,20240312,20190201,PR,7927
40963836,0001,1,ACADEMIA BOA FORMA,02,20210223,20210223,PA,0561
40970326,0001,1,STUDIO CELINA,02,20210224,20210224,SC,8031
40979974,0001,1,H2F CROSS TRAINING,08,20210929,20210224,SP,7097
28063895,0001,1,FELIPE RIBEIRO PERSONAL TRAINER,08,20210224,20170628,ES,5663
40985450,0001,1,DYNAMIS,02,20210224,20210224,RS,8841
40990563,0001,1,ACADEMIA APOLLO FITNESS,02,20210225,20210225,PA,0591
40996741,0001,1,ACADEMIA PERFORMANCE,02,20210225,20210225,RS,8531
41001667,0001,1,,02,20210225,20210225,SP,7181
41003103,0001,1,,04,20260522,20210225,PR,7535
26655193,0001,1,JLOPES ASSESSORIA ESPORTIVA,04,20210226,20161204,SP,7107
29578230,0001,1,SAUDE MAIS FIT,02,20220614,20180131,SP,6361
41007464,0001,1,BROTHER'S ACADEMIA,02,20210226,20210226,GO,9399
41007533,0001,1,SAUDE FITNESS ACADEMIA,02,20210226,20210226,PB,2097
27702057,0001,1,CROSSFIT SINISTRO,08,20210301,20170510,SC,8179
41015266,0001,1,,08,20220309,20210226,SP,6269
41022113,0001,1,STUDIO ENDORFIT - TREINAMENTO INTELIGENTE,02,20210227,20210227,BA,3703
38261563,0035,2,,08,20211130,20210301,CE,1389
41030547,0001,1,FORTIUS,08,20240418,20210301,RS,8863
41033401,0001,1,BOX CAV 26,02,20210301,20210301,PI,1219
41036249,0001,1,ONE GYM,02,20210301,20210301,RO,0027
41040887,0001,1,ACADEMIA GAVIOES,02,20210301,20210301,SP,7107
41042311,0001,1,ACADEMIA INOVE FIT,02,20210301,20210301,RJ,5819
41042475,0001,1,,08,20260127,20210301,MG,4733
41050999,0001,1,,02,20210302,20210302,MG,4123
27591272,0001,1,ARENA FITNESS,02,20211217,20170425,CE,1537
28823619,0001,1,,08,20220209,20171009,CE,1583
41075199,0001,1,ESPACO MULHER,02,20210303,20210303,MG,5367
05124502,0002,2,ACADEMIA MYRDANCAS / MYRNA NL,02,20210304,20210304,MG,4895
24203914,0002,2,ESCOLINHA DE NATACAO CHUA CHUA,08,20221130,20210304,MS,9807
41089510,0001,1,PLAYGROUND DO JR ACADEMIA DE MUSCULACAO,08,20260210,20210304,SP,6611
41099766,0001,1,STUDIO VELOCITY,02,20210304,20210304,SC,8039
35087283,0001,1,T F ACADEMIA,04,20210305,20191004,SP,7107
41108766,0001,1,ACADEMIA CURVAS FITNESS,02,20240124,20210305,PE,2485
41110486,0001,1,CAU ARAB PERSONAL,02,20210305,20210305,SP,7107
41113117,0001,1,ACADEMIA CRISTIANO MARTINS,02,20210305,20210305,MG,4123
39432106,0010,2,,02,20210304,20210304,SP,7107
41115336,0001,1,BODY WAR FIT,02,20210305,20210305,RS,8863
41117435,0001,1,,02,20210306,20210306,RS,0952
41120921,0001,1,BRANDAO SUPLEMENTOS,02,20210307,20210307,AM,0203
41122304,0001,1,ESTACAO CORPUS ACADEMIA,02,20210307,20210307,GO,9675
41132391,0001,1,CENTRO DE TREINAMENTO HULK FIT,02,20210308,20210308,SE,3105
41146092,0001,1,CENTRO DE TREINAMENTO CIA FUNCIONAL,02,20241001,20210309,PE,2573
41150898,0001,1,ML FIT ACADEMIA,04,20240820,20210309,RN,1761
29332672,0001,1,MY BOX JUSSARA,04,20210310,20171228,SP,6155
41157971,0001,1,OLYMPUS GYM,04,20231122,20210310,RJ,5855
31189920,0001,1,METODO FFT - FUNCIONAL FIT TRAINING,08,20211216,20180813,SP,6637
41162403,0001,1,ALEXANDRE CELSO PERSONAL,08,20240819,20210310,RN,1761
41164474,0001,1,,08,20251128,20210310,MG,4123
41175876,0001,1,SER + FITNESS TREINO FUNCIONAL,02,20210311,20210311,RJ,2921
41182826,0001,1,MEGAFITNESS,02,20210311,20210311,AM,0255
41197192,0001,1,NEO GYM,02,20210312,20210312,RJ,5837
41215464,0001,1,,02,20210315,20210315,SP,6369
41222642,0001,1,ACADEMIA STRONGLIFE,04,20231109,20210315,RN,1779
27116838,0001,1,,08,20240326,20170215,RJ,6001
30205466,0001,1,REYLSON GRACIE ACADEMIA DE JIU JITSU,04,20210316,20180416,RJ,6001
40665681,0001,1,STUDIOJBFIT,02,20210202,20210202,PE,2589
41231256,0001,1,LUCAS OLIVEIRA CENTRO DE TREINAMENTO,02,20210316,20210316,BA,3807
41235192,0001,1,GOLD'S GYM,08,20220318,20210316,RN,0434
41235977,0001,1,STUDIO VIVIANE DIAS,02,20210316,20210316,RO,0011
41244924,0001,1,ACADEMIA IRON BODY,02,20210317,20210317,SC,8107
41245201,0001,1,STUDIO ROBERTO VIANNA,08,20240426,20210317,RJ,6001
41249348,0001,1,CENTRU PERFORMANCE,08,20220921,20210317,CE,1389
41254736,0001,1,BLUEFIT,08,20210721,20210317,RO,0003
28189584,0001,1,FFCOUTO TRAINER,02,20220712,20170714,SC,8105
41261241,0001,1,LIMIT FITNESS - ACADEMIA,02,20210318,20210318,RS,8669
41267050,0001,1,STUDIO CREATIVE PILATES,02,20210318,20210318,SP,7107
41273214,0001,1,REVITALLY - STUDIO DE PILATES,02,20210318,20210318,SC,5545
41275378,0001,1,ACADEMIA ARES,02,20210318,20210318,SC,8015
28160776,0001,1,JB FITNESS,04,20210319,20170711,RJ,2911
41277445,0001,1,ONDA FITNESS,08,20240521,20210319,MS,9051
41280980,0001,1,,08,20230726,20210319,SP,7071
41284410,0001,1,ANINHA BORELLY GINASTICA ARTISTICA,02,20210319,20210319,SP,6251
41297448,0001,1,ESPACO NATACAO,04,20231031,20210322,PI,1219
41302370,0001,1,SANTEC CENTRO DE CONDICIONAMENTO FISICO,02,20210322,20210322,SC,8309
41036072,0002,2,,08,20210414,20210322,RS,8791
41302576,0001,1,ACTION ACADEMIA,08,20250512,20210322,MG,5191
41314752,0001,1,,02,20210323,20210323,RJ,6001
35435583,0002,2,TOTAL SAUDE ACADEMIAS,08,20250401,20210323,RN,1761
41330921,0001,1,,02,20210324,20210324,RJ,6001
41331369,0001,1,CONECTMAIS,02,20210324,20210324,CE,1461
41342264,0001,1,ESPACO SAUDE EM FOCO - ESF,02,20210324,20210324,RJ,6001
41352041,0001,1,TEMPLO GYM,08,20220114,20210325,MT,8985
41356315,0001,1,,02,20210325,20210325,SP,7225
40992038,0001,1,ACADEMIA DA ADRI,02,20210225,20210225,SC,9951
41055056,0001,1,ACADEMIA IMPERIO POWERFIT,08,20230523,20210302,CE,1585
41367777,0001,1,CROSS EXPERIENCE VICENTE PIRES,04,20260605,20210326,DF,9701
41368298,0001,1,STUDIO PERSONAL,08,20231123,20210326,MG,4763
41372598,0001,1,LEONARDO LIMA PREPARACAO FISICA,08,20210914,20210326,PR,7535
41375230,0001,1,STRONG STUDIO FUNCIONAL,08,20211228,20210327,PB,2051
41382374,0001,1,"BALANCE - FUNCIONAL, PILATES E DANCA",08,20220324,20210329,MG,5413
27705446,0001,1,COMBATE ACADEMIA DE BOX,04,20210330,20170510,MG,0730
26395317,0001,1,ACADEMIA PIRATAS ITA FITNESS,02,20231208,20161021,MG,4777
27793749,0001,1,CHUTE BOXE,02,20250228,20170523,MG,4031
26023003,0001,1,,04,20210331,20160824,MG,5175
41414817,0001,1,STUDIO JANA BASSO PERSONAL TRAINER,02,20210331,20210331,PR,7751
41416946,0001,1,START FIT,02,20210331,20210331,MA,0727
41418515,0001,1,GO UP,02,20210331,20210331,PE,2549
41424241,0001,1,FABRICA,02,20210331,20210331,RS,8801
35664967,0001,1,CLASS FIT ACADEMIA,08,20220719,20191129,CE,1495
41457956,0001,1,TRIBO CROSS TRAINING,02,20210405,20210405,BA,3711
41458641,0001,1,NOVA STUDIO PERSONAL,02,20210405,20210405,SP,6249
41033075,0002,2,FLEX,02,20210406,20210406,GO,9373
38648485,0001,1,STUDIO UP LIFE,08,20210406,20200922,MG,4939
41468938,0001,1,CASA CORPO,02,20210406,20210406,SC,8105
41471254,0001,1,FEF,02,20210406,20210406,PI,1219
26593151,0001,1,ALIANCA FITNESS,04,20210407,20161123,BA,3849
41488889,0001,1,TCL GYM LTDA,02,20210407,20210407,PR,7935
41490891,0001,1,CT RANCHO FITNESS,02,20210407,20210407,SC,8147
41491815,0001,1,ELITE DO CORPO ACADEMIA,08,20220623,20210407,PB,2175
41492874,0001,1,ACADEMIA CAMP,02,20210407,20210407,PA,0427
32296636,0001,1,CROSS BARRA CT,02,20210706,20181220,RJ,5805
41509537,0001,1,PERES PERSONAL SPORT,02,20210408,20210408,SP,6291
34833359,0001,1,QUALYFITNESS,02,20230316,20190911,PI,1219
41514855,0001,1,ACADEMIA LONG LIFE,02,20210409,20210409,SC,8175
41515582,0001,1,PLAY FITNESS ACADEMIA,02,20210409,20210409,PA,0427
41516453,0001,1,,08,20250305,20210409,SP,6969
41537004,0001,1,STUDIO FITNESS,04,20260608,20210412,AC,0147
41550362,0001,1,CROSS EXPERIENCE,02,20210413,20210413,RO,0003
41550521,0001,1,ACADEMIA COMBAT SPORT FIGHT NOVO PROGRESSO,02,20210413,20210413,PA,0633
27505235,0001,1,BOOTCAMP BRASIL,08,20210413,20170410,SC,8039
41558035,0001,1,ATUAL SERVICOS E CONSULTORIA,08,20250312,20210413,PR,7675
41562633,0001,1,DUO FIT STUDIO,02,20210413,20210413,GO,9373
41576660,0001,1,,02,20210414,20210414,RN,1761
41577988,0001,1,BOX POWER,02,20210414,20210414,PB,2175
41579436,0001,1,MYBOXSAPUCAIENSE,08,20250616,20210414,RS,8901
41582470,0001,1,ACADEMIA VIDATIVA,02,20210415,20210415,MA,0262
41583083,0001,1,,02,20210415,20210415,PR,7667
27029521,0001,1,MARCOS PARREIRA TREINAMENTO PERSONALIZADO,04,20210416,20170203,MG,4123
27496250,0001,1,GUSKRAV,08,20230126,20170408,MG,4123
28303850,0001,1,FRED ALMEIDA PERSONAL TRAINER,08,20230313,20170731,MG,4123
41600614,0001,1,LION GYM FITNESS CENTER,02,20210416,20210416,MG,5403
41601483,0001,1,DE FIT,02,20210416,20210416,PR,7525
41602650,0001,1,ACADEMIA PRATIQUE FITNNES,02,20210416,20210416,MG,4123
40312535,0001,1,F3 ACADEMIA,02,20210108,20210108,PI,1219
26078023,0001,1,VIP TRAINING,04,20210419,20160831,MG,4733
27624138,0001,1,,08,20250318,20170428,SP,6713
41628001,0001,1,ACADEMIA ESPACO FEMININO,08,20230906,20210419,CE,1347
41642332,0001,1,ACADEMIA STATUS WELLNESSS+,02,20210420,20210420,RJ,5897
41648438,0001,1,ELYTE FILIAL - ACADEMIA,08,20230104,20210420,RS,8683
41652382,0001,1,HOPE CROSS,02,20210421,20210421,PI,1165
32967706,0001,1,ACADEMIA MONTE CASTELO,02,20211019,20190307,BA,3323
31910889,0001,1,VARZEA ARENA FITNESS,02,20250602,20181031,RN,1891
31772404,0001,1,LL FITNESS,08,20210423,20181011,SP,6477
41678543,0001,1,PULSE ACADEMY,02,20250324,20210423,RJ,6003
41682670,0001,1,CROSS EXPERIENCE,08,20210902,20210423,SP,6291
41684472,0001,1,,02,20210423,20210423,ES,5627
26368091,0001,1,EDUCADOR FISICO,04,20210426,20161017,BA,3885
41699618,0001,1,BELLATOR CROSS TRAINING,02,20210426,20210426,SC,8239
41706100,0001,1,MN CONDICIONAMENTO FISICO,08,20260423,20210426,MG,4133
41715154,0001,1,,02,20210427,20210427,SP,6301
41720826,0001,1,RIDE A BIKE,02,20210427,20210427,SP,6209
41721103,0001,1,,02,20210427,20210427,SP,6875
41722597,0001,1,ENDORFIT ACADEMIA,02,20210427,20210427,RS,8703
41726603,0001,1,SOUFIT STUDIO FITNESS,02,20210427,20210427,MG,4521
41731437,0001,1,D MATEUS ASSESSORIA ESPORTIVA,02,20210428,20210428,PR,7665
41742237,0001,1,HERO ACADEMIA,02,20210428,20210428,BA,3473
41750105,0001,1,D D BARROS TREINAMENTO DE ALTA PERFORMANCE,08,20250815,20210429,SP,7099
41750948,0001,1,RAPHAEL DANTAS TREINADOR,02,20210429,20210429,CE,1389
41751395,0001,1,STUDIO TIMES LADY,02,20210429,20210429,PR,7407
41756585,0001,1,CENTRO TREINAMENTO CARRANCA,04,20260610,20210429,MG,5023
41758869,0001,1,MATEUS LIMA,02,20210429,20210429,SP,7071
41769832,0001,1,PURE PILATES,02,20210430,20210430,SP,7145
41770569,0001,1,ACADEMIA F3 FITNESS,02,20260105,20210430,BA,3977
24375929,0002,2,STARTFITNESS II,02,20210503,20210503,MS,9165
41792294,0001,1,HEALTH,02,20210503,20210503,SP,7273
41793309,0001,1,STUDEO GOLD 64M 13,08,20210701,20210503,SC,8041
41793421,0001,1,MAGNUM FIT ACADEMIA,04,20231030,20210503,PA,0529
41809555,0001,1,ACADEMIA SANDRES,08,20240529,20210504,MG,4093
26754602,0001,1,CROSS PR4,08,20210504,20161222,PR,7583
41825115,0001,1,,02,20210505,20210505,SP,2971
41451641,0001,1,ESSENCIA TENNIS,02,20210405,20210405,SP,7047
41593686,0001,1,ACADEMIA CORPO E MOVIMENTO,04,20240821,20210415,MG,4265
41844412,0001,1,ACADEMIA GLORIA FIT,02,20210506,20210506,ES,5703
41844539,0001,1,LEIDIANE OLIVEIRA STUDIO PERSONAL,02,20210506,20210506,MG,4625
41854085,0001,1,DIEGO GASPAR SEU PERSONAL,02,20210506,20210506,PR,7535
41860324,0001,1,,02,20210507,20210507,BA,3989
41862320,0001,1,BEONE STUDIO PERSONAL,02,20210507,20210507,ES,5699
41872103,0001,1,LAYLA PROPAGANDAS,02,20210508,20210508,PR,7747
41874129,0001,1,,02,20210509,20210509,RS,8839
41878228,0001,1,ACADEMIA CULTURA FISICA,02,20210510,20210510,PA,0471
41881341,0001,1,ACADEMIA FISIO FITNESS,02,20210510,20210510,RN,1719
37211743,0001,1,TNFIT ACADEMIA,02,20200522,20200522,MG,5343
41900600,0001,1,VIDA FITNESS,02,20210511,20210511,MA,0957
41913140,0001,1,ENGENHARIA DO CORPO,08,20220323,20210512,RS,8815
41914184,0001,1,KOMODO CROSSFIT,02,20210512,20210512,DF,9701
41914750,0001,1,ACADEMIA SKY,02,20210512,20210512,RJ,5879
41914922,0001,1,HORSE GYM IJUI,02,20210512,20210512,RS,8705
41928360,0001,1,T.M.T. AULAS COLETIVAS E PERSONALIZADAS,02,20210513,20210513,SP,6401
41930034,0001,1,HEAD COACH CF,02,20210513,20210513,PA,0595
41931716,0001,1,PR PERSONAL,02,20210513,20210513,DF,9701
10692042,0003,2,ACADEMIA CHERRY,02,20210513,20210513,SP,7107
41946304,0001,1,,08,20210720,20210513,PR,7927
41948113,0001,1,SHOPPING ONFIT,04,20231101,20210514,MS,9051
41948215,0001,1,,02,20210514,20210514,SP,6587
41957268,0001,1,CORPUS SAUDE E BEM ESTAR,02,20210514,20210514,SP,7175
27572405,0001,1,NADO LIVRE,02,20170420,20170420,SP,6465
33703861,0001,1,ACADEMIA GATTO RODRIGUES,02,20190523,20190523,RS,8815
33736294,0001,1,SPARTACUS FITNESS,02,20190527,20190527,BA,3849
33866485,0001,1,A R DE BRITO - PILATES E GINASTICAS,08,20250721,20190607,PR,7535
27635298,0001,1,FELIPE CARDOSO PERSONAL TRAINER,08,20190426,20170502,RS,8801
34131299,0001,1,,08,20201207,20190705,MG,5427
27668804,0001,1,FERNANDA FRANCONI PERSONAL,04,20210311,20170505,RJ,6001
29340561,0002,2,EQUIPE BLACK AND WHITE,08,20241212,20190724,RJ,5833
38560781,0001,1,,02,20200918,20200918,SC,8179
34594579,0001,1,,02,20190819,20190819,PR,7825
34613036,0001,1,FOCUS PERFORMANCE ASSESSORIA ESPORTIVA,02,20190716,20190716,SP,7107
34626061,0001,1,STUDIO JR,02,20190822,20190822,ES,5699
27749020,0001,1,JM PERFORMANCE,08,20180114,20170516,SP,7097
34930740,0001,1,ACADEMIA BIOFIT,08,20230309,20190919,ES,5647
35058037,0001,1,ESPACO DO CORPO ACADEMIA,02,20191002,20191002,PA,0483
35162325,0001,1,TIGER FITNESS,08,20201001,20191011,MT,9067
27818672,0001,1,VALDERI BARBOSA DA SILVA,08,20180625,20170525,PB,1981
27841878,0001,1,,08,20180405,20170529,ES,5693
27849745,0001,1,JEN ASSESSORIA ESPORTIVA,04,20210406,20170530,SP,6213
35454007,0001,1,ACADEMIA SEVEN FIT,02,20191108,20191108,SP,6291
35458422,0001,1,PERFORMANCE CONSCIENTE,02,20191108,20191108,RJ,6001
35605485,0001,1,CLUBE AQUATICO VILA VERDE,02,20191125,20191125,PE,2517
35624544,0001,1,ACADEMIA JK FITNESS,08,20230821,20191126,MG,0688
35702065,0001,1,CROSSBOL TREINAMENTO PERSONALIZADO,08,20240903,20191204,DF,9701
35833686,0001,1,,02,20220701,20191220,RJ,2909
35895700,0001,1,,02,20200106,20200106,RS,8519
36316472,0001,1,BASE CROSSFIT,02,20200210,20200210,PE,2491
36361037,0001,1,LACTATO CONDICIONAMENTO FISICO E SAUDE,04,20220609,20200213,SP,6789
28025132,0001,1,EDUCADORES BURN FIT,08,20171129,20170623,RN,1761
28038294,0001,1,STUDIO NEW LIFE,08,20180507,20170626,SC,8081
36602513,0001,1,R2 EXTREME,02,20240828,20200309,SP,6181
37038162,0001,1,CENTRO DE TREINAMENTO ANGEL FITNESS,02,20200430,20200430,RN,1759
28219221,0001,1,MIRANDA VARIEDADES,08,20210518,20170719,MG,4123
28297415,0001,1,ADRIANA,08,20180130,20170731,SP,6237
28312845,0001,1,ALINE CRISTINA PERSONAL,08,20210505,20170801,SP,7107
37377651,0001,1,ESCOLA DA LUTA,02,20200610,20200610,RS,8801
28382403,0001,1,PROFESSORFITNES,08,20200514,20170809,PI,1153
26109879,0001,1,ALYNE FERRO TREINAMENTO PESSOAL,04,20220209,20160905,SP,7107
26125899,0001,1,,08,20230731,20160908,PR,7493
26191406,0001,1,,02,20260108,20160919,SP,7107
26237911,0001,1,RODOLPHO_PERSONAL,04,20210406,20160926,SP,6581
26352634,0001,1,,08,20180118,20161014,SC,8333
26370493,0001,1,R.FITNESS,08,20170316,20161018,MG,4123
26376062,0001,1,,04,20210212,20161018,GO,9373
28573575,0001,1,,08,20211208,20170904,SP,7071
28594354,0001,1,CEZAR PERSONAL,08,20171229,20170906,SP,7071
26626394,0001,1,,04,20210209,20161129,ES,5629
28625547,0001,1,,08,20201009,20170913,SP,6969
37859775,0001,1,ACADEMIA ANABELA,02,20200727,20200727,PA,0461
28699408,0001,1,,08,20210126,20170921,RJ,5801
26820435,0001,1,,02,20170108,20170108,SP,7145
26826568,0001,1,JUU COSTA PERSONAL TRAINER,04,20210413,20170109,SP,6543
24921465,0021,2,,02,20170925,20170925,SP,7107
28734345,0001,1,VINICIUS SOUSA PERSONAL TRAINER,04,20210426,20170926,PB,2117
26873713,0001,1,VIVALDE ESPORTES,08,20220425,20170116,GO,9373
26901086,0001,1,SUQUINHOCOACH,08,20210517,20170118,SP,6371
28758582,0001,1,BRUNA KELLY LAURIANO DE PAULA,08,20171120,20170929,GO,9373
26968815,0001,1,BELINDA CRISTIAN BRITO,08,20190611,20170127,PE,2531
28805908,0001,1,,08,20171129,20171005,SP,6477
12483570,0002,2,ACADEMIA CORPO E ACAO,08,20220301,20170208,PR,7937
27066693,0001,1,ACADEMIA BELLFORM,08,20170802,20170209,MT,9195
27202164,0001,1,JAR FITNESS,08,20251013,20170301,MS,9113
27207442,0001,1,,08,20180130,20170302,SP,6681
38382467,0001,1,ATIVE FITNESS,02,20200909,20200909,MG,4799
27423538,0001,1,ACADEMIA MEXACE,08,20170821,20170330,PR,7947
27442669,0001,1,VITALSTUDIO CENTRO DE SAUDE E QUALIDADE DE VIDA,04,20210419,20170402,MG,4733
27493193,0001,1,,08,20180226,20170407,SP,7107
28985464,0001,1,PERSONAL E CIA,04,20210416,20171101,MG,4123
29031955,0001,1,ELITE CROSS STRONG GYM MOBILITY,08,20190915,20171108,RJ,5847
29118677,0001,1,LISIANE GOULART PERSONAL TRAINER,04,20260525,20171122,RS,8511
29180010,0001,1,ANDREA ALDA,08,20210304,20171130,PE,2531
29240309,0001,1,,08,20190121,20171210,SP,6291
29251122,0001,1,SOCCER 360 RN,08,20180102,20171212,RN,1761
29254769,0001,1,STUDIO TREVO DE GINASTICA RITMICA,02,20171212,20171212,SP,7099
29283722,0001,1,MUSCULACAO ACADEMIA,08,20180126,20171218,RS,9821
29336387,0001,1,,08,20190611,20171230,SP,7107
29617686,0001,1,UP GRADE FITNESS,02,20180202,20180202,SC,8179
40384386,0001,1,LASSFIT CROSS TRAINING,04,20260525,20210113,MT,8979
29857449,0001,1,ACQUA SHOW ACADEMIA,02,20180306,20180306,DF,9701
29891482,0001,1,,02,20180309,20180309,RS,8785
40718562,0001,1,UNIVERSO FITNESS,02,20210204,20210204,BA,3515
30021329,0001,1,CENTRO DE TREINAMENTO IMPERIAL FITNESS,04,20210423,20180323,RN,1759
30039533,0001,1,+FIT,04,20210311,20180326,RJ,6001
40834568,0001,1,CROSS LIFE SANTA LUZIA,04,20240807,20210212,RR,0301
30148624,0001,1,,02,20180409,20180409,SP,6377
41228355,0001,1,WG PERSONAL TRAINER,04,20260529,20210316,GO,9289
41288581,0001,1,COMERCIAL GALERIA 25,08,20210901,20210319,PA,0511
30779278,0001,1,THE ONE ACADEMIA,08,20220823,20180625,PR,7927
30858775,0001,1,BODY STAR FITNESSS,04,20260608,20180705,AM,0255
41487949,0001,1,ATITUDE FITNESS,02,20240421,20210407,CE,1389
41849838,0001,1,ACADEMIA INFINITY LIFE,02,20210506,20210506,BA,3869
41859899,0001,1,INSPIRAT REABILITACAO LTDA,02,20210507,20210507,SP,6323
31564963,0001,1,INTENSE X ACADEMIA,02,20180920,20180920,PR,7931
31606970,0001,1,SMALL-FIT,02,20180926,20180926,SP,7107
31738372,0001,1,KING FITNESS ACADEMIA,08,20200722,20181010,MG,4069
31794334,0001,1,SPORTNUTRY,02,20250115,20181018,MG,4831
32364502,0001,1,,08,20220808,20190107,RS,8801
32540975,0001,1,MONSTER FITNESS ACADEMIA,08,20251218,20190123,PR,7969
32663656,0001,1,FELIPE CASAIS TREINAMENTOS,02,20190205,20190205,SP,6219
32888247,0001,1,TOP FITNESS CENTRO ESPORTIVO,02,20190226,20190226,SP,6285
27800825,0001,1,BG FIT,02,20170523,20170523,RJ,6001
41965192,0001,1,TEAM FAJARDO,08,20240405,20210517,RJ,5925
41965869,0001,1,DAY FITNESS ACADEMIA,02,20210517,20210517,SP,6969
41972700,0001,1,PROFIT,02,20210517,20210517,PR,7657
41982693,0001,1,HUMANAFIT,02,20210518,20210518,SP,6619
41991784,0001,1,SPATIUM FITNESS,02,20210518,20210518,MG,4269
41995997,0001,1,MOTIVATION TRAINING,08,20251224,20210518,SC,8039
42006103,0001,1,ACADEMIA SPATIUM CORPORI,02,20210519,20210519,RS,8569
42007474,0001,1,MOV TREINAMENTO FUNCIONAL,02,20210519,20210519,RS,8801
42014486,0001,1,ACADEMIA EQUILIBRIO,02,20210519,20210519,RS,8751
42027271,0001,1,,08,20240925,20210520,SP,6251
42037813,0001,1,RULLIAN SOARES CONSULTORIA FITNESS,02,20210521,20210521,PR,7915
42040116,0001,1,RECOVERY CROSSTEAM II,08,20210929,20210521,TO,9733
42041342,0001,1,,02,20210521,20210521,PR,7527
42042290,0001,1,"STUDIO MOVIMENTO E SAUDE, PILTAES CLASSICO",02,20210521,20210521,SP,6495
42044791,0001,1,ARMANDO CIRILLO CLUB CARE,02,20210521,20210521,DF,9701
42047675,0001,1,MOGLIE ADMINISTRACAO,08,20241023,20210521,RS,8683
42048471,0001,1,CENTRO DE TREINAMENTO AIR CROSS,02,20210522,20210522,DF,9701
42072045,0001,1,MULTY FORCE ACADEMIA,04,20231110,20210525,PR,7535
42078286,0001,1,ACADEMIA INFINITY LIFE,02,20210525,20210525,BA,3849
42084710,0001,1,PERSONAL FIT,02,20210525,20210525,ES,5687
41705725,0001,1,JAMES MURAKAMI STUDIO TRAINING,04,20260529,20210426,GO,9373
42090059,0001,1,CTFF,04,20260610,20210526,MG,4365
42092845,0001,1,CROSS EXPERIENCE,08,20221014,20210526,MG,5067
42093462,0001,1,CENTRO DE TREINAMENTO ERIKA PISKOR,02,20210526,20210526,SC,8267
42098581,0001,1,CROSS EXPERIENCE - TABOAO,02,20210526,20210526,SP,7075
42106428,0001,1,ESPACO DE SAUDE SARA NASCIMENTO,02,20210526,20210526,BA,3413
24921465,0052,2,,08,20220503,20210527,BA,3849
42118997,0001,1,ACTO ACADEMIA,02,20210527,20210527,PE,2457
40624901,0001,1,METABOLIC TREINAMENTO FUNCIONAL,08,20210528,20210129,PB,1965
42134086,0001,1,CARLA ZANON PERSONAL TRAINER,08,20231004,20210528,MG,4217
42142226,0001,1,STUDIO DE PILATES JULIA BEATRIZ,02,20210530,20210530,PR,7535
29678798,0001,1,,02,20180214,20180214,RS,8801
17796934,0008,2,,02,20210531,20210531,SP,7107
42146773,0001,1,ELOIZA HELENA LEU,02,20210531,20210531,SC,8161
42162215,0001,1,ACADEMIA ARENA 21,08,20230804,20210601,DF,9701
42186174,0001,1,STUDIO VOLL,02,20210602,20210602,SP,6929
42186495,0001,1,BLESSFIT,02,20210602,20210602,PR,7795
42187372,0001,1,STUDIO SL,02,20210602,20210602,SP,6607
42198680,0001,1,BOX PERFORMANCE CROSS,04,20240814,20210604,GO,9571
41151026,0001,1,ACADEMIA MEGA FITNESS,02,20210309,20210309,GO,9753
42202775,0001,1,N2 CLUB,02,20210604,20210604,CE,1389
42206642,0001,1,STUDIO LEANDRA BOTELHO,02,20210604,20210604,MG,4067
42214620,0001,1,CLEAN TECHNOLOGY,02,20210606,20210606,AM,0255
42221081,0001,1,ACADEMIA PUMP UP,08,20250703,20210607,MT,9151
42241541,0001,1,GYMTECH,08,20240423,20210608,DF,9701
42242243,0001,1,VITTA SAUDE E PERFORMANCE,02,20210608,20210608,ES,5611
42244192,0001,1,SMART TRAINING,08,20260130,20210608,PR,7777
42249660,0001,1,HARDCORE FITNESS,02,20210608,20210608,MG,5305
42251095,0001,1,FB STUDIO PERSONALIZADO,02,20210609,20210609,PR,7563
42253050,0001,1,ACADEMIA FITNESS BELO CORPO,02,20210609,20210609,RO,0002
42255871,0001,1,BOY FIT ACADEMIA,02,20210609,20210609,SP,7099
42256120,0001,1,ACADEMIA MEGA STAR FITNESS,02,20210609,20210609,PA,0407
42274997,0001,1,C.T. CHINCHO,04,20240828,20210610,SP,7243
42275384,0001,1,B12,08,20240118,20210610,RS,8423
42288271,0001,1,,02,20210611,20210611,ES,5697
13396172,0005,2,26 FIT,08,20251029,20210611,RS,8737
31409160,0002,2,ACADEMIA MOSCOU GYM,08,20210624,20210611,MG,4123
30420063,0001,1,ACADEMIA CORPO E ACAO,08,20210613,20180510,PI,0270
42309669,0001,1,LL14 STUDIO DE PILATES,02,20210614,20210614,SP,7107
42314685,0001,1,BIA MELO PILATES YOGA FISIOTERAPIA E BEM ESTAR,08,20250512,20210614,AL,2785
42319521,0001,1,,02,20210614,20210614,SP,7107
42321062,0001,1,ACADEMIA EAC'S GYM,02,20210614,20210614,PA,0427
42323787,0001,1,ACADEMIA SPORT CENTER,02,20210615,20210615,MG,4925
42333275,0001,1,STUDIO DAMA FIT,02,20210615,20210615,CE,1349
42333699,0001,1,ACADEMIA GYM TRAINING HARDCORE ALEIXO,02,20210615,20210615,SP,6787
42335255,0001,1,ACADEMIA RAFYSA FITNESS,02,20210615,20210615,MA,0751
42340295,0001,1,FUNCIONAL EVOLUTION,08,20250331,20210615,MG,4133
26846338,0001,1,MASSAGUA FIT,02,20170111,20170111,SP,6311
42345815,0001,1,STUDIO RANY RAMALHO,02,20210616,20210616,PB,1989
37763747,0001,1,SOBREIRA E SILVA,02,20200717,20200717,AM,0255
42360807,0001,1,ASSESSORIA ESPORTIVA HABITAT MAIS,08,20251010,20210617,SP,6477
42366688,0001,1,MODO ON,02,20210617,20210617,DF,9701
42372814,0001,1,PLAY FITNESS ACADEMIA BITUPITA,08,20250318,20210617,CE,1237
42383128,0001,1,CROSS EXPERIENCE AMPARO CENTRO,08,20260309,20210618,SP,6137
42384893,0001,1,ACADEMIA ESTETICA E SAUDE,02,20210618,20210618,RN,1759
41025892,0001,1,CRISTOFER DOMENEGHINI,08,20240120,20210228,RS,8785
42399358,0001,1,ACADEMIA PROFIT,02,20210621,20210621,RJ,5871
42399677,0001,1,TRANSFORMAIS,02,20210621,20210621,PR,7527
42418287,0001,1,EMPORIO RS FITNESS,04,20231103,20210622,MA,0921
42418617,0001,1,STYLLU DANCE,02,20210622,20210622,AM,0255
28878790,0002,2,"SOULFIT PILATES, FUNCIONAL & TRAINING",02,20210622,20210622,ES,5705
42431883,0001,1,FP PERSONAL TRAINER E TREINAMENTO FISICO,04,20240816,20210622,RS,8511
42437429,0001,1,,02,20210623,20210623,MG,5427
42437791,0001,1,CROSS EXPERIENCE ALPINOPOLIS,08,20230309,20210623,MG,4037
42444914,0001,1,ACADEMIA REALEZA,08,20250701,20210623,RS,8791
32655034,0001,1,ESPACO FITNESS,02,20190204,20190204,PB,0440
42458241,0001,1,BOMBOO ASSESSORIA ESPORTIVA,02,20210624,20210624,SP,7107
42459125,0001,1,MTRAINER,02,20210624,20210624,PB,1985
42475316,0001,1,TEAM LUISA CROSS TRAINING,02,20210625,20210625,SP,6477
42478310,0001,1,,02,20210625,20210625,RS,8853
42489121,0001,1,RB TRAINING,02,20210628,20210628,RJ,5805
42489442,0001,1,IMPERIVM CENTRO DE TREINAMENTO LTDA,08,20240117,20210628,SP,7107
42492653,0001,1,START PARKOUR,02,20210628,20210628,SP,7107
42495452,0001,1,PRIMEFITGYM,02,20210628,20210628,SP,6689
42498184,0001,1,ACADEMIA MTHOR,02,20260226,20210628,MA,0921
42508033,0001,1,,02,20210629,20210629,PR,7665
42508328,0001,1,,02,20210629,20210629,MG,4895
42511081,0001,1,,02,20260612,20210629,BA,3849
42518620,0001,1,RANGE BOOTCAMP,08,20230328,20210629,SP,6249
42524871,0001,1,CT MARQUINHOS MOTA,02,20210630,20210630,AL,2785
42529415,0001,1,ACADEMIA DO JAPA,02,20210630,20210630,SC,8169
42533452,0001,1,ACADEMIA BIO FITNESS,04,20231121,20210630,BA,3849
42535472,0001,1,WAAP FUNCIONAL,02,20210630,20210630,SP,7107
42547595,0001,1,ACADEMIA DAENEKAS,02,20210701,20210701,SP,6179
42548442,0001,1,ACADEMIA ESCULTURA,02,20210701,20210701,SP,6257
42588370,0001,1,VIGOROSA ACADEMIA,08,20211203,20210705,AM,9835
42589395,0001,1,PRANA YOGA ESTUDIO LTDA,08,20230711,20210705,SC,8379
42597495,0001,1,EQUILIBRAR STUDIO PILATES,08,20230125,20210705,BA,3965
42597516,0001,1,GOLIAZ ACADEMIA,02,20210706,20210706,PR,7791
42601196,0001,1,ONFIRE,02,20210706,20210706,SC,8061
42601733,0001,1,CROSS EXPERIENCE CRATEUS,08,20251117,20210706,CE,1383
42608227,0001,1,AB SPORTPHYSIO,02,20210706,20210706,RJ,6001
42627020,0001,1,,02,20210707,20210707,RS,8801
30213701,0001,1,FINNAS ACADEMIA FEMININA,02,20180417,20180417,RO,0003
42635968,0001,1,,02,20210708,20210708,MG,4861
42640017,0001,1,STUDIO LUCAS RODRIGUES PERSONAL TRAINER,02,20210708,20210708,RS,8921
31469138,0001,1,,08,20210708,20180911,SP,7145
42644494,0001,1,YESHUA CROSS FUNCIONAL,08,20230404,20210708,RS,8801
42650264,0001,1,,02,20210709,20210709,PR,7513
31726105,0001,1,CTFSTUDIO,04,20240822,20181009,MA,0879
42685004,0001,1,STUDIO AKEMI,02,20210713,20210713,SP,7107
42690931,0001,1,NITROFIT ACADEMIA,08,20240411,20210713,SP,7107
24921465,0056,2,,08,20221019,20210713,SP,6377
42717238,0001,1,,02,20210714,20210714,MG,5371
34193603,0001,1,TIUFIT ACADEMIA,02,20190712,20190712,PE,2573
42733805,0001,1,,02,20210715,20210715,SP,7107
42745854,0001,1,ACADEMIA VIDATIVA PLANALTO,02,20210716,20210716,RS,8599
42747682,0001,1,IMPERIO ACADEMIA,08,20240905,20210716,MG,4359
32144220,0001,1,HARMONIZE,02,20181130,20181130,ES,5705
42776250,0001,1,WELLNESS - SAUDE INTEGRAL,02,20210719,20210719,SC,8183
42780438,0001,1,IMPERIUM FITNESS,02,20210719,20210719,BA,3953
42783090,0001,1,,02,20210720,20210720,RJ,6001
42787849,0001,1,MOVEFIT,02,20210720,20210720,BA,3993
29855439,0001,1,LIFE PILATES E FUNCIONAL EIRELI,02,20180306,20180306,DF,9701
29133009,0002,2,ABDALA CLUB ACADEMIA,02,20210721,20210721,PB,1981
42813995,0001,1,PATRICIA BRITO ATIVIDADES ESPORTIVAS E CONDICIONAMENTO,02,20210721,20210721,SP,7107
41412506,0001,1,CROSS HERO ITACIBA ACADEMIA,08,20210721,20210330,ES,5625
39432106,0013,2,,02,20210719,20210719,SP,7107
27261391,0001,1,,02,20170308,20170308,RJ,5819
42822450,0001,1,MODIFIQ,02,20210722,20210722,SP,6669
42823762,0001,1,,02,20210722,20210722,PR,7891
42826117,0001,1,ACADEMIA DYNAMIC,02,20210722,20210722,AP,0615
42829708,0001,1,SLIMFIT FLORIPA,02,20210722,20210722,SC,8105
42835580,0001,1,ACADEMIA CORPUS,04,20260601,20210722,BA,3319
42835839,0001,1,ACADEMIA MALHA E ACAO,02,20210723,20210723,RS,8513
42838213,0001,1,CROSS EXPERIENCE CONSELHEIRO LAFAIETE,08,20240725,20210723,MG,4365
37675989,0001,1,SHARK SEAL CROSSFIT,08,20230126,20200710,DF,9701
42840952,0001,1,COMPLEX PERFORMANCE,02,20210723,20210723,CE,1389
42841811,0001,1,WILL PERSONAL TRAINING CENTER,02,20210723,20210723,SP,6143
42842607,0001,1,CENTRO DE TREINAMENTO DK FIT,08,20231201,20210723,MG,4123
42844023,0001,1,ENGENHARIA DO CORPO,02,20210723,20210723,RN,1779
42855690,0001,1,UTAH CENTRO DE TREINAMENTO,02,20210726,20210726,MG,4411
41882472,0002,2,,08,20240617,20210510,RS,8927
42885405,0001,1,MULTI FIT,02,20210727,20210727,MG,5091
30509187,0001,1,,02,20180521,20180521,PR,5457
42903394,0001,1,,08,20230302,20210728,SP,7107
42920325,0001,1,LIVE FITNESS,08,20220823,20210729,DF,9701
41986229,0001,1,COYOTES CROSS LTDA,04,20260609,20210518,MT,9871
42948881,0001,1,ACADEMIA FITNESS CLUB,08,20240527,20210802,RN,1717
42951600,0001,1,STUDIO X-LARGE,08,20220518,20210802,SC,8355
42954869,0001,1,ACADEMIA SPORT FITNESS,02,20210802,20210802,SC,5541
42959909,0001,1,TES TRAINING,02,20210802,20210802,SC,8105
42975039,0001,1,STUDIO DE PILATES SER,02,20210803,20210803,MG,4445
42977088,0001,1,BALANCE ASSESSORIA ESPORTIVA,08,20230222,20210803,GO,9361
35910433,0001,1,TIGER FIT MR,04,20231026,20200107,MS,9051
42984547,0001,1,EVOLVE GYMBOX,02,20210803,20210803,DF,9701
34183653,0001,1,,08,20210809,20190711,RS,8785
42989359,0001,1,SPORTGYM,02,20240103,20210804,PR,7459
32420701,0001,1,ACADEMIA PRIME,08,20210805,20190111,MA,0831
42999851,0001,1,TAIS DAMASO STUDIO PERSONAL,02,20210805,20210805,SC,8073
43000722,0001,1,,02,20210805,20210805,BA,3849
43001628,0001,1,,02,20210805,20210805,SC,8327
43017106,0001,1,DOCTORFIT ELDORADO DO SUL,08,20260304,20210806,RS,8423
43018854,0001,1,,02,20210806,20210806,MG,4021
43021470,0001,1,ATENAS PERSONAL,02,20210806,20210806,SC,8081
43025652,0001,1,POWER-FIT ACADEMIA,02,20210806,20210806,ES,5647
43026917,0001,1,FITNESS CLUB,02,20210804,20210804,PR,7529
43038529,0001,1,GYM FIT,02,20210809,20210809,PE,2381
43039002,0001,1,CENTRO DE TREINAMENTO TSGO,04,20260612,20210809,SP,7225
43040218,0001,1,CENTRO DE TREINAMENTO INSTINTUS,02,20210809,20210809,RJ,5869
43041859,0001,1,HOUSE TREINAMENTO FISICO,02,20210809,20210809,MG,5035
37887340,0001,1,,08,20230915,20200728,BA,3787
43047122,0001,1,,08,20211021,20210809,SC,9945
43051866,0001,1,CTI RESPIRE PILATES,02,20210809,20210809,RJ,6001
43074831,0001,1,,02,20210811,20210811,PR,7535
43075763,0001,1,VENOM ACADEMIA,02,20210811,20210811,PB,1941
43078431,0001,1,,04,20240814,20210811,SE,3105
43078473,0001,1,NEW TIME,02,20210811,20210811,MG,4701
39415767,0001,1,ESSENCIAL FITNESS,02,20201014,20201014,MG,5105
43087694,0001,1,PRIDE MUSCLE,04,20240812,20210811,GO,9373
43087945,0001,1,STUDIO PERSONAL MARCOS BORGES,02,20210811,20210811,RS,8667
32451822,0001,1,STUDIO FITNESS E2,02,20190115,20190115,AL,2785
43093615,0001,1,,02,20210812,20210812,SP,7057
43107108,0001,1,MODERN GYM,02,20210812,20210812,MT,9067
13826429,0005,2,,02,20210813,20210813,RN,1681
07594978,0431,2,,02,20210811,20210811,PR,7535
43115251,0001,1,ACADEMIA AGUIA FIT,04,20231121,20210813,RJ,5869
27117791,0001,1,PACER MIRANTE SUL,02,20170215,20170215,SP,6969
30949018,0002,2,GARAGE FITNESS CROSS,02,20210814,20210814,MA,0921
42933112,0001,1,STAR FIT,04,20240819,20210728,CE,1265
43137498,0001,1,ACADEMIA PORTELA FITNESS,02,20210816,20210816,PR,7603
43138077,0001,1,,04,20260601,20210816,BA,3873
43146501,0001,1,C 10 POWER CENTRO DE TREINAMENTO,08,20230616,20210816,PE,2517
43154793,0001,1,ACADEMIA CORP.FIT,02,20210817,20210817,PB,2051
33965267,0001,1,ACADEMIA PULSAR,08,20230721,20190618,BA,3849
43171500,0001,1,ACADEMIA POWER GWM,02,20210818,20210818,SP,6929
43178109,0001,1,STUDIO ROSA FITNESS,08,20220929,20210818,CE,1417
43186520,0001,1,GILLIART ACADEMIA,08,20240716,20210819,PR,7701
43187782,0001,1,HELLOOCH FUNCIONAL FITNESS,02,20210819,20210819,PR,7885
43189721,0001,1,CAFE YOGA,04,20260609,20210819,MT,9151
43197578,0001,1,LION ACADEMIA,02,20210819,20210819,RS,8953
35102192,0001,1,ACADEMIA PULSE POR VOCE,02,20191007,20191007,RS,8771
43201068,0001,1,LUZZI PERSONAL,02,20210819,20210819,PR,7701
43204396,0001,1,,08,20250312,20210820,SP,6979
38219742,0001,1,MOVE ACADEMIA PERSONALIZADA,02,20200825,20200825,PR,7701
40052604,0001,1,AVENTUREIROS KIDS - ACADEMIA FUNCIONAL,08,20220920,20201208,SC,8081
43218184,0001,1,BE BRAVE PERSONAL STUDIO,02,20210820,20210820,RS,8677
43226681,0001,1,ACADEMIA AION PERFORMANCE,02,20210822,20210822,SC,8025
43229233,0001,1,ACADEMIA IMPERIO GYM,02,20231204,20210823,MA,0741
43229853,0001,1,ACADEMIA J S,02,20210823,20210823,MG,4933
41849724,0001,1,MOTUS STUDIO,02,20210506,20210506,SP,7107
34967195,0001,1,ACQUAMAR CENTRO AQUATICO,02,20190924,20190924,MG,4669
32897920,0001,1,QUALITY FITNESS,04,20220608,20190227,MA,0921
41829708,0002,2,ESCOLA DE GINASTICA OLIMPICA PG,02,20210823,20210823,MG,4733
43251329,0001,1,BOX CENTRAL ACADEMIA,08,20230801,20210824,SP,7079
43260217,0001,1,,08,20230427,20210824,SP,7071
43266158,0001,1,BE MORE GYM,02,20210824,20210824,SC,8379
43269169,0001,1,ACADEMIA IMPERIO FITNESS,04,20240814,20210825,SE,3195
43272355,0001,1,ALTA PERFORMACE,02,20210825,20210825,MG,4861
43273306,0001,1,CIRCUITO ALVORADA,02,20210825,20210825,RJ,6001
43280721,0001,1,PILATES HOUSE STUDIO,02,20210825,20210825,SP,7107
43282330,0001,1,ANDRADE FITNESS,02,20210825,20210825,PE,2305
43286105,0001,1,CT SOTORIVA,02,20210826,20210826,MG,4359
43287514,0001,1,FENIX ACADEMIA,04,20240821,20210826,CE,1507
43293230,0001,1,CROSS EXPERIENCE SERRANIA,08,20220209,20210826,MG,5337
43294538,0001,1,CROSS LIFE VILA LEOPOLDINA,08,20230317,20210826,SP,7107
43294827,0001,1,MONICA CURY BODY DESIGNER,02,20210826,20210826,TO,9733
43297441,0001,1,IN FIGHT ITANHAEM,02,20210826,20210826,SP,6543
43305511,0001,1,STUDIO SJ,02,20210827,20210827,MG,4625
43312044,0001,1,,02,20210827,20210827,SP,7097
43316139,0001,1,MOP FIT ACADEMIA,04,20231106,20210827,MG,4133
43316947,0001,1,SPEEDFIT ACADEMIA,02,20210827,20210827,SP,6557
43325962,0001,1,MARIALVA FIGHT CENTRO DE TREINAMENTO,02,20210830,20210830,PR,7687
43333857,0001,1,F1 ACADEMIA,02,20210830,20210830,CE,1401
43334412,0001,1,AF - CAPACITACAO E WELLNESS,02,20210827,20210827,PA,0415
41646876,0001,1,MECA FIT,08,20210830,20210420,RN,1759
43338020,0001,1,STTILO FIT,02,20210830,20210830,SP,7157
43345907,0001,1,ACADEMIA PRATIQUE FITNESS,02,20210831,20210831,MG,4123
43349317,0001,1,STUDIO PILATES E FISIOTERAPIA,02,20210831,20210831,BA,3581
43349735,0001,1,BIO FIT,04,20231116,20210831,MG,4919
24133377,0002,2,FOCOFIT PRIME,02,20210831,20210831,PR,7941
43356061,0001,1,MACIO BJJ,08,20240930,20210831,SP,6579
43357309,0001,1,UP SPORT BRASIL,02,20210831,20210831,MG,4763
31810569,0002,2,ACADEMIA BIOTECH PRACA,02,20210901,20210901,MG,5401
41001532,0001,1,MISTER FIT,02,20210225,20210225,MG,4299
43369475,0001,1,,02,20210901,20210901,SP,6969
43373580,0001,1,ARENA TEAM CK CROSSTRAINING,02,20210901,20210901,RJ,5865
43403460,0001,1,ACADEMIA CRB FIT,02,20210903,20210903,GO,9317
43407046,0001,1,VILLA FITNNES,04,20231108,20210903,GO,1066
43407754,0001,1,DAN CHAMPIONS,02,20240801,20210903,SP,7107
43410739,0001,1,P.H.D SPORTS HAUER,08,20250305,20210903,PR,7535
43049929,0001,1,,02,20210809,20210809,SP,7107
43423563,0001,1,,02,20210906,20210906,SP,7107
43425048,0001,1,ESPACO FITNESS ACADEMIA,02,20210903,20210903,PB,2135
43437054,0001,1,2L ASSESSORIA ESPORTIVA,08,20211216,20210908,DF,9701
43444622,0001,1,CT ELDER MENGALI,02,20210908,20210908,ES,5663
43446238,0001,1,STUDIO BASE FITNESS,02,20210908,20210908,PR,0870
43449582,0001,1,LILI GOFIT,08,20251211,20210909,MG,4123
43452079,0001,1,ACADEMIA DO NENEM,02,20210909,20210909,MA,0875
43460700,0001,1,G13 VILA MASCOTE,02,20210909,20210909,SP,7107
43461420,0001,1,CORPUS AEQUILIBRIUM,02,20210909,20210909,RJ,5833
43469075,0001,1,,02,20210910,20210910,PR,7955
43470237,0001,1,STUDIO NEW LIFE,02,20210910,20210910,PR,7421
43472451,0001,1,OLD SCHOLL GYM,02,20250521,20210910,RN,1797
43472914,0001,1,STUDIO SALVATORI,04,20231113,20210910,RJ,5897
43474174,0001,1,,02,20210910,20210910,RS,8647
43475696,0001,1,AGA ACADEMIA FITNESS,08,20260105,20210910,BA,3849
43486019,0001,1,TOTAL FITNESS STUDIO,08,20260224,20210913,PI,1219
43488804,0001,1,DBO ESPORTES,02,20210913,20210913,SP,6313
43490088,0001,1,MEGA FITNESS ACADEMIA,02,20240112,20210913,AC,0659
43490354,0001,1,STUDIO FOCUS PILATES E TREINAMENTO FUNCIONAL,02,20210913,20210913,MG,4553
43490379,0001,1,,02,20210913,20210913,RS,8791
43500528,0001,1,,08,20240926,20210913,RS,8773
43507580,0001,1,CORPO ATIVO PILATES E FISIOTERAPIA,02,20210914,20210914,DF,9701
43512017,0001,1,GRACIE BARRA LOURDES,02,20240306,20210914,MG,4123
33262520,0001,1,POWER FIT,02,20190405,20190405,RS,8959
43525362,0001,1,,02,20210915,20210915,PE,2489
43527163,0001,1,ACADEMIA CROSS LIFE FIT,02,20210915,20210915,MG,4983
43533625,0001,1,HYBRIGYM,02,20210915,20210915,PR,7535
42455474,0001,1,OLD SCHOOL,08,20211105,20210624,SP,7107
43546726,0001,1,MECCA GYM,04,20231117,20210916,SP,6291
43554632,0001,1,CT BARRACAO NOVO CENTRO,02,20210917,20210917,PR,7691
43555153,0001,1,ACADEMIA DNYZZ,08,20220510,20210917,DF,9701
43555573,0001,1,CT ARENA BRAGA,02,20210917,20210917,RJ,5837
43557474,0001,1,ACADEMIA LIFE,02,20210917,20210917,BA,3813
43558306,0001,1,ACADEMIA ERIKA BARRETO,02,20210917,20210917,RJ,5819
43560306,0001,1,CENTRO DE TREINAMENTO FLEX GYM,02,20210917,20210917,GO,9225
27553349,0001,1,,08,20210917,20170419,PR,7493
43580531,0001,1,,02,20210920,20210920,SP,6969
43588558,0001,1,ELETROBODY,04,20260522,20210921,BA,3849
43589867,0001,1,,02,20210921,20210921,MG,5091
43592239,0001,1,CROSS EXPERIENCE PARELHEIROS,08,20260210,20210921,SP,7107
43594697,0001,1,,02,20210921,20210921,RS,8801
43602251,0001,1,,02,20210921,20210921,RJ,5819
43610058,0001,1,,02,20210922,20210922,RS,0978
43617511,0001,1,LIMEIRA FITNESS,02,20210922,20210922,ES,5625
21613175,0002,2,SPORT CENTER VIX,08,20220816,20210922,RJ,5915
43632324,0001,1,ACADEMIA MAGNUS,04,20231026,20210923,CE,1467
43633139,0001,1,CHALLENGE SCHOOL FIGHT,02,20240731,20210923,SP,6313
43636527,0001,1,GYMFIT DIRCEU ACADEMIA,02,20210923,20210923,PI,1219
43638149,0001,1,CROSS NUTRITION BOX,08,20240701,20210923,PE,2391
43642021,0001,1,ACADEMIA PLENO VIGOR,02,20210924,20210924,MS,9051
43645132,0001,1,STUDIO ENERGY,08,20230209,20210924,SC,8175
43647724,0001,1,MEGA FITNESS,08,20240622,20210924,SE,3113
43668547,0001,1,,02,20210927,20210927,RS,8591
43669508,0001,1,LEAL FITNESS,02,20210927,20210927,CE,1309
43672929,0001,1,S N C FITNESS,04,20240820,20210927,MA,0921
31936671,0007,2,FS02 - SMART FIT ESTREITO,02,20210928,20210928,SC,8105
43677397,0001,1,ZERODZ9 TREINAMENTO E PERFORMANCE,02,20210928,20210928,SP,6639
43681797,0001,1,ACADEMIA DA VILA,08,20230214,20210928,SP,6371
43686030,0001,1,WM STUDIO BOX,02,20210928,20210928,GO,9373
43688700,0001,1,,08,20240611,20210928,PR,7407
43689486,0001,1,MR CENTRO ESPORTIVO,02,20210928,20210928,MG,4211
43695115,0001,1,NAVVII - CENTRO DE TREINAMENTO E PROMOCAO DA SAUDE,02,20210929,20210929,RJ,6001
43698143,0001,1,MAHHA GYM,02,20210929,20210929,PR,7535
43702852,0001,1,FISIOLIFE,02,20210929,20210929,SP,6597
07594978,0451,2,,02,20210929,20210929,RJ,6001
43707310,0001,1,ALPHA ACADEMIA FITNESS,02,20210929,20210929,SP,7107
27102767,0001,1,STUDIO 8 TREINAMENTO FUNCIONAL,02,20230810,20170214,SE,3105
43714135,0001,1,INMOOVE - MOVIMENTO INDIVIDUAL,02,20210930,20210930,SC,8097
43728459,0001,1,PILATES STUDIO TAYLANA FERNANDES,02,20211001,20211001,SP,7107
43732881,0001,1,ACADEMIA COACH,02,20211001,20211001,PE,2531
43749897,0001,1,STUDIO MAIS PILATES,02,20211004,20211004,DF,9701
43755519,0001,1,MR.FIT CLASSIC GYM,02,20211004,20211004,SC,8179
43755703,0001,1,STUDIO MOVEMENT,02,20211004,20211004,BA,3661
43758217,0001,1,,02,20211004,20211004,SP,7107
43765530,0001,1,BEACH TENNIS CLUBE,02,20211005,20211005,GO,9269
43562709,0001,1,RTM CONDICIONAMENTO FISICO & SAUDE,08,20230510,20210917,RS,8801
43786192,0001,1,D FIT,02,20211006,20211006,PE,2531
31424968,0002,2,ACADEMIA GARDNA PRO SPORT,08,20231128,20211006,PA,0447
43787354,0001,1,ANA PAULA DE CAMPOS ATIVIDADES DE FISIOTERAPIA,08,20240404,20211006,PR,7493
43794448,0001,1,EVOLUTE STUDIO FITNESS,02,20211006,20211006,GO,9373
43795686,0001,1,ACADEMIA WALLYFITNESS,02,20211006,20211006,GO,9351
43804539,0001,1,,04,20231113,20211007,SP,6137
29634258,0001,1,UNIAO TRAINING CENTRO DE TREINAMENTO,02,20180206,20180206,GO,9373
43809715,0001,1,BRUNA YAMANOE PERSONAL TRAINER,02,20211007,20211007,PR,7483
31309158,0003,2,LHDAS GINASTICA,02,20220623,20211007,SP,7107
43817903,0001,1,I S S FITNESS,08,20260603,20211008,TO,9697
43824032,0001,1,DK2 FITNESS,02,20211008,20211008,PE,2513
43825042,0001,1,ACADEMIA POWER FIT,08,20241025,20211008,SC,5743
27039524,0001,1,STUDIO AGUIA,08,20220301,20170206,SC,8047
43803145,0001,1,H2M STUDIO,08,20220706,20211007,SC,8263
34959746,0001,1,BEM ESTAR ACADEMIA,02,20190923,20190923,RS,5965
33441063,0001,1,RRM FITNESS,02,20190424,20190424,MG,4895
43813803,0001,1,ANA AIURA STUDIO DE PILATES,02,20211007,20211007,SP,7135
31857951,0001,1,RENATO MARQUES CENTRO DE TREINAMENTO,02,20181025,20181025,GO,9373
27538260,0001,1,ACADEMIA DA VOVO,08,20240205,20170413,SP,6213
33746487,0004,2,LIVE ACADEMIA,08,20250114,20200812,AM,0255
34717450,0001,1,ACADEMIA STAR FITNESS,08,20211129,20190830,PE,2357
29956557,0001,1,,02,20180316,20180316,SP,7113
34863771,0002,2,URSA ATHLETICS,08,20211209,20191125,SC,8089
39676297,0001,1,ESTUDIO FIT ACADEMIA E ESTETICA,08,20211213,20201105,GO,9221
38261563,0021,2,,08,20211130,20201214,BA,3849
33646207,0001,1,BLAZE FIT CENTRO DE TREINAMENTO,02,20190516,20190516,GO,9599
39305189,0001,1,RUSSO ACADEMIA,02,20201005,20201005,MG,0674
33538566,0001,1,FAMILYFIT,08,20230926,20190506,CE,1389
07594978,0430,2,,02,20210809,20210809,SP,6789
28322707,0001,1,STUDIO SER PERSONAL E REABILITACAO,02,20170802,20170802,MS,9051
32807066,0001,1,CT FITNESS,02,20190218,20190218,RN,1827
33944959,0001,1,ACADEMIA SPORT MIX,08,20220125,20190617,MG,5091
38008248,0001,1,ALIANCA FIT ACADEMIA,02,20230204,20200807,PA,0415
28786678,0001,1,LETICIA ALVES PERSONAL TRAINER,04,20220128,20171004,CE,1389
29570192,0001,1,STARTLIFE ACADEMIA,04,20220128,20180130,CE,1373
38141527,0001,1,POWER FIT GYM,02,20200818,20200818,MS,9123
32447684,0001,1,GOLDEN SHARK,08,20240808,20190115,GO,9227
37700544,0001,1,BOX VERA CRUZ,08,20230215,20200713,ES,5625
37640504,0001,1,STUDIO HB TRAINING,08,20260406,20200707,PA,0447
27758995,0001,1,MISTERFIT,04,20220208,20170517,SP,7121
27207989,0001,1,,08,20250320,20170302,PR,7535
26232063,0001,1,EDUCATRIO,02,20220712,20160923,SP,6477
35584690,0001,1,ACADEMIA CROSS EXPERIENCE POCO FUNDO,08,20220214,20191122,MG,5033
43822327,0001,1,,02,20211008,20211008,SP,7107
34765038,0001,1,BOM TREINO FITNESS,02,20190904,20190904,AL,2741
40711065,0001,1,GOIAS FISICULTURISMO E FITNESS,02,20210204,20210204,GO,9373
41863402,0001,1,,02,20210507,20210507,SP,6713
41752154,0001,1,ACADEMIA OASIS,02,20210429,20210429,SP,7149
37822919,0001,1,MOVIMENTO FITNESS,02,20200722,20200722,MG,4123
26204690,0001,1,FLORENCIO BALE,08,20220309,20160920,MG,5041
39247562,0001,1,BE HAPPY,02,20200930,20200930,MG,5343
34229124,0001,1,INTENSYFIT,08,20220315,20190715,PR,7535
08800703,0002,2,AURA PILATES,02,20181121,20181121,SP,7107
31001835,0001,1,INSTITUTO VIVENCE,02,20180723,20180723,GO,9571
26551544,0001,1,,08,20220328,20161117,MG,4553
32883601,0001,1,LIFE STYLE FITNESS,02,20190226,20190226,GO,9677
26331014,0001,1,GL PHYSICAL,08,20241204,20161011,AP,0605
31329060,0001,1,ACADEMIA MAX FORMA,08,20220502,20180824,MS,9051
34848167,0001,1,Renata Santos Almeida,02,20190912,20190912,SP,7145
32648777,0001,1,POWERFIR ACADEMIA,02,20190204,20190204,DF,9701
31367663,0001,1,BE MORE CROSSFIT,02,20180829,20180829,SP,6921
35114159,0001,1,T-MAX FIT & CROSS,02,20191008,20191008,PI,1219
29013680,0001,1,3SJ FITNESSS ACADEMIA LTDA,02,20220426,20171107,BA,3607
28979484,0001,1,CENTRO DE TREINAMENTO NINO BALA,08,20231017,20171031,PE,2531
28767433,0001,1,CIRCUITOFIT ACADEMIA,02,20170929,20170929,SP,6311
43563942,0001,1,NOVA REACAO SPORT CENTER,02,20210917,20210917,SC,8081
39226555,0001,1,BRAVO ES,02,20200929,20200929,ES,5703
33818713,0001,1,STUDIO SEVENFIT,08,20230116,20190604,BA,3515
34049934,0001,1,TRIBULL CF JB,02,20190627,20190627,RS,8801
32270973,0001,1,EVOLUTION FITNESS,02,20220708,20181217,BA,3965
28242334,0001,1,CTE PEDRO DIAS,02,20220316,20170721,SP,7075
32857990,0001,1,HOLOS TRAINER,02,20260526,20190222,MT,9909
39453115,0001,1,LAZARO FERREIRA,02,20201016,20201016,SP,7107
32952371,0001,1,CENTRO DE TREINAMENTO CLEBER BORGES,02,20190307,20190307,SP,6597
27116216,0001,1,,08,20220705,20170215,SP,6477
29135600,0001,1,ACADEMIA NOVA FITNESS,02,20171123,20171123,ES,5703
42398712,0001,1,,02,20210621,20210621,SC,8297
43348474,0001,1,RM STUDIO,02,20210831,20210831,PR,0854
35239687,0001,1,H2O INDIVIDUALIZACAO,08,20220725,20191018,RJ,6001
28606401,0001,1,RAPHA BORGES PERSONAL TRAINER,08,20220725,20170911,SP,7107
42191250,0001,1,TATIANE NINELLI,02,20210602,20210602,SP,7079
28152998,0001,1,COMMUNITY FITNESS VCA,02,20170711,20170711,BA,3965
39829401,0001,1,GINASTICA JUNDIAI,02,20201118,20201118,SP,6619
35358843,0001,1,CROSS EXPERIENCE BURITIS,02,20191030,20191030,MG,4185
28897322,0001,1,STUDIO PRIETO,02,20210720,20171019,SP,7071
41960141,0001,1,,02,20210516,20210516,RN,1761
30057094,0001,1,T & M ACADEMIA,03,20240208,20180328,PA,0415
29805578,0001,1,,02,20180228,20180228,PR,9983
43752748,0001,1,GN BOX,02,20211004,20211004,SC,8055
43036814,0001,1,VIPE FITNESS ACADEMIA,02,20210806,20210806,PE,2513
28183326,0001,1,,03,20220915,20170714,RJ,5813
30323583,0001,1,TRACK FITNESS,02,20180427,20180427,GO,9595
30925715,0001,1,STUDIO POSTIGO'S POWER TRAINING,08,20220916,20180713,SP,7107
42117359,0001,1,,02,20210527,20210527,MT,9871
29980329,0001,1,LIDIANE TUSSI PILATES,02,20180320,20180320,PR,7617
41734298,0001,1,ACADEMIA FORMA E SAUDE,02,20210428,20210428,AL,2645
32439555,0001,1,PAMELA SANTOS PERSONAL,08,20230512,20190114,SP,6219
36530726,0001,1,VELO UNITED,02,20200303,20200303,SP,6291
34362189,0002,2,AYOZEN,02,20201020,20201020,CE,1389
40861728,0001,1,ATHLETICAL GYM,02,20210215,20210215,RS,8871
34706288,0001,1,CROSS FIT HARPIA,02,20190829,20190829,DF,9701
38119956,0001,1,LISANNE FISIOTERAPIA,02,20200817,20200817,SP,7107
35445861,0001,1,ACADEMIA EVOLVE GYMBOX,02,20191107,20191107,GO,9433
27850226,0001,1,ACADEMIA PRATIQUE,02,20170530,20170530,SP,7107
31897445,0001,1,INTENSE FIT,02,20181030,20181030,SC,8025
30056521,0001,1,,02,20210820,20180328,SP,7107
29483148,0001,1,C.T. ALPHA,02,20180119,20180119,PE,2313
30028258,0001,1,PURE PILATES BELEM,02,20180324,20180324,SP,7107
37425788,0001,1,CT HARMONIZE,04,20260522,20200616,RJ,5865
30568719,0001,1,ATHLETIC MOVES,02,20180528,20180528,RJ,6001
38120534,0001,1,C.T BRUTUS,02,20200817,20200817,RJ,6001
39534939,0001,1,ACADEMIA BETTER LIFE,02,20201023,20201023,GO,9573
31598975,0001,1,,02,20180925,20180925,RS,8801
32265708,0001,1,ACADEMIA FORCA TOTAL,02,20220316,20181217,BA,3849
41607197,0001,1,ACADEMIA GAVIOES,02,20210416,20210416,ES,5699
42079786,0001,1,NFITNESS ACADEMIA,02,20210525,20210525,MA,0727
33470094,0001,1,,02,20190426,20190426,PR,7535
33863957,0001,1,STUDIO VALOIS,08,20230627,20190607,PB,2051
33956704,0001,1,CF APOLLO,02,20190618,20190618,MG,4123
34401773,0001,1,TATA FITNESS ACADEMIA,02,20190801,20190801,SC,0948
40421589,0001,1,ESPORTES PREPARACAO FISICA,02,20210115,20210115,MG,4123
30165186,0001,1,HOMEOSTASE HOME TRAINER,02,20180411,20180411,MG,5373
37553381,0001,1,STARK STUDIO PILATES,02,20200629,20200629,SP,7121
29989160,0001,1,,02,20180320,20180320,ES,5727
34673372,0001,1,,02,20190827,20190827,RJ,6001
41215495,0001,1,E-BODY MOEMA,08,20221222,20210315,SP,7107
31700962,0001,1,095 CROSS,04,20260525,20181005,MT,9185
33765434,0001,1,PANOBIANCO ACADEMIA,02,20190529,20190529,SP,6511
43240780,0001,1,WIP CREW ACADEMIA,08,20260330,20210823,RS,8879
28059661,0001,1,,08,20230116,20170628,PR,7859
30631377,0001,1,TRAINER STUDIO PERSONAL,08,20230123,20180606,MG,4859
37129932,0001,1,SIGA FIT CLUB,04,20240814,20200513,SE,3223
31373712,0001,1,DESPERTAR SAUDE,08,20240226,20180829,SP,6141
33727394,0001,1,BOX NOVA VENECIA,02,20190524,20190524,ES,5677
42984232,0001,1,ACADEMIA PRATIQUE FITNESS,02,20210804,20210804,MG,4751
30509680,0001,1,ACADEMIA MAROMBAS FIT,02,20180521,20180521,PI,1159
26436625,0001,1,,02,20161027,20161027,SP,7107
32982006,0001,1,SCELTA SKILL,02,20190311,20190311,SP,6213
30305496,0001,1,DUO NUTRI,08,20230203,20180426,MG,5273
43607069,0001,1,ATITUDE BRASIL,08,20230206,20210921,BA,3807
27093444,0001,1,ELITE ACADEMIA,02,20170213,20170213,SP,6291
33563058,0001,1,ESTUDIO PILATES KARINE BRIZOLLA,08,20231228,20190508,MT,9907
40015334,0001,1,CROSS EXPERIENCE IGUAPE,08,20240715,20201202,SP,6507
28237399,0001,1,R F DA SILVA GADELHA,08,20230308,20170721,PE,2301
36931656,0001,1,ESPACO FITNESS ACADEMIA,02,20200414,20200414,PA,0399
26468899,0001,1,ACE - CENTRO DE DESENVOLVIMENTO ESPORTIVO,02,20161103,20161103,AP,0605
32944285,0001,1,,02,20190306,20190306,PE,2531
29011430,0001,1,,02,20171107,20171107,PR,7821
32403819,0001,1,ESPACO ANDREA BARRETO,02,20190110,20190110,SP,7079
36407033,0001,1,EAGLE BOX CROSS TRAINING,08,20240725,20200218,GO,9265
31058658,0001,1,GRECIA ACADEMIA,08,20250915,20180730,PE,2521
34582941,0001,1,CL SUTDIO DE TREINAMENTO FISICO FEMININO,08,20260121,20190819,RS,8819
41049064,0001,1,CONSTANTINO GYM,02,20210301,20210301,BA,3803
36214019,0001,1,HEROES CT,08,20230503,20200131,RJ,6001
41548607,0001,1,TOP LIFE,02,20210412,20210412,MT,1046
35282147,0001,1,MUTARE PERFORMANCE E MOVIMENTOS,02,20191023,20191023,RJ,5867
41919441,0001,1,CASA DA HIDROGINASTICA E NATACAO,08,20230518,20210512,MS,9051
26451700,0001,1,STUDIO C4,02,20161031,20161031,AP,0605
36309275,0001,1,UP GESTAO ESPORTIVA,02,20200210,20200210,SP,7107
35060586,0001,1,BODY STEEL ACADEMIA,02,20191002,20191002,RJ,5825
42180120,0001,1,,02,20210602,20210602,SC,8199
41428659,0001,1,BE HEALTHY,02,20210401,20210401,SP,7107
34707060,0001,1,SKULL GYM,02,20190829,20190829,SP,6149
29496176,0001,1,,02,20180122,20180122,SP,6779
36008840,0001,1,WOLF CROSSFIT,08,20230705,20200115,PE,2457
35393244,0001,1,STRONG,02,20191104,20191104,MG,5359
32955937,0001,1,STAR FITNESS ACADEMIA,02,20190307,20190307,GO,9561
26908090,0001,1,PERSONALCOSTA ASSESSORIA ESPORTIVA,08,20230721,20170119,SP,7107
40237519,0001,1,ACADEMIA OLYMPUS7 FITNESS GYM,08,20230728,20210104,MG,5343
33694916,0001,1,ALX PRODUTORA,08,20230829,20190522,RS,8771
40185983,0001,1,,02,20201223,20201223,ES,5703
32090733,0001,1,CONSTRUTORA ROCHA & EMPREENDIMENTOS,04,20260521,20181123,PI,1013
40133404,0001,1,DK FITNESS,02,20201216,20201216,MT,9167
39995182,0001,1,CRANIUS METHODOLY,02,20201202,20201202,SC,8179
33297625,0001,1,IRON ACADEMIA,02,20220321,20190409,SP,7121
29801157,0001,1,HG FITNESS,02,20180228,20180228,RS,8637
26749860,0001,1,ESPACO VITTA SAUDE,02,20161221,20161221,ES,5705
33030969,0001,1,,08,20231003,20190314,SP,7183
32909304,0001,1,MOVIMENT - FISIOTERAPIA E PILATES,02,20190227,20190227,GO,9565
43125584,0001,1,ACADEMIA DE MUSCULACAO NEW FITNESS GUATAMBU,02,20210814,20210814,SC,5583
38708096,0001,1,MOSAICO EMPREENDIMENTOS IMOBILIARIOS,02,20200923,20200923,SP,6251
26956127,0001,1,SINISTRO PREMIUM,02,20161019,20161019,PR,7535
32062404,0001,1,MAIS MOVE CROSS,04,20260529,20181121,AM,0255
34705868,0001,1,VIRTUDE FITNESS,02,20240523,20190829,AP,0605
28289982,0001,1,FITMAIS50,02,20170728,20170728,SP,6425
27817193,0001,1,ESPACOFIT,02,20240710,20170525,RJ,6001
38293231,0001,1,GK ASSESSORIA ESPORTIVA,08,20240503,20200901,SP,2951
41718901,0001,1,,04,20231110,20210426,PR,7535
41889850,0001,1,ACADEMIA FORMA FISICA,02,20240418,20210510,SP,6131
36148171,0001,1,ACADEMIA OLIVEIRA FORCE,02,20200127,20200127,MT,8999
34714214,0001,1,FOCUS ACADEMIA,02,20220810,20190830,PA,0515
37653933,0001,1,ACADEMIA EXTREME POWER EIRELI,04,20240828,20200708,SP,6723
30971112,0001,1,ACADEMIA VIGOR,02,20241002,20180719,BA,3573
43420877,0001,1,CAMS - SERVICOS DE APOIO ADMINISTRATIVO,02,20210903,20210903,BA,3849
26724816,0001,1,SUN BODY PILATES,02,20161216,20161216,SP,6181
28835645,0001,1,ACADEMIA BRAGAFIT,02,20240124,20171010,GO,9297
27825871,0001,1,BELA PRADO PERSONAL STUDIO,02,20170526,20170526,PI,1219
32044754,0001,1,IMPERIO CROSSFIT,08,20241107,20181119,DF,9701
29802868,0001,1,K2 FIT,02,20180228,20180228,AL,2641
33901598,0001,1,FITBURN,02,20190612,20190612,MG,4123
31518067,0001,1,ACADEMIA PEDRO BITENCOURT,08,20241227,20180917,SE,3105
39296556,0001,1,,02,20201003,20201003,SP,7107
39417255,0001,1,STUDIO MEGA,02,20201014,20201014,MG,4445
29328611,0001,1,.,02,20210409,20171227,RJ,5909
42443583,0001,1,TIGER CROSS,02,20210623,20210623,BA,3467
40709678,0001,1,,02,20210204,20210204,SP,6773
28528631,0001,1,HAPPYFIT,02,20210225,20170829,PE,2323
36079852,0001,1,ACADEMIA NEW GALAXY FIT II,02,20250329,20200121,SP,7107
42476912,0001,1,,02,20210625,20210625,SP,6377
37519127,0001,1,STRIKEFIT ACADEMIA,02,20200624,20200624,RJ,5801
39829583,0001,1,ON SHAPE ACADEMIA,02,20201118,20201118,PR,7727
40735464,0001,1,,02,20210205,20210205,SP,6891
39266182,0001,1,SPORTSMIND EU SOU,02,20201001,20201001,SP,7107
40623212,0001,1,MV FITNESS CLUB,02,20210129,20210129,RJ,6001
40168405,0001,1,CTDESAFIT,08,20250620,20201221,PE,2381
40078587,0001,1,,02,20201210,20201210,SP,6477
40540459,0001,1,STUDIO FORMA FITNESS - TREINOS PERSONALIZADOS,02,20210125,20210125,RS,8609
39326105,0001,1,ATIVIMENTE,02,20201006,20201006,SP,7057
26957143,0001,1,TITANIUM ACADEMIA,02,20170126,20170126,PE,2337
33736408,0001,1,INOVE ACADEMIA,02,20190527,20190527,PA,0587
40927506,0001,1,GREEN FIT,02,20210221,20210221,DF,9701
36767230,0001,1,BOOTCAMP URBAN,02,20200325,20200325,PR,7937
43277973,0001,1,,02,20210825,20210825,BA,3413
35300033,0001,1,HOLD STRONG CENTRO DE TREINAMENTO PERSONALIZADO,02,20191024,20191024,SP,6469
39613504,0001,1,,02,20201029,20201029,MG,0620
40803377,0001,1,ONE2ONE FIGHT,02,20210210,20210210,SP,7107
30556046,0001,1,ONE GYM ACADEMIA,08,20251006,20180523,SP,6639
40668644,0001,1,BPR SPORTS,02,20210202,20210202,SP,7107
36343394,0001,1,ACADEMIA CORPO E SAUDE,02,20200212,20200212,DF,9701
35835613,0001,1,CLEI OLIVEIRA - PILATES,02,20211014,20191220,SP,7071
43203111,0001,1,GOLDEN FITNES ACADEMIA,02,20231110,20210819,MA,0813
27687010,0001,1,CLUBE DO FAROL,02,20170509,20170509,ES,5683
37994235,0001,1,ELLUCE STUDIO,02,20200806,20200806,SP,7107
26003048,0001,1,PERSONAL YURI,08,20180124,20160822,SP,7107
26536914,0001,1,PERFEITA HARMONIA,08,20190326,20161114,SP,6969
29090571,0001,1,ACADEMIA VIDA E SAUDE,04,20220128,20171117,BA,3903
35201784,0001,1,,02,20191016,20191016,RJ,6001
25975877,0001,1,ESPACO FITNESS VICIO,04,20210225,20160818,RS,8511
26090914,0001,1,G. A. FIT ACADEMIA,02,20160902,20160902,PB,2037
26164722,0001,1,VIVA SAUDE BY OLIVIA PEGADO,02,20241119,20160914,MG,4031
26898853,0001,1,,04,20210416,20170118,MG,4123
27219729,0001,1,STUDIO DE MUSCULACAO DANIEL MARDEGAN,02,20241011,20170303,SP,6137
27352618,0001,1,POWER FIT ACADEMIA,08,20170526,20170321,PB,1981
27456584,0001,1,GISELLE MACENA,08,20220602,20170404,PB,2051
28288427,0001,1,ANDREZA PERIN ACADEMIA,02,20170726,20170726,SC,8119
28738718,0001,1,J.E SPORTS TEAM,04,20220128,20170927,RS,8589
28790667,0001,1,GUSTAVO DAGHER PAZETI,08,20241224,20171004,SP,6425
28868426,0001,1,,08,20171215,20171017,SP,7079
28887819,0001,1,TAIRAN ROMANI FERREIRA,08,20171108,20171019,PR,0870
29011542,0001,1,BODY & MOVEMENT,02,20230321,20171107,RJ,6001
26914855,0001,1,STUDIO SAUDE,08,20180126,20170120,PR,8457
30496693,0001,1,INSIDER BOX JORDANESIA,08,20191206,20180518,SP,6285
31625784,0001,1,STRONG FIT,02,20180927,20180927,SP,6859
08902396,0002,2,FIZIKA FITNESS,08,20251203,20181025,RN,1779
32343235,0001,1,PILATES FIT,04,20210311,20190103,RJ,6001
33371652,0001,1,,02,20190416,20190416,SP,6511
34008285,0001,1,INFANTARIA F2,02,20190624,20190624,RJ,5897
35222290,0001,1,ACADEMIA STILLO FITNESS,08,20200324,20191017,GO,9625
36655295,0001,1,EMAGRECE NA PRAIA,04,20260515,20200312,CE,1389
36689543,0001,1,SPACE GYM,02,20200316,20200316,SC,8179
37800081,0001,1,STUDIO POWER FITNESS,02,20240918,20200721,SP,6563
39157167,0001,1,MOVIMENTE - SE,08,20250307,20200928,MG,4683
33697074,0001,1,MAXIMUS FITNESS I,08,20201119,20190522,MG,0746
34466569,0002,2,,04,20260520,20210211,BA,3849
34399820,0001,1,,08,20240328,20190801,PR,7565
38176452,0001,1,MAORI GROUP FITNESS,08,20231026,20200821,SC,8105
33834741,0004,2,ACADEMIA USINA SEVEN,08,20240626,20210524,PR,7583
42886072,0001,1,ELITE FITNESS,08,20260106,20210727,RS,8771
43375222,0001,1,CENTRO AQUATICO AQUA PLAY,02,20210901,20210901,MG,4249
27804961,0001,1,017 CENTRO DE TREINAMENTO,02,20170524,20170524,SP,6311
26050629,0001,1,LN SPORTS,02,20160829,20160829,ES,5699
31785851,0001,1,4LIFE TREINAMENTO FUNCIONAL,02,20181017,20181017,RS,6033
28984788,0001,1,,02,20171101,20171101,PB,2125
26295208,0001,1,ACADEMIA BODY HEALTH,02,20161005,20161005,SP,6177
28580922,0001,1,UNIFIT CG ACADEMIA,02,20170905,20170905,PB,1981
34908840,0001,1,ACADEMIA FALCAO FIT,02,20190918,20190918,MA,0244
40712260,0001,1,,08,20260126,20210204,ES,5629
35558437,0001,1,ACADEMIA SHALOM,02,20211109,20191119,GO,9227
40376727,0001,1,KING CROSS,02,20210113,20210113,AL,2785
42548674,0001,1,DUO PILATES,02,20210701,20210701,RS,8785
42039858,0001,1,B.K.U. PERFORMANCE & REABILITACAO ESPORTIVA,02,20210521,20210521,SP,7107
36842878,0001,1,STUDIO LRK PERFORMANCE,02,20200401,20200401,RS,8511
43251186,0001,1,,02,20210824,20210824,SP,6801
29168169,0001,1,,02,20171129,20171129,SC,9973
41872397,0001,1,,02,20210508,20210508,MG,4123
28221922,0001,1,DU PERSONAL TRAINER,02,20170719,20170719,MG,4349
43036657,0001,1,,02,20210809,20210809,SC,8135
28807235,0001,1,,02,20171006,20171006,PR,7845
42324545,0001,1,DFIT EXPRESS,02,20210615,20210615,MG,4733
28581805,0001,1,ESPACO IDEAL - SAUDE E MOVIMENTO,02,20251224,20170905,CE,1537
33149734,0001,1,ACADEMIA GAVIOES SAO MIGUEL EIRELI,02,20190326,20190326,SP,7107
39534801,0001,1,POSTO 14 ESPORTES DE AREIA,02,20201023,20201023,GO,9599
43653827,0001,1,ACADEMIA STIVE GYM,04,20231120,20210924,PE,2519
31724231,0001,1,ACADEMIA PERFORMANCE,02,20181009,20181009,TO,9385
36417811,0001,1,ACADEMIA FITNESS W.A,02,20250422,20200218,RS,8975
34430018,0001,1,ATP TRANING,02,20190805,20190805,PR,7513
43247247,0001,1,ROWENA YOGA,08,20260415,20210824,ES,5705
35703951,0001,1,EVO FITNESS,02,20191204,20191204,SP,6711
29914970,0001,1,POWER GYM ACADEMIA,02,20180313,20180313,GO,9743
32112796,0001,1,DUO FIGHT CLUB,02,20181127,20181127,RS,8749
39977235,0001,1,CLUBE DA SAUDE ACADEMIA DA FAMILIA,02,20201201,20201201,SP,7107
34032199,0001,1,,04,20260522,20190626,SP,6219
26749228,0001,1,ACADEMIA PONTO 7,04,20260512,20161221,ES,5705
28812577,0002,2,PHD SPORTS,04,20260519,20190108,PR,7535
32290885,0001,1,CT ALPHA,02,20250121,20181219,PA,0443
34420217,0001,1,ACADEMIA SPORT VERAO,04,20260526,20190804,SE,3195
27706695,0001,1,EA ASSESSORIA ESPORTIVA,02,20230118,20170511,PA,0427
40527643,0001,1,,04,20260603,20210122,SC,8161
43826260,0001,1,TRIADE CENTRO DE TREINAMENTO ESPECIALIZADO,02,20211008,20211008,TO,9733
43844121,0001,1,SOLFIT ACADEMIA,02,20211011,20211011,PE,2385
43856748,0001,1,ACADEMIA ADRENALINA FITNESS,02,20211013,20211013,SP,7099
43858977,0001,1,GARDEN CITY STUDIO DE PILATES E RPG,08,20260505,20211013,RJ,6001
43871134,0001,1,SUPERACAO,02,20211014,20211014,SP,6643
43874539,0001,1,CROSS EXPERIENCE JARDIM PATRICIA,02,20211014,20211014,MG,5403
43876975,0001,1,CENTRO DE TREINAMENTO JONDY PACHECO,02,20211014,20211014,AP,0615
43880774,0001,1,ACADEMIA DA PRAIA,02,20211014,20211014,BA,3715
43881810,0001,1,FLUIR,02,20211014,20211014,BA,3849
43887584,0001,1,,02,20211015,20211015,SP,6875
43895136,0001,1,TOP 10 ACADEMIA,02,20211015,20211015,SC,8233
43903750,0001,1,CROSS LIFE CENTRO PELOTAS,08,20231222,20211018,RS,8791
43913376,0001,1,MATCH FIT,02,20211018,20211018,PE,2379
43916431,0001,1,,02,20211018,20211018,SP,7071
43921465,0001,1,ARENA SAUDE E ESTETICA,04,20260608,20211019,AM,0255
43929304,0001,1,RW SPORTS,08,20240621,20211019,SP,6213
43930737,0001,1,CT ADRIANO PIRES,02,20211019,20211019,GO,9485
43933148,0001,1,,02,20211019,20211019,MG,4123
43944940,0001,1,CENTRO DE TREINAMENTO EVOLUCAO,02,20211020,20211020,BA,3573
43945974,0001,1,RC TEAM AULAS COLETIVAS,02,20211020,20211020,RJ,6001
43952329,0001,1,KOMBAT FITNESS CARREIRO,02,20211021,20211021,GO,0059
43968933,0001,1,ACQUA MAIS FITNESS,02,20211021,20211021,SP,7107
43974577,0001,1,RHAY SECA VOCE,04,20231121,20211022,RJ,1116
43978967,0001,1,,02,20211022,20211022,MG,4875
43980793,0001,1,VOLT PERSONAL TRAINING,02,20211022,20211022,PR,7535
43985848,0001,1,CROSSTIBA,04,20240816,20211022,AM,0255
43988256,0001,1,ACADEMIA PIONEER FIT,08,20240828,20211023,MG,5067
43989975,0001,1,FURACAO DAS BATATAS 2.0,02,20211023,20211023,RJ,6001
43996924,0001,1,MK TREINAMENTOS,02,20211025,20211025,PR,7493
43999566,0001,1,CAFE ACADEMIA,02,20211025,20211025,PB,2159
44008516,0001,1,ELETROLIFE CANOAS,02,20211025,20211025,RS,8589
44013359,0001,1,LIFE FITNESS,02,20211026,20211026,PI,1177
44015225,0001,1,ACADEMIA F10,02,20211026,20211026,MG,5139
44018010,0001,1,GR3 CROSS SETOR OESTE,08,20240103,20211026,GO,9373
44032692,0001,1,ENGENHARIA DO CORPO,08,20220304,20211027,GO,9373
44040052,0001,1,ONE CROSS TRAINING,02,20211027,20211027,CE,1385
44044528,0001,1,LBBC,02,20211027,20211027,PR,7691
44052770,0001,1,QUIMERA GYM,02,20211028,20211028,BA,3089
44052922,0001,1,ATIVE +,02,20211028,20211028,PE,2521
44056362,0001,1,,08,20230412,20211028,SP,7107
44060991,0001,1,,02,20211028,20211028,RJ,5865
44061736,0001,1,STUDIO MOVIMENTE PILATES E FUNCIONAL,02,20211028,20211028,RJ,5867
44099256,0001,1,PRO MONKEY CROSS TRAINING,02,20211103,20211103,MS,9093
44102850,0001,1,MOVICLIN,02,20211103,20211103,SP,7183
44104940,0001,1,STUDIO PERSONALIZADO FIT TRAINER,08,20230202,20211103,MS,9131
44105863,0001,1,ESPACO FITNESS,04,20231117,20211103,PR,7515
44109667,0001,1,EAGLES CENTRO DE TREINAMENTO,02,20211103,20211103,SP,6477
44121955,0001,1,MILTON FITNESS,03,20250701,20211104,MT,8985
44122814,0001,1,FOX FIT,02,20211104,20211104,MS,9063
44130856,0001,1,,08,20220418,20211105,MG,4771
44136732,0001,1,PHD SHOPPING BOULEVARD,02,20211105,20211105,PR,7535
44142341,0001,1,METAMORFOSE ACADEMIA,02,20211105,20211105,RS,8781
44158466,0001,1,ACADEMIA FITSPACE LIFE,04,20240813,20211108,PR,7535
44160370,0001,1,F8 FITNESS - STUDIO PERSONAL TRAINERS,02,20211108,20211108,RS,8845
44167503,0001,1,CORPO & SAUDE,02,20211108,20211108,BA,3849
44172969,0001,1,STUDIO VELOCITY VILA DA SERRA,02,20211109,20211109,MG,4895
44179603,0001,1,ACADEMIA PROGYM,08,20230901,20211109,PR,7513
24921465,0061,2,,08,20220503,20211110,SP,6477
44001515,0001,1,STAR TRAINING,08,20260203,20211025,MG,4133
44198757,0001,1,STUDIO T,08,20230330,20211110,BA,3781
44203734,0001,1,MAICHAKI PERSONAL,02,20211111,20211111,SP,6875
44205887,0001,1,CORPO E MENTE ACADEMIA,02,20211111,20211111,MT,9783
44206866,0001,1,,02,20211111,20211111,MT,9907
44207290,0001,1,ACADEMIA POWER LIFE,02,20211111,20211111,PE,2321
44208550,0001,2,SPARTA ACADEMIA,04,20260610,20211111,MG,4107
44221923,0001,1,DOGMA CROSSTRAINING,08,20240521,20211112,PI,1153
44223738,0001,1,EQUIPE FORBODY ESPORTIVO,02,20211112,20211112,SP,7075
44248738,0001,1,,02,20211116,20211116,MS,9123
44252599,0001,1,ACADEMIA MASTER,02,20211116,20211116,SC,8039
40858791,0002,2,FKACADEMIA,02,20211116,20211116,MG,4079
44262668,0001,1,ESPACO RENATA RIBEIRO,02,20211117,20211117,MG,4123
44264004,0001,1,NR CLINICA INTEGRADA E STUDIO DE PILATES,08,20220413,20211117,SP,6547
44266685,0001,1,JR ASSESSORIA ESPORTIVA,02,20211117,20211117,RJ,6001
44266967,0001,1,,02,20211117,20211117,PR,7535
44270330,0001,1,BRUNAO TREINO INTEGRADO,02,20211117,20211117,RJ,5865
44273078,0001,1,,02,20240201,20211117,ES,5625
44276292,0001,1,TOP FIT ACADEMIA,02,20260525,20211117,ES,5625
44283772,0001,1,CROSS AGUIA,02,20211118,20211118,ES,5601
44284625,0001,1,ELITE CROSS,04,20231026,20211118,AP,0609
44287685,0001,1,,02,20211118,20211118,SP,6187
44288559,0001,1,TAURUS ACADEMIA,02,20211118,20211118,SP,7107
44299653,0001,1,C.T.HOUSE BOX,08,20230612,20211119,RJ,2921
44301846,0001,1,PK FITNESS,02,20211119,20211119,SP,7107
44325351,0001,1,VIBE,02,20211122,20211122,MG,4519
44328795,0001,1,BOX PARK,02,20211122,20211122,RJ,6001
44334108,0001,1,G1 FITNESS,02,20211123,20211123,MG,5403
44341947,0001,1,FISICUS ACADEMIA,02,20211123,20211123,BA,3515
44343080,0001,1,STUDIO DEZ TREINAMENTO PERSONALIZADO,02,20211123,20211123,SE,3105
44346639,0001,1,BOTTO PERFORMANCE,02,20211123,20211123,BA,3073
44352837,0001,1,QUAGLIATO ASSESSORIA ESPORTIVA,08,20250221,20211124,SP,7107
44359002,0001,1,HERCULES ACADAMEIA,02,20250606,20211124,GO,9571
44362691,0001,1,,02,20211124,20211124,RJ,6001
44363047,0001,1,STUDIO DE PILATES DEISE BRANDAO,02,20211124,20211124,BA,3849
44369218,0001,1,OBOX TRAINING,02,20231208,20211125,SP,6357
44369417,0001,1,KRYADORMAFY,02,20211125,20211125,SP,7233
43851462,0001,1,,04,20260518,20211013,CE,1559
44393580,0001,1,,02,20211126,20211126,PR,7583
44405343,0001,1,,02,20211129,20211129,MG,4371
44408784,0001,1,AMERICA FITNESS,08,20220919,20211129,MG,5115
44416143,0001,1,,02,20211129,20211129,RS,8683
44417998,0001,1,STUDIO SANTA CLARA,02,20211129,20211129,PE,2577
44418112,0001,1,BIG MONKEY,02,20211129,20211129,MS,9051
44418693,0001,1,CORE STUDIO DE PILATES,02,20211129,20211129,BA,3909
44421976,0001,1,CROSS EXPERIENCE MARTINS,02,20211130,20211130,MG,5403
44428797,0001,1,ALLPERFORMANCE SPORTS SAUDE,02,20211130,20211130,SP,6717
44434062,0001,1,AJR ACADEMIA,02,20211130,20211130,PI,1195
34001841,0002,2,AKIRA'S GYM ACADEMIA,08,20250814,20211201,SP,7107
34210307,0002,2,XTREME,04,20240808,20211201,MS,9051
44441112,0001,1,DR FITNESS,08,20230321,20211201,MG,4123
44446566,0001,1,ML CONSULTORIA ESPORTIVA ESPECIALIZADA,02,20211201,20211201,DF,9701
44446934,0001,1,,02,20211201,20211201,BA,3363
44447421,0001,1,FATTORE SPORTS,08,20240417,20211201,RS,8801
44448185,0001,1,TERRITORIO DO CORPO,02,20211201,20211201,RS,8877
38449159,0002,2,,08,20231109,20211202,SP,6689
44471637,0001,1,MOVIMENT TREINAMENTO,02,20211203,20211203,PB,2151
44481447,0001,1,ACADEMIA A LEALDADE,08,20250124,20211203,MS,9103
44492701,0001,1,,02,20211206,20211206,SP,7225
44501244,0001,1,RB SPORTS,02,20211206,20211206,PR,7691
44512723,0001,1,ACADEMIA CORPUS LIFE,02,20211207,20211207,MT,1046
44532629,0001,1,STUDIO MOVELIFE,08,20240612,20211209,MG,5035
44537620,0001,1,GPASSOS ACADEMIA,02,20211209,20211209,PI,0997
44542646,0001,1,,02,20211209,20211209,SP,6293
44545893,0001,1,PERFORMACE GYN,02,20211209,20211209,PE,2445
44552183,0001,1,VIBE FIT,04,20231110,20211210,PE,2531
44556385,0001,1,,02,20211210,20211210,SP,7107
44564191,0001,1,KADANA DANCE & FIGHT CLUB,08,20251205,20211213,CE,1389
44580242,0001,1,GF TRAINING,02,20211214,20211214,RS,8785
44585810,0001,1,ACADEMIA EAGLES FITNES LIFE,08,20250115,20211214,CE,1369
44590605,0001,1,PERSONAL SOCCER,02,20211214,20211214,SC,8073
44593900,0001,1,GO FIT CLUB,02,20211215,20211215,MS,9051
44594705,0001,1,INTENSEFIT,08,20220321,20211215,PR,7937
44603161,0001,1,,02,20211215,20211215,MG,4069
44604849,0001,1,STUDIO D'ELAS,02,20211215,20211215,MG,4069
44613507,0001,1,RC CENTRO TREINAMENTO,02,20211216,20211216,SP,6131
44618490,0001,1,,02,20211217,20211217,MG,4123
44627737,0001,1,NEW BLACK FIT,02,20211217,20211217,SP,6897
44628116,0001,1,STARTING HEALTH,04,20260605,20211217,DF,9701
44650230,0001,1,NEW LIFE ACADEMIA,02,20211221,20211221,CE,1527
44657483,0001,1,ACADEMIA CORPUS,02,20211222,20211222,PR,7777
43179145,0002,2,LIVE ACADEMIA,08,20250114,20211222,AM,0255
44667995,0001,1,E. D. REVOLUTION ACADEMIA,04,20240820,20211223,PI,1209
44681370,0001,1,CT WROCHA,02,20211227,20211227,SP,7071
44684142,0001,1,SAUDE E VIDA STUDIO,02,20211227,20211227,MG,5403
44691211,0001,1,CENTRO DE TREINAMENTO GABRIELE MELLA,08,20250220,20211228,RS,7355
44692126,0001,1,ACADEMIA NEW BLACK,02,20211228,20211228,BA,3343
44710387,0001,1,GABRIEL CARRIJO TREINADOR,02,20220102,20220102,SP,6969
44713751,0001,1,*****,02,20220103,20220103,SP,7107
44728116,0001,1,BOX ARENA CROSSTRAINING,08,20231212,20220104,RS,8637
44730198,0001,1,ESPACO 15 ACADEMIA,04,20240807,20220104,AC,0139
44734635,0001,1,CENTRO FISICO PRAIA DO SACO,02,20220104,20220104,RJ,5851
44746163,0001,1,,02,20220105,20220105,PR,7891
44750095,0001,1,ACADEMIA P B OURO PRETO,02,20220105,20220105,SP,6291
44751033,0001,1,STUDIO INGRID RIBEIRO,02,20220105,20220105,SP,6563
44753224,0001,1,SM CROSS TRAINING,02,20241011,20220105,SP,7157
44763094,0001,1,MARIANA LIMA PERSONAL LTDA,08,20230126,20220106,PR,7667
44765530,0001,1,GOLDEN GYM,02,20220106,20220106,SP,6723
44795732,0001,1,ATLETIC CENTER,02,20220110,20220110,PE,2395
44801422,0001,1,AB ASSESSORIA ESPORTIVA,02,20220110,20220110,PA,0427
44805501,0001,1,POWER SHAPE FITNESS,08,20220429,20220110,MG,4123
44814045,0001,1,ACADEMIA NA' ATIVOS,02,20220111,20220111,PE,3001
44814264,0001,1,AQUATIC WM,08,20230102,20220111,MG,4961
44816323,0001,1,,08,20220304,20220111,MG,5083
44817307,0001,1,ACADEMIA BIOFIT,02,20220111,20220111,MS,9137
44830975,0001,1,+ FIT ACADEMIA,02,20220112,20220112,TO,9241
44835234,0001,1,STUDIO THIAGO GOMES,04,20260608,20220112,AM,0255
44849390,0001,1,CT S3 POWER,02,20250903,20220113,AL,2885
44853296,0001,1,GV ACADEMIA,02,20220113,20220113,SP,2951
44858198,0001,1,CF PALE,02,20220113,20220113,RJ,6001
44859335,0001,1,SOUL FITNESS STUDIO,02,20220113,20220113,CE,1411
44866159,0001,1,SOULFIT ACADEMIA,02,20220114,20220114,MA,0803
44868175,0001,1,ACADEMIA MASTER,02,20220114,20220114,MG,4123
44870076,0001,1,ESTUDIO MAIS SAUDE,04,20260522,20220114,BA,3849
44623446,0001,1,SLIMFIT,02,20211217,20211217,DF,9701
36424369,0002,2,,08,20230714,20220117,SC,8131
44889767,0001,1,,02,20220117,20220117,PR,7535
44898392,0001,1,INSPIRE CENTRO DE TREINAMENTO,02,20220117,20220117,BA,3849
44904756,0001,1,G FITNESS,02,20220118,20220118,PA,0595
44921721,0001,1,CD FITNESS,08,20230525,20220119,SP,7107
44928799,0001,1,ESPACO EVOLUIR,02,20220119,20220119,PA,0411
44931843,0001,1,POWER GYM ACADEMIA LTDA,02,20220119,20220119,SP,6265
44935151,0001,1,KINESIS FITNESS ACADEMIA,08,20240116,20220119,MS,9131
44944511,0001,1,GESTAO TREINAMENTO,08,20251103,20220120,SC,8175
44950351,0001,1,NOAH STUDIO DE PILATES,02,20220120,20220120,SP,7107
26036289,0002,2,HEROS FITNESS,04,20231120,20220121,BA,3957
44958568,0001,1,"ELEVE FISIOTERAPIA, PILATES E ESTETICA",02,20220121,20220121,SP,2951
44965241,0001,1,LFIT ACADEMIA,08,20250811,20220121,SP,7151
44979139,0001,1,PANOBIANCO ACADEMIA,02,20220124,20220124,SP,6291
44991089,0001,1,STUDIO VOLL ARARAS,02,20220124,20220124,SP,6165
44991520,0001,1,TIME ARAUJO,02,20220124,20220124,RJ,6001
44994197,0001,1,LANA ROCHA PILATES CLINICO E FUNCIONAL,02,20220124,20220124,BA,3515
44997329,0001,1,MA ESPORTE EM DIA,08,20250513,20220125,RJ,5865
45000640,0001,1,5o NADO,02,20220125,20220125,PR,7667
45003101,0001,1,ALPHA FITNESS,02,20220125,20220125,BA,3849
45006289,0001,1,,02,20220125,20220125,MG,4733
45015386,0001,1,ABRAO TREINAMENTO FISICO FUNCIONAL,02,20220126,20220126,RS,8815
45016336,0001,1,EUFIT,08,20221020,20220126,MG,4267
45020457,0001,1,PUMPING IRON ACADEMIA,08,20241204,20220126,MG,4123
45021307,0001,1,VECTOR FITNESS SERVICOS,02,20220126,20220126,RJ,6001
45027263,0001,1,BOX ASSUNCAO SBC,08,20220804,20220126,SP,7075
45039842,0001,1,,02,20220127,20220127,SP,6527
45041898,0001,1,VO2 CROSS TRAINING,02,20220127,20220127,MT,1046
45051684,0001,1,PLATOON ACADEMIA CANUDOS,04,20240820,20220128,RS,8771
45052496,0001,1,,02,20220128,20220128,SP,6155
45087452,0001,1,ALL IN ONE ACADEMIA,03,20260327,20220131,GO,9325
45090060,0001,1,LEVITRAINER,08,20230302,20220131,MG,4723
45105115,0001,1,CT CROSS PANTHER,04,20240812,20220201,SC,8161
45114096,0001,1,STUDIO PILATES CARLA SANTOS,02,20220202,20220202,SP,7071
38613211,0002,2,PULSE FERRAZ,02,20220202,20220202,SP,6219
45136407,0001,1,ACADEMIA ART FIT,02,20220203,20220203,AL,2865
45141807,0001,1,LN ACADEMIA,02,20220203,20220203,PB,2079
45142589,0001,1,MOVEE FITNESS,08,20240909,20220203,RJ,5837
45146706,0001,1,,02,20220203,20220203,SP,6969
45159765,0001,1,ACADEMIA BIOSHAPE,08,20250224,20220204,MG,5035
45160324,0001,1,,02,20220204,20220204,PR,7487
45163179,0001,1,CENTRO DE TREINAMENTO BODY IMPACT,02,20220204,20220204,RS,8889
45168197,0001,1,ACADEMIA ARENNA,04,20240822,20220205,MA,0803
45183511,0001,1,UP STUDIO INTEGRADO,02,20220207,20220207,SC,8175
30769960,0011,2,GOIANIA 06,08,20250930,20220208,GO,9373
45212432,0001,1,J M IMPULSE,02,20220209,20220209,PR,7571
45216347,0001,1,CARMO FITNESS,02,20220209,20220209,GO,9597
45216620,0001,1,BRABUS BOX CROSS TRAINING,08,20230809,20220209,CE,1547
24149897,0002,2,BOX STUDIO,08,20231010,20220210,RJ,5819
45237796,0001,1,DUO PILATES,02,20220210,20220210,PE,2457
44318132,0002,2,ACADEMIA SAUDE TRAINING ITAIPE,02,20220210,20220210,MG,4645
37982274,0002,2,ARAUFIT,02,20220211,20220211,PR,7435
24395830,0008,2,FORCE ONE ACADEMIA,02,20220211,20220211,SC,8039
44764658,0001,1,PHYSIC ACADEMIA,02,20220106,20220106,PE,2429
45261311,0001,1,TEAMFOCO STUDIO FITNESS,02,20220211,20220211,BA,3861
36244299,0002,2,IZA FITNESS STUDIO,02,20220211,20220211,MG,5155
37908895,0002,2,,02,20220214,20220214,PR,7535
45274920,0001,1,WOLFCROSS,02,20220214,20220214,PE,2321
08644821,0028,2,,02,20220214,20220214,DF,9701
45281252,0001,1,CORPOLUZ,02,20220214,20220214,PB,2051
45281969,0001,1,MALU FIT,02,20220214,20220214,RJ,6001
45282707,0001,1,RAMOS TREINAMENTO ESPORTIVO,02,20220214,20220214,SP,7107
45285035,0001,1,NELSFIT ACADEMIA,02,20220214,20220214,PA,0427
45298439,0001,1,,02,20220215,20220215,SP,6771
45302925,0001,1,ACADEMIA ARENA FITNESS,04,20260522,20220215,BA,3849
45067532,0001,1,CT 30 ACADEMIA PERSONALIZADA,02,20220129,20220129,PR,7493
45318336,0001,1,,02,20220216,20220216,MG,4123
45327154,0001,1,CONFEDERACAO BRASILEIRA DE JIU-JITSU COMPETITIVO,02,20220216,20220216,SC,8179
45328123,0001,1,FALCON ACADEMIA,02,20220217,20220217,PI,1145
45337360,0001,1,CT NOBRES,02,20220217,20220217,RJ,6001
45342453,0001,1,ACADEMIA I9,02,20220217,20220217,GO,9227
45344472,0001,1,MONSTER FITNESS,08,20240617,20220217,GO,9467
45348294,0001,1,ESPACO FITNESS CROSS,02,20220218,20220218,MG,5413
45356496,0001,1,BOX CROSS RIT,02,20220218,20220218,SE,3233
45358006,0001,1,ACADEMIA WORD PHYSICS FITNESS,02,20220218,20220218,GO,9221
45393256,0001,1,SOUTH FIT,02,20220222,20220222,RS,8801
45398983,0001,1,STUDIO METAMORFOSE,04,20240823,20220222,PA,0595
45401539,0001,1,SARTOR MUAYTHAI,02,20220222,20220222,SC,8089
45408380,0001,1,,08,20230516,20220222,RS,8801
45424188,0001,1,,02,20220223,20220223,SP,6875
33889548,0002,2,STUDIO MACEDO CROSS,08,20241216,20220223,BA,3849
45425376,0001,1,ACADEMIA AUDAX,08,20220520,20220223,PR,7583
33369800,0002,2,RITMO DA FORMA,02,20220223,20220223,PE,2429
45434157,0001,1,CROSS EXPERIENCE DUNAS,02,20220224,20220224,RS,8791
45434364,0001,1,TOTAL FITNESS,02,20220224,20220224,GO,9221
45441880,0001,1,CROSS EXPERIENCE MAURITI,02,20220224,20220224,PA,0427
45444390,0001,1,ACADEMIA GERACAO FITNESS,02,20220224,20220224,SP,6511
45449558,0001,1,STUDIO DE MUSCULACAO R2,02,20220224,20220224,BA,3991
45455903,0001,1,CHECK-IN PILATES - UNIDADE PRACA DA ARVORE,02,20220225,20220225,SP,7107
45458362,0001,1,YOUFIT STUDIO FITNESS,02,20220225,20220225,SC,8047
45461524,0001,1,,02,20220225,20220225,MG,5035
45461624,0001,1,,02,20220225,20220225,SP,6969
45474446,0001,1,ARENA FITNESS,02,20220228,20220228,MS,9093
45504848,0001,1,J M FITNESS,02,20220303,20220303,PA,0509
45518692,0001,1,PRATTIC HEALTH,08,20250811,20220304,SP,7107
45523002,0001,1,ACADEMIA VIDATIVA,02,20220304,20220304,SC,8219
45536370,0001,1,MARIN JIU JITSU,02,20220306,20220306,SP,7227
45545946,0001,1,PROFIT UP ACADEMIA,02,20220307,20220307,MA,0937
45555266,0001,1,STUDIO DE PILATES JANE RODRIGUES,02,20220308,20220308,CE,1247
45559717,0001,1,GF CONSULTORIA ESPORTIVA,02,20220308,20220308,SP,7107
45564998,0001,1,ACADEMIA FIT LIFE,02,20220308,20220308,AL,2851
45565612,0001,1,,02,20220308,20220308,SP,7107
45565657,0001,1,DIVA FITNESS,02,20220308,20220308,BA,3351
45567241,0001,1,CENTRO DE TREINAMENTO GV ESPORTES,02,20220308,20220308,GO,9297
45574550,0001,1,BTM STUDIO,02,20220309,20220309,SP,7143
45593856,0001,1,ESTACAO FITNES,02,20220310,20220310,MA,0739
30275615,0002,2,CROSS ILHA TABUAZEIRO,08,20230410,20220311,ES,5705
45610775,0001,1,,02,20220311,20220311,MG,4123
45611207,0001,1,PUMP FIT,04,20260605,20220311,GO,9445
45619922,0001,1,LEAO & ALVES - CROSSFIT E SERVICOS DE ACADEMIA,02,20220311,20220311,RS,8685
34207567,0002,2,MAHI CROSS TRAINNING,02,20220311,20220311,PR,7425
45662159,0001,1,F5 FIT ACADEMIA,02,20220315,20220315,MA,0793
45666261,0001,1,FENIX STUDIO,02,20220315,20220315,MG,4995
45670422,0001,1,,08,20250618,20220316,PR,7535
45673946,0001,1,STUDIO PERSONAL MADA,02,20220316,20220316,SP,6647
45674319,0001,1,CORE TRAINER FITNESS,08,20230616,20220316,MT,9067
45674500,0001,1,VIAFIT ACADEMIA,02,20220316,20220316,CE,1447
45683411,0001,1,INSTITUTO CORPO E MOVIMENTO,08,20230918,20220316,SP,6361
45690148,0001,1,TAURUS CENTRO FISICO,02,20240828,20220317,RJ,6001
45693509,0001,1,,02,20241009,20220317,MS,9051
45694281,0001,1,START FITNESS,02,20220317,20220317,MG,4563
45702252,0001,1,ACADEMIA IMPACTO FITNESS,02,20220318,20220318,SE,3169
45702983,0001,1,ESPACO AEROBICO JEAN JOUBERT,08,20230817,20220318,MG,4123
45704536,0001,1,ACADEMIA CORPO E ALMA,02,20220318,20220318,RS,8801
45714346,0001,1,STUDIO DE PILATES NATHALIA VIVIAN,02,20250512,20220320,RS,8843
44504048,0001,1,,02,20211207,20211207,MG,4123
45724351,0001,1,ALLAGA PRO FITNESS,02,20220321,20220321,AL,2747
45730117,0001,1,IKIGAI,02,20220321,20220321,BA,3363
45730162,0001,1,STUDIO REIS CENTRO DE SAUDE INTEGRADA,02,20220321,20220321,SP,7145
45731984,0001,1,PILATES BOA FORMA,02,20220321,20220321,DF,9701
45745572,0001,1,,08,20241002,20220322,MG,4123
45757974,0001,1,PANOBIANCO BONSUCESSO,02,20220323,20220323,SP,6477
45760957,0001,1,BODY LIFE,02,20220323,20220323,PR,7815
45762585,0001,1,META FIT,02,20220323,20220323,SP,7209
45769869,0001,1,CENTRO DE TREINAMENTO HIBRIDO,02,20220324,20220324,MG,5049
45778624,0001,1,E-BODY CAMPO BELO,08,20221221,20220324,SP,7107
45784837,0001,1,ACADEMIA POWER,02,20220325,20220325,MG,4601
45791314,0001,1,ALCATEIA CROSS TRAINING,02,20220325,20220325,PR,7477
45354512,0001,1,,02,20220218,20220218,SP,7079
45799420,0001,1,OXY PERSONAL STUDIO,02,20220327,20220327,MG,5191
45803498,0001,1,STUDIO D'LAS CROSSTRAINING,02,20220328,20220328,SC,8089
45804162,0001,1,STARTFIT,02,20220328,20220328,PI,1133
45819137,0001,1,QUINTAL HOME BOX,02,20220329,20220329,PI,1219
45822286,0001,1,CLUBE RCM,02,20220329,20220329,RJ,6001
45829858,0001,1,SMART FIT,02,20220329,20220329,DF,9701
45832025,0001,1,,02,20220329,20220329,SP,7107
45842703,0001,1,,02,20220330,20220330,SP,7135
45843101,0001,1,,02,20220330,20220330,MG,4407
45843594,0001,1,CROSS GIANTS,02,20220330,20220330,GO,9227
45844279,0001,1,CROSS VO2,08,20240619,20220330,MG,4733
45844395,0001,1,,02,20220330,20220330,PR,9983
05239361,0011,2,,02,20220331,20220331,SP,7107
45857229,0001,1,,02,20220331,20220331,SP,7107
45857262,0001,1,,02,20220331,20220331,SP,6639
45882613,0001,1,INTEGRAL FIT,02,20220401,20220401,MG,5241
45890923,0001,1,,02,20220404,20220404,PR,7667
45894934,0001,1,,02,20220404,20220404,RJ,5877
45896104,0001,1,ACADEMIA FIT +,02,20220404,20220404,PR,7777
45906877,0001,1,,02,20220405,20220405,ES,5627
45907211,0001,1,APOLLO ASSESSORIA ESPORTIVA,02,20220405,20220405,AL,2785
45597548,0001,1,FLY NOW ACADEMIA,02,20220310,20220310,SP,2951
45824207,0001,1,,08,20240112,20220329,SP,6219
45923280,0001,1,ACADEMIA CLAUDIO DANCE,08,20250719,20220406,PE,2381
45925675,0001,1,CROSS EXPERIENCE TEOFILO OTONI,08,20260512,20220406,MG,5371
45935295,0001,1,DSFIT,02,20220406,20220406,AL,2785
45943285,0001,1,DC MAIS VIDA,08,20230327,20220407,MA,0921
45951849,0001,1,ACADEMIA P 2,02,20220407,20220407,SP,7145
45954465,0001,1,F L ASSESSORIA ESPORTIVA,02,20220407,20220407,SP,7107
07594978,0477,2,,02,20220408,20220408,SP,6477
45962908,0001,1,CENTRO DE TREINAMENTO PEDRO CASSARO,08,20260121,20220407,ES,5729
45983991,0001,1,,02,20220411,20220411,SP,6969
45991702,0001,1,CROSSFIT CLA,02,20220411,20220411,DF,9701
46006061,0001,1,INVICTOS STUDIO FUNCIONAL,08,20221205,20220412,SC,8367
46007731,0001,1,ACADEMIA VIBE POSITIVA,02,20220412,20220412,PE,2449
46017144,0001,1,,08,20220610,20220413,SP,6515
46022572,0001,1,VOLL STUDIO,02,20220413,20220413,SP,6477
46025850,0001,1,SPARTAN FIT,04,20260609,20220413,MT,9871
46029006,0001,1,STUDIO ILUMINA FITNESS,02,20220413,20220413,AL,2859
46035626,0001,1,,08,20241219,20220414,SP,6401
46038967,0001,1,JR PERFORMANCE,02,20220414,20220414,SP,6415
46040980,0001,1,PERSONAL STUDIO GYM,08,20221230,20220414,MT,9067
29392650,0002,2,PRIX ACADEMIA,08,20230921,20220414,PR,7447
46070823,0001,1,,02,20220419,20220419,MG,4133
46071175,0001,1,BIOFITNESS PERSONAL STUDIO,02,20220419,20220419,PR,7535
07594978,0482,2,,02,20220419,20220419,SP,7107
07594978,0483,2,,02,20220419,20220419,RJ,5897
46074682,0001,1,SANATANA DHARMA YOGA E MEDITACAO,04,20240815,20220419,RJ,6001
46080459,0001,1,,02,20220419,20220419,SP,6875
46082453,0001,1,CORPUS FIT ACADEMIA,02,20220419,20220419,RS,8829
46083954,0001,1,,02,20220419,20220419,SP,7107
30769960,0021,2,GOIANIA 07,08,20250930,20220420,GO,9373
46097921,0001,1,SUPER FORCE ACADEMIA,02,20220420,20220420,SP,6401
46114463,0001,1,,08,20230731,20220422,RS,8801
46123997,0001,1,ACADEMIA BUIU RODRIGUES,02,20220425,20220425,SP,6619
46128440,0001,1,HEY FIT FERRAZ DE VASCONCELOS,02,20220425,20220425,SP,6415
46130448,0001,1,FORCA MAX ACADEMIA,08,20241104,20220425,CE,1389
46138158,0001,1,MEGA TREINO,02,20250110,20220425,PA,0529
46142114,0001,1,THALLES BEMFICA SOLUCOES ESPORTIVAS,08,20230215,20220426,MG,4123
46147031,0001,1,FORMA ACADEMIA,02,20220426,20220426,MG,4183
46152065,0001,1,,02,20220426,20220426,MG,4751
46161044,0001,1,ACADEMIA PERSONAL FITNESS,02,20220427,20220427,PA,0495
46167693,0001,1,SIMPLESMENTE MAGRA,08,20230223,20220427,SC,8105
46172523,0001,1,FITTEST BRASIL,02,20220427,20220427,MG,5401
44177596,0001,1,LURE TERAPIA MANUAL HOME,04,20260610,20211109,MG,5049
46185639,0001,1,NOVA FIT,08,20220606,20220428,SP,7157
46185983,0001,1,FT38 CENTRO DE TREINAMENTO,02,20220428,20220428,GO,9373
46191015,0001,1,MOOV PAIVA,02,20220428,20220428,PE,2357
46208139,0001,1,PRYSICAL PRIME STUDIO,08,20250516,20220429,PA,0407
46209549,0001,1,EVOLUTION TRAINING CENTER,02,20220429,20220429,MG,4123
46220742,0001,1,,02,20220502,20220502,PA,0435
46221788,0001,1,ESPACO AMAR,08,20230517,20220502,SC,8163
46222385,0001,1,ACADEMIA BIOFITNESS,04,20240815,20220502,MG,5211
46237257,0001,1,ACADEMIA TRANSFORME,08,20241212,20220503,MT,9167
46238380,0001,1,,02,20220503,20220503,RS,8871
46238569,0001,1,,02,20220503,20220503,MG,5155
46246699,0001,1,BR ESTUDIOS,02,20220503,20220503,SP,7107
46247580,0001,1,ACADEMIA BELLA & FIT,02,20220503,20220503,RJ,5847
46255839,0001,1,OFICINA DO CORPO,08,20231214,20220504,PE,2531
46270601,0001,1,ACADEMIA BODY JUMP FITNESS,02,20220504,20220504,BA,3849
46279971,0001,1,ESTUDIO LOVE FIT,02,20220505,20220505,TO,9213
46295643,0001,1,,02,20240820,20220506,RS,8801
46299641,0001,1,CT NASSA,02,20220506,20220506,SP,7209
46300618,0001,1,STUDIO DE PILATES ADVANCED,02,20220506,20220506,SP,7107
46309535,0001,1,,08,20230510,20220509,MT,9907
46309816,0001,1,JWFITNESS,08,20240516,20220509,SP,7107
46321813,0001,1,,02,20220509,20220509,MG,5389
46327522,0001,1,ACADEMIA E STUDIO EXTREME,08,20260416,20220510,BA,3853
46333356,0001,1,IMPACTO FITNESS,02,20220510,20220510,ES,0766
46333400,0001,1,CLINICA DO TREINO,02,20220510,20220510,MA,0921
46343252,0001,1,JULIANA ACADEMIA E TRANSPORTADORA,02,20220511,20220511,PR,7959
46345477,0001,1,ESTUDIO MM PERSONAL TRAINER,02,20220511,20220511,SP,6549
07594978,0491,2,,02,20220511,20220511,RJ,6001
46356840,0001,1,AB3 FITNESS,02,20220511,20220511,DF,9701
46362932,0001,1,ACADEMIA REVELACAO FITNESS,08,20250402,20220512,PB,1965
46368008,0001,1,,02,20220512,20220512,SP,7107
46371973,0001,1,ATLAS KETTLEBELL MASTER LTDA,02,20220512,20220512,RJ,6001
46389518,0001,1,,02,20220513,20220513,SP,6323
46403405,0001,1,ACADEMIA SUPERACAO FITNESS,04,20260518,20220516,CE,1495
46405588,0001,1,312 PERSONAL STUDIO,02,20220516,20220516,RJ,5837
46410886,0001,1,,02,20220516,20220516,PR,7827
46413188,0001,1,VELONOVA STUDIO DE BIKE,02,20220516,20220516,SP,7107
46413445,0001,1,MEGA FITNESS,02,20220516,20220516,BA,3259
44953765,0001,1,I9 FIT,08,20220516,20220120,PE,2561
46418276,0001,1,MONICA CARVALHO CT,02,20220517,20220517,SC,8143
46418723,0001,1,STUDIO VLS PILATES,02,20220517,20220517,PR,7915
46423641,0001,1,,08,20220601,20220517,SP,6213
46425706,0001,1,ALISSON PERSONAL STUDIO,02,20220517,20220517,PB,2179
46425862,0001,1,MOUVEMENT CENTRO DE TREINAMENTO,02,20220517,20220517,MG,4543
19852108,0009,2,,08,20231114,20220517,SC,8137
46434848,0001,1,AL ULTRA SPORTS,08,20230315,20220517,SP,6547
46440027,0001,1,GALGARO FOOTBALL TRAINING,02,20220518,20220518,RS,8599
46441496,0001,1,QUEIROZ ASSESSORIA FITNESS,08,20220818,20220518,MS,9051
46442820,0001,1,AQUACROSS LTDA,02,20220518,20220518,SP,7107
46446636,0001,1,,02,20220518,20220518,RS,8801
27860544,0002,2,CROSS NUTRITION BOX JUNDIAI,02,20220519,20220519,SP,6619
46455908,0001,1,GUIRALDELLI ASSESSORIA FITNESS,02,20220519,20220519,PR,7535
46463724,0001,1,BOX 60,04,20260608,20220519,AM,9835
46466285,0001,1,CLINICA MORAES,02,20240930,20220519,SP,7145
46471567,0001,1,STUDIO ARENA,02,20220520,20220520,GO,9373
46473984,0001,1,CT RANCHO,02,20220520,20220520,SC,8371
46476159,0001,1,ATHLETIC ACADEMIA,02,20220520,20220520,PA,0427
46476607,0001,1,STUDIO PILATES ANNELISE ARRUDA,02,20220520,20220520,RJ,2921
34515859,0002,2,K V STETICA FEMININA,08,20250515,20220523,PI,1011
46500651,0001,1,FORTE ATIVA MUSCULACAO,08,20231219,20220523,SP,6725
46509590,0001,1,,02,20220524,20220524,MG,4921
46511263,0001,1,ACADEMIA RHINO BROTHERS,02,20220524,20220524,MA,0829
46517859,0001,1,,02,20220524,20220524,SP,6477
46518468,0001,1,AVANCE NUTRI-FITNESS,02,20220524,20220524,RS,8523
46523819,0001,1,J FITNESS,02,20220524,20220524,CE,1499
46527870,0001,1,JESSICA PERSONAL,02,20220525,20220525,MG,5385
46534696,0001,1,ACADEMIA BOA FORMA,02,20220525,20220525,PR,7565
46537811,0001,1,CORPUS ACADEMIA,02,20220525,20220525,RS,8951
46551562,0001,1,AMSASSESSORIAESPORTIVA,02,20220526,20220526,RJ,6001
46566692,0001,1,,02,20220527,20220527,SP,6969
46570536,0001,1,GUILHERME NOLASCO TRAINING,02,20220527,20220527,SP,7107
46583957,0001,1,ALFA CROSS TRAINING,02,20220530,20220530,ES,5699
46589084,0001,1,IRON FIT ACADEMIA,02,20220530,20220530,RN,1787
46589094,0001,1,ACADEMIA SBELL FITNESS,02,20220530,20220530,BA,3889
46594679,0001,1,WJR TRAININGS,02,20220530,20220530,MG,4123
46598847,0001,1,,02,20220530,20220530,CE,1429
46606244,0001,1,STUDIO ALEXANDRA ANDRADE FISIOTERAPIA E PILATES,02,20220531,20220531,RJ,5915
46606369,0001,1,STUDIO PERSONAL E PILATES ALINE PERES,08,20230131,20220531,SP,6291
46614257,0001,1,F A,04,20260611,20220601,CE,1389
46626383,0001,1,ARKANSAS ACADEMIA,04,20260609,20220601,MT,9895
46634535,0001,1,ACADEMIA FEMININA ESPACO FITNESS,04,20240823,20220602,PI,0282
46636780,0001,1,CHAMPION FIT TEAM CROSS,02,20220602,20220602,GO,9227
39770511,0003,2,CTF - CLUBE DE TIRO FRONTEIRA - TARAUACA,02,20220603,20220603,AC,0147
46660423,0001,1,STUDIO VENUS,02,20220603,20220603,PB,2051
46660827,0001,1,CONTROLE DO MOVIMENTO,02,20220603,20220603,SP,7107
46660978,0001,1,BLACK GYM OLD SCHOOL,02,20220603,20220603,RS,8697
46669098,0001,1,RODRIGO COSTA STUDIO PERSONAL,02,20220605,20220605,MG,4821
46675114,0001,1,ACADEMIA FORTIORI,04,20240827,20220606,CE,1389
46678676,0001,1,TAPETAO 2020,02,20220606,20220606,MG,4957
46682087,0001,1,R F M GESTAO DE RISCOS,02,20220606,20220606,SP,6163
46689817,0001,1,BLUEFIT AQUARIUS,02,20220607,20220607,SP,7099
46701010,0001,1,ACADEMIA BOA FORMA,02,20220607,20220607,PA,0465
46704160,0001,1,ACADEMIA PORTO,02,20220608,20220608,PA,0427
46706330,0001,1,MOINHOS FITNESS CANOAS,08,20220817,20220608,RS,8589
46706955,0001,1,CHARLES SOUSA - PERSONAL TRAINER,08,20230207,20220608,BA,3685
46717621,0001,1,COACH ACADEMIA,02,20220608,20220608,DF,9701
46719766,0001,1,MS CORRIDA,02,20220608,20220608,SP,6291
46729326,0001,1,,02,20220609,20220609,GO,9225
46730191,0001,1,BUENO ACADEMIA,02,20220609,20220609,SP,7091
46737137,0001,1,GIRL POWER FIT,02,20220610,20220610,CE,1411
46743106,0001,1,RP STUDIO,02,20220610,20220610,BA,3365
46744522,0001,1,,08,20220714,20220610,SP,6853
46745757,0001,1,AG ARENA,02,20220610,20220610,MS,9099
46757572,0001,1,VF TREINAMENTO,02,20220613,20220613,BA,3413
46760540,0001,1,,08,20260519,20220613,SP,6477
46765271,0001,1,,02,20220613,20220613,SP,6789
46771521,0001,1,ACADEMIA EFEITO FITNESS,02,20220613,20220613,RS,8791
46775682,0001,1,STUDIO EQUILIBRIO - PILATES E FISIOTERAPIA,02,20220614,20220614,MS,9165
46783079,0001,1,X FIT,04,20240816,20220614,RS,8801
46783391,0001,1,AEROFIT ACADEMIA,02,20220614,20220614,CE,1447
46786721,0001,1,ELITE DO CORPO,02,20220614,20220614,MA,0861
46787442,0001,1,JUMPFITNESS KURIRIN,02,20220614,20220614,MG,4417
46806995,0001,1,PERSONAL OFF ROAD,02,20220616,20220616,MG,4763
46808865,0001,1,DELLA'S ACADEMIA,02,20220616,20220616,PR,7987
46836149,0001,1,BRUNA ARENAS - PILATES & FISIOTERAPIA,08,20240731,20220620,MS,9051
46850177,0001,1,GRACIE BARRA PERDIZES IRMANDADE,02,20220621,20220621,SP,7107
46850427,0001,1,MASTER FIT ACADEMIA,02,20250308,20220621,MA,0961
46851594,0001,1,ACADEMIA ESPACO VIDA,02,20220621,20220621,PI,1181
46852146,0001,1,,02,20220621,20220621,RJ,5925
46868706,0001,1,TERRA ACADEMIA,02,20220622,20220622,SP,7209
46869083,0001,1,S10 FITNESS,08,20221228,20220622,RN,0418
46887828,0001,1,EXTREME EVOLUTION,02,20220623,20220623,MG,5021
46895988,0001,1,,02,20220623,20220623,SP,7107
46901124,0001,1,GERACAO FIT ACADEMIA,02,20220624,20220624,MG,4633
46903228,0001,1,,02,20220624,20220624,MG,4123
46906876,0001,1,ACADEMIA TRIVELATO ORION FITNESS,02,20220624,20220624,SP,6291
13826429,0008,2,,02,20220627,20220627,RN,1823
46922475,0001,1,JC ASSESSORIA ESPORTIVA,02,20220627,20220627,PB,2051
46925433,0001,1,,02,20220627,20220627,RN,1675
45253558,0001,1,AGILE PILATES,02,20220211,20220211,SP,7107
46935785,0001,1,IRON SHAPE,04,20240902,20220628,SP,6401
46936895,0001,1,ESPACO PRO SAUDE,02,20220628,20220628,SP,6529
43527366,0003,2,FISIO E ESTETICA,02,20220628,20220628,RJ,5803
46943745,0001,1,CHS ASSESSORIA ESPORTIVA,02,20220628,20220628,GO,9407
46945823,0001,1,LES UNIQ BOX,02,20220628,20220628,SE,3105
46947001,0001,1,R.R. PERFORMANCE,02,20220628,20220628,RJ,5859
46947026,0001,1,SPORT ONE LTDA,02,20220628,20220628,MA,0921
46964614,0001,1,ACADEMIA JOSLYON SPORTS,02,20220629,20220629,PB,2015
46965617,0001,1,ACADEMIA STRONG LION,02,20241211,20220629,SP,6921
46969349,0001,1,ACADEMIA WOLF,02,20220630,20220630,RS,8771
46977000,0001,1,CONDICIONAMENTO FISICO CF START,02,20220630,20220630,PR,7583
46987557,0001,1,ELITE CLUBE -X FITNESS,02,20220701,20220701,PR,7885
46988362,0001,1,CORPO E SAUDE,02,20220701,20220701,DF,9701
46992961,0001,1,HEROES CROSS TRAINNING,08,20231101,20220701,AP,0605
47005461,0001,1,MTPRO,02,20220704,20220704,RJ,6001
47026303,0001,1,MUSCLE CENTER,02,20220705,20220705,PR,7635
47033037,0001,1,MOVING,02,20220705,20220705,RS,8781
47039043,0001,1,ESPANHOL ACADEMIA,02,20220705,20220705,PA,0435
46855522,0001,1,IRON HOUSE FITNESS E PERFORMANCE LTDA,02,20220621,20220621,RJ,5883
47055081,0001,1,ACADEMIA PERFIL DO CORPO,02,20220706,20220706,SP,6149
47058271,0001,1,SMART GYM ACADEMIA LTDA,02,20220707,20220707,MG,5441
47061812,0001,1,ELITE FIT ACADEMIA,02,20220707,20220707,BA,3973
47065519,0001,1,CENTRO DE TREINAMENTO ALCATEIA,02,20220707,20220707,MA,0897
47067769,0001,1,CTSUL - VENANCIO AIRES,02,20220707,20220707,RS,8955
47071886,0001,1,MICHELLE SARTORI PERSONAL TRAINER,02,20220707,20220707,SP,7107
47079536,0001,1,,02,20220708,20220708,SP,7107
47079651,0001,1,TROPA CROSS,08,20230929,20220708,RJ,5869
47088206,0001,1,,02,20220709,20220709,MG,5091
47104900,0001,1,APRIMORE ACADEMIA,02,20220711,20220711,MA,0831
47108339,0001,1,STUDIO DE TREINAMENTO PERSONALIZADO LEDYTH RODRIGUES,02,20220711,20220711,PA,0425
47112744,0001,1,VALHALLA CALISTENIA,02,20220712,20220712,MS,9051
33113563,0002,2,,02,20220712,20220712,SC,8105
47113952,0001,1,STUDIO FITNESS EMOVIMENTO,08,20230918,20220712,AL,2781
47116144,0001,1,PANOBIANCO SBC PLANALTO,02,20220712,20220712,SP,7075
47133099,0001,1,STUDIO EQUILIBRIO,02,20220713,20220713,DF,9701
47142873,0001,1,INOVE FIT ACADEMIA,02,20220713,20220713,PE,2485
47144968,0001,1,,08,20251009,20220714,MG,4445
47154177,0001,1,IMPERIO ST,02,20260608,20220714,BA,3993
47154335,0001,1,VILLAGE FIT,08,20240510,20220714,SP,7107
47165969,0001,1,CANGURU BOX,08,20241121,20220715,SP,6305
47168080,0001,1,ACADEMIA SUPERACAO,02,20220715,20220715,RJ,5847
47171265,0001,1,SLIMFIT LAGO NORTE,02,20220715,20220715,DF,9701
47173713,0001,1,ACADEMIA SLINFIT,02,20220715,20220715,PB,0484
47039349,0001,1,IRON GYM ACADEMIA,08,20221110,20220705,PR,7401
47182244,0001,1,A B FITNESS,02,20220718,20220718,ES,5623
47199858,0001,1,FIT TECH,02,20220719,20220719,ES,5625
47200800,0001,1,VICTOR MELO PERSONAL TRAINER,08,20230807,20220719,SP,7107
47206353,0001,1,GYM T.A.,02,20220719,20220719,RO,0011
47210348,0001,1,BODY FITNESS,02,20220719,20220719,MG,4371
47212992,0001,1,HC TREINAMENTO PERSONALIZADO,02,20220719,20220719,SE,3159
47227386,0001,1,VB PERSONAL TRAINER,02,20220720,20220720,SP,7107
47228035,0001,1,STUDIO TRAINING CORE,02,20220720,20220720,MG,4111
47234352,0001,1,ACADEMIA NEW LIFE,08,20250307,20220721,SP,6563
47237639,0001,1,HBM SPORT SAUDAVEL,02,20220721,20220721,GO,9597
47237910,0001,1,,02,20220721,20220721,PR,7513
47241106,0001,1,ARENAFIT,02,20220721,20220721,PE,2509
47262827,0001,1,FORWARD TITANS,08,20250327,20220722,PR,8467
47291110,0001,1,,08,20240129,20220726,SP,7071
47295104,0001,1,STUDIO VOLL,02,20220726,20220726,SP,7107
47296474,0001,1,STUDIO JANAISE TONETT,02,20220726,20220726,SC,8351
47299551,0001,1,,02,20220726,20220726,SP,6681
47311684,0001,1,SALES FITNESS ACADEMIA,02,20220727,20220727,GO,9373
47313170,0001,1,ELITE SPORTS,08,20240828,20220727,MS,9051
47326778,0001,1,OLYMPIC FIT P2,02,20220728,20220728,PI,1157
47331412,0001,1,ACADEMIA PHYSICAL LIFE,08,20250103,20220728,CE,1389
47335521,0001,1,****,08,20221228,20220728,SP,7107
47335970,0001,1,ACADEMIA K3 FITNES,08,20240719,20220728,SP,6533
47340473,0001,1,ULTRA FIT,02,20220729,20220729,RJ,2909
47344089,0001,1,TWFIT CENTRO DE TREINAMENTO,02,20220729,20220729,MG,4123
47346153,0001,1,STUDIO VELOCITY,02,20220729,20220729,SP,7097
47352769,0001,1,WOLF CROSS,08,20251202,20220729,SC,8361
47363264,0001,1,CT LOBOS - CENTRO DE TREINAMENTO -CROSSTRAINING E LUTAS,08,20230606,20220801,BA,3515
47378418,0001,1,ARENA FITNESS ACADEMIA,02,20220802,20220802,RS,8701
47384455,0001,1,CORPO EM FOCO PILATES STUDIO,02,20220802,20220802,SP,7107
47390048,0001,1,STUDIO VELOCITY,08,20240110,20220802,GO,9221
47390160,0001,1,BRAIN PUMP TREINO INTELIGENTE,08,20230412,20220802,TO,9733
47397524,0001,1,,03,20260401,20220803,RN,1687
47399799,0001,1,ACADEMIA ESPACO FITNESS,02,20220803,20220803,PI,1205
47401200,0001,1,XTREME20,08,20250425,20220803,SP,6425
47415995,0001,1,NEXT LEVEL STUDIO,02,20220804,20220804,SP,6155
47417154,0001,1,BEL EVENTOS,02,20220804,20220804,SP,6251
47426112,0001,1,M7 ESPORTES ASSESSORIA ESPORTIVA,02,20220804,20220804,SP,7157
47429884,0001,1,ARTE ADAGIO,02,20220804,20220804,MG,4123
47433963,0001,1,ACADEMIA REGINA AMBAR ASSUMPCAO,02,20220805,20220805,SP,7033
47440253,0001,1,,02,20220805,20220805,SP,7151
47448804,0001,1,JR SERVICOS,02,20220806,20220806,ES,5663
47452044,0001,1,ON FIT TREINAMENTOS PERSONALIZADOS,02,20220807,20220807,SP,6131
47457090,0001,1,MOSKA HIGH PERFORMANCE,08,20230906,20220808,MG,5403
47480104,0001,1,,02,20220809,20220809,SP,6589
47481234,0001,1,CROSS86,08,20240108,20220809,SP,7131
47481399,0001,1,STUDIO GARAGEM DAS MINAS LTDA,08,20231122,20220809,SP,6563
47487534,0001,1,ACADEMIA CLUB R7,08,20250827,20220809,GO,9753
47487789,0001,1,SPA FIT ACADEMIA,02,20220809,20220809,GO,9425
47490793,0001,1,MONSTER FITNESS,08,20230215,20220809,PE,2399
47500813,0001,1,WOLF'S GYM,02,20220810,20220810,RN,0430
47503755,0001,1,PURE PILATES,02,20220810,20220810,SP,7107
47513683,0001,1,INSTITUTO LA BONNE SANTE LTDA,02,20220810,20220810,PR,7777
47514671,0001,1,MILENA FREITAS PERSONAL,02,20220810,20220810,PB,2227
47520367,0001,1,MICHELE MELO STUDIO DE PILATES,02,20220811,20220811,SP,7149
47521327,0001,1,ESCOLA DE NATACAO FLAVIA GREGORINO LTDA,02,20220811,20220811,SC,9985
47534906,0001,1,WGYM BELO CORPO,02,20220811,20220811,PE,2491
47554113,0001,1,A2FIT ACADEMIA,02,20220812,20220812,PE,2531
47575178,0001,1,NADUARTE FITNESS CENTER,02,20220815,20220815,MG,4445
47575798,0001,1,VIDA+,02,20220815,20220815,SP,7099
47371185,0001,1,F. M. I SAUDE E PERFORMANCE,02,20220801,20220801,SP,7107
47587024,0001,1,TAURA CROSSTRAINING,08,20240626,20220816,MT,8985
47588407,0001,1,SEJA FIT,02,20220816,20220816,PB,2059
47590052,0001,1,ACADEMIA GAVIOES,02,20220816,20220816,SP,7107
47592625,0001,1,ACADEMIA STUDIO PERSONAL 2.0,08,20260303,20220816,TO,9243
47599856,0001,1,SLIM FIT BUENO,02,20220816,20220816,GO,9373
47601116,0001,1,ESPACO BEM VIVER,02,20220817,20220817,RS,5779
47601698,0001,1,,02,20220817,20220817,RS,5785
47608274,0001,1,HAKA SPORTS CENTER,02,20220817,20220817,CE,1389
47614408,0001,1,****,02,20220817,20220817,SP,7107
47616929,0001,1,MOVEMENT FIGHT FUNCIONAL,02,20220817,20220817,RJ,5819
47622017,0001,1,ESPORTIVAMENTE CENTRO DE TREINAMENTO,02,20220818,20220818,RJ,5895
47626062,0001,1,STUDIO FIT TRAINER,02,20220818,20220818,CE,1335
46648743,0001,1,CT NUNES FITNESS,02,20220603,20220603,CE,1247
47631101,0001,1,WE BURN CLUB,02,20220818,20220818,RS,8801
47633307,0001,1,ACADEMIA TOP FORMA,02,20220818,20220818,PA,0525
47636005,0001,1,,02,20220819,20220819,PR,7667
47637287,0001,1,ACADEMIA SPORT 04,02,20220819,20220819,SP,6477
47637482,0001,1,PANOBIANCO CIANORTE,02,20220819,20220819,PR,7505
47640421,0001,1,,02,20220819,20220819,SP,7047
47641310,0001,1,B&B EXTREME ACADEMIA,02,20220819,20220819,RJ,5819
47667162,0001,1,ROGERIO GONCALVES PERSONAL TRAINER,02,20220822,20220822,SP,6361
47677610,0001,1,ACADEMIA META FITNESS,08,20240703,20220823,SP,7107
47678830,0001,1,ACADEMIA BELLA FORMA,02,20220823,20220823,SP,7107
47685239,0001,1,ACADEMIA EVOLUTION,02,20220823,20220823,RS,0968
47697786,0001,1,ELITE FUNCIONAL,02,20220824,20220824,PA,0483
47703909,0001,1,GYM VARZEA,02,20220824,20220824,RJ,5915
47713083,0001,1,SOLICORPOEMENTE,02,20220825,20220825,SP,6969
47537450,0001,1,STUDIO KV FIT,02,20220812,20220812,RJ,6001
47728355,0001,1,FISICO CLUB,02,20220826,20220826,RJ,6001
47728447,0001,1,EVOLUTION FISIOTERAPIA & PILATES,02,20220826,20220826,BA,3849
47730261,0001,1,FLOW YOGA E MOVIMENTO,02,20220826,20220826,MG,4895
47736258,0001,1,,02,20220826,20220826,RS,8801
47748863,0001,1,,02,20220829,20220829,MG,4123
47752173,0001,1,,02,20220829,20220829,MT,9907
47754777,0001,1,S3 GYM,02,20220829,20220829,CE,1345
47765427,0001,1,BUFFALO ACADEMIA,03,20221221,20220830,ES,5697
47765837,0001,1,,02,20220830,20220830,SP,6643
41771191,0002,2,,08,20221006,20220830,MG,2687
47769065,0001,1,C. MILES TRAINING MACATUBA ACADEMIA,08,20230831,20220830,SP,6661
41609229,0004,2,,02,20241029,20220830,SP,7107
47790930,0001,1,TERHA TECNOLOGIA DE ELETROESTIMULACAO REABILITACAO HIPE,02,20220831,20220831,CE,1389
47806254,0001,1,PRUMO TREINAMENTO E REABILITACAO,02,20220901,20220901,TO,9733
11461404,0003,2,ACADEMIA CULTUAR,04,20260515,20220902,SC,8161
47816972,0001,1,NEW LIFE FITNESS,02,20220902,20220902,PE,2637
47819658,0001,1,,02,20220902,20220902,SP,6205
47828798,0001,1,COMPLEXO SPOT,02,20220902,20220902,CE,1389
47856191,0001,1,,02,20220906,20220906,PR,7691
47861277,0001,1,STUDIO AMANDA MORETI,02,20220906,20220906,MT,8993
47862012,0001,1,CENTRO DE TREINAMENTO VIDA FITNESS,02,20220906,20220906,BA,3603
47871632,0001,1,KINECTION ACADEMIA,02,20220908,20220908,PA,0427
47872046,0001,1,CLINICA HADA LAISE,02,20220908,20220908,MG,4903
47880608,0001,1,FORCE TRAINING STUDIO,08,20230606,20220908,SC,8367
47896365,0001,1,UNAFIT,02,20220909,20220909,MG,4335
47902927,0001,1,,02,20220910,20220910,PA,0453
47907551,0001,1,CB ACADEMIA,02,20220912,20220912,PB,0516
47907907,0001,1,,02,20220912,20220912,SP,6271
47913891,0001,1,TIME ALLEH RAMOS,02,20220912,20220912,MG,5035
47916611,0001,1,EXTREMUS FIT,02,20220912,20220912,CE,1585
47923744,0001,1,STUDIO KEILA ANTUNES,02,20220913,20220913,SC,8397
47926834,0001,1,POWER UP,02,20220913,20220913,MG,4733
47928235,0001,1,NS STUDIO FITNESS,02,20220913,20220913,RS,8705
47929287,0001,1,,02,20220913,20220913,CE,1385
47931204,0001,1,TOP FITNESS ACADEMIA,04,20260608,20220913,GO,9221
47932519,0001,1,,02,20220913,20220913,RN,1881
45164501,0001,1,RICO TRAINING,02,20220204,20220204,ES,5703
47935405,0001,1,NEW GYM ACADEMIA,02,20220913,20220913,MS,9073
47940508,0001,1,CT THIAGO CAMARA,02,20220914,20220914,RJ,5837
18527296,0002,2,SPACO FITNESS,02,20220914,20220914,MA,0731
47948755,0001,1,STUDIO PERSONALIZADO DYEILA RODRIGUES,08,20230301,20220914,CE,1383
47952678,0001,1,NIKOLAOS,02,20220914,20220914,SP,6425
45821323,0001,1,R6 ACADEMIA DE GINASTICA E MUSCULACAO,02,20220329,20220329,SP,6571
47963000,0001,1,FE MARIA STUDIO DE PILATES,02,20220915,20220915,SP,6543
39146848,0002,2,ACADEMIA VITTAL ENERGY II,02,20220915,20220915,BA,3735
47997207,0001,1,RENATO REIS SOLUCOES EM TREINAMENTO FISICO E BEM ESTAR,02,20220919,20220919,SP,7107
48009752,0001,1,BOX NOVA RUSSIA,02,20220920,20220920,PR,7777
48011788,0001,1,LIGHT BOX,02,20220920,20220920,AL,2785
48018595,0001,1,CENTRO DE TREINAMENTO FISICO PARA MULHERES JUH DE PAULA,02,20220920,20220920,RJ,5901
48035955,0001,1,TLX TRAINERS,02,20220921,20220921,RS,8727
48038847,0001,1,ACADEMIA FORMA FIT,02,20220921,20220921,BA,3841
48047025,0001,1,CROSSWODMCZ,02,20220922,20220922,AL,2785
42309347,0005,2,ALLP FIT ACADEMIA,02,20220922,20220922,SP,7047
48062836,0001,1,ATTACK FITNESS,08,20240129,20220923,RN,1761
48077471,0001,1,ACADEMIA LIONS FIT,02,20220926,20220926,PB,2151
48085945,0001,1,K2 PERSONAL STUDIO,02,20220926,20220926,PE,2627
07594978,0503,2,,02,20220926,20220926,PR,7535
48097854,0001,1,NAUTICOS FIT,02,20220927,20220927,RN,1779
48098119,0001,1,,02,20220927,20220927,SC,8105
35861296,0002,2,,02,20220927,20220927,SP,6969
48102218,0001,1,STUDIO SM,02,20220927,20220927,RS,6051
48113069,0001,1,TAURUS ACADEMIA,02,20220928,20220928,BA,3359
48125325,0001,1,DW TRAINING,02,20220928,20220928,PR,7535
48126690,0001,1,EVOLUTION CT,02,20220929,20220929,MG,4877
48126834,0001,1,STUDIO PERSONAL DELTA,02,20220929,20220929,ES,5623
48127497,0001,1,ACADEMIA EVOLUCAO FITNESS,02,20220929,20220929,MA,0825
48132873,0001,1,STUDIO TATI ZANON,02,20220929,20220929,MG,4371
48142105,0001,1,NEW LIFE FIT,02,20220929,20220929,BA,3117
48142333,0001,1,INTENSEFIT ACADEMIA,02,20220930,20220930,RN,1759
48166531,0001,1,STUDIO CORPUS NIT,02,20221003,20221003,RJ,5865
48171104,0001,1,CENTRO DE TREINAMENTO MILITARY WORKOUT,08,20241128,20221003,MT,9067
48185691,0001,1,,02,20221004,20221004,RN,1761
48185949,0001,1,WA ASSESSORIA ESPORTIVA,02,20221004,20221004,MT,9067
48192297,0001,1,VS GOLD CAMBE,02,20221005,20221005,PR,7471
48199358,0001,1,STUDIO LIFT,02,20221005,20221005,MG,4571
47501357,0001,1,,02,20220810,20220810,SC,8179
47706339,0001,1,ACADEMIA MEGA FATNESS,02,20220824,20220824,PE,2315
44277766,0001,1,AM ESPACO FITNESS,02,20211117,20211117,ES,5619
48210867,0001,1,INSTITUTO GUILHERME MARTINS,08,20241212,20221006,SP,7097
48212314,0001,1,IRON FITNESS,02,20221006,20221006,PB,1975
48218128,0001,1,STUDIO PRATES PILATES,02,20221007,20221007,SP,6477
48221745,0001,1,CROSS EXPERIENCE AGUAS CLARAS,02,20221007,20221007,AM,0255
48226678,0001,1,ACADEMIA FORCA ATIVA WELLNESS,02,20221007,20221007,RJ,5909
48238492,0001,1,STUDIO CARINA CARVALHO,02,20221010,20221010,MG,2663
48239683,0001,1,CT XTREME,02,20221010,20221010,PE,2535
48239889,0001,1,ARGOS CENTRO FISICO,02,20221010,20221010,RJ,5869
48240722,0001,1,,02,20221010,20221010,BA,3957
48242873,0001,1,LA REVIGORE,08,20250203,20221010,CE,1389
48245459,0001,1,****,02,20221010,20221010,SP,7107
48251916,0001,1,PRIME ESPORTES E PILATES,02,20221011,20221011,RS,8773
48252661,0001,1,****,02,20221011,20221011,SP,7107
48254368,0001,1,,02,20221011,20221011,SP,7107
48255615,0001,1,SIX WELLNESS,02,20221011,20221011,MG,4445
48255881,0001,1,,08,20240321,20221011,SP,6511
47401200,0002,2,XTREME20,08,20250103,20221011,SP,6425
48269668,0001,1,TREND FIT ACADEMIA,02,20221013,20221013,CE,1559
48271369,0001,1,,08,20251027,20221013,SP,7099
48277436,0001,1,,02,20221013,20221013,RJ,5897
48291524,0001,1,SUMMER ACADEMIA,02,20221014,20221014,AL,2719
48294256,0001,1,,02,20221014,20221014,SP,7151
48306160,0001,1,ELITE CENTER FITNESS,02,20221017,20221017,MG,4941
41121150,0002,2,,08,20230807,20221018,RS,8599
48339810,0001,1,BARBAROS CROSS NOVA IGUACU,08,20250926,20221019,RJ,5869
48341644,0001,1,BELTRAO FITNESS ACADEMIA,02,20221019,20221019,BA,3669
48344773,0001,1,CRIS TELLES STUDIO FITNESS,02,20221019,20221019,RJ,5849
48347415,0001,1,APCLUB CONSULTORIA,02,20221019,20221019,SP,6291
48354509,0001,1,KING'S CROSS BOX,08,20250324,20221020,SP,6589
48356278,0001,1,CK STUDIO E TREINAMENTO,02,20221020,20221020,RJ,5897
46385237,0003,2,,08,20250512,20221020,RS,8933
48369948,0001,1,BN HOUSE,02,20221021,20221021,BA,3593
48374951,0001,1,CORPORE VITAE,02,20221021,20221021,SP,6699
48385407,0001,1,,02,20221023,20221023,SP,7107
48388222,0001,1,,02,20221024,20221024,SP,7107
48388295,0001,1,A&A FITNESS E SAUDE,02,20221024,20221024,DF,9701
45227017,0002,2,ACADEMIA TOP FITNESS,04,20240823,20221024,PA,0483
48396748,0001,1,,02,20221025,20221025,PI,1219
48397807,0001,1,PANFIT ACADEMIAS,02,20241017,20221025,CE,1389
48400879,0001,1,TRIBO FITNESS TIETE,02,20221025,20221025,SP,7191
48401338,0001,1,STORM CENTRO FITNESS,02,20221025,20221025,SP,6589
48401875,0001,1,,02,20221025,20221025,RJ,6001
48406810,0001,1,ICD LIFE,02,20221026,20221026,MA,0723
48408766,0001,1,CT RAUL ROCHA,02,20221026,20221026,BA,3909
48411820,0001,1,BOX VERGUEIRO,08,20240802,20221026,SP,7075
48413339,0001,1,CROSS IRON BOX 2,02,20221026,20221026,RJ,5869
48431580,0001,1,VL FITNESS,02,20221027,20221027,BA,3849
48438606,0001,1,SPORT ACADEMIA,02,20221027,20221027,PA,0389
48439179,0001,1,SPORT +,08,20240927,20221027,SP,7107
48444414,0001,1,TOPSPIN ACADEMY,02,20221028,20221028,PR,7663
48471170,0001,1,KORE ACADEMIA DE GINASTICA,02,20221031,20221031,DF,9701
48472066,0001,1,ACADEMIA PRIME,08,20221227,20221031,MA,0831
48484947,0001,1,MOVE WELL,02,20221101,20221101,SC,8105
48485232,0001,1,010486,08,20260424,20221101,PR,7513
48495689,0001,1,ACADEMIA EXTREME POWER,02,20221103,20221103,RN,1643
48500503,0001,1,STUDIO FRAN FIORILO,08,20230605,20221103,SP,6795
48513883,0001,1,JAGUAR CROSS,02,20221104,20221104,BA,3849
44496655,0001,1,ACADEMIA A. CESAR FERREIRA,02,20211206,20211206,BA,3909
48517096,0001,1,SELFIT ACADEMIAS,02,20221104,20221104,BA,3313
48518818,0001,1,RSM EXERCISE AND HEALTH,02,20221104,20221104,SP,7107
48519520,0001,1,STUDIO MOVE TRAINER,02,20221104,20221104,SC,8075
48524282,0001,1,,02,20221106,20221106,SP,6581
48528182,0001,1,VITORIA STRONG BENTO FERREIRA,02,20221107,20221107,ES,5705
48538200,0001,1,TITAN CENTRO DE TREINAMENTO,02,20221107,20221107,GO,9221
48540109,0001,1,ESPACO FITNESS,02,20240909,20221107,MA,0929
48550991,0001,1,CENTRO DE TREINAMENTO E REABILITACAO FISICA ENERGY FIT,02,20221108,20221108,RS,8801
10725421,0003,2,,08,20250624,20221108,RS,8541
48558117,0001,1,,02,20221109,20221109,BA,3385
48570831,0001,1,CT 2 COACH,08,20240427,20221109,SC,8105
48572835,0001,1,ACADEMIA BD ELITE,02,20221110,20221110,RJ,5927
48575465,0001,1,STUDIO M&P,02,20221110,20221110,SP,6969
48583547,0001,1,,02,20221110,20221110,SP,7107
48593196,0001,1,GIRASSOL PILATES E FUNCIONAL,02,20221111,20221111,RS,8801
48606987,0001,1,CT MAX FITNESS,02,20221114,20221114,CE,1559
48610318,0001,1,ACADEMIA HARDCORE,02,20221114,20221114,PA,0509
48619636,0001,1,,02,20221116,20221116,SP,7107
48623321,0001,1,ACADEMIA ELITE,08,20230622,20221116,MG,4261
47921862,0001,1,COMUNIDADE FITNESS,02,20220912,20220912,MG,4365
47334302,0001,1,POWER GYM FITNESS CLUB,08,20251002,20220728,BA,3957
48639608,0001,1,HOT FIT ACADEMIA,02,20221117,20221117,SP,7223
48652753,0001,1,,02,20221118,20221118,SP,7097
48654906,0001,1,X FITNESS,02,20221118,20221118,SP,7191
48657067,0001,1,ELITE GYM,02,20221118,20221118,MG,4341
48674484,0001,1,EQUILIBRIO STUDIO DE PILATES,08,20240111,20221121,MG,5205
48688415,0001,1,PINHO ASSESSORIA,02,20221122,20221122,SP,7107
48697307,0001,1,MUNDO FIT,02,20221123,20221123,PI,1045
48700756,0001,1,PORTO.FIT ITAPEMA,02,20221121,20221121,SC,8163
48701453,0001,1,,02,20221123,20221123,AL,2807
48705308,0001,1,ARENA MN,02,20221123,20221123,MG,4485
48717424,0001,1,MARE BEACH CLUB - EVENTOS ESPORTIVOS,02,20221124,20221124,SP,6681
48724257,0001,1,ISPV SAUDE PARA A VIDA,02,20221125,20221125,SP,2951
48726583,0001,1,BOX 162,02,20221125,20221125,PA,0559
48727154,0001,1,FAGUNDES ACADEMIA,08,20250313,20221125,MG,4959
48448935,0001,1,MAIS SAUDE FITNESS,08,20221128,20221028,RN,1837
48749209,0001,1,J & M ESPACO FITNESS,02,20221129,20221129,MG,5389
48749590,0001,1,CT GOLD X,02,20221129,20221129,RN,1759
48751030,0001,1,PANOBIANCO NOVA MIRIM,02,20221129,20221129,SP,6921
48753338,0001,1,SOULBIKE,02,20221129,20221129,RS,8801
48757992,0001,1,J.ELLER STUDIO,08,20250513,20221129,SC,8179
48759378,0001,1,,02,20221129,20221129,SP,6969
48760933,0001,1,STUDIO IRON MEC,02,20221129,20221129,MG,4501
48763227,0001,1,RTRAINER,02,20221130,20221130,PR,7535
48767839,0001,1,PEAK ACADEMIA,02,20221130,20221130,RN,1761
48770397,0001,1,CROSS EUNAPOLIS,02,20221130,20221130,BA,3117
48776386,0001,1,SUPERACAO TREINAMENTO PERSONALIZADO,08,20240221,20221201,SC,8105
48776722,0001,1,ACADEMIA GAMA,08,20241223,20221201,PI,0382
48782365,0001,1,,08,20240307,20221201,SP,6291
48786703,0001,1,CROSS SAO BERNARDO,02,20221201,20221201,SP,7075
48787323,0001,1,TREINAMENTO CONCIENTE,02,20221201,20221201,BA,3597
48796271,0001,1,ELITE TEAM ACADEMIA,08,20240315,20221202,RS,8841
48807698,0001,1,AGREGAR,02,20221205,20221205,GO,9785
48826795,0001,1,OPEN FLORESTA,02,20221207,20221207,RS,8801
48832902,0001,1,R&L GO PILATES,02,20241016,20221207,DF,9701
48833500,0001,1,CLINICA DAKINI,02,20221207,20221207,SP,7107
48834404,0001,1,NK STUDIO,02,20221207,20221207,SC,8047
48838152,0001,1,MAUA FIT - ACADEMIA,02,20221207,20221207,RS,6065
48839307,0001,1,STUDIO BRUNA REBONATO,02,20221208,20221208,ES,5625
48842453,0001,1,ACADEMIA TEAM MAGALHAES,08,20240710,20221208,SP,6101
48843713,0001,1,CASTRO JUNIOR,08,20240829,20221208,SP,7107
48853772,0001,1,ESPACO PATRICIA PADOVANI,02,20221209,20221209,BA,3807
48859963,0001,1,CROSS EXPERIENCE BOA ESPERANCA,08,20240312,20221212,MG,4141
48873479,0001,1,VIDA PLENA,02,20221213,20221213,RS,8739
45470153,0001,1,CRIS SANTOS,04,20240821,20220227,PR,7691
48878093,0001,1,AMERICA CENTRO FITNESS,02,20221213,20221213,RS,8953
48879547,0001,1,GOFIT ACADEMIA,02,20221213,20221213,SP,6953
48880408,0001,1,ACADEMIA UNIVERSO FITNESS,02,20221213,20221213,RR,0301
48884231,0001,1,STUDIO VOLL,02,20221214,20221214,SP,6213
48886104,0001,1,STUDIO ACRO,02,20221214,20221214,SP,7107
48888080,0001,1,ULTRA CRUZEIRO,02,20221214,20221214,DF,9701
48900669,0001,1,ACADEMIA FORCA VITAL,02,20221215,20221215,RJ,5815
48922237,0001,1,PRIME FITNESS,02,20221219,20221219,MG,4371
48928596,0001,1,,02,20221219,20221219,RJ,6001
48933769,0001,1,,02,20221220,20221220,SP,6717
48933930,0001,1,SKYFIT ACADEMIA - UNIDADE SALTO,02,20221220,20221220,SP,7005
48934703,0001,1,,02,20221220,20221220,RN,1761
48939351,0001,1,SOUL FIT ASSESSORIA ESPORTIVA,02,20221220,20221220,MA,0921
48941601,0001,1,C T I B,02,20221220,20221220,SP,7169
48945536,0001,1,C.T.A.R CENTRO DE TREINAMENTO ANDERSON RODRIGUES,08,20250709,20221221,PE,2499
48946154,0001,1,BILICA CENTRO DE TREINAMENTO,02,20221221,20221221,GO,9563
48946406,0001,1,ALOHA KIDS LTDA,02,20221221,20221221,DF,9701
48951801,0001,1,PRIME ACADEMIA LARANJEIRAS,02,20221221,20221221,ES,5699
48952252,0001,1,LIFE GYM,08,20240704,20221221,CE,1457
48953306,0001,1,FELICIA DAL CERO ATENDIMENTO PERSONALIZADO,02,20221221,20221221,RS,8783
48956112,0001,1,,02,20221222,20221222,SP,6905
07594978,0506,2,,02,20221222,20221222,RJ,5869
48958069,0001,1,STUDIO ATP,08,20260304,20221222,BA,3849
48959463,0001,1,SALA VIP STUDIO FIT,08,20230314,20221222,DF,9701
48962143,0001,1,,02,20221222,20221222,RS,8815
48962533,0001,1,,02,20221222,20221222,SP,7057
46239585,0001,1,,02,20220503,20220503,MG,4123
48965734,0001,1,PC FITNESS,08,20260520,20221223,MG,4951
48969643,0001,1,,04,20260521,20221223,CE,1447
48973332,0001,1,STUDIO POWER BELCHIOR,02,20240925,20221226,CE,1559
48982470,0001,1,POWER FIT,02,20221227,20221227,PA,0575
48991853,0001,1,ACADEMIA STUDIO FIT,02,20260130,20221228,MA,0823
48996878,0001,1,CROSS EXPERIENCE BRISAMAR,02,20221228,20221228,PB,2051
49003134,0001,1,ACADEMIA SC,02,20221229,20221229,RJ,5897
49008605,0001,1,UBERFIT GRAN VILLE,02,20221230,20221230,MG,5403
49014142,0001,1,CT WOLVES,02,20230102,20230102,RS,8531
49022118,0001,1,CP TREINAMENTO FISICO FUNCIONAL,02,20230102,20230102,SC,8179
49047893,0001,1,POLLY FITNESS,02,20230104,20230104,MG,4047
49049743,0001,1,ACADEMIA BOA FORMA,02,20230104,20230104,PI,0380
49049981,0001,1,SERFIT - ESPACO FITNESS,02,20230104,20230104,CE,1409
49057688,0001,1,NATIELE RODRIGUES STUDIO DE PILATES E FISIOTERAPIA,02,20230104,20230104,GO,9657
35710478,0002,2,THG GOLD,02,20230105,20230105,PI,1219
49067566,0001,1,SUPREMA ACADEMIA,02,20230105,20230105,ES,5663
49071430,0001,1,ACADEMIA PROJETO FITNNES,02,20230105,20230105,MS,9073
49074041,0001,1,,02,20230105,20230105,RJ,5873
49077734,0001,1,YELLOW'S FIT,02,20230105,20230105,PI,1131
49080683,0001,1,SOMEBODY ACADEMIA,02,20230106,20230106,MA,0937
49080775,0001,1,BLACKFIT,08,20240930,20230106,MA,0757
49086042,0001,1,STUDIO FITNESS - TREINAMENTO FUNCIONAL,02,20230106,20230106,PR,7599
49087753,0001,1,SEU SPASSO,02,20230106,20230106,MG,4123
49090075,0001,1,MV FITNESS,02,20230106,20230106,CE,1469
49091934,0001,1,ACADEMIA FLIPPER TIA MARCELLA,02,20230106,20230106,GO,9227
49106847,0001,1,ACILON GALINDO STUDIO DE TREINAMENTO FUNCIONAL,02,20230109,20230109,PE,2419
49109852,0001,1,INOVAR GOALKEEPER,02,20230109,20230109,RS,8773
49117346,0001,1,LS FITNESS TREINAMENTO COLETIVO,04,20260612,20230109,TO,9733
49118960,0001,1,FELIPE HEWRY PERSONAL DAS ESTRELAS,02,20230104,20230104,AL,2885
49119591,0001,1,,02,20230104,20230104,AL,2785
49119748,0001,1,,02,20230110,20230110,RJ,5923
49120431,0001,1,ESPACO DE DANCA CORPUS,02,20230110,20230110,GO,9633
49122057,0001,1,VITA HADDAD,02,20230110,20230110,SP,6291
49127427,0001,1,SKYFIT ACADEMIA - UNIDADE MOGI DAS CRUZES,02,20230110,20230110,SP,6713
49137560,0001,1,STUDIO SHALOM TREINO PERSONALIZADO LTDA,02,20230111,20230111,RS,5757
49140074,0001,1,CROSS ABC TABOAO,02,20230111,20230111,SP,6377
49140847,0001,1,,02,20230111,20230111,PR,7745
49140912,0001,1,SPAZIO SALUTE,02,20230111,20230111,MA,0889
49142006,0001,1,PD SPORTS,02,20230111,20230111,SP,7097
49149245,0001,1,ESTUDIO DE PILATES IRIS MEDEIROS,02,20230111,20230111,SP,7145
49151622,0001,1,J&R PERSONAL TRAINING ACADEMIA,02,20230111,20230111,SP,7107
49155324,0001,1,ACADEMIA EXTREME FORCE LTDA,02,20230112,20230112,GO,9431
49155637,0001,1,ARENA MIX+FIT,02,20230112,20230112,RJ,5897
49156440,0001,1,,02,20230112,20230112,SP,6563
49157457,0001,1,,02,20230112,20230112,SP,6569
49157763,0001,1,FLEX PILATES STUDIO,02,20230112,20230112,MG,4123
49167512,0001,1,ACADEMIA WA FITNESS,02,20230112,20230112,MG,4371
49172065,0001,1,STUDIO PERSONALIZADO FUNCIONAL FITNESS,04,20260608,20230113,BA,3691
49173383,0001,1,TREINADOR MATHEUS PICCO,08,20240917,20230113,MT,9067
49202761,0001,1,ACADEMIA CORPO & MOVIMENTO,08,20250708,20230116,MG,4265
49203198,0001,1,ASSESSORIA ESPORTIVA JUST RUN VIVA EM MOVIMENTO,02,20230116,20230116,PR,7493
49204907,0001,1,CF EXCALIBUR,02,20230116,20230116,CE,1389
40311732,0002,2,OXIGENIO,02,20230116,20230116,AP,0605
46510197,0002,2,,08,20250609,20230117,PB,2161
49216638,0001,1,EQUILIBRIUM LIFE PILATES E FISIOTERAPIA,02,20230117,20230117,SC,8309
49218447,0001,1,EXERCITE ACADEMIA,02,20230117,20230117,MG,4371
49219943,0001,1,ROBERTA KRISHNA,08,20240918,20230117,GO,9477
49220606,0001,1,IRON TRAINING,02,20230117,20230117,SP,6929
49224684,0001,1,ACADEMIA COMPASSFIT,02,20230117,20230117,SP,6589
45315196,0001,1,PROVALE ACADEMIA,02,20220216,20220216,RS,8879
14886597,0003,2,ACADEMIA MOVIMENTO,02,20260518,20230118,GO,9595
49232129,0001,1,OTIMIZE GESTAO ESPORTIVA,02,20230118,20230118,MT,9067
49235135,0001,1,CENTRO DE TREINAMENTO MARACANA,02,20230118,20230118,SP,6921
49238171,0001,1,,08,20260313,20230118,PR,7535
49241569,0001,1,LIFE PILATES LUCIANA LEAL,04,20260610,20230118,BA,3849
49243766,0001,1,XTRAINER SAUDE,02,20230118,20230118,RJ,6001
49246760,0001,1,DESTAQUE FITNESS,02,20230119,20230119,MG,4133
49253338,0001,1,BOLA CROSS ACADEMIA,08,20250211,20230119,SP,7107
49259540,0001,1,ACADEMIA HARMONIA DO CORPO & SM ESTETICA,02,20230119,20230119,RR,0301
49262095,0001,1,SPARTA ACADEMIA,02,20230119,20230119,BA,3069
49266955,0001,1,,02,20230120,20230120,RN,1759
49278391,0001,1,STUDIO F PERSONAL TRAINER,02,20230121,20230121,GO,9343
49298880,0001,1,FIT LIFE ACADEMIA,02,20230123,20230123,MA,0853
49308115,0001,1,G S CONDICIONAMENTO FISICO,08,20240228,20230124,SP,7107
45125744,0001,1,MOBILITY GYM,02,20220202,20220202,SP,6295
49325441,0001,1,ARIADNE LEAO FISIOTERAPIA E PILATES,02,20230125,20230125,MG,4123
49328789,0001,1,MOOD FIT,02,20230125,20230125,RJ,5925
49330720,0001,1,,02,20230125,20230125,RJ,5869
49334686,0001,1,DALTRO FIT ACADEMIA,02,20230125,20230125,BA,3515
49336685,0001,1,ACADEMIA SAMARA JARDIM,02,20230125,20230125,RJ,5847
49340124,0001,1,,02,20230126,20230126,RJ,5803
44648895,0001,1,STUDIO FOCUS SAUDE E FITNESS,02,20211221,20211221,MG,5111
49351096,0001,1,ACADEMIA T S FITNEES,02,20230126,20230126,MA,0142
49353199,0001,1,,02,20230126,20230126,RS,8769
49356713,0001,1,SPARTA ACADEMIA,02,20230126,20230126,PA,0399
46198011,0001,1,IRON GYM,02,20220429,20220429,MG,5371
49361404,0001,1,STUDIO FITNESS ERIKA LUCA,02,20230127,20230127,SP,6771
49364431,0001,1,NOVI CORPORIS PILATES,02,20230127,20230127,SP,7071
49365998,0001,1,,02,20230127,20230127,RS,8681
49380328,0001,1,,04,20260609,20230130,SP,7227
49381350,0001,1,,02,20230130,20230130,RS,8877
49382956,0001,1,JARDEL MOURA ASSESSORIA ESPORTIVA,02,20230130,20230130,BA,3849
49383143,0001,1,OLIMPO CENTRO DE TREINAMENTO E ASSESSORIA,02,20230130,20230130,PA,0447
49391181,0001,1,CORONEL ACADEMIA,02,20230130,20230130,GO,9393
31731934,0002,2,BOX TF,02,20230131,20230131,SP,6469
49419667,0001,1,BFIT STUDIO PERSONAL,02,20230201,20230201,MG,5441
49420312,0001,1,RENATA PATRICIA PERSONAL,02,20230201,20230201,RJ,5809
49421634,0001,1,LICITAR,02,20230201,20230201,PA,0427
49422591,0001,1,PUMP ACADEMIA,02,20230131,20230131,RN,1603
49427653,0001,1,ACADEMIA VIVAL FITNESS,02,20230201,20230201,MS,9157
49430829,0001,1,KING ACADEMIA,02,20230201,20230201,PA,0561
49438532,0001,1,AS STUDIO DE PILATES E TREINAMENTO FISICO FUNCIONAL,02,20230202,20230202,SP,7107
49438865,0001,1,FLEX ACADEMIA,08,20260513,20230202,SP,6427
49439810,0001,1,BESSA FITNESS,02,20230202,20230202,PA,0415
49443756,0001,1,ALFAFITNESS BARRA,02,20230202,20230202,RJ,6001
49444208,0001,1,CROSS UN 5522,08,20250402,20230202,RJ,2921
49453725,0001,1,,02,20230203,20230203,SP,6969
49454030,0001,1,STUDIO NUTRIR,02,20230203,20230203,MA,0757
49465858,0001,1,SANCA MOVES,02,20230203,20230203,SP,7079
45859405,0001,1,,02,20220331,20220331,SC,8033
49481364,0001,1,,08,20230711,20230206,SP,7107
49482973,0001,1,FIT BLACK RAZAO,08,20250307,20230206,SP,6619
49484609,0001,1,JONAS PERSONAL TRAINER,02,20230206,20230206,MT,9871
49493316,0001,1,QF/QAP FITNESS,02,20230206,20230206,AL,2785
46524312,0001,1,CROSS EXPERIENCE MIGUEL SUTIL,02,20220524,20220524,MT,9067
49493969,0001,1,CT COUTO PERSONAL,02,20230207,20230207,GO,9227
46162245,0001,1,F7 ACADEMIA,02,20220427,20220427,SE,3233
49501170,0001,1,ENGENHO DO MOVIMENTO,02,20230207,20230207,RS,8625
49505135,0001,1,CENTRO SPACE CORPUS,02,20230207,20230207,BA,3767
49508273,0001,1,STUDIO PILATES E FISIOTERAPIA AMANDA DIAS,02,20230207,20230207,MS,9805
49514960,0001,1,RESET PILATES E SAUDE INTEGRADA,02,20230208,20230208,PR,7889
49519532,0001,1,STUDIO BEM ESTAR PILATES,02,20230208,20230208,BA,3685
49521759,0001,1,ACADEMIA POWER FITNESS,02,20230208,20230208,BA,3341
49522620,0001,1,POINT TRAINING,02,20230208,20230208,SP,7107
49523778,0001,1,,02,20230208,20230208,SP,6157
49530461,0001,1,,02,20230209,20230209,MG,4123
49531087,0001,1,EQUIPE FABIO COSTA / JITAE,02,20230209,20230209,MS,9051
49535026,0001,1,ESPACO FIT,02,20230209,20230209,GO,9599
49536678,0001,1,GYM POWER TWO,08,20240613,20230209,BA,3849
49539902,0001,1,L SEVEN ASSESSORIA ESPORTIVA,08,20240123,20230209,PR,7535
49540273,0001,1,SR TERAPIA OCUPACIONAL,02,20230209,20230209,MT,9067
49541526,0001,1,PULSE FIT,02,20230209,20230209,PE,2477
49552931,0001,1,X-PHYSIQUE TRAINING,02,20230210,20230210,PB,2175
49554080,0001,1,C. T. IMPACTO,02,20230210,20230210,MT,9047
49557100,0001,1,ARENA FIRE,02,20230210,20230210,PA,0435
49557393,0001,1,,02,20230210,20230210,RJ,5883
49558203,0001,1,JUMP BOX,08,20250114,20230210,SP,7145
49563447,0001,1,,02,20230211,20230211,SC,8039
49581665,0001,1,,02,20230213,20230213,RS,8933
49583125,0001,1,POWER GYM ACADEMIA,02,20230213,20230213,SC,8199
49613429,0001,1,,02,20230215,20230215,RJ,6001
49614259,0001,1,WOLF CROSS FITNESS,02,20230215,20230215,RJ,6001
49616791,0001,1,STUDIO W DE TREINAMENTO,02,20230215,20230215,SP,6955
49617454,0001,1,,08,20230801,20230215,SP,7107
49624581,0001,1,ACADEMIA FITNESS BEM ESTAR,02,20230216,20230216,PI,0282
49630745,0001,1,STUDIO MONICA HYPOLITO,02,20230216,20230216,SP,6221
49673201,0001,1,CROSS EXPERIENCE PINDAMONHANGABA,02,20230222,20230222,SP,6861
49678575,0001,1,LABOREGYM,02,20230223,20230223,MG,4123
49683160,0001,1,GM PERFORMANCE,02,20230223,20230223,RN,1871
49701331,0001,1,,02,20230224,20230224,PR,7535
34223758,0002,2,PREMIUM PERSONAL STUDIO,08,20260317,20230224,SP,7143
49705722,0001,1,RACFIT,02,20230224,20230224,PA,0589
49721639,0001,1,ESPACO VIDA,02,20230227,20230227,MG,5041
49722661,0001,1,AGITARE BURITIS,02,20230227,20230227,MT,8985
49727286,0001,1,CENTRO DE TREINAMENTO OLYMPIA,02,20230227,20230227,RN,1685
49732275,0001,1,ACADEMIA PERSONAL REAL,02,20230227,20230227,PR,7527
49732586,0001,1,GOFIT BELTRAO,02,20230227,20230227,PR,7565
49737044,0001,1,FG FITNESS CLUB,04,20260610,20230228,BA,3927
49738001,0001,1,MY BOX CANOASMV,08,20240308,20230228,RS,8589
49738034,0001,1,,08,20260121,20230228,MG,5041
49741339,0001,1,,08,20240613,20230228,CE,1389
49744590,0001,1,SPINE HEALTH PILATES,08,20260305,20230228,SP,7107
49746337,0001,1,STUDIO PERSONAL PROFESSOR ALLAN DE CARLO,02,20230228,20230228,RJ,5863
20217138,0003,2,,04,20260513,20230301,PE,2443
49759383,0001,1,TJ FITNESS,02,20230301,20230301,MG,2665
49759500,0001,1,STEINHARD TREINAMENTO FUNCIONAL,02,20230301,20230301,SC,8179
49760030,0001,1,ENERGY SANTANA,02,20230301,20230301,AP,0615
49768689,0001,1,FISIOBLESS,02,20230301,20230301,MG,4387
49777258,0001,1,PILATES VIVER BEM,02,20230302,20230302,MT,9067
49788776,0001,1,ACADEMIA SPORT MANIA,02,20230302,20230302,RS,8955
49794099,0001,1,,02,20230303,20230303,SP,2951
49794905,0001,1,MP ACADEMIA,02,20230303,20230303,AL,2707
49796876,0001,1,RC BOX CROSS TRAINING,02,20230303,20230303,PB,2067
49800100,0001,1,GIRO PILATES,08,20240807,20230303,RN,1761
49804782,0001,1,STUDIO BRUNO EDUARDO PERSOMAL & CROSSTRAINING,02,20230303,20230303,SP,7191
49814314,0001,1,FLOW PERSONAL TRAINING,02,20230306,20230306,MG,4921
49818135,0001,1,JM SPORT FIT,08,20231016,20230306,TO,9691
49832380,0001,1,,08,20260121,20230307,PB,2051
49834437,0001,1,ITALIA ELETROESTIMULACAO DE CORPO INTEIRO,02,20230307,20230307,MA,0921
49834673,0001,1,STUDIO DE PILATES TANIA GITRONE BREMM,02,20230307,20230307,SC,8195
49834858,0001,1,SELVA,02,20230307,20230307,PE,2627
21468157,0002,2,,08,20230913,20230307,SC,8333
49836617,0001,1,ESSENCIAL SERVICOS,02,20230307,20230307,MG,5035
49837797,0001,1,BOOMBOX CROSS TRAINING,02,20230307,20230307,MS,9011
49838123,0001,1,,08,20250310,20230307,RJ,5865
49855718,0001,1,CROSS TRANING WOLF 68,02,20230308,20230308,AC,0139
49856607,0001,1,,02,20230308,20230308,PR,7535
49858167,0001,1,BM CENTRO DE TREINAMENTO ESPORTIVO,02,20230308,20230308,SP,7077
49870230,0001,1,FUNCIONAL FTNESS,02,20230309,20230309,MA,0951
49873635,0001,1,MS STUDIO,02,20230309,20230309,PB,2195
49874455,0001,1,,02,20230309,20230309,SP,6311
49877274,0001,1,,02,20230309,20230309,MG,4107
07594978,0525,2,,02,20230310,20230310,RJ,5819
49886001,0001,1,POWER FITNESS,02,20230310,20230310,RN,1761
49887761,0001,1,C T GUI TEIXEIRA,02,20230310,20230310,PE,2531
49889826,0001,1,PILATES E OSTEOPATIA -CAMYLA FERREIRA,02,20230310,20230310,MA,0803
49891483,0001,1,JANA AMANCIO ASSESSORIA ESPORTIVA,02,20230310,20230310,SP,6213
49892848,0001,1,ACADEMIA CENTRAL FITNESS,08,20250507,20230310,BA,3909
49894721,0001,1,ACADEMIA BEM ESTAR FITNESS,02,20230310,20230310,PE,2381
49906617,0001,1,ACADEMIA MEGGAGYM,02,20230313,20230313,MG,5183
49910895,0001,1,ROGGER BENTES STUDIO FITNESS,02,20230313,20230313,PA,0433
49914566,0001,1,LTPERSONAL,02,20230313,20230313,RS,8705
49920773,0001,1,ACADEMIA POWER FITNESS,02,20230313,20230313,GO,9375
49921551,0001,1,,02,20230313,20230313,SP,7107
49925826,0001,1,AP FINTNESS,02,20230314,20230314,PE,2585
49926745,0001,1,CROSS LIFE,02,20230314,20230314,MS,9165
49927463,0001,1,***,02,20230314,20230314,CE,1385
49931283,0001,1,RAFAEL PERSONAL DIGITAL,08,20230717,20230314,SP,7071
49934727,0001,1,,02,20230314,20230314,RS,8799
49938704,0001,1,,02,20230314,20230314,RJ,5921
49939964,0001,1,ACADEMIA PRO SAUDE,02,20230314,20230314,PI,1191
49946519,0001,1,,02,20230315,20230315,SP,7107
49954749,0001,1,,02,20230316,20230316,PE,2341
49955175,0001,1,IRON FITNESS,02,20230316,20230316,PB,2225
49957151,0001,1,MICHELS TREINAMENTO PERSONALIZADO,02,20230316,20230316,RS,8801
49975814,0001,1,COMPOSTURA FISIOTERAPIA,02,20230317,20230317,RJ,6001
49979267,0001,1,YAK CF,08,20240202,20230317,MG,4951
49982696,0001,1,STUDIO SANDRA NASCIMENTO,02,20230317,20230317,CE,1523
49984402,0001,1,CT NINA EVOLUTION,02,20230317,20230317,SP,7115
49985798,0001,1,ACADEMIA TOP MIR FITNESS,02,20230317,20230317,MA,0172
49993734,0001,1,ACADEMIA BONFIM,02,20230320,20230320,SP,6291
50007700,0001,1,VIP TRAINER,02,20230321,20230321,MG,4881
50008321,0001,1,OVER TRAINING,04,20260611,20230321,AP,0605
50009764,0001,1,ACADEMIA TOP FITNESS,02,20230321,20230321,RJ,5861
50021194,0001,1,ACADEMIA ELITE PERFORMANCE,02,20230321,20230321,AM,0255
50032662,0001,1,ISOTANI PRIME,08,20230724,20230322,SP,7107
50034665,0001,1,BRENDA DI-HALI STUDIO DE PILATES,02,20230322,20230322,MG,4683
50040043,0001,1,MOVING TOP ACADEMIA,02,20230322,20230322,RS,8571
50045757,0001,1,MEGA FITNESS ACADEMIA,02,20230323,20230323,MA,0811
50052881,0001,1,ELS TREINAMENTO,02,20230323,20230323,SP,7107
50058969,0001,1,RAFAELA SELZLEIN STUDIO DE PILATES,02,20230323,20230323,SC,8259
50063425,0001,1,FLASH TREINO,02,20230324,20230324,MG,4885
50074211,0001,1,,02,20230324,20230324,RS,8801
50076869,0001,1,LIFE FITNESS,08,20250926,20230324,PE,2585
49857277,0001,1,FUSION,02,20230308,20230308,RJ,5803
45394744,0001,1,,08,20250325,20220222,PR,7765
50096183,0001,1,S W ACADEMIA,08,20260324,20230327,RO,0035
50096249,0001,1,STUDIO FRANCA,02,20230327,20230327,SE,3233
50096341,0001,1,STORM FIT,02,20230327,20230327,RS,8801
50103895,0001,1,OBSTINATE CLUB,02,20230328,20230328,MA,0921
50104309,0001,1,MOVING STUDIO TREINAMENTO FISICO,02,20230328,20230328,MG,4497
50105156,0001,1,R2 FITNESS,02,20230328,20230328,SP,7145
50108501,0001,1,ACADEMIA 4 ELEMENTOS,08,20231123,20230328,PE,2381
50110778,0001,1,YOUFIT,02,20230328,20230328,SC,5541
50110994,0001,1,B4_FITNESSACADEMIA,08,20240415,20230328,CE,1559
50112172,0001,1,ACACIO BARBOSA MOVIMENTO ESAUDE,02,20230328,20230328,PB,2239
50112342,0001,1,RUBENS SOUZA ACADEMIA,02,20230328,20230328,GO,9221
50115386,0001,1,IMPERIO CT,02,20230328,20230328,SP,6481
50115479,0001,1,LOFIT STUDIO UNIVERSITARIO,02,20230328,20230328,SC,8379
50116484,0001,1,,02,20230328,20230328,SP,6377
50125188,0001,1,CENTER FITNESS ACADEMIA,02,20230329,20230329,ES,5639
50133147,0001,1,STUDIO SURYA,02,20230329,20230329,SC,8105
50133490,0001,1,ARENA FITNESS,02,20230329,20230329,GO,9549
50141520,0001,1,,08,20231222,20230330,MG,5151
43489773,0002,2,ACADEMIA VIDAFIT,02,20230330,20230330,CE,1447
50153682,0001,1,JEANE FIT,02,20230330,20230330,PA,0415
50156292,0001,1,,02,20230331,20230331,SC,8221
33834741,0009,2,ACADEMIA USINA CAMP,08,20240625,20230331,PR,7583
50161880,0001,1,ANGEL FITNESS GYM,02,20230331,20230331,RJ,6001
50167771,0001,1,,02,20230331,20230331,MG,4733
50179090,0001,1,ATRAM ACADEMIA,02,20230403,20230403,SP,6917
50182116,0001,1,BLACK FIT ACADEMIA,02,20230403,20230403,SP,6389
37733613,0002,2,GREEN BOX,02,20230403,20230403,PE,2531
50187923,0001,1,BIO FITNESS LARANJEIRAS,02,20230403,20230403,MG,4205
50191093,0001,1,YOU GYM,02,20230403,20230403,SC,8161
50194952,0001,1,NEW SHAPE ACADEMIA,02,20260528,20230403,PA,0499
50197381,0001,1,STUDIO FEMMINILE,02,20230404,20230404,PR,7731
50204591,0001,1,ACADEMIA SMARTLIFE,02,20230404,20230404,BA,3913
50211579,0001,1,ACADEMIA DI FIT,02,20230404,20230404,GO,9599
50211850,0001,1,STUDIO ARI GOARA,02,20230404,20230404,PE,2521
50212507,0001,1,BARBARA REIS TREINAMENTO FISICO FUNCIONAL LTDA,02,20230405,20230405,MG,4751
50213191,0001,1,ACADEMIA IMPACTO,02,20230405,20230405,CE,1359
50213861,0001,1,VN FITNESS ACADEMIA,02,20230405,20230405,AL,2785
20906130,0002,2,MP FAMILY CLUB,02,20230405,20230405,RS,8845
50228706,0001,1,ACADEMIA ANB,02,20230406,20230406,MG,4877
50233739,0001,1,CTC - CENTRO DE TRANSFORMACAO DO CORPO,02,20230406,20230406,SC,8047
50234516,0001,1,GF TREINAMENTOS E INFOPRODUTOS,02,20230406,20230406,CE,1389
50248119,0001,1,ESTACAO FITNESS SAUDE E BEM-ESTAR,02,20230410,20230410,CE,1331
50248436,0001,1,,02,20230410,20230410,SC,8105
50253029,0001,1,,02,20230410,20230410,SP,7107
50267924,0001,1,,02,20230411,20230411,RJ,5829
50272625,0001,1,,08,20230720,20230411,SP,7107
50276876,0001,1,CENTRO DE TREINAMENTO PERSONALIZADO PE ZAMBON,08,20241101,20230411,SC,8081
50277632,0001,1,,02,20230411,20230411,PR,7659
50280012,0001,1,ACADEMIA V8,02,20230411,20230411,PE,0550
50283669,0001,1,CT58,02,20230412,20230412,RN,1759
50284388,0001,1,CROSS NUTRITION,02,20230412,20230412,BA,3515
50290988,0001,1,,08,20231207,20230412,SP,2943
50292894,0001,1,BURPPEE TRAINING,08,20250218,20230412,SP,7181
50295841,0001,1,ACADEMIA VO2,02,20230412,20230412,MS,9051
50299119,0001,1,STUDIO GUTO LOPES EXCLUSIVE PERSONALIZADO & CIA LTDA,02,20230412,20230412,PA,0415
50307204,0001,1,STUDIO LETICIA OLIVEIRA,08,20240430,20230413,PR,7935
50310326,0001,1,,08,20230831,20230413,CE,1417
50313172,0001,1,STUDIO VERLEY BARROS,02,20230413,20230413,PE,2577
50313248,0001,1,CONECTAR PILATES,02,20230413,20230413,SC,8177
50318254,0001,1,AUGE CENTRO DE TREINAMENTO,02,20230414,20230414,DF,9701
50318498,0001,1,LIFE ACADEMIA,02,20230414,20230414,PR,7479
50336937,0001,1,,02,20230417,20230417,DF,9701
50338355,0001,1,SHEKINAH TRAINING ACADEMIA,02,20230417,20230417,RN,1665
50340668,0001,1,,02,20230417,20230417,SP,6853
50342478,0001,1,OSORIO PILATES,02,20230417,20230417,SP,7107
50345387,0001,1,SOLUTION TRAINING ZONE,02,20230417,20230417,SP,6921
50347221,0001,1,,02,20230417,20230417,RS,8841
50349099,0001,1,POOL SAUDE,02,20230417,20230417,SP,7107
50358650,0001,1,PROFIT UP,02,20230418,20230418,MA,0937
44003243,0001,1,OLD GYM ACADEMIA,08,20250430,20211025,RS,0964
50375513,0001,1,ACADEMIA INFINITY LIFE,02,20230419,20230419,BA,3849
50375714,0001,1,,02,20230419,20230419,RJ,6001
50386874,0001,1,CLINICA PRO-LIFE PERSONAL SISTEMS,02,20230420,20230420,GO,9625
50389300,0001,1,STUDIO PALLOMA RAMONY,02,20230420,20230420,SE,3157
50393410,0001,1,PAPO RETO PODCAST,02,20230420,20230420,MA,0921
50395369,0001,1,HV STUDIO,02,20230420,20230420,DF,9701
50397354,0001,1,,08,20241018,20230420,RS,8801
45746915,0001,1,HOME BOX CROSS,02,20220322,20220322,PA,0427
50436382,0001,1,SKY FIT GOIANIRA,02,20230425,20230425,GO,9375
50437853,0001,1,PANOBIANCO VILA VIRGINIA,02,20230425,20230425,SP,6969
48321919,0002,2,ULTRA MT,02,20230425,20230425,MT,9907
50048272,0001,1,CT HORUS LTDA,02,20230323,20230323,MG,4211
49918417,0001,1,BERG SAUDE,08,20250508,20230313,DF,9701
50448576,0001,1,ACADEMIA EVOLUTION,08,20231214,20230426,MT,9195
50452157,0001,1,ACADEMIA SPORTGYM LTDA,02,20230426,20230426,PA,0415
50458943,0001,1,ESSENCIALL STUDIO PILATES,02,20230426,20230426,SP,7107
50463143,0001,1,,02,20230426,20230426,MT,1184
50463680,0001,1,ACADEMIA CAMPESTRE FITNNES,02,20230426,20230426,PA,0475
50466026,0001,1,ACADEMIA ONE SAUDE E ESPORTES,02,20230427,20230427,SC,8179
50467458,0001,1,ACADEMIA BOA FORMA E CONFECCOES,02,20230427,20230427,RR,0036
50467973,0001,1,NEW STYLE,02,20230427,20230427,MA,0937
50469174,0001,1,ESPACO DE SAUDE GISELLY MARCATO,02,20230427,20230427,RJ,6001
50472074,0001,1,CORPUS STUDIO,02,20230427,20230427,RJ,5833
39942897,0002,2,,02,20230427,20230427,RJ,5829
50478802,0001,1,,02,20230427,20230427,SP,6639
50482787,0001,1,VITALLY FITNESS,02,20230428,20230428,SP,7217
50482856,0001,1,QUALITY LIFE,02,20230428,20230428,MG,4941
50488120,0001,1,ARENA SHAPE ACADEMIA,02,20230428,20230428,MS,9073
50488494,0001,1,TOTAL FORCE,02,20230428,20230428,MG,4865
50515376,0001,1,INSTITUTO MENTE E CORPO,02,20230502,20230502,PE,2341
50524330,0001,1,,02,20230503,20230503,PR,7535
50533814,0001,1,LION,02,20230503,20230503,DF,9701
50534826,0001,1,D G TREINAMENTOS FISICOS,02,20230503,20230503,SE,3157
50542298,0001,1,ARENA BLACK GYN,02,20230504,20230504,GO,9373
50544566,0001,1,ACADEMIA GAVIOES,02,20230504,20230504,SP,7107
50549360,0001,1,,02,20230504,20230504,SC,8105
50550501,0001,1,PGS STUDIO FITNESS,02,20230504,20230504,MG,0600
39432106,0024,2,,02,20230504,20230504,SP,6897
33586128,0004,2,LION FITNESS,02,20230504,20230504,BA,3849
50555454,0001,1,,02,20230504,20230504,PR,7695
50557613,0001,1,,02,20230504,20230504,RS,8599
50559207,0001,1,,02,20230505,20230505,BA,3607
50561068,0001,1,CFL - CROSS FUNCIONAL LAGARTO,04,20260608,20230505,BA,3807
50570284,0001,1,ACADEMIA DFFIT,02,20230505,20230505,MG,0736
50587481,0001,1,REAL FIT ACADEMIA,02,20230508,20230508,SC,8047
50592093,0001,1,ACQUA LIVE 3 ACADEMIA DE NATACAO E HIDROGINASTICA,02,20230508,20230508,DF,9701
50593248,0001,1,ANDRESSA SOBRINHO,02,20230508,20230508,SP,7107
50598749,0001,1,HM PERSONAL,02,20230509,20230509,RS,8773
50601799,0001,1,CNB NOVA ERA,02,20230509,20230509,MG,4893
50603310,0001,1,CR FIT,02,20230509,20230509,SC,9975
45406580,0001,1,STUDIO LYDIA ROMERA,02,20220222,20220222,SP,7017
50628466,0001,1,BEE STRONG,02,20230510,20230510,SP,7107
50635084,0001,1,CONSULTORIA ONLINE FELIPE ALVES,02,20230511,20230511,SP,7145
50640977,0001,1,FLEX ACADEMIA,02,20230511,20230511,SC,8333
50641415,0001,1,,08,20240425,20230511,SP,7077
50643241,0001,1,,08,20240920,20230511,SP,6289
50647059,0001,1,DINAMUS ACADEMIA,04,20260608,20230512,BA,3993
50657482,0001,1,,02,20230512,20230512,PR,7535
50661060,0001,1,ACADEMIA A3 FITNESS,02,20230513,20230513,SE,3205
50669517,0001,1,CENTRAL FIT CARIUS,02,20230515,20230515,CE,1365
50670749,0001,1,,08,20240508,20230515,RS,8667
38655018,0004,2,COLASSO FIT,04,20260521,20230515,PI,1225
50676506,0001,1,,02,20230515,20230515,SP,6569
50490664,0001,1,ACADEMIA PERFORMANCE OFICIAL,08,20230912,20230428,PI,1095
50687421,0001,1,,02,20230516,20230516,SP,7107
50690831,0001,1,HARI OM,02,20230516,20230516,MG,4675
50704937,0001,1,SPEED PONTAL FITNESS,02,20230517,20230517,BA,3573
32279738,0002,2,STUDIO FES,08,20260309,20230517,GO,0077
50706609,0001,1,FIT SPACE ACADEMIA,04,20260608,20230517,BA,3621
50707948,0001,1,TORQUATO PERSONAL,02,20230517,20230517,SP,7145
50712514,0001,1,SMART COMPANY ACADEMIA,08,20250312,20230517,SP,6595
50719484,0001,1,STUDIO DE TREINAMENTO INFINITY,02,20230517,20230517,PB,2025
50729106,0001,1,TH ALESPORTES,02,20230518,20230518,SP,6377
50729786,0001,1,,02,20230518,20230518,RJ,5915
50731593,0001,1,KRONUS FIT LTDA,02,20230518,20230518,SP,6789
50738834,0001,1,AP STUDIO FITNESS TREINAMENTOS PERSONALIZADOS,02,20230519,20230519,RJ,5857
50739018,0001,1,XTREME GUARUS,02,20230519,20230519,RJ,5819
50740958,0001,1,A2 STUDIO TRAINING,02,20230519,20230519,MG,4865
50743300,0001,1,GYM LIFE,02,20230519,20230519,CE,1355
50754214,0001,1,ARENA FITINESS,08,20260423,20230520,PI,1219
50764808,0001,1,S7EVEN,02,20230522,20230522,AL,2785
50770218,0001,1,22 FIT,08,20260513,20230522,RJ,5813
50775149,0001,1,,02,20230522,20230522,PR,7589
50787798,0001,1,ANDRADE TRAINING,02,20230523,20230523,RJ,5813
50795011,0001,1,VINCI BOX,08,20240330,20230524,PB,2095
50795462,0001,1,M C M - FITNESS,02,20230524,20230524,PI,1167
50796008,0001,1,ATHLETIC FIT ACADEMIA,02,20230524,20230524,SE,3119
50805519,0001,1,GKM ATIVIDADES DE CONDICIONAMENTO FISICO,08,20251008,20230524,SP,7107
50806432,0001,1,FR FITNESS,02,20230524,20230524,CE,1327
50806491,0001,1,AP SUPLEMENTOS & ACESSORIOS,02,20230524,20230524,PI,2245
50808459,0001,1,LEVE AHU,02,20230524,20230524,PR,7535
50813059,0001,1,MATCH FIT,02,20230525,20230525,PE,2531
50813303,0001,1,UNDERGROUND PARKOUR,02,20230525,20230525,SP,6251
50814031,0001,1,AEROBOXE SUPER CROSS,02,20230525,20230525,PA,0559
50815053,0001,1,STUDIO 7 TREINAMENTOS,02,20230525,20230525,MS,9051
50817854,0001,1,,02,20230525,20230525,MG,5357
50818774,0001,1,"AFLORI - PILATES, ESTETICA E BEM ESTAR",02,20230525,20230525,PR,7535
50819642,0001,1,,02,20230525,20230525,PR,7535
50828626,0001,1,DEPARTAMENTO DESPORTIVO E LASER,02,20230526,20230526,SP,7057
50840863,0001,1,STUDIO EVOLUTION,02,20230526,20230526,SP,7183
50841327,0001,1,PROFESSOR GILBERTO BAHIA,02,20230526,20230526,PA,0427
50860534,0001,1,NINAA FITNESS,02,20230529,20230529,RJ,6001
50867102,0001,1,POWER FITNESS ACADEMIA INGAZEIRA,02,20230530,20230530,PE,2441
50879502,0001,1,ESTUDIO DE PILATES REVIKA,08,20250428,20230530,MG,5019
50886986,0001,1,,02,20230531,20230531,SP,7057
50888009,0001,1,CT MR FITNESS,02,20230531,20230531,SP,7097
50892755,0001,1,STUDIO PILATES ANDRESSA PATERNILI,02,20230531,20230531,SP,6969
50899955,0001,1,ACADEMIA EMMER FITNESS,02,20230601,20230601,AL,2823
49481157,0001,1,IRONXTREME - CENTRO DE TREINAMENTO,02,20230206,20230206,SP,6829
50917607,0001,1,FIT LIFE,02,20230602,20230602,PB,2051
50919567,0001,1,,02,20230602,20230602,RJ,5915
50920145,0001,1,MIQUEIAS ROBERTO MOVIMENTO INTELIGENTE,08,20230824,20230602,PE,2531
49636767,0002,2,,08,20260526,20230602,PE,2475
10576287,0002,2,ACADEMIA MONTANHA,02,20230602,20230602,BA,3029
50942345,0001,1,DANI D AVILA STUDIO DE PILATES,02,20230605,20230605,PR,7535
50946424,0001,1,ESPACO PILATTES,08,20240730,20230605,GO,9373
50952820,0001,1,,02,20230606,20230606,MG,4625
50954677,0001,1,BLACK FIT,02,20230606,20230606,SP,6475
50959564,0001,1,,02,20230606,20230606,RJ,6007
50960739,0001,1,ACADEMIA SPORT FIGHT,02,20230606,20230606,SP,6969
50969634,0001,1,REEV CROSSFIT,02,20230607,20230607,ES,5629
50970970,0001,1,,02,20230607,20230607,SP,6663
50971974,0001,1,,02,20230607,20230607,SP,6181
50978056,0001,1,ALTA PERFORMANCE ACADEMIA,02,20230607,20230607,MS,9087
50982534,0001,1,ACADEMIA ALBERNAZFIT,02,20230607,20230607,TO,9527
50991302,0001,1,ACADEMIA PRO SAUDE,02,20230609,20230609,SE,3183
51008771,0001,1,GOMA BOX CROSSTRAINING,02,20230612,20230612,SP,6149
26636734,0003,2,,02,20230612,20230612,CE,1389
51012365,0001,1,,04,20260612,20230612,SP,6291
51012461,0001,1,,02,20230612,20230612,SC,8117
51020292,0001,1,STUDIO VIVI RITMOS,02,20230613,20230613,GO,9673
51020919,0001,1,FIT SISTERS ACADEMIA,02,20230613,20230613,SP,6297
51027237,0001,1,AQUADICTUS,02,20230613,20230613,SP,7107
51030717,0001,1,FABI TELES ATIVIDADES ESPORTIVAS,02,20230613,20230613,DF,9701
51037246,0001,1,WELLNESS MOVIMENTO E SAUDE,08,20250415,20230614,DF,9701
51050203,0001,1,,02,20230614,20230614,MG,4123
15585661,0002,2,ACADEMIA SPORT LIFE,02,20230614,20230614,SC,8047
51051769,0001,1,DARK EAGLE,02,20230614,20230614,MT,8985
51058950,0001,1,VSBOX,02,20230615,20230615,CE,1559
51062387,0001,1,UHULL SPORT FITNESS,02,20230615,20230615,GO,9625
51062791,0001,1,VIKTOR FALEIRO CENTRO DE TREINAMENTO,02,20230615,20230615,GO,9425
51062900,0001,1,R L ASSESSORIA ESPORTIVA,02,20230615,20230615,SP,7107
51073578,0001,1,UPGRADE STUDIO,02,20230616,20230616,MG,4387
50657817,0002,2,FIT LIFE ACADEMIA,08,20260223,20230616,SC,8055
51076478,0001,1,CT MINHA PRAIA,02,20230616,20230616,RJ,6001
51079878,0001,1,,02,20230616,20230616,PI,1219
51100534,0001,1,INNBIKE,02,20230619,20230619,DF,9701
51113521,0001,1,STUDIO DE PILATES SABARA LTDA,02,20230620,20230620,SP,7107
51120804,0001,1,STUDIO KORE VILA MARIANA,02,20230620,20230620,SP,7107
51126320,0001,1,FISIOTERAPIA AMCB,02,20230621,20230621,SP,7145
51127618,0001,1,WINFIT ACADEMIA,02,20230621,20230621,SP,7107
51129283,0001,1,PRIX ACADEMIA,02,20230621,20230621,PR,7447
51130313,0001,1,FISIOSTUDIO PILATES,02,20230621,20230621,MG,5385
51131453,0001,1,LSF PSICOMOTRICIDADE,02,20230621,20230621,RJ,6001
51138407,0001,1,PHD SPORTS PINHEIRINHO,02,20230621,20230621,PR,7535
51138812,0001,1,D M C FITNESS,02,20230621,20230621,MA,0889
51141162,0001,1,CT SPORT LIFE,02,20230621,20230621,PA,0535
51147703,0001,1,,02,20230622,20230622,SP,6291
51150275,0001,1,,02,20230622,20230622,PB,2143
51153616,0001,1,ELITE TRAINING,02,20230622,20230622,SC,8007
51154795,0001,1,,02,20230622,20230622,SP,7149
51164292,0001,1,,02,20230623,20230623,RJ,5805
51167172,0001,1,,08,20251028,20230623,SP,7107
51180224,0001,1,LEGACY JIU JITSU,02,20230626,20230626,MG,4123
51181869,0001,1,LIV PILATES E BEM-ESTAR,02,20230626,20230626,RS,8685
24921465,0067,2,,02,20230530,20230530,SP,6969
51197030,0001,1,SKYFIT GUARULHOS,02,20230627,20230627,SP,6477
51202255,0001,1,BLACK FITNESS ACADEMIA,02,20230627,20230627,CE,1389
51203337,0001,1,CT ZHN,02,20230627,20230627,SP,6831
51203864,0001,1,OLYMPIA ACADEMIA,02,20230627,20230627,RO,0013
51206822,0001,1,PURE PILATES ASA SUL 01,02,20230627,20230627,DF,9701
51217244,0001,1,,02,20230628,20230628,RS,8815
51219116,0001,1,FERNANDO ELIAKIM TREINAMENTOS ESPORTIVOS E PERSONAL,08,20260128,20230628,MG,4865
51224250,0001,1,ACADEMIA FOCO FIT,02,20230628,20230628,PE,2531
51225657,0001,1,BEACH GYM ACADEMIA,08,20260313,20230628,PE,2451
51240214,0001,1,,08,20241203,20230629,PR,7563
51242905,0001,1,ACADEMIA SPACEIRON,02,20230629,20230629,GO,9431
51242927,0001,1,ALPHA TRAINING,02,20230629,20230629,PA,0551
51247420,0001,1,CT ROCHA,02,20230630,20230630,RJ,5847
51247826,0001,1,GM EVOLUTION,02,20230630,20230630,PE,2499
51248186,0001,1,ANA PAULA SAMPAIO STUDIO DE PILATES,02,20230630,20230630,MG,4417
51250273,0001,1,ACADEMIA ESPACO FITNESS,02,20230630,20230630,PI,1143
50581995,0001,1,,08,20250227,20230508,MG,4119
51268009,0001,1,STEEL HOUSE,02,20230703,20230703,RJ,5869
07594978,0542,2,,02,20230703,20230703,RJ,6001
13836851,0002,2,,02,20230704,20230704,RS,8801
51293966,0001,1,SPORT WORKS BRASIL,02,20230704,20230704,SP,7107
51296166,0001,1,FIT VITTA FITNESS,08,20241204,20230704,BA,3849
51301101,0001,1,,02,20230705,20230705,AL,0971
07594978,0547,2,,02,20230705,20230705,DF,9701
51305876,0001,1,RB PERSONAL TRAINER,02,20230705,20230705,MG,4123
51308247,0001,1,ACADEMIA BODY TRAINING,02,20230705,20230705,PB,1947
51313818,0001,1,NORDICOS CROSS TRAINING,08,20240826,20230705,BA,3515
51100053,0001,1,MRTC CROSS TRAINING,02,20230619,20230619,SP,6979
51320202,0001,1,CT JARDIM CAMBUI,02,20230706,20230706,MG,5343
51320811,0001,1,,02,20230706,20230706,SP,7107
51339105,0001,1,BIG IRON,02,20230707,20230707,MG,4123
51363378,0001,1,,02,20230710,20230710,PR,7493
51368735,0001,1,STUDIO ENERGIA,02,20230710,20230710,BA,3875
51373655,0001,1,STUDIO VOLL PILATES SAO PAULO PTA,02,20230711,20230711,SP,7107
51382407,0001,1,4A STUDIO FEMININO,08,20250109,20230711,SC,5537
51391278,0001,1,CASA E SAUDE TREINAMENTO FISICO,02,20230712,20230712,RS,8801
51396227,0001,1,PLENA FORMA,02,20230712,20230712,AM,9841
51400998,0001,1,BLACK FITNESS,08,20251106,20230712,AC,0643
51412673,0001,1,SUA SAUDE - ESTUDIO DE PILATES,02,20230713,20230713,RS,8685
51414672,0001,1,CB32,08,20260309,20230713,RJ,5901
51415087,0001,1,,02,20230713,20230713,SP,6425
51426497,0001,1,,02,20230714,20230714,SP,7107
51429071,0001,1,HULK'S ACADEMIA,08,20260115,20230714,RO,0003
51431899,0001,1,,08,20250211,20230714,SC,8027
51432527,0001,1,WINN FIT ACADEMIA,08,20260504,20230714,PA,0443
51447018,0001,1,,02,20230717,20230717,SC,8105
51447270,0001,1,,02,20230717,20230717,RN,1759
49858801,0002,2,STUDIO AERO,02,20230717,20230717,PE,2487
51451182,0001,1,STUDIO PARAISO,02,20230717,20230717,SP,7107
51451471,0001,1,VA,02,20230717,20230717,RJ,5911
51452251,0001,1,BIOFORMA FITNESS,02,20230717,20230717,SP,7107
51456845,0001,1,,02,20230718,20230718,MG,4501
51467345,0001,1,ACADEMIA PUMP,02,20230718,20230718,PB,1965
51476264,0001,1,,02,20230719,20230719,RJ,5925
51481282,0001,1,ACADEMIA STYLO FIT,02,20230719,20230719,MG,5109
51499922,0001,1,ITAMAISFIT,04,20260608,20230720,BA,3613
51502942,0001,1,,02,20230720,20230720,PR,7691
51503651,0001,1,GISELLE MEYER PILATES - UNIDADE FEDRIGO,02,20230720,20230720,SC,8105
51507144,0001,1,VILA VERDE,02,20230721,20230721,MG,4861
51507509,0001,1,LIFE SERTAO,02,20230721,20230721,AL,2787
47751063,0001,1,,02,20220829,20220829,MG,4123
51526354,0001,1,PAULO ROBERTO DA SILVA PRADO,02,20230724,20230724,SP,6513
51530115,0001,1,PRIME FIT ACADEMIA,02,20230724,20230724,BA,3551
51538103,0001,1,FOR FIT ACADEMIA,02,20230724,20230724,RS,8523
51543512,0001,1,,08,20250214,20230725,MA,0937
51549339,0001,1,GUILHERME VIANNA PILATES,02,20230725,20230725,SP,7107
51549470,0001,1,ACADEMIA SUPERACAO,08,20240129,20230725,CE,1579
51564751,0001,1,MAGNUM CENTRO DE TREINAMENTO,02,20230726,20230726,RS,8785
51565152,0001,1,ACADEMIA MANA'S,02,20230726,20230726,CE,1389
51565735,0001,1,PANOBIANCO ESTORIL,08,20241212,20230726,MG,4123
51568063,0001,1,YESH FITNESS,02,20230726,20230726,PR,5451
51570421,0001,1,EITAFIT,02,20230726,20230726,RR,0301
13396172,0018,2,,02,20230726,20230726,RS,8785
51581509,0001,1,,02,20230727,20230727,RJ,5897
51582489,0001,1,ARENA GYM CASCAVEL,02,20230727,20230727,PR,7493
51598133,0001,1,PERSONNALITE ESTUDIO PILATES,02,20230728,20230728,PR,7691
51599178,0001,1,STUDIO LIFE TREINAMENTO PERSONALIZADO,02,20230728,20230728,GO,9753
19468128,0005,2,HIDROPOWER,03,20250805,20220922,PR,7691
34198984,0003,2,ESTACAO FITNESS,02,20230801,20230801,MG,0738
51633401,0001,1,STUDIO FIT TRAINER LTDA,02,20230801,20230801,DF,9701
51635769,0001,1,,02,20230801,20230801,RJ,5819
51652673,0001,1,BLESS FIT QUIXADA,02,20230802,20230802,CE,1527
51657984,0001,1,ACADEMIA MY MOVE ASSIS,02,20230802,20230802,SP,6179
51676126,0001,1,NEW ENERGY ACADEMIA,02,20230803,20230803,SC,8047
51678029,0001,1,ADAPT MOVE,02,20230803,20230803,SP,6789
06816531,0006,2,,02,20230803,20230803,SP,6875
51681516,0001,1,DK PERSONAL TRAINER PARA MULHERES,02,20230803,20230803,SC,8061
47532022,0001,1,VELOCITY ACADEMIA DE GINASTICA,02,20220811,20220811,GO,9571
51710118,0001,1,LAZER DIARIO,08,20250924,20230807,RJ,6001
50167595,0001,1,MARCIA ISHIDA STUDIO PILATES,02,20230331,20230331,RO,0017
07594978,0559,2,,02,20230807,20230807,SP,7107
51714711,0001,1,J P ACADEMIA,02,20230807,20230807,CE,1383
51724445,0001,1,SAVANNAH CROSS,02,20230808,20230808,BA,3661
51732971,0001,1,WIFTI PERSONAL STUDIO,02,20230808,20230808,SP,6605
51733466,0001,1,CROSS EXPERIENCE CANOAS,02,20230808,20230808,RS,8589
51741997,0001,1,CHAMPIONS SPORTS ACADEMIA,02,20230809,20230809,MG,5403
51743043,0001,1,THAUANA MACHADO PILATES,02,20230809,20230809,SC,8057
51748235,0001,1,,02,20230809,20230809,SC,8105
51750373,0001,1,CENTRO DE TREINAMENTO IRON,02,20230809,20230809,RS,8705
51751088,0001,1,EQUILIBRIUM,08,20260120,20230809,RN,1927
44952207,0001,1,CT KOLISEU SPORTS,02,20220120,20220120,GO,9205
51757431,0001,1,MOVE STUDIO E PERSONAL TRAINER,08,20260209,20230810,PR,7427
51763519,0001,1,POWER FIT,08,20231020,20230810,PI,1159
51765077,0001,1,BARCELONA FITNESS,02,20230810,20230810,AL,2825
51765298,0001,1,B.E. 7EVEN BODY EXPERIENCE STUDIO,02,20230810,20230810,SP,6435
51773754,0001,1,,02,20230811,20230811,SP,7183
51773887,0001,1,YOGAME SCHOOL,02,20230811,20230811,RJ,5847
51778649,0001,1,,02,20230811,20230811,MG,4247
51795469,0001,1,GYM XTREME,02,20230814,20230814,CE,1401
51799162,0001,1,FOCO CROSS BOX,02,20230814,20230814,PE,2457
51799783,0001,1,HARDY PREMIUM,02,20230814,20230814,PR,7811
51812024,0001,1,,02,20230815,20230815,RJ,5909
51818518,0001,1,,02,20230815,20230815,SC,8327
51819402,0001,1,PRO SHAPE,02,20230815,20230815,RJ,5877
51600098,0001,1,,08,20250617,20230728,SP,6291
51825497,0001,1,,02,20230816,20230816,GO,9425
00318069,0027,2,,02,20230816,20230816,DF,9701
00318069,0039,2,,02,20230816,20230816,DF,9701
00318069,0040,2,,02,20230816,20230816,DF,9701
51826176,0001,1,SAUDE PLENA ACADEMIA,02,20230816,20230816,MG,4553
51826217,0001,1,M9 SOLUCOES ESPORTIVAS,02,20230816,20230816,MG,4981
51837329,0001,1,AB + ASSESSORIA ESPORTIVA,02,20230816,20230816,SP,7099
51841671,0001,1,STUDIO FIT ACADEMIA,02,20230817,20230817,GO,9301
51842020,0001,1,ULTRA ACADEMIA,02,20230817,20230817,PR,7481
51843062,0001,1,SKYFIT ACADEMIA ITU - SAO VICENTE,02,20230817,20230817,SP,6579
51846552,0001,1,,02,20230817,20230817,PR,7885
51846787,0001,1,HORA DO PILATES POR CLAUDIA SIBILLE,02,20230817,20230817,PR,7535
51857992,0001,1,D S RODRIGUES PROFISSIONAL DE EDUCACAO FISICA,08,20251217,20230818,GO,9373
51860829,0001,1,IRONGYN BODYBUILDING & TRAINING CENTER,02,20230818,20230818,SP,7221
51861251,0001,1,CENTRO DE TREINAMENTO MATEUS HENRIQUE,02,20230818,20230818,PE,2401
15426866,0002,2,,02,20230819,20230819,BA,3477
51888920,0001,1,FLYFIT ACADEMIA ON-LINE,02,20230821,20230821,GO,9221
51890851,0001,1,,02,20230821,20230821,MT,9907
32397968,0002,2,,08,20240715,20230822,SC,8165
51899509,0001,1,BDL ATIVIDADES FUNCIONAIS,02,20230822,20230822,BA,3849
51902058,0001,1,CROSSFIT 828,08,20251126,20230822,SP,7145
51908385,0001,1,,02,20230822,20230822,SP,7107
51921342,0001,1,LORENA BAHL TREINAMENTO PERSONALIZADO,08,20240606,20230823,PR,7535
51923611,0001,1,,02,20230823,20230823,RJ,5853
48936432,0001,1,MK STUDIO ACADEMIA,02,20221220,20221220,PI,1219
44221770,0001,1,STUDIO BODY GREAT,02,20211112,20211112,SP,7107
43589047,0003,2,IN.PLACE ACADEMIA - FILIAL BARREIRO,02,20230824,20230824,MG,4123
51935404,0001,1,,02,20230824,20230824,RS,8915
51937238,0001,1,,02,20230824,20230824,SP,7107
51941033,0001,1,,08,20241202,20230824,ES,5693
51941618,0001,1,APOLO FITNESS,08,20250220,20230824,BA,3787
51950170,0001,1,CLINICA DE FISIOTERAPIA E ESTUDIO DE PILATES EQUILIBRIO,02,20230825,20230825,PR,5529
51956410,0001,1,,02,20230825,20230825,RS,8863
51959813,0001,1,***,02,20230825,20230825,SP,6619
51966120,0001,1,,02,20230827,20230827,RJ,1116
51969006,0001,1,POWER GIRL,02,20230828,20230828,MG,5213
51970431,0001,1,,02,20230828,20230828,RS,8951
51971152,0001,1,,02,20230828,20230828,GO,9281
51988498,0001,1,SPARTAN CENTRO DE TREINAMENTO,02,20230829,20230829,MG,4439
51988753,0001,1,ACADEMIA DULYRA,02,20230829,20230829,BA,3445
51099983,0001,1,JOTA ESPORTES,02,20230619,20230619,GO,9373
52015202,0001,1,,02,20230830,20230830,SP,7107
52015961,0001,1,AMANDA DIAS PERSONAL,02,20230830,20230830,SP,7107
52024174,0001,1,RFITNESS,02,20230831,20230831,SP,7107
52025173,0001,1,,02,20230831,20230831,CE,1559
52032301,0001,1,,02,20230831,20230831,MG,5427
52032574,0001,1,ALINE DA ROSA CARDOSO PADILHA,08,20240411,20230831,RS,8511
52036755,0001,1,ACADEMIA DAS MULHERES,02,20230901,20230901,PE,2307
39432106,0026,2,,02,20230901,20230901,SP,6717
52048123,0001,1,CT SCORPION,02,20230901,20230901,SP,7273
52061903,0001,1,ROME CENTRO DE TREINAMENTO,02,20230904,20230904,MT,8985
52073518,0001,1,,08,20240503,20230904,PE,2457
52075166,0001,1,SEGOVIA PREPARACAO FISICA,08,20250129,20230905,DF,9701
52076113,0001,1,,02,20230905,20230905,RJ,5865
52077167,0001,1,JC ASSESSORIA ESPORTIVA,08,20230929,20230905,RJ,6001
52079980,0001,1,ACADEMIA BOA VIDA,02,20230905,20230905,BA,3849
52085857,0001,1,SKYFIT AMANDA,02,20230905,20230905,SP,2951
52086130,0001,1,MAIA STUDIO,02,20230905,20230905,ES,5663
52088657,0001,1,ACADEMIA LIFE GYM,02,20230905,20230905,BA,3651
51639767,0001,1,MOVIMENTE VIDA,02,20230801,20230801,RS,8801
52093863,0001,1,SD FITNESS,02,20230906,20230906,GO,9221
52095409,0001,1,,02,20230906,20230906,RJ,5839
52096374,0001,1,MESTRA EXCELENCIA EM SERVICOS DE SAUDE,08,20240930,20230906,SP,7107
52099323,0001,1,FOCO ACADEMIA,02,20230906,20230906,MG,5397
52099482,0001,1,ACADEMIA TNT FIT 24H PARADA DE TAIPAS,02,20230906,20230906,SP,7107
52102165,0001,1,,02,20230906,20230906,SC,8047
52103023,0001,1,ALTINO GOMES SPACO FITNESS,02,20230906,20230906,GO,9361
52145271,0001,1,ACADEMIA IRON FIT,02,20230912,20230912,AL,2863
52149882,0001,1,STUDIO IRON FITNESS,02,20230912,20230912,ES,5631
52159460,0001,1,,02,20230913,20230913,MT,9907
52166405,0001,1,,02,20230913,20230913,SC,8309
52172231,0001,1,LEGIAO FITNESS,02,20230913,20230913,PA,0447
52181011,0001,1,CENTRO DE TREINAMENTO 5143,02,20230914,20230914,PE,2381
52184477,0001,1,+FIT,02,20230914,20230914,SP,6473
29259430,0002,2,,02,20230914,20230914,SP,7085
52186428,0001,1,ACADEMIA ELITE CROSS TREINNE,08,20230929,20230914,ES,5703
52193381,0001,1,CENTRAL FIT ACADEMIA,02,20230915,20230915,PI,1039
52199719,0001,1,BUILDBODY ACADEMIA DE ELETROESTIMULACAO,02,20230915,20230915,SP,7237
52204125,0001,1,GG PERSONAL E NUTRICAO,08,20250123,20230915,AM,0255
52214801,0001,1,,02,20230918,20230918,SC,8147
52239734,0001,1,STUDIO JULIO ANGELOTI,02,20230919,20230919,SP,6715
52242184,0001,1,CONNECT GYM,02,20230919,20230919,SC,8373
52248612,0001,1,INSPIRE ACADEMIA,02,20230920,20230920,PA,0595
47040168,0002,2,,08,20250203,20230920,PR,7691
52250197,0001,1,PERFORMANCE ACADEMIA,08,20240816,20230920,PB,2157
51688617,0002,2,GYM ALEIXO,02,20230920,20230920,SP,6583
50230398,0001,1,ACADEMIA WOLF GYM,02,20230406,20230406,GO,9289
52265248,0001,1,CORPO ATIVO STUDIO FUNCIONAL,02,20230921,20230921,RJ,1116
52266211,0001,1,REDE BRASIL STUDIO,02,20230921,20230921,SP,7107
52275154,0001,1,ACADEMIA YOLANDA FITNES LTDA,02,20230922,20230922,BA,3849
52276358,0001,1,ATACADAO FIT,02,20230922,20230922,GO,9433
52289218,0001,1,IRON GYM,02,20230923,20230923,SE,3139
52299998,0001,1,BODY UNDER CONTROL,02,20230925,20230925,MS,9051
52300861,0001,1,STUDIO FIT RICARDO NOVAIS,02,20230925,20230925,BA,3773
52302450,0001,1,,02,20230925,20230925,SP,7075
50517624,0001,1,FIT ROUND ACADEMIA,02,20230502,20230502,MA,0154
52310402,0001,1,GA&LU BRASIL,02,20230925,20230925,RS,8801
52312948,0001,1,,08,20240226,20230926,RS,8685
52313158,0001,1,L.R EQUILIBRIUM,02,20230926,20230926,CE,1581
52314539,0001,1,,02,20230926,20230926,AC,0139
52314920,0001,1,AXON GUARAPUAVA,02,20230926,20230926,PR,7583
52315771,0001,1,FABIO CAVERNA CT,02,20230926,20230926,MG,4123
52318541,0001,1,STUDIO VIDA FIT SO PARA MULHERES,02,20230926,20230926,DF,9701
52318587,0001,1,ACADEMIA NORTE FITNESS,02,20230926,20230926,MA,0889
52320137,0001,1,ACADEMIA BOHA FITNESS,02,20230926,20230926,SP,7107
52335292,0001,1,JOYCE OLIVEIRA FITNESS.,08,20240521,20230927,CE,1451
46619662,0001,1,GT CENTRO DE TREINAMENTO,02,20220601,20220601,RS,8799
52347000,0001,1,ELIENE CARDOSO PILATES,02,20230928,20230928,GO,9371
52358158,0001,1,STUDIO DLLAS FIT,02,20230928,20230928,PE,2499
23566434,0008,2,,02,20230929,20230929,SC,8395
52366964,0001,1,CENTRAL FITNESS,02,20230929,20230929,RN,1771
52367008,0001,1,AJIL ACADEMIA,02,20230929,20230929,MS,9187
52387562,0001,1,A. FHYSICAL,02,20231002,20231002,CE,1389
52393722,0001,1,ULTRA ACADEMIA LAGO NORTE,02,20231002,20231002,DF,9701
52394062,0001,1,GYMIT TREINADOR ESCOBAR,02,20231002,20231002,PR,7535
52401690,0001,1,CORPORE FITNESS ACADEMIA,08,20240813,20231003,MG,4315
52403485,0001,1,,02,20231003,20231003,RJ,5865
52409072,0001,1,AS FITNESS ACADEMIA,02,20231003,20231003,RN,1771
52410106,0001,1,PITUBA II CENTRO DE CONCIONAMENTO FISICO,02,20231003,20231003,BA,3849
52419899,0001,1,TEAM GARAVELLO,02,20231004,20231004,SP,7097
52425903,0001,1,U FIT ACADEMIA TIMBO - ESTADOS,02,20231004,20231004,SC,8357
52432233,0001,1,HOLANDA'S GYM,02,20231005,20231005,PI,1045
52437831,0001,1,ACTION FITNESS,02,20231005,20231005,GO,9287
52443444,0001,1,STUDIO LIFE,02,20231005,20231005,SP,6589
52444610,0001,1,,02,20231005,20231005,SP,6163
52452467,0001,1,EXCLUSIVE FITNESS,02,20231006,20231006,PR,7563
52456239,0001,1,WORLD GYM SOBRADINHO,02,20231006,20231006,DF,9701
52470187,0001,1,CENTRO DE TREINAMENTO RIGUI FOR TRAINING,02,20231009,20231009,MG,5371
52485779,0001,1,FITTECH CENTER,08,20250815,20231010,RN,1673
52485854,0001,1,PIAUI CENTRO DE CONCIONAMENTO FISICO,02,20231010,20231010,BA,3849
52487225,0001,1,,02,20231010,20231010,SC,8295
04722728,0003,2,,08,20241202,20231010,SP,2971
52494155,0001,1,ACADEMIA CT RODOLVO BUDA TEAM VARGAS,02,20231010,20231010,RJ,5909
52497235,0001,1,SANTUARIO FITNESS,02,20231010,20231010,TO,9417
52497636,0001,1,,02,20231010,20231010,MA,0863
52520664,0001,1,CT GABRIEL COELHO 2,02,20231013,20231013,RS,8737
47213044,0001,1,HAKON STUDIO FITNESS,02,20220719,20220719,MG,5403
52527896,0001,1,BLACK EAGLE,02,20231016,20231016,MG,5025
52537155,0001,1,GARIMPO CT,02,20231016,20231016,SP,6221
52537742,0001,1,REIKO,02,20231016,20231016,CE,1505
52547436,0001,1,DS TREINAMENTO FUNCIONAL,02,20231017,20231017,AL,2789
49313322,0001,1,,02,20230124,20230124,RS,8801
52550473,0001,1,AQUATICA KARINE ALMEIDA,02,20231017,20231017,SP,7149
52551716,0001,1,B7 BODYFITNESS,02,20231017,20231017,CE,1389
52557695,0001,1,PHYSIS CENTRO DE TREINAMENTO,02,20231017,20231017,SP,6137
52569553,0001,1,ACADEMIA ESPACO FITNESS,04,20260529,20231018,CE,1475
52574291,0001,1,TIA RAISSA NATACAO E HIDROGINASTICA,02,20231018,20231018,SP,6891
52579266,0001,1,,02,20231018,20231018,SP,7183
52580897,0001,1,,02,20231018,20231018,PB,2051
52587695,0001,1,,02,20231019,20231019,PR,7505
52588321,0001,1,MECANICA DA SAUDE,02,20231019,20231019,PR,7885
52588549,0001,1,ACADEMIA DELAS,02,20231019,20231019,PE,2497
07594978,0567,2,,02,20231019,20231019,RN,1779
52593491,0001,1,STUDIO TREINAMENTO FUNCIONAL ASSESSORIAESPORTIVA DANILO,02,20231019,20231019,SP,6943
52594046,0001,1,SPIDER KICK NATAL,02,20231019,20231019,RN,1761
52597535,0001,1,ACADEMIA O MESTRE JAIR,02,20231019,20231019,PE,2379
52604902,0001,1,,02,20231020,20231020,SP,7107
52605392,0001,1,K & C FITNESS,02,20231020,20231020,RN,1743
52606564,0001,1,,02,20231020,20231020,PR,7473
52609494,0001,1,BOM FIT CROSS TRAINING,02,20231020,20231020,SP,6311
52611703,0001,1,WD TREINAMENTO ESPORTIVO,02,20231020,20231020,SC,8105
52620916,0001,1,MAYS MOVIMENTO,02,20231023,20231023,SP,6467
52621603,0001,1,GYM NATION,02,20231023,20231023,SP,7225
52622162,0001,1,BODY ACTION,02,20231023,20231023,GO,9459
52623552,0001,1,HIDRO PERFORMANCE,02,20231023,20231023,SC,8167
52623625,0001,1,,02,20231023,20231023,RJ,6001
52629996,0001,1,CENTRO DE TREINAMENTO RUY BOUCHARDET,02,20231023,20231023,MG,5441
51743906,0001,1,BORA! FIT,02,20230809,20230809,RS,8849
52645457,0001,1,ACADEMIA EU & ELA FITNESS,02,20231024,20231024,PA,0050
51064654,0001,1,STUDIO PILATES JR,08,20231024,20230615,MT,8979
10639943,0003,2,TRAINER ACADEMIA FUNCIONAL,08,20250807,20231025,MG,4553
52659204,0001,1,,02,20231025,20231025,SP,7099
52673752,0001,1,,02,20231026,20231026,RS,8589
52683163,0001,1,GREENLIFE MONTESE,02,20231026,20231026,CE,1389
52685019,0001,1,,02,20231026,20231026,PR,7535
52690729,0001,1,ACADEMIA STUDIO FITNESS,02,20231027,20231027,PB,2175
52692473,0001,1,IDEAL FIT,02,20231027,20231027,SE,3223
52693269,0001,1,CENTER FITNESS ACADEMIA,02,20231027,20231027,CE,1235
52711091,0001,1,,02,20231030,20231030,BA,3993
52711446,0001,1,DS STUDIO FUNCIONAL,02,20231030,20231030,BA,3371
52713978,0001,1,ACADEMIA STAR FITNES CACHOEIRO,08,20250829,20231030,ES,5623
52714872,0001,1,STUDIO FIT FORMANCE,02,20231030,20231030,PB,2051
52718815,0001,1,APOLLO CROSS LTDA,08,20241022,20231030,MG,4123
52728398,0001,1,CENTRO DE TREINAMENTO KADOSH,08,20250130,20231031,ES,5663
52728993,0001,1,CT DAS CAMPEAS,02,20231031,20231031,PA,0623
52732342,0001,1,RG STUDIO FITNESS,02,20231031,20231031,BA,3327
52736632,0001,1,COLOSSUS BARBELL POWERLIFITING,08,20260326,20231031,MG,5403
52736952,0001,1,ACADEMIA PH.D JARDIM CARVALHO,02,20231031,20231031,PR,7777
52743361,0001,1,FAIR PLAY ACADEMIA,08,20250421,20231101,SC,8081
50866174,0001,1,MARI SANTANA TREINAMENTO FUNCIONAL,02,20230530,20230530,GO,9625
52748356,0001,1,ACADEMIA GAVIOES,02,20231101,20231101,SP,7107
52755645,0001,1,ACADEMIA PRATIQUE FITNESS,02,20231101,20231101,SC,8105
52766210,0001,1,BLUEFIT,02,20231103,20231103,AL,2785
52778962,0001,1,MOVE IRON FIT- CENTRO DE TREINAMENTO,02,20231106,20231106,MT,9153
52780280,0001,1,SPIN ROOM,02,20231106,20231106,SP,7109
52794937,0001,1,ELEVAFIT,02,20231106,20231106,PE,2531
52804619,0001,1,B-BOX TRAINING E NUTRICAO,02,20231107,20231107,SP,7151
52816654,0001,1,LUDYMILA DUARTE PERSONAL TRAINER,02,20231108,20231108,MS,9041
52818301,0001,1,PS ACADEMIA VIDA FIT,02,20231108,20231108,BA,3495
52624622,0002,2,GYM ACADEMIA MOVIMENTO EDEN,02,20231108,20231108,SP,7145
52825005,0001,1,PERSONAL STUDIO 4U ANALIA,02,20231108,20231108,SP,7107
52839448,0001,1,,02,20231109,20231109,PI,1219
52849444,0001,1,FIT LIFE ACADEMIA,02,20231110,20231110,SP,7017
52850261,0001,1,ALLIANCE JIU JITSU CAVALHADA,02,20231110,20231110,RS,8801
52853917,0001,1,,02,20231110,20231110,CE,1389
52857082,0001,1,CAJAZEIRAS VIII CENTRO DE CONCIONAMENTO FISICO,02,20231110,20231110,BA,3849
52866518,0001,1,MEZZABARBA FITNESS,08,20240306,20231113,RJ,5925
52866939,0001,1,STUDIO PERFORMANCE,02,20231113,20231113,RJ,5853
52869019,0001,1,+1 -1 EVOLUTION,08,20251023,20231113,PR,7427
52869197,0001,1,PIMENTA FIGHT PRAIA,02,20231113,20231113,RJ,6001
52888548,0001,1,STUDIO ALVO PILATES,02,20231114,20231114,SP,7075
13396172,0022,2,,08,20250808,20231114,SC,8137
52893654,0001,1,ARENA FIT,02,20231114,20231114,AL,2719
52900365,0001,1,M7 ACADEMIA,02,20231116,20231116,ES,5641
11973275,0002,2,FITNESS FOR LIFE,08,20250923,20231116,PB,1981
52902877,0001,1,TRIB ALL CENTRO DE TREINAMENTO,02,20231116,20231116,SC,8163
07594978,0570,2,,02,20231116,20231116,RJ,6001
07594978,0581,2,,02,20231116,20231116,SP,7145
07594978,0583,2,,02,20231116,20231116,SP,7107
52913283,0001,1,3 LS'E MULTIACADEMIA,02,20231117,20231117,MG,5299
52947323,0001,1,ACADEMIA OLIMPO,02,20231121,20231121,RJ,5921
52951222,0001,1,ACADEMIA FEMININA FITNESS,02,20231121,20231121,RJ,2915
52951827,0001,1,PITBULL FERRACO ACADEMIA,02,20231121,20231121,RS,8619
52951851,0001,1,,02,20231121,20231121,MG,4635
52952267,0001,1,EXTREMA FORMA,02,20231121,20231121,RS,8531
52957026,0001,1,,02,20231121,20231121,ES,5625
52958678,0001,1,GS PERFORMANCE,02,20231122,20231122,DF,9701
52973308,0001,1,,02,20231123,20231123,MG,4111
52973810,0001,1,BAD DOG FIT CLUB,02,20231123,20231123,RJ,6001
52980470,0001,1,ONE FIT ACADEMIA ESPORTIVA,02,20231123,20231123,SP,6795
52983526,0001,1,,08,20240313,20231123,PR,7885
52986648,0001,1,J FITNESS ACADEMIA,02,20231123,20231123,PA,0463
52994693,0001,1,ARENA EMILIA,02,20231124,20231124,MG,5343
53002730,0001,1,STUDIO ISCARLET,02,20231125,20231125,BA,3449
53007844,0001,1,DW STUDIO PERSONAL,02,20231127,20231127,ES,5659
52530932,0001,1,EVO PRIME PILATES,02,20231016,20231016,RJ,6001
53010707,0001,1,,02,20231127,20231127,MT,9067
53012804,0001,1,BIOCROSS ACADEMIA,02,20231127,20231127,RJ,6001
53013051,0001,1,GYM FIT ACADEMIA DE GINASTICA,02,20231127,20231127,PE,2561
53016113,0001,1,MAX FIT ACADEMIA OCARA,04,20260529,20231127,CE,1265
53024702,0001,1,BENTO FITNESS,08,20260309,20231128,RS,8541
53025860,0001,1,PULSE CENTRO DE TREINAMENTO FUNCIONAL,02,20231128,20231128,SP,6595
53042879,0001,1,ACADEMIA CORPO SA MENTE SA,02,20231129,20231129,PA,0415
53048307,0001,1,ACADEMIA MASTER FIT,02,20231129,20231129,AL,2765
12002662,0002,2,ACADEMIA MARRATHIMMA,08,20260507,20231130,MT,9895
53076607,0001,1,INSTITUTO SALTAR,02,20231201,20231201,MG,4733
53077225,0001,1,ACTION 360,02,20231201,20231201,SP,7107
51154203,0002,2,NUTRI FITNESS CT,08,20240111,20231204,CE,1447
53094210,0001,1,VIC SMART EVOLUTION ACADEMIA DE GINASTICA,02,20231204,20231204,TO,9733
53097316,0001,1,CENTRO DE TREINAMENTO PERSONALIZADO MTK,02,20231204,20231204,DF,9701
53101177,0001,1,FIGHT TO FIT,02,20231205,20231205,SP,7107
52994697,0001,1,ACADEMIA FITNESS HOUSE,08,20241205,20231124,GO,9373
53114487,0001,1,PAZ & BEM SPORTS,02,20231206,20231206,MG,5413
53118427,0001,1,DROP 7 ACADEMIA,04,20260611,20231206,AC,0645
53118453,0001,1,BLINDAGEM FIT,02,20231206,20231206,MG,4133
53123537,0001,1,CROSS UP,02,20231206,20231206,BA,3965
53126150,0001,1,DNA ACADEMIA LTDA,02,20231206,20231206,MA,0719
53018754,0001,1,,02,20231127,20231127,PR,7535
53135237,0001,1,,02,20231207,20231207,SP,7057
53136015,0001,1,SKYFIT GUAXUPE,02,20231207,20231207,MG,4573
53138218,0001,1,SKY CENTRO FITNESS,02,20231207,20231207,MA,0142
53146078,0001,1,ZACK STUDIO,02,20231208,20231208,SC,8175
53146728,0001,1,MOVIZ,02,20231208,20231208,RJ,5813
53161607,0001,1,ACADEMIA UP FIT,02,20231211,20231211,MT,9151
53170137,0001,1,CENTRO DE TREINAMENTO VIDA E SAUDE,02,20231212,20231212,GO,9425
53173444,0001,1,BT PRIME,02,20231212,20231212,BA,3807
53174682,0001,1,,02,20231212,20231212,RS,8899
53177728,0001,1,BSC BLACK MAMBA,02,20231212,20231212,CE,1389
53180597,0001,1,,02,20231212,20231212,CE,1495
53180723,0001,1,,02,20231212,20231212,RS,8637
53182843,0001,1,,02,20231213,20231213,SP,6689
53189729,0001,1,STUDIO VELOCITY MOEMA INDIOS,02,20231213,20231213,SP,7107
53189876,0001,1,MINIMAL WELLNESS CLUB,02,20231213,20231213,SC,8105
53196825,0001,1,PERSONAL TRAINER ONEIDA,02,20231214,20231214,MS,9051
53199713,0001,1,VITAL MOOVE CENTRO DE TREINAMENTO E SAUDE,02,20231214,20231214,BA,3901
53199962,0001,1,STUDIO DE PILATES MENTE E CORPO,02,20231214,20231214,MS,9051
53214338,0001,1,ESTUDIO DE PILATES DAIANE ROCHA,02,20231215,20231215,SP,6411
53218553,0001,1,26FIT GAROPABA,08,20240606,20231216,SC,8113
53242644,0001,1,AXON GUARAPUAVA 2,02,20231218,20231218,PR,7583
53244552,0001,1,,02,20231218,20231218,SP,6589
53247731,0001,1,ACADEMIA VG III,02,20231218,20231218,RJ,5925
53248806,0001,1,THIAGO LIRIO PERSONAL TRAINER,08,20250927,20231218,DF,9701
53253326,0001,1,GARCIA CENTRO DE TREINAMENTO,02,20231218,20231218,RS,8533
53254914,0001,1,,02,20231219,20231219,RJ,6001
53259109,0001,1,,02,20231219,20231219,SC,8063
53266653,0001,1,CENTRO DE TREINAMENTO DANIEL MOURA,02,20231220,20231220,MG,4959
53268925,0001,1,,02,20231220,20231220,SE,3105
53272067,0001,1,MAX FIT ACADEMIA,02,20231220,20231220,BA,3289
53282327,0001,1,,02,20231221,20231221,PR,7535
53282741,0001,1,,03,20251104,20231221,MG,4371
53283589,0001,1,,02,20231221,20231221,RJ,6001
53284426,0001,1,"RENASCER, CENTRO DE TRATAMENTO INTEGRATIVO",02,20231221,20231221,MG,4877
53284837,0001,1,SPARTAN GYM,02,20231221,20231221,SP,6389
53286618,0001,1,URUZ ACADEMIA,02,20231221,20231221,PA,0587
53288526,0001,1,AKTI ATIVIDADE FISICA E SAUDE LTDA,02,20231222,20231222,SP,6875
53294558,0001,1,,02,20231222,20231222,ES,5647
53102411,0001,1,FITVIBE ACADEMIA,02,20231205,20231205,MG,4663
53299795,0001,1,INTENSE FIT,02,20231226,20231226,MG,4199
53300009,0001,1,CARAPINA LIM FITNESS,02,20231226,20231226,ES,5699
53308554,0001,1,ACADEMIA ESSENCIAL,08,20250529,20231227,RS,8749
53309629,0001,1,,02,20231227,20231227,RN,1763
53311580,0001,1,,02,20231227,20231227,SP,6313
53321324,0001,1,,02,20231228,20231228,SP,6587
05235135,0002,2,ACADEMIA VIA BRASIL,02,20240102,20240102,MG,5343
53343021,0001,1,RS FUNCIONAL RECIFE,08,20251106,20240102,PE,2531
53363296,0001,1,CT BLACK HOUSE,02,20240104,20240104,RJ,5817
53374098,0001,1,SPARTA CTP,02,20240104,20240104,MG,5191
53375405,0001,1,PIPOCOFIT,02,20240104,20240104,PE,2521
53378391,0001,1,,02,20240105,20240105,RN,1849
53137582,0001,1,AMERICAN BOX,02,20231207,20231207,PE,2399
53381266,0001,1,ACADEMIA REAL PARQUE,02,20240105,20240105,SP,7107
53400434,0001,1,ACADEMIA PRIME FITNESS,02,20240108,20240108,PE,2629
53403955,0001,1,,02,20240108,20240108,RS,8593
53405406,0001,1,SKI FIT,02,20240108,20240108,SP,7057
53409997,0001,1,STUDIO FITNESS ORLANDO SANDES,02,20240108,20240108,SE,3213
53417264,0001,1,,02,20240108,20240108,RS,8599
53419741,0001,1,VOLL PILATES,02,20240109,20240109,SP,7107
53419753,0001,1,,02,20240109,20240109,SP,7183
28861019,0002,2,STUDIO SHOW FITNESS,08,20241001,20240109,RJ,5925
53430173,0001,1,ACADEMIA VALVERDES,02,20240109,20240109,GO,9503
53439341,0001,1,STUDIO NAIARA RODRIGUES,02,20240110,20240110,SP,6587
53440854,0001,1,CLINICA ARI FISIO,02,20240110,20240110,SP,7233
53443906,0001,1,STUDIO VELOCITY,02,20240110,20240110,SP,6361
53448741,0001,1,ATLAS PERFORMANCE INSTITUTE,02,20240110,20240110,SP,7107
53454507,0001,1,FOCO STUDIO,08,20250513,20240111,MG,4959
53454992,0001,1,STUDIO LUCIENE DE MATOS,02,20240111,20240111,SP,7075
53456051,0001,1,,02,20240111,20240111,RJ,6001
53462350,0001,1,,02,20240111,20240111,SP,6717
53468406,0001,1,MUSCLE UP ALPHAVILLE,08,20241129,20240111,SP,6213
53484274,0001,1,FOCUS ACADEMIA,02,20240112,20240112,MA,0723
53495854,0001,1,FB DESPIGMENTACAO E PILATES,08,20241227,20240115,PE,2355
53498064,0001,1,VILA STUDIO PILATES E BEM ESTAR,02,20240115,20240115,RJ,5901
53498381,0001,1,SKYFIT PADRE ANCHIETA CAMPINAS,02,20240115,20240115,SP,6291
53501106,0001,1,IF PERSONAL,02,20240115,20240115,SP,7107
53511810,0001,1,CYTANANDA,02,20240116,20240116,RS,8683
53515922,0001,1,RIHEALTH,02,20240116,20240116,SP,7107
53516380,0001,1,,02,20240116,20240116,DF,9701
04401757,0002,2,OMEGA,02,20240116,20240116,SP,6291
18124243,0002,2,,02,20240116,20240116,SP,7107
53528205,0001,1,EXCELENCE SAUDE E BELEZA,02,20240117,20240117,MG,5153
53529701,0001,1,CT MULHERES E CRIANCAS,02,20240117,20240117,RJ,5833
53533551,0001,1,COMESP CLINICA SAUDE INTEGRADA,02,20240117,20240117,SP,6449
53533867,0001,1,IDB ACADEMIA,02,20240117,20240117,BA,3363
53533903,0001,1,ACADEMIA LORD FITNESS,02,20240117,20240117,MA,0757
53542639,0001,1,STUDIO AMORA QUERO,02,20240117,20240117,SP,7107
53544190,0001,1,WE FOLLOW,02,20240117,20240117,GO,9399
53545881,0001,1,JATCT,02,20240117,20240117,RS,8789
53548413,0001,1,,02,20240118,20240118,PR,7535
53562266,0001,1,,02,20240118,20240118,RJ,5883
53564640,0001,1,,02,20240119,20240119,SP,6425
53564926,0001,1,,08,20250408,20240119,RS,1136
53565654,0001,1,ALCATEIA CROSSTRAINING,02,20240119,20240119,SE,3141
53566377,0001,1,KAOMA ZURYEL BODY & MIND PERSONAL,02,20240119,20240119,PR,7535
53567254,0001,1,,02,20240119,20240119,RJ,5925
53567265,0001,1,MEGA ACADEMIA FEMININA,02,20240119,20240119,PA,0447
53570806,0001,1,VIH SILVA PERSONAL,02,20240119,20240119,SP,7107
53571242,0001,1,ACQUA MOVE,02,20240119,20240119,PE,2491
53578356,0001,1,MOVEMENT FIT,02,20240119,20240119,GO,9373
53593383,0001,1,ACADEMIA PHYSICALLFIT,02,20240122,20240122,PA,0463
53593534,0001,1,ACADEMIA CAVERNA FITNESS,02,20240122,20240122,RN,1801
53599060,0001,1,THEOMANUELA,02,20240122,20240122,SP,7107
53599897,0001,1,CT ROMARIO GOMES,02,20240122,20240122,PI,1043
53600403,0001,1,LIFE FIT,02,20240122,20240122,RJ,5837
53601007,0001,1,,02,20240122,20240122,SP,7107
53601557,0001,1,STUDIO VN HEALTH E PERFORMANCE LTDA,02,20240122,20240122,CE,1389
31562239,0006,2,,02,20260526,20240122,PE,2531
53613216,0001,1,CF. BLACK BULL,02,20240123,20240123,MG,5021
53616977,0001,1,IRMAOS UNIDOS ACADEMIA E MUSCULACAO,08,20251213,20240123,SE,3217
53618574,0001,1,STUDIO PERSONALAM,02,20240123,20240123,AM,0255
53621117,0001,1,ACADEMIA LS FITNESS,02,20240123,20240123,SE,3127
53628035,0001,1,VISION CROSS TRAINING,02,20240124,20240124,GO,9349
53628135,0001,1,KING SPORT CENTER,02,20240124,20240124,PR,7535
53628290,0001,1,,02,20240124,20240124,RS,8599
53629000,0001,1,,02,20240124,20240124,SP,7099
53629967,0001,1,STUDIO JESSIKA FREITAS,02,20240124,20240124,RN,1887
53630341,0001,1,FLUI PILATES STUDIO,02,20240124,20240124,MG,4877
53631251,0001,1,SHOCK BRADOCK FITNESS,02,20240124,20240124,AL,2825
53631791,0001,1,PERSONAL WCB10,02,20240124,20240124,SP,6291
53634344,0001,1,OXGYM SUMMER,02,20240124,20240124,PE,2531
53638224,0001,1,ACADEMIA HOLIDAY GYN,02,20240124,20240124,GO,9373
53643081,0001,1,,02,20240124,20240124,SP,6723
52975956,0001,1,CROSSFIT ACARAU,02,20231123,20231123,CE,1303
53664246,0001,1,EXCENTRICA FIT ACADEMIA,02,20240126,20240126,PA,0052
53669857,0001,1,LIFE ACADEMIA,02,20240126,20240126,CE,1389
53675137,0001,1,SARA ELIANE PILATES E FISIOTERAPIA,02,20240126,20240126,ES,5645
53677002,0001,1,ACADEMIA BAMBAM,04,20260529,20240126,CE,1417
53677772,0001,1,,02,20240126,20240126,RS,8801
53681066,0001,1,SOMA PRIME ACADEMIA,02,20240127,20240127,MG,4123
53681332,0001,1,ANGEL ACADEMIA,02,20240127,20240127,PA,0427
53692854,0001,1,,02,20240129,20240129,RJ,6001
53694839,0001,1,,02,20240129,20240129,PR,7935
53704812,0001,1,4BEACHGYM ALPHAVILLE,02,20240129,20240129,SP,6213
53709105,0001,1,ACADEMIA MM FITNESS,02,20240130,20240130,BA,3827
53710678,0001,1,BRAAVOS COMMUNITY FITNESS,02,20240130,20240130,PI,1167
53711119,0001,1,L-FITNESS,02,20240130,20240130,BA,3025
53712665,0001,1,,02,20240130,20240130,SP,6713
53715401,0001,1,HAPFIT,02,20240130,20240130,MG,4123
53740302,0001,1,ACADEMIA LIFE,08,20250117,20240131,SC,8233
53742815,0001,1,METODOFIT,02,20240131,20240131,SP,6425
53758939,0001,1,RIGH PERFORMANCE,08,20260304,20240201,DF,9701
53763989,0001,1,LOW FIT ACADEMIA,02,20240201,20240201,GO,9227
53769988,0001,1,ARSENAL FITNESS,02,20240202,20240202,SP,6491
53775002,0001,1,,02,20240202,20240202,SP,6789
53778636,0001,1,BLACK CLOVER ACADEMIA FIT,02,20240202,20240202,BA,3409
53780155,0001,1,,08,20250717,20240202,ES,5709
53782809,0001,1,,02,20230804,20230804,SP,7071
53794700,0001,1,ACADEMIA VIDA EM MOVIMENTO,02,20240205,20240205,PB,0508
53795223,0001,1,"RW FITNESS, TREINAMENTO E ASSESSORIA",02,20240205,20240205,SP,7107
53801820,0001,1,CARDIO 99,04,20260529,20240205,CE,1351
53817584,0001,1,VINICIUS MANZON CENTRO DE TREINAMENTO,02,20240206,20240206,RS,8841
53822069,0001,1,STUDIO E,02,20240206,20240206,SP,6831
53823553,0001,1,,02,20240206,20240206,SC,8105
53824347,0001,1,LUME PILATES,02,20240206,20240206,RR,0301
53827232,0001,1,ESCOLA LAIS CARDOSO LTDA,02,20240206,20240206,PR,7927
53840402,0001,1,ACADEMIA AB PORTO FITNESS,02,20240207,20240207,RN,1885
53753591,0002,2,,02,20240201,20240201,DF,9701
53848571,0001,1,SPACO FIT,02,20240207,20240207,GO,9327
53852960,0001,1,BRUNA OLIVEIRA PERSONAL,02,20240208,20240208,RJ,6001
53856889,0001,1,DDM ACADEMIA,02,20240208,20240208,SP,6251
53858046,0001,1,ACADEMIA MAX FORMA,02,20240208,20240208,MG,4287
53860388,0001,1,,02,20240208,20240208,RS,8661
53863475,0001,1,CS GESTAO DE PERFORMANCE E SAUDE,02,20240208,20240208,PI,1219
53865968,0001,1,HOUSE CENTRO DE TREINAMENTO,02,20240208,20240208,PA,0395
53870423,0001,1,ACADEMIA ARNOLD EVOLUTION,02,20240209,20240209,RR,0301
53871379,0001,1,,02,20240209,20240209,RS,8963
49176609,0002,2,ACADEMIA COLISEU,02,20240209,20240209,MS,9051
53891381,0001,1,VG TREINAMENTOS,08,20250227,20240212,PR,7751
53899729,0001,1,MAXFIT ACADEMIA,02,20240214,20240214,BA,3959
53914729,0001,1,ACADEMIA COLISEU TEAM,02,20240215,20240215,SP,7075
53916843,0001,1,,02,20240215,20240215,RJ,5865
53917816,0001,1,,02,20240215,20240215,PB,1981
53926484,0001,1,CAF - CONSULTORIO DE AVALIACAO FISICA,08,20241206,20240215,PE,2357
53642798,0001,1,HOLLYWOOD FITNESS ACADEMIA,02,20240124,20240124,AM,0255
53938196,0001,1,GERACAO FIT,02,20240216,20240216,PR,7691
53940931,0001,1,ACADEMIA SAGRADA FAMILIA,02,20240216,20240216,AL,2785
53949821,0001,1,DELLAS STUDIO FITNESS,02,20240217,20240217,CE,1463
53955991,0001,1,MARINA BERGMANN,02,20240219,20240219,MG,4123
53957305,0001,1,UAAU FITNESS,02,20240219,20240219,RN,1759
53958758,0001,1,,02,20240219,20240219,RJ,5801
53960103,0001,1,NILPERSONAL,02,20240219,20240219,DF,9701
53961234,0001,1,DANI ROZAO,02,20240219,20240219,MS,9085
53962497,0001,1,SKYFIT PENHA,02,20240219,20240219,SP,7107
53971186,0001,1,C2C CHALLENGE TO CHANGE,02,20240219,20240219,SP,7107
48897761,0001,1,,02,20221215,20221215,MG,4123
53976950,0001,1,ACQUAPLAY,02,20240220,20240220,RJ,6001
27068205,0002,2,,02,20240220,20240220,SP,6619
53994996,0001,1,,08,20250801,20240221,MG,5413
53996386,0001,1,,02,20240221,20240221,MG,5049
53998150,0001,1,EU ATLETA ASSESSORIA ESPORTIVA,02,20240221,20240221,MA,0901
53999167,0001,1,ACADEMIA OLYMPUS PM LTDA,08,20260320,20240221,MG,5071
54002856,0001,1,CORPPUS FITNESS,02,20240221,20240221,AL,2809
54003257,0001,1,PSICOMOTRICISTA MENDES,02,20240221,20240221,SP,6921
54016434,0001,1,SKYFIT ACADEMIA - UNIDADE PAULISTA,02,20240222,20240222,PE,2513
54017776,0001,1,MANI PERSONAL & TRAINING ON LTDA,02,20240222,20240222,SP,7075
54018457,0001,1,ESPACO FITNESS A4LIRA,02,20240222,20240222,PI,1219
54018934,0001,1,ESPACO GALBERO DE PILATES,02,20240222,20240222,PR,7667
54023219,0001,1,,08,20241014,20240222,SP,6875
54033417,0001,1,RSC PRIME SERVICOS,02,20240223,20240223,ES,5713
54038680,0001,1,GERACAO FITNESS,02,20240223,20240223,AP,0607
54044679,0001,1,ALLP FIT MOGI DAS CRUZES,02,20240223,20240223,SP,6713
52998307,0001,1,GR SAUDE E PERFORMANCE,02,20231124,20231124,MT,9067
53810159,0001,1,MATEUS CESPEDES - PERSONAL TRAINER & FITNESS,02,20240205,20240205,SP,7071
54058424,0001,1,,02,20240226,20240226,PR,7807
54059279,0001,1,,02,20240226,20240226,ES,5699
54068524,0001,1,FAMILYFIT CLUB,02,20240226,20240226,SP,6213
54069043,0001,1,NOVAES GYM,02,20240226,20240226,BA,3877
43379683,0003,2,SUBLIME FITNESS,02,20240226,20240226,RS,8801
16806645,0002,2,,02,20240226,20240226,SP,6503
54079244,0001,1,STUDIO JULIA FIUSA PILATES E FISIOTERAPIA,02,20240227,20240227,SP,6333
53872894,0001,1,ADRENALINE FITNESS,02,20240209,20240209,GO,9753
54083278,0001,1,ESQUADRAO CENTRO DE TREINAMENTOS,02,20240227,20240227,PR,7935
54088041,0001,1,DULCE E BIA FISIO E PILATES LTDA,02,20240227,20240227,BA,3363
48321919,0003,2,ULTRA MT,02,20240228,20240228,MT,9067
54120022,0001,1,DANIEL MELLO PERSONAL TREINAMENTOS,02,20240229,20240229,RS,8801
54120031,0001,1,,02,20240229,20240229,SP,6189
54124140,0001,1,ACADEMIA DO JHOW,02,20240229,20240229,RJ,2913
07594978,0597,2,,02,20240229,20240229,CE,1373
54137581,0001,1,CENTRO DE TREINAMENTO ATOS,02,20240301,20240301,SP,7133
54139804,0001,1,ACADEMIA PODIUM,02,20240301,20240301,SP,6569
54145082,0001,1,NAAY FITNESS ACADEMIA,02,20240301,20240301,PR,5493
54154421,0001,1,ACADEMIA META FITNESS,02,20240301,20240301,PE,2321
54166951,0001,1,CORPUS FITNESS,02,20240304,20240304,BA,3995
54171240,0001,1,ACADEMIA 365,02,20240304,20240304,SE,3213
54183925,0001,1,BGA COMERCIO E SERVICOS,02,20240305,20240305,SC,8357
54185117,0001,1,BOX COLOSSO PAN,02,20240305,20240305,CE,1389
54186142,0001,1,IMPERIO FIT,02,20240305,20240305,GO,9657
54188229,0001,1,BARAO EMPREENDIMENTOS,02,20240305,20240305,RS,8841
54190866,0001,1,STYLLUS FITNESS,02,20240305,20240305,SP,6377
54197154,0001,1,BOX SAPUCAIA CROSS TRAINING,02,20240305,20240305,RS,8901
54197507,0001,1,VICTORIA HOFMEISTER,02,20240305,20240305,SC,8105
54198677,0001,1,,02,20240305,20240305,PR,7535
54199645,0001,1,AMI FIT,02,20240305,20240305,SC,8291
54201627,0001,1,CENTRO DE TREINAMENTO GERACAO FIT LTDA,02,20240305,20240305,RN,1651
22649152,0002,2,OPTION PERFORMANCE,08,20251229,20240306,CE,1389
54209881,0001,1,E.P ACADEMIA,02,20240306,20240306,MS,9051
54211262,0001,1,SKYFIT ICOARACI,02,20240306,20240306,PA,0427
54214779,0001,1,QG NORTE,02,20240306,20240306,RN,1761
54215740,0001,1,FORT CONSULTORIA,08,20251029,20240306,PB,2051
54215767,0001,1,,02,20240306,20240306,SP,7107
54220659,0001,1,SILMARA CARVALHO PERSONAL TRAINER STUDIO,02,20240306,20240306,PR,7633
54225746,0001,1,JA STUDIO PERSONALIZADOS,02,20240307,20240307,SE,3235
54227966,0001,1,,02,20240307,20240307,SP,7107
54228042,0001,1,RC MOVIMENTO E PERFORMANCE,02,20240307,20240307,SP,6639
54232496,0001,1,DANILO BRAGA FERREIRA,02,20240307,20240307,SP,6291
54244057,0001,1,,02,20240308,20240308,SP,6205
54248484,0001,1,ACADEMIA PH.D SPORTS ALAMEDA BETTEGA,02,20240308,20240308,PR,7535
54250559,0001,1,SET POINT CT,02,20240308,20240308,SC,8105
52628046,0001,1,UX MULTIFIT,02,20231023,20231023,SC,8047
53947879,0001,1,AS FITNESS,02,20240217,20240217,SE,3105
07594978,0604,2,,02,20240311,20240311,RO,0003
54272519,0001,1,BRUNA SANTOS PILATES E MOVIMENTO,02,20240311,20240311,SP,6131
54272811,0001,1,ACADEMIA EVERY FITNESS,02,20240311,20240311,BA,3849
54273708,0001,1,FLAVIA GARCIA - PERSONAL TRAINER,02,20240311,20240311,SC,8105
06183265,0002,2,ACADEMIA MEGAFORMA,02,20240311,20240311,BA,3455
54276297,0001,1,ON FIT STUDIO,02,20240311,20240311,MG,4223
54277136,0001,1,HEYFIT ACADEMIA GUAIANASES,02,20240311,20240311,SP,7107
54284003,0001,1,ACADEMIA RWI,02,20240312,20240312,RJ,6001
54287853,0001,1,,08,20250210,20240312,SP,7107
54288152,0001,1,TOP GYM,02,20240312,20240312,SP,6429
54294425,0001,1,GYMTECH FIT,08,20260505,20240312,MG,4959
54295018,0001,1,R2 FITNESS,02,20240312,20240312,RS,8791
44456082,0001,1,ACADEMIA BEM EM FORMA,08,20240919,20211202,PA,0423
54301695,0001,1,K V PERFORMANCE & SAUDE,02,20240313,20240313,PI,1219
54310854,0001,1,,02,20240313,20240313,RJ,6001
54321295,0001,1,STUDIO RAIZ MUSCULACAO,02,20240314,20240314,SP,6875
54324360,0001,1,CIA FORMA,02,20240314,20240314,CE,1335
54324619,0001,1,RP FITNESS,02,20240314,20240314,AL,2785
54326619,0001,1,CROSS NUTRITION BOX SAO JOAO DA BOA VISTA,02,20240314,20240314,SP,7083
54328630,0001,1,RAI WELLNES ACADEMIA,02,20240314,20240314,RJ,5889
54329865,0001,1,,02,20240314,20240314,SP,6569
54337396,0001,1,ACADEMIA BELA FORMA,02,20240315,20240315,MA,0921
54338945,0001,1,CENTRAL FITNESS,02,20240315,20240315,SP,6901
54340667,0001,1,PIETRO FISIOTERAPIA,02,20240315,20240315,SP,6209
54345785,0001,1,CENTRO DE TREINAMENTO BRITTO ISRAEL,02,20240315,20240315,GO,9221
54363699,0001,1,ACADEMIA MACHADO,02,20240318,20240318,RJ,6001
54363888,0001,1,LET'S GO ACADEMIA,02,20240318,20240318,RN,1669
54376288,0001,1,,02,20240318,20240318,SP,7075
54378505,0001,1,FISIO UP,02,20240319,20240319,MG,4123
54380552,0001,1,DE PONTA ESPORTES,02,20240319,20240319,DF,9701
54386498,0001,1,GERACAO SAUDE,08,20240909,20240319,MT,0101
50446091,0002,2,COMPANHIA FIT BELEM ACADEMIA,02,20240320,20240320,PA,0427
54399766,0001,1,WL ACADEMIA,02,20240320,20240320,PB,1981
54399870,0001,1,ACADEMIA MASTER GYM,02,20240320,20240320,AL,2891
54404627,0001,1,STUDIO RN,02,20240320,20240320,BA,3721
54404730,0001,1,BIG GYM ACADEMIA,02,20240320,20240320,SC,8179
54408397,0001,1,,02,20240320,20240320,CE,1447
54416743,0001,1,BLACK FIT ACADEMIAS,02,20240321,20240321,SP,6621
54419707,0001,1,CORPORE SANO,08,20241203,20240321,PE,2337
54423358,0001,1,,02,20240321,20240321,RN,1761
54430700,0001,1,WESLEY ASSIS EDUCACAO FISICA ESPECIAL,02,20240322,20240322,PB,1981
54431798,0001,1,,02,20240322,20240322,PR,7427
54433277,0001,1,SKY FIT UNAI,02,20240322,20240322,MG,5407
54433373,0001,1,GOODBE SAUDE,02,20240322,20240322,SP,7107
54434280,0001,1,CORPO E MOVIMENTO,02,20240322,20240322,GO,9225
54434640,0001,1,CENTRO DE TREINAMENTO TREINY,02,20240322,20240322,SP,7157
54436249,0001,1,COMPLEXO ACADEMIA OFICINA DO CORPO,02,20240322,20240322,RN,1785
54437385,0001,1,ESPACO HARMONIA CORPORAL,02,20240322,20240322,GO,9361
54437911,0001,1,,02,20240322,20240322,MT,9863
54438483,0001,1,C T F JOGUE COMIGO,02,20240322,20240322,MG,4387
54453689,0001,1,SKYFIT PARAGOMINAS,02,20240325,20240325,PA,0509
54474188,0001,1,,02,20240326,20240326,MG,4141
54474435,0001,1,MAIS VIDA PRAIA,02,20240326,20240326,RJ,5863
54477771,0001,1,ADARLAN PERSONAL,08,20260423,20240326,GO,9221
54493730,0001,1,TNT MALHART,02,20240327,20240327,PR,7791
54495417,0001,1,NATIVOS FIT,02,20240327,20240327,MG,4035
54499154,0001,1,JACOB PERFORMANCE 2,02,20240327,20240327,GO,9227
54503366,0001,1,ARENA ACD ACADEMIA,02,20240327,20240327,CE,1571
54505159,0001,1,,08,20241203,20240327,MG,4879
54508804,0001,1,ESTUDIO DE PILATES OZILENE GREGORIO,02,20240328,20240328,GO,1074
54510853,0001,1,ACADEMIA POWERFITT,02,20240328,20240328,MG,4033
54510907,0001,1,FISIO ATIVE - FISIOTERAPIA E PILATES,08,20260109,20240328,SP,7145
54517771,0001,1,ACADEMIA PERFORMANCE,02,20240328,20240328,SP,7107
54536094,0001,1,ARTVICENTE PERSONAL,02,20240401,20240401,SP,7107
54543443,0001,1,RM PERFORMANCE,02,20240401,20240401,SP,7107
54553308,0001,1,,02,20240402,20240402,RJ,5897
54556986,0001,1,,02,20240402,20240402,SC,8047
54559285,0001,1,,02,20240402,20240402,RS,8669
54573904,0001,1,,02,20240403,20240403,SP,7107
54574325,0001,1,LUFITNESS,02,20240403,20240403,BA,3429
54576593,0001,1,,02,20240403,20240403,PA,0535
54580529,0001,1,CT CAXA,02,20240403,20240403,RS,8801
54589881,0001,1,ACADEMIA PRINCESA ISABEL,02,20240404,20240404,ES,5705
54595452,0001,1,INFINIT,02,20240404,20240404,MG,4371
54599739,0001,1,,02,20240404,20240404,MG,4123
54600552,0001,1,ACADEMIA FORMULA FIT,02,20240404,20240404,PI,1159
54601222,0001,1,INICIATIVA ACADEMIA,02,20240404,20240404,RS,8881
54602497,0001,1,PRIME FIT,02,20240404,20240404,TO,9241
54603029,0001,1,SMART ONE,02,20240404,20240404,GO,0077
54605740,0001,1,TRAINING & BALLET,02,20240404,20240404,MG,5425
54608235,0001,1,LC TREINAMENTOS,02,20240405,20240405,PR,7535
54614452,0001,1,CORPORALLE PILATES,02,20240405,20240405,SC,8047
18442885,0012,2,LIVE ACADEMIA,02,20240405,20240405,AM,0255
54637201,0001,1,ANGELICA HERLING,02,20240408,20240408,SP,6291
46018275,0002,2,FISIO FORMA ESTUDIO DE PILATES,02,20240408,20240408,PR,7935
54643818,0001,1,ESPACO SAUDE ACADEMIA,02,20240408,20240408,SC,0890
54650082,0001,1,,02,20240409,20240409,AL,2889
54656168,0001,1,ALMA ACADEMIA BOUTIQUE,02,20240409,20240409,SC,8081
54661200,0001,1,STUDIO RECONSTRUIR,02,20240409,20240409,RJ,5865
54667127,0001,1,PANOBIANCO ACADEMIA ITAPETININGA,02,20240410,20240410,SP,6547
54668717,0001,1,ATENAS CROSS TRAINING,02,20240410,20240410,MG,4471
13135986,0002,2,,02,20240410,20240410,MA,0849
54679515,0001,1,ACADEMIA BLU-FIT LTDA,02,20240410,20240410,RJ,6001
54682035,0001,1,,02,20240410,20240410,MG,2649
54685546,0001,1,CENTRO AQUATICO LARISSE ROCHA,02,20240411,20240411,DF,9701
54685757,0001,1,PRIME FORMA FIT,02,20240411,20240411,SP,6493
54686765,0001,1,,02,20240411,20240411,SP,6715
54695790,0001,1,ACADEMIA ZAYFITNESS,02,20240411,20240411,BA,3623
54702826,0001,1,ACADEMIA ON PRIME FITNESS,02,20240412,20240412,MA,0929
54708131,0001,1,SKYFIT ACADEMIA,02,20240412,20240412,SP,6357
54709628,0001,1,RAFAEL ARAUJO STUDIO PERSONAL,02,20240412,20240412,PB,2051
54715536,0001,1,ARENA FUNCIONAL FIT,02,20240412,20240412,MA,0955
54726847,0001,1,ACADEMIA TASSIO FITNESS,02,20240415,20240415,BA,3745
54728525,0001,1,BASIC FULL,02,20240415,20240415,GO,9373
54381509,0002,2,STUDIO FLAVIA PIRES,02,20240319,20240319,RJ,5897
54739105,0001,1,IBOX CROSS TRAINING UBR,02,20240415,20240415,CE,1577
54439901,0001,1,PILATES FOR LIFE,02,20240322,20240322,SP,7107
54747463,0001,1,GOLD GYM,02,20240416,20240416,ES,5715
54748119,0001,1,ARENA GANDU,02,20240416,20240416,BA,3523
54148087,0002,2,OUR GYM,08,20251029,20240412,RN,1761
22103615,0002,2,VALLEFIT ACADEMIA,02,20240416,20240416,CE,1407
54761860,0001,1,ACADEMIA PANOBIANCO,02,20240416,20240416,SP,6401
54763210,0001,1,,02,20240417,20240417,PR,7535
54764281,0001,1,STUDIO RUBI FITNESS,02,20240417,20240417,MG,4939
54766436,0001,1,GIVA CONSULTORIA E ASSESSORIA,02,20240417,20240417,SP,6477
54769951,0001,1,CENTRO DE EMAGRECIMENTO LUCAS ROCHA,02,20240417,20240417,SP,7005
54771517,0001,1,MOVIMENTE PILATES,02,20240417,20240417,MG,4305
54777600,0001,1,TORRE FITNESS STUDIO PERSONAL,02,20240417,20240417,GO,9459
54788939,0001,1,LEVIVE ACQUA,02,20240418,20240418,MG,4723
54794209,0001,1,,02,20240418,20240418,SP,7107
54807753,0001,1,OBJETIVO FIT,02,20240419,20240419,GO,9373
54812202,0001,1,STUDIO LAELCIA MORAIS DE GINASTICA & DANCA,02,20240419,20240419,PI,1153
54812982,0001,1,GABRIELLA FRANCO TREINAMENTO PERSONALIZADO E VIDA SAUDA,02,20240419,20240419,MG,4123
23566434,0009,2,,02,20240419,20240419,SC,8183
54831422,0001,1,FLEX FIT ACADEMIAS,02,20240422,20240422,CE,1529
54841679,0001,1,BIKE INDOOR (MARO DE PAULI),02,20240423,20240423,SP,7095
54844927,0001,1,STUDIO SUNAY SAMPAIO,02,20240423,20240423,BA,3849
21182029,0002,2,TARGET WELLNESS E FITNESS,02,20240422,20240422,RS,8919
54851839,0001,1,BLS ATIVIDADES ESPORTIVAS,02,20240423,20240423,DF,9701
54856848,0001,1,S.A TREINAMENTO,02,20240423,20240423,RS,8801
54858932,0001,1,CT IRON FITNESS,02,20240423,20240423,MT,0123
54860905,0001,1,STUDIO MAIS SAUDE,02,20240424,20240424,RJ,2921
54865145,0001,1,STUDIO 34 PILATES,02,20240424,20240424,MG,5343
54874083,0001,1,FOUR TRAINER,02,20240424,20240424,BA,3455
54884098,0001,1,ALLPFIT GOIANIA,02,20240425,20240425,GO,9373
54888294,0001,1,HIDRO CRIS,08,20240618,20240425,GO,1050
54898670,0001,1,ALLP FIT ACADEMIAS,02,20240426,20240426,CE,1455
54901166,0001,1,ROB FIT - STUDIO ROBERIO XIMENES,08,20251219,20240425,PR,7751
54908816,0001,1,,08,20250312,20240426,SP,6155
54910089,0001,1,,02,20240426,20240426,MG,4123
54933169,0001,1,,02,20240429,20240429,RJ,6001
54936721,0001,1,,02,20240429,20240429,SC,8179
54945549,0001,1,GNUTZMANN CONSULTORIA FITNESS,08,20251012,20240430,RS,8801
54948832,0001,1,PJ CONSULTORIA,02,20240430,20240430,PB,2051
54952717,0001,1,JACKSON CESAR DA SILVA SERVICOS,02,20240430,20240430,SP,7057
54955200,0001,1,,02,20240430,20240430,AL,2785
54970909,0001,1,,02,20240502,20240502,SP,6887
54972803,0001,1,SAUDE & MOVIMENTO FISIOTERAPIA E PILATES,02,20240502,20240502,PA,0411
54989406,0001,1,BLACK FORT,02,20240503,20240503,MS,9745
54669063,0001,1,,02,20240410,20240410,MG,4123
55025164,0001,1,GYM REVOLUTION,02,20240507,20240507,SP,7107
55026001,0001,1,ACADEMIA SAO CAETANO,02,20240507,20240507,SP,7077
55033388,0001,1,KAR PILATES,02,20240507,20240507,SP,7107
55034001,0001,1,TIAGO FRANCO GESTAO DE PERFORMANCE,02,20240507,20240507,SP,6717
55040244,0001,1,CT FFAL EVOLUTION,02,20240507,20240507,GO,9227
55041379,0001,1,LORENSKI TRAINER,08,20241216,20240507,PE,2457
55042770,0001,1,HEALTH STUDIO FITNESS,02,20240508,20240508,MG,4961
55043117,0001,1,ACADEMIA AREA 41,02,20240508,20240508,ES,5697
54396986,0002,2,ACADEMIA INOVAFIT CRATEUS.,02,20240508,20240508,CE,1383
55052001,0001,1,STUDIO MENDES FIT,02,20240508,20240508,BA,3933
55053118,0001,1,,02,20240508,20240508,SP,6213
55060262,0001,1,ACADEMIA TOP FITNESS,02,20240509,20240509,MT,9867
55062119,0001,1,,02,20240509,20240509,MG,5403
55069845,0001,1,SKY FIT,02,20240509,20240509,CE,1569
55070743,0001,1,AXFIT ACADEMIA,02,20240509,20240509,AL,2787
45057482,0001,1,CROSS WOLF,02,20220128,20220128,SP,6589
55098496,0001,1,,02,20240513,20240513,SP,7107
55098901,0001,1,STD DELLAS,02,20240513,20240513,GO,9449
55099967,0001,1,,02,20240513,20240513,RS,8801
55102751,0001,1,SPARTACUS,02,20240513,20240513,MG,2649
48591795,0001,1,STUDIO GO CORE TREINAMENTO FISICO FUNCIONAL,02,20221111,20221111,MG,4431
55106841,0001,1,JOSE JUNIOR PERSONAL,02,20240513,20240513,MG,4123
55114525,0001,1,IN PULSE GYM,02,20240514,20240514,MG,4625
55114775,0001,1,CT CHAMPIONS,02,20240514,20240514,PR,7607
55119571,0001,1,UP VIDA JACAREI,02,20240514,20240514,SP,6589
55120243,0001,1,,02,20240514,20240514,RS,8915
55125581,0001,1,FUNCIONAL MAROMBETES,02,20240514,20240514,PA,0595
55134143,0001,1,,02,20240515,20240515,SC,8127
55135696,0001,1,MORAES TRAINERS,02,20240515,20240515,PA,0415
55145170,0001,1,,02,20240515,20240515,GO,9373
54271535,0001,1,JONATAS LUIZ PERSONAL TRAINER,02,20240311,20240311,SP,6671
55154375,0001,1,ESPACO REABILITAR,02,20240516,20240516,RJ,5853
55156958,0001,1,MIRANDA PILATES E SAUDE LTDA,08,20250616,20240516,SP,7107
53049406,0001,1,ROLE FITNESS ACADEMIA,02,20231129,20231129,GO,9373
55170194,0001,1,STUDIO TC,02,20240517,20240517,AL,2703
55172082,0001,1,ACADEMIA ATLETA FITNESS,02,20240517,20240517,MG,4865
55172379,0001,1,INTRA FIT,08,20240704,20240517,SP,7107
55174755,0001,1,INFINITY SPINNING,02,20240517,20240517,SP,6141
55185841,0001,1,ESTUDIO ELITE TREINAMENTO PERSONALIZADO,02,20240519,20240519,RO,0003
55186976,0001,1,,02,20240520,20240520,MG,4637
03697722,0002,2,,02,20240520,20240520,MG,4123
55200205,0001,1,RIO ARENA,08,20250818,20240520,RJ,5843
55208239,0001,1,BOLTZ ACADEMIA,02,20240521,20240521,RJ,5805
55208734,0001,1,GARAGEM ESTUDIO DE MUSCULACAO,02,20240521,20240521,PA,0581
55211149,0001,1,TOP FITNESSACADEMIA,02,20240521,20240521,ES,5641
44872587,0002,2,NEW FITNESS,02,20240521,20240521,CE,1455
31834358,0004,2,EVOQUE ACADEMIA GUARULHOS - JARDIM PAULISTA,02,20240521,20240521,SP,6477
55226491,0001,1,,02,20240522,20240522,CE,1389
55226858,0001,1,TRAINING BOX STUDIO,02,20240522,20240522,RS,8729
55248052,0001,1,S7 FITNESS CENTER,02,20240523,20240523,BA,3399
55250464,0001,1,REAL GYM,02,20240523,20240523,MG,5383
55254188,0001,1,IRONFIT.ACD,02,20240523,20240523,SP,6405
55256690,0001,1,ACADEMIA USINA XV,02,20240523,20240523,PR,7583
55257967,0001,1,DANIEL MENDES MOVIMENTE-SE,02,20240523,20240523,MG,4973
55261885,0001,1,STUDIO MAIZA CAPUCHO,02,20240524,20240524,ES,5677
55263527,0001,1,,02,20240524,20240524,RJ,6001
45796384,0002,2,STUDIO PERFORMANCE E SAUDE FILIAL 1,02,20240524,20240524,PI,1219
55270150,0001,1,ACADEMIA RIBEIRO ZEROAOFIT,02,20240524,20240524,RJ,2907
53392021,0001,1,PLUSFIT,02,20240105,20240105,PE,2357
55271245,0001,1,,02,20240524,20240524,MG,4123
55273211,0001,1,,02,20240524,20240524,SP,7107
54907002,0001,1,HYPE GYM,02,20240426,20240426,RO,0004
55310984,0001,1,PANOBIANCO BARCELONA,02,20240528,20240528,SP,7077
55315610,0001,1,,02,20240208,20240208,RS,8901
55315837,0001,1,STUDIO F7 TRAINER,02,20240528,20240528,GO,9373
55316330,0001,1,RP11 FITNESS,02,20240528,20240528,MA,0889
55321446,0001,1,BOA FORMA FITNESS ACADEMIA,02,20240529,20240529,PA,0571
55323683,0001,1,MT GYM FITNESS TRAINER,04,20260612,20240529,MG,4123
55324647,0001,1,STUDIO PERSONAL ELIAS ALVES,02,20240529,20240529,MA,0875
55329904,0001,1,,02,20240529,20240529,PR,7691
55330972,0001,1,,02,20240529,20240529,SP,6831
55336643,0001,1,LIFE STUDIO DE PILATES,02,20240530,20240530,PI,0348
55358690,0001,1,,02,20240603,20240603,SP,6689
55376037,0001,1,A PIONEIRA - CLUBE DO CORPO,08,20250626,20240603,PE,2511
41187890,0003,2,CENTRO DE TREINAMENTO ANTONIO DIOGO,02,20240604,20240604,CE,1533
55387756,0001,1,PANOBIANCO MARTINS COELHO,02,20240604,20240604,SP,6681
55394044,0001,1,CROSS TRAINING SANTANA,02,20240604,20240604,RS,8801
55397092,0001,1,KINGDOM CENTRO DE TREINAMENTO,02,20240605,20240605,RJ,6001
55399127,0001,1,BODYFIT STUDIO,02,20240605,20240605,ES,1114
55400517,0001,1,WORLD GYM,02,20230928,20230928,DF,9701
55410486,0001,1,,02,20240605,20240605,SC,8055
55410691,0001,1,REVOLUTION BOOTCAMP,08,20250328,20240605,MT,9151
55411994,0001,1,PRIME FITNESS,02,20240605,20240605,PR,7739
55422862,0001,1,,08,20250128,20240606,RS,8791
55423686,0001,1,,02,20240606,20240606,RJ,6001
55425866,0001,1,,02,20240606,20240606,BA,3849
29229645,0002,2,,02,20240607,20240607,SP,7203
55446222,0001,1,CENTRO DE TREINAMENTO LIVE LION,02,20240607,20240607,MS,9073
50817059,0001,1,ARENA PERFORMANCE,02,20230525,20230525,PI,1167
55456452,0001,1,,02,20240610,20240610,RJ,6001
55460822,0001,1,EDSON SANTOS PERSONAL TRAINER,02,20240610,20240610,RN,1761
55465716,0001,1,PERFORMANCE FITNESS,02,20240610,20240610,MG,4719
55466540,0001,1,VILLA FITNESS ACADEMIA,02,20240610,20240610,BA,3669
55473491,0001,1,EAGLE BOX CROSS TRAINING,02,20240610,20240610,GO,9265
55480788,0001,1,TEAM CABECAO LTDA,02,20240611,20240611,SP,7107
32474524,0002,2,ACADEMIA HIIT LIVE IT,08,20260128,20240612,TO,9733
18442885,0016,2,LIVE ACADEMIA,02,20240612,20240612,AM,0255
55496894,0001,1,STUDIO BELLA FORMA,02,20240612,20240612,PA,0483
55505357,0001,1,ARENA CFITNESS,02,20240612,20240612,MA,0831
55507125,0001,1,,02,20240612,20240612,PR,7535
55507190,0001,1,QUEBRADA FIT,02,20240612,20240612,SP,7107
55512763,0001,1,DRY FIT ACADEMIA,02,20240613,20240613,MT,1186
55517360,0001,1,ACADEMIA ULTRAFITNESS,02,20240613,20240613,ES,5697
55523017,0001,1,VALLY FERNANDES,02,20240613,20240613,SP,7107
55526763,0001,1,MDXFIT,02,20240614,20240614,MG,5401
55528801,0001,1,CTC VILA NOEMIA,02,20240614,20240614,SP,6689
55529215,0001,1,ARA ACADEMIA DE MUSCULACAO,02,20240614,20240614,SC,8105
54166217,0005,2,,02,20240614,20240614,PR,7691
55535483,0001,1,SCOT ACADEMIA,02,20240614,20240614,MG,4217
55535954,0001,1,ACADEMIA FENIX L.A.,02,20240614,20240614,PR,7777
55539312,0001,1,F2D SPORTS TREINAMENTO FISICO E FISIOTERAPIA,02,20240614,20240614,PE,2381
55552520,0001,1,CENTRO DE TREINAMENTO DANIEL ANGELO,02,20240617,20240617,PB,2143
55556814,0001,1,CT METAMORFOSE,02,20240617,20240617,RN,1617
55562007,0001,1,STUDIO ARSENAL,02,20240617,20240617,PB,2235
55570446,0001,1,,02,20240618,20240618,SP,7005
46327344,0001,1,ALPHA ACADEMIA,02,20220510,20220510,PI,1157
55597142,0001,1,AMP FIT,02,20240619,20240619,SC,8029
55597508,0001,1,,02,20240619,20240619,DF,9701
55605899,0001,1,,02,20240620,20240620,SP,7107
55610336,0001,1,CENTRO DE GINASTICA DE ALTA PERFORMANCE DO MARANHAO,02,20240620,20240620,MA,0921
55613318,0001,1,STUDIO ARON FITNESS,02,20240619,20240619,MG,4123
55615192,0001,1,IR3,08,20260324,20240620,PE,2317
55622329,0001,1,STUDIO LOTUS PILATES,02,20240621,20240621,RJ,5801
55626080,0001,1,BIG HOUSE,02,20240621,20240621,PR,7443
55627396,0001,1,ARENA 3 FIT,02,20240621,20240621,RN,1603
55628211,0001,1,,02,20240621,20240621,SP,7107
55629053,0001,1,EMARU PERFORMANCE,02,20240621,20240621,SP,7057
55644737,0001,1,DIEGO LUIZ PILATES,02,20240624,20240624,MG,4123
55647311,0001,1,,08,20251118,20240624,SP,7107
55649093,0001,1,NEON FIT ACADEMIA,02,20240624,20240624,RS,8649
55653400,0001,1,,02,20240624,20240624,MG,4133
55665753,0001,1,FASTWAYFIT CENTER,02,20240625,20240625,SC,8089
55670374,0001,1,STUDIO CORPO E MOVIMENTO,02,20240625,20240625,PR,7623
55682257,0001,1,360 ACADEMIA,02,20240626,20240626,SP,6717
55691297,0001,1,,02,20240626,20240626,MG,2693
55693003,0001,1,SPACE PRO FIT,02,20240626,20240626,PB,2127
55700030,0001,1,FABIO LUIZ DE PADUA,02,20240627,20240627,MG,4123
55701164,0001,1,START TREINAMENTOS PERSONALIZADOS,02,20240627,20240627,PR,7493
55707037,0001,1,STUDIO DE PILATES BOUGANVILLE,02,20240627,20240627,GO,9753
13977838,0002,2,LIVING FITNESS,02,20240627,20240627,SC,8179
15784822,0002,2,,02,20240627,20240627,RS,8801
07594978,0613,2,,02,20240627,20240627,DF,9701
07594978,0615,2,,02,20240627,20240627,RJ,6001
55718372,0001,1,ACADEMIA OS GADITAS FITNESS,04,20260529,20240628,CE,1373
55725565,0001,1,ARENA ACADEMIA,02,20240628,20240628,MT,9047
55578285,0002,2,,02,20240628,20240628,SP,7107
55727174,0001,1,CENTRO DE TREINAMENTO SALGUEIRO ACADEMIA,02,20240628,20240628,PE,2543
55738558,0001,1,,02,20240701,20240701,MG,4819
55739224,0001,1,ACTO ACADEMIA,02,20240701,20240701,PE,2531
55740816,0001,1,WORLD GYM AGUAS CLARAS,02,20240701,20240701,DF,9701
55742954,0001,1,,02,20240701,20240701,SP,7047
55744660,0001,1,A. J. RIBEIRO DIAS,02,20240701,20240701,PA,0505
55759010,0001,1,,02,20240702,20240702,SP,7273
55763944,0001,1,GIRON GYM,02,20240702,20240702,PR,7535
55763954,0001,1,JOLIE FITNESS,02,20240702,20240702,SP,6619
55776945,0001,1,SERRA CROSS LTDA,08,20251031,20240703,PE,2577
55780362,0001,1,COREFIT,02,20240703,20240703,AL,2867
55784337,0001,1,FOX CONSULTORIA,02,20240703,20240703,PR,7535
55787530,0001,1,PILATES NA VILA,02,20240703,20240703,SP,6619
55795810,0001,1,LIFE ACADEMIA,02,20240704,20240704,MG,4761
48792328,0002,2,,02,20240704,20240704,RS,8967
55798013,0001,1,M.O.V.E INSTITUTE,02,20240704,20240704,SP,7107
23980342,0002,2,,02,20240704,20240704,SE,3157
55801536,0001,1,,08,20250530,20240704,SC,8319
55802531,0001,1,,02,20240704,20240704,ES,5699
55804293,0001,1,LIFE FITNESS ESTUDIO DE MUSCULACAO,02,20240704,20240704,RJ,5849
55804891,0001,1,CORPORATION RUHTRA AM,02,20240704,20240704,MA,0707
55807113,0001,1,CORPO E MOVIMENTO STUDIO DE PILATES,02,20240704,20240704,GO,9361
55807191,0001,1,MOVIMENT STUDIO PILATES,02,20240704,20240704,SP,2939
55807376,0001,1,FLAVIO PARO TREINAMENTO PERSONALIZADO E CONSULTORIA,02,20240704,20240704,GO,9373
55808524,0001,1,CT MOVLIFE ACADEMIA,02,20240704,20240704,SC,8025
55820250,0001,1,,02,20240705,20240705,PR,7535
55825484,0001,1,,02,20240705,20240705,PR,5453
55826769,0001,1,ACADEMIA MAHATMA,02,20240705,20240705,SP,6645
55088171,0001,1,ROBUSTUS GYM,02,20240510,20240510,RJ,6001
55846368,0001,1,STUDIO TS,02,20240708,20240708,PR,7535
55848455,0001,1,ACADEMIA TRANSFORM FIT GD,02,20240708,20240708,BA,3309
55848775,0001,1,VITTA STUDIO DE PILATES,02,20240708,20240708,SC,8127
55852434,0001,1,PRAXIS ACADEMIA,02,20240709,20240709,GO,9373
55863684,0001,1,,02,20240709,20240709,RS,8963
55867786,0001,1,STUDIO CORPO FUNCIONAL,02,20240710,20240710,GO,9373
55870425,0001,1,PEDRO SOARES TREINAMENTO FISICO,02,20240710,20240710,RS,8801
28964972,0002,2,ACADEMIA FORMA E FORMAS,08,20250707,20240710,SC,8233
55879221,0001,1,ANDREIA ADAO PERSONAL TRAINER,02,20240710,20240710,SC,8183
55885601,0001,1,FIBRA PILATES PERSONALIZADO,08,20241216,20240711,SP,7071
55895535,0001,1,BODY BALANCE PILATES STUDIO,02,20240711,20240711,SP,6291
55905220,0001,1,LAUREN PERSONAL TRAINER,02,20240712,20240712,RS,8801
55905463,0001,1,BOOX FIT,08,20240716,20240712,GO,9221
55906456,0001,1,WR FITNESS,02,20240712,20240712,MG,4547
55907412,0001,1,BIOSHOCK TRAINING,02,20240712,20240712,SP,7107
55908397,0001,1,SYNERGY STUDIOS,02,20240712,20240712,SP,7099
55908704,0001,1,CLINICA PEQUENO PRINCIPE,02,20240712,20240712,ES,1114
55938480,0001,1,LION BOX FUNCIONAL,02,20240715,20240715,PE,2365
55938584,0001,1,ABREU MAIA -DESENVOLVIMENTO E PERFORMANCE HUMANA,02,20240715,20240715,PE,2531
50132178,0001,1,VIVAT SAUDE INTEGRATIVA,02,20230329,20230329,RJ,6001
55947753,0001,1,SKYFIT VARZEA PAULISTA,02,20240716,20240716,SP,7233
55954449,0001,1,CRISTAL ACADEMIA,02,20240716,20240716,SP,7107
55957314,0001,1,,02,20240716,20240716,SP,7107
47224892,0001,1,SPORT FIT PILATES,08,20240716,20220720,SP,6707
54248191,0001,1,FREE CYCLE,02,20240308,20240308,SP,6291
55975389,0001,1,MF SPORT AND HEALTH,02,20240717,20240717,SP,7225
55981800,0001,1,EVELYS DINIZ TREINAMENTO FISICO,02,20240718,20240718,GO,9571
55982073,0001,1,STUDIO INTEGRADO ITAPETININGA,02,20240717,20240717,SP,6547
55985593,0001,1,STUDIO FISIO VIVA,02,20240718,20240718,RJ,5865
24339925,0019,2,,02,20240718,20240718,SP,6547
55989019,0001,1,ESPACO PILATES,02,20240718,20240718,PE,2457
55997758,0001,1,ATIVIDA SAUDE,02,20240719,20240719,DF,9701
56005004,0001,1,MAZZA FIT ACADEMIA,08,20241205,20240719,SP,6533
56006390,0001,1,HIDRO FIT,08,20250826,20240719,ES,5699
56006401,0001,1,ACADEMIA USINA CAMP,02,20240719,20240719,PR,7583
56009059,0001,1,C.T. DA FRAN,02,20240719,20240719,AC,0157
56023730,0001,1,DNA FIT,08,20250227,20240722,MA,0869
56024711,0001,1,,02,20240722,20240722,SC,0944
56026635,0001,1,ARENA FITNESS COHAMA,02,20240722,20240722,MA,0921
56026910,0001,1,KROTON ACADEMIA,02,20240722,20240722,RS,8561
56032588,0001,1,RT PILATES STUDIO,02,20240722,20240722,SP,7107
56045224,0001,1,,02,20240723,20240723,RS,8771
56051424,0001,1,BONECA DE ACO,02,20240723,20240723,MT,8987
56057550,0001,1,CT EXFORCE,02,20240724,20240724,BA,3965
56067811,0001,1,AERO FITNESS ACADEMIA,02,20240724,20240724,RN,1691
56068965,0001,1,PRIME FITNESS,02,20240724,20240724,SC,8041
56076398,0001,1,STUDIO WC FITNESS,02,20240724,20240724,AL,2775
56077790,0001,1,CAIO POMPEU ASSESSORIA ESPORTIVA LTDA,02,20240725,20240725,MS,9073
35703592,0002,2,STUDIO PERFORMANCE LTDA,02,20240725,20240725,ES,5629
56086965,0001,1,,02,20240725,20240725,PR,7535
56096160,0001,1,ACADEMIA TARSO FITNESS,02,20240725,20240725,BA,3929
55716324,0001,1,WORK FIT BR ACADEMIA,02,20240628,20240628,PR,7487
56100246,0001,1,,02,20240726,20240726,RJ,6001
56100840,0001,1,,02,20240726,20240726,MG,5249
56114970,0001,1,BODY WORD,08,20240801,20240727,SP,7107
56124319,0001,1,STUDIO PRY ALVES,02,20240729,20240729,MG,4081
56135359,0001,1,ACADEMIA STILLO FITNES,02,20240729,20240729,GO,9373
56144641,0001,1,,02,20240730,20240730,SP,6681
56148132,0001,1,JRR ADADEMIA TRAINNER,08,20250718,20240730,MG,5401
24921465,0093,2,,02,20240730,20240730,RJ,6001
56158296,0001,1,ACADEMIA ESTACAO DO CORPO,02,20240730,20240730,MG,4219
56176843,0001,1,FLGR TRAINING CLUB,02,20240731,20240731,CE,1389
56193560,0001,1,+FIT,02,20240801,20240801,RS,8781
56199873,0001,1,HASHTAG RIO DAS PEDRAS,02,20240801,20240801,SP,6981
56200939,0001,1,ATTIVA ACADEMIA,02,20240801,20240801,SP,6429
56204018,0001,1,NEW LIFE ACADEMIA,02,20240801,20240801,SC,8055
56228675,0001,1,NATURAL MAX,02,20240802,20240802,SP,7107
56246312,0001,1,3 FORT FIT,02,20240802,20240802,PE,2341
52166602,0002,2,ACADEMIA SPORTFIT,08,20240816,20240805,BA,3479
56261037,0001,1,CT ALLAN OLIVEIRA,08,20251028,20240805,PR,7563
56263504,0001,1,,08,20250204,20240805,SP,7107
56268222,0001,1,,02,20240805,20240805,MA,0849
56283951,0001,1,EROS ESPORTES,02,20240805,20240805,SP,6689
18843919,0005,2,EUGENIO FORTES ACADEMIA IATE,02,20240806,20240806,PI,1219
56309182,0001,1,CT GYM-FITNESS,02,20240806,20240806,PI,1155
56319187,0001,1,,02,20240806,20240806,MG,4123
56319964,0001,1,L.R. FUNCIONAL,02,20240806,20240806,PI,1203
56320311,0001,1,IRONS FIT ACADEMY,02,20240806,20240806,BA,3021
56323641,0001,1,,02,20240101,20240101,RN,1761
56366969,0001,1,WILTON NASCIMENTO PERSONAL TRAINERS,02,20240807,20240807,SP,7107
56387936,0001,1,CENTRO DE TREINAMENTO ONDA FITNESS,02,20240808,20240808,RS,8433
56391452,0001,1,DANIELE DINIZ MARTINS PEDROSO STUDIO PILATES,02,20240808,20240808,SP,7005
56392963,0001,1,SPARTAN CT,02,20240808,20240808,SP,6715
56412740,0001,1,,02,20240808,20240808,CE,1409
56422978,0001,1,APICE FITNESS,02,20240809,20240809,MG,4865
56424820,0001,1,ACADEMIA BLACK FIT,02,20240809,20240809,MG,5035
56425346,0001,1,L L AUZIER,02,20240809,20240809,RR,0301
56429600,0001,1,SKYFIT ACADEMIA - UNIDADE TUPA,02,20240809,20240809,SP,7201
50046327,0002,2,X FIT MAIS ACADEMIA,02,20240812,20240812,RS,8901
56606386,0001,1,STUDIO ALINE ALMEIDA PILATES CLINICO E FUNCIONAL,02,20240813,20240813,PB,2175
56606869,0001,1,GOLDEN STUDIO PERSONAL,02,20240813,20240813,ES,5623
53617514,0001,1,T4 FITNESS,02,20240123,20240123,CE,1373
56617207,0001,1,VOLLER CROSS TRAINING,02,20240813,20240813,RJ,5833
56637186,0001,1,,02,20240813,20240813,CE,1389
56637414,0001,1,RB PILATES STUDIO,02,20240813,20240813,PR,7535
56061925,0001,1,ZON PILATES,02,20240724,20240724,AM,0255
56684212,0001,1,WG ACADEMIAS,02,20230809,20230809,DF,9701
56690406,0001,1,PRIME FITNESS,02,20240814,20240814,AC,0153
56690656,0001,1,PABLO MICHEL STUDIO PERSONAL,02,20240814,20240814,SE,3105
24921465,0097,2,,02,20240814,20240814,MT,9067
56702310,0001,1,,02,20240814,20240814,RS,8669
56707357,0001,1,GH ACADEMY,02,20240814,20240814,SP,6477
53276342,0001,1,VALDINAR SOUZA COACH STRENGTH E CONDITIONING,08,20240815,20231220,PI,1219
56824181,0001,1,JOSILENE BISPO PILATES,02,20240815,20240815,GO,9373
52003721,0001,1,UNYFITT,02,20230830,20230830,SP,6401
56906218,0001,1,MF ACADEMIA,02,20240819,20240819,PI,1155
27549386,0002,2,ACADEMIA VANDINHO TEAM,08,20260320,20240819,BA,3741
46557366,0001,1,TERESINA CROSSFIT,04,20240820,20220526,PI,1219
56924476,0001,1,ESTUDIO ALINE FRANCA,02,20240820,20240820,RJ,5883
56925806,0001,1,,02,20240820,20240820,CE,0983
56933026,0001,1,ACADEMIA DNA FITNES,02,20240820,20240820,PI,1219
56424731,0002,2,ACADEMIA LIFE FIT,02,20240821,20240821,MG,4033
56946268,0001,1,SETE RAIZES STUDIO,02,20240821,20240821,SP,7075
56964898,0001,1,TOP FITNESS,02,20240822,20240822,SP,7037
56972325,0001,1,,02,20240822,20240822,SP,7107
56974235,0001,1,ULTRA,02,20240822,20240822,DF,9701
56981003,0001,1,ST ASSESSORIA ESPORTIVA LTDA,02,20240823,20240823,PA,0427
29327977,0002,2,ACADEMIA COLISEU GYM,08,20241021,20240823,SP,7181
56985665,0001,1,VIP ACADEMIA LTDA,02,20240823,20240823,PA,0559
56989816,0001,1,CT MISTER DGYM,08,20260114,20240823,MG,4079
56427020,0001,1,HCP PERSONAL TRAINER,02,20240809,20240809,DF,9701
56194309,0001,1,LIFE PILATES,02,20240801,20240801,SP,2951
57007097,0001,1,,02,20240826,20240826,RJ,6001
57007861,0001,1,RL PERSONAL E CONSULTORIA LTDA,02,20240826,20240826,SP,7107
57010640,0001,1,WM FITNESS,02,20240826,20240826,BA,3413
57016364,0001,1,,02,20240826,20240826,PR,7819
57017291,0001,1,,02,20240826,20240826,MG,4123
57031149,0001,1,T3 FIT,02,20240827,20240827,MG,4939
57042454,0001,1,VITALITY GYM,02,20240828,20240828,RJ,5857
57044972,0001,1,ELEVEN CROSS UNIDADE II - PAMPULHA,08,20250110,20240828,MG,4123
57047046,0001,1,,02,20240828,20240828,SP,7107
57047233,0001,1,,04,20260529,20240828,CE,1387
57057190,0001,1,SLIM FIT CENTRO DE TREINAMENTO FISICO E FUNCIONAL,02,20240828,20240828,RS,8801
57061470,0001,1,GD DIGITAL,02,20240829,20240829,MG,4733
57067503,0001,1,LIFEGUARD ESPORTES,02,20240829,20240829,SP,7107
57069739,0001,1,LIFE CENTRO INTEGRADO DE TREINAMENTO E SAUDE LTDA,02,20240829,20240829,MG,5035
57076304,0001,1,ACADEMIA BOA FORMA,02,20240829,20240829,MA,0797
57076505,0001,1,,02,20240829,20240829,MA,0727
57077894,0001,1,CLEYTON MIRANDA STUDIO FITNESS,02,20240829,20240829,PE,2293
57079922,0001,1,SPX STUDIO PERSONAL,02,20240830,20240830,DF,9701
57082959,0001,1,,02,20240529,20240529,RN,1761
57087725,0001,1,MOTA FITNESS,02,20240830,20240830,PI,1013
57102349,0001,1,,02,20240902,20240902,RS,8599
57105052,0001,1,ESESPACO OLYMPUS GYM,08,20251117,20240902,BA,3629
57112689,0001,1,BELMONT FIT,02,20240902,20240902,RJ,2911
57114499,0001,1,STUDIO 40FIT,02,20240902,20240902,SC,8233
57118012,0001,1,MARCOS RESENDE TREINAMENTO PERSONALIZADO,02,20240902,20240902,SP,6579
57120611,0001,1,BMRUN SPORTS TRAINING,02,20240902,20240902,SP,7107
57128825,0001,1,,02,20240903,20240903,SP,6969
57133249,0001,1,BAD BOY ACADEMIA II,02,20240903,20240903,MA,0867
52624622,0003,2,GYM ACADEMIA MOVIMENTO ITAVUVU,02,20240903,20240903,SP,7145
57144360,0001,1,LIVE FITNESS,02,20240904,20240904,MA,0234
57144811,0001,1,,02,20240904,20240904,RS,8717
57148344,0001,1,STUDIO LINEA PILATES & FISIOTERAPIA,02,20240904,20240904,AC,0139
57164617,0001,1,NOVA FIT,02,20240905,20240905,SP,7107
57167945,0001,1,GYM SCHOOL,02,20240905,20240905,SP,7017
56987728,0001,1,MARIANA MARQUES STUDIO PILATES,02,20240823,20240823,SP,7107
57178768,0001,1,STUDIO GRECIA,02,20240906,20240906,SP,7183
57181101,0001,1,LS PERSONAL TRAINER,02,20240906,20240906,SP,7107
30063674,0002,2,,02,20240906,20240906,SP,6323
47796328,0001,1,,02,20220831,20220831,PR,9983
57183955,0001,1,JM MOVIMENTO E SAUDE,02,20240906,20240906,BA,3849
57187608,0001,1,HB FIT ACADEMIA,02,20240906,20240906,SP,7037
57192332,0001,1,,08,20260117,20240906,PR,7607
57196686,0001,1,,02,20240907,20240907,GO,9373
57200920,0001,1,DOCTORFIT NOROESTE,02,20240909,20240909,DF,9701
57208240,0001,1,LINA GARGANO PILATES E FUNCIONAL,02,20240909,20240909,GO,9373
57209646,0001,1,,02,20240909,20240909,AL,2785
51362340,0001,1,ESPACO EMME PERSONAL,02,20230710,20230710,GO,9277
57215043,0001,1,,02,20240909,20240909,SP,7107
57217497,0001,1,FLUIR STUDIO DE PILATES,02,20240909,20240909,ES,5625
57239161,0001,1,PEDRO VALENCIO PERFORMANCE E FITNESS,02,20240911,20240911,SC,8105
57248062,0001,1,HIFT ACADEMIA,02,20240911,20240911,PE,2457
31834358,0028,2,EVOQUE ACADEMIA DIADEMA,02,20240911,20240911,SP,6377
57262335,0001,1,,02,20240912,20240912,ES,5647
57263545,0001,1,,02,20240912,20240912,SP,7121
57263854,0001,1,CENTRO DE TREINAMENTO BRAVO,02,20240912,20240912,MT,1096
57266184,0001,1,WAY ACADEMIA,02,20240912,20240912,MA,0921
57277990,0001,1,MOB FAST 30',02,20240913,20240913,MG,5191
57278419,0001,1,GESTANTE QUE TREINA,02,20240913,20240913,RJ,6001
57280215,0001,1,PK FUNCIONAL STUDIO,02,20240913,20240913,SC,8291
57281861,0001,1,ALLP FIT ACADEMIA,02,20240913,20240913,SP,7107
57282200,0001,1,RUN FITNESS E WELLNESS,02,20240913,20240913,SC,8105
57284950,0001,1,FISIO LIFE,02,20240913,20240913,GO,9373
57295999,0001,1,FIT STRONG,02,20240916,20240916,PE,2567
50476307,0001,1,VIVA BEACH TENIS,02,20230427,20230427,RJ,2921
57297375,0001,1,HOPE - FISIOTERAPIA E PILATES,02,20240916,20240916,MG,5403
57299363,0001,1,LONGEVOS ESPACO FITNESS,02,20240916,20240916,PB,2051
57302104,0001,1,BEM ESTAR STUDIO FITNESS,02,20240916,20240916,MG,5387
57302307,0001,1,STUDIO ELITE CROSS TRAINER E FUNCIONAL,02,20240916,20240916,SC,8269
57303882,0001,1,CENTRO DE TREINAMENTO RAIELE BRANDT,02,20240916,20240916,ES,5691
57311889,0001,1,NEWFEM,08,20260601,20240916,SP,6181
57318803,0001,1,PERFORMANCE SALUS ASSESSORIA ATLETICA DESPORTIVA,02,20240917,20240917,SP,6929
57320856,0001,1,CF FOX,02,20240917,20240917,RJ,5849
57324243,0001,1,MM TEAM - SAUDE E PERFORMANCE,08,20250107,20240917,RJ,6001
57341454,0001,1,TO FITNESS,02,20240918,20240918,PE,2589
57343443,0001,1,CRP FITNESS,02,20240918,20240918,BA,3949
57343836,0001,1,ACADEMIA SUPERJET,02,20240918,20240918,SP,7233
57344021,0001,1,CT GREENLIFE,02,20240918,20240918,CE,1389
57345003,0001,1,HURON AREIA,02,20240918,20240918,RJ,5865
57347780,0001,1,JSK STUDIO DE PILATES,02,20240918,20240918,PR,7667
57350586,0001,1,CAMALE STUDIO FUNCIONAL,02,20240919,20240919,DF,9701
57350608,0001,1,ESTUDIO DE PILATES E FISIOTERAPIA SAMITA,02,20240919,20240919,BA,3495
57354604,0001,1,LUIZ GD PERSONAL,02,20240919,20240919,MA,0921
17758438,0002,2,ACADEMIA DAS IMPARAVEIS,08,20250708,20240919,SP,6835
57362486,0001,1,CT2202,02,20240919,20240919,MT,9067
57362908,0001,1,DCTEAM,02,20240919,20240919,MS,9051
57364037,0001,1,HICROSSFIT,02,20240919,20240919,GO,9373
57373205,0001,1,CORPO EM MOVIMENTO STUDIO DE PILATES,02,20240920,20240920,MG,4477
57376616,0001,1,V02 STUDIO,02,20240920,20240920,PI,1219
57387436,0001,1,,02,20240923,20240923,MG,4365
57389160,0001,1,,02,20240923,20240923,SE,3105
57389351,0001,1,MAROMBA FIT,02,20240923,20240923,RS,8663
57393476,0001,1,ACADEMIA DA LILI,02,20240923,20240923,SP,6383
52493049,0003,2,,02,20240620,20240620,CE,1559
27000250,0002,2,BILL,02,20240923,20240923,BA,3761
57399972,0001,1,HENRIQUE ANDRADE ASSESSORIA ESPORTIVA,02,20240923,20240923,MG,4123
57404826,0001,1,FERNANDO MIORIM PERSONAL TRAINEER,02,20240924,20240924,RS,8841
57410455,0001,1,ONE ESCOLA DE NATACAO E ESPORTES,02,20240924,20240924,SC,8179
57414505,0001,1,FLAVIA ACADEMIA DE NATACAO & HIDROGINASTICA,02,20240924,20240924,MG,4589
57425204,0001,1,ACADEMIA COPACABANA FITNESS,02,20240924,20240924,BA,3965
57430475,0001,1,WS PILATES,02,20240925,20240925,PR,7535
57434062,0001,1,KENIA PERSONAL STUDIO,02,20240925,20240925,MG,4675
57191811,0001,1,,02,20240906,20240906,MG,4387
57442745,0001,1,PDR,02,20240926,20240926,DF,9701
57444299,0001,1,Z5 TREINAMENTO,02,20240926,20240926,RS,8591
16752563,0002,2,MMFIT ACADEMIA,02,20240926,20240926,BA,3087
57448857,0001,1,YOUNG MOVERS BRASIL,02,20240926,20240926,SP,7107
57453183,0001,1,CENTRO DE TREINAMENTO FABRICA DAS MONSTRAS,02,20240926,20240926,MS,9051
57454200,0001,1,NEW LIFE FITNESS,02,20240926,20240926,PB,1977
57460969,0001,1,,02,20240927,20240927,RN,1837
57465860,0001,1,IRON SCHOOL,02,20240927,20240927,PE,2499
57473206,0001,1,,02,20240927,20240927,RS,8599
57489786,0001,1,,02,20240101,20240101,RN,1761
57495584,0001,1,SANTS FIT,02,20240930,20240930,BA,3875
57497462,0001,1,C4 ASSESSORIA ESPORTIVA,02,20240930,20240930,PR,7535
57502600,0001,1,,02,20241001,20241001,RS,8729
57503381,0001,1,CT VILA FITNESS,02,20241001,20241001,SP,6921
57505221,0001,1,GREENLIFE GUARARAPES II,04,20260611,20241001,CE,1389
57512395,0001,1,STUDIO DE PILATES PAULA NOVAES,02,20241001,20241001,PR,7563
57512714,0001,1,ATIVA,02,20241001,20241001,MS,9051
57512796,0001,1,ROCK GYM,02,20241001,20241001,RJ,5869
57513959,0001,1,GUIFITNESS ACADEMIA,02,20241001,20241001,PI,0394
57515402,0001,1,ACADEMIA FLEX,08,20250117,20241001,MA,0727
57522810,0001,1,,02,20241002,20241002,SC,8123
57524682,0001,1,VIVA VIDA CENTRO DE TREINAMENTOS,02,20241002,20241002,RS,8599
57529341,0001,1,CROSS EXPERIENCE GUARATINGUETA,02,20241002,20241002,SP,6469
57531015,0001,1,META PHYSIC,02,20241002,20241002,MG,4951
57534658,0001,1,ASSESSORIA VITOR ROMITTI,02,20241002,20241002,MT,9779
52632415,0001,1,,02,20231023,20231023,ES,5705
57553601,0001,1,ACADEMIA HEYFIT CAMPO GRANDE,02,20241003,20241003,RJ,6001
57553823,0001,1,TEG ACADEMIA,02,20241003,20241003,MS,9051
57555798,0001,1,BIOFIT PRIME ACADEMIA,02,20241003,20241003,BA,3515
57564051,0001,1,ALPHA CROSS TRAINING,02,20241004,20241004,SP,6969
57581906,0001,1,STUDIO CORPORE,02,20241007,20241007,MG,5137
57583745,0001,1,CT PITANGA,02,20241007,20241007,BA,3597
57583808,0001,1,PH.D SPORTS LIMEIRA,02,20241007,20241007,SP,6639
57587064,0001,1,ACADEMIA ATHLETIC FITNESS,02,20241007,20241007,MG,5133
57592927,0001,1,,02,20241007,20241007,MG,4597
57611230,0001,1,,02,20241008,20241008,RJ,6001
57625644,0001,1,ACADEMIA DNA.COM,02,20241009,20241009,SP,6635
57629439,0001,1,,02,20241009,20241009,SP,7107
57632858,0001,1,ML RAMOS ACADEMIA,02,20241010,20241010,PA,0483
57639105,0001,1,THORK CROSS TRAINING,02,20241010,20241010,SP,2965
57639977,0001,1,STUDIO SINERGIA,02,20241010,20241010,BA,3849
57640388,0001,1,,08,20250221,20241010,SP,6619
57654834,0001,1,,02,20241011,20241011,SP,6361
57655515,0001,1,EPC - FISIOTERAPIA E PILATES,02,20241011,20241011,SP,7075
57658535,0001,1,AGUA E VIDA - CENTRO AQUATICO SOBREVIVER,02,20241011,20241011,BA,3849
57661281,0001,1,SOULFIT,02,20241011,20241011,PE,2311
57670433,0001,1,KB'OZ CTF OSASCO,02,20241014,20241014,SP,6789
57671807,0001,1,ACADEMIA BOA FORMA.,02,20241014,20241014,ES,5611
57673053,0001,1,VICTOR SILVA PERFORMANCE COM SAUDE,02,20241014,20241014,PE,2457
51581407,0002,2,,02,20241014,20241014,RS,0952
57673794,0001,1,ACADEMIA PLAY FIT,02,20241014,20241014,GO,9227
57679715,0001,1,ULTRAEXPERIENCE,02,20241014,20241014,SP,6477
47165961,0002,2,,02,20241015,20241015,SP,6563
57696867,0001,1,INSPIRE PILATES INDAIATUBA,02,20241015,20241015,SP,6511
57702820,0001,1,MOTION FIT OSASCO,02,20241016,20241016,SP,6789
57708805,0001,1,ACADEMIA JEF10,02,20241016,20241016,MG,4725
57709650,0001,1,IRON GYM,02,20241016,20241016,MS,9113
57713204,0001,1,NOGUEIRA SPORTS,08,20260521,20241016,MG,5403
38499480,0003,2,ACADEMIA ST PERFORMANCE,02,20241016,20241016,PI,1213
57723266,0001,1,MAXIMUS CT,02,20241017,20241017,RJ,6001
57727886,0001,1,ACADEMIA RFITNESS,02,20241017,20241017,BA,3501
57738243,0001,1,A3 STUDIO FITNESS,02,20241017,20241017,SE,3111
57741303,0001,1,KAIROS PERSONAL STUDIO,02,20241018,20241018,SP,7121
57756448,0001,1,,02,20241019,20241019,MG,5099
57764249,0001,1,PERILLO TRAINER,02,20241021,20241021,PR,7535
57766046,0001,1,CAMILA LACERDA JORJAO LTDA,02,20241021,20241021,SP,7099
57766738,0001,1,EASEM - ESPACO AQUATICO DE SAUDE ELDER MOURA,02,20241021,20241021,PE,2435
57773966,0001,1,FITNESS ACADEMIA,02,20241021,20241021,AL,2833
57781358,0001,1,,02,20241021,20241021,CE,1493
57783328,0001,1,FISIO PERFORMANCE,02,20241022,20241022,SP,6361
57784872,0001,1,IMPULSE,02,20241022,20241022,PR,7885
35823241,0002,2,,02,20241022,20241022,SP,6309
57806057,0001,1,GYM ELITE,02,20241023,20241023,MG,5387
21559856,0002,2,ESPACO MAIS FISIO,03,20260206,20241023,RJ,5819
01951687,0002,2,JF SERVICO SOCIAL MEDICO E FISIOTERAPIA COM IDOSOS,02,20260312,20241023,PR,0870
57816790,0001,1,SFM - STUDIO DE FORTALECIMENTO MUSCULAR LTDA,02,20241023,20241023,MG,5403
57821724,0001,1,JR STUDIO FITNESS,02,20241024,20241024,MS,9079
57824486,0001,1,,02,20241024,20241024,RS,8619
57827291,0001,1,,02,20241024,20241024,ES,5691
57829697,0001,1,A FAVORITA FITNESS,02,20241024,20241024,MG,4815
57843080,0001,1,ORLAFIT,02,20241025,20241025,CE,1505
57844090,0001,1,,02,20241025,20241025,PR,7777
57873401,0001,1,CENTRO DE TREINAMENTO PATRICIA BOTELHO,02,20241029,20241029,RJ,2911
57873724,0001,1,BOA FORMA ACADEMIA,02,20241029,20241029,MA,0855
57878762,0001,1,ACADEMIA TWENTY ONE COMPANY,02,20241029,20241029,MG,5403
57878813,0001,1,ROTA - CENTRO DE TREINAMENTO,02,20241029,20241029,BA,3661
53616976,0001,1,SACC FITNESS CENTER,02,20240123,20240123,RS,8915
07594978,0641,2,,02,20241030,20241030,SP,7107
48672820,0001,1,ACADEMIA PRO ALPHA,02,20221121,20221121,MA,0811
57927082,0001,1,RAQUEL MAFRA PILATES STUDIO,02,20241031,20241031,MG,5035
57930389,0001,1,ALTAMIRO DE OLIVEIRA JUNIOR,02,20241101,20241101,DF,9701
57930947,0001,1,SKYFIT DUCA SERRA,04,20260611,20241101,AP,0605
57931096,0001,1,JP9 PERSONAL STUDIO,02,20241101,20241101,RJ,5877
57931626,0001,1,PRIMEFITNESS,02,20241101,20241101,BA,3117
57938856,0001,1,STUDIO BIOFORCE PILATES E FISIOTERAPIA,02,20241101,20241101,SP,6219
57942504,0001,1,COLISEU FIT ACADEMIA,02,20241101,20241101,MA,0763
57982403,0001,1,CARLA SA PILATES,02,20241105,20241105,DF,9701
57986649,0001,1,X-IRON FITNESS ACADEMIA,02,20241105,20241105,MT,8985
49446084,0002,2,,02,20241106,20241106,SC,5545
57990085,0001,1,ARENA 306 GYM,02,20241106,20241106,DF,9701
18442885,0022,2,LIVE ACADEMIA,02,20241106,20241106,AM,0255
45007011,0003,2,ACADEMIA THREE PILLARS,02,20241106,20241106,MS,9073
58001410,0001,1,,02,20241106,20241106,BA,3849
05239361,0029,2,,02,20241107,20241107,SP,7107
58014114,0001,1,,02,20241107,20241107,SP,6127
58017273,0001,1,ACADEMIA 12 POR 8,02,20241107,20241107,SP,6929
58029103,0001,1,,02,20241108,20241108,PR,7547
58030790,0001,1,ELIM ACADEMIA,08,20250110,20241108,CE,1343
52536958,0003,2,CT STANG I,02,20241108,20241108,MG,4371
58050070,0001,1,ACADEMIA KONNEN RESENDE,02,20241111,20241111,RJ,5883
58051867,0001,1,,02,20241111,20241111,SE,3247
58058019,0001,1,CENTRO DE TREINAMENTO TEAM GABRIEL PAULINO,02,20241111,20241111,SC,8367
58061886,0001,1,CENTRO DE TREINAMENTO VICTOR HUGO,02,20241111,20241111,RJ,5849
58064803,0001,1,DELTA FITNESS,02,20241111,20241111,PA,0443
58070915,0001,1,,02,20241112,20241112,RJ,6001
57533219,0004,2,,02,20241112,20241112,SP,7107
58075061,0001,1,LARISSA AMARAL DE ARRUDA FALCAO,02,20241112,20241112,AL,2785
58085641,0001,1,ACADEMIA POWER MONSTER,02,20241113,20241113,RJ,5897
48924375,0001,1,,08,20241113,20221219,SE,3105
07594978,0650,2,,02,20241114,20241114,PE,2491
58110094,0001,1,EQUIPE DANILO SORAES,02,20241114,20241114,RJ,5893
58113467,0001,1,THE NORTH GYM,02,20241114,20241114,TO,9519
58115014,0001,1,GL PHYSICAL,04,20260611,20241114,AP,0605
58117637,0001,1,FOCUS FITNESS,02,20241115,20241115,CE,1245
58130133,0001,1,B M STUDIO,02,20241118,20241118,MA,0921
58131083,0001,1,PROVENSI FISIOTERAPIA E SAUDE,02,20241118,20241118,SC,8333
58141212,0001,1,CENTRO DE TREINAMENTO PERSONALIZADO,02,20241118,20241118,MG,4661
58145108,0001,1,ALL FITNESS CENTER,08,20260226,20241119,SP,6643
58150379,0001,1,CT NOVA ALIANCA,02,20241119,20241119,SP,6401
58162873,0001,1,DOCTOR FIT VILA CLEMENTINO,08,20260325,20241120,SP,7107
29229645,0003,2,ACQUA FIT,02,20241121,20241121,SP,6389
58171908,0001,1,CT BRUTUS,02,20241121,20241121,BA,3411
48125317,0001,1,,02,20220928,20220928,PI,0340
58176797,0001,1,MEGA FITNESS,02,20241121,20241121,SP,7107
58177052,0001,1,PROFIT GYM,08,20260515,20241121,RJ,5903
58183451,0001,1,MASCOTTO ASSESSORIA,02,20241121,20241121,SP,7075
58189991,0001,1,,02,20241122,20241122,SP,7107
18442885,0026,2,LIVE ACADEMIA,02,20241122,20241122,AM,0255
58198909,0001,1,ACADEMIA COLISEU,02,20241122,20241122,AL,2705
58211183,0001,1,,02,20241125,20241125,MG,4675
58213308,0001,1,PLANETA FIT ACADEMIA,02,20241125,20241125,PR,7475
58219625,0001,1,SMART MC FITNES,02,20241125,20241125,BA,3321
58228500,0001,1,BODY FIT ACADEMIA,02,20241126,20241126,RJ,5887
57875964,0001,1,ACADEMIA TM FITNESS,02,20241029,20241029,AL,2785
57976937,0001,1,STUDIO VELOCITY,02,20241105,20241105,PE,2531
58232526,0001,1,STUDIO LU FATORI FITNESS,02,20241126,20241126,SP,6875
58233820,0001,1,GARAGEM DO TERROR STUDIO,02,20241126,20241126,CE,1337
58237446,0001,1,GF FITNES,02,20241126,20241126,RJ,5803
58239752,0001,1,,02,20241126,20241126,RJ,6001
58247392,0001,1,FENIX EXTREME FITNESS,02,20241127,20241127,RS,8815
58248265,0001,1,,02,20241127,20241127,SP,6219
58248681,0001,1,,08,20250415,20241127,ES,0768
58272304,0001,1,FLORENCE PILATES,02,20241128,20241128,SP,7145
57588699,0001,1,ACADEMIA DUNAS FITNESS,02,20241007,20241007,BA,3413
55890005,0001,1,BOX MAMUTE,02,20240711,20240711,RJ,5801
58286077,0001,1,IM7 FITNESS,02,20241129,20241129,MG,2679
58288425,0001,1,IMPERIO FIT,02,20241129,20241129,RJ,5813
58289176,0001,1,CT FORCAS ESPECIAIS,02,20241129,20241129,MG,0730
58304112,0001,1,ACADEMIA DRAGAO BRANCO CT,02,20241202,20241202,RJ,5919
58305449,0001,1,"MAIS SAUDE, STUDIO PILATES",02,20241202,20241202,RJ,5863
58310981,0001,1,,02,20241202,20241202,PA,0427
58311719,0001,1,ACADEMIA PR FITNESS LTDA,02,20241202,20241202,MA,0158
58316022,0001,1,INTENSE MANAIRA,02,20241202,20241202,PB,2051
58319952,0001,1,LF TREINAMENTO PERSONALIZADO,08,20250205,20241203,RS,8629
21586504,0004,2,LIVE ACADEMIA,02,20241203,20241203,AM,0255
58330886,0001,1,W R FIT,02,20241203,20241203,MA,0214
58337366,0001,1,SARAH VUTANO,02,20241204,20241204,AL,2785
58340838,0001,1,IRON CENTRO DE TREINAMENTO,02,20241204,20241204,RJ,5901
58341196,0001,1,,02,20241204,20241204,SC,8159
58348800,0001,1,TO ME MEXENDO,02,20241204,20241204,SP,7107
58353701,0001,1,ACADEMIA ESTACAO FITNESS,02,20241205,20241205,SE,3169
58359275,0001,1,MEGA GYM,02,20241205,20241205,SE,3125
33806227,0002,2,,02,20241205,20241205,SP,7107
58360693,0001,1,GOLFIT STUDIO,02,20241205,20241205,DF,9701
58366024,0001,1,C.T TREINAMENTOS PERSONALIZADO,02,20241205,20241205,MS,9051
58114770,0001,1,,08,20241126,20241114,PE,2531
57807920,0001,1,,02,20241023,20241023,PR,7691
58368116,0001,1,KFS ACADEMIA LTDA,02,20241206,20241206,SC,8089
58376600,0001,1,LA MANAS,02,20241206,20241206,PB,1957
58377694,0001,1,PERSONAL EXCLUSIVE TRAINING,08,20260105,20241206,SP,7135
58378909,0001,1,XTREME,02,20241206,20241206,BA,3629
19688150,0002,2,WELL II - PROJETO EM QUALIDADE DE VIDA LTDA,02,20241209,20241209,MG,4123
58395424,0001,1,ESPACO SOUL FIT,02,20241209,20241209,PR,7887
58396620,0001,1,UTF BANGU,02,20241209,20241209,RJ,6001
58402880,0001,1,ACADEMIA MOVIMENTE-SE,02,20241210,20241210,CE,1447
58405786,0001,1,ACADEMIA ECO CLUB,04,20260612,20241210,TO,9259
58405927,0001,1,ACQUA SPORT,02,20241210,20241210,MS,9803
58407737,0001,1,PULSE PILATES STUDIO,02,20241210,20241210,SP,7107
58411827,0001,1,STUDIO TERRA,02,20241210,20241210,DF,9701
58421594,0001,1,CT ALPHA GN,02,20241211,20241211,PA,0597
58438749,0001,1,DOUGLAS RUN,02,20241212,20241212,SP,7071
58439500,0001,1,CLASSIC ACADEMIA,08,20260114,20241212,RN,1671
58440757,0001,1,CENTRO DE TREINAMENTO GRT,02,20241212,20241212,SP,6155
58442246,0001,1,FORCA E FORMA ACADEMIA,02,20241212,20241212,MA,0104
58444599,0001,1,PANTHERS BOX,02,20241212,20241212,AM,0255
58446126,0001,1,STUDIO AZ,02,20241212,20241212,RS,8599
58457795,0001,1,STAR + FITNESS,02,20241213,20241213,PE,2507
51447257,0001,1,PHYSICUS ACADEMIA,02,20230717,20230717,MG,4889
58112537,0001,1,FREITAS STUDIO PERSONAL,02,20241114,20241114,SP,6305
19784853,0003,2,,02,20241216,20241216,RJ,5865
58478122,0001,1,PLUS FITNESS ACADEMIA,02,20241216,20241216,MG,0582
58488402,0001,1,ESTUDIO QUALIVIDA,02,20241217,20241217,RJ,6001
58489249,0001,1,SELECT FIT,02,20241217,20241217,SP,6477
58490581,0001,1,PROGRESSO FITNESS,02,20241217,20241217,GO,1066
17974904,0008,2,D'SENA ACADEMIA,02,20241212,20241212,RO,0003
58496835,0001,1,CT LX ACADEMIA,02,20241217,20241217,PE,2537
33573282,0002,2,,02,20241218,20241218,PA,0447
52371177,0002,2,NINE FIT ACADEMIA,02,20241218,20241218,MT,9067
58503577,0001,1,,02,20241218,20241218,PB,2051
58509569,0001,1,SLOPES LTDA,02,20241218,20241218,SP,7107
58511967,0001,1,VTS FITNESS,08,20251023,20241218,SE,3105
58518726,0001,1,FABRICA PREMIUM ALPHAVILLE,02,20241219,20241219,SP,7047
58521809,0001,1,,02,20241219,20241219,CE,1389
58521904,0001,1,A2 ACADEMIA,02,20241219,20241219,CE,1495
58522179,0001,1,DELAS SOLUCOES TECNICAS INTEGRADAS,02,20241219,20241219,PE,2521
58526759,0001,1,D. ZONA LESTE,08,20260131,20241220,PR,7667
58527671,0001,1,MASTER FIT ACADEMIA,02,20241220,20241220,MA,0104
58530576,0001,1,MOVE FITNESS ACADEMIA,02,20241220,20241220,PR,7887
58532773,0001,1,FITCROSS TRAINING,02,20241220,20241220,PE,2559
54444241,0001,1,RITMO QUENTE ACADEMIA,02,20240322,20240322,PA,0403
58553649,0001,1,ACADEMIA STEEL HORSE,02,20241226,20241226,RJ,0786
58557508,0001,1,FORTGYM,02,20241226,20241226,BA,3965
58559646,0001,1,344 ARENA PADEL,02,20241226,20241226,RS,8853
58560766,0001,1,ST MAROMBA,02,20241226,20241226,PE,2475
22064631,0002,2,AM CONSTRUCOES,02,20241230,20241230,MT,9025
58583703,0001,1,,08,20260414,20241230,MG,4701
58584031,0001,1,BRUK BAURU,02,20241230,20241230,SP,6219
58601216,0001,1,ACADEMIA ELYSIUM,02,20250102,20250102,DF,9701
58609925,0001,1,STUDIO DE PILATES TRIADA,02,20250103,20250103,SP,7245
58618544,0001,1,VIDAFIT ACADEMIA LTDA,02,20250103,20250103,PA,0411
52428643,0001,1,FITME,02,20231004,20231004,PE,2457
58636067,0001,1,ACADEMIA DVS FITNESS,02,20250106,20250106,AL,2801
58645416,0001,1,EVOLUTION GYM,02,20250106,20250106,CE,1455
58658896,0001,1,STUDIO SUELEN TORRES,02,20250107,20250107,RJ,5853
58659666,0001,1,MOVLINE PILATES,02,20250107,20250107,GO,9373
54456779,0002,2,ORTOFISIO,08,20250901,20250107,MS,9051
58664289,0001,1,ACADEMIA CORPO&MENTE,02,20250107,20250107,PR,7839
58669513,0001,1,AUTHENTIC GYM,02,20250107,20250107,SC,8243
58684402,0001,1,TATI DUTRA PILATES E FISIOTERAPIA,02,20250108,20250108,PR,7885
58690890,0001,1,ACADEMIA INOVA ITAJAI,02,20250108,20250108,SC,8161
58695692,0001,1,ACADEMIA YOUPLUS,02,20250108,20250108,MG,4069
58702485,0001,1,STUDIO VIANA MANTINI,02,20250108,20250108,MG,5155
58708752,0001,1,OKAMI SOUL,02,20250108,20250108,SP,6547
58713573,0001,1,PERFORMANCE FIT,08,20260417,20250108,PA,0463
58734277,0001,1,ACADEMIA EVOLUTION FITNESS,02,20250109,20250109,RJ,6001
58735271,0001,1,ESTUDIO ROCHA FIT,02,20250109,20250109,BA,3947
58738902,0001,1,IRON GYM,02,20250109,20250109,SP,6251
58740384,0001,1,CLUBE DE ATLETISMO CARIRI RUNNERS,02,20241223,20241223,ES,5625
58753386,0001,1,MUNDI FIT,02,20250110,20250110,SP,7107
58755909,0001,1,SAUDE CORPO E MENTE PILATES,02,20250110,20250110,RS,8963
58760797,0001,1,,02,20250110,20250110,SP,7107
58765076,0001,1,PLT PILATES,02,20250110,20250110,SP,7201
58767196,0001,1,GATOR TRAINING,02,20250110,20250110,RJ,6001
58775357,0001,1,ALFA CROSS,02,20250110,20250110,PE,2535
58803384,0001,1,,02,20250113,20250113,SP,6671
58805316,0001,1,GREENLIFE SHOPPING ALDEOTA,02,20250113,20250113,CE,1389
58813158,0001,1,FISIOTERAPEUTA MARIANA,08,20250704,20250113,PR,7425
58815784,0001,1,VINI PLENTZ ASSESSORIA DE CORRIDA,02,20250113,20250113,SC,8105
58822190,0001,1,,02,20250113,20250113,RS,8801
58837272,0001,1,ACADEMIA OPEN FITNESS,02,20250114,20250114,PR,7493
58844353,0001,1,DUO FITT & FOOD,02,20250114,20250114,MG,5035
58846151,0001,1,STUDIO SER PRIME,02,20250114,20250114,MS,9051
58848368,0001,1,CENTRO DE TREINAMENTO LE GRAND FITNESS,02,20250114,20250114,RS,8963
58849923,0001,1,NEGREIROS ACADEMIA,02,20250114,20250114,PB,2079
58850677,0001,1,PERFORMANCE ACADEMIA,02,20250114,20250114,PI,1153
58865669,0001,1,GEOVANNA ACTIVE LIFE LTDA,02,20250114,20250114,SP,7107
58878048,0001,1,M.A SPORTS SCIENCE,02,20250115,20250115,SP,7107
58880351,0001,1,,02,20250115,20250115,RS,8959
49857537,0001,1,,02,20230308,20230308,RO,0005
58880726,0001,1,AILDA KARLA PILATES E FISIOTERAPIA,02,20250115,20250115,RN,1853
58890640,0001,1,STAR TRAINING SAUDE E BEM ESTAR,02,20250115,20250115,SP,6477
58896091,0001,1,SUPERA,02,20250115,20250115,MG,5413
58901531,0001,1,STUDIO BW,02,20250115,20250115,SC,8061
58902257,0001,1,SKYFIT,02,20250115,20250115,PE,2457
58912164,0001,1,STUDIO PILATES M Z,02,20250116,20250116,MS,9073
58914520,0001,1,WORK FIT CLINICA DE PERSONAL TRAINER,02,20250116,20250116,PR,7999
58914990,0001,1,HEALTH CENTER STUDIO,02,20250116,20250116,BA,3117
58915429,0001,1,FD FITNESS,02,20250116,20250116,AL,2759
58917932,0001,1,,02,20250116,20250116,SC,8175
58921868,0001,1,STUDIO FITNESS C3,02,20250116,20250116,CE,1447
58294881,0001,1,MONSTER GYM,02,20241130,20241130,MA,0955
58929850,0001,1,BODY FITNESS,02,20250116,20250116,PR,8461
58930376,0001,1,FENIX ACADEMIA,02,20250116,20250116,PI,1039
58935406,0001,1,RAPHABORGESPERSONAL,02,20250117,20250117,SP,7107
58944201,0001,1,CENTRO DE TREINAMENTO FUNCIONAL TRAJANO,02,20250117,20250117,SC,8045
58948971,0001,1,STUDIO GO FITNESS,02,20250117,20250117,PR,7895
58958671,0001,1,ACADEMIA BODYS SPACE,02,20250117,20250117,MS,9015
58971395,0001,1,STUDIO FITNESS FISIOVIDA,02,20250120,20250120,RN,1761
58980187,0001,1,ACADEMIA TOTAL FITNESS,02,20250120,20250120,RN,1843
58985793,0001,1,CORPO FIT ACADEMIA,02,20250120,20250120,MG,4903
58986368,0001,1,M S PERSONAL,08,20250919,20250120,PR,7503
58987120,0001,1,INNOVA FIT,02,20250120,20250120,MG,5441
58991396,0001,1,,02,20250120,20250120,SP,7107
59011447,0001,1,,02,20250121,20250121,SP,6217
59013139,0001,1,,02,20250121,20250121,SP,6281
59018008,0001,1,CROSS MOVEMENT,02,20250121,20250121,MG,4895
59023808,0001,1,ACADEMIA BELLA RICO FITNESS,02,20250122,20250122,GO,9625
59024579,0001,1,,02,20250122,20250122,RS,8801
59024650,0001,1,NEW BOX MCZ,02,20250122,20250122,AL,2785
59031915,0001,1,,02,20250122,20250122,SP,6703
59031959,0001,1,IRLAN PERSONAL TRAINER LTDA,02,20250122,20250122,AM,0255
59041728,0001,1,ACTIVE SAUDE,02,20250122,20250122,SC,8173
59042666,0001,1,MARCUN FITNESS,02,20250122,20250122,SP,7107
59048690,0001,1,SELFIT PSV,02,20250123,20250123,SC,8161
59049381,0001,1,REVITALIZE PILATES E FISIOTERAPIA,02,20250123,20250123,PB,1981
29573863,0002,2,EQUILIBRIO FIGHT FIT,08,20250221,20250123,MG,4763
59051576,0001,1,PERSONAL STUDIO,02,20250123,20250123,BA,3849
59051743,0001,1,ABOAVA SAUDE E PERFORMANCE,02,20250123,20250123,SP,6569
59055291,0001,1,ACADEMIA RR FITNESS,02,20250123,20250123,SE,3169
59073515,0001,1,,02,20250124,20250124,SP,7107
59073534,0001,1,,02,20250124,20250124,PR,7535
59074254,0001,1,ACADEMIA ESPACO FITNESS,02,20250124,20250124,SP,6711
59076721,0001,1,,02,20250124,20250124,SP,6435
59077730,0001,1,SOL & PILATES ENERGIA EM EQUILIBRIO,02,20250124,20250124,SP,7107
59079382,0001,1,GUERREIRO FIT,02,20250124,20250124,BA,3669
59088827,0001,1,ACADEMIA HULK GYM,02,20250124,20250124,GO,9221
59089866,0001,1,PERFORMACE PRIME CENTRO DE TREINAMENTO,02,20250124,20250124,TO,9733
59092047,0001,1,H S STUDIO FINESS,02,20250124,20250124,MS,0143
58879613,0001,1,BRUTAS E FITNNES,02,20250115,20250115,PA,0475
59110050,0001,1,MALHA COMIGO TREINAMENTO PERSONALIZADO,02,20250127,20250127,MG,4123
49888206,0002,2,MAIS FIT CLUB ACADEMIA,02,20250127,20250127,PA,0595
59111783,0001,1,ACADEMIA META GYM,02,20250127,20250127,CE,1583
59111994,0001,1,NITRO GYM,02,20250127,20250127,SC,8183
59131605,0001,1,WK FITNESS,02,20250128,20250128,MT,8985
59136458,0001,1,RISK CONSULTORIAS,08,20250210,20250128,PR,7633
59140532,0001,1,,02,20250128,20250128,RJ,5841
59147911,0001,1,IMPERIO FITNESS,02,20250128,20250128,AC,0139
59149624,0001,1,CENTRO DE TREINAMENTO BRUNO LEANDRO,02,20250128,20250128,MG,4985
59159587,0001,1,ACADEMIA LIVE FITNESS,02,20250129,20250129,ES,5623
59160963,0001,1,,02,20250129,20250129,MG,5115
59164390,0001,1,NGE TREINAMENTOS,02,20250129,20250129,SP,6931
59165161,0001,1,BODY-WORKSHOP ACADEMIA,02,20250129,20250129,MA,0731
59169641,0001,1,,02,20250129,20250129,MG,4437
59169694,0001,1,,02,20250129,20250129,RJ,2909
58894040,0001,1,EVOLVE,02,20250115,20250115,GO,9221
55333505,0001,1,EVOLVE,02,20240529,20240529,DF,9701
59183667,0001,1,METODOLOGIA SSQ,02,20250130,20250130,PA,0595
59184492,0001,1,,02,20250130,20250130,MG,4123
59189469,0001,1,,02,20250130,20250130,PE,2531
24383320,0003,2,Z3,02,20250130,20250130,PR,7825
59194448,0001,1,,02,20250130,20250130,RS,8845
54223366,0002,2,LOUNGE FIT,02,20250130,20250130,RR,0301
59200475,0001,1,,02,20250130,20250130,BA,3515
59206572,0001,1,,02,20250131,20250131,PR,7541
59207620,0001,1,,02,20250131,20250131,MG,5239
59214383,0001,1,,02,20250131,20250131,BA,3849
59216505,0001,1,VIC SMART EVOLUTION,02,20241129,20241129,TO,9733
59221924,0001,1,FV SAUDE E MOVIMENTO,02,20250131,20250131,SP,7107
59223129,0001,1,ANDERSON CONRADO TRANSFORMANDO VIDA,02,20250131,20250131,SP,0796
59225527,0001,1,ATHON CONSULTORIA E TREINAMENTO,02,20250131,20250131,SC,8327
59226484,0001,1,STUDIO LP,02,20250131,20250131,MS,9805
59232399,0001,1,,02,20250201,20250201,CE,1239
59240401,0001,1,VITALE - PERFORMANCE E SAUDE,02,20250203,20250203,RJ,5909
59243033,0001,1,STUDIO DE DANCAS RS,02,20250203,20250203,SP,6789
59245734,0001,1,TOP FITNESS CASTANHAL,02,20250203,20250203,PA,0447
59246478,0001,1,,02,20250203,20250203,SC,8127
55874179,0001,1,NANDO BILK CENTRO DE TREINAMENTO AVANCADO,02,20240710,20240710,SC,8179
59269248,0001,1,ACADEMIA BEM ESTAR 2,02,20250204,20250204,SE,3169
59275212,0001,1,ACADEMIA BOA FORMA,02,20250204,20250204,ES,0758
59279306,0001,1,PRO ATIVA FITNESS,02,20250204,20250204,RS,1130
59280317,0001,1,OHANA PILATES STUDIO,02,20250204,20250204,PR,7535
59289513,0001,1,SMARTFIT,02,20250204,20250204,BA,3965
59290484,0001,1,STUDIO EXERCITIUM,02,20250204,20250204,MG,4643
59295373,0001,1,OVERALL ACADEMIA,02,20250205,20250205,CE,1427
59304332,0001,1,TREINAMENTO FLORENAL,02,20250205,20250205,RS,8785
59305211,0001,1,,02,20250205,20250205,SC,8047
59305301,0001,1,GRUPO FABRICA,02,20250205,20250205,MG,5155
58664849,0001,1,ACADEMIA ESPACO FITNESS,02,20250107,20250107,SP,7273
59319785,0001,1,ACADEMIA MELHORIDADE TAGPAR,02,20250206,20250206,GO,9373
59320972,0001,1,CROSSFIT ALADOS,02,20250206,20250206,SP,6179
59323357,0001,1,STUDIO EQUILIBRIO,02,20250206,20250206,MG,4617
59324498,0001,1,G2 FIT,02,20250206,20250206,BA,3833
59341397,0001,1,ESPACO GAMA,02,20250207,20250207,MG,4743
59349742,0001,1,,02,20250207,20250207,BA,3479
59353554,0001,1,,02,20250207,20250207,SP,6323
59370764,0001,1,BRITOS CONSULTORIA E NUTRICAO,02,20250210,20250210,SP,7115
45497290,0002,2,,08,20260603,20250210,PE,2369
59387247,0001,1,VFIT ACADEMIA,02,20250210,20250210,BA,3515
59399944,0001,1,,02,20250211,20250211,SP,6717
59405268,0001,1,,02,20250211,20250211,MG,5441
59421174,0001,1,CROSSFIT CORONEL,02,20250212,20250212,SC,8047
59423297,0001,1,VILAR NOVO GAMA,02,20250212,20250212,GO,1058
59428762,0001,1,,02,20250212,20250212,MG,4723
59436506,0001,1,JOANNA MYNARSKI PERSONAL TRAINER 60+ E PALESTRAS,02,20250212,20250212,SC,8081
55008941,0001,1,,02,20240506,20240506,RJ,5807
59458144,0001,1,STUDIO PALOMA MIOTO LTDA,02,20250213,20250213,PR,7973
59459943,0001,1,VIDA ATIVA,02,20250213,20250213,MG,4051
59461776,0001,1,BEST SHAPE FITNESS,02,20250213,20250213,PA,0427
59464943,0001,1,INFITNESS ACADEMIA,02,20250214,20250214,GO,9373
59465845,0001,1,ESTUDIO VILAR PERSONAL,02,20250214,20250214,RJ,6001
48417501,0001,1,MOVIMENT FITNESS,02,20221026,20221026,RN,1837
59482556,0001,1,+ ATIVA,02,20250214,20250214,CE,1401
59498101,0001,1,AL PERSONAL TRAINER,02,20250217,20250217,PA,0427
59501857,0001,1,PRO GYM ACADEMIA,02,20250217,20250217,SP,6291
59502051,0001,1,HB FITNESS ACADEMIA,02,20250217,20250217,PI,0386
59508445,0001,1,,02,20250217,20250217,PR,7825
59508673,0001,1,,02,20250217,20250217,SP,6219
58001313,0002,2,,02,20250217,20250217,SP,7107
59515755,0001,1,ACADEMIA BELA FORMA,02,20250217,20250217,MA,0799
59517745,0001,1,FIT 20 EMS,02,20250218,20250218,PR,7563
59519908,0001,1,AR + ZEN,02,20250218,20250218,CE,1389
59523059,0001,1,MEGAFIT ACADEMIA,02,20250218,20250218,SC,8179
59524789,0001,1,ACADEMIA SUMMER FITNESS,02,20250218,20250218,SP,6311
59530646,0001,1,REDFIT,02,20250218,20250218,CE,1495
59530794,0001,1,POWER GYM FITNESS LTDA,02,20250218,20250218,AM,0255
59531386,0001,1,STUDIO FUNCIONAL NUMBER ONE,02,20250218,20250218,PA,0415
59532301,0001,1,,02,20250218,20250218,MG,4417
59536932,0001,1,ACADEMIA RACA FITNESS,02,20250218,20250218,RN,1779
59541942,0001,1,,02,20250219,20250219,PI,1165
59544862,0001,1,OMEGA FITNESS,02,20250219,20250219,AL,2853
59549947,0001,1,STUDIO NEW MOV,02,20250219,20250219,MS,9051
50867172,0001,1,STUDIO TRANSFORMAFIT,02,20230530,20230530,GO,9633
59555034,0001,1,NEUROPERSONAL,02,20250219,20250219,SP,7075
59561333,0001,1,STUDIO TITAN FITNESS,02,20250219,20250219,PE,2499
59562691,0001,1,BR ACADEMIA,02,20250220,20250220,PA,0445
59574927,0001,1,STUDIO DE PILATES DANDARA CERQUEIRA,02,20250220,20250220,BA,3875
59576005,0001,1,,02,20250220,20250220,SC,8291
53462903,0001,1,STUDIO GUTO LOPES PERSONALIZADO PREMIUM,08,20250314,20240111,PA,0427
59584878,0001,1,P&J PERSONAL TRAINING,02,20250221,20250221,SP,7107
59586377,0001,1,SALUS PILATES E FISIOTERAPIA,02,20250221,20250221,MA,0803
59586764,0001,1,JW PRIME FITNESS,02,20250221,20250221,SP,6213
59587297,0001,1,SKYFIT IBITINGA,02,20250221,20250221,SP,6493
59587930,0001,1,STUDIO FITNESS,02,20250221,20250221,PB,1995
59591642,0001,1,FLOW,02,20250221,20250221,SP,6181
59595856,0001,1,CACTUS,08,20250228,20250221,PR,7669
59600396,0001,1,ARENA FITNESS MAIOBAO,02,20250221,20250221,MA,0849
59603528,0001,1,HARMONIA E EQUILIBRIO STUDIO,02,20250221,20250221,BA,3849
59603999,0001,1,LILLO SPORTS,08,20260202,20250221,PE,2513
58039957,0001,1,,02,20241108,20241108,PR,7535
59630738,0001,1,PERFECT BODY CT,02,20250224,20250224,RJ,6001
59634433,0001,1,MARI PERSONAL TRAINER,02,20250224,20250224,SC,8105
59637621,0001,1,CUIDARTE,02,20250225,20250225,MG,4123
59640285,0001,1,ULTRA FITNESS,02,20250225,20250225,DF,9701
59647616,0001,1,STRONGER FITNESS ACADEMIA,02,20250225,20250225,BA,3539
59649212,0001,1,DOCTOR FIT SALVADOR,02,20250225,20250225,BA,3849
59654511,0001,1,,02,20250225,20250225,SP,6601
59665988,0001,1,WS METALURGICA,02,20250226,20250226,BA,3909
59666508,0001,1,NATARE,02,20250226,20250226,SC,8343
59675607,0001,1,,02,20250226,20250226,RS,8593
59675743,0001,1,PRO FIT,02,20250226,20250226,GO,9755
59675914,0001,1,,02,20250226,20250226,RS,8541
57597067,0001,1,WL FITNESS,02,20241008,20241008,BA,3515
59686021,0001,1,STUDIO PERFORMANCE,02,20250227,20250227,MS,9065
59687008,0001,1,FABRICA PREMIUM VILA OLIMPIA,02,20250227,20250227,SP,7107
59688760,0001,1,CFS COMPLEXO FITNESS,02,20250227,20250227,RS,8919
59694246,0001,1,,02,20250227,20250227,MG,4553
59694573,0001,1,,02,20250227,20250227,PR,7607
21544420,0003,2,,02,20250227,20250227,SP,7071
32284758,0002,2,ACADEMIA ALLIANZ FITNESS,02,20250227,20250227,TO,9311
59697431,0001,1,,02,20250227,20250227,SP,6251
59697944,0001,1,,02,20250227,20250227,SP,6671
59701642,0001,1,SINOPOLI SAUDE,02,20250227,20250227,SP,7057
59704161,0001,1,VIDA SAUDAVEL,02,20250228,20250228,TO,0351
59705164,0001,1,YTR FUNCIONAL E CONDICIONAMENTO,02,20250228,20250228,MG,4985
59709327,0001,1,EXPERT TRAINER STUDIO,02,20250228,20250228,SP,6291
59711315,0001,1,,02,20250228,20250228,SP,6291
59711632,0001,1,MAMAE DYNAMO,02,20250228,20250228,MG,4733
59713371,0001,1,ACADEMIA POWER FITNESS,02,20250228,20250228,BA,3969
59736002,0001,1,,02,20250304,20250304,SC,8379
59746625,0001,1,CENTRAL FIT ACADEMIA,02,20250305,20250305,AC,0157
59538554,0001,1,CONECTAFLOW,02,20250218,20250218,RS,8511
59214599,0001,1,ESPACO TREINO EM CASA,02,20250131,20250131,TO,0329
59761509,0001,1,MARIANNA PERSONAL,02,20250306,20250306,RJ,6001
50097489,0001,1,MV2,02,20230327,20230327,SC,8105
59765664,0001,1,CENTRO DE TREINAMENTO ADRENALINA,02,20250306,20250306,GO,9625
59767322,0001,1,FIT TRAINING,02,20250306,20250306,PR,5515
59768360,0001,1,OLIVIERE FIT,02,20250306,20250306,AL,2741
59771506,0001,1,RED LION CROSS TRAINING,02,20250306,20250306,RS,8933
48009692,0001,1,JF - SAUDE E ALTA PERFOMANCE,02,20220920,20220920,MA,0921
59782222,0001,1,CROSS TAURUS,02,20250307,20250307,PR,7535
59782715,0001,1,ISAD FIT,02,20250307,20250307,DF,9701
59785975,0001,1,ARTHUR FAGUNDES PERSONAL TRAINER,02,20250307,20250307,SP,6969
44019577,0001,1,,02,20211026,20211026,SP,6969
52432889,0001,1,EVO FIT,02,20231005,20231005,MG,4059
53155449,0002,2,STYLEFIT 2.0,08,20260114,20250310,PA,0411
59813784,0001,1,,02,20250310,20250310,SP,7079
59821112,0001,1,STUDIO REINO DOS LEOES,02,20250310,20250310,SP,6429
59826847,0001,1,B!MOVE,02,20250310,20250310,SP,7107
22975156,0002,2,,02,20250311,20250311,MG,4919
59834839,0001,1,LIFE STYLE,02,20250311,20250311,RS,8801
59839757,0001,1,SKY FIT VILA ROMANA,02,20250311,20250311,SP,6251
59841150,0001,1,STUDIO LEYDE DAIANA,08,20260224,20250311,PI,1167
51241829,0002,2,SIMPLIFIT ACADEMIAS KENNEDY,02,20250311,20250311,PI,1219
13396172,0040,2,,02,20250311,20250311,RS,8801
59853425,0001,1,SUPERACAO ASSESSORIA ESPORTIVA,08,20260317,20250312,RJ,5899
59853675,0001,1,BOM DIA PILATES,02,20250312,20250312,DF,9701
59854028,0001,1,,02,20250312,20250312,SP,6607
59857829,0001,1,ANGELS OF THE NIGHT MENTORING,02,20250312,20250312,RS,8801
59858148,0001,1,ABEL VICENTE PERSONAL,02,20250312,20250312,PI,1219
59860608,0001,1,EDUCACAO EM MOVIMENTO,02,20250312,20250312,RS,8801
59868756,0001,1,STUDIO VITTA,02,20250312,20250312,MG,4285
59879289,0001,1,ACADEMIA BELA FORMA,08,20260528,20250313,BA,3861
59888929,0001,1,TNF ESPORTES BEM-ESTAR E ACADEMIA DE GINASTICA,02,20250313,20250313,SP,6425
59890619,0001,1,ESSENCIA PILATES,02,20250313,20250313,PR,7535
59891255,0001,1,ESTUDIO DE PILATES JOYCE LOPES,02,20250313,20250313,GO,9373
59895731,0001,1,LUCAS MELLO CTHF,02,20250313,20250313,SC,8233
59896628,0001,1,RUNNERS SUZANO,02,20250313,20250313,SP,7151
59897541,0001,1,CFBX NORTE,02,20250314,20250314,SC,8081
07665531,0002,2,,02,20250314,20250314,RS,8841
59903166,0001,1,PB NOVA ANDRADINA,02,20250314,20250314,MS,9123
59903826,0001,1,MH TEAM,02,20250314,20250314,MG,4123
59905217,0001,1,PRO EQUILIBRIUM PILATES,02,20250314,20250314,PE,2531
59910128,0001,1,STARFIT,02,20250314,20250314,MT,8989
59926728,0001,1,YARA RODRIGUES,02,20250317,20250317,SP,6239
59934725,0001,1,FLORESCER CLINICA E PILATES,02,20250317,20250317,MG,4185
59942341,0001,1,,02,20250317,20250317,PR,7535
59946212,0001,1,,02,20250317,20250317,SP,6639
59947279,0001,1,BALISTA FIT,02,20250318,20250318,SP,6395
59947625,0001,1,CIA DO EXERCICIO,02,20250318,20250318,MG,5373
59947855,0001,1,STUDIO ARFIT,08,20251106,20250318,BA,3515
59948892,0001,1,BELEM LABORAL BEM ESTAR CORPORATIVO,02,20250318,20250318,PA,0427
59949004,0001,1,CAMPOS POWER BOX,02,20250318,20250318,ES,5705
59953751,0001,1,LARI WELLNESS,02,20250318,20250318,SP,7057
59957335,0001,1,INFINITY ACADEMIA,02,20250318,20250318,MA,0877
59959806,0001,1,STUDIO IN PRIME,02,20250318,20250318,RJ,5865
59963791,0001,1,ONFIT,02,20250318,20250318,AM,0239
59973277,0001,1,PERSONAL YMS,02,20250319,20250319,SP,7107
22902694,0136,2,,02,20250319,20250319,MT,9067
59983513,0001,1,,02,20250319,20250319,SP,7107
59989207,0001,1,ESPACO CLINICO EVIDENCE - PILATES E FISIOTERAPIA,02,20250319,20250319,GO,9373
59991251,0001,1,TOCA DO URSO MONTE AZUL,02,20250320,20250320,MG,4857
60005908,0001,1,ESPACO CATIVAR - PILATES ESTUDIO,02,20250320,20250320,TO,9559
60008143,0001,1,CHECK-IN PILATES SACOMA,02,20250320,20250320,SP,7107
60015940,0001,1,,02,20250115,20250115,RS,8815
60016260,0001,1,,08,20250808,20240820,SC,8137
60016436,0001,1,,02,20241206,20241206,RS,8957
60032791,0001,1,MUSEU PILATES,02,20250322,20250322,SP,7107
60043415,0001,1,MOVI&MENTE PILATES STUDIO INTEGRADO,02,20250324,20250324,SC,8047
60047950,0001,1,TF STRONG TRAINING,08,20250731,20250324,RS,8801
60050506,0001,1,ON GROW ASA SUL,02,20250324,20250324,DF,9701
60059317,0001,1,ACADEMIA STARFIT,02,20250324,20250324,AM,0255
60060752,0001,1,LR SAUDE E CONDICIONAMENTO FISICO,02,20250324,20250324,RJ,6001
48143339,0003,2,,02,20250324,20250324,RO,0003
60062948,0001,1,PERFORMANCE FITNESS CLUB,02,20250324,20250324,PE,2517
60068028,0001,1,FORTE GYM,02,20250325,20250325,PR,7435
59663417,0002,2,,02,20250226,20250226,RJ,5883
60074980,0001,1,,02,20250325,20250325,SP,7265
60077081,0001,1,DS NUCLEO DE GINASTICA,02,20250325,20250325,RJ,6001
07594978,0693,2,,02,20250325,20250325,SP,7075
07594978,0702,2,,02,20250325,20250325,RJ,6001
07594978,0706,2,,02,20250325,20250325,RN,1761
60078668,0001,1,ROTHA ACADEMIA,02,20250325,20250325,PB,2051
60078744,0001,1,STUDIO DE PILATES OSMARIO FILHO,02,20250325,20250325,BA,3849
60079849,0001,1,VOLL STUDIOS SAO CAETANO DO SUL UNIDADE 2,02,20250325,20250325,SP,7077
60083372,0001,1,ALLP FIT ACADEMIA,02,20250325,20250325,SP,6425
60084004,0001,1,,02,20250325,20250325,BA,3089
60087427,0001,1,ESPACO L9,02,20250326,20250326,RS,8749
60097600,0001,1,ACADEMIA VIDA PLENA,02,20250326,20250326,BA,3849
60097619,0001,1,BORGES GYM ACADEMIA,02,20250326,20250326,SP,6665
60105917,0001,1,,02,20250326,20250326,SP,6875
60111871,0001,1,,08,20250711,20250327,SP,7097
60118778,0001,1,PROF1 ACADEMIA,02,20250327,20250327,CE,1447
60123751,0001,1,EVOLVE,02,20250327,20250327,DF,9701
60125425,0001,1,GUSTAVO LEDO CT,02,20250327,20250327,RS,8815
60128710,0001,1,BESTFIT ACADEMIA BATISTA CAMPOS,02,20250327,20250327,PA,0427
60134144,0001,1,,08,20260206,20250328,BA,3849
60134383,0001,1,TIGER GYM ACADEMIA,02,20250328,20250328,MT,9151
60135047,0001,1,M KRAUSE FITNESS,02,20250328,20250328,SP,7107
46262071,0001,1,L2 TREINAMENTOS,08,20250401,20220504,ES,5705
60142632,0001,1,MY BOX TUPA,02,20250328,20250328,SP,7201
16982379,0002,2,CALI'S FIT ACADEMIA,02,20250328,20250328,SP,6477
60145142,0001,1,,02,20250328,20250328,RS,8963
60145624,0001,1,,02,20250328,20250328,CE,1389
60146033,0001,1,,02,20250328,20250328,SP,7107
42490020,0005,2,,02,20250329,20250329,RS,8443
60159222,0001,1,PANOBIANCO SAO SEBASTIAO,02,20250331,20250331,DF,9701
60160217,0001,1,SKY FIT PORTAL SUL SHOPPING,02,20250331,20250331,GO,9373
44934782,0001,1,C.T. MEDIANEIRA,02,20220119,20220119,RS,8841
60163249,0001,1,STUDIO MOVEMENT,02,20250331,20250331,GO,9301
60166632,0001,1,,02,20250331,20250331,GO,9425
60173163,0001,1,SL INFINITY,02,20250331,20250331,SP,7107
60174985,0001,1,BD TREINAMENTO FISICO FUNCIONAL,02,20250331,20250331,SC,8357
53589629,0001,1,DUFIT CENTRO DE TREINAMENTO,02,20240122,20240122,MG,4863
60179814,0001,1,CLINICA VITA VINCI,02,20250401,20250401,PA,0427
44062983,0002,2,,02,20250402,20250401,SP,7057
60184558,0001,1,ALLP FIT PERNAMBUES,02,20250401,20250401,BA,3849
60190015,0001,1,CLINICA DO MOVIMENTO,02,20250401,20250401,PR,7483
50112723,0001,1,CENTRO DE TREINAMENTO HEALTH,02,20230328,20230328,BA,3849
60205373,0001,1,,02,20250402,20250402,SP,7183
60216333,0001,1,PHD SPORTS TELEMACO BORBA,02,20250402,20250402,PR,7915
60218345,0001,1,,02,20250402,20250402,CE,1279
60229512,0001,1,ACADEMIA SPORT FITNESS,02,20250403,20250403,RN,1847
60230383,0001,1,ACADEMIA CORPO EM MOVIMENTO,02,20250403,20250403,RJ,5819
53648931,0001,1,STUDIO JACKY ALCNTARA,02,20240125,20240125,SP,6873
60239726,0001,1,ACADEMIA LOBO DE EDEN,02,20250403,20250403,RJ,5901
60245830,0001,1,ACADEMIA BIOFISIC GUARA DOIS,02,20250404,20250404,SP,6469
60245939,0001,1,ACADEMIA EXTREME CT RJ,02,20250404,20250404,PB,1995
54034709,0001,1,TOP 1 ACADEMIA FITNESS,02,20240223,20240223,PB,1961
60254896,0001,1,TOPFITNESS ACADEMIA,02,20250404,20250404,CE,1549
60255396,0001,1,FISIOFIX PILATES E FISIOTERAPIA,02,20250404,20250404,MA,0921
60258234,0001,1,STUDIO LAIS SOARES,02,20250404,20250404,MG,2673
60273626,0001,1,,02,20250407,20250407,MG,5091
60278558,0001,1,ACADEMIA ONIX KM,02,20250407,20250407,BA,3433
45929175,0001,1,,02,20220406,20220406,SP,6601
60296598,0001,1,BRUFIT,02,20250408,20250408,SP,6477
60298474,0001,1,VIVERSAUDE FISIOTERAPIA E PILATES,02,20250408,20250408,SP,6291
55930783,0001,1,,08,20250408,20240715,SP,6313
60310334,0001,1,ACADEMIA IRON SIDE,02,20250408,20250408,SP,7099
60312708,0001,1,MNHT CONSULTORIA ESPORTIVA,02,20250408,20250408,PA,0427
52005622,0001,1,QUALITY FIT,02,20230830,20230830,PB,2179
60321730,0001,1,MAVISFIT,02,20250409,20250409,ES,5683
60321850,0001,1,RADICAL FITNESS,02,20250409,20250409,MA,0803
60322163,0001,1,,02,20250409,20250409,PR,7749
60334891,0001,1,,02,20250409,20250409,MG,5427
60335652,0001,1,STUDIO DIEGO DANIEL,02,20250409,20250409,MG,4799
60345546,0001,1,GRECIA ACADEMIA,02,20250410,20250410,PE,2521
60346718,0001,1,STUDIO DOSE DUPLA-TREINAMENTO FUNCIONAL,02,20250410,20250410,SP,6311
60348028,0001,1,PANOBIANCO BELAS ARTES - ITANHAEM,02,20250410,20250410,SP,6543
60348396,0001,1,SKYFIT,02,20250410,20250410,GO,9221
60348881,0001,1,,02,20250410,20250410,SP,7099
60350787,0001,1,PIZA TERCEIRIZACOES,02,20250410,20250410,SP,6131
60351375,0001,1,,02,20250410,20250410,RS,8801
52575092,0001,1,,02,20231018,20231018,SP,7107
60364923,0001,1,ZOEFIT,08,20260528,20250411,CE,0985
60369364,0001,1,,02,20250411,20250411,SP,6639
60373702,0001,1,POLO FITNESS,02,20250411,20250411,BA,3945
60388810,0001,1,ACADEMIA BOA FORMA,02,20250414,20250414,BA,3729
60390833,0001,1,STUDIO PILATES P2,02,20250414,20250414,SP,7107
60409033,0001,1,,02,20250415,20250415,SP,6475
54284098,0001,1,LONG LIFE ACADEMIA FEMININA,02,20240312,20240312,PR,7523
60412306,0001,1,STUDIO DE PILATES E FISIOTERAPIA SILVANA EDUARDO,02,20250415,20250415,CE,1495
59949012,0001,1,CT JEAN FRANCKLIN PERSONAL,02,20250318,20250318,MS,9041
59970476,0001,1,ACADEMIA BODY FIT,02,20250319,20250319,BA,3873
60427019,0001,1,FITNESS CLUB,02,20250416,20250416,BA,3721
60429559,0001,1,ACADEMIA LUTA E CIA,02,20250416,20250416,GO,1052
60440610,0001,1,ESPACO VALERIA LEMOS PILATES FISIOTERAPIA E ESTETICA,02,20250416,20250416,MG,4869
60441483,0001,1,MD FITNESS ACADEMIA,02,20250416,20250416,AL,0971
60446395,0001,1,FIT CLUB,02,20250417,20250417,TO,9341
44743421,0001,1,CROSS PONTA CLUB,02,20220105,20220105,ES,5703
60449149,0001,1,DL FORCA & SAUDE,02,20250417,20250417,BA,3949
60455365,0001,1,MOVIMENTE-SE,02,20250417,20250417,PI,1043
60464885,0001,1,STUDIO MAISA COELHO PILATES E FISIOTERAPIA,02,20250419,20250419,MG,5249
60465642,0001,1,ROCHA TRAINING,08,20250514,20250419,BA,3685
60465985,0001,1,BEM ESTAR ACADEMIA,02,20250420,20250420,MG,4763
49746918,0001,1,CENTRO FISICO VISUAL FITNESS,02,20230228,20230228,BA,3615
60486110,0001,1,STUDIO VELOCITY CASA FORTE,02,20250422,20250422,PE,2531
60486633,0001,1,,02,20250422,20250422,SP,7107
60488833,0001,1,ACADEMIA POWER ON,02,20250422,20250422,MT,8999
60495768,0001,1,JOAO PAULO PERSONAL TRAINER,02,20250423,20250423,SE,3169
60508865,0001,1,,02,20250423,20250423,SP,6273
60509332,0001,1,MAX EVOLUTION,02,20250423,20250423,MG,4657
60509897,0001,1,ESTUDIO ESPARTA,02,20250423,20250423,PR,7777
60511569,0001,1,VITA BEACH FUNCIONAL,02,20250423,20250423,PR,7535
60512652,0001,1,ACADEMIA MAIS PERFORMANCE,02,20250423,20250423,PA,0529
60520626,0001,1,PEOPLE LIFE STUDIO,02,20250424,20250424,RJ,5819
60524879,0001,1,ESTUDIO ELAS,02,20250424,20250424,ES,5611
60533815,0001,1,HYPE FIT,02,20250424,20250424,AM,0255
54102662,0001,1,ALLP FIT,02,20240228,20240228,ES,5703
60549983,0001,1,,02,20250425,20250425,MG,5441
60551635,0001,1,SEVEN BY SEVEN,02,20250425,20250425,MG,4123
59176556,0001,1,STUDIO JAM PILATES,08,20250425,20250129,MG,5343
60555459,0001,1,,02,20250425,20250425,SP,7121
60134070,0001,1,RED JAVA CANOAS,02,20250328,20250328,RS,8589
60069210,0001,1,,02,20250325,20250325,RN,1759
59893114,0001,1,CARDOSO STUDIO E PERFORMANCE,02,20250313,20250313,SC,8265
60557174,0001,1,SANTERAMO PILATES,02,20250426,20250426,SP,7107
60558042,0001,1,,02,20250426,20250426,SP,6155
60576721,0001,1,,02,20250428,20250428,MS,9063
60578158,0001,1,MAIS PERFORMANCE,02,20250428,20250428,SC,8175
40627257,0002,2,BELLAFORMA ACADEMIA,02,20250428,20250428,BA,3663
60583183,0001,1,BIO ACADEMIA,02,20250428,20250428,MG,4877
60589343,0001,1,,02,20250429,20250429,RS,8841
60604184,0001,1,,02,20250429,20250429,MG,5403
60614874,0001,1,,02,20250430,20250430,SP,6979
60620013,0001,1,STUDIO VT,02,20250430,20250430,MT,9067
60620223,0001,1,PRO TRAINING & RECOVERY,02,20250430,20250430,MG,4895
60624766,0001,1,PORTO FIT,02,20250430,20250430,SE,3211
60628527,0001,1,ALPHA GYM,02,20250430,20250430,SC,8245
60644686,0001,1,ACADEMIA LUCIANA CAMPOS,02,20250502,20250502,PE,2451
60646927,0001,1,GRUPO DO BAY,02,20250502,20250502,SC,8055
60662438,0001,1,GYM FIT EVOLUTION,02,20250505,20250505,PB,1981
60662554,0001,1,FRAN BERTE PILATES,02,20250505,20250505,RS,6033
60665061,0001,1,,02,20250505,20250505,MG,4553
60667537,0001,1,ACADEMIA POINT FITNESS,02,20250505,20250505,MG,4381
60673238,0001,1,ALLP FIT ACADEMIA,02,20250505,20250505,MG,5049
60683764,0001,1,SKYFIT SAO SEBASTIAO DO PARAISO,02,20250506,20250506,MG,5293
60694744,0001,1,SELFIT BACABAL,02,20250506,20250506,MA,0723
60694849,0001,1,,02,20250506,20250506,PR,7535
24395830,0021,2,FORCE ONE MARKETING,02,20250507,20250507,PR,7505
60704779,0001,1,A FORJA CROSS,02,20250507,20250507,RS,8901
60705446,0001,1,FE2PERSONAL,02,20250507,20250507,RJ,6001
60715096,0001,1,SPARTA ACADEMIA,02,20250507,20250507,PA,0503
60716595,0001,1,,08,20251107,20250507,SP,6155
53697541,0001,1,ACADEMIA SAUDE E BEM ESTAR,02,20240129,20240129,SP,6537
60722056,0001,1,ZENON ACADEMIA,02,20250507,20250507,PE,2513
49816816,0001,1,FOCUS GYM,02,20230306,20230306,PA,0447
60734569,0001,1,ACADEMIA MUSKULOS,02,20250508,20250508,DF,9701
56169081,0002,2,FIT SPACE,02,20250508,20250508,MG,5359
60736799,0001,1,G C SUPLEMENTOS E EDUCADOR FISICO,08,20260220,20250508,CE,1471
60737030,0001,1,ACADEMIA PERFORMANCEFIT,02,20250508,20250508,RN,1731
60738890,0001,1,,02,20250508,20250508,RS,8801
60753323,0001,1,SKY FIT INHUMAS,02,20250509,20250509,GO,9395
60757434,0001,1,MOVIMENTE,02,20250509,20250509,SC,8325
60763480,0001,1,,02,20250509,20250509,PR,7691
07594978,0709,2,,02,20250512,20250512,SP,7183
60780419,0001,1,URBANFIT ACADEMIA,02,20250512,20250512,RJ,6001
60781826,0001,1,CIA FIT,02,20250512,20250512,PE,2531
60788237,0001,1,FFREITAS FITNESS,02,20250512,20250512,BA,3685
60795196,0001,1,ESPACO FIT1 ACADEMIA,02,20250513,20250513,CE,1493
60796183,0001,1,ESPACO SER SAUDAVEL SAUDE E PERFORMANCE,02,20250513,20250513,MG,4537
60804046,0001,1,AS CLINIC IN FIT,02,20250513,20250513,SP,7245
60807522,0001,1,INFINITE BRAND LTDA,02,20250513,20250513,SP,6361
40865448,0002,2,ACADEMIA FORMA FIT,02,20250514,20250514,BA,3521
48051969,0001,1,MOVICORP,02,20220922,20220922,RS,5797
60821753,0001,1,DWT SERVICOS,02,20250514,20250514,MA,0921
54984581,0001,1,IMPACTO FIT,02,20240503,20240503,PB,2161
60827973,0001,1,V&P MASTER FIT,02,20250514,20250514,SC,8397
60830200,0001,1,SOMA CYCLE & CORE,02,20250514,20250514,PR,7535
60838466,0001,1,,02,20250515,20250515,SP,6377
60841200,0001,1,BIG FIT,02,20250515,20250515,BA,3399
60844588,0001,1,,02,20250515,20250515,RS,8755
60846174,0001,1,,02,20250515,20250515,SP,7107
52008820,0001,1,EQUILIBRIO E MOVIMENTO,02,20230830,20230830,GO,9373
22902694,0139,2,,02,20250515,20250515,PE,2629
60854787,0001,1,CENTERFIT CENTRO DE TREINAMENTO,02,20250515,20250515,SC,5545
50351831,0001,1,SKY BOX,08,20240801,20230417,PE,2443
60866770,0001,1,ACADEMIA VIDA & SAUDE,02,20250516,20250516,GO,9625
60868030,0001,1,ACADEMIA GAVIOES,02,20250516,20250516,SP,7107
60868786,0001,1,START SPORTS,02,20250516,20250516,RS,8801
60869689,0001,1,MACHINE FIT ACADEMIA,02,20250516,20250516,RS,8841
60912262,0001,1,FENIX CROSS BOX,02,20250520,20250520,PA,0551
60926955,0001,1,FITFLY ACADEMIA,02,20250521,20250521,MG,4423
60928052,0001,1,,02,20250521,20250521,CE,1353
60934752,0001,1,STRONG FITNESS CENTRO DE TREINAMENTO,02,20250521,20250521,MG,4877
60936080,0001,1,,02,20250521,20250521,SP,7113
60940006,0001,1,CLASS PILATES E FISIOTERAPIA,02,20250521,20250521,SP,6713
60940670,0001,1,PR1ME FIT ACADEMIA,02,20250521,20250521,RS,8785
60952147,0001,1,FABI SOUZA PILATES,02,20250522,20250522,MG,4625
60962060,0001,1,,02,20250522,20250522,SP,6425
60963180,0001,1,CAREHUB STUDIO,02,20250522,20250522,SP,7145
60963189,0001,1,,08,20251202,20250522,MT,1088
60964320,0001,1,TERRACO FITNESS,02,20250522,20250522,PA,0427
60965854,0001,1,,02,20250522,20250522,PR,7495
51458600,0001,1,SKYFIT ACADEMIA - UNIDADE JUNDIAI,02,20230718,20230718,SP,6619
60966177,0001,1,SKYFIT UTINGA,02,20250522,20250522,SP,7057
60969081,0001,1,CC FITNESS,02,20250523,20250523,PA,0445
60974127,0001,1,BODYMAX,02,20250523,20250523,CE,1319
60975484,0001,1,SPORT MUSCLE,02,20250523,20250523,GO,9489
32883601,0002,2,,02,20250523,20250523,GO,9677
60982225,0001,1,,02,20250523,20250523,RN,1847
60798408,0001,1,CONNECT BODY,02,20250513,20250513,RN,1639
60995853,0001,1,ELEVE TREINAMENTO PERSONALIZADO,02,20250526,20250526,RS,8805
61000094,0001,1,DANILO GANDRA BATISTA,02,20250523,20250523,SP,7075
61001388,0001,1,TM LTDA,02,20250526,20250526,PE,2531
29553919,0002,2,BIOFIT ACADEMIA,02,20250526,20250526,PA,0048
61011628,0001,1,CTLRD,02,20250526,20250526,PA,0633
61012422,0001,1,VILLA FIT ACADEMIA,02,20250526,20250526,PE,2639
61020832,0001,1,NUTRIMOVE SAUDE E ESTETICA CORPORAL,02,20250527,20250527,SP,6979
61025576,0001,1,,02,20250527,20250527,SP,7107
61026721,0001,1,,02,20250527,20250527,SP,7107
61034349,0001,1,TOP UP TIANGUA,02,20250527,20250527,CE,1569
61036490,0001,1,,02,20250528,20250528,BA,3825
61046952,0001,1,C T PEREIRA ARTES MARCIAIS,02,20250528,20250528,BA,3413
61047662,0001,1,ESTUDIO QUALIVIDA,02,20250528,20250528,RJ,6001
61050983,0001,1,,02,20250528,20250528,SP,7107
61056332,0001,1,VITAL ACADEMIA,02,20250528,20250528,MA,0749
48762417,0001,1,EXPLOD GYM,02,20221130,20221130,PI,1077
61058431,0001,1,FULL BODY ACADEMIA,02,20250529,20250529,PR,7499
61059513,0001,1,,02,20250529,20250529,MG,4553
48003011,0001,1,ACADEMIA CT PRO - CENTRO DE TREINAMENTO AVANCADO,02,20220919,20220919,MA,0785
61069666,0001,1,SPCROSS DUTRA LTDA,02,20250529,20250529,SP,7107
61071761,0001,1,ANDERSON MATOS TREINADOR,02,20250529,20250529,BA,3849
55626242,0001,1,CHRONUS TREINAMENTO E REABILITACAO,02,20240621,20240621,MG,5035
61077142,0001,1,,02,20250530,20250530,DF,9701
61090683,0001,1,DANYFITNESS,02,20250530,20250530,PE,2449
61092430,0001,1,EXCLUSIVE TRAINING FITNESS,02,20250531,20250531,SP,7107
61101090,0001,1,,02,20250602,20250602,SP,6281
61114622,0001,1,ESTUDIO DE PILATES ALINE GLOGER BRUM,02,20250602,20250602,BA,3849
61115935,0001,1,,02,20250602,20250602,PR,7607
61128378,0001,1,,04,20260529,20250603,CE,1479
61135774,0001,1,CENTER FIT ACADEMIA,02,20250603,20250603,GO,9571
61136257,0001,1,GARAGE MOVE,02,20250603,20250603,SE,3105
61137407,0001,1,,02,20250603,20250603,MT,9779
61142002,0001,1,JOHN F,02,20250603,20250603,RS,8801
61145119,0001,1,PHD SPORTS JOINVILLE ANITA GARIBALDI,02,20250604,20250604,SC,8179
61148967,0001,1,GABRIELA BAGGIO ESTUDIO DE PILATES,02,20250604,20250604,RS,8785
61150804,0001,1,BURITIRAMA FITNESS,02,20250604,20250604,BA,3079
61154794,0001,1,STUDIO KAMILA LEMES,02,20250604,20250604,MT,9059
61161608,0001,1,,02,20250604,20250604,RS,8705
61165709,0001,1,TOKKA CROSSTRAINING,02,20250604,20250604,PE,2531
61166866,0001,1,,08,20260204,20250605,DF,9701
61169846,0001,1,TOP UP MESSEJANA,02,20250605,20250605,CE,1389
61173473,0001,1,,08,20250902,20250605,RS,8801
61183200,0001,1,LABOR ATIVIDADES LABORAIS,02,20250605,20250605,RS,8801
61184739,0001,1,V7 ACADEMIA,02,20250605,20250605,ES,5705
61188523,0001,1,F2 ACADEMIA CENTRO DE TREINAMENTO,02,20250606,20250606,SE,3141
61189330,0001,1,PILATES CORPO E MENTE LTDA,02,20250606,20250606,SP,7107
24921465,0121,2,,02,20250606,20250606,SP,7151
61191926,0001,1,ACADEMIA LION,02,20250606,20250606,PA,0497
61193674,0001,1,AFM TRAINER,02,20250606,20250606,PE,2531
19997825,0002,2,,02,20250606,20250606,PR,7777
61197571,0001,1,DIEGO PRADO TRAINER,02,20250606,20250606,GO,9539
61199639,0001,1,ACADEMIA PRIME FIT,02,20250606,20250606,CE,1429
61202526,0001,1,,02,20250606,20250606,SP,7107
39526632,0003,2,,08,20260220,20250602,RJ,5873
61219462,0001,1,STUDIO DH,02,20250609,20250609,MA,0897
61221711,0001,1,ESPACO PISCINA TODO DIA E DIA,02,20250603,20250603,RJ,6001
61223942,0001,1,ACADEMIA ORIGINAL FIT,02,20250609,20250609,GO,9227
61226235,0001,1,CAROLINNE OSTERNO FISIOTERAPIA E PILATES,02,20250609,20250609,CE,1457
61227018,0001,1,GRUPO LIMAS,02,20250609,20250609,PI,1117
61227934,0001,1,,08,20260110,20250609,PR,7607
61229979,0001,1,ACADEMIA SCORPION RR,02,20250609,20250609,SP,7151
61234875,0001,1,,02,20250610,20250610,SP,6363
55125581,0002,2,FUNCIONAL MAROMBETES,02,20250610,20250610,PA,0595
61235464,0001,1,CARDIOFIT,02,20250610,20250610,BA,3597
61252237,0001,1,SKYFIT,02,20250610,20250610,PE,2531
61255843,0001,1,,02,20250611,20250611,SP,6249
61255930,0001,1,FNOVE STUDIO,02,20250611,20250611,PR,7535
44731406,0001,1,BIOFIT CROSS,02,20220104,20220104,ES,5611
61275675,0001,1,LEONARDO ALVES TREINAMENTO E PERFORMANCE LTDA,02,20250612,20250612,SP,6271
61277684,0001,1,DOCTORFIT ITAJUBA,02,20250612,20250612,MG,4647
61280883,0001,1,GS PILATES,02,20250612,20250612,MG,4763
61285302,0001,1,ER MACEDO PEFORMANCE,02,20250612,20250612,SP,6477
61285993,0001,1,ACADEMIA ALDENICE SOARES,02,20250612,20250612,PI,0328
61289549,0001,1,IMPULSOFIT,02,20250612,20250612,MG,5341
61290915,0001,1,,02,20250612,20250612,SP,6401
61290948,0001,1,BN FITNESS,08,20260610,20250612,PE,2337
61294561,0001,1,CENTRAL FITNESS,02,20250613,20250613,CE,1447
61324374,0001,1,,02,20250616,20250616,MG,4123
61329113,0001,1,,02,20250616,20250616,SP,7107
61329288,0001,1,STUDIO TIAGO SBARRO,02,20250616,20250616,SP,6531
31834358,0045,2,EVOQUE RUI BARBOSA,02,20250616,20250616,MS,9051
61347401,0001,1,MARCUS BRANDAO EDUCADOR FISICO,08,20250926,20250617,MG,4319
61351578,0001,1,PRO ATLETA,02,20250617,20250617,SP,6165
61362236,0001,1,ALINE BOECHAT STUDIO,02,20250618,20250618,RJ,5843
61366578,0001,1,BEM VIVER PILATES,02,20250618,20250618,MG,4845
44806617,0001,1,CT ALLINE ROCHA,02,20250115,20220110,CE,1249
61371661,0001,1,CT - ORIENTE,02,20250618,20250618,SP,6165
61387203,0001,1,,02,20250620,20250620,MG,4123
61387472,0001,1,,02,20250620,20250620,PR,7563
61390900,0001,1,BARRA FITNESS,02,20250620,20250620,PE,2583
59805826,0001,1,VALDINEIA PERSONAL,02,20250309,20250309,PR,7493
61401171,0001,1,EVOLUTION GYM,02,20250623,20250623,SC,8327
22653153,0008,2,GPA ACADEMIAS,02,20250623,20250623,PR,7565
61402818,0001,1,,02,20250623,20250623,SP,6639
61403480,0001,1,ELO FIT,02,20250623,20250623,RJ,6001
61410546,0001,1,BOX RAMUAII,02,20250623,20250623,SP,7107
61434425,0001,1,ACADEMIA REINALDO COSTA,02,20250624,20250624,MT,9167
60227850,0001,1,JULIANE MARQUES ESTUDIO DE PILATES,02,20250403,20250403,SP,7197
61449743,0001,1,LM PERFORMANCE E SAUDE,02,20250625,20250625,MG,4895
61454143,0001,1,ALPHA AC OLIVEIRA,02,20250625,20250625,SP,7107
61467125,0001,1,RN FITNESS & PERFORMANCE,02,20250626,20250626,BA,3721
61471844,0001,1,AXON BOX,02,20250626,20250626,SC,8137
61478619,0001,1,KRIGERSOUL,02,20250627,20250627,RJ,6001
61505458,0001,1,,02,20250630,20250630,SP,6689
61508450,0001,1,VOLT.PS,02,20250630,20250630,PI,1211
61512033,0001,1,SPARTAN FITNESS ACADEMIA,02,20250630,20250630,RJ,5867
56779086,0002,2,,08,20260319,20250630,RJ,5897
61512807,0001,1,NEXXUS TRAINING,02,20250630,20250630,MG,4723
48700253,0001,1,MORADA CROSS,02,20221123,20221123,MT,9067
61526072,0001,1,ACADEMIA MAIS FIT,02,20250627,20250627,SP,6727
61526799,0001,1,,02,20250701,20250701,SP,6549
61538360,0001,1,,02,20250701,20250701,MG,5403
61539998,0001,1,DF STUDIO FITNESS LTDA,02,20250701,20250701,RN,1741
61540968,0001,1,,08,20250908,20250701,MT,9937
61541042,0001,1,ACADEMIA CORPO E SAUDE,02,20250701,20250701,DF,9701
61549912,0001,1,ESPACO LAURA MARTINS SAUDE INTEGRADA,02,20250702,20250702,SP,6969
61551954,0001,1,VIVA LARANJAL,02,20250702,20250702,SP,6629
61563116,0001,1,STUDIO NYMA,02,20250702,20250702,SP,6291
61564481,0001,1,CTE DAIANE PENER,02,20250702,20250702,SP,7075
61565611,0001,1,ACADEMIA KK FITNESS,02,20250702,20250702,PE,2351
61284296,0018,2,,02,20250612,20250612,RS,8801
61569518,0001,1,ACADEMIA CORPUS FITNESS,02,20250703,20250703,BA,3807
61569606,0001,1,TOTAL MOVIMENTO FORQUILHA,02,20250703,20250703,CE,1403
61574020,0001,1,,02,20250703,20250703,CE,1389
61579338,0001,1,STUDIO DE PILATES E FISIOTERAPIA KAROL BRAGA,02,20250703,20250703,RJ,5865
61583421,0001,1,ARENA FITNESS,02,20250703,20250703,RJ,0770
61583892,0001,1,TOP FITNESS,02,20250703,20250703,MA,0735
61591880,0001,1,AIRES GYN,02,20250704,20250704,GO,9373
61593991,0001,1,LUDMILAOLIVEIRA - PERSONAL TRAINER,02,20250704,20250704,BA,3849
48369613,0002,2,,02,20250704,20250704,SP,7107
61597907,0001,1,,02,20250704,20250704,SP,6689
61599782,0001,1,,02,20250704,20250704,PR,0834
61599971,0001,1,,02,20250704,20250704,CE,1269
61600051,0001,1,AIRES HEALTH,02,20250704,20250704,BA,3363
61601879,0001,1,LUIZ MATHIAS PERSONAL TRAINER,02,20250704,20250704,SC,8161
61618776,0001,1,ALPHA FIT,02,20250707,20250707,GO,1056
47425998,0001,1,ACADEMIA LIONS E ESCOLA DE LUTAS,02,20220804,20220804,MG,4939
61619583,0001,1,TOLEDO CORE STUDIO,02,20250707,20250707,SP,7183
07594978,0739,2,,02,20250707,20250707,SP,7151
61622678,0001,1,X FITNESS,02,20250707,20250707,SP,6511
61628501,0001,1,ACADEMIA ALTA FORMA,02,20250707,20250707,RN,1851
61634266,0001,1,SPARTAN FIT LTDA,02,20250707,20250707,SP,7075
49849875,0001,1,,02,20230308,20230308,RJ,5869
31745000,0002,2,MASTER FITNESS ACADEMIA,02,20250708,20250708,CE,1585
61641931,0001,1,,02,20250708,20250708,SP,6291
61644919,0001,1,SKYFITCTSALIM,02,20250708,20250708,SP,7107
61646413,0001,1,D-PAWERFIT,02,20250708,20250708,SP,6789
61648254,0001,1,DIAMANTE FIT,02,20250708,20250708,AL,2843
61658273,0001,1,STUDIO DUOFIT,02,20250709,20250709,MG,4959
61671572,0001,1,CF ZFORCE,02,20250709,20250709,SC,8179
52250345,0001,1,STUDIO TOP TRAINER,02,20230920,20230920,MG,4387
61679758,0001,1,AC STUDIO POWER PILATES E FISIOTERAPIA,02,20250710,20250710,PR,7799
61685652,0001,1,GLF PERSONNALITE,02,20250710,20250710,SP,7107
59058363,0001,1,BILLION FIT,02,20250123,20250123,BA,3661
61708768,0001,1,BLUE FIT ACADEMIA,02,20250711,20250711,MG,5081
61711150,0001,1,RHINO CROSS CT,02,20250711,20250711,BA,3849
61721477,0001,1,SAUDE FITNESS,02,20250714,20250714,PE,2521
61727420,0001,1,KENIA DIAS OLIVEIRA PILATES,02,20250714,20250714,MG,4123
61733017,0001,1,,08,20260506,20250714,SC,8055
61734217,0001,1,SOPHY FIT,02,20250714,20250714,SP,7107
61735044,0001,1,STUDIO KORE PAULISTA,02,20250714,20250714,SP,7107
61741576,0001,1,WORLD GYM VALPARAISO,02,20250715,20250715,GO,1066
61741830,0001,1,DRAGONS ACADEMIA,02,20250715,20250715,MG,5049
61747629,0001,1,,02,20250715,20250715,SC,8061
61747834,0001,1,TEAM BOEDE,02,20250715,20250715,RS,5757
61749148,0001,1,FABRICA PREMIUM OLEGARIO,02,20250715,20250715,RJ,6001
61750164,0001,1,WORLD GYM TAGUATINGA,02,20250715,20250715,DF,9701
30789094,0002,2,ADRENALINE FITNESS,02,20250715,20250715,SC,8161
61751844,0001,1,,02,20250715,20250715,SP,7107
61752727,0001,1,STUDIO THIAGO SANTOS,02,20250715,20250715,PE,2487
61757022,0001,1,JEL COLATINA,02,20250715,20250715,ES,5629
61758370,0001,1,RESPIRA PILATES,02,20250715,20250715,RS,8589
61758627,0001,1,VITTACORE SPORT,02,20250715,20250715,TO,9733
61763481,0001,1,LIVE FITNESS,02,20250716,20250716,PB,1991
61764819,0001,1,CX SHOPPING PARK,02,20250716,20250716,MG,5403
61766082,0001,1,,02,20250716,20250716,PR,7407
61768044,0001,1,,02,20250716,20250716,SP,6495
61768072,0001,1,U FIT ACADEMIA,02,20250716,20250716,SC,8233
61774133,0001,1,ACADEMIA IMPACTO,02,20250716,20250716,SP,6503
07594978,0749,2,,02,20250717,20250717,AP,0615
61791476,0001,1,CT POWER,02,20250717,20250717,DF,9701
61799537,0001,1,GT FIRE,02,20250717,20250717,SP,7121
61799689,0001,1,EAGLE STUDIO,02,20250717,20250717,MG,4199
61810999,0001,1,STUDIO FABRICIO BASTOS,02,20250718,20250718,RJ,5819
61811866,0001,1,PRIME FIT 1,02,20250718,20250718,SC,8039
61814569,0001,1,LIVEN STUDIO PILATES,02,20250718,20250718,PE,2531
61815125,0001,1,ACADEMIA AVILLA,02,20250718,20250718,BA,3849
61816466,0001,1,MUSCLE FITNESS ACADEMIA,02,20250718,20250718,MT,0125
61816777,0001,1,STUDIO CORPO E MENTE,02,20250718,20250718,GO,9433
61838429,0001,1,AGC,02,20250721,20250721,SP,7107
61848623,0001,1,VITHAL ACADEMIA - UNIDADE PEDRO CELESTINO,02,20250721,20250721,MS,9051
61863612,0001,1,ACADEMIA GAVIOES FRAGA MAIA,02,20250722,20250722,BA,3515
61867127,0001,1,ESTUDIO METCON FITNESS E PERFORMANCE,02,20250722,20250722,BA,3597
61877884,0001,1,PERFETTO FITNES,02,20250723,20250723,PR,7535
61881250,0001,1,GLOW UP FIT,02,20250723,20250723,SP,7225
46838229,0001,1,,02,20220620,20220620,MT,9095
61886760,0001,1,ESTUDIO CORPO ATIVO,08,20251106,20250723,BA,3849
61896181,0001,1,ACADEMIA ESPACO DO CORPO,02,20250724,20250724,RS,8671
61362313,0002,2,,02,20250724,20250724,SC,8179
17214742,0002,2,IRONWORKS,08,20250724,20211227,SP,7107
61906502,0001,1,POLICARPO FUNCIONAL,02,20250724,20250724,MG,4123
61908077,0001,1,,08,20251020,20250724,SP,7107
61915718,0001,1,X4 ACADEMIA,02,20250725,20250725,RO,0007
61915750,0001,1,CTACG,02,20250725,20250725,RJ,6001
61916448,0001,1,,08,20250806,20250725,MG,5403
50860851,0004,2,ACADEMIA ESPACO FIT SIDEROPOLIS,02,20250725,20250725,SC,8347
61927072,0001,1,OUSE ACADEMIA FEMININA,02,20250725,20250725,ES,5625
61939582,0001,1,************,02,20250728,20250728,SP,7075
00318069,0059,2,,02,20250728,20250728,SP,7107
50593613,0001,1,STUDIO FITNESS KELLY PASSOS,02,20230508,20230508,MG,4123
59459111,0001,1,SPORTE CENTER,02,20250213,20250213,PI,2255
54029461,0001,1,CT VERTEX,02,20240222,20240222,SC,8089
43906001,0001,1,OG FIT,02,20211018,20211018,PI,1219
49472846,0001,1,,02,20230205,20230205,MA,0763
60551768,0001,1,STUDIO ALEX SILVA,02,20250425,20250425,PE,2487
50411267,0001,1,ACADEMIA DA BAIANA,02,20230424,20230424,AL,0560
61201338,0001,1,,08,20250815,20250606,SP,7107
45196279,0001,1,ACADEMIA MAYH SANTOS,02,20241009,20220208,RO,0003
47195007,0001,1,STUDIO EXTREME,02,20220718,20220718,MT,9177
61864596,0001,1,STUDIO LION,02,20250722,20250722,SP,7107
61905889,0001,1,V2 ACADEMIA,02,20250724,20250724,GO,9389
48625486,0001,1,AREA 022 ESTUDIO FUNCIONAL,08,20250904,20221116,RJ,5867
52971902,0001,1,LUCK STUDIO,02,20231122,20231122,PR,7493
46829999,0001,1,TOP GYM CT,02,20220620,20220620,MG,4865
52853466,0001,1,LOCAL P,02,20231110,20231110,BA,3849
58441645,0001,1,LIFESTYLE PREMIER,02,20241212,20241212,MS,9051
43880762,0001,1,JOAO RIBEIRO CONSULTORIA E TREINAMENTO ESPORTIVO,02,20211014,20211014,SP,6477
48582843,0001,1,ACADEMIA BRAJIU,02,20221110,20221110,SP,6361
52561268,0001,1,"PRODUTOS NATURAIS, SUPLEMENTOS E SERVICOS FARMACEUTICO",02,20231017,20231017,RN,1829
60404063,0001,1,CLINICA ENANCE,02,20250414,20250414,CE,1389
60785819,0001,1,OFICIAL GYM,02,20250512,20250512,SP,7075
48716264,0001,1,VILMA KLOSOUSKI PERSONAL TRAINING,08,20251001,20221124,GO,9373
61385473,0001,1,BOX TRAINING AJU,02,20250620,20250620,SE,3105
58055661,0001,1,CT FORGE HOUSE,02,20241111,20241111,MG,4371
57956767,0001,1,ESPARTA TRAINING,02,20241104,20241104,ES,5625
59304473,0001,1,STUDIO TARGET PILATES E OSTEOPATIA,02,20250205,20250205,SP,7121
49116362,0001,1,,02,20230109,20230109,SC,8327
46915978,0001,1,TEAM ROMULO MELO,02,20250924,20220626,PA,0054
53877278,0001,1,C T PRIORIZA,02,20240209,20240209,TO,9241
45800689,0001,1,,02,20220327,20220327,PR,7927
61179375,0001,1,FITNESS CENTER TOLEDO,02,20250605,20250605,MG,5403
46238055,0001,1,,02,20220503,20220503,MG,4123
49082473,0001,1,RAQUEL VAZ PERSONAL TRAINER,02,20230106,20230106,SP,6637
43943342,0001,1,GALO ACADEMIA,02,20211020,20211020,TO,0367
46548212,0001,1,FRIENDSFIT MOVE,08,20251107,20220526,SC,8251
46634532,0002,2,,08,20250114,20220901,MT,9819
51038572,0001,1,BRUNA FITNESS TRAINER,02,20230614,20230614,PR,7535
53871973,0001,1,,02,20240209,20240209,MG,4733
59148157,0001,1,,02,20250128,20250128,SP,7099
61707715,0001,1,,02,20250711,20250711,SP,6477
44067862,0001,1,BOX 8 CROSS TRAINING,02,20211029,20211029,SP,6707
45226416,0001,1,,02,20220209,20220209,SP,7209
45542311,0001,1,RAPINA CROSSTRAINING,02,20220307,20220307,GO,9635
46069790,0001,1,,08,20260220,20220419,MG,4051
46245885,0001,1,PILATES STUDIO - CAROLINE SANTOS,02,20220503,20220503,SP,6789
46428664,0001,1,ACADEMIA R4FIT,02,20220517,20220517,MA,0867
46657683,0001,1,STUDIO ELITE PRO,02,20220603,20220603,AL,2785
47382665,0001,1,FENIX CENTER TRAINING,02,20220802,20220802,SP,6401
48991397,0001,1,TREINADORA BARBARA BES,08,20231017,20221228,RS,8589
49763187,0001,1,,02,20230301,20230301,MG,2691
50031776,0001,1,ZOE FITCLUB,02,20230322,20230322,CE,1343
50009667,0001,1,DAMASCENO STUDIO FITNESS,08,20250411,20230321,MG,4417
50940993,0001,1,,02,20230605,20230605,SP,7057
51155361,0001,1,TIME FITNESS ACADEMIA,02,20230622,20230622,RO,0015
51839011,0001,1,EQUILIBRIO LABORAL,02,20230816,20230816,SC,8175
53159090,0001,1,ACTIVA TRAINNING,02,20231211,20231211,MG,4263
53978412,0001,1,FALCON ROCHA,02,20240220,20240220,BA,3985
54313009,0001,1,MR FIT,02,20240313,20240313,CE,1593
55205606,0001,1,VILLAFIT ACADEMIA,08,20250312,20240521,RJ,5801
55518866,0001,1,CF PEGASUS,02,20240613,20240613,GO,9301
56108348,0001,1,,02,20240726,20240726,SP,6221
58306384,0001,1,M13 STUDIO,02,20241202,20241202,SP,7107
59662290,0001,1,RCPRO - CENTRO DE TREINAMENTO,02,20250226,20250226,SP,6163
07594978,0683,2,,02,20250227,20250227,PR,7745
60674619,0001,1,TOPGYM LT ACADEMIA,02,20250505,20250505,ES,5703
60689400,0001,1,C.R. ASSESSORIA EM ATIVIDADES FISICAS E TREINAMENTOS,02,20250506,20250506,SC,8105
60690210,0001,1,BELA FORMA ACADEMIA,02,20250506,20250506,AM,0239
60893438,0001,1,SEC STUDIO EDUARDO CRUZ,02,20250519,20250519,RJ,5915
60930342,0001,1,,02,20250521,20250521,PR,7535
60949392,0001,1,PANOBIANCO PATIO VITTA,02,20250522,20250522,GO,9373
61368200,0001,1,THOR ACADEMIAS,02,20250618,20250618,SP,7079
61724252,0001,1,CNBOX PONTE ALTA,02,20250714,20250714,MG,4133
60087410,0001,1,AIRES HEALTH,02,20250326,20250326,BA,3363
59660507,0001,1,CT BROCK'S,02,20250225,20250225,PE,2357
54108663,0001,1,FJR TRAINING,02,20240228,20240228,PR,7887
60736962,0001,1,AYRON GYM ACADEMIA,08,20251230,20250508,SC,8081
07594978,0670,2,,02,20250212,20250212,SP,6619
60824791,0001,1,,02,20250514,20250514,GO,0077
60796220,0001,1,,02,20250513,20250513,SC,8327
58484145,0001,1,ACADEMIA DROPFITT,02,20241217,20241217,RN,1837
46861990,0001,1,STUDIO PERSONAL NO,02,20220621,20220621,MG,4607
57585723,0001,1,BWM SOLUTIONS,02,20241007,20241007,RJ,6001
52911744,0001,1,CT FITNESS CLUB,02,20231116,20231116,GO,9373
50649764,0001,1,MFIT,02,20230512,20230512,MT,9047
47648337,0001,1,ACADEMIA FEMININA KHY FITNESS,02,20220819,20220819,MA,0861
61705069,0001,1,,02,20250711,20250711,SC,8267
51364821,0001,1,RA FITNESS & ALTA PERFORMANCE,02,20230710,20230710,GO,9373
46291680,0001,1,AGJ TREINAMENTO FISICO,02,20220506,20220506,GO,9571
50731404,0001,1,BOX SANTO ANTONIO,08,20260224,20230518,ES,5705
52679955,0001,1,GD ACADEMIA,02,20231026,20231026,PB,1931
59705748,0001,1,,02,20250228,20250228,PR,8465
59948061,0001,1,SOU FIT ACADEMIA,02,20250318,20250318,PI,1379
59447514,0001,1,ACADEMIA CORPO EM HARMONIA,08,20260223,20250213,MA,0921
54730677,0001,1,ARNALDO BARREIROS ACADEMIA MUSCULACAO E FUNCIONAL,08,20260223,20240415,PE,2401
50135360,0001,1,ACADEMIA JARDIM SILVIA LTDA,08,20260409,20230329,SP,6401
61250800,0001,1,ESPACO VITALIZE,02,20250610,20250610,RJ,6001
60983821,0001,1,ACADEMIA MEGA GYM TRAINING,02,20250523,20250523,SE,3129
55033667,0001,1,PEDAL INDOOR,02,20240507,20240507,MS,9051
49229344,0001,1,,02,20230118,20230118,RS,8821
45831611,0001,1,,02,20220329,20220329,SP,6789
57183990,0001,1,REABILITAR,02,20240906,20240906,PR,7469
54768609,0001,1,,02,20240417,20240417,MA,0921
52346328,0001,1,PANOBIANCO CAPAO REDONDO,02,20230928,20230928,SP,7107
53200947,0001,1,,02,20231214,20231214,DF,9701
53657112,0001,1,STUDIO BIKERS,02,20240125,20240125,GO,9373
50417335,0001,1,STUDIO TEAM BRUTAL SERVICOS DE TREINAMENTO E SAUDE,02,20230424,20230424,PE,2521
48163825,0001,1,ACADEMIA BODY STRONG,02,20221003,20221003,PR,7783
54250838,0001,1,FIT FOR BODY STUDIO,02,20240308,20240308,SP,7107
58048073,0001,1,FESSELFIT,02,20241110,20241110,SP,6361
59891087,0001,1,CT NEXT,02,20250313,20250313,PE,2531
51890373,0001,1,OMBRO A OMBRO,02,20230821,20230821,SP,7107
51705203,0001,1,STUDIO FIT FORMA,02,20230807,20230807,RN,1823
44250250,0001,1,ATITUDE ACADEMIA,02,20211116,20211116,MS,9817
58056035,0001,1,ACADEMIA Z FITNESS,02,20241111,20241111,PB,1911
58262259,0001,1,RAFFA FIT,02,20241127,20241127,RN,1761
46654754,0001,1,,02,20220603,20220603,SE,3105
45765624,0001,1,,02,20220323,20220323,RS,8561
50487349,0001,1,MORENTE ACADEMIA,02,20230428,20230428,GO,9251
55337237,0001,1,ACADEMIA MEC FIT,02,20240530,20240530,PA,0491
60861947,0001,1,CT ARMY,02,20250516,20250516,GO,9373
50383418,0001,1,2FIT,02,20230419,20230419,PR,7483
48644633,0001,1,,02,20221117,20221117,DF,9701
35644328,0005,2,MOINHOS FITNESS,04,20260605,20240912,RS,8801
50698551,0001,1,,08,20260610,20230516,AL,2775
59987502,0001,1,,02,20250319,20250319,MG,0650
61965482,0001,1,,02,20250729,20250729,RJ,5819
61969362,0001,1,STUDIO PILATES E REABILITACAO FISICA ALESSANDRA SANTOS,02,20250729,20250729,RJ,5839
00318069,0061,2,,02,20250730,20250730,RJ,6001
61987522,0001,1,,02,20250730,20250730,MG,4133
48713050,0007,2,ABITAH,02,20250730,20250730,BA,3685
61996431,0001,1,,02,20250730,20250730,SP,6411
62001988,0001,1,,02,20250731,20250731,SP,7107
62002972,0001,1,SOTORM SPORT'S BEACH,02,20250731,20250731,SP,7135
62012262,0001,1,,02,20250731,20250731,SP,7107
62014673,0001,1,KORMANN EMPREENDIMENTOS,08,20260106,20250731,MT,9067
62019629,0001,1,STUDIO VIDA ATIVA FITNESS,02,20250801,20250801,PB,2225
62020876,0001,1,KAIZEN STUDIO,02,20250801,20250801,PE,2521
62021699,0001,1,,02,20250801,20250801,PR,7535
62022092,0001,1,POWER FIT ACADEMIA,02,20250801,20250801,PR,7713
62024752,0001,1,SAMIR TURCAO NUTRICAOE PERFORMANCE,02,20250801,20250801,GO,9373
62025704,0001,1,NISANTASI CORPO & EQUILIBRIO,02,20250801,20250801,RJ,5849
40438620,0004,2,SKY FIT VILA XAVIER,02,20250801,20250801,SP,6163
62029784,0001,1,UNDERGYM,02,20250801,20250801,PE,2381
62034917,0001,1,,02,20250801,20250801,SP,7107
62049316,0001,1,,02,20250804,20250804,BA,3849
62050882,0001,1,UNIDAS FIT,02,20250804,20250804,SP,6831
62054743,0001,1,PAMELA STUDIO DE PILATES,02,20250804,20250804,SP,7107
62061311,0001,1,CARLOS AUGUSTO REBELO JUNIOR,02,20250804,20250804,SP,6469
62072920,0001,1,FOR FIT,02,20250805,20250805,GO,9425
22746080,0002,2,TEN PILATES CENTER,02,20250805,20250805,SC,8105
62076111,0001,1,,02,20250805,20250805,PA,0401
24921465,0139,2,,02,20250805,20250805,SP,7097
62087908,0001,1,AGUIA FITNESS,02,20250805,20250805,BA,3515
34239686,0002,2,,02,20250806,20250806,PB,2041
62093495,0001,1,,02,20250806,20250806,MG,4733
62101034,0001,1,,02,20250806,20250806,SP,7099
62103330,0001,1,,02,20250806,20250806,RJ,6001
62104656,0001,1,ARENA FIT,02,20250806,20250806,MS,9097
62111478,0001,1,,02,20250807,20250807,RS,8599
62118341,0001,1,DARK FITNESS,02,20250807,20250807,ES,5623
62119448,0001,1,,02,20250807,20250807,SP,6789
62123017,0001,1,EFFICIENCY GYM,02,20250807,20250807,PR,7513
62142804,0001,1,,02,20250808,20250808,MG,5155
62144513,0001,1,WCBFIT CONDICIONAMENTO FISICO,02,20250808,20250808,MG,4133
62160062,0001,1,MOVIVA FISIOTERAPIA E PILATES,02,20250811,20250811,MG,5155
62161279,0001,1,ACADEMIA GAVIOES,02,20250811,20250811,SP,2951
62177425,0001,1,,02,20250812,20250812,SP,7107
62178774,0001,1,KMULTISPORTES KM,02,20250812,20250812,DF,9701
62183444,0001,1,ULTRA ACADEMIA CACHOEIRO,02,20250812,20250812,ES,5623
62184899,0001,1,,02,20250812,20250812,MG,4733
62187241,0001,1,ACADEMIA ESPACO FITNESS,02,20250812,20250812,MA,0186
62190671,0001,1,CAROLINE ORNELLAS PILATES E FISIOTERAPIA,02,20250812,20250812,MS,9051
62194326,0001,1,ACADEMIA SCORPION FITNESS,02,20250812,20250812,MG,5221
62199200,0001,1,ATRIUM GYM,02,20250813,20250813,PR,7493
62200337,0001,1,STUDIO DE PERSONAL GERAAO ATIVA,02,20250813,20250813,DF,9701
62211252,0001,1,QR GYM,02,20250813,20250813,MG,4647
62226513,0001,1,,02,20250814,20250814,SP,7145
62228449,0001,1,SKYFIT MOGI,02,20250814,20250814,SP,6713
62234140,0001,1,,02,20250814,20250814,SP,7099
62239977,0001,1,,02,20250815,20250815,SP,7107
56797397,0002,2,,08,20260429,20250815,SE,3233
62250207,0001,1,EVOQUE ACADEMIA CENTRO ALTO,02,20250815,20250815,SP,6967
62252043,0001,1,ENERGIA FITNESS,02,20250815,20250815,RJ,5869
07594978,0762,2,,02,20250818,20250818,RS,8651
62267149,0001,1,STEEL KING ACADEMIA,02,20250818,20250818,SP,7107
22681690,0004,2,ALPHA FIT PRIME,02,20250818,20250818,MA,0961
62278649,0001,1,CENTRO DE TREINAMENTO WILLIAN BUIQUE,02,20250818,20250818,PE,2355
62283135,0001,1,GRECIA ACADEMIA ARENA FITNESS,08,20260316,20250818,PE,2521
62287095,0001,1,METODO ARTUR MEIRELES,02,20250819,20250819,DF,9701
62288753,0001,1,BJJ ARTE SUAVE,02,20250819,20250819,PR,7435
62290575,0001,1,LGS CENTRO DE TREINAMENTO,02,20250819,20250819,RO,0979
62291962,0001,1,CT ZHN,02,20250819,20250819,SP,6831
62293934,0001,1,PERFORMANCE & LUTAS,02,20250819,20250819,RJ,6001
62294288,0001,1,SALI ESTUDIO DE PILATES,02,20250819,20250819,SP,6639
62302664,0001,1,IRON LIFE CENTRO DE TREINAMENTO PERSONALIZADO,02,20250819,20250819,GO,9581
62305231,0001,1,DANFIT ACADEMIA JD. DANFER,02,20250819,20250819,SP,7107
62308208,0001,1,CALMY CLUB STUDIO FITNESS,02,20250820,20250820,MG,4633
62321825,0001,1,J1GYM FITNESS,02,20250820,20250820,PE,2379
62324102,0001,1,,02,20250820,20250820,SP,0816
62327505,0001,1,MATEUS MACHADO PERSONAL TRAINER,02,20250820,20250820,PR,7935
62333902,0001,1,CENTRO DE TREINAMENTO LIBRA,02,20250821,20250821,CE,1389
62334513,0001,1,I8 FITNESS,02,20250821,20250821,RS,8683
62341547,0001,1,AGITAFIT,02,20250821,20250821,RJ,6001
62342557,0001,1,,02,20250821,20250821,DF,9701
62348128,0001,1,DOCTOR FIT,02,20250821,20250821,MA,0921
62348845,0001,1,PERFORMA NUCLEO DE SAUDE E PERFORMANCE,02,20250822,20250822,MG,4133
62349405,0001,1,UPGRADE FIT,02,20250822,20250822,RO,0681
62349583,0001,1,WM GYM,02,20250822,20250822,MA,0719
62350683,0001,1,CTGC,02,20250822,20250822,BA,3873
62351785,0001,1,HONORIO TREINADOR,02,20250822,20250822,SP,7107
62357706,0001,1,STUDIO JR FIT,02,20250822,20250822,AL,2707
62364076,0001,1,STUDIO CRIS EBRAM,02,20250822,20250822,SP,6813
62379611,0001,1,AYA TRAINING STUDIO,02,20250825,20250825,PR,7535
62386174,0001,1,LVY PILATES,02,20250825,20250825,MG,4733
62392376,0001,1,DANILO NORONHA PERSONAL,02,20250825,20250825,CE,1389
62394742,0001,1,BODY FIT GYM,02,20250825,20250825,SP,7107
62395965,0001,1,C.T. FENIX,02,20250825,20250825,MG,4133
62397495,0001,1,GO NOW VENTURA,02,20250826,20250826,RJ,6001
62399794,0001,1,CX PIEDADE,02,20250826,20250826,RJ,6001
62400325,0001,1,,02,20250826,20250826,MG,4917
62402335,0001,1,CAVERNA GYM LTDA,02,20250826,20250826,RN,1761
62404709,0001,1,,02,20250826,20250826,RJ,2921
62408210,0001,1,LIFT ACADEMIA,02,20250826,20250826,SP,6291
62410575,0001,1,ACADEMIA LT FIT CLUB,02,20250826,20250826,MG,5013
62421350,0001,1,ASSESSORIA JANGARELLI,02,20250827,20250827,SP,7107
59352425,0002,2,SOUL FITNESS,02,20250827,20250827,PI,0288
62424677,0001,1,SPLASH FIT CLUB,02,20250827,20250827,MG,4123
62425026,0001,1,SKYFIT CENTRO APARECIDA GO,02,20250827,20250827,GO,9227
62430548,0001,1,LUCAS ARMOND PERFORMANCE HUMANA,02,20250827,20250827,MG,5403
62430583,0001,1,,02,20250827,20250827,SP,6219
62433381,0001,1,,02,20250827,20250827,SP,7107
62436899,0001,1,,02,20250827,20250827,CE,1241
22902694,0154,2,,02,20250828,20250828,MA,0921
62442029,0001,1,3MAISFIT ACADEMIA,02,20250828,20250828,PB,2175
62456068,0001,1,ED LABOR ASSESSORIA ESPORTIVA & CIA LTDA,02,20250828,20250828,SP,7107
62470680,0001,1,,02,20250829,20250829,SP,7057
62472159,0001,1,,02,20250829,20250829,CE,1375
62475598,0001,1,ATHLETICORE SYSTEMS,02,20250829,20250829,SC,8081
62489864,0001,1,RP FITNESS,02,20250901,20250901,SP,6291
62492560,0001,1,,02,20250901,20250901,ES,5663
62494495,0001,1,CLARIANE MARQUES FISIOTERAPIA E PILATES,02,20250901,20250901,GO,9235
62502276,0001,1,ARENA BELUAR SPORT BEACH,02,20250901,20250901,CE,1533
62503705,0001,1,CT VERTICE,02,20250901,20250901,RJ,6001
62511398,0001,1,SKYFIT INDEPENDENCIA,02,20250902,20250902,GO,9227
24921465,0148,2,,02,20250902,20250902,MT,9871
51241829,0004,2,SIMPLIFIT ACADEMIAS TIMON,02,20250902,20250902,MA,0937
62517014,0001,1,PROTREFF,02,20250902,20250902,PA,0393
62527347,0001,1,MJ PERSONAL TRAINER,02,20250902,20250902,BA,3455
62527542,0001,1,NEW FIT,02,20250902,20250902,GO,9425
62531018,0001,1,LIFE ACADEMIA,02,20250902,20250902,PA,0427
62539642,0001,1,ACADEMIA NEW FIT,02,20250903,20250903,MA,0845
62541838,0001,1,AUTOCUIDADO GLAUCE LTDA,02,20250903,20250903,SP,7107
62547108,0001,1,,02,20250903,20250903,MG,4123
62555410,0001,1,GOODBE ALTINO ARANTES,08,20260422,20250904,SP,7107
62559524,0001,1,STRONGLIFT CENTRO DE TREINAMENTO,02,20250904,20250904,SP,6291
25115142,0004,2,TOTAL FIT ARARAQUARA,02,20250904,20250904,SP,6163
25115142,0010,2,TOTAL FIT MOGI DAS CRUZES,02,20250904,20250904,SP,6713
25115142,0013,2,TOTAL FIT RP I,02,20250904,20250904,SP,6969
25115142,0014,2,TOTAL FIT RP II,02,20250904,20250904,SP,6969
25115142,0017,2,TOTAL FIT SJC 4,02,20250904,20250904,SP,7099
25115142,0018,2,TOTAL FIT SJC 5,02,20250904,20250904,SP,7099
25115142,0021,2,TOTAL FIT UBERLANDIA I,02,20250904,20250904,MG,5403
62563625,0001,1,,02,20250904,20250904,CE,1261
62564275,0001,1,WJ SQUAD FITNESS,02,20250904,20250904,CE,1467
62564568,0001,1,,02,20250904,20250904,SP,6217
26231749,0004,2,,02,20250904,20250904,PR,7709
44245427,0002,2,EVOLVE,02,20250904,20250904,DF,9701
62569391,0001,1,VISION STUDIO PILATES,02,20250904,20250904,MG,4865
22306316,0002,2,,02,20250904,20250904,PE,2633
62575731,0001,1,BLANQ FIT,02,20250905,20250905,BA,3515
62577863,0001,1,BOROGODO FIT ACADEMIA,02,20250905,20250905,PI,0288
62585755,0001,1,,02,20250905,20250905,SP,7173
62589930,0001,1,ACADEMIA TOPFITNESS,02,20250905,20250905,BA,3653
62414112,0001,1,ACADEMIA GYM W5,02,20250826,20250826,MS,9073
62603420,0001,1,BIG BODYBUILING GYM,02,20250908,20250908,BA,3647
62605322,0001,1,,02,20250908,20250908,PR,7667
62608041,0001,1,VILLA PADEL,02,20250908,20250908,SC,8161
62616154,0001,1,FIT IN TIME,02,20250908,20250908,SP,6291
62616590,0001,1,ACADEMIA ALPHA,02,20250908,20250908,BA,3825
62620029,0001,1,NEXUS & PARTNERS FITNESS,02,20250908,20250908,MG,5091
62624661,0001,1,TIAGO IVAN,02,20250909,20250909,PI,1219
62627618,0001,1,ARENA EMIRADOS LTDA,02,20250909,20250909,RJ,5925
62634970,0001,1,,08,20251216,20250909,SP,6727
62637278,0001,1,ISABELA RODRIGUES DA CRUZ,02,20250909,20250909,SP,7107
35644328,0015,2,MOINHOS FITNESS,04,20260605,20250909,RS,8801
62642011,0001,1,ACADEMIA ELEVE FIT,02,20250909,20250909,DF,9701
40803377,0003,2,,02,20250910,20250910,SP,7107
62657749,0001,1,NO LIMITS - CENTRO DE TREINAMENTO,02,20250910,20250910,MG,4123
22470539,0002,2,STUDIO DE PILATES E FISIOTERAPIA NAGATA,02,20250911,20250911,PR,0870
62192730,0002,2,,02,20250911,20250911,PE,2531
62688996,0001,1,ESPACO BEMSTAR,02,20250912,20250912,RJ,0770
62693743,0001,1,DOCTORFIT,02,20250912,20250912,RJ,6001
62708585,0001,1,ARENA FIT,08,20260310,20250914,CE,1475
62710931,0001,1,BOX PRIME,02,20250914,20250914,CE,1569
62716376,0001,1,PRONTO PRO TAF,02,20250915,20250915,RJ,5883
62722775,0001,1,PH.D SPORTS CASTRO,02,20250915,20250915,PR,7495
62488829,0001,1,LAGOSTA FITNESS,02,20250901,20250901,AL,2847
62744126,0001,1,IMPULSIONA+ LTDA,02,20250916,20250916,SP,7151
62761206,0001,1,M & I FISIOPILATES LTDA,02,20250917,20250917,RJ,2909
62777296,0001,1,,02,20250918,20250918,SP,6623
62779245,0001,1,CF HAWK,02,20250918,20250918,RJ,5823
51181869,0002,2,LIV PILATES E BEM-ESTAR,02,20250918,20250918,RS,8685
62781495,0001,1,JESSY ACADEMIA GINASTICA E MUSCULACAO,02,20250918,20250918,PE,2369
62784292,0001,1,DANIEL LIPIAINEN TREINAMENTO PERSONALIZADO,02,20250918,20250918,MG,4123
62789479,0001,1,SPORTFIT,02,20250918,20250918,BA,3369
62800441,0001,1,PROFIT ACADEMIA,02,20250919,20250919,MA,0957
62807916,0001,1,CF VOLT,02,20250919,20250919,MG,4123
62812873,0001,1,STUDIO VELOCITY VILA MASCOTE,02,20250919,20250919,SP,7107
62813939,0001,1,STUDIO MERMAID,02,20250920,20250920,PR,7535
62815636,0001,1,RUSTIC FIT ACADEMY,02,20250920,20250920,SE,3207
62834640,0001,1,,02,20250922,20250922,SP,7149
62838444,0001,1,,02,20250922,20250922,TO,9569
62846297,0001,1,ACADEMIA MG FITNESS,02,20250923,20250923,CE,1585
62846870,0001,1,ACADEMIA MUNDAU FIT,02,20250923,20250923,CE,1571
62848103,0001,1,,02,20250923,20250923,PE,2499
62848352,0001,1,NEW VIDA FITNESS,02,20250923,20250923,AM,0255
32621912,0002,2,FIT & LIFE ACADEMY,02,20250923,20250923,AC,0107
62852981,0001,1,FORCE & HEALTH ACADEMIA,02,20250923,20250923,MG,4859
62855430,0001,1,,02,20250923,20250923,MG,4701
62856592,0001,1,,02,20250923,20250923,SP,7047
62856693,0001,1,INFORMA STUDIO,08,20260120,20250923,GO,9221
62858263,0001,1,A2 CROSS TRAINING,02,20250923,20250923,SP,6687
62861322,0001,1,XJ STUDIO FITNESS,02,20250923,20250923,SP,6169
62863508,0001,1,CIELO ACADEMIA PARA MULHERES,02,20250923,20250923,PR,7691
62866144,0001,1,,02,20250924,20250924,MG,4371
62869499,0001,1,STUDIO FLO,02,20250924,20250924,RS,8729
62886341,0001,1,STUDIO REVIVA,02,20250925,20250925,CE,1389
62890572,0001,1,ENDORFINE-SE CROSS FUNCIONAL,02,20250925,20250925,GO,9373
62897156,0001,1,XBASE CROSS,02,20250925,20250925,SP,6163
07594978,0782,2,,02,20250925,20250925,AM,0255
07594978,0784,2,,02,20250925,20250925,DF,9701
62899501,0001,1,ESPACO VETIVER,02,20250925,20250925,SP,6291
62667195,0001,1,,02,20250911,20250911,RS,8801
62505746,0001,1,,02,20250901,20250901,RJ,6001
62915315,0001,1,PULSE SPORTS,02,20250926,20250926,CE,1373
62915595,0001,1,POWER SPINNING,02,20250926,20250926,SP,6341
62918898,0001,1,CG FITNESS ACADEMIA,02,20250926,20250926,RS,8801
22902694,0160,2,,02,20250929,20250929,PE,2531
56804969,0002,2,,02,20250929,20250929,SP,6579
62948121,0001,1,STUDIO K2,02,20250929,20250929,PE,2531
62954699,0001,1,LEVEL ACADEMIA,02,20250930,20250930,SP,6311
62965528,0001,1,IPIRANGA DIV ACADEMIA,02,20250930,20250930,MG,4445
62966041,0001,1,,02,20250930,20250930,SP,6921
60962060,0002,2,,02,20251001,20251001,SP,6425
62980921,0001,1,,02,20251001,20251001,MG,4667
62981221,0001,1,ARKHEFIT ACADEMIA,02,20251001,20251001,MA,0813
62982739,0001,1,JE COMPLEXO ESPORTIVO,02,20251001,20251001,CE,1389
62983943,0001,1,PR 84 ESTUDIO DE TREINAMENTO,02,20251001,20251001,RS,8599
62990210,0001,1,,02,20251001,20251001,SC,8047
62990370,0001,1,,02,20251001,20251001,SP,6969
62994191,0001,1,,02,20251001,20251001,SC,8105
62335552,0001,1,VITTA PRIME FITNESS CLUB,08,20251212,20250821,SE,3105
63004461,0001,1,TM STUDIO FITNESS,02,20251002,20251002,SC,8289
63010600,0001,1,BG PERSONAL,02,20251002,20251002,SP,7107
63011252,0001,1,,02,20251002,20251002,MG,4865
63011758,0001,1,TITANIUM FITNESS MG LTDA,02,20251002,20251002,MG,4371
63022978,0001,1,IRON SKULL TRAINING,02,20251003,20251003,ES,0760
63025304,0001,1,VITAL SPINE,02,20251003,20251003,SP,7107
63026195,0001,1,,02,20251003,20251003,SC,8179
63029702,0001,1,LIFE FIT,02,20251003,20251003,PB,2175
63033149,0001,1,,02,20251003,20251003,PR,0870
62153199,0001,1,SABRINA LINARES ESPORTES E INCLUSAO,02,20250810,20250810,SP,6681
62862452,0001,1,BIOFITT,02,20250923,20250923,SP,7197
63066775,0001,1,,02,20251007,20251007,RJ,6001
63076757,0001,1,IRON FORCE GYM,02,20251007,20251007,GO,9373
63084934,0001,1,ACADEMIA FORMULA FISICA,02,20251007,20251007,PE,2347
63088151,0001,1,CENTRO DE TREINAMENTO 360,02,20251008,20251008,RJ,6001
63088891,0001,1,JEL SERRA SEDE,02,20251008,20251008,ES,5699
63090339,0001,1,,02,20251008,20251008,RS,8935
63091531,0001,1,AMANDA JORGE PILATES,02,20251008,20251008,RJ,5847
63094701,0001,1,OMAISFITNESS,02,20251008,20251008,RJ,5853
63099744,0001,1,ACADEMIA 86,02,20251008,20251008,SP,6455
63100216,0001,1,VOLL PILATES VILA CARRAO,02,20251008,20251008,SP,7107
63104344,0001,1,BE GYM,02,20251008,20251008,RJ,5865
63104356,0001,1,,08,20251024,20251008,MG,4123
63110830,0001,1,,02,20241009,20241009,DF,9701
63111669,0001,1,JOY FIT PILATES,02,20251009,20251009,PR,7535
63120853,0001,1,BASE GYM,02,20251009,20251009,TO,9733
63124535,0001,1,,02,20251009,20251009,MT,9871
63128929,0001,1,LB FISIOTERAPIA E PILATES,02,20251010,20251010,SP,7183
63132639,0001,1,CENTAURO ACADEMIA,02,20251010,20251010,SP,7107
63134301,0001,1,GRAVATAFORCE,02,20251010,20251010,SC,8221
63136889,0001,1,O2 BOTTINI'S ACADEMIA,08,20251127,20251010,PR,7493
63168233,0001,1,LIVENESS ACADEMIA PERSONALIZADA,02,20251013,20251013,SC,8085
63169546,0001,1,STUDIO FLOR&SER,02,20251013,20251013,SP,6251
63174159,0001,1,BPM STUDIO,02,20251014,20251014,MG,4309
63180974,0001,1,NATURAL RUNNERS ATIVIDADES DE CONDICIONAMENTO FISICO,02,20251014,20251014,SP,7057
63182024,0001,1,,02,20251014,20251014,PR,7583
63182814,0001,1,JOHNNY ACADEMIA,02,20251014,20251014,SC,8047
63187503,0001,1,ACADEMIA IN FORMA MUSCULACAO E FUNCIONAL,02,20251014,20251014,MT,9129
63188508,0001,1,TS PERSONAL,02,20251014,20251014,SC,8015
63195304,0001,1,RUN CLUB,02,20251015,20251015,PA,0427
63195704,0001,1,,02,20251015,20251015,MG,4123
63197098,0001,1,BIANCO HENRIQUE GUEDES DOS SANTOS,02,20251015,20251015,GO,9459
63199022,0001,1,ROCKSTRIKE,02,20251015,20251015,DF,9701
63200493,0001,1,CF TITANS,02,20251015,20251015,RJ,6001
63204244,0001,1,,02,20251015,20251015,MG,5427
63206918,0001,1,ACADEMIA BRAVOS EM FURIA FITNESS,02,20251015,20251015,SE,3215
63207543,0001,1,SANTE FITCLUB,02,20251015,20251015,BA,1112
62756944,0001,1,,02,20250917,20250917,PR,7483
62989104,0001,1,ACADEMIA VIDA LEVE,02,20251001,20251001,BA,3039
63221114,0001,1,,02,20251016,20251016,SP,7127
63227756,0001,1,STUDIO MOUV SAUDE E MOVIMENTO,02,20251016,20251016,MT,9067
62558828,0001,1,,02,20250904,20250904,MG,4123
63242541,0001,1,ALLP FIT ACADEMIA,02,20251017,20251017,RJ,5819
63262852,0001,1,START PRO ACADEMIA,02,20251020,20251020,PA,0543
63263219,0001,1,SMARTFIT PEIXOTO FITNESS,02,20251020,20251020,DF,9701
63265832,0001,1,BALANCE PARKOUR,02,20251020,20251020,PR,7535
63272960,0001,1,IRON FITNESS ACADEMIA IRAUCUBA,02,20251020,20251020,CE,1423
63295304,0001,1,,02,20251021,20251021,RJ,5867
63296609,0001,1,MOOV ACADEMIA,02,20251021,20251021,DF,9701
63297314,0001,1,PLAY CT - CROSS TRAINING,02,20251021,20251021,BA,3509
52546750,0004,2,CT STAR ACADEMIA,02,20251021,20251021,MS,9003
63304108,0001,1,STUDIO FITNESS & SAUDE,02,20251022,20251022,SP,6579
63311154,0001,1,M4 ACADEMIA,02,20251022,20251022,DF,9701
63316581,0001,1,ROCHA ACADEMIA,02,20251022,20251022,GO,9227
63317927,0001,1,ROTA ARENA,02,20251022,20251022,PA,0411
63326784,0001,1,CROSSFIT OLIVEIRA,02,20251023,20251023,MG,4123
63327929,0001,1,WELLNESS FIT CLUB,02,20251023,20251023,RJ,6001
63338127,0001,1,,02,20250408,20250408,CE,1389
63339708,0001,1,E.HEALTH SAUDE E BEM-ESTAR,02,20251023,20251023,SP,7107
63341734,0001,1,STUDIO CORPO E MENTE PILATES,02,20251023,20251023,PR,7535
63345917,0001,1,BVPS STUDIOS,02,20251024,20251024,CE,1389
63351915,0001,1,,02,20251024,20251024,MG,4079
63352904,0001,1,MOVE&CARE INSTITUTE,02,20251024,20251024,SP,7107
63354131,0001,1,PANOBIANCO IBIPORA,02,20251024,20251024,PR,7591
63358136,0001,1,ACADEMIA FORCA E CIA,02,20251024,20251024,MG,4625
11487788,0002,2,ESTACAO FITNESS,02,20251024,20251024,PR,7427
63362375,0001,1,4BEACH GYM IGUATEMI,02,20251024,20251024,BA,3849
63362385,0001,1,,02,20251024,20251024,SP,6929
63371856,0001,1,,02,20251026,20251026,RS,8507
63377574,0001,1,PANOBIANCO PILARES RJ,02,20251027,20251027,RJ,6001
63381173,0001,1,ESTUDIO DRISHTI,02,20251027,20251027,SP,6681
63385852,0001,1,GARDEN GOLD ACADEMIA CIDADE NOVA,02,20251027,20251027,MG,4939
63387169,0001,1,,02,20251027,20251027,MG,4199
63393544,0001,1,HALTERNATIVA,02,20251028,20251028,RJ,5865
63424638,0001,1,,02,20251029,20251029,BA,3849
63439081,0001,1,ACADEMIA POWER FIT,08,20260223,20251030,MG,4123
63439995,0001,1,,02,20251015,20251015,DF,9701
63441163,0001,1,REALIZE STUDIO DE PILATES E FISIOTERAPIA,02,20251030,20251030,BA,3313
63443425,0001,1,STUDIO SK,02,20251030,20251030,SP,7107
63446095,0001,1,BJJ LIFE ACADEMIA,02,20251030,20251030,PR,7493
63451598,0001,1,SKYFIT CNP,02,20251031,20251031,MT,9777
63452132,0001,1,,02,20251031,20251031,MG,4371
63459128,0001,1,,02,20251031,20251031,RS,8777
63459239,0001,1,INSTITUTO PERFORMANCE TOTAL,02,20251031,20251031,ES,5703
63460030,0001,1,,02,20251031,20251031,SP,7071
63461564,0001,1,,02,20251031,20251031,PE,2521
63474230,0001,1,INSANO ACADEMIA,02,20251102,20251102,PA,0427
24921465,0161,2,,02,20251103,20251103,RJ,6001
63479979,0001,1,,02,20251103,20251103,PR,7525
63482387,0001,1,STUDIO A,02,20251103,20251103,MS,9051
63484367,0001,1,,02,20251103,20251103,MT,9067
63488358,0001,1,EVO FITNESS STUDIO,02,20251103,20251103,PB,2225
07594978,0800,2,,02,20251103,20251103,DF,9701
63490081,0001,1,,02,20251103,20251103,RJ,5833
63491065,0001,1,MOB PILATES,02,20251103,20251103,SP,7057
63495396,0001,1,STRONGBOX TRAINING,02,20251103,20251103,PA,0503
22902694,0171,2,,02,20251104,20251104,RN,1761
63506863,0001,1,STUDIO ATLAS LTDA,02,20251104,20251104,MG,5133
63508911,0001,1,,02,20251104,20251104,SC,8067
63509912,0001,1,STUDIO CAROLINE RIBEIRO LTDA,02,20251104,20251104,SP,6563
63516537,0001,1,ACADEMIA SPARTA MAIS SAUDE,02,20251104,20251104,SP,7109
63525961,0001,1,,02,20251105,20251105,SP,6333
63536234,0001,1,LG ASSESSORIA ESPORTIVA,02,20251105,20251105,SP,6425
62952303,0001,1,IRON CLUB ZN,02,20250929,20250929,PE,2531
63344567,0001,1,,02,20251023,20251023,BA,3849
63545683,0001,1,STUDIO EQUILIBRIUM,02,20251106,20251106,MG,4553
63550076,0001,1,FENYX ACADEMY,02,20251106,20251106,PB,1923
63560980,0001,1,,02,20251107,20251107,SP,6291
63568246,0001,1,,02,20251107,20251107,PE,2513
63577911,0001,1,MV STUDIO,02,20251108,20251108,RS,8791
58420964,0005,2,MOVFIT NOVA REPUBLICA,02,20251110,20251110,PA,0535
00318069,0064,2,,02,20251110,20251110,SP,7107
63592085,0001,1,TOP FITNESS ACADEMIA,02,20251110,20251110,PA,0451
63593200,0001,1,CORE STUDIO DE PILATES,02,20251110,20251110,MG,5343
63599491,0001,1,LUNARIS STUDIO LTDA,02,20251110,20251110,RJ,5849
63606316,0001,1,B W,02,20251111,20251111,SP,7107
