nome,uf,populacao
Alta Floresta D'Oeste,RO,22787
Ariquemes,RO,109170
Cabixi,RO,5664
Cacoal,RO,98280
Cerejeiras,RO,16966
Colorado do Oeste,RO,16508
Corumbiara,RO,7968
Costa Marques,RO,13510
Espigão D'Oeste,RO,32842
Guajará-Mirim,RO,43594
Jaru,RO,55682
Ji-Paraná,RO,140101
Machadinho D'Oeste,RO,34149
Nova Brasilândia D'Oeste,RO,16374
Ouro Preto do Oeste,RO,38684
Pimenta Bueno,RO,39220
Porto Velho,RO,517709
Presidente Médici,RO,20443
Rio Crespo,RO,3767
Rolim de Moura,RO,62959
Santa Luzia D'Oeste,RO,7837
Vilhena,RO,109651
São Miguel do Guaporé,RO,22305
Nova Mamoré,RO,28701
Alvorada D'Oeste,RO,13720
Alto Alegre dos Parecis,RO,12237
Alto Paraíso,RO,17467
Buritis,RO,30649
Novo Horizonte do Oeste,RO,7972
Cacaulândia,RO,4292
Campo Novo de Rondônia,RO,9095
Candeias do Jamari,RO,24313
Castanheiras,RO,3450
Chupinguaia,RO,10191
Cujubim,RO,15877
Governador Jorge Teixeira,RO,8340
Itapuã do Oeste,RO,9228
Ministro Andreazza,RO,6519
Mirante da Serra,RO,9657
Monte Negro,RO,12168
Nova União,RO,6541
Parecis,RO,4372
Pimenteiras do Oeste,RO,2309
Primavera de Rondônia,RO,3268
São Felipe D'Oeste,RO,5588
São Francisco do Guaporé,RO,17557
Seringueiras,RO,12965
Teixeirópolis,RO,4521
Theobroma,RO,8459
Urupá,RO,11314
Vale do Anari,RO,8220
Vale do Paraíso,RO,6790
Acrelândia,AC,14712
Assis Brasil,AC,8648
Brasiléia,AC,28028
Bujari,AC,13928
Capixaba,AC,10981
Cruzeiro do Sul,AC,98916
Epitaciolândia,AC,19874
Feijó,AC,37764
Jordão,AC,9884
Mâncio Lima,AC,20479
Manoel Urbano,AC,12923
Marechal Thaumaturgo,AC,18057
Plácido de Castro,AC,17107
Porto Walter,AC,11333
Rio Branco,AC,389001
Rodrigues Alves,AC,15560
Santa Rosa do Purus,AC,7217
Senador Guiomard,AC,22402
Sena Madureira,AC,44049
Tarauacá,AC,46816
Xapuri,AC,19170
Porto Acre,AC,17523
Alvarães,AM,16806
Amaturá,AM,11533
Anamã,AM,9981
Anori,AM,18056
Apuí,AM,21781
Atalaia do Norte,AM,15889
Autazes,AM,45960
Barcelos,AM,18210
Barreirinha,AM,33722
Benjamin Constant,AM,40908
Beruri,AM,22495
Boa Vista do Ramos,AM,26479
Boca do Acre,AM,38792
Borba,AM,34869
Caapiranga,AM,14806
Canutama,AM,18109
Carauari,AM,31130
Careiro,AM,32336
Careiro da Várzea,AM,20324
Coari,AM,73576
Codajás,AM,24572
Eirunepé,AM,35793
Envira,AM,17985
Fonte Boa,AM,28227
Guajará,AM,14344
Humaitá,AM,63454
Ipixuna,AM,25629
Iranduba,AM,68862
Itacoatiara,AM,113917
Itamarati,AM,11956
Itapiranga,AM,10955
Japurá,AM,9420
Juruá,AM,11093
Jutaí,AM,28202
Lábrea,AM,49469
Manacapuru,AM,111751
Manaquiri,AM,16211
Manaus,AM,2303732
Manicoré,AM,58018
Maraã,AM,15815
Maués,AM,66336
Nhamundá,AM,21251
Nova Olinda do Norte,AM,28123
Novo Airão,AM,16562
Novo Aripuanã,AM,25325
Parintins,AM,101855
Pauini,AM,20229
Presidente Figueiredo,AM,33291
Rio Preto da Eva,AM,25364
Santa Isabel do Rio Negro,AM,13947
Santo Antônio do Içá,AM,30679
São Gabriel da Cachoeira,AM,57396
São Paulo de Olivença,AM,35442
São Sebastião do Uatumã,AM,12338
Silves,AM,12619
Tabatinga,AM,73348
Tapauá,AM,20728
Tefé,AM,80137
Tonantins,AM,20257
Uarini,AM,15640
Urucará,AM,19617
Urucurituba,AM,25965
Amajari,RR,16112
Alto Alegre,RR,23589
Boa Vista,RR,485477
Bonfim,RR,15570
Cantá,RR,21102
Caracaraí,RR,22750
Caroebe,RR,12004
Iracema,RR,10937
Mucajaí,RR,20006
Normandia,RR,16323
Pacaraima,RR,23112
Rorainópolis,RR,37787
São João da Baliza,RR,9969
São Luiz do Anauá,RR,7848
Uiramutã,RR,16186
Abaetetuba,PA,172344
Abel Figueiredo,PA,6275
Acará,PA,63110
Afuá,PA,40473
Água Azul do Norte,PA,17596
Alenquer,PA,75882
Almeirim,PA,36442
Altamira,PA,138749
Anajás,PA,30247
Ananindeua,PA,509227
Anapu,PA,35638
Augusto Corrêa,PA,47912
Aurora do Pará,PA,24193
Aveiro,PA,19380
Bagre,PA,35147
Baião,PA,56850
Bannach,PA,4290
Barcarena,PA,139076
Belém,PA,1397315
Belterra,PA,19075
Benevides,PA,68962
Bom Jesus do Tocantins,PA,19129
Bonito,PA,12961
Bragança,PA,132489
Brasil Novo,PA,27130
Brejo Grande do Araguaia,PA,6966
Breu Branco,PA,47066
Breves,PA,116058
Bujaru,PA,25065
Cachoeira do Piriá,PA,19223
Cachoeira do Arari,PA,25467
Cametá,PA,144859
Canaã dos Carajás,PA,89524
Capanema,PA,75309
Capitão Poço,PA,60318
Castanhal,PA,209126
Chaves,PA,21501
Colares,PA,13625
Conceição do Araguaia,PA,47144
Concórdia do Pará,PA,28270
Cumaru do Norte,PA,15150
Curionópolis,PA,20975
Curralinho,PA,36814
Curuá,PA,14954
Curuçá,PA,44880
Dom Eliseu,PA,62823
Eldorado do Carajás,PA,29287
Faro,PA,9167
Floresta do Araguaia,PA,18595
Garrafão do Norte,PA,25558
Goianésia do Pará,PA,26703
Gurupá,PA,34137
Igarapé-Açu,PA,37925
Igarapé-Miri,PA,69446
Inhangapi,PA,10784
Ipixuna do Pará,PA,29264
Irituia,PA,32740
Itaituba,PA,135369
Itupiranga,PA,52201
Jacareacanga,PA,26579
Jacundá,PA,37726
Juruti,PA,54255
Limoeiro do Ajuru,PA,32088
Mãe do Rio,PA,37473
Magalhães Barata,PA,8439
Marabá,PA,290975
Maracanã,PA,27129
Marapanim,PA,28159
Marituba,PA,119437
Medicilândia,PA,28677
Melgaço,PA,30080
Mocajuba,PA,28903
Moju,PA,91760
Mojuí dos Campos,PA,25818
Monte Alegre,PA,64002
Muaná,PA,49648
Nova Esperança do Piriá,PA,21304
Nova Ipixuna,PA,14400
Nova Timboteua,PA,13175
Novo Progresso,PA,37054
Novo Repartimento,PA,63796
Óbidos,PA,55527
Oeiras do Pará,PA,36734
Oriximiná,PA,72889
Ourém,PA,18783
Ourilândia do Norte,PA,35252
Pacajá,PA,43741
Palestina do Pará,PA,7063
Paragominas,PA,113498
Parauapebas,PA,305771
Pau D'Arco,PA,7354
Peixe-Boi,PA,8686
Piçarra,PA,13366
Placas,PA,18510
Ponta de Pedras,PA,25736
Portel,PA,67580
Porto de Moz,PA,44121
Prainha,PA,38733
Primavera,PA,11379
Quatipuru,PA,11838
Redenção,PA,92694
Rio Maria,PA,19190
Rondon do Pará,PA,57031
Rurópolis,PA,37198
Salinópolis,PA,48663
Salvaterra,PA,25687
Santa Bárbara do Pará,PA,22530
Santa Cruz do Arari,PA,7626
Santa Izabel do Pará,PA,79195
Santa Luzia do Pará,PA,21295
Santa Maria das Barreiras,PA,17065
Santa Maria do Pará,PA,25815
Santana do Araguaia,PA,30455
Santarém,PA,360871
Santarém Novo,PA,6355
Santo Antônio do Tauá,PA,29234
São Caetano de Odivelas,PA,17258
São Domingos do Araguaia,PA,21555
São Domingos do Capim,PA,32554
São Félix do Xingu,PA,64651
São Francisco do Pará,PA,15429
São Geraldo do Araguaia,PA,24929
São João da Ponta,PA,4470
São João de Pirabas,PA,21477
São João do Araguaia,PA,14293
São Miguel do Guamá,PA,55970
São Sebastião da Boa Vista,PA,27651
Sapucaia,PA,6212
Senador José Porfírio,PA,24989
Soure,PA,25315
Tailândia,PA,75290
Terra Alta,PA,10837
Terra Santa,PA,19792
Tomé-Açu,PA,73058
Tracuateua,PA,30494
Trairão,PA,15550
Tucumã,PA,42883
Tucuruí,PA,96119
Ulianópolis,PA,39360
Uruará,PA,45962
Vigia,PA,54062
Viseu,PA,62189
Vitória do Xingu,PA,16552
Xinguara,PA,57768
Serra do Navio,AP,5003
Amapá,AP,8440
Pedra Branca do Amapari,AP,13888
Calçoene,AP,11461
Cutias,AP,4723
Ferreira Gomes,AP,7184
Itaubal,AP,6097
Laranjal do Jari,AP,37872
Macapá,AP,489676
Mazagão,AP,23773
Oiapoque,AP,30786
Porto Grande,AP,19048
Pracuúba,AP,4048
Santana,AP,118803
Tartarugalzinho,AP,13816
Vitória do Jari,AP,11899
Abreulândia,TO,2682
Aguiarnópolis,TO,4502
Aliança do Tocantins,TO,5196
Almas,TO,6483
Alvorada,TO,9128
Ananás,TO,10700
Angico,TO,2903
Aparecida do Rio Negro,TO,5110
Aragominas,TO,5330
Araguacema,TO,6022
Araguaçu,TO,8242
Araguaína,TO,183024
Araguanã,TO,4300
Araguatins,TO,33286
Arapoema,TO,5488
Arraias,TO,10511
Augustinópolis,TO,18237
Aurora do Tocantins,TO,3418
Axixá do Tocantins,TO,10732
Babaçulândia,TO,7636
Bandeirantes do Tocantins,TO,3555
Barra do Ouro,TO,4667
Barrolândia,TO,4890
Bernardo Sayão,TO,4307
Bom Jesus do Tocantins,TO,4201
Brasilândia do Tocantins,TO,2013
Brejinho de Nazaré,TO,4774
Buriti do Tocantins,TO,10696
Cachoeirinha,TO,1982
Campos Lindos,TO,8990
Cariri do Tocantins,TO,4166
Carmolândia,TO,2242
Carrasco Bonito,TO,3344
Caseara,TO,5028
Centenário,TO,2111
Chapada de Areia,TO,1574
Chapada da Natividade,TO,3176
Colinas do Tocantins,TO,36209
Combinado,TO,4906
Conceição do Tocantins,TO,3942
Couto Magalhães,TO,5540
Cristalândia,TO,6392
Crixás do Tocantins,TO,1494
Darcinópolis,TO,6093
Dianópolis,TO,17966
Divinópolis do Tocantins,TO,7343
Dois Irmãos do Tocantins,TO,6352
Dueré,TO,4304
Esperantina,TO,7385
Fátima,TO,3503
Figueirópolis,TO,5334
Filadélfia,TO,7784
Formoso do Araguaia,TO,19473
Tabocão,TO,3741
Goianorte,TO,4832
Goiatins,TO,12851
Guaraí,TO,25831
Gurupi,TO,90209
Ipueiras,TO,1626
Itacajá,TO,6959
Itaguatins,TO,5160
Itapiratins,TO,3685
Itaporã do Tocantins,TO,2464
Jaú do Tocantins,TO,3396
Juarina,TO,2308
Lagoa da Confusão,TO,16629
Lagoa do Tocantins,TO,3613
Lajeado,TO,3559
Lavandeira,TO,1676
Lizarda,TO,2950
Luzinópolis,TO,2811
Marianópolis do Tocantins,TO,4793
Mateiros,TO,2922
Maurilândia do Tocantins,TO,3171
Miracema do Tocantins,TO,18679
Miranorte,TO,13073
Monte do Carmo,TO,5667
Monte Santo do Tocantins,TO,2521
Palmeiras do Tocantins,TO,4850
Muricilândia,TO,3501
Natividade,TO,8956
Nazaré,TO,4672
Nova Olinda,TO,10600
Nova Rosalândia,TO,3382
Novo Acordo,TO,4118
Novo Alegre,TO,1817
Novo Jardim,TO,2251
Oliveira de Fátima,TO,1220
Palmeirante,TO,4905
Palmeirópolis,TO,7104
Paraíso do Tocantins,TO,55704
Paranã,TO,10877
Pau D'Arco,TO,4057
Pedro Afonso,TO,14895
Peixe,TO,9384
Pequizeiro,TO,5035
Colméia,TO,9155
Pindorama do Tocantins,TO,4599
Piraquê,TO,2229
Pium,TO,7408
Ponte Alta do Bom Jesus,TO,4280
Ponte Alta do Tocantins,TO,7874
Porto Alegre do Tocantins,TO,2960
Porto Nacional,TO,69551
Praia Norte,TO,9552
Presidente Kennedy,TO,3016
Pugmil,TO,2223
Recursolândia,TO,3454
Riachinho,TO,4029
Rio da Conceição,TO,1827
Rio dos Bois,TO,2845
Rio Sono,TO,4718
Sampaio,TO,4397
Sandolândia,TO,3900
Santa Fé do Araguaia,TO,7533
Santa Maria do Tocantins,TO,2716
Santa Rita do Tocantins,TO,2299
Santa Rosa do Tocantins,TO,4799
Santa Tereza do Tocantins,TO,2907
Santa Terezinha do Tocantins,TO,2461
São Bento do Tocantins,TO,6004
São Félix do Tocantins,TO,1897
São Miguel do Tocantins,TO,14116
São Salvador do Tocantins,TO,2356
São Sebastião do Tocantins,TO,4182
São Valério,TO,4554
Silvanópolis,TO,5259
Sítio Novo do Tocantins,TO,11446
Sucupira,TO,1591
Taguatinga,TO,14199
Taipas do Tocantins,TO,2092
Talismã,TO,2505
Palmas,TO,328499
Tocantínia,TO,7802
Tocantinópolis,TO,23225
Tupirama,TO,2024
Tupiratins,TO,1886
Wanderlândia,TO,10734
Xambioá,TO,10636
Açailândia,MA,110611
Afonso Cunha,MA,6303
Água Doce do Maranhão,MA,12461
Alcântara,MA,18721
Aldeias Altas,MA,23776
Altamira do Maranhão,MA,6549
Alto Alegre do Maranhão,MA,24528
Alto Alegre do Pindaré,MA,26321
Alto Parnaíba,MA,11392
Amapá do Maranhão,MA,7380
Amarante do Maranhão,MA,38335
Anajatuba,MA,26250
Anapurus,MA,14113
Apicum-Açu,MA,18033
Araguanã,MA,11297
Araioses,MA,40231
Arame,MA,26089
Arari,MA,30555
Axixá,MA,12091
Bacabal,MA,107755
Bacabeira,MA,17459
Bacuri,MA,16591
Bacurituba,MA,5375
Balsas,MA,105974
Barão de Grajaú,MA,19493
Barra do Corda,MA,87757
Barreirinhas,MA,68234
Belágua,MA,8751
Bela Vista do Maranhão,MA,12104
Benedito Leite,MA,5599
Bequimão,MA,19968
Bernardo do Mearim,MA,5989
Boa Vista do Gurupi,MA,7781
Bom Jardim,MA,33936
Bom Jesus das Selvas,MA,29606
Bom Lugar,MA,12371
Brejo,MA,35354
Brejo de Areia,MA,9363
Buriti,MA,30866
Buriti Bravo,MA,22938
Buriticupu,MA,56733
Buritirana,MA,13125
Cachoeira Grande,MA,10032
Cajapió,MA,10336
Cajari,MA,16680
Campestre do Maranhão,MA,12536
Cândido Mendes,MA,20440
Cantanhede,MA,25059
Capinzal do Norte,MA,11681
Carolina,MA,24619
Carutapera,MA,24906
Caxias,MA,163546
Cedral,MA,10446
Central do Maranhão,MA,7220
Centro do Guilherme,MA,12693
Centro Novo do Maranhão,MA,16477
Chapadinha,MA,84395
Cidelândia,MA,13141
Codó,MA,118283
Coelho Neto,MA,42841
Colinas,MA,41788
Conceição do Lago-Açu,MA,15278
Coroatá,MA,61337
Cururupu,MA,32602
Davinópolis,MA,14828
Dom Pedro,MA,23594
Duque Bacelar,MA,10443
Esperantinópolis,MA,18734
Estreito,MA,34321
Feira Nova do Maranhão,MA,8237
Fernando Falcão,MA,11219
Formosa da Serra Negra,MA,18150
Fortaleza dos Nogueiras,MA,12963
Fortuna,MA,17347
Godofredo Viana,MA,10424
Gonçalves Dias,MA,17580
Governador Archer,MA,10476
Governador Edison Lobão,MA,18963
Governador Eugênio Barros,MA,14264
Governador Luiz Rocha,MA,7216
Governador Newton Bello,MA,10993
Governador Nunes Freire,MA,23526
Graça Aranha,MA,6160
Grajaú,MA,76837
Guimarães,MA,10439
Humberto de Campos,MA,26550
Icatu,MA,25332
Igarapé do Meio,MA,14383
Igarapé Grande,MA,10461
Imperatriz,MA,285806
Itaipava do Grajaú,MA,14142
Itapecuru Mirim,MA,62264
Itinga do Maranhão,MA,22896
Jatobá,MA,7593
Jenipapo dos Vieiras,MA,17529
João Lisboa,MA,25311
Joselândia,MA,15227
Junco do Maranhão,MA,5282
Lago da Pedra,MA,45865
Lago do Junco,MA,9687
Lago Verde,MA,15069
Lagoa do Mato,MA,10806
Lago dos Rodrigues,MA,8962
Lagoa Grande do Maranhão,MA,11731
Lajeado Novo,MA,7232
Lima Campos,MA,11559
Loreto,MA,11884
Luís Domingues,MA,7366
Magalhães de Almeida,MA,13933
Maracaçumé,MA,21730
Marajá do Sena,MA,7153
Maranhãozinho,MA,14092
Mata Roma,MA,17581
Matinha,MA,22540
Matões,MA,33327
Matões do Norte,MA,18021
Milagres do Maranhão,MA,9065
Mirador,MA,21536
Miranda do Norte,MA,24373
Mirinzal,MA,14298
Monção,MA,28563
Montes Altos,MA,9306
Morros,MA,19015
Nina Rodrigues,MA,14589
Nova Colinas,MA,5148
Nova Iorque,MA,4409
Nova Olinda do Maranhão,MA,14379
Olho d'Água das Cunhãs,MA,18288
Olinda Nova do Maranhão,MA,13921
Paço do Lumiar,MA,153158
Palmeirândia,MA,21657
Paraibano,MA,18589
Parnarama,MA,32232
Passagem Franca,MA,17591
Pastos Bons,MA,19266
Paulino Neves,MA,17578
Paulo Ramos,MA,20798
Pedreiras,MA,38252
Pedro do Rosário,MA,24955
Penalva,MA,33496
Peri Mirim,MA,11229
Peritoró,MA,20903
Pindaré-Mirim,MA,32542
Pinheiro,MA,88091
Pio XII,MA,22374
Pirapemas,MA,18132
Poção de Pedras,MA,17394
Porto Franco,MA,24571
Porto Rico do Maranhão,MA,6092
Presidente Dutra,MA,46606
Presidente Juscelino,MA,11616
Presidente Médici,MA,4717
Presidente Sarney,MA,17925
Presidente Vargas,MA,10791
Primeira Cruz,MA,13920
Raposa,MA,32156
Riachão,MA,22740
Ribamar Fiquene,MA,7601
Rosário,MA,39761
Sambaíba,MA,6234
Santa Filomena do Maranhão,MA,6833
Santa Helena,MA,43200
Santa Inês,MA,88249
Santa Luzia,MA,58839
Santa Luzia do Paruá,MA,24890
Santa Quitéria do Maranhão,MA,24495
Santa Rita,MA,38542
Santana do Maranhão,MA,10759
Santo Amaro do Maranhão,MA,14287
Santo Antônio dos Lopes,MA,14628
São Benedito do Rio Preto,MA,18810
São Bento,MA,48166
São Bernardo,MA,27910
São Domingos do Azeitão,MA,8236
São Domingos do Maranhão,MA,35247
São Félix de Balsas,MA,4491
São Francisco do Brejão,MA,9202
São Francisco do Maranhão,MA,12360
São João Batista,MA,18889
São João do Carú,MA,12360
São João do Paraíso,MA,10091
São João do Soter,MA,17253
São João dos Patos,MA,25910
São José de Ribamar,MA,259164
São José dos Basílios,MA,7094
São Luís,MA,1089215
São Luís Gonzaga do Maranhão,MA,18123
São Mateus do Maranhão,MA,40177
São Pedro da Água Branca,MA,14786
São Pedro dos Crentes,MA,5993
São Raimundo das Mangabeiras,MA,19158
São Raimundo do Doca Bezerra,MA,5761
São Roberto,MA,4577
São Vicente Ferrer,MA,19865
Satubinha,MA,8821
Senador Alexandre Costa,MA,10447
Senador La Rocque,MA,15044
Serrano do Maranhão,MA,10475
Sítio Novo,MA,17464
Sucupira do Norte,MA,10471
Sucupira do Riachão,MA,5081
Tasso Fragoso,MA,9130
Timbiras,MA,27328
Timon,MA,182711
Trizidela do Vale,MA,23097
Tufilândia,MA,5633
Tuntum,MA,37364
Turiaçu,MA,38993
Turilândia,MA,33219
Tutóia,MA,55076
Urbano Santos,MA,34143
Vargem Grande,MA,44444
Viana,MA,53176
Vila Nova dos Martírios,MA,10561
Vitória do Mearim,MA,31859
Vitorino Freire,MA,31920
Zé Doca,MA,41815
Acauã,PI,6323
Agricolândia,PI,5016
Água Branca,PI,18095
Alagoinha do Piauí,PI,6876
Alegrete do Piauí,PI,4707
Alto Longá,PI,13729
Altos,PI,50094
Alvorada do Gurguéia,PI,5474
Amarante,PI,17594
Angical do Piauí,PI,6991
Anísio de Abreu,PI,9649
Antônio Almeida,PI,3234
Aroazes,PI,5413
Aroeiras do Itaim,PI,2777
Arraial,PI,4517
Assunção do Piauí,PI,7596
Avelino Lopes,PI,11118
Baixa Grande do Ribeiro,PI,13983
Barra D'Alcântara,PI,4099
Barras,PI,49703
Barreiras do Piauí,PI,3336
Barro Duro,PI,6731
Batalha,PI,27129
Bela Vista do Piauí,PI,4225
Belém do Piauí,PI,3515
Beneditinos,PI,10093
Bertolínia,PI,5715
Betânia do Piauí,PI,6596
Boa Hora,PI,7140
Bocaina,PI,4118
Bom Jesus,PI,30658
Bom Princípio do Piauí,PI,5805
Bonfim do Piauí,PI,6117
Boqueirão do Piauí,PI,6751
Brasileira,PI,8684
Brejo do Piauí,PI,3964
Buriti dos Lopes,PI,20130
Buriti dos Montes,PI,7517
Cabeceiras do Piauí,PI,10466
Cajazeiras do Piauí,PI,3135
Cajueiro da Praia,PI,8246
Caldeirão Grande do Piauí,PI,5602
Campinas do Piauí,PI,4964
Campo Alegre do Fidalgo,PI,4698
Campo Grande do Piauí,PI,6211
Campo Largo do Piauí,PI,7669
Campo Maior,PI,47119
Canavieira,PI,3404
Canto do Buriti,PI,19639
Capitão de Campos,PI,11362
Capitão Gervásio Oliveira,PI,4071
Caracol,PI,10546
Caraúbas do Piauí,PI,5581
Caridade do Piauí,PI,5176
Castelo do Piauí,PI,19669
Caxingó,PI,5682
Cocal,PI,29302
Cocal de Telha,PI,5046
Cocal dos Alves,PI,6596
Coivaras,PI,4249
Colônia do Gurguéia,PI,6294
Colônia do Piauí,PI,7067
Conceição do Canindé,PI,5078
Coronel José Dias,PI,4291
Corrente,PI,28381
Cristalândia do Piauí,PI,7431
Cristino Castro,PI,10801
Curimatá,PI,11581
Currais,PI,4977
Curralinhos,PI,4555
Curral Novo do Piauí,PI,5191
Demerval Lobão,PI,17139
Dirceu Arcoverde,PI,7259
Dom Expedito Lopes,PI,6410
Domingos Mourão,PI,4129
Dom Inocêncio,PI,9332
Elesbão Veloso,PI,13743
Eliseu Martins,PI,4421
Esperantina,PI,42710
Fartura do Piauí,PI,5426
Flores do Piauí,PI,4512
Floresta do Piauí,PI,2354
Floriano,PI,64393
Francinópolis,PI,4481
Francisco Ayres,PI,4548
Francisco Macedo,PI,2985
Francisco Santos,PI,8349
Fronteiras,PI,10344
Geminiano,PI,5604
Gilbués,PI,11193
Guadalupe,PI,10480
Guaribas,PI,4344
Hugo Napoleão,PI,3550
Ilha Grande,PI,9522
Inhuma,PI,15268
Ipiranga do Piauí,PI,9627
Isaías Coelho,PI,7867
Itainópolis,PI,10969
Itaueira,PI,10477
Jacobina do Piauí,PI,5711
Jaicós,PI,17789
Jardim do Mulato,PI,4235
Jatobá do Piauí,PI,4560
Jerumenha,PI,4606
João Costa,PI,3033
Joaquim Pires,PI,14265
Joca Marques,PI,5552
José de Freitas,PI,44689
Juazeiro do Piauí,PI,5308
Júlio Borges,PI,5501
Jurema,PI,4501
Lagoinha do Piauí,PI,3044
Lagoa Alegre,PI,8464
Lagoa do Barro do Piauí,PI,5171
Lagoa de São Francisco,PI,6446
Lagoa do Piauí,PI,5017
Lagoa do Sítio,PI,4559
Landri Sales,PI,5309
Luís Correia,PI,31901
Luzilândia,PI,26143
Madeiro,PI,8231
Manoel Emídio,PI,5315
Marcolândia,PI,8822
Marcos Parente,PI,4863
Massapê do Piauí,PI,5165
Matias Olímpio,PI,10886
Miguel Alves,PI,33074
Miguel Leão,PI,1355
Milton Brandão,PI,6681
Monsenhor Gil,PI,10513
Monsenhor Hipólito,PI,7762
Monte Alegre do Piauí,PI,10928
Morro Cabeça no Tempo,PI,4456
Morro do Chapéu do Piauí,PI,6548
Murici dos Portelas,PI,10210
Nazaré do Piauí,PI,6697
Nazária,PI,10821
Nossa Senhora de Nazaré,PI,5442
Nossa Senhora dos Remédios,PI,8751
Novo Oriente do Piauí,PI,6158
Novo Santo Antônio,PI,2888
Oeiras,PI,39687
Olho D'Água do Piauí,PI,2730
Padre Marcos,PI,6468
Paes Landim,PI,4176
Pajeú do Piauí,PI,3032
Palmeira do Piauí,PI,5047
Palmeirais,PI,13458
Paquetá,PI,3873
Parnaguá,PI,10282
Parnaíba,PI,170491
Passagem Franca do Piauí,PI,4222
Patos do Piauí,PI,5427
Pau D'Arco do Piauí,PI,3979
Paulistana,PI,21633
Pavussu,PI,3697
Pedro II,PI,39072
Pedro Laurentino,PI,2517
Nova Santa Rita,PI,4142
Picos,PI,86701
Pimenteiras,PI,11487
Pio IX,PI,17948
Piracuruca,PI,29721
Piripiri,PI,67887
Porto,PI,12323
Porto Alegre do Piauí,PI,2382
Prata do Piauí,PI,3096
Queimada Nova,PI,8948
Redenção do Gurguéia,PI,8565
Regeneração,PI,17400
Riacho Frio,PI,4238
Ribeira do Piauí,PI,4105
Ribeiro Gonçalves,PI,6182
Rio Grande do Piauí,PI,5845
Santa Cruz do Piauí,PI,5872
Santa Cruz dos Milagres,PI,3448
Santa Filomena,PI,6210
Santa Luz,PI,5418
Santana do Piauí,PI,4159
Santa Rosa do Piauí,PI,4666
Santo Antônio de Lisboa,PI,5930
Santo Antônio dos Milagres,PI,2169
Santo Inácio do Piauí,PI,3682
São Braz do Piauí,PI,4454
São Félix do Piauí,PI,2879
São Francisco de Assis do Piauí,PI,5713
São Francisco do Piauí,PI,5358
São Gonçalo do Gurguéia,PI,3026
São Gonçalo do Piauí,PI,4985
São João da Canabrava,PI,4359
São João da Fronteira,PI,5608
São João da Serra,PI,6232
São João da Varjota,PI,4430
São João do Arraial,PI,8494
São João do Piauí,PI,22137
São José do Divino,PI,5317
São José do Peixe,PI,3300
São José do Piauí,PI,6733
São Julião,PI,6131
São Lourenço do Piauí,PI,4497
São Luis do Piauí,PI,2277
São Miguel da Baixa Grande,PI,2299
São Miguel do Fidalgo,PI,2864
São Miguel do Tapuio,PI,17911
São Pedro do Piauí,PI,14055
São Raimundo Nonato,PI,41139
Sebastião Barros,PI,3210
Sebastião Leal,PI,4590
Sigefredo Pacheco,PI,9623
Simões,PI,14664
Simplício Mendes,PI,14437
Socorro do Piauí,PI,4165
Sussuapara,PI,6346
Tamboril do Piauí,PI,3040
Tanque do Piauí,PI,2319
Teresina,PI,905692
União,PI,47896
Uruçuí,PI,26779
Valença do Piauí,PI,23025
Várzea Branca,PI,5181
Várzea Grande,PI,4520
Vera Mendes,PI,3282
Vila Nova do Piauí,PI,2972
Wall Ferraz,PI,4195
Abaiara,CE,10269
Acarape,CE,14340
Acaraú,CE,69317
Acopiara,CE,45937
Aiuaba,CE,14115
Alcântaras,CE,11795
Altaneira,CE,6974
Alto Santo,CE,14372
Amontada,CE,44584
Antonina do Norte,CE,7507
Apuiarés,CE,13193
Aquiraz,CE,85316
Aracati,CE,79205
Aracoiaba,CE,26752
Ararendá,CE,11532
Araripe,CE,20194
Aratuba,CE,11427
Arneiroz,CE,7615
Assaré,CE,22195
Aurora,CE,24244
Baixio,CE,5821
Banabuiú,CE,17667
Barbalha,CE,81441
Barreira,CE,23474
Barro,CE,19569
Barroquinha,CE,14998
Baturité,CE,37147
Beberibe,CE,55977
Bela Cruz,CE,34613
Boa Viagem,CE,52133
Brejo Santo,CE,54192
Camocim,CE,65251
Campos Sales,CE,26049
Canindé,CE,77376
Capistrano,CE,17795
Caridade,CE,16234
Cariré,CE,18074
Caririaçu,CE,27532
Cariús,CE,17277
Carnaubal,CE,17815
Cascavel,CE,76866
Catarina,CE,9110
Catunda,CE,10864
Caucaia,CE,378406
Cedro,CE,22564
Chaval,CE,12811
Choró,CE,12352
Chorozinho,CE,20808
Coreaú,CE,21417
Crateús,CE,80130
Crato,CE,139027
Croatá,CE,18050
Cruz,CE,32288
Deputado Irapuan Pinheiro,CE,9173
Ereré,CE,6381
Eusébio,CE,82016
Farias Brito,CE,18498
Forquilha,CE,25298
Fortaleza,CE,2578483
Fortim,CE,18213
Frecheirinha,CE,16516
General Sampaio,CE,6929
Graça,CE,14176
Granja,CE,55809
Granjeiro,CE,4955
Groaíras,CE,11369
Guaiúba,CE,25158
Guaraciaba do Norte,CE,44565
Guaramiranga,CE,5826
Hidrolândia,CE,18186
Horizonte,CE,81161
Ibaretama,CE,12149
Ibiapina,CE,24689
Ibicuitinga,CE,12008
Icapuí,CE,22562
Icó,CE,64745
Iguatu,CE,102588
Independência,CE,24463
Ipaporanga,CE,11963
Ipaumirim,CE,12459
Ipu,CE,43084
Ipueiras,CE,38287
Iracema,CE,14440
Irauçuba,CE,24867
Itaiçaba,CE,7801
Itaitinga,CE,72512
Itapajé,CE,49073
Itapipoca,CE,138978
Itapiúna,CE,18197
Itarema,CE,45852
Itatira,CE,21160
Jaguaretama,CE,17604
Jaguaribara,CE,10668
Jaguaribe,CE,35143
Jaguaruana,CE,33115
Jardim,CE,28801
Jati,CE,8114
Jijoca de Jericoacoara,CE,28198
Juazeiro do Norte,CE,305531
Jucás,CE,24624
Lavras da Mangabeira,CE,32163
Limoeiro do Norte,CE,62623
Madalena,CE,17235
Maracanaú,CE,251613
Maranguape,CE,108622
Marco,CE,27177
Martinópole,CE,11280
Massapê,CE,39840
Mauriti,CE,47501
Meruoca,CE,15853
Milagres,CE,26819
Milhã,CE,14713
Miraíma,CE,14826
Missão Velha,CE,38997
Mombaça,CE,38451
Monsenhor Tabosa,CE,17705
Morada Nova,CE,65390
Moraújo,CE,8537
Morrinhos,CE,23747
Mucambo,CE,13999
Mulungu,CE,11064
Nova Olinda,CE,16045
Nova Russas,CE,32053
Novo Oriente,CE,29097
Ocara,CE,25272
Orós,CE,19943
Pacajus,CE,75454
Pacatuba,CE,86564
Pacoti,CE,11421
Pacujá,CE,6348
Palhano,CE,9709
Palmácia,CE,10252
Paracuru,CE,41894
Paraipaba,CE,34086
Parambu,CE,32867
Paramoti,CE,10462
Pedra Branca,CE,42227
Penaforte,CE,9357
Pentecoste,CE,39903
Pereiro,CE,15858
Pindoretama,CE,24919
Piquet Carneiro,CE,17285
Pires Ferreira,CE,10984
Poranga,CE,12441
Porteiras,CE,17877
Potengi,CE,8854
Potiretama,CE,6128
Quiterianópolis,CE,20545
Quixadá,CE,88846
Quixelô,CE,16998
Quixeramobim,CE,86431
Quixeré,CE,21659
Redenção,CE,28382
Reriutaba,CE,19051
Russas,CE,74834
Saboeiro,CE,13943
Salitre,CE,17303
Santana do Acaraú,CE,32133
Santana do Cariri,CE,17391
Santa Quitéria,CE,41569
São Benedito,CE,50058
São Gonçalo do Amarante,CE,58191
São João do Jaguaribe,CE,5683
São Luís do Curu,CE,10888
Senador Pompeu,CE,25108
Senador Sá,CE,7551
Sobral,CE,216519
Solonópole,CE,18785
Tabuleiro do Norte,CE,32122
Tamboril,CE,25287
Tarrafas,CE,7574
Tauá,CE,64655
Tejuçuoca,CE,17646
Tianguá,CE,86968
Trairi,CE,62004
Tururu,CE,15524
Ubajara,CE,34424
Umari,CE,6963
Umirim,CE,17751
Uruburetama,CE,21331
Uruoca,CE,14308
Varjota,CE,18708
Várzea Alegre,CE,40878
Viçosa do Ceará,CE,62972
Acari,RN,10855
Assú,RN,59099
Afonso Bezerra,RN,11158
Água Nova,RN,3029
Alexandria,RN,14058
Almino Afonso,RN,4802
Alto do Rodrigues,RN,12874
Angicos,RN,11985
Antônio Martins,RN,6730
Apodi,RN,37486
Areia Branca,RN,24607
Arez,RN,13681
Campo Grande,RN,10071
Baía Formosa,RN,9115
Baraúna,RN,28415
Barcelona,RN,4108
Bento Fernandes,RN,4911
Bodó,RN,2360
Bom Jesus,RN,10308
Brejinho,RN,12638
Caiçara do Norte,RN,6479
Caiçara do Rio do Vento,RN,3360
Caicó,RN,63338
Campo Redondo,RN,10510
Canguaretama,RN,30789
Caraúbas,RN,20182
Carnaúba dos Dantas,RN,8296
Carnaubais,RN,10026
Ceará-Mirim,RN,83543
Cerro Corá,RN,11334
Coronel Ezequiel,RN,5233
Coronel João Pessoa,RN,4297
Cruzeta,RN,8245
Currais Novos,RN,42922
Doutor Severiano,RN,7262
Parnamirim,RN,271713
Encanto,RN,6289
Equador,RN,5461
Espírito Santo,RN,10951
Extremoz,RN,68584
Felipe Guerra,RN,6472
Fernando Pedroza,RN,3035
Florânia,RN,10556
Francisco Dantas,RN,2758
Frutuoso Gomes,RN,4230
Galinhos,RN,2159
Goianinha,RN,28422
Governador Dix-Sept Rosado,RN,12231
Grossos,RN,10281
Guamaré,RN,16076
Ielmo Marinho,RN,11889
Ipanguaçu,RN,14560
Ipueira,RN,2090
Itajá,RN,7551
Itaú,RN,5447
Jaçanã,RN,8053
Jandaíra,RN,6752
Janduís,RN,4813
Januário Cicco,RN,8843
Japi,RN,5219
Jardim de Angicos,RN,2488
Jardim de Piranhas,RN,14446
Jardim do Seridó,RN,11942
João Câmara,RN,34849
João Dias,RN,2073
José da Penha,RN,5966
Jucurutu,RN,18304
Jundiá,RN,3868
Lagoa d'Anta,RN,6756
Lagoa de Pedras,RN,7597
Lagoa de Velhos,RN,2631
Lagoa Nova,RN,16203
Lagoa Salgada,RN,8657
Lajes,RN,10094
Lajes Pintadas,RN,4950
Lucrécia,RN,3576
Luís Gomes,RN,9271
Macaíba,RN,87056
Macau,RN,28350
Major Sales,RN,4086
Marcelino Vieira,RN,8083
Martins,RN,8415
Maxaranguape,RN,10534
Messias Targino,RN,4410
Montanhas,RN,11785
Monte Alegre,RN,23953
Monte das Gameleiras,RN,2345
Mossoró,RN,278587
Natal,RN,784249
Nísia Floresta,RN,34325
Nova Cruz,RN,35523
Olho d'Água do Borges,RN,3736
Ouro Branco,RN,5084
Paraná,RN,4048
Paraú,RN,3650
Parazinho,RN,4945
Parelhas,RN,22242
Rio do Fogo,RN,10692
Passa e Fica,RN,11407
Passagem,RN,3233
Patu,RN,11215
Santa Maria,RN,5000
Pau dos Ferros,RN,32123
Pedra Grande,RN,3736
Pedra Preta,RN,2495
Pedro Avelino,RN,6312
Pedro Velho,RN,14197
Pendências,RN,12499
Pilões,RN,2992
Poço Branco,RN,12565
Portalegre,RN,7859
Porto do Mangue,RN,5351
Serra Caiada,RN,11203
Pureza,RN,9752
Rafael Fernandes,RN,5682
Rafael Godeiro,RN,3005
Riacho da Cruz,RN,2724
Riacho de Santana,RN,4245
Riachuelo,RN,7646
Rodolfo Fernandes,RN,4345
Tibau,RN,5748
Ruy Barbosa,RN,3253
Santa Cruz,RN,39101
Santana do Matos,RN,12722
Santana do Seridó,RN,2796
Santo Antônio,RN,22793
São Bento do Norte,RN,3442
São Bento do Trairí,RN,3890
São Fernando,RN,3606
São Francisco do Oeste,RN,4319
São Gonçalo do Amarante,RN,124495
São João do Sabugi,RN,6136
São José de Mipibu,RN,50053
São José do Campestre,RN,11298
São José do Seridó,RN,4733
São Miguel,RN,24422
São Miguel do Gostoso,RN,10636
São Paulo do Potengi,RN,17371
São Pedro,RN,5890
São Rafael,RN,7889
São Tomé,RN,10161
São Vicente,RN,6530
Senador Elói de Souza,RN,6027
Senador Georgino Avelino,RN,4202
Serra de São Bento,RN,5866
Serra do Mel,RN,13819
Serra Negra do Norte,RN,7800
Serrinha,RN,6608
Serrinha dos Pintos,RN,4810
Severiano Melo,RN,5616
Sítio Novo,RN,4746
Taboleiro Grande,RN,2409
Taipu,RN,11708
Tangará,RN,13583
Tenente Ananias,RN,10610
Tenente Laurentino Cruz,RN,6152
Tibau do Sul,RN,18080
Timbaúba dos Batistas,RN,2424
Touros,RN,34767
Triunfo Potiguar,RN,3477
Umarizal,RN,10655
Upanema,RN,14048
Várzea,RN,5387
Venha-Ver,RN,3005
Vera Cruz,RN,11053
Viçosa,RN,1900
Vila Flor,RN,3304
Água Branca,PB,9580
Aguiar,PB,5026
Alagoa Grande,PB,26655
Alagoa Nova,PB,21823
Alagoinha,PB,14140
Alcantil,PB,5806
Algodão de Jandaíra,PB,3143
Alhandra,PB,23065
São João do Rio do Peixe,PB,18500
Amparo,PB,2328
Aparecida,PB,8257
Araçagi,PB,16991
Arara,PB,12482
Araruna,PB,17360
Areia,PB,23031
Areia de Baraúnas,PB,2027
Areial,PB,7434
Aroeiras,PB,19142
Assunção,PB,4383
Baía da Traição,PB,9741
Bananeiras,PB,24134
Baraúna,PB,5010
Barra de Santana,PB,8247
Barra de Santa Rosa,PB,13024
Barra de São Miguel,PB,6123
Bayeux,PB,83862
Belém,PB,16710
Belém do Brejo do Cruz,PB,6272
Bernardino Batista,PB,3677
Boa Ventura,PB,5246
Boa Vista,PB,6592
Bom Jesus,PB,2328
Bom Sucesso,PB,4720
Bonito de Santa Fé,PB,10433
Boqueirão,PB,18216
Igaracy,PB,5719
Borborema,PB,4185
Brejo do Cruz,PB,14095
Brejo dos Santos,PB,5816
Caaporã,PB,21942
Cabaceiras,PB,5537
Cabedelo,PB,70734
Cachoeira dos Índios,PB,9335
Cacimba de Areia,PB,3344
Cacimba de Dentro,PB,16332
Cacimbas,PB,7513
Caiçara,PB,6684
Cajazeiras,PB,66585
Cajazeirinhas,PB,2760
Caldas Brandão,PB,5942
Camalaú,PB,6327
Campina Grande,PB,443911
Capim,PB,7446
Caraúbas,PB,4067
Carrapateira,PB,2365
Casserengue,PB,7052
Catingueira,PB,4556
Catolé do Rocha,PB,32288
Caturité,PB,5544
Conceição,PB,18731
Condado,PB,6629
Conde,PB,30007
Congo,PB,5124
Coremas,PB,14987
Coxixola,PB,1888
Cruz do Espírito Santo,PB,17821
Cubati,PB,7842
Cuité,PB,20208
Cuitegi,PB,6890
Cuité de Mamanguape,PB,6441
Curral de Cima,PB,5415
Curral Velho,PB,2316
Damião,PB,5141
Desterro,PB,8314
Vista Serrana,PB,3772
Diamante,PB,6416
Dona Inês,PB,10638
Duas Estradas,PB,3360
Emas,PB,3036
Esperança,PB,32599
Fagundes,PB,11307
Frei Martinho,PB,2911
Gado Bravo,PB,8398
Guarabira,PB,60057
Gurinhém,PB,14141
Gurjão,PB,3352
Ibiara,PB,5713
Imaculada,PB,10497
Ingá,PB,18234
Itabaiana,PB,23558
Itaporanga,PB,24766
Itapororoca,PB,19165
Itatuba,PB,10840
Jacaraú,PB,14969
Jericó,PB,7728
João Pessoa,PB,897633
Juarez Távora,PB,8088
Juazeirinho,PB,17520
Junco do Seridó,PB,7019
Juripiranga,PB,10255
Juru,PB,9380
Lagoa,PB,4489
Lagoa de Dentro,PB,8123
Lagoa Seca,PB,29209
Lastro,PB,3316
Livramento,PB,7041
Logradouro,PB,5107
Lucena,PB,13088
Mãe d'Água,PB,3599
Malta,PB,6288
Mamanguape,PB,46966
Manaíra,PB,10699
Marcação,PB,9537
Mari,PB,22170
Marizópolis,PB,7001
Massaranduba,PB,14756
Mataraca,PB,8650
Matinhas,PB,4759
Mato Grosso,PB,2584
Maturéia,PB,6717
Mogeiro,PB,14435
Montadas,PB,6144
Monte Horebe,PB,4429
Monteiro,PB,33886
Mulungu,PB,8909
Natuba,PB,8935
Nazarezinho,PB,7394
Nova Floresta,PB,9840
Nova Olinda,PB,5897
Nova Palmeira,PB,4359
Olho d'Água,PB,6059
Olivedos,PB,3675
Ouro Velho,PB,3000
Parari,PB,1745
Passagem,PB,2580
Patos,PB,108104
Paulista,PB,12172
Pedra Branca,PB,3851
Pedra Lavrada,PB,6980
Pedras de Fogo,PB,31356
Piancó,PB,17088
Picuí,PB,18862
Pilar,PB,12889
Pilões,PB,6974
Pilõezinhos,PB,5539
Pirpirituba,PB,9411
Pitimbu,PB,17166
Pocinhos,PB,18038
Poço Dantas,PB,3934
Poço de José de Moura,PB,4126
Pombal,PB,33866
Prata,PB,4032
Princesa Isabel,PB,21674
Puxinanã,PB,14942
Queimadas,PB,50698
Quixaba,PB,1803
Remígio,PB,18399
Pedro Régis,PB,5932
Riachão,PB,2945
Riachão do Bacamarte,PB,4911
Riachão do Poço,PB,4989
Riacho de Santo Antônio,PB,2063
Riacho dos Cavalos,PB,8788
Rio Tinto,PB,25500
Salgadinho,PB,3435
Salgado de São Félix,PB,11741
Santa Cecília,PB,8113
Santa Cruz,PB,6013
Santa Helena,PB,6023
Santa Inês,PB,3256
Santa Luzia,PB,15418
Santana de Mangueira,PB,5090
Santana dos Garrotes,PB,6618
Joca Claudino,PB,2607
Santa Rita,PB,160852
Santa Teresinha,PB,4492
Santo André,PB,2708
São Bento,PB,33845
São Bentinho,PB,4490
São Domingos do Cariri,PB,2688
São Domingos,PB,2624
São Francisco,PB,3176
São João do Cariri,PB,4345
São João do Tigre,PB,4359
São José da Lagoa Tapada,PB,7251
São José de Caiana,PB,4966
São José de Espinharas,PB,4056
São José dos Ramos,PB,6137
São José de Piranhas,PB,19561
São José de Princesa,PB,3323
São José do Bonfim,PB,3337
São José do Brejo do Cruz,PB,1750
São José do Sabugi,PB,4283
São José dos Cordeiros,PB,3462
São Mamede,PB,7629
São Miguel de Taipu,PB,7307
São Sebastião de Lagoa de Roça,PB,11387
São Sebastião do Umbuzeiro,PB,3382
Sapé,PB,53457
São Vicente do Seridó,PB,10652
Serra Branca,PB,14131
Serra da Raiz,PB,3156
Serra Grande,PB,3056
Serra Redonda,PB,6975
Serraria,PB,4754
Sertãozinho,PB,5332
Sobrado,PB,8646
Solânea,PB,27748
Soledade,PB,14409
Sossêgo,PB,3476
Sousa,PB,70066
Sumé,PB,17852
Tacima,PB,7794
Taperoá,PB,14358
Tavares,PB,14473
Teixeira,PB,15129
Tenório,PB,3082
Triunfo,PB,10315
Uiraúna,PB,15431
Umbuzeiro,PB,9274
Várzea,PB,2777
Vieirópolis,PB,4967
Zabelê,PB,2323
Abreu e Lima,PE,104248
Afogados da Ingazeira,PE,42672
Afrânio,PE,19409
Agrestina,PE,24680
Água Preta,PE,26981
Águas Belas,PE,43822
Alagoinha,PE,14460
Aliança,PE,37349
Altinho,PE,21134
Amaraji,PE,18335
Angelim,PE,10591
Araçoiaba,PE,19996
Araripina,PE,90504
Arcoverde,PE,82487
Barra de Guabiraba,PE,12601
Barreiros,PE,42083
Belém de Maria,PE,10798
Belém do São Francisco,PE,18648
Belo Jardim,PE,84033
Betânia,PE,11961
Bezerros,PE,65007
Bodocó,PE,36145
Bom Conselho,PE,46202
Bom Jardim,PE,39289
Bonito,PE,39212
Brejão,PE,9417
Brejinho,PE,8033
Brejo da Madre de Deus,PE,51308
Buenos Aires,PE,13276
Buíque,PE,53489
Cabo de Santo Agostinho,PE,218049
Cabrobó,PE,31762
Cachoeirinha,PE,20673
Caetés,PE,30571
Calçado,PE,11453
Calumbi,PE,5354
Camaragibe,PE,156112
Camocim de São Félix,PE,18018
Camutanga,PE,7962
Canhotinho,PE,25103
Capoeiras,PE,18854
Carnaíba,PE,19533
Carnaubeira da Penha,PE,12712
Carpina,PE,83482
Caruaru,PE,405408
Casinhas,PE,13468
Catende,PE,33086
Cedro,PE,10843
Chã de Alegria,PE,13496
Chã Grande,PE,21258
Condado,PE,25416
Correntes,PE,17670
Cortês,PE,10426
Cumaru,PE,16215
Cupira,PE,24343
Custódia,PE,39609
Dormentes,PE,17850
Escada,PE,62174
Exu,PE,33486
Feira Nova,PE,22222
Fernando de Noronha,PE,3341
Ferreiros,PE,15955
Flores,PE,20776
Floresta,PE,31702
Frei Miguelinho,PE,14055
Gameleira,PE,17583
Garanhuns,PE,151803
Glória do Goitá,PE,30420
Goiana,PE,85497
Granito,PE,7217
Gravatá,PE,92429
Iati,PE,17570
Ibimirim,PE,28825
Ibirajuba,PE,7334
Igarassu,PE,123017
Iguaracy,PE,11347
Inajá,PE,27758
Ingazeira,PE,4975
Ipojuca,PE,106539
Ipubi,PE,30720
Itacuruba,PE,4491
Itaíba,PE,33995
Ilha de Itamaracá,PE,25658
Itambé,PE,36652
Itapetim,PE,14236
Itapissuma,PE,29669
Itaquitinga,PE,17142
Jaboatão dos Guararapes,PE,684293
Jaqueira,PE,10440
Jataúba,PE,16328
Jatobá,PE,14477
João Alfredo,PE,28842
Joaquim Nabuco,PE,13416
Jucati,PE,12023
Jupi,PE,16022
Jurema,PE,14002
Lagoa do Carro,PE,18804
Lagoa de Itaenga,PE,19863
Lagoa do Ouro,PE,12367
Lagoa dos Gatos,PE,14333
Lagoa Grande,PE,24951
Lajedo,PE,41960
Limoeiro,PE,59236
Macaparana,PE,24642
Machados,PE,11387
Manari,PE,27046
Maraial,PE,9322
Mirandiba,PE,14605
Moreno,PE,57654
Nazaré da Mata,PE,32187
Olinda,PE,364717
Orobó,PE,22412
Orocó,PE,14129
Ouricuri,PE,68489
Palmares,PE,56475
Palmeirina,PE,7104
Panelas,PE,23337
Paranatama,PE,12778
Parnamirim,PE,18960
Passira,PE,29744
Paudalho,PE,59924
Paulista,PE,365144
Pedra,PE,23671
Pesqueira,PE,65481
Petrolândia,PE,36104
Petrolina,PE,418444
Poção,PE,10792
Pombos,PE,26942
Primavera,PE,14380
Quipapá,PE,17731
Quixaba,PE,6753
Recife,PE,1588376
Riacho das Almas,PE,21490
Ribeirão,PE,33843
Rio Formoso,PE,20388
Sairé,PE,11213
Salgadinho,PE,5478
Salgueiro,PE,65946
Saloá,PE,14125
Sanharó,PE,18812
Santa Cruz,PE,14342
Santa Cruz da Baixa Verde,PE,11934
Santa Cruz do Capibaribe,PE,104854
Santa Filomena,PE,12360
Santa Maria da Boa Vista,PE,42782
Santa Maria do Cambucá,PE,14586
Santa Terezinha,PE,10487
São Benedito do Sul,PE,13456
São Bento do Una,PE,51165
São Caitano,PE,39243
São João,PE,24895
São Joaquim do Monte,PE,20438
São José da Coroa Grande,PE,19511
São José do Belmonte,PE,36890
São José do Egito,PE,32508
São Lourenço da Mata,PE,118258
São Vicente Férrer,PE,17177
Serra Talhada,PE,98816
Serrita,PE,18764
Sertânia,PE,34271
Sirinhaém,PE,39171
Moreilândia,PE,10839
Solidão,PE,5386
Surubim,PE,67821
Tabira,PE,29180
Tacaimbó,PE,14330
Tacaratu,PE,24898
Tamandaré,PE,24670
Taquaritinga do Norte,PE,25511
Terezinha,PE,6853
Terra Nova,PE,9231
Timbaúba,PE,47312
Toritama,PE,43921
Tracunhaém,PE,14439
Trindade,PE,32257
Triunfo,PE,15141
Tupanatinga,PE,28141
Tuparetama,PE,8261
Venturosa,PE,17563
Verdejante,PE,9483
Vertente do Lério,PE,7776
Vertentes,PE,23127
Vicência,PE,27151
Vitória de Santo Antão,PE,144243
Xexéu,PE,11699
Água Branca,AL,19550
Anadia,AL,14167
Arapiraca,AL,243906
Atalaia,AL,38480
Barra de Santo Antônio,AL,16756
Barra de São Miguel,AL,8123
Batalha,AL,17103
Belém,AL,4819
Belo Monte,AL,5895
Boca da Mata,AL,21479
Branquinha,AL,9779
Cacimbinhas,AL,10705
Cajueiro,AL,16572
Campestre,AL,6808
Campo Alegre,AL,32558
Campo Grande,AL,8285
Canapi,AL,15730
Capela,AL,15051
Carneiros,AL,9206
Chã Preta,AL,6000
Coité do Nóia,AL,11036
Colônia Leopoldina,AL,15915
Coqueiro Seco,AL,5701
Coruripe,AL,51784
Craíbas,AL,26144
Delmiro Gouveia,AL,52845
Dois Riachos,AL,9898
Estrela de Alagoas,AL,15688
Feira Grande,AL,23204
Feliz Deserto,AL,4035
Flexeiras,AL,9745
Girau do Ponciano,AL,37337
Ibateguara,AL,13982
Igaci,AL,24445
Igreja Nova,AL,22113
Inhapi,AL,15396
Jacaré dos Homens,AL,5180
Jacuípe,AL,5419
Japaratinga,AL,9457
Jaramataia,AL,5069
Jequiá da Praia,AL,9607
Joaquim Gomes,AL,17342
Jundiá,AL,4175
Junqueiro,AL,24382
Lagoa da Canoa,AL,18836
Limoeiro de Anadia,AL,25184
Maceió,AL,994952
Major Isidoro,AL,17828
Maragogi,AL,33269
Maravilha,AL,9709
Marechal Deodoro,AL,62477
Maribondo,AL,13970
Mar Vermelho,AL,3208
Mata Grande,AL,22126
Matriz de Camaragibe,AL,24331
Messias,AL,15706
Minador do Negrão,AL,4935
Monteirópolis,AL,7344
Murici,AL,25926
Novo Lino,AL,10285
Olho d'Água das Flores,AL,21135
Olho d'Água do Casado,AL,8522
Olho d'Água Grande,AL,4381
Olivença,AL,11047
Ouro Branco,AL,11706
Palestina,AL,4408
Palmeira dos Índios,AL,73621
Pão de Açúcar,AL,24291
Pariconha,AL,10807
Paripueira,AL,14199
Passo de Camaragibe,AL,14070
Paulo Jacinto,AL,6691
Penedo,AL,60185
Piaçabuçu,AL,16192
Pilar,AL,36525
Pindoba,AL,2786
Piranhas,AL,23053
Poço das Trincheiras,AL,12965
Porto Calvo,AL,24509
Porto de Pedras,AL,9517
Porto Real do Colégio,AL,20273
Quebrangulo,AL,11303
Rio Largo,AL,97658
Roteiro,AL,6606
Santa Luzia do Norte,AL,7066
Santana do Ipanema,AL,47418
Santana do Mundaú,AL,11572
São Brás,AL,6557
São José da Laje,AL,21180
São José da Tapera,AL,31569
São Luís do Quitunde,AL,31785
São Miguel dos Campos,AL,53380
São Miguel dos Milagres,AL,8700
São Sebastião,AL,32707
Satuba,AL,25105
Senador Rui Palmeira,AL,12545
Tanque d'Arca,AL,5906
Taquarana,AL,19428
Teotônio Vilela,AL,39143
Traipu,AL,24106
União dos Palmares,AL,60860
Viçosa,AL,24414
Amparo do São Francisco,SE,2202
Aquidabã,SE,20556
Aracaju,SE,630932
Arauá,SE,10464
Areia Branca,SE,18626
Barra dos Coqueiros,SE,45175
Boquim,SE,25007
Brejo Grande,SE,8025
Campo do Brito,SE,18719
Canhoba,SE,3850
Canindé de São Francisco,SE,33641
Capela,SE,32783
Carira,SE,20314
Carmópolis,SE,14203
Cedro de São João,SE,5474
Cristinápolis,SE,17594
Cumbe,SE,3872
Divina Pastora,SE,4436
Estância,SE,67060
Feira Nova,SE,6358
Frei Paulo,SE,14921
Gararu,SE,11294
General Maynard,SE,3118
Graccho Cardoso,SE,5910
Ilha das Flores,SE,8499
Indiaroba,SE,16991
Itabaiana,SE,109250
Itabaianinha,SE,42230
Itabi,SE,4816
Itaporanga d'Ajuda,SE,36074
Japaratuba,SE,16451
Japoatã,SE,13723
Lagarto,SE,105957
Laranjeiras,SE,24047
Macambira,SE,7048
Malhada dos Bois,SE,3674
Malhador,SE,11712
Maruim,SE,15956
Moita Bonita,SE,11297
Monte Alegre de Sergipe,SE,14781
Muribeca,SE,8059
Neópolis,SE,16473
Nossa Senhora Aparecida,SE,9534
Nossa Senhora da Glória,SE,43686
Nossa Senhora das Dores,SE,25569
Nossa Senhora de Lourdes,SE,6409
Nossa Senhora do Socorro,SE,204081
Pacatuba,SE,12690
Pedra Mole,SE,2811
Pedrinhas,SE,7355
Pinhão,SE,5759
Pirambu,SE,8021
Poço Redondo,SE,29238
Poço Verde,SE,22217
Porto da Folha,SE,27348
Propriá,SE,27213
Riachão do Dantas,SE,18541
Riachuelo,SE,8853
Ribeirópolis,SE,17365
Rosário do Catete,SE,9507
Salgado,SE,20825
Santa Luzia do Itanhy,SE,14003
Santana do São Francisco,SE,7549
Santa Rosa de Lima,SE,4049
Santo Amaro das Brotas,SE,11289
São Cristóvão,SE,101213
São Domingos,SE,10559
São Francisco,SE,3330
São Miguel do Aleixo,SE,3471
Simão Dias,SE,44503
Siriri,SE,7981
Telha,SE,3389
Tobias Barreto,SE,52783
Tomar do Geru,SE,12094
Umbaúba,SE,24618
Abaíra,BA,7407
Abaré,BA,18269
Acajutiba,BA,14200
Adustina,BA,14510
Água Fria,BA,14833
Érico Cardoso,BA,10947
Aiquara,BA,4583
Alagoinhas,BA,161196
Alcobaça,BA,25601
Almadina,BA,5296
Amargosa,BA,38585
Amélia Rodrigues,BA,24830
América Dourada,BA,15572
Anagé,BA,26745
Andaraí,BA,13545
Andorinha,BA,15491
Angical,BA,14178
Anguera,BA,11490
Antas,BA,14984
Antônio Cardoso,BA,11498
Antônio Gonçalves,BA,11248
Aporá,BA,16361
Apuarema,BA,7101
Aracatu,BA,14440
Araçás,BA,11953
Araci,BA,50308
Aramari,BA,10106
Arataca,BA,10433
Aratuípe,BA,8993
Aurelino Leal,BA,11339
Baianópolis,BA,14138
Baixa Grande,BA,18628
Banzaê,BA,12288
Barra,BA,53642
Barra da Estiva,BA,27743
Barra do Choça,BA,38581
Barra do Mendes,BA,14376
Barra do Rocha,BA,5898
Barreiras,BA,171634
Barro Alto,BA,13922
Barrocas,BA,15780
Barro Preto,BA,5936
Belmonte,BA,20527
Belo Campo,BA,19074
Biritinga,BA,15603
Boa Nova,BA,14008
Boa Vista do Tupim,BA,17262
Bom Jesus da Lapa,BA,68866
Bom Jesus da Serra,BA,10018
Boninal,BA,14125
Bonito,BA,16425
Boquira,BA,19782
Botuporã,BA,11427
Brejões,BA,13224
Brejolândia,BA,9363
Brotas de Macaúbas,BA,12180
Brumado,BA,74368
Buerarema,BA,14950
Buritirama,BA,20221
Caatiba,BA,6128
Cabaceiras do Paraguaçu,BA,17024
Cachoeira,BA,30498
Caculé,BA,23293
Caém,BA,10733
Caetanos,BA,11432
Caetité,BA,54730
Cafarnaum,BA,18057
Cairu,BA,18578
Caldeirão Grande,BA,13597
Camacan,BA,22485
Camaçari,BA,321636
Camamu,BA,31694
Campo Alegre de Lourdes,BA,32500
Campo Formoso,BA,75112
Canápolis,BA,10641
Canarana,BA,25007
Canavieiras,BA,34392
Candeal,BA,7940
Candeias,BA,74854
Candiba,BA,13417
Cândido Sales,BA,26469
Cansanção,BA,39725
Canudos,BA,16693
Capela do Alto Alegre,BA,11035
Capim Grosso,BA,35437
Caraíbas,BA,10259
Caravelas,BA,21384
Cardeal da Silva,BA,8633
Carinhanha,BA,30439
Casa Nova,BA,76131
Castro Alves,BA,25470
Catolândia,BA,3567
Catu,BA,50109
Caturama,BA,9108
Central,BA,16847
Chorrochó,BA,10933
Cícero Dantas,BA,32292
Cipó,BA,17875
Coaraci,BA,17557
Cocos,BA,19865
Conceição da Feira,BA,21529
Conceição do Almeida,BA,16134
Conceição do Coité,BA,71601
Conceição do Jacuípe,BA,37622
Conde,BA,24460
Condeúba,BA,17567
Contendas do Sincorá,BA,4499
Coração de Maria,BA,28408
Cordeiros,BA,7748
Coribe,BA,14463
Coronel João Sá,BA,17598
Correntina,BA,34266
Cotegipe,BA,13463
Cravolândia,BA,4491
Crisópolis,BA,20346
Cristópolis,BA,14549
Cruz das Almas,BA,63326
Curaçá,BA,36127
Dário Meira,BA,11054
Dias d'Ávila,BA,75296
Dom Basílio,BA,12329
Dom Macedo Costa,BA,4608
Elísio Medrado,BA,8069
Encruzilhada,BA,19450
Entre Rios,BA,39890
Esplanada,BA,34163
Euclides da Cunha,BA,64768
Eunápolis,BA,121067
Fátima,BA,18480
Feira da Mata,BA,5831
Feira de Santana,BA,660806
Filadélfia,BA,18637
Firmino Alves,BA,4993
Floresta Azul,BA,11455
Formosa do Rio Preto,BA,27567
Gandu,BA,34051
Gavião,BA,4489
Gentio do Ouro,BA,11276
Glória,BA,16107
Gongogi,BA,5479
Governador Mangabeira,BA,21353
Guajeru,BA,8177
Guanambi,BA,93488
Guaratinga,BA,19413
Heliópolis,BA,13055
Iaçu,BA,25315
Ibiassucê,BA,10746
Ibicaraí,BA,22131
Ibicoara,BA,21827
Ibicuí,BA,14264
Ibipeba,BA,17134
Ibipitanga,BA,14317
Ibiquera,BA,3833
Ibirapitanga,BA,26917
Ibirapuã,BA,9297
Ibirataia,BA,19377
Ibitiara,BA,15049
Ibititá,BA,17517
Ibotirama,BA,27723
Ichu,BA,6428
Igaporã,BA,16069
Igrapiúna,BA,13501
Iguaí,BA,21763
Ilhéus,BA,189149
Inhambupe,BA,35390
Ipecaetá,BA,14016
Ipiaú,BA,42429
Ipirá,BA,59222
Ipupiara,BA,10349
Irajuba,BA,6232
Iramaia,BA,11038
Iraquara,BA,24833
Irará,BA,29572
Irecê,BA,78781
Itabela,BA,29588
Itaberaba,BA,68425
Itabuna,BA,196344
Itacaré,BA,29496
Itaeté,BA,13775
Itagi,BA,14347
Itagibá,BA,15796
Itagimirim,BA,6490
Itaguaçu da Bahia,BA,12669
Itaju do Colônia,BA,6118
Itajuípe,BA,19191
Itamaraju,BA,61999
Itamari,BA,7187
Itambé,BA,25088
Itanagra,BA,6078
Itanhém,BA,18203
Itaparica,BA,20353
Itapé,BA,10649
Itapebi,BA,9464
Itapetinga,BA,68724
Itapicuru,BA,33284
Itapitanga,BA,10640
Itaquara,BA,8464
Itarantim,BA,17485
Itatim,BA,16454
Itiruçu,BA,11211
Itiúba,BA,35490
Itororó,BA,16849
Ituaçu,BA,18506
Ituberá,BA,22154
Iuiu,BA,11559
Jaborandi,BA,9600
Jacaraci,BA,14910
Jacobina,BA,86896
Jaguaquara,BA,47624
Jaguarari,BA,34528
Jaguaripe,BA,18349
Jandaíra,BA,9508
Jequié,BA,169201
Jeremoabo,BA,39539
Jiquiriçá,BA,14063
Jitaúna,BA,14824
João Dourado,BA,25892
Juazeiro,BA,256122
Jucuruçu,BA,9930
Jussara,BA,17007
Jussari,BA,6048
Jussiape,BA,7567
Lafaiete Coutinho,BA,4228
Lagoa Real,BA,14550
Laje,BA,21705
Lajedão,BA,3994
Lajedinho,BA,3610
Lajedo do Tabocal,BA,7683
Lamarão,BA,9303
Lapão,BA,27014
Lauro de Freitas,BA,219564
Lençóis,BA,11194
Licínio de Almeida,BA,12202
Livramento de Nossa Senhora,BA,46376
Luís Eduardo Magalhães,BA,118382
Macajuba,BA,10740
Macarani,BA,22768
Macaúbas,BA,43653
Macururé,BA,7435
Madre de Deus,BA,19224
Maetinga,BA,7218
Maiquinique,BA,9009
Mairi,BA,18130
Malhada,BA,15814
Malhada de Pedras,BA,8982
Manoel Vitorino,BA,14287
Mansidão,BA,14542
Maracás,BA,29330
Maragogipe,BA,37041
Maraú,BA,25804
Marcionílio Souza,BA,9475
Mascote,BA,13918
Mata de São João,BA,44962
Matina,BA,10611
Medeiros Neto,BA,22801
Miguel Calmon,BA,25263
Milagres,BA,11436
Mirangaba,BA,16167
Mirante,BA,10526
Monte Santo,BA,49807
Morpará,BA,8220
Morro do Chapéu,BA,35235
Mortugaba,BA,11477
Mucugê,BA,12712
Mucuri,BA,40114
Mulungu do Morro,BA,13648
Mundo Novo,BA,17197
Muniz Ferreira,BA,7453
Muquém do São Francisco,BA,10803
Muritiba,BA,30180
Mutuípe,BA,20590
Nazaré,BA,28427
Nilo Peçanha,BA,12399
Nordestina,BA,19711
Nova Canaã,BA,13970
Nova Fátima,BA,8283
Nova Ibiá,BA,6696
Nova Itarana,BA,8073
Nova Redenção,BA,7670
Nova Soure,BA,24865
Nova Viçosa,BA,41629
Novo Horizonte,BA,11586
Novo Triunfo,BA,11060
Olindina,BA,22956
Oliveira dos Brejinhos,BA,21323
Ouriçangas,BA,7925
Ourolândia,BA,20141
Palmas de Monte Alto,BA,20666
Palmeiras,BA,10894
Paramirim,BA,21025
Paratinga,BA,30680
Paripiranga,BA,27860
Pau Brasil,BA,9537
Paulo Afonso,BA,119418
Pé de Serra,BA,13677
Pedrão,BA,6403
Pedro Alexandre,BA,14226
Piatã,BA,20938
Pilão Arcado,BA,37388
Pindaí,BA,15125
Pindobaçu,BA,19601
Pintadas,BA,10654
Piraí do Norte,BA,11481
Piripá,BA,9143
Piritiba,BA,17697
Planaltino,BA,8239
Planalto,BA,24026
Poções,BA,50773
Pojuca,BA,33573
Ponto Novo,BA,18763
Porto Seguro,BA,182630
Potiraguá,BA,10651
Prado,BA,37533
Presidente Dutra,BA,15677
Presidente Jânio Quadros,BA,12963
Presidente Tancredo Neves,BA,29489
Queimadas,BA,27429
Quijingue,BA,26443
Quixabeira,BA,9839
Rafael Jambeiro,BA,20081
Remanso,BA,42855
Retirolândia,BA,14174
Riachão das Neves,BA,22329
Riachão do Jacuípe,BA,35188
Riacho de Santana,BA,32060
Ribeira do Amparo,BA,14528
Ribeira do Pombal,BA,56316
Ribeirão do Largo,BA,10029
Rio de Contas,BA,13634
Rio do Antônio,BA,13495
Rio do Pires,BA,10781
Rio Real,BA,36966
Rodelas,BA,10884
Ruy Barbosa,BA,29590
Salinas da Margarida,BA,15629
Salvador,BA,2564204
Santa Bárbara,BA,21787
Santa Brígida,BA,15417
Santa Cruz Cabrália,BA,31007
Santa Cruz da Vitória,BA,4663
Santa Inês,BA,10625
Santaluz,BA,40066
Santa Luzia,BA,14392
Santa Maria da Vitória,BA,40474
Santana,BA,25521
Santanópolis,BA,9035
Santa Rita de Cássia,BA,28890
Santa Terezinha,BA,10882
Santo Amaro,BA,58398
Santo Antônio de Jesus,BA,109791
Santo Estêvão,BA,55146
São Desidério,BA,34982
São Domingos,BA,8690
São Félix,BA,11102
São Félix do Coribe,BA,15780
São Felipe,BA,20923
São Francisco do Conde,BA,41110
São Gabriel,BA,19229
São Gonçalo dos Campos,BA,42171
São José da Vitória,BA,5432
São José do Jacuípe,BA,10576
São Miguel das Matas,BA,10615
São Sebastião do Passé,BA,42944
Sapeaçu,BA,18656
Sátiro Dias,BA,16476
Saubara,BA,11859
Saúde,BA,10661
Seabra,BA,48721
Sebastião Laranjeiras,BA,9581
Senhor do Bonfim,BA,78090
Serra do Ramalho,BA,36252
Sento Sé,BA,40232
Serra Dourada,BA,17574
Serra Preta,BA,18754
Serrinha,BA,84690
Serrolândia,BA,13863
Simões Filho,BA,120419
Sítio do Mato,BA,13982
Sítio do Quinto,BA,14435
Sobradinho,BA,27097
Souto Soares,BA,17724
Tabocas do Brejo Velho,BA,12368
Tanhaçu,BA,21787
Tanque Novo,BA,17812
Tanquinho,BA,7991
Taperoá,BA,18556
Tapiramutá,BA,16226
Teixeira de Freitas,BA,153738
Teodoro Sampaio,BA,7280
Teofilândia,BA,21825
Teolândia,BA,15978
Terra Nova,BA,10976
Tremedal,BA,16646
Tucano,BA,51016
Uauá,BA,25449
Ubaíra,BA,19142
Ubaitaba,BA,17878
Ubatã,BA,15839
Uibaí,BA,13886
Umburanas,BA,13785
Una,BA,18254
Urandi,BA,15776
Uruçuca,BA,22155
Utinga,BA,16645
Valença,BA,90053
Valente,BA,25132
Várzea da Roça,BA,14294
Várzea do Poço,BA,8334
Várzea Nova,BA,13866
Varzedo,BA,10328
Vera Cruz,BA,45191
Vereda,BA,6157
Vitória da Conquista,BA,396613
Wagner,BA,9866
Wanderley,BA,13460
Wenceslau Guimarães,BA,25535
Xique-Xique,BA,47019
Abadia dos Dourados,MG,6345
Abaeté,MG,23173
Abre Campo,MG,14354
Acaiaca,MG,3998
Açucena,MG,8926
Água Boa,MG,12391
Água Comprida,MG,2171
Aguanil,MG,4509
Águas Formosas,MG,18850
Águas Vermelhas,MG,14567
Aimorés,MG,26212
Aiuruoca,MG,6389
Alagoa,MG,2820
Albertina,MG,3027
Além Paraíba,MG,31159
Alfenas,MG,82303
Alfredo Vasconcelos,MG,7236
Almenara,MG,42019
Alpercata,MG,7019
Alpinópolis,MG,18673
Alterosa,MG,14272
Alto Caparaó,MG,6014
Alto Rio Doce,MG,10931
Alvarenga,MG,3983
Alvinópolis,MG,15358
Alvorada de Minas,MG,4359
Amparo do Serra,MG,4574
Andradas,MG,42501
Cachoeira de Pajeú,MG,9347
Andrelândia,MG,12163
Angelândia,MG,7849
Antônio Carlos,MG,11350
Antônio Dias,MG,9375
Antônio Prado de Minas,MG,1552
Araçaí,MG,2222
Aracitaba,MG,2095
Araçuaí,MG,35185
Araguari,MG,123432
Arantina,MG,2998
Araponga,MG,8218
Araporã,MG,9069
Arapuá,MG,2668
Araújos,MG,9634
Araxá,MG,118786
Arceburgo,MG,9335
Arcos,MG,43653
Areado,MG,14229
Argirita,MG,2715
Aricanduva,MG,4820
Arinos,MG,17586
Astolfo Dutra,MG,14633
Ataléia,MG,13936
Augusto de Lima,MG,4572
Baependi,MG,18782
Baldim,MG,7595
Bambuí,MG,24203
Bandeira,MG,4811
Bandeira do Sul,MG,6183
Barão de Cocais,MG,32264
Barão do Monte Alto,MG,4952
Barbacena,MG,129695
Barra Longa,MG,5717
Barroso,MG,20604
Bela Vista de Minas,MG,10427
Belmiro Braga,MG,3292
Belo Horizonte,MG,2415872
Belo Oriente,MG,24546
Belo Vale,MG,9012
Berilo,MG,9638
Bertópolis,MG,4546
Berizal,MG,4270
Betim,MG,431433
Bias Fortes,MG,3367
Bicas,MG,14358
Biquinhas,MG,2397
Boa Esperança,MG,41443
Bocaina de Minas,MG,5530
Bocaiúva,MG,49797
Bom Despacho,MG,54377
Bom Jardim de Minas,MG,6988
Bom Jesus da Penha,MG,4677
Bom Jesus do Amparo,MG,5786
Bom Jesus do Galho,MG,14719
Bom Repouso,MG,13312
Bom Sucesso,MG,17515
Bonfim,MG,7710
Bonfinópolis de Minas,MG,5600
Bonito de Minas,MG,10525
Borda da Mata,MG,17837
Botelhos,MG,15141
Botumirim,MG,5806
Brasilândia de Minas,MG,15485
Brasília de Minas,MG,33262
Brás Pires,MG,4296
Braúnas,MG,4445
Brazópolis,MG,14491
Brumadinho,MG,41090
Bueno Brandão,MG,11168
Buenópolis,MG,9171
Bugre,MG,4159
Buritis,MG,24779
Buritizeiro,MG,23908
Cabeceira Grande,MG,6811
Cabo Verde,MG,11269
Cachoeira da Prata,MG,3785
Cachoeira de Minas,MG,12302
Cachoeira Dourada,MG,2337
Caetanópolis,MG,11906
Caeté,MG,39775
Caiana,MG,5484
Cajuri,MG,4191
Caldas,MG,14628
Camacho,MG,2851
Camanducaia,MG,27860
Cambuí,MG,31066
Cambuquira,MG,12551
Campanário,MG,2884
Campanha,MG,16372
Campestre,MG,21155
Campina Verde,MG,18188
Campo Azul,MG,3806
Campo Belo,MG,54027
Campo do Meio,MG,11625
Campo Florido,MG,8931
Campos Altos,MG,13076
Campos Gerais,MG,26749
Canaã,MG,4839
Canápolis,MG,10716
Cana Verde,MG,5342
Candeias,MG,14211
Cantagalo,MG,4029
Caparaó,MG,5138
Capela Nova,MG,4397
Capelinha,MG,41858
Capetinga,MG,6627
Capim Branco,MG,11210
Capinópolis,MG,14872
Capitão Andrade,MG,4634
Capitão Enéas,MG,14403
Capitólio,MG,10991
Caputira,MG,9128
Caraí,MG,19511
Caranaíba,MG,2942
Carandaí,MG,24403
Carangola,MG,32134
Caratinga,MG,90890
Carbonita,MG,8603
Careaçu,MG,7062
Carlos Chagas,MG,18783
Carmésia,MG,2693
Carmo da Cachoeira,MG,11767
Carmo da Mata,MG,11291
Carmo de Minas,MG,14125
Carmo do Cajuru,MG,24581
Carmo do Paranaíba,MG,29885
Carmo do Rio Claro,MG,21506
Carmópolis de Minas,MG,18561
Carneirinho,MG,9633
Carrancas,MG,4161
Carvalhópolis,MG,3419
Carvalhos,MG,4503
Casa Grande,MG,2260
Cascalho Rico,MG,2751
Cássia,MG,17491
Conceição da Barra de Minas,MG,3576
Cataguases,MG,67732
Catas Altas,MG,5706
Catas Altas da Noruega,MG,3124
Catuji,MG,7248
Catuti,MG,4788
Caxambu,MG,21412
Cedro do Abaeté,MG,1084
Central de Minas,MG,6213
Centralina,MG,10447
Chácara,MG,3194
Chalé,MG,6289
Chapada do Norte,MG,9763
Chapada Gaúcha,MG,12904
Chiador,MG,2868
Cipotânea,MG,5549
Claraval,MG,4786
Claro dos Poções,MG,7230
Cláudio,MG,31936
Coimbra,MG,7293
Coluna,MG,8206
Comendador Gomes,MG,2804
Comercinho,MG,6540
Conceição da Aparecida,MG,10705
Conceição das Pedras,MG,2840
Conceição das Alagoas,MG,30278
Conceição de Ipanema,MG,4503
Conceição do Mato Dentro,MG,24559
Conceição do Pará,MG,5584
Conceição do Rio Verde,MG,12765
Conceição dos Ouros,MG,11218
Cônego Marinho,MG,7433
Confins,MG,7758
Congonhal,MG,11444
Congonhas,MG,55272
Congonhas do Norte,MG,4924
Conquista,MG,6878
Conselheiro Lafaiete,MG,138946
Conselheiro Pena,MG,21052
Consolação,MG,1569
Contagem,MG,651718
Coqueiral,MG,9188
Coração de Jesus,MG,26138
Cordisburgo,MG,7535
Cordislândia,MG,3236
Corinto,MG,23988
Coroaci,MG,11240
Coromandel,MG,30114
Coronel Fabriciano,MG,108708
Coronel Murta,MG,8237
Coronel Pacheco,MG,2789
Coronel Xavier Chaves,MG,3599
Córrego Danta,MG,2956
Córrego do Bom Jesus,MG,4462
Córrego Fundo,MG,6333
Córrego Novo,MG,2900
Couto de Magalhães de Minas,MG,4351
Crisólita,MG,5256
Cristais,MG,12634
Cristália,MG,5133
Cristiano Otoni,MG,4719
Cristina,MG,10643
Crucilândia,MG,5674
Cruzeiro da Fortaleza,MG,3616
Cruzília,MG,15831
Cuparaque,MG,3958
Curral de Dentro,MG,7662
Curvelo,MG,84297
Datas,MG,5635
Delfim Moreira,MG,8133
Delfinópolis,MG,8851
Delta,MG,11143
Descoberto,MG,5070
Desterro de Entre Rios,MG,7941
Desterro do Melo,MG,3060
Diamantina,MG,49493
Diogo de Vasconcelos,MG,3581
Dionísio,MG,6689
Divinésia,MG,4481
Divino,MG,21428
Divino das Laranjeiras,MG,4147
Divinolândia de Minas,MG,6583
Divinópolis,MG,243583
Divisa Alegre,MG,6541
Divisa Nova,MG,6002
Divisópolis,MG,10659
Dom Bosco,MG,3763
Dom Cavati,MG,4967
Dom Joaquim,MG,5074
Dom Silvério,MG,5355
Dom Viçoso,MG,3184
Dona Euzébia,MG,6250
Dores de Campos,MG,10359
Dores de Guanhães,MG,5114
Dores do Indaiá,MG,12730
Dores do Turvo,MG,5192
Doresópolis,MG,1498
Douradoquara,MG,1869
Durandé,MG,8065
Elói Mendes,MG,27429
Engenheiro Caldas,MG,14501
Engenheiro Navarro,MG,6373
Entre Folhas,MG,5295
Entre Rios de Minas,MG,15157
Ervália,MG,21091
Esmeraldas,MG,93103
Espera Feliz,MG,24844
Espinosa,MG,31375
Espírito Santo do Dourado,MG,7132
Estiva,MG,11880
Estrela Dalva,MG,2189
Estrela do Indaiá,MG,2711
Estrela do Sul,MG,6897
Eugenópolis,MG,11096
Ewbank da Câmara,MG,3986
Extrema,MG,59336
Fama,MG,2676
Faria Lemos,MG,3230
Felício dos Santos,MG,5251
São Gonçalo do Rio Preto,MG,3099
Felisburgo,MG,6575
Felixlândia,MG,14280
Fernandes Tourinho,MG,2814
Ferros,MG,9603
Fervedouro,MG,10705
Florestal,MG,8469
Formiga,MG,70897
Formoso,MG,8095
Fortaleza de Minas,MG,3453
Fortuna de Minas,MG,3230
Francisco Badaró,MG,7053
Francisco Dumont,MG,4547
Francisco Sá,MG,23753
Franciscópolis,MG,5023
Frei Gaspar,MG,5731
Frei Inocêncio,MG,8301
Frei Lagonegro,MG,3481
Fronteira,MG,14946
Fronteira dos Vales,MG,4389
Fruta de Leite,MG,4538
Frutal,MG,61275
Funilândia,MG,4934
Galiléia,MG,6244
Gameleiras,MG,4847
Glaucilândia,MG,2991
Goiabeira,MG,2859
Goianá,MG,4214
Gonçalves,MG,4922
Gonzaga,MG,5235
Gouveia,MG,11536
Governador Valadares,MG,266561
Grão Mogol,MG,14037
Grupiara,MG,1428
Guanhães,MG,33517
Guapé,MG,14076
Guaraciaba,MG,9901
Guaraciama,MG,5224
Guaranésia,MG,19646
Guarani,MG,7731
Guarará,MG,3091
Guarda-Mor,MG,6687
Guaxupé,MG,52744
Guidoval,MG,7285
Guimarânia,MG,8880
Guiricema,MG,7803
Gurinhatã,MG,5154
Heliodora,MG,6278
Iapu,MG,12583
Ibertioga,MG,5346
Ibiá,MG,22554
Ibiaí,MG,6172
Ibiracatu,MG,5113
Ibiraci,MG,10996
Ibirité,MG,179582
Ibitiúra de Minas,MG,3440
Ibituruna,MG,2733
Icaraí de Minas,MG,10914
Igarapé,MG,49120
Igaratinga,MG,11345
Iguatama,MG,6782
Ijaci,MG,7358
Ilicínea,MG,13248
Imbé de Minas,MG,7244
Inconfidentes,MG,7537
Indaiabira,MG,6328
Indianópolis,MG,6311
Ingaí,MG,2632
Inhapim,MG,22925
Inhaúma,MG,6465
Inimutaba,MG,7615
Ipaba,MG,17587
Ipanema,MG,20181
Ipatinga,MG,235311
Ipiaçu,MG,3807
Ipuiúna,MG,9283
Iraí de Minas,MG,7467
Itabira,MG,118053
Itabirinha,MG,10548
Itabirito,MG,56369
Itacambira,MG,4227
Itacarambi,MG,17502
Itaguara,MG,14415
Itaipé,MG,10482
Itajubá,MG,96855
Itamarandiba,MG,34210
Itamarati de Minas,MG,3710
Itambacuri,MG,21210
Itambé do Mato Dentro,MG,2168
Itamogi,MG,11092
Itamonte,MG,15245
Itanhandu,MG,15751
Itanhomi,MG,11264
Itaobim,MG,19263
Itapagipe,MG,14014
Itapecerica,MG,21456
Itapeva,MG,13561
Itatiaiuçu,MG,13779
Itaú de Minas,MG,14634
Itaúna,MG,103272
Itaverava,MG,5747
Itinga,MG,13954
Itueta,MG,6234
Ituiutaba,MG,106775
Itumirim,MG,6876
Iturama,MG,40259
Itutinga,MG,4366
Jaboticatubas,MG,21407
Jacinto,MG,11115
Jacuí,MG,7668
Jacutinga,MG,26888
Jaguaraçu,MG,3181
Jaíba,MG,39639
Jampruca,MG,4266
Janaúba,MG,73555
Januária,MG,67123
Japaraíba,MG,4706
Japonvar,MG,8385
Jeceaba,MG,6476
Jenipapo de Minas,MG,6072
Jequeri,MG,12636
Jequitaí,MG,6379
Jequitibá,MG,6142
Jequitinhonha,MG,24516
Jesuânia,MG,5320
Joaíma,MG,14035
Joanésia,MG,4246
João Monlevade,MG,83791
João Pinheiro,MG,48725
Joaquim Felício,MG,3868
Jordânia,MG,10541
José Gonçalves de Minas,MG,3963
José Raydan,MG,4349
Josenópolis,MG,3557
Nova União,MG,6107
Juatuba,MG,33249
Juiz de Fora,MG,567730
Juramento,MG,3798
Juruaia,MG,11652
Juvenília,MG,5937
Ladainha,MG,14263
Lagamar,MG,6622
Lagoa da Prata,MG,53927
Lagoa dos Patos,MG,3237
Lagoa Dourada,MG,13152
Lagoa Formosa,MG,19614
Lagoa Grande,MG,9235
Lagoa Santa,MG,81299
Lajinha,MG,21502
Lambari,MG,21010
Lamim,MG,3213
Laranjal,MG,6018
Lassance,MG,7398
Lavras,MG,110682
Leandro Ferreira,MG,3272
Leme do Prado,MG,4364
Leopoldina,MG,52739
Liberdade,MG,4744
Lima Duarte,MG,17782
Limeira do Oeste,MG,9191
Lontra,MG,8963
Luisburgo,MG,7239
Luislândia,MG,6323
Luminárias,MG,5744
Luz,MG,18336
Machacalis,MG,6556
Machado,MG,38809
Madre de Deus de Minas,MG,5360
Malacacheta,MG,17691
Mamonas,MG,6082
Manga,MG,19148
Manhuaçu,MG,97328
Manhumirim,MG,20939
Mantena,MG,27350
Maravilhas,MG,7532
Mar de Espanha,MG,13180
Maria da Fé,MG,14567
Mariana,MG,64506
Marilac,MG,4323
Mário Campos,MG,16705
Maripá de Minas,MG,3567
Marliéria,MG,4796
Marmelópolis,MG,3314
Martinho Campos,MG,14546
Martins Soares,MG,8797
Mata Verde,MG,9532
Materlândia,MG,3949
Mateus Leme,MG,40814
Matias Barbosa,MG,14547
Matias Cardoso,MG,8922
Matipó,MG,19115
Mato Verde,MG,12210
Matozinhos,MG,39529
Matutina,MG,3912
Medeiros,MG,4068
Medina,MG,20455
Mendes Pimentel,MG,5614
Mercês,MG,10615
Mesquita,MG,4984
Minas Novas,MG,23843
Minduri,MG,3811
Mirabela,MG,14071
Miradouro,MG,8961
Miraí,MG,13921
Miravânia,MG,3982
Moeda,MG,5314
Moema,MG,7812
Monjolos,MG,2187
Monsenhor Paulo,MG,8565
Montalvânia,MG,14068
Monte Alegre de Minas,MG,20708
Monte Azul,MG,20497
Monte Belo,MG,13347
Monte Carmelo,MG,49500
Monte Formoso,MG,4437
Monte Santo de Minas,MG,21294
Montes Claros,MG,437601
Monte Sião,MG,25107
Montezuma,MG,6951
Morada Nova de Minas,MG,9414
Morro da Garça,MG,2426
Morro do Pilar,MG,3161
Munhoz,MG,7930
Muriaé,MG,108447
Mutum,MG,28749
Muzambinho,MG,22620
Nacip Raydan,MG,2400
Nanuque,MG,35263
Naque,MG,6443
Natalândia,MG,3642
Natércia,MG,4805
Nazareno,MG,8407
Nepomuceno,MG,25757
Ninheira,MG,10965
Nova Belém,MG,3126
Nova Era,MG,17813
Nova Lima,MG,120959
Nova Módica,MG,3726
Nova Ponte,MG,15220
Nova Porteirinha,MG,6746
Nova Resende,MG,16919
Nova Serrana,MG,114791
Novo Cruzeiro,MG,27268
Novo Oriente de Minas,MG,10503
Novorizonte,MG,4612
Olaria,MG,1986
Olhos-d'Água,MG,5530
Olímpio Noronha,MG,2618
Oliveira,MG,40576
Oliveira Fortes,MG,2058
Onça de Pitangui,MG,3024
Oratórios,MG,5102
Orizânia,MG,8828
Ouro Branco,MG,40638
Ouro Fino,MG,33285
Ouro Preto,MG,77914
Ouro Verde de Minas,MG,5847
Padre Carvalho,MG,5045
Padre Paraíso,MG,17463
Paineiras,MG,4253
Pains,MG,8353
Pai Pedro,MG,5616
Paiva,MG,1495
Palma,MG,5699
Palmópolis,MG,6342
Papagaios,MG,14202
Paracatu,MG,99005
Pará de Minas,MG,102844
Paraguaçu,MG,22452
Paraisópolis,MG,21076
Paraopeba,MG,24899
Passabém,MG,1609
Passa Quatro,MG,15847
Passa Tempo,MG,8716
Passa Vinte,MG,2311
Passos,MG,116951
Patis,MG,4825
Patos de Minas,MG,169173
Patrocínio,MG,94357
Patrocínio do Muriaé,MG,5754
Paula Cândido,MG,8757
Paulistas,MG,4402
Pavão,MG,8143
Peçanha,MG,17863
Pedra Azul,MG,25045
Pedra Bonita,MG,7599
Pedra do Anta,MG,3366
Pedra do Indaiá,MG,4247
Pedra Dourada,MG,2916
Pedralva,MG,10891
Pedras de Maria da Cruz,MG,10601
Pedrinópolis,MG,3398
Pedro Leopoldo,MG,65174
Pedro Teixeira,MG,1857
Pequeri,MG,3461
Pequi,MG,4265
Perdigão,MG,13118
Perdizes,MG,17992
Perdões,MG,22075
Periquito,MG,6624
Pescador,MG,3559
Piau,MG,2854
Piedade de Caratinga,MG,8966
Piedade de Ponte Nova,MG,4054
Piedade do Rio Grande,MG,4694
Piedade dos Gerais,MG,5199
Pimenta,MG,8817
Pingo-d'Água,MG,4864
Pintópolis,MG,7228
Piracema,MG,6905
Pirajuba,MG,5814
Piranga,MG,17358
Piranguçu,MG,6320
Piranguinho,MG,9518
Pirapetinga,MG,11454
Pirapora,MG,57713
Piraúba,MG,12006
Pitangui,MG,27834
Piumhi,MG,38007
Planura,MG,11533
Poço Fundo,MG,16824
Poços de Caldas,MG,172339
Pocrane,MG,8438
Pompéu,MG,32441
Ponte Nova,MG,59638
Ponto Chique,MG,3797
Ponto dos Volantes,MG,11059
Porteirinha,MG,38692
Porto Firme,MG,10840
Poté,MG,13649
Pouso Alegre,MG,162133
Pouso Alto,MG,6779
Prados,MG,9369
Prata,MG,29745
Pratápolis,MG,8534
Pratinha,MG,3691
Presidente Bernardes,MG,4847
Presidente Juscelino,MG,3471
Presidente Kubitschek,MG,3162
Presidente Olegário,MG,19192
Alto Jequitibá,MG,8606
Prudente de Morais,MG,12052
Quartel Geral,MG,3232
Queluzito,MG,1796
Raposos,MG,16796
Raul Soares,MG,23874
Recreio,MG,11383
Reduto,MG,8246
Resende Costa,MG,11544
Resplendor,MG,17629
Ressaquinha,MG,4640
Riachinho,MG,6830
Riacho dos Machados,MG,8858
Ribeirão das Neves,MG,346971
Ribeirão Vermelho,MG,4217
Rio Acima,MG,10698
Rio Casca,MG,12851
Rio Doce,MG,2545
Rio do Prado,MG,4649
Rio Espera,MG,5447
Rio Manso,MG,5746
Rio Novo,MG,8683
Rio Paranaíba,MG,15297
Rio Pardo de Minas,MG,29103
Rio Piracicaba,MG,15036
Rio Pomba,MG,17885
Rio Preto,MG,5235
Rio Vermelho,MG,12770
Ritápolis,MG,5122
Rochedo de Minas,MG,2374
Rodeiro,MG,9168
Romaria,MG,3430
Rosário da Limeira,MG,4926
Rubelita,MG,5460
Rubim,MG,10602
Sabará,MG,134576
Sabinópolis,MG,14309
Sacramento,MG,28076
Salinas,MG,41736
Salto da Divisa,MG,6126
Santa Bárbara,MG,31916
Santa Bárbara do Leste,MG,8785
Santa Bárbara do Monte Verde,MG,3218
Santa Bárbara do Tugúrio,MG,4245
Santa Cruz de Minas,MG,8339
Santa Cruz de Salinas,MG,3919
Santa Cruz do Escalvado,MG,4728
Santa Efigênia de Minas,MG,4038
Santa Fé de Minas,MG,3528
Santa Helena de Minas,MG,6056
Santa Juliana,MG,16820
Santa Luzia,MG,230382
Santa Margarida,MG,16989
Santa Maria de Itabira,MG,10718
Santa Maria do Salto,MG,4777
Santa Maria do Suaçuí,MG,12817
Santana da Vargem,MG,6756
Santana de Cataguases,MG,3548
Santana de Pirapama,MG,7030
Santana do Deserto,MG,3815
Santana do Garambéu,MG,2171
Santana do Jacaré,MG,4246
Santana do Manhuaçu,MG,9264
Santana do Paraíso,MG,49025
Santana do Riacho,MG,5654
Santana dos Montes,MG,3490
Santa Rita de Caldas,MG,8561
Santa Rita de Jacutinga,MG,4826
Santa Rita de Minas,MG,6969
Santa Rita de Ibitipoca,MG,3331
Santa Rita do Itueto,MG,5984
Santa Rita do Sapucaí,MG,42517
Santa Rosa da Serra,MG,3487
Santa Vitória,MG,21914
Santo Antônio do Amparo,MG,17657
Santo Antônio do Aventureiro,MG,3896
Santo Antônio do Grama,MG,4352
Santo Antônio do Itambé,MG,3969
Santo Antônio do Jacinto,MG,10324
Santo Antônio do Monte,MG,28456
Santo Antônio do Retiro,MG,6729
Santo Antônio do Rio Abaixo,MG,1856
Santo Hipólito,MG,2692
Santos Dumont,MG,43218
São Bento Abade,MG,4846
São Brás do Suaçuí,MG,4161
São Domingos das Dores,MG,5793
São Domingos do Prata,MG,17783
São Félix de Minas,MG,3244
São Francisco,MG,54223
São Francisco de Paula,MG,6281
São Francisco de Sales,MG,5858
São Francisco do Glória,MG,4848
São Geraldo,MG,10524
São Geraldo da Piedade,MG,3200
São Geraldo do Baixio,MG,3158
São Gonçalo do Abaeté,MG,7515
São Gonçalo do Pará,MG,12275
São Gonçalo do Rio Abaixo,MG,12475
São Gonçalo do Sapucaí,MG,24497
São Gotardo,MG,43851
São João Batista do Glória,MG,7959
São João da Lagoa,MG,4962
São João da Mata,MG,3012
São João da Ponte,MG,24197
São João das Missões,MG,13547
São João del Rei,MG,94468
São João do Manhuaçu,MG,11676
São João do Manteninha,MG,5479
São João do Oriente,MG,7099
São João do Pacuí,MG,4050
São João do Paraíso,MG,24706
São João Evangelista,MG,15613
São João Nepomuceno,MG,26529
São Joaquim de Bicas,MG,37017
São José da Barra,MG,8145
São José da Lapa,MG,28087
São José da Safira,MG,3849
São José da Varginha,MG,4698
São José do Alegre,MG,4252
São José do Divino,MG,3482
São José do Goiabal,MG,5482
São José do Jacuri,MG,6282
São José do Mantimento,MG,2844
São Lourenço,MG,46868
São Miguel do Anta,MG,6410
São Pedro da União,MG,4973
São Pedro dos Ferros,MG,7132
São Pedro do Suaçuí,MG,5143
São Romão,MG,10562
São Roque de Minas,MG,7370
São Sebastião da Bela Vista,MG,6778
São Sebastião da Vargem Alegre,MG,3239
São Sebastião do Anta,MG,6415
São Sebastião do Maranhão,MG,10218
São Sebastião do Oeste,MG,9527
São Sebastião do Paraíso,MG,75179
São Sebastião do Rio Preto,MG,1229
São Sebastião do Rio Verde,MG,2385
São Tiago,MG,11559
São Tomás de Aquino,MG,6837
São Tomé das Letras,MG,7107
São Vicente de Minas,MG,6928
Sapucaí-Mirim,MG,6469
Sardoá,MG,5140
Sarzedo,MG,39974
Setubinha,MG,9985
Sem-Peixe,MG,2420
Senador Amaral,MG,6517
Senador Cortes,MG,2335
Senador Firmino,MG,7977
Senador José Bento,MG,2149
Senador Modestino Gonçalves,MG,4006
Senhora de Oliveira,MG,5577
Senhora do Porto,MG,3066
Senhora dos Remédios,MG,10657
Sericita,MG,7552
Seritinga,MG,1866
Serra Azul de Minas,MG,3808
Serra da Saudade,MG,856
Serra dos Aimorés,MG,6859
Serra do Salitre,MG,12286
Serrania,MG,7811
Serranópolis de Minas,MG,4497
Serranos,MG,2036
Serro,MG,22624
Sete Lagoas,MG,238909
Silveirânia,MG,2399
Silvianópolis,MG,6348
Simão Pereira,MG,3084
Simonésia,MG,20431
Sobrália,MG,5140
Soledade de Minas,MG,5733
Tabuleiro,MG,4097
Taiobeiras,MG,34537
Taparuba,MG,3508
Tapira,MG,4215
Tapiraí,MG,1698
Taquaraçu de Minas,MG,4394
Tarumirim,MG,15104
Teixeiras,MG,12691
Teófilo Otoni,MG,142851
Timóteo,MG,84172
Tiradentes,MG,8056
Tiros,MG,8231
Tocantins,MG,16603
Tocos do Moji,MG,3894
Toledo,MG,7625
Tombos,MG,8653
Três Corações,MG,78291
Três Marias,MG,29985
Três Pontas,MG,57209
Tumiritinga,MG,5955
Tupaciguara,MG,26583
Turmalina,MG,20769
Turvolândia,MG,5097
Ubá,MG,107423
Ubaí,MG,11985
Ubaporanga,MG,13485
Uberaba,MG,356781
Uberlândia,MG,761835
Umburatiba,MG,2742
Unaí,MG,91320
União de Minas,MG,3818
Uruana de Minas,MG,3365
Urucânia,MG,10899
Urucuia,MG,18515
Vargem Alegre,MG,5800
Vargem Bonita,MG,2207
Vargem Grande do Rio Pardo,MG,4724
Varginha,MG,143676
Varjão de Minas,MG,7305
Várzea da Palma,MG,34555
Varzelândia,MG,19210
Vazante,MG,20459
Verdelândia,MG,7737
Veredinha,MG,5240
Veríssimo,MG,3478
Vermelho Novo,MG,5048
Vespasiano,MG,138583
Viçosa,MG,79517
Vieiras,MG,3781
Mathias Lobato,MG,3053
Virgem da Lapa,MG,11774
Virgínia,MG,9164
Virginópolis,MG,10511
Virgolândia,MG,4471
Visconde do Rio Branco,MG,40711
Volta Grande,MG,4441
Wenceslau Braz,MG,2377
Afonso Cláudio,ES,32456
Águia Branca,ES,10143
Água Doce do Norte,ES,12585
Alegre,ES,30702
Alfredo Chaves,ES,14376
Alto Rio Novo,ES,7760
Anchieta,ES,33017
Apiacá,ES,7462
Aracruz,ES,103363
Atílio Vivácqua,ES,11046
Baixo Guandu,ES,32829
Barra de São Francisco,ES,45415
Boa Esperança,ES,14054
Bom Jesus do Norte,ES,10820
Brejetuba,ES,13718
Cachoeiro de Itapemirim,ES,198342
Cariacica,ES,376200
Castelo,ES,39575
Colatina,ES,129301
Conceição da Barra,ES,28923
Conceição do Castelo,ES,12472
Divino de São Lourenço,ES,5397
Domingos Martins,ES,38236
Dores do Rio Preto,ES,6902
Ecoporanga,ES,22611
Fundão,ES,18898
Governador Lindenberg,ES,11484
Guaçuí,ES,31418
Guarapari,ES,136311
Ibatiba,ES,27543
Ibiraçu,ES,12304
Ibitirama,ES,10015
Iconha,ES,12790
Irupi,ES,14647
Itaguaçu,ES,14042
Itapemirim,ES,44020
Itarana,ES,10975
Iúna,ES,30556
Jaguaré,ES,31551
Jerônimo Monteiro,ES,12108
João Neiva,ES,14295
Laranja da Terra,ES,11597
Linhares,ES,183797
Mantenópolis,ES,13131
Marataízes,ES,45953
Marechal Floriano,ES,18964
Marilândia,ES,13087
Mimoso do Sul,ES,25088
Montanha,ES,19830
Mucurici,ES,5653
Muniz Freire,ES,18809
Muqui,ES,14185
Nova Venécia,ES,52324
Pancas,ES,19120
Pedro Canário,ES,21923
Pinheiros,ES,24843
Piúma,ES,23912
Ponto Belo,ES,6671
Presidente Kennedy,ES,14852
Rio Bananal,ES,20350
Rio Novo do Sul,ES,11471
Santa Leopoldina,ES,13813
Santa Maria de Jetibá,ES,45575
Santa Teresa,ES,23872
São Domingos do Norte,ES,9051
São Gabriel da Palha,ES,34272
São José do Calçado,ES,11411
São Mateus,ES,134423
São Roque do Canaã,ES,11256
Serra,ES,579720
Sooretama,ES,28668
Vargem Alta,ES,20390
Venda Nova do Imigrante,ES,25395
Viana,ES,79043
Vila Pavão,ES,9319
Vila Valério,ES,14267
Vila Velha,ES,506779
Vitória,ES,343378
Angra dos Reis,RJ,179142
Aperibé,RJ,11426
Araruama,RJ,137906
Areal,RJ,12239
Armação dos Búzios,RJ,42527
Arraial do Cabo,RJ,32822
Barra do Piraí,RJ,98506
Barra Mansa,RJ,181679
Belford Roxo,RJ,518384
Bom Jardim,RJ,29758
Bom Jesus do Itabapoana,RJ,37176
Cabo Frio,RJ,238438
Cachoeiras de Macacu,RJ,59861
Cambuci,RJ,15069
Carapebus,RJ,14329
Comendador Levy Gasparian,RJ,9048
Campos dos Goytacazes,RJ,519259
Cantagalo,RJ,19995
Cardoso Moreira,RJ,13407
Carmo,RJ,17741
Casimiro de Abreu,RJ,48636
Conceição de Macabu,RJ,21770
Cordeiro,RJ,21448
Duas Barras,RJ,11355
Duque de Caxias,RJ,866225
Engenheiro Paulo de Frontin,RJ,12644
Guapimirim,RJ,54311
Iguaba Grande,RJ,29616
Itaboraí,RJ,240127
Itaguaí,RJ,124021
Italva,RJ,14518
Itaocara,RJ,23645
Itaperuna,RJ,107297
Itatiaia,RJ,32713
Japeri,RJ,102171
Laje do Muriaé,RJ,7584
Macaé,RJ,264439
Macuco,RJ,5602
Magé,RJ,244142
Mangaratiba,RJ,43660
Maricá,RJ,212470
Mendes,RJ,18048
Mesquita,RJ,178830
Miguel Pereira,RJ,28142
Miracema,RJ,28416
Natividade,RJ,15551
Nilópolis,RJ,155500
Niterói,RJ,516787
Nova Friburgo,RJ,203417
Nova Iguaçu,RJ,843220
Paracambi,RJ,43627
Paraíba do Sul,RJ,44479
Paraty,RJ,47668
Paty do Alferes,RJ,31370
Petrópolis,RJ,294926
Pinheiral,RJ,25096
Piraí,RJ,29066
Porciúncula,RJ,17832
Porto Real,RJ,21089
Quatis,RJ,14165
Queimados,RJ,149135
Quissamã,RJ,23142
Resende,RJ,137697
Rio Bonito,RJ,59126
Rio Claro,RJ,17951
Rio das Flores,RJ,9267
Rio das Ostras,RJ,168455
Rio de Janeiro,RJ,6730729
Santa Maria Madalena,RJ,10580
Santo Antônio de Pádua,RJ,43697
São Francisco de Itabapoana,RJ,47397
São Fidélis,RJ,41212
São Gonçalo,RJ,960196
São João da Barra,RJ,38740
São João de Meriti,RJ,466503
São José de Ubá,RJ,7318
São José do Vale do Rio Preto,RJ,22813
São Pedro da Aldeia,RJ,110677
São Sebastião do Alto,RJ,7993
Sapucaia,RJ,18291
Saquarema,RJ,95315
Seropédica,RJ,84794
Silva Jardim,RJ,22028
Sumidouro,RJ,15693
Tanguá,RJ,32865
Teresópolis,RJ,176735
Trajano de Moraes,RJ,10654
Três Rios,RJ,82319
Valença,RJ,71449
Varre-Sai,RJ,10563
Vassouras,RJ,35907
Volta Redonda,RJ,279971
Adamantina,SP,35673
Adolfo,SP,4505
Aguaí,SP,32886
Águas da Prata,SP,7463
Águas de Lindóia,SP,18257
Águas de Santa Bárbara,SP,7460
Águas de São Pedro,SP,2928
Agudos,SP,38988
Alambari,SP,6373
Alfredo Marcondes,SP,4574
Altair,SP,3467
Altinópolis,SP,17197
Alto Alegre,SP,3874
Alumínio,SP,17607
Álvares Florence,SP,3979
Álvares Machado,SP,28386
Álvaro de Carvalho,SP,4901
Alvinlândia,SP,2919
Americana,SP,247571
Américo Brasiliense,SP,33708
Américo de Campos,SP,5981
Amparo,SP,69792
Analândia,SP,4694
Andradina,SP,61625
Angatuba,SP,24573
Anhembi,SP,5766
Anhumas,SP,4118
Aparecida,SP,33141
Aparecida d'Oeste,SP,4112
Apiaí,SP,24857
Araçariguama,SP,22314
Araçatuba,SP,208415
Araçoiaba da Serra,SP,33832
Aramina,SP,5535
Arandu,SP,7076
Arapeí,SP,2355
Araraquara,SP,253474
Araras,SP,135744
Arco-Íris,SP,2089
Arealva,SP,8290
Areias,SP,3617
Areiópolis,SP,10242
Ariranha,SP,7621
Artur Nogueira,SP,53467
Arujá,SP,90273
Aspásia,SP,1875
Assis,SP,104858
Atibaia,SP,167161
Auriflama,SP,13856
Avaí,SP,4503
Avanhandava,SP,11436
Avaré,SP,96450
Bady Bassitt,SP,29346
Balbinos,SP,3969
Bálsamo,SP,9902
Bananal,SP,10097
Barão de Antonina,SP,3632
Barbosa,SP,5627
Bariri,SP,32406
Barra Bonita,SP,35129
Barra do Chapéu,SP,5254
Barra do Turvo,SP,6894
Barretos,SP,126957
Barrinha,SP,33304
Barueri,SP,333737
Bastos,SP,21936
Batatais,SP,59939
Bauru,SP,392947
Bebedouro,SP,78257
Bento de Abreu,SP,2640
Bernardino de Campos,SP,11881
Bertioga,SP,67436
Bilac,SP,7464
Birigui,SP,123340
Biritiba Mirim,SP,30564
Boa Esperança do Sul,SP,13113
Bocaina,SP,11480
Bofete,SP,10710
Boituva,SP,63850
Bom Jesus dos Perdões,SP,22579
Bom Sucesso de Itararé,SP,3609
Borá,SP,932
Boracéia,SP,4838
Borborema,SP,14405
Borebi,SP,2801
Botucatu,SP,151053
Bragança Paulista,SP,185688
Braúna,SP,5477
Brejo Alegre,SP,2605
Brodowski,SP,26314
Brotas,SP,24501
Buri,SP,20731
Buritama,SP,17658
Buritizal,SP,4458
Cabrália Paulista,SP,4360
Cabreúva,SP,48654
Caçapava,SP,100071
Cachoeira Paulista,SP,32534
Caconde,SP,17228
Cafelândia,SP,16907
Caiabu,SP,3726
Caieiras,SP,98549
Caiuá,SP,5599
Cajamar,SP,98365
Cajati,SP,29262
Cajobi,SP,9210
Cajuru,SP,24233
Campina do Monte Alegre,SP,6090
Campinas,SP,1187974
Campo Limpo Paulista,SP,79781
Campos do Jordão,SP,47956
Campos Novos Paulista,SP,5003
Cananéia,SP,12491
Canas,SP,5068
Cândido Mota,SP,30157
Cândido Rodrigues,SP,2959
Canitar,SP,6589
Capão Bonito,SP,47409
Capela do Alto,SP,23777
Capivari,SP,51369
Caraguatatuba,SP,142248
Carapicuíba,SP,398236
Cardoso,SP,11476
Casa Branca,SP,28779
Cássia dos Coqueiros,SP,2861
Castilho,SP,20485
Catanduva,SP,119275
Catiguá,SP,7101
Cedral,SP,13314
Cerqueira César,SP,22210
Cerquilho,SP,46391
Cesário Lange,SP,19707
Charqueada,SP,15814
Clementina,SP,7084
Colina,SP,18880
Colômbia,SP,6802
Conchal,SP,29132
Conchas,SP,15345
Cordeirópolis,SP,25286
Coroados,SP,5504
Coronel Macedo,SP,4271
Corumbataí,SP,4296
Cosmópolis,SP,61167
Cosmorama,SP,9019
Cotia,SP,289493
Cravinhos,SP,34307
Cristais Paulista,SP,9600
Cruzália,SP,2123
Cruzeiro,SP,76444
Cubatão,SP,114870
Cunha,SP,22460
Descalvado,SP,32663
Diadema,SP,403579
Dirce Reis,SP,1639
Divinolândia,SP,11305
Dobrada,SP,8986
Dois Córregos,SP,24847
Dolcinópolis,SP,2254
Dourado,SP,8169
Dracena,SP,46735
Duartina,SP,12532
Dumont,SP,9764
Echaporã,SP,6291
Eldorado,SP,13109
Elias Fausto,SP,18168
Elisiário,SP,3190
Embaúba,SP,2349
Embu das Artes,SP,259788
Embu-Guaçu,SP,68913
Emilianópolis,SP,3061
Engenheiro Coelho,SP,20261
Espírito Santo do Pinhal,SP,40610
Espírito Santo do Turvo,SP,4214
Estrela d'Oeste,SP,9696
Estrela do Norte,SP,2751
Euclides da Cunha Paulista,SP,7883
Fartura,SP,17029
Fernandópolis,SP,73508
Fernando Prestes,SP,6080
Fernão,SP,1692
Ferraz de Vasconcelos,SP,186479
Flora Rica,SP,1483
Floreal,SP,2747
Flórida Paulista,SP,13175
Florínea,SP,4022
Franca,SP,365494
Francisco Morato,SP,171476
Franco da Rocha,SP,150241
Gabriel Monteiro,SP,2813
Gália,SP,6413
Garça,SP,43081
Gastão Vidigal,SP,3203
Gavião Peixoto,SP,4806
General Salgado,SP,10437
Getulina,SP,10337
Glicério,SP,4158
Guaiçara,SP,11478
Guaimbê,SP,5609
Guaíra,SP,40489
Guapiaçu,SP,22445
Guapiara,SP,17225
Guará,SP,18748
Guaraçaí,SP,7453
Guaraci,SP,10554
Guarani d'Oeste,SP,1999
Guarantã,SP,6532
Guararapes,SP,31888
Guararema,SP,32620
Guaratinguetá,SP,121916
Guareí,SP,15285
Guariba,SP,38678
Guarujá,SP,294871
Guarulhos,SP,1349100
Guatapará,SP,7474
Guzolândia,SP,4259
Herculândia,SP,9316
Holambra,SP,15718
Hortolândia,SP,248842
Iacanga,SP,10648
Iacri,SP,6197
Iaras,SP,8313
Ibaté,SP,33160
Ibirá,SP,11952
Ibirarema,SP,6450
Ibitinga,SP,62143
Ibiúna,SP,77801
Icém,SP,7982
Iepê,SP,7739
Igaraçu do Tietê,SP,23421
Igarapava,SP,26696
Igaratá,SP,10984
Iguape,SP,29891
Ilhabela,SP,36559
Ilha Comprida,SP,14104
Ilha Solteira,SP,26257
Indaiatuba,SP,269657
Indiana,SP,5200
Indiaporã,SP,4113
Inúbia Paulista,SP,3671
Ipaussu,SP,13935
Iperó,SP,38277
Ipeúna,SP,7027
Ipiguá,SP,7115
Iporanga,SP,4083
Ipuã,SP,14701
Iracemápolis,SP,22500
Irapuã,SP,6932
Irapuru,SP,7120
Itaberá,SP,18263
Itaí,SP,25979
Itajobi,SP,17502
Itaju,SP,3715
Itanhaém,SP,118495
Itaoca,SP,3497
Itapecerica da Serra,SP,163003
Itapetininga,SP,164256
Itapeva,SP,92393
Itapevi,SP,242995
Itapira,SP,74038
Itapirapuã Paulista,SP,4420
Itápolis,SP,40445
Itaporanga,SP,14245
Itapuí,SP,14035
Itapura,SP,4002
Itaquaquecetuba,SP,382983
Itararé,SP,45213
Itariri,SP,15916
Itatiba,SP,127112
Itatinga,SP,19462
Itirapina,SP,16454
Itirapuã,SP,5857
Itobi,SP,8227
Itu,SP,175047
Itupeva,SP,74994
Ituverava,SP,38413
Jaborandi,SP,6280
Jaboticabal,SP,73473
Jacareí,SP,250952
Jaci,SP,7944
Jacupiranga,SP,16216
Jaguariúna,SP,62309
Jales,SP,50078
Jambeiro,SP,6611
Jandira,SP,121550
Jardinópolis,SP,47125
Jarinu,SP,40007
Jaú,SP,137409
Jeriquara,SP,4000
Joanópolis,SP,13131
João Ramalho,SP,4464
José Bonifácio,SP,37992
Júlio Mesquita,SP,4302
Jumirim,SP,3132
Jundiaí,SP,463039
Junqueirópolis,SP,20939
Juquiá,SP,17184
Juquitiba,SP,27969
Lagoinha,SP,5183
Laranjal Paulista,SP,27044
Lavínia,SP,9940
Lavrinhas,SP,7348
Leme,SP,101537
Lençóis Paulista,SP,68568
Limeira,SP,301292
Lindóia,SP,7158
Lins,SP,76844
Lorena,SP,87468
Lourdes,SP,1962
Louveira,SP,54865
Lucélia,SP,20378
Lucianópolis,SP,2423
Luís Antônio,SP,12564
Luiziânia,SP,4740
Lupércio,SP,4004
Lutécia,SP,2697
Macatuba,SP,17140
Macaubal,SP,7581
Macedônia,SP,4058
Magda,SP,3211
Mairinque,SP,51888
Mairiporã,SP,97835
Manduri,SP,10122
Marabá Paulista,SP,4619
Maracaí,SP,12804
Marapoama,SP,3415
Mariápolis,SP,3526
Marília,SP,247348
Marinópolis,SP,1862
Martinópolis,SP,25240
Matão,SP,81075
Mauá,SP,429014
Mendonça,SP,6420
Meridiano,SP,4721
Mesópolis,SP,1990
Miguelópolis,SP,19621
Mineiros do Tietê,SP,11322
Miracatu,SP,18610
Mira Estrela,SP,3209
Mirandópolis,SP,28754
Mirante do Paranapanema,SP,16031
Mirassol,SP,65811
Mirassolândia,SP,4783
Mococa,SP,69372
Mogi das Cruzes,SP,470302
Mogi Guaçu,SP,160318
Mogi Mirim,SP,95742
Mombuca,SP,3830
Monções,SP,1947
Mongaguá,SP,64845
Monte Alegre do Sul,SP,8923
Monte Alto,SP,48758
Monte Aprazível,SP,22668
Monte Azul Paulista,SP,18337
Monte Castelo,SP,4306
Monteiro Lobato,SP,4205
Monte Mor,SP,67832
Morro Agudo,SP,28521
Morungaba,SP,14147
Motuca,SP,4071
Murutinga do Sul,SP,3748
Nantes,SP,2697
Narandiba,SP,5956
Natividade da Serra,SP,7155
Nazaré Paulista,SP,18675
Neves Paulista,SP,9953
Nhandeara,SP,9915
Nipoã,SP,4876
Nova Aliança,SP,6885
Nova Campina,SP,8630
Nova Canaã Paulista,SP,2055
Nova Castilho,SP,1072
Nova Europa,SP,9459
Nova Granada,SP,19733
Nova Guataporanga,SP,2188
Nova Independência,SP,4847
Novais,SP,4463
Nova Luzitânia,SP,2817
Nova Odessa,SP,64596
Novo Horizonte,SP,39494
Nuporanga,SP,7570
Ocauçu,SP,4418
Óleo,SP,2535
Olímpia,SP,56874
Onda Verde,SP,4942
Oriente,SP,6180
Orindiúva,SP,6157
Orlândia,SP,39144
Osasco,SP,759524
Oscar Bressane,SP,2502
Osvaldo Cruz,SP,32112
Ourinhos,SP,106911
Ouroeste,SP,10660
Ouro Verde,SP,7900
Pacaembu,SP,15273
Palestina,SP,11704
Palmares Paulista,SP,9666
Palmeira d'Oeste,SP,8971
Palmital,SP,19714
Panorama,SP,15227
Paraguaçu Paulista,SP,42049
Paraibuna,SP,17959
Paraíso,SP,6218
Paranapanema,SP,19853
Paranapuã,SP,4118
Parapuã,SP,10720
Pardinho,SP,7435
Pariquera-Açu,SP,19603
Parisi,SP,3030
Patrocínio Paulista,SP,14888
Paulicéia,SP,8255
Paulínia,SP,116674
Paulistânia,SP,2156
Paulo de Faria,SP,7390
Pederneiras,SP,46337
Pedra Bela,SP,6745
Pedranópolis,SP,2856
Pedregulho,SP,15737
Pedreira,SP,44385
Pedrinhas Paulista,SP,2833
Pedro de Toledo,SP,11617
Penápolis,SP,63426
Pereira Barreto,SP,24360
Pereiras,SP,9013
Peruíbe,SP,70629
Piacatu,SP,5631
Piedade,SP,54266
Pilar do Sul,SP,28459
Pindamonhangaba,SP,172681
Pindorama,SP,14704
Pinhalzinho,SP,15676
Piquerobi,SP,3287
Piquete,SP,12516
Piracaia,SP,26795
Piracicaba,SP,440835
Piraju,SP,30294
Pirajuí,SP,22734
Pirangi,SP,11085
Pirapora do Bom Jesus,SP,18925
Pirapozinho,SP,26097
Pirassununga,SP,75594
Piratininga,SP,15657
Pitangueiras,SP,34361
Planalto,SP,4451
Platina,SP,3055
Poá,SP,106355
Poloni,SP,5702
Pompéia,SP,20520
Pongaí,SP,3440
Pontal,SP,38286
Pontalinda,SP,4198
Pontes Gestal,SP,2411
Populina,SP,4182
Porangaba,SP,10850
Porto Feliz,SP,58605
Porto Ferreira,SP,53966
Potim,SP,20801
Potirendaba,SP,19097
Pracinha,SP,2589
Pradópolis,SP,17299
Praia Grande,SP,368539
Pratânia,SP,5264
Presidente Alves,SP,3830
Presidente Bernardes,SP,14803
Presidente Epitácio,SP,40322
Presidente Prudente,SP,234706
Presidente Venceslau,SP,35810
Promissão,SP,35973
Quadra,SP,3477
Quatá,SP,13412
Queiroz,SP,3366
Queluz,SP,9074
Quintana,SP,7260
Rafard,SP,9145
Rancharia,SP,29387
Redenção da Serra,SP,4637
Regente Feijó,SP,20620
Reginópolis,SP,7820
Registro,SP,61927
Restinga,SP,6486
Ribeira,SP,3158
Ribeirão Bonito,SP,11040
Ribeirão Branco,SP,18942
Ribeirão Corrente,SP,4717
Ribeirão do Sul,SP,4776
Ribeirão dos Índios,SP,2040
Ribeirão Grande,SP,7571
Ribeirão Pires,SP,118954
Ribeirão Preto,SP,731639
Riversul,SP,5628
Rifaina,SP,4179
Rincão,SP,9101
Rinópolis,SP,9334
Rio Claro,SP,210323
Rio das Pedras,SP,32329
Rio Grande da Serra,SP,45324
Riolândia,SP,10444
Rosana,SP,17434
Roseira,SP,11137
Rubiácea,SP,2740
Rubinéia,SP,3998
Sabino,SP,5182
Sagres,SP,2522
Sales,SP,6645
Sales Oliveira,SP,11683
Salesópolis,SP,15381
Salmourão,SP,4883
Saltinho,SP,8407
Salto,SP,141111
Salto de Pirapora,SP,45262
Salto Grande,SP,9221
Sandovalina,SP,3697
Santa Adélia,SP,14193
Santa Albertina,SP,6566
Santa Bárbara d'Oeste,SP,189456
Santa Branca,SP,14219
Santa Clara d'Oeste,SP,2694
Santa Cruz da Conceição,SP,4375
Santa Cruz da Esperança,SP,2168
Santa Cruz das Palmeiras,SP,29489
Santa Cruz do Rio Pardo,SP,47759
Santa Ernestina,SP,6274
Santa Fé do Sul,SP,36288
Santa Gertrudes,SP,23192
Santa Isabel,SP,54691
Santa Lúcia,SP,7144
Santa Maria da Serra,SP,5308
Santa Mercedes,SP,3017
Santana da Ponte Pensa,SP,1699
Santana de Parnaíba,SP,163787
Santa Rita d'Oeste,SP,2796
Santa Rita do Passa Quatro,SP,24996
Santa Rosa de Viterbo,SP,23710
Santa Salete,SP,1692
Santo Anastácio,SP,17960
Santo André,SP,782048
Santo Antônio da Alegria,SP,6933
Santo Antônio de Posse,SP,23867
Santo Antônio do Aracanguá,SP,8593
Santo Antônio do Jardim,SP,6243
Santo Antônio do Pinhal,SP,7314
Santo Expedito,SP,3069
Santópolis do Aguapeí,SP,3921
Santos,SP,429547
São Bento do Sapucaí,SP,11989
São Bernardo do Campo,SP,841154
São Caetano do Sul,SP,172693
São Carlos,SP,266427
São Francisco,SP,2623
São João da Boa Vista,SP,96080
São João das Duas Pontes,SP,2623
São João de Iracema,SP,1882
São João do Pau d'Alho,SP,2293
São Joaquim da Barra,SP,49885
São José da Bela Vista,SP,7664
São José do Barreiro,SP,3888
São José do Rio Pardo,SP,53427
São José do Rio Preto,SP,504166
São José dos Campos,SP,727078
São Lourenço da Serra,SP,16479
São Luiz do Paraitinga,SP,10487
São Manuel,SP,38131
São Miguel Arcanjo,SP,32924
São Paulo,SP,11904961
São Pedro,SP,39855
São Pedro do Turvo,SP,7333
São Roque,SP,81366
São Sebastião,SP,84280
São Sebastião da Grama,SP,10428
São Simão,SP,13560
São Vicente,SP,338326
Sarapuí,SP,10677
Sarutaiá,SP,3772
Sebastianópolis do Sul,SP,3191
Serra Azul,SP,13108
Serrana,SP,45580
Serra Negra,SP,31047
Sertãozinho,SP,132176
Sete Barras,SP,12903
Severínia,SP,14693
Silveiras,SP,6329
Socorro,SP,41527
Sorocaba,SP,762172
Sud Mennucci,SP,7464
Sumaré,SP,291116
Suzano,SP,320261
Suzanápolis,SP,3465
Tabapuã,SP,11498
Tabatinga,SP,14997
Taboão da Serra,SP,285307
Taciba,SP,6418
Taguaí,SP,13068
Taiaçu,SP,5744
Taiúva,SP,6770
Tambaú,SP,21650
Tanabi,SP,26071
Tapiraí,SP,8122
Tapiratiba,SP,11903
Taquaral,SP,2649
Taquaritinga,SP,53264
Taquarituba,SP,24932
Taquarivaí,SP,7170
Tarabai,SP,6633
Tarumã,SP,15315
Tatuí,SP,129130
Taubaté,SP,322397
Tejupá,SP,4119
Teodoro Sampaio,SP,22598
Terra Roxa,SP,7965
Tietê,SP,38723
Timburi,SP,2484
Torre de Pedra,SP,2056
Torrinha,SP,9484
Trabiju,SP,1724
Tremembé,SP,53426
Três Fronteiras,SP,7060
Tuiuti,SP,6976
Tupã,SP,65433
Tupi Paulista,SP,16259
Turiúba,SP,1835
Turmalina,SP,1662
Ubarana,SP,5458
Ubatuba,SP,97096
Ubirajara,SP,5289
Uchoa,SP,10670
União Paulista,SP,1628
Urânia,SP,8973
Uru,SP,1424
Urupês,SP,14073
Valentim Gentil,SP,14634
Valinhos,SP,132258
Valparaíso,SP,24779
Vargem,SP,10863
Vargem Grande do Sul,SP,41256
Vargem Grande Paulista,SP,52352
Várzea Paulista,SP,119655
Vera Cruz,SP,10274
Vinhedo,SP,79089
Viradouro,SP,17685
Vista Alegre do Alto,SP,8368
Vitória Brasil,SP,1828
Votorantim,SP,133510
Votuporanga,SP,100568
Zacarias,SP,2773
Chavantes,SP,12415
Estiva Gerbi,SP,11609
Abatiá,PR,7233
Adrianópolis,PR,6319
Agudos do Sul,PR,10770
Almirante Tamandaré,PR,125861
Altamira do Paraná,PR,3496
Altônia,PR,18634
Alto Paraná,PR,14183
Alto Piquiri,PR,9771
Alvorada do Sul,PR,10481
Amaporã,PR,4688
Ampére,PR,20337
Anahy,PR,2971
Andirá,PR,19989
Ângulo,PR,3357
Antonina,PR,18140
Antônio Olinto,PR,7048
Apucarana,PR,134910
Arapongas,PR,124838
Arapoti,PR,26325
Arapuã,PR,3573
Araruna,PR,14894
Araucária,PR,162247
Ariranha do Ivaí,PR,2351
Assaí,PR,13477
Assis Chateaubriand,PR,38357
Astorga,PR,26203
Atalaia,PR,4046
Balsa Nova,PR,13867
Bandeirantes,PR,31747
Barbosa Ferraz,PR,10580
Barracão,PR,9903
Barra do Jacaré,PR,2872
Bela Vista da Caroba,PR,4122
Bela Vista do Paraíso,PR,14982
Bituruna,PR,15650
Boa Esperança,PR,4595
Boa Esperança do Iguaçu,PR,2421
Boa Ventura de São Roque,PR,6241
Boa Vista da Aparecida,PR,8023
Bocaiúva do Sul,PR,13405
Bom Jesus do Sul,PR,4072
Bom Sucesso,PR,6674
Bom Sucesso do Sul,PR,3244
Borrazópolis,PR,7818
Braganey,PR,4745
Brasilândia do Sul,PR,3861
Cafeara,PR,2648
Cafelândia,PR,20145
Cafezal do Sul,PR,4580
Califórnia,PR,8963
Cambará,PR,23393
Cambé,PR,110923
Cambira,PR,10045
Campina da Lagoa,PR,16014
Campina do Simão,PR,3954
Campina Grande do Sul,PR,50600
Campo Bonito,PR,3997
Campo do Tenente,PR,7693
Campo Largo,PR,144504
Campo Magro,PR,31888
Campo Mourão,PR,104122
Cândido de Abreu,PR,15081
Candói,PR,15174
Cantagalo,PR,10672
Capanema,PR,21088
Capitão Leônidas Marques,PR,14776
Carambeí,PR,24469
Carlópolis,PR,17788
Cascavel,PR,368195
Castro,PR,75644
Catanduvas,PR,10621
Centenário do Sul,PR,10903
Cerro Azul,PR,16287
Céu Azul,PR,11255
Chopinzinho,PR,21604
Cianorte,PR,82988
Cidade Gaúcha,PR,11705
Clevelândia,PR,14833
Colombo,PR,241672
Colorado,PR,23313
Congonhinhas,PR,8445
Conselheiro Mairinck,PR,3474
Contenda,PR,20006
Corbélia,PR,17933
Cornélio Procópio,PR,45720
Coronel Domingos Soares,PR,5427
Coronel Vivida,PR,24010
Corumbataí do Sul,PR,3770
Cruzeiro do Iguaçu,PR,4129
Cruzeiro do Oeste,PR,24859
Cruzeiro do Sul,PR,4543
Cruz Machado,PR,15759
Cruzmaltina,PR,2870
Curitiba,PR,1830795
Curiúva,PR,13784
Diamante do Norte,PR,5139
Diamante do Sul,PR,3147
Diamante D'Oeste,PR,4513
Dois Vizinhos,PR,47589
Douradina,PR,9631
Doutor Camargo,PR,6517
Enéas Marques,PR,6146
Engenheiro Beltrão,PR,12347
Esperança Nova,PR,1852
Entre Rios do Oeste,PR,4770
Espigão Alto do Iguaçu,PR,4880
Farol,PR,2994
Faxinal,PR,16596
Fazenda Rio Grande,PR,165943
Fênix,PR,4488
Fernandes Pinheiro,PR,6400
Figueira,PR,8129
Floraí,PR,4805
Flor da Serra do Sul,PR,4342
Floresta,PR,11522
Florestópolis,PR,11653
Flórida,PR,2711
Formosa do Oeste,PR,7763
Foz do Iguaçu,PR,297352
Francisco Alves,PR,8573
Francisco Beltrão,PR,102312
Foz do Jordão,PR,4893
General Carneiro,PR,10691
Godoy Moreira,PR,2911
Goioerê,PR,28931
Goioxim,PR,6469
Grandes Rios,PR,5527
Guaíra,PR,33058
Guairaçá,PR,6762
Guamiranga,PR,7916
Guapirama,PR,4857
Guaporema,PR,2210
Guaraci,PR,4743
Guaraniaçu,PR,13770
Guarapuava,PR,189630
Guaraqueçaba,PR,7446
Guaratuba,PR,44913
Honório Serpa,PR,4803
Ibaiti,PR,29464
Ibema,PR,6343
Ibiporã,PR,53276
Icaraíma,PR,9149
Iguaraçu,PR,5693
Iguatu,PR,2156
Imbaú,PR,15068
Imbituva,PR,30849
Inácio Martins,PR,9555
Inajá,PR,2481
Indianópolis,PR,4544
Ipiranga,PR,14317
Iporã,PR,16102
Iracema do Oeste,PR,2328
Irati,PR,61004
Iretama,PR,10832
Itaguajé,PR,4530
Itaipulândia,PR,12116
Itambaracá,PR,5819
Itambé,PR,6228
Itapejara d'Oeste,PR,12869
Itaperuçu,PR,33310
Itaúna do Sul,PR,3607
Ivaí,PR,13476
Ivaiporã,PR,33566
Ivaté,PR,6788
Ivatuba,PR,2685
Jaboti,PR,5655
Jacarezinho,PR,41493
Jaguapitã,PR,15908
Jaguariaíva,PR,36384
Jandaia do Sul,PR,21930
Janiópolis,PR,5807
Japira,PR,5054
Japurá,PR,9393
Jardim Alegre,PR,12138
Jardim Olinda,PR,1349
Jataizinho,PR,11996
Jesuítas,PR,10954
Joaquim Távora,PR,12341
Jundiaí do Sul,PR,3372
Juranda,PR,7899
Jussara,PR,6786
Kaloré,PR,4666
Lapa,PR,45878
Laranjal,PR,5525
Laranjeiras do Sul,PR,33179
Leópolis,PR,3725
Lidianópolis,PR,3987
Lindoeste,PR,5217
Loanda,PR,23966
Lobato,PR,4707
Londrina,PR,581382
Luiziana,PR,6659
Lunardelli,PR,4864
Lupionópolis,PR,4929
Mallet,PR,13681
Mamborê,PR,13551
Mandaguaçu,PR,34521
Mandaguari,PR,38313
Mandirituba,PR,29104
Manfrinópolis,PR,2790
Mangueirinha,PR,16737
Manoel Ribas,PR,14675
Marechal Cândido Rondon,PR,58734
Maria Helena,PR,5926
Marialva,PR,44749
Marilândia do Sul,PR,8761
Marilena,PR,7450
Mariluz,PR,9910
Maringá,PR,429660
Mariópolis,PR,6506
Maripá,PR,6824
Marmeleiro,PR,16605
Marquinho,PR,4491
Marumbi,PR,4780
Matelândia,PR,19223
Matinhos,PR,42063
Mato Rico,PR,3249
Mauá da Serra,PR,9689
Medianeira,PR,57910
Mercedes,PR,6194
Mirador,PR,2248
Miraselva,PR,2017
Missal,PR,11423
Moreira Sales,PR,11043
Morretes,PR,19089
Munhoz de Melo,PR,4057
Nossa Senhora das Graças,PR,3669
Nova Aliança do Ivaí,PR,1322
Nova América da Colina,PR,3286
Nova Aurora,PR,14331
Nova Cantu,PR,6739
Nova Esperança,PR,27142
Nova Esperança do Sudoeste,PR,5783
Nova Fátima,PR,7140
Nova Laranjeiras,PR,12298
Nova Londrina,PR,13074
Nova Olímpia,PR,5982
Nova Santa Bárbara,PR,4308
Nova Santa Rosa,PR,8581
Nova Prata do Iguaçu,PR,13340
Nova Tebas,PR,6852
Novo Itacolomi,PR,3227
Ortigueira,PR,24706
Ourizona,PR,3193
Ouro Verde do Oeste,PR,7102
Paiçandu,PR,48695
Palmas,PR,50238
Palmeira,PR,34948
Palmital,PR,12879
Palotina,PR,37039
Paraíso do Norte,PR,13728
Paranacity,PR,9549
Paranaguá,PR,150104
Paranapoema,PR,2352
Paranavaí,PR,96209
Pato Bragado,PR,6004
Pato Branco,PR,97821
Paula Freitas,PR,5706
Paulo Frontin,PR,6414
Peabiru,PR,13494
Perobal,PR,7599
Pérola,PR,12389
Pérola d'Oeste,PR,6218
Piên,PR,14409
Pinhais,PR,131255
Pinhalão,PR,6676
Pinhal de São Bento,PR,2805
Pinhão,PR,30451
Piraí do Sul,PR,23977
Piraquara,PR,127433
Pitanga,PR,34527
Pitangueiras,PR,3141
Planaltina do Paraná,PR,4125
Planalto,PR,14722
Ponta Grossa,PR,375632
Pontal do Paraná,PR,33131
Porecatu,PR,11271
Porto Amazonas,PR,4072
Porto Barreiro,PR,3057
Porto Rico,PR,3370
Porto Vitória,PR,3515
Prado Ferreira,PR,3816
Pranchita,PR,5831
Presidente Castelo Branco,PR,4304
Primeiro de Maio,PR,10064
Prudentópolis,PR,50946
Quarto Centenário,PR,4127
Quatiguá,PR,8426
Quatro Barras,PR,25397
Quatro Pontes,PR,4672
Quedas do Iguaçu,PR,31423
Querência do Norte,PR,10625
Quinta do Sol,PR,5052
Quitandinha,PR,18882
Ramilândia,PR,4279
Rancho Alegre,PR,3472
Rancho Alegre D'Oeste,PR,2623
Realeza,PR,20097
Rebouças,PR,14825
Renascença,PR,6945
Reserva,PR,24878
Reserva do Iguaçu,PR,6493
Ribeirão Claro,PR,12856
Ribeirão do Pinhal,PR,13158
Rio Azul,PR,14174
Rio Bom,PR,3214
Rio Bonito do Iguaçu,PR,14297
Rio Branco do Ivaí,PR,3841
Rio Branco do Sul,PR,40308
Rio Negro,PR,31951
Rolândia,PR,75818
Roncador,PR,11339
Rondon,PR,9255
Rosário do Ivaí,PR,5484
Sabáudia,PR,9511
Salgado Filho,PR,4090
Salto do Itararé,PR,5214
Salto do Lontra,PR,15706
Santa Amélia,PR,3358
Santa Cecília do Pavão,PR,3357
Santa Cruz de Monte Castelo,PR,8840
Santa Fé,PR,11730
Santa Helena,PR,26461
Santa Inês,PR,1745
Santa Isabel do Ivaí,PR,9043
Santa Izabel do Oeste,PR,14462
Santa Lúcia,PR,3638
Santa Maria do Oeste,PR,9869
Santa Mariana,PR,10941
Santa Mônica,PR,3361
Santana do Itararé,PR,5646
Santa Tereza do Oeste,PR,13938
Santa Terezinha de Itaipu,PR,25300
Santo Antônio da Platina,PR,45628
Santo Antônio do Caiuá,PR,2474
Santo Antônio do Paraíso,PR,2088
Santo Antônio do Sudoeste,PR,24980
Santo Inácio,PR,6463
São Carlos do Ivaí,PR,6727
São Jerônimo da Serra,PR,10884
São João,PR,12297
São João do Caiuá,PR,5607
São João do Ivaí,PR,10639
São João do Triunfo,PR,13899
São Jorge d'Oeste,PR,9587
São Jorge do Ivaí,PR,5170
São Jorge do Patrocínio,PR,6690
São José da Boa Vista,PR,6023
São José das Palmeiras,PR,4031
São José dos Pinhais,PR,349880
São Manoel do Paraná,PR,2176
São Mateus do Sul,PR,43490
São Miguel do Iguaçu,PR,30416
São Pedro do Iguaçu,PR,5730
São Pedro do Ivaí,PR,8514
São Pedro do Paraná,PR,2726
São Sebastião da Amoreira,PR,8063
São Tomé,PR,5282
Sapopema,PR,6778
Sarandi,PR,128106
Saudade do Iguaçu,PR,6413
Sengés,PR,17256
Serranópolis do Iguaçu,PR,5161
Sertaneja,PR,5654
Sertanópolis,PR,16210
Siqueira Campos,PR,24031
Sulina,PR,3498
Tamarana,PR,10540
Tamboara,PR,4986
Tapejara,PR,16326
Tapira,PR,5807
Teixeira Soares,PR,9540
Telêmaco Borba,PR,77479
Terra Boa,PR,18168
Terra Rica,PR,14961
Terra Roxa,PR,18636
Tibagi,PR,20374
Tijucas do Sul,PR,18458
Toledo,PR,160701
Tomazina,PR,8523
Três Barras do Paraná,PR,11157
Tunas do Paraná,PR,6304
Tuneiras do Oeste,PR,8067
Tupãssi,PR,8208
Turvo,PR,14101
Ubiratã,PR,25732
Umuarama,PR,123059
União da Vitória,PR,56560
Uniflor,PR,2106
Uraí,PR,10308
Wenceslau Braz,PR,19398
Ventania,PR,9760
Vera Cruz do Oeste,PR,8178
Verê,PR,8077
Alto Paraíso,PR,3067
Doutor Ulysses,PR,5744
Virmond,PR,3828
Vitorino,PR,10549
Xambrê,PR,5835
Abdon Batista,SC,2629
Abelardo Luz,SC,17767
Agrolândia,SC,11646
Agronômica,SC,6511
Água Doce,SC,6587
Águas de Chapecó,SC,6123
Águas Frias,SC,3000
Águas Mornas,SC,7193
Alfredo Wagner,SC,10963
Alto Bela Vista,SC,1847
Anchieta,SC,5955
Angelina,SC,5484
Anita Garibaldi,SC,8339
Anitápolis,SC,3761
Antônio Carlos,SC,12464
Apiúna,SC,10041
Arabutã,SC,4505
Araquari,SC,52079
Araranguá,SC,76611
Armazém,SC,9289
Arroio Trinta,SC,3634
Arvoredo,SC,2623
Ascurra,SC,8720
Atalanta,SC,3265
Aurora,SC,7241
Balneário Arroio do Silva,SC,17786
Balneário Camboriú,SC,151674
Balneário Barra do Sul,SC,16953
Balneário Gaivota,SC,17986
Bandeirante,SC,3265
Barra Bonita,SC,1642
Barra Velha,SC,52860
Bela Vista do Toldo,SC,5939
Belmonte,SC,2712
Benedito Novo,SC,10757
Biguaçu,SC,83756
Blumenau,SC,385558
Bocaina do Sul,SC,3639
Bombinhas,SC,28738
Bom Jardim da Serra,SC,3995
Bom Jesus,SC,2896
Bom Jesus do Oeste,SC,2240
Bom Retiro,SC,8422
Botuverá,SC,5705
Braço do Norte,SC,35985
Braço do Trombudo,SC,4256
Brunópolis,SC,2433
Brusque,SC,155307
Caçador,SC,76298
Caibi,SC,6441
Calmon,SC,3519
Camboriú,SC,117324
Capão Alto,SC,2636
Campo Alegre,SC,12886
Campo Belo do Sul,SC,7324
Campo Erê,SC,9864
Campos Novos,SC,39049
Canelinha,SC,13618
Canoinhas,SC,56948
Capinzal,SC,24414
Capivari de Baixo,SC,25015
Catanduvas,SC,11033
Caxambu do Sul,SC,4752
Celso Ramos,SC,2864
Cerro Negro,SC,3303
Chapadão do Lageado,SC,3053
Chapecó,SC,282648
Cocal do Sul,SC,18106
Concórdia,SC,87206
Cordilheira Alta,SC,5192
Coronel Freitas,SC,10604
Coronel Martins,SC,1993
Corupá,SC,15912
Correia Pinto,SC,16253
Criciúma,SC,227438
Cunha Porã,SC,11242
Cunhataí,SC,2026
Curitibanos,SC,41741
Descanso,SC,8652
Dionísio Cerqueira,SC,15316
Dona Emma,SC,4435
Doutor Pedrinho,SC,3729
Entre Rios,SC,3561
Ermo,SC,2354
Erval Velho,SC,5137
Faxinal dos Guedes,SC,11537
Flor do Sertão,SC,1868
Florianópolis,SC,587486
Formosa do Sul,SC,2752
Forquilhinha,SC,34771
Fraiburgo,SC,34065
Frei Rogério,SC,2437
Galvão,SC,3168
Garopaba,SC,34070
Garuva,SC,19970
Gaspar,SC,78344
Governador Celso Ramos,SC,18280
Grão-Pará,SC,6403
Gravatal,SC,13158
Guabiruba,SC,26645
Guaraciaba,SC,11071
Guaramirim,SC,51009
Guarujá do Sul,SC,4893
Guatambú,SC,9611
Herval d'Oeste,SC,22222
Ibiam,SC,2061
Ibicaré,SC,3295
Ibirama,SC,20900
Içara,SC,63489
Ilhota,SC,18627
Imaruí,SC,12150
Imbituba,SC,57256
Imbuia,SC,6166
Indaial,SC,77888
Iomerê,SC,2967
Ipira,SC,4622
Iporã do Oeste,SC,9759
Ipuaçu,SC,8133
Ipumirim,SC,8121
Iraceminha,SC,3981
Irani,SC,10560
Irati,SC,2098
Irineópolis,SC,10427
Itá,SC,7370
Itaiópolis,SC,22906
Itajaí,SC,294850
Itapema,SC,86116
Itapiranga,SC,17268
Itapoá,SC,36033
Ituporanga,SC,28461
Jaborá,SC,4461
Jacinto Machado,SC,10818
Jaguaruna,SC,21570
Jaraguá do Sul,SC,199519
Jardinópolis,SC,1810
Joaçaba,SC,31809
Joinville,SC,664541
José Boiteux,SC,6415
Jupiá,SC,2713
Lacerdópolis,SC,2302
Lages,SC,172458
Laguna,SC,44060
Lajeado Grande,SC,1791
Laurentino,SC,8605
Lauro Müller,SC,14628
Lebon Régis,SC,11575
Leoberto Leal,SC,3379
Lindóia do Sul,SC,4604
Lontras,SC,13829
Luiz Alves,SC,12246
Luzerna,SC,5951
Macieira,SC,1796
Mafra,SC,57262
Major Gercino,SC,3253
Major Vieira,SC,7543
Maracajá,SC,8344
Maravilha,SC,30743
Marema,SC,2218
Massaranduba,SC,18122
Matos Costa,SC,2789
Meleiro,SC,7128
Mirim Doce,SC,2554
Modelo,SC,4159
Mondaí,SC,10206
Monte Carlo,SC,9218
Monte Castelo,SC,7747
Morro da Fumaça,SC,19490
Morro Grande,SC,3097
Navegantes,SC,96046
Nova Erechim,SC,5490
Nova Itaberaba,SC,4672
Nova Trento,SC,14395
Nova Veneza,SC,14004
Novo Horizonte,SC,2661
Orleans,SC,24686
Otacílio Costa,SC,17873
Ouro,SC,7062
Ouro Verde,SC,2195
Paial,SC,2007
Painel,SC,2216
Palhoça,SC,253469
Palma Sola,SC,7696
Palmeira,SC,2658
Palmitos,SC,15781
Papanduva,SC,19769
Paraíso,SC,4394
Passo de Torres,SC,14859
Passos Maia,SC,3997
Paulo Lopes,SC,9879
Pedras Grandes,SC,4355
Penha,SC,36995
Peritiba,SC,3040
Pescaria Brava,SC,10615
Petrolândia,SC,6996
Balneário Piçarras,SC,30593
Pinhalzinho,SC,23897
Pinheiro Preto,SC,3631
Piratuba,SC,6144
Planalto Alegre,SC,3081
Pomerode,SC,37003
Ponte Alta,SC,4390
Ponte Alta do Norte,SC,3241
Ponte Serrada,SC,10732
Porto Belo,SC,31557
Porto União,SC,33694
Pouso Redondo,SC,18051
Praia Grande,SC,8696
Presidente Castello Branco,SC,1707
Presidente Getúlio,SC,21764
Presidente Nereu,SC,2347
Princesa,SC,3073
Quilombo,SC,11433
Rancho Queimado,SC,3484
Rio das Antas,SC,6399
Rio do Campo,SC,6638
Rio do Oeste,SC,8071
Rio dos Cedros,SC,11218
Rio do Sul,SC,77451
Rio Fortuna,SC,5044
Rio Negrinho,SC,40132
Rio Rufino,SC,2429
Riqueza,SC,4828
Rodeio,SC,13491
Romelândia,SC,4684
Salete,SC,7656
Saltinho,SC,3604
Salto Veloso,SC,4495
Sangão,SC,13797
Santa Cecília,SC,15749
Santa Helena,SC,2476
Santa Rosa de Lima,SC,2131
Santa Rosa do Sul,SC,10450
Santa Terezinha,SC,8015
Santa Terezinha do Progresso,SC,2534
Santiago do Sul,SC,1732
Santo Amaro da Imperatriz,SC,30099
São Bernardino,SC,2715
São Bento do Sul,SC,87661
São Bonifácio,SC,2982
São Carlos,SC,10462
São Cristóvão do Sul,SC,6489
São Domingos,SC,9343
São Francisco do Sul,SC,56726
São João do Oeste,SC,6467
São João Batista,SC,35336
São João do Itaperiú,SC,4827
São João do Sul,SC,9278
São Joaquim,SC,26982
São José,SC,295658
São José do Cedro,SC,14538
São José do Cerrito,SC,8706
São Lourenço do Oeste,SC,26056
São Ludgero,SC,14444
São Martinho,SC,3520
São Miguel da Boa Vista,SC,1777
São Miguel do Oeste,SC,47724
São Pedro de Alcântara,SC,6175
Saudades,SC,10799
Schroeder,SC,21710
Seara,SC,19399
Serra Alta,SC,3370
Siderópolis,SC,14156
Sombrio,SC,31722
Sul Brasil,SC,2900
Taió,SC,18909
Tangará,SC,8144
Tigrinhos,SC,2535
Tijucas,SC,58695
Timbé do Sul,SC,5503
Timbó,SC,49768
Timbó Grande,SC,7521
Três Barras,SC,20525
Treviso,SC,3920
Treze de Maio,SC,7633
Treze Tílias,SC,9531
Trombudo Central,SC,7599
Tubarão,SC,116725
Tunápolis,SC,5081
Turvo,SC,13604
União do Oeste,SC,2791
Urubici,SC,11064
Urupema,SC,2751
Urussanga,SC,21464
Vargeão,SC,3726
Vargem,SC,2613
Vargem Bonita,SC,4597
Vidal Ramos,SC,6266
Videira,SC,59074
Vitor Meireles,SC,5507
Witmarsum,SC,4513
Xanxerê,SC,54891
Xavantina,SC,3583
Xaxim,SC,34485
Zortéa,SC,4257
Balneário Rincão,SC,17697
Aceguá,RS,4251
Água Santa,RS,4003
Agudo,RS,16341
Ajuricaba,RS,6843
Alecrim,RS,6219
Alegrete,RS,74285
Alegria,RS,3705
Almirante Tamandaré do Sul,RS,2007
Alpestre,RS,7235
Alto Alegre,RS,1837
Alto Feliz,RS,3145
Alvorada,RS,194062
Amaral Ferrador,RS,5384
Ametista do Sul,RS,7826
André da Rocha,RS,1156
Anta Gorda,RS,6080
Antônio Prado,RS,13332
Arambaré,RS,4215
Araricá,RS,8831
Aratiba,RS,6618
Arroio do Meio,RS,22523
Arroio do Sal,RS,11418
Arroio do Padre,RS,2650
Arroio dos Ratos,RS,14934
Arroio do Tigre,RS,12291
Arroio Grande,RS,17879
Arvorezinha,RS,10547
Augusto Pestana,RS,7303
Áurea,RS,3458
Bagé,RS,121928
Balneário Pinhal,RS,15413
Barão,RS,6496
Barão de Cotegipe,RS,7320
Barão do Triunfo,RS,5972
Barracão,RS,4915
Barra do Guarita,RS,3231
Barra do Quaraí,RS,4340
Barra do Ribeiro,RS,12473
Barra do Rio Azul,RS,1721
Barra Funda,RS,2557
Barros Cassal,RS,9425
Benjamin Constant do Sul,RS,2118
Bento Gonçalves,RS,127977
Boa Vista das Missões,RS,1968
Boa Vista do Buricá,RS,7129
Boa Vista do Cadeado,RS,2269
Boa Vista do Incra,RS,2314
Boa Vista do Sul,RS,2815
Bom Jesus,RS,11429
Bom Princípio,RS,13665
Bom Progresso,RS,2132
Bom Retiro do Sul,RS,12587
Boqueirão do Leão,RS,6202
Bossoroca,RS,5978
Bozano,RS,2195
Braga,RS,3322
Brochier,RS,5083
Butiá,RS,19421
Caçapava do Sul,RS,33501
Cacequi,RS,11300
Cachoeira do Sul,RS,82222
Cachoeirinha,RS,141503
Cacique Doble,RS,4692
Caibaté,RS,4795
Caiçara,RS,4931
Camaquã,RS,63961
Camargo,RS,3060
Cambará do Sul,RS,6490
Campestre da Serra,RS,3311
Campina das Missões,RS,5999
Campinas do Sul,RS,5388
Campo Bom,RS,64719
Campo Novo,RS,5063
Campos Borges,RS,3695
Candelária,RS,29775
Cândido Godói,RS,6419
Candiota,RS,11012
Canela,RS,50715
Canguçu,RS,50968
Canoas,RS,359840
Canudos do Vale,RS,1686
Capão Bonito do Sul,RS,1769
Capão da Canoa,RS,66234
Capão do Cipó,RS,3187
Capão do Leão,RS,27416
Capivari do Sul,RS,4080
Capela de Santana,RS,11424
Capitão,RS,2994
Carazinho,RS,63670
Caraá,RS,7555
Carlos Barbosa,RS,31585
Carlos Gomes,RS,1384
Casca,RS,9698
Caseiros,RS,3064
Catuípe,RS,8834
Caxias do Sul,RS,479599
Centenário,RS,2777
Cerrito,RS,5910
Cerro Branco,RS,3859
Cerro Grande,RS,2428
Cerro Grande do Sul,RS,9333
Cerro Largo,RS,14014
Chapada,RS,9751
Charqueadas,RS,36110
Charrua,RS,2800
Chiapetta,RS,3991
Chuí,RS,6409
Chuvisca,RS,4682
Cidreira,RS,17583
Ciríaco,RS,4208
Colinas,RS,2474
Colorado,RS,3316
Condor,RS,6538
Constantina,RS,10631
Coqueiro Baixo,RS,1308
Coqueiros do Sul,RS,2248
Coronel Barros,RS,2896
Coronel Bicaco,RS,6214
Coronel Pilar,RS,1637
Cotiporã,RS,3926
Coxilha,RS,2718
Crissiumal,RS,13116
Cristal,RS,7455
Cristal do Sul,RS,2745
Cruz Alta,RS,60454
Cruzaltense,RS,1650
Cruzeiro do Sul,RS,12574
David Canabarro,RS,4400
Derrubadas,RS,2793
Dezesseis de Novembro,RS,2540
Dilermando de Aguiar,RS,2856
Dois Irmãos,RS,31804
Dois Irmãos das Missões,RS,2132
Dois Lajeados,RS,3156
Dom Feliciano,RS,13280
Dom Pedro de Alcântara,RS,2617
Dom Pedrito,RS,38080
Dona Francisca,RS,3133
Doutor Maurício Cardoso,RS,4534
Doutor Ricardo,RS,1924
Eldorado do Sul,RS,41012
Encantado,RS,23520
Encruzilhada do Sul,RS,24275
Engenho Velho,RS,1315
Entre-Ijuís,RS,9367
Entre Rios do Sul,RS,2727
Erebango,RS,3122
Erechim,RS,109609
Ernestina,RS,3097
Herval,RS,6302
Erval Grande,RS,5027
Erval Seco,RS,6892
Esmeralda,RS,3264
Esperança do Sul,RS,3293
Espumoso,RS,15478
Estação,RS,5685
Estância Velha,RS,49499
Esteio,RS,78144
Estrela,RS,33263
Estrela Velha,RS,3115
Eugênio de Castro,RS,2683
Fagundes Varela,RS,2620
Farroupilha,RS,72552
Faxinal do Soturno,RS,6846
Faxinalzinho,RS,2572
Fazenda Vilanova,RS,4405
Feliz,RS,13994
Flores da Cunha,RS,32015
Floriano Peixoto,RS,1690
Fontoura Xavier,RS,9710
Formigueiro,RS,6527
Forquetinha,RS,2441
Fortaleza dos Valos,RS,4569
Frederico Westphalen,RS,33726
Garibaldi,RS,35563
Garruchos,RS,2724
Gaurama,RS,5779
General Câmara,RS,7743
Gentil,RS,1784
Getúlio Vargas,RS,16955
Giruá,RS,16273
Glorinha,RS,7851
Gramado,RS,41705
Gramado dos Loureiros,RS,2047
Gramado Xavier,RS,3350
Gravataí,RS,275430
Guabiju,RS,1441
Guaíba,RS,95946
Guaporé,RS,26168
Guarani das Missões,RS,7547
Harmonia,RS,5535
Herveiras,RS,2604
Horizontina,RS,19252
Hulha Negra,RS,6102
Humaitá,RS,4772
Ibarama,RS,3787
Ibiaçá,RS,4617
Ibiraiaras,RS,6827
Ibirapuitã,RS,3789
Ibirubá,RS,22106
Igrejinha,RS,34776
Ijuí,RS,87848
Ilópolis,RS,4245
Imbé,RS,28027
Imigrante,RS,3149
Independência,RS,6557
Inhacorá,RS,2047
Ipê,RS,5490
Ipiranga do Sul,RS,1748
Iraí,RS,7619
Itaara,RS,5712
Itacurubi,RS,3038
Itapuca,RS,1963
Itaqui,RS,36811
Itati,RS,2696
Itatiba do Sul,RS,3240
Ivorá,RS,1962
Ivoti,RS,23566
Jaboticaba,RS,3847
Jacuizinho,RS,2066
Jacutinga,RS,3398
Jaguarão,RS,27396
Jaguari,RS,10771
Jaquirana,RS,3751
Jari,RS,3412
Jóia,RS,7294
Júlio de Castilhos,RS,18545
Lagoa Bonita do Sul,RS,2283
Lagoão,RS,5421
Lagoa dos Três Cantos,RS,1781
Lagoa Vermelha,RS,28622
Lajeado,RS,96879
Lajeado do Bugre,RS,2661
Lavras do Sul,RS,7290
Liberato Salzano,RS,4845
Lindolfo Collor,RS,6420
Linha Nova,RS,1721
Machadinho,RS,5867
Maçambará,RS,4485
Mampituba,RS,3203
Manoel Viana,RS,6915
Maquiné,RS,7593
Maratá,RS,2521
Marau,RS,46748
Marcelino Ramos,RS,4382
Mariana Pimentel,RS,4005
Mariano Moro,RS,1884
Marques de Souza,RS,4050
Mata,RS,4782
Mato Castelhano,RS,2611
Mato Leitão,RS,5001
Mato Queimado,RS,1833
Maximiliano de Almeida,RS,4251
Minas do Leão,RS,7661
Miraguaí,RS,4501
Montauri,RS,1530
Monte Alegre dos Campos,RS,3251
Monte Belo do Sul,RS,2608
Montenegro,RS,66352
Mormaço,RS,2815
Morrinhos do Sul,RS,3133
Morro Redondo,RS,6168
Morro Reuter,RS,6167
Mostardas,RS,12347
Muçum,RS,4692
Muitos Capões,RS,2937
Muliterno,RS,1754
Não-Me-Toque,RS,18335
Nicolau Vergueiro,RS,1982
Nonoai,RS,14074
Nova Alvorada,RS,3229
Nova Araçá,RS,5098
Nova Bassano,RS,9867
Nova Boa Vista,RS,2089
Nova Bréscia,RS,3104
Nova Candelária,RS,3138
Nova Esperança do Sul,RS,4976
Nova Hartz,RS,20558
Nova Pádua,RS,2389
Nova Palma,RS,5676
Nova Petrópolis,RS,23934
Nova Prata,RS,26637
Nova Ramada,RS,2198
Nova Roma do Sul,RS,3545
Nova Santa Rita,RS,30189
Novo Cabrais,RS,3633
Novo Hamburgo,RS,235802
Novo Machado,RS,3239
Novo Tiradentes,RS,2187
Novo Xingu,RS,1677
Novo Barreiro,RS,4375
Osório,RS,48999
Paim Filho,RS,3685
Palmares do Sul,RS,13189
Palmeira das Missões,RS,34227
Palmitinho,RS,8042
Panambi,RS,45102
Pantano Grande,RS,10443
Paraí,RS,7362
Paraíso do Sul,RS,6627
Pareci Novo,RS,4441
Parobé,RS,53569
Passa Sete,RS,4024
Passo do Sobrado,RS,6155
Passo Fundo,RS,214811
Paulo Bento,RS,2188
Paverama,RS,8146
Pedras Altas,RS,2099
Pedro Osório,RS,7631
Pejuçara,RS,3817
Pelotas,RS,336150
Picada Café,RS,5473
Pinhal,RS,3039
Pinhal da Serra,RS,2300
Pinhal Grande,RS,3861
Pinheirinho do Vale,RS,4638
Pinheiro Machado,RS,11395
Pinto Bandeira,RS,2785
Pirapó,RS,2255
Piratini,RS,17770
Planalto,RS,10624
Poço das Antas,RS,2224
Pontão,RS,3345
Ponte Preta,RS,1602
Portão,RS,35273
Porto Alegre,RS,1388794
Porto Lucena,RS,4414
Porto Mauá,RS,2173
Porto Vera Cruz,RS,1582
Porto Xavier,RS,10127
Pouso Novo,RS,1771
Presidente Lucena,RS,3166
Progresso,RS,5423
Protásio Alves,RS,2070
Putinga,RS,3809
Quaraí,RS,23995
Quatro Irmãos,RS,1577
Quevedos,RS,2553
Quinze de Novembro,RS,4003
Redentora,RS,9931
Relvado,RS,1826
Restinga Sêca,RS,15205
Rio dos Índios,RS,2866
Rio Grande,RS,198935
Rio Pardo,RS,35641
Riozinho,RS,4574
Roca Sales,RS,10646
Rodeio Bonito,RS,6831
Rolador,RS,2330
Rolante,RS,21752
Ronda Alta,RS,9969
Rondinha,RS,5078
Roque Gonzales,RS,6693
Rosário do Sul,RS,37674
Sagrada Família,RS,2528
Saldanha Marinho,RS,2619
Salto do Jacuí,RS,10357
Salvador das Missões,RS,2955
Salvador do Sul,RS,7184
Sananduva,RS,16770
Santa Bárbara do Sul,RS,8269
Santa Cecília do Sul,RS,1710
Santa Clara do Sul,RS,7079
Santa Cruz do Sul,RS,138270
Santa Maria,RS,282395
Santa Maria do Herval,RS,6486
Santa Margarida do Sul,RS,2661
Santana da Boa Vista,RS,7128
Sant'Ana do Livramento,RS,87329
Santa Rosa,RS,79488
Santa Tereza,RS,1529
Santa Vitória do Palmar,RS,31965
Santiago,RS,50336
Santo Ângelo,RS,79146
Santo Antônio do Palma,RS,2134
Santo Antônio da Patrulha,RS,44431
Santo Antônio das Missões,RS,10485
Santo Antônio do Planalto,RS,2138
Santo Augusto,RS,14196
Santo Cristo,RS,15667
Santo Expedito do Sul,RS,2395
São Borja,RS,61311
São Domingos do Sul,RS,2806
São Francisco de Assis,RS,17934
São Francisco de Paula,RS,22388
São Gabriel,RS,60090
São Jerônimo,RS,21412
São João da Urtiga,RS,4547
São João do Polêsine,RS,2708
São Jorge,RS,2976
São José das Missões,RS,2399
São José do Herval,RS,1931
São José do Hortêncio,RS,4555
São José do Inhacorá,RS,2466
São José do Norte,RS,26248
São José do Ouro,RS,6978
São José do Sul,RS,2443
São José dos Ausentes,RS,4295
São Leopoldo,RS,225737
São Lourenço do Sul,RS,43278
São Luiz Gonzaga,RS,35865
São Marcos,RS,21549
São Martinho,RS,5587
São Martinho da Serra,RS,2908
São Miguel das Missões,RS,7193
São Nicolau,RS,5243
São Paulo das Missões,RS,5943
São Pedro da Serra,RS,3618
São Pedro das Missões,RS,1790
São Pedro do Butiá,RS,3142
São Pedro do Sul,RS,15863
São Sebastião do Caí,RS,24898
São Sepé,RS,21551
São Valentim,RS,3320
São Valentim do Sul,RS,2255
São Valério do Sul,RS,2593
São Vendelino,RS,2309
São Vicente do Sul,RS,8257
Sapiranga,RS,77935
Sapucaia do Sul,RS,136572
Sarandi,RS,23374
Seberi,RS,12325
Sede Nova,RS,2750
Segredo,RS,6098
Selbach,RS,5222
Senador Salgado Filho,RS,2725
Sentinela do Sul,RS,5424
Serafina Corrêa,RS,17407
Sério,RS,2089
Sertão,RS,5630
Sertão Santana,RS,5989
Sete de Setembro,RS,1881
Severiano de Almeida,RS,3463
Silveira Martins,RS,2056
Sinimbu,RS,8685
Sobradinho,RS,14512
Soledade,RS,30939
Tabaí,RS,4569
Tapejara,RS,25256
Tapera,RS,10824
Tapes,RS,14920
Taquara,RS,54353
Taquari,RS,25963
Taquaruçu do Sul,RS,3192
Tavares,RS,5319
Tenente Portela,RS,14820
Terra de Areia,RS,10575
Teutônia,RS,34023
Tio Hugo,RS,3358
Tiradentes do Sul,RS,5188
Toropi,RS,2594
Torres,RS,43344
Tramandaí,RS,56430
Travesseiro,RS,2192
Três Arroios,RS,2636
Três Cachoeiras,RS,11224
Três Coroas,RS,24428
Três de Maio,RS,25466
Três Forquilhas,RS,2813
Três Palmeiras,RS,4829
Três Passos,RS,26304
Trindade do Sul,RS,7785
Triunfo,RS,28435
Tucunduva,RS,5646
Tunas,RS,3732
Tupanci do Sul,RS,1396
Tupanciretã,RS,20324
Tupandi,RS,5172
Tuparendi,RS,8535
Turuçu,RS,3488
Ubiretama,RS,2025
União da Serra,RS,1183
Unistalda,RS,2047
Uruguaiana,RS,120819
Vacaria,RS,66146
Vale Verde,RS,3213
Vale do Sol,RS,10069
Vale Real,RS,6223
Vanini,RS,2047
Venâncio Aires,RS,70842
Vera Cruz,RS,27670
Veranópolis,RS,24554
Vespasiano Corrêa,RS,1851
Viadutos,RS,4847
Viamão,RS,231996
Vicente Dutra,RS,4741
Victor Graeff,RS,2829
Vila Flores,RS,3741
Vila Lângaro,RS,2121
Vila Maria,RS,4515
Vila Nova do Sul,RS,3932
Vista Alegre,RS,2710
Vista Alegre do Prata,RS,1624
Vista Gaúcha,RS,2843
Vitória das Missões,RS,3316
Westfália,RS,3223
Xangri-lá,RS,16949
Água Clara,MS,17901
Alcinópolis,MS,4649
Amambai,MS,41751
Anastácio,MS,24781
Anaurilândia,MS,7688
Angélica,MS,11308
Antônio João,MS,9717
Aparecida do Taboado,MS,29826
Aquidauana,MS,48689
Aral Moreira,MS,11125
Bandeirantes,MS,8342
Bataguassu,MS,24222
Batayporã,MS,10947
Bela Vista,MS,21881
Bodoquena,MS,8887
Bonito,MS,25034
Brasilândia,MS,11833
Caarapó,MS,32748
Camapuã,MS,13928
Campo Grande,MS,962883
Caracol,MS,5096
Cassilândia,MS,21565
Chapadão do Sul,MS,34606
Corguinho,MS,4892
Coronel Sapucaia,MS,14685
Corumbá,MS,98751
Costa Rica,MS,28740
Coxim,MS,33440
Deodápolis,MS,14317
Dois Irmãos do Buriti,MS,11521
Douradina,MS,5768
Dourados,MS,264017
Eldorado,MS,11622
Fátima do Sul,MS,21504
Figueirão,MS,3751
Glória de Dourados,MS,10817
Guia Lopes da Laguna,MS,10116
Iguatemi,MS,13960
Inocência,MS,8764
Itaporã,MS,25263
Itaquiraí,MS,20060
Ivinhema,MS,30001
Japorã,MS,8441
Jaraguari,MS,7480
Jardim,MS,24504
Jateí,MS,3596
Juti,MS,7067
Ladário,MS,22425
Laguna Carapã,MS,7037
Maracaju,MS,48073
Miranda,MS,26512
Mundo Novo,MS,20087
Naviraí,MS,53014
Nioaque,MS,13354
Nova Alvorada do Sul,MS,23409
Nova Andradina,MS,50848
Novo Horizonte do Sul,MS,4801
Paraíso das Águas,MS,5842
Paranaíba,MS,42638
Paranhos,MS,13368
Pedro Gomes,MS,6910
Ponta Porã,MS,98598
Porto Murtinho,MS,12721
Ribas do Rio Pardo,MS,24152
Rio Brilhante,MS,40419
Rio Negro,MS,4921
Rio Verde de Mato Grosso,MS,20454
Rochedo,MS,5451
Santa Rita do Pardo,MS,7165
São Gabriel do Oeste,MS,32207
Sete Quedas,MS,11322
Selvíria,MS,8716
Sidrolândia,MS,49735
Sonora,MS,14813
Tacuru,MS,11205
Taquarussu,MS,3740
Terenos,MS,18182
Três Lagoas,MS,143523
Vicentina,MS,6505
Acorizal,MT,4948
Água Boa,MT,32099
Alta Floresta,MT,62158
Alto Araguaia,MT,17751
Alto Boa Vista,MT,5920
Alto Garças,MT,13956
Alto Paraguai,MT,7525
Alto Taquari,MT,11877
Apiacás,MT,8693
Araguaiana,MT,4005
Araguainha,MT,997
Araputanga,MT,14805
Arenápolis,MT,10769
Aripuanã,MT,26558
Barão de Melgaço,MT,7137
Barra do Bugres,MT,29406
Barra do Garças,MT,73878
Boa Esperança do Norte,MT,5877
Bom Jesus do Araguaia,MT,7912
Brasnorte,MT,17645
Cáceres,MT,91767
Campinápolis,MT,15808
Campo Novo do Parecis,MT,51722
Campo Verde,MT,49053
Campos de Júlio,MT,9946
Canabrava do Norte,MT,4451
Canarana,MT,28324
Carlinda,MT,10260
Castanheira,MT,7392
Chapada dos Guimarães,MT,19458
Cláudia,MT,9301
Cocalinho,MT,6495
Colíder,MT,32054
Colniza,MT,26026
Comodoro,MT,18469
Confresa,MT,38460
Conquista D'Oeste,MT,3908
Cotriguaçu,MT,10030
Cuiabá,MT,691875
Curvelândia,MT,4970
Denise,MT,6675
Diamantino,MT,22623
Dom Aquino,MT,7890
Feliz Natal,MT,10523
Figueirópolis D'Oeste,MT,3056
Gaúcha do Norte,MT,9397
General Carneiro,MT,6319
Glória D'Oeste,MT,2878
Guarantã do Norte,MT,31209
Guiratinga,MT,10252
Indiavaí,MT,2172
Ipiranga do Norte,MT,8658
Itanhangá,MT,8257
Itaúba,MT,5201
Itiquira,MT,12587
Jaciara,MT,29803
Jangada,MT,7413
Jauru,MT,7881
Juara,MT,36089
Juína,MT,48396
Juruena,MT,10057
Juscimeira,MT,11622
Lambari D'Oeste,MT,4662
Lucas do Rio Verde,MT,95792
Luciara,MT,2616
Vila Bela da Santíssima Trindade,MT,17592
Marcelândia,MT,11355
Matupá,MT,21959
Mirassol d'Oeste,MT,27637
Nobres,MT,15796
Nortelândia,MT,5890
Nossa Senhora do Livramento,MT,11658
Nova Bandeirantes,MT,14340
Nova Nazaré,MT,4575
Nova Lacerda,MT,7072
Nova Santa Helena,MT,4502
Nova Brasilândia,MT,3791
Nova Canaã do Norte,MT,11734
Nova Mutum,MT,63455
Nova Olímpia,MT,16204
Nova Ubiratã,MT,9760
Nova Xavantina,MT,25915
Novo Mundo,MT,6368
Novo Horizonte do Norte,MT,3267
Novo São Joaquim,MT,7239
Paranaíta,MT,12079
Paranatinga,MT,28870
Novo Santo Antônio,MT,2041
Pedra Preta,MT,18946
Peixoto de Azevedo,MT,33754
Planalto da Serra,MT,3328
Poconé,MT,31203
Pontal do Araguaia,MT,7441
Ponte Branca,MT,2098
Pontes e Lacerda,MT,55762
Porto Alegre do Norte,MT,12649
Porto dos Gaúchos,MT,5705
Porto Esperidião,MT,10088
Porto Estrela,MT,3141
Poxoréu,MT,25103
Primavera do Leste,MT,96006
Querência,MT,31100
São José dos Quatro Marcos,MT,17721
Reserva do Cabaçal,MT,2020
Ribeirão Cascalheira,MT,10541
Ribeirãozinho,MT,2733
Rio Branco,MT,4440
Santa Carmem,MT,5795
Santo Afonso,MT,2416
São José do Povo,MT,2716
São José do Rio Claro,MT,14455
São José do Xingu,MT,6234
São Pedro da Cipa,MT,4250
Rondolândia,MT,3518
Rondonópolis,MT,263708
Rosário Oeste,MT,15041
Santa Cruz do Xingu,MT,2904
Salto do Céu,MT,3657
Santa Rita do Trivelato,MT,3536
Santa Terezinha,MT,7737
Santo Antônio do Leste,MT,4244
Santo Antônio de Leverger,MT,16839
São Félix do Araguaia,MT,14604
Sapezal,MT,32514
Serra Nova Dourada,MT,1941
Sinop,MT,223780
Sorriso,MT,124665
Tabaporã,MT,9895
Tangará da Serra,MT,114603
Tapurah,MT,15638
Terra Nova do Norte,MT,10591
Tesouro,MT,2935
Torixoréu,MT,4238
União do Sul,MT,3904
Vale de São Domingos,MT,2892
Várzea Grande,MT,318922
Vera,MT,10758
Vila Rica,MT,19686
Nova Guarita,MT,4546
Nova Marilândia,MT,3731
Nova Maringá,MT,5705
Nova Monte Verde,MT,8470
Abadia de Goiás,GO,22052
Abadiânia,GO,17738
Acreúna,GO,22079
Adelândia,GO,2282
Água Fria de Goiás,GO,4979
Água Limpa,GO,1843
Águas Lindas de Goiás,GO,245352
Alexânia,GO,28244
Aloândia,GO,1977
Alto Horizonte,GO,6487
Alto Paraíso de Goiás,GO,11182
Alvorada do Norte,GO,8619
Amaralina,GO,3267
Americano do Brasil,GO,5260
Amorinópolis,GO,2906
Anápolis,GO,420300
Anhanguera,GO,913
Anicuns,GO,18306
Aparecida de Goiânia,GO,556021
Aparecida do Rio Doce,GO,3045
Aporé,GO,4488
Araçu,GO,3840
Aragarças,GO,18601
Aragoiânia,GO,12806
Araguapaz,GO,7152
Arenópolis,GO,2904
Aruanã,GO,8570
Aurilândia,GO,3237
Avelinópolis,GO,2993
Baliza,GO,3306
Barro Alto,GO,10853
Bela Vista de Goiás,GO,37305
Bom Jardim de Goiás,GO,7775
Bom Jesus de Goiás,GO,24925
Bonfinópolis,GO,11025
Bonópolis,GO,3289
Brazabrantes,GO,4201
Britânia,GO,5798
Buriti Alegre,GO,10930
Buriti de Goiás,GO,2800
Buritinópolis,GO,3140
Cabeceiras,GO,7689
Cachoeira Alta,GO,11854
Cachoeira de Goiás,GO,1417
Cachoeira Dourada,GO,7762
Caçu,GO,14034
Caiapônia,GO,16628
Caldas Novas,GO,106820
Caldazinha,GO,4819
Campestre de Goiás,GO,3879
Campinaçu,GO,3760
Campinorte,GO,12983
Campo Alegre de Goiás,GO,7807
Campo Limpo de Goiás,GO,8579
Campos Belos,GO,18227
Campos Verdes,GO,3822
Carmo do Rio Verde,GO,9988
Castelândia,GO,2871
Catalão,GO,122760
Caturaí,GO,5352
Cavalcante,GO,9730
Ceres,GO,22570
Cezarina,GO,8301
Chapadão do Céu,GO,14321
Cidade Ocidental,GO,101570
Cocalzinho de Goiás,GO,27196
Colinas do Sul,GO,4188
Córrego do Ouro,GO,2441
Corumbá de Goiás,GO,10724
Corumbaíba,GO,9484
Cristalina,GO,66827
Cristianópolis,GO,3670
Crixás,GO,17532
Cromínia,GO,3999
Cumari,GO,2951
Damianópolis,GO,3917
Damolândia,GO,2753
Davinópolis,GO,1889
Diorama,GO,1991
Doverlândia,GO,6823
Edealina,GO,4104
Edéia,GO,11982
Estrela do Norte,GO,3214
Faina,GO,7167
Fazenda Nova,GO,5842
Firminópolis,GO,10274
Flores de Goiás,GO,14273
Formosa,GO,121559
Formoso,GO,4662
Gameleira de Goiás,GO,3563
Divinópolis de Goiás,GO,4405
Goianápolis,GO,14758
Goiandira,GO,4962
Goianésia,GO,78009
Goiânia,GO,1503256
Goianira,GO,81495
Goiás,GO,24172
Goiatuba,GO,36984
Gouvelândia,GO,4313
Guapó,GO,20985
Guaraíta,GO,2170
Guarani de Goiás,GO,4091
Guarinos,GO,2154
Heitoraí,GO,3342
Hidrolândia,GO,30587
Hidrolina,GO,3477
Iaciara,GO,10289
Inaciolândia,GO,6076
Indiara,GO,17985
Inhumas,GO,53884
Ipameri,GO,26223
Ipiranga de Goiás,GO,2968
Iporá,GO,37283
Israelândia,GO,2515
Itaberaí,GO,47603
Itaguari,GO,5120
Itaguaru,GO,4837
Itajá,GO,4276
Itapaci,GO,21891
Itapirapuã,GO,8133
Itapuranga,GO,26553
Itarumã,GO,6124
Itauçu,GO,7636
Itumbiara,GO,113322
Ivolândia,GO,2731
Jandaia,GO,6365
Jaraguá,GO,46633
Jataí,GO,111634
Jaupaci,GO,2939
Jesúpolis,GO,2112
Joviânia,GO,7247
Jussara,GO,19926
Lagoa Santa,GO,1435
Leopoldo de Bulhões,GO,9123
Luziânia,GO,221262
Mairipotaba,GO,2631
Mambaí,GO,8493
Mara Rosa,GO,10806
Marzagão,GO,2942
Matrinchã,GO,4004
Maurilândia,GO,10145
Mimoso de Goiás,GO,2626
Minaçu,GO,26616
Mineiros,GO,74999
Moiporá,GO,1687
Monte Alegre de Goiás,GO,6534
Montes Claros de Goiás,GO,9024
Montividiu,GO,13094
Montividiu do Norte,GO,3743
Morrinhos,GO,54326
Morro Agudo de Goiás,GO,2505
Mossâmedes,GO,4626
Mozarlândia,GO,15199
Mundo Novo,GO,6202
Mutunópolis,GO,3540
Nazário,GO,8349
Nerópolis,GO,34273
Niquelândia,GO,33890
Nova América,GO,2380
Nova Aurora,GO,2132
Nova Crixás,GO,13153
Nova Glória,GO,8356
Nova Iguaçu de Goiás,GO,3084
Nova Roma,GO,3022
Nova Veneza,GO,9883
Novo Brasil,GO,3567
Novo Gama,GO,107663
Novo Planalto,GO,3703
Orizona,GO,17035
Ouro Verde de Goiás,GO,4109
Ouvidor,GO,7665
Padre Bernardo,GO,37207
Palestina de Goiás,GO,3113
Palmeiras de Goiás,GO,34375
Palmelo,GO,2266
Palminópolis,GO,3959
Panamá,GO,2432
Paranaiguara,GO,7356
Paraúna,GO,10727
Perolândia,GO,2999
Petrolina de Goiás,GO,9519
Pilar de Goiás,GO,2254
Piracanjuba,GO,25373
Piranhas,GO,11940
Pirenópolis,GO,28028
Pires do Rio,GO,33736
Planaltina,GO,112304
Pontalina,GO,18763
Porangatu,GO,45512
Porteirão,GO,4276
Portelândia,GO,3191
Posse,GO,36291
Professor Jamil,GO,3750
Quirinópolis,GO,50329
Rialma,GO,12665
Rianápolis,GO,3893
Rio Quente,GO,4033
Rio Verde,GO,241494
Rubiataba,GO,20186
Sanclerlândia,GO,8085
Santa Bárbara de Goiás,GO,6306
Santa Cruz de Goiás,GO,3004
Santa Fé de Goiás,GO,5047
Santa Helena de Goiás,GO,39601
Santa Isabel,GO,3543
Santa Rita do Araguaia,GO,5765
Santa Rita do Novo Destino,GO,2611
Santa Rosa de Goiás,GO,2828
Santa Tereza de Goiás,GO,3172
Santa Terezinha de Goiás,GO,10837
Santo Antônio da Barra,GO,4279
Santo Antônio de Goiás,GO,8066
Santo Antônio do Descoberto,GO,75221
São Domingos,GO,9457
São Francisco de Goiás,GO,6507
São João d'Aliança,GO,15026
São João da Paraúna,GO,1812
São Luís de Montes Belos,GO,35288
São Luiz do Norte,GO,4939
São Miguel do Araguaia,GO,22040
São Miguel do Passa Quatro,GO,4671
São Patrício,GO,2200
São Simão,GO,17181
Senador Canedo,GO,175042
Serranópolis,GO,8237
Silvânia,GO,23150
Simolândia,GO,5634
Sítio d'Abadia,GO,2978
Taquaral de Goiás,GO,4180
Teresina de Goiás,GO,2660
Terezópolis de Goiás,GO,8340
Três Ranchos,GO,2976
Trindade,GO,153560
Trombas,GO,3080
Turvânia,GO,4449
Turvelândia,GO,5171
Uirapuru,GO,2798
Uruaçu,GO,44533
Uruana,GO,13857
Urutaí,GO,3700
Valparaíso de Goiás,GO,218416
Varjão,GO,3770
Vianópolis,GO,15644
Vicentinópolis,GO,9175
Vila Boa,GO,4145
Vila Propício,GO,6028
Brasília,DF,2996899
